-1.205190
-2.700506
-2.279930
-2.495069
-2.937566
-2.895521
-0.893141
-2.826523
-4.296565
-3.800162
-4.639877
-5.399455
-5.304583
-2.735364
-2.316345
-3.681692
-3.502368
-4.028358
-4.712230
-4.974086
-2.891329
-2.169006
-3.822083
-3.707446
-3.521655
-3.518420
-4.461513
-2.878871
-1.990282
-3.619642
-3.599756
-3.610059
-3.737872
-4.148626
-2.365698
-2.010885
-3.286032
-3.443791
-4.068967
-4.360531
-4.272487
-2.273101
-0.577619
-1.610313
-1.366664
-1.787001
-1.915414
-2.108632
-0.630445
-1.898702
-2.866598
-2.938627
-2.095927
-2.165424
-2.446324
-3.572203
-2.487339
-3.165601
-4.047923
-3.557265
-3.601192
-3.815379
-4.577063
-2.820014
-4.298948
-5.695473
-5.792566
-5.970297
-6.034604
-6.071061
-2.031494
-3.433209
-4.962652
-5.336974
-5.818137
-5.872190
-5.959030
-2.058583
-3.132434
-4.253123
-5.079999
-5.862317
-5.650028
-5.679396
-2.249479
-3.373712
-4.457057
-4.795048
-5.334949
-5.424067
-5.542174
-3.579798
-4.493515
-5.355583
-4.877078
-4.806188
-5.411535
-5.832315
-0.030841
0.241342
0.861976
1.185810
1.192498
0.863184
0.198796
-0.014677
-0.452215
0.242457
-0.063076
-0.035858
-0.125223
0.480919
0.131354
-0.671634
-0.038087
-1.010980
-0.822310
-1.299885
0.349008
0.136742
-0.794813
0.121507
-0.547340
-0.266145
-1.118553
-0.036043
0.174272
-0.695229
0.309992
-0.067349
-0.177430
-0.577623
-0.297265
0.166097
-0.663459
-0.152813
-0.145567
-0.164704
-0.104600
-0.186348
-0.305626
-0.878790
-0.657606
-0.494575
-0.271905
-0.417751
-0.801966
-0.043881
-1.820400
-1.613679
-1.628695
-1.534373
-1.038125
-1.577088
-1.662079
-2.592908
-2.592179
-2.526722
-2.543487
-2.393039
-2.539114
-1.297475
-2.779511
-3.014223
-2.689854
-3.003143
-2.911737
-3.061602
-1.413081
-2.754874
-2.775138
-2.002484
-2.311254
-2.288220
-2.892639
-1.507257
-2.799484
-2.943518
-2.734318
-2.776012
-2.792632
-2.956347
-1.639483
-2.714929
-3.020054
-3.020054
-3.020054
-3.020054
-3.020054
-2.703704
-2.916110
-3.020054
-3.020054
-3.020054
-3.020054
-3.020054
-1.793128
-2.452905
-1.427214
-1.226348
-1.162988
-1.520839
-0.519549
-2.789078
-3.247989
-2.118094
-1.915973
-1.821404
-2.140192
-1.262584
-1.757522
-2.157367
-1.397995
-1.164874
-1.036060
-1.655832
-0.779480
-1.684527
-2.328699
-1.954512
-1.739299
-1.665467
-2.407873
-1.331704
-1.589959
-2.296025
-2.352159
-2.802902
-2.935067
-3.067755
-1.430670
-1.890000
-2.457828
-2.230466
-3.227044
-3.652548
-3.437859
-1.739299
-0.891956
-1.384904
-0.700621
-1.134503
-1.563673
-1.819624
-0.752984
-0.156590
-0.301488
-0.249754
-0.257646
-0.255235
-0.319098
-0.191956
0.052464
-0.231048
-0.435499
-0.339119
-0.261811
-0.182091
0.042089
-0.427827
-0.629939
-0.818753
-1.083048
-0.960801
-0.770965
-0.518507
-0.220015
-0.409194
-0.446898
-0.527860
-0.589750
-0.824525
-0.463631
-0.201747
-0.141026
0.158197
0.519091
0.275475
-0.206277
-0.401960
-0.165943
-0.140879
-0.013956
-0.255673
-0.405029
-0.022213
-0.198678
0.015345
-0.097987
0.020314
-0.153448
-0.105075
0.285632
0.392241
-1.821119
-2.526420
-1.814393
-1.590438
-1.694304
-1.743567
-1.079615
-2.147754
-2.432248
-1.791840
-2.313741
-2.760070
-2.357663
-1.496662
-1.625654
-1.845256
-2.327987
-3.031111
-3.281181
-3.133592
-1.869788
-1.683819
-2.277735
-3.196900
-2.852461
-2.659765
-3.601089
-2.557481
-1.756624
-2.354299
-3.318771
-3.482977
-3.284940
-3.628589
-2.386943
-2.025884
-2.125794
-2.456583
-3.459435
-3.920205
-3.295822
-2.073366
-1.875922
-2.202160
-1.849411
-2.271998
-2.546402
-2.473201
-2.260919
-0.972477
-1.619448
-1.527250
-1.185809
-1.208482
-1.278086
-1.478654
-1.707444
-1.779744
-1.824931
-1.698248
-1.653378
-1.789336
-1.928386
-1.804161
-1.937661
-1.710932
-1.294338
-1.501010
-1.854421
-1.985227
-1.855056
-1.876777
-1.471043
-1.123260
-1.260249
-1.216409
-1.957480
-1.705541
-1.909280
-1.959066
-1.894694
-1.827626
-1.801148
-2.034536
-1.654726
-1.940039
-2.159871
-2.182624
-2.163597
-2.152182
-2.164549
-2.002429
-2.068070
-2.165976
-2.182624
-2.182624
-2.182624
-2.182624
-0.067020
-0.211519
-0.155153
-0.106341
-0.064114
-0.190987
-0.067795
-0.084453
-0.412579
-0.321056
-0.186823
-0.025665
-0.359505
-0.050168
0.008038
-0.185273
-0.096850
-0.400376
-0.058885
-0.440472
0.062468
0.076705
-0.142078
-0.264109
-0.985347
-0.487347
-0.956098
-0.014721
0.078642
-0.407252
-0.158252
-0.300330
0.419843
-0.667874
0.199607
0.278345
-0.031573
0.386139
0.485507
0.934985
-0.064211
0.467396
0.264496
0.275537
0.528217
0.423426
0.570250
0.294519
0.462941
1.687426
0.201857
0.181154
0.511194
0.310659
0.359444
0.082042
-0.708756
-0.315174
-2.342993
-1.256622
-0.871739
-1.402646
-2.588018
0.789587
-0.624402
-1.695465
-0.669883
-0.492804
-0.652483
-1.248693
0.426729
-0.107150
-1.085820
-0.194479
-0.040195
0.149988
-1.129980
0.531457
0.146574
-1.262899
-0.829892
-0.580242
-0.205161
-1.695135
0.475845
0.551389
-0.798177
-0.103186
0.500512
-0.437852
-1.313446
-1.274352
-1.018865
-1.683682
-0.620327
-0.722192
-1.263119
-2.281874
-1.797299
-1.820169
-1.671826
-1.626086
-1.519388
-1.612025
-1.629022
-1.370689
-2.086868
-2.504045
-2.203887
-1.844018
-2.239394
-1.901327
-1.104791
-1.910226
-2.419240
-1.494383
-1.024791
-2.140883
-2.748764
-1.004590
-1.669601
-1.723439
-0.979051
-0.357110
-1.341856
-2.614658
-1.067594
-1.845353
-2.018435
-1.822483
-1.298964
-1.651002
-2.425113
-1.182211
-1.868846
-2.348583
-2.332743
-2.088647
-2.510097
-2.663602
-1.345238
-1.649489
-1.926599
-1.672893
-1.557475
-2.297325
-2.413277
0.538795
-0.699503
-0.214358
0.050303
-0.089255
-0.210031
-0.714855
-0.959591
-0.981394
-1.039700
-0.859476
-1.280925
-1.388471
-1.519128
-0.543205
-1.000176
-0.591139
-0.857761
-1.584538
-1.362830
-1.626838
-0.366982
-0.125675
0.674923
-0.596202
-1.365607
-0.731432
-1.196406
-0.510785
-0.679578
0.058795
-0.827219
-1.221803
-0.325090
-0.957141
-0.583055
-1.061095
-0.813174
-0.260170
-0.032093
-0.606982
-1.236175
-0.527853
-1.432486
-1.108621
-0.191004
-0.082150
-1.157454
-2.005824
-1.141066
-2.252733
-2.296146
-2.255322
-2.658983
-2.744438
-2.780843
-2.409780
-3.541706
-3.515963
-3.487326
-3.648486
-3.648029
-3.749630
-1.848158
-3.758769
-4.288860
-4.288860
-4.288860
-4.288860
-4.288860
-1.354321
-3.541554
-4.288860
-4.288860
-4.288860
-4.288860
-4.288860
-1.306643
-3.534852
-4.288860
-4.288860
-4.288860
-4.288860
-4.288860
-1.436728
-3.460974
-4.288860
-4.288860
-4.288860
-4.288860
-4.288860
-2.407343
-3.519010
-4.288860
-4.288860
-4.288860
-4.288860
-4.288860
-5.022127
-1.215625
-2.821069
-2.776759
-2.891856
-2.711443
-4.015688
-2.188804
1.440020
-0.817820
-0.205576
-0.004376
0.201966
-1.596691
-2.878289
-0.222097
-1.958830
-1.237069
-1.179521
-1.641439
-2.625996
-2.396131
-0.063566
-1.518355
-1.477546
-0.585439
-1.592534
-1.969442
-2.543174
0.139276
-1.405994
-1.564306
-0.820665
-2.083445
-1.706099
-2.886604
-0.023304
-1.247025
-0.625154
-0.002954
-1.316171
-1.920209
-3.789653
-1.134883
-2.292631
-2.704660
-2.727635
-2.510680
-2.208497
-0.118279
-0.118279
-0.118279
-0.118279
-0.118279
-0.071803
-0.119951
-0.118279
-0.091363
-0.126471
-0.165674
-0.118279
-0.105573
-0.127307
-0.118279
0.020730
-0.031095
-0.193593
-0.273421
-0.363948
-0.246923
-0.118279
0.182058
0.172612
-0.092283
-0.061856
-0.557458
-0.593652
-0.118279
0.323826
-0.021733
-0.483063
0.161578
-0.504212
-0.775794
-0.118279
0.269158
0.003009
-0.462166
-0.088688
-0.598751
-0.716027
-0.118279
0.122709
0.250601
0.071302
-0.199026
-0.582786
-0.443860
-1.589472
-1.277459
-0.888519
-1.086127
-1.280687
-1.243748
-0.984633
-1.368553
-0.814999
-1.063892
-2.237167
-2.809012
-2.048346
-1.299336
-1.268673
-1.202146
-1.841413
-2.522462
-2.878048
-3.023834
-2.730291
-1.444942
-1.886781
-2.479605
-1.964604
-1.475247
-2.921803
-3.862324
-1.391864
-1.704414
-2.465439
-2.463467
-1.892339
-2.741050
-3.109369
-1.389892
-1.326772
-2.081161
-2.819950
-2.410747
-2.252588
-1.856655
-0.477165
-0.360250
-0.591390
-1.231733
-1.121274
-0.975130
-0.543153
-0.297570
0.006504
-0.231788
0.131268
0.496246
0.598393
0.655009
-0.438447
0.010643
-0.170441
-0.068738
0.271849
0.819390
1.097152
-0.371630
-0.019217
-0.378134
-0.294909
-0.177093
0.417604
1.080595
-0.220849
0.065782
-0.457516
-0.116338
-0.427064
-0.452194
0.626627
-0.294318
0.000739
-0.279092
-0.034886
-0.063269
-0.680731
-0.245240
-0.416717
0.226910
0.079382
0.073321
0.440073
0.220406
0.200745
-0.412430
-0.309987
-0.324770
-0.466090
-0.437708
-0.366308
-0.555376
-12.442697
-10.012370
-10.536022
-10.408161
-10.698580
-11.102403
-6.753515
-10.381175
-2.994781
-3.407277
-2.441572
-2.913502
-3.262389
-0.617139
-10.151475
-2.656173
-2.508393
-1.366959
-2.096218
-2.708859
-0.002570
-9.535942
-2.060558
-2.721067
-1.646455
-1.914063
-2.209943
0.543571
-10.092363
-2.361899
-4.230022
-4.269216
-4.279818
-4.311622
0.137500
-11.115895
-3.419485
-4.328328
-4.336038
-4.587584
-4.814072
-1.250663
-6.589030
-0.500522
-0.740824
-0.425990
0.513052
0.299413
-1.694965
0.891607
1.055587
1.006946
0.815153
0.932997
0.964106
0.959361
0.911907
0.982956
1.012219
1.236439
0.871966
0.545193
0.819108
0.971356
0.971356
1.057828
2.207268
1.158272
-0.106244
0.495498
0.971356
0.971356
1.017755
2.195141
1.613566
-0.314646
0.207347
0.971356
0.971356
0.971356
1.365751
1.710847
0.289074
0.358277
0.971356
0.971356
0.971356
1.045173
1.223389
0.776136
0.734086
0.971356
0.971356
0.971356
1.144299
0.913357
0.875394
0.971356
-0.141963
2.427302
0.166175
0.408818
0.201535
0.989559
0.070198
2.878447
0.726884
0.477099
0.249088
0.201535
0.437036
1.225060
0.201535
0.201535
0.201535
0.201535
0.201535
0.201535
0.201535
0.201535
0.201535
0.201535
0.201535
0.201535
0.201535
0.201535
0.201535
0.201535
0.201535
0.201535
0.201535
0.201535
0.201535
0.201535
0.201535
0.201535
0.201535
0.201535
0.201535
0.201535
0.201535
0.201535
0.201535
0.201535
0.201535
0.201535
0.201535
-0.811934
-1.257084
-1.285731
-1.478612
-1.445347
-1.188388
-1.006114
0.651164
0.238630
0.155647
0.137463
0.137896
0.176501
0.065593
-0.281493
-0.303429
0.049285
0.437861
0.498259
-0.176068
-0.683275
-0.358847
-0.509948
-0.242166
0.037306
0.195190
-0.416069
-0.912308
-0.749228
-1.254630
-0.970540
-0.914689
-0.818573
-1.047822
-1.395557
-0.874063
-1.198924
-0.752619
-0.943336
-0.794183
-0.710046
-1.181028
0.251474
-0.008443
0.076056
0.029874
0.170368
0.122382
-0.362094
1.672823
1.672823
1.672823
1.672823
1.672823
1.672823
1.672823
1.692426
1.788004
1.826318
1.712028
1.672823
1.675437
1.684347
1.616569
1.967398
2.148099
1.673833
1.709415
1.817942
2.092202
1.184716
1.684525
1.874671
1.216912
1.473172
1.216852
2.004109
1.272572
1.619599
1.934311
1.224515
1.586987
1.511249
2.064045
1.800300
2.179701
2.255439
1.851207
1.705791
1.859049
1.969537
1.672823
1.672823
1.672823
1.672823
1.672823
1.672823
1.672823
-2.022496
-1.252399
-1.073572
-1.088237
-1.099032
-1.274600
-0.925907
-1.046280
-0.459695
-0.499819
-1.050353
-1.445279
-0.963384
-0.306328
-0.802073
-0.445642
-0.921427
-1.229180
-1.525324
-1.194759
-0.386168
-1.016543
-0.806147
-1.775030
-1.288653
-1.027949
-1.228569
-0.660722
-0.864601
-0.502263
-1.231217
-1.490699
-1.473794
-1.259120
-0.880692
-0.971531
-0.556441
-0.942201
-1.743053
-2.100706
-1.375826
-0.970716
-0.980696
-0.409387
-0.257242
-0.519576
-0.715307
-0.660926
-0.517132
-3.359016
-4.305350
-4.777390
-4.887189
-4.712026
-4.953197
-10.289244
-1.649885
-1.927120
-2.299020
-1.946762
-1.629600
-2.455508
-12.329382
-2.005042
-2.416547
-2.336049
-1.417729
-0.954383
-2.507671
-11.790691
-2.441663
-2.337981
-2.253298
-1.250615
-0.508747
-2.762688
-11.005352
-2.729523
-2.105181
-2.100029
-2.135126
-1.970911
-3.737357
-10.595135
-2.534396
-2.138991
-1.699794
-2.356657
-2.958459
-3.744441
-11.439398
-2.571425
-2.484166
-2.051731
-2.448747
-2.506061
-2.629384
-10.971222
1.123105
0.934768
1.044382
1.044382
1.044382
0.916362
1.141628
0.899891
0.882951
1.044382
1.044382
1.044382
0.827733
0.865893
1.044382
1.014634
0.988696
0.993649
0.927236
0.997049
0.967535
1.044382
1.018796
1.030666
1.038608
0.834210
1.016129
0.865834
1.044382
1.005226
0.919528
0.820787
0.696958
0.917535
0.860676
1.011996
0.986644
1.003555
0.965073
0.910969
0.708447
0.844410
1.074482
1.002471
0.982482
0.836760
0.877675
0.822340
1.102267
-1.191355
-2.379094
-3.195460
-2.472102
-2.932211
-2.830001
-3.449177
-2.934019
-3.382461
-4.587948
-4.146571
-4.367424
-4.331601
-4.748986
-3.982082
-4.924156
-6.261596
-6.181734
-6.144268
-6.182720
-6.261596
-3.367672
-4.492146
-6.261596
-6.129478
-6.010179
-6.122577
-6.261596
-3.469718
-4.569050
-6.261596
-6.178776
-6.134408
-6.177790
-6.261596
-3.455257
-4.544895
-6.261596
-6.261596
-6.261596
-6.261596
-6.261596
-4.032859
-4.957350
-6.261596
-6.261596
-6.261596
-6.261596
-6.261596
0.139621
0.139621
0.139621
0.139621
0.139621
0.139621
0.139621
0.139621
0.139621
0.137147
0.137147
0.139621
0.139621
0.139621
0.139621
0.123955
-0.027759
-0.051671
0.097570
0.067887
0.139621
0.139621
-0.377362
-2.935891
-3.645815
-1.699914
-2.160005
-0.219051
0.139621
-0.142370
-2.559904
-3.542748
-1.359382
-4.061380
-0.454044
0.139621
0.139621
-0.489498
-1.355259
-0.437553
-1.332172
0.139621
0.139621
0.139621
0.139621
-0.062390
-0.062390
0.139621
0.139621
-0.593019
-0.911147
-1.673648
-1.119528
-1.390598
-1.149744
-2.712949
-1.572931
-2.693153
-4.179953
-4.147827
-4.847119
-4.392328
-4.737893
-2.017824
-3.727939
-5.154308
-4.915364
-5.717284
-5.861241
-6.331141
-1.830629
-3.558630
-4.663397
-3.819106
-4.024709
-4.645684
-6.390529
-1.751097
-3.477708
-5.299480
-5.696794
-5.808451
-4.985693
-6.006066
-1.247683
-2.806894
-5.372587
-6.442971
-7.084438
-6.274704
-6.375422
-3.148118
-4.007170
-5.711380
-6.072921
-6.732795
-7.173174
-7.708539
0.306476
0.300249
0.289662
0.303362
0.306476
0.306476
0.306476
0.289573
0.237797
0.433781
0.285303
0.306476
0.306476
0.306476
0.236818
0.648270
0.226143
0.303362
0.306476
0.306476
0.306476
0.235840
0.344374
0.261817
0.306476
0.306476
0.306476
0.306476
0.191270
0.736877
0.149902
0.294911
0.306476
0.302028
0.294466
0.211820
0.534309
0.738211
0.227833
0.304697
0.285214
0.402556
0.285125
0.223563
0.225876
0.294911
0.299893
0.339926
0.286637
0.021704
-0.615588
-0.606566
-0.694557
-0.878689
-0.815234
-0.077531
-0.404000
-1.103656
-0.915036
-1.390378
-1.613340
-1.652782
-0.481400
-0.230764
-0.829572
-0.809656
-1.151421
-1.425374
-1.599177
-0.550913
-0.210063
-1.065522
-1.176829
-1.145755
-1.189860
-1.462592
-0.526028
-0.333136
-1.251659
-1.001327
-0.603080
-0.483667
-0.835456
-0.368568
-0.721621
-1.406808
-0.885836
-0.434507
-0.359983
-0.835369
-0.343814
-0.122507
-0.643741
-0.183609
0.093526
0.034516
-0.361464
0.125602
-0.682034
-0.873550
-0.620776
-0.736801
-0.852713
-0.841326
-0.577053
-1.084536
-1.091368
-0.810812
-0.686360
-0.641157
-1.218323
-1.234264
-0.951089
-0.977050
-0.516592
-0.477879
-0.414913
-0.778702
-1.070303
-0.883797
-0.567374
0.490973
-0.173753
-0.347507
-0.392483
-0.731564
-0.950292
-1.001530
-0.173753
-0.444631
-0.540161
-0.669737
-1.042179
-1.061877
-1.190314
-0.922624
-0.542781
-0.381210
-0.862505
-1.068254
-0.771074
-0.884708
-0.755475
-0.549612
-0.438938
-0.724960
-0.820148
-0.156525
-2.265160
-2.893223
-2.282669
-2.550739
-2.595116
-2.495646
-1.222163
-2.415798
-3.360685
-2.853223
-2.956769
-3.085370
-2.955561
-3.542568
-3.903466
-4.159461
-4.159461
-4.159461
-4.159461
-4.159461
-3.217443
-3.736526
-4.159461
-4.159461
-4.159461
-4.159461
-4.159461
-3.365666
-3.796902
-4.159461
-4.159461
-4.159461
-4.159461
-4.159461
-3.626792
-3.907390
-4.159461
-4.159461
-4.159461
-4.159461
-4.159461
-3.794185
-3.999766
-4.159461
-4.159461
-4.159461
-4.159461
-4.159461
-0.704216
-0.852322
-1.179351
-1.029538
-1.141708
-0.979095
-1.689759
-0.766417
-1.078180
-2.018968
-1.778319
-1.780974
-1.765424
-2.470304
-1.462953
-2.322387
-3.409006
-2.930268
-2.417490
-2.844173
-3.359037
-1.252551
-2.211829
-3.377337
-2.533073
-1.973266
-2.399569
-3.312955
-1.252361
-2.192106
-3.393076
-2.725555
-2.423653
-2.782351
-3.420479
-1.463143
-2.451150
-3.583472
-3.365010
-3.120189
-3.393266
-3.617606
-2.367046
-2.982418
-3.617606
-3.481068
-3.400662
-3.500790
-3.617606
0.836658
0.836658
0.836658
0.836658
0.836658
0.836658
0.836658
0.836658
0.836658
0.836658
0.836658
0.836658
0.836658
0.836658
0.836658
0.836658
0.836658
0.836658
0.836658
0.836658
0.836658
0.836658
0.836658
0.836658
0.836658
0.836658
0.836658
0.836658
0.836658
0.836658
0.836658
0.836658
0.836658
0.836658
0.836658
0.836658
0.836658
0.836658
0.836658
0.836658
0.836658
0.836658
0.836658
0.836658
0.836658
0.836658
0.836658
0.836658
0.836658
-1.782255
0.056595
-1.088225
-0.701036
-0.691950
-0.805250
-0.423862
-1.434584
-0.642032
-1.610390
-1.048707
-0.790252
-0.235467
0.815321
-1.571091
-1.233928
-1.518217
-0.903443
-0.892386
0.122605
1.014334
-1.401305
-0.521726
-0.906398
-0.790909
-0.988062
-0.446850
0.101477
-0.989485
-0.329172
-1.033053
-0.346358
-0.941538
-0.944822
-0.316364
-1.223857
-0.890854
-1.253413
-0.238203
-0.722163
-0.945917
0.150738
-1.936058
-0.554239
-0.970766
-0.716909
-0.719098
-0.444223
0.399998
-0.751006
-1.585557
-0.823035
-0.566545
-0.388117
-0.472395
0.397988
-1.440403
-1.684278
-1.306947
-1.140585
-1.061060
-0.875869
-0.053017
-0.832907
-1.039854
-0.953931
-1.024498
-1.148629
-1.079342
0.088848
-0.775137
-0.997258
-1.300914
-1.473675
-1.570385
-1.339854
-0.053200
-0.705851
-1.003108
-1.283364
-1.719378
-1.963803
-1.180622
-0.016454
-0.874041
-1.121206
-1.140037
-1.666728
-1.874041
-1.219195
-0.300000
0.535466
-0.136929
0.381718
0.369104
0.226874
0.232724
0.850457
-1.337435
-1.978294
-1.405440
-1.106244
-1.199239
-1.199922
-1.971603
0.015431
-1.474128
-0.873142
-1.105835
-1.548141
-1.863314
-1.825761
-0.297966
-1.944292
-1.707230
-3.119224
-3.576006
-3.549787
-3.504177
-0.394511
-2.404624
-2.327196
-3.639505
-3.913028
-3.628034
-3.957135
-0.212618
-2.436988
-2.167971
-3.383325
-3.349595
-2.850617
-3.130285
0.276391
-1.398748
-1.736453
-2.745469
-2.242258
-2.152677
-1.995774
0.241569
-0.947839
-1.554696
-1.308485
-0.500343
-1.426606
-1.935689
0.137493
0.118613
0.125048
0.195403
0.185159
0.134699
0.116412
0.121407
0.116497
0.118529
0.166448
0.277103
0.124286
0.137832
0.116412
0.116412
0.116327
0.120899
0.172544
0.394531
0.125386
0.116412
0.166702
0.099649
0.180671
0.141388
0.262795
0.773230
0.124032
0.213436
0.833002
0.254413
0.201922
0.561571
0.750963
0.128265
0.252212
0.615841
0.497651
0.800999
0.802608
0.265589
0.115989
0.140202
0.185751
0.215383
0.618634
0.276172
0.118444
-0.286212
0.044197
-0.190503
-0.173892
-0.100128
-0.200562
0.503843
-0.258322
-0.077116
-0.736105
-1.683135
-2.225688
-1.970414
-0.777253
0.010973
-0.269143
-2.257388
-2.276134
-2.081515
-2.281315
-2.318197
-0.180597
-0.924779
-3.002637
-0.987264
0.463914
-1.614858
-2.665827
0.026213
-1.185083
-3.037080
-2.103919
-1.237052
-2.261960
-3.337161
-0.088089
-0.169319
-1.933228
-2.475171
-0.703033
-2.207857
-1.151402
-0.250550
-0.453702
-0.229671
-1.159327
-1.311120
-1.721388
0.936209
0.174839
0.103252
0.128943
0.216112
0.227583
0.273247
0.344857
0.102157
0.034367
0.083815
0.179428
0.192809
0.283227
0.347419
0.141916
0.140204
0.166454
0.096474
0.001200
0.177320
0.306729
0.234396
0.252273
0.194265
0.002760
-0.138364
0.065869
0.246042
0.164637
0.179439
0.228270
0.051440
-0.093784
0.061607
0.277311
0.115084
0.076665
0.204641
0.187696
0.164172
0.127534
0.247451
0.184214
0.137386
0.229528
0.257758
0.264978
0.186124
0.269229
-0.040362
-0.004909
-0.273081
-0.283171
-0.196902
-0.399258
-0.208447
0.132177
0.208720
0.022999
0.128450
0.352532
0.036726
0.573979
-0.056725
0.006000
-0.245355
-0.180721
-0.161176
-0.245991
0.637976
-0.118359
0.103451
0.130813
-0.629977
-0.885876
-0.486073
0.694793
-0.044544
0.014181
-0.052725
-0.055634
0.072997
-0.118087
0.205811
-0.160449
-0.128177
-0.461165
-0.098178
0.017908
-0.331533
0.133995
0.119541
0.612250
0.397349
0.280990
0.255990
0.160176
0.493800
-0.330623
-0.890397
-1.038997
-0.740234
-0.866472
-0.490644
-0.799627
-0.764400
-1.024450
-1.332831
-0.310905
-0.258847
-0.586585
-1.026494
-1.076388
-0.924422
-1.077229
-0.644294
-0.692024
-0.942936
-1.361565
-0.681684
-0.539817
-0.900376
-0.494852
-0.891840
-1.413142
-2.182111
-0.903382
-0.889916
-1.135179
-1.122916
-1.247831
-1.421197
-2.051304
-0.759230
-0.848799
-1.042243
-1.633878
-2.101920
-1.429493
-1.388255
0.116019
-1.520144
-1.863390
-1.701085
-2.181029
-2.303540
-2.427253
-0.667822
-0.290360
-0.256847
0.018101
0.171821
-0.032119
-0.556189
-0.581265
-0.344833
-0.307236
-0.168725
-0.102684
-0.020278
-0.593446
-0.762136
-0.565308
-0.707324
-0.492497
-0.597665
-0.598855
-0.750806
-0.773432
-0.597835
-0.617058
-0.864106
-0.907010
-0.812254
-0.708583
-0.811233
-0.625564
-0.413595
-0.359599
-0.349800
-0.508318
-0.624646
-0.434554
-0.415126
-0.371610
-0.132659
-0.394576
-0.217957
-0.449082
-0.939027
-0.559728
-0.671871
-0.514918
-0.624441
-0.495184
-0.864718
-2.232605
-2.774422
-2.396382
-2.829361
-2.929291
-2.967749
-1.213856
-2.797140
-2.899149
-2.924093
-3.672008
-3.879143
-3.867858
-2.223844
-2.219983
-2.665286
-2.788231
-3.341482
-3.610831
-3.787527
-2.220131
-2.377970
-2.881182
-2.897219
-3.034863
-3.075251
-3.639192
-2.370100
-2.230525
-2.649547
-2.722007
-2.885042
-3.075696
-3.627314
-2.228001
-2.517841
-2.763731
-2.908206
-3.570147
-3.880923
-4.070389
-2.553181
-1.179259
-1.857683
-1.601696
-2.044920
-2.265270
-2.590747
-0.933370
0.539409
-0.612128
-0.779146
-1.149257
-1.258946
-0.731752
-0.163435
-0.743234
-1.243393
-1.622380
-0.916930
0.104478
-0.852435
-1.506827
-0.574751
-1.624985
-1.387935
-0.000977
0.994291
0.064006
-1.442251
-0.309199
-1.171651
-0.411153
-0.453416
-0.282326
0.321088
-0.302440
-0.394215
-1.222139
-1.124013
-1.503732
-1.332398
-0.528741
-1.002434
-0.496412
-1.128410
-1.516517
-1.374336
-0.467748
-1.062531
-1.476534
-0.421413
-1.110088
-1.391681
-1.206178
-1.040626
-1.319125
-1.238507
0.529408
-0.144759
-0.116027
-0.221056
-1.293619
0.842983
-0.527070
-0.131424
0.490640
0.307802
1.718547
1.500240
0.988292
0.395372
-1.987993
-1.381464
-0.833497
1.755527
2.579677
-0.132111
-1.545606
-1.630014
-1.148722
-0.854256
0.788269
0.940176
-0.300240
-1.581212
-1.972184
-1.270386
-1.291282
-1.047267
-1.759101
-1.207286
-1.524298
-2.364394
-1.318089
-0.947462
-1.088784
-1.389850
-0.733829
-1.629877
-0.993515
-1.545056
-1.275335
0.049353
0.791293
-0.507412
-1.874029
0.107678
0.226045
0.043540
-0.040586
0.099682
0.036240
-0.046148
0.442704
0.382912
-0.278450
-0.095163
-0.010603
0.011646
-0.141658
0.696819
0.073697
-0.379175
-0.137574
0.116368
0.013036
-0.159474
1.139088
0.114978
-0.446006
-0.064919
-0.015730
0.187111
-0.098813
0.776339
-0.089340
-0.207968
-0.111154
0.178681
0.123234
-0.140615
0.649803
-0.126971
-0.395252
-0.072220
-0.050841
-0.139659
-0.218745
0.234735
0.270193
0.015209
-0.053622
0.183374
0.097075
-0.082822
-3.953789
-2.032562
-3.484863
-3.014839
-2.815020
-2.557522
-3.381937
-2.860450
-0.111244
-1.956785
-1.220214
-1.120853
-1.126246
-2.641618
-3.710825
-1.472227
-2.614013
-2.213917
-2.326715
-1.629450
-2.790523
-3.124987
-0.591688
-2.011539
-2.023056
-2.814655
-1.723601
-2.832571
-3.265756
-0.895622
-2.297830
-1.792706
-2.619680
-1.520583
-2.741711
-2.939702
-0.312252
-1.858520
-1.476889
-1.814461
-2.104227
-3.036960
-3.299395
-1.752395
-2.963011
-2.944729
-2.674982
-2.899482
-2.847105
-0.778712
-2.034071
-2.475154
-2.292761
-2.488370
-2.363171
-2.517447
-2.148217
-2.447158
-3.653495
-3.494893
-3.425324
-3.470262
-3.684735
-0.595358
-2.496541
-3.530458
-3.472785
-3.573112
-3.223828
-3.589093
-1.091591
-2.231724
-3.192227
-3.386395
-3.260114
-2.579206
-3.282583
-1.116462
-2.180058
-3.319109
-3.510993
-3.146689
-3.029540
-3.129147
-1.877993
-2.383597
-3.508470
-2.810741
-2.494618
-3.596542
-3.476510
-3.215777
-2.837535
-3.124942
-2.333854
-2.231964
-3.082287
-3.591376
0.490149
0.468510
0.408221
0.369020
0.353312
0.390360
0.452276
0.490149
0.476181
0.413464
0.332452
0.330460
0.396932
0.453398
0.490149
0.433820
0.415960
0.438858
0.490149
0.411289
0.386285
0.490149
0.271224
0.282375
0.275734
0.422555
0.240518
0.329865
0.490149
0.197081
0.230580
0.028279
0.183617
0.174710
0.177778
0.475311
0.296663
0.086508
-0.178946
-0.002656
-0.067251
0.318988
0.483463
0.437850
0.279352
-0.018662
-0.043368
0.052917
0.476410
-0.513358
-0.513358
-0.513358
-0.513358
-0.513358
-0.513358
-0.513358
-0.513358
-0.513358
-0.513358
-0.513358
-0.513358
-0.513358
-0.513358
-0.513358
-0.513358
-0.513358
-0.513358
-0.513358
-0.513358
-0.513358
-0.513358
-0.513358
-0.513358
-0.513358
-0.513358
-0.513358
-0.513358
-0.513358
-0.513358
-0.513358
-0.513358
-0.513358
-0.513358
-0.513358
-0.513358
-0.513358
-0.513358
-0.513358
-0.513358
-0.513358
-0.513358
-0.513358
-0.513358
-0.513358
-0.513358
-0.513358
-0.513358
-0.513358
-1.508037
-2.807426
-3.339378
-3.361931
-3.336732
-3.182136
-3.108303
-2.867274
-2.961896
-3.333708
-3.310777
-3.331063
-3.282932
-3.282932
-3.371507
-3.371507
-3.310651
-3.146605
-3.304477
-3.371507
-3.371507
-3.371507
-3.325771
-3.233164
-3.295406
-3.322999
-3.371507
-3.371507
-3.333078
-3.268947
-3.018090
-3.266175
-3.288350
-3.217793
-3.343788
-3.064835
-3.212753
-3.221825
-3.137156
-3.072016
-2.709528
-3.179994
-2.717592
-3.154921
-3.258489
-2.832121
-2.643506
-3.063575
-3.232912
1.388018
1.420921
1.372272
1.471830
1.505722
1.495413
1.544839
1.780600
1.892796
1.677724
1.520126
1.484610
1.636629
2.030553
1.652658
1.534883
1.206837
1.396420
1.139900
1.168496
1.329907
1.580708
1.270525
1.127756
2.110623
2.077649
1.770785
1.431089
1.606621
1.792674
1.639030
1.275115
0.973971
1.579649
1.947376
1.636135
1.703425
1.412307
1.235927
1.256616
1.335838
2.006264
1.212485
1.418379
1.268125
1.442810
1.486728
1.315009
1.239034
-0.076707
-0.522004
0.026369
0.035713
0.039937
-0.180807
0.236009
-0.505139
-0.684410
-0.124197
-0.425488
-0.524724
-0.548853
-0.066563
0.172166
0.270250
0.579286
0.155206
-0.088452
0.193543
0.641400
0.149637
0.267018
0.395087
-0.313068
-0.756700
-0.196071
0.500115
0.120772
0.220424
0.457777
-0.144742
-0.697786
-0.032097
0.454097
-0.192519
-0.196583
0.240201
-0.235145
-0.405199
-0.319724
0.145093
0.194247
-0.008096
0.497522
0.198471
0.180199
0.008064
0.587478
-0.449125
-0.615406
-0.535964
-0.420908
-0.399952
-0.506515
-0.272433
-0.654443
-0.715394
-0.654032
-0.712655
-0.925095
-1.057134
-0.710463
-0.756759
-0.829216
-1.081926
-1.053025
-1.059463
-1.476126
-1.103567
-0.733748
-0.965913
-1.474209
-1.273958
-1.080145
-1.515300
-1.260261
-0.711148
-0.725530
-1.394218
-1.279026
-1.202460
-1.453526
-0.834284
-0.784701
-0.674577
-0.981938
-1.705688
-1.565704
-1.261083
-0.357491
-0.446248
-0.513090
-0.412143
-0.750459
-0.746897
-0.405294
-0.424196
-1.071431
-1.316521
-0.859573
-0.763151
-0.909822
-0.832332
-1.341845
-1.569360
-1.622644
-1.796716
-1.761326
-1.750861
-1.811255
-1.914628
-1.038758
-1.698616
-2.022154
-1.875803
-1.883632
-1.968151
-2.073281
-0.918769
-1.619050
-2.021355
-1.724180
-1.450171
-1.925652
-2.073281
-0.867163
-1.569201
-2.015843
-1.961281
-1.982371
-2.012887
-2.073281
-0.961668
-1.547951
-2.036374
-2.073281
-2.073281
-2.073281
-2.073281
-1.578308
-1.868294
-2.058183
-2.073281
-2.073281
-2.073281
-2.073281
1.321880
1.371437
1.674886
1.628664
1.554869
1.604003
1.659901
1.529644
1.434852
1.748681
1.798473
1.778040
1.784663
1.809324
1.677000
1.748728
1.837414
1.872879
1.860901
1.873584
1.874148
1.760754
1.829429
1.870765
1.866256
1.824966
1.867102
1.874148
1.730409
1.712136
1.863156
1.864565
1.829758
1.861324
1.852070
1.606540
1.532462
1.800023
1.870437
1.865692
1.847044
1.690622
1.668498
1.730878
1.788092
1.865504
1.874148
1.807398
1.524665
-1.338850
-1.201938
-1.156380
-1.347205
-1.370694
-1.446519
-1.263498
-0.934184
-0.997871
-1.107590
-1.553006
-1.805785
-1.378024
-0.955860
-0.901710
-0.915346
-1.031055
-1.364940
-1.475447
-1.184992
-0.626074
-0.947426
-1.000630
-1.281705
-1.172302
-1.168124
-1.260896
-0.718451
-0.944115
-1.039962
-1.531410
-1.156538
-1.090171
-1.564514
-0.936706
-1.134625
-1.219909
-1.508394
-1.510443
-1.605343
-1.762985
-1.245999
-1.251122
-1.189879
-1.197682
-1.248994
-1.206747
-1.254670
-1.285646
-0.068338
-0.048551
0.005588
0.133378
0.177898
0.131362
0.016214
-0.028764
0.093254
0.133011
0.158844
-0.042139
-0.016489
0.095636
-0.054047
-0.121469
-0.339032
-0.251732
-0.398850
-0.416988
-0.000275
-0.063941
-0.095086
-0.170386
-0.150050
-0.183577
-0.171669
-0.029863
-0.068338
-0.028764
-0.037741
-0.041406
-0.078231
-0.064673
-0.068338
-0.068338
-0.054047
-0.168920
-0.055696
-0.068338
-0.068338
-0.068338
-0.068338
-0.063941
-0.109011
-0.057345
-0.068338
-0.068338
-0.068338
-0.844922
-1.190132
-1.540334
-1.770970
-1.790508
-1.098600
-1.553819
-1.054639
-1.296106
-1.674553
-1.826930
-1.758652
-1.701630
-1.653209
-0.863186
-1.245455
-1.842114
-1.849016
-1.866006
-1.839460
-1.864095
-0.803297
-1.432980
-1.803887
-1.866856
-1.770439
-1.868130
-1.878748
-0.806482
-1.408451
-1.763537
-1.862608
-1.859210
-1.863882
-1.878748
-1.236536
-1.298442
-1.813550
-1.878748
-1.811851
-1.850078
-1.817585
-1.737096
-1.718939
-1.820346
-1.878748
-1.851990
-1.635052
-1.854857
-0.098623
0.438101
-2.974312
-3.033321
-3.625527
-2.139253
-2.050622
0.730560
-1.915912
-2.943985
-3.382438
-3.625527
-3.039199
-1.886995
-2.778595
-3.026856
-3.625527
-3.625527
-3.625527
-3.625527
-3.625527
-2.349781
-3.078107
-3.625527
-3.625527
-3.625527
-3.625527
-3.625527
-2.643415
-3.120072
-3.625527
-3.625527
-3.625527
-3.625527
-3.625527
-2.630485
-3.141348
-3.625527
-3.625527
-3.625527
-3.625527
-3.625527
-2.967142
-3.196831
-3.625527
-3.625527
-3.625527
-3.625527
-3.625527
-1.197863
-1.343617
-1.172237
-0.702650
-0.307378
-0.831590
-1.049861
-1.375627
-1.078050
-0.479613
-0.053185
-0.315516
0.425708
-0.646677
-1.363039
-0.957382
-0.205279
0.071888
0.508386
0.316820
-0.130828
-1.319205
-0.413390
-0.314437
0.426338
0.526235
0.367308
-0.290879
-1.429712
-0.385875
-0.276537
0.085330
0.615791
-0.524571
0.196872
-1.432859
-1.098011
-0.099987
-0.377108
-0.150699
-0.561347
-0.738257
-1.437085
-1.391812
-1.248486
-0.953291
-0.676889
-1.072745
-1.170034
-0.809802
0.181332
-2.522998
-1.561035
-1.838102
-1.183616
-2.332993
-0.138421
-1.748337
-3.509288
-3.084678
-3.293604
-2.860321
-3.310161
-3.124098
-3.913964
-6.135680
-6.156854
-6.186588
-6.186588
-6.186588
-1.753067
-3.181313
-6.129147
-6.137031
-6.186588
-6.186588
-6.186588
-1.730429
-3.194942
-6.136580
-6.160233
-6.186588
-6.186588
-6.186588
-1.185644
-2.879919
-6.186588
-6.186588
-6.186588
-6.186588
-6.186588
-2.524913
-3.514357
-6.186588
-6.186588
-6.186588
-6.186588
-6.186588
-1.280180
-2.253033
-2.016626
-2.344334
-2.494819
-2.267869
-0.936821
-2.657531
-3.151702
-2.915459
-3.698207
-4.035861
-3.532560
-2.064886
-2.339280
-2.764975
-2.652804
-3.557016
-4.011569
-3.590765
-2.055756
-2.314824
-2.864264
-2.519927
-3.034151
-3.234036
-3.076541
-2.083961
-2.157981
-2.641228
-2.159775
-2.470201
-2.921491
-2.630141
-1.861577
-2.117710
-2.563458
-2.172328
-2.797908
-3.289144
-2.732530
-1.927118
-0.941386
-1.495881
-0.739707
-0.669274
-0.980841
-1.007905
-0.586614
0.949467
1.346481
1.090068
1.053793
1.137446
1.137446
1.137446
0.914531
1.403622
1.112465
1.023739
1.183100
1.105860
1.137446
0.850117
1.354617
1.183388
0.893666
1.305899
0.973969
1.137446
0.736219
1.535705
0.947074
1.000386
1.298721
0.913096
1.137446
0.877778
1.542022
0.948222
1.154004
1.205784
1.085187
1.137446
1.027759
1.331837
1.031971
1.137446
1.137446
1.137446
1.137446
1.119356
1.177645
1.120026
1.137446
1.137446
1.137446
1.137446
0.804252
-1.374323
-1.799660
-1.713607
-2.041395
-1.718205
-1.419977
-1.062629
-2.767259
-2.704197
-2.811927
-2.875098
-2.680111
-2.629750
-1.342136
-2.321559
-2.513590
-2.567235
-2.616940
-2.427318
-2.972208
-1.252799
-2.124601
-1.199810
-1.319144
-1.702440
-1.440888
-2.706168
-1.395782
-2.325281
-1.746233
-2.313676
-2.609386
-1.993004
-2.920752
-1.477346
-2.642231
-2.919986
-3.178143
-3.183179
-2.951516
-3.230913
-2.175620
-2.983156
-3.249963
-3.249963
-3.249963
-3.249963
-3.249963
-0.266337
-0.260534
-0.152956
-0.183469
-0.144807
-0.033969
0.063634
-0.835979
-0.736551
-0.189077
-0.175972
-0.390997
-0.166387
0.536390
-1.310300
-0.847258
0.029274
0.013952
-0.375610
-0.443352
0.884226
-1.558968
-0.843412
0.095516
-0.000000
-0.181057
-0.629168
0.863949
-1.422899
-0.771432
-0.029079
0.002021
0.078173
-0.607001
0.732965
-0.912718
-0.695215
-0.182361
0.113185
0.073805
-0.258057
0.554842
-0.439375
-0.429660
-0.246451
-0.043618
-0.063438
0.026014
0.339099
-0.010633
-0.771326
-0.606679
-0.508172
-0.432806
-0.632869
-0.186538
-0.685093
-1.432575
-1.289896
-1.551800
-1.379021
-1.594173
-1.103202
-0.369480
-1.060593
-1.426164
-1.780242
-1.632091
-2.044960
-1.517713
-0.203347
-1.166215
-1.750768
-1.909787
-1.506533
-2.294903
-1.752410
-0.207881
-1.182242
-1.778600
-2.064662
-1.800569
-2.202963
-1.487379
-0.505592
-1.206790
-1.459703
-1.976084
-2.001336
-2.092728
-1.199598
0.118912
-0.501448
-0.266204
-0.499963
-0.567979
-0.713551
-0.254164
0.321245
-0.355005
0.052346
-0.065223
-0.506891
-0.766184
-1.055269
0.773771
0.144717
0.127802
-0.080746
-0.329528
-0.739176
-1.475985
1.216970
0.204719
-0.237784
-0.386886
-0.356884
-0.257761
-1.799387
1.443130
0.323750
-0.399137
-0.624321
-0.410622
0.157177
-1.604344
1.281219
0.291591
-0.170820
-0.413476
-0.577892
-0.073298
-1.381943
0.853891
0.009606
0.045037
-0.190241
-0.433176
-0.298413
-1.232980
0.390714
-0.275442
0.038006
-0.070792
-0.104065
-0.238758
-0.869762
0.376783
0.376783
0.376783
0.376783
0.376783
0.376783
0.376783
0.376783
0.376783
0.376783
0.376783
0.376783
0.376783
0.376783
0.376783
0.376783
0.376783
0.376783
0.376783
0.376783
0.376783
0.376783
0.376783
0.376783
0.376783
0.376783
0.376783
0.376783
0.376783
0.376783
0.376783
0.376783
0.376783
0.376783
0.376783
0.376783
0.376783
0.376783
0.376783
0.376783
0.376783
0.376783
0.376783
0.376783
0.376783
0.376783
0.376783
0.376783
0.376783
0.061327
-0.351123
-0.107215
0.190665
0.057984
0.146479
0.138821
-0.429711
0.021334
-0.330154
-0.219596
-0.042545
-0.294598
-0.481739
-0.206954
-0.165867
-0.926037
-1.527694
-1.450200
-1.068930
-1.418290
-0.214248
-0.127697
-0.862036
-1.577411
-1.647125
-1.005293
-1.575831
-0.273812
-0.076157
-0.763269
-1.313567
-1.478705
-0.817302
-1.437497
-0.271441
0.085396
-0.157054
-0.507752
-0.669000
-0.945547
-1.323231
-0.660491
-1.017145
-0.733062
-0.407891
-0.741753
-1.362191
-1.330342
-0.396105
-0.584650
-0.522963
-0.627758
-0.657804
-0.681318
-0.092313
-0.616002
-0.413377
-0.412506
-0.784662
-0.991786
-0.816594
-0.334853
-0.505545
-0.304517
-0.388267
-1.027637
-1.092227
-0.887861
-0.237460
-0.503948
-0.423973
-0.519044
-0.667964
-0.655191
-0.845623
-0.410329
-0.480145
-0.470129
-0.333692
-0.239056
-0.322370
-0.645031
-0.143405
-0.444148
-0.481451
-0.334998
-0.758245
-1.236358
-0.627033
-0.098409
-0.295518
0.016982
0.098554
-0.092168
-0.437181
0.118875
-0.143260
-0.256216
-1.545510
-1.520299
-1.231224
-1.482766
-1.621709
-1.236323
-0.475890
-2.090518
-1.949025
-1.724960
-1.905118
-2.121394
-1.565197
-1.816881
-2.387807
-2.504797
-2.504797
-2.504797
-2.504797
-2.504797
-2.044628
-2.457349
-2.504797
-2.504797
-2.504797
-2.504797
-2.504797
-2.131308
-2.441203
-2.504797
-2.504797
-2.504797
-2.504797
-2.504797
-2.255379
-2.545587
-2.556777
-2.561167
-2.555643
-2.536098
-2.514711
-1.123866
-2.001996
-2.305376
-2.200709
-2.281440
-2.317557
-2.467264
1.361513
1.232582
1.353866
1.405705
1.397169
1.326657
1.319366
1.286644
1.304428
1.322923
1.312964
1.190079
1.101161
1.275796
1.144197
1.380275
1.137884
1.205017
1.566647
1.469548
1.425979
1.157446
1.844872
1.722431
1.753108
2.153417
1.669614
1.032427
1.154779
1.452298
0.792704
0.914344
1.457189
1.070218
1.077953
1.256945
1.563446
1.453365
1.117344
1.206885
1.176030
1.479685
1.363914
1.329058
1.362758
1.327280
1.428646
1.393790
1.428646
0.592913
0.415521
0.212882
0.007384
-0.103196
-0.061632
0.193053
0.488646
0.310063
0.368062
0.781142
1.046426
1.027073
0.803056
0.565462
0.916017
1.269550
1.482431
1.633503
1.706330
1.167485
0.710579
0.956271
1.022369
0.879455
0.784358
0.778939
0.554445
0.565938
0.632810
0.235748
0.519134
0.545335
0.279813
0.427907
0.847716
1.134675
0.990511
0.622746
0.553790
0.711412
0.931380
0.974731
1.271515
1.204226
0.801686
0.760241
1.208514
1.036719
0.543169
0.076547
0.302355
0.178845
0.254056
0.303212
0.618303
-0.134481
-0.798258
-0.600522
-0.897681
-0.693943
-0.531491
0.090116
0.191481
-0.412068
-0.289971
-0.623978
-0.481149
-0.104921
0.460922
-0.040455
-0.736869
-0.680928
-1.011859
-1.048531
-0.469144
0.122021
-0.032687
-0.629880
-0.511541
-0.730135
-0.804413
-0.474239
0.070620
0.053066
-0.529625
-0.343793
-0.728824
-0.709151
-0.525262
0.131151
0.374589
-0.083559
0.150597
-0.043078
0.059523
0.009231
0.267524
0.174318
0.586260
0.577280
0.303289
0.073614
0.098054
-0.339654
0.637054
1.268808
0.988339
0.212302
-0.142222
-0.090692
-0.500721
0.600100
0.883955
0.526633
-0.132358
-0.183593
-0.313889
-0.607608
0.296664
0.490268
-0.153706
-0.598039
0.122346
-0.219664
-0.517800
-0.138394
-0.067430
-0.405465
-0.524572
0.022673
-0.011484
-0.201555
0.040635
0.090692
0.194929
0.253968
0.066841
0.273254
-0.143105
-0.139425
-0.262654
-0.305497
-0.216866
-0.309620
-0.312270
-0.289008
-0.896363
-0.144916
-1.332822
-1.183701
-1.279604
-1.032980
-1.266765
0.216034
-0.767078
-1.300705
-1.302082
-1.470704
-1.253740
-1.092077
-1.227578
-1.269742
-1.957292
-1.957292
-1.957292
-1.957292
-1.957292
-0.777051
-1.143658
-1.957292
-1.957292
-1.957292
-1.957292
-1.957292
-0.844709
-1.183515
-1.957292
-1.957292
-1.957292
-1.957292
-1.957292
-0.731128
-1.101381
-1.957292
-1.957292
-1.957292
-1.957292
-1.957292
-1.126315
-1.259694
-1.957292
-1.957292
-1.957292
-1.957292
-1.957292
-0.021791
-0.203958
-0.250882
-0.280386
-0.222085
-0.083885
0.028154
-0.395061
-0.215079
-0.139808
-0.163655
-0.011185
0.055409
0.181782
-0.354436
-0.239248
-0.324546
-0.513785
-0.418844
-0.558073
-0.069807
-0.359000
-0.277108
-0.640736
-0.973511
-1.038368
-1.268746
-0.362085
-0.390497
-0.386897
-0.724493
-1.353337
-1.502144
-1.191803
-0.228384
-0.516356
-0.574014
-0.595034
-1.331547
-1.531648
-0.818147
-0.492251
-0.034711
-0.284565
-0.331039
-0.491223
-0.611682
-0.474639
-0.312269
-0.422632
-1.138347
-0.828098
-0.829868
-0.864202
-0.707219
0.152617
-1.208196
-1.990573
-1.597379
-1.844917
-1.917480
-1.721030
-0.474842
-0.702146
-1.280168
-1.031922
-1.369249
-1.547470
-1.384116
-0.384286
-0.460035
-1.307659
-1.195748
-1.413199
-1.471545
-1.602570
-0.581621
-0.561327
-1.481279
-1.416032
-1.645813
-1.780378
-1.700087
-0.587225
-0.889452
-1.649824
-1.628822
-2.278935
-2.434384
-2.183070
-0.666277
-0.253733
-0.804677
-0.671528
-1.379986
-1.626345
-1.338749
-0.096927
-0.696115
-1.874166
-1.700933
-2.185392
-2.394303
-2.307907
-0.588202
-1.695553
-2.504743
-2.347867
-3.517573
-4.009607
-3.637782
-1.564586
-1.437900
-2.396719
-2.477517
-3.385947
-3.679828
-3.510218
-1.658228
-1.449646
-2.875250
-3.097006
-3.305587
-3.108643
-3.474211
-1.860114
-1.196054
-2.376739
-2.907744
-3.867113
-4.062961
-3.606385
-1.423189
-1.540544
-2.188136
-2.598275
-4.615813
-5.022987
-3.819468
-1.301773
-0.669110
-1.049498
-0.790856
-2.060682
-2.314494
-1.697859
-0.312983
1.107677
0.467803
0.264916
0.261303
0.097108
0.295949
1.006884
0.652554
-0.103756
-0.507615
-0.310977
-0.563177
-0.599268
0.238688
0.425463
-0.530808
-0.622208
-0.151587
-0.319178
-0.939905
-0.335616
0.702951
-0.081538
-0.314771
0.279475
0.300609
-0.395839
0.009609
0.737343
-0.072398
-0.432146
0.071495
0.082332
-0.226369
0.154874
0.743449
-0.019219
-0.541862
-0.245372
-0.309388
-0.339301
0.326693
1.301496
0.741462
0.379401
0.538214
0.376511
0.453316
0.900708
-1.210344
-1.790153
-1.023852
-1.500867
-1.762404
-1.724656
-0.469151
-1.633658
-2.431415
-2.111852
-3.212828
-3.531605
-3.189123
-1.071317
-0.899149
-2.015573
-2.352382
-3.300793
-3.486331
-3.412015
-1.489632
-0.794950
-2.353786
-2.762158
-3.068803
-3.143792
-3.892007
-2.338788
-0.747878
-2.204929
-2.489329
-3.173845
-3.525764
-3.674002
-1.951143
-1.107548
-1.995126
-2.084889
-3.375952
-3.958402
-3.540312
-1.553725
-0.268335
-0.866626
-0.645307
-1.775324
-2.074329
-1.920529
-0.231093
1.937409
1.832770
1.807013
1.578513
1.742892
1.869444
1.834000
1.801016
1.842150
1.918342
2.023289
2.293153
1.878362
1.783794
1.719211
1.985693
1.768956
1.626104
1.624797
1.589354
1.977774
1.666238
1.888972
1.926876
1.858218
1.744199
1.889510
2.264091
1.612342
1.796788
2.045278
1.603347
1.420746
2.048353
1.944636
1.772031
2.001762
1.864369
1.416979
1.575438
1.863062
1.693763
1.776490
1.764804
1.879669
2.072341
2.161681
1.856681
1.767264
-1.526313
-2.132272
-1.507145
-1.719177
-1.929528
-2.318022
-1.182873
-2.478184
-3.243612
-2.939495
-3.654435
-3.947683
-4.028208
-2.154898
-1.548445
-2.336895
-2.180588
-2.807197
-2.975460
-2.998480
-1.418617
-1.291457
-2.065779
-1.594388
-1.562672
-1.513765
-2.154504
-1.151651
-1.329595
-2.092159
-1.806123
-2.115575
-2.190171
-2.550408
-1.300843
-2.141956
-2.929121
-3.043535
-4.134421
-4.318097
-4.206943
-2.569378
-1.306376
-2.199064
-2.103126
-2.974768
-3.048969
-3.207746
-1.697934
0.357541
0.249742
0.255611
0.078165
0.029849
-0.045310
0.249670
0.175585
-0.465698
-0.408935
-0.828607
-0.798472
-0.838700
-0.329267
0.217531
-0.336926
-0.510292
-1.189298
-1.044277
-0.885656
-0.076519
0.076232
-1.579623
-1.343481
-1.927715
-1.938237
-1.009847
-0.828321
-0.005870
-1.472396
-1.115356
-1.953340
-2.411665
-1.813760
-1.532952
-0.142301
-1.703312
-0.649300
-1.597374
-2.140306
-1.445553
-2.149111
-0.002935
-0.739562
-0.262125
-0.465412
-0.674711
-0.861462
-0.921876
-1.280368
-1.012583
-0.717555
-0.742388
-0.713478
-1.013509
-0.551324
-0.588943
-0.734789
-0.984785
-1.131928
-0.996459
-1.315394
-0.299476
-0.549100
-1.147494
-1.665461
-1.078371
-0.702730
-1.692703
-1.217916
-0.692166
-1.576879
-2.090953
-1.086710
-0.551695
-1.707158
-1.843182
-0.643427
-1.486629
-2.381533
-2.085393
-1.718092
-2.383757
-1.933061
-0.722744
-1.047422
-1.917124
-3.361499
-3.711381
-2.951204
-1.388224
-0.208113
-0.211449
-0.335983
-1.079298
-1.267766
-0.936417
-0.211820
-0.095320
-0.095320
-0.095320
-0.095320
-0.086482
-0.086230
-0.187989
-0.090901
-0.082821
-0.104031
-0.088124
-0.048607
-0.157183
-0.157436
-0.056434
-0.034845
-0.043431
-0.050627
-0.270683
-0.379134
-0.451728
-0.045577
-0.133574
-0.194175
-0.495664
-0.572804
-0.414358
-0.290000
-0.172838
-0.241898
-0.366256
-0.302625
0.369538
0.260962
0.462586
-0.210840
-0.237606
-0.133069
0.357671
0.109586
-0.001641
0.952821
-0.237606
-0.394158
0.038759
0.314114
-0.077266
0.273461
0.852577
-0.169616
-0.582083
0.143295
0.342155
0.296508
0.431413
-1.095252
-1.124368
-1.833218
-2.229665
-3.185180
-3.506991
-3.000943
-2.878754
-0.390725
-2.162403
-3.683727
-4.670775
-5.081081
-4.576813
-4.531676
0.252388
-1.798760
-2.888671
-3.032476
-2.881424
-3.077105
-3.674064
0.471972
-0.814383
-1.827241
-3.447232
-3.145383
-2.435262
-3.090074
0.367712
-0.557797
-1.767228
-3.654864
-3.598156
-2.653702
-2.817723
-1.691448
-2.367874
-2.289805
-2.067424
-2.101627
-2.691338
-4.457549
-2.737881
1.126126
-0.523148
-0.369876
0.288450
0.432409
0.580359
-3.517281
-0.961545
-1.458216
-1.087276
0.192522
0.443053
-0.552685
-2.747327
-1.148478
-1.464070
-1.422426
-0.272218
0.452632
-0.712477
-2.629180
-0.916707
-1.517556
-2.056271
-0.829427
0.221394
-0.850582
-2.587003
-0.872136
-1.486423
-2.146478
-0.769954
0.385177
-0.511440
-2.688120
-0.819714
-1.256115
-1.368275
-0.603510
0.563994
-0.131718
-2.600840
-0.912317
-1.663511
-1.193981
-0.461015
0.450903
-0.027940
-0.849333
-0.741797
-2.272357
-1.243796
-1.741482
-1.728703
-2.896827
-1.617517
-3.777193
-4.264755
-3.867968
-4.181448
-4.151245
-4.592506
-3.453922
-5.003400
-6.691445
-6.505747
-6.294493
-6.675182
-6.782386
-2.395989
-4.464061
-6.260307
-6.007896
-5.946163
-6.285863
-6.782386
-2.533396
-4.351215
-6.170694
-6.089046
-6.267775
-6.573621
-6.782386
-2.624171
-4.523804
-6.453805
-6.625895
-6.755170
-6.776080
-6.782386
-3.914766
-5.107616
-6.782386
-6.754673
-6.740069
-6.753179
-6.782386
0.865432
0.791695
0.739239
0.653274
0.622099
0.634793
0.782454
0.843311
0.823056
0.902954
1.052015
0.935062
0.886060
0.927035
0.841071
0.866832
0.899314
0.985558
0.857031
0.903140
1.236451
0.862632
0.904541
0.940942
0.834257
0.823616
0.798508
1.363391
0.864872
0.859552
0.852364
0.846764
0.865712
0.791321
1.084590
0.871312
0.803269
0.865245
0.860858
0.930209
0.591951
0.894833
1.013280
0.857871
0.865432
0.864685
0.859085
0.834444
1.453649
-1.061726
-0.440176
-2.043544
-1.094683
-1.382942
-1.109807
-1.897835
-0.408009
-2.529317
-2.773107
-2.500875
-2.741730
-2.711370
-2.663063
-2.066569
-2.855950
-4.105937
-3.857294
-4.164739
-4.299049
-4.308643
-1.319173
-2.658210
-3.930769
-3.915306
-3.955148
-4.168915
-4.270268
-1.482038
-2.840375
-4.201646
-4.015306
-4.089006
-4.188215
-4.210224
-1.193328
-2.732250
-4.308643
-4.308643
-4.272977
-4.213836
-4.274783
-2.159231
-2.839810
-4.308643
-4.308643
-4.308643
-4.308643
-4.308643
-0.143802
-1.765161
-1.753223
-1.576369
-1.757501
-2.212714
-0.601498
-1.146551
-3.004520
-2.624867
-2.377630
-2.474924
-2.975539
-1.652548
-0.618472
-1.755018
-1.324232
-1.461065
-1.574022
-1.965959
-0.818718
-0.145597
-0.994193
-0.822927
-0.939404
-1.271032
-1.735973
-0.614539
-0.447345
-1.575196
-1.464792
-1.796488
-2.226237
-2.448427
-1.095834
-1.453337
-3.105679
-3.097674
-3.238440
-3.262038
-3.978632
-2.468369
-0.538705
-2.165860
-1.856245
-1.732177
-1.689258
-2.587399
-1.095006
-0.148174
-0.538323
-0.426777
-0.396617
-0.428700
-0.473983
-0.410692
-0.537623
-0.904606
-0.847609
-1.104882
-1.283128
-1.028740
-0.918506
-0.518304
-0.912649
-0.721814
-0.788864
-1.085387
-1.136440
-1.261536
-0.526696
-1.059162
-0.978999
-0.783881
-1.019911
-1.086524
-1.437859
-0.509912
-0.915446
-0.884762
-0.900760
-1.113361
-0.881091
-0.985905
-0.515157
-0.877594
-1.230327
-1.406475
-1.433837
-1.258126
-0.984594
-0.431323
-0.736500
-0.828202
-0.909152
-0.918855
-0.924800
-0.900672
-1.501385
-1.472138
-1.359812
-1.064452
-1.069273
-0.790947
-2.575800
-1.956638
-2.365288
-2.893818
-2.857983
-2.754816
-2.930135
-3.014019
-1.722021
-2.973523
-3.864745
-3.858638
-3.875029
-3.844497
-3.849318
-1.741305
-2.901210
-3.875029
-3.875029
-3.875029
-3.875029
-3.875029
-1.701130
-2.730069
-3.604899
-3.694728
-3.875029
-3.796288
-3.828427
-1.986527
-2.455760
-3.074119
-3.698263
-3.831320
-3.742616
-3.444042
-3.405796
-3.319502
-3.435204
-3.677534
-3.617273
-3.705013
-3.814608
0.955228
0.962073
1.238176
0.900799
0.910530
1.078188
0.846288
0.759449
1.184819
1.489456
0.904840
1.067385
1.660413
1.513949
0.993905
1.478158
0.889748
0.501076
0.596492
0.796724
0.681269
0.916550
1.298955
0.585358
1.530278
1.894127
1.242547
0.716730
0.950610
1.462984
0.681764
0.873255
1.400556
1.104825
1.010482
0.879770
1.395360
1.040170
0.211283
0.512044
1.004544
1.181768
0.859812
1.419441
1.593119
1.367568
1.534649
1.506362
0.955888
1.857499
1.857499
1.857499
1.857499
1.857499
1.857499
1.857499
1.857499
1.857499
1.857499
1.857499
1.857499
1.857499
1.857499
1.857499
1.857499
1.857499
1.857499
1.857499
1.857499
1.857499
1.857499
1.857499
1.857499
1.857499
1.857499
1.857499
1.857499
1.857499
1.857499
1.857499
1.857499
1.857499
1.857499
1.857499
1.857499
1.857499
1.857499
1.857499
1.857499
1.857499
1.857499
1.857499
1.857499
1.857499
1.857499
1.857499
1.857499
1.857499
-0.871284
-0.511001
-0.459377
-0.341195
-0.400039
-0.556988
-0.524254
-0.376699
-0.754189
-0.929732
-0.340997
-0.151312
-0.938138
-0.679225
-0.232903
-0.760914
-0.631359
0.649556
0.589130
-0.273846
-0.935765
-0.350492
-0.943676
-0.584086
0.696631
0.994608
0.525243
-0.858328
-0.324976
-0.992334
-1.006773
-0.302625
0.077140
0.130247
-1.192501
-0.387083
-0.790781
-1.448447
-1.046430
-1.015970
-1.166492
-1.510950
-0.800078
-0.755079
-1.236412
-1.628242
-1.475941
-1.639220
-1.301882
1.632340
1.642458
1.638411
1.638411
1.638411
1.638411
1.638411
1.789174
1.686979
1.638411
1.638411
1.638411
1.638411
1.638411
1.638411
1.638411
1.638411
1.638411
1.638411
1.638411
1.638411
1.638411
1.638411
1.638411
1.638411
1.628609
1.604894
1.628925
1.638411
1.638411
1.638411
1.638411
1.561891
1.368378
1.563788
1.638411
1.638411
1.638411
1.638411
1.666553
1.670347
1.663707
1.638411
1.638411
1.638411
1.638411
1.742124
2.015319
1.759831
-0.406780
-0.554893
-0.314926
-0.281137
-0.246036
-0.465336
0.119901
-0.155003
-0.337069
-0.196009
-0.275232
-0.378403
-0.709568
-0.140733
0.025259
-0.245544
-0.714488
-1.248057
-1.192453
-1.347456
-0.262274
0.159759
-0.143193
-1.125696
-1.743245
-1.532639
-1.930069
-0.518316
0.059377
-0.536686
-1.415690
-1.485564
-1.233623
-1.878893
-0.400383
-0.435483
-0.757955
-0.703826
-0.337233
-0.202734
-0.939364
-0.232094
0.070366
-0.085293
0.316073
0.658883
0.752213
0.144341
0.336412
-1.904164
-1.630699
-2.138486
-2.093256
-2.167151
-2.012349
-2.752147
-2.565367
-3.165465
-3.800161
-3.721797
-3.724109
-3.748843
-4.016607
-2.574614
-3.539718
-4.312264
-3.822122
-3.633570
-4.070622
-4.725891
-2.607362
-3.750538
-4.474771
-3.706463
-3.318881
-3.467133
-4.547357
-2.657293
-3.544727
-4.424609
-4.465910
-3.917284
-3.695445
-4.389549
-1.755219
-2.370034
-3.340841
-4.170638
-4.201537
-3.918825
-3.973919
-1.960106
-1.654355
-2.690966
-3.281663
-3.642354
-3.286518
-3.636267
-2.091636
-1.948319
-1.667554
-1.823934
-2.047903
-2.229842
-1.500003
-2.119656
-2.936016
-2.643513
-3.123824
-3.680621
-3.823749
-2.474447
-2.051311
-3.052639
-2.827344
-4.105462
-4.743480
-4.507204
-3.181567
-2.050553
-3.149382
-3.131397
-4.646168
-5.012506
-4.890962
-3.617387
-1.786637
-3.062483
-3.231359
-4.886229
-4.870893
-4.559457
-3.115494
-1.801595
-2.788723
-3.365589
-4.212240
-3.446241
-3.534086
-2.329615
-0.897200
-1.352142
-1.234952
-1.173422
-0.877889
-1.592393
-1.101858
-0.364731
-1.793175
-1.747583
-1.281248
-1.460097
-1.395227
-1.987654
-1.682192
-2.717638
-2.790454
-2.643519
-3.131347
-3.246368
-3.492170
-1.580849
-2.757889
-2.307315
-2.330632
-3.199604
-3.905359
-4.390191
-1.184204
-2.262896
-1.446419
-1.157630
-1.653014
-2.499320
-3.927894
-1.431049
-2.535012
-2.278137
-2.312786
-2.351734
-2.243096
-3.179153
-1.668775
-3.047589
-3.537371
-3.702803
-3.786430
-3.269033
-3.087579
-2.515993
-3.510146
-3.943265
-3.986381
-4.079518
-4.025980
-4.022463
-2.871687
-0.237669
-0.533454
-0.715609
-0.889957
-0.647951
-1.033079
-4.370274
-1.570870
-1.955998
-1.994163
-2.416878
-2.647029
-1.563641
-4.529008
-1.452324
-1.353729
-1.229113
-1.696643
-2.326090
-1.421965
-4.254908
-1.166370
-0.813625
-0.053779
-0.132424
-0.873476
-0.809867
-4.103112
-0.957615
-0.691900
-0.004337
0.034118
-0.157578
0.222923
-4.372008
-1.317588
-1.518536
-1.808538
-1.966117
-1.301107
-0.414330
-8.129892
-8.058187
-8.400234
-8.517334
-8.268389
-8.134230
-6.352292
0.040624
-0.539569
-0.608194
-0.418714
-0.336306
-0.212113
-0.578597
-1.856357
-2.331944
-3.149351
-3.152978
-3.189249
-3.092478
-2.900240
-0.370256
-1.686463
-2.512429
-2.512429
-2.512429
-2.512429
-2.660416
-0.823935
-1.726942
-2.512429
-2.512429
-2.512429
-2.512429
-2.512429
-0.792307
-1.700826
-2.503579
-2.512429
-2.512429
-2.380112
-2.043806
-0.490386
-1.246712
-1.918453
-1.807173
-1.742756
-1.801950
-1.798613
-1.659622
-1.676742
-1.896690
-1.764664
-1.744642
-2.001441
-2.492263
2.112130
2.112130
2.112130
2.112130
2.112130
2.075311
2.556268
2.112130
2.063304
2.033288
2.041893
2.036290
1.968554
2.109829
2.020581
1.948443
2.022282
2.000971
1.939138
1.928932
2.056300
2.045395
2.235096
2.380074
2.257708
2.525952
2.221989
2.084616
2.003172
2.092420
2.141846
1.796261
1.944541
1.985763
2.076011
2.069007
2.014878
1.986763
1.880807
2.016479
1.958348
2.093421
2.100724
2.095922
2.274417
2.305434
2.363265
2.073710
2.305234
0.661261
-1.280612
-1.478246
-1.467712
-1.676911
-1.207559
-1.404620
-1.246032
-2.422332
-3.017867
-2.331759
-2.346759
-2.877829
-3.390463
-1.277636
-2.915271
-2.814164
-1.200460
-0.922101
-2.459202
-3.909051
-1.246605
-2.828363
-2.752103
-0.467291
0.438779
-1.223361
-3.611227
-1.326414
-2.971837
-3.141760
-1.629163
-0.520650
-1.616224
-3.694242
-1.688361
-3.223516
-3.607906
-2.008858
-1.098208
-2.453591
-3.799929
-2.669889
-3.649585
-3.616837
-2.606340
-2.217599
-2.934623
-4.037754
1.624179
1.434641
1.422751
1.545671
1.600397
1.450615
1.433066
1.165378
1.287510
1.643950
2.025819
2.145372
1.604552
1.383281
1.441375
1.468022
1.755122
1.971951
1.957983
1.701971
1.470314
1.350044
1.267668
1.117886
0.850484
0.791889
1.217525
1.364944
1.399828
1.278054
0.944967
0.691891
0.690745
0.937015
1.230061
1.399828
1.399828
1.399828
1.399828
1.399828
1.399828
1.399828
1.399828
1.399828
1.399828
1.399828
1.399828
1.399828
1.399828
0.000000
0.000000
0.000000
0.000000
0.000000
0.000000
0.000000
0.000000
0.000000
0.000000
0.000000
0.000000
0.000000
0.000000
0.000000
0.000000
0.000000
0.000000
0.000000
0.000000
0.000000
0.000000
0.000000
0.000000
0.000000
0.000000
0.000000
0.000000
0.000000
0.000000
0.000000
0.000000
0.000000
0.000000
0.000000
0.000000
0.000000
0.000000
0.000000
0.000000
0.000000
0.000000
0.000000
0.000000
0.000000
0.000000
0.000000
0.000000
0.000000
-1.386639
-1.296875
-1.385784
-1.402882
-1.386639
-1.386639
-1.386639
-1.386639
-1.378090
-1.405446
-1.376380
-1.410682
-1.394119
-1.386639
-1.396256
-1.371678
-1.409507
-1.242161
-1.383540
-1.538917
-1.482921
-1.410255
-1.219720
-1.396470
-1.075991
-0.678572
-1.362381
-1.549923
-1.394974
-1.037414
-1.250069
-1.430238
-0.717256
-1.512629
-1.602392
-1.410148
-1.358320
-1.428956
-1.389417
-1.460480
-1.575998
-1.424254
-1.386639
-1.386639
-1.251993
-0.801891
-1.405446
-1.492218
-1.386639
-0.992804
-1.030091
-1.193505
-1.080131
-0.819663
-0.600697
-0.863003
-1.050734
-1.398205
-1.004369
-0.450901
-0.973458
-0.817610
-0.658087
-1.600527
-1.753025
-0.574867
-0.051769
-0.809504
-0.830147
-0.637768
-1.862832
-1.678775
-0.454792
-0.169142
-0.694725
-0.935091
-0.502671
-1.807929
-1.909738
-0.441823
-0.011780
-1.062515
-1.289803
-0.379354
-1.267106
-1.553729
-0.706614
-0.340229
-1.144222
-0.919852
-0.672461
-1.029119
-1.109204
-1.033874
-1.139898
-1.026525
-0.739902
-0.832308
1.511527
1.132798
-0.654975
-0.065322
-0.244579
0.360499
-0.072918
1.609218
-1.339048
-1.461629
-1.300719
-1.483248
-1.179423
-0.967681
-0.581707
-1.766038
-2.749611
-2.749611
-2.749611
-2.749611
-2.749611
0.291087
-1.558152
-2.749611
-2.749611
-2.749611
-2.749611
-2.749611
0.076774
-1.619852
-2.749611
-2.749611
-2.749611
-2.749611
-2.749611
0.029564
-1.684122
-2.734420
-2.636729
-2.718878
-2.747859
-2.749611
-0.787022
-1.709714
-2.641520
-2.579002
-2.615812
-2.728811
-2.749611
-1.532192
-1.700135
-1.779377
-1.618573
-1.760102
-1.598405
-2.315689
-2.327647
-2.662284
-3.651382
-3.553935
-3.658342
-3.580171
-4.020107
-2.431518
-3.813436
-5.501434
-5.475734
-5.561758
-5.540520
-5.637966
-1.603581
-3.446138
-5.573180
-5.493938
-5.179647
-5.415053
-5.512678
-1.136338
-2.843255
-5.118252
-5.207311
-5.259782
-4.829483
-5.211772
-1.128486
-1.860047
-3.516278
-4.292993
-4.889450
-4.517869
-4.562487
-2.059758
-2.886268
-3.400270
-3.841813
-4.111485
-4.651902
-5.095765
-0.777501
-1.217843
-1.720910
-0.972417
-0.929286
-1.050282
-1.902848
-0.352554
-1.292145
-2.107433
-1.479682
-1.753226
-2.165451
-3.074507
-0.805365
-1.865443
-2.608592
-2.999186
-3.929872
-3.927327
-4.448715
-0.488181
-1.060715
-1.330060
-2.639763
-3.636734
-2.390901
-3.178071
-0.385252
-0.691367
-1.022037
-2.322706
-3.238633
-1.350799
-1.994326
-0.253187
-0.545816
-1.301942
-1.624851
-2.034276
-1.580957
-2.490777
-1.891016
-2.038857
-2.632256
-1.848521
-1.722436
-2.536706
-3.960534
-1.205216
-0.250691
-0.552449
-0.199524
-0.197001
-0.454454
-1.487294
0.069435
0.837858
0.096785
0.024928
0.087803
0.799306
-0.145934
-0.842299
-0.131199
-0.240902
-0.244131
-0.387340
0.180147
-0.747734
-0.773268
-0.011101
-0.191954
-0.478372
-0.844014
0.248976
-0.659831
-0.656904
0.152292
-0.214864
-0.640454
-0.605635
0.220112
-0.489171
-0.940799
0.239590
-0.024019
0.048645
0.452133
0.161375
-0.531054
-0.695053
0.641867
0.444563
0.408433
0.766910
0.384515
-0.476556
-1.449585
-1.139944
-0.735052
-0.660475
-0.610400
-1.085274
-1.449432
-2.074992
-0.733521
-1.051125
-0.528013
-0.445472
-1.005644
-2.175755
-2.426898
-0.781759
-1.836866
-0.567062
0.038897
-1.298593
-2.937607
-2.300714
-0.635667
-2.418016
-0.558334
0.609634
-1.625385
-3.523351
-2.350483
-0.623569
-2.133643
-0.201527
1.313906
-1.507470
-3.491193
-2.281725
-1.282360
-2.170855
-0.559252
-0.240270
-1.832271
-2.802234
-1.769639
-1.592614
-0.886045
-0.476253
-0.667366
-1.774845
-1.473627
0.915466
0.915466
0.915466
0.829080
0.825063
0.823054
0.915466
0.915466
0.915466
0.915466
0.842139
1.079196
0.835107
0.915466
0.915466
0.845535
0.842282
0.774360
0.873278
0.851179
0.915466
0.915466
0.847879
1.039400
0.841613
0.915466
0.915466
0.915466
0.915466
0.854814
0.896907
0.855771
0.915466
0.915466
0.915466
0.915466
0.909152
0.911448
0.909343
0.915466
0.915466
0.915466
0.915466
0.915466
0.915466
0.915466
0.915466
0.915466
0.915466
-0.523345
-2.808082
-2.766825
-2.235580
-2.508401
-2.492424
-3.564920
-3.052286
-3.927452
-3.961861
-4.932708
-5.520132
-5.496080
-5.383019
-3.110395
-4.197989
-3.820184
-4.674108
-5.878274
-6.263277
-6.514328
-3.183955
-5.092818
-4.664979
-3.307725
-3.776119
-5.529261
-6.892484
-3.114433
-5.400751
-6.380726
-5.643023
-6.035927
-6.073321
-7.082088
-2.458717
-5.077721
-6.448843
-7.061723
-7.216392
-7.194096
-7.237283
-3.301229
-6.041369
-6.882477
-7.228330
-7.374747
-7.369480
-7.364389
-0.226753
-1.651295
-1.580801
-1.698492
-1.979690
-1.783999
-1.396758
-1.808935
-2.060452
-2.233623
-2.200058
-2.296005
-2.273054
-2.353384
-2.165976
-2.471765
-2.232587
-2.010062
-2.035688
-2.438460
-2.649682
-2.333712
-2.392730
-1.647671
-1.490807
-1.731366
-1.799703
-2.353039
-2.352866
-2.431557
-1.863380
-2.192465
-2.271846
-1.720494
-2.453818
-2.203251
-2.516029
-2.580828
-2.568058
-2.464690
-2.215417
-2.610854
-2.293590
-2.645972
-2.748822
-2.496874
-2.231293
-2.498427
-2.720003
1.486522
1.527043
1.485847
1.529069
1.529069
1.497159
1.527550
1.432073
1.493698
1.385642
1.365213
1.491250
1.532108
1.625813
1.495471
1.849268
1.919588
1.537089
1.462210
1.377792
1.528056
1.405143
1.362765
1.369603
1.572967
1.847326
1.539959
1.523666
1.461957
1.590272
1.396026
1.408182
1.408857
1.356518
1.472256
1.487451
1.625053
1.482048
1.415611
1.459593
1.693432
1.668191
1.461366
1.618131
1.801065
1.539706
1.481626
1.666755
1.480275
-0.596857
-0.949104
-1.378992
-1.185951
-1.345238
-1.135770
-1.352021
-1.115338
-2.698567
-2.291645
-2.358089
-2.489998
-2.471773
-2.143636
-1.670106
-2.027010
-2.484767
-2.484767
-2.484767
-2.484767
-2.484767
-1.496352
-2.128435
-2.484767
-2.484767
-2.484767
-2.484767
-2.484767
-1.410212
-2.057740
-2.484767
-2.484767
-2.484767
-2.484767
-2.484767
-1.225997
-1.954028
-2.484767
-2.484767
-2.484767
-2.484767
-2.484767
-1.641338
-2.237459
-2.484767
-2.484767
-2.484767
-2.484767
-2.484767
0.110952
-0.074479
-0.138307
-0.261513
-0.278656
-0.184117
0.191047
0.023926
0.019404
-0.130502
-0.569567
-0.638793
-0.483855
-0.123572
0.078491
0.004742
-0.301197
-0.966032
-0.973546
-0.748286
-0.150051
0.088995
-0.056096
-0.365389
-0.950130
-1.005715
-0.907894
-0.161650
0.093445
-0.035744
-0.326655
-1.008852
-1.246804
-0.978798
-0.072728
-0.022176
-0.095268
-0.328770
-1.205370
-1.455504
-0.734645
0.131377
0.111754
0.165297
0.245976
-0.165589
-0.314108
0.047342
0.386690
-1.116383
-0.595060
-0.795942
-0.598747
-0.670693
-0.817957
-1.172318
-0.718517
-0.259661
-0.423884
-0.226163
-0.510683
-0.280834
-0.145157
-0.744957
-0.159167
-0.122720
0.105550
0.163065
-0.108394
-0.414088
-0.464124
0.147791
-0.134307
-0.079320
0.103338
-0.359206
-0.279148
-0.590320
0.021279
0.093646
0.129040
0.430836
-0.567988
0.007584
-0.599906
-0.064573
0.243965
0.338770
0.729578
-0.194772
0.035499
-0.605594
0.129672
0.221317
-0.004530
-0.076055
0.074896
-0.393231
0.471421
-0.488456
-0.955551
-1.105346
-1.186192
-0.616147
0.210565
-0.948183
-3.053087
-3.538365
-3.848703
-3.911163
-3.513962
-1.750492
-1.385401
-3.465090
-4.111115
-4.165259
-4.118888
-4.242726
-2.960546
-1.047078
-3.191119
-3.874795
-3.494968
-3.233570
-4.061025
-3.033956
-0.983739
-3.082356
-3.501389
-3.454004
-3.426695
-3.542691
-2.558344
-1.164967
-3.020572
-3.487735
-3.638206
-3.732571
-3.617589
-2.219818
-0.396997
-1.913941
-2.088545
-2.179801
-2.277951
-2.261593
-1.113661
0.729152
0.486661
0.640675
0.620437
0.602975
0.511867
0.569732
0.464597
0.278802
0.557458
0.447135
0.371955
0.439829
0.414331
0.527283
0.378092
0.495502
0.358220
0.282674
0.259806
0.396358
0.508068
0.445966
0.258856
0.464524
0.371224
0.321397
0.461090
0.506169
0.446916
0.271569
0.439245
0.552855
0.291953
0.400011
0.497621
0.301670
0.420614
0.458533
0.371590
0.526114
0.589605
0.704603
0.399426
0.494187
0.500251
0.420322
0.511941
0.546572
-0.418846
-1.501096
-1.348021
-1.457102
-1.585227
-1.626448
-0.808644
-1.702383
-2.676155
-2.586600
-2.720149
-2.680374
-3.121880
-2.279366
-1.605476
-2.554539
-2.877803
-3.130196
-3.032687
-3.765034
-2.740398
-1.477231
-2.538147
-3.327143
-3.523610
-3.381383
-4.211361
-2.943614
-1.695995
-2.700864
-3.715858
-3.202394
-3.090059
-4.384444
-2.488126
-2.076753
-3.205287
-2.961693
-2.961452
-3.007978
-3.539881
-2.479930
-1.341874
-2.216087
-1.796879
-1.409613
-1.564254
-1.925245
-2.065302
-1.156375
-1.718867
-1.885155
-1.843583
-1.812828
-1.657994
-2.047836
-1.442570
-1.400645
-1.895406
-1.527906
-1.638057
-2.032848
-2.421276
-1.376960
-1.815091
-1.593374
-1.119257
-1.502383
-2.132252
-2.787857
-1.356669
-1.469154
-0.913025
-0.481257
-0.994259
-1.181898
-2.418660
-1.354053
-1.612746
-1.641521
-1.252033
-1.328884
-1.557458
-2.218012
-1.273667
-1.909334
-2.461433
-2.475644
-1.989296
-2.561545
-2.550304
-1.908062
-2.238091
-2.973658
-2.879909
-2.721611
-2.865698
-2.958528
0.362664
-0.047274
-0.052301
-0.298601
-0.366735
-0.258238
-0.044887
-0.027847
-0.501748
-0.704568
-1.027522
-1.270529
-1.173517
-0.754406
-0.069743
-0.826084
-1.290510
-1.455179
-1.606703
-1.623467
-1.114531
-0.318380
-1.103247
-1.502227
-1.449649
-1.710601
-1.896482
-1.423210
-0.266029
-1.117748
-1.270881
-1.238938
-1.537036
-1.398404
-1.334291
-0.148433
-0.813643
-0.694515
-0.787656
-1.101562
-0.998921
-0.724900
0.146372
-0.266180
-0.302873
-0.305412
-0.464451
-0.397900
-0.293323
0.140872
0.140872
0.140872
0.140872
0.140872
0.140872
0.140872
0.140872
0.140872
0.140872
0.140872
0.140872
0.140872
0.140872
0.140872
0.140872
0.140872
0.140872
0.140872
0.140872
0.140872
0.140872
0.140872
0.140872
0.140872
0.140872
0.140872
0.140872
0.140872
0.140872
0.140872
0.140872
0.140872
0.140872
0.140872
0.140872
0.140872
0.140872
0.140872
0.140872
0.140872
0.140872
0.140872
0.140872
0.140872
0.140872
0.140872
0.140872
0.140872
-0.801702
-0.944807
-1.143603
-0.875546
-1.118753
-0.943750
-2.056688
-1.849257
-2.287912
-3.133322
-2.792303
-3.019825
-2.983167
-3.314317
-2.489351
-3.853427
-4.864852
-4.047993
-4.000762
-4.639445
-5.023643
-1.883976
-3.421646
-4.425317
-2.751592
-2.464501
-3.589600
-4.447699
-1.882918
-3.204345
-4.519780
-3.689350
-3.032338
-3.026345
-3.775706
-1.697341
-2.853809
-4.419148
-4.626404
-4.777086
-4.282741
-4.169244
-2.548743
-3.499190
-4.541281
-4.707473
-5.177850
-5.232483
-5.116695
-1.372272
-1.541275
-1.716525
-1.840299
-1.910284
-1.698017
-1.797730
-1.320217
-1.408941
-1.834400
-2.165235
-2.291207
-2.193807
-1.413105
-1.667825
-1.983160
-1.838217
-1.722425
-1.896981
-2.131110
-2.299304
-1.667478
-2.337130
-2.332966
-1.183140
-1.006965
-1.864360
-2.673865
-1.670833
-2.458244
-2.558767
-2.154361
-1.785237
-1.956554
-2.785377
-1.293612
-2.215670
-2.549860
-2.753103
-2.696653
-2.441239
-2.628635
-1.401885
-1.674072
-2.068182
-2.726613
-2.869937
-2.792549
-2.701396
-0.137927
-0.501911
-0.502915
-0.340549
-0.253926
-0.414618
-0.260789
-0.505928
-0.801785
-0.591798
-0.488687
-0.418133
-0.622764
-0.301548
-0.623769
-0.791658
-0.864053
-0.717171
-0.703110
-0.930004
-0.341219
-0.662017
-0.925233
-1.243185
-1.141497
-1.241595
-1.230715
-0.541163
-0.759436
-0.981224
-1.430910
-1.162839
-1.019221
-1.506485
-0.515385
-0.816766
-1.151875
-1.077890
-1.160830
-1.282103
-1.260509
-0.645194
-0.388506
-0.599665
-0.643018
-0.669549
-0.717254
-0.674905
-0.572883
-0.716115
-0.302134
-2.606527
-2.428069
-2.464798
-2.558385
0.007055
-0.809702
-1.951420
-5.439654
-4.820031
-5.022768
-5.581591
-0.644940
-1.802843
-3.927740
-7.011539
-6.528456
-6.900313
-7.726201
-1.630195
-1.327646
-3.154767
-6.155977
-6.545888
-7.016934
-7.640292
-1.429118
-1.428496
-3.481387
-7.081262
-7.012783
-7.044740
-7.730558
-1.792260
-1.854098
-3.821910
-7.441083
-6.017154
-6.646322
-7.667062
-1.966568
0.239465
-0.617756
-3.431170
-3.097703
-3.819420
-3.604233
1.452359
-1.244309
-1.537868
-1.787913
-1.855748
-1.617799
-0.794833
-1.417973
-1.436246
-1.746633
-2.592474
-2.477706
-2.298651
-2.201105
-2.243568
-1.889666
-3.064036
-4.036082
-3.568595
-3.991384
-3.957730
-4.071314
-1.946327
-2.979636
-3.983891
-3.795634
-3.555581
-3.830867
-3.984680
-2.080158
-3.103475
-4.147958
-4.147958
-3.862024
-3.081784
-3.928282
-2.435637
-3.120566
-4.166889
-4.188186
-3.854530
-3.974294
-3.809175
-2.908119
-3.520743
-3.956283
-4.179904
-4.257994
-4.233541
-4.241692
2.425489
2.425489
2.425489
2.425489
2.425489
2.425489
2.425489
2.413744
2.421500
2.413301
2.425489
2.425489
2.425489
2.425489
2.408426
2.465820
2.409977
2.425489
2.425489
2.425489
2.425489
2.410199
2.465598
2.411750
2.425489
2.425489
2.425489
2.425489
2.415517
2.421279
2.415074
2.425489
2.425489
2.425489
2.425489
2.425489
2.425489
2.425489
2.425489
2.425489
2.425489
2.425489
2.425489
2.425489
2.425489
2.425489
2.425489
2.425489
2.425489
0.391939
-0.954232
-1.433719
-1.825774
-1.837801
-1.561513
-0.684651
-0.219505
-1.240814
-2.135139
-2.210890
-2.341344
-2.039612
-2.280627
-0.770579
-2.102872
-2.305723
-2.206611
-2.785904
-2.909881
-3.001708
-0.877671
-2.012203
-2.127622
-1.608698
-2.333942
-2.607802
-2.949434
-0.790933
-2.077429
-2.649552
-2.593115
-2.625612
-2.879581
-2.949897
-0.670657
-2.074307
-3.006334
-3.035940
-3.035940
-3.035940
-3.035940
-1.442161
-2.253334
-2.989218
-3.035940
-3.035940
-3.035940
-3.035940
1.599691
1.599691
1.599691
1.599691
1.599691
1.599691
1.599691
1.599691
1.551111
1.426866
1.528597
1.592920
1.599691
1.599691
1.599691
1.599691
1.596136
1.600368
1.599860
1.599691
1.599691
1.599691
1.628129
1.740016
1.648780
1.603923
1.599691
1.599691
1.599691
1.599691
1.599691
1.599691
1.599691
1.599691
1.599691
1.599691
1.599691
1.599691
1.599691
1.599691
1.599691
1.599691
1.599691
1.599691
1.599691
1.599691
1.599691
1.599691
1.599691
-0.525213
-0.288691
-2.077943
-1.434027
-1.664910
-1.330571
-2.048245
-0.006609
-2.415190
-2.997772
-2.821350
-3.040600
-2.902952
-2.816591
-1.956597
-2.765656
-4.345263
-4.331163
-4.347554
-4.367999
-4.367999
-1.119251
-2.596988
-4.329225
-4.323056
-4.332221
-4.367999
-4.367999
-1.384678
-2.727322
-4.355661
-4.329401
-4.357776
-4.367999
-4.367999
-1.108941
-2.617433
-4.367999
-4.367999
-4.367999
-4.367999
-4.367999
-1.965145
-2.895990
-4.367999
-4.367999
-4.367999
-4.367999
-4.367999
-0.179804
-1.163420
-1.548591
-1.381616
-1.627399
-1.547819
-1.416824
-1.101396
-1.671386
-1.920352
-1.818682
-1.970705
-1.944950
-1.837299
-2.116555
-2.105848
-2.210894
-2.241279
-2.368994
-2.368994
-2.368994
-2.037167
-1.900578
-1.789262
-2.065816
-2.368994
-2.368994
-2.368994
-2.035720
-1.932989
-1.713346
-2.084337
-2.368994
-2.368994
-2.368994
-2.037264
-2.145976
-2.148291
-2.274848
-2.368994
-2.368994
-2.368994
-2.244848
-2.316037
-2.368994
-2.368994
-2.368994
-2.368994
-2.368994
-1.060291
-0.740203
-0.766263
-1.125046
-1.132943
-0.834703
-0.875504
-0.293765
-0.201897
-0.383000
-0.411429
-0.708615
-0.682293
-0.544623
-0.214269
-0.177154
-0.716513
-1.992126
-2.297473
-1.605441
-0.703088
-0.137669
-0.171363
-1.428288
-2.386182
-1.771012
-2.108211
-0.595690
-0.204267
0.030272
-0.949471
-2.295105
-1.914210
-2.140588
-0.274286
-0.585687
-0.006844
-0.388791
-1.577012
-1.006329
-1.159792
-0.276918
-1.075559
-0.076073
0.000000
0.356941
0.455915
0.033430
-0.986850
1.943329
1.582672
1.690102
1.690102
1.690102
1.601856
1.901124
1.591880
1.591880
1.662796
1.552297
1.516679
1.493786
1.608250
1.690102
1.690102
1.659216
1.645851
1.911036
1.569755
1.690102
1.690102
1.690102
1.658320
1.539124
1.580242
1.578835
1.690102
1.690102
1.690102
1.690102
1.681021
1.681916
1.681916
1.690102
1.678591
1.681661
1.690102
1.690102
1.690102
1.690102
1.690102
1.711204
1.681149
1.690102
1.690102
1.690102
1.690102
1.690102
-1.440909
-1.773588
-1.807114
-1.903134
-1.923349
-2.118346
-1.935798
-2.197725
-2.408130
-2.251836
-2.233964
-2.160501
-2.198711
-2.108362
-1.861842
-2.121920
-2.108362
-2.108362
-2.108362
-2.108362
-2.108362
-2.100966
-2.258739
-2.108362
-2.108362
-2.108362
-2.108362
-2.108362
-1.726256
-2.282775
-2.108362
-2.108362
-2.108362
-2.108362
-2.108362
-1.505620
-2.228170
-2.120688
-2.108362
-2.108362
-2.108362
-2.108362
-2.108115
-2.203888
-2.111073
-2.108362
-2.108362
-2.108362
-2.108362
0.177484
0.177484
0.177484
0.177484
0.177484
0.177484
0.177484
0.177484
0.177484
0.177484
0.177484
0.177484
0.177484
0.177484
0.177484
0.177484
-0.508662
-0.824924
-1.057919
-0.896861
-0.279821
0.177484
0.177484
0.121029
-1.008450
-1.432335
-0.544914
0.156337
0.177484
0.177484
-0.213359
-0.383668
-0.788105
-0.811896
-0.250744
0.177484
0.177484
0.177484
0.177484
0.177484
0.177484
0.177484
0.177484
0.177484
0.177484
0.177484
0.177484
0.177484
0.177484
-1.207000
-2.324592
-2.143168
-1.976040
-1.716554
-1.604228
-3.238636
0.469729
-0.137401
0.358310
0.310430
0.105406
0.324385
-1.215396
0.179722
-0.084188
0.071367
-0.385200
-0.696538
-1.188506
-1.845673
-0.106313
0.130027
0.008850
-0.156123
0.358764
-0.942976
-1.647456
-0.174390
-0.117319
0.398249
-0.072502
0.249388
-0.771763
-1.348940
-0.192884
-1.061883
0.050717
0.126282
-0.407666
-0.488791
-2.282839
0.426274
-0.773578
-0.220909
0.257217
0.328016
1.020924
-2.289079
2.010571
2.370180
2.298895
2.355908
2.430892
2.385488
2.132659
2.891809
2.422166
2.260220
2.444646
2.529021
2.495522
2.496853
2.318565
2.435550
2.523549
2.565699
2.486574
2.567400
2.579083
2.595426
2.737628
2.777560
2.591063
2.481990
2.587957
2.804995
2.551501
2.500033
2.369589
2.409595
2.456034
2.326551
2.179616
2.646302
2.593060
2.330544
2.252307
2.262216
2.362859
2.398650
2.630255
2.568953
2.600972
2.458474
2.468235
2.539447
2.762326
0.336702
-0.125372
-0.024029
0.033406
-0.036190
0.014994
0.602097
-0.377190
-1.196722
-1.180605
-1.279554
-1.353693
-1.177382
-0.233308
-0.279071
-1.086149
-1.087956
-1.079311
-1.117992
-0.945441
-0.149499
-0.178998
-1.071301
-1.187247
-1.188761
-1.189982
-1.113401
-0.252306
-0.167716
-1.040239
-1.110959
-1.421580
-1.551104
-1.353742
-0.313259
-0.105934
-0.933573
-1.058554
-1.528784
-1.876817
-1.583875
-0.402343
0.579387
-0.019243
-0.116092
-0.574991
-0.795357
-0.627592
0.290353
2.010747
2.010747
2.010747
2.010747
2.010747
2.010747
2.010747
2.010747
2.010747
2.010747
2.010747
2.010747
2.010747
2.010747
2.010747
2.010747
2.010747
2.010747
2.010747
2.010747
2.010747
2.010747
2.010747
2.010747
2.010747
2.010747
2.010747
2.010747
2.010747
2.010747
2.010747
2.010747
2.010747
2.010747
2.010747
2.010747
2.010747
2.010747
2.010747
2.010747
2.010747
2.010747
2.010747
2.010747
2.010747
2.010747
2.010747
2.010747
2.010747
-0.040487
0.278744
-1.796503
-1.182522
-1.503183
-0.925592
-1.203289
0.269885
-2.115545
-2.392670
-2.331319
-2.525278
-2.284354
-1.947021
-1.480891
-2.182992
-3.514317
-3.514317
-3.514317
-3.514317
-3.514317
-0.560919
-1.999607
-3.514317
-3.514317
-3.514317
-3.514317
-3.514317
-0.722012
-2.022280
-3.514317
-3.514317
-3.514317
-3.514317
-3.514317
-0.609218
-2.063244
-3.514317
-3.410288
-3.259579
-3.427626
-3.514317
-1.402678
-2.171941
-3.514317
-3.259579
-3.174222
-3.219568
-3.514317
-0.440681
-0.375870
-0.167949
-0.148209
-0.194761
-0.220094
0.200190
-0.267468
-0.551549
-0.483285
-0.883664
-1.278780
-0.900278
-0.337378
-0.210224
-0.552701
-0.676072
-0.905212
-1.480121
-1.241275
-0.695318
-0.178476
-0.784803
-1.436529
-0.985650
-1.177615
-1.174490
-0.809970
-0.088334
-0.371593
-1.061976
-1.038782
-1.121523
-0.809641
-0.410414
-0.221739
-0.253157
-0.663735
-0.994533
-0.838593
-0.532139
-0.035202
-0.142946
-0.089320
-0.077806
-0.239997
-0.155118
-0.211375
0.077970
0.915260
0.006252
-0.796748
-0.903237
-1.272240
-0.977711
-0.963764
0.506272
-0.927558
-1.240156
-0.927420
-1.043459
-1.296011
-1.502395
-2.221646
-2.752444
-2.985828
-2.476259
-2.306150
-2.887652
-3.130791
-2.492885
-2.919805
-3.119936
-3.037218
-2.951751
-3.080501
-3.130791
-3.004034
-3.007607
-3.083180
-3.076379
-3.105852
-3.114921
-3.112654
-2.885110
-2.715276
-2.552656
-2.865529
-3.049928
-2.938080
-3.042371
-1.934124
-2.423632
-2.661482
-2.992492
-3.071088
-2.974355
-3.084692
-1.284320
-1.044373
-3.298009
-3.294725
-3.331021
-3.331021
-3.331021
-0.913313
-2.483402
-3.299980
-3.316732
-3.331021
-3.331021
-3.331021
-2.446613
-2.908115
-3.293082
-3.334962
-3.331021
-3.331021
-3.331021
-2.000222
-2.728606
-3.298009
-3.294725
-3.331021
-3.331021
-3.331021
-2.041116
-2.685740
-3.299980
-3.316732
-3.331021
-3.331021
-3.331021
-2.500319
-2.695430
-3.331021
-3.331021
-3.331021
-3.331021
-3.331021
-2.958535
-3.159559
-3.331021
-3.331021
-3.331021
-3.331021
-3.331021
0.136294
1.128290
0.893442
1.253773
1.279449
1.512655
0.412358
-0.495563
0.796530
0.190735
0.086584
0.330987
0.794117
0.403574
0.045078
0.779252
-0.067954
-0.475968
-0.400389
-0.049035
0.119402
0.015637
0.403960
-0.447879
-0.027124
0.244693
-0.538324
-0.682341
-0.081178
-0.017568
0.275678
0.986686
0.999331
0.423555
-0.719696
0.051062
0.296913
0.338419
0.017278
-0.144596
0.561683
-0.402898
-1.290356
-0.182723
-0.826646
-1.026648
-1.008597
-0.675680
-0.977130
-1.288325
-0.963431
-1.208122
-1.115943
-1.021315
-1.410716
-1.010609
-1.042001
-0.623658
-0.883138
-0.605603
-0.443565
-0.944288
-0.697691
-1.185168
-0.787058
-1.436029
-1.177910
-0.631642
-1.190249
-0.924055
-1.114038
-0.487567
-0.298401
-0.697419
-0.276990
-0.962070
-0.700322
-1.151871
-0.426236
-0.827885
-0.398383
0.241153
-1.187164
-0.276536
-1.264191
-0.350660
-0.913168
-0.195063
-0.167301
-1.329787
-0.280800
-0.954086
-0.361820
-0.420248
0.162765
0.190708
-0.025041
-0.060787
-2.356454
-2.445733
-2.419115
-2.334961
-2.361745
-2.484916
-2.172442
-2.295779
-2.094240
-1.965779
-1.512939
-1.617428
-2.017362
-2.014056
-2.074235
-1.934201
-1.914361
-1.961480
-1.877492
-1.935193
-1.677773
-1.917668
-1.726546
-1.738450
-2.217081
-2.283048
-1.807723
-1.294703
-1.870714
-1.718279
-1.564853
-1.823429
-1.897001
-1.647849
-1.315038
-2.134085
-1.897001
-1.946105
-1.495083
-0.664133
-1.891049
-1.695133
-2.097713
-1.431266
-1.520875
-1.243450
-1.040755
-1.438540
-1.690339
0.462124
1.163886
0.706203
0.744720
0.829717
0.797135
0.638091
1.101822
0.741006
0.771253
0.804026
0.717957
0.752109
0.794148
0.594597
0.650955
0.583876
0.583876
0.583876
0.583876
0.583876
0.651108
0.633688
0.590615
0.585944
0.583876
0.583876
0.583876
0.657923
0.627409
0.581847
0.591227
0.583876
0.583876
0.583876
0.726648
0.684112
0.591610
0.585638
0.583876
0.583876
0.583876
0.595401
0.750578
0.583876
0.583876
0.583876
0.583876
0.583876
-0.451980
-1.361849
-1.230767
-1.065220
-1.129632
-1.252778
-1.401295
-0.384383
-1.809774
-1.910446
-1.956727
-2.217906
-1.651874
-1.569332
0.159697
-1.237080
-0.397010
-1.045526
-1.722077
-0.303000
-0.469068
0.286434
-0.711189
0.445609
-0.199084
-0.797380
0.586711
-0.367759
0.186283
-1.221209
-1.183906
-0.913402
-0.463333
-0.746060
-1.423827
-0.470400
-1.693984
-2.443925
-1.751329
-0.966228
-2.014998
-2.015635
-1.793787
-2.086303
-2.541932
-2.248084
-2.089199
-2.265983
-2.453482
-0.232020
-0.759666
-2.254225
-2.659391
-2.999278
-1.930901
-1.818579
-0.868370
-3.000531
-4.409631
-4.663363
-4.743672
-4.140727
-3.720809
-1.447237
-3.794159
-6.034605
-5.780455
-5.592556
-5.691656
-5.714203
-0.860854
-3.705777
-5.972807
-5.731184
-5.377934
-5.694439
-5.951095
-0.958839
-3.750594
-6.022079
-5.980880
-5.774192
-5.799523
-5.758185
-1.086472
-3.604590
-5.780177
-5.949146
-6.079283
-5.777811
-5.404936
-2.443516
-4.112612
-5.361511
-5.755124
-6.079283
-5.978792
-5.716987
0.902113
0.908333
0.838689
0.791899
0.852285
0.910358
0.899221
0.949555
0.919109
0.814752
0.647260
0.748073
0.898714
0.921495
1.172733
0.787993
0.858722
0.687903
0.941672
0.869353
1.014426
1.436555
0.626721
0.939286
0.709671
1.217788
0.693833
1.151037
1.354689
0.520339
0.925834
0.733971
1.130788
0.600107
1.015077
0.973854
0.659698
0.794719
0.769769
0.891049
0.792622
0.933572
0.899221
0.899221
0.899221
0.899221
0.899221
0.899221
0.899221
1.122870
1.204167
1.272988
1.422690
1.355324
1.308335
1.168612
1.157801
1.505442
1.079935
1.131707
0.709318
1.235147
1.364265
1.215498
1.878554
0.514289
1.884792
1.752451
1.123598
0.971297
1.307191
1.789980
-0.239627
2.016821
1.913485
1.455126
0.561071
1.289414
2.133672
-0.225177
1.828550
1.905064
0.544126
0.829392
1.154058
1.769500
0.895510
1.840193
1.910990
1.003940
1.301265
1.122870
1.289206
1.299810
1.166221
0.804441
1.149380
1.445665
-1.631784
-1.891264
-1.769964
-1.904000
-1.889444
-1.719928
-1.942816
-1.375538
-1.841026
-2.157112
-1.908650
-2.157618
-2.410022
-2.393141
-0.713849
-1.615813
-1.737416
-1.135769
-1.336722
-1.566080
-2.261026
-0.661690
-0.932087
-0.994455
-0.228246
0.145560
0.125040
-1.656246
-0.098859
0.460130
0.610643
-0.046498
0.094108
0.232996
-0.684332
0.597603
0.821199
-0.313661
-0.519769
-0.308809
-0.885892
-0.931581
-0.776116
-0.666643
-1.335307
-1.229979
-1.136679
-1.772087
-2.166210
-1.785417
-2.549860
-1.472026
-1.180081
-1.413836
-1.919585
-0.850397
-1.949345
-2.678375
-1.789407
-2.200224
-2.784779
-2.799242
-1.561637
-1.147661
-1.742524
-1.338024
-2.020835
-2.860425
-2.636645
-1.195710
-1.059047
-2.016180
-1.537863
-1.829142
-2.425501
-2.538887
-1.285654
-0.961788
-2.143365
-2.116930
-2.548862
-3.260269
-3.108976
-1.633127
-1.163455
-2.232977
-2.499983
-3.435335
-3.936096
-3.626696
-2.083181
-0.509739
-1.546841
-1.314582
-1.584414
-1.870374
-2.192577
-0.949984
-2.008745
-2.316903
-1.736637
-1.304557
-1.493647
-1.477181
-2.584850
-3.081058
-3.659936
-3.368244
-3.853011
-4.464648
-4.166195
-3.999118
-3.604648
-4.754260
-5.322567
-6.151369
-6.158822
-6.584315
-6.568023
-3.274306
-4.463954
-5.952747
-6.653642
-6.299208
-6.814307
-6.984677
-3.384882
-4.236909
-5.571277
-6.681373
-6.857116
-6.506842
-5.693292
-2.692827
-3.331327
-4.105708
-6.011329
-6.453287
-5.544586
-4.430157
-2.253295
-3.264947
-3.986812
-4.923764
-5.037634
-5.214764
-5.395707
1.293815
1.293815
1.293815
1.293815
1.293815
1.293815
1.293815
1.293815
1.293815
1.293815
1.293815
1.293815
1.293815
1.293815
1.293815
1.293815
1.293815
1.293815
1.293815
1.293815
1.293815
1.293815
1.293815
1.293815
1.293815
1.293815
1.286620
1.304258
1.282303
1.297574
1.302959
1.282953
1.293815
1.259884
1.370634
1.287873
1.339860
1.304397
1.299849
1.314888
1.238300
1.392728
1.260766
1.214674
1.190166
1.427123
1.495448
1.255196
1.176009
0.481133
-1.109846
-1.744238
-2.412502
-2.805803
-2.896054
-0.622506
-0.586532
-3.303451
-5.106384
-5.128895
-5.292884
-4.800601
-1.365770
-1.395643
-5.373669
-5.415849
-5.889303
-6.573240
-6.940244
-2.151740
-1.785052
-6.019948
-6.248418
-6.506235
-6.416825
-7.053322
-2.299424
-1.284143
-5.385976
-5.149511
-5.398494
-5.902663
-5.823980
-2.011208
-1.636105
-5.478963
-6.241791
-6.868715
-7.150830
-5.824192
-2.093676
0.866229
-1.223976
-1.583616
-1.889295
-2.357909
-1.430356
-0.444948
0.439737
0.197450
0.191456
0.204224
0.128295
0.224669
0.335273
0.138042
-0.061967
-0.246331
-0.333957
-0.438689
-0.249304
-0.099834
0.309809
0.128758
-0.168940
-0.254641
-0.655901
-0.170134
-0.050295
0.195793
-0.117305
-0.516153
-0.385251
-0.740676
-0.486668
-0.457111
0.242360
0.046152
0.064939
-0.178760
-0.502897
-0.288536
-0.394973
0.282079
0.034261
0.119352
0.057361
-0.199131
-0.123885
-0.258004
0.339830
0.225156
0.173107
0.270187
0.039159
0.094644
-0.104927
0.455227
0.455227
0.455227
0.455227
0.455227
0.455227
0.455227
0.455227
0.455227
0.455227
0.455227
0.455227
0.455227
0.455227
0.455227
0.455227
0.455227
0.455227
0.455227
0.455227
0.455227
0.455227
0.455227
0.455227
0.455227
0.455227
0.455227
0.455227
0.455227
0.455227
0.668279
0.713370
0.596135
0.455227
0.455227
0.455227
0.455227
0.617553
0.742679
0.629952
0.455227
0.455227
0.455227
0.455227
0.480026
0.608534
0.516099
0.455227
0.455227
-1.724450
-2.997539
-2.592540
-2.663604
-2.663329
-2.809459
-3.566744
-3.375215
-3.671478
-3.817746
-3.974088
-4.099520
-4.121874
-4.270074
-2.565356
-3.176924
-3.127938
-3.280416
-3.246057
-3.669822
-4.017968
-2.516508
-3.278484
-2.683751
-1.692850
-1.763639
-2.190439
-3.997684
-2.396182
-3.313672
-3.654091
-3.703215
-3.004162
-3.466978
-4.317267
-2.174709
-3.758549
-4.307332
-4.375222
-4.193077
-4.307332
-4.396749
-3.011199
-4.204668
-4.396749
-4.396749
-4.396749
-4.396749
-4.396749
-2.244173
-0.746062
-1.238658
-0.887759
-0.900147
-1.034048
-2.172768
-0.501644
0.965149
-0.055398
0.343662
0.212823
0.772091
-0.081844
-1.402068
-0.776684
-1.294056
-0.558851
-0.602000
-0.583348
-1.094039
-0.954013
-0.311091
-1.250072
-0.693309
-0.544097
-0.292579
-1.191612
-0.931882
0.235928
-0.233284
-0.250404
-0.380130
0.013641
-0.342409
-1.384809
0.290909
0.055815
0.213240
-0.400591
-0.537833
-1.065505
-1.433108
0.365376
-0.118034
0.395023
0.091866
0.313875
-1.463869
-1.451029
-0.390014
-0.483710
-0.334385
-0.187292
-0.467062
-0.462291
-0.344840
0.150239
0.385344
0.498429
0.585426
0.530406
0.435390
-0.349408
0.373771
0.351337
0.137753
0.337227
0.625220
0.981734
-0.337024
0.350018
0.187190
-0.141916
-0.068623
0.245560
0.890981
-0.377223
0.278146
0.069536
0.330628
0.419249
-0.026698
0.760232
-0.519138
0.076947
0.258859
0.470818
0.126790
0.046595
0.526447
-0.274999
0.348292
0.342302
0.063649
-0.052584
0.238556
0.926815
0.070871
-1.164402
-1.539590
-1.123366
-1.130066
-1.179895
-1.367908
-0.376444
-1.031034
-1.562202
-1.187433
-1.198110
-1.220094
-1.492796
-1.579998
-1.945137
-2.430662
-2.430662
-2.430662
-2.430662
-2.430662
-0.975447
-1.669922
-2.430662
-2.430662
-2.430662
-2.430662
-2.430662
-1.200518
-1.797846
-2.430662
-2.430662
-2.430662
-2.430662
-2.430662
-1.425589
-1.862855
-2.430662
-2.430662
-2.430662
-2.430662
-2.430662
-1.313158
-1.947021
-2.430662
-2.430662
-2.430662
-2.430662
-2.430662
0.942525
0.996024
1.024557
1.024557
1.024557
1.024557
1.024557
1.101535
1.070922
1.024557
1.024557
1.024557
1.024557
1.024557
0.822213
0.964163
1.019801
1.002682
1.020277
1.024557
1.024557
1.069911
1.065632
1.014570
0.980807
1.008745
1.021822
1.024022
1.065691
1.062719
1.053565
1.102070
1.055170
1.019088
1.022654
1.136785
1.078293
1.024557
1.024557
1.028183
1.034246
1.028539
1.237718
1.112175
1.024557
1.024557
1.024557
1.024557
1.024557
-1.726224
-1.396464
-1.301800
-1.515893
-1.511191
-1.500220
-1.035358
-1.984514
-1.708044
-1.949094
-2.825215
-3.286629
-2.458780
-1.588615
-1.692685
-1.768228
-2.650617
-3.210143
-3.878126
-4.059306
-2.821140
-1.624663
-2.411448
-4.304432
-3.310137
-3.188202
-4.754561
-3.728920
-1.424989
-1.963827
-3.826719
-3.364053
-3.067520
-4.042067
-2.853112
-1.436587
-1.279544
-2.604539
-4.248322
-3.976240
-2.660648
-1.327190
-1.375776
-0.816564
-0.887092
-2.045326
-1.980754
-1.300545
-0.584603
-0.822231
-0.817927
-0.916912
-0.889957
-0.993926
-0.877575
-0.896979
-0.637172
-0.857642
-0.930503
-0.817701
-0.832197
-0.813548
-0.858020
-0.916912
-0.841258
-1.069580
-0.802072
-0.663448
-0.867684
-0.942130
-0.916912
-0.696292
-0.688364
-0.715545
-0.905587
-0.872969
-0.876593
-0.916912
-0.780025
-0.372156
-0.810755
-0.909513
-0.865268
-0.822835
-0.916912
-0.916912
-0.885201
-0.942508
-1.083019
-0.876669
-0.916912
-0.916912
-0.916912
-0.803657
-0.585075
-0.608406
-0.703313
-0.916912
0.475839
0.342358
0.177975
0.194527
0.240273
0.172736
0.364757
0.300408
0.109336
0.042709
-0.075131
-0.203069
-0.159562
0.222620
0.200677
0.002202
-0.210130
-0.613382
-0.731298
-0.618545
-0.051403
0.219507
-0.056604
-0.500174
-0.733842
-0.856427
-0.870170
-0.136784
0.189326
-0.081357
-0.357582
-0.533127
-0.614787
-0.719871
0.120801
0.234199
0.075055
-0.181695
-0.367870
-0.547363
-0.428156
0.204587
0.360619
0.274441
0.188035
0.064766
-0.052770
0.054972
0.426258
0.461759
0.461759
0.461759
0.461759
0.461759
0.461759
0.461759
0.461759
0.461759
0.461759
0.461759
0.461759
0.461759
0.461759
0.461759
0.461759
0.461759
0.461759
0.461759
0.461759
0.461759
0.461759
0.461759
0.461759
0.461759
0.461759
0.461759
0.461759
0.461759
0.461759
0.461759
0.461759
0.461759
0.461759
0.461759
0.461759
0.461759
0.461759
0.461759
0.461759
0.461759
0.461759
0.461759
0.461759
0.461759
0.461759
0.461759
0.461759
0.461759
0.693936
-0.394743
-0.727349
-0.822430
-1.079769
-0.621951
-0.435659
-0.469424
-1.611681
-1.848855
-1.900675
-2.030575
-1.824704
-1.677218
-0.759941
-2.165869
-2.485813
-2.654637
-2.736704
-2.579721
-2.811620
-0.054281
-1.481663
-1.326791
-1.693983
-1.996107
-1.780036
-2.370450
-0.174803
-1.611447
-1.769484
-2.155669
-2.473972
-2.340203
-2.638106
-0.911766
-2.077236
-2.671285
-2.804234
-2.879735
-2.879735
-2.879735
-2.209364
-2.634589
-2.879735
-2.879735
-2.879735
-2.879735
-2.879735
-1.634208
-1.677490
-1.095115
-0.765796
-0.598605
-1.069460
-0.475742
-1.538048
-1.415535
-0.196510
0.638047
0.694242
-0.488307
-0.129494
-0.931764
-0.350436
1.107507
1.729497
1.474348
0.785691
0.921293
-0.858291
-0.306458
0.834208
1.259514
0.924086
0.904539
1.187960
-0.786040
-0.431937
0.464050
0.650438
0.510821
0.845028
1.123562
-1.017628
-0.692671
0.179756
0.423038
0.312043
0.383072
0.419547
-0.467191
-0.204363
0.420768
0.669111
0.746075
0.352531
0.291973
-2.553625
-2.816168
-2.178063
-2.175658
-2.464981
-2.469243
-2.382239
-2.347044
-2.540399
-2.259711
-2.385737
-2.405848
-2.425304
-2.378850
-2.374588
-1.866224
-2.375353
-2.566085
-2.409564
-2.374588
-2.374588
-2.374588
-1.991703
-2.182107
-2.602701
-2.451099
-2.374588
-2.374588
-2.374588
-2.206153
-2.322779
-2.455362
-2.417216
-2.374588
-2.374588
-2.374588
-2.343983
-2.372402
-2.395902
-2.374588
-2.374588
-2.374588
-2.374588
-2.374588
-2.374588
-2.374588
-2.374588
-2.374588
-2.374588
-1.396830
-1.206154
-1.125180
-1.119230
-1.176126
-1.457165
-1.191930
-0.619997
0.175429
0.154418
1.116627
1.491842
0.720680
-0.548134
-0.650769
0.125320
0.040627
0.475248
0.332636
0.452935
-0.336541
-0.542649
0.091945
-0.232882
-0.382002
-0.181751
-0.124111
-0.040441
-0.697253
0.047134
-0.704597
-0.269418
0.184168
-1.163296
-0.983963
-0.864222
-0.016548
-0.376238
0.433505
1.087807
-0.651327
-0.843955
-0.312369
0.358295
0.377074
-0.128945
-0.116953
0.064705
0.181751
-0.684088
-1.386827
-0.649427
-0.592474
-0.486596
-0.798742
-0.167868
-1.133979
-2.229656
-1.260951
-1.429966
-1.253920
-1.551453
-0.590130
-0.471535
-1.227687
-0.416577
-0.764281
-0.621549
-0.777397
0.006633
-0.524050
-1.412561
-0.621998
-1.055381
-1.128094
-1.152331
-0.324015
-0.618806
-1.371816
-0.523302
-1.076676
-1.184449
-1.608855
-0.375134
-1.072986
-2.130960
-1.084905
-1.677977
-1.834175
-2.098344
-0.704984
-0.475026
-0.860333
-0.321572
-0.692915
-0.762486
-1.003914
-0.116450
-0.630739
0.060701
-0.703680
-0.401425
-0.199588
-0.173859
-0.644228
-1.033413
-2.038974
-1.604076
-1.702996
-1.738717
-1.733472
-1.781558
-1.067636
-1.269472
-1.571728
-1.464564
-0.928748
-1.493791
-1.571728
-1.181918
-1.464439
-1.571728
-1.149569
-1.292454
-1.169054
-1.571728
-0.934618
-1.461941
-1.571728
-1.578222
-1.529512
-1.756828
-1.571728
-0.589648
-1.220637
-1.571728
-1.571728
-1.571728
-1.571728
-1.571728
-1.215391
-1.256608
-1.571728
-1.571728
-1.571728
-1.571728
-1.571728
-2.052900
-3.040179
-2.804152
-3.299876
-3.280374
-3.248370
-1.054121
-3.094352
-3.897444
-4.138139
-4.484510
-4.735039
-4.262152
-2.820822
-2.426777
-3.657917
-3.079851
-2.987008
-3.083184
-3.680587
-2.522788
-2.335099
-3.335713
-2.256591
-1.350821
-1.424329
-2.618299
-2.442111
-2.476449
-3.705589
-2.654136
-1.701027
-2.006229
-2.656136
-2.113241
-3.146025
-4.332661
-4.013791
-4.003289
-4.210314
-3.954950
-3.215366
-1.684691
-2.831656
-2.436444
-2.338600
-2.649802
-2.990173
-1.620184
-0.296557
-0.890763
-0.326771
0.149734
-1.108934
-2.518065
-2.720705
-0.590445
-1.555954
0.267435
1.527196
-1.137935
-3.165783
-3.198060
-1.588231
-2.136570
-0.256029
0.894767
-1.542849
-3.489884
-2.862916
-2.136206
-2.222722
-0.845382
-0.141726
-1.887093
-3.349372
-3.008161
-2.142879
-2.036706
-0.559867
-0.330533
-1.750099
-3.152557
-3.147339
-1.513363
-1.521857
-0.099135
-0.246807
-1.041226
-3.065313
-3.439285
-1.151282
-0.990748
-0.311967
-0.317064
-0.593721
-2.248446
-2.783317
-1.120457
-0.906878
-1.374902
-1.996365
-2.269701
-1.603003
-2.263018
-1.565608
-1.363208
-2.443186
-3.245202
-3.367413
-3.287481
-3.451971
-1.754642
-2.925989
-4.139615
-4.406910
-4.538502
-4.510231
-4.506118
-2.228321
-3.389516
-4.472706
-4.538502
-4.538502
-4.538502
-4.538502
-2.295659
-3.188145
-4.182408
-4.359234
-4.538502
-4.470265
-4.473734
-2.437403
-2.457322
-2.977392
-4.066365
-4.279560
-4.274162
-4.099006
-3.589602
-2.942052
-3.063878
-3.699091
-4.208366
-3.655655
-4.266452
-0.531333
-0.338173
-0.542009
-0.502245
-0.486052
-0.510341
-0.506042
-0.173099
-0.323486
-0.512419
-0.444641
-0.307365
-0.435613
-0.449083
-0.480751
-0.376934
-0.510556
-0.560709
-0.411468
-0.351285
-0.370199
-0.277560
-0.197530
-0.509194
-0.560709
-0.453381
-0.277703
-0.332728
-0.278921
-0.307150
-0.553472
-0.560709
-0.560709
-0.560709
-0.560709
-0.375071
-0.399145
-0.560709
-0.560709
-0.560709
-0.560709
-0.560709
-0.447650
-0.420137
-0.560709
-0.560709
-0.560709
-0.560709
-0.560709
0.935605
0.935605
0.935605
0.935605
0.935605
0.935605
0.935605
0.935605
0.935605
0.935605
0.935605
0.935605
0.935605
0.935605
0.935605
0.935605
0.935605
0.935605
0.935605
0.935605
0.935605
0.935605
0.935605
0.935605
0.935605
0.935605
0.935605
0.935605
0.935605
0.935605
0.935605
0.935605
0.935605
0.935605
0.935605
0.935605
0.935605
0.935605
0.935605
0.935605
0.935605
0.935605
0.935605
0.935605
0.935605
0.935605
0.935605
0.935605
0.935605
-3.342964
-0.617316
-2.026800
-1.815321
-1.566093
-1.613104
-1.277713
-2.652956
-1.526660
-2.507293
-2.030027
-1.743893
-2.313496
-2.211195
-2.544340
-1.848018
-2.701651
-2.150010
-2.517678
-2.640187
-2.654079
-2.502943
-1.839318
-2.604823
-2.593877
-2.654079
-2.654079
-2.654079
-2.518239
-1.686357
-2.583633
-2.537324
-2.421551
-2.632047
-2.534096
-2.807180
-1.379593
-2.205862
-2.402466
-1.852369
-2.259890
-2.508977
-3.082369
-1.533677
-1.992980
-2.165166
-2.197302
-2.323600
-2.256522
0.040106
-0.370776
0.072378
-0.182991
-0.510270
-0.245664
-0.334295
-0.790545
-2.354330
-2.474765
-2.562227
-2.587834
-2.406480
-2.158594
-0.132712
-2.331412
-2.793275
-2.608062
-2.533229
-2.724288
-2.696225
0.006431
-2.331880
-2.500021
-1.624470
-1.354953
-1.960753
-2.538373
-0.002105
-2.281484
-2.354447
-1.518300
-1.388862
-1.761158
-2.487861
-0.019761
-2.076394
-2.414431
-2.390578
-2.391864
-2.389291
-2.160348
-0.152005
-1.068247
-1.643062
-2.239040
-2.368244
-2.356435
-1.894104
0.378002
-0.405035
-1.470312
-1.581546
-2.066547
-1.412659
-1.805806
-1.259569
-2.889323
-3.717635
-3.793366
-4.099871
-4.065995
-4.163386
-2.217194
-3.768936
-5.028831
-4.251821
-4.684869
-5.543311
-5.977173
-1.550114
-3.610309
-4.929649
-4.078536
-4.264849
-5.061893
-5.851770
-1.708904
-3.892222
-5.730275
-5.255046
-5.127851
-5.409276
-6.018703
-1.875022
-3.939778
-5.849327
-5.021340
-4.520053
-5.152118
-6.073913
-2.676951
-4.491715
-5.429959
-4.551974
-3.907694
-5.228826
-6.116908
0.257828
0.180295
0.128501
0.183935
0.170510
0.120452
0.109730
0.087459
0.064165
0.028840
0.057567
0.050172
0.027731
0.009528
-0.112489
-0.112489
-0.112489
-0.112489
-0.112489
-0.112489
-0.112489
-0.112489
-0.112489
-0.112489
-0.109246
-0.071418
-0.106004
-0.112489
-0.112489
-0.112489
-0.112489
-0.056059
0.055576
-0.058534
-0.112489
-0.075741
-0.106686
-0.112489
-0.038624
0.061463
-0.041725
-0.099519
0.010808
-0.068489
-0.112489
-0.087403
-0.059131
-0.070736
-0.068972
1.567584
1.567584
1.567584
1.567584
1.567584
1.567584
1.567584
1.567584
1.567584
1.567584
1.567584
1.567584
1.567584
1.567584
1.567584
1.567584
1.567584
1.567584
1.567584
1.567584
1.567584
1.567584
1.551401
1.466939
1.552191
1.567584
1.567584
1.567584
1.567584
1.494962
1.549033
1.494962
1.567584
1.567584
1.567584
1.567584
1.551796
1.498119
1.539166
1.466939
1.552191
1.567584
1.567584
1.567584
1.567584
1.494962
1.549033
1.494962
1.567584
-0.303952
-1.393415
-1.272840
-1.170837
-1.166037
-1.556963
-0.101489
-1.454103
-2.962036
-2.599110
-2.388818
-2.344988
-2.861632
-1.190609
-0.890656
-2.197155
-1.629651
-1.400101
-1.235182
-1.733940
-0.492872
-0.580647
-1.782171
-1.188894
-0.965573
-0.856541
-1.503361
-0.395212
-0.499044
-1.788742
-1.425359
-1.522791
-1.546220
-2.146067
-0.717051
-0.821283
-2.218412
-1.975948
-2.197897
-2.238699
-3.099697
-1.337870
0.208921
-0.778310
-0.695850
-0.972145
-1.008718
-1.563192
-0.196406
1.187389
1.187389
1.187389
1.187389
1.187389
1.187389
1.187389
1.571998
1.454628
1.723617
2.061416
2.188973
1.950295
1.495126
1.427879
1.685181
2.165599
2.234471
2.231346
2.147662
1.687993
1.236512
1.178202
0.629287
0.562727
0.520416
0.690347
0.983835
1.233075
1.083643
0.750657
0.668535
0.656723
0.662723
0.951024
0.939524
1.135391
1.187389
1.187389
1.164140
1.136391
1.164890
1.050645
1.131016
1.187389
1.187389
1.187389
1.187389
1.187389
2.168007
2.074269
2.327148
2.416228
2.192460
2.495022
2.332097
2.134432
2.444078
2.575272
2.617095
2.149084
2.863376
2.641646
2.375181
2.560037
2.272904
2.023809
1.657397
2.577019
2.822232
2.268246
2.288527
2.461544
2.328700
2.138119
2.651834
2.757217
2.285228
2.184309
2.185668
1.755210
1.485835
2.281832
2.344129
2.230984
2.318026
2.258251
2.390901
1.954719
3.022420
2.521125
2.462709
2.822038
2.664352
2.911991
2.680073
3.286070
2.411764
-0.480360
-1.345385
-1.973706
-1.636728
-2.141089
-1.665625
-1.932491
-1.956809
-3.135127
-3.725549
-3.658753
-3.909355
-3.656385
-3.726496
-2.800518
-3.911250
-5.139940
-4.691794
-4.713902
-5.104569
-5.478498
-2.024868
-3.590221
-4.842282
-3.956886
-3.727128
-4.687057
-5.408386
-2.091190
-3.686388
-5.162837
-4.705848
-4.456510
-4.942870
-5.354381
-1.769213
-3.548375
-5.478498
-5.395753
-5.288691
-5.276374
-5.431125
-2.145826
-3.897828
-5.478498
-5.374278
-5.277164
-5.375067
-5.478498
0.029443
-0.818480
-0.852726
-0.972960
-1.124609
-1.030367
-0.020080
-0.863813
-1.904529
-1.986820
-2.294427
-2.430060
-2.301449
-1.285002
-0.770435
-1.917833
-2.118265
-2.608687
-2.604498
-2.213860
-1.298923
-0.550416
-1.707054
-1.681676
-2.153744
-2.120975
-1.658148
-0.927873
-0.380413
-1.428027
-1.284140
-1.731569
-2.013430
-1.491101
-0.764399
-0.453588
-1.306561
-1.403636
-1.973639
-2.496706
-1.858825
-0.803573
-0.070219
-0.786573
-0.714629
-0.713398
-1.160950
-0.950417
-0.305636
2.246039
2.217686
2.246376
2.276036
2.276036
2.276036
2.276036
2.230536
2.211311
2.233942
2.264275
2.239505
2.261424
2.276036
2.252910
2.239050
2.257503
2.227150
2.168682
2.192659
2.264671
2.276036
2.276036
2.276036
2.210716
2.150664
2.173255
2.249702
2.266888
2.247623
2.264671
2.206420
2.080731
2.170147
2.261622
2.232793
2.194421
2.231843
2.162623
2.114470
2.112530
2.142091
2.217033
2.189570
2.220240
2.207608
2.151852
2.093185
2.109421
-0.414132
0.039396
-0.210774
0.071933
0.392281
0.495395
0.434308
-0.443639
-0.253998
-0.714703
-0.644525
-0.499303
0.312613
0.600743
-0.590455
-0.626422
-0.867580
-1.016071
-1.134178
-0.553692
-0.188126
-0.601700
-0.536306
-0.708562
-0.705213
-0.841184
-0.866623
-0.897007
-0.580567
-0.514535
-0.726506
-0.555765
-0.139001
-0.387337
-0.874279
-0.404642
0.004546
-0.524344
-0.525859
-0.471551
-0.583597
-0.487181
-0.559832
-0.554489
-0.608957
-0.745645
-0.921251
-0.868617
-0.576021
-0.016455
-1.547501
-1.537008
-1.202897
-1.194550
-1.316414
-1.439231
-1.656169
-1.677791
-1.887813
-1.786141
-1.776999
-1.798065
-1.922950
-1.855142
-2.044654
-2.084083
-2.099823
-2.104354
-2.104354
-2.104354
-2.016355
-2.053478
-2.100697
-2.101174
-2.104354
-2.104354
-2.104354
-1.936146
-2.068582
-2.104354
-2.104354
-2.104354
-2.104354
-2.104354
-1.758239
-2.019932
-2.104354
-2.104354
-2.104354
-2.104354
-2.104354
-1.890993
-2.023588
-2.104354
-2.104354
-2.104354
-2.104354
-2.104354
-0.538540
-2.037345
-2.158491
-2.223081
-2.215913
-1.857438
-1.255884
-0.314601
-1.294874
-2.117689
-2.208272
-2.224814
-1.933607
-1.257695
-0.021346
-0.903868
-1.534960
-1.814824
-1.962672
-1.642085
-1.087555
-0.001654
-0.579263
-1.245565
-1.924470
-1.882014
-1.156005
-0.684576
-0.199993
-1.134580
-1.453986
-1.998355
-2.025215
-1.260925
-0.889138
-0.832346
-1.867048
-2.047270
-2.133285
-2.208272
-1.927069
-1.440911
-1.734087
-1.980553
-2.238047
-2.238047
-2.238047
-2.219300
-2.106819
2.811077
2.813600
2.786281
2.724948
2.917503
2.890293
2.771359
2.810748
2.928804
2.816892
2.970716
3.307659
2.876359
2.551265
2.915199
2.803945
2.668992
2.291125
2.734055
2.841469
2.699275
2.894133
2.636626
3.165355
2.898412
3.350339
2.990136
2.698726
2.923757
2.682158
2.932315
2.535795
2.755560
2.662300
2.806249
2.873067
3.073192
2.791108
2.764118
2.789023
2.872299
2.785403
2.752926
3.039619
2.805372
2.866265
2.857816
3.093161
2.856610
-0.162160
-0.331149
-0.558514
-0.558514
-0.558514
-0.518686
-0.485115
0.016045
-0.318858
-0.558514
-0.558514
-0.558514
-0.525513
-0.452114
-0.562383
-0.555499
-0.558514
-0.513451
-0.643634
-0.492171
-0.558514
-0.585996
-0.527163
-0.558514
-0.458601
-0.407961
-0.471005
-0.540421
-0.547590
-0.464917
-0.538031
-0.500706
-0.226342
-0.391575
-0.533251
-0.376667
-0.404547
-0.486595
-0.537348
-0.378431
-0.446937
-0.531886
-0.304236
-0.417065
-0.373936
-0.200794
-0.349072
-0.529041
-0.558514
-1.329918
-1.129195
-2.876256
-1.645027
-1.662912
-1.564995
-2.709245
-1.213087
-2.937503
-3.345253
-3.049444
-3.278860
-3.319906
-3.700250
-3.248109
-3.509306
-4.459008
-3.919372
-4.505844
-5.183927
-5.482695
-2.425917
-3.341393
-3.899043
-3.508405
-3.623306
-4.315028
-5.272451
-2.380368
-3.320678
-4.567347
-4.029127
-4.007253
-4.371385
-4.596040
-2.252857
-3.206677
-4.789429
-5.168744
-5.255338
-4.579571
-4.762151
-3.132693
-3.829175
-5.161796
-5.286347
-5.482695
-5.291236
-5.068897
0.098160
0.098160
0.098160
0.098160
0.098160
0.098160
0.098160
0.098160
0.098160
0.098160
0.098160
0.098160
0.098160
0.098160
0.098160
0.098160
0.098160
0.098160
0.098160
0.098160
0.098160
0.098160
0.098160
0.098160
0.098160
0.098160
0.098160
0.098160
0.098160
0.098160
0.098160
0.098160
0.098160
0.098160
0.098160
0.098160
0.098160
0.098160
0.098160
0.098160
0.098160
0.098160
0.098160
0.098160
0.098160
0.098160
0.098160
0.098160
0.098160
0.622810
0.622810
0.622810
0.622810
0.622810
0.622810
0.622810
0.776764
0.661687
0.622810
0.622810
0.622810
0.622810
0.622810
0.665575
0.600050
0.622810
0.622810
0.622810
0.622810
0.622810
0.601110
0.604786
0.692789
0.640482
0.622810
0.622810
0.622810
0.600898
0.584711
0.610440
0.604432
0.622810
0.622810
0.622810
0.616025
0.608320
0.605846
0.612208
0.622810
0.622810
0.622810
0.622810
0.622810
0.622810
0.622810
0.622810
0.622810
0.622810
2.531025
2.454320
2.504264
2.457516
2.459662
2.459662
2.459662
2.463479
2.334540
2.416635
2.358009
2.391544
2.459662
2.436956
2.459662
2.449359
2.691924
2.572955
2.447737
2.522105
2.456657
2.459662
2.378521
2.430087
2.399271
2.398795
2.463001
2.439961
2.459662
2.443444
2.456657
2.460140
2.456848
2.459662
2.459662
2.504264
2.457516
2.459662
2.459662
2.459662
2.459662
2.459662
2.462048
2.445590
2.459662
2.459662
2.459662
2.459662
2.459662
1.730495
1.728655
1.728962
1.728962
1.728962
1.728962
1.728962
1.718231
1.665089
1.594063
1.667133
1.692478
1.637905
1.677353
1.633919
1.676637
1.745824
1.725590
1.724670
1.739079
1.728349
1.732028
1.765140
1.880724
1.780674
1.758292
1.829728
1.775666
1.647716
1.675718
1.728962
1.728962
1.728962
1.728962
1.728962
1.721297
1.704435
1.728962
1.728962
1.728962
1.728962
1.728962
1.958904
1.802339
1.728962
1.728962
1.728962
1.728962
1.728962
0.199873
0.308014
-1.407023
-0.894510
-1.375699
-1.134210
-2.093754
0.169296
-1.452218
-2.911745
-2.699342
-2.994081
-2.908762
-3.169940
-1.620619
-3.001091
-5.030110
-4.917644
-4.894524
-4.942852
-5.039507
-0.779060
-2.642959
-4.946580
-4.814574
-4.728807
-4.860217
-4.985809
-0.782193
-2.630280
-5.027873
-4.918538
-4.893331
-4.944194
-5.038910
-0.219265
-2.277369
-4.982230
-4.915704
-4.817557
-4.960751
-5.092011
-1.345867
-2.639230
-4.939868
-4.694948
-4.711654
-4.826507
-5.092011
-1.908170
-3.018333
-2.992733
-3.190928
-3.129405
-3.061275
-3.530748
-1.712591
-3.389810
-3.968014
-4.029675
-4.055550
-4.067111
-4.299990
-1.440212
-3.611540
-3.792943
-4.026784
-4.195800
-4.091335
-4.425926
-1.270370
-3.403986
-2.791236
-2.795228
-3.334619
-2.530005
-3.838500
-0.912932
-3.344391
-3.649252
-3.547540
-3.604245
-2.871477
-4.117623
-1.127780
-3.581260
-4.465014
-4.507268
-4.403491
-4.360825
-4.487449
-3.220106
-4.128222
-4.505616
-4.688946
-4.731062
-4.718951
-4.712344
-0.166747
0.082132
0.006049
-0.022181
-0.013340
-0.060804
0.017295
-0.289829
0.261598
0.090974
-0.000931
0.004653
-0.163955
-0.034435
-0.255937
0.295025
0.014348
-0.015977
-0.053669
-0.138206
-0.010005
-0.242830
0.281685
0.053902
-0.035056
-0.066621
0.008686
-0.289053
-0.258108
0.281453
0.044905
0.018148
-0.103073
0.062045
-0.238564
-0.278118
0.236470
-0.026835
-0.203664
0.047309
0.077091
-0.281841
-0.231429
0.111061
-0.095317
0.081202
0.137896
-0.221889
0.204129
-1.225844
-1.309342
-1.164441
-0.959417
-0.929762
-1.236543
-1.396213
-0.331086
-0.217468
0.238982
-0.039656
-0.203745
-0.122456
0.027678
-0.551810
-0.556694
-0.861614
-1.452964
-1.662873
-1.041868
-0.555066
-0.339459
-0.659032
-0.909876
-0.741019
-0.936391
-0.789280
-0.710899
-0.215607
-0.172113
0.392489
0.739739
0.741251
0.580651
0.243634
0.168160
0.232819
0.229214
0.550298
0.959301
0.474243
0.240494
0.737414
0.550415
0.139203
0.091871
0.259566
0.131295
0.418771
2.124532
2.034808
1.787964
1.811894
1.753077
1.907355
1.988602
1.982710
1.898724
1.760210
2.205935
2.188879
1.865646
1.726460
2.007416
1.963691
2.286717
2.277828
1.635909
2.365432
2.332716
1.846109
1.656635
2.346929
1.516467
0.870983
2.248781
2.201490
1.968084
1.722170
2.564623
1.826469
0.737586
2.648041
1.902652
1.916606
1.950149
1.723566
2.303825
2.187018
2.285322
1.713384
2.034188
2.044835
1.913247
2.161538
2.088250
1.910714
1.952320
0.089963
0.089963
0.089963
0.089963
0.089963
0.089963
0.089963
0.089963
0.089963
0.089963
0.089963
0.089963
0.089963
0.089963
0.089963
0.089963
0.089963
0.089963
0.089963
0.089963
0.089963
0.089963
0.089963
0.089963
0.089963
0.089963
0.089963
0.089963
0.089963
0.089963
0.089963
0.089963
0.089963
0.089963
0.089963
0.089963
0.089963
0.089963
0.089963
0.089963
0.089963
0.089963
0.089963
0.089963
0.089963
0.089963
0.089963
0.089963
0.089963
1.409829
1.409829
1.409829
1.409829
1.409829
1.409829
1.409829
1.576374
1.478473
1.409829
1.409829
1.409829
1.409829
1.409829
1.537941
1.518378
1.512318
1.452071
1.409829
1.425670
1.448263
1.366289
1.417879
1.409829
1.418139
1.409829
1.412686
1.409829
1.406886
1.396066
1.335732
1.384207
1.409829
1.400481
1.382043
1.354257
1.397884
1.409829
1.409829
1.409829
1.409829
1.409829
1.344995
1.387410
1.409829
1.409829
1.409829
1.409829
1.409829
-1.774599
-2.995716
-2.105318
-1.403111
-1.249166
-1.975672
-2.838184
-3.094377
-3.478096
-3.247180
-3.536641
-3.711133
-3.829690
-4.068923
-2.197293
-3.874862
-4.167584
-4.454110
-4.504827
-4.581472
-4.637734
-2.207404
-3.832625
-4.601531
-4.539399
-4.287608
-4.585549
-4.661869
-1.841949
-3.470106
-4.286141
-4.506620
-4.607564
-4.476451
-4.277987
-1.682624
-2.917439
-3.719939
-4.489986
-4.661869
-4.486073
-3.747010
-2.847642
-3.641010
-4.184055
-4.530103
-4.661869
-4.518362
-4.529125
-1.463291
0.052935
-0.127983
-0.119004
0.001340
-0.027741
-0.475211
-1.226087
0.400699
0.299386
0.417987
0.335703
0.679179
0.113643
-1.463559
0.350177
0.162826
0.062986
0.174887
0.520239
0.251007
-1.391058
0.298448
-0.026535
0.396411
-0.106004
0.062182
0.353527
-1.426839
0.385154
-0.142456
0.383144
0.380732
-0.302468
0.363042
-1.438766
0.007907
0.166176
0.490220
0.270439
0.128251
0.135085
-1.048520
-0.657201
-0.620749
-0.702095
-0.818687
-0.534847
-0.860901
-1.852351
-2.013923
-2.096618
-1.900462
-1.831841
-1.907663
-2.640792
-1.626303
-1.438438
-1.378326
-1.958502
-2.310120
-1.884098
-2.280228
-1.482077
-0.975105
-0.795969
-1.022563
-1.203008
-1.632303
-2.297901
-1.538480
-1.545026
-0.850081
-0.931139
-1.057691
-1.400036
-2.523622
-1.584191
-2.179859
-2.044361
-1.907226
-2.249026
-1.509242
-2.849166
-1.487750
-1.665578
-2.238771
-2.533986
-2.556024
-2.265390
-2.437327
-1.802276
-2.255463
-2.263100
-2.260481
-2.125638
-2.251426
-3.118526
-0.966056
-1.123198
-0.872644
-1.258193
-1.511157
-0.939991
-2.259805
-1.356877
-1.070918
-0.602655
-0.530638
-2.703057
-2.477664
-1.902732
-1.511458
-0.865262
-0.192397
0.212737
-2.148163
-3.260664
-2.030043
-1.429648
-0.045350
-0.353758
-0.803489
-1.231073
-2.992633
-2.330466
-1.547919
-0.187878
-0.677233
-0.975698
-1.583626
-2.587649
-2.064695
-1.734139
-1.092463
-1.110241
-0.863002
-1.842316
-2.383048
-1.961792
-1.293448
-1.360795
-1.186627
-0.854263
-1.111446
-1.681558
-2.006690
1.153692
0.919744
0.697600
0.692160
0.594505
0.753021
0.563705
0.836198
1.177207
1.039531
1.390867
1.348172
1.179604
0.761689
0.953310
1.026436
1.226080
1.269882
1.199799
1.409771
0.855194
0.955339
0.905543
1.287402
0.854733
0.657856
1.161530
0.692805
0.882029
1.058342
1.248488
1.180711
1.117544
1.161530
1.116437
0.904068
1.399258
1.258170
1.508348
1.497282
1.395293
1.209020
0.800143
0.860266
0.403068
0.488735
0.610827
0.579197
0.048413
-1.088545
-2.817129
-1.903027
-1.726708
-2.019320
-2.048082
-1.229433
-1.809031
-2.933425
-1.802571
-2.680410
-3.289604
-2.792746
-1.783813
-0.757167
-1.466817
-0.729865
-1.726916
-2.624763
-1.838626
-0.868877
-0.501860
-1.431803
-0.360139
-0.998927
-1.606037
-1.463482
-0.650668
-0.679220
-1.934915
-1.603327
-2.360287
-3.043468
-2.440942
-1.275909
-1.766307
-3.144548
-3.124748
-4.083035
-4.596149
-3.979245
-3.131626
-1.573316
-3.088067
-2.376334
-2.242533
-2.579121
-3.622024
-3.064308
1.866392
1.866392
1.866392
1.866392
1.866392
1.866392
1.866392
1.866392
1.866392
1.866392
1.866392
1.866392
1.866392
1.866392
1.866392
1.866392
1.881087
1.978822
1.898277
1.980762
1.866392
1.866392
1.866392
1.871382
1.850311
1.469491
1.899663
1.866392
1.873739
1.867501
1.891207
1.994210
1.875264
1.995319
1.866392
1.868887
1.839636
1.868610
1.866392
1.866392
1.866392
1.866392
1.874987
1.865837
1.874987
1.866392
1.866392
1.866392
1.866392
0.169364
0.417415
-0.244304
-0.234936
-0.262289
0.179106
0.079436
0.696191
0.331609
-0.218075
-0.236435
-0.262289
0.243180
0.577786
-0.328986
-0.260791
-0.262289
-0.262289
-0.262289
-0.262289
-0.262289
-0.214890
-0.195780
-0.262289
-0.262289
-0.262289
-0.262289
-0.262289
-0.146882
-0.183041
-0.339290
-0.302195
-0.262289
-0.262289
-0.262289
-0.426970
-0.308377
-0.374699
-1.192293
-1.675655
-0.781060
-0.262289
-0.181354
-0.099295
0.164118
0.508279
0.512401
0.271095
-0.262289
-0.338046
-0.533906
-0.246251
-0.273618
-0.160768
-0.347741
0.030548
-0.509316
-0.741732
-0.219844
-0.236001
-0.092805
-0.291088
-0.034688
0.026256
0.057511
0.676849
0.808281
1.006261
0.784045
0.730674
-0.127544
-0.270992
0.429336
0.798233
1.032265
0.700783
0.627216
-0.117597
-0.354456
0.352386
0.790760
1.022217
0.594194
0.562636
-0.338046
-0.560818
0.138450
0.486190
0.614693
0.043575
0.116940
0.058823
0.034436
0.518455
0.700530
0.788387
0.305832
0.282202
0.863274
0.863274
0.863274
0.863274
0.863274
0.863274
0.863274
0.795847
0.826038
0.858619
0.854845
0.849310
0.846417
0.853965
0.816100
0.746409
0.700745
0.741818
0.821824
0.845159
0.849184
0.855285
0.846606
0.926549
0.891389
0.876922
0.889250
0.872016
0.848367
0.903339
1.011461
0.980389
0.903277
0.886105
0.876671
1.008379
0.915919
0.863274
0.863274
0.863274
0.863274
0.863274
0.977433
0.930260
0.863274
0.863274
0.863274
0.863274
0.863274
0.785163
-0.576320
-0.740633
-0.845941
-0.848629
-0.653895
0.904764
-0.623415
-2.820272
-3.247366
-3.590469
-3.819227
-3.645139
-0.951554
-0.923089
-3.468547
-4.014754
-4.579773
-4.944012
-4.839499
-1.797862
-0.662631
-3.078776
-3.895947
-4.824411
-5.123903
-5.107043
-1.680398
-0.507968
-2.896443
-4.092879
-5.397922
-5.581476
-5.098797
-1.203278
-0.406386
-2.636290
-3.788624
-5.033743
-5.045044
-4.746530
-0.858891
0.868725
-0.655178
-1.550169
-2.516322
-2.569098
-2.121175
0.551948
0.152293
-0.611556
-2.188895
-4.264214
-4.137733
-2.071150
-0.332782
-1.155007
-4.741943
-9.455889
-13.036670
-12.267856
-8.508970
-3.351844
-3.327223
-9.517442
-14.721428
-15.130653
-14.020321
-13.585283
-8.567346
-3.707857
-10.639291
-15.738635
-13.983390
-12.042295
-14.985706
-11.334638
-3.030579
-9.506124
-14.949768
-13.638099
-12.440998
-15.976110
-11.361243
-2.020915
-7.185784
-12.712625
-14.389241
-14.862006
-15.973926
-8.908665
-1.124032
-4.463566
-7.943479
-10.676420
-11.408103
-10.426834
-4.701040
1.823020
1.763462
1.748173
1.727383
1.692089
1.657607
1.719954
1.669194
1.485196
1.516990
1.691582
1.695537
1.526295
1.538947
1.508851
1.358448
1.489252
1.748756
1.822538
1.696805
1.649443
1.520489
1.470262
1.652206
1.821854
1.851823
1.831260
1.810115
1.450206
1.389812
1.609737
1.827863
1.851823
1.804511
1.783213
1.511285
1.383524
1.602562
1.819546
1.851823
1.792037
1.751267
1.733113
1.663159
1.750506
1.840286
1.851823
1.835089
1.805880
-0.879858
0.201069
-0.159968
0.022769
-0.004510
0.134070
-0.564724
-0.142727
0.481212
0.193503
0.271487
0.217873
0.394572
-0.062125
-0.169716
0.146655
0.101189
-0.017386
0.061470
0.239042
-0.171461
-0.071291
0.227257
0.203251
0.127232
0.046921
0.334775
-0.026116
-0.063216
0.202451
-0.097770
0.149056
-0.034772
-0.020151
-0.189721
-0.294038
0.212563
0.030990
0.182664
0.178081
0.130142
0.005092
-0.382933
0.186665
0.040883
-0.063070
0.055723
-0.023861
-0.170807
1.537364
1.537364
1.537364
1.537364
1.537364
1.537364
1.537364
1.537364
1.537364
1.537364
1.537364
1.537364
1.537364
1.537364
1.537364
1.537364
1.537364
1.537364
1.537364
1.537364
1.537364
1.537364
1.537364
1.537364
1.537364
1.537364
1.537364
1.537364
1.537364
1.537364
1.537364
1.537364
1.537364
1.537364
1.537364
1.537364
1.537364
1.537364
1.537364
1.537364
1.537364
1.537364
1.537364
1.537364
1.537364
1.537364
1.537364
1.537364
1.537364
-1.137167
-1.015670
-1.746020
-0.976237
-1.265819
-1.362803
-2.103050
-1.669133
-1.103519
-1.584177
-2.335995
-2.563306
-2.196685
-2.765801
-0.567441
-0.766891
-0.631083
-2.435872
-2.766258
-2.095894
-2.346196
-0.909094
0.131088
-1.078854
-1.095754
-2.358071
-1.387316
-2.265198
-0.876664
-0.148902
-2.895367
-1.099408
-0.440616
-2.078994
-2.146442
-1.415635
-0.890214
-2.926731
-0.775721
0.154231
-2.392023
-2.734894
-3.381963
-1.875434
-2.589341
-1.793218
-2.534835
-2.152227
-3.256660
-4.823041
-3.361834
-3.081204
-3.583229
-3.726915
-3.275621
-2.961270
-3.065663
-3.479129
-3.990097
-4.269260
-3.860632
-4.193165
-3.332070
-2.525517
-2.871099
-2.579473
-2.378458
-1.934055
-2.788112
-3.744216
-2.153984
-2.140641
-1.528213
-1.447426
-1.448012
-1.679817
-3.066835
-2.010150
-2.273185
-2.666858
-3.319460
-3.639970
-3.105983
-4.116776
-2.031410
-2.357051
-3.683370
-5.000890
-5.279760
-4.963063
-3.799932
-2.893825
-3.007895
-3.813128
-5.214368
-5.612879
-5.111001
-3.751254
1.179132
1.281213
1.127557
1.256251
1.389511
1.358041
1.240808
1.275774
1.512960
1.370377
1.282767
1.094048
1.403303
1.297045
0.956515
1.697794
1.213030
1.206716
0.969627
1.343181
1.156015
0.882989
1.778411
0.883183
1.762773
1.727419
1.542778
1.206231
0.948745
1.911864
0.723602
1.063064
1.127654
1.076856
1.197878
1.140669
2.025213
1.434967
1.167379
1.242071
1.276357
1.336090
1.059665
1.143000
1.060830
1.170973
1.312197
1.311808
1.312003
0.936645
1.741682
1.593585
1.593585
1.593585
1.593585
1.593585
1.904967
1.741682
1.593585
1.593585
1.593585
1.593585
1.593585
1.593585
1.593585
1.593585
1.593585
1.593585
1.593585
1.593585
1.593585
1.593585
1.593585
1.593585
1.593585
1.593585
1.593585
1.593585
1.593585
1.593585
1.593585
1.593585
1.593585
1.593585
1.593585
1.593585
1.593585
1.593585
1.593585
1.593585
1.593585
1.593585
1.593585
1.593585
1.593585
1.593585
1.593585
1.593585
-1.135182
-1.204818
-1.093840
-1.069736
-1.087866
-1.111970
-1.049683
-0.120042
-0.643888
-0.361912
-0.445626
-0.540671
-0.305256
0.115441
-0.390893
-0.824501
-1.363317
-1.534522
-1.584860
-1.462551
-0.856503
0.208289
-0.795589
-1.128384
-1.032789
-1.201521
-1.235034
-0.952097
0.207945
-0.329086
0.035711
0.507570
0.682002
0.561136
0.286577
0.405932
-0.061120
-0.044157
-0.125742
0.189746
0.580983
0.125330
0.304501
-0.212478
-0.779931
-0.568141
-0.375372
-0.672456
-0.215705
-0.849524
-1.988961
-0.302189
-0.183408
-0.535781
-0.031049
-0.267169
-3.292310
-1.386749
-0.943394
-2.261184
-0.438662
-0.236480
-0.059210
-2.575649
-3.155477
-3.047888
-1.197204
-2.336281
-0.856744
-0.110117
-3.487993
-3.353687
-2.941742
-2.719342
-1.739484
-2.420402
-0.970472
-3.716170
-4.729244
-0.494984
-2.314979
-3.031641
-0.519895
-2.461922
-1.539829
-2.673851
-1.554993
-0.210124
-0.251283
-1.918920
-0.251283
-1.858265
-0.244423
-0.038631
-0.038631
-0.038631
-0.038631
-0.038631
-1.061648
-1.174870
-1.077034
-1.474065
-1.567720
-1.353484
-0.863300
-1.231732
-1.577086
-1.669904
-2.242204
-2.413961
-2.386199
-1.795502
-0.801922
-1.366194
-1.670740
-1.921100
-1.803195
-2.446071
-1.989503
-0.734691
-1.308329
-1.670573
-1.484601
-1.230060
-2.120452
-1.982813
-0.803260
-1.573908
-2.319971
-1.902537
-1.471891
-2.525176
-2.292209
-0.965484
-1.713220
-2.260768
-2.495742
-1.889993
-2.270970
-1.894175
-0.872163
-1.113660
-1.081048
-1.649334
-1.453160
-1.377901
-0.989232
-3.141812
-2.386612
-2.689940
-3.353742
-3.578797
-2.960455
-2.664490
-2.365163
-3.509488
-4.112463
-4.459331
-4.920646
-5.237421
-3.560710
-1.856467
-2.963977
-3.044171
-2.357480
-2.338912
-4.232995
-4.251883
-1.688075
-3.031205
-3.283632
-1.568185
-0.746556
-2.740202
-5.012045
-1.567225
-2.881862
-3.955437
-2.792864
-2.543318
-3.565992
-4.527200
-1.363939
-2.875459
-4.496626
-5.761963
-5.968130
-5.364835
-3.577357
-2.648323
-3.859076
-4.646770
-5.784052
-6.150448
-6.001424
-4.766181
-0.863895
-0.424068
-0.426270
-0.536342
-0.488374
-0.494168
-0.330217
-0.276340
-0.403328
-0.465317
-0.311910
-0.293372
-0.446315
-0.166499
-0.196624
-0.288274
-0.159315
0.000927
-0.202649
-0.110304
0.075081
-0.256643
-0.381198
-0.298586
-0.069867
-0.226749
0.115865
0.083771
-0.185501
-0.251429
-0.187934
-0.178549
-0.415494
0.037309
0.073227
-0.135447
-0.191758
-0.408195
-0.533330
-0.854393
-0.427892
-0.250733
-0.193032
0.086204
-0.108103
-0.172640
-0.262088
-0.204387
-0.023521
-0.507617
-0.394697
-0.199843
-0.242254
-0.381435
-0.402575
-0.232406
-0.309481
-0.071954
0.218882
-0.105305
-0.362134
-0.206408
0.101103
-0.192096
0.128808
-0.054622
-0.282695
-0.289129
-0.268646
-0.094801
-0.282695
-0.282695
-0.286372
-0.318410
-0.382879
-0.470852
-0.228992
-0.386556
-0.463368
-0.518121
-0.684351
-0.657697
-0.578390
-0.317885
-0.498951
-0.456147
-0.547796
-0.505648
-0.228598
0.094669
-0.068934
-0.301866
0.261293
0.330227
0.327864
0.914131
0.898375
0.786111
1.784699
1.784699
1.784699
1.784699
1.784699
1.784699
1.784699
1.784699
1.784699
1.777059
1.784849
1.777059
1.784699
1.784699
1.784699
1.784699
1.711298
1.805146
1.711822
1.773239
1.784699
1.784699
1.784699
1.736614
2.051864
1.784249
1.778183
1.784699
1.784699
1.784699
1.728075
1.767172
1.718638
1.773913
1.784699
1.784699
1.784699
1.784699
1.784699
1.784699
1.784699
1.784699
1.784699
1.784699
1.784699
1.784699
1.784699
1.784699
1.784699
-7.542191
-3.999838
-4.207366
-4.450009
-4.727768
-4.732404
-4.228093
-3.162413
-3.206796
-3.212406
-4.220778
-5.196230
-4.895790
-1.986262
-2.745164
-2.110389
-2.419119
-3.079500
-3.022923
-3.345798
-1.944562
-2.637620
-2.227931
-2.133068
-1.125427
-1.164445
-1.984067
-2.179889
-2.681272
-2.735653
-3.566006
-2.473013
-2.610064
-3.720859
-2.940255
-3.662820
-3.649895
-4.775322
-5.837831
-5.775160
-6.151685
-2.943912
-4.450008
-3.069501
-3.499919
-4.443425
-4.795075
-4.395140
-3.024143
-0.391052
-0.533963
-0.535243
-0.739586
-0.715838
-0.457602
0.240603
-0.685123
-0.702613
-0.855905
-1.032377
-0.887616
-1.208563
-0.298906
-0.722806
-0.877520
-1.150971
-1.390153
-1.253072
-1.707260
-0.884772
-0.894726
-1.168747
-1.398401
-1.550271
-1.240274
-2.010148
-1.143435
-0.909657
-1.155096
-1.620233
-1.899800
-1.670715
-1.826567
-0.773713
-1.086128
-0.977914
-1.106179
-2.423951
-2.600137
-1.358443
0.015357
-0.495427
-0.186710
0.045219
-0.657536
-1.007918
-0.013936
0.553160
-0.073391
-0.103512
-0.068215
-0.080385
-0.077587
-0.101367
-0.072692
-0.056186
-0.075023
-0.053808
-0.080385
-0.069894
-0.085747
-0.069195
-0.046114
-0.053574
-0.041918
-0.080385
-0.046114
-0.053574
-0.041918
-0.077028
-0.105564
-0.071153
-0.080385
-0.080385
-0.080385
-0.080385
-0.067796
-0.086820
-0.058004
-0.141933
-0.097730
-0.064998
-0.080385
-0.039260
-0.048212
-0.000653
-0.076562
-0.055300
-0.058004
-0.080385
-0.080385
-0.080385
0.029282
0.073950
0.096331
-0.003450
-0.080385
-1.947152
-2.129247
-1.284031
-0.537066
-0.627105
-1.312844
-2.854315
-1.977405
-2.187881
-2.284259
-1.849189
-1.734227
-2.077817
-2.629865
-1.662484
-2.600044
-3.061045
-3.061045
-3.061045
-3.061045
-3.061045
-1.689136
-2.430194
-3.061045
-3.061045
-3.061045
-3.061045
-3.061045
-1.628917
-2.469235
-3.033385
-3.061045
-3.061045
-3.061045
-3.061045
-1.894137
-2.571952
-3.045918
-3.061045
-3.061045
-3.061045
-3.061045
-2.775801
-2.784157
-3.029495
-3.061045
-3.061045
-3.061045
-3.061045
0.207624
-0.049821
-0.262394
-0.175875
0.049042
-0.159471
-0.665632
0.516002
0.154467
-0.458397
-0.397177
0.216799
0.014679
-1.123084
0.812370
0.298258
-0.676864
-0.777173
0.262227
0.201063
-1.516981
1.028891
0.498932
-0.782511
-1.090111
0.456340
0.376771
-1.646315
0.828718
0.326727
-1.019327
-1.180189
0.527568
0.343909
-1.490569
0.518949
0.006450
-0.955328
-0.811648
0.253664
0.215131
-1.119025
0.203065
-0.136229
-0.465848
-0.309490
0.038200
0.017793
-0.621705
-0.055031
-0.139584
-0.038264
-0.075094
-0.098311
-0.067499
-0.083980
-0.128119
-0.171972
-0.227576
-0.148469
-0.050159
0.011751
-0.067929
-0.079967
-0.081973
-0.067069
0.136861
-0.002580
0.251939
-0.065923
-0.079967
-0.152195
-0.266987
-0.019204
-0.570947
-0.078104
-0.278595
-0.079967
-0.170252
-0.631138
-0.601902
-0.926930
-0.591441
-0.404994
-0.081973
-0.010605
-0.217545
-0.349533
-0.421332
-0.324167
-0.203787
-0.152195
-0.023646
-0.109346
-0.164233
-0.121240
-0.079967
-0.079967
-2.108284
-2.719548
-2.945804
-3.001498
-3.028350
-3.012935
-2.975640
-2.789787
-3.046873
-3.074099
-3.056446
-3.036804
-3.045754
-3.064402
-2.893342
-3.046376
-3.039042
-3.032328
-3.032328
-3.032328
-3.032328
-2.686480
-2.898439
-2.470666
-2.885635
-2.887997
-2.162610
-2.884640
-2.192446
-2.092123
-1.476134
-1.664847
-2.455997
-1.546497
-2.462461
-2.794511
-2.718305
-2.442695
-1.542644
-1.603807
-2.142595
-2.833173
-3.215198
-3.297620
-3.284815
-2.910249
-2.750627
-3.054457
-3.156645
1.708708
1.708708
1.571176
1.468484
1.599538
1.438655
1.708708
1.708708
1.681202
1.390855
1.976806
2.401629
1.356502
1.542080
1.626189
1.379241
1.280095
1.979495
2.272043
1.664209
1.346477
1.694038
1.795751
2.665204
2.228033
2.478648
2.611780
1.398312
1.609685
1.280095
1.869102
1.182171
1.142562
1.577533
1.292076
1.708708
1.484255
1.520197
2.279745
2.562268
1.495624
1.533889
1.708708
1.708708
1.438044
1.387921
1.726435
1.360414
1.708708
0.742108
0.742108
0.742108
0.742108
0.742108
0.742108
0.742108
0.742108
0.742108
0.742108
0.742108
0.742108
0.742108
0.742108
0.742108
0.742108
0.747900
0.765040
0.769971
0.752439
0.742108
0.742108
0.742108
0.745630
0.748683
0.744300
0.748370
0.742108
0.742108
0.742108
0.739447
0.728177
0.721525
0.735378
0.742108
0.742108
0.742108
0.742108
0.742108
0.742108
0.742108
0.742108
0.742108
0.742108
0.742108
0.742108
0.742108
0.742108
0.742108
-2.060208
-1.664528
-1.717110
-1.954481
-2.044908
-1.677018
-1.445143
-1.258919
-1.708617
-1.914825
-2.016368
-2.064767
-1.942491
-1.528513
-0.774186
-1.259543
-1.489482
-1.270097
-1.482488
-1.591899
-1.713051
-0.584902
-0.691753
-0.372449
-0.351653
-0.219198
-0.546620
-0.965156
-0.483296
-0.780743
-0.731221
-0.981144
-0.943424
-0.619374
-1.462754
-0.684384
-1.309003
-1.855311
-1.957416
-1.938869
-1.800231
-1.755767
-1.579160
-1.962037
-2.188916
-2.232006
-2.232006
-2.154319
-1.809723
1.876802
1.876802
1.876802
1.876802
1.876802
1.876802
1.876802
1.673838
1.858853
1.876802
1.876802
1.876802
1.865119
1.720676
1.751370
1.814564
1.510172
1.295631
1.125380
1.691150
1.073126
1.819237
1.820618
1.533750
1.516544
1.738307
1.254104
1.519943
1.765708
2.021138
2.358243
2.708517
2.628330
2.022732
2.442253
2.245556
2.112052
2.381184
2.446183
2.418994
2.831293
2.702994
2.152093
2.000003
1.934154
1.898043
2.025493
2.363235
2.254902
1.438805
-0.608701
-0.408615
-0.411675
-0.579258
-0.249369
-0.170749
-0.166422
-1.288213
-1.630132
-1.700521
-1.778720
-1.689652
-1.619157
0.170854
-1.354592
-1.514154
-1.888894
-1.963082
-1.999807
-2.067768
0.136662
-1.381713
-1.753287
-1.793072
-1.635409
-1.761307
-2.045607
0.294747
-1.426353
-2.062492
-2.045079
-1.985982
-1.866943
-2.002339
0.316698
-1.442077
-2.098161
-2.073150
-2.038853
-2.021018
-1.911477
-0.451355
-1.657570
-2.072095
-2.006772
-1.911055
-2.054999
-2.080854
0.306449
0.306449
0.306449
0.306449
0.306449
0.306449
0.306449
0.306449
0.306449
0.306449
0.306449
0.306449
0.306449
0.306449
0.306449
-0.641945
-0.295105
-0.939113
-0.003609
0.124951
0.306449
0.306449
-0.257809
0.139389
-1.323764
-0.280668
-1.111157
0.295105
0.306449
-0.148154
-0.117045
-0.956988
-0.085077
0.058952
0.218794
0.306449
0.160014
0.199200
0.213638
0.282043
0.288574
0.290981
0.306449
0.306449
0.306449
0.306449
0.306449
0.306449
0.306449
2.010091
2.010091
2.010091
2.010091
2.010091
2.010091
2.010091
2.010091
2.010091
2.010091
2.010091
2.010091
2.010091
2.010091
2.010091
2.010091
2.010091
2.010091
2.010091
2.010091
2.010091
2.010091
2.010091
2.010091
2.010091
2.010091
2.010091
2.010091
2.010091
2.010091
2.010091
2.010091
2.010091
2.010091
2.010091
2.010091
2.010091
2.010091
2.010091
2.010091
2.010091
2.010091
2.010091
2.010091
2.010091
2.010091
2.010091
2.010091
2.010091
-0.622917
-0.622917
-0.622917
-0.622917
-0.622917
-0.622917
-0.622917
-0.622917
-0.498834
-0.435159
-0.434742
-0.517325
-0.622917
-0.622917
-0.573283
0.060616
0.380034
-0.255395
-0.634456
-0.622917
-0.622917
-0.390322
0.611447
0.638766
-0.234263
-0.714467
-0.620692
-0.619510
-0.374751
0.534842
0.097876
-0.683464
-0.518854
-0.614644
-0.627574
-0.557712
-0.286885
-0.459697
-0.433630
-0.561397
-0.584475
-0.620345
-0.622917
-0.604287
-0.514475
-0.402696
-0.569182
-0.674149
-0.622917
0.348927
0.345863
0.486144
0.681488
0.877155
0.714381
0.289509
0.570634
0.826202
1.054279
1.186013
1.238094
1.089349
0.864900
0.723814
1.115067
1.287354
1.282194
1.087978
1.018241
0.556203
0.633841
0.642226
-0.015479
0.249441
0.033458
0.431966
0.145279
0.552495
0.894569
0.323935
0.294266
0.064577
0.315227
0.532017
0.556526
1.061454
1.036300
0.509927
0.228883
0.673587
0.635050
0.127381
0.359085
0.296282
0.492996
0.435836
0.457443
0.145037
-2.313404
-0.181526
-1.552530
-1.057963
-1.260351
-1.170866
-2.575619
0.776010
-0.127222
-1.884083
-1.557951
-2.158775
-1.433593
-1.839188
-0.756272
-1.139777
-3.961555
-4.499587
-4.918272
-3.947647
-3.932818
0.453763
-0.763328
-4.119968
-4.694305
-5.022892
-4.459805
-4.081822
0.065656
-1.398310
-4.522086
-4.946396
-4.862127
-4.643785
-3.985384
-0.267328
-0.897197
-3.742497
-4.349253
-4.932795
-3.376889
-4.372366
-1.967943
-1.545474
-3.753644
-4.105651
-4.158728
-4.590810
-3.431500
-0.124192
-1.009599
-1.016527
-0.987193
-1.013800
-0.685522
-0.459250
-1.063919
-0.931251
-1.350923
-1.300583
-1.113595
-1.222677
-1.336845
-0.990362
-1.654436
-1.694384
-1.748335
-1.836117
-1.845404
-1.973722
-0.891156
-1.153617
-1.758654
-1.770004
-1.649645
-1.540342
-1.394334
-0.707486
-0.752887
-1.214054
-1.809510
-1.730499
-0.780379
-1.092958
-0.776325
-0.717878
-0.589633
-1.589061
-1.531940
-0.730039
-0.935158
-1.484990
-1.440547
-1.294244
-1.070257
-1.230490
-1.405169
-1.705660
-0.438153
-0.127439
-1.954869
-1.351202
-1.550352
-1.151830
-2.403790
-0.206921
-2.294335
-3.570384
-3.149882
-3.327607
-3.260446
-3.839914
-2.406343
-3.873217
-5.516483
-4.605210
-4.373312
-5.054463
-6.084849
-1.428020
-3.188401
-4.783380
-3.601466
-2.872581
-3.539079
-5.300904
-1.339546
-3.146773
-5.190561
-4.442249
-3.564278
-3.737119
-5.185122
-1.135067
-3.283980
-5.912008
-5.719741
-5.486733
-5.146712
-5.951417
-2.546547
-4.196142
-6.227052
-6.141242
-6.146237
-6.371142
-6.391789
-0.672991
-1.366204
-1.191224
-1.412470
-1.537493
-1.640162
-0.504197
-1.415017
-2.356560
-2.342109
-2.444362
-2.323862
-2.771760
-1.609491
-1.302575
-2.421125
-2.184231
-1.731239
-1.566032
-2.272241
-1.523301
-1.292490
-2.728769
-2.613416
-1.604085
-1.012658
-2.203830
-1.754164
-1.300235
-2.807525
-2.796817
-2.388011
-2.217554
-2.803419
-1.812594
-1.453278
-2.591166
-2.867515
-3.186336
-3.034593
-3.179058
-1.786706
-0.426689
-0.956358
-1.111428
-1.611726
-1.594468
-1.623735
-0.163127
-0.412470
-0.368747
-3.271637
-2.185271
-2.544386
-1.325013
-2.611653
0.099524
-3.279129
-4.774756
-4.568062
-5.543438
-4.608423
-4.608881
-2.626330
-4.159872
-6.332453
-6.514839
-7.926689
-8.327388
-8.585450
-1.075513
-3.128541
-5.273757
-5.780250
-7.272667
-7.344673
-7.993192
-1.581547
-3.323617
-5.903318
-6.931437
-7.654868
-6.580272
-6.808522
-1.182681
-3.191375
-5.299594
-5.249450
-5.894451
-4.887276
-5.677973
-3.499887
-4.306942
-5.631650
-4.515471
-4.743568
-5.209089
-6.618798
-0.546793
-1.657027
-1.375771
-0.898362
-0.930450
-1.338103
-1.672652
-1.792353
-1.607547
-1.786215
-1.636751
-1.622893
-1.720086
-1.878106
-1.946095
-2.004690
-2.014549
-2.000691
-1.992785
-2.011666
-2.017246
-2.007201
-2.001900
-2.011945
-1.972323
-1.918193
-2.000504
-2.017246
-2.017246
-2.017246
-2.012596
-1.995296
-1.998737
-1.996784
-2.017246
-2.017246
-2.017246
-2.017246
-2.017246
-2.017246
-2.017246
-2.017246
-2.017246
-2.017246
-2.017246
-2.017246
-2.017246
-2.017246
-2.017246
-0.947383
-1.833060
-1.562638
-1.095032
-1.377197
-1.381574
-1.785765
-1.972915
-1.540539
-2.462941
-1.999818
-2.086293
-2.153552
-2.503296
-2.355007
-2.625108
-3.289900
-3.303778
-3.506408
-3.506408
-3.506408
-2.198071
-2.450984
-3.152500
-3.357905
-3.280932
-3.239936
-3.257018
-2.401127
-2.595643
-3.356518
-3.356518
-3.306554
-3.070829
-3.323636
-2.197750
-2.520591
-3.450039
-3.228406
-3.040509
-3.088124
-3.321927
-2.318815
-2.887630
-3.456444
-3.210150
-3.052360
-3.335059
-3.506408
-2.579175
-2.432695
-2.118575
-1.985594
-2.174942
-2.276365
-2.024266
-2.588478
-2.617117
-2.638642
-3.718725
-4.806103
-3.734413
-2.333096
-2.105624
-2.272534
-2.658525
-2.925400
-3.705956
-3.674763
-2.336744
-2.107082
-2.535395
-3.444919
-2.122588
-2.324705
-3.522810
-3.253565
-2.143566
-2.848055
-3.981950
-3.013689
-3.064218
-3.352252
-2.834191
-2.432877
-2.690448
-3.614201
-4.401871
-4.891292
-3.883994
-2.610915
-2.198656
-2.291687
-2.378518
-2.781656
-3.079906
-2.751557
-2.728573
1.153028
1.395056
-0.067657
0.564672
0.460014
0.741813
-0.237381
1.408730
-0.111362
-0.312902
0.296099
0.042989
0.036554
-0.847097
-0.235504
-0.666202
-0.540004
0.336854
-0.062831
-0.664862
-2.053035
0.513459
0.053178
0.687473
1.485861
1.043007
0.249624
-1.751305
0.518286
-0.082672
0.195910
0.932093
0.708833
-0.054787
-1.803590
0.813134
-0.383062
-0.921547
-0.505774
-0.778368
-1.030227
-2.432880
-0.234789
-1.030584
-2.339215
-2.211945
-2.499285
-2.710389
-3.065655
0.038362
-0.379642
-0.371290
-0.486960
-0.516678
-1.072011
-1.065018
0.465302
0.089253
-0.080998
-0.286892
-0.152284
-1.236532
-1.432714
0.395084
-0.047589
-0.230466
-0.358761
-0.097703
-1.132322
-1.258772
0.317582
-0.271256
-0.439954
-0.166269
-0.330694
-0.718202
-0.650024
0.313309
-0.337978
-0.546883
-0.067401
-0.749766
-0.773949
-0.579418
0.288738
-0.114699
-0.193657
-0.131986
-1.010825
-1.310440
-0.891950
0.139659
-0.036226
-0.243965
-0.272130
-0.442673
-0.965761
-0.778320
-2.263633
-2.148212
-1.658636
-0.812927
-0.525103
-0.872655
-2.149499
-1.564411
-1.417238
-1.453795
-1.073462
-0.951519
-1.538238
-1.753891
-1.164083
-1.362145
-1.700857
-1.637011
-2.050554
-2.327222
-2.566904
-1.109161
-1.935304
-2.361634
-2.099812
-2.188545
-2.749605
-2.855930
-1.090196
-1.903467
-2.608696
-2.633325
-2.640620
-2.649115
-2.642765
-1.172150
-1.594704
-2.608010
-2.837394
-2.764622
-2.575228
-2.264577
-1.909989
-2.121008
-2.610756
-2.837651
-2.769514
-2.331599
-2.629721
0.165804
0.165804
0.165804
0.165804
0.165804
0.165804
0.165804
0.165804
0.165804
0.165804
0.165804
0.165804
0.165804
0.165804
0.165804
0.165804
0.165804
0.165804
0.165804
0.165804
0.165804
0.165804
0.165804
0.165804
0.165804
0.165804
0.165804
0.165804
0.165804
0.165804
0.165804
0.165804
0.165804
0.165804
0.165804
0.165804
0.165804
0.165804
0.165804
0.165804
0.165804
0.165804
0.165804
0.165804
0.165804
0.165804
0.165804
0.165804
0.165804
-1.226868
-0.365218
-1.847961
-1.110657
-1.185771
-1.167706
-2.049957
-0.760018
-1.791124
-2.652668
-2.304986
-2.387073
-2.355907
-2.828146
-2.088201
-2.798565
-4.161505
-4.082588
-3.919047
-4.071178
-4.161505
-1.472706
-2.478140
-4.161505
-3.969441
-3.952326
-3.962785
-4.161505
-1.527642
-2.543430
-4.161505
-4.052162
-4.000817
-4.069276
-4.161505
-1.493624
-2.497685
-4.161505
-4.161505
-4.161505
-4.161505
-4.161505
-2.517652
-2.868397
-4.161505
-4.161505
-4.161505
-4.161505
-4.161505
0.081834
0.081834
0.081834
0.081834
0.081834
0.081834
0.081834
0.081834
0.081834
0.081834
0.081834
0.081834
0.081834
0.081834
0.081834
0.081834
0.081834
0.081834
0.081834
0.081834
0.081834
0.081834
0.081834
0.081834
0.081834
0.081834
0.081834
0.081834
0.081834
0.081834
0.081834
0.081834
0.081834
0.081834
0.081834
0.081834
0.081834
0.081834
0.081834
0.081834
0.081834
0.081834
0.081834
0.081834
0.081834
0.081834
0.081834
0.081834
0.081834
-0.729421
-0.372812
-3.190707
-2.800027
-3.403764
-1.807426
-2.267005
-1.088604
-4.169830
-5.004190
-5.209070
-5.554626
-4.826870
-4.298997
-3.328505
-4.767208
-7.029974
-6.690022
-6.633085
-6.968798
-7.159595
-2.097862
-4.511752
-6.925793
-6.412305
-6.349009
-6.725758
-7.159595
-2.257163
-4.491460
-6.971220
-6.753469
-6.692142
-7.020737
-7.131278
-1.652214
-4.026430
-6.438351
-5.958632
-6.164269
-6.740144
-7.082822
-2.920259
-4.343517
-6.129744
-5.383211
-5.537817
-6.340226
-7.046025
0.476694
0.175508
0.438542
0.308109
0.300121
0.103083
0.304648
0.250538
-0.253163
-0.050648
-0.307976
-0.352975
-0.595392
-0.138021
0.370853
-0.311970
-0.321536
-0.705551
-0.818467
-0.857874
-0.302746
0.296355
-0.626165
-0.601878
-1.071725
-1.426107
-1.111323
-0.551458
0.273703
-0.548967
-0.331046
-0.651689
-1.069366
-0.680179
-0.508266
0.227906
-0.453757
-0.325264
-0.548225
-0.863580
-0.538944
-0.334450
0.439607
0.111851
0.326348
0.280512
0.154416
0.160711
0.278896
0.498399
0.494065
0.497759
0.497759
0.497759
0.497759
0.497759
0.493425
0.492120
0.497759
0.497759
0.497759
0.497759
0.497759
0.497759
0.497759
0.497759
0.497759
0.497759
0.497759
0.497759
0.497759
0.497759
0.497759
0.497759
0.497759
0.497759
0.497759
0.497759
0.497759
0.497759
0.497759
0.497759
0.497759
0.497759
0.497759
0.497759
0.497759
0.497759
0.497759
0.497759
0.497759
0.497759
0.497759
0.497759
0.497759
0.497759
0.497759
0.497759
0.405931
0.405931
0.405931
0.405931
0.405931
0.365829
0.414649
0.405931
0.405931
0.405931
0.405931
0.405931
0.376678
0.367573
0.405931
0.345585
0.231286
0.101150
0.092529
0.205569
0.339458
0.405931
0.193509
0.133066
0.077346
0.102191
0.118174
0.186680
0.405931
0.172078
0.266665
-0.043007
-0.045986
0.257730
0.184138
0.405931
0.265212
0.217580
0.173967
0.179851
0.191838
0.281122
0.405931
0.391304
0.346650
0.336891
0.367960
0.334446
0.398957
-1.236666
-1.134333
-3.285356
-2.873659
-3.132700
-3.530212
-3.976696
-1.085700
-2.371112
-3.701669
-3.477301
-3.689960
-3.914778
-4.208606
-3.211843
-3.608454
-4.314542
-3.877402
-3.968365
-4.443893
-4.652838
-2.622386
-3.300329
-4.066871
-3.605865
-3.707185
-4.263769
-4.652838
-2.545157
-3.273535
-4.303059
-3.919732
-4.015197
-4.443893
-4.652838
-2.383946
-3.180771
-4.652838
-4.652838
-4.652838
-4.652838
-4.652838
-3.090934
-3.542821
-4.652838
-4.652838
-4.652838
-4.652838
-4.652838
-1.155336
-1.246541
-1.006994
-0.768291
-0.281465
-1.086722
-1.584058
-1.004336
-1.848369
-2.028483
-1.571494
-1.397542
-1.575964
-1.886542
-1.386186
-1.368791
-1.047341
-1.462653
-1.702925
-0.696898
-1.517617
-1.242434
-1.122358
-0.484773
-0.795593
-1.406723
-0.572836
-1.352483
-0.928715
-0.587815
-0.446358
0.201012
-0.533697
-1.201362
-1.479928
-0.497336
0.117297
-0.500477
0.269989
0.467740
-1.314068
-1.282419
-1.323008
-0.648337
-0.871576
-0.772640
-0.480907
-1.160893
-1.500826
-1.402673
-2.109918
-1.960433
-2.185251
-2.238132
-2.352166
-1.391447
-1.522320
-1.660873
-1.186423
-1.422171
-1.517298
-1.747729
-1.005623
-1.271505
-1.084206
-0.657614
-0.849049
-0.520537
-1.029257
-0.528809
-1.085388
-0.395277
-0.002364
-0.769875
-0.259973
-0.912565
-0.308718
-1.192627
-1.075048
-0.902816
-1.665895
-0.927631
-1.518775
-0.525855
-1.356291
-1.629559
-1.075343
-0.646388
0.041950
-1.468553
-1.348315
-0.854957
-1.561611
-1.078298
-0.425115
-0.216250
-1.455258
-1.074457
1.854780
1.854780
1.854780
1.854780
1.854780
1.854780
1.854780
1.854780
1.854780
1.854780
1.854780
1.854780
1.854780
1.854780
1.854780
1.854780
1.854780
1.854780
1.854780
1.854780
1.854780
1.854780
1.854780
1.854780
1.854780
1.854780
1.854780
1.854780
1.854780
1.854780
1.854780
1.854780
1.854780
1.854780
1.854780
1.854780
1.854780
1.854780
1.854780
1.854780
1.854780
1.854780
1.854780
1.854780
1.854780
1.854780
1.854780
1.854780
1.854780
-1.279681
-0.630211
-0.665553
-0.515844
-0.186840
-0.301206
-0.759668
-0.933204
0.092526
-0.046660
-0.287705
0.008935
-0.149313
-0.610554
-0.852591
-0.127472
-0.415574
-0.869071
-0.694542
-0.997933
-1.355529
-0.932410
-0.349058
-0.604002
-1.539191
-1.574534
-1.651573
-1.709352
-0.906995
-0.073663
-0.388570
-1.435943
-1.799495
-1.743503
-1.297749
-0.741798
0.266459
-0.134024
-1.345799
-1.772492
-1.173057
-0.449328
-0.779920
-0.180486
0.004567
-0.527161
-1.063455
-0.526367
-0.713802
-1.980052
-1.569185
-0.908269
-0.676851
-0.627331
-0.944551
-0.973969
-1.554232
-0.523879
-0.533930
-0.495687
-0.426065
-0.339283
-0.449110
-0.667780
0.224309
-0.014709
-0.315505
-0.289274
0.152972
0.599384
-0.626351
0.101981
-0.245883
-0.930823
-0.956563
-0.277507
0.510396
-0.787167
-0.213278
-0.770252
-2.280847
-2.532613
-1.658909
-0.308395
-1.119586
-0.494952
-0.994806
-2.797616
-3.093264
-2.134984
-0.962692
-0.008826
0.414788
0.157384
-0.788147
-0.823204
-0.287803
0.013973
0.298085
0.307246
0.412601
0.412601
0.412601
0.412601
0.412601
0.304498
0.342517
0.412601
0.412601
0.412601
0.412601
0.412601
0.412601
0.412601
0.412601
0.412601
0.412601
0.412601
0.412601
0.412601
0.412601
0.412601
0.412601
0.412601
0.412601
0.412601
0.412601
0.412601
0.412601
0.412601
0.412601
0.412601
0.412601
0.412601
0.412601
0.412601
0.412601
0.412601
0.412601
0.412601
0.412601
0.412601
0.412601
0.412601
0.412601
0.412601
0.412601
0.214984
0.214984
0.214984
0.214984
0.214984
0.214984
0.214984
0.214984
0.214984
0.205121
-1.048149
-0.528478
-1.080908
0.199838
0.214984
0.191032
-4.031388
-3.806072
-5.270335
-4.167706
-1.111905
0.214984
-2.636283
-4.916686
-7.899103
-7.538057
-7.821375
-3.199045
0.214984
-1.339452
-3.328082
-4.621038
-6.340910
-3.731984
-3.281821
0.214984
0.202068
-1.288142
-0.624052
-0.415878
-2.771190
0.071152
0.214984
0.214984
0.213575
0.068452
0.066339
0.139605
0.213575
-0.454779
-0.858755
-2.084657
-0.842135
-0.986614
-0.779999
-1.756415
-0.737694
-2.649732
-3.372695
-2.853136
-2.951722
-2.803465
-3.387237
-2.588352
-3.899053
-5.754055
-5.721948
-5.757832
-5.792960
-5.792960
-1.466512
-3.481291
-5.738190
-5.696640
-5.729880
-5.792960
-5.792960
-1.597960
-3.535683
-5.758587
-5.727236
-5.765764
-5.792960
-5.792960
-1.668972
-3.570811
-5.792960
-5.792960
-5.792960
-5.792960
-5.792960
-2.972497
-4.231072
-5.792960
-5.792960
-5.792960
-5.792960
-5.792960
-1.595040
-1.181576
-1.383780
-1.311488
-1.362259
-0.901967
-1.298424
-1.138882
-0.945545
-1.480969
-1.615709
-1.630887
-1.298834
-1.341938
-1.266995
-1.265543
-2.207712
-2.555542
-2.472363
-2.386313
-2.230494
-1.112439
-1.112944
-2.109008
-2.539828
-2.554343
-2.280509
-2.235385
-1.016512
-0.781553
-1.632275
-2.237310
-2.412661
-1.898315
-1.809583
-1.087447
-0.611314
-1.011747
-1.747893
-2.113552
-1.548655
-1.724100
-1.682132
-1.300443
-1.346766
-1.601446
-1.873324
-1.743538
-1.821353
-3.714479
-0.957590
-2.927847
-2.363267
-2.352844
-2.150413
-3.307470
-0.615061
-2.609434
-2.472607
-2.197316
-2.228381
-2.389631
-2.466986
-3.202729
-2.963408
-3.889933
-3.559156
-3.832811
-3.577243
-4.106569
-2.378084
-2.818201
-3.778550
-3.658379
-3.291223
-3.947158
-4.020221
-2.415382
-2.759955
-3.826578
-3.800520
-4.057621
-3.953493
-3.842927
-2.268744
-2.603610
-3.749938
-3.591651
-3.888503
-3.738800
-4.174523
-3.218057
-2.714584
-3.689137
-3.750244
-3.926618
-3.889320
-3.829643
-0.259740
0.060583
-0.070716
-0.019026
-0.023769
-0.012073
-0.274454
0.734213
0.770595
0.735938
0.753617
0.738795
0.905612
0.569713
0.063277
0.105157
0.107098
0.023985
0.162182
0.489727
0.189994
0.060475
-0.066026
-0.357782
-0.351907
-0.134155
0.075351
-0.077076
-0.010888
-0.025710
-0.397128
-0.243139
-0.191503
-0.147737
-0.264106
-0.116692
0.123483
-0.090604
0.441218
0.700634
0.042634
-0.026572
0.148223
0.357513
0.419119
0.411897
0.345978
0.307494
0.282539
-1.652421
-1.067821
-1.048137
-1.397573
-1.385379
-1.348102
-0.285159
-1.437289
-1.238184
-1.036640
-0.864186
-0.581989
-1.437464
-0.833353
-1.286437
-1.097783
-1.048137
-0.997097
-0.678319
-1.736210
-1.740739
-1.229997
-1.205784
-1.753281
-1.705900
-1.335560
-2.262978
-2.154628
-1.131402
-1.025665
-2.131285
-2.825456
-2.792184
-3.140054
-2.106899
-1.179654
-0.971491
-1.595808
-2.576530
-3.004355
-2.750377
-1.375102
-0.828475
-0.420509
-0.722739
-1.544420
-1.777494
-1.483800
-0.353270
-0.944170
-0.944170
-0.944170
-0.944170
-0.944170
-0.721496
-0.703160
-1.037043
-0.867244
-0.889248
-0.846350
-1.040540
-0.681327
-0.485943
-0.890697
-0.825967
-0.914918
-0.767463
-0.529438
-0.900846
-0.704865
-0.746228
-0.662650
-1.115077
-0.651734
-0.560737
-0.824262
-0.781876
-0.833217
-0.540781
-0.832620
-0.662053
-0.678001
-0.540098
-0.987067
-0.893426
-0.466243
-0.135856
-0.829805
-0.785629
-0.112659
-0.736335
-0.072661
-0.286040
-0.549479
-0.806864
-0.828526
-0.497201
-0.144640
0.816045
0.574317
0.708077
0.648285
0.646686
0.695554
0.632191
0.723638
0.587426
0.663473
0.718149
0.765738
0.514364
0.446525
0.688946
0.674078
0.700936
0.776396
1.101258
0.420999
0.055742
0.688466
0.681219
0.699497
0.828461
1.134139
0.467309
-0.101040
0.698805
0.671626
0.695660
0.811888
0.699284
0.791904
0.008846
0.721027
0.618815
0.692783
0.706319
0.652122
0.649564
0.313884
0.861875
0.540051
0.695074
0.726036
0.715485
0.575862
0.526355
-1.361251
-1.695237
-1.547513
-1.556633
-1.448601
-1.708854
-0.741835
-2.255435
-2.381965
-2.212531
-2.049134
-1.959472
-2.546903
-1.934423
-2.124153
-2.330453
-1.906034
-1.658627
-1.442050
-2.487427
-1.997110
-2.234754
-2.464433
-1.773210
-1.439352
-1.255275
-2.514018
-2.195575
-2.161662
-2.481518
-1.763705
-1.399146
-1.332991
-2.465718
-2.015736
-2.389030
-2.589036
-1.950608
-1.726067
-1.820097
-2.334179
-2.053887
-1.317832
-1.317961
-0.775619
-0.652044
-0.791033
-1.105494
-0.902277
-0.239358
-0.988545
-0.738956
-0.884633
-0.905516
-0.876666
0.074306
-0.898052
-1.715256
-1.662503
-2.227938
-2.281026
-2.085195
-0.819552
-0.564512
-1.339362
-1.376013
-1.927608
-2.091485
-2.316418
-1.199304
-0.442484
-1.235619
-1.143784
-1.377606
-1.641705
-2.288322
-1.374000
-0.473432
-1.172131
-1.052536
-1.467931
-1.854392
-2.121845
-0.873228
-0.843455
-1.584255
-1.344143
-1.973567
-2.310127
-2.239427
-0.837416
-0.079255
-0.637392
-0.306871
-0.625735
-0.843706
-0.909626
-0.087306
-1.012848
-1.058264
-1.162591
-1.467645
-1.396951
-1.170517
-1.038127
-1.216361
-1.457149
-1.842322
-2.832034
-3.294971
-2.196219
-1.408091
-1.178015
-1.442153
-1.540909
-1.530412
-1.863530
-1.777841
-1.691508
-1.073903
-1.190869
-0.886029
-0.275706
-0.497856
-0.868248
-1.541337
-1.085042
-1.385169
-1.385383
-0.881315
-1.069190
-0.995068
-1.410448
-1.241211
-1.627670
-2.078610
-2.916867
-3.272263
-2.101747
-1.687867
-1.259849
-1.279128
-1.328828
-1.755133
-1.859460
-1.221074
-1.584825
0.295178
0.295178
0.295178
0.295178
0.295178
0.295178
0.295178
0.295178
0.295178
0.295178
0.295178
0.295178
0.295178
0.295178
0.295178
0.295178
0.295178
0.295178
0.295178
0.295178
0.295178
0.295178
0.355242
0.332515
0.294366
0.295178
0.295178
0.295178
0.295178
0.433974
0.285438
0.226998
0.295178
0.295178
0.295178
0.295178
0.339820
0.325210
0.292743
0.295178
0.295178
0.295178
0.295178
0.295178
0.295178
0.295178
0.295178
0.295178
0.295178
0.578170
-1.135122
-0.703225
-0.720380
-1.031286
-1.027675
-2.966246
-0.859280
-1.082753
-1.297046
-1.458970
-2.385969
-2.616214
-3.670524
-0.559811
-1.842561
-1.281245
-1.260327
-2.595145
-2.757069
-2.912522
-0.890431
-2.089961
-1.368226
-0.592015
-2.288754
-2.298837
-2.594995
-0.458834
-1.631729
-0.718725
0.155453
-1.940377
-2.083189
-2.868429
-0.071180
-1.078991
-0.108802
0.059292
-2.097335
-2.180855
-3.450814
-1.132865
-1.787483
-1.274925
-2.141428
-3.003115
-2.536155
-3.477450
0.965522
-1.166916
-1.754136
-2.199944
-2.513772
-2.004390
-1.501411
-1.661358
-2.079534
-3.060107
-3.125591
-3.179281
-3.004171
-3.139632
-1.654394
-2.814234
-3.602961
-3.479406
-3.467051
-3.471993
-3.602961
-1.477711
-2.695509
-3.602961
-3.452224
-2.972833
-3.452224
-3.602961
-1.424246
-2.621714
-3.585102
-3.489291
-3.496704
-3.497827
-3.590605
-1.223189
-2.533653
-3.563873
-3.585102
-3.602961
-3.589257
-3.545676
-1.769974
-2.940147
-3.504230
-3.582406
-3.602961
-3.592627
-3.593301
-0.806875
-0.530945
-0.399149
-0.386662
-0.314144
-0.493332
0.105016
-0.332349
-0.302258
-0.523724
-0.846594
-0.696894
-0.840425
0.509581
-0.187463
-0.621217
-1.151711
-1.188571
-1.021871
-1.019313
0.510935
-0.347093
-0.834106
-0.686061
-1.159685
-0.532149
-1.180898
0.761889
-0.194685
-0.873826
-0.780997
-0.736312
0.040923
-1.430799
0.301656
-0.476933
-1.033455
-1.391230
-1.034960
-1.144489
-1.927893
-0.067854
0.301356
0.599552
0.508979
0.467605
0.328587
0.445338
1.218963
0.429985
0.408147
0.381196
0.378813
0.351720
0.382663
0.401236
0.380517
0.288666
0.207924
0.172010
0.227206
0.276832
0.322813
0.414490
0.231608
0.271199
0.253242
0.188862
0.210291
0.270331
0.351010
0.088443
0.159434
0.159876
0.047227
0.191734
0.121138
0.361819
0.164720
0.332138
0.209060
0.088254
0.233959
0.054628
0.322986
0.165698
0.330529
0.328446
0.249392
0.261826
0.262441
0.399910
0.303436
0.429985
0.429985
0.400731
0.367105
0.369141
5.886217
-0.205219
2.326939
1.810817
1.534020
1.407844
3.402509
0.025616
0.293045
0.770669
0.702019
0.768181
0.584333
0.620634
2.194176
0.714754
1.134121
1.152564
1.182279
1.182279
1.182279
1.851070
0.582284
1.345195
1.105431
1.182279
1.182279
1.182279
1.704841
0.643761
1.350465
0.958470
0.923486
1.025217
1.182279
1.501671
0.593554
1.124314
0.871230
2.223451
0.899188
1.182279
2.824617
0.677282
1.156809
1.063568
1.194135
1.003846
1.182279
-0.618008
0.026009
-0.239838
-0.077107
-0.033260
-0.219353
-0.132233
-0.025089
0.095291
-0.317636
-0.144547
0.077222
-0.330065
0.572434
-0.305667
0.004833
-0.509023
-0.281959
-0.195300
-0.594301
0.525940
-0.308429
-0.082516
-0.975118
-0.999862
-0.754730
-1.022418
0.312802
-0.244671
-0.057197
-0.526631
-0.683377
-0.070317
-1.018620
0.402223
-0.313608
-0.352046
-0.397390
-0.368503
0.225567
-0.736201
0.270796
0.137872
0.669451
0.197601
0.344450
0.642521
0.160544
0.715140
-1.123557
-2.637311
-3.084946
-2.737242
-3.183851
-2.867502
-3.014174
-3.168466
-3.265319
-4.419060
-4.113994
-4.288946
-4.164839
-4.377300
-3.626504
-4.035017
-4.722807
-4.960765
-5.380414
-5.410891
-5.457779
-3.373748
-3.315431
-3.651121
-4.489832
-5.308323
-5.388033
-5.457779
-3.596173
-3.636028
-4.175975
-4.633134
-5.401513
-5.412063
-5.457779
-3.251546
-3.953989
-4.854094
-4.410415
-4.636065
-5.114323
-5.434335
-3.266052
-4.323086
-5.014540
-4.062710
-4.014943
-4.929701
-5.422906
0.466712
0.435041
0.364278
0.190005
0.184418
0.263768
0.429499
0.419079
0.238097
0.029839
-0.191402
-0.149884
-0.194700
0.069869
0.374927
-0.062793
-0.345683
-0.344561
-0.169006
-0.418759
-0.262989
0.370118
-0.180616
-0.432430
-0.268463
-0.084411
-0.497147
-0.401034
0.414087
-0.065724
-0.313439
-0.524215
-0.534979
-0.543360
-0.154052
0.352874
0.011084
-0.257379
-0.717267
-0.770716
-0.547917
-0.117846
0.416148
0.276363
0.052305
-0.274646
-0.252112
-0.141663
0.237135
-1.094617
-1.068851
-0.998312
-1.031818
-1.086583
-1.006738
-1.274783
-1.319947
-1.102062
-0.964905
-1.021531
-0.991454
-0.990573
-1.480030
-1.354139
-1.082664
-0.863212
-1.014282
-0.760834
-0.968726
-1.502955
-1.285168
-0.633963
-0.735459
-0.688140
-0.393937
-1.082762
-1.132335
-1.219822
-1.117640
-0.690001
-0.982147
-0.506896
-1.388428
-1.230599
-1.340717
-1.104022
-0.595167
-0.759070
-0.700386
-1.309073
-1.280465
-1.307995
-1.790594
-1.193860
-1.540967
-1.194448
-1.214924
-1.341893
-1.069320
-1.331856
-0.882004
-0.910520
-0.852260
-0.883111
-0.355088
-1.815386
-2.141835
-1.531463
-2.249382
-2.507986
-2.034903
-1.118484
-0.942723
-1.211896
-1.160765
-2.114550
-2.362337
-2.200956
-1.154866
-0.864797
-1.547072
-1.852136
-2.186452
-2.523472
-2.725291
-1.728857
-1.092796
-1.747171
-2.054692
-2.928830
-3.097094
-3.002454
-1.273966
-1.427357
-2.119466
-2.420350
-4.187923
-4.591315
-3.173299
-1.261798
-0.909168
-1.248523
-1.563788
-2.829396
-3.156337
-1.817352
-0.874384
-1.038830
-1.914251
-1.423018
-1.501462
-1.853202
-1.660356
-2.567555
-2.278368
-3.309672
-3.427254
-3.994421
-4.284443
-4.290632
-3.921999
-2.037352
-3.752233
-3.252973
-3.688174
-4.610761
-4.403530
-4.994113
-2.093717
-3.950432
-3.764276
-2.611878
-3.306829
-2.968302
-5.010003
-2.235049
-4.102970
-3.673288
-3.572934
-3.919155
-2.304962
-4.813643
-2.785657
-4.444675
-3.771802
-5.054158
-4.849269
-3.538814
-4.428117
-4.659266
-5.111527
-5.425301
-5.223924
-4.953470
-5.291161
-5.379640
-0.949745
-1.920202
-1.968494
-1.431700
-1.547816
-1.622186
-1.699882
-2.332831
-2.947214
-2.833566
-2.945497
-3.069876
-3.066120
-2.997330
-2.285826
-2.745675
-2.762523
-2.486292
-2.553472
-2.677958
-2.923926
-2.465151
-2.739236
-2.372967
-1.658566
-1.805910
-1.645151
-2.435210
-2.461717
-2.581804
-2.363631
-2.274129
-2.496809
-1.421934
-2.109399
-2.044151
-2.434352
-2.722065
-2.939595
-3.072881
-2.550038
-2.612603
-1.933723
-2.607130
-3.056247
-3.076744
-3.055496
-3.048413
-3.039184
0.023266
-0.426422
-0.284940
0.085698
0.081925
-0.148758
-0.606980
-1.390564
-0.618118
-1.084784
-1.152785
-1.142365
-1.181171
-1.195185
-0.501070
-0.912670
-1.066908
-1.129789
-1.170032
-1.170032
-1.170032
-0.680101
-0.862815
-1.220337
-1.144880
-1.170032
-1.170032
-1.170032
-0.603835
-0.887248
-1.170032
-1.170032
-1.170032
-1.170032
-1.170032
-0.739748
-0.901980
-1.170032
-1.170032
-1.170032
-1.170032
-1.170032
-1.143443
-0.999715
-1.170032
-1.170032
-1.170032
-1.170032
-1.170032
0.732151
0.237421
0.223715
0.265049
0.242819
0.221868
0.480880
0.170804
0.112212
0.069245
0.191187
0.084017
-0.082526
0.083307
0.244950
0.177551
0.147794
0.128050
0.084088
0.021732
0.098576
0.208729
0.081887
-0.115906
0.074358
0.022869
-0.087497
0.059373
0.177906
0.049217
-0.083804
-0.120025
-0.195520
-0.242606
0.025141
0.305459
0.123007
0.066120
-0.132027
-0.154399
0.080963
0.229183
0.400201
0.146444
0.144385
0.032882
-0.038848
0.142609
0.232166
-0.686702
-1.356697
-0.980471
-0.743798
-0.854261
-0.787791
-1.496249
-1.511034
-2.230911
-2.726255
-2.406403
-2.368781
-2.467465
-2.997787
-1.244671
-2.704620
-3.802526
-3.426781
-3.077961
-3.450701
-3.842432
-0.475631
-2.014071
-2.703778
-2.875664
-2.566510
-2.687431
-3.093947
-0.541381
-2.121409
-2.567592
-3.183256
-3.076278
-2.797534
-3.511282
-0.898254
-2.504246
-3.463202
-3.402260
-3.417886
-3.553472
-4.067206
-1.670178
-3.148999
-3.664657
-3.309826
-3.027597
-3.817551
-4.217336
-2.419316
-3.157501
-3.319041
-3.185004
-3.175786
-3.313148
-4.542299
-3.333850
-3.795047
-4.363533
-3.777064
-3.844007
-4.580077
-5.441420
-3.291992
-4.318501
-4.206224
-3.006238
-3.345939
-5.071949
-6.107677
-2.958486
-3.724779
-3.363770
-2.355395
-2.446516
-4.113441
-5.815122
-2.553655
-3.429958
-4.099085
-3.937243
-3.725988
-4.095912
-5.470585
-2.662305
-3.439478
-4.667118
-5.273383
-5.258121
-4.878525
-5.425402
-4.298101
-4.686914
-5.243614
-5.730045
-5.758757
-5.718259
-5.938128
-0.249122
-0.655575
-2.116507
-1.490957
-1.471226
-0.586946
-1.051219
-1.057910
-2.225455
-3.034415
-2.701909
-2.612177
-2.197660
-2.403889
-2.590044
-3.430230
-4.317942
-4.098845
-3.750383
-4.103134
-4.317942
-2.091629
-3.169442
-4.317942
-3.869625
-3.641435
-3.878375
-4.317942
-2.199376
-3.229835
-4.317942
-4.114973
-3.967764
-4.121664
-4.317942
-1.806820
-3.131696
-4.317942
-4.317942
-4.317942
-4.317942
-4.317942
-2.264745
-3.009194
-4.317942
-4.317942
-4.317942
-4.317942
-4.317942
0.637008
0.115318
0.018802
0.008210
-0.121899
-0.165770
-0.837687
1.001702
0.305907
0.088619
0.078780
-0.038481
-0.226187
-1.361194
1.172861
0.310419
-0.164955
-0.053773
0.010090
-0.040361
-1.316445
1.306794
0.230762
-0.262600
-0.052207
-0.173855
0.100653
-1.206705
1.276209
0.146091
-0.086927
0.332292
-0.368580
-0.206006
-1.151177
1.041875
0.260531
0.280399
0.282718
-0.313239
-0.140325
-1.344962
0.742674
0.183318
0.130861
-0.073077
-0.028454
0.135562
-1.058295
0.734887
0.270728
0.369695
0.545655
0.562448
0.501741
0.400810
0.243168
0.038767
0.035619
0.077399
0.127374
0.332857
0.257659
0.244691
-0.021500
-0.085898
-0.086879
-0.028779
0.302825
0.298356
0.261891
0.008431
0.014796
-0.046995
-0.034637
0.160859
0.260909
0.269442
0.014288
0.085491
0.203689
0.186490
0.213711
0.204299
0.342168
0.003487
0.025901
0.485083
0.499743
0.215743
0.067784
0.414387
0.026883
-0.080988
0.030472
0.037447
-0.039682
-0.083291
-1.927064
-2.158966
-1.954699
-1.933512
-1.900812
-2.154360
-1.477769
-1.463951
-1.040679
-1.060714
-1.576794
-1.571496
-1.753426
-1.220305
-0.898821
-0.408073
-1.128420
-2.515914
-2.610333
-2.160347
-0.759956
-0.852763
-0.204037
-1.057030
-2.610564
-2.662839
-2.336520
-0.603359
-1.077295
-0.563519
-1.159739
-2.432780
-2.485056
-2.310957
-0.630303
-1.397168
-1.062096
-1.031238
-1.296762
-0.958927
-1.451055
-0.679355
-0.843091
-0.613492
-0.224302
0.010593
0.175020
-0.414522
-0.479233
-1.553627
-2.918401
-2.975980
-2.577459
-2.703697
-2.341435
-2.918401
-2.894899
-4.266388
-5.178924
-4.848054
-4.986042
-5.016090
-5.377344
-2.507458
-4.735917
-5.725337
-5.169355
-5.571736
-6.089780
-6.616217
-1.832625
-3.845541
-3.849569
-3.823214
-4.122021
-3.994105
-5.726008
-1.906991
-3.979332
-4.240201
-4.751025
-5.016594
-3.868707
-5.702674
-2.156444
-4.538671
-5.996781
-6.053352
-6.035223
-5.736919
-6.174890
-3.389105
-5.220219
-6.231965
-6.070643
-5.783419
-6.181101
-6.574921
-0.056140
-0.693350
-0.211849
-1.075586
-1.341758
-0.621624
-0.366498
-0.523720
-0.953016
-0.293410
-2.365744
-2.528716
-1.395628
-0.590906
0.524477
0.997656
1.546192
-0.839072
-1.779074
-0.089733
0.994175
-0.057351
0.043732
1.322692
-0.568662
-1.633504
-0.330786
0.660816
-0.622230
-2.050241
-1.496105
-2.367257
-2.152533
-1.563745
-0.884014
-1.683137
-2.871457
-2.995539
-2.670957
-2.378001
-2.518577
-2.649167
-2.447305
-2.676102
-2.475300
-2.240904
-2.074301
-2.423548
-2.576382
1.878214
1.849398
1.905141
2.018577
1.959849
1.878701
1.856099
1.878214
1.789878
1.774221
1.940537
1.993538
1.714639
1.873462
1.878214
1.852079
1.765692
1.901669
2.002494
1.660663
1.878214
1.878214
1.878214
1.844037
1.899415
1.956376
1.838615
1.878214
1.878214
1.878214
1.878214
1.878214
1.878214
1.878214
1.878214
1.878214
1.878214
1.876508
1.872792
1.923052
1.872670
1.878214
1.878214
1.878214
1.871573
1.839894
1.927987
1.826613
1.878214
0.045790
0.045790
0.045790
0.045790
0.045790
0.045790
0.045790
0.045790
0.045790
0.045790
0.045790
0.045790
0.045790
0.045790
0.045790
0.045790
-0.271741
-0.798051
-0.339880
-0.408838
0.045790
0.045790
0.045790
0.004906
-0.059145
0.006269
-0.009812
0.045790
0.045790
0.045790
-0.301722
-0.823671
-0.266835
-0.500417
0.045790
0.045790
0.045790
0.045790
0.045790
0.045790
0.045790
0.045790
0.045790
0.045790
0.045790
0.045790
0.045790
0.045790
0.045790
-0.048172
-1.400002
-2.243321
-1.413394
-1.700230
-1.522532
-2.817393
-2.002458
-3.956144
-4.688326
-4.247777
-4.391895
-4.250176
-5.415912
-2.524360
-4.360313
-4.377903
-3.448833
-3.471220
-4.093066
-6.389756
-1.756998
-3.424048
-2.693664
-1.336237
-1.212109
-2.257312
-5.942011
-1.787381
-3.785041
-3.843808
-2.963910
-2.781414
-2.824989
-5.589212
-1.882327
-4.448863
-5.620794
-5.309572
-5.187641
-4.473049
-5.753319
-3.571963
-5.355745
-6.477906
-6.426735
-6.479705
-6.060143
-6.872880
0.271505
-0.522037
-0.618994
-0.628736
-0.906315
-0.469088
-0.467140
-1.662036
-1.208535
-2.311172
-2.065339
-2.043335
-2.032218
-2.358734
-0.123776
-1.430071
-2.275988
-2.275988
-2.275988
-2.275988
-2.275988
-0.708044
-1.295407
-2.275988
-2.275988
-2.275988
-2.275988
-2.275988
-0.796980
-1.416547
-2.275988
-2.275988
-2.275988
-2.275988
-2.275988
-1.171631
-1.536541
-2.219945
-2.246075
-2.238626
-2.263839
-2.275988
-1.750628
-1.791428
-2.201722
-2.220403
-2.226477
-2.254671
-2.275988
-1.849053
-1.544417
-1.338247
-1.217578
-1.363760
-1.475878
-2.528382
-2.158792
-1.664672
-1.819541
-0.979689
-0.613547
-2.272841
-2.838534
-1.207097
-0.780414
-0.499222
-0.157214
-0.205205
-1.037334
-2.074531
-1.150418
-1.109322
-0.194172
0.181899
-0.104533
-0.365866
-1.773894
-1.161312
-1.699149
-1.778307
-1.581514
-1.818024
-1.743693
-3.225776
-1.043402
-1.313975
-2.693043
-3.468630
-3.727619
-3.633015
-3.997778
-2.290769
-2.084598
-2.855911
-3.953648
-4.114172
-3.843461
-4.124652
-0.130202
-0.223717
-0.015016
0.201957
0.206633
0.221559
0.119322
-0.312197
-0.448873
-0.366598
-0.363451
-0.353649
-0.054311
0.285401
-0.354639
-0.367317
-0.373342
-0.373342
-0.401037
-0.361832
0.070946
-0.362641
-0.393214
-0.373342
-0.373342
-0.373342
-0.343399
-0.032011
-0.284772
-0.387279
-0.385481
-0.429451
-0.363091
-0.515053
-0.272093
-0.187300
-0.527642
-0.513794
-0.403734
-0.241431
-0.436644
-0.194853
0.375140
0.146657
0.209600
0.501565
0.649122
0.292685
0.275780
1.570229
1.570229
1.570229
1.570229
1.570229
1.570229
1.570229
1.570229
1.570229
1.570229
1.570229
1.570229
1.570229
1.570229
1.570229
1.570229
1.570229
1.570229
1.570229
1.570229
1.570229
1.570229
1.570229
1.570229
1.570229
1.573115
1.582224
1.573656
1.570229
1.570229
1.570229
1.570229
1.618388
1.773779
1.627587
1.570229
1.570229
1.570229
1.570229
1.551109
1.553093
1.551560
1.570229
1.570229
1.570229
1.570229
1.505836
1.383183
1.513502
-0.064097
-0.354319
-0.241002
-0.080504
-0.082644
-0.261995
-0.081523
0.027820
-0.168141
0.026597
0.034036
-0.005095
-0.105368
0.022113
0.021706
-0.095076
0.071231
-0.221946
-0.380407
-0.083459
-0.082950
-0.179453
-0.099968
-0.087128
-0.494743
-0.653101
-0.159377
-0.041373
-0.317125
-0.328538
0.108222
-0.015184
-0.017018
-0.099356
0.000611
-0.225717
-0.289611
0.186993
0.140321
0.269230
-0.244773
0.068887
0.166511
0.048914
0.159072
-0.082644
0.119227
-0.100885
0.109037
0.848719
0.848719
0.848719
0.848719
0.848719
0.848719
0.848719
0.848719
0.848719
0.848719
0.848719
0.848719
0.848719
0.848719
0.848719
0.818234
0.824331
0.817517
0.848719
0.726779
0.751167
0.848719
0.806040
0.884584
0.805323
0.791136
0.753877
1.030792
0.848719
0.807116
0.885660
0.808192
0.825686
0.844893
0.732437
0.848719
0.819310
0.825407
0.739092
0.728134
0.721479
0.795201
0.848719
0.848719
0.848719
0.816202
1.009393
0.816202
0.848719
0.167977
0.167977
0.167977
0.167977
0.167977
0.167977
0.167977
0.167977
0.160654
-0.413916
0.094439
0.095355
0.167977
0.167977
0.167977
-0.463500
-0.954615
-3.355570
-4.176230
-0.345260
0.167977
0.167977
-0.812117
-3.968739
-5.903601
-5.513485
-4.769413
-0.297049
0.167977
-0.382182
-0.761159
-4.437884
-4.249158
-1.813723
-0.178962
0.167977
0.163705
-0.289115
0.157907
-1.140747
-0.119766
0.169350
0.167977
0.167977
0.167977
0.167977
0.167977
0.167977
0.167977
-0.383364
-0.197058
-0.481893
-1.718158
-2.035889
-1.038886
-0.160631
-0.003370
-0.892056
-2.165389
-1.995932
-1.807540
-2.668143
-1.587053
0.033378
-1.770150
-1.889220
-1.935114
-1.966566
-1.832253
-2.085956
0.014121
-1.990637
-0.492644
-2.271781
-2.354744
-0.694196
-0.488472
-0.085852
-1.156030
0.571756
-0.982080
-2.031236
0.304092
-0.810376
0.141214
-0.353517
-0.364268
-0.077668
0.242471
-0.283070
-0.148917
0.078470
-0.078149
-0.056807
-0.102862
-0.079272
-0.057930
-0.020861
0.972215
0.298759
0.275691
0.634729
0.613570
0.503395
0.464555
0.123141
-0.179715
-0.392826
-0.254812
-0.252792
-0.147555
0.032609
-0.041926
-0.496771
-0.771116
-0.746196
-0.715214
-0.577705
-0.322669
0.015210
-0.451197
-0.771116
-0.691080
-0.552785
-0.596283
-0.517033
0.068811
-0.439186
-0.754502
-0.548744
-0.304147
-0.510747
-0.618004
0.221866
-0.342369
-0.657516
-0.274793
0.156423
-0.326710
-0.391030
0.339170
-0.309310
-0.543637
-0.368299
-0.306616
-0.477127
-0.469494
-2.756369
-4.071362
-3.746837
-4.135941
-3.986411
-3.735496
-1.803399
-4.756288
-6.046280
-6.147663
-6.947864
-6.830507
-6.430523
-4.670642
-4.181773
-6.204144
-6.891847
-7.294840
-7.039527
-8.092262
-6.362471
-4.140108
-6.899717
-7.904537
-6.785834
-5.757403
-8.293410
-7.152021
-3.643832
-6.115027
-7.748294
-7.199705
-6.388395
-8.323501
-6.491401
-3.486431
-5.142151
-6.755280
-7.796208
-7.674455
-7.805236
-5.772219
-2.446427
-3.515597
-4.152840
-4.979426
-5.036831
-4.916003
-3.651703
-0.904841
-2.243752
-2.385926
-2.225573
-2.285084
-1.621888
-2.270678
-2.465332
-3.087195
-4.432281
-4.258035
-4.161994
-3.952077
-4.666894
-2.845550
-5.056889
-6.575705
-6.575705
-6.575705
-6.575705
-6.575705
-2.770090
-4.790376
-6.575705
-6.575705
-6.575705
-6.575705
-6.575705
-2.850352
-4.788317
-6.515679
-6.575705
-6.575705
-6.575705
-6.575705
-2.817081
-4.536382
-6.400945
-6.532829
-6.575705
-6.575705
-6.575705
-3.510461
-5.131492
-6.273005
-6.509676
-6.575705
-6.575705
-6.575705
-1.627707
-1.528717
-1.439183
-1.269571
-1.264139
-1.507792
-1.703962
-1.730118
-1.602155
-1.350253
-1.192914
-1.181446
-1.363733
-1.744000
-1.703560
-1.303172
-1.005195
-1.324901
-1.431134
-1.561512
-1.564933
-1.516041
-0.938195
-0.678044
-1.473588
-1.567347
-1.593302
-1.474393
-1.597326
-1.345222
-1.180641
-1.413228
-1.354075
-1.713017
-1.322487
-1.668752
-1.588675
-1.476606
-1.176818
-0.664966
-1.651248
-1.700541
-1.963912
-1.902546
-1.527912
-0.977228
-0.693134
-1.457693
-2.149418
-0.842366
-1.647766
-1.536592
-1.313700
-1.168481
-1.281082
-1.369967
-1.269394
-1.247308
-1.581781
-0.843929
-0.347996
-1.200963
-1.601420
-1.526059
-1.904498
-1.867667
-1.190974
-0.719844
-1.798149
-2.014517
-1.631253
-2.112440
-2.183656
-1.888461
-1.339319
-1.999635
-2.274512
-1.487664
-1.870385
-1.923797
-1.836544
-1.788568
-1.786325
-1.992907
-0.678663
-0.898497
-0.586993
-0.590051
-0.897614
-0.819805
-1.096653
-0.239880
-0.427231
-0.449112
-0.043287
-0.073051
-0.538813
-0.901487
-3.351102
-1.322086
-2.233524
-1.916655
-2.521894
-2.987782
-1.728969
-3.188650
-0.865238
-1.774415
-1.417498
-2.340486
-2.313871
-1.157877
-3.261841
-1.773662
-2.449582
-1.856018
-2.387313
-1.487300
-0.678180
-3.219533
-1.742151
-2.576505
-1.579950
-1.454659
-0.235643
-0.328042
-3.376963
-1.892174
-2.581276
-1.641592
-1.255046
-0.318124
-0.175634
-3.496982
-1.611838
-2.517375
-1.323216
-0.437640
-0.299920
0.227106
-2.879188
-1.188133
-1.771779
-0.654075
-0.013307
-0.422199
-0.140230
0.442709
0.424876
0.450404
0.437590
0.455925
0.478057
0.500774
0.428004
0.408448
0.390565
0.323349
0.251282
0.217791
0.305483
0.432906
0.264632
0.246146
0.172005
0.033976
-0.195274
-0.083443
0.492243
0.194722
0.184551
0.150709
0.043378
-0.235524
-0.169897
0.495722
0.258040
0.220468
0.238200
0.251065
0.059688
0.093614
0.500774
0.430045
0.373101
0.302288
0.335411
0.344043
0.451190
0.500774
0.500774
0.466648
0.377015
0.372214
0.416612
0.500774
0.486703
0.027579
0.124286
0.304595
0.287601
0.457396
0.467405
0.030460
-0.527316
-0.328501
-0.319860
-0.370266
-0.200255
0.022899
-0.169579
-0.399429
-0.487495
-0.491528
-0.413903
-0.490952
-0.380563
-0.166123
-0.435289
-0.487495
-0.390716
-0.243532
-0.398781
-0.487495
-0.217321
-0.438098
-0.487495
-0.493832
-0.382435
-0.500385
-0.487495
-0.099947
-0.437665
-0.490663
-0.424200
-0.441410
-0.480942
-0.471725
0.179444
-0.273199
-0.411455
-0.261678
-0.323533
-0.436009
-0.435217
-1.386548
-2.932266
-2.325376
-1.850457
-1.994992
-2.341305
-2.777111
-2.831765
-3.077577
-3.163961
-3.033802
-3.106070
-3.211621
-3.362243
-2.648636
-3.119150
-3.430236
-3.402521
-3.430884
-3.467147
-3.450052
-2.710801
-3.131842
-2.927085
-3.411457
-3.422077
-3.103479
-3.419746
-2.649413
-3.182093
-3.352141
-3.358876
-3.369237
-3.155154
-3.471810
-2.860257
-3.336082
-3.420264
-3.196598
-2.803920
-3.247108
-3.519988
-3.173027
-3.453678
-3.471810
-2.955837
-2.606156
-3.364315
-3.532421
0.469772
-0.038241
0.058962
-0.007101
-0.079159
-0.019382
-0.218443
-0.147491
-0.134337
-0.186954
-0.187478
-0.192193
-0.209479
-0.221702
-0.031198
-0.208723
-0.238815
-0.238815
-0.238815
-0.238815
-0.238815
-0.029102
-0.195219
-0.238815
-0.238815
-0.238815
-0.238815
-0.238815
-0.042897
-0.196034
-0.238815
-0.238815
-0.238815
-0.238815
-0.238815
-0.030499
-0.206453
-0.238815
-0.238815
-0.238815
-0.238815
-0.238815
-0.220655
-0.222925
-0.238815
-0.238815
-0.238815
-0.238815
-0.238815
-1.053637
-3.499325
-3.898137
-4.114388
-4.249147
-4.112567
-3.646375
-3.635752
-4.077209
-4.181313
-4.018631
-3.951707
-4.186776
-4.144133
-4.265537
-4.265537
-4.039725
-2.942079
-2.682426
-3.982362
-4.265537
-4.265537
-4.265537
-4.078423
-3.383080
-3.398862
-4.102097
-4.265537
-4.248237
-4.263412
-4.230026
-4.132751
-4.122887
-4.238676
-4.265537
-4.188142
-4.249147
-4.265537
-4.236855
-4.149444
-4.240952
-4.265537
-4.250361
-4.261591
-4.265537
-4.257342
-4.242774
-4.259618
-4.265537
-0.023305
0.076401
0.138718
0.525182
0.541698
0.401157
-0.138920
-1.811234
-1.752565
-1.290510
-0.880944
-0.811838
-1.321314
-1.322631
-1.440374
-1.491444
-1.602600
-1.810524
-1.502387
-1.363467
-1.032125
-1.944784
-2.400556
-3.000721
-3.611727
-3.526916
-2.847614
-1.877401
-1.630769
-2.218369
-2.575549
-2.891388
-3.078236
-2.845284
-2.200434
-0.931101
-1.184522
-1.186447
-1.105182
-1.376234
-1.487289
-1.406125
-1.194553
-1.166181
-0.975482
-0.954812
-0.986021
-1.050668
-0.980853
0.573550
-1.375443
-2.256942
-2.287019
-2.405081
-2.063015
-1.762998
-0.713459
-0.771368
-2.776773
-2.653774
-2.764354
-2.405679
-2.641354
-1.667680
-2.615767
-3.688947
-3.474072
-3.451776
-3.574178
-3.797882
-1.438290
-2.336847
-3.698375
-3.345984
-3.208620
-3.624754
-3.797882
-1.546027
-2.308417
-3.693137
-3.476616
-3.454619
-3.504148
-3.693736
-1.584783
-2.579256
-3.797882
-3.797882
-3.797882
-3.712590
-3.568940
-2.441143
-2.987908
-3.797882
-3.797882
-3.797882
-3.708101
-3.689247
1.443272
-0.118115
0.009439
0.160723
0.013574
-0.099867
-0.382841
-0.437314
-1.351673
-1.491902
-1.362281
-1.700176
-1.650557
-1.782246
-0.266883
-1.530375
-1.009463
-0.626352
-1.860900
-1.234727
-2.045264
-0.372593
-1.576308
-0.811705
0.075058
-1.477070
-0.337626
-1.895507
-0.277849
-1.300526
-0.697905
-0.365042
-1.407405
0.030383
-1.806696
-0.392009
-1.559049
-1.977307
-1.660355
-1.817123
-1.305920
-1.799774
-1.448844
-2.118254
-2.229987
-2.424150
-2.428195
-2.381542
-2.415610
-0.338075
-1.175457
-1.335481
-1.258943
-1.363276
-1.542636
-2.154233
-1.420982
-1.613433
-2.550214
-2.469648
-2.565219
-2.615573
-2.843676
-1.008786
-2.232885
-3.159897
-3.175809
-3.225760
-3.320827
-3.445604
-0.646743
-1.934791
-3.025654
-2.645282
-2.655453
-3.091516
-3.468162
-0.523276
-1.870237
-3.130087
-2.794430
-2.661093
-3.016590
-3.187692
-0.784914
-1.680907
-2.927263
-3.034415
-3.099674
-2.852135
-2.567737
-2.132782
-2.048892
-2.494624
-3.090610
-3.173291
-2.756664
-3.147610
1.018711
-0.322276
-0.992451
-0.847625
-1.040514
-0.896166
-1.056747
-3.745722
-3.526893
-3.242971
-3.314111
-3.243449
-3.301220
-3.206208
-2.364471
-2.503249
-2.601284
-2.601284
-2.601284
-2.601284
-2.601284
-2.689134
-2.647119
-2.601284
-2.601284
-2.601284
-2.601284
-2.601284
-2.391208
-2.514707
-2.601284
-2.601284
-2.601284
-2.601284
-2.601284
-1.970578
-2.340917
-2.601284
-2.601284
-2.601284
-2.601284
-2.601284
-2.245110
-2.463302
-2.601284
-2.601284
-2.601284
-2.601284
-2.601284
1.818498
1.891521
1.918610
1.918610
1.918610
1.918610
1.918610
1.828510
1.842250
1.918610
1.918610
1.918610
1.904084
1.868554
1.762004
1.627383
1.618511
1.845470
1.918610
1.825408
1.688353
1.750422
1.626912
1.741393
1.749009
1.918610
1.753563
1.807231
1.715560
1.612818
1.707787
1.762789
1.918610
1.793294
1.804012
1.825251
1.825094
1.918610
1.918610
1.918610
1.918610
1.918610
1.857483
1.847825
1.918610
1.918610
1.918610
1.918610
1.918610
2.198360
2.185778
2.199147
2.185778
2.198360
2.198360
2.198360
2.110288
2.046003
1.906032
1.779428
1.882245
1.781984
2.125622
2.055833
2.117267
1.975919
2.021135
2.184304
1.630020
2.337742
2.071560
2.247802
2.472602
2.843861
3.022659
2.148132
2.470243
2.066842
1.848431
2.025951
2.145871
2.393770
2.162090
2.223425
2.163367
1.881950
2.063205
1.746303
1.688407
1.604169
1.842042
2.217134
2.045610
2.348456
2.650024
3.016073
2.552811
2.268346
0.074462
-0.426069
-0.219479
-0.171266
-0.166760
-0.411290
0.116719
-0.264225
-1.090681
-0.753790
-0.500972
-0.173535
-0.566611
-0.224300
-0.208449
-0.921841
-0.401301
-0.136824
0.230413
-0.154596
0.108463
-0.088863
-0.800490
-0.369253
0.012636
0.387215
-0.059210
0.028770
0.076195
-0.491550
-0.022783
0.108368
0.032110
-0.193702
0.027667
-0.117129
-0.745849
-0.409147
-0.520761
-0.627050
-0.919636
-0.335757
0.367520
0.067844
0.169595
-0.007500
0.045881
-0.314864
0.392414
-0.048851
-0.322372
-0.102849
-0.075812
-0.113141
-0.392653
0.049466
-0.576614
-0.999608
-0.808888
-1.080105
-1.242021
-1.533131
-0.723321
-0.623007
-0.950680
-0.898141
-1.588665
-1.856117
-2.093922
-1.073422
-0.733000
-1.244709
-1.388267
-1.818481
-2.126335
-2.469140
-1.406164
-0.748208
-1.204998
-1.223893
-1.678993
-1.917720
-2.208523
-0.954674
-0.876173
-1.273282
-0.919034
-1.430743
-1.725387
-1.707721
-0.587982
-0.173207
-0.359548
-0.053921
-0.221060
-0.334816
-0.337888
-0.031569
0.523996
0.474945
0.623574
0.674381
0.664124
0.614435
0.717446
0.363712
0.144279
0.267885
0.328231
0.270998
0.297060
0.534612
0.351220
0.072519
0.211091
0.290035
0.176927
0.170661
0.433916
0.355410
0.087845
0.179641
0.382510
0.328270
0.111632
0.288519
0.378000
0.072040
0.151104
0.487716
0.491388
0.171060
0.291153
0.388417
0.126359
0.242022
0.466044
0.411047
0.236195
0.440900
0.662208
0.536528
0.602222
0.574883
0.496896
0.520563
0.753845
0.809491
-0.481001
-0.598258
-0.789157
-1.018730
-0.611751
-0.573362
-1.456210
-1.298569
-1.906994
-1.885519
-1.865089
-1.861479
-2.055703
-1.548762
-2.008667
-2.288032
-2.282426
-2.287842
-2.287842
-2.287842
-1.752393
-2.009998
-2.215340
-2.270548
-2.265227
-2.215340
-2.270548
-1.712769
-2.017410
-2.119558
-2.249263
-2.238621
-2.119558
-2.249263
-1.247922
-1.902528
-2.252684
-2.072712
-1.965052
-2.224937
-2.249928
-1.044670
-1.820904
-2.208023
-1.888655
-1.613186
-2.144549
-2.287842
0.334916
-0.242526
-0.407523
-0.705383
-0.798778
-0.502826
0.423792
-0.269640
-0.430922
-0.667623
-1.585102
-1.740660
-1.148858
-0.095202
-0.308203
-0.280385
-0.932945
-2.049465
-1.969427
-1.619447
-0.195225
-0.303985
-0.258995
-1.125359
-1.766067
-1.442800
-1.643649
-0.156863
-0.319752
-0.195828
-0.916575
-1.891196
-1.807744
-1.604685
-0.036755
-0.352290
-0.285105
-0.315032
-1.501348
-2.029381
-1.268263
0.001306
0.187894
-0.010545
0.308806
0.114383
-0.202557
-0.011448
0.321660
1.624135
1.624135
1.624135
1.624135
1.624135
1.624135
1.624135
1.624135
1.624135
1.624135
1.624135
1.624135
1.624135
1.624135
1.624135
1.624135
1.624135
1.624135
1.624135
1.624135
1.624135
1.624135
1.624135
1.624135
1.624135
1.624135
1.624135
1.624135
1.624135
1.624135
1.624135
1.624135
1.624135
1.624135
1.624135
1.624135
1.624135
1.624135
1.624135
1.624135
1.624135
1.624135
1.624135
1.624135
1.624135
1.624135
1.624135
1.624135
1.624135
-0.152869
0.020950
0.145804
0.300947
0.268657
0.231486
-0.144501
-0.149139
0.107026
0.248950
0.151565
0.077586
0.248404
-0.152869
-0.197226
-0.023649
-0.036716
-0.131282
-0.134162
-0.054696
-0.189039
-0.193163
-0.180914
-0.198832
-0.198105
-0.191465
-0.209323
-0.200621
-0.205533
-0.207625
-0.206443
-0.207170
-0.207170
-0.207170
-0.207170
-0.093049
-0.123581
-0.173031
-0.202895
-0.199166
-0.146532
-0.195770
-0.130402
-0.158963
-0.188190
-0.206261
-0.207655
-0.163026
-0.204745
1.124454
1.327735
1.179484
1.232855
1.142481
1.206763
1.146751
1.242224
1.118998
1.122319
1.144616
1.143311
1.146751
1.206763
1.147699
1.147225
1.159085
1.123505
1.124928
1.115203
1.153392
1.159085
1.159085
1.159085
1.119235
1.480730
1.119235
1.159085
1.153392
1.152918
1.159085
1.117812
1.124928
1.123505
1.159085
1.212693
1.152443
1.159085
1.159085
1.159085
1.159085
1.159085
1.153392
1.153155
1.159085
1.159085
1.159085
1.159085
1.159085
-0.064445
-0.154691
-0.520448
-0.172649
-0.367803
-0.275966
-1.135119
-0.980542
-1.395058
-2.072015
-1.892319
-1.957219
-1.906413
-2.220795
-1.444273
-2.549385
-3.354550
-2.552454
-2.396968
-2.852970
-3.494692
-1.245255
-2.499602
-3.450365
-2.141802
-1.718420
-2.670319
-3.639267
-0.976336
-2.078607
-3.475711
-3.190539
-3.049147
-3.010161
-3.523221
-0.813007
-1.670228
-3.335569
-3.839422
-3.982406
-3.625287
-3.379214
-1.863222
-2.653952
-3.663590
-3.936942
-4.089700
-3.948876
-3.824760
3.246065
1.329276
2.411432
2.039865
1.910006
1.994560
2.824186
1.062209
0.939538
1.235516
0.983389
1.145551
1.172363
1.346720
2.470870
1.060836
1.412295
1.300768
1.270242
1.130369
1.593354
2.016122
0.559087
1.737023
1.493618
1.501532
1.742514
1.380557
2.072249
0.691207
2.155349
0.846020
0.546974
2.446077
1.182619
2.045680
0.832695
1.337432
0.873962
0.806610
1.168002
1.348254
2.379291
1.325319
1.988503
2.159548
2.439536
1.781843
1.951758
-2.621718
-2.378690
-1.893721
-1.675167
-1.528794
-1.947004
-2.424693
-2.140001
-1.396050
-1.029418
-1.213741
-1.291652
-1.540410
-2.224262
-1.601747
-1.082546
-1.013620
-1.756485
-1.888610
-1.670366
-1.860729
-1.545367
-1.199026
-1.054511
-1.932909
-2.429186
-1.675631
-1.700414
-1.644033
-1.368014
-0.659069
-0.504331
-1.028954
-0.832859
-1.471792
-1.911379
-1.653172
-0.654113
0.311180
0.077601
-0.324191
-1.235581
-1.504165
-1.509276
-0.793206
0.160779
0.345101
-0.268275
-1.248902
-0.797925
-0.044329
-1.030234
-0.837821
-1.018612
-0.982790
-2.070772
-1.753519
-1.903759
-2.673649
-2.263544
-2.645973
-2.758953
-3.378483
-2.742779
-3.530879
-3.871136
-3.179002
-3.434314
-4.285434
-4.826610
-2.152122
-2.761349
-3.125567
-2.189143
-2.226763
-3.449050
-4.439029
-2.481117
-3.138506
-4.077087
-3.613308
-3.530640
-4.074331
-4.614069
-2.623210
-3.550169
-4.822896
-4.924374
-4.929406
-4.917904
-4.929765
-3.283235
-3.575449
-4.753287
-4.811993
-4.967145
-4.967145
-4.967145
-0.576608
-1.692563
-2.923009
-2.638868
-3.062894
-2.783540
-3.972353
-2.086406
-3.843084
-4.831021
-4.349958
-4.882020
-5.336438
-6.629123
-3.232338
-5.164704
-5.450511
-4.773152
-5.599971
-6.440737
-8.016106
-2.508142
-4.182596
-4.067483
-4.313946
-4.921363
-4.572067
-7.026505
-2.451522
-3.853076
-4.106409
-4.568112
-4.203620
-3.411149
-6.554393
-1.889693
-3.307484
-3.945084
-2.712557
-1.404052
-2.633456
-6.326872
-3.535213
-4.714450
-4.906168
-2.763556
-1.969211
-4.404080
-7.556485
-0.932913
-0.583318
-2.305004
-2.277094
-2.512618
-2.228927
-2.299062
-0.470058
-1.833325
-2.467872
-2.567988
-2.820348
-2.557994
-2.433930
-2.366586
-2.674406
-3.122856
-2.679808
-2.479036
-2.948644
-3.195602
-1.950007
-2.487409
-2.819808
-2.212091
-2.173287
-2.604361
-3.169493
-1.845840
-2.474445
-3.020760
-2.512708
-2.397647
-2.906779
-3.191281
-1.820721
-2.393055
-3.210368
-3.210368
-3.210368
-3.210368
-3.210368
-2.190483
-2.552142
-3.210368
-3.210368
-3.210368
-3.210368
-3.210368
0.464730
-0.933392
-0.875448
-0.692572
-1.002479
-0.734915
-1.391305
-0.335995
-2.516751
-2.607730
-2.594096
-2.781168
-2.613498
-2.779726
-1.379113
-3.215615
-4.052915
-4.052915
-4.052915
-4.052915
-4.052915
-1.128198
-3.156098
-4.052915
-4.052915
-4.052915
-4.052915
-4.052915
-1.113122
-3.157540
-3.598935
-3.955381
-4.049638
-4.046492
-3.920772
-0.899176
-2.726633
-3.214566
-3.234624
-3.416583
-3.853258
-3.818912
-1.643793
-3.101956
-3.277098
-2.722700
-2.768321
-3.631971
-3.928113
-0.283389
0.456085
-1.753494
-1.479842
-1.776811
-1.520850
-1.844085
0.182077
-1.163665
-2.098885
-2.043583
-2.298026
-2.169286
-2.062792
-1.914128
-2.124973
-2.942174
-2.942174
-2.942174
-2.942174
-2.942174
-1.393986
-1.910287
-2.942174
-2.942174
-2.942174
-2.942174
-2.942174
-1.475197
-1.929584
-2.942174
-2.942174
-2.942174
-2.942174
-2.942174
-1.518170
-1.985869
-2.942174
-2.942174
-2.942174
-2.942174
-2.942174
-2.031969
-2.268097
-2.942174
-2.942174
-2.942174
-2.942174
-2.942174
-0.462208
-1.306981
-0.943690
-0.959484
-1.022192
-1.097477
-0.379143
-1.301804
-2.579624
-2.258334
-2.431015
-2.553594
-2.578981
-1.500457
-0.833454
-2.172432
-2.094603
-2.329436
-2.404603
-2.433647
-1.512887
-0.841176
-2.545696
-2.544234
-2.888367
-2.829608
-2.794101
-1.836576
-0.788909
-2.407996
-2.274011
-2.713435
-2.711621
-2.735195
-1.635203
-0.694701
-2.104401
-2.021805
-2.473015
-2.421567
-2.330431
-1.198792
-0.022287
-0.761621
-0.672531
-1.065625
-1.114850
-1.108269
-0.203947
-1.452248
-1.275944
-2.345789
-1.868506
-1.964911
-1.850055
-2.615959
-0.218370
-2.714988
-2.743427
-2.807922
-3.151136
-2.977286
-3.018167
-1.824917
-2.673768
-3.998803
-4.111543
-4.387299
-4.387299
-4.387299
-0.662137
-2.582442
-3.855931
-4.202023
-4.351920
-4.150816
-4.304437
-0.725108
-2.495009
-4.064229
-4.219797
-4.153863
-4.020894
-4.173584
-0.768867
-2.506690
-4.066514
-4.203546
-4.178070
-4.002442
-4.214380
-2.015695
-3.119989
-4.218019
-4.269989
-4.307314
-4.214380
-4.343117
0.195490
0.195490
0.195490
0.179538
0.193680
0.181461
0.195490
0.195490
0.020024
0.000113
0.019345
-0.019572
0.190059
0.167433
0.195490
-0.336111
-0.200920
-0.597895
-0.292329
0.063353
-0.214948
0.195490
-0.551851
-1.227240
-0.691115
-1.096688
-0.721886
-0.504110
0.195490
-0.109284
-1.546495
-2.058297
-0.718492
-1.803075
-0.518817
0.195490
-0.079644
-0.079757
-1.777168
-2.111356
0.039935
-0.748246
0.195490
0.195490
-0.057923
-0.225243
-0.647672
-0.923824
0.195490
1.044157
0.443672
-1.909172
-1.312111
-1.467149
-1.009267
-2.172558
0.773285
-1.478314
-3.356021
-3.080201
-3.616362
-3.265561
-4.064347
-0.940249
-2.544801
-3.625751
-4.104312
-4.870620
-4.884068
-5.487852
-0.412588
-1.136900
-1.764410
-2.389762
-3.361730
-2.729399
-4.382543
-0.577141
-1.283692
-2.460304
-2.759214
-2.954090
-2.731936
-4.233341
-0.459277
-2.224576
-4.105961
-3.519305
-3.421360
-3.851710
-5.301985
-2.761752
-3.755160
-5.486203
-4.496727
-4.532506
-5.209876
-6.303386
1.006216
1.013786
1.005459
0.953310
1.003777
0.948264
1.015552
0.946834
0.953983
0.763977
0.670783
1.023543
0.770538
0.884340
0.832275
0.967946
0.956507
1.080233
1.012020
1.129270
0.654297
0.739585
0.955497
1.256614
0.790472
0.410881
1.382948
0.736810
0.720660
0.722763
1.152905
0.747071
0.089578
1.728895
0.329630
0.844471
0.886527
0.864658
0.364115
0.272434
1.408686
0.431151
0.933797
0.861125
0.835724
0.976189
0.944227
0.879798
0.776678
0.255538
-0.273984
-0.898704
-1.106560
-1.126407
-0.422629
-0.828952
-0.430782
-0.256443
-1.771551
-1.355180
-1.247876
-1.245323
-1.897055
-0.775918
-1.879184
-2.647444
-1.589882
-1.393309
-2.292261
-3.166589
-0.361936
-1.186771
-2.095687
-0.975538
-0.531415
-1.259982
-2.887252
-0.443958
-1.304781
-2.746595
-1.985665
-1.368439
-1.819067
-2.759277
-0.511240
-1.391333
-3.051214
-2.803253
-2.596303
-2.770724
-3.121625
-1.227123
-1.669681
-2.752936
-2.658561
-2.742889
-3.071720
-3.368433
-0.927254
-0.430372
-0.280766
-0.430287
-0.566693
-0.662228
-0.208755
-0.881052
-0.774602
-0.955940
-1.464838
-0.764701
-0.477251
-0.588525
-0.626180
-0.741346
-1.448761
-1.945220
-0.239302
0.707076
-0.104927
-0.589794
-0.751924
-1.482862
-1.858909
-0.723576
0.608664
0.406679
-0.589794
-0.705976
-1.351026
-1.812622
-1.012550
0.027078
0.395509
-0.770032
-0.836458
-1.320647
-1.565027
-0.610864
-0.099427
-0.029701
-0.777902
-0.632865
-0.760132
-0.776886
-0.396186
-0.316898
-0.076749
-0.697075
-0.558745
-0.775513
-0.423781
-0.409564
-0.222743
-1.142561
-0.837947
-1.210970
-1.696086
-1.347583
-1.230682
-1.126282
-1.647938
-1.986963
-2.585614
-3.405291
-3.258444
-3.116474
-3.184471
-3.227399
-1.912441
-2.564666
-3.405291
-3.334065
-3.266892
-3.338598
-3.405291
-1.978034
-2.526683
-3.368201
-3.323282
-3.341758
-3.301509
-3.349657
-1.903169
-2.401678
-3.178496
-3.220462
-3.339217
-3.150747
-3.067021
-1.984903
-2.623253
-3.172795
-3.157204
-3.118809
-3.104317
-3.131585
-1.868497
-0.231053
-2.052189
-1.342630
-1.047695
-1.202505
-1.352665
-1.774999
-1.496095
-2.279816
-2.419941
-1.407369
-0.434571
-1.439555
-1.650171
-2.058675
-2.586255
-2.542443
-1.343609
0.627564
-0.521216
-1.676605
-2.493981
-2.790997
-1.391338
-1.257209
0.193850
0.375339
-1.658982
-2.525310
-2.844354
-1.102031
-1.341529
-0.234235
-0.038672
-1.741467
-1.962362
-2.463019
-1.908393
-1.206299
-0.453907
-1.118553
-1.758355
-0.894353
-2.011804
-1.876329
-1.452895
-0.494292
-1.030439
-2.817881
-2.079385
-2.500305
-2.536513
-2.442976
-2.800100
-2.565501
-2.020762
-1.635296
-1.715471
-1.428823
-1.354790
-1.892740
-1.998563
-2.325514
-1.698337
-1.585186
-1.743058
-1.613096
-2.368404
-2.139516
-1.985847
-1.351018
-1.627968
-1.676030
-1.501886
-2.529832
-1.889507
-1.912892
-1.086677
-1.530443
-1.258019
-1.075362
-2.619706
-1.806961
-2.410216
-1.887891
-1.950932
-1.455009
-1.237544
-2.337584
-2.118610
-2.205683
-1.774309
-1.825173
-2.279500
-2.550091
-2.301699
-2.270771
-0.800080
-1.505615
-1.297408
-1.506801
-1.576006
-0.980132
-1.177225
-1.657807
-1.373281
-2.401278
-2.247457
-2.270723
-2.067998
-2.183883
-1.438485
-2.032580
-3.064431
-2.590666
-2.933282
-2.862743
-3.269971
-1.189377
-1.810147
-2.256941
-2.330147
-2.165359
-2.900977
-3.168164
-1.281255
-1.962931
-3.023678
-2.610227
-2.631122
-2.930170
-3.311612
-1.638394
-2.248346
-3.391932
-3.288791
-3.340954
-3.321986
-3.420384
-1.978935
-2.807024
-3.269230
-3.394895
-3.420384
-3.420384
-3.420384
-0.075874
0.190746
0.330425
0.535921
0.606096
0.187505
-0.040004
-0.263826
-0.035870
0.034081
0.490553
0.676941
-0.024137
-0.621405
-0.750357
-0.893723
-0.874057
-0.540838
-0.124818
-0.666102
-1.194313
-1.020552
-1.635923
-1.819070
-1.290189
-0.848579
-1.510324
-2.113738
-1.024910
-1.668440
-1.572676
-0.823325
-0.600397
-1.220126
-1.845107
-0.727896
-0.756056
-0.383727
0.151859
0.276900
-0.112861
-0.686216
0.105150
0.214324
0.443174
0.750357
0.847685
0.433452
0.104927
-0.125358
-1.633719
-1.994704
-1.956836
-1.864848
-1.694077
-1.908231
-1.978744
-2.209438
-3.176757
-3.020204
-2.924009
-2.955204
-3.245675
-1.858174
-3.063006
-3.664696
-3.025717
-3.077370
-3.201422
-3.694005
-2.132685
-2.977257
-3.585622
-2.894991
-2.934746
-2.992492
-3.669484
-2.065218
-2.994088
-3.713011
-3.485800
-3.429359
-3.733324
-3.742465
-1.832638
-2.991041
-3.872756
-3.889877
-3.844173
-3.908448
-3.920636
-2.413871
-3.247416
-3.929631
-3.929631
-3.929631
-3.929631
-3.929631
-1.200001
-1.956000
-1.787678
-1.957955
-2.119701
-1.987105
-1.469162
-1.338581
-1.597848
-1.917667
-1.949483
-2.092921
-1.979995
-1.766289
-1.071552
-1.504059
-1.594234
-1.409856
-1.526573
-1.563366
-1.688142
-0.701373
-1.111189
-0.082828
-0.368046
-0.508996
-0.470663
-0.998500
-0.631046
-1.115514
0.004562
-0.189652
-0.378000
-0.217439
-1.094066
-0.730167
-1.561411
-1.464423
-1.408730
-1.485870
-1.477576
-1.743775
-1.422653
-1.888458
-2.135165
-2.135165
-2.135165
-2.128885
-2.118931
0.477574
0.424165
0.457667
0.457667
0.457667
0.457667
0.457667
0.417610
0.425622
0.457667
0.457667
0.457667
0.457667
0.457667
0.457667
0.457667
0.457667
0.457667
0.457667
0.457667
0.457667
0.457667
0.457667
0.457667
0.457667
0.457667
0.457667
0.457667
0.457667
0.457667
0.457667
0.457667
0.457667
0.457667
0.457667
0.457667
0.457667
0.457667
0.457667
0.457667
0.457667
0.457667
0.457667
0.457667
0.457667
0.457667
0.457667
0.457667
0.457667
0.533504
0.533504
0.523657
0.521752
0.524398
0.537633
0.548750
0.457115
0.302008
0.115351
0.017628
0.044732
0.118739
0.239754
0.597346
0.487819
0.544409
0.510211
0.299097
0.413918
0.489724
0.536415
0.546103
0.753194
0.910948
0.738160
0.703857
0.509523
0.575748
0.579083
0.595599
0.530063
0.619739
0.796550
0.652772
0.530010
0.539856
0.514764
0.535251
0.541762
0.329271
0.350181
0.533504
0.533504
0.543350
0.562249
0.542768
0.621856
0.841970
-2.152428
-1.216120
-1.024670
-1.010863
-1.039167
-1.120625
-1.093702
-1.060797
-1.036866
-0.908465
-1.203923
-1.532288
-0.933778
-0.368632
-0.804457
-0.706661
-1.063788
-1.209676
-1.479363
-0.864975
-0.239542
-0.840583
-0.850478
-1.297348
-0.913067
-0.841504
-0.884995
-0.151871
-0.769711
-0.781216
-1.115102
-1.165266
-1.031113
-1.242582
-0.683880
-0.807448
-0.867046
-1.308393
-0.989923
-0.953105
-1.778273
-1.136732
-1.277098
-0.925724
-0.998668
-0.987162
-0.916749
-1.336926
-0.872338
0.093756
0.093756
0.093756
0.093756
0.093756
0.093756
0.093756
0.093756
0.093756
0.093756
0.093756
0.093756
0.093756
0.093756
0.093756
0.093756
0.093756
0.093756
0.093756
0.093756
0.093756
0.093756
0.093756
0.093756
0.093756
0.093756
0.093756
0.093756
0.093756
0.093756
0.093756
0.093756
0.093756
0.093756
0.093756
0.093756
0.093756
0.093756
0.093756
0.093756
0.093756
0.093756
0.093756
0.093756
0.093756
0.093756
0.093756
0.093756
0.093756
0.054011
-0.821143
-0.838732
-1.119762
-1.187937
-1.048395
0.014476
-0.695999
-1.658240
-1.731553
-2.300150
-2.540400
-2.311123
-0.755691
-0.518322
-1.547027
-1.742915
-2.333771
-2.682899
-2.685312
-1.204826
-0.652183
-1.991102
-2.292835
-2.719088
-2.902991
-3.270564
-1.726883
-0.652727
-2.077957
-2.532928
-3.269941
-3.461237
-3.309321
-1.488424
-0.610157
-1.751087
-2.368015
-3.623427
-3.875350
-3.260524
-1.265219
0.203593
-0.529918
-0.931267
-1.977717
-2.127687
-1.785875
-0.324924
-0.579601
-0.643982
-0.766463
-0.923489
-0.994150
-0.837648
-0.661255
-0.567039
-0.340398
-0.746573
-0.384889
-0.252463
-0.707839
-0.921395
-0.482768
-0.511033
-0.601585
-0.267119
0.037512
-0.417341
-0.959081
-0.485386
-0.657591
-0.279158
-0.245659
0.057925
-0.162435
-0.847069
-0.567039
-0.751807
-0.602108
-0.757565
-0.548719
-0.684285
-1.106686
-0.544532
-0.608913
-0.840265
-0.422051
-0.199075
-0.781118
-0.878998
-0.547149
-0.422575
-0.630897
-0.722495
-0.759135
-0.712027
-0.859631
-1.004683
-1.361449
-1.159250
-1.133992
-1.413749
-1.284303
-1.933730
-1.898040
-2.178071
-3.253723
-2.893114
-2.734429
-3.028874
-3.282413
-1.315875
-2.246295
-2.442180
-2.027211
-1.731119
-1.894608
-2.982202
-1.255202
-1.297344
-0.100345
0.353472
0.104051
0.264108
-1.909708
-1.530841
-1.274969
-1.326308
-0.653408
-1.172153
-1.424731
-2.447671
-1.782732
-1.984383
-3.006362
-2.868680
-2.752137
-3.308494
-3.182480
-2.166953
-2.183288
-2.612121
-2.752549
-2.931412
-3.011853
-3.420919
0.205891
0.205891
0.205891
0.205891
0.205891
0.205891
0.205891
0.205891
0.205891
0.205891
0.205891
0.205891
0.205891
0.205891
0.205891
0.205891
0.205891
0.205891
0.205891
0.205891
0.205891
0.205891
0.202199
-0.216798
0.202199
0.205891
0.205891
0.205891
0.205891
-0.174344
-0.264789
-0.155886
0.205891
0.205891
0.205891
0.205891
0.194816
0.198508
0.200353
0.205891
0.205891
0.205891
0.205891
0.205891
0.205891
0.205891
0.205891
0.205891
0.205891
-0.363276
-0.720237
-0.853932
-0.546239
-0.589427
-0.692173
-1.010234
-0.731307
-0.938593
-0.874123
-0.022373
0.290153
-0.812226
-0.951455
-0.684767
-0.951845
-0.416754
1.178932
1.345680
-0.066029
-1.353943
-0.800142
-1.322137
-1.331648
-0.271755
0.069771
-0.660757
-1.495590
-0.825400
-1.396040
-1.659610
-1.555538
-1.485222
-1.551952
-1.655556
-0.896185
-1.428313
-1.702174
-1.702174
-1.702174
-1.702174
-1.702174
-1.145956
-1.525291
-1.702174
-1.702174
-1.702174
-1.702174
-1.702174
0.171054
-1.079244
0.502385
0.370986
-1.245187
-1.132578
-2.244983
-2.009127
-1.673927
0.007461
0.993856
-2.297212
-2.745020
-2.608923
-1.761942
-1.792063
-0.569260
0.664459
-2.850306
-2.697351
-1.771337
-1.790957
-1.778798
-1.377277
0.302868
-2.587368
-2.530028
-1.771337
-1.876346
-1.671717
-0.827361
0.477653
-2.892309
-2.830409
-1.810025
-1.839869
-1.528711
0.431643
1.270610
-2.953794
-3.305713
-2.059698
-0.880971
-1.225704
0.729675
0.719588
-2.274137
-2.660460
-2.069784
0.477098
0.477098
0.477098
0.477098
0.477098
0.477098
0.477098
0.477098
0.477098
0.477098
0.477098
0.477098
0.477098
0.477098
0.477098
0.477098
0.477098
0.477098
0.477098
0.477098
0.477098
0.477098
0.477098
0.477098
0.477098
0.477098
0.477098
0.477098
0.477098
0.477098
0.477098
0.477098
0.477098
0.477098
0.477098
0.477098
0.477098
0.477098
0.477098
0.477098
0.477098
0.477098
0.477098
0.477098
0.477098
0.477098
0.477098
0.477098
0.477098
0.759261
0.397291
0.084185
-0.212366
-0.199442
-0.048422
0.560704
-0.324259
-0.435178
-0.487584
-0.246625
-0.235117
-0.522993
-0.721992
0.105962
-0.034612
0.647368
1.109545
1.026068
0.791925
0.409418
-0.150135
-0.358606
-0.024609
-0.219448
-0.197937
0.136502
-0.117912
-0.103926
-0.636656
-1.338023
-1.480810
-1.450181
-1.234363
-0.842915
-0.166423
-0.452971
-0.499446
-0.521842
-0.707475
-0.886911
0.353295
-1.163013
-1.116893
-0.489797
-0.457486
-0.533085
-0.751648
-0.681360
-2.510989
-2.231833
-2.351337
-2.683319
-2.557711
-2.608893
-1.984139
-2.533763
-2.390546
-2.659371
-2.466146
-2.124304
-2.953553
-2.612885
-2.489859
-2.388903
-2.266817
-0.914944
-0.035217
-2.114209
-2.610772
-2.509111
-2.399468
-2.582598
-1.357977
-0.301459
-2.616642
-3.119308
-2.631667
-2.688250
-3.445889
-2.697406
-1.947749
-3.375925
-3.113204
-2.743188
-2.399233
-3.046525
-3.574081
-3.740071
-3.378037
-2.713136
-1.886236
-1.644880
-1.427002
-2.193799
-2.672284
-2.191216
-1.601211
-0.325268
-1.530931
-1.151241
-0.857031
-0.964754
-1.054710
-1.515682
-1.326257
-2.385444
-2.597394
-2.265130
-2.122011
-2.125789
-2.348371
-1.212938
-2.527164
-2.551786
-1.602700
-0.797993
-1.459582
-2.271985
-1.061845
-2.354806
-1.989246
-0.615702
0.393960
-1.274494
-2.917486
-1.186916
-2.912869
-2.834105
-2.290591
-1.771840
-2.459731
-3.741780
-1.410337
-3.272414
-3.967580
-3.672949
-3.474850
-3.823902
-4.165958
-2.371174
-3.570402
-3.932745
-3.508426
-3.423367
-3.868810
-4.157845
-2.380370
-2.276520
-2.252826
-2.296906
-2.363880
-2.280896
-2.260031
-2.353900
-2.282711
-2.250211
-2.289809
-2.354167
-2.293544
-2.258163
-2.330099
-2.395205
-2.418793
-2.418793
-2.418793
-2.418793
-2.418793
-2.262165
-2.340186
-2.337037
-2.385226
-2.372685
-2.315584
-2.381917
-2.117384
-2.084138
-1.712393
-1.876226
-1.946882
-1.579139
-1.857227
-2.051585
-1.824674
-1.047032
-0.890030
-0.809075
-0.871459
-1.288831
-2.252026
-2.090061
-1.496530
-0.615358
-0.309840
-1.281253
-1.805303
-0.554356
-2.146014
-2.126557
-2.217951
-2.352149
-2.105839
-1.612271
-2.055567
-2.421562
-2.639371
-2.635164
-2.668398
-2.556391
-2.534516
-2.075655
-2.634428
-2.834884
-2.834884
-2.834884
-2.834884
-2.834884
-2.106785
-2.612132
-2.834884
-2.834884
-2.834884
-2.834884
-2.834884
-2.089747
-2.616970
-2.834884
-2.834884
-2.834884
-2.834884
-2.834884
-2.119195
-2.625594
-2.834884
-2.834884
-2.834884
-2.834884
-2.834884
-2.370344
-2.695532
-2.834884
-2.834884
-2.834884
-2.834884
-2.834884
1.358641
1.358641
1.358641
1.358641
1.358641
1.358641
1.358641
1.358641
1.355870
1.345289
1.356122
1.358641
1.358641
1.358641
1.358641
1.335967
1.281044
1.334707
1.358641
1.356878
1.350144
1.358641
1.334203
1.277654
1.333768
1.358641
1.343456
1.305620
1.358641
1.349434
1.328019
1.350030
1.358641
1.337387
1.288259
1.358641
1.357611
1.355068
1.357886
1.358641
1.349778
1.329210
1.358641
1.358641
1.358641
1.358641
1.358641
1.357611
1.355068
0.505419
0.505419
0.505419
0.505419
0.505419
0.505419
0.505419
0.505419
0.505419
0.505419
0.505419
0.505419
0.505419
0.505419
0.505419
0.322382
0.132896
-0.046205
-0.001704
0.158088
0.358405
0.505419
0.235083
0.288672
0.048193
0.073385
0.196302
0.229647
0.505419
0.264940
0.098374
-0.244292
-0.257638
0.042230
0.153463
0.505419
0.459335
0.343599
0.250701
0.222629
0.292728
0.334552
0.505419
0.505419
0.386112
0.442703
0.397552
0.429559
0.505419
-1.194126
-1.170791
-1.287326
-1.221041
-1.092910
-1.156761
-1.321828
-0.200715
-0.356477
-1.289187
-1.114814
-0.483606
0.111381
-0.958622
-0.314673
-0.691193
-1.360339
-1.257548
-1.004578
-0.116249
-0.923834
-0.766211
-1.059409
-1.558048
-1.617747
-1.296059
-0.857406
-1.144162
-0.323406
-0.389691
-1.520968
-1.602858
-1.634783
-1.696200
-1.215314
0.426484
0.549461
-0.089907
0.187973
-0.966353
-1.692908
-1.586824
0.734429
1.213453
0.901214
1.085608
0.693341
0.191123
-1.084463
-0.939539
-2.126156
-1.648551
-1.663073
-1.750205
-1.845510
-0.435390
-1.650307
-2.930809
-2.696431
-3.208282
-3.412873
-3.370320
-1.410255
-0.687802
-1.743586
-1.789786
-2.380865
-2.617878
-2.594372
-0.997965
-0.334682
-1.500562
-1.659560
-1.877526
-2.133653
-2.338717
-0.975811
-0.527587
-1.891845
-2.070634
-2.375732
-2.711493
-2.759112
-1.146832
-1.046192
-2.378569
-2.308187
-2.908047
-3.124323
-3.299466
-1.460305
-0.024181
-0.932650
-0.657881
-1.058552
-1.148859
-1.455645
-0.101519
1.033092
1.033092
1.033092
1.033092
1.033092
1.033092
1.033092
1.002733
1.015302
1.027020
1.030056
1.033092
1.025259
1.014877
1.021555
1.031331
1.030784
1.032788
1.033092
1.032363
1.026170
1.080147
1.054342
1.042503
1.036795
1.033092
1.041288
1.061325
1.033092
1.020038
1.002733
1.017912
1.014816
0.912266
0.829691
1.033092
1.031877
1.021555
1.031574
1.031392
1.009655
0.961750
1.033092
1.046753
1.080147
1.051610
1.052217
1.180936
1.341349
0.137936
0.137936
0.135237
-0.099104
-0.949209
0.116196
0.137936
0.137936
0.126241
-1.066604
-2.778509
-1.901566
-2.068439
0.116196
0.137936
-0.797479
-2.996507
-4.277962
-4.225785
-2.607888
-0.989540
0.137936
-0.516210
-3.899537
-3.521863
-2.449712
-3.572839
-0.886538
0.137936
-1.485659
-2.642522
-3.052581
-2.423324
-2.434718
-1.838146
0.137936
0.090708
-1.326733
-0.510663
-0.159376
-1.463920
0.084411
0.137936
0.137936
0.136886
-0.071817
-0.038532
-0.053225
0.137936
-0.666704
-0.516228
-0.654853
-0.624192
-0.678990
-0.780974
-0.651591
-0.804785
-0.783801
-0.782170
-0.625823
-0.678990
-0.811417
-0.794674
-0.736614
-0.833380
-0.797065
-0.379886
-0.678990
-0.678990
-0.678990
-0.753140
-1.174886
-1.039523
-0.090351
-0.856647
-0.807068
-0.606687
-0.803806
-1.119436
-0.710738
0.213754
-0.817397
-0.641806
-0.331939
-0.843165
-1.239034
-1.154119
-0.977984
-1.087253
-0.732700
-0.612450
-0.775103
-0.754663
-0.623757
-0.763796
-0.352705
-0.011634
-0.587660
0.566584
0.566584
0.566584
0.566584
0.566584
0.566584
0.566584
0.566584
0.566584
0.566584
0.566584
0.566584
0.566584
0.566584
0.566584
0.546025
0.532037
0.548569
0.566584
0.566584
0.566584
0.566584
0.482610
0.493080
0.492190
0.566584
0.566584
0.566584
0.566584
0.445540
0.533287
0.455841
0.566584
0.566584
0.566584
0.566584
0.483415
0.486446
0.465569
0.532037
0.548569
0.566584
0.566584
0.545601
0.525085
0.514848
0.582905
0.539031
0.566584
1.313348
1.245594
1.296944
1.382734
1.301957
1.277335
1.073805
1.119519
1.254434
1.392672
1.347522
1.324413
1.245386
1.085286
1.121922
1.436902
1.538089
1.527320
1.457371
1.427053
1.145446
1.163660
1.499228
1.465084
1.532986
1.502639
1.199347
1.226045
1.147166
1.391218
1.445564
1.506377
1.481696
1.256066
1.275941
1.054761
1.226965
1.463511
1.555324
1.491040
1.138771
1.173182
0.963512
1.011628
1.352239
1.524117
1.502699
1.284930
1.224176
1.558881
2.097176
0.898572
0.898572
0.898572
1.326272
1.128680
2.728775
1.063649
0.898572
0.898572
0.898572
0.958600
1.536370
0.898572
0.898572
0.898572
0.898572
0.898572
0.898572
0.898572
0.898572
0.898572
0.898572
0.898572
0.898572
0.898572
0.898572
0.898572
0.898572
0.898572
0.898572
0.898572
0.898572
0.898572
0.898572
0.898572
0.898572
0.898572
0.898572
0.898572
0.898572
0.898572
0.898572
0.898572
0.898572
0.898572
0.898572
0.898572
-1.747926
-1.375665
-1.377484
-1.140946
-1.084821
-1.408751
-1.847617
-1.968701
-1.902702
-2.151020
-1.815483
-1.624503
-2.257293
-2.525965
-2.261884
-2.217365
-2.424802
-2.510895
-2.421077
-2.867218
-3.006231
-2.488635
-2.624790
-2.617774
-2.583389
-2.455203
-2.858470
-3.086261
-2.132571
-2.259892
-2.531075
-2.866439
-2.912603
-2.979901
-2.917886
-1.499348
-1.296848
-2.142532
-2.913469
-3.046419
-2.822786
-2.648002
-1.958914
-1.611684
-2.330741
-2.954783
-2.991853
-2.838896
-2.877872
0.351557
0.351557
0.351557
0.351557
0.351557
0.351557
0.351557
0.351557
0.351557
0.351557
0.351557
0.351557
0.351557
0.351557
0.351557
0.351557
0.351557
0.351557
0.351557
0.351557
0.351557
0.351557
0.351557
0.351557
0.351557
0.351557
0.351557
0.351557
0.351557
0.351557
0.351557
0.351557
0.351557
0.351557
0.351557
0.351557
0.351557
0.351557
0.351557
0.351557
0.351557
0.351557
0.351557
0.351557
0.351557
0.351557
0.351557
0.351557
0.351557
0.180455
0.155170
0.178649
0.193097
0.163598
0.068780
0.051924
0.150655
-0.037175
0.152461
0.193097
0.094065
-0.493955
-0.642653
0.192194
0.135303
0.187679
0.193097
0.190990
-0.055988
-0.558521
0.193097
0.193097
0.193097
0.178348
0.148849
0.131691
-0.172026
0.193097
0.193097
0.165705
0.027693
-0.207997
0.106256
0.135303
0.172026
0.129885
0.077058
-0.420057
-0.576431
0.032057
0.054031
0.122360
-0.190689
0.123413
0.065469
0.027241
0.023027
-0.651232
-0.410669
-0.675970
-0.594839
-0.448790
-0.324525
-0.415372
-0.523300
0.494399
0.294697
-0.079522
-0.383316
-0.442231
-0.168575
0.195619
0.100811
-0.084102
-0.292097
-0.454112
-0.491182
-0.331209
-0.028405
0.068816
-0.122718
-0.050808
-0.067950
-0.261650
-0.100996
0.077233
0.113064
0.076985
0.105762
0.276193
0.271056
0.058234
0.090847
0.253295
0.257565
-0.066526
-0.189492
-0.096726
-0.030200
0.153289
0.220311
0.344266
0.384492
0.423479
0.558265
0.371929
0.243765
1.793977
1.701535
1.673202
1.663530
1.655080
1.691719
1.955994
1.960596
1.945315
1.925755
1.813717
1.627286
1.913170
1.961819
1.982206
1.982206
1.963724
1.827704
1.697975
1.930645
1.982206
1.982206
1.982206
1.974295
1.958187
1.971527
1.960308
1.982206
1.982206
1.977675
1.977675
1.977351
1.976668
1.976668
1.976273
1.974151
1.957612
1.886383
1.952003
1.938375
1.856900
1.958043
1.882752
1.898716
1.878653
1.837340
1.728753
1.730443
1.949630
-0.270212
0.216644
0.246150
0.051812
0.066653
0.099760
-0.479040
-0.171682
0.508898
0.147005
-0.524090
-0.573882
-0.395527
-0.687342
-0.392277
-0.397283
-0.901000
-1.163221
-1.098148
-1.007258
-0.856389
-0.606902
-0.810900
-1.054416
-0.840845
-0.746179
-0.788419
-0.764006
-0.798957
-0.833469
-0.400093
-0.027135
-0.542444
-0.801328
-0.732567
-0.711491
-0.552806
-0.526374
-0.479040
-0.674520
-0.194602
-0.400357
-0.712896
-0.655640
-0.814149
-1.048444
-0.859550
-0.528042
-0.509952
0.896509
0.907996
0.893376
0.911128
0.911128
0.911128
0.911128
0.907996
1.026521
0.906951
0.911128
0.911128
0.911128
0.911128
0.900164
0.899119
0.897553
0.911128
0.911128
0.911128
0.911128
0.883977
0.905310
0.878159
0.911128
0.911128
0.911128
0.911128
0.901133
1.124533
0.898299
0.911128
0.911128
0.911128
0.911128
0.889870
0.921795
0.884723
0.911128
0.911128
0.894420
0.907548
0.907996
0.907697
0.907250
0.911128
0.911128
0.907548
1.043005
0.355319
-0.580552
-2.026450
-1.786765
-2.003578
-1.459400
-1.695274
-0.947466
-1.523571
-3.494904
-3.362275
-3.575752
-2.872102
-2.829692
-2.510587
-3.695198
-5.244659
-5.164764
-5.379036
-5.237035
-5.011804
-1.973557
-3.116394
-4.934132
-4.650130
-4.794990
-4.800867
-4.927302
-1.808049
-2.711517
-4.577859
-4.866149
-5.041665
-4.188389
-4.133749
-1.405872
-2.248505
-4.528143
-5.260702
-5.604586
-4.629799
-4.082921
-2.241199
-3.319230
-4.905859
-5.462743
-5.811710
-5.453848
-5.231317
-0.651207
-1.204249
-2.395968
-2.423206
-2.675649
-2.111167
-2.164336
-1.011948
-2.445759
-2.891810
-3.180206
-3.240130
-2.773379
-2.959251
-2.088178
-2.728708
-3.886652
-3.886652
-3.886652
-3.886652
-3.886652
-1.424006
-2.592191
-3.886652
-3.886652
-3.886652
-3.886652
-3.886652
-1.449173
-2.583257
-3.886652
-3.303213
-3.375449
-3.469910
-3.886652
-1.684183
-2.793099
-3.886652
-3.123115
-2.399564
-2.934846
-3.886652
-2.526929
-3.339277
-3.886652
-3.376102
-2.691991
-3.519375
-3.886652
0.049201
-0.756760
-0.784875
-0.771843
-0.731184
-0.902509
-0.000635
-0.670756
-1.958966
-1.905079
-1.724187
-1.692362
-2.013635
-0.956591
-0.689792
-1.769923
-1.555888
-1.266148
-1.175507
-1.770655
-0.938043
-0.429827
-1.608262
-1.384709
-0.706193
-0.442957
-1.189759
-0.723423
-0.496990
-1.827617
-1.614754
-1.117080
-0.875028
-1.453288
-0.836224
-0.941997
-2.425937
-2.287462
-2.068937
-1.878331
-2.348914
-1.354642
-0.334939
-1.408236
-1.398327
-1.286551
-1.395448
-1.813657
-0.598614
-0.465080
-0.354320
-0.358886
-0.409444
-0.484976
-0.531573
-0.623182
-0.165371
0.404225
0.264295
0.080193
-0.023718
-0.413824
-0.500633
-0.220541
0.432462
0.203953
0.036858
-0.049718
-0.441083
-0.644010
-0.393927
-0.181913
-0.345140
-0.466571
-0.498629
-0.508088
-0.644989
-0.416899
-0.265367
-0.440197
-0.677420
-0.665771
-0.480596
-0.635157
-0.348262
0.103305
-0.429806
-0.671922
-0.637300
-0.574488
-0.541032
-0.577890
-0.117610
-0.491780
-0.677420
-0.682313
-0.559391
-0.665911
-0.070066
-0.067586
0.029444
0.143449
0.183739
0.118039
-0.094148
-0.207787
-0.186655
-0.157945
-0.128221
-0.069210
0.022162
-0.109028
-0.195841
-0.209097
-0.233511
-0.230141
-0.197920
-0.171846
-0.187825
-0.157019
-0.194741
-0.236236
-0.234018
-0.229582
-0.232987
-0.229390
-0.134281
-0.177766
-0.174134
-0.023245
0.012207
-0.136062
-0.236236
-0.059098
-0.137110
-0.185869
-0.044166
-0.007911
-0.154015
-0.236236
-0.122440
-0.174902
-0.231835
-0.228639
-0.220501
-0.217165
-0.236236
0.421416
0.359971
-0.081486
0.676666
0.767952
0.686356
0.582736
0.447403
0.193365
-0.168588
0.348959
-0.003854
0.646604
1.228570
0.187528
0.321760
-0.637024
0.036448
-0.009360
0.023895
0.710582
0.605310
0.783919
-0.342793
0.257452
0.225739
0.105161
0.877078
0.427142
0.547059
-0.752316
-0.229263
-0.461168
-0.236200
0.347307
0.149648
0.068603
-1.176485
-0.827085
-1.353442
-0.673803
0.363605
0.537038
0.526577
-0.101307
0.206689
-0.049222
0.256241
0.774009
1.900389
2.843011
2.495706
2.513068
2.545575
2.272343
2.218926
1.935303
1.614041
2.283749
2.005322
1.605107
2.227417
1.752748
1.824161
1.809713
1.973006
2.183252
1.432373
2.346988
1.846972
1.846972
1.846972
1.823717
2.236352
1.317555
2.239330
1.846972
1.837911
1.826252
1.829673
2.225136
1.279029
2.301175
1.846972
1.810981
1.634952
2.206507
2.003041
1.549599
2.328865
1.739821
1.863764
2.793840
2.543293
2.600259
2.243322
2.799986
1.817824
0.489656
0.030147
-0.136536
-0.284286
-0.306511
-0.119045
0.321945
0.057104
0.170078
-0.069657
-0.679489
-0.977564
-0.703463
-0.065747
-0.098981
-0.035394
-0.383988
-0.966554
-0.874159
-1.236025
-0.569088
-0.107624
-0.179441
-0.645330
-0.816437
-0.567339
-1.236128
-0.885682
-0.101759
-0.174091
-0.801826
-1.388508
-1.092698
-1.320807
-0.430906
-0.082107
0.040024
-0.252288
-1.192296
-1.021395
-0.986206
0.065438
0.174091
0.212161
0.309392
0.094248
0.030353
0.030353
0.127276
-2.025321
-3.333722
-3.338399
-2.137367
-2.030424
-2.572366
-4.556866
-3.932432
-4.928296
-5.757049
-5.669241
-6.059592
-6.184395
-6.925127
-4.128032
-5.843368
-6.766307
-7.333550
-8.111278
-8.529694
-8.614100
-3.608414
-6.104028
-7.660332
-6.750149
-7.249782
-8.450177
-8.851584
-3.432160
-6.103603
-8.137216
-7.927157
-8.191006
-8.384268
-8.482707
-3.205306
-4.982724
-6.731014
-7.463881
-7.636945
-7.268067
-7.576138
-4.681668
-5.490011
-6.143786
-6.734841
-6.513940
-6.605149
-7.973719
-0.662893
-2.207410
-1.608947
-0.629413
-0.713633
-1.000216
-1.919636
-2.380462
-2.245056
-3.311934
-2.732219
-2.862268
-2.950654
-3.681547
-1.680370
-3.369816
-4.573736
-4.571207
-4.689947
-4.903769
-5.088575
-1.221032
-2.883992
-4.770149
-4.220342
-4.225699
-4.839489
-5.088575
-1.308525
-3.069096
-4.945432
-4.727890
-4.724319
-4.864486
-5.044383
-1.161215
-2.810189
-4.784285
-4.743812
-4.903323
-4.972067
-4.974745
-1.783486
-3.303006
-4.400387
-4.473298
-4.712266
-4.958675
-5.051078
2.668207
2.668207
2.668207
2.668207
2.668207
2.668207
2.668207
2.668207
2.560832
2.618516
2.484857
2.615255
2.574837
2.668207
2.668207
2.482938
2.542094
2.148085
2.477630
2.083685
2.537489
2.668207
2.369295
2.858464
2.948253
3.776816
2.501484
2.497263
2.668207
2.223804
2.430689
1.999652
2.891336
2.169445
2.487095
2.668207
2.472066
2.850598
2.663475
2.799309
2.155695
2.467845
2.668207
2.403829
2.366993
2.581105
2.749746
2.406451
2.622929
0.997978
0.027872
0.152484
0.104832
-0.175500
0.033446
0.395595
0.003776
-0.240773
-0.167768
-0.981974
-1.693145
-1.031963
-0.343268
-0.033985
-0.388043
-0.496291
-1.110902
-1.734862
-1.377568
-0.932344
-0.032187
-0.584761
-0.543044
-0.724118
-1.131940
-1.017218
-1.092741
-0.104293
-0.682580
-1.111801
-1.456148
-1.449675
-1.022073
-0.679704
-0.119757
-0.537469
-1.299708
-1.881053
-1.603957
-1.364443
-0.902316
0.416273
-0.184851
-0.303169
-0.389481
-0.365566
-0.605080
-0.487301
-0.594869
0.097341
-0.327419
-0.299844
-0.267055
-0.141349
-0.433530
-0.703350
-0.298343
-0.458971
-0.482911
-0.469558
-0.431317
-0.577170
-0.459366
-0.383674
-0.432739
-0.432739
-0.432739
-0.432739
-0.432739
-0.427288
-0.408720
-0.432739
-0.432739
-0.432739
-0.380593
-0.286728
-0.444591
-0.385570
-0.379645
-0.414409
-0.432739
-0.299607
-0.383279
-0.189783
-0.111326
-0.089519
-0.125231
-0.291469
-0.237031
-0.503928
-0.427209
-0.115197
-0.354993
-0.247539
-0.272112
-0.409510
-0.415041
0.079987
0.079987
0.079987
0.079987
0.079987
0.079987
0.079987
0.079987
0.079987
0.079987
0.079987
0.079987
0.079987
0.079987
0.079987
0.079987
0.079987
0.079987
0.063447
0.112093
0.167549
0.079987
0.079987
0.079987
0.079987
0.007992
0.162684
0.360184
0.079987
0.079987
0.079987
0.079987
0.013829
0.146145
0.366995
0.079987
0.079987
0.079987
0.079987
0.069285
0.095553
0.174359
0.079987
0.079987
0.079987
0.079987
0.079987
0.079987
0.079987
-3.681633
-2.982492
-2.063706
-2.092485
-2.516681
-2.556180
-3.767827
-3.077714
-3.613356
-3.388773
-3.490625
-3.570188
-3.675003
-3.502757
-2.240043
-3.593042
-4.107240
-4.136865
-4.161552
-4.119231
-4.090453
-2.284621
-3.720145
-4.126990
-4.161552
-4.161552
-4.161552
-4.161552
-2.381395
-3.796182
-4.161552
-4.161552
-4.161552
-4.154499
-4.131222
-2.812786
-3.828205
-4.153088
-4.161552
-4.161552
-4.138981
-3.981688
-3.950794
-3.792655
-4.140391
-4.161552
-4.161552
-4.143918
-4.131927
-0.393890
0.472825
-1.396259
-1.313926
-1.549162
-0.951139
-1.175398
0.094879
-0.889324
-1.331569
-1.475063
-1.549162
-1.304778
-1.017267
-1.549162
-1.549162
-1.549162
-1.549162
-1.549162
-1.549162
-1.549162
-1.549162
-1.549162
-1.549162
-1.549162
-1.549162
-1.549162
-1.549162
-1.549162
-1.549162
-1.549162
-1.558180
-1.458204
-1.553867
-1.549162
-1.549162
-1.549162
-1.549162
-1.467614
-1.498194
-1.470750
-1.549162
-1.549162
-1.549162
-1.549162
-1.515837
-1.476631
-1.524462
-1.549162
-0.369129
-1.400734
-1.178431
-1.266436
-1.397220
-1.134277
-1.629912
-1.820740
-2.729506
-2.838136
-2.724923
-2.828969
-3.041952
-3.106122
-1.793697
-2.560220
-3.054175
-2.964031
-2.996269
-3.128886
-3.411692
-1.934260
-2.425617
-2.681532
-1.626397
-1.596910
-2.604834
-3.342175
-1.921120
-2.547997
-3.180986
-2.529205
-2.049154
-2.351516
-3.230030
-1.975664
-2.716672
-2.782064
-2.795662
-3.086107
-2.651586
-3.334383
-1.986818
-2.834164
-2.746618
-3.151804
-3.455847
-3.331021
-3.453097
0.501318
0.376904
0.270236
0.254016
0.233306
0.308343
0.489938
0.344640
0.040352
0.018421
-0.041878
-0.137865
-0.112140
0.216106
0.174118
-0.067036
-0.134616
-0.185825
-0.331320
-0.437291
-0.150313
0.163589
-0.185738
-0.312594
-0.409583
-0.565673
-0.602602
-0.215997
0.171263
-0.146716
-0.244882
-0.344771
-0.523293
-0.406901
-0.068453
0.154346
-0.075690
-0.110026
-0.226679
-0.340890
-0.317520
0.122103
0.350984
0.196682
0.261101
0.107911
0.071875
0.001090
0.368686
-0.455200
-0.647939
-0.551569
-0.573560
-0.632287
-0.640825
-0.252760
-0.513798
-0.752199
-0.817394
-0.713134
-0.302303
-1.012850
-0.679373
-0.352363
-0.551311
-0.602147
-0.905097
-0.510176
-0.928769
-0.784279
-0.274879
-0.478355
-0.099733
-0.794628
-0.837832
-0.901087
-0.420792
-0.324422
-0.785702
-0.656735
-1.261599
-1.459771
-1.486418
-0.742368
-0.461797
-0.944292
-1.245430
-1.403113
-1.337660
-1.569852
-0.690885
-0.379657
-0.619998
-0.742368
-0.800707
-0.600078
-0.653372
-0.443041
0.921117
0.305884
0.366082
0.759396
0.504034
0.383759
-0.325233
-0.775042
-1.043064
-2.436802
-2.198640
-2.087919
-2.198281
-2.417214
0.975820
-1.043661
-1.434944
-2.156716
-2.287264
-2.290250
-2.290250
0.419471
-0.453511
-1.297350
-1.870898
-2.280336
-2.290250
-2.290250
-0.117767
-0.708514
-2.343400
-1.998579
-2.285114
-2.285472
-2.244146
-0.562320
-1.151156
-2.371707
-2.228977
-2.244146
-2.263973
-2.250835
-1.726974
-1.501830
-2.290250
-2.269945
-2.250835
-2.262301
-2.305060
-1.774852
-1.501443
-1.674543
-1.588259
-1.512805
-1.800417
-1.612404
-1.327988
-0.370346
-0.477934
-0.583391
-0.519833
-1.177435
-1.144945
-1.473569
-0.582326
-0.812594
-1.095945
-0.404610
-1.077303
-1.008951
-1.610806
-0.737673
-0.971135
-1.158971
-0.542557
-1.342546
-1.018361
-1.587903
-0.849877
-1.263364
-1.550088
-1.013389
-1.644362
-0.764480
-1.577962
-0.627421
-0.597772
-0.782057
-0.969715
-1.186312
-0.583391
-1.375923
-0.672871
0.156589
0.412422
0.001598
-0.112560
-0.515039
-0.474645
-0.196298
-1.620779
-1.620779
-1.620779
-1.379181
-1.417022
-3.343255
-1.010053
-1.620779
-1.620779
-1.620779
-1.492703
-1.996274
-1.060447
-1.130670
-1.620779
-1.620779
-1.620779
-1.620779
-1.620779
-1.507803
-1.109021
-1.620779
-1.620779
-1.620779
-1.620779
-1.620779
-1.519446
-1.162325
-1.620779
-1.620779
-1.620779
-1.620779
-1.620779
-1.796519
-1.374815
-1.620779
-1.620779
-1.620779
-1.620779
-1.620779
-1.902400
-1.572750
-1.620779
-1.620779
-1.620779
-1.620779
-1.620779
-0.360387
-2.185330
-2.481955
-2.878556
-2.926532
-2.300472
-2.117235
-2.295726
-2.324718
-2.970691
-2.658486
-2.599058
-2.642494
-2.972754
-2.398591
-2.973476
-2.838937
-1.403373
-0.824051
-2.455233
-3.330355
-2.203076
-2.716882
-2.304702
-0.646076
0.040238
-1.510262
-3.228832
-2.079886
-2.729573
-3.028984
-2.264464
-1.284827
-2.194306
-3.238634
-2.248472
-2.967802
-3.401030
-3.213872
-3.136388
-3.170848
-3.438585
-3.225015
-3.183229
-3.117714
-3.390609
-3.512251
-3.519061
-3.519061
2.609591
2.609591
2.609591
2.609591
2.609591
2.609591
2.609591
2.609591
2.609591
2.609591
2.609591
2.609591
2.609591
2.609591
2.609591
2.609591
2.609591
2.609591
2.609591
2.609591
2.609591
2.609591
2.609591
2.609591
2.609591
2.609591
2.609591
2.609591
2.609591
2.609591
2.609591
2.609591
2.609591
2.609591
2.609591
2.609591
2.609591
2.609591
2.609591
2.609591
2.609591
2.609591
2.609591
2.609591
2.609591
2.609591
2.609591
2.609591
2.609591
2.070172
2.070172
2.070172
2.070172
2.070172
2.070172
2.070172
2.070172
2.070172
2.070172
2.070172
2.070172
2.070172
2.070172
2.070172
2.070172
2.070172
1.967323
2.048253
1.969009
2.070172
2.070172
2.064122
2.068882
2.047361
2.280631
2.030500
1.957107
2.070172
2.069180
2.089314
1.910295
2.059956
2.284201
2.053212
2.070172
2.064023
2.071362
2.013243
2.116588
2.043096
1.962761
2.070172
2.070172
2.070172
2.007887
2.214875
2.013045
2.070172
-3.381006
-3.276835
-2.848268
-3.028645
-3.000213
-3.215778
-2.352816
-3.383337
-2.566051
-2.769732
-3.147263
-3.140271
-3.146099
-2.650180
-2.780219
-2.304110
-2.610330
-2.044497
-1.616395
-2.468171
-2.619651
-2.641325
-2.353746
-3.424119
-2.466775
-1.737113
-3.172898
-3.288954
-2.426224
-2.337901
-3.822392
-3.424121
-2.822633
-3.949168
-3.527592
-2.671154
-2.042633
-2.649714
-3.270309
-3.374947
-3.261455
-2.657404
-1.466315
-1.193886
-0.679091
-1.309010
-1.561863
-1.602879
-1.468645
-13.425078
-19.694033
-18.496960
-15.552927
-16.753244
-15.795801
-10.067728
-20.143024
-29.165026
-25.895960
-21.621887
-23.272636
-20.624809
-13.427240
-19.645025
-25.846594
-19.575838
-14.754397
-16.746395
-14.482697
-10.189525
-18.727581
-22.844185
-15.868951
-7.788175
-8.258428
-8.526885
-7.179188
-19.276030
-22.864723
-15.195823
-6.636867
-7.858082
-9.192806
-7.610884
-18.058418
-23.063995
-16.160473
-8.704536
-10.398887
-9.354602
-7.275762
-12.034500
-15.679769
-10.906975
-5.882660
-7.786373
-6.863885
-6.564797
0.266126
0.177174
0.293337
0.301075
0.320011
0.269049
0.310692
0.247116
0.258865
0.312108
0.318072
0.336039
0.308903
0.299450
0.378025
0.378025
0.378025
0.374342
0.375759
0.374223
0.378025
0.378025
0.378025
0.378025
0.375997
0.374953
0.376042
0.378025
0.378025
0.378025
0.378025
0.378025
0.378025
0.378025
0.378025
0.280723
0.319101
0.347012
0.231565
0.195125
0.182527
0.217103
0.319101
0.279172
0.330149
0.197571
0.235680
0.063784
0.280574
1.113409
0.806169
0.854450
0.854450
0.854450
0.834743
0.907299
0.571216
0.731106
0.854450
0.854450
0.854450
0.818620
0.763084
0.931573
0.848807
0.874873
0.895564
0.941068
0.991499
0.916256
0.750096
0.805094
0.848538
0.870304
0.831787
0.907299
0.844597
0.845313
0.850419
0.843701
0.827040
0.806528
0.763084
0.814141
0.854450
0.854450
0.854450
0.854450
0.854450
0.854450
0.854450
0.854450
0.854450
0.854450
0.854450
0.854450
0.854450
0.854450
1.996069
1.996069
1.996069
1.996069
1.996069
1.996069
1.996069
1.996069
1.996069
1.996069
1.996069
1.996069
1.996069
1.996069
1.983254
1.991707
1.982163
1.996069
1.996069
1.996069
1.996069
1.992252
2.050603
1.992797
1.996069
1.996069
1.996069
1.996069
1.981891
1.995524
1.981073
1.996069
1.996069
1.996069
1.996069
1.996069
1.996069
1.996069
1.996069
1.996069
1.996069
1.996069
1.996069
1.996069
1.996069
1.996069
1.996069
1.996069
1.996069
-2.241425
-2.552160
-1.842750
-1.542995
-1.685236
-1.680744
-1.552078
-2.555953
-2.481888
-2.361706
-2.346534
-2.350726
-2.336552
-2.462623
-1.726761
-2.234039
-2.473603
-2.709774
-2.829356
-2.895436
-2.927578
-1.483004
-1.721670
-2.072233
-2.376979
-2.310699
-2.736325
-2.617242
-1.498476
-1.800127
-2.249710
-2.608358
-2.872977
-2.744910
-2.721253
-1.963031
-2.145998
-1.919710
-2.460726
-2.758685
-2.754992
-2.395246
-2.416407
-2.398040
-1.937178
-1.896552
-1.969919
-2.480490
-2.533394
-1.240855
-1.508052
-0.501181
-0.405303
-0.194311
-0.641392
-1.147833
-0.542508
-1.141521
-1.635188
-1.491671
-1.569065
-1.607687
-1.380164
-0.122628
-0.797382
-1.141972
-1.678168
-1.868271
-1.260542
-1.765029
-0.071984
-0.279068
0.782504
-0.913698
-1.525334
-0.273959
-0.718485
-0.129090
0.723594
1.179541
-0.217905
-0.472628
-0.171469
0.228124
-0.263740
0.355410
-1.183298
-0.541005
-0.604123
-1.181796
-1.104552
-1.556742
-0.958180
-1.863011
-0.970804
-1.076901
-1.384973
-1.795536
1.142796
0.621610
-0.474072
-0.077178
-0.091436
-0.031770
-0.796888
-3.350743
-2.598023
-3.286427
-3.281778
-3.225677
-3.280074
-3.440009
-1.389673
-1.901714
-2.192450
-2.708831
-3.038620
-3.002356
-2.947959
-1.710473
-1.522952
-1.631436
-2.334408
-3.038620
-2.988408
-2.952609
-1.707374
-1.808728
-2.725568
-2.673496
-3.038620
-3.027927
-3.066516
-1.842978
-2.223135
-3.212504
-2.865822
-2.724638
-2.920839
-3.038620
-2.696898
-2.656759
-3.021883
-2.842576
-2.735177
-2.871246
-3.038620
-3.384399
-2.304172
-2.006982
-1.531185
-1.426504
-1.930098
-2.024134
-2.662868
-2.046903
-1.401665
-1.834583
-2.279332
-1.755630
-1.114826
-2.350893
-1.338087
-1.067808
-1.079637
-1.653610
-1.881897
-1.248191
-2.619989
-1.772780
-2.691256
-0.835676
-0.838041
-2.104863
-1.950502
-2.362721
-1.138779
-2.166370
-1.416746
-1.359379
-1.687616
-1.280719
-2.497269
-1.417633
-1.716300
-2.573562
-3.210816
-2.061098
-1.290773
-2.673216
-1.527932
-1.514330
-1.826008
-1.826600
-1.547153
-1.681997
0.378893
0.374499
0.382444
0.382444
0.382444
0.382444
0.382444
0.375012
0.376000
0.382444
0.382444
0.382444
0.382444
0.382444
0.382444
0.368440
0.372724
0.370472
0.382444
0.340432
0.353283
0.382444
0.371570
0.377117
0.370527
0.382444
0.349823
0.366463
0.382444
0.371955
0.371296
0.372779
0.382444
0.350976
0.348999
0.382444
0.382444
0.377776
0.341860
0.352532
0.350519
0.382444
0.382444
0.382444
0.378820
0.351672
0.364266
0.350665
0.382444
1.272210
1.663971
1.799435
1.877557
1.843658
1.738344
1.429210
1.581870
1.985040
2.069113
2.020583
1.798876
1.938877
1.666601
1.654666
2.035313
2.113566
2.088775
1.934175
2.029066
1.832577
1.691228
2.020057
2.010555
2.072401
2.056487
2.022687
1.710791
1.628494
2.002367
1.931611
1.861215
1.733610
1.999145
1.852437
1.513678
1.982673
2.009207
1.667160
1.485796
1.962550
1.913954
1.252779
1.729467
1.996712
1.960380
1.872427
1.974288
1.599001
-0.410960
0.254912
0.037369
0.075457
0.160052
-0.089522
-0.302137
-0.316921
0.055335
0.107693
0.205737
0.698827
-0.155842
0.105435
-0.463010
-0.271954
-0.459417
-0.607354
0.526764
-0.576658
0.275855
-0.286943
-0.017453
-0.089111
-0.991724
0.139930
-0.843171
0.245364
-0.295875
-0.104922
0.119294
-0.385602
0.198858
-0.586924
0.173192
-0.329959
-0.111287
-0.149888
-0.112108
-0.269388
-0.464653
-0.173911
-0.254912
-0.148451
-0.537441
-0.158820
-0.228425
-0.341457
-0.505615
-0.912076
-1.165810
-2.850026
-2.654825
-3.097935
-2.123206
-2.137129
-1.214966
-2.228479
-3.385623
-3.029885
-3.341724
-3.054604
-3.071084
-2.455788
-3.361045
-4.375837
-3.687375
-3.592048
-4.283919
-4.752175
-1.563885
-2.835962
-4.435221
-3.708401
-3.626144
-4.210043
-4.752175
-1.637902
-2.865512
-4.664377
-4.373990
-4.282782
-4.524866
-4.752175
-1.924169
-3.033152
-4.752175
-4.706997
-4.669491
-4.711259
-4.752175
-2.981723
-3.608243
-4.752175
-4.674180
-4.643493
-4.677163
-4.752175
0.047383
0.102483
-0.035946
0.051650
-0.010348
-0.129624
-0.008714
0.187174
0.035492
0.087142
0.317251
0.261063
0.122271
0.045205
-0.011347
0.063359
0.427631
0.501338
0.397676
0.421821
0.209231
-0.033586
0.078700
-0.075886
-0.113829
-0.594653
-0.114283
0.327599
-0.148958
-0.094131
-0.108746
0.682793
0.010076
-0.087233
0.247447
-0.046476
-0.066990
0.044025
0.030863
-1.032450
0.218399
0.137521
0.001362
0.001997
0.109835
-0.036400
-0.435165
0.287478
-0.005719
-3.476695
-2.643284
-2.592129
-2.885588
-3.151886
-2.749327
-2.364311
-2.460055
-2.735860
-3.472054
-4.037696
-4.253292
-3.784187
-2.827191
-2.446927
-2.859672
-3.643965
-3.906301
-3.786677
-3.847791
-3.614766
-2.405732
-2.237895
-2.359897
-2.597109
-2.599938
-2.526715
-2.635701
-2.328208
-2.640681
-3.234955
-3.724545
-3.937198
-3.765627
-3.914111
-2.807838
-3.184593
-4.258724
-4.621899
-4.773664
-4.416602
-3.598243
-3.899624
-3.703155
-3.988239
-4.534302
-4.801619
-4.526041
-3.631063
-1.512969
-1.620044
-1.793585
-1.526318
-1.604306
-1.905298
-2.692345
-2.959191
-3.212687
-3.484030
-3.248379
-3.390163
-3.767316
-4.198007
-2.759794
-3.505950
-3.735559
-3.463795
-3.985121
-4.339931
-4.711604
-2.659604
-3.749189
-4.133790
-3.076805
-2.863076
-3.481079
-4.443915
-2.490560
-3.397470
-4.162596
-3.974722
-3.736824
-2.950479
-4.154446
-2.342734
-2.567283
-3.415035
-4.432955
-4.318432
-3.628905
-4.050462
-3.472648
-3.587733
-3.883244
-4.557314
-4.589774
-4.134492
-4.518109
-0.712475
-1.336395
-0.987408
-1.150618
-1.341286
-1.123330
-1.503723
-1.482442
-1.385564
-1.684695
-1.636985
-1.700827
-1.715844
-1.837350
-1.322923
-1.908057
-2.174924
-2.012573
-1.988889
-2.063543
-2.218172
-1.203305
-1.757204
-2.168059
-1.828426
-1.467512
-2.041834
-2.218000
-1.235655
-1.770419
-2.177498
-2.008797
-1.942123
-2.034883
-2.217314
-1.295807
-1.862063
-2.222977
-2.222977
-2.218172
-2.217314
-2.218172
-1.791356
-1.997642
-2.222977
-2.222977
-2.217485
-2.201096
-2.218000
-0.670567
-1.963409
-2.361940
-2.359266
-2.402712
-2.201191
-3.421178
-3.015630
-3.689706
-4.873768
-4.459196
-4.309810
-4.590535
-5.343148
-3.728139
-5.400128
-6.551606
-5.629722
-4.779357
-5.963251
-6.657045
-3.553354
-5.218994
-6.586696
-5.650776
-4.643673
-5.791473
-6.657045
-3.272461
-5.065931
-6.526374
-5.986478
-5.502560
-5.980295
-6.620283
-3.332950
-5.036522
-6.168783
-5.676176
-5.108040
-5.754378
-6.515679
-4.705667
-5.611174
-6.263695
-5.220163
-4.828985
-5.636406
-6.472401
-1.063120
-1.135023
-2.058133
-1.755097
-1.805405
-1.136802
-1.921565
-1.268625
-2.424886
-2.846693
-1.870070
-2.295674
-2.259841
-2.906968
-2.203482
-3.888930
-4.221273
-2.488720
-2.695412
-3.833400
-4.950625
-1.543066
-3.776210
-4.768139
-2.861762
-2.352864
-3.422035
-5.292698
-1.496199
-3.595623
-5.203710
-4.395928
-3.420255
-3.236938
-4.668234
-1.382293
-2.685564
-4.405302
-4.810142
-4.538192
-3.452647
-4.267548
-2.937699
-3.261143
-4.338145
-4.891062
-5.154588
-4.738002
-5.254848
-0.807400
-0.272930
-0.722188
-0.513589
-0.369109
-0.681059
-0.742647
-0.225051
-0.555351
0.009491
0.030583
-0.049777
0.226528
-0.404333
-0.714595
-0.143003
0.233277
-0.303513
-0.459593
-0.048933
0.024045
-0.561889
0.081204
-0.065596
-0.527299
-1.201819
-0.370164
0.061800
-0.663553
0.191515
-0.057792
-0.159033
-0.162197
-0.803603
0.775340
-0.365102
-0.869832
0.187507
-0.116006
-0.660389
0.346119
-0.287061
-0.842623
-0.169790
-0.824484
-0.413613
-0.101874
0.025732
-1.261298
0.350899
-0.369204
-0.133696
-0.571485
-0.133232
-0.297699
0.234396
-0.721169
-0.992221
-1.835407
-1.330144
-1.164751
-1.116695
-0.506051
-0.525190
-1.904410
-1.917711
-2.195065
-1.266610
-1.070446
-0.491036
-0.640951
-1.676873
-1.905152
-1.504760
-0.645076
-0.956260
-0.629598
-0.528944
-1.687300
-1.146400
-1.245015
-1.440021
-1.161090
-0.868952
-0.956028
-1.620753
-2.110816
-2.410971
-1.995981
-2.570155
-1.725810
-0.340194
-1.178607
-1.389832
-1.840783
-2.045011
-2.359995
-0.505170
-0.281819
-0.869056
-0.506619
-0.603602
-0.614282
-0.727630
0.546583
-1.231837
-1.470417
-1.130030
-1.475758
-1.771358
-1.758438
-0.235998
-0.812899
-1.217194
-1.183087
-1.418739
-1.787723
-1.970319
-0.248400
-0.972067
-1.734494
-2.054037
-2.004943
-2.157222
-2.658328
-0.763977
-0.843905
-1.662488
-2.087456
-2.696569
-3.298276
-2.726888
-0.423245
-1.101608
-1.453537
-1.757405
-3.380961
-4.364398
-3.027310
-0.509031
0.089231
-0.391894
-0.059430
-1.109188
-1.817523
-1.198074
0.296805
-1.299754
-1.091416
-1.052958
-1.126445
-0.991840
-1.134529
-1.335151
-0.713199
-0.240060
-0.127991
-0.282806
0.151630
0.082429
-0.470812
-0.553608
-0.421820
-0.222913
-0.188986
0.265413
-0.240060
-1.232268
-0.475833
-0.280846
-0.334247
-0.611786
-0.080102
-0.249736
-1.331599
-0.526050
-0.237121
-0.210910
-0.731081
-0.025598
-0.263821
-0.883813
-0.693602
-0.285255
0.108762
-0.834944
-0.153467
-0.355436
-0.419983
-0.555078
-0.183719
0.176371
-0.507923
0.075080
-0.206746
-0.656981
0.535367
-0.323095
-0.523256
-0.327491
-0.322182
-0.332883
-1.019470
0.849254
-0.042222
-0.283610
-0.124759
-0.194438
-0.475559
-1.425019
0.727814
0.115717
-0.160179
-0.188631
-0.066527
-0.363907
-1.219051
0.655149
-0.008212
-0.290080
-0.214429
-0.172041
-0.418406
-1.132035
0.666347
0.001908
-0.230024
-0.248854
-0.361916
-0.378755
-1.029341
0.755685
0.136206
0.002488
-0.274817
-0.368054
-0.201240
-1.371017
0.642125
0.250347
0.039153
-0.218825
-0.074739
0.066112
-0.863356
2.404966
2.528916
2.402360
2.451060
2.451060
2.451060
2.451060
2.405536
2.574196
2.406350
2.451060
2.451060
2.451060
2.451060
2.417833
2.435424
2.419136
2.451060
2.451060
2.451060
2.451060
2.451060
2.451060
2.451060
2.451060
2.451060
2.451060
2.451060
2.439577
2.449106
2.438600
2.451060
2.451060
2.451060
2.451060
2.441776
2.500901
2.441776
2.451060
2.451060
2.451060
2.451060
2.438600
2.445197
2.439089
2.451060
2.451060
2.451060
2.451060
-1.190630
-0.635489
-0.422778
-0.239670
-0.366429
-0.652722
-1.216532
-1.046004
-1.529043
-1.452395
-1.888389
-1.959116
-1.948227
-1.532849
-0.391273
-1.305126
-1.080152
-0.895457
-1.287788
-1.069685
-1.661089
-0.391273
-1.647134
-1.769558
-0.107624
0.084577
-0.661813
-2.064732
-0.048103
-1.020631
-1.283136
-1.303117
-1.353758
-0.706745
-2.263804
0.203724
-0.588549
-1.697562
-1.923594
-2.138314
-2.017580
-1.972754
-0.527654
-0.934362
-1.526506
-2.288649
-2.455054
-2.510663
-1.665529
0.318018
0.001121
0.000124
-0.012392
-0.000374
-0.045832
-0.054985
0.042718
0.107168
0.167883
0.075410
-0.067377
0.092535
0.079520
-0.022978
0.142227
0.205121
-0.024473
-0.180960
-0.020674
0.193476
-0.053740
0.024784
-0.044337
-0.100257
-0.294916
-0.270817
-0.101502
-0.131952
-0.064824
-0.161407
-0.100817
-0.161843
-0.316275
0.038795
-0.183513
-0.110345
-0.065634
0.071487
-0.012267
-0.110531
0.017747
-0.118564
-0.020550
0.034374
0.088487
0.089857
0.096707
-0.281964
-0.454335
-0.548676
-0.504063
-0.499899
-0.456714
-0.515841
0.003212
-0.451956
-0.406748
-0.744971
-0.804930
-0.389260
-0.685012
-0.142047
-0.037594
-0.230201
-0.768883
-1.364550
-0.813496
-0.824084
-0.293492
0.069238
-0.277907
-0.437679
-1.540621
-1.210132
-0.998608
-0.389022
0.020819
-0.301343
-0.338937
-1.234638
-1.225359
-1.085216
-0.241384
-0.222231
-0.293967
-0.367489
-0.924016
-1.370617
-1.197521
-0.209144
0.202363
0.226870
0.280167
0.015347
-0.423998
-0.174763
0.264225
-0.078401
-0.653880
-0.531200
-0.897379
-1.154061
-1.104120
-0.191697
-0.140361
0.076617
0.067776
-0.777336
-0.908933
-0.844879
-0.092592
0.055214
0.113840
-0.122370
-0.771752
-1.005402
-0.508401
0.263429
-0.207672
-0.414801
-0.528486
-0.776017
-0.477227
-0.570982
0.183943
-0.445045
-0.866902
-0.901411
-0.680246
-0.432482
-0.698702
-0.226051
-0.988497
-1.194231
-1.107842
-0.743835
-0.511813
-0.715918
-0.646125
-0.350669
-0.839296
-0.323218
-0.260715
0.196350
-0.447604
0.214186
-0.916689
-1.260190
-1.323268
-0.649521
-0.568731
-0.478799
-1.642658
-1.514216
-2.039410
-2.752810
-2.100203
-1.860575
-2.184993
-2.946729
-1.860460
-3.218239
-4.491799
-3.825137
-3.740805
-4.275712
-4.568362
-1.506104
-3.057459
-4.557392
-4.216404
-4.239030
-4.581160
-4.756910
-1.574095
-3.038033
-4.652694
-4.466203
-4.408609
-4.453404
-4.666407
-1.756016
-2.867081
-4.373756
-4.229888
-3.970948
-4.344846
-4.506426
-2.630539
-3.490664
-4.059738
-4.078707
-4.332962
-4.470088
-4.631440
0.592050
-1.040832
-0.917102
-0.983609
-0.917240
-0.911837
-2.330373
-0.429800
-0.719659
-0.992892
-0.961440
-1.653665
-2.152744
-2.803818
-0.773419
-1.670292
-0.898951
-0.171671
-1.915259
-2.756294
-2.503152
-1.230654
-2.433043
-1.431560
-0.056115
-2.193480
-3.162124
-2.096075
-0.878306
-1.990633
-1.788203
-0.620453
-1.897524
-2.764330
-2.571044
-0.147701
-0.474693
-0.310642
-0.665484
-1.070622
-1.555152
-2.936832
0.015241
-0.193563
0.036163
-0.768708
-0.804733
-1.126321
-2.778878
0.477632
0.477632
0.477632
0.477632
0.477632
0.477632
0.477632
0.477632
0.477632
0.477632
0.477632
0.477632
0.477632
0.477632
0.477632
0.477632
0.477632
0.477632
0.477632
0.477632
0.477632
0.477632
0.477632
0.477632
0.477632
0.477632
0.477632
0.477632
0.477632
0.477632
0.477632
0.477632
0.477632
0.477632
0.477632
0.477632
0.477632
0.477632
0.477632
0.477632
0.477632
0.477632
0.477632
0.477632
0.477632
0.477632
0.477632
0.477632
0.477632
-4.147875
-3.617006
-3.358265
-2.610498
-2.832753
-3.308392
-2.817021
-3.858675
-2.504724
-1.672272
-1.546751
-3.057016
-2.217198
-1.571186
-4.102687
-2.438785
-1.918292
-1.561813
-2.860198
-1.973522
-1.093537
-4.330634
-2.525142
-2.270085
-1.469765
-1.963480
-1.735199
-1.560810
-4.099675
-2.340375
-2.016366
-1.533362
-1.676288
-1.209016
-1.249518
-4.133818
-2.701876
-2.179711
-1.123328
-1.376378
-1.943397
-1.973856
-2.368494
-1.898878
-1.434619
-0.906093
-1.051028
-1.506584
-1.118641
-0.562114
-1.213323
-1.566802
-1.228348
-1.507889
-1.484165
-2.205754
-1.119352
-1.869013
-2.636599
-2.399364
-2.585725
-2.573600
-3.005630
-2.286809
-3.335123
-4.226597
-3.766757
-3.584614
-3.972756
-4.362348
-1.788880
-3.080491
-3.783759
-2.425591
-2.118373
-3.123456
-4.130913
-1.896690
-3.083786
-3.996875
-3.131628
-2.847605
-3.340526
-4.123137
-2.036395
-3.123325
-4.230551
-4.263632
-4.277603
-4.203928
-4.299349
-2.849319
-3.634038
-4.217767
-4.028375
-4.149891
-4.374341
-4.443535
0.318571
0.149434
-0.075786
-0.010268
-0.081258
0.094914
0.397849
0.156836
-0.040603
-0.322480
-0.169971
-0.359591
-0.064267
0.321802
0.292510
-0.051445
-0.166322
-0.013917
-0.367618
0.016471
0.612905
0.251281
-0.017513
-0.309032
0.136039
-0.204580
-0.049203
0.751341
0.297983
0.067342
-0.294021
0.064579
-0.137446
-0.150529
0.935176
0.261810
0.245600
-0.190611
0.261706
0.091579
-0.181490
0.766613
0.407856
0.391386
0.120037
0.345935
0.368869
0.174349
0.652935
-1.208377
-2.273315
-1.923717
-1.513070
-1.739083
-2.052868
-4.042459
-2.288531
-3.842238
-3.670037
-5.159168
-5.641999
-5.578722
-5.581506
-2.829257
-4.213361
-4.479642
-6.088831
-6.679103
-6.976929
-7.202943
-3.066033
-4.833693
-4.466838
-3.627914
-4.733861
-5.962464
-7.249148
-2.756145
-4.400592
-4.608050
-4.933525
-5.944465
-6.063781
-7.272529
-2.231007
-4.181444
-6.015720
-6.937033
-7.233932
-7.281621
-7.451781
-4.373315
-6.313918
-7.225767
-7.488151
-7.560891
-7.560891
-7.560891
0.844600
0.844600
0.941759
1.335861
1.561148
1.077782
0.844600
0.844600
0.844600
1.008556
1.315063
1.203482
1.226405
0.878606
0.844600
0.844600
0.846119
0.529669
0.375201
0.748428
0.861603
0.844600
0.844600
0.780081
0.618858
0.563143
0.703568
0.824410
0.844600
0.844600
0.844600
0.844600
0.844600
0.844600
0.844600
0.844600
0.844600
0.844600
0.844600
0.844600
0.844600
0.844600
0.844600
0.844600
0.844600
0.844600
0.844600
0.844600
0.844600
-2.290524
-1.721310
-1.579915
-1.558976
-1.585095
-1.681635
-2.133260
-2.179547
-1.033072
-1.129392
-0.909201
-0.843738
-1.257231
-2.384530
-1.837577
-0.812660
-0.832497
-0.851122
-0.771553
-1.186589
-2.092814
-1.691995
-0.712813
-0.342080
-0.723063
-0.538908
-1.111870
-1.866010
-1.776192
-0.702013
-0.915482
-0.934217
-0.555439
-1.420998
-2.026470
-2.083337
-0.914160
-0.779268
-0.572962
-0.005290
-1.505416
-2.152326
-2.473135
-2.341880
-1.815536
-2.302316
-2.188253
-2.640318
-2.150121
-1.617118
-1.558234
-1.002026
-0.490513
-0.445676
-0.537904
-1.508147
-2.125935
-2.203407
-1.610733
-1.399459
-1.479769
-1.318014
-1.576254
-1.489275
-1.482748
-2.038531
-2.290811
-2.297621
-2.282297
-2.079679
-1.040336
-1.500059
-2.220575
-2.297621
-2.297621
-2.297621
-2.297621
-0.766631
-1.391513
-2.152468
-2.297621
-2.297621
-2.299608
-2.310675
-0.859285
-1.126605
-2.220433
-2.340189
-2.297621
-2.281730
-2.238312
-1.024444
-1.035228
-1.531275
-2.118840
-2.297621
-2.295068
-2.261298
-0.083959
-0.438935
-0.190977
-0.198990
-0.164088
-0.310103
0.763105
-0.069001
-0.489862
-0.343046
-0.384357
-0.131769
-0.670688
0.849468
-0.113340
-0.697488
-0.671668
-1.400762
-1.161619
-1.533244
0.719835
-0.193826
-0.791507
-0.393528
-1.781736
-0.991120
-1.595122
0.620830
-0.261313
-0.959157
-0.283304
-1.396222
-0.498142
-1.174617
0.744319
-0.206379
-0.984887
-0.763372
-0.442140
-0.087253
-1.392393
0.040510
0.669976
0.064816
-0.183053
0.400027
0.459323
-0.120462
0.778775
0.545322
-0.363496
-0.473879
-0.567973
-0.580151
-0.315868
-0.340380
-0.866154
-0.662609
-0.998102
-1.000197
-0.965523
-0.930383
-1.069545
-0.786489
-1.177678
-1.322425
-1.322425
-1.322425
-1.322425
-1.322425
-0.721951
-1.101349
-1.322425
-1.322425
-1.322425
-1.322425
-1.322425
-0.757633
-1.086610
-1.322425
-1.322425
-1.322425
-1.322425
-1.322425
-0.708065
-1.117639
-1.322425
-1.322425
-1.322425
-1.322425
-1.322425
-0.975296
-1.171628
-1.322425
-1.322425
-1.322425
-1.322425
-1.322425
1.467393
1.486288
1.468483
1.487015
1.487015
1.487015
1.487015
1.478657
1.550242
1.477931
1.477749
1.487015
1.487015
1.487015
1.469210
1.468483
1.506274
1.468755
1.487015
1.487015
1.487015
1.487015
1.378639
1.538523
1.384089
1.423243
1.484653
1.426786
1.447771
1.432509
1.797154
1.433054
1.459853
1.724389
1.458672
1.455583
1.508727
1.421608
1.369282
1.382000
1.487651
1.418792
1.445136
1.525805
1.578494
1.597390
1.465485
1.541794
1.480474
-1.588147
-5.371692
-2.266558
-2.107080
-2.819584
-3.792240
-3.697057
-1.479692
-3.315636
-2.701519
-2.434731
-2.424664
-2.859625
-3.186361
-3.124583
-3.071500
-3.085686
-3.188191
-3.124583
-3.124583
-3.124583
-3.124583
-3.111312
-3.082940
-3.090262
-2.977689
-3.150667
-3.124583
-3.100101
-3.067152
-2.904242
-3.004459
-3.007891
-3.315408
-3.124583
-2.419630
-3.039238
-2.949546
-3.371007
-2.999654
-3.145175
-3.124583
-2.559202
-3.958812
-2.937190
-3.155472
-3.124583
-3.124583
-3.124583
0.147923
-1.992407
-2.364287
-2.706111
-2.948125
-2.493705
-1.183377
-1.196722
-1.866577
-3.050179
-3.154924
-3.306099
-2.817810
-2.990292
-1.677946
-3.102776
-3.540150
-3.713417
-3.866835
-3.979542
-3.916965
-1.786617
-2.963265
-3.705006
-2.858632
-3.103785
-3.816929
-3.978870
-1.748935
-3.157392
-3.763884
-3.560897
-3.471852
-3.760968
-3.991991
-1.387372
-3.049057
-3.997374
-3.986608
-3.986832
-3.972029
-3.945562
-1.953604
-3.009021
-3.974159
-3.996028
-4.002757
-3.986832
-3.986832
-2.208818
-3.079236
-2.601936
-1.956928
-2.071839
-2.413795
-3.460095
-2.081320
-2.692329
-2.125781
-0.658411
-0.698296
-2.158799
-2.758857
-1.896448
-2.521514
-0.748805
0.440521
-0.401781
-1.673000
-2.783212
-1.996485
-2.863307
-0.375301
-0.079277
-1.046626
-1.178210
-3.028563
-2.193616
-3.538064
-1.851824
-1.090106
-1.384986
-1.035838
-3.946875
-2.650156
-4.035960
-3.670466
-1.519349
-1.168893
-2.120713
-4.445097
-3.462710
-4.121939
-4.128804
-3.031669
-2.557148
-3.579910
-4.912426
-0.980113
-0.095220
-0.485344
-0.250134
-0.096851
-0.377073
-1.671545
-0.478033
-0.038185
-0.287230
0.139627
0.720010
0.270978
-0.693063
-1.323533
-1.128622
-1.602123
-0.903804
-0.324751
-0.792089
-1.319485
-1.313020
-1.422317
-2.003727
-1.376339
-0.409760
-1.016183
-1.553124
-1.235080
-1.202031
-1.036060
0.177208
-0.162043
-0.714028
-1.598075
-0.805200
-0.716385
-0.221435
0.552711
-0.367769
-0.569990
-1.609072
-1.540738
-0.966096
-1.114061
-0.244092
-0.246569
-0.505826
-1.874068
-0.969739
-2.095386
-2.097792
-1.897367
-1.910101
-1.897367
-2.061697
-1.846133
-1.272030
-1.980786
-1.871199
-1.802920
-2.154641
-2.444901
-1.743565
-2.161860
-2.336718
-1.917219
-2.299620
-2.731852
-2.669990
-1.707470
-1.831194
-2.425249
-2.282275
-1.909299
-2.140303
-2.438384
-1.546850
-1.882127
-2.648534
-2.532831
-2.081549
-1.735844
-2.431365
-1.337802
-1.895462
-2.833919
-2.504757
-2.090272
-2.449713
-2.600308
-1.817558
-2.260819
-2.755714
-2.647331
-2.615648
-2.733356
-2.872220
0.057875
0.057875
0.057875
0.057875
0.057875
0.057875
0.057875
0.057875
-0.119937
-0.372619
-0.204903
0.022658
0.057875
0.057875
-0.026352
0.459062
-0.328289
-0.545506
0.010344
0.057875
0.057875
0.346759
0.835129
0.124124
-0.467189
0.079055
0.057875
0.057875
0.521863
0.605105
-0.949402
-0.465712
-0.008620
0.057875
0.057875
-0.036695
-0.349961
-0.409068
-0.001231
0.057875
0.057875
0.057875
0.057875
0.057875
0.057875
0.057875
0.057875
0.057875
0.057875
-1.558672
-2.265625
-1.733812
-1.054568
-1.284772
-1.150131
-2.042704
-2.420338
-3.268682
-3.545957
-3.320371
-3.510254
-3.436006
-3.778292
-2.091018
-3.440979
-4.849735
-4.823802
-4.839077
-4.950449
-5.151877
-1.267187
-3.141324
-4.781704
-4.628412
-4.427517
-4.698575
-4.980290
-1.381756
-3.218236
-4.853465
-4.888990
-4.716160
-4.661628
-4.808703
-1.762232
-3.558923
-5.046190
-5.078518
-5.036776
-4.903733
-4.930910
-3.065300
-4.306198
-5.151877
-5.085800
-5.015993
-5.075143
-5.109602
-6.168416
-6.360255
-6.441030
-6.441030
-6.441030
-6.381651
-6.187889
-5.836665
-6.303280
-6.441030
-6.431894
-6.402085
-6.321671
-6.042567
-5.897606
-6.311815
-6.441030
-6.424442
-6.379728
-6.408455
-6.319147
-5.869479
-6.295708
-6.441030
-6.437904
-6.422278
-6.436222
-6.441030
-5.907342
-6.326839
-6.441030
-6.441030
-6.441030
-6.441030
-6.441030
-6.248469
-6.395113
-6.441030
-6.441030
-6.441030
-6.441030
-6.441030
-6.422278
-6.436222
-6.441030
-6.441030
-6.441030
-6.441030
-6.441030
-0.059556
-0.997563
-1.249709
-1.047218
-1.023619
-0.602409
-0.866689
-1.126204
-1.726753
-2.180346
-2.039273
-2.031828
-1.826732
-2.005549
-1.246582
-2.249952
-2.844991
-2.948172
-2.997753
-2.997753
-2.997753
-0.899296
-1.917481
-2.656050
-2.853032
-2.997753
-2.997753
-2.997753
-1.107221
-2.076421
-2.815064
-2.904994
-2.997753
-2.964997
-2.904399
-1.137148
-2.084535
-2.550189
-2.369586
-2.435767
-2.632898
-2.744863
-1.472821
-2.020661
-2.014408
-1.472150
-1.613819
-2.270127
-2.778214
-1.748233
-3.063862
-3.930401
-3.533425
-4.082225
-4.016816
-5.991057
-3.666371
-6.417547
-7.470476
-7.273184
-7.906005
-8.073782
-9.121393
-5.096334
-7.885531
-8.657946
-7.918502
-8.724950
-9.843021
-11.238950
-4.250800
-6.917953
-6.654190
-5.551273
-6.022167
-7.268930
-10.367890
-4.092861
-6.968207
-7.357471
-6.581336
-6.205365
-7.069246
-10.278019
-4.027185
-7.747268
-9.481676
-7.834480
-6.695669
-8.368921
-11.069577
-6.212013
-9.235726
-10.919083
-9.240778
-8.396840
-10.299557
-11.680329
-1.768209
-2.608135
-2.520928
-2.499414
-2.711989
-2.702000
-2.950815
-2.001401
-2.939930
-3.730169
-3.425906
-3.340620
-3.431668
-3.791508
-1.429371
-3.386080
-4.021754
-3.317185
-2.933527
-3.359957
-4.082709
-1.203863
-2.729020
-2.694189
-2.725563
-2.615818
-2.457412
-3.209234
-1.165061
-2.613385
-3.315777
-3.455231
-3.643475
-3.334729
-4.020474
-1.647068
-3.131375
-4.445110
-4.375063
-4.435378
-4.522585
-4.507602
-3.053516
-3.774989
-4.666649
-4.666649
-4.666649
-4.666649
-4.666649
0.438497
0.627759
0.151609
0.145225
0.136843
0.122946
0.223744
0.428813
0.505898
-0.068704
-0.065577
-0.086292
0.080386
0.333487
0.416392
0.486095
-0.049291
-0.049291
-0.080907
0.155127
0.592799
0.408358
0.476888
-0.049291
-0.049291
-0.070137
0.086162
0.720783
0.422212
0.497473
-0.050203
-0.049291
-0.080212
-0.123988
0.494390
0.420127
0.518493
-0.019195
-0.049291
-0.047207
-0.066836
0.320155
0.228825
0.273730
-0.050724
-0.049291
-0.053460
-0.092546
-0.056544
-5.273442
-3.779880
-4.735270
-4.644851
-4.401325
-4.721660
-4.401751
-3.805993
-1.927621
-2.296780
-1.107732
-0.717649
-2.327572
-3.246726
-4.582247
-2.971728
-2.869317
-2.699793
-1.999327
-2.581815
-3.141422
-4.292789
-2.150307
-1.763967
-1.388173
-0.867353
-2.064738
-2.779068
-4.311332
-2.174805
-2.879439
-2.056316
-1.638759
-2.879694
-2.446230
-4.705839
-2.515894
-3.062657
-1.388003
-0.583849
-2.909295
-3.117010
-4.495997
-3.296571
-4.297893
-4.227889
-3.818327
-4.673006
-3.577693
-1.013394
-2.519138
-2.446097
-2.249293
-2.322430
-2.270162
-2.133065
-2.421557
-2.312865
-3.359978
-3.203655
-3.331767
-3.236022
-3.676972
-1.938096
-2.932844
-3.533499
-3.763056
-3.968459
-4.102561
-4.240334
-1.892687
-2.737681
-3.877931
-3.527895
-3.724024
-4.039182
-4.210577
-1.544390
-2.333637
-3.521808
-3.943629
-3.984497
-3.679870
-3.930586
-0.943928
-1.530381
-2.945404
-3.830107
-4.027008
-3.581613
-3.092741
-1.281114
-2.166204
-3.172159
-3.570019
-4.058215
-3.660161
-3.668760
-0.115759
0.393663
0.232333
0.269670
0.221817
0.531677
0.193122
-1.101342
-0.700343
-0.030489
-0.333989
-0.509911
-0.785287
-0.753168
-0.589801
-0.818955
0.014103
-0.802080
-0.952730
-0.707435
0.131574
-0.913193
-0.964632
0.497438
-0.640996
-0.847650
-0.365212
-0.000000
-0.741511
-1.070283
0.351190
-0.884742
-1.344925
-0.187660
-0.200296
-0.847406
-0.456433
0.358120
-0.064972
-0.739717
0.371081
-1.271312
-0.476080
0.293311
-0.022418
0.067336
-0.697326
1.068245
-0.354940
1.310242
1.300144
1.327266
1.291470
1.251789
1.289463
1.244086
1.292376
1.094101
1.318204
1.423135
1.550398
1.363322
1.155468
1.373615
1.395041
1.502949
1.337623
1.509940
1.531949
1.371802
1.362545
1.411677
1.269331
1.206735
1.243179
1.114427
1.240461
1.420998
1.278976
1.210749
1.410188
1.558684
1.109702
1.316586
1.477445
1.183108
1.688601
1.645489
1.713005
1.446762
1.315161
1.423523
0.922238
1.134430
1.146211
1.230880
1.191653
0.925733
0.385750
-0.030221
-0.274857
-0.641770
-0.664702
-0.435218
0.316790
-0.037920
-0.695661
-1.414417
-2.285589
-2.310241
-1.741199
-0.475513
-0.059214
-1.156349
-2.463968
-3.279449
-3.047916
-2.675516
-1.208356
-0.274202
-1.866260
-3.391242
-3.563642
-3.129079
-3.400005
-1.948733
-0.305897
-1.782558
-3.107458
-3.133830
-2.871503
-3.376254
-1.884278
-0.357822
-1.313925
-1.938906
-2.451273
-2.758071
-2.670192
-1.109502
0.133170
-0.350041
-0.373957
-0.976169
-1.406227
-1.014088
0.223096
-0.168456
-0.551990
-0.525485
-0.497348
-0.513976
-0.675999
-0.431244
-0.474286
-0.796518
-0.697112
-0.497439
-0.381676
-0.642878
-0.537265
-0.286801
-0.507769
-0.493225
-0.575913
-0.508539
-0.400570
-0.148656
-0.157854
-0.296452
-0.300122
-0.724795
-0.785780
-0.595576
-0.011010
-0.158262
-0.334148
-0.372343
-0.444881
-0.461645
-0.669202
-0.107426
-0.331067
-0.625117
-0.496261
-0.217117
-0.239681
-0.644011
-0.343708
-0.357572
-0.527750
-0.355941
-0.213402
-0.197408
-0.410855
-0.340265
1.484852
1.499124
1.471513
1.519205
1.558220
1.558220
1.558220
1.470150
2.036006
1.735507
1.515046
1.558220
1.558220
1.558220
1.489944
1.693767
1.552984
1.528170
1.558220
1.558220
1.558220
1.513826
1.527811
1.508734
1.552124
1.558220
1.558220
1.558220
1.470007
1.704095
1.459249
1.530680
1.542657
1.542585
1.538928
1.488080
2.001868
1.679567
1.535844
1.538999
1.659271
1.618248
1.517341
1.505292
1.507013
1.543589
1.543303
1.590852
1.537995
0.709905
0.720163
0.725056
0.737790
0.724938
0.718453
0.718453
0.824155
0.869136
1.028249
0.818378
0.781297
0.918656
0.828400
0.953025
0.832055
0.831642
0.880514
0.815489
0.858760
0.766735
0.825570
0.664748
0.578500
0.715977
0.762609
0.784009
0.711556
0.982442
0.781533
0.641108
0.618057
0.656553
0.642051
0.689213
0.561227
0.658086
0.696582
0.678661
0.658145
0.616230
0.675949
0.493137
0.624365
0.718453
0.718453
0.716095
0.713089
0.716213
0.705618
-0.863025
-0.760052
-1.130539
-1.316946
-0.912806
0.361648
-0.771682
-2.389485
-2.002248
-2.523785
-2.701973
-2.509982
-1.241422
-0.358082
-1.930291
-1.695653
-2.038228
-1.762338
-2.000233
-1.411235
-0.028070
-1.550032
-0.942271
-1.375722
-1.161090
-1.624782
-1.320668
-0.121118
-1.903306
-1.351995
-1.779707
-1.641220
-1.911681
-1.204203
-0.287365
-2.009382
-1.795991
-2.306207
-1.979761
-1.826077
-1.084790
-0.285814
-1.429225
-1.077501
-1.273368
-1.044159
-1.301128
-1.162175
-0.855957
-1.366147
-1.439847
-1.045864
-0.966877
-0.649343
-1.148537
-1.060984
-2.092468
-2.785270
-2.954875
-3.066007
-2.401226
-1.960506
-1.239049
-2.627507
-3.675486
-4.081100
-4.136825
-3.752887
-3.101958
-1.093341
-2.560152
-3.356577
-3.525548
-3.299056
-3.279071
-3.324644
-1.136271
-2.588278
-3.329931
-3.732162
-3.738612
-3.495941
-3.440217
-0.566761
-2.018768
-2.850405
-3.110206
-3.332997
-3.089058
-2.950857
-0.952179
-1.693198
-2.348462
-2.008089
-2.012212
-2.158132
-2.674350
1.992085
1.992085
1.992085
1.992085
1.992085
1.992085
1.992085
1.992085
1.992085
1.992085
1.992085
1.992085
1.992085
1.992085
1.992085
1.992085
1.992085
1.992085
1.992085
1.992085
1.992085
1.992085
1.992085
1.895862
1.884532
1.992869
1.883834
1.992869
1.992085
2.034618
1.923143
2.040109
2.088569
1.779506
2.042288
1.992085
2.075233
2.111753
1.855159
1.736537
1.902312
2.124478
1.992085
2.029563
2.232292
2.226976
2.300363
2.371745
2.146006
-0.695621
-1.940742
-0.708116
-0.763189
-0.504471
-1.133373
-0.132778
-1.791179
-1.814802
-0.877248
-1.147707
-0.824297
-1.296044
-0.887244
-0.647857
-1.210323
-0.382019
-0.997954
-0.866073
-1.562543
-0.906670
-1.055385
-1.775855
-1.210088
-1.965638
-1.859359
-2.488214
-1.199290
-1.132383
-2.087571
-1.489458
-2.487130
-2.829165
-2.786022
-1.763548
-1.983744
-2.825204
-2.471240
-3.381164
-3.174830
-3.615033
-1.784531
-0.672046
-1.547313
-1.036713
-1.887933
-1.871053
-2.086722
-0.359763
0.987174
0.818708
0.913875
0.919377
0.878173
0.878219
0.914081
0.822132
0.883081
0.930014
0.899311
0.874544
0.860231
0.877169
0.944715
0.944715
0.944715
0.944715
0.944715
0.944715
0.944715
0.944715
0.944715
0.944715
0.944715
0.944715
0.944715
0.944715
0.944715
0.944715
0.944715
0.944715
0.944715
0.944715
0.944715
0.874475
0.909789
0.944715
0.941565
0.936452
0.940606
0.944715
0.968775
0.873311
0.944715
0.935904
0.947546
0.936315
0.944715
0.626460
0.626460
0.626460
0.626460
0.626460
0.633941
0.425718
0.624434
0.786523
0.632538
0.699400
0.656851
0.731039
0.641889
0.444265
0.776314
0.821201
1.089661
1.023890
1.035813
0.781302
0.523985
1.035112
0.586950
0.344985
0.110423
0.355194
0.679996
0.492191
0.802576
0.815668
0.871386
0.795563
0.765405
0.836007
0.483541
0.931780
0.874893
1.267959
1.100883
1.162679
0.814187
0.678671
0.725739
0.433745
0.622953
0.559754
0.609861
0.005767
-0.476356
-1.492390
-1.871632
-1.941303
-2.114684
-2.239241
-0.965368
-1.732084
-3.669783
-4.098749
-4.172025
-4.455135
-4.864277
-2.947508
-2.650267
-4.782973
-4.863090
-4.750124
-5.004398
-5.897514
-4.015929
-2.411638
-4.827947
-4.980027
-4.300186
-4.231375
-5.667814
-4.411022
-2.270411
-4.789362
-5.130757
-4.412989
-4.433017
-5.577377
-4.443052
-2.449116
-4.893071
-5.642052
-5.439877
-5.585732
-6.215440
-4.396031
-1.360584
-3.004195
-3.693130
-4.012038
-4.244155
-4.361298
-2.606154
-1.815803
-2.890765
-2.956699
-2.496822
-2.444222
-2.269383
-3.536222
-2.753524
-4.145195
-4.818620
-4.387635
-4.440790
-4.675637
-5.361472
-2.544976
-4.816027
-5.892655
-4.421343
-4.577476
-5.843575
-6.547004
-1.919891
-4.571549
-5.803939
-3.615308
-2.987444
-4.720829
-6.173619
-1.858216
-4.544693
-6.274559
-5.061986
-4.166123
-4.529136
-6.063419
-1.906000
-4.495983
-6.354199
-5.903027
-5.322948
-5.647622
-6.395687
-3.105608
-5.100510
-6.091386
-5.813941
-5.847649
-6.212699
-6.559042
0.412151
0.322623
0.208319
0.399897
0.316931
0.180931
0.141491
0.522638
0.407798
0.801870
0.951262
0.688637
0.954543
0.637344
0.317266
0.622813
0.922736
0.731158
0.702364
0.718033
0.635938
0.420454
0.789549
0.705244
0.603461
0.729417
0.223653
0.059328
0.464984
0.792629
0.707922
0.667611
1.169960
0.350613
0.750108
0.245951
0.357041
1.000881
0.533352
1.116457
0.746559
0.543798
0.382018
0.398692
0.457685
0.336886
0.455877
0.505094
-0.385835
-0.790480
0.111599
-0.483057
-0.213660
-0.100575
0.038397
-1.562504
-0.003220
0.307051
0.092152
0.087941
-0.103424
0.594284
-0.068867
-0.676775
0.204990
0.314111
0.144546
-0.286738
0.110236
-0.331328
-0.554772
0.102309
-0.275343
-0.520587
-0.473148
-0.277820
-0.268778
-0.587967
0.399823
-0.119897
0.054746
0.333186
-0.025020
-0.309776
-0.492842
0.207715
-0.005945
0.316341
0.284384
0.676652
-0.696469
-1.192780
-0.170680
-0.468070
-0.613978
-0.336778
0.135628
-2.128672
-0.267056
0.315318
-0.269479
-0.192139
-0.113082
-0.526136
0.527145
-0.444151
-0.089759
-0.823986
-0.980989
-0.142464
-0.324405
-0.129843
0.020395
-0.199510
-0.924246
-1.073272
-0.179417
0.333694
0.312693
-0.021506
-0.647598
-1.142333
-0.922025
-0.663551
0.452228
0.654363
-0.066032
-0.812072
-1.325183
-0.883355
-1.069435
0.340862
0.916875
-0.441627
-0.747656
-1.652415
-1.135972
-0.660421
-0.180124
0.724635
-0.520280
-0.120150
-1.174340
-0.946862
-0.063912
-0.120453
0.661229
0.063533
-0.012650
0.153326
0.340535
0.400284
0.166653
0.173769
-0.213188
-0.498774
-0.233462
-0.162983
-0.096231
-0.047212
0.179586
-0.231937
-0.553497
-0.647921
-0.813219
-0.657239
-0.303545
0.303376
-0.207427
-0.598450
-0.972305
-1.250719
-1.238239
-0.957452
0.085219
-0.197544
-0.574900
-0.819713
-0.809887
-0.860882
-1.082202
-0.083750
-0.307498
-0.746298
-0.636400
-0.369619
-0.487988
-0.811807
-0.197770
0.097304
-0.298632
-0.278584
-0.311169
-0.419542
-0.350192
0.083411
0.188290
0.188290
0.188290
0.188290
0.188290
0.188290
0.188290
0.188290
0.181423
-0.375286
-0.781521
-0.121911
-0.654734
0.177840
0.186200
-0.430817
-2.854001
-3.897755
-3.550832
-2.854101
-0.521479
0.057323
-1.312554
-4.813627
-7.093007
-6.325816
-5.472242
-1.386795
0.186896
-0.543671
-2.938095
-4.971264
-4.266273
-3.941344
-0.879150
0.188290
0.182319
-1.052909
-1.506218
-1.416153
-1.413765
-0.141217
0.188290
0.188290
0.182319
-0.483463
0.176148
-0.169978
0.183513
-0.843046
-0.721061
-1.162302
-1.218410
-1.439523
-1.396770
-1.231675
-1.553979
-1.399101
-0.989319
0.036210
0.299001
-0.894493
-1.826808
-1.545285
-1.655259
-0.712547
0.448590
0.945491
-0.561791
-1.761289
-1.616002
-1.696309
-1.683492
-1.491418
-1.394082
-1.402238
-1.845451
-1.509702
-1.722301
-2.061814
-2.164707
-2.309368
-1.926385
-1.869292
-1.927550
-1.849215
-1.901469
-1.944221
-1.976129
-2.026142
-1.943504
-2.074183
-1.954529
-1.941353
-1.950943
-1.961430
-1.959817
-1.971827
-0.972345
-1.971332
-2.004537
-1.668178
-1.716076
-1.595500
-1.998366
-1.595598
-1.852225
-2.092202
-1.701481
-1.617147
-1.810597
-2.274780
-1.759761
-2.006888
-2.286729
-1.521842
-1.474924
-2.259206
-2.708108
-1.184307
-1.580024
-1.520470
-0.918864
-0.743143
-1.364731
-2.076530
-1.224859
-1.637226
-1.664260
-1.364926
-1.375407
-1.267075
-2.145878
-1.233282
-1.867799
-2.317780
-2.334725
-2.202395
-1.905412
-2.598013
-1.748791
-2.385561
-2.842005
-2.785195
-2.378704
-2.385071
-2.822709
-1.958166
-1.885455
-1.853273
-1.840399
-1.966033
-1.518091
-1.075156
-1.813222
-1.764590
-1.699509
-2.840937
-3.900119
-2.600398
-1.348831
-1.500927
-1.985343
-2.978491
-3.486986
-3.199720
-3.433584
-2.496220
-1.431316
-2.730800
-3.809292
-2.973961
-1.873059
-3.455278
-2.974438
-1.639672
-2.487162
-3.721802
-3.921099
-2.928189
-4.072957
-2.573698
-1.934803
-1.922407
-2.406823
-4.608388
-4.174512
-3.453610
-1.409384
-1.219861
-1.388882
-1.255620
-1.980336
-2.357713
-1.404616
-0.759761
0.283795
0.304700
0.305695
0.298229
0.298229
0.178772
0.483389
0.258410
0.359949
0.287528
0.301465
0.301962
0.102617
0.117550
0.199345
0.171306
0.146999
0.314240
0.375628
0.370899
0.334398
0.135551
0.156456
0.153138
0.562695
0.618442
0.550418
0.411631
-0.120951
-0.211622
-0.725705
-0.870050
-0.825087
0.178274
0.142520
-0.222656
-0.342030
-0.601436
-0.737568
-0.808745
-0.115061
0.230620
-0.038658
-0.471111
-0.383177
-0.368079
-0.531669
-0.769340
0.452363
-0.205461
-1.023718
-0.998155
-0.489641
-0.322406
-0.217764
-0.779435
-1.062660
-1.488274
-1.592557
-1.269434
-1.144367
-0.849316
-0.675391
-1.798614
-2.153750
-2.565149
-2.507572
-2.499449
-2.443067
-2.210252
-1.373359
-1.993802
-2.576377
-2.538511
-2.525848
-2.569091
-2.586650
-1.443598
-1.997744
-2.586650
-2.586650
-2.586650
-2.574705
-2.727606
-1.337165
-1.995832
-2.640882
-2.642196
-2.605763
-2.416787
-2.119109
-0.644572
-1.572847
-2.126037
-2.171310
-2.266873
-2.224228
-2.144672
2.203263
2.203263
2.203263
2.203263
2.203263
2.203263
2.203263
2.203263
2.203263
2.203263
2.203263
2.203263
2.203263
2.203263
2.203263
2.203263
2.203263
2.203263
2.203263
2.203263
2.203263
2.203263
2.203263
2.203263
2.203263
2.203263
2.203263
2.203263
2.203263
2.203263
2.203263
2.203263
2.203263
2.203263
2.203263
2.203263
2.203263
2.203263
2.203263
2.203263
2.203263
2.203263
2.203263
2.203263
2.203263
2.203263
2.203263
2.203263
2.203263
-0.369426
-0.545804
-0.745468
-0.580338
-0.720460
-0.728796
-1.565562
-1.145592
-2.100648
-2.856569
-2.901028
-3.025007
-2.951440
-3.040621
-1.223129
-2.733516
-3.861509
-3.784898
-3.721254
-4.263353
-4.499404
-1.019494
-2.463061
-3.747056
-3.479381
-3.262779
-4.071495
-4.403475
-1.007718
-2.170246
-3.657478
-4.108278
-4.212808
-3.932034
-3.408724
-0.941561
-1.679487
-2.905526
-4.152869
-4.650112
-3.906893
-3.145680
-1.913024
-2.607154
-3.427645
-4.290345
-4.709390
-4.476514
-4.257002
-7.341391
-3.348458
-3.250216
-3.136604
-3.060639
-3.410165
-3.356700
-3.090935
-2.484333
-2.811804
-2.646064
-2.103841
-3.102743
-1.756097
-3.218137
-2.677920
-2.805790
-2.187380
-1.699736
-2.546263
-2.277157
-3.128807
-3.002273
-2.864156
-2.031663
-1.892655
-2.065079
-2.312131
-3.029896
-3.170687
-3.106976
-2.072876
-2.623564
-2.551609
-2.835641
-3.485462
-2.829403
-3.430883
-3.297221
-4.231965
-3.578802
-2.269360
-3.362270
-1.397883
-2.006268
-1.992902
-2.440670
-2.216117
-1.216547
-0.044793
1.154957
-0.667210
-0.040694
-0.057675
0.338729
-0.552447
-1.916291
-1.368528
-2.290737
-2.578378
-2.666939
-2.774091
-2.721833
-0.012442
0.006002
-1.766249
-1.703012
-1.927855
-1.927855
-1.927855
-0.751088
-0.566939
-2.073652
-1.957717
-1.927855
-1.688959
-1.499833
-0.618758
-0.464471
-1.877499
-1.900921
-1.927855
-1.280260
-1.145002
-0.854873
-0.529904
-1.493392
-0.738645
-0.753869
-1.145002
-1.811188
-2.061356
-1.376872
-1.374823
-0.945044
-0.940653
-1.480511
-2.157675
-0.058907
-1.142009
-1.876222
-1.715143
-1.850877
-1.478424
-1.476741
-1.667324
-1.554855
-2.660629
-2.468067
-2.499253
-2.234022
-2.658847
-1.838699
-2.905664
-3.466818
-3.466818
-3.466818
-3.466818
-3.466818
-1.772268
-2.610335
-3.466818
-3.466818
-3.466818
-3.466818
-3.466818
-1.770090
-2.682707
-3.466818
-3.466818
-3.466818
-3.460481
-3.409395
-1.588220
-2.655679
-3.466818
-3.428800
-3.122284
-3.433552
-3.368210
-2.023936
-2.498758
-3.466818
-3.181687
-2.875171
-3.142481
-3.439492
-0.232111
-0.232111
-0.232111
-0.232111
-0.232111
-0.232111
-0.232111
-0.232111
-0.232111
-0.232111
-0.232111
-0.232111
-0.232111
-0.232111
-0.232111
-0.232111
-0.244499
-0.392524
-0.365747
-0.456339
-0.240119
-0.232111
-0.270400
-0.655666
-0.749637
-0.353109
-1.011403
-0.164042
-0.232111
0.006131
-0.463096
-0.572582
-0.178682
-0.536295
0.106734
-0.232111
-0.066192
0.726113
0.365246
-0.400282
0.756144
0.060436
-0.232111
-0.232111
-0.069571
0.643154
0.366998
0.269899
-0.196825
0.788635
-0.033010
-1.425579
-1.501503
-1.833965
-1.098304
-1.330792
-0.286248
-0.942841
-3.089148
-3.113041
-3.161613
-2.761559
-3.330595
-1.568624
-3.062896
-5.156229
-5.156229
-5.156229
-5.156229
-5.156229
-1.442556
-2.940286
-5.156229
-5.156229
-5.156229
-5.063800
-5.029847
-1.465506
-2.948775
-5.156229
-5.156229
-5.156229
-4.943705
-4.768278
-0.901499
-2.616313
-5.156229
-5.156229
-5.156229
-4.942605
-4.771894
-1.548661
-3.119957
-5.156229
-5.156229
-5.156229
-5.049496
-5.035191
-2.106509
-2.560140
-2.607110
-2.887785
-3.077802
-2.429805
-1.685528
-1.375145
-2.047229
-3.045687
-3.237510
-3.337871
-2.895680
-2.156890
-0.764750
-1.743537
-2.794316
-3.104431
-3.175554
-2.726940
-2.626178
-0.617086
-1.197105
-1.885247
-2.736240
-2.730553
-2.030971
-1.837742
-0.898565
-1.609120
-2.182516
-2.945861
-2.910132
-1.967409
-2.123838
-1.957105
-2.663780
-3.443919
-3.636478
-3.328771
-3.100082
-2.767486
-3.252765
-3.504002
-3.849645
-3.763870
-3.662639
-3.582283
-3.013371
0.114358
-0.063342
0.268966
0.358647
0.398181
0.336629
0.504126
-0.085231
-0.318192
0.081677
0.170770
0.275333
0.230301
0.456255
0.387722
0.354504
0.664820
0.603192
0.661317
0.662698
0.748901
0.496071
0.329393
0.479935
0.411044
0.459989
0.565319
0.685994
0.363480
0.183121
0.455283
0.450962
0.351921
0.412195
0.531692
0.280039
0.075565
0.335376
0.300010
0.193094
0.343994
0.563760
0.430479
0.361281
0.584729
0.558108
0.495508
0.548979
0.706835
-0.539993
-1.914500
-1.989715
-2.513398
-2.722261
-2.446163
-2.374703
-2.454963
-2.691870
-2.699732
-2.767554
-2.810148
-2.774594
-2.750657
-2.716160
-2.784216
-2.814020
-2.814020
-2.814020
-2.814020
-2.814020
-2.688702
-2.775416
-2.814020
-2.814020
-2.814020
-2.814020
-2.814020
-2.164550
-2.610907
-2.814020
-2.814020
-2.814020
-2.814020
-2.814020
-1.496422
-2.413543
-2.814020
-2.814020
-2.814020
-2.814020
-2.814020
-2.003326
-2.568078
-2.814020
-2.814020
-2.814020
-2.814020
-2.814020
2.285596
2.198017
2.336210
2.336210
2.336210
2.263701
2.310904
2.209960
2.262848
2.336210
2.336210
2.336210
2.304079
2.273085
2.336210
2.336210
2.336210
2.336210
2.336210
2.336210
2.336210
2.336210
2.336210
2.336210
2.336210
2.336210
2.336210
2.336210
2.336210
2.336210
2.336210
2.336210
2.336210
2.336210
2.336210
2.336210
2.336210
2.336210
2.336210
2.336210
2.336210
2.336210
2.336210
2.336210
2.336210
2.336210
2.336210
2.336210
2.336210
-1.084360
-2.793098
-2.256595
-2.273273
-2.357364
-1.950782
-2.521343
-2.898773
-2.340967
-3.181321
-2.944883
-2.877750
-2.951471
-3.159877
-2.573199
-3.296246
-3.729037
-3.729037
-3.729037
-3.729037
-3.729037
-2.569555
-3.085597
-3.729037
-3.729037
-3.729037
-3.729037
-3.729037
-2.566892
-2.914751
-3.556369
-3.563096
-3.729037
-3.699605
-3.696661
-2.313356
-2.861072
-3.157215
-3.596733
-3.729037
-3.700445
-3.621820
-2.527790
-3.050138
-3.610187
-3.567581
-3.729037
-3.696241
-3.706752
0.696816
0.561027
0.635853
0.711746
0.711667
0.697152
0.751953
0.605362
0.497142
0.570743
0.585100
0.574732
0.657675
0.709475
0.642410
0.636288
0.653883
0.593730
0.571968
0.637413
0.747174
0.721462
0.706828
0.652303
0.677206
0.617882
0.538870
0.739650
0.750630
0.734140
0.655996
0.793010
0.722252
0.546591
0.748102
0.760188
0.712674
0.721323
0.799921
0.756061
0.654812
0.769667
0.802153
0.751578
0.822632
0.853242
0.821605
0.777606
0.826582
0.068536
0.068536
0.068536
0.068536
0.068536
0.068536
0.068536
0.068536
0.068536
0.068536
0.068536
0.068536
0.068536
0.068536
0.068536
0.068536
0.068536
0.068536
0.068536
0.068536
0.068536
0.068536
0.068536
0.068536
0.068536
0.068536
0.068536
0.068536
0.068536
0.068536
0.068536
0.068536
0.068536
0.068536
0.068536
0.068536
0.068536
0.068536
0.068536
0.068536
0.068536
0.068536
0.068536
0.068536
0.068536
0.068536
0.068536
0.068536
0.068536
-0.787475
-0.434435
-0.388547
-0.367476
-0.385106
-0.385414
-0.089013
-0.341184
-0.107011
0.083484
0.052216
-0.012655
0.070583
0.381114
-0.229688
0.090118
0.143440
0.202843
0.243018
0.091224
0.277481
-0.357463
-0.326256
-0.584632
-0.343027
-0.280675
-0.550969
-0.258806
-0.454154
-0.692443
-1.420453
-1.442813
-1.346368
-1.476600
-0.651468
-0.561719
-0.751477
-1.466710
-2.143918
-2.170702
-1.709483
-0.546423
-0.419630
-0.170776
-0.647045
-1.417812
-1.567701
-0.917769
-0.133181
-0.519405
-1.150134
-0.583218
-0.215784
-0.359819
-0.789135
-1.187671
-0.891987
-2.245035
-2.556056
-2.350675
-2.509725
-2.256082
-2.105612
-0.176424
-1.863445
-2.087165
-1.416540
-1.546632
-1.424047
-1.810678
-0.099097
-1.653023
-1.561111
-0.907860
-0.703444
-0.345876
-1.498263
-0.156690
-1.539554
-1.744935
-1.518104
-1.061868
-1.229927
-1.987424
-0.668373
-1.811322
-2.162883
-1.979809
-1.902376
-2.026784
-2.434114
-1.715120
-1.694099
-1.825479
-1.602616
-1.779791
-2.124810
-2.787713
0.451324
0.313128
0.271520
0.300319
0.266847
0.278367
0.198373
0.783222
0.355461
0.356025
0.519436
0.637775
0.684499
0.634674
0.042494
-0.358079
-0.475774
-0.364161
-0.153100
0.016112
0.114553
0.064607
-0.241633
-0.568415
-0.650060
-0.584929
-0.388731
-0.064325
0.036130
-0.239498
-0.606076
-0.529304
-0.225360
-0.393484
-0.195433
-0.004874
-0.263665
-0.187216
0.293834
0.706974
-0.001128
-0.107102
0.621664
0.262618
0.326742
0.703832
0.746045
0.470094
0.425344
-0.248351
-0.510294
-0.206603
-0.177088
-0.100971
-0.615343
-0.247186
0.657285
0.055728
0.173982
-0.104078
-0.072428
-0.135923
1.290687
-0.091651
-0.149515
-0.124855
-0.024272
0.019029
-0.174952
-0.020194
-0.096311
-0.472818
-1.091074
-1.167385
-1.146026
-1.108550
-0.200389
-0.384080
-0.427575
-0.988937
-0.048738
-0.283885
-0.979423
-0.084272
-0.292817
-0.317283
-0.391847
0.487381
-0.061554
-0.038641
-0.445245
0.530294
0.460197
0.995734
-0.140583
-0.209710
1.094375
0.280196
0.252447
-0.686268
-0.978946
-0.530710
-0.600443
-0.751643
-1.204573
-1.442940
-0.534621
-1.902016
-1.635488
-1.638394
-1.741652
-2.387913
-1.589446
-2.028966
-3.229516
-2.879956
-3.152407
-2.954495
-3.229516
-1.584753
-1.810938
-3.229516
-3.090720
-2.574092
-2.990479
-3.229516
-1.572013
-1.871061
-3.229516
-2.962206
-3.085580
-3.011041
-3.229516
-1.529324
-1.303585
-3.142126
-2.973940
-3.195544
-2.920075
-3.169170
-1.028899
-2.021255
-2.733003
-2.977739
-3.123240
-3.089715
-2.716575
0.092601
0.084382
0.036248
0.681370
0.386692
0.099058
0.086731
0.092601
-0.039770
0.294825
0.809191
0.546358
0.859674
-0.057967
0.092601
-0.235977
-0.418097
0.003962
-0.824454
0.656129
-0.579965
0.092601
-0.035514
-0.337677
-0.304364
-1.046490
0.232602
-0.616359
0.092601
0.082034
0.050189
0.099204
-0.194153
0.096269
-0.190191
0.092601
0.092601
0.091427
0.093775
0.069267
0.016289
0.678875
0.092601
0.092601
0.092601
0.092601
0.092601
-0.164509
0.050336
1.730036
2.173604
1.757753
1.990595
2.068627
1.731292
1.655674
2.295770
1.331377
1.847085
1.795031
1.578028
2.088908
2.050954
1.714391
1.775137
1.943466
1.658475
1.895952
2.014642
2.072393
1.976495
1.789913
1.616561
1.640319
1.304432
1.819561
1.853362
1.861764
2.150329
1.403711
1.967900
2.543677
1.095348
2.494811
2.264287
1.399365
2.204507
2.085624
1.858674
2.077126
2.270564
1.963554
2.228844
2.052789
1.856356
1.781897
2.473467
1.643312
0.427899
0.210744
0.277890
0.169290
0.240532
0.032616
0.306008
0.314401
0.077587
-0.057840
-0.286082
-0.152570
-0.231693
-0.006568
0.295255
-0.148807
-0.310060
-0.496336
-0.358149
-0.236012
0.073446
0.144355
-0.272346
-0.396753
-0.462385
-0.581293
-0.281251
-0.153683
0.184762
-0.280249
-0.179887
-0.337110
-0.493442
-0.146247
-0.239152
-0.108533
-0.452634
-0.171026
-0.208985
-0.366542
-0.563082
-0.492262
0.226617
-0.093506
0.106863
0.090300
0.026382
-0.313266
0.118129
2.100654
2.052805
2.356105
2.381666
2.282228
2.210690
2.439801
1.968564
1.682409
1.864373
1.749428
1.811225
1.833669
2.162062
2.367638
2.097069
2.172271
1.785119
1.767585
1.851826
1.979630
2.181466
1.496548
2.049766
2.172504
2.231029
2.281293
1.846761
2.269448
1.697605
2.236094
1.931548
1.740466
2.222301
1.847462
2.310439
1.836319
1.865932
1.406930
1.277646
1.987813
1.981968
2.167127
2.185518
2.486792
2.562850
2.474089
2.573215
2.374418
1.114760
0.439495
0.360976
0.360976
0.360976
0.382197
0.523956
0.914536
0.298161
0.316835
0.198844
0.189931
0.293916
0.480664
0.360976
0.360976
0.367554
0.606189
0.658394
0.363735
0.360976
0.360976
0.360976
0.354716
0.859360
1.006955
0.363098
0.360976
0.360976
0.360976
0.327870
0.512178
0.593244
0.332115
0.360976
0.360976
0.360976
0.360976
0.360976
0.360976
0.360976
0.360976
0.360976
0.360976
0.360976
0.360976
0.360976
0.360976
0.360976
-1.957421
-2.653764
-2.594343
-2.408673
-2.691591
-2.588669
-2.990587
-3.593780
-4.242996
-4.378860
-4.371294
-4.467440
-4.412590
-4.534584
-3.609699
-4.490451
-5.084502
-5.043049
-5.088758
-5.188528
-5.197197
-3.382891
-4.468227
-5.042892
-4.741059
-4.983629
-5.181436
-5.197197
-3.332769
-4.420470
-5.152119
-5.040528
-5.152119
-5.194360
-5.197197
-3.144104
-4.356164
-5.197197
-5.197197
-5.197197
-5.197197
-5.197197
-3.547598
-4.633566
-5.197197
-5.197197
-5.197197
-5.197197
-5.197197
0.096283
-0.408700
-0.335443
-0.424321
-0.429573
-0.512255
0.335309
-0.222058
-0.165769
0.128064
0.339080
0.528953
0.278347
0.324940
0.031915
0.407623
0.821978
0.712094
0.559926
0.843120
1.215192
0.178158
0.816188
1.340428
0.913549
0.513737
1.229736
1.793970
0.035416
0.604768
0.972935
1.033802
0.704957
0.900486
1.423380
-0.106383
0.022085
0.456505
1.173043
0.772827
0.669406
0.512659
0.516295
0.441288
0.586319
0.959872
0.878940
0.759091
1.207247
0.734782
0.121692
-0.125149
-0.131856
-0.185234
-0.190212
-0.048123
0.052964
-0.115054
-0.319164
-0.376691
-0.459386
-0.555010
-0.593731
-0.069558
-0.369846
-0.681266
-0.976437
-1.055951
-1.064801
-1.038735
-0.061053
-0.357607
-0.977128
-1.169622
-1.210555
-1.179924
-1.090108
0.002627
-0.130334
-0.744739
-1.029677
-1.075519
-0.834832
-0.579556
0.169746
0.134691
-0.117266
-0.660523
-0.746744
-0.184957
-0.033880
-0.207705
-0.377590
-0.551000
-0.832343
-0.927484
-0.656097
-0.509445
-1.620165
-1.735112
-1.889334
-2.083356
-2.145150
-2.049579
-1.984381
-1.877028
-1.985691
-1.919708
-2.043208
-2.150823
-1.959769
-2.072621
-2.166097
-2.166097
-2.061362
-1.684752
-1.703953
-1.959943
-2.166097
-2.166097
-2.166097
-2.120275
-1.897713
-1.778402
-2.064853
-2.166097
-2.166097
-2.166097
-2.166097
-2.141659
-2.088593
-2.149339
-2.166097
-2.166097
-2.166097
-2.166097
-2.166097
-2.166097
-2.166097
-2.166097
-2.166097
-2.166097
-2.166097
-2.166097
-2.166097
-2.166097
-2.166097
0.506425
-0.652162
-0.625424
-0.786221
-1.010083
-0.665808
-0.132522
-1.077881
-0.897907
-1.256012
-1.132710
-1.131788
-1.062760
-1.363271
-0.833059
-1.256811
-1.353744
-0.912044
-0.656895
-1.277648
-1.519889
-0.855802
-1.205732
-0.946711
-0.632677
-0.515214
-0.724324
-1.402856
-0.804170
-1.176351
-1.402918
-0.907065
-0.795503
-0.752107
-1.406114
-0.853835
-1.200876
-1.426091
-1.303956
-0.828941
-1.250849
-1.397201
-0.911122
-1.334689
-1.267506
-1.221775
-1.326391
-1.268859
-1.194853
-1.516436
-2.238749
-1.881949
-1.652996
-1.768374
-1.384082
-1.758008
-2.142300
-2.728803
-3.414009
-3.239891
-3.213750
-3.025360
-3.057961
-2.126075
-3.751579
-4.768646
-4.495224
-4.377443
-4.382551
-4.577251
-1.942492
-3.466440
-4.628931
-4.428522
-3.695993
-4.472089
-4.692028
-1.893517
-3.492580
-4.385556
-4.396072
-4.482605
-4.413048
-4.622470
-1.924765
-3.272191
-4.487112
-4.619916
-4.768646
-4.683465
-4.423865
-2.453880
-3.509857
-4.372936
-4.689323
-4.768646
-4.680760
-4.676704
-0.113287
-0.443988
-1.084999
-1.191777
-1.231307
-1.059111
-0.272515
-0.203290
-0.318649
-1.308631
-1.155188
-1.224173
-1.104040
-0.254245
-0.951272
-1.435705
-2.586700
-2.576673
-2.466664
-2.454323
-0.871778
-0.696304
-0.939220
-2.294179
-2.223073
-2.121597
-2.273016
-0.633780
-0.684060
-1.136436
-2.438077
-2.408092
-2.264242
-2.323826
-0.672393
-0.539390
-0.733809
-2.058783
-1.998187
-2.022483
-1.978566
-0.581957
0.102970
-0.018174
-0.859389
-0.914442
-0.909380
-0.709272
0.007520
-2.218028
-2.916188
-2.261842
-1.871465
-2.118291
-2.353551
-2.803933
-3.245334
-3.436916
-3.387388
-3.237442
-3.198663
-3.405077
-3.554342
-2.870333
-3.585093
-3.709731
-3.475695
-3.171586
-3.645235
-3.766062
-2.962178
-3.546586
-3.497194
-3.150631
-2.891016
-3.371468
-3.647276
-2.714537
-3.506310
-3.712724
-3.619246
-3.609721
-3.674762
-3.759259
-2.973472
-3.516107
-3.797358
-3.797358
-3.797358
-3.797358
-3.797358
-3.674897
-3.718439
-3.797358
-3.797358
-3.797358
-3.797358
-3.797358
1.768836
1.828066
1.816477
1.816477
1.816477
1.816477
1.816477
1.928498
1.840620
1.816477
1.816477
1.816477
1.816477
1.816477
2.001570
1.919485
1.816477
1.816477
1.816477
1.816477
1.816477
1.884720
1.856715
1.816477
1.816477
1.816477
1.816477
1.816477
1.958435
1.890595
1.816477
1.816477
1.816477
1.816477
1.816477
1.696489
1.804326
1.816477
1.816477
1.816477
1.816477
1.816477
1.517835
1.701881
1.816477
1.816477
1.816477
1.816477
1.816477
0.891453
0.888191
0.904287
0.904287
0.904287
0.904287
0.904287
0.899719
0.899937
0.904287
0.904287
0.904287
0.904287
0.904287
0.904287
0.904287
0.904287
0.904287
0.904287
0.904287
0.904287
0.904287
0.904287
0.904287
0.904287
0.910812
0.930534
0.913278
0.904287
0.904287
0.904287
0.904287
0.919948
1.000719
0.929519
0.904287
0.904287
0.904287
0.904287
0.859044
0.867019
0.858463
0.904287
0.904287
0.904287
0.904287
0.890366
0.892106
0.892686
-1.114801
-0.110914
-0.220678
-0.380946
-0.272155
-0.006987
0.556693
-1.169993
0.136476
-0.169644
-0.478505
-0.295417
0.176720
0.878644
-0.926230
0.352201
-0.101804
-0.518837
-0.535200
0.114806
0.822391
-0.736597
0.713600
0.127189
-0.406950
-0.351935
0.171501
0.321421
-0.818765
0.597910
0.000708
-0.524852
-0.046435
0.123031
0.039448
-0.986994
0.290199
-0.255085
-0.511142
-0.033610
0.289137
0.257650
-0.808063
-0.013975
-0.096939
-0.114187
-0.100300
0.119051
0.352908
-1.504024
-2.013597
-0.975241
-1.131478
-1.161043
-1.642712
-0.845190
-1.678920
-1.218400
-0.644827
-1.564426
-1.683570
-1.677480
-0.871820
-0.655789
-0.482388
-0.672675
-2.003409
-2.522172
-1.956239
-0.729091
-0.713534
-0.944901
-1.359136
-2.603004
-2.849596
-2.733774
-1.220172
-0.581933
-0.719347
-1.154510
-2.260244
-2.985072
-2.273642
-0.896734
-1.229860
-0.835944
-0.905925
-2.583958
-3.033350
-2.683171
-1.131146
-1.090564
-1.121014
-0.432007
-1.575610
-1.901207
-2.290196
-0.842533
-1.448744
-2.084684
-2.401281
-2.676024
-3.036562
-2.558701
-2.439840
-2.317683
-1.844545
-3.247151
-3.173769
-3.214415
-3.155973
-3.302957
-1.871130
-2.697665
-3.772909
-3.772909
-3.772909
-3.772909
-3.772909
-2.074907
-2.416441
-3.772909
-3.772909
-3.764011
-3.760386
-3.763461
-2.050850
-2.546068
-3.772909
-3.772909
-3.761264
-3.744896
-3.761045
-2.208709
-2.650429
-3.772909
-3.772909
-3.761704
-3.768075
-3.761264
-2.940111
-3.045900
-3.772909
-3.772909
-3.772909
-3.772909
-3.772909
0.131797
0.131797
0.131797
0.131797
0.131797
0.131797
0.131797
0.131797
0.131797
0.131797
0.131797
0.131797
0.131797
0.131797
0.131797
0.125712
-0.087285
0.130058
0.131797
0.131797
0.131797
0.131797
-0.054249
0.115279
-0.054249
0.131797
0.131797
0.131797
0.131797
0.126581
-0.078592
0.134405
0.131797
0.131797
0.131797
0.131797
0.131797
0.131797
0.131797
0.131797
0.131797
0.131797
0.131797
0.131797
0.131797
0.131797
0.131797
0.131797
0.131797
-2.163754
-2.472137
-1.706737
-1.611109
-1.652622
-1.426523
-2.487705
-3.368255
-3.125106
-3.205167
-3.093477
-3.037138
-3.176503
-3.374432
-3.374309
-3.567543
-3.635620
-3.626601
-3.646739
-3.695666
-3.746816
-3.361336
-3.526648
-3.431760
-3.613010
-3.463266
-3.683434
-3.746816
-3.244580
-3.492424
-3.709751
-3.648716
-3.713457
-3.704561
-3.746816
-3.155623
-3.573473
-3.746816
-3.746816
-3.746816
-3.746816
-3.746816
-3.620794
-3.652917
-3.746816
-3.746816
-3.746816
-3.746816
-3.746816
0.098376
0.098376
0.098376
0.098376
0.098376
0.098376
0.098376
0.098376
0.092539
-0.360550
-1.088461
-1.032889
-0.059707
0.095944
0.098376
-0.295858
-3.077021
-3.089181
-3.083953
-2.954811
-0.087797
0.098376
-2.073195
-4.097507
-5.401325
-3.598087
-3.806634
-1.923990
0.098376
-3.102193
-1.934812
-3.381392
-3.740118
-0.210250
-2.095692
0.098376
-1.319019
-0.457589
-0.034170
-1.500084
0.062260
0.039642
0.098376
0.098376
0.098376
0.098376
0.098376
0.098376
0.098376
0.698182
-0.541225
-0.403461
-0.646714
-0.699885
-0.480083
-0.091636
-0.293715
-1.028118
-1.121844
-1.209300
-1.120219
-0.954438
-0.751585
-0.199680
-1.085236
-1.135001
-0.912644
-0.502759
-0.941049
-1.104739
-0.149450
-1.196762
-1.191654
-0.787806
-0.612041
-1.068673
-1.400467
-0.215855
-1.252487
-1.437461
-1.363626
-1.326399
-1.408206
-1.427555
-0.081962
-1.201019
-1.436765
-1.458823
-1.475076
-1.372295
-1.062404
-0.023219
-0.976263
-1.163637
-1.337622
-1.413933
-1.017670
-1.004900
-0.927149
-1.394403
-1.251883
-1.712143
-1.998635
-1.395674
-0.490235
-0.747660
-1.213188
-1.523479
-2.989277
-3.457258
-2.205284
-0.733308
0.176310
0.060587
-0.411118
-2.141518
-3.004901
-1.483421
-0.074757
0.647469
0.874647
0.744935
-0.852665
-1.780632
-0.292942
0.856843
0.608865
0.808428
0.472340
-1.510944
-2.350437
-0.639204
0.823779
-0.298846
-0.828321
-1.886726
-3.917063
-4.499041
-2.455442
-0.513216
-1.291851
-2.060947
-2.389497
-3.459438
-3.745295
-2.798798
-1.202651
-0.292130
-1.592152
-1.419762
-1.318356
-1.354700
-1.515651
-1.609188
-1.643098
-1.193181
-1.837554
-1.689501
-1.732984
-1.752210
-1.894341
-1.388204
-1.812324
-2.050506
-2.050506
-2.050506
-2.050506
-2.050506
-1.477441
-1.586148
-2.050506
-2.050506
-2.050506
-2.050506
-2.050506
-1.224819
-1.600426
-2.050506
-2.050506
-2.050506
-2.050506
-2.050506
-1.171277
-1.494559
-1.831226
-1.655915
-1.658512
-1.801291
-2.050506
-1.296047
-1.738500
-1.898072
-1.301157
-1.270898
-1.920706
-2.050506
-1.516951
-2.094148
-2.160631
-2.160631
-2.160631
-2.111962
-1.855730
-2.194668
-2.177809
-2.108145
-1.892312
-1.701610
-1.880065
-2.150452
-1.955455
-1.988220
-1.734215
-1.390028
-1.098249
-1.504466
-2.018917
-2.027665
-2.070926
-1.707017
-1.741372
-1.786781
-1.835531
-2.142818
-2.072756
-2.186875
-2.275546
-2.311889
-2.310617
-2.272285
-2.195623
-2.143454
-2.165085
-2.160631
-2.160631
-2.160631
-2.160631
-2.160631
-2.167312
-2.163812
-2.160631
-2.160631
-2.160631
-2.160631
-2.160631
0.831993
1.368530
-0.720472
-0.368663
-0.634100
-0.003291
-0.598419
1.412900
1.072414
-0.846212
-0.565107
-0.874916
-0.431467
-0.395654
-1.636336
-1.414612
-3.240019
-3.240019
-3.240019
-3.240019
-3.240019
-0.283475
-0.732717
-3.240019
-3.240019
-3.240019
-3.240019
-3.240019
-0.508754
-0.875837
-3.240019
-3.240019
-3.240019
-3.240019
-3.240019
-0.482026
-0.986568
-3.240019
-3.240019
-3.240019
-3.240019
-3.240019
-0.524686
-1.473729
-3.240019
-3.240019
-3.240019
-3.240019
-3.240019
-0.270315
-0.716487
-0.639047
-0.748846
-0.710071
-0.629897
0.025330
-0.507209
-0.966326
-0.868410
-1.259013
-1.444188
-1.094871
-0.162468
-0.470721
-0.956339
-1.103240
-1.725159
-1.956698
-1.662281
-0.584314
-0.450803
-1.137664
-1.582777
-2.109569
-2.262441
-2.018237
-0.891173
-0.452812
-1.005380
-1.442737
-2.042172
-2.138470
-1.780282
-0.460623
-0.571203
-0.998629
-0.947468
-1.473869
-1.653131
-1.369649
-0.311155
-0.119507
-0.287722
-0.065500
-0.182218
-0.324266
-0.380114
0.041510
-0.972390
-1.847735
-1.609509
-1.435550
-1.647063
-1.872771
-2.268179
-2.118740
-1.794438
-2.300571
-2.227658
-2.212172
-2.360321
-2.357482
-1.570149
-2.198622
-2.445752
-2.445752
-2.445752
-2.445752
-2.445752
-1.819473
-2.109319
-2.445752
-2.445752
-2.445752
-2.445752
-2.445752
-1.507560
-2.095769
-2.445752
-2.445752
-2.445752
-2.445752
-2.445752
-1.740882
-2.128031
-2.445752
-2.445752
-2.445752
-2.445752
-2.445752
-2.387938
-2.264566
-2.445752
-2.445752
-2.445752
-2.445752
-2.445752
-0.438381
-0.937536
-0.818221
-0.580262
-0.678686
-0.586630
-0.959768
-1.225768
-1.510202
-1.785475
-1.662138
-1.733414
-1.679231
-1.756316
-1.531205
-1.927133
-2.646373
-2.569288
-2.655310
-2.548061
-2.646373
-1.160860
-1.828933
-2.646373
-2.549178
-2.370430
-2.553647
-2.646373
-1.179182
-1.715986
-2.636542
-2.621795
-2.493319
-2.605037
-2.646373
-0.837996
-1.633874
-2.640675
-2.607048
-2.646373
-2.646373
-2.646373
-0.875980
-2.045554
-2.531862
-2.609282
-2.646373
-2.646373
-2.646373
1.690792
1.695141
1.734156
1.762135
1.762135
1.730913
1.704442
1.661983
1.688253
1.746122
1.762135
1.762135
1.742451
1.713266
1.695543
1.725005
1.762135
1.762135
1.762135
1.762135
1.762135
1.724125
1.746122
1.762135
1.762135
1.762135
1.762135
1.762135
1.746071
1.757534
1.762135
1.762135
1.762135
1.762135
1.762135
1.742904
1.750144
1.762135
1.762135
1.762135
1.762135
1.762135
1.745845
1.755272
1.762135
1.762135
1.762135
1.762135
1.762135
0.663494
-0.007538
0.009612
-0.165944
-0.270071
0.081511
0.037599
-0.249811
-0.913870
-1.482189
-1.674236
-1.834997
-1.699773
-1.690255
-0.131266
-1.391914
-1.851582
-1.688465
-2.055879
-2.259422
-2.513945
-0.189785
-1.518374
-1.603561
-1.215604
-1.003203
-1.450433
-2.337353
-0.187712
-1.497078
-1.905577
-2.087729
-1.704390
-1.222577
-2.019976
0.233980
-0.816528
-1.564925
-1.893798
-1.757538
-1.030531
-1.246607
-0.054278
-0.602431
-0.810403
-1.040331
-0.983509
-1.071145
-0.920561
-0.212886
-0.227489
-0.032423
0.190328
0.239404
0.083408
-0.375070
-0.262068
-0.056678
0.057597
-0.371357
-0.354244
0.054804
0.025033
-0.176998
0.214017
-0.271084
-0.508861
-0.544325
-0.419903
0.042570
-0.199273
0.100874
-0.389036
-0.558291
-0.544643
-0.535167
-0.507412
-0.230671
0.056324
-0.382353
-0.551432
-0.554932
-0.555816
-0.510806
-0.284484
-0.101864
-0.242303
-0.529192
-0.567201
-0.490900
-0.262952
-0.308846
-0.404522
-0.369448
-0.531101
-0.549664
-0.404734
-0.523464
0.588982
0.314177
0.605496
0.541049
0.581026
0.376912
0.672158
0.362311
-0.115098
0.115903
0.024369
0.081464
-0.048536
-0.026181
0.477610
0.241775
0.414774
0.238855
0.553536
0.161922
0.419104
0.518493
0.421723
0.177933
0.029907
0.189413
-0.040380
0.462203
0.424844
0.317400
0.368353
0.527858
0.749695
0.108653
0.172093
0.578912
0.152356
0.442466
-0.143595
-0.271280
0.069179
0.194649
0.664908
-0.127685
0.374092
0.135036
0.120233
0.198073
0.347206
-4.669853
-3.436157
-3.532597
-3.295391
-3.421781
-3.283068
-4.235659
-3.339032
-1.556646
-1.326799
-0.647355
-0.470733
-0.786067
-3.136568
-3.821061
-2.072819
-1.510523
-1.419730
-1.105680
-0.940526
-2.741138
-3.543721
-1.341004
-0.816103
-0.294540
-0.014376
-0.774258
-2.305832
-3.436670
-1.380881
-1.648893
-1.084800
-0.440783
-1.454473
-2.373434
-3.578892
-1.596267
-1.420158
-0.930685
0.042273
-1.751323
-2.703230
-4.155221
-3.175504
-3.228131
-3.658731
-3.148377
-3.631347
-3.433419
-1.894772
-0.127948
-1.005892
-0.876165
-0.298842
0.061796
0.316981
-1.533334
-1.155002
-1.828441
-1.910421
-0.541046
0.641608
0.013426
-1.104409
-0.984019
-1.723878
-2.124349
-0.551715
0.658858
-0.504591
-1.044836
-0.896882
-1.350347
-1.774559
-0.966591
0.131149
-0.850113
-1.068488
-1.140597
-1.387602
-1.480963
-1.229957
-0.252340
-0.614667
-1.486742
-1.242316
-1.571478
-1.218842
-0.940006
-0.059662
0.215085
-1.627316
-0.748484
-0.976016
-0.932270
-0.633873
0.301510
0.300798
-0.139425
-0.329033
-2.382107
-1.987976
-2.150406
-1.743129
-1.938425
0.097206
-1.852469
-2.621013
-2.597376
-2.669174
-2.432037
-2.316124
-1.957765
-2.216011
-3.556159
-3.492451
-3.503069
-3.504586
-3.556159
-1.002520
-1.994928
-3.556159
-3.467170
-3.427226
-3.454530
-3.556159
-1.117043
-2.033987
-3.556159
-3.508126
-3.436327
-3.520260
-3.556159
-1.159894
-2.053074
-3.556159
-3.556159
-3.556159
-3.556159
-3.556159
-1.635052
-2.539608
-3.556159
-3.556159
-3.556159
-3.556159
-3.556159
-0.953743
-0.652354
-0.220670
0.351045
0.377683
-0.730095
-0.872622
-1.193487
-0.978691
-0.606964
-0.425406
-0.577912
-1.962775
-1.801578
-0.771461
-0.657263
-0.950122
-1.104559
-1.276459
-1.694784
-1.468721
-0.870529
-1.039291
-1.539542
-1.773089
-2.092988
-1.976778
-1.746531
-1.039694
-1.572216
-2.032067
-2.649895
-2.968024
-2.752666
-2.106428
-1.685207
-1.726733
-1.608994
-2.126387
-2.337319
-2.491998
-1.986597
-2.545274
-2.264004
-1.937425
-2.075686
-2.178295
-2.566681
-2.524672
0.456756
-0.544765
-0.866497
-0.866497
-0.866497
-0.776204
-0.482754
-0.319345
-0.712117
-0.760533
-0.699092
-0.749428
-0.703711
-0.664532
-0.695719
-0.532363
-0.222825
-0.241558
-0.368850
-0.486178
-0.531999
-0.733030
-0.393914
0.059417
-0.402113
-0.596398
-0.285978
-0.304348
-0.809156
-0.550265
-0.373572
-0.757315
-0.797843
-0.534023
-0.389659
-0.826903
-0.762349
-0.778903
-0.859024
-0.855288
-0.792083
-0.743149
-0.715698
-0.830639
-0.866497
-0.866497
-0.866497
-0.866497
-0.866497
0.602881
-0.164438
-0.161765
-0.324177
-0.431805
-0.153059
0.286850
-0.057930
0.043965
-0.362798
-0.393789
-0.406202
-0.214998
-0.234351
-0.212541
-0.473443
-0.609648
-0.609648
-0.609648
-0.609648
-0.609648
-0.269178
-0.426202
-0.609648
-0.609648
-0.609648
-0.609648
-0.609648
-0.367539
-0.473659
-0.609648
-0.609648
-0.609648
-0.609648
-0.609648
-0.348789
-0.449607
-0.609648
-0.609648
-0.609648
-0.552925
-0.574045
-0.296376
-0.519908
-0.609648
-0.609648
-0.609648
-0.595769
-0.455771
-0.494368
-0.789362
-1.921359
-1.227275
-1.351376
-1.092663
-2.180750
-0.595752
-0.639153
-3.262224
-2.646297
-2.708517
-2.586112
-3.346823
-1.586354
-2.984523
-5.635737
-5.111021
-5.116955
-5.506042
-5.933274
-0.777664
-2.272130
-5.600473
-4.833659
-4.688197
-5.388553
-5.933274
-0.995519
-2.431664
-5.695244
-5.207149
-5.101527
-5.252245
-5.670492
-1.153188
-2.350117
-5.696770
-5.750174
-5.818837
-5.545883
-5.399233
-2.561190
-3.385647
-5.544187
-5.699822
-5.805274
-5.534015
-5.540796
-0.029741
-0.178756
-0.235626
-0.196970
-0.158390
-0.241159
-0.223944
-0.081309
0.162310
0.244617
0.404314
0.622802
0.282658
0.043651
0.032047
0.391557
0.440588
0.173299
0.359356
0.230554
0.296492
0.084844
0.463566
0.297875
-0.139946
-0.141406
-0.123039
0.206730
0.042345
0.429905
0.172377
-0.085612
-0.048493
-0.201888
0.443739
-0.041500
0.227710
0.263369
0.058330
0.043190
0.131877
0.411000
0.083384
0.238777
0.258066
0.156315
0.159389
0.365197
0.214568
1.268256
1.268256
1.268256
1.268256
1.268256
1.268256
1.268256
1.268256
1.268256
1.268256
1.268256
1.268256
1.268256
1.268256
1.268256
1.268256
1.268256
1.268256
1.268256
1.268256
1.268256
1.268256
1.268256
1.268256
1.268256
1.268256
1.268256
1.268256
1.268256
1.268256
1.268256
1.268256
1.268256
1.268256
1.268256
1.268256
1.268256
1.268256
1.268256
1.268256
1.268256
1.268256
1.268256
1.268256
1.268256
1.268256
1.268256
1.268256
1.268256
-2.997964
-3.201663
-2.839684
-2.203673
-2.260241
-2.564139
-3.993890
-3.363385
-3.742707
-3.815928
-3.812900
-3.746836
-3.915714
-4.297238
-2.955848
-3.716281
-4.541953
-4.654675
-4.580491
-4.298339
-4.673394
-2.752974
-3.997194
-4.601962
-4.460335
-4.057753
-4.180386
-4.578426
-2.672457
-3.984531
-4.432946
-4.626736
-4.473686
-3.969391
-4.627699
-2.556569
-3.431376
-4.467905
-4.681927
-4.698994
-4.619716
-4.666788
-3.344529
-4.027336
-4.336876
-4.713996
-4.768362
-4.768362
-4.768362
-0.019607
-0.258260
-0.294101
-0.507455
-1.113156
-1.743733
-2.672417
-0.131765
-0.274072
-0.306540
-0.359457
-2.020125
-2.546555
-2.980433
0.253623
-0.060718
-0.182785
-0.317081
-2.278385
-2.410783
-2.913812
0.068518
-0.214831
-0.488481
-0.547301
-2.475929
-2.312750
-2.347325
0.016023
0.030148
-0.292836
0.075686
-2.970102
-2.399821
-2.333622
-0.274705
0.111105
0.357137
-0.529171
-2.744519
-2.865322
-2.602002
-0.320243
-0.421861
-0.423547
-0.884621
-1.745842
-2.469815
-2.525683
-1.171169
-1.503158
-1.231452
-0.977181
-0.894430
-1.201249
-2.226437
-1.798928
-1.691129
-2.168732
-2.074562
-1.916302
-2.283896
-2.652964
-1.610833
-1.766637
-2.347250
-2.073580
-2.121463
-2.711651
-3.056041
-1.437227
-1.078718
-2.008876
-2.091751
-1.933737
-2.512262
-2.953890
-1.402358
-1.213527
-2.283406
-2.771321
-2.866596
-2.878382
-3.056532
-1.746379
-1.672099
-2.298507
-2.859475
-3.003983
-3.036888
-2.943577
-2.361492
-2.665856
-2.650263
-2.589120
-2.743451
-2.963467
-3.152789
-0.766744
-1.563301
-1.557523
-1.517695
-1.451829
-1.634790
-1.879766
-1.326876
-1.550898
-1.688100
-1.555828
-1.787862
-1.850647
-2.023054
-1.186284
-1.473322
-1.539804
-1.489423
-1.579170
-1.672461
-1.783779
-1.081207
-1.439657
-1.633404
-1.155855
-1.431491
-1.459764
-1.843328
-1.027435
-1.243985
-1.825225
-1.528557
-1.394360
-1.625700
-1.842481
-0.931987
-1.473322
-1.938622
-1.459532
-1.334348
-1.861278
-1.941242
-1.426022
-1.972364
-2.084452
-2.061649
-2.030065
-2.121584
-2.225275
-2.804862
-2.345002
-1.924410
-1.525865
-1.672492
-2.188730
-3.152313
-2.040954
-2.305388
-2.159106
-1.331816
-1.857354
-2.670177
-2.996270
-1.843117
-2.652150
-2.430774
-1.738629
-1.948178
-2.134075
-2.922669
-2.013971
-2.694404
-2.409072
-1.749767
-1.589591
-1.804077
-2.735166
-1.822104
-2.447078
-2.223291
-2.565115
-2.586816
-2.088490
-2.957805
-1.929577
-2.457871
-2.757326
-3.111436
-2.752389
-2.712661
-3.054944
-2.955968
-3.107877
-3.361288
-3.334190
-3.013034
-3.071593
-3.365881
-0.540090
-0.460271
-0.337715
-0.209010
-0.151245
-0.044202
0.261019
-0.548188
-0.779544
-0.301123
-0.046739
-0.647717
-0.353132
0.409629
-0.624299
-0.686943
0.173199
-0.162368
-0.579316
-0.201204
0.481738
-0.658060
-0.688895
-0.048008
-0.889806
-0.568875
0.112702
0.195447
-0.806866
-0.564386
-0.180518
-0.799059
-0.077086
0.347960
0.269020
-0.586927
-1.101646
-0.732804
-0.524477
-0.313808
0.208327
0.439780
-0.453343
-0.829113
-0.811452
-0.386406
-0.449928
0.032591
0.447391
-0.293357
0.147277
-0.208686
-0.208686
-0.208686
-0.208686
-0.208686
-0.231150
-0.234606
-0.208686
-0.278071
-0.235404
-0.055827
-0.127870
-0.208686
-0.208686
-0.208686
-0.201376
-0.370983
0.658891
0.305187
-0.208686
-0.208686
-0.208686
-0.314492
-0.563586
0.648124
0.271159
-0.208686
-0.208686
-0.268501
-0.384807
-0.286844
0.236600
0.314093
-0.205097
-0.168012
-0.219985
-0.487821
0.349317
0.589905
-0.155518
-0.267305
0.043864
-0.248164
-0.440634
0.467218
0.834480
0.145283
-1.611547
-1.224049
-1.024424
-1.140531
-1.229570
-1.111623
-1.340691
-1.348645
-0.906477
-0.928796
-1.098386
-0.993794
-1.014630
-1.317897
-1.002164
-1.226008
-1.538535
-1.093993
-0.993676
-1.486833
-1.726526
-0.841775
-1.032912
-1.067756
-0.590982
-0.475290
-1.065382
-1.089304
-0.623748
-0.630753
-0.428040
-0.457364
-0.412726
-0.411123
-0.960434
-0.363042
-0.173211
-0.302258
-0.668921
-0.581959
-0.297746
-0.968389
-0.403822
-0.217018
-0.321668
-0.466149
-0.293235
-0.385955
-0.611342
-1.428988
-2.241511
-1.843057
-1.363479
-1.684333
-2.196548
-3.029498
-1.898352
-2.535128
-3.181883
-3.183761
-3.445797
-3.602408
-3.833099
-0.657790
-1.795041
-2.606390
-3.501679
-3.906121
-3.652655
-3.652655
-0.206271
-0.916304
-1.925002
-3.274276
-3.496631
-3.070940
-2.674364
-0.614118
-1.869237
-2.446491
-3.544413
-3.799875
-3.281672
-3.479021
-1.664609
-2.939570
-3.666156
-3.824881
-3.875597
-3.856813
-4.023286
-2.791294
-3.643263
-4.083512
-3.963060
-3.582685
-3.965173
-4.121550
0.140890
-1.781731
-2.053118
-2.239829
-2.345644
-1.950846
-1.655013
-1.118970
-2.589869
-3.146579
-3.310734
-3.444774
-3.279792
-3.166537
-1.557701
-3.191219
-2.937429
-3.610464
-4.014592
-3.889882
-4.029118
-1.687253
-3.111150
-2.951955
-3.543267
-3.896259
-3.377222
-3.998059
-1.423188
-3.216846
-3.594875
-3.899093
-3.877718
-3.429775
-3.810757
-1.190891
-3.217555
-4.004672
-3.934759
-3.785484
-3.403204
-3.576688
-2.262268
-3.228066
-3.969715
-3.736356
-3.473353
-3.586372
-3.941254
-0.401621
-0.013875
-1.782778
-1.390351
-1.583159
-1.043891
-1.614230
-0.315645
-2.484806
-2.475357
-2.498341
-2.769635
-2.606365
-2.531880
-2.884554
-3.262255
-3.874816
-3.569217
-3.685157
-4.249708
-4.372288
-2.146604
-2.848461
-3.648894
-3.191346
-3.536869
-3.823400
-4.137342
-2.025385
-2.545415
-3.692052
-3.579517
-3.705502
-3.816846
-3.980712
-1.419549
-2.413471
-3.758961
-4.151899
-4.217871
-3.923934
-4.264605
-1.817424
-2.910177
-4.268606
-4.276097
-4.304188
-4.372288
-4.372288
-1.757400
-1.965662
-1.850543
-2.021378
-2.441305
-2.204972
-2.858397
-1.172166
-2.749233
-4.125977
-4.181835
-4.365429
-4.200832
-4.204235
-0.377537
-2.906742
-4.838379
-4.957467
-4.948677
-4.840647
-5.027786
-0.223006
-2.709254
-4.476011
-4.742258
-4.533854
-4.304184
-4.961153
-0.236475
-2.804808
-4.700010
-5.045649
-5.001275
-4.544061
-4.860637
-0.867925
-2.932402
-4.793437
-5.113699
-5.319410
-5.025659
-4.661590
-2.875977
-3.852216
-4.489337
-5.086479
-5.363359
-5.284250
-5.164312
-1.393025
-2.566398
-3.197714
-3.016757
-3.177716
-2.323658
-2.857424
-1.942398
-2.321708
-3.585315
-3.919101
-4.576106
-3.821876
-3.875204
-2.027267
-3.141297
-4.101847
-4.508471
-5.656968
-5.699891
-5.885237
-1.296449
-2.741990
-4.071280
-3.860083
-4.467011
-5.042724
-5.982300
-1.446678
-2.565910
-4.401652
-5.314728
-5.475524
-4.416122
-5.023051
-1.609750
-2.079294
-4.012262
-5.545923
-5.962627
-4.483758
-4.487010
-3.273641
-3.543531
-4.459370
-5.041423
-5.590309
-5.346432
-6.008314
-1.091893
-1.086759
-1.454146
-1.496564
-1.413861
-1.280287
-1.176414
-1.127281
-0.426235
-0.358145
-0.207983
-0.141473
-0.155138
-0.520472
-1.467417
-0.432476
-1.421602
-1.753917
-1.467969
-1.751152
-1.119935
-1.300508
-0.073383
-1.717265
-1.076648
-0.171963
-1.578557
-0.305853
-1.376261
-0.080808
-1.849101
-2.000448
-0.216830
-2.300219
-0.496380
-1.320098
-0.514785
-1.207062
-1.417652
1.101767
-2.299824
-0.977277
-1.086680
-0.815108
-0.701361
-0.849865
0.052450
-1.121357
0.115406
1.066814
0.540117
0.530418
0.503009
0.489208
0.526030
0.883628
0.516427
0.268755
0.303096
0.181724
0.240455
0.161628
0.332986
0.591629
0.330029
0.075838
0.108621
0.315974
0.136381
0.264462
0.646703
0.434007
0.288088
0.151453
0.317501
0.207035
0.493056
0.565396
0.331555
0.309487
0.247037
0.355054
0.095171
0.530069
0.570166
0.154219
0.421638
0.175905
0.253651
0.188433
0.384435
0.756023
0.286943
0.354545
0.364307
0.363130
0.398426
0.637163
-1.080678
-0.704144
-1.161437
-1.369894
-1.667048
-1.586461
-1.769895
-1.386546
-2.019767
-2.293194
-2.422184
-2.339786
-2.110018
-2.381891
-1.337624
-1.268427
-0.592582
-0.853930
-1.126925
-0.811393
-1.954624
-1.458246
-0.813032
-0.351339
-0.281192
-0.337361
-0.645473
-1.421576
-1.650568
-1.547289
-2.012174
-2.047636
-1.854192
-2.081200
-2.010880
-2.187844
-2.091208
-2.221752
-2.393021
-2.388621
-2.420890
-2.432280
-2.413039
-2.294142
-2.296904
-2.278267
-2.400959
-2.400959
-2.400959
1.223622
1.223622
1.317613
1.803857
1.794645
1.321752
1.223622
1.223622
1.223622
1.222019
1.255798
1.424955
1.770880
1.335770
1.223622
1.326157
1.767809
1.212140
1.064611
1.666075
1.353527
1.223622
1.234302
1.303594
1.211205
1.166079
1.107868
1.220417
1.223622
1.200124
0.934038
1.114677
1.215744
0.977562
1.170618
1.223622
1.219883
1.176626
1.218548
1.215878
1.129096
1.214009
1.223622
1.223622
1.223622
1.222687
1.211873
1.222420
1.223622
-0.106465
-0.545445
-0.228466
-0.451596
-0.424820
-0.476828
0.255979
-0.540312
-1.153635
-0.899837
-1.355594
-1.496552
-1.382168
-0.405225
0.222426
-0.435725
-0.252792
-0.734284
-0.760322
-0.526488
0.113344
0.237592
-0.812531
-0.582522
-0.902555
-0.892589
-0.708146
-0.316611
0.131764
-0.750826
-0.424049
-0.741364
-0.680431
-0.530849
-0.113578
-0.250745
-0.959025
-0.654192
-1.047002
-0.868867
-1.026535
-0.239337
0.186759
-0.080226
0.172532
-0.244202
-0.229002
-0.359559
0.467031
-0.845186
-1.961576
-1.680945
-1.602809
-1.630179
-1.662887
-1.963279
-2.281615
-2.588026
-2.300354
-1.338305
-1.119797
-1.963734
-2.668433
-2.227102
-2.697280
-1.254945
0.216691
0.348886
-1.002139
-2.380193
-2.152941
-2.257879
-0.608052
0.041339
0.214988
-0.549223
-2.117166
-2.168499
-2.748500
-1.741705
-0.487668
0.123450
-0.890386
-2.329655
-2.076167
-2.882399
-2.419034
-0.438379
0.200791
-1.396794
-2.600973
-2.249475
-2.766671
-2.462759
-1.969298
-1.702977
-2.152373
-3.038784
-1.090021
-0.833214
-0.733514
-0.753782
-0.748745
-1.172616
-1.811702
-0.591756
-0.485847
-0.354397
-0.386381
-0.108955
-0.717347
-1.028045
-0.607454
-0.212052
-0.128286
0.569379
0.328506
-0.268873
-0.700476
-0.545596
0.007381
0.345025
-0.826888
-1.308165
-0.718518
-0.442264
-0.651154
-0.221776
0.509043
0.002929
0.100403
-0.496391
-0.383101
-0.445428
-0.614601
-0.553328
0.844579
0.606986
-0.898704
-1.493389
-0.925650
-0.730703
-1.318709
-1.395915
-1.099979
-1.506745
-1.265169
-0.860532
-1.623098
-1.041290
-1.167047
-1.193908
-1.543214
-0.513319
-1.689960
-2.756250
-2.216361
-3.162940
-3.709806
-3.778179
-1.748856
-1.089837
-2.234210
-2.046243
-3.615038
-4.312545
-4.521094
-2.249558
-0.929545
-2.671423
-2.840960
-4.077194
-4.781620
-5.176507
-3.125846
-1.184489
-2.895612
-3.221254
-4.601501
-4.979005
-5.108135
-2.716075
-1.743158
-3.263523
-3.179511
-4.754527
-5.304474
-4.937086
-2.326827
-1.086349
-1.846822
-1.681239
-2.719214
-3.033520
-2.872298
-1.102919
-0.336219
-0.762124
-0.633712
-0.944881
-1.047741
-1.112307
-0.412806
-0.423891
-1.125047
-1.101079
-1.914597
-2.362744
-2.367063
-1.026363
-0.298069
-0.948337
-1.113315
-1.764302
-2.223607
-2.668443
-1.519426
-0.444909
-1.360566
-1.440392
-1.578665
-1.833115
-2.660957
-1.921362
-0.469238
-1.422973
-1.766174
-2.024726
-2.105415
-2.659806
-1.779346
-0.822516
-1.701607
-1.871840
-2.280039
-2.382611
-2.726819
-1.864786
-0.236382
-0.766947
-0.679276
-0.884275
-0.971226
-1.288226
-0.841158
-0.832223
-1.909804
-2.129691
-1.958626
-1.883708
-1.740738
-2.551109
-2.130565
-2.726918
-3.287436
-3.211268
-3.127109
-3.164194
-3.512691
-3.302919
-3.849326
-4.231162
-4.186211
-4.046362
-4.171227
-4.231162
-3.603468
-3.977063
-4.231162
-4.018892
-3.594353
-4.068838
-4.231162
-3.471611
-3.967823
-4.231162
-4.083822
-4.056352
-4.091314
-4.231162
-2.980643
-3.831221
-4.224420
-4.203442
-4.217677
-4.212682
-4.225169
-3.039954
-3.798881
-4.199322
-4.135641
-4.185586
-4.167481
-4.214930
-2.082594
-1.946200
-1.951230
-1.827855
-1.722230
-2.003301
-1.361275
-1.158312
-1.085824
-1.478142
-1.769569
-1.901525
-1.586724
-0.445277
-1.006533
-1.242337
-1.630808
-1.568084
-1.532877
-1.394412
-0.392909
-1.135234
-1.485538
-1.693236
-1.202988
-1.143222
-1.416602
-0.521314
-0.978426
-1.144406
-1.099435
-1.109790
-1.342044
-1.429325
-0.644394
-1.218964
-1.172217
-1.340565
-1.789688
-2.010107
-1.796493
-0.942034
-1.093221
-1.084049
-1.044108
-1.055942
-1.258610
-1.374589
-0.636110
-3.317272
-1.863088
-1.797395
-2.195873
-2.311916
-1.888114
-2.463710
-2.358691
-1.857577
-2.827479
-3.230873
-3.318463
-3.139409
-2.449409
-2.284060
-2.905089
-3.888398
-3.013535
-2.856229
-3.654824
-4.276300
-2.455070
-3.161754
-3.017259
-1.992091
-1.239527
-2.504228
-4.409771
-2.204811
-2.953204
-3.298651
-3.344681
-2.545491
-2.845206
-4.371636
-2.192447
-2.395038
-3.905529
-4.404856
-4.416475
-4.239357
-4.028275
-3.481281
-2.557259
-3.269008
-4.801844
-4.955574
-4.104843
-4.679842
-0.065166
-0.179305
-0.150574
-0.139996
-0.161022
-0.123933
-0.366053
-0.219789
-0.041006
0.069214
-0.213259
-0.212736
0.064644
-0.047405
-0.007444
0.091415
-0.153708
-0.233762
0.015541
-0.057461
-0.080054
0.008358
0.099643
-0.238463
-0.345942
-0.159716
-0.431350
-0.129418
-0.021679
0.137776
-0.133989
-0.142478
-0.108001
-0.469222
-0.140388
-0.088020
0.072741
-0.070782
-0.314991
-0.434353
-0.247736
-0.217438
-0.059812
-0.051193
-0.110482
-0.254396
-0.372452
-0.073002
-0.457730
0.374522
-2.382598
-2.831826
-2.865360
-2.672787
-2.296106
-1.733327
-2.026172
-3.352106
-3.997061
-3.853793
-4.131530
-4.045204
-3.715672
-2.526365
-3.398091
-3.597139
-3.266942
-3.919866
-4.218853
-3.761989
-2.726408
-3.374352
-4.193453
-3.552980
-3.788717
-4.100320
-4.166559
-2.746662
-3.264618
-4.405118
-4.615620
-4.717717
-4.520994
-3.746716
-1.971885
-3.047641
-3.675829
-4.230474
-4.314807
-4.269320
-3.714177
-2.028164
-3.329695
-3.671014
-3.343639
-3.358414
-3.866078
-4.529128
0.571123
0.774094
0.845381
0.527311
0.327806
0.357096
0.493153
0.863121
0.965431
0.521948
0.354374
0.349836
0.351733
0.259241
0.517163
0.205611
0.152723
0.349918
0.350331
0.348021
0.341667
0.379951
0.323928
0.322195
0.346370
0.352558
0.362129
0.403054
0.489110
0.589275
0.378219
0.352558
0.352558
0.411304
0.621866
0.291502
0.343978
0.361469
0.352558
0.352558
0.358829
0.146617
0.117162
0.337129
0.350413
0.352558
0.352558
0.342657
0.328796
-0.354347
0.323316
-0.517567
-0.464808
-0.512044
-0.297881
-0.442570
0.670177
0.014680
-0.328330
-0.525852
-0.566548
-0.302604
-0.098688
-0.585442
-0.536389
-0.601866
-0.629917
-0.641036
-0.605209
-0.641617
-0.422222
-0.343664
-0.456886
-0.380072
-0.352966
-0.544020
-0.485737
-0.511899
-0.407252
-0.288942
-0.310308
-0.411612
-0.375131
-0.538642
-0.468732
-0.564222
-0.621778
-0.621778
-0.621778
-0.621778
-0.621778
-0.621778
-0.621778
-0.621778
-0.621778
-0.621778
-0.621778
-0.621778
-1.370093
-3.090697
-4.018445
-3.712335
-3.756401
-4.039300
-4.134161
-3.301610
-4.023154
-4.112632
-4.017099
-4.045019
-4.124069
-4.134161
-4.134161
-4.134161
-4.134161
-4.134161
-4.134161
-4.134161
-4.134161
-4.134161
-4.134161
-4.134161
-4.134161
-4.134161
-4.134161
-4.134161
-4.134161
-4.134161
-4.134161
-4.135170
-4.118014
-4.133992
-4.134161
-4.134161
-4.134161
-4.134161
-4.119696
-4.092281
-4.118351
-4.134161
-4.134161
-4.134161
-4.134161
-4.131469
-4.121546
-4.132479
-4.134161
-1.518309
-1.795624
-1.601198
-1.621157
-1.688550
-1.691132
-1.092590
-1.981832
-2.254451
-2.128356
-2.805795
-3.491218
-2.439250
-1.579126
-1.868886
-2.102761
-2.142210
-2.108632
-2.550787
-2.543038
-1.798442
-1.894951
-2.498893
-2.964294
-1.769090
-1.592980
-2.427979
-2.130235
-1.858320
-2.195512
-2.848296
-2.172501
-1.807600
-2.470715
-1.806190
-1.943323
-2.361527
-2.665142
-2.828103
-2.587418
-2.713513
-1.970091
-1.662954
-1.825915
-1.767682
-1.806191
-1.793042
-1.900352
-1.176419
2.170383
2.170383
2.170383
2.170383
2.170383
2.170383
2.170383
2.170383
2.170383
2.170383
2.170383
2.170383
2.170383
2.170383
2.170383
2.170383
2.170383
2.170383
2.170383
2.170383
2.170383
2.170383
2.170383
2.170383
2.170383
2.170383
2.170383
2.170383
2.170383
2.170383
2.170383
2.170383
2.170383
2.170383
2.170383
2.170383
2.170383
2.170383
2.170383
2.170383
2.170383
2.170383
2.170383
2.170383
2.170383
2.170383
2.170383
2.170383
2.170383
0.499841
0.499841
0.377477
0.228085
0.261987
0.347881
0.499841
0.435439
0.116829
-0.075039
-0.048410
0.089874
0.090416
0.268427
0.278558
-0.396110
-0.304355
-0.483559
-0.440468
-0.168893
-0.130939
0.198923
-0.665767
-0.469159
-0.709691
-0.617393
-0.262168
-0.285577
0.189263
-0.570068
-0.335434
-0.427045
-0.449875
-0.129383
-0.353742
0.340464
-0.121424
-0.347663
-0.616380
-0.613232
-0.149247
-0.178915
0.433630
0.214771
0.112523
0.184161
0.144326
0.135462
0.240061
0.392040
0.392040
0.392040
0.392040
0.392040
0.392040
0.392040
0.392040
0.392040
0.392040
0.392040
0.392040
0.392040
0.392040
0.392040
0.392040
0.392040
0.392040
0.392040
0.392040
0.392040
0.392040
0.392040
0.392040
0.392040
0.392040
0.392040
0.392040
0.392040
0.392040
0.392040
0.392040
0.392040
0.392040
0.392040
0.392040
0.392040
0.392040
0.392040
0.392040
0.392040
0.392040
0.392040
0.392040
0.392040
0.392040
0.392040
0.392040
0.392040
0.778977
-1.460797
-2.444691
-2.922522
-3.397967
-2.815689
-1.977464
-0.838490
-2.547945
-3.663988
-3.924178
-4.082173
-3.633768
-3.616271
-1.813902
-3.676183
-4.602154
-4.233409
-4.222806
-4.552449
-4.884346
-1.307573
-3.448865
-4.365426
-3.438924
-3.352106
-3.926431
-4.743846
-1.319635
-3.383520
-4.293055
-4.035914
-4.149109
-4.319167
-4.563053
-1.683210
-3.572266
-4.572729
-4.833978
-5.000987
-4.819663
-4.189801
-3.124125
-4.178932
-4.674127
-4.877188
-5.000987
-4.800576
-4.628796
-0.570750
-1.194141
-1.033049
-1.143742
-1.313278
-1.296786
-0.799524
-1.022890
-1.533741
-1.226597
-1.423444
-1.742461
-1.786792
-1.707630
-0.921696
-1.184378
-0.625238
-0.778811
-1.144137
-1.481495
-1.750509
-0.855201
-1.146117
-0.400158
-0.574311
-0.631835
-0.722079
-1.314729
-0.882511
-1.128042
-0.660069
-1.041888
-0.619169
-0.665742
-1.213667
-1.223562
-1.635594
-1.273302
-1.043999
-0.522857
-1.052575
-1.897485
-1.216174
-1.593771
-1.101655
-0.730918
-0.386041
-1.318951
-1.612770
0.283219
0.283219
0.283219
0.283219
0.283219
0.283219
0.283219
0.283219
0.283219
0.196426
0.076591
-0.025048
0.052456
0.172368
0.283219
0.261521
0.042026
-0.098746
-0.559281
-0.433432
-0.245456
0.283219
0.269286
0.125469
0.205943
-0.282001
0.050020
-0.341995
0.283219
0.285503
0.120520
0.067150
-0.306288
0.530503
0.008222
0.283219
0.283219
0.209521
0.341233
0.415083
-0.114658
-0.301339
0.283219
0.283219
0.296923
0.366510
0.399552
0.021165
0.694343
0.458502
0.458502
0.458502
0.458502
0.458502
0.458502
0.458502
0.458502
0.458502
0.458502
0.458502
0.458502
0.458502
0.458502
0.458502
0.458502
0.458502
0.458502
0.458502
0.458502
0.458502
0.458502
0.458502
0.458502
0.458502
0.458502
0.458502
0.458502
0.458502
0.458502
0.458502
0.458502
0.458502
0.458502
0.458502
0.458502
0.458502
0.458502
0.458502
0.458502
0.458502
0.458502
0.458502
0.458502
0.458502
0.458502
0.458502
0.458502
0.458502
0.991775
0.834021
0.927536
0.867813
0.859031
0.904701
0.858529
0.699269
0.568784
0.831679
0.903111
0.866057
0.879607
0.652763
1.079602
0.760414
1.064211
0.911225
0.852506
0.908715
0.869570
1.017872
0.700608
1.014108
0.852506
0.852506
0.852506
0.852506
1.035688
0.646657
1.032677
0.852506
0.852506
0.852506
0.852506
1.000474
0.493085
0.996208
0.861205
0.853510
0.865555
0.853008
0.976049
0.768694
0.971616
0.857023
0.819216
0.859114
0.835861
-0.458738
-1.889509
-1.940325
-1.873454
-2.242409
-1.534739
-1.110605
-0.963459
-2.401401
-3.190437
-3.369381
-3.580747
-2.855307
-2.222301
-2.193620
-4.065672
-5.013233
-4.924696
-4.711927
-4.499471
-4.064425
-2.236330
-4.126152
-5.049396
-4.241498
-3.766393
-4.030445
-4.226378
-2.031355
-3.805985
-4.583019
-4.438368
-4.225443
-3.934738
-4.458787
-1.490471
-3.001206
-3.862724
-4.534698
-4.696963
-4.264880
-4.033874
-2.246306
-3.399153
-3.917124
-4.194892
-4.790332
-3.977447
-4.540310
-0.767365
-1.545702
-1.333257
-1.335940
-1.319081
-1.463207
-0.701569
-1.330974
-2.336093
-1.940197
-1.856780
-1.852696
-2.222842
-1.386558
-1.155011
-2.166658
-1.726030
-1.547504
-1.400414
-1.963824
-1.251002
-1.297055
-2.473331
-2.005472
-1.756384
-1.510221
-2.079517
-1.296895
-1.264658
-2.419269
-1.970031
-1.848170
-1.572132
-1.950328
-1.079685
-1.240590
-2.134260
-1.547304
-1.587590
-1.486353
-1.841123
-0.960587
-0.578707
-1.062465
-0.616511
-0.724315
-0.722072
-1.005919
-0.400462
0.305682
-0.048059
0.369395
0.325203
0.346854
0.181523
0.375205
0.006597
-0.367595
0.160761
0.157721
0.301422
0.048845
0.152593
0.257292
-0.102590
0.338500
0.260663
0.267632
0.237254
0.289986
0.180696
-0.250819
0.196412
0.220710
0.121036
0.233263
0.189505
0.168143
-0.150297
0.357442
0.308370
0.175505
0.281383
0.188016
0.202202
-0.093160
0.435299
0.440200
0.390860
0.300470
0.330414
0.330207
0.198128
0.543866
0.543866
0.539378
0.425125
0.504472
-0.456802
-1.737915
-1.661737
-1.268394
-1.147172
-0.985013
-1.433866
-2.074820
-2.079324
-2.781750
-2.544340
-2.453986
-2.426430
-2.912378
-2.003676
-2.981402
-3.706218
-3.363749
-3.334072
-3.433700
-3.741723
-1.830786
-2.797913
-3.709397
-3.289028
-2.438221
-3.378852
-3.741723
-1.723871
-2.564213
-3.485633
-3.249548
-3.417934
-3.289690
-3.574795
-1.674588
-2.078264
-2.758830
-3.117595
-3.287438
-3.329833
-2.948811
-1.901531
-2.677353
-2.731406
-2.521023
-2.854218
-2.898998
-3.441649
-0.618913
-1.304326
-1.100064
-1.220805
-1.306028
-1.298992
-0.856538
-1.326114
-2.094252
-2.347196
-2.614666
-2.528762
-2.396786
-1.732481
-1.247813
-2.491881
-3.247764
-3.084241
-2.552593
-2.791693
-2.093911
-1.311021
-2.864773
-3.356930
-2.084266
-1.208096
-2.344132
-2.088805
-1.342795
-2.682639
-2.849000
-1.259048
-0.757244
-2.093798
-1.971354
-1.392158
-2.303847
-1.967609
-1.206280
-1.242934
-2.186624
-1.823038
-1.121398
-2.159275
-1.938899
-1.734070
-1.892941
-2.082336
-1.127753
2.585146
2.347384
2.214978
1.918034
1.880216
2.189996
2.354276
2.476172
2.343422
2.304139
2.528118
2.540178
2.100577
2.236687
2.319645
2.319645
2.357377
2.680079
2.628305
2.631148
2.348590
2.319645
2.319645
2.329725
2.409668
2.365303
2.485045
2.344455
2.319645
2.319645
2.319645
2.319645
2.319645
2.319645
2.319645
2.319645
2.319645
2.319645
2.319645
2.319645
2.319645
2.319645
2.319645
2.319645
2.319645
2.319645
2.319645
2.319645
2.319645
1.396725
1.396725
1.396725
1.396725
1.396725
1.396725
1.396725
1.396725
1.396725
1.396725
1.396725
1.396725
1.396725
1.396725
1.396725
1.396725
1.542155
1.513287
1.567341
1.456972
1.396725
1.396725
1.396725
1.433543
1.089633
1.318321
1.418565
1.396725
1.396725
1.396725
1.529269
1.366267
1.485422
1.447182
1.396725
1.396725
1.396725
1.396725
1.396725
1.396725
1.396725
1.396725
1.396725
1.396725
1.396725
1.396725
1.396725
1.396725
1.396725
-0.606095
-2.039334
-1.636367
-2.041489
-2.174979
-2.309831
-0.286942
-2.028332
-3.078792
-2.718356
-3.550602
-3.903326
-4.201384
-2.104208
-1.379593
-2.579875
-2.607321
-3.255495
-3.610372
-4.349164
-2.531332
-1.398646
-3.282714
-3.486409
-3.858867
-3.867260
-5.113475
-3.289519
-1.279787
-3.161131
-3.781291
-4.285425
-4.645181
-5.211466
-3.006546
-1.927392
-3.409286
-3.981017
-5.406202
-5.769814
-5.776051
-3.005298
-0.709191
-2.080163
-2.200952
-3.326606
-3.698723
-3.773124
-1.145502
-0.933739
-0.013618
-0.343755
-0.068641
-0.077757
-0.094340
-0.790965
-0.006040
0.606897
-0.029104
0.076329
-0.043491
0.340789
0.107739
-0.350125
-0.060843
-0.095329
-0.395483
-0.322229
-0.079734
-0.074242
-0.261605
0.069739
-0.044260
-0.975912
-0.821717
-0.278408
-0.046786
-0.491690
0.044479
0.321240
-0.410309
0.028006
-0.219212
0.041734
-0.758896
0.117184
0.320581
-0.081710
0.497181
-0.190548
-0.060734
-0.506187
0.233819
0.156392
0.103456
0.478291
0.158039
-0.246998
-2.102518
-1.162294
-1.509513
-1.358459
-1.183432
-0.842399
-0.481003
-1.720242
-1.480385
-0.844075
-0.545059
-1.838044
-2.028022
-1.072590
-1.866657
-1.391840
-0.512064
0.066634
-1.177761
-2.851475
-1.991289
-1.579112
-2.228698
-1.677710
0.105171
-1.029155
-1.774890
-1.405631
-1.003120
-1.486958
-2.893492
-1.794996
-0.450328
-1.292598
-1.528975
-0.981983
-0.180569
-1.910865
-3.121620
-0.661701
0.530237
-1.959584
-0.678198
-1.040239
-1.089216
-2.098652
-1.039595
-0.619555
-1.727331
-0.628539
-0.822293
-0.618346
-0.667756
-0.814528
-0.933440
-0.434299
-0.743083
-1.394628
-1.390551
-1.869211
-2.279532
-1.965117
-0.908978
-0.634751
-1.331240
-1.697685
-2.237986
-2.240510
-2.177898
-1.038957
-0.620579
-1.378320
-2.085486
-1.960069
-1.724671
-2.187605
-1.404335
-0.568743
-1.389871
-1.988317
-1.909107
-1.729816
-2.188770
-1.259989
-0.739880
-1.352984
-1.391910
-1.606729
-1.619834
-1.708363
-0.845299
-0.512150
-0.744733
-0.621647
-0.570781
-0.532923
-0.679307
-0.370522
0.120267
1.469463
-0.013170
0.501445
0.984335
0.893887
-0.407434
2.273977
0.854544
-0.636538
0.095253
-0.461024
0.277062
-0.648796
0.141058
-1.249966
-2.892789
-3.106735
-2.920123
-3.439292
-3.314055
0.489683
-0.768981
-3.609174
-3.923509
-3.943884
-3.842419
-3.415852
0.608045
-0.636869
-2.472020
-3.719088
-3.943884
-3.299395
-2.695657
0.986323
0.578475
-1.227106
-1.021856
-1.666843
-1.689952
-2.462412
-0.796977
0.062287
-0.358730
-0.330983
-0.864813
-1.565875
-2.223368
-1.415546
-1.606268
-1.561392
-1.121240
-0.895227
-1.300633
-2.150877
-1.650708
-2.268076
-2.485702
-1.578929
-1.362501
-2.075176
-2.667056
-1.318933
-2.275265
-2.128330
-1.038895
-1.172868
-2.257729
-3.289871
-1.255105
-2.056550
-2.240955
-1.626418
-1.821497
-2.603119
-3.408486
-1.401713
-2.398891
-3.290742
-3.186722
-3.252292
-3.397812
-3.401733
-1.651797
-2.498119
-3.493227
-3.639182
-3.686563
-3.458917
-3.158838
-2.592336
-2.899060
-3.492465
-3.633627
-3.686563
-3.583088
-3.543767
-0.722199
-1.033164
-0.945803
-0.103028
0.316354
-0.597613
-0.822721
-0.490950
-0.678080
-0.089993
0.585330
0.791135
-0.165070
-0.393061
-0.150657
-0.519653
-0.264589
-1.111375
-1.388623
-1.093326
-0.912087
-0.460117
-1.117015
-1.462698
-1.916423
-1.895241
-1.644188
-1.449036
-0.656647
-1.254261
-1.507318
-1.299884
-1.192093
-1.091822
-0.790007
-0.387170
-0.939035
-1.025769
-0.591847
-0.519026
-0.986287
-1.081419
-1.097713
-1.234582
-1.135314
-0.955454
-0.927253
-1.222425
-1.334352
0.367279
0.469578
-1.430715
-0.751850
-1.006864
-0.455067
-1.097584
1.064316
-1.712695
-1.852367
-1.854272
-2.136693
-1.834193
-1.662279
-0.979604
-1.739223
-2.770563
-2.622391
-3.125384
-3.371750
-3.607125
0.278024
-1.025624
-1.220988
-0.709348
-1.427344
-2.304210
-3.343904
0.213098
-1.338089
-1.841375
-1.387773
-1.717532
-2.679403
-3.309169
0.121645
-1.412981
-2.926942
-2.968858
-3.477420
-3.400330
-3.590271
-0.811207
-1.944699
-3.366621
-3.577667
-3.703708
-3.703708
-3.703708
0.854361
0.854895
0.850641
0.813933
0.808414
0.828171
0.849468
0.827546
0.810777
0.793551
0.770410
0.766294
0.794892
0.829833
0.811494
0.791767
0.791310
0.773718
0.800365
0.815701
0.821082
0.857486
0.840931
0.824086
0.861069
0.887137
0.887137
0.887137
0.867288
0.862410
0.869026
0.874240
0.883356
0.873691
0.872151
0.859300
0.835839
0.824878
0.829025
0.825290
0.839467
0.860383
0.859392
0.832958
0.814588
0.800472
0.796295
0.815762
0.854605
0.787893
0.378371
0.693417
0.730779
0.717168
0.586194
0.828039
0.396965
0.137919
0.534488
0.556187
0.552759
0.475001
0.666838
0.762384
0.555557
0.998778
1.087715
1.064037
0.976888
0.978412
0.814720
0.683351
1.132418
1.131158
1.124272
1.128462
1.142030
0.740743
0.628612
0.976287
0.825153
0.817123
0.892962
1.065708
0.586238
0.452847
0.782677
0.880566
0.949064
0.715791
0.927511
0.807775
0.551117
0.841694
0.754940
0.752274
0.694794
1.075026
1.109326
-0.534031
0.026710
0.014306
-0.090053
-0.039610
-1.445390
0.625076
-1.104612
-0.192344
0.011246
-0.581745
-0.802948
-1.569429
0.204996
-1.151168
0.290748
0.523198
-0.438107
-0.920538
-1.171511
-0.121807
-1.073437
0.486731
0.440423
-0.280494
-1.038540
-1.209632
-0.026296
-0.832552
0.569010
0.297198
-0.278014
-1.290092
-1.425378
0.406601
-0.962628
0.300423
0.376087
-0.643186
-1.271073
-1.623924
0.927319
-0.749529
0.158936
0.197802
-0.519477
-0.085174
-1.159851
1.097784
0.988156
0.999334
0.991452
0.993029
0.988300
0.999334
0.994175
0.993315
0.974256
0.924744
1.087824
0.904466
0.962218
0.999334
0.963508
0.887198
1.375867
1.624715
1.407823
0.862478
0.999334
0.911918
1.673295
1.372929
1.347779
1.749246
0.969670
0.999334
0.927180
1.055868
1.554567
1.517595
1.375293
0.842129
0.997041
0.979486
0.814614
2.065878
1.908099
0.921376
0.930978
1.064967
0.991882
0.925747
0.862478
0.847145
0.893934
1.235428
-0.963726
-0.849872
-0.832735
-0.708083
-0.679600
-0.690086
-0.658316
-1.075153
-0.884380
-1.020222
-0.852063
-0.935790
-1.015371
-0.891814
-1.120225
-0.652604
-0.838761
-0.616061
-0.742826
-0.928670
-0.945024
-1.245973
-0.754720
-0.833440
-0.446650
-0.640788
-0.870687
-0.903238
-1.200666
-0.641884
-0.750651
-0.382642
-0.892675
-0.959187
-0.809339
-1.133919
-0.767866
-0.958639
-0.797836
-1.050270
-0.922644
-0.781873
-1.064824
-0.908090
-0.740948
-0.786020
-0.820215
-0.506590
-0.599707
0.104060
-0.127323
-0.186934
0.065323
0.093156
0.010697
0.057638
0.164398
-0.147263
0.282894
0.103956
-0.145082
0.341571
0.233252
-0.116315
0.245299
0.520404
0.083497
-0.245715
-0.233460
0.289644
-0.041229
0.259943
-0.745453
-0.321319
-0.474086
-0.638588
0.281544
-0.098971
0.475125
-0.015474
0.246026
-0.041022
-0.380100
0.803818
-0.004362
0.002285
0.687711
0.502438
0.766535
0.130439
0.283205
0.266693
-0.521547
-0.441788
-0.066362
0.385189
-0.373349
0.088378
-4.367068
1.193293
-1.961383
-1.590180
-1.321491
-1.239612
-2.287805
1.350029
0.301836
-1.159268
-1.062022
-1.213270
-0.907263
-0.859628
-2.056214
-1.223148
-1.927138
-1.927138
-1.927138
-1.927138
-1.927138
-1.207343
-1.019436
-1.927138
-1.927138
-1.927138
-1.927138
-1.927138
-1.355297
-0.884433
-1.927138
-1.927138
-1.927138
-1.927138
-1.927138
-1.607961
-0.789163
-1.927138
-1.927138
-1.927138
-1.927138
-1.927138
-1.654059
-1.175952
-1.927138
-1.927138
-1.927138
-1.927138
-1.927138
-0.562533
0.017979
-2.131853
-1.761878
-2.018936
-1.459715
-2.876535
-0.844982
-3.969744
-4.286573
-3.601346
-3.942777
-4.214029
-5.038825
-3.120662
-4.847213
-5.001606
-3.247299
-3.330724
-5.107584
-7.244168
-1.821963
-4.027149
-3.923852
-1.842780
-2.111194
-3.826391
-6.667600
-1.562066
-4.012482
-4.969908
-4.324895
-4.320952
-4.817408
-6.386570
-1.338440
-4.181542
-6.176034
-6.719957
-6.804487
-6.191804
-6.928443
-3.341606
-4.912030
-6.984586
-7.167997
-7.554847
-7.364970
-7.432783
0.191572
-0.619074
-0.505916
-0.360348
-0.633905
-0.497264
-1.404589
-0.420635
-1.343616
-1.570344
-2.290354
-2.951725
-2.798741
-2.409280
-0.934241
-1.169621
-1.580231
-3.334045
-3.907252
-3.732983
-3.144670
-1.073629
-1.198872
-1.595063
-2.065960
-2.912861
-2.949253
-3.118166
-0.920371
-1.233754
-1.695175
-3.146044
-3.542921
-2.685720
-2.497581
-0.413632
-0.961158
-1.509233
-3.318390
-3.553907
-2.559791
-2.080379
-1.401431
-1.754912
-2.100979
-2.107021
-2.345422
-2.229517
-3.568464
-0.067571
-0.614933
-0.750672
-0.833624
-0.859868
-0.877825
-0.481844
-0.519213
-1.066426
-1.129592
-1.064410
-1.038464
-1.260216
-0.888763
-0.590928
-1.091027
-1.050037
-0.998220
-1.010876
-1.330774
-1.059967
-0.572822
-1.028273
-1.025958
-1.194027
-1.298967
-1.542036
-1.104617
-0.582939
-1.034955
-1.032678
-0.988141
-1.032267
-1.366165
-0.844413
-0.704044
-1.225199
-1.075647
-0.811598
-0.759071
-1.098494
-0.852625
-0.452128
-0.883163
-0.790916
-0.596640
-0.548220
-0.800174
-0.770682
-0.181040
-0.559507
-0.707890
-0.758982
-1.148145
-0.857979
-0.798125
-0.662146
-1.489174
-1.537535
-1.168286
-0.987814
-1.426931
-1.375043
-1.026730
-1.817118
-2.158034
-1.633119
-0.851607
-1.763978
-2.221870
-0.659529
-1.761247
-1.932843
-1.636988
-0.955839
-1.944677
-2.321551
-0.604227
-1.833390
-2.206850
-2.300044
-1.839876
-2.386411
-2.458099
-0.356391
-1.813363
-2.458099
-2.458099
-2.458099
-2.458099
-2.458099
-0.412945
-1.933184
-2.458099
-2.458099
-2.458099
-2.458099
-2.458099
-0.428819
-0.311090
0.017124
0.081016
-0.102226
-0.256214
0.080497
-0.930091
-0.256863
-0.063697
0.290268
-0.119026
-0.638461
0.060129
-1.276791
-0.510288
-0.140821
0.626720
0.091653
-0.933918
0.045729
-1.374931
-0.771822
-0.135242
0.815281
0.214961
-1.148360
0.123372
-1.340294
-0.625812
-0.004411
0.800946
0.070832
-1.178976
0.076540
-0.951756
-0.392170
0.122205
0.521899
-0.183826
-0.781811
-0.069210
-0.431219
-0.326657
0.139848
0.173447
-0.175847
-0.405078
-0.125902
0.374776
-0.488147
-0.300457
-0.517209
-0.634364
-0.418823
0.106106
-0.437289
-1.082854
-1.272966
-1.971962
-2.011619
-1.943203
-0.852327
-0.239608
-0.956465
-1.566157
-2.340381
-2.116211
-2.147089
-1.154903
-0.206914
-1.024125
-1.529527
-2.022064
-1.973475
-2.189168
-1.285681
-0.274422
-1.075740
-1.849055
-3.053908
-3.238118
-2.856833
-1.372261
-0.364180
-1.073015
-1.772163
-3.573841
-4.010524
-2.921767
-1.121451
0.313322
-0.544757
-0.646625
-1.019433
-1.117970
-0.850359
-0.397177
-2.646398
-1.443965
-1.173691
-1.390727
-1.437596
-2.044283
-1.130741
-4.437555
-2.329255
-1.947932
-2.222452
-1.233952
-1.183326
-2.397844
-2.956356
-2.296104
-2.845470
-3.316939
-0.963841
-0.502824
-2.200895
-3.198051
-2.106667
-2.763490
-4.181325
-1.739878
-1.050721
-2.461697
-3.024945
-1.558444
-1.667696
-3.111008
-1.709829
-1.338958
-1.973408
-3.164900
-2.259849
-1.779889
-1.332753
-1.841945
-1.334222
-1.507165
-3.360542
-3.680625
-3.394020
-2.926797
-3.444319
-2.965011
-2.402090
-0.182299
-0.917629
-1.462974
-0.809088
-0.688280
-0.574926
0.068246
-1.082460
-2.847066
-3.529135
-2.752656
-2.347529
-1.586189
-0.811418
-1.735647
-3.606464
-5.038228
-4.602899
-4.325025
-2.863370
-1.116466
-1.816159
-3.517722
-4.444979
-4.098237
-4.391717
-2.483554
-0.954974
-1.849001
-3.399553
-3.946683
-2.640465
-2.728354
-2.691009
-1.315846
-1.638985
-3.581076
-3.785813
-1.865306
-2.216938
-2.030136
-1.776485
-0.444801
-1.885414
-2.072838
-1.005906
-0.927567
-1.213050
-0.427953
-0.167624
-0.487449
-0.296904
-0.306115
-0.535112
-0.711733
-0.602054
-1.123349
-1.016348
-0.960438
-1.031451
-1.050730
-1.033057
-1.554459
-0.509620
-0.826231
-0.376378
-0.513583
-0.379591
-0.330321
-0.926485
-0.667926
-0.671567
-0.128208
-0.400691
-0.633651
-0.150165
-0.571636
-0.679815
-0.872181
-1.007887
-1.183651
-1.360808
-0.857507
-0.511013
-0.665248
-0.847867
-1.032629
-0.794206
-0.742366
-0.955832
-0.638685
-1.453349
-1.172083
-1.280691
-1.135131
-1.055550
-1.304255
-1.380837
0.080054
-0.824706
-0.880590
-0.761848
-0.788613
-0.699557
-0.804186
-1.161305
-1.015391
-1.168929
-1.080034
-1.115560
-1.227083
-1.344122
-0.952127
-1.117587
-0.800455
-0.420221
-0.960157
-1.240466
-1.337390
-0.759820
-0.521362
0.240810
-0.246325
-0.511629
-0.622261
-0.643754
-0.620882
-0.401160
-0.086623
-0.715373
-1.109720
-0.498328
-0.837521
-0.889917
-0.789505
-1.175174
-1.264069
-1.305190
-1.347691
-1.356775
-1.427177
-1.402520
-1.454591
-1.402520
-1.275018
-1.494010
-1.537808
-3.283677
0.056942
-0.919854
-0.962918
-0.819848
-0.563709
-1.740314
-0.620243
0.108374
-0.528605
-0.492888
-0.329817
-0.288794
-0.439007
-1.050271
-0.377371
-0.600242
-0.600242
-0.530850
-0.953326
-0.524727
-0.842094
-0.406148
-0.600242
-0.600242
-0.541055
-0.614529
-0.547177
-0.726168
-0.465948
-0.600242
-0.600242
-0.600242
-0.600242
-0.600242
-0.658613
-0.314510
-0.600242
-0.600242
-0.600242
-0.600242
-0.600242
-1.100274
-0.473295
-0.600242
-0.600242
-0.600242
-0.600242
-0.600242
-0.962619
-0.444211
-1.566843
-0.373524
-0.236509
-0.362994
-1.593108
-0.986222
-2.872607
-2.861592
-2.395110
-2.470032
-2.541324
-2.964475
-2.602448
-3.157652
-4.594137
-4.605515
-4.655867
-4.655867
-4.655867
-1.534284
-2.915333
-4.605999
-4.644731
-4.616287
-4.595953
-4.623186
-1.507534
-2.909281
-4.655867
-4.655867
-4.589053
-4.510499
-4.500453
-1.370519
-2.875633
-4.655867
-4.655867
-4.630085
-4.491981
-4.515704
-2.146133
-3.199532
-4.655867
-4.655867
-4.655867
-4.621492
-4.556131
-0.147613
-1.235314
-0.961746
-0.729013
-0.801742
-0.716191
-1.252338
-1.170343
-1.595619
-2.035979
-1.920151
-1.958401
-2.108923
-2.231862
-0.955065
-2.144695
-2.538401
-2.108492
-2.541202
-2.739348
-2.818973
-0.954311
-2.051817
-2.702930
-2.252980
-2.303729
-2.544111
-2.808952
-0.939442
-2.132843
-2.851297
-2.752278
-2.664356
-2.565984
-2.833088
-1.183057
-2.200831
-2.725233
-2.529997
-2.350814
-2.576866
-2.777167
-1.748942
-2.526333
-2.645501
-2.026389
-2.041797
-2.395744
-2.841169
0.312562
0.227846
0.410894
0.410645
0.450495
0.298242
0.397641
0.265540
0.148304
0.400183
0.398231
0.440056
0.289528
0.383821
0.429980
0.398889
0.531149
0.473960
0.488711
0.473280
0.531149
0.414639
0.378193
0.531149
0.482584
0.499831
0.493250
0.531149
0.408375
0.370613
0.531149
0.482357
0.496881
0.474097
0.522661
0.255396
0.147079
0.398027
0.363895
0.402361
0.241735
0.374811
0.340158
0.280269
0.429276
0.402180
0.440759
0.300080
0.414026
0.006974
-0.092035
-1.888968
-1.967328
-2.066884
-1.138468
-0.978057
0.402737
-1.222024
-1.809652
-2.132525
-2.258338
-1.458470
-0.856620
-1.898404
-1.919464
-2.489040
-2.489040
-2.489040
-2.489040
-2.489040
-1.260315
-1.821413
-2.489040
-2.489040
-2.489040
-2.489040
-2.489040
-1.578950
-1.946268
-2.489040
-2.489040
-2.489040
-2.489040
-2.489040
-1.676865
-2.011362
-2.489040
-2.489040
-2.489040
-2.489040
-2.489040
-1.661959
-2.038303
-2.489040
-2.489040
-2.489040
-2.489040
-2.489040
-0.454478
-0.865810
-3.168556
-2.421268
-2.790478
-1.513846
-1.872142
-0.425998
-2.705721
-4.101557
-3.719216
-4.134471
-3.639235
-3.543223
-1.975487
-3.027352
-4.451667
-3.741044
-3.969563
-4.861636
-6.044302
-0.364776
-1.732814
-3.119612
-1.855771
-1.904544
-2.967835
-5.246876
-0.616998
-2.234702
-4.111619
-3.314193
-2.953510
-3.574943
-5.384328
-0.494554
-2.817252
-5.676968
-5.580274
-5.491936
-5.475906
-6.264804
-2.124365
-3.724673
-6.226775
-6.147305
-6.337965
-6.512423
-6.659083
0.052971
0.630713
-1.023963
-0.281491
-0.356289
-0.029206
-0.480180
0.550850
-1.242852
-1.638416
-1.515400
-1.567996
-1.255297
-1.626283
-0.820146
-1.689824
-2.772449
-2.520476
-2.489957
-2.993402
-3.161759
-0.220953
-1.525532
-2.698464
-2.188953
-2.196583
-2.513972
-3.111477
-0.191247
-1.551360
-2.800717
-2.541740
-2.581015
-2.970762
-3.128738
0.180427
-1.454236
-2.988148
-3.070889
-3.005409
-3.063071
-3.129863
-0.849102
-1.393573
-2.982895
-2.891337
-2.988711
-2.953063
-3.085960
0.422389
-1.938173
-2.533931
-2.033766
-2.059292
-1.862257
-1.932190
-1.894166
-3.776234
-3.834600
-3.748713
-3.761742
-3.843109
-3.480150
-2.781620
-3.647669
-4.084549
-4.084549
-4.084549
-4.084549
-4.084549
-2.875218
-3.738077
-4.084549
-4.084549
-4.084549
-4.084549
-4.084549
-2.935446
-3.727042
-4.084549
-4.084549
-4.084549
-4.084549
-4.084549
-2.238113
-3.437871
-4.084549
-4.084549
-4.084549
-4.084549
-4.084549
-1.954260
-3.432420
-4.084549
-4.084549
-4.084549
-4.084549
-4.084549
-0.180815
-1.237372
-1.180699
-1.106933
-1.141942
-0.960077
-1.032193
-0.078488
-0.824465
-1.267508
-1.129573
-1.141042
-0.994561
-1.150938
-1.155585
-1.896839
-2.371368
-2.361472
-2.378564
-2.363047
-2.371368
-1.122376
-1.854709
-2.371368
-2.360798
-2.321216
-2.361247
-2.371368
-1.372009
-1.739188
-2.460126
-2.254797
-2.275937
-2.309971
-2.386585
-0.990887
-1.711301
-1.657176
-2.236955
-2.212742
-1.984174
-1.815577
-0.831962
-1.719247
-1.783792
-1.599528
-1.712276
-1.562046
-1.859657
0.839884
0.653970
0.472818
0.439009
0.488285
0.419869
0.767650
0.649258
0.177455
-0.378448
-0.522795
-0.386278
-0.402010
0.372237
0.610882
0.021218
-0.795563
-1.177998
-1.264659
-0.974081
0.111988
0.524100
-0.234875
-1.073864
-1.436217
-1.735665
-1.098732
-0.258075
0.449860
-0.318443
-0.909169
-1.334694
-1.870152
-1.081356
-0.501335
0.276344
-0.479174
-1.030872
-1.398856
-1.676094
-1.105208
-0.363223
0.546019
0.147029
-0.233787
-0.360299
-0.347587
-0.236808
0.333933
-1.957625
-2.066584
-2.528562
-1.511408
-1.527420
-1.287987
-2.431613
-2.137763
-2.880957
-3.943021
-3.404483
-3.418619
-3.261749
-3.944522
-2.537819
-3.815673
-6.061894
-5.874751
-5.818082
-5.944429
-6.111932
-1.335773
-3.176308
-6.033873
-5.730640
-5.618179
-5.854985
-6.111932
-1.482636
-3.267253
-6.065897
-5.883257
-5.812453
-5.973701
-6.111932
-1.690420
-3.303156
-5.962818
-6.008853
-6.111932
-6.111932
-6.111932
-3.004427
-4.130414
-5.856737
-5.953811
-6.111932
-6.111932
-6.111932
-0.208107
-0.208107
-0.208107
-0.208107
-0.208107
-0.208107
-0.208107
-0.208107
-0.208107
-0.208107
-0.208107
-0.208107
-0.208107
-0.208107
-0.208107
-0.298336
-0.315072
-0.315072
-0.208107
-0.208107
-0.208107
-0.208107
-0.288876
-0.308159
-0.493709
-0.478792
-0.529000
-0.529000
-0.208107
-0.095686
-0.276142
-0.726739
-0.510627
-0.294334
-0.850984
-0.208107
-0.162266
-0.018737
-0.207562
-0.261589
0.076039
-0.791681
-0.208107
-0.208107
-0.139345
-0.108238
-0.334718
-0.097141
-0.433678
-0.139125
-0.832044
-0.978201
-0.955590
-0.856493
-1.011630
-0.721696
-0.814518
-1.569211
-1.427381
-1.893762
-2.199600
-1.732244
-0.836047
-1.017363
-1.357170
-1.359766
-1.934656
-2.265591
-2.016551
-0.731108
-1.013252
-1.512954
-1.769351
-1.737004
-2.036241
-2.182073
-1.195435
-1.025044
-1.599394
-2.169308
-1.891491
-1.956402
-2.321848
-1.028073
-1.080759
-1.920593
-1.754422
-2.239519
-2.645209
-2.109698
-1.175637
-0.519284
-0.955158
-0.777195
-0.875967
-1.118083
-0.864067
-0.840699
-0.053569
0.295570
0.082081
-0.109179
-0.058595
0.075012
-0.185291
-0.551159
-0.581321
-0.908466
-0.918049
-0.940827
-0.890401
-0.917107
-0.592710
-0.578886
-0.902732
-0.927160
-0.935800
-0.963842
-0.970675
-0.633005
-0.614389
-0.829684
-0.810833
-0.357150
-0.827092
-0.888594
-0.731816
-0.729459
-0.467193
-0.094177
-0.277347
-0.553987
-0.710687
-0.347253
-0.619887
-0.476855
-0.381264
-0.627506
-0.469942
-0.728046
-0.840053
-0.612583
-0.885452
-0.892836
-0.889223
-0.821830
-0.873121
-0.924361
-0.924361
-0.924361
-0.924361
-0.924361
-0.924361
-0.924361
-0.924361
-0.924361
-0.924361
-0.924361
-0.924361
-0.924361
-0.924361
-0.924361
-0.924361
-0.924361
-0.924361
-0.924361
-0.924361
-0.924361
-0.924361
-0.924361
-0.924361
-0.924361
-0.924361
-0.924361
-0.924361
-0.924361
-0.924361
-0.924361
-0.924361
-0.924361
-0.924361
-0.924361
-0.924361
-0.924361
-0.924361
-0.924361
-0.924361
-0.924361
-0.924361
-0.924361
-0.924361
-0.924361
-0.924361
-0.924361
-0.924361
-0.924361
-1.245763
-0.503052
-0.433946
-0.366935
-0.455818
-0.518874
-0.184515
-0.769469
-0.620322
-0.390668
-0.696874
-1.711586
-0.742944
-0.060031
-0.780405
-0.432783
-0.253621
-0.309696
-1.094754
-0.446977
-0.198243
-0.860912
-0.625208
-0.815773
0.206386
0.006282
-0.094934
-0.312721
-0.791574
-0.466289
-0.429991
-0.436506
-0.469779
-0.113548
-0.267348
-0.701760
-0.497700
-0.758301
-0.872546
-0.828803
-0.430223
-0.320864
-0.587282
-0.233377
-0.315047
-0.450699
-0.341341
-0.452096
0.117037
-0.250585
0.034848
0.056028
0.056028
0.056028
0.060830
-0.318557
1.565447
0.317079
0.056028
0.056028
0.056028
0.191971
0.925625
0.306859
0.182982
0.181628
0.079670
0.153922
0.097771
0.418421
1.193449
0.256249
-0.003817
0.052210
0.008004
0.058121
-0.104667
0.880187
0.313508
0.200098
0.099865
0.165004
0.143701
0.470139
0.479374
0.171284
0.056028
0.056028
0.056028
0.056028
0.056028
0.579116
0.162418
0.056028
0.056028
0.056028
0.056028
0.056028
1.248196
1.248196
1.248196
1.248196
1.248196
1.248196
1.248196
1.248196
1.248196
1.248196
1.248196
1.248196
1.248196
1.248196
1.248196
1.248196
1.248196
1.248196
1.248196
1.248196
1.248196
1.248196
1.248196
1.248196
1.248196
1.248196
1.248196
1.248196
1.248196
1.248196
1.248196
1.248196
1.248196
1.248196
1.248196
1.248196
1.248196
1.248196
1.248196
1.248196
1.248196
1.248196
1.248196
1.248196
1.248196
1.248196
1.248196
1.248196
1.248196
0.804848
0.956219
1.129201
1.110023
1.104503
1.102819
1.152777
0.802603
0.881189
0.857052
0.638602
0.627095
0.873143
1.176540
0.798861
0.814578
0.816823
0.801106
0.756200
0.705494
0.809245
0.855742
0.855742
0.828424
0.711855
0.862665
0.701377
0.855742
0.795399
0.795586
0.639912
0.743102
1.075314
0.626534
0.836563
0.815233
0.716439
0.682198
0.810742
1.100761
0.456545
0.955003
1.174107
1.234637
1.153619
1.055668
1.062871
0.963797
1.495373
-3.551322
-12.636340
-8.318736
-9.170386
-9.669384
-10.142975
-5.193239
-12.246490
-20.781698
-14.993115
-15.879319
-16.142132
-16.310635
-10.939340
-7.822177
-14.980310
-9.381571
-9.636864
-10.005167
-9.608407
-6.831701
-8.456341
-14.795548
-8.403901
-8.405324
-7.986002
-8.260198
-5.736141
-8.522400
-14.985188
-9.573243
-9.763086
-8.009581
-9.299455
-5.458084
-8.836637
-16.351286
-10.829987
-10.771245
-10.436683
-10.595631
-5.925171
-5.208889
-11.904205
-7.982750
-8.040882
-8.505123
-7.684774
-4.735909
-0.008574
0.008276
0.130100
-0.023102
-0.278539
-0.352729
-0.519805
-0.156894
-0.069962
0.286399
0.217211
-0.508909
-0.838059
-0.621801
-0.193215
-0.035309
0.286816
0.290924
-0.617336
-0.934697
-0.388097
-0.193215
-0.069962
-0.065258
0.085443
-0.343381
-0.692002
-0.381845
-0.190000
0.211256
-0.044776
-0.257283
-0.120692
-0.790842
-0.663064
-0.083538
0.411676
0.405781
-0.038048
-0.210840
-1.059319
-1.082719
0.206553
0.369580
0.555173
0.289197
-0.420191
-0.814659
-0.920883
-3.145186
-0.351827
-0.972000
-0.697409
-1.081668
-1.200225
0.589542
-2.224477
1.366710
0.275312
-0.276273
-0.118677
0.392187
1.341605
-2.012708
1.170916
-0.895725
-1.152658
-0.780531
0.202280
1.280344
-1.836374
0.919028
-1.151577
-0.602635
-0.534648
0.115554
1.805503
-1.875893
0.811401
-0.986054
-0.475790
-0.783294
0.358554
1.874571
-2.653300
1.010077
-0.692844
-1.167673
-0.322639
0.586659
0.731402
-1.875292
1.414637
-0.016576
-0.099218
0.430745
-0.408524
0.543777
-2.449100
-2.381495
-2.496437
-1.786775
-1.667648
-1.852288
-3.322873
-2.944962
-3.330981
-4.126163
-3.711507
-3.641548
-3.761198
-4.688323
-3.851164
-4.886040
-6.449337
-6.515635
-6.682230
-6.682230
-6.682230
-3.036236
-4.358272
-6.141254
-6.384347
-6.668892
-6.664315
-6.669415
-2.956077
-4.363240
-6.220367
-6.452737
-6.665492
-6.648885
-6.665231
-2.802428
-4.223453
-6.057303
-5.861286
-5.991267
-6.236844
-6.569903
-3.723930
-4.889963
-5.864032
-5.558173
-5.576741
-6.041481
-6.546234
-0.291848
-0.322656
-0.453517
-0.272375
-0.161286
-0.255884
-0.463915
-0.323850
-0.346988
-0.478019
-0.354061
-0.357811
-0.354914
-0.480618
-0.334460
-0.360197
-0.485732
-0.453517
-0.474099
-0.458886
-0.485732
-0.400210
-0.403917
-0.485732
-0.466684
-0.453134
-0.464511
-0.485732
-0.464767
-0.457864
-0.415891
-0.229592
-0.185489
-0.334971
-0.485732
-0.484070
-0.481897
-0.427141
-0.321336
-0.322870
-0.378265
-0.485732
-0.485732
-0.485732
-0.468858
-0.450492
-0.461145
-0.461443
-0.485732
-0.565563
-1.571347
-2.534292
-2.550055
-2.749127
-1.675841
-1.446006
-2.105639
-1.969364
-3.237909
-2.905741
-3.030574
-2.601412
-2.836205
-3.324097
-3.801311
-4.368400
-3.748428
-3.772200
-4.233015
-4.629634
-3.003751
-3.515415
-4.454206
-4.003307
-3.641392
-4.070808
-4.460308
-2.959259
-3.431261
-4.629634
-4.477597
-4.063181
-3.909618
-4.277635
-2.010806
-2.440985
-4.068012
-4.178734
-3.992756
-3.901864
-4.193353
-1.750207
-2.404374
-3.691224
-3.939619
-4.053011
-4.138945
-4.370815
1.233934
1.131988
1.320018
1.460938
1.445734
1.333863
1.346892
1.016310
0.951277
1.259222
1.520239
1.546819
1.381811
1.383057
1.058026
1.047195
1.391033
1.545731
1.563655
1.564380
1.537438
1.144088
1.140100
1.408776
1.513532
1.444737
1.553707
1.604284
1.064258
1.049756
1.415574
1.550354
1.556789
1.568391
1.642284
0.944751
0.904462
1.235203
1.637888
1.677905
1.576752
1.420831
1.159587
0.933443
1.318137
1.545844
1.675866
1.390603
1.414463
-0.794419
-1.349635
-0.889077
-0.962862
-1.133080
-0.892416
-1.484265
-1.333146
-1.429891
-1.637054
-1.798400
-1.882622
-1.948580
-2.118485
-1.007530
-1.771057
-2.234120
-2.484176
-2.620162
-2.668066
-2.715238
-0.847436
-1.776797
-2.462573
-2.254262
-2.346520
-2.671405
-2.737781
-0.972881
-1.866237
-2.556292
-2.567876
-2.594176
-2.667648
-2.737781
-1.404426
-1.929795
-2.558483
-2.693844
-2.656481
-2.626738
-2.668379
-2.041986
-2.344746
-2.440239
-2.676310
-2.648550
-2.232137
-2.632686
-1.378526
-1.252692
-1.072757
-0.963530
-0.957367
-1.197051
-1.042112
-1.164008
-0.883065
-0.875703
-0.726928
-0.776234
-0.608113
-0.578152
-1.081318
-0.860808
-0.718710
-0.155282
-0.111967
-0.108201
-0.164184
-1.041941
-0.797634
-0.764763
-0.267591
-0.169662
-0.305598
-0.123095
-0.977226
-0.929631
-1.021225
-0.187810
0.070535
-0.583288
-0.499057
-1.101862
-1.155449
-1.079434
0.174455
0.357129
-0.716313
-0.830676
-0.603833
-0.546822
-0.467726
-0.052217
-0.035439
-0.362266
0.145522
0.335596
0.335596
0.335596
0.335596
0.335596
0.332316
0.520906
0.335596
0.335596
0.335596
0.335596
0.335596
0.328217
0.325757
0.335596
0.335596
0.335596
0.333019
0.298230
0.334308
0.335596
0.335596
0.335596
0.335596
0.330442
0.626798
0.317557
0.335596
0.322008
0.335128
0.335596
0.324000
0.320134
0.330442
0.335596
0.436919
0.311935
0.335011
0.335596
0.335596
0.329037
0.240481
0.354104
0.464446
0.327397
0.335596
0.335596
0.322477
1.076837
-2.079488
-2.368242
-2.531776
-2.673376
-2.711692
-2.655422
-2.522891
-2.626824
-2.603779
-2.677819
-2.693922
-2.711692
-2.687999
-2.690220
-2.711692
-2.414053
-2.606926
-2.284207
-2.595080
-2.570924
-2.642650
-2.711692
-2.287261
-1.527432
-2.099201
-2.214610
-2.353064
-2.600633
-2.703362
-2.438209
-2.122801
-1.866532
-2.359820
-2.076619
-2.676708
-2.580364
-2.585732
-2.534275
-1.505313
-0.568067
-2.043857
-2.711692
-2.509472
-2.645797
-2.648388
-2.247650
-1.951585
-2.335202
-2.711692
0.166595
-0.424311
-0.544142
-0.264377
-0.436216
-0.760681
-0.269750
-0.267558
-1.434369
-1.242243
-0.947736
-1.187485
-1.706182
-1.010317
-0.499871
-1.545347
-1.547152
-1.194104
-1.305168
-1.890271
-1.263390
-0.425643
-1.835212
-2.136167
-1.638100
-1.522008
-1.856531
-1.286471
-0.423107
-1.868694
-2.318063
-1.729822
-1.334438
-1.551536
-1.062066
-0.197542
-1.442450
-1.904197
-1.631051
-1.237687
-1.527638
-1.076766
0.311442
-0.382103
-0.867361
-0.758747
-0.692986
-1.082783
-0.512078
1.822610
1.822610
1.822610
1.822610
1.822610
1.822610
1.822610
1.807434
1.808708
1.811025
1.822610
1.822610
1.822610
1.822610
1.815891
1.829619
1.812068
1.822610
1.822610
1.822610
1.822610
1.802858
1.799614
1.811141
1.822610
1.822610
1.822610
1.822610
1.783684
1.794227
1.782063
1.822610
1.822610
1.822610
1.822610
1.777602
1.865590
1.785712
1.822610
1.822610
1.822610
1.822610
1.783684
1.762194
1.782468
1.822610
1.822610
1.822610
1.822610
0.198382
0.198382
0.198382
0.198382
0.198382
0.198382
0.198382
0.198382
-0.084641
0.185709
-0.062112
0.198382
0.198382
0.198382
0.198382
-1.299338
-0.918689
-3.126704
-0.775848
-1.578449
-0.033168
0.198382
-0.593581
-1.748826
-1.551696
-2.290621
-0.225761
0.184614
0.198382
-1.293393
-1.034621
-3.207590
-0.777256
-1.715345
-0.051942
0.198382
-0.206361
-0.029882
-0.469827
-0.015489
-0.033168
0.198382
0.198382
0.198382
0.183049
-0.098409
-0.132828
0.184614
0.198382
-0.941100
-0.622805
-0.565027
-0.810292
-0.973362
-0.698988
-0.642822
-0.659173
-0.902825
-0.889114
-0.764612
-0.853846
-0.946966
-0.952099
-0.557841
-0.768718
-0.143126
0.485838
0.287939
-0.237126
-1.138852
-0.434512
-0.493977
0.688209
1.183359
1.247004
0.980768
-0.827889
-0.313309
-0.501602
-0.146133
0.563340
0.686230
0.397411
-0.808752
-0.288966
-0.479385
-0.980694
-1.002765
-0.908545
-1.062450
-1.073155
-0.814545
-0.600955
-0.993819
-1.406921
-1.469392
-1.336751
-1.289018
3.609776
3.609776
3.609776
3.609776
3.609776
3.609776
3.609776
3.609776
3.609776
3.609776
3.609776
3.609776
3.609776
3.609776
3.609776
3.609776
3.609776
3.609776
3.609776
3.609776
3.609776
3.609776
3.609776
3.609776
3.609776
3.609776
3.609776
3.609776
3.609776
3.609776
3.609776
3.609776
3.609776
3.609776
3.609776
3.609776
3.609776
3.609776
3.609776
3.609776
3.609776
3.609776
3.609776
3.609776
3.609776
3.609776
3.609776
3.609776
3.609776
-0.300686
-1.372433
-1.194415
-0.615450
-0.738885
-1.071842
-1.677812
-1.791671
-1.774817
-2.102604
-1.834188
-1.852095
-2.000140
-2.253043
-2.049744
-2.388448
-2.644893
-2.644893
-2.644893
-2.644893
-2.644893
-2.120128
-2.337407
-2.644893
-2.644893
-2.644893
-2.644893
-2.644893
-2.043328
-2.337312
-2.644893
-2.644893
-2.644893
-2.644893
-2.644893
-1.976392
-2.294028
-2.644893
-2.644893
-2.644893
-2.644893
-2.644893
-2.109307
-2.389309
-2.644893
-2.644893
-2.644893
-2.644893
-2.644893
2.149741
2.149741
2.149741
2.149741
2.149741
2.149741
2.149741
2.149741
2.149741
2.149741
2.149741
2.149741
2.149741
2.149741
2.149741
2.149741
2.149741
2.149741
2.149741
2.149741
2.149741
2.149741
2.149741
2.149741
2.149741
2.226878
2.357866
2.238521
2.149741
2.208728
2.354270
2.340058
2.346308
2.638933
2.321309
2.149741
2.107448
2.102054
2.137327
1.906771
1.858657
1.913192
2.149741
2.079624
1.954886
1.973635
1.844787
1.727840
1.927490
-2.639637
0.358955
-1.500084
-1.150264
-0.934323
-0.700270
-1.790682
1.508431
-0.204285
-0.801389
-0.799341
-0.923613
-0.415500
0.095606
-1.341003
-0.862186
-1.474883
-1.474883
-1.474883
-1.474883
-1.474883
-0.528431
-0.732244
-1.474883
-1.474883
-1.474883
-1.474883
-1.474883
-0.879984
-0.846278
-1.367779
-1.443382
-1.474883
-1.398335
-1.233899
-1.186805
-1.003783
-1.528435
-1.408731
-1.474883
-1.313282
-1.595375
-1.141128
-1.312809
-1.372189
-1.433931
-1.474883
-1.409675
-1.243822
-0.424297
-1.071604
-0.895750
-0.955193
-1.086845
-1.133143
-1.203827
-1.615074
-1.213449
-1.500188
-1.412547
-1.408546
-1.419596
-1.438648
-1.309759
-1.396447
-1.419977
-1.419977
-1.419977
-1.419977
-1.419977
-1.426550
-1.397591
-1.391017
-1.416738
-1.419977
-1.419977
-1.419977
-1.410641
-1.405116
-1.381682
-1.404926
-1.363963
-1.328240
-1.410260
-1.400829
-1.410832
-1.430265
-1.361010
-1.070460
-1.262795
-1.393685
-1.425121
-1.417215
-1.419977
-1.318523
-1.076462
-1.363677
-1.403401
-0.362704
-1.028206
-0.832284
-1.053864
-1.107792
-0.911979
0.071432
-1.676854
-2.249397
-1.984762
-2.720498
-3.036886
-2.660265
-1.385038
-1.475171
-2.169050
-2.246026
-2.957518
-3.328158
-3.208344
-1.998352
-1.423201
-2.402915
-2.635911
-2.816611
-2.995788
-3.346315
-2.246026
-1.386017
-2.174051
-2.256029
-2.581006
-3.018947
-3.044279
-1.865165
-1.527141
-2.139476
-2.031404
-2.912723
-3.824702
-3.216716
-1.535622
-0.701489
-1.383081
-1.003308
-1.504527
-2.227217
-1.756766
-0.481866
-0.129764
-0.129764
-0.129764
-0.129764
-0.129764
-0.110022
-0.219838
-0.191458
-0.326158
-0.208938
-0.022210
-0.072182
0.018303
-0.070640
-0.310734
-0.524814
-0.660336
-0.386310
-0.058198
-0.064368
-0.150432
-0.162462
-0.118967
-0.324821
-0.788249
-0.737557
-0.121024
-0.046168
0.368727
0.459521
0.470831
0.206779
-0.484198
-0.523066
-0.233411
0.652624
0.982792
0.156395
-0.120201
0.312894
-0.138710
-0.580030
0.310323
0.977240
0.414278
-0.114546
0.266314
0.206882
-0.598436
-0.010534
-0.039643
-0.066017
-0.092191
-0.030355
0.166933
0.184945
-0.010534
-0.036426
-0.033250
0.021952
0.128497
0.397512
0.214416
-0.010534
-0.026214
-0.069475
-0.174251
0.107228
0.568546
0.282685
-0.010534
-0.010534
-0.010534
-0.273357
-0.044548
0.430320
0.162672
-0.010534
-0.048166
-0.169265
-0.335113
0.538593
0.451629
0.145222
-0.010534
-0.047684
-0.058459
0.066339
0.421635
0.532160
0.014635
-0.010534
-0.047040
-0.129703
-0.046116
0.297199
0.356864
0.068470
-0.598691
-0.598691
-0.598691
-0.540137
-0.790427
-0.487846
-0.579904
-0.598691
-0.598691
-0.540137
-0.659646
-0.568110
-0.400067
-0.585749
-0.598691
-0.598691
-0.531265
-0.205826
0.011168
-0.435658
-0.598691
-0.598691
-0.598691
-0.541912
-0.323143
-0.274818
-0.524272
-0.598691
-0.598691
-0.598691
-0.598691
-0.598691
-0.598691
-0.598691
-0.598691
-0.598691
-0.598691
-0.598691
-0.598691
-0.598691
-0.598691
-0.598691
-0.598691
-0.598691
-0.598691
-0.598691
-0.598691
-0.598691
-0.598691
-0.297616
-2.033899
-2.025271
-2.338575
-2.456120
-1.817074
-0.897668
-1.797464
-1.400455
-2.224279
-2.507553
-2.433821
-2.228313
-1.882401
-1.367736
-1.997705
-2.577138
-2.351573
-1.647984
-2.368829
-2.750599
-1.693254
-2.384853
-2.715189
-2.096985
-1.165477
-2.460938
-2.817159
-1.599128
-2.206575
-2.545763
-2.446819
-2.591930
-2.461386
-2.543186
-1.634089
-1.624676
-1.992439
-2.352021
-2.540160
-2.521559
-1.861671
-2.125223
-2.244001
-1.892150
-1.631960
-2.359529
-2.109200
-2.637872
1.948155
-0.934077
-0.486512
-0.750799
-0.794053
-0.596112
0.527749
-1.179303
-2.007170
-1.113323
-1.228238
-1.213759
-1.526249
-1.217058
-0.879735
-1.078225
-1.011787
-1.011787
-1.011787
-1.011787
-1.011787
-0.876436
-1.064021
-1.011787
-1.011787
-1.011787
-1.011787
-1.011787
-0.968350
-1.094262
-1.011787
-1.011787
-1.011787
-1.011787
-1.011787
-0.865806
-1.543293
-1.011787
-1.011787
-1.011787
-1.011787
-1.011787
0.026484
-1.005830
-1.011787
-1.011787
-1.011787
-1.011787
-1.011787
1.965911
1.983341
1.958572
1.958572
1.958572
1.958572
1.958572
1.821885
1.919125
1.958572
1.958572
1.958572
1.958572
1.958572
1.958572
1.995350
2.074910
2.071157
2.056980
2.100013
2.017283
1.958572
1.976585
1.982590
1.984842
2.027207
2.004607
2.009277
1.958572
1.933052
1.821217
1.814462
1.888935
1.762423
1.910202
1.958572
1.958572
1.958572
1.958572
1.947230
1.908867
1.944227
1.958572
1.958572
1.958572
1.958572
1.958572
1.958572
1.958572
-0.314635
-0.314635
-0.314635
-0.314635
-0.314635
-0.314635
-0.314635
-0.314635
-0.252923
-0.208822
-0.243667
-0.301201
-0.314635
-0.314635
-0.314635
-0.167731
-0.122163
-0.153639
-0.285849
-0.314635
-0.314635
-0.314635
-0.186188
-0.167675
-0.164326
-0.286714
-0.297175
-0.305679
-0.314635
-0.273695
-0.266978
-0.218041
-0.221541
-0.258587
-0.295444
-0.314635
-0.314635
-0.314635
-0.218926
-0.206734
-0.182896
-0.264965
-0.314635
-0.314635
-0.314635
-0.250082
-0.244494
-0.204006
-0.274165
-0.487139
-0.304711
-1.072221
-0.955497
-1.003883
-0.653068
-1.069120
0.037504
-0.754229
-1.596103
-1.628809
-1.668653
-1.380091
-1.686264
-0.939817
-1.717332
-2.666568
-2.407845
-2.544637
-2.828168
-3.077764
-0.355788
-1.430934
-2.276260
-1.710896
-1.701476
-2.254554
-2.850576
-0.340576
-1.150914
-1.997001
-1.700364
-1.822120
-2.040238
-2.542414
-0.667871
-1.165015
-2.121389
-2.380580
-2.693072
-2.482619
-2.646383
-1.629628
-1.833236
-2.408723
-2.835072
-3.178515
-2.945477
-2.838056
2.041533
2.090461
2.236076
2.367748
2.602786
2.357394
2.058232
2.317567
2.308633
2.537409
1.904936
1.980832
2.165606
2.754997
2.317400
2.640609
2.274400
1.984506
2.068419
1.980665
2.192993
2.249435
2.217457
1.858763
2.187816
2.290348
2.085953
2.109331
2.314228
2.663153
1.873959
1.997949
2.091547
1.994943
2.114007
2.220713
2.758337
2.396136
1.924473
1.898256
2.017487
2.613640
1.967223
2.257200
2.571058
2.551436
2.372006
2.842667
2.038694
-0.215121
0.113838
-0.034005
0.017185
0.113350
-0.049240
-0.241570
-0.561387
-0.896684
-0.720565
-0.827090
-0.929836
-0.782237
-0.306655
-0.393922
-0.550296
-0.632079
-0.763224
-0.737628
-1.001137
-0.946412
-0.359186
-0.292272
-0.221459
-0.238523
-0.117982
-0.594296
-0.205371
-0.388072
-0.475826
-0.778093
-1.073535
-0.977370
-0.907166
-0.961525
-0.670715
-1.186763
-1.434914
-1.340821
-1.323636
-1.879904
-1.610058
-0.197448
-0.039733
-0.296538
-0.861217
-0.667181
0.131754
0.490452
1.507059
1.507059
1.507059
1.507059
1.507059
1.507059
1.507059
1.507059
1.507059
1.507059
1.507059
1.507059
1.507059
1.507059
1.507059
1.507059
1.507059
1.507059
1.507059
1.507059
1.507059
1.507059
1.507059
1.507059
1.507059
1.507059
1.507059
1.507059
1.507059
1.474537
1.674758
1.727560
1.594169
1.969683
1.450772
1.507059
1.484991
1.439872
1.402883
1.376705
1.387516
1.429329
1.507059
1.469891
1.372506
1.327834
1.299423
1.278695
1.432009
-1.009798
-1.410758
-1.595037
-1.384588
-1.194233
-1.098589
-1.306779
-1.870599
-1.801124
-1.997087
-1.639432
-1.689747
-1.813586
-2.171163
-1.728768
-2.271948
-2.253489
-1.350162
-1.348526
-2.279191
-2.568150
-1.752290
-2.151613
-2.169839
-1.325706
-0.840395
-1.723939
-2.495482
-1.505467
-1.910243
-2.275920
-2.018116
-1.959545
-1.692551
-2.352483
-1.130989
-1.375709
-2.152938
-2.502570
-2.363153
-2.431927
-2.332778
-1.309972
-1.593012
-1.974188
-2.421179
-2.570643
-2.518303
-2.411754
-0.573564
-2.362793
-2.602862
-2.296426
-2.160628
-2.466044
-3.117207
-2.369174
-3.397735
-3.734036
-3.755351
-3.781897
-3.874811
-4.108882
-2.744020
-3.976149
-4.239702
-4.447482
-4.499682
-4.499682
-4.499682
-2.816641
-3.913483
-4.386730
-4.481814
-4.499682
-4.499682
-4.499682
-2.531135
-3.435640
-4.278374
-4.381625
-4.395026
-4.327255
-4.363119
-2.526668
-3.544253
-3.888340
-4.347421
-4.125347
-4.007162
-3.965172
-3.680305
-4.171293
-4.345506
-4.427827
-4.367841
-4.217877
-4.337594
-5.734724
-4.628177
-4.819291
-5.104280
-5.182487
-4.870048
-4.271975
-2.653459
-3.507258
-4.755198
-5.609775
-5.703390
-5.162288
-3.085149
-1.535388
-3.182519
-4.788993
-6.136375
-6.496074
-5.575333
-4.013530
-1.309185
-2.763388
-3.162449
-4.476037
-5.480681
-3.545973
-3.246612
-1.185530
-2.118053
-2.107955
-3.260726
-4.677639
-2.437613
-2.662263
-1.852877
-2.624196
-4.130322
-5.098064
-5.459835
-4.619631
-3.563194
-3.849995
-3.957464
-5.534028
-6.133267
-6.021266
-5.906157
-5.041740
-0.952245
-1.122398
-1.338849
-1.610875
-1.740652
-1.498167
-1.136038
-0.748655
-1.219594
-1.334406
-0.996284
-0.957312
-1.329886
-1.348280
-0.651303
-0.601574
-0.343501
0.190652
0.627997
0.098989
-0.431578
-0.542258
-0.345839
-0.099613
-0.171399
-0.101873
-0.068201
-0.274442
-0.608823
-0.471719
-0.424095
-0.671958
-0.823871
-0.877731
-0.624256
-0.478422
-0.384655
0.030476
-0.881394
-1.171815
-0.468055
0.084336
-0.482008
-0.483644
0.171166
-0.287303
-0.509678
0.328146
-0.230403
0.153359
0.153359
0.153359
0.152271
-0.113116
0.156622
0.153359
0.153359
0.153359
0.153359
-0.049636
-0.922228
-0.066445
0.153359
0.153359
0.153359
0.152765
-0.727637
-2.082156
-0.917976
-0.231274
0.153359
0.150689
-0.609281
-1.094670
-2.265673
-1.781471
-0.210213
0.153359
-0.335194
-0.116379
-2.222167
-2.677892
-1.334249
-0.387796
0.153359
0.140010
-1.462888
-1.673991
-3.209357
-1.088243
-0.481235
0.153359
0.153359
-0.342807
-2.063963
-1.700392
-1.366977
0.141493
0.714905
0.647829
0.632354
0.623751
0.618540
0.669134
0.732836
0.679309
0.561498
0.550404
0.503220
0.497302
0.616826
0.729444
0.686782
0.620996
0.591847
0.544999
0.546023
0.656291
0.732553
0.704359
0.652422
0.662562
0.693654
0.703334
0.734108
0.757426
0.666537
0.518271
0.559679
0.665283
0.701462
0.710789
0.716566
0.660708
0.520885
0.530248
0.640551
0.678461
0.695526
0.698123
0.713545
0.658605
0.648571
0.680193
0.712097
0.711249
0.726900
0.682637
0.682637
0.682637
0.682637
0.682637
0.682637
0.682637
0.682637
0.682637
0.682637
0.682637
0.682637
0.682637
0.682637
0.682637
0.682637
0.682637
0.682637
0.682637
0.682637
0.682637
0.682637
0.682637
0.682637
0.682637
0.682637
0.682637
0.682637
0.682637
0.682637
0.682637
0.682637
0.682637
0.682637
0.682637
0.682637
0.682637
0.682637
0.682637
0.682637
0.682637
0.682637
0.682637
0.682637
0.682637
0.682637
0.682637
0.682637
0.682637
-0.424029
0.018456
0.003061
0.289708
0.204362
0.155658
-0.290969
-0.312125
-0.133781
-0.774686
-0.639015
-0.639015
-0.483988
-0.827623
0.201842
-0.130000
-0.329681
-0.640815
-0.721030
-0.692941
-0.547097
-0.223448
0.432042
-0.089757
-0.417727
-0.634424
-0.078864
-0.556010
-0.422499
0.496411
-0.788821
-0.285207
-0.394590
-0.492810
-0.549438
-0.579777
0.114515
-0.898924
-0.356779
0.056087
-0.905316
-0.434383
-0.884790
-0.227679
-0.675476
-0.295650
-0.525400
-0.391890
-0.707256
-1.647620
-1.984405
-1.924596
-1.606522
-1.427415
-2.085792
-2.536916
-2.621032
-2.608239
-1.897730
-1.283170
-1.581095
-2.624071
-2.704029
-2.703070
-2.842837
-2.343737
-2.726897
-2.250506
-2.679562
-2.922475
-2.905524
-2.849393
-2.773753
-2.626470
-2.115696
-2.886814
-2.922475
-2.820768
-2.746407
-2.663890
-2.333183
-1.934670
-2.435050
-2.863626
-2.450242
-2.324227
-1.359770
-1.330026
-1.440688
-1.951622
-2.926153
-2.550989
-2.479027
-1.849435
-1.724380
-1.721981
-2.585051
-2.764318
-0.093863
-0.076136
-0.163423
-0.187931
-0.262025
0.025079
0.240213
-0.066333
-0.657083
-0.574248
-0.456858
-0.237354
-0.358093
0.076381
-0.362341
-0.761117
-0.329134
-0.215992
-0.199122
-0.127602
-0.098601
-0.542715
-0.899134
-0.636946
-0.136261
0.336772
-0.509794
-0.170245
-0.487901
-1.148864
-0.448362
0.010987
0.208435
-0.425243
-0.441173
-0.326683
-0.851181
-0.709243
-0.309650
-0.271868
-0.482101
-0.425080
0.089901
-0.199572
-0.235883
0.009354
-0.030430
-0.172532
0.073808
0.118306
0.118306
0.118306
0.118306
0.118306
0.118306
0.118306
0.118306
0.118306
-0.264978
-0.330925
-0.071747
0.074607
0.118306
0.118306
0.118306
-0.613621
-0.217703
0.203560
0.117591
0.107819
0.118306
0.118306
-0.482045
0.015176
0.391150
0.271334
0.135945
0.118306
0.118306
-0.170905
-0.167329
0.044335
0.124424
0.123550
0.118306
0.118306
0.118306
0.118306
0.118306
-0.403386
-0.130860
0.118306
0.118306
0.118306
0.118306
0.118306
-0.298269
0.589387
-1.353811
-2.161067
-1.888499
-2.111274
-2.399064
-2.080574
-2.345531
-2.929366
-2.942266
-3.452186
-3.430386
-3.424323
-3.449606
-3.511782
-2.424863
-3.114604
-3.610980
-3.610980
-3.610980
-3.610980
-3.610980
-2.609069
-3.085967
-3.610980
-3.610980
-3.610980
-3.610980
-3.610980
-2.328890
-2.938912
-3.610980
-3.610980
-3.610980
-3.610980
-3.610980
-2.213568
-3.021727
-3.610980
-3.610980
-3.610980
-3.610980
-3.610980
-2.960454
-3.369500
-3.610980
-3.610980
-3.610980
-3.610980
-3.610980
-2.051559
-3.870232
-3.218841
-2.924132
-2.735512
-3.146815
-4.052400
-3.295220
-3.469134
-3.843373
-3.653252
-3.672009
-3.790403
-3.987426
-2.598662
-3.643799
-3.607335
-3.891540
-3.881186
-4.048048
-3.942709
-2.699499
-3.012665
-3.037724
-2.876565
-3.745986
-3.452478
-3.660005
-2.701150
-2.986255
-2.880766
-3.048078
-3.808710
-2.730861
-3.266259
-2.587408
-3.578975
-3.206537
-3.756941
-3.838421
-3.578374
-3.420816
-3.372348
-3.833169
-3.815912
-3.883888
-3.700520
-4.010234
-4.017887
-2.032465
-1.995844
-1.788171
-1.864658
-2.042200
-1.688738
-1.448152
-2.085852
-2.505911
-2.674414
-2.260149
-1.883123
-2.262621
-2.567642
-2.057806
-2.985461
-3.190044
-1.931101
-1.225799
-2.417217
-3.275416
-1.935659
-2.902793
-3.138666
-1.992908
-1.472798
-2.079362
-3.249457
-1.875242
-2.833337
-3.228287
-3.025095
-2.857442
-2.744257
-3.225738
-1.724277
-2.528471
-2.953553
-3.104827
-3.163312
-3.074696
-2.849561
-1.913563
-2.484974
-2.742943
-2.779951
-2.836582
-3.112862
-2.569032
0.361134
0.361134
0.361134
0.361134
0.361134
0.361134
0.361134
0.361134
0.361134
0.361134
0.361134
0.361134
0.361134
0.361134
0.361134
0.361134
0.361134
0.361134
0.361134
0.361134
0.361134
0.361134
0.361134
0.361134
0.361134
0.361134
0.361134
0.361134
0.361134
0.361134
0.361134
0.361134
0.361134
0.361134
0.361134
0.361134
0.361134
0.361134
0.361134
0.361134
0.361134
0.361134
0.361134
0.361134
0.361134
0.361134
0.361134
0.361134
0.361134
2.017539
1.857943
2.059684
1.954388
2.054928
2.080162
2.246892
2.107246
2.141464
2.252441
2.191404
2.357869
2.056910
2.226546
2.109360
2.077388
1.911715
1.590673
1.966807
1.882913
2.183345
1.952010
2.503989
2.649581
2.260236
2.887389
2.483379
2.503197
2.028901
2.121250
1.830199
1.186399
1.782770
1.779599
1.864549
1.982793
2.206861
2.210957
2.043038
1.931796
2.185723
1.961522
2.328143
2.394201
2.205540
2.742723
2.628178
2.555382
2.218884
-0.215642
-0.215642
-0.194945
-0.051023
0.047653
-0.091456
-0.215642
-0.215642
-0.043161
0.588524
1.277168
0.791652
0.741271
0.012034
-0.215642
-0.059205
-0.294904
-1.055108
-0.904928
-0.601360
0.047172
-0.215642
-0.331967
-0.484554
-1.776483
-1.289362
-0.952742
-0.309023
-0.215642
-0.215642
-0.359885
-0.493699
-0.529800
-0.374486
-0.273404
-0.215642
-0.215642
-0.215642
-0.215642
-0.215642
-0.215642
-0.215642
-0.215642
-0.215642
-0.215642
-0.215642
-0.215642
-0.215642
-0.215642
-0.691141
-1.343797
-1.393356
-1.743603
-1.846269
-1.828746
-1.540959
-0.923887
-1.484949
-1.818856
-1.926252
-2.004407
-1.830896
-1.698237
-1.122124
-1.655343
-1.821758
-1.918082
-1.920554
-1.684154
-1.804235
-1.102773
-1.598903
-1.746506
-1.882928
-1.865512
-1.650397
-1.886476
-1.278004
-1.506880
-1.940980
-1.903354
-1.873683
-1.826166
-1.370135
-1.927112
-1.154053
-1.511718
-1.901741
-1.743496
-1.174801
-1.336056
-1.900989
-1.876693
-1.761986
-1.816491
-1.777144
-1.752418
-1.841109
-0.448341
-1.686726
-1.791417
-1.529236
-1.718380
-1.681278
-1.997555
-2.061900
-2.236514
-2.827556
-2.686412
-2.748163
-2.738303
-2.939382
-2.020776
-2.674607
-3.425603
-3.425603
-3.425603
-3.425603
-3.425603
-1.706056
-2.491690
-3.425603
-3.425603
-3.425603
-3.425603
-3.425603
-1.648846
-2.441226
-3.425603
-3.425603
-3.425603
-3.425603
-3.425603
-1.438167
-2.327065
-3.425603
-3.412760
-3.407960
-3.412630
-3.425603
-1.886119
-2.712747
-3.425603
-3.412371
-3.392523
-3.411722
-3.425603
-0.248633
-0.541631
-1.655209
-1.442993
-1.324685
-0.974319
-1.459692
-0.372672
-1.717013
-2.651341
-2.366539
-2.329074
-2.123329
-2.385333
-1.240082
-2.498465
-3.272831
-2.980017
-2.796701
-2.908108
-3.267347
-0.944372
-2.113716
-2.495877
-2.533218
-2.368572
-2.023629
-2.770513
-0.892058
-1.808394
-2.510234
-2.709140
-2.530199
-1.973964
-2.395315
-0.816944
-1.940875
-2.794113
-2.452127
-2.226048
-2.221056
-2.796331
-1.892750
-2.387428
-2.939965
-2.218838
-2.073356
-2.592311
-3.337777
-2.117426
-2.253240
-2.077000
-1.552235
-1.614212
-1.426495
-2.620512
-2.627908
-3.227021
-3.556546
-3.377118
-3.565855
-3.129719
-3.386937
-3.244492
-4.464396
-5.375053
-5.568891
-5.864239
-5.662749
-5.239493
-2.681724
-4.202587
-5.343936
-5.259770
-5.415606
-5.500155
-5.520432
-2.777495
-3.931342
-4.900149
-5.219727
-5.309632
-4.672900
-4.786907
-2.777878
-3.650786
-3.881224
-4.419125
-4.581082
-3.674379
-4.003903
-3.474802
-4.271578
-3.991278
-3.559223
-3.452358
-3.564197
-4.697002
-0.632752
-0.937014
-0.508073
-0.420674
-0.378246
-0.262077
-0.109688
-0.998733
-2.174535
-1.314624
-1.536635
-1.369377
-1.499507
-0.548653
-0.349991
-1.012845
-0.820088
-0.744530
-0.920540
-0.650014
-0.207081
-0.348477
-1.344605
-1.040615
-1.258296
-1.298180
-1.027775
-0.580330
-0.432787
-1.339578
-1.373526
-1.730604
-1.905251
-1.631545
-0.591202
-0.597623
-1.561529
-1.054819
-1.624004
-1.737357
-1.633634
-0.485360
-0.203175
-0.453471
-0.295995
-0.817575
-0.921206
-0.702162
-0.187579
-0.689020
0.301065
-1.926626
-1.435969
-1.488690
-0.567316
-1.761612
-0.053086
-2.030331
-3.376759
-2.826254
-2.524094
-2.539627
-2.827808
-2.569779
-3.409012
-5.064361
-4.385391
-4.231524
-4.507370
-5.723047
-1.556212
-2.598287
-4.948687
-4.341442
-4.148286
-4.737805
-5.530165
-1.742699
-3.058334
-4.897520
-5.056138
-4.706191
-5.040788
-5.724600
-1.406731
-2.931787
-4.820769
-3.382241
-3.536290
-4.622862
-5.855990
-2.584398
-3.125674
-4.156875
-2.793544
-2.779930
-4.400193
-5.848864
-1.922404
-2.740598
-2.304578
-2.100029
-2.447819
-2.793046
-3.495503
-2.993049
-2.677776
-3.581985
-3.240022
-3.307389
-3.643174
-4.021268
-2.318913
-3.524175
-4.175816
-4.273253
-4.283510
-4.525121
-4.445866
-2.199098
-2.461223
-3.638745
-3.935952
-4.131060
-4.361249
-4.305305
-2.018676
-2.950158
-4.119987
-4.149126
-4.413815
-4.318126
-4.564399
-2.968573
-3.487228
-4.491671
-4.572791
-4.572791
-4.572791
-4.572791
-4.526170
-3.896791
-4.572791
-4.572791
-4.572791
-4.572791
-4.572791
-1.034958
-2.369852
-2.891254
-2.630945
-2.884977
-2.343369
-3.253569
-3.170003
-5.364093
-5.251494
-5.224620
-5.473944
-5.050035
-5.379197
-4.338746
-5.794083
-6.669757
-6.467317
-6.208381
-6.566183
-6.669757
-4.066667
-5.912566
-6.669757
-6.194257
-5.469236
-6.151886
-6.669757
-4.335018
-5.830177
-6.400621
-6.519888
-6.071851
-6.594430
-6.669757
-4.423488
-5.701102
-5.969453
-6.367665
-6.669757
-6.669757
-6.669757
-4.971373
-6.067535
-6.320979
-6.625817
-6.669757
-6.669757
-6.669757
-1.366465
-1.162059
-1.391626
-1.558030
-1.486193
-1.395963
-1.040075
-1.146442
-0.896921
-1.782390
-2.673760
-2.828365
-2.275186
-1.181667
-1.120240
-1.204398
-2.554205
-2.605047
-2.266857
-2.667340
-1.575903
-1.278837
-1.445936
-2.480806
-1.801478
-1.021508
-2.058634
-1.281440
-1.267212
-1.362127
-2.511346
-1.809807
-1.321697
-2.312840
-1.614424
-1.330373
-1.079290
-1.809113
-2.292018
-2.387279
-2.360557
-1.199192
-1.201101
-1.079290
-0.874364
-1.038166
-1.318400
-1.179758
-0.402912
-1.207011
-1.617139
-2.149712
-1.434678
-1.750776
-1.857423
-2.786847
-2.625341
-4.157558
-4.361744
-4.192778
-4.350334
-4.368986
-4.636040
-3.242507
-4.354832
-4.952358
-4.426149
-4.436024
-4.991089
-5.606938
-2.749213
-4.001539
-4.157668
-3.171849
-3.088572
-3.995175
-5.250244
-2.628084
-4.193217
-5.025540
-4.701432
-4.631103
-4.918126
-5.495574
-2.591768
-4.317747
-5.706233
-5.744635
-5.715230
-5.634367
-5.735747
-3.677540
-4.806982
-5.775575
-5.775575
-5.775575
-5.775575
-5.775575
-0.873141
0.031773
0.087000
-0.089319
-0.092182
-0.064228
0.489752
-1.112937
0.053796
0.029318
-0.331433
-0.055432
0.243547
0.731731
-1.050483
0.077932
0.137728
-0.292229
-0.232910
0.131660
0.678276
-1.012028
0.081069
0.204274
-0.194387
-0.233728
-0.038932
0.567344
-0.995664
0.103841
-0.153410
-0.579548
0.132614
0.234956
0.505162
-1.059619
-0.041659
-0.352775
-0.577980
0.275729
0.383866
0.654003
-0.811913
-0.066341
-0.175978
-0.156410
0.134455
0.039477
0.638799
-0.984239
-1.052676
-1.095550
-1.091238
-1.115015
-1.110826
-1.122654
-0.996313
-1.053293
-1.113907
-1.117726
-1.119574
-1.123270
-1.124255
-0.827961
-1.026681
-1.126534
-1.073682
-1.067276
-1.076885
-1.126534
-0.795375
-0.995574
-1.126534
-1.028837
-0.718129
-1.025634
-1.126534
-0.760879
-1.003335
-1.126534
-1.037646
-1.012021
-1.042451
-1.126534
-0.938840
-1.048118
-1.121976
-1.043375
-0.888144
-1.047441
-1.126534
-1.100416
-1.100786
-1.095119
-1.031178
-0.848474
-1.038693
-1.126534
-0.471007
-0.471007
-0.471007
-0.471007
-0.471007
-0.471007
-0.471007
-0.471007
0.122962
-0.357840
-0.464963
-0.428491
-0.471007
-0.471007
-0.185902
0.045017
-0.559789
-1.009538
-0.570001
-0.435577
-0.471007
-0.232169
-0.153807
-1.154175
-1.736056
-1.134167
-0.587716
-0.471007
-0.169646
-0.290524
-0.172355
-0.567917
-0.577921
-0.477259
-0.471007
-0.259054
-0.455584
-0.511647
-0.473508
-0.471007
-0.471007
-0.471007
-0.471007
-0.471007
-0.471007
-0.471007
-0.471007
-0.471007
-0.471007
0.941098
0.198478
-0.866233
-0.112900
-0.205040
-0.281111
-1.173594
-0.693335
-1.255690
-2.341428
-1.953712
-1.983712
-2.049202
-2.399150
-2.141611
-2.669547
-3.745642
-3.745642
-3.745642
-3.745642
-3.745642
-1.710637
-2.411471
-3.745642
-3.745642
-3.745642
-3.745642
-3.745642
-1.590505
-2.302723
-3.745642
-3.745642
-3.745642
-3.745642
-3.745642
-1.405018
-2.230270
-3.745642
-3.745642
-3.745642
-3.745642
-3.745642
-2.036077
-2.786866
-3.745642
-3.745642
-3.745642
-3.745642
-3.745642
-1.306420
-0.327938
-0.201180
-0.363858
-0.162594
0.208430
0.681378
-1.346006
-0.910310
-0.700130
-1.065821
-0.130092
0.688962
0.416778
-0.872724
-0.716464
-0.967814
-1.486098
-0.176428
0.822054
0.123425
-0.596039
-0.584955
-1.021068
-1.581355
-0.461447
0.725131
-0.054420
-0.705630
-0.851640
-1.073654
-1.361423
-0.509784
0.722881
0.443779
-1.267584
-1.240582
-0.985732
-0.873725
-0.026002
0.963564
0.762550
-1.438595
-0.663877
-0.788469
-0.576038
0.324771
0.790219
0.939312
-2.543759
-2.011439
-1.820120
-1.446734
-1.406456
-1.667446
-1.840259
-1.851418
-2.086824
-1.839715
-1.338420
-1.357198
-1.771678
-1.383052
-1.838898
-2.008173
-1.752628
-0.965306
-0.956598
-1.444014
-1.417070
-1.938504
-1.665813
-1.384685
-0.738608
-0.647167
-1.343863
-1.448639
-1.906391
-2.023958
-1.720787
-1.309300
-1.253782
-1.655743
-1.963269
-2.057160
-2.084919
-2.318965
-1.795083
-1.331072
-2.372850
-2.406869
-2.077843
-1.843797
-1.743647
-1.246162
-0.951971
-1.601858
-1.776848
-0.942983
0.132905
-0.273093
-0.137569
0.007540
-0.031054
0.901323
-1.288727
0.041213
-0.266576
-0.132649
-0.185236
0.038977
1.259334
-1.229814
0.098976
-0.057954
-0.248876
-0.319226
-0.103001
1.250900
-1.162851
0.249515
0.037954
-0.354433
-0.260953
-0.040063
0.957743
-1.123874
0.285489
-0.170092
-0.505165
0.017444
-0.038146
0.902409
-1.204958
0.103001
-0.359801
-0.170731
0.038913
-0.109582
1.081575
-0.948734
0.197440
-0.149837
0.112905
-0.068050
-0.273285
0.936466
0.327545
0.167463
-0.105792
-0.222820
-0.303353
-0.050846
0.137694
0.260954
0.610888
0.581365
0.759161
0.711021
0.881683
0.397828
-0.012465
0.331318
-0.068478
0.038462
-0.045023
0.382164
0.294988
-0.056915
0.501077
-0.057571
-0.451544
-0.714876
-0.177878
0.343947
0.023291
0.503456
0.089882
0.074547
-0.046827
0.151635
0.519693
0.165823
0.359283
0.186161
0.716680
0.663866
0.527156
0.263988
0.364778
0.256443
-0.186571
-0.090128
-0.195182
0.179683
0.145239
0.014877
-0.568139
-1.842410
-1.297465
-1.257403
-1.016676
-1.372085
-0.396526
-1.222846
-2.066972
-1.668806
-1.747877
-1.706643
-1.928861
-1.766268
-2.182825
-2.778961
-2.693682
-2.834018
-3.031988
-3.031988
-1.351819
-1.973141
-2.861429
-2.800281
-2.860375
-2.934174
-2.972831
-1.502464
-2.097663
-3.031988
-2.865061
-2.641905
-2.705162
-2.933003
-1.263846
-1.946550
-3.031988
-2.742061
-2.519491
-2.630776
-2.974003
-1.488876
-2.055960
-3.031988
-2.838703
-2.719219
-2.858032
-3.031988
-0.520916
-1.091539
-1.704668
-1.130291
-1.242082
-1.155449
-1.662873
-0.715283
-1.114364
-1.986683
-1.533735
-1.776795
-1.823662
-2.331593
-1.337541
-2.351780
-3.335281
-3.300486
-3.627339
-3.825155
-3.825155
-0.445543
-1.531909
-3.077918
-3.286994
-3.634846
-3.686887
-3.661120
-0.507830
-1.555545
-3.119408
-3.363381
-3.635759
-3.471217
-3.380830
-0.866942
-1.726580
-3.188796
-2.979618
-3.117177
-3.261329
-3.374845
-1.986581
-2.539148
-3.528330
-3.008834
-2.921389
-3.296022
-3.659801
-0.695892
-1.486176
-1.126735
-0.950359
-1.025775
-0.952306
-1.769715
-1.888069
-2.315019
-2.537009
-2.480568
-2.472540
-2.514627
-2.727494
-1.983798
-2.681150
-3.040226
-3.040226
-3.040226
-3.040226
-3.040226
-1.937819
-2.669351
-3.040226
-3.040226
-3.040226
-3.030008
-3.014439
-1.973337
-2.661080
-3.040226
-3.040226
-3.040226
-3.024170
-2.978190
-1.686636
-2.542726
-3.040226
-3.009573
-2.962864
-2.990841
-3.028306
-1.718505
-2.691124
-3.040226
-2.992057
-2.854120
-2.995706
-3.040226
-1.517717
-1.271078
-1.399933
-1.407937
-1.364585
-1.395798
-1.295355
-1.515983
-1.127817
-0.931332
-0.867972
-0.976952
-0.972417
-1.126082
-1.633233
-1.094469
-0.879444
-1.146224
-1.262541
-1.254804
-1.149826
-1.547997
-0.995627
-1.006431
-1.258272
-1.370854
-1.457158
-1.127016
-1.599352
-1.025239
-0.970016
-1.027507
-0.957210
-1.198914
-0.752056
-1.602286
-1.227860
-0.758992
-0.497813
-0.766195
-0.826087
-0.930665
-1.245600
-1.049249
-0.924796
-0.780201
-0.884913
-0.878510
-1.012434
0.217411
0.195722
0.025215
-0.026625
-0.056248
0.076526
0.119373
0.109146
0.096803
-0.321972
-0.288823
-0.427063
-0.015869
-0.266077
-0.075115
-0.024862
-0.538501
-0.311569
-0.549610
-0.060480
-0.626135
-0.148467
0.048137
-0.524219
-0.151288
-0.645708
0.070883
-0.682913
-0.183556
0.049900
-0.957453
-0.521221
-1.084937
-0.221290
-0.705306
0.042495
0.195370
-0.494419
0.241038
-0.332199
-0.246857
-0.357061
0.120255
0.128718
-0.298873
0.047961
-0.345424
-0.109851
0.541851
0.300904
0.593750
-1.810843
-1.537627
-1.656143
-1.427755
-1.706391
-0.122471
-1.551837
-2.284906
-2.119218
-2.304536
-2.215027
-2.039817
-2.874408
-2.874408
-2.874408
-2.874408
-2.874408
-2.874408
-2.874408
-2.874408
-2.874408
-2.874408
-2.874408
-2.874408
-2.874408
-2.874408
-2.839981
-2.867376
-2.874408
-2.874408
-2.874408
-2.874408
-2.874408
-2.837051
-2.839541
-2.874408
-2.871038
-2.839981
-2.867376
-2.874408
-2.842032
-2.860344
-2.874408
-2.838369
-2.837051
-2.839541
-2.874408
1.186710
1.207608
1.039019
1.131304
1.128230
1.198564
1.260819
1.442052
2.004982
1.525381
1.715307
1.487360
1.644447
1.567001
0.922587
1.677374
1.275834
1.354245
1.239921
1.136396
1.519322
0.983086
1.952825
1.108386
1.857554
1.631715
1.527927
1.759913
0.985105
1.883018
0.673830
1.371192
1.011359
1.143070
1.301385
1.036209
1.848334
1.155538
1.226574
1.296907
1.236760
1.335981
1.175822
1.819534
1.509575
1.572445
1.717678
1.653930
2.193503
-0.463963
-1.183858
-0.609444
-0.499281
-0.508317
-0.659161
0.070471
-1.224251
-2.502717
-1.796272
-1.684624
-1.712144
-1.708225
-0.693902
-0.910885
-2.156014
-1.594060
-1.522309
-1.650090
-1.495243
-0.576106
-0.702773
-2.197067
-1.873057
-1.819460
-2.038177
-1.605860
-0.835958
-0.591702
-1.771640
-1.351289
-1.373198
-1.703810
-1.307760
-0.513763
-0.790655
-1.817521
-1.023565
-0.945543
-1.142846
-1.197804
-0.486078
0.027479
-0.420599
0.193754
0.345424
0.214838
-0.048892
0.494660
0.046956
-0.153420
-0.288131
-0.053112
0.188667
-0.331827
0.079668
-0.005070
-0.003501
0.008812
-0.417651
-0.387353
-0.289217
0.339794
-0.225845
0.119501
-0.383732
-0.021245
0.387233
-0.541136
-0.172854
-0.057457
0.007363
-0.640117
-0.219327
-0.275094
-0.727147
0.125416
-0.122519
0.364901
-0.540653
0.199893
0.375403
-0.879481
0.541739
-0.138694
0.140263
-0.053232
0.139901
0.118898
-0.383008
0.392182
0.039954
0.168992
0.267248
0.052025
0.158249
0.214861
0.107672
-0.606524
-0.608335
-3.112098
-2.225842
-2.470196
-2.122835
-3.519684
-0.626271
-2.727714
-5.281500
-4.859270
-5.056563
-4.831461
-5.421202
-2.748776
-4.527541
-7.665802
-7.796124
-8.140194
-8.242378
-8.281870
-1.740755
-3.842692
-7.308897
-7.414043
-7.971861
-8.201900
-8.238429
-1.895430
-4.197458
-7.689497
-7.812414
-8.154510
-8.242872
-8.284338
-2.167922
-4.579209
-8.327779
-8.327779
-8.327779
-8.327779
-8.327779
-4.165699
-5.749310
-8.327779
-8.327779
-8.327779
-8.327779
-8.327779
0.542510
1.452753
0.935124
0.773485
0.913201
1.124690
0.648732
0.765133
1.357579
0.626200
0.568174
0.679007
0.791145
0.648732
0.653691
1.075972
0.522152
0.686228
0.829772
0.720504
0.760697
0.599579
1.426741
0.544076
0.804630
1.138522
0.630724
0.685097
0.499185
1.765592
0.743906
1.063444
1.434397
0.823682
0.656301
0.540509
1.659022
0.855175
0.856393
0.814373
1.146091
0.800367
0.460907
1.090848
0.566173
0.666915
0.490138
1.052918
0.565129
-0.695040
0.545278
0.081373
0.088203
0.170345
0.000673
-0.514691
-0.434184
0.509882
-0.261626
-0.025008
0.102246
-0.442744
-0.021161
-0.535564
-0.073967
-0.673687
-0.364353
-0.204203
-0.841628
0.139951
-0.502572
0.051363
-0.142932
-0.154186
-0.127062
-0.513826
-0.039821
-0.558360
-0.001154
0.087337
0.050017
-0.126485
0.059058
-0.061559
-0.415524
0.463136
0.092435
0.340595
-0.039629
0.667435
0.026547
-0.984752
-0.103496
-0.673206
-0.226422
-0.309334
-0.297888
-1.182222
0.213435
0.213435
0.213435
0.213435
0.213435
0.213435
0.213435
0.213435
0.213435
0.213435
0.246894
0.185733
-0.006206
0.068447
0.213435
0.213435
0.254449
0.278284
0.394671
-0.160279
-0.328203
0.213435
0.213435
0.317949
0.730969
0.437754
-0.235651
-0.759121
0.213435
0.213435
0.194367
0.135275
-0.687077
-0.760110
-0.887920
0.213435
0.213435
0.204711
0.350779
-0.098938
-0.361302
-0.459340
0.213435
0.213435
0.150475
-0.042543
-0.322267
-0.198685
0.379830
2.043011
1.975655
1.951692
1.840836
2.046465
1.921469
2.206650
1.883042
2.310490
2.484061
2.306928
2.512773
2.207946
2.419511
1.765385
2.768163
2.131955
1.714761
1.987745
1.692201
2.189164
1.613943
2.705017
1.690798
2.089966
2.610676
2.096118
2.319449
1.570874
2.618340
1.740990
1.557058
2.123104
1.682594
2.308116
1.681406
2.538139
2.132063
1.233125
1.534930
1.427312
2.332510
1.879156
2.436890
3.066406
3.150600
3.566175
3.010168
3.060037
0.885072
0.218679
-0.059374
0.183229
0.403804
0.934235
0.136109
-0.580468
-0.632840
-1.593334
-1.421338
-1.227314
-1.103167
-1.661024
-1.554237
-2.380664
-3.302937
-3.302937
-3.302937
-3.282805
-3.282513
-1.543442
-2.312391
-3.302937
-3.302937
-3.302937
-3.302937
-3.302937
-1.463644
-2.315309
-3.302937
-3.302937
-3.302937
-3.302937
-3.302937
-1.310904
-2.088023
-3.257421
-3.258005
-3.302937
-3.302937
-3.302937
-1.312363
-2.469945
-3.154136
-3.262673
-3.302937
-3.302937
-3.302937
-0.039679
-0.285507
-0.406631
-0.359892
-0.278247
-0.395393
-0.537500
0.346367
0.375803
-0.204956
-0.244038
-0.011038
-0.033513
-0.606117
0.583046
0.365262
-0.272280
-0.339903
-0.434276
-0.441735
-0.474154
0.850852
0.096064
0.024762
0.057479
-1.255792
-0.710037
-0.427415
0.713617
0.285407
0.010143
0.206547
-1.028460
-1.004096
-0.477336
0.401360
0.499214
0.053899
-0.408520
-0.594482
-0.750114
-0.909723
0.065037
0.547246
0.093677
-0.443724
-0.445613
-0.761450
-0.757970
0.119463
0.119463
0.119463
0.119463
0.119463
0.119463
0.119463
0.119463
0.119463
0.119463
0.119463
0.119463
0.119463
0.119463
0.119463
0.119463
0.119463
0.119463
0.119463
0.119463
0.119463
0.119463
0.119463
0.119463
0.119463
0.119463
0.119463
0.119463
0.119463
0.119463
0.119463
0.119463
0.119463
0.119463
0.119463
0.119463
0.119463
0.119463
0.119463
0.119463
0.119463
0.119463
0.119463
0.119463
0.119463
0.119463
0.119463
0.119463
0.119463
-1.369723
-1.752184
-1.344677
-1.290010
-1.159310
-1.401031
-0.531847
-2.197659
-2.041913
-1.575962
-1.512351
-1.372606
-1.748904
-1.214970
-1.260889
-1.214274
-1.050178
-0.777744
-0.516343
-1.338912
-0.923154
-1.445658
-1.668496
-2.021338
-1.764906
-1.338315
-2.272005
-1.335135
-1.443174
-1.526962
-2.057715
-2.633395
-2.611528
-2.551098
-1.024435
-1.705072
-1.324003
-1.810925
-3.050544
-3.262647
-2.538078
-1.091127
-0.344593
-0.381567
-0.287939
-1.213479
-1.294285
-0.948400
0.111816
-1.390245
-2.391749
-2.070925
-2.238432
-2.631229
-2.382881
0.024835
-2.930767
-3.550372
-3.258943
-4.141341
-5.011321
-4.364602
-1.846397
-2.690782
-3.614234
-3.599535
-4.281734
-5.071634
-4.763986
-2.805326
-2.687995
-4.040481
-3.817981
-3.448752
-3.540743
-4.450510
-3.649712
-2.440912
-3.568618
-3.581289
-3.160871
-3.219917
-3.970537
-3.044806
-2.481459
-3.092701
-3.179624
-3.631467
-4.179354
-4.012098
-2.555964
-0.708047
-1.415081
-1.160397
-1.456894
-1.957900
-2.074219
-0.784579
-0.045194
-0.156145
-0.272985
-0.405355
-0.212584
-0.481499
-0.242356
-0.094351
0.050121
0.213655
0.048407
0.503454
0.157109
0.315502
-0.226613
-0.095957
0.025703
-0.405569
-0.266667
-0.271165
0.211406
-0.255100
-0.057831
0.097885
-0.563213
-0.552396
-0.381151
0.377939
-0.263989
-0.063507
0.447550
-0.059652
-0.225328
-0.084605
0.621044
-0.244819
-0.177135
-0.102704
-0.170281
-0.651566
-0.236787
0.016600
-0.114699
0.189344
-0.009424
0.394753
0.196305
0.214726
0.110094
-0.593986
-1.322614
-2.186222
-1.326354
-1.352024
-1.203272
-2.664437
-1.964710
-3.671358
-5.009102
-4.716868
-4.804759
-4.689498
-5.350805
-3.057992
-5.326324
-7.612679
-7.563038
-7.566438
-7.635289
-7.750380
-2.478625
-5.081522
-7.468347
-7.207734
-7.048613
-7.146873
-7.584458
-2.801289
-5.124533
-7.295965
-7.345265
-7.328606
-7.140924
-7.536518
-2.799758
-4.971701
-7.002202
-7.011212
-7.133443
-7.183424
-7.563888
-3.607947
-5.417786
-6.648768
-6.268304
-6.338345
-6.898161
-7.541617
0.247267
0.126815
0.268403
0.241677
0.244326
0.245564
0.269322
0.116180
-0.137875
0.039157
-0.092143
-0.139765
-0.067946
0.068385
0.243221
-0.030972
-0.077675
-0.250395
-0.375041
-0.139366
-0.015040
0.185444
-0.264517
-0.334952
-0.576084
-0.822326
-0.371913
-0.263798
0.167130
-0.281686
-0.438421
-0.654744
-0.854589
-0.330187
-0.166997
0.182875
-0.131247
-0.186429
-0.339703
-0.463510
-0.120439
0.019579
0.208643
0.095231
0.028642
-0.093035
-0.082919
0.101500
0.275111
1.604881
1.867957
1.496421
1.661557
1.821067
1.699804
1.949588
1.869099
2.565526
1.797907
1.961331
2.118149
1.746613
2.024205
1.634972
1.920638
1.428083
1.409490
1.728101
1.475137
1.642393
1.795297
1.726062
2.159494
2.193745
2.498248
2.467178
1.553424
1.783310
1.865837
2.015969
1.499846
1.576257
2.341022
1.695318
1.807122
2.024857
1.403048
1.372793
1.433221
1.618173
1.672566
1.772464
2.465221
2.166589
2.277903
2.232317
1.978211
2.231421
0.081126
-0.261339
-0.560181
-0.893961
-1.122534
-0.707629
-0.124452
0.075994
-0.357367
-0.511920
-1.342126
-1.480098
-0.674270
-0.236172
0.238245
-0.278018
-1.238301
-1.379234
-1.283403
-0.608245
-0.277228
0.097015
-0.271800
-0.536890
-1.365615
-1.338573
-0.533732
0.167679
0.319074
0.064348
0.373060
-1.036572
-1.181947
0.293809
0.414214
-0.372961
-0.444020
-0.211598
0.173108
-0.175575
-0.033556
-1.107138
-1.538525
-1.334230
-1.264948
-1.031342
-0.977356
-1.458583
-1.611064
-0.052239
-1.036396
-1.859229
-2.047477
-2.140450
-1.628062
-1.514378
-1.338557
-1.831038
-3.017249
-3.049813
-3.128863
-2.836596
-2.882968
-1.361341
-2.492435
-3.594993
-3.692109
-3.793136
-3.746420
-3.736754
-1.306914
-2.332494
-3.538266
-3.701084
-3.793136
-3.793136
-3.793136
-1.362721
-2.112373
-3.328041
-3.532858
-3.694410
-3.330918
-3.219419
-1.473069
-2.020091
-2.786543
-3.365783
-3.592922
-3.000910
-2.642136
-2.263109
-2.569989
-3.144397
-3.451046
-3.573016
-3.414571
-3.444142
-1.590727
-1.954362
-1.676751
-1.809110
-1.894126
-2.073022
-1.562322
-2.235600
-2.517845
-2.114724
-2.120970
-2.066576
-2.499916
-1.998281
-1.967659
-2.285764
-1.541772
-1.378590
-1.264765
-1.877606
-1.853229
-1.927971
-2.030313
-1.185189
-1.006897
-1.139256
-1.564538
-1.844768
-1.811124
-1.995662
-1.376374
-1.393095
-1.651367
-1.867332
-2.123589
-1.837113
-2.095183
-2.011375
-2.746906
-3.103489
-2.384882
-1.962220
-1.323792
-1.414450
-1.321375
-1.799641
-2.060532
-1.720065
-1.480932
0.048078
0.048078
0.048078
0.048078
0.048078
0.048078
0.048078
0.048078
0.048078
0.048078
0.048078
0.048078
0.048078
0.048078
0.048078
0.048078
0.048078
0.048078
0.048078
0.048078
0.048078
0.048078
0.048078
0.048078
0.048078
0.048078
0.048078
0.048078
0.048078
0.048078
0.048078
0.048078
0.048078
0.048078
0.048078
0.048078
0.048078
0.048078
0.048078
0.048078
0.048078
0.048078
0.048078
0.048078
0.048078
0.048078
0.048078
0.048078
0.048078
-1.382650
-0.913418
-1.483112
-1.463558
-1.556629
-1.158009
-1.564307
-0.901076
-1.381645
-1.446084
-1.597316
-1.640372
-1.608008
-1.423445
-1.397109
-1.390005
-1.472922
-1.274976
-1.444470
-1.615615
-1.970498
-1.250506
-1.325745
-1.391655
-1.130920
-1.237446
-1.411030
-1.767815
-1.179106
-1.319681
-1.579341
-1.509412
-1.405182
-1.720777
-1.777287
-1.302531
-1.426997
-1.763007
-1.912122
-1.934009
-1.839574
-1.927120
-1.557921
-1.627957
-1.921092
-1.971897
-1.994717
-1.966874
-1.984958
-1.023610
-0.954743
-1.067729
-1.097511
-1.088380
-1.126056
-1.144574
-0.837747
-0.808178
-1.007012
-0.972067
-0.860575
-1.060987
-1.130238
-1.049211
-1.046267
-1.077628
-0.992761
-0.727663
-0.968525
-0.999246
-1.105319
-1.080102
-0.973603
-1.072636
-0.972109
-0.697155
-0.611563
-1.112573
-1.036069
-0.846025
-0.995662
-0.816669
-0.474129
-0.661400
-1.065126
-0.965282
-0.971768
-0.731930
-0.302901
-0.545427
-0.929612
-0.977870
-0.827934
-1.015418
-0.706073
-0.401422
-0.811976
-0.968440
0.039100
0.221474
0.859646
1.097423
1.311298
0.747043
0.402190
0.068529
0.031225
0.368064
-0.128629
0.213737
0.096575
0.783518
0.121306
0.090082
-0.206967
-0.915049
-0.318049
-0.784209
0.489371
-0.147419
-0.486746
-0.767491
-0.957741
-0.138439
-1.529871
-0.002901
-0.153775
-0.455659
0.032468
-0.287654
0.207382
-0.891561
-0.251041
-0.153222
-0.408131
-0.313352
-1.858421
-1.555707
-0.576966
-0.235705
-0.148248
-0.200197
-0.150735
-0.788492
-0.540629
-0.143965
-0.187072
-1.191067
-1.049734
-1.027229
-1.120465
-1.149572
-1.086686
-1.098817
-1.195011
-1.123080
-0.990020
-0.798446
-0.564305
-0.854088
-1.056464
-1.146957
-1.078541
-0.655269
0.138719
0.359056
-0.092722
-0.771697
-1.141813
-0.893268
-0.020276
0.513636
0.526882
0.639108
-0.320390
-1.081027
-0.912430
-0.108068
0.092036
-0.262476
0.241129
-0.672030
-1.037002
-1.101603
-0.903514
-0.791459
-0.823352
-0.836040
-1.072068
-1.166890
-1.202299
-1.231706
-1.211301
-1.166890
-1.202299
-1.231706
-1.999207
-2.272655
-2.524747
-2.089200
-2.131367
-2.497548
-4.422825
-3.027833
-4.978120
-5.883531
-5.878055
-5.991596
-5.912373
-6.480263
-3.801815
-6.523525
-8.096129
-7.297506
-7.003247
-7.869047
-8.139940
-3.542239
-6.515859
-7.829618
-5.819093
-4.832998
-6.999231
-8.376150
-3.370466
-6.163733
-7.879999
-6.900841
-6.271251
-7.610201
-8.333982
-2.709479
-5.424984
-7.581177
-8.012526
-7.942794
-7.972001
-8.169147
-4.004072
-6.081224
-7.823959
-8.236140
-8.197623
-7.848602
-8.095400
0.837830
0.837830
0.837830
0.837830
0.837830
0.837830
0.837830
0.753748
0.779106
0.837830
0.837830
0.837830
0.837830
0.837830
0.701697
0.777708
0.797791
0.753176
0.758642
0.809866
0.837830
0.993791
0.870623
0.791562
0.743770
0.740084
0.752922
0.772242
0.891596
0.817937
0.832428
1.010442
0.949557
0.691847
0.659561
0.937164
0.888482
0.869289
0.852701
0.858040
0.903099
0.878822
0.920577
0.906468
0.944219
0.879012
0.911044
1.127889
1.144794
-1.971450
-1.784341
-1.756728
-1.904066
-1.963207
-1.893763
-1.245268
-1.707683
-1.641124
-1.855022
-2.445407
-2.739672
-2.287146
-1.698823
-1.545096
-1.611037
-1.227545
-1.061044
-0.973671
-1.424959
-1.644009
-1.306058
-1.805772
-1.049504
-0.278398
-0.181546
-0.528770
-1.093395
-1.193957
-1.713866
-1.324604
-0.456440
-0.666217
-0.863218
-1.072171
-1.223012
-1.477300
-1.721285
-1.459785
-1.680277
-1.237643
-0.842611
-1.410946
-1.234965
-1.274323
-1.557667
-1.743127
-1.043115
-1.127603
-1.975009
-2.130965
-2.359074
-2.569873
-2.845546
-2.238386
-1.818406
-1.906738
-3.092746
-3.645871
-3.436852
-3.728217
-4.081545
-3.191755
-1.669569
-3.156972
-3.445588
-2.667750
-2.580713
-3.849714
-4.279240
-1.613107
-3.116851
-3.122837
-2.196324
-2.044088
-2.944555
-4.572546
-1.549851
-3.147589
-4.334245
-4.712324
-4.586621
-4.772021
-5.143953
-1.485301
-3.096628
-5.178250
-5.839768
-5.955441
-5.387270
-4.069897
-2.407932
-3.579056
-4.973114
-5.881507
-5.951396
-5.529313
-3.787267
1.922723
1.910502
1.883616
1.883616
1.883616
1.883616
1.883616
1.570759
1.761407
1.883616
1.883616
1.883616
1.883616
1.883616
1.883616
1.883616
1.883616
1.883616
1.883616
1.883616
1.883616
1.883616
1.891940
1.933954
1.894714
1.898876
1.975901
1.903963
1.883616
1.890553
1.922063
1.952120
2.020822
2.051671
1.921204
1.883616
1.868357
1.838366
1.876812
1.876812
1.816236
1.858910
1.883616
1.875293
1.844377
1.798136
1.721242
1.708691
1.830769
1.686381
1.433030
1.561042
1.484147
1.491198
1.353304
1.593608
1.472155
1.314689
1.544038
1.437620
1.438516
1.260196
1.398425
1.568128
1.500113
1.648013
1.749385
1.711790
1.401607
1.506602
1.510435
1.547327
1.605635
1.691832
1.669518
1.418980
1.602171
1.570661
1.512281
1.486363
1.449770
1.510083
1.396297
1.647503
1.499146
1.387171
1.467319
1.401871
1.456522
1.353427
1.568375
1.694593
1.455362
1.610172
1.480507
1.570942
1.497757
1.798251
-0.948034
-1.548082
-1.531902
-1.532364
-1.561950
-1.383739
-1.305612
-0.527122
-2.396608
-2.140733
-2.421110
-2.457168
-2.684728
-2.032673
-0.453850
-1.332194
-1.987716
-1.987716
-1.987716
-1.987716
-1.987716
-0.365206
-1.814127
-1.987716
-1.987716
-1.987716
-1.987716
-1.987716
-0.334002
-1.692777
-1.987716
-1.987716
-1.987716
-1.834468
-1.745825
0.003121
-1.465448
-1.969109
-1.975466
-1.987716
-1.933629
-1.846488
-1.053551
-2.290629
-1.976852
-1.985173
-1.987716
-2.128945
-1.935131
-1.387625
-2.729422
-2.423587
-2.736731
-2.878394
-2.659692
-1.042343
-2.851013
-4.188169
-3.891616
-4.659334
-5.001135
-4.622439
-2.437046
-2.441106
-3.596455
-3.359190
-3.922478
-4.336329
-4.432743
-2.485543
-2.365460
-3.523942
-3.079809
-3.141068
-3.423930
-4.164616
-2.503758
-2.163350
-3.203604
-2.738356
-3.144665
-3.743107
-3.913892
-2.122046
-2.460482
-3.541345
-3.255698
-4.252562
-4.877457
-4.577423
-2.685101
-1.250371
-2.435885
-2.081089
-2.696819
-3.033284
-3.156847
-1.501559
-0.131180
0.188890
-0.116752
-0.046690
-0.059095
-0.023372
-0.260123
0.499962
0.198100
-0.035936
0.058775
0.137568
0.029867
-0.014800
-0.419253
-0.411267
-0.599838
-0.599838
-0.544576
-0.428463
-0.467434
-0.305376
-0.358135
-0.599358
-0.606066
-0.635241
-0.462536
-0.425056
-0.260868
-0.333858
-0.590201
-0.497247
-0.557353
-0.459661
-0.599838
-0.225997
-0.283495
-0.562997
-0.378366
-0.225039
-0.412012
-0.602393
-0.067719
-0.316023
-0.580352
-0.462269
-0.339821
-0.530308
-0.595951
-1.434626
-1.465807
-2.599104
-1.760928
-1.906074
-1.607228
-2.704514
-1.740370
-3.469979
-4.239032
-3.895483
-3.987786
-3.793246
-4.384315
-3.567387
-4.794780
-6.118891
-5.899793
-5.928353
-6.441468
-6.727069
-2.865526
-4.156800
-5.244981
-4.856039
-5.300169
-5.982438
-6.685678
-2.778191
-4.086849
-5.460078
-5.434829
-5.826530
-6.303635
-6.609793
-2.574545
-4.378658
-6.366964
-6.567712
-6.622487
-6.590477
-6.679469
-3.682731
-5.054166
-6.727069
-6.681262
-6.656703
-6.680159
-6.727069
-1.228184
-0.518919
-1.517015
-1.413970
-1.584065
-1.246914
-1.444807
-0.427926
-1.384272
-1.403437
-1.525702
-1.582925
-1.496113
-1.210268
-1.320208
-1.315213
-1.492910
-1.405120
-1.493995
-1.371622
-1.576084
-1.023776
-1.258859
-1.234102
-1.149624
-1.072041
-1.142186
-1.298654
-1.038435
-1.125627
-1.168735
-1.092183
-0.616372
-1.132251
-1.172101
-1.053093
-1.211625
-1.368799
-0.980994
-1.170635
-0.915193
-1.523259
-1.207282
-1.353109
-1.521630
-1.277589
-1.140231
-1.316028
-1.584065
-2.198799
-0.802742
-0.779605
-0.560411
-0.430677
0.060840
0.699400
-2.316365
-1.058611
-0.974978
-0.976520
-0.914824
0.288946
1.092373
-2.197256
-0.972236
-0.817480
-1.111567
-1.196572
0.237875
1.098714
-2.142243
-0.808226
-0.749100
-0.998457
-1.127848
0.203941
0.657754
-2.174977
-0.691002
-1.003084
-1.312767
-0.938303
0.928705
0.535218
-2.403940
-0.663581
-1.240445
-1.253812
-0.503513
0.753213
0.904027
-2.313452
-0.631705
-0.852784
-0.780291
-0.512253
0.052442
0.815766
-0.141551
-0.141551
-0.023801
0.051359
0.024427
0.070776
-0.141551
-0.141551
-0.141551
-0.085933
0.032820
0.089816
0.376426
0.268947
-0.141551
-0.141551
-0.173118
-0.319429
-0.490418
-0.353627
0.203307
-0.141551
-0.141551
-0.155080
-0.257297
-0.485909
-0.414006
0.133534
-0.141551
-0.141551
-0.141551
-0.155080
-0.223475
-0.216210
0.018790
-0.141551
-0.141551
-0.141551
-0.141551
-0.141551
-0.000251
-0.122010
-0.141551
-0.141551
-0.141551
-0.141551
-0.141551
-0.159589
-0.355005
-0.177700
-1.052442
-1.192971
-1.388218
-1.506477
-1.454771
-0.496760
-1.184561
-2.658644
-3.131368
-3.597706
-3.827112
-3.757237
-2.121339
-1.364493
-2.749493
-3.006931
-3.525131
-4.027861
-4.004396
-2.455922
-0.874949
-2.223038
-2.335794
-2.311239
-2.374054
-3.211366
-2.237366
-0.790850
-1.992335
-1.909377
-1.428866
-1.596494
-2.331433
-1.848327
-1.113492
-2.255692
-2.292187
-2.165466
-2.139769
-2.980092
-2.179275
-0.410895
-1.301730
-1.348919
-1.430475
-1.632990
-2.197860
-1.134516
-0.880035
-0.880035
-0.880035
-0.880035
-0.880035
-0.880035
-0.880035
-0.880035
-0.880035
-0.880035
-0.880035
-0.880035
-0.880035
-0.880035
-0.880035
-0.880035
-0.880035
-0.880035
-0.880035
-0.880035
-0.880035
-0.880035
-0.880035
-0.880035
-0.880035
-0.880035
-0.880035
-0.880035
-0.880035
-0.880035
-0.880035
-0.880035
-0.880035
-0.880035
-0.880035
-0.880035
-0.880035
-0.880035
-0.880035
-0.880035
-0.880035
-0.880035
-0.880035
-0.880035
-0.880035
-0.880035
-0.880035
-0.880035
-0.880035
-0.122405
-0.122405
-0.122405
-0.122405
-0.122405
-0.122405
-0.122405
-0.122405
-0.122405
-0.122405
-0.122405
-0.122405
-0.122405
-0.122405
-0.122405
-0.122405
-0.122405
-0.122405
-0.122405
-0.122405
-0.122405
-0.122405
-0.122405
-0.122405
-0.122405
-0.122405
-0.122405
-0.122405
-0.122405
-0.122405
-0.122405
-0.122405
-0.122405
-0.122405
-0.122405
-0.122405
-0.122405
-0.122405
-0.122405
-0.122405
-0.122405
-0.122405
-0.122405
-0.122405
-0.122405
-0.122405
-0.122405
-0.122405
-0.122405
0.100597
-0.529758
-0.385839
-0.843333
-0.844113
-0.810754
0.281255
-0.651844
-0.994706
-1.193127
-1.638837
-1.599154
-1.549245
-0.439473
-0.441639
-1.253606
-1.799654
-1.884481
-1.740994
-1.641957
-0.552894
-0.504111
-1.528883
-2.214605
-2.257929
-1.605826
-1.952586
-0.768470
-0.293386
-1.257939
-2.036373
-2.837596
-3.088959
-2.387292
-1.009002
-0.316521
-0.855724
-1.851036
-3.863667
-4.176202
-3.216415
-0.960567
0.596823
-0.002860
-0.486435
-1.999548
-2.432869
-1.502889
0.396149
0.313207
0.036848
-0.662068
-0.392874
-0.486017
-0.671451
-1.125567
-1.952427
-3.178644
-4.224204
-4.427720
-4.435056
-4.080736
-3.710039
-0.688339
-1.995417
-2.968816
-3.041488
-3.020505
-3.097272
-3.227775
-0.914886
-2.107837
-3.047117
-3.020505
-3.020505
-3.020505
-3.020505
-0.547601
-1.809301
-2.092654
-2.872090
-2.942715
-2.194668
-1.858772
-1.080701
-1.484834
-1.718716
-1.022018
-1.083943
-0.468787
-1.841031
-3.241251
-2.595219
-2.420874
-1.562113
-1.081896
-2.140591
-2.926850
-2.217216
-2.547277
-3.480330
-3.452120
-3.678367
-2.842400
-3.560661
-2.222084
-3.893444
-5.151259
-4.537101
-4.393907
-4.341211
-5.150830
-2.882924
-4.923725
-6.229653
-4.711655
-4.007570
-5.228012
-7.183755
-2.236117
-4.465647
-5.752245
-4.519058
-3.778316
-4.816616
-7.167001
-2.309289
-4.583209
-6.469503
-6.489980
-6.141732
-6.212327
-7.386661
-2.211630
-4.599104
-6.954358
-7.645412
-7.859488
-7.385515
-7.574102
-3.608058
-5.566952
-7.280840
-7.862494
-8.137283
-7.855621
-7.863211
-0.075051
-1.211476
-0.601061
-0.738872
-0.763780
-1.150239
0.027954
0.057648
-1.431843
-0.871679
-0.899089
-1.002421
-1.605113
-0.414739
-0.169354
-2.060531
-1.662978
-1.259769
-1.012863
-1.974929
-1.054304
-0.436492
-3.077635
-2.830619
-1.878668
-1.299579
-2.689872
-2.027900
-0.231571
-2.577621
-2.484950
-1.974929
-1.452291
-2.762965
-1.763264
0.375146
-0.911272
-0.883862
-2.369219
-2.904148
-2.651041
-0.383739
1.356138
0.577892
0.706349
-0.255718
-0.731911
-0.724188
0.903766
1.256537
1.339793
1.341874
1.129572
1.224588
1.205543
1.165476
1.256537
1.480287
1.724122
1.407230
1.090962
1.128740
1.216470
1.268609
1.727140
2.118234
1.139667
0.373402
0.822359
1.256537
1.273188
2.050589
2.297234
0.623481
0.446875
0.882199
1.250709
1.271107
1.920502
1.832042
0.381728
1.062864
1.158920
1.238325
1.256537
1.598718
1.530657
1.055683
1.278808
1.137586
1.248524
1.256537
1.306491
1.382670
1.356860
1.120830
0.920704
1.256537
-1.246316
-1.347540
-1.452149
-1.349761
-1.243989
-1.362560
-1.150169
-1.288519
-1.383291
-1.344367
-1.391859
-1.364887
-1.334002
-1.240499
-1.350819
-1.357906
-1.381387
-1.406456
-1.414812
-1.388580
-1.305443
-1.339184
-1.312318
-1.388897
-1.596634
-1.710551
-1.729061
-1.528517
-1.348069
-1.398734
-1.561623
-1.713301
-1.891210
-2.054840
-1.358118
-1.604144
-1.826054
-1.825843
-2.147708
-2.416688
-2.350474
-1.659886
-1.465159
-1.684425
-1.643385
-1.826900
-1.969482
-1.909509
-1.369118
-0.905426
-0.893699
-1.134884
-1.079570
-1.081062
-1.067098
-1.122276
-0.593879
-0.915594
-1.127428
-1.066013
-1.024528
-1.069267
-1.076045
-1.120920
-1.130478
-1.176776
-1.176776
-1.176776
-1.176776
-1.176776
-1.088111
-1.140578
-1.176776
-1.176776
-1.176776
-1.176776
-1.176776
-1.181793
-1.175692
-1.176776
-1.171896
-1.199349
-1.171896
-1.176776
-1.163084
-1.163355
-1.176776
-1.113328
-1.115158
-1.116379
-1.176776
-1.147221
-1.164710
-1.176776
-1.132241
-1.043779
-1.122479
-1.176776
-7.003238
-4.221873
-5.191326
-5.088912
-5.256206
-4.828677
-6.951724
-4.073986
-0.023811
-1.568627
-1.261744
-1.704582
-1.012519
-4.763695
-4.597067
-0.740762
-1.589469
-1.123689
-1.569498
-1.063111
-4.911222
-4.244199
-0.260747
-1.226819
-0.580842
-1.172182
-0.807076
-4.945327
-4.288544
-0.234579
-1.207361
-0.726066
-1.085847
-0.832986
-4.782283
-4.234316
-0.134112
-1.194201
-0.866322
-1.078627
-1.199987
-4.810038
-6.509346
-4.002399
-4.906307
-5.093060
-5.168948
-4.982452
-6.735476
-0.716661
-2.921711
-3.923255
-3.260546
-3.274392
-3.173490
-3.707922
-3.097574
-2.047967
-4.623205
-3.946650
-3.865960
-3.804368
-4.360764
-5.005011
-5.349893
-5.749046
-5.749046
-5.749046
-5.749046
-5.749046
-5.205224
-5.247877
-5.749046
-5.749046
-5.749046
-5.749046
-5.749046
-5.289097
-5.264269
-5.749046
-5.749046
-5.749046
-5.749046
-5.749046
-4.856204
-5.143791
-5.749046
-5.749046
-5.749046
-5.749046
-5.749046
-4.937371
-5.171484
-5.749046
-5.749046
-5.749046
-5.749046
-5.749046
-1.318422
-2.568315
-4.003923
-3.999979
-4.188909
-2.955674
-3.235489
-2.279147
-4.989635
-6.044314
-5.908424
-6.102615
-5.623202
-5.341195
-3.483159
-5.664408
-6.370450
-5.221671
-5.286108
-6.090342
-7.374426
-2.780478
-5.290200
-5.169652
-3.455543
-3.314539
-4.332397
-6.897643
-2.643712
-4.805964
-4.922859
-4.283009
-4.153694
-3.404402
-5.827914
-1.826912
-3.771304
-4.656194
-5.017105
-5.468463
-3.846700
-5.203113
-2.819053
-4.465218
-5.456043
-5.627732
-6.235875
-5.771512
-6.330559
0.235632
1.884323
1.785402
1.785402
1.785402
1.800867
1.058518
0.719442
1.407370
1.785402
1.785402
1.785402
1.553418
1.027587
1.685313
1.861854
1.785402
1.785402
1.785402
1.785402
1.785402
1.442532
1.718871
1.785402
1.785402
1.785402
1.785402
1.785402
1.835009
1.811956
1.785402
1.785402
1.785402
1.785402
1.785402
1.832820
1.840845
1.785402
1.785402
1.785402
1.785402
1.785402
1.435529
1.742507
1.785402
1.785402
1.785402
1.785402
1.785402
0.789143
0.709394
0.905878
0.937248
0.947036
0.979850
0.961197
1.338840
1.233457
1.157560
1.015392
1.048447
1.240839
1.264787
0.932875
0.662179
0.699205
0.645692
0.548413
0.528917
0.659451
0.945552
0.688815
0.886502
1.053742
0.960555
0.771813
0.659371
0.809281
0.596110
0.822760
0.747584
0.810204
0.877396
0.839488
0.973993
0.686729
0.632133
0.494659
0.672248
0.758495
0.789745
1.291223
1.022051
0.838124
0.916749
1.055186
0.874869
0.792072
2.060491
2.060491
2.060491
2.060491
2.060491
2.058520
2.046432
1.643190
1.768144
1.522966
1.405764
1.541098
1.431780
1.410888
1.414699
1.658957
1.262810
1.350842
1.570136
1.115256
1.010800
2.087426
2.207913
2.431805
2.699582
2.545197
2.345875
2.148918
2.387526
2.433776
2.737292
2.537576
2.371628
2.823222
2.810083
2.468858
2.085324
2.060491
2.060491
2.065221
2.196088
2.534291
2.060491
2.060491
2.060491
2.060491
2.060491
2.060491
2.060491
-1.489820
-1.711009
-2.700123
-3.853964
-4.348521
-3.285057
-3.884711
-1.219994
-3.285801
-5.545595
-7.571153
-8.047448
-6.427933
-5.763058
-1.263039
-4.499273
-6.712480
-7.971046
-7.929492
-7.824953
-8.086952
-0.886996
-4.002294
-4.994762
-4.964574
-4.424550
-5.843185
-8.185715
-1.044643
-3.903532
-5.322540
-6.272894
-5.787282
-5.981639
-7.897254
-1.626781
-3.331642
-5.132657
-7.708302
-8.024900
-5.902816
-6.797639
-4.240814
-4.348148
-5.046938
-6.426442
-6.837889
-6.061580
-7.936946
-2.818172
-2.303371
-1.660004
-1.264513
-1.105523
-1.446783
-1.988301
-2.073219
-1.554981
-0.796273
-0.581464
-0.589401
-0.858705
-1.687516
-1.866347
-1.259223
-0.215074
-0.434379
-0.967961
-0.971400
-1.695982
-1.792540
-1.029335
0.136239
-0.976427
-1.941477
-1.202345
-1.566620
-1.815555
-0.928280
0.167984
-0.565592
-1.495194
-0.670351
-0.943623
-2.016078
-1.240175
-0.696805
-0.428295
-0.881191
-0.825902
-1.274036
-1.119544
-0.979072
-0.804209
-0.932777
-1.126687
-1.183034
-1.181711
-0.026428
0.063740
0.072826
-0.063878
-0.083295
-0.065169
-0.035283
-0.010746
0.142284
0.224703
0.085509
-0.140854
-0.226410
-0.102066
0.001015
0.252422
0.509548
0.291717
-0.318837
-0.451850
-0.200951
0.002491
0.275575
0.577116
0.523338
-0.452819
-0.641732
-0.147865
0.001799
0.222950
0.556454
0.667052
-0.327046
-0.848540
-0.118993
0.010193
0.198644
0.472236
0.702105
-0.218062
-0.779127
-0.248732
0.002075
0.165114
0.316715
0.210774
-0.134766
-0.331428
-0.184116
0.699353
-0.244448
-0.326244
-0.339903
-0.300732
0.070964
0.205904
-0.212734
-0.678158
-0.733029
-1.262509
-1.206460
-0.625799
-0.474609
-0.412594
-0.740644
-0.877155
-1.328763
-1.172863
-0.905807
-0.971511
-0.343985
-0.681298
-0.599345
-0.971590
-0.909575
-0.944586
-1.044987
-0.358979
-0.763330
-0.833273
-1.252540
-1.220590
-1.139422
-0.897329
-0.310152
-0.992863
-1.066967
-1.069086
-1.139893
-1.384184
-1.142954
-0.422328
-1.176160
-1.153395
-0.986426
-1.187778
-1.406635
-1.389443
0.444800
-0.832656
-0.959082
-0.689261
-0.719618
-0.674836
-0.838501
-0.513528
-1.099367
-1.445176
-1.304891
-1.482698
-1.382387
-1.449701
-0.319600
-1.321012
-0.934193
-0.557555
-0.826151
-1.062881
-1.431505
-0.162534
-1.003958
-0.975298
-0.720844
-0.528990
-0.953331
-1.596585
0.164608
-0.826717
-1.532382
-2.069291
-2.162436
-1.649568
-1.888090
0.254831
-0.856886
-2.012441
-2.583290
-2.658900
-2.424339
-2.168470
-0.796265
-1.764304
-2.336189
-2.715844
-2.659560
-2.588098
-2.754874
-0.859772
-0.277250
-0.484884
-0.475565
-0.442006
-0.434916
-0.759230
0.429447
0.490893
0.160975
0.211415
0.366651
0.502507
0.184541
-0.416483
-0.335995
-0.569287
-0.722362
-0.476376
-0.180557
-0.089536
-0.435457
-0.566587
-0.950726
-0.965918
-0.963082
-0.366178
-0.487314
-0.478199
-0.654839
-0.922096
-0.922839
-1.027027
-0.746738
-0.723848
-0.503588
-0.439576
-0.794477
-0.731748
-0.517160
-0.706157
-0.647547
-0.477929
-0.435119
-0.608653
-0.507639
-0.424585
-0.538700
-0.684347
-2.109830
-2.777676
-2.901876
-2.637717
-2.602620
-2.772805
-2.952731
-2.859330
-2.705189
-2.875804
-2.827528
-2.802029
-2.875947
-2.941844
-2.986538
-2.986538
-2.986538
-2.986538
-2.986538
-2.986538
-2.986538
-2.986538
-2.986538
-2.986538
-2.986538
-2.986538
-2.986538
-2.986538
-2.986538
-2.986538
-2.986538
-2.986538
-2.986538
-2.986538
-2.986538
-2.986538
-2.986538
-2.986538
-2.986538
-2.986538
-2.986538
-2.986538
-2.986538
-2.986538
-2.986538
-2.986538
-2.986538
-2.986538
-2.986538
-0.301060
-0.263396
-0.467500
-0.612685
-0.638664
-0.593045
-1.190752
-1.728918
-0.787391
-1.013497
-0.758491
-0.730461
-1.456820
-2.166958
-2.452294
-2.292379
-2.166647
-1.617791
-1.384228
-2.161675
-2.743906
-2.675229
-2.693564
-2.579703
-2.131283
-1.704306
-2.201017
-2.743906
-2.497415
-2.433835
-2.511151
-2.341789
-2.097287
-2.392442
-2.740674
-1.653466
-0.922259
-1.412942
-1.853530
-2.154963
-2.160059
-2.456582
-0.638291
-0.444318
-0.564083
-1.112690
-1.607909
-1.717668
-1.831529
1.030893
1.067304
0.994482
0.994482
0.994482
1.023741
1.008136
0.927592
0.877446
0.329895
0.058274
0.022188
0.124595
0.461724
0.829575
0.773332
0.286332
0.291290
0.538854
0.649144
0.677834
1.076326
1.378263
1.623632
1.945969
1.963931
1.798129
1.459456
1.035444
1.345183
1.622657
1.725307
1.591772
1.481807
1.328847
1.075919
1.071205
1.030649
1.013988
1.010086
1.042922
1.046254
1.052349
1.025691
0.994482
0.994482
0.994482
0.994482
0.994482
-1.864288
-0.321851
-0.805670
-0.768094
-0.869074
-0.771344
-0.048573
-1.734481
-0.200209
-0.220955
-0.106145
-0.909815
-1.107442
-0.050573
-2.076079
-0.354511
0.289025
0.626706
-0.787507
-1.660247
-0.101063
-2.209968
-0.282609
0.522644
0.924312
-0.745016
-1.916028
0.051573
-2.097324
-0.163217
0.480569
0.644286
-1.082614
-1.799385
-0.278360
-1.770891
0.036909
0.158885
-0.230787
-1.445290
-1.567015
-0.727852
-1.500446
-0.400835
-0.617625
-1.213171
-1.387885
-0.877989
-0.728769
-0.960585
-1.827880
-0.701231
-0.648537
-0.583929
-1.115840
-0.442614
-1.152935
0.220847
0.227479
0.154642
0.129093
0.302098
-0.068109
-0.114907
0.319294
0.057484
-0.432174
-0.325927
-0.102501
0.747415
-0.231471
0.140823
0.079409
-0.528042
-0.667146
0.115398
0.467856
-0.208195
0.497580
0.585280
0.510416
0.569620
0.532464
0.895792
-0.503845
0.443597
0.890572
0.890572
0.893704
0.882957
0.435797
0.047289
0.195667
0.890572
0.890572
0.890572
0.418663
0.625384
-2.604853
-1.175001
-0.815436
-0.751934
-0.716398
-0.964730
-1.491882
-1.260583
-0.987229
-0.594860
-0.659204
-0.821954
-0.756770
-0.858962
-1.194978
-0.840038
-0.393420
-0.652475
-1.042950
-0.554278
-0.638807
-1.288128
-1.153344
-0.861696
-0.902278
-1.239135
-0.970196
-1.048628
-1.173320
-1.068815
-0.782213
-1.108345
-1.668091
-1.153764
-1.338173
-1.347004
-0.970827
-0.966832
-1.890558
-2.797042
-1.353733
-1.160072
-1.163857
-0.559745
-0.317511
-0.498346
-0.804922
-0.480052
-0.773381
0.147600
0.147600
0.147600
0.147600
-0.222107
0.147600
0.147600
0.147600
0.147600
0.147600
-1.152974
-2.769966
-1.017163
0.147600
0.147600
0.147600
-1.086955
-6.650937
-8.395253
-6.301508
-0.533339
0.147600
-0.116476
-2.752990
-8.355641
-10.016018
-7.914258
-0.712533
0.147600
-0.358860
-2.731770
-2.936429
-2.442230
-3.815895
-0.210789
0.147600
0.138640
-0.244270
-0.494199
-2.240872
-3.480142
-0.264547
0.147600
0.147600
0.041969
-0.919078
-3.100061
-2.155990
-0.067434
0.233153
0.233153
0.233153
0.233153
0.233153
0.233153
0.233153
0.233153
0.233153
0.233153
0.233153
0.233153
0.233153
0.233153
0.233153
0.226477
-0.434466
0.229815
0.233153
0.233153
0.233153
0.233153
-0.618061
-0.564651
-0.534608
0.233153
0.233153
0.233153
0.233153
0.216462
0.183082
0.213124
0.233153
0.233153
0.233153
0.233153
0.233153
0.233153
0.233153
0.233153
0.233153
0.233153
0.233153
0.233153
0.233153
0.233153
0.233153
0.233153
0.233153
-1.390073
-1.006437
-1.811678
-1.739671
-1.821662
-1.490369
-2.946246
-2.419655
-3.813963
-5.229903
-5.248359
-5.321576
-4.822971
-5.239434
-3.372692
-5.621556
-7.782529
-7.503577
-7.338838
-7.604024
-7.619152
-2.904191
-5.482987
-7.646986
-6.932209
-6.622698
-7.295119
-7.884640
-2.690135
-5.038691
-7.327795
-7.188016
-6.949908
-7.038404
-7.180755
-2.325259
-3.781287
-5.488433
-5.828198
-5.975239
-5.591755
-6.226205
-3.735753
-3.904426
-4.347663
-4.198808
-4.415738
-4.982870
-6.281572
-0.696135
-1.338688
-2.326754
-1.515587
-1.670805
-1.597615
-2.863942
-1.916199
-2.514839
-3.823284
-3.271044
-3.703556
-3.872308
-4.569408
-2.672681
-3.595705
-4.439186
-4.097402
-4.780003
-5.415652
-6.148381
-1.969642
-2.782052
-3.711013
-3.260273
-3.766527
-4.097816
-5.246210
-2.096413
-2.906889
-4.302472
-4.248339
-4.077654
-3.458576
-4.510166
-2.243760
-3.313025
-4.933702
-4.253587
-3.754789
-3.606890
-4.806379
-3.577062
-4.401210
-5.425180
-4.232596
-3.832260
-4.616222
-5.904368
-0.155996
-1.507940
-1.454123
-1.513892
-1.626053
-1.324602
-0.852522
-1.548923
-1.285231
-1.909214
-1.846965
-1.872262
-1.647816
-1.791101
-1.720420
-2.162367
-2.416573
-2.416573
-2.416573
-2.416573
-2.416573
-1.594370
-2.002837
-2.416573
-2.416573
-2.416573
-2.416573
-2.416573
-1.575646
-1.956832
-2.416573
-2.416573
-2.416573
-2.375032
-2.387433
-1.281883
-1.819312
-2.321835
-2.201428
-2.239373
-2.249045
-2.258469
-1.085028
-1.961730
-2.283890
-1.970658
-1.820738
-2.272234
-2.370692
0.349821
0.305006
0.172117
0.093891
0.006444
-0.028235
0.181829
0.348644
0.307977
0.119578
0.067290
-0.114939
-0.180229
0.057978
0.311519
0.294140
0.126708
0.114916
-0.056561
-0.171477
0.070318
0.348255
0.378695
0.191290
0.135746
0.025344
-0.127519
0.194627
0.382180
0.371005
0.142236
0.119258
0.074375
-0.056698
0.222050
0.266430
0.188308
0.067073
0.157616
0.027515
-0.027081
0.164689
0.408507
0.353054
0.191987
0.169968
0.028178
0.144168
0.290906
-1.726962
-1.614167
-0.993969
-1.016358
-1.079855
-1.581536
-1.286022
-1.264621
-1.290048
-0.445531
-0.954699
-1.245057
-1.293367
-0.815912
-0.587920
-0.066180
0.494971
-0.546460
-1.118771
-0.699161
0.023378
-0.810120
-0.358374
0.232159
-0.910555
-1.548410
-1.143562
-0.269522
-0.784482
-0.620621
-0.040683
-0.534665
-0.867401
-0.790839
-0.143025
-1.171461
-1.173721
-0.508038
-0.572311
-0.729038
-0.982103
-0.555925
-0.797760
-0.732428
-0.304343
-0.457255
-0.369957
-0.673594
-0.464742
0.172256
-0.633096
-2.321580
-1.753368
-2.008832
-1.335828
-2.258053
-0.934984
-2.773462
-4.490859
-4.399369
-4.654970
-4.340593
-4.689177
-2.356194
-4.230236
-6.075637
-6.372503
-6.942072
-7.080257
-7.101161
-1.799112
-3.514201
-5.108210
-5.846913
-6.647243
-6.568784
-6.913024
-1.629707
-3.351991
-5.243544
-5.914105
-6.546115
-6.304089
-6.463314
-1.524237
-3.676684
-5.978989
-5.823023
-6.158710
-6.321057
-6.570006
-3.502935
-4.904734
-6.510687
-5.926729
-6.029485
-6.601769
-6.923748
-0.291480
-1.135989
-1.492013
-1.406790
-0.788999
-1.116289
-2.767430
-1.135663
-2.049396
-2.479432
-2.920571
-2.591540
-1.607060
-2.530588
-1.360640
-2.197421
-1.778160
-1.622298
-2.297121
-3.015917
-2.349801
-1.297403
-3.044652
-2.236931
-1.090275
-2.372984
-2.496412
-2.310182
-0.806523
-3.010584
-3.211725
-2.699185
-2.256196
-1.732229
-2.265883
-0.236188
-2.121776
-3.088189
-2.713335
-2.264359
-1.261920
-2.260006
-1.417456
-1.798731
-2.568139
-2.502398
-2.259353
-2.418698
-2.201013
0.106433
0.421291
0.608193
0.993508
1.029227
0.786579
0.108394
-0.166720
0.363533
0.442299
0.552603
0.732537
1.043731
0.389289
-0.095954
0.284250
0.105297
-0.129557
-0.038196
0.395638
0.340873
-0.173947
0.000103
-0.219575
-0.204090
-0.188709
-0.031847
-0.074431
-0.267217
-0.197535
-0.016672
0.303039
0.317285
0.221382
-0.266907
-0.167804
-0.072521
-0.121453
-0.150668
-0.117117
0.226079
-0.121866
-0.248325
-0.164088
-0.158307
-0.330085
-0.301335
-0.007536
-0.338396
0.248279
-0.831862
-0.458036
-0.675984
-0.355269
-0.741509
-2.898336
0.111470
-1.619700
-1.530371
-1.670507
-1.208760
-1.133892
-3.085569
0.752515
-1.845070
-1.644656
-1.432851
-1.094731
-0.979934
-2.926236
0.659091
-2.236046
-2.105124
-2.556121
-1.358751
-0.528937
-2.870821
0.612763
-2.146973
-2.449770
-3.021836
-1.549056
-0.219996
-2.501730
0.078323
-2.377462
-2.892449
-2.984082
-1.890375
-0.640534
-2.173464
-0.703243
-2.044590
-2.381558
-2.232462
-1.477387
-1.842767
-2.646730
-0.567212
-3.165542
-3.528530
-3.353771
-3.901284
-3.436773
-3.421621
-3.212178
-4.949842
-5.276464
-5.240772
-5.501733
-5.345493
-5.231343
-3.521122
-4.523886
-5.674977
-5.616051
-5.866742
-6.090663
-6.305493
-2.739249
-4.012235
-4.320842
-5.084027
-5.596689
-5.850915
-6.254311
-2.919565
-4.591231
-5.188243
-5.876843
-6.146896
-6.199761
-6.353981
-3.182210
-4.979474
-6.207170
-6.345226
-6.389000
-6.389000
-6.389000
-3.803971
-5.493651
-6.389000
-6.389000
-6.389000
-6.389000
-6.389000
-1.606440
-0.999784
-1.943752
-1.923247
-1.919703
-1.463161
-2.503702
-1.615806
-2.557115
-3.949143
-4.133937
-4.301897
-3.863708
-4.272659
-2.372068
-3.882188
-6.033769
-6.221727
-6.538028
-6.462845
-6.356905
-1.878694
-3.946106
-6.236156
-6.435506
-6.447530
-6.352855
-6.432215
-1.802878
-3.749415
-6.198945
-6.393737
-6.253750
-5.801131
-5.753161
-1.830724
-3.222372
-5.238397
-5.619375
-5.755313
-4.962218
-4.983862
-3.287430
-3.966484
-4.902857
-5.160555
-5.384080
-5.029554
-5.131064
-0.918828
-0.192969
-0.436558
-0.147718
-0.279483
-0.506660
-1.620758
-0.189595
0.570778
0.753930
0.872964
0.516630
0.429042
-1.029579
-0.444995
0.569551
0.532276
0.448216
0.246964
0.285005
-1.109037
-0.427969
0.669410
0.257701
0.165972
0.490400
-0.019788
-1.406007
-0.268286
0.586731
0.040496
0.476901
0.734602
-0.194043
-1.195091
-0.479969
0.332404
0.423520
0.613728
0.449137
0.087281
-1.149839
-1.760040
-1.138181
-1.221167
-1.310136
-1.343422
-1.216105
-1.394196
-0.556883
-0.530424
-1.524639
-1.381540
-1.567721
-0.915808
-0.598995
-0.665904
0.507705
-0.238130
0.102649
-0.159169
0.442597
-0.014961
-1.472829
-0.160000
-1.569799
-1.323081
-2.182370
-0.640277
-0.364329
-1.505522
-0.278303
-1.695306
-1.316293
-2.380742
-0.530701
-0.429160
-1.322527
0.026874
-1.172639
-1.034666
-2.414543
-0.131740
-0.570874
-1.048380
0.016346
-1.220431
-1.016380
-1.786734
0.297004
-0.686960
-0.333575
0.234666
-0.414891
0.054580
-0.192692
0.424311
-0.619636
-2.505536
-2.736001
-4.375486
-4.610162
-4.947681
-4.051919
-4.700015
-1.928649
-4.571430
-5.909720
-6.361992
-6.805243
-6.188662
-6.297158
-3.096736
-5.433633
-7.057961
-6.689408
-6.745340
-7.252822
-8.224124
-2.393070
-4.945396
-6.090268
-5.498466
-5.049442
-5.400434
-7.566525
-2.251855
-4.741273
-6.547832
-6.721403
-6.152095
-5.946768
-7.472342
-2.492305
-4.800212
-6.925768
-7.738293
-7.935560
-7.468493
-8.197300
-4.831125
-6.224266
-7.588177
-7.880109
-8.315420
-8.434261
-8.702256
-0.180885
0.018303
-0.109232
-0.153041
-0.126094
-0.090968
-0.203159
-0.137075
0.223760
0.000896
-0.085360
-0.049962
0.008411
-0.151211
-0.282873
-0.205768
-0.280069
-0.289766
-0.289766
-0.289766
-0.289766
-0.285015
-0.279875
-0.304914
-0.289221
-0.297515
-0.299696
-0.292219
-0.261455
-0.049456
-0.287858
-0.267647
-0.152574
-0.274540
-0.241322
-0.243347
0.238830
-0.006815
-0.221813
-0.075625
-0.178548
-0.150004
-0.259898
0.095914
0.179171
-0.196228
-0.177146
-0.024611
-0.177068
-0.592997
-1.607943
-1.624825
-1.778937
-1.977181
-2.167664
-0.917289
-1.353134
-2.620391
-2.644602
-2.888662
-3.147434
-3.512058
-1.952536
-1.256509
-2.676086
-2.618220
-2.586626
-2.648347
-3.292317
-1.965510
-1.216936
-2.893330
-2.762344
-2.354237
-2.119894
-3.057105
-1.912529
-1.184474
-2.823087
-3.012809
-3.064759
-2.991748
-3.314627
-1.842992
-1.444168
-2.811416
-3.246990
-3.881569
-4.049956
-4.158198
-2.152844
-0.578340
-1.499755
-1.697456
-2.352826
-2.517686
-2.532234
-1.156952
0.174736
0.230894
0.281135
0.326738
0.241475
-0.039526
-0.353870
0.124869
0.072682
0.052000
-0.103520
-0.080865
-0.099335
-0.392784
0.045710
-0.135317
-0.339185
-0.476580
-0.339211
-0.269621
-0.432123
0.017458
-0.256427
-0.478073
-0.511762
-0.481698
-0.491266
-0.540520
0.086089
-0.158425
-0.363385
-0.228415
-0.296753
-0.496357
-0.534843
0.074175
-0.128627
-0.205814
-0.287931
-0.370448
-0.295740
-0.410801
-0.338865
-0.419943
-0.450460
-0.526394
-0.502487
-0.490386
-0.535270
-0.349036
-0.720201
-1.643883
-1.437942
-1.465086
-1.220004
-1.385031
0.151259
-0.820515
-1.504721
-1.421420
-1.441876
-1.156176
-1.269964
-1.803009
-1.744001
-2.443253
-2.443253
-2.443253
-2.443253
-2.443253
-0.980232
-1.435975
-2.443253
-2.443253
-2.443253
-2.443253
-2.443253
-1.059009
-1.456629
-2.443253
-2.443253
-2.443253
-2.443253
-2.443253
-0.952596
-1.620672
-2.443253
-2.443253
-2.443253
-2.443253
-2.443253
-1.434304
-2.009540
-2.443253
-2.443253
-2.443253
-2.443253
-2.443253
-1.204473
-1.320638
-2.648235
-1.642901
-1.807245
-1.927692
-2.777783
-1.960989
-3.843822
-3.852387
-3.570701
-3.712989
-3.750783
-3.989322
-3.340941
-4.011163
-5.108572
-5.108572
-5.108572
-5.108572
-5.108572
-2.678106
-3.864057
-5.108572
-5.108572
-5.108572
-5.108572
-5.108572
-2.786883
-3.912985
-5.108572
-5.108572
-5.108572
-5.108572
-5.108572
-2.932812
-3.996924
-5.108572
-5.108572
-5.108572
-5.108572
-5.108572
-3.579373
-4.289209
-5.108572
-5.108572
-5.108572
-5.108572
-5.108572
0.368012
-0.560353
-0.706577
-0.532259
-0.533867
-0.787558
-0.136153
-0.239221
-1.323878
-1.089989
-0.805581
-0.808205
-1.332933
-0.965005
-0.212735
-0.932258
-0.647935
-0.314701
-0.296000
-0.713684
-0.604779
-0.084959
-0.773003
-0.362766
-0.149693
-0.177109
-0.390521
-0.337972
-0.009816
-0.866423
-0.691852
-0.648020
-0.892740
-0.973129
-0.614933
0.082335
-0.830460
-1.134330
-1.353411
-1.595170
-1.526712
-0.814298
0.491980
-0.124730
-0.443324
-0.561115
-0.619841
-0.670782
0.120583
-0.550105
-0.593473
-0.836380
-0.988459
-1.023060
-0.976887
-0.515154
-0.681612
0.220346
0.312342
0.830535
1.001668
0.243725
-0.118882
-0.943572
-0.132792
-0.230399
-1.154917
-0.403052
-0.404689
0.120167
-0.908270
0.004325
1.087937
-0.766009
0.453901
-0.486632
0.269559
-0.912361
0.153365
0.882202
-0.642803
0.541923
-0.655310
0.316316
-1.264214
-0.299951
-0.427249
-0.244309
0.381543
-0.689911
-0.231451
-0.046056
0.045939
-0.154418
-0.248868
-0.077384
-0.084748
0.117713
-1.234627
-1.040589
-0.824877
-0.600802
-0.591928
-0.832386
-1.033933
-1.232921
-1.299136
-1.365266
-1.323284
-1.359805
-1.403835
-1.475255
-1.271831
-1.282582
-1.368765
-1.384806
-1.393681
-1.343507
-1.344531
-1.290944
-1.325844
-1.344531
-1.344531
-1.344531
-1.344531
-1.344531
-1.187355
-1.121139
-0.296519
-0.873685
-1.262700
-0.181239
-0.775642
-1.195802
-0.693811
-0.268787
0.286535
0.327237
0.409409
-0.793390
-1.281388
-1.069430
-1.027448
-0.684766
-0.346095
-0.998777
-1.065675
-0.819063
-0.743703
-0.728342
-0.798135
-0.754837
-0.442160
-1.200708
-1.287099
-1.112358
-1.571631
-1.823794
-1.893587
-1.663074
-2.024100
-1.592972
-1.826783
-2.244923
-2.746360
-2.857184
-2.638836
-3.030481
-1.659259
-2.013276
-2.300798
-2.508940
-2.695330
-2.589764
-3.009347
-1.503797
-1.890287
-2.288118
-2.886977
-2.908523
-2.592032
-3.073264
-1.380087
-1.621425
-2.629970
-3.033883
-3.101305
-3.115944
-3.123160
-2.130903
-2.453374
-2.899657
-3.133366
-3.266251
-3.142747
-3.294704
0.495786
0.414570
0.473034
0.440519
0.447650
0.408118
0.488202
0.348069
0.335617
0.170412
-0.025044
-0.180486
0.036703
0.237479
0.461998
0.236036
-0.004613
0.139454
-0.255307
0.010668
-0.042080
0.383328
-0.011659
-0.148849
-0.290086
-0.800898
-0.143133
-0.128021
0.413551
0.075726
0.256297
0.142425
-0.230574
0.246761
-0.103628
0.451782
0.230461
0.194239
0.200606
0.102440
0.243252
0.201370
0.434718
0.437265
0.471138
0.471138
0.433218
0.430671
0.433501
-0.063795
-0.613747
-0.904442
-1.067284
-0.692143
-0.767250
-1.556204
-0.348045
-1.107797
-0.571524
-0.903258
-2.558509
-2.190997
-1.543050
-0.910624
-0.539298
1.033216
0.298192
-2.431182
-3.352066
-2.162453
-0.942193
0.665573
0.889842
-0.169024
-1.932002
-3.743254
-2.677812
-0.955873
-0.044985
0.295299
-0.637029
-1.419801
-3.400471
-2.730953
-0.471162
-0.794610
0.128511
-0.224927
-1.921216
-2.836839
-2.276364
-0.120750
-0.479975
-0.185597
-0.683067
-1.299050
-1.277216
-1.783893
2.566476
2.566476
2.566476
2.562400
2.609275
2.728064
2.555995
2.566476
2.566476
2.511449
2.508683
2.445504
2.516690
2.511449
2.566476
2.557305
2.405617
2.355393
2.334139
2.198318
2.480005
2.566476
2.546096
2.500822
2.807984
3.384167
2.635478
2.493107
2.566476
2.552938
2.469669
2.153190
2.519164
2.345057
2.473454
2.566476
2.547551
2.528918
2.410857
2.568369
2.435459
2.511449
2.566476
2.566476
2.558324
2.628491
2.695309
2.521057
2.566476
-0.256246
-0.700135
-2.188745
-1.753001
-1.968210
-1.539984
-2.686357
-1.039708
-3.091246
-3.945035
-3.494568
-3.717922
-3.907600
-4.753088
-2.294940
-3.714946
-4.125472
-2.814167
-3.020762
-4.461913
-6.065959
-1.388367
-2.476004
-1.872666
-0.204871
-0.399092
-1.764904
-4.722075
-1.458693
-2.434497
-2.323916
-1.875172
-1.865931
-2.125466
-4.398635
-1.284364
-3.072607
-4.373574
-4.761859
-4.895935
-4.387358
-5.540780
-2.634200
-4.224933
-5.794050
-5.847774
-5.990621
-6.020693
-6.486354
-0.216337
-0.352473
-0.249560
-0.365970
-0.278630
-0.462134
-0.503922
0.000130
-0.374016
-0.080980
-0.150151
0.050613
-0.152358
-0.369863
-0.635775
-0.191031
0.181557
-0.265133
-0.276035
-0.171824
0.160274
-0.707931
0.192459
0.379596
-0.615140
-0.742581
-0.340663
0.105379
-0.715458
-0.060995
0.096813
-0.029589
0.301730
0.124975
0.044903
-0.383100
-0.178443
-0.690670
0.076179
0.393742
-0.979293
-0.999668
-0.009214
-0.291348
-0.253713
-0.071637
0.159366
-1.028998
0.132632
0.306140
-1.274914
-1.772157
-1.799878
-2.233644
-1.935271
-1.769479
0.733344
-0.543044
-1.688323
-1.301430
-1.562305
-1.594312
-1.990446
-1.529763
-3.044526
-3.553688
-3.625201
-3.578062
-3.891165
-4.171861
-1.166707
-2.156774
-2.421934
-3.469989
-4.112401
-4.035263
-4.109187
-1.390620
-1.979331
-2.311853
-3.175633
-4.099009
-4.055619
-4.099545
-1.510344
-2.634733
-3.624934
-3.846972
-4.154719
-4.167575
-4.163290
-2.104545
-3.101710
-4.163290
-4.137846
-4.099277
-4.136238
-4.163290
-2.308305
-2.490160
-2.682967
-2.652699
-2.719856
-2.646726
-2.788257
-2.259718
-2.051130
-2.430820
-2.067658
-1.991541
-2.274553
-3.015762
-2.661611
-2.938450
-2.933073
-2.006575
-1.823625
-2.433807
-3.409490
-2.540639
-2.493247
-2.126948
-1.086249
-0.789547
-1.598709
-2.983453
-2.462133
-2.491803
-2.279481
-1.438210
-1.200400
-1.772697
-3.087299
-2.503054
-2.580465
-2.966577
-2.246227
-1.959580
-2.621934
-3.377928
-2.987983
-3.230971
-3.616435
-3.200056
-2.949750
-3.258600
-3.732129
-1.208251
-0.762239
-0.568716
-0.551011
-0.616288
-0.567792
-0.384584
-0.585035
0.681412
0.662937
0.089141
-0.355178
0.305295
0.144565
-0.340091
0.712665
0.448937
-0.516371
-0.947141
-0.017397
0.225085
-0.449553
0.562557
0.306527
-0.786257
-0.919275
-0.496048
-0.071436
-0.570717
0.405521
0.268346
-0.511136
-0.420918
-0.348096
0.216155
-0.781638
0.231550
0.415683
0.526685
0.624909
0.114544
0.171354
-0.633532
0.124089
0.531612
0.928512
0.791799
0.428461
0.255568
-1.253841
-1.823159
-2.056652
-2.137417
-2.269018
-2.164045
-2.156783
-2.154142
-2.273969
-2.749868
-2.549825
-2.688689
-2.734573
-2.836355
-2.087571
-2.447494
-2.455416
-1.971045
-2.504161
-2.321834
-2.691550
-2.297847
-2.418334
-2.162615
-2.019790
-2.174058
-1.732600
-2.491397
-2.316993
-2.455966
-2.473682
-2.692320
-2.292895
-2.300708
-2.451015
-2.634332
-2.598240
-2.796302
-2.720268
-2.610894
-2.673394
-2.606383
-2.827992
-2.727861
-2.754489
-2.729841
-2.654138
-2.535741
-2.678566
-0.662600
0.286921
-0.306632
-0.182266
-0.251254
-0.125774
-0.470596
-0.724842
-0.110404
-0.604934
-0.481390
-0.516705
-0.532837
-0.635029
-0.415863
-0.122019
-0.421436
-0.363360
-0.359370
-0.398440
-0.363594
-0.426012
-0.148594
-0.363946
-0.303758
-0.281055
-0.304814
-0.363946
-0.406125
-0.117737
-0.217582
-0.105124
-0.240284
-0.232189
-0.308685
-0.268325
-0.011087
-0.296894
-0.359546
-0.360309
-0.259760
-0.363477
-0.656675
-0.196170
-0.402840
-0.426422
-0.389993
-0.385886
-0.376735
-0.103103
-0.327596
-0.314100
-0.198539
-0.053588
-0.211476
-0.331110
-0.320089
-0.575011
-0.574612
-0.334225
-0.353153
-0.471349
-0.566785
-0.283273
-0.577407
-0.576129
-0.443876
-0.670766
-0.691211
-0.593539
-0.403466
-0.917941
-1.175578
-0.984067
-1.308389
-1.192588
-1.015293
-0.560316
-1.111448
-1.513875
-1.346005
-1.556443
-1.535918
-0.841992
-0.683384
-1.321726
-1.700435
-1.595974
-1.811763
-1.659945
-1.156011
-0.327916
-0.545621
-0.899732
-0.954118
-0.991654
-0.806373
-0.824262
-0.527248
-0.610138
-1.072008
-0.958853
-0.937389
-1.026387
-1.131908
-0.011675
-0.614000
-1.074702
-0.885392
-0.832227
-1.022435
-1.132177
-1.096255
-1.102093
-1.139362
-1.139362
-1.139362
-1.139362
-1.139362
-1.057639
-1.103440
-1.139362
-1.139362
-1.139362
-1.139362
-1.139362
-1.165585
-1.127148
-1.139362
-1.139362
-1.139362
-1.139362
-1.139362
-1.104877
-1.109546
-1.139362
-1.139362
-1.139362
-1.139362
-1.139362
-1.073983
-1.110624
-1.139362
-1.139362
-1.139362
-1.139362
-1.139362
2.045611
0.915368
0.703105
0.475699
0.448546
1.119799
0.403509
1.069931
0.158088
-0.600368
-1.911021
-2.036473
-1.089774
-0.835737
0.836520
-0.665770
-1.993524
-2.772345
-2.905368
-2.779525
-2.525357
0.629087
-1.476051
-2.777697
-2.590237
-2.516611
-3.048574
-3.133949
0.512904
-1.363001
-2.692060
-2.937351
-2.994529
-2.928605
-2.846624
0.884299
-0.517604
-1.718861
-2.623003
-2.900669
-2.455908
-1.835306
0.242810
-1.066407
-1.643930
-2.280589
-2.638016
-2.333850
-2.305392
-0.085878
-0.503363
-0.576392
-0.625174
-0.463654
-0.486303
0.009437
-0.610003
-0.627425
-1.017687
-1.303052
-0.881284
-0.877509
-0.452475
-0.474833
-0.603687
-1.646346
-2.360810
-1.782313
-1.642281
-0.750979
-0.445215
-0.674103
-1.973379
-2.694595
-2.276892
-2.438993
-0.979067
-0.562091
-0.719618
-1.591393
-2.204952
-2.041690
-2.504400
-0.778347
-0.857183
-0.856167
-1.129190
-1.449691
-1.632263
-1.941148
-0.588152
-0.399118
-0.470841
-0.352223
-0.582054
-0.655882
-0.921719
0.136621
2.444727
2.444727
2.444727
2.444727
2.444727
2.444727
2.444727
2.444727
2.444727
2.444727
2.444727
2.444727
2.444727
2.444727
2.444727
2.444727
2.444727
2.444727
2.444727
2.444727
2.444727
2.444727
2.444727
2.444727
2.444727
2.444727
2.444727
2.444727
2.444727
2.444727
2.444727
2.444727
2.444727
2.444727
2.444727
2.444727
2.444727
2.444727
2.444727
2.444727
2.444727
2.444727
2.444727
2.444727
2.444727
2.444727
2.444727
2.444727
2.444727
1.388614
0.896980
-0.686783
0.112866
0.157163
0.867004
-0.137744
0.457289
-0.450736
-2.281832
-1.905249
-1.854520
-1.022225
-1.464586
-1.047954
-2.060227
-3.884164
-4.127372
-4.368638
-3.844600
-3.809042
-0.386171
-1.313249
-3.256969
-3.671297
-4.341453
-4.040720
-3.971059
-0.505954
-1.334487
-3.228935
-3.743506
-4.602258
-3.930038
-3.473114
-0.196848
-1.145892
-3.072501
-3.115705
-3.898242
-3.166555
-2.810118
-1.135941
-1.929643
-3.121288
-2.632688
-3.227479
-3.259761
-3.373719
0.870131
0.382149
0.309232
0.309232
0.309232
0.309232
0.309232
0.154985
0.351300
0.309232
0.309232
0.309232
0.309232
0.309232
0.309232
0.309232
0.309232
0.309232
0.309232
0.309232
0.309232
0.309232
0.309232
0.309232
0.309232
0.309232
0.309232
0.309232
0.309232
0.309232
0.309232
0.309232
0.309232
0.309232
0.309232
0.309232
0.309232
0.309232
0.309232
0.309232
0.309232
0.309232
0.309232
0.309232
0.309232
0.309232
0.309232
0.309232
0.309232
0.496688
-1.181867
-1.107976
-1.058588
-1.179953
-0.864737
-0.500772
-0.502303
-1.048634
-1.394605
-1.289193
-1.364488
-1.132223
-0.996566
-1.368827
-1.928558
-2.186600
-2.248240
-2.142190
-1.931748
-1.886316
-0.955728
-1.727177
-2.017762
-1.444249
-1.562167
-1.919241
-1.970544
-1.163873
-1.794942
-2.025802
-1.664389
-1.721434
-2.062173
-2.189536
-1.133755
-1.859006
-2.186600
-2.186600
-2.186600
-2.178560
-2.156993
-1.700632
-1.990580
-2.186600
-2.186600
-2.186600
-2.178943
-2.167202
-2.539237
-2.559768
-2.767406
-2.879032
-2.857641
-2.835758
-1.519240
-1.610458
-0.711306
-0.640495
-0.493956
-0.631152
-1.122895
-0.452403
-1.583535
-0.613818
-0.325165
-0.100561
-0.101668
-0.596484
-0.318035
-1.450027
-0.523829
-0.610868
-0.432734
-0.220670
-0.435684
-0.249437
-1.494776
-0.535754
-0.843585
-0.789493
-0.752366
-0.695693
-0.238126
-1.327337
-0.346187
-0.405811
-0.565627
-0.630169
-0.633242
-0.034914
-0.015367
0.751998
0.831783
0.915994
1.001189
0.897677
0.693603
-1.403740
-1.547146
-1.235109
-1.152119
-1.310786
-1.469243
-1.513123
-1.611482
-1.944823
-1.859076
-1.815090
-1.814030
-1.959767
-2.082398
-1.532413
-2.106352
-1.664583
-0.429262
-0.526562
-1.378409
-2.196338
-1.598233
-2.094905
-1.930620
0.049180
0.625133
-0.685654
-2.082186
-1.525948
-2.144191
-1.993790
-0.744796
-0.153474
-0.582631
-2.095859
-1.589860
-2.149809
-2.153518
-0.946285
0.109276
-1.482915
-2.194537
-1.801417
-2.233859
-2.170795
-1.819860
-1.419003
-1.996440
-2.243716
0.528359
0.630953
0.537382
0.655132
0.672573
0.756817
0.625147
0.522553
0.497791
0.389624
0.487788
0.594649
0.800233
0.786802
0.375727
0.285165
0.050434
0.068085
0.151163
0.508306
0.594206
0.406808
0.274742
-0.038240
-0.022804
0.003474
0.293885
0.412474
0.406878
0.292113
0.107257
0.372323
0.469624
0.481609
0.371320
0.511571
0.471023
0.400000
0.808930
0.957994
0.808021
0.536030
0.505182
0.486225
0.353809
0.526960
0.592573
0.554637
0.511711
-2.367728
-1.658296
-1.388185
-1.135810
-1.506703
-1.225687
-0.747540
-2.834850
-2.039855
-0.817883
-0.741548
-1.974664
-1.742661
-0.705237
-2.978294
-1.322874
-0.629501
-1.080565
-1.198604
-1.121309
-1.186381
-3.001423
-0.889785
-0.942873
-1.647032
-0.580607
-1.018729
-1.688855
-3.104961
-1.118673
-0.271789
-0.843888
-1.423896
-2.105885
-1.413710
-2.614112
-1.625701
-0.317207
-0.556041
-2.254363
-2.374918
-0.872888
-2.217813
-2.025475
-1.042217
-1.137128
-2.318475
-1.761475
-1.015853
1.139724
1.013498
0.087839
0.087839
0.087839
0.245212
0.306413
1.428992
0.329773
0.087839
0.087839
0.087839
0.159968
0.366520
0.087839
0.087839
0.087839
0.087839
0.087839
0.087839
0.087839
0.087839
0.087839
0.087839
0.087839
0.087839
0.087839
0.087839
0.087839
0.087839
0.087839
0.087839
0.087839
0.087839
0.087839
0.087839
0.087839
0.087839
0.087839
0.087839
0.087839
0.087839
0.087839
0.087839
0.087839
0.087839
0.087839
0.087839
0.087839
-0.050439
-3.126205
-3.085707
-3.157053
-3.578110
-3.086731
-3.026057
-1.517561
-1.516245
-3.611444
-3.276353
-3.685421
-3.529279
-3.835277
-1.942127
-2.850032
-3.230446
-4.075631
-4.851224
-4.400049
-5.083975
-1.409226
-1.306155
-1.269459
-3.149012
-4.150485
-3.426501
-4.454144
-1.412735
-1.393729
-0.987292
-2.792722
-3.490098
-2.648568
-4.328265
-1.077205
-2.145638
-3.065678
-1.979554
-2.567865
-2.994917
-4.660433
-1.715662
-3.649602
-4.633093
-3.119333
-2.576052
-4.283089
-5.157514
-0.258820
-0.258820
-0.258820
-0.258820
-0.258820
-0.258820
-0.258820
-0.258820
-0.258820
-0.258820
-0.258820
-0.258820
-0.258820
-0.258820
-0.258820
-0.258820
-0.258820
-0.245947
-0.261177
-0.245947
-0.258820
-0.258820
-0.258820
-0.258820
-0.261721
-0.291456
-0.261721
-0.258820
-0.258820
-0.258820
-0.258820
-0.245403
-0.262990
-0.245222
-0.258820
-0.258820
-0.258820
-0.258820
-0.258820
-0.258820
-0.258820
-0.258820
-0.258820
-0.258820
-0.258820
-0.258820
-0.258820
-0.258820
-0.258820
-1.175020
-1.182799
-0.858191
-1.116837
-1.236778
-0.823712
-0.913379
-1.240457
-1.090662
-1.076471
-1.135811
-1.130082
-1.017131
-1.044935
-1.192680
-1.298062
-1.330649
-1.308101
-1.321976
-1.312148
-1.330649
-1.197148
-1.258537
-1.330649
-1.308101
-1.164771
-1.296958
-1.315512
-1.149581
-1.273201
-1.330649
-1.279193
-1.236305
-1.159620
-1.298798
-1.186636
-1.270468
-1.310151
-1.287918
-1.237829
-1.166453
-1.272045
-1.295959
-1.305736
-1.310151
-1.161775
-1.042360
-1.201247
-1.296065
-2.175978
-2.189944
-2.283520
-2.281076
-2.245112
-2.251048
-2.256285
-2.347766
-2.213687
-2.287710
-2.302549
-2.260650
-2.315468
-2.265189
-2.296090
-2.296090
-2.296090
-2.296090
-2.296090
-2.296090
-2.296090
-2.296090
-2.296090
-2.296090
-2.296090
-2.296090
-2.296090
-2.296090
-2.296090
-2.231931
-2.010650
-2.229312
-2.193436
-1.839386
-2.189246
-2.296090
-2.201816
-2.174930
-2.120025
-1.952252
-2.018768
-2.123516
-2.296090
-2.233240
-2.331966
-2.147259
-2.095845
-2.291376
-2.152584
0.144971
0.144971
0.144971
0.137412
-0.091248
0.141191
0.144971
0.144971
0.107176
-1.065277
-0.991982
-0.131067
-0.668160
0.134712
0.144971
-0.929620
-3.155067
-3.211759
-2.052535
-0.997381
-0.329356
0.144971
-0.972950
-3.371308
-4.024350
-2.336941
-2.578019
-0.227310
0.144971
-0.392122
-1.396118
-1.391933
-1.863155
-1.453620
-0.915177
0.144971
0.142541
-0.001215
-0.027131
0.133497
-0.197479
0.133362
0.144971
0.144971
0.144971
0.144971
0.144971
0.144971
0.144971
-0.414275
-0.377936
-2.361780
-1.360155
-1.416296
-1.188861
-1.816213
-0.300210
-1.942654
-2.913387
-2.411981
-2.507925
-2.316432
-2.684566
-2.542382
-3.181616
-4.521870
-4.521870
-4.521870
-4.521870
-4.521870
-1.754033
-2.891307
-4.521870
-4.521870
-4.521870
-4.521870
-4.521870
-1.610660
-2.778530
-4.501671
-4.512364
-4.521870
-4.412261
-4.340080
-0.783299
-2.281480
-4.496621
-4.501473
-4.521870
-4.365922
-4.294632
-1.522934
-2.446437
-4.501869
-4.512364
-4.521870
-4.414043
-4.341862
-1.204789
-2.043738
-2.157947
-2.069889
-2.018389
-2.232129
-2.450939
-2.071757
-2.145405
-2.373999
-2.305688
-2.318941
-2.384317
-2.467127
-1.953724
-2.309513
-2.497636
-2.497636
-2.497636
-2.497636
-2.497636
-1.842273
-2.182941
-2.453696
-2.466415
-2.497636
-2.497636
-2.497636
-1.832578
-2.144960
-2.196728
-2.331572
-2.411713
-2.439998
-2.497636
-1.915655
-2.207134
-2.401395
-2.187477
-1.873316
-2.291901
-2.497636
-2.243247
-2.374800
-2.482604
-2.239155
-1.901868
-2.266284
-2.497636
-2.179745
-2.581347
-2.838862
-2.899829
-2.936515
-3.328192
-3.944597
-1.415000
-2.553522
-4.263078
-4.566672
-4.618069
-4.448814
-4.207960
-1.326740
-2.345455
-3.627533
-1.852225
-1.467283
-1.999149
-3.704096
-1.180880
-2.409789
-3.452608
-1.910711
-1.011448
-1.872784
-3.770203
-0.995498
-1.265596
-2.827696
-3.895681
-3.746099
-3.706755
-3.179320
-2.447185
-1.955373
-1.958740
-3.377817
-4.003082
-3.143165
-3.810079
-4.251381
-3.899403
-3.729795
-3.864134
-3.987309
-3.996170
-4.314120
-3.628300
-3.853019
-3.870011
-3.800370
-3.836028
-3.875515
-3.718762
-3.770455
-3.931396
-3.928165
-3.814489
-3.940729
-3.922182
-3.922661
-3.397119
-3.838660
-3.860797
-3.433136
-3.734796
-3.937379
-3.961071
-3.353084
-3.826216
-3.722831
-3.280810
-3.337648
-3.641702
-3.939174
-3.192861
-3.725583
-3.676403
-3.738266
-3.745087
-3.550641
-3.852301
-3.419016
-3.762079
-3.923499
-3.931994
-3.810301
-3.907943
-3.931276
-3.889994
-3.924097
-3.959995
-3.878387
-3.628300
-3.867857
-3.959995
1.154881
1.244334
1.102033
1.021746
1.042804
1.183190
1.263767
1.421383
1.004343
0.768934
1.007417
1.077552
0.915992
0.953351
1.021804
0.848525
0.784829
1.269046
1.454449
0.847887
0.698045
1.416974
1.366040
0.959036
0.971160
1.180174
0.943431
0.971914
1.448532
1.783777
1.565656
1.270264
1.287204
1.287262
1.484557
1.387736
2.066928
2.476079
1.895216
1.636081
2.034094
2.233419
1.520117
1.704244
2.047378
2.026784
1.880539
2.160674
1.950906
0.199140
0.199140
0.199140
0.199140
0.199140
0.199140
0.199140
0.199140
0.199140
0.199140
0.199140
0.199140
0.199140
0.199140
0.199140
0.199140
0.199140
0.199140
0.199140
0.199140
0.199140
0.199140
0.199140
0.199140
0.199140
0.199140
0.199140
0.199140
0.199140
0.199140
0.199140
0.199140
0.199140
0.199140
0.199140
0.199140
0.199140
0.199140
0.199140
0.199140
0.199140
0.199140
0.199140
0.199140
0.199140
0.199140
0.199140
0.199140
0.199140
-0.676070
-1.503970
-1.424691
-1.416061
-1.506750
-1.329175
-0.139836
-1.844346
-2.879075
-2.725635
-2.791604
-3.056065
-2.741433
-1.374812
-1.864092
-2.869128
-2.272045
-1.910461
-2.163804
-2.202566
-1.390171
-1.870967
-3.022422
-2.013729
-0.985435
-1.064423
-1.559700
-1.526789
-1.808217
-2.983366
-2.407347
-1.674377
-1.869797
-1.951416
-1.699829
-1.733179
-2.797455
-2.902186
-3.283956
-3.823993
-2.891946
-1.983596
-0.585235
-1.340292
-1.590710
-2.116119
-2.525681
-1.839080
-0.998454
0.593712
0.392377
0.255065
0.348013
0.617386
0.710797
-0.755984
0.844351
-0.243125
0.217753
0.250536
0.181160
0.398604
-0.718568
0.496595
0.087492
0.517182
0.448372
0.243022
0.136591
-0.676314
0.498088
0.246162
0.521762
0.358924
0.539672
0.106946
-0.909764
0.587021
0.289548
-0.019145
0.089088
1.054332
-0.168654
-0.783981
0.846873
-0.041430
0.091712
0.302002
0.480281
0.329279
-0.836322
0.604622
0.256249
0.270299
0.409206
0.280387
0.555164
-0.710436
-0.060997
-1.226745
-1.124846
-1.136315
-1.470531
-1.147682
-1.054918
-1.827076
-1.883506
-2.261365
-2.168499
-2.260045
-2.201180
-2.213866
-1.936587
-2.442124
-2.728537
-2.728537
-2.728537
-2.728537
-2.728537
-1.936587
-2.364279
-2.728537
-2.728537
-2.728537
-2.728537
-2.728537
-1.842706
-2.346619
-2.728537
-2.728537
-2.728537
-2.716662
-2.698393
-1.779070
-2.330684
-2.728537
-2.728537
-2.728537
-2.702047
-2.650895
-2.176720
-2.464554
-2.728537
-2.728537
-2.728537
-2.718184
-2.709659
0.485636
-0.166399
-0.220172
-0.180741
-0.188869
-0.210089
-0.002657
-0.135878
-0.196763
-0.205634
-0.208018
-0.217475
-0.216381
-0.194379
-0.221891
-0.214153
-0.042518
-0.207823
-0.221891
-0.221461
-0.211926
-0.221891
-0.213997
-0.194067
-0.215091
-0.221891
-0.208565
-0.202625
-0.221891
-0.218882
-0.150884
-0.214700
-0.220953
-0.212864
-0.012623
-0.198678
-0.207862
-0.206924
-0.187853
-0.209229
-0.207783
-0.187853
0.047168
-0.200788
-0.217631
-0.126343
-0.134745
-0.211340
-0.122239
-0.250989
-0.239732
-0.265317
-0.166047
-0.349491
-0.390427
-0.299601
-0.378147
-0.325186
-0.288855
-0.285785
-0.937691
-1.112436
-0.408337
-0.355632
0.044006
-0.250989
-0.140973
-1.241897
-0.496094
0.695912
-0.514003
-0.208006
-0.261735
-0.268131
-1.471394
-0.255338
1.152605
-0.368936
0.001023
-0.231544
-0.586408
-1.201472
-0.995513
0.387869
-0.389916
-0.246640
-0.203913
-0.525005
-0.296530
-0.522702
-0.681585
-0.277086
-0.210053
-0.274016
-0.532936
-0.446970
-0.187026
-0.267108
0.749597
0.667079
0.819503
0.854816
0.838421
0.705815
0.417183
1.201102
1.312538
1.281909
1.235155
1.250469
1.444242
0.924452
1.010483
1.045796
1.043184
1.023365
1.070299
1.111288
0.703383
0.952918
0.706176
0.619604
0.787072
0.829502
1.141737
0.449073
1.105793
0.753741
1.028049
0.652665
0.540870
1.467304
0.431597
1.266865
1.017870
1.040841
1.158042
0.873644
1.161825
0.596813
0.819322
1.134620
1.103090
1.205517
1.063092
1.293980
0.420426
-0.286801
-0.790734
-0.230944
-0.040575
0.037441
-0.326822
0.089610
-0.840268
-1.495548
-0.765552
-0.465743
-0.286718
-0.582754
-0.241844
-0.414240
-0.839713
-0.161026
0.154369
0.170705
0.086836
0.244617
-0.366593
-0.813033
-0.184794
-0.021938
-0.198661
-0.032200
0.176391
-0.438647
-0.827538
-0.048507
0.178831
-0.041380
-0.181854
-0.001830
-0.591962
-1.080531
-0.292847
-0.031756
-0.041657
-0.416099
-0.066202
-0.190868
-0.530309
0.094436
0.295371
0.283972
-0.073135
0.141029
-0.355569
-0.321041
-0.189834
0.081176
0.286512
0.408418
-0.941701
0.359374
-1.054305
-1.524168
-1.863530
-2.016582
-1.715694
-2.039553
0.452952
-1.409451
-2.029124
-1.963310
-1.690326
-2.397095
-3.182081
0.340630
-1.741625
-2.332690
-1.714707
-1.336871
-2.477989
-3.385726
0.396298
-1.961055
-3.119507
-2.958564
-2.882461
-3.339078
-3.511014
-0.196317
-2.261238
-3.237326
-3.451963
-3.445621
-3.429555
-3.501289
-1.552778
-2.537180
-2.808050
-3.374451
-3.446044
-3.217172
-3.440407
1.824870
1.816936
1.839859
1.840446
1.840299
1.830160
1.837214
1.097214
1.643838
1.835009
1.822960
1.835597
1.771971
1.627381
1.876888
1.850585
1.840740
1.840740
1.840740
1.840740
1.840740
1.664263
1.790633
1.840740
1.840740
1.840740
1.840740
1.840740
1.942718
1.881443
1.840740
1.840740
1.840740
1.840740
1.840740
1.820903
1.832511
1.840740
1.840740
1.840740
1.840740
1.840740
1.716280
1.804739
1.840740
1.840740
1.840740
1.840740
1.840740
0.712432
0.712432
0.712432
0.712432
0.712432
0.712432
0.712432
0.712432
0.712432
0.712432
0.712432
0.712432
0.712432
0.712432
0.712432
0.712432
0.712432
0.712432
0.712432
0.712432
0.712432
0.712432
0.712432
0.712432
0.712432
0.712432
0.712432
0.712432
0.712432
0.712432
0.712432
0.712432
0.712432
0.712432
0.712432
0.712432
0.712432
0.712432
0.712432
0.712432
0.712432
0.712432
0.712432
0.712432
0.712432
0.712432
0.712432
0.712432
0.712432
-1.141802
-1.141802
-1.101493
-0.944220
-0.868282
-1.007777
-1.053412
-1.130573
-1.122799
-1.121072
-1.098542
-1.038656
-0.793712
-0.587204
-1.105380
-1.028507
-1.107036
-1.130573
-1.112434
-0.892467
-0.500541
-1.105812
-1.061689
-1.104805
-1.038008
-0.914492
-0.849927
-0.706761
-1.071406
-0.913844
-1.068455
-0.917084
-0.438927
-0.581518
-0.053768
-1.126254
-1.082779
-1.088681
-1.082923
-0.985967
-0.950986
-0.745198
-1.141802
-1.139210
-1.133884
-1.139066
-1.113010
-1.038368
-1.078820
-0.605192
-0.905473
-0.875882
-0.862194
-0.898369
-0.783262
-1.033030
-0.777722
-0.718604
-0.691880
-0.334175
-0.069416
-0.553244
-0.893220
-1.077091
-0.762013
-0.655901
-0.319249
-0.305105
-0.772051
-0.976324
-1.161303
-0.756147
-1.017647
-0.998876
-1.016605
-1.130538
-1.201975
-1.230654
-1.159478
-1.213447
-1.276736
-1.277583
-1.280712
-1.276280
-1.301830
-1.297202
-1.218661
-1.291792
-1.303199
-1.242973
-1.275106
-1.101273
-0.987600
-1.149571
-1.115743
-1.000244
-1.022340
-1.242908
0.268237
0.035115
-0.053530
-0.034568
0.008935
0.283570
0.238038
0.301557
0.186381
0.058798
-0.072141
-0.011666
0.366909
0.322274
0.460314
0.528046
0.225748
-0.079749
-0.033866
0.201285
0.175690
0.621841
0.644159
0.200895
-0.081622
-0.035037
0.063948
0.036519
0.630464
0.572915
0.086031
-0.083885
-0.035037
0.101715
0.056457
0.400619
0.278732
0.040382
-0.049980
-0.035037
0.302805
0.309945
-0.034412
-0.067381
-0.068591
-0.052009
-0.035037
0.083417
0.063167
-2.015716
-2.476368
-2.216218
-2.415585
-2.490145
-2.927781
-2.142144
-2.158515
-2.147331
-1.121157
-0.872515
-0.779477
-1.395895
-2.142306
-2.476854
-1.798195
-0.819513
-1.810514
-1.181940
-1.431716
-1.602070
-2.320602
-1.002995
-0.619173
-1.433985
-0.438122
-2.007450
-1.165731
-2.230644
-1.309502
-1.257796
-1.921057
-1.079501
-2.762452
-1.381631
-2.751106
-2.800704
-1.703050
-1.489095
-1.758322
-2.036301
-1.879725
-2.033870
-1.904362
-1.821049
-2.219298
-2.177155
-2.178776
-2.423203
-2.450869
0.360364
-0.223628
-0.424968
-0.281906
-0.326782
-1.260447
-1.717490
0.172276
-0.898125
-1.047360
-0.492282
-1.050523
-0.598900
-1.269783
-0.296815
-1.542052
-0.799638
-0.313380
-1.379112
-0.878096
-1.216173
-0.634139
-0.950530
-0.609141
-0.122882
-0.617273
-0.337173
-0.893758
-0.229952
0.107522
0.399669
0.482192
0.393344
-0.278744
-1.140124
-0.157066
-0.058128
-0.557940
-0.838641
0.219562
-0.924930
-1.877569
-0.585347
-1.040283
-0.938031
-0.765906
-0.781116
-1.506362
2.141064
2.141064
2.141064
2.141064
2.141064
2.141064
2.141064
2.141064
2.141064
2.141064
2.141064
2.141064
2.141064
2.141064
2.141064
2.141064
2.141064
2.141064
2.141064
2.141064
2.141064
2.141064
2.141064
2.141064
2.141064
2.141064
2.141064
2.141064
2.141064
2.141064
2.141064
2.141064
2.141064
2.141064
2.141064
2.141064
2.141064
2.141064
2.141064
2.141064
2.141064
2.141064
2.141064
2.141064
2.141064
2.141064
2.141064
2.141064
2.141064
-2.167998
-3.177949
-1.524066
-1.094544
-1.351835
-1.816506
-0.634793
-3.055631
-3.635592
-1.811821
-2.227518
-2.858328
-3.073440
-1.737070
-1.857514
-2.268057
-1.122429
-1.937654
-3.030323
-3.073674
-1.625062
-1.737306
-2.673443
-1.857045
-2.762253
-3.136944
-3.548187
-1.948199
-1.669350
-2.581820
-1.909301
-2.832316
-3.173497
-3.025403
-1.452830
-2.502151
-3.195524
-2.529098
-3.280585
-3.236531
-2.929798
-1.908833
-1.226470
-2.463251
-1.312234
-1.259042
-1.057989
-1.791903
-1.315046
1.802962
1.802962
1.802962
1.802962
1.802962
1.802962
1.802962
1.802962
1.802962
1.802962
1.802962
1.802962
1.802962
1.802962
1.802962
1.802962
1.802962
1.802962
1.802962
1.802962
1.802962
1.802962
1.802962
1.802962
1.802962
1.802962
1.802962
1.802962
1.802962
1.802962
1.802962
1.802962
1.802962
1.802962
1.802962
1.802962
1.802962
1.802962
1.802962
1.802962
1.802962
1.802962
1.802962
1.802962
1.802962
1.802962
1.802962
1.802962
1.802962
2.446842
1.719922
1.960941
1.843254
1.840580
1.872676
2.029591
1.556865
1.584503
1.735276
1.802045
1.829782
1.730422
1.639582
2.438818
1.788572
1.853062
1.844146
1.922405
1.849594
1.853062
2.229400
1.693274
1.853062
1.842660
1.908041
1.842660
1.853062
2.459027
1.672669
1.853062
1.833745
1.796101
1.833249
1.853062
2.673001
1.625416
1.853062
1.853062
1.853062
1.853062
1.853062
1.902395
1.586782
1.853062
1.853062
1.853062
1.853062
1.853062
-1.198150
-1.603664
-2.801442
-2.665981
-2.945230
-2.457942
-2.676420
-1.790452
-3.175142
-3.800998
-3.860527
-4.035384
-3.799134
-3.692008
-2.520204
-3.287488
-4.555481
-4.354154
-4.335512
-4.536840
-4.671059
-1.822267
-3.097344
-4.466002
-4.149097
-4.154068
-4.470973
-4.671059
-1.894223
-3.097220
-4.621348
-4.438662
-4.429962
-4.612648
-4.671059
-2.343856
-3.438732
-4.671059
-4.671059
-4.671059
-4.671059
-4.671059
-3.411267
-4.080621
-4.671059
-4.671059
-4.671059
-4.671059
-4.671059
-0.547269
-1.146108
-0.922599
-0.877735
-1.114195
-1.113964
-1.759054
-0.808358
-1.574165
-2.210583
-2.260881
-2.290945
-2.521855
-2.858680
-0.410712
-1.474030
-2.175201
-1.988114
-2.227812
-2.422761
-3.019172
-0.513274
-1.341636
-0.970932
-1.329495
-1.469984
-1.578905
-2.907707
-0.313931
-1.508603
-1.675571
-2.483235
-2.649277
-2.483119
-3.076408
-0.349198
-1.669674
-3.083809
-3.212156
-3.248926
-3.266964
-3.294021
-1.330536
-2.642339
-3.308821
-3.356923
-3.356923
-3.356923
-3.356923
-0.883554
-1.346667
-3.171238
-2.420814
-2.646823
-1.969934
-2.664603
-0.812295
-2.598464
-4.177541
-3.915404
-4.146676
-3.697360
-4.092912
-2.192956
-3.489557
-4.781891
-4.569252
-4.905776
-5.626331
-6.365946
-0.999759
-1.997242
-3.129137
-2.761748
-3.293986
-3.981401
-5.769987
-1.085384
-2.171906
-3.847559
-3.648859
-3.924792
-4.304698
-5.535160
-1.072299
-3.026871
-5.791322
-6.080483
-6.047200
-5.774112
-6.137376
-2.732590
-4.157059
-6.565073
-6.565073
-6.565073
-6.565073
-6.565073
-0.408365
-0.538851
-0.651091
-0.489465
-0.416294
-0.469787
-0.330608
-0.424891
-0.211490
-0.228589
-0.273103
-0.558624
-0.675546
-0.261831
-0.408938
-0.141376
-0.127715
-0.574481
-0.923526
-0.811858
-0.356591
-0.395947
-0.210726
-0.253520
-0.471029
-0.587950
-0.628739
-0.355349
-0.382383
-0.325450
-0.544773
-0.171561
-0.102593
-0.350764
0.034102
-0.573908
-0.464151
-0.664274
-0.432246
-0.368436
-0.383433
0.016430
-0.380281
-0.381714
-0.256768
0.069541
0.098485
0.135262
-0.201938
1.759006
1.448735
1.163726
0.869471
0.805773
1.118884
1.567308
1.452784
0.856054
-0.041095
-0.340851
-0.344839
-0.097904
0.741229
1.259092
-0.087328
-1.147651
-1.620551
-1.614447
-1.317532
-0.125160
1.082502
-0.485893
-1.718032
-2.187245
-2.021111
-2.035615
-0.599087
1.148859
-0.467823
-1.361106
-2.030297
-2.350357
-1.583746
-0.588209
1.057966
0.034085
-1.210684
-1.879694
-2.147238
-1.730058
-0.205115
1.306654
0.694755
-0.050221
-0.811514
-0.960425
-0.708776
0.719352
-0.715015
-1.870587
-1.583502
-1.645020
-1.742262
-1.601633
-1.430353
-1.634659
-1.592351
-1.458738
-1.917211
-2.002689
-1.304295
-1.574759
-1.101177
-1.137764
-1.196476
-1.731793
-1.586847
-1.171221
-1.094809
-0.926767
-0.786031
-0.732283
-0.780526
-0.500348
-0.459552
-0.761423
-0.895252
-0.708323
-0.453724
-0.784520
-0.442176
-0.557441
-0.732931
-0.957850
-1.258642
-0.810638
-1.007388
-1.215579
-1.095672
-1.212989
-1.097615
-1.329334
-1.374447
-1.449780
-1.240079
-1.425820
-1.875875
-1.089489
-0.676598
-0.602486
-0.977362
-1.269181
-0.634750
-1.237875
-2.366657
-2.867877
-3.363985
-4.182101
-4.606493
-4.012792
-3.474356
-2.153903
-3.367180
-4.087224
-4.244554
-4.937924
-5.266959
-5.361357
-2.283919
-4.241679
-5.093018
-4.181942
-4.232255
-5.082316
-5.700455
-2.223064
-4.128593
-5.563091
-5.477957
-5.470769
-5.591522
-5.641037
-1.994177
-3.302012
-5.002293
-5.596154
-5.713073
-5.339315
-4.926424
-2.201820
-2.444284
-3.636797
-5.024495
-5.508305
-4.978654
-4.843366
-0.470241
-0.981716
-0.838396
-0.883439
-0.866393
-1.198171
-2.078944
-0.037234
-1.092562
-1.182554
-1.163793
-0.522617
-0.505571
-1.983239
0.503666
-0.876487
-1.542138
-1.575659
-0.246262
0.163889
-2.101799
0.645843
-0.837634
-1.304351
-1.905246
-0.173793
0.557090
-2.212074
0.363394
-0.979049
-1.410246
-2.145985
-0.639367
0.391106
-1.943909
-0.088563
-1.468717
-1.856013
-1.664222
-1.080468
-0.352347
-1.543757
-0.533949
-1.626797
-1.667460
-1.100085
-1.035901
-1.722883
-1.616131
0.285455
-0.208912
0.186571
-0.145878
-0.106753
-0.385688
0.319655
-0.283227
-1.074082
-0.702839
-1.274850
-1.260680
-1.461256
-0.435956
0.028449
-0.753409
-0.570718
-1.195748
-1.260460
-1.213082
-0.314730
-0.141256
-1.293697
-1.026126
-1.501866
-1.715785
-1.439300
-0.797541
-0.061823
-1.130073
-0.750328
-1.102861
-1.290368
-1.096808
-0.533354
-0.253842
-1.308004
-0.813527
-1.230057
-1.138464
-1.394012
-0.428995
0.147501
-0.306311
-0.042701
-0.407699
-0.268397
-0.447209
0.302899
0.828582
0.594499
0.496404
0.527861
0.478929
0.546762
0.544969
0.548464
0.424524
0.364646
0.478423
0.501003
0.412061
0.357564
0.457084
0.388744
0.244109
0.536967
0.564744
0.622598
0.552511
0.438182
0.378949
0.233440
0.333374
0.306332
0.506936
0.461453
0.420339
0.425075
0.257676
0.408427
0.366808
0.496174
0.389526
0.464534
0.420569
0.434043
0.420936
0.392423
0.597074
0.459613
0.516593
0.302607
0.210031
0.198166
0.150062
0.342249
0.305688
0.104802
-0.007752
-0.430407
-0.372981
-0.198693
-0.922833
-5.048881
1.473547
0.318713
-0.857368
-0.269614
-1.006388
-0.248079
-4.131790
1.179814
-0.984566
-1.253319
-0.932883
-2.458400
-1.620270
-2.925847
0.725288
-1.931231
-0.448783
0.188070
-3.664917
-2.951976
-2.486252
1.241260
-1.587250
-1.427032
0.657239
-3.217283
-3.092669
-2.485103
1.541597
0.136386
-2.301054
-1.215992
-0.426387
-1.362141
-3.628452
0.510803
0.850477
-0.722704
-1.072428
-0.615892
-1.356686
-4.632830
1.574212
1.657448
1.588498
1.658521
1.590067
1.574212
1.574212
1.647043
1.748611
1.589406
1.922266
1.911284
1.793697
1.732756
1.697910
1.711369
1.652906
1.889236
1.745143
1.716985
1.905916
1.795926
1.633584
1.535980
1.246554
1.145813
1.185531
1.815497
1.735481
1.730114
1.700800
1.915247
1.944396
1.368765
2.158349
1.734408
1.816570
1.421365
2.125071
2.555452
1.400226
1.884860
1.597994
1.887420
1.538622
1.434743
1.421944
1.214432
1.874538
0.020001
-1.087201
-0.564696
-0.138108
-0.361037
-0.324394
-1.223119
-0.997854
-1.848110
-2.071332
-2.658657
-3.014147
-2.461568
-2.216594
-0.475787
-1.501380
-2.060236
-2.882317
-3.301313
-3.373579
-3.155175
-0.307312
-1.885338
-2.537046
-2.061842
-2.072792
-3.533148
-3.649358
-0.223951
-2.183746
-3.480153
-3.457524
-3.224229
-3.553587
-3.361754
-0.274756
-1.692337
-3.007286
-3.778852
-3.862214
-3.569208
-2.825380
-1.627517
-2.771217
-3.008892
-3.721040
-3.756661
-3.365403
-3.823526
-0.146140
-0.578995
-0.217882
-0.045355
0.076463
-0.249538
0.060867
-0.250128
-1.225096
-0.478464
-0.255692
0.013109
-0.411737
0.114147
0.174213
-0.303070
0.393107
0.540216
0.842570
0.630463
0.861875
0.261467
-0.299108
0.680033
0.705324
0.853656
0.695292
0.846026
0.110437
-0.413803
0.239000
0.184034
0.379154
-0.076084
0.468811
-0.191874
-1.082371
-0.431760
-0.647703
-0.533219
-0.934629
-0.102513
-0.016144
-0.527781
-0.271836
-0.562388
-0.390957
-0.688421
-0.014584
-2.535149
-3.153894
-2.948816
-2.816672
-2.776614
-2.571377
-3.125806
-3.156448
-2.142069
-1.707814
-2.310760
-3.002120
-2.544246
-2.178776
-2.053973
-1.501459
-0.886225
-1.934438
-3.562455
-3.158363
-3.186930
-1.988380
-2.065145
-2.616702
-2.858007
-3.057659
-3.968621
-4.320845
-2.511689
-3.130913
-3.935585
-4.027192
-4.251421
-4.297385
-4.446445
-3.029092
-3.281888
-3.406053
-4.344944
-4.622478
-4.391067
-4.136514
-3.053510
-3.388817
-4.223652
-4.398886
-4.606199
-4.466394
-4.513794
-0.714591
0.232983
0.064569
0.374103
0.462304
0.055250
-0.644585
-0.518885
0.670213
0.226215
0.421587
0.561599
0.492592
0.275474
-0.663778
0.338934
-0.171630
-0.252065
-0.072557
-0.325399
0.131469
-0.661449
0.053031
-0.580348
-0.991285
-0.762851
-0.787592
0.346700
-0.555164
0.093193
0.030842
-0.105286
-0.440337
-0.553167
0.297441
-0.676648
-0.029844
-0.179729
-0.069895
-0.775721
-0.251510
0.042824
-0.686300
-0.038165
-0.240971
-0.029955
-0.343483
-0.001775
-0.635155
-0.174369
-0.228056
-0.427640
-0.373617
-0.310720
-0.227944
-0.159319
-0.204695
0.317347
-0.120907
0.122311
-0.428539
-0.236817
-0.356039
-0.367439
-0.262200
-1.222383
-0.669736
-0.666647
-0.612174
-0.346829
-0.308025
0.123210
-0.268658
-0.515415
-0.502218
-0.483854
-0.073454
-0.364182
-0.310720
-1.414723
-1.290783
-0.743695
-1.441959
-0.890997
-0.259392
0.005784
-0.724995
-0.158308
0.810186
-1.466276
-0.517492
-0.200090
-0.217218
-0.539787
-0.977704
-0.665075
-1.129386
0.550401
-0.522686
-1.816892
-1.817769
-2.004251
-1.939230
-2.082505
-0.505067
-1.909065
-3.942147
-3.920829
-4.008616
-3.964761
-4.186901
-2.008599
-1.962417
-4.063838
-3.427775
-3.295749
-3.226609
-3.994431
-2.161027
-2.127772
-4.663671
-4.237469
-3.735337
-3.619329
-4.139232
-2.591462
-2.266433
-4.819150
-4.146515
-3.172000
-3.112432
-3.889367
-2.740687
-2.511950
-5.059213
-4.483748
-3.721495
-3.606440
-4.314274
-2.714450
-1.116723
-2.553098
-1.935837
-1.290736
-1.300040
-1.953912
-1.148070
-0.632894
-1.953292
-1.316822
-1.196048
-1.412423
-1.310494
-1.920967
-1.278168
-2.808064
-3.438208
-3.312482
-3.356637
-3.306429
-3.450588
-0.920798
-3.341231
-4.493536
-4.337273
-4.112506
-4.301095
-4.017868
-0.783243
-3.245354
-4.427096
-3.847712
-2.987575
-4.043591
-3.863255
-0.550361
-3.032693
-4.129288
-4.137404
-3.904522
-4.042766
-3.912775
-0.223803
-2.013404
-2.920310
-3.782923
-4.022820
-3.877148
-3.227059
-1.135111
-2.505992
-2.698020
-2.765835
-3.095831
-3.404232
-4.121448
-1.244578
-2.063788
-1.352805
-1.223687
-1.260642
-1.647470
-0.662789
-2.213044
-3.173063
-2.455292
-2.576944
-2.721901
-3.054352
-1.772592
-1.282815
-2.238913
-1.802986
-1.938516
-2.047723
-2.375121
-1.201966
-1.302576
-2.414038
-1.966195
-1.789411
-1.731639
-2.373236
-1.455753
-1.592188
-2.982401
-2.846344
-2.790835
-2.665789
-3.006687
-1.717988
-2.064919
-3.542469
-3.648057
-4.065279
-3.997477
-3.838039
-2.073366
-1.057688
-2.228354
-2.314257
-2.763834
-2.704705
-2.396389
-0.863029
-0.410428
-1.298942
-1.572875
-1.098906
-1.049367
-0.827680
-1.508157
-1.413316
-1.811859
-2.767209
-2.576233
-2.896291
-2.669074
-2.916413
-2.096499
-2.842635
-2.967246
-3.066440
-3.680552
-3.830932
-4.076153
-2.006718
-2.591177
-2.620830
-1.345186
-1.452499
-2.506221
-3.370966
-1.971064
-2.455270
-2.560113
-1.699132
-1.491918
-1.317769
-2.621653
-1.274938
-1.621118
-1.857161
-1.525689
-1.405668
-0.792850
-1.935646
-0.899928
-1.933293
-1.728785
-1.176684
-0.949467
-1.588995
-2.437032
-0.943462
-0.201483
-1.280725
-1.280725
-1.280725
-0.861269
-1.151440
-1.378156
-1.158560
-1.280725
-1.280725
-1.280725
-1.289343
-1.381279
-1.246998
-1.172800
-1.280725
-1.280725
-1.280725
-1.280725
-1.280725
-1.306956
-1.273979
-1.280725
-1.280725
-1.280725
-1.280725
-1.280725
-1.280725
-1.280725
-1.280725
-1.280725
-1.280725
-1.280725
-1.280725
-0.923476
-1.162183
-1.280725
-1.280725
-1.280725
-1.280725
-1.280725
-1.207651
-1.046889
-1.280725
-1.280725
-1.280725
-1.280725
-1.280725
2.664982
2.664982
2.664982
2.612565
2.481523
2.605077
2.664982
2.664982
2.664982
2.664982
2.642517
2.543924
2.564204
2.640021
2.664982
2.664982
2.664982
2.672470
2.949529
2.634873
2.654841
2.664982
2.664982
2.664982
2.664982
2.668102
2.787443
2.669662
2.664982
2.664982
2.664982
2.664982
2.664982
2.664982
2.664982
2.664982
2.664982
2.664982
2.664982
2.664982
2.664982
2.664982
2.664982
2.664982
2.664982
2.664982
2.664982
2.664982
2.664982
3.298096
3.215330
3.032645
3.032645
3.032645
3.260635
3.320529
1.717849
3.094077
3.054197
3.032645
3.032645
3.207780
2.097882
2.786253
3.008379
2.757809
2.649972
2.417509
3.067246
2.092164
2.193184
3.389219
3.598809
3.648366
3.690812
3.640742
3.035504
2.371618
2.904281
2.766680
2.620941
2.399475
3.057716
2.060055
2.609139
3.125234
3.087993
3.032645
3.032645
3.231678
2.229912
2.630692
2.986240
3.046940
3.032645
3.032645
3.223028
3.123474
-1.282812
-1.806372
-2.398261
-1.546898
-1.792706
-1.743545
-3.067885
-1.503062
-2.116781
-3.641849
-3.287070
-3.651788
-3.136570
-3.735203
-3.164611
-4.646730
-6.609992
-6.559411
-6.855267
-6.729080
-6.658621
-2.307924
-4.084479
-6.335966
-5.831219
-6.002662
-6.371462
-6.765463
-2.000710
-3.721182
-6.211199
-6.376076
-6.541308
-5.889964
-5.809744
-1.377762
-2.743810
-5.465259
-6.411572
-7.014465
-5.908954
-5.484959
-2.616204
-3.305883
-5.140652
-5.824474
-6.482208
-6.349277
-6.653120
0.412911
-0.572264
-0.690664
-0.877188
-0.777629
-1.247459
-1.987605
0.824830
-0.191581
-0.444048
-0.553126
-0.142199
-0.708315
-2.286678
0.887005
-0.343299
-0.526947
-0.495910
0.016263
-0.389608
-2.082503
0.894045
-0.435817
-0.721801
-0.468838
-0.364421
-0.399524
-1.681789
0.910011
-0.360851
-0.801031
-0.633249
-0.423720
-0.399722
-1.809411
0.971193
-0.263474
-0.675492
-0.675393
-0.184243
-0.560960
-1.953592
0.641281
0.058506
-0.343398
-0.347960
0.149536
-0.295602
-1.289801
-3.698562
-2.393699
-2.208365
-2.075127
-2.123930
-2.123929
-1.579688
-1.310860
-2.681224
-2.170734
-2.515647
-2.838923
-2.741905
-0.209206
-0.637261
-0.851289
-0.946072
-1.600032
-1.897790
-1.538294
0.117245
-0.593985
-1.025568
-0.699235
-0.901738
-1.202200
-1.155867
-0.152877
-0.637496
-1.736681
-1.652481
-1.089424
-1.391297
-1.510776
-0.084553
-1.360134
-2.499772
-2.837041
-2.850682
-3.011321
-2.715093
-0.286938
-0.858580
-0.982881
-1.342494
-1.705753
-1.697403
-1.214548
-0.154876
-1.683176
-1.854471
-1.908891
-1.658778
-1.714424
-1.685502
-1.935784
-2.128643
-1.514081
-2.151815
-1.817133
-1.902464
-1.958448
-2.446369
-2.184755
-2.336514
-2.555928
-2.232409
-2.268986
-2.675001
-3.018266
-2.076929
-2.105345
-2.698765
-2.259302
-2.390807
-2.708490
-3.018266
-1.922760
-1.985003
-2.634366
-2.554955
-2.749971
-2.710055
-2.895134
-1.684360
-1.739838
-2.514912
-2.643161
-2.900800
-2.922408
-2.878093
-2.143612
-2.084625
-2.664388
-2.627093
-2.916107
-2.932344
-2.979788
-0.876304
-1.461007
-1.708629
-1.663075
-1.689673
-1.478839
-1.808202
-1.451192
-1.766395
-2.391556
-2.329669
-2.308466
-2.231969
-2.551817
-1.763323
-2.554664
-3.236692
-3.090142
-3.050058
-3.166039
-3.273929
-1.565675
-2.390732
-3.192038
-2.951384
-2.758755
-3.079727
-3.273929
-1.586803
-2.408713
-3.149781
-3.020238
-3.040468
-3.151654
-3.273929
-1.748638
-2.424522
-3.152778
-3.204100
-3.273929
-3.273929
-3.273929
-2.261714
-2.696344
-3.063769
-3.184920
-3.273929
-3.273929
-3.273929
0.452865
0.452865
0.452865
0.452865
0.452865
0.452865
0.452865
0.452865
0.452865
0.452865
0.452865
0.452865
0.452865
0.452865
0.452865
0.230435
0.034965
0.181567
0.278881
0.268349
0.385462
0.452865
-0.444440
0.325361
-0.158257
0.220324
0.394519
0.354920
0.452865
-0.275651
0.114866
-0.526588
0.247285
0.151868
0.220114
0.452865
0.286042
0.284498
0.111496
0.452865
0.452865
0.452865
0.452865
0.452865
0.452865
0.452865
0.452865
0.452865
0.452865
-0.903653
-2.874723
-2.093962
-1.540100
-1.648336
-1.899617
-2.036602
-2.678969
-3.229589
-2.934055
-2.731959
-2.345807
-2.868522
-3.059907
-2.548184
-2.960550
-2.178098
-2.363846
-2.192332
-2.775225
-3.352340
-2.501818
-3.217891
-2.912070
-2.150616
-2.151180
-3.172229
-3.453388
-2.396119
-3.199429
-2.879937
-3.131923
-3.200275
-3.451133
-3.502432
-2.536910
-3.308792
-3.344871
-3.470863
-3.445073
-3.490030
-3.502432
-2.922358
-3.407585
-3.502432
-3.440422
-3.107119
-3.445073
-3.502432
0.171154
0.446018
0.333673
0.333673
0.333673
0.333673
0.333673
0.239870
0.405661
0.294407
0.291952
0.243597
0.317766
0.330401
0.366395
0.481467
0.236052
0.270592
0.201785
0.294407
0.262594
0.466015
0.557727
0.237143
0.294770
0.538276
0.213056
0.394845
0.462379
0.496101
0.078533
0.223600
0.621990
-0.109073
0.494647
0.358669
0.436565
0.052991
0.347216
0.291589
0.137069
0.374394
0.333673
0.363214
0.299497
0.428476
0.187060
0.506372
0.284954
1.008250
0.942847
0.972203
0.994298
0.965574
1.049663
0.927949
0.930221
1.217905
1.445678
1.144990
1.010081
1.533618
1.015763
0.849352
1.465438
0.908947
0.844491
1.014879
1.091897
1.116960
0.769934
1.691570
0.790073
1.185140
1.362094
0.737043
1.144169
0.843291
1.601041
0.585847
1.212728
1.592203
0.730415
1.230089
0.897962
1.222640
1.270177
1.546686
1.410325
1.169421
1.279962
1.002316
0.927759
0.815514
0.757371
0.763053
0.892343
0.947898
0.358658
0.087536
0.322119
0.311101
0.267682
0.162851
0.307392
-0.014806
-0.056418
-0.047256
-0.164959
-0.204970
-0.244316
-0.109080
0.221108
-0.095748
-0.234202
-0.464742
-0.597267
-0.363890
-0.067388
0.127674
-0.245362
-0.308486
-0.473730
-0.651133
-0.503231
-0.254160
0.179797
-0.165657
-0.024508
-0.261943
-0.426427
-0.236231
-0.223105
0.093576
-0.149455
0.033702
-0.130084
-0.294742
-0.256902
-0.141799
0.281045
0.012159
0.147870
0.111568
-0.018928
-0.043879
0.076884
-0.180910
-1.484692
-1.705957
-1.234838
-1.184738
-1.132800
-0.995280
-1.618996
-1.717908
-2.378670
-2.217432
-2.181949
-1.932370
-2.207596
-1.502342
-2.298786
-2.950907
-2.773767
-2.766964
-2.664099
-2.564727
-1.474948
-2.178455
-2.951459
-2.771744
-2.341256
-2.671269
-2.847491
-1.517785
-2.231772
-2.951551
-2.792151
-2.811916
-2.779650
-2.902738
-1.436247
-2.093884
-2.957710
-2.957710
-2.957710
-2.805113
-2.680370
-1.327132
-2.354677
-2.957710
-2.957710
-2.957710
-2.814581
-2.544688
0.538675
0.538675
0.538675
0.538675
0.538675
0.538675
0.538675
0.538675
0.488145
0.468888
0.478207
0.522081
0.523814
0.524269
0.538675
0.460828
0.517030
0.475654
0.515826
0.462451
0.487525
0.503007
0.319686
0.328348
0.351561
0.473119
0.324810
0.423519
0.498412
0.370836
0.500417
0.363141
0.484990
0.403861
0.449905
0.511103
0.370873
0.383948
0.400615
0.501913
0.406286
0.401308
0.538675
0.515699
0.505305
0.512963
0.538675
0.531783
0.528664
-1.875220
-1.612428
-1.118966
-0.521710
-0.428248
-0.575302
-2.119772
-2.665051
-3.443419
-3.217754
-1.353994
-0.436319
-2.465212
-3.616947
-1.680709
-2.877641
-2.398868
-0.665859
-0.098466
-1.546246
-3.984178
-1.214688
-1.812105
-0.465537
-0.233898
0.005650
-1.089588
-3.759481
-1.371750
-2.377238
-1.462791
-2.149474
-2.209360
-2.362387
-4.219368
-1.701694
-2.461661
-2.887004
-3.702177
-3.553185
-3.839061
-4.653427
-2.582726
-2.853267
-2.917028
-3.029699
-2.964001
-3.652621
-5.240029
0.243022
0.243022
0.243022
0.243022
0.243022
0.066869
0.231278
0.243022
0.062724
-0.733625
-0.249101
-0.513675
0.036198
0.138988
0.236805
-1.227820
-2.776859
-5.524567
-4.329076
-3.274370
-0.986179
0.207791
-2.706812
-6.307790
-7.632460
-6.441528
-6.672668
-2.207368
0.237357
-2.731957
-4.078455
-5.000668
-6.710386
-2.050833
-3.001644
0.243022
-1.213589
-1.880207
-3.365140
-2.573904
-2.474153
-0.317213
0.243022
-0.203094
-1.749923
-1.905214
-1.770232
-1.211793
-0.367918
-0.008970
-0.579643
-0.455411
-0.691983
-0.810478
-0.367166
-0.244186
-0.623452
-0.689584
-0.905607
-0.726301
-0.736106
-1.052995
-0.823412
-0.423180
-0.716704
-1.135921
-0.241683
0.564101
-0.797961
-1.611777
-0.423702
-0.589865
-0.749562
-0.291021
-0.094503
0.049964
-0.979562
-0.309692
-0.382082
-0.571611
-1.241377
-1.135816
-1.080116
-1.432261
-0.033170
-0.036612
-1.025145
-1.656838
-1.766258
-1.546062
-1.182442
0.029937
-0.124336
-0.706169
-1.362375
-1.720153
-1.144578
-0.707004
0.378880
-0.144629
-0.365035
-0.114483
-0.172468
-0.182294
-0.323127
0.520755
-0.171575
-0.290077
0.112473
-0.204625
-0.482420
-0.460089
0.467086
-0.087983
-0.195916
0.120735
-0.242289
-0.446021
-0.550529
0.507803
-0.074883
-0.145746
-0.006774
-0.351934
-0.309803
-0.518149
0.547403
-0.078753
-0.009230
0.252710
-0.588492
-0.526338
-0.454804
0.577698
0.014068
0.107709
0.303029
-0.600253
-0.634419
-0.535195
0.311292
0.128477
0.086644
0.030742
-0.368012
-0.343448
-0.397935
-0.977884
-1.659233
-2.674658
-2.379962
-2.501237
-2.185229
-2.294171
-1.613579
-2.550678
-3.237869
-3.118974
-3.174905
-3.008517
-3.082299
-2.104090
-2.937980
-3.577570
-3.088141
-3.336426
-3.597692
-3.747637
-1.815020
-2.795825
-3.291962
-2.814217
-2.900873
-3.348434
-3.647674
-1.815777
-2.817029
-3.535378
-3.312408
-3.302347
-3.480528
-3.648323
-1.720466
-2.748440
-3.791776
-3.791776
-3.740497
-3.711287
-3.748286
-2.411877
-2.988286
-3.791776
-3.791776
-3.791776
-3.791776
-3.791776
-0.262901
-1.733556
-1.881985
-0.954498
-1.138940
-1.266404
-2.049578
-0.956813
-2.378848
-2.840598
-2.252028
-2.378334
-2.458336
-3.026327
-2.501296
-3.611425
-4.616600
-4.760912
-4.905225
-4.905225
-4.905225
-1.504096
-2.868766
-3.940181
-4.441289
-4.905225
-4.905225
-4.905225
-1.363384
-2.736029
-3.746348
-4.207970
-4.582644
-4.743934
-4.905225
-1.165179
-2.912369
-4.380451
-4.234337
-3.942496
-4.444633
-4.905225
-2.073630
-3.607824
-4.905225
-4.436787
-3.833811
-4.413378
-4.905225
0.030483
-0.941866
-0.933920
-0.836305
-1.017064
-0.648786
-1.100090
-0.690062
-1.156784
-1.925364
-1.900694
-1.999257
-1.853844
-1.876498
-1.105664
-2.260314
-3.368706
-2.875296
-2.660853
-3.204196
-3.451376
-1.086212
-2.378922
-3.373688
-2.564899
-2.069473
-2.895934
-3.648028
-1.136977
-2.340137
-3.248437
-3.051548
-2.894036
-2.534654
-3.417809
-0.579282
-1.539770
-3.023438
-3.073372
-2.639978
-3.036366
-2.838765
-0.448101
-1.918960
-2.846593
-2.848254
-2.858454
-2.993549
-3.082623
0.698559
0.799914
0.784228
0.784047
0.745436
0.569453
1.015472
0.623509
0.604445
0.755993
0.823684
0.795992
0.651683
0.772222
0.467858
0.268045
0.668153
1.221559
0.824106
0.786701
0.776083
0.232632
0.129709
0.593465
1.254137
0.942292
0.781513
0.781392
0.152031
0.240837
0.956349
0.896562
0.794906
0.853969
0.782056
0.376579
0.341226
0.890469
0.787425
0.662422
0.729750
0.805162
0.619527
0.502608
0.821391
0.849806
0.741394
0.529877
1.178061
-2.438849
-2.679317
-3.073408
-3.031001
-2.912857
-2.555440
-2.834612
-2.528084
-3.171722
-3.939118
-4.008882
-4.007090
-3.638443
-3.259046
-3.096344
-4.311229
-5.028095
-4.389474
-4.371078
-4.583115
-4.293310
-3.262749
-4.604259
-5.091886
-3.817032
-3.877478
-4.203001
-4.542858
-2.827086
-4.046988
-4.783684
-4.480978
-4.663630
-4.040896
-4.217933
-2.245327
-2.875825
-3.555779
-4.408229
-4.616444
-3.910210
-3.334304
-3.209710
-3.267407
-3.381012
-3.792783
-4.264760
-3.702353
-4.375378
-0.465318
-0.392129
-0.243849
-0.070269
-0.109994
-0.251125
-0.270967
-0.248756
-0.065912
0.277482
0.643932
0.671092
0.272870
-0.175441
-0.248418
-0.087361
0.293346
0.542018
0.585677
0.476783
-0.124378
-0.373938
-0.372161
-0.275536
-0.286662
-0.252606
-0.045267
-0.317333
-0.485244
-0.477460
-0.605645
-0.614952
-0.552467
-0.546121
-0.520865
-0.481436
-0.464303
-0.534234
-0.529453
-0.519723
-0.536603
-0.356720
-0.469675
-0.523192
-0.525434
-0.540283
-0.544091
-0.518792
-0.401056
1.900395
1.907297
1.910716
1.910716
1.910716
1.910716
1.910716
1.891720
1.903561
1.910716
1.910716
1.910716
1.910716
1.910716
1.919834
1.911919
1.910716
1.910716
1.910716
1.910716
1.910716
1.901724
1.907550
1.910716
1.910716
1.910716
1.910716
1.910716
1.914009
1.910083
1.910716
1.910716
1.910716
1.910716
1.910716
1.922367
1.914389
1.910716
1.910716
1.910716
1.910716
1.910716
1.910716
1.910716
1.910716
1.910716
1.910716
1.910716
1.910716
0.723710
0.723710
0.723710
0.723710
0.723710
0.723710
0.723710
0.723710
0.723710
0.723710
0.723710
0.723710
0.723710
0.723710
0.723710
0.723710
0.723710
0.723710
0.723710
0.723710
0.723710
0.723710
0.723710
0.723710
0.723710
0.723710
0.723710
0.723710
0.723710
0.723710
0.723710
0.723710
0.723710
0.723710
0.723710
0.723710
0.723710
0.723710
0.723710
0.723710
0.723710
0.723710
0.723710
0.723710
0.723710
0.723710
0.723710
0.723710
0.723710
-0.569780
-0.689143
-0.439436
-0.252540
-0.215350
-0.341325
-0.276389
-0.838849
-0.755850
-0.491267
-0.551834
-0.677927
-0.627513
-0.409094
-0.780525
-0.434478
-0.256318
-0.496343
-0.803311
-0.665294
-0.381349
-0.798589
-0.408267
-0.347110
-0.385363
-0.631173
-0.578635
-0.438728
-0.769191
-0.270958
-0.127510
-0.425977
-0.929640
-0.375445
-0.053247
-0.797290
-0.282765
-0.129045
-0.743571
-1.438971
-0.581114
-0.117710
-0.114286
0.091854
0.391856
0.478043
0.312280
0.361986
0.306141
-0.140423
0.093979
0.140422
0.215777
0.286534
0.120473
0.198243
0.218426
0.079562
0.173463
0.128889
0.392435
0.296742
0.489843
0.355888
0.350511
0.078159
-0.429294
-0.483141
-0.127409
0.471997
0.417371
0.458360
0.118369
-0.484622
-0.725179
-0.118214
0.605095
0.385032
0.553820
0.369447
-0.147202
-0.549456
-0.213128
0.530052
0.244765
0.277728
0.086653
-0.557794
-0.671488
-0.419554
0.207984
0.356589
0.280066
0.105745
-0.018546
0.101459
-0.020183
0.328380
1.322835
1.322835
1.322835
1.322835
1.322835
1.322835
1.322835
1.290096
1.312145
1.322835
1.322835
1.322835
1.322835
1.322835
1.316487
1.274478
1.167325
1.272056
1.304294
1.273726
1.306799
1.359833
1.349310
1.279322
1.372027
1.337367
1.313314
1.338369
1.334945
1.414871
1.584913
1.424392
1.354404
1.401508
1.354905
1.349143
1.388396
1.349560
1.322835
1.322835
1.322835
1.322835
1.322835
1.322835
1.322835
1.322835
1.322835
1.322835
1.322835
-1.117873
-2.007689
-4.627202
-4.635852
-4.660624
-4.660624
-4.660624
-1.909782
-3.625978
-4.634672
-4.650925
-4.660624
-4.660624
-4.660624
-4.660624
-4.660624
-4.660624
-4.660624
-4.660624
-4.660624
-4.660624
-4.660624
-4.660624
-4.660624
-4.660624
-4.660624
-4.660624
-4.660624
-4.660624
-4.660624
-4.660624
-4.660624
-4.660624
-4.660624
-4.660624
-4.660624
-4.660624
-4.660624
-4.660624
-4.660624
-4.660624
-4.660624
-4.660624
-4.660624
-4.660624
-4.660624
-4.660624
-4.660624
-4.660624
0.630712
0.065409
0.118384
0.087913
0.146054
0.073202
0.459790
0.015148
-0.077755
0.066110
-0.139750
-0.228362
-0.105250
-0.093779
0.088963
-0.015324
-0.057528
-0.171622
-0.190886
-0.152096
-0.186333
0.098070
0.031347
-0.048072
-0.023554
-0.372840
-0.029946
-0.055339
0.066985
0.041417
-0.179766
-0.077580
-0.178977
-0.182830
-0.027320
0.032135
-0.166894
-0.058054
-0.176438
0.013397
-0.065672
-0.024517
0.358305
0.029859
0.115319
0.046408
0.122324
0.083097
0.378182
0.340347
0.261033
0.074368
0.117170
0.190011
0.225504
0.282016
0.174955
-0.002437
-0.091751
0.055458
0.074877
-0.013783
0.076441
0.115279
-0.102260
-0.189647
-0.162700
-0.135171
-0.115934
-0.143936
0.046621
-0.127389
-0.187393
-0.167755
-0.186738
-0.183720
-0.191611
0.098006
-0.101751
-0.133753
0.035057
-0.015237
-0.159355
-0.195066
0.176046
-0.001127
-0.066986
0.305399
0.411987
-0.034584
-0.146627
0.189720
0.083096
-0.136881
-0.123862
-0.081096
-0.105242
-0.009637
0.235498
0.089363
0.241286
0.223923
0.223923
0.223923
0.223923
0.217722
0.171215
0.227644
0.223923
0.223923
0.223923
0.223923
0.327272
0.277871
0.339054
0.228884
0.166254
0.231364
0.223923
0.304673
0.051675
0.304742
0.221029
0.242526
0.232880
0.076547
0.359104
0.404784
0.134629
0.297094
0.328237
0.215104
0.142691
0.478437
1.037763
0.618027
0.224888
0.219651
0.322105
0.521982
0.464933
1.001935
0.918911
0.407540
0.255066
0.399616
0.489255
2.019759
2.019759
2.019759
2.019759
2.019759
2.019759
2.019759
2.019759
2.019759
2.019759
2.019759
2.019759
2.019759
2.019759
2.019759
2.019759
2.019759
2.007935
2.045706
2.007442
2.019759
2.019759
2.019759
2.019759
2.005800
2.043900
2.005965
2.019759
2.019759
2.019759
2.019759
2.008428
2.047677
2.008921
2.019759
2.019759
2.019759
2.019759
2.019759
2.019759
2.019759
2.019759
2.019759
2.019759
2.019759
2.019759
2.019759
2.019759
2.019759
2.158624
2.162825
2.164137
2.164137
2.164137
2.164137
2.164137
2.133161
2.156524
2.164137
2.164137
2.164137
2.164137
2.164137
2.164137
2.164137
2.164137
2.164137
2.164137
2.164137
2.164137
2.164137
2.164137
2.164137
2.164137
2.164137
2.164137
2.164137
2.200101
2.179363
2.164137
2.164137
2.164137
2.164137
2.164137
2.158624
2.162825
2.164137
2.164137
2.164137
2.164137
2.164137
2.133161
2.156524
2.164137
2.164137
2.164137
2.164137
2.164137
-3.828671
-1.523316
-1.549692
-1.834287
-1.934440
-1.618858
-0.965007
-1.772683
-1.597094
-1.614247
-1.791497
-1.633429
-2.025555
0.034491
-1.602627
-1.254029
-1.388488
-1.318216
-1.018680
-1.636195
-0.535808
-1.640253
-1.538993
-1.859925
-1.560943
-1.124734
-1.883903
-1.495834
-1.505425
-1.341640
-2.047688
-2.230470
-2.110951
-2.732710
-1.445112
-1.590822
-1.450092
-2.143967
-3.063231
-3.397811
-3.297843
-0.767837
-1.411912
-0.228157
-1.041735
-1.634904
-1.889067
-1.596724
0.195694
-0.229638
-1.698377
-1.801530
-1.848659
-2.025508
-1.960013
-1.558376
-2.327457
-2.754160
-2.389950
-2.586205
-2.535610
-2.625017
-2.683235
-1.210222
-1.993165
-2.181796
-2.284718
-2.317985
-2.317985
-2.317985
-1.708773
-2.301583
-2.378283
-2.361649
-2.317985
-2.317985
-2.317985
-1.463194
-2.152110
-2.317985
-2.317985
-2.317985
-2.317985
-2.317985
-1.283226
-2.099436
-2.317985
-2.317985
-2.317985
-2.317985
-2.317985
-2.034749
-2.345246
-2.317985
-2.317985
-2.317985
-2.317985
-2.317985
1.875782
1.875782
1.836750
1.857611
1.778637
1.858338
1.810037
1.875782
1.875782
1.854195
1.813635
1.790630
1.790194
1.844382
1.875782
1.875782
1.875782
1.875782
1.875782
1.875782
1.875782
1.875782
1.844891
1.796700
1.848598
1.875782
1.875782
1.875782
1.875782
1.765190
1.898024
1.751598
1.875782
1.875782
1.875782
1.875782
1.814617
1.740477
1.816470
1.875782
1.875782
1.875782
1.875782
1.875782
1.875782
1.875782
1.875782
1.875782
1.875782
1.285333
0.480894
0.290931
-0.055341
-0.111549
0.284338
1.146894
0.542307
-0.185453
-0.219455
-0.664438
-0.868800
-0.516978
0.490436
0.661663
-0.148501
-0.354252
-0.119009
-0.161686
-0.586198
0.061066
0.690981
-0.536928
-0.935591
-0.332392
0.134275
-0.526867
-0.184412
0.778243
-0.345230
-0.623497
-0.495293
-0.443595
-0.198291
0.134969
0.699829
0.037126
-0.069740
-0.766619
-1.047488
0.169145
0.483843
1.036038
0.634773
0.920325
0.621241
0.251550
0.710758
0.578912
-0.529038
0.170007
-0.113299
0.113876
0.140155
0.062816
-0.191560
0.052327
0.288608
0.183377
-0.162054
-0.362950
0.334020
0.702618
-0.167125
0.105116
-0.534455
-0.439136
-0.637266
-0.167356
0.370557
-0.206890
0.018211
-1.122390
-0.638419
-0.743189
-0.918036
-0.062470
-0.157328
0.229826
-0.544137
-0.352922
-0.112147
-0.622859
0.727283
-0.146609
-0.184990
-0.235128
-0.342319
-0.156291
-0.524428
0.524543
0.300019
0.410782
0.249305
0.339322
0.322033
0.291835
0.697777
-1.034216
-1.261424
-0.914870
-0.805902
-0.691406
-0.963867
-0.420815
-0.869276
-1.317056
-1.365628
-1.978094
-2.246388
-1.813238
-0.817811
-0.598260
-1.297406
-1.701038
-2.866423
-3.167127
-2.447565
-1.267463
-0.553431
-1.471959
-1.682069
-2.042998
-2.071665
-2.046060
-1.336025
-0.172426
-0.638325
-0.178551
0.009017
-0.037343
-0.233758
-0.159156
0.288369
0.142058
0.799012
1.253087
1.257170
1.152966
0.993895
0.562703
0.551134
0.939879
1.427300
1.483272
1.305998
1.202134
-4.250115
0.006704
-1.084978
-0.803413
-0.252632
0.341018
0.208881
-3.010065
-2.175601
-0.831464
-0.885977
-0.548311
0.954428
-0.101970
-3.389013
-1.649696
-0.365011
-1.685509
-2.252697
0.044987
-1.562721
-3.291806
-1.265631
-0.524318
-2.709799
-2.666400
-0.176949
-2.417825
-3.210300
-1.687097
-0.568422
-2.231879
-2.445699
-0.161776
-2.336319
-3.317210
-1.706326
-1.101032
0.168833
-0.936962
-1.469043
-1.397063
-3.813654
-0.626288
-1.257516
-0.121553
-0.291620
-0.387769
-0.165834
-0.010882
-1.054470
-0.822035
-0.074037
0.179326
-0.293358
-1.292021
-0.860634
-1.702481
-1.539618
0.025206
0.264153
-1.506878
-2.085036
-0.845659
-1.987188
-1.802654
-0.499099
-0.618247
-2.296730
-2.726629
-0.777575
-2.102057
-2.482381
-1.848601
-1.707410
-2.513447
-2.793597
-0.691633
-1.974725
-2.562650
-2.473731
-2.205207
-2.344259
-2.408809
-0.483752
-1.573381
-1.973981
-2.113963
-1.934730
-1.549756
-1.883760
-0.982107
-1.893805
-1.934823
-1.735128
-1.682204
-1.763682
-2.427969
0.383724
0.383724
0.383724
0.383724
0.383724
0.383724
0.383724
0.383724
0.383724
0.383724
0.383724
0.383724
0.383724
0.383724
0.383724
0.383724
0.383724
0.383724
0.383724
0.383724
0.383724
0.383724
0.383724
0.383724
0.383724
0.383724
0.383724
0.383724
0.383724
0.383724
0.383724
0.383724
0.383724
0.383724
0.383724
0.383724
0.383724
0.383724
0.383724
0.383724
0.383724
0.383724
0.383724
0.383724
0.383724
0.383724
0.383724
0.383724
0.383724
-0.498962
-0.531660
-0.245325
-0.384798
-0.526949
-0.615528
-1.979131
-0.407427
-0.776246
-0.285966
-0.183347
-1.161690
-1.646243
-1.697876
-0.987025
-0.938441
-0.631231
0.039348
-1.296822
-2.073899
-1.628878
-1.179886
-1.391127
-0.743733
-0.057359
-1.426504
-1.987998
-1.582510
-1.095279
-1.253040
-1.006976
-0.249481
-1.255534
-1.924358
-1.587406
-0.558631
-0.536371
-0.654876
-0.643792
-1.029144
-1.662038
-1.676631
-0.673996
-0.451301
-0.105667
-0.479750
-0.976126
-0.999125
-1.860071
-0.062826
-0.522563
-0.449221
-0.511238
-0.507868
-0.479825
-0.014021
-0.414842
-0.711042
-0.899925
-1.545849
-1.425454
-1.176980
-0.627318
-0.153156
-0.472140
-0.900734
-1.750236
-1.673388
-1.493134
-0.732343
-0.027099
-0.363341
-0.675449
-1.160398
-1.327844
-1.401726
-0.557212
-0.052445
-0.387878
-0.685426
-1.222145
-1.531288
-1.255851
-0.340017
-0.137652
-0.506250
-0.838986
-2.007338
-2.460738
-1.294544
-0.211263
0.153830
-0.196298
-0.167986
-0.535101
-0.687987
-0.245912
-0.031548
0.038971
-1.136025
-1.311814
-0.954655
-0.947679
-0.805653
-1.040875
-1.791653
-1.631396
-2.300139
-2.068730
-2.035897
-1.977115
-2.269538
-1.637163
-2.498064
-2.792627
-2.792627
-2.792627
-2.792627
-2.792627
-1.565452
-2.316416
-2.792627
-2.792627
-2.792627
-2.792627
-2.792627
-1.311442
-2.300511
-2.792627
-2.792627
-2.792627
-2.790488
-2.772816
-1.042736
-2.184341
-2.792627
-2.779792
-2.673760
-2.773095
-2.768909
-1.777236
-2.176249
-2.792627
-2.739053
-2.650322
-2.731148
-2.789093
0.688877
0.444655
0.453437
0.407511
0.341413
0.481561
0.605690
0.224404
0.249325
0.188210
-0.049960
-0.234491
-0.047230
-0.030973
0.246121
0.132791
-0.168036
-0.470999
-0.520247
-0.722342
-0.657785
0.270211
0.056131
-0.484053
-0.736820
-0.460913
-1.030527
-0.995044
0.219182
0.022547
-0.360637
-0.597620
-0.439552
-0.517400
-0.475628
0.268905
0.125315
0.106921
-0.112499
0.200433
0.085323
0.174326
0.532589
0.411546
0.524520
0.337140
0.379861
0.417480
0.431720
2.236026
2.236026
2.210748
2.128826
2.099183
2.189377
2.236026
2.236026
2.236026
2.132503
1.880762
1.853761
2.090680
2.236026
2.236026
2.236026
2.208795
2.340698
2.424573
2.213621
2.236026
2.236026
2.236026
2.256707
2.466970
2.533036
2.270495
2.236026
2.236026
2.236026
2.236026
2.236026
2.236026
2.236026
2.236026
2.236026
2.236026
2.236026
2.236026
2.236026
2.236026
2.236026
2.236026
2.236026
2.236026
2.236026
2.236026
2.236026
2.236026
-0.269529
-0.269529
-0.269529
-0.269529
-0.269529
-0.269529
-0.269529
-0.269529
-0.269529
-0.269529
-0.269529
-0.269529
-0.269529
-0.269529
-0.269529
-0.273481
-0.314582
-0.226847
-0.269529
-0.269529
-0.269529
-0.269529
-0.283065
-0.341160
-0.046832
-0.269529
-0.269529
-0.269529
-0.269529
-0.288993
-0.315175
-0.001383
-0.269529
-0.269529
-0.269529
-0.269529
-0.282373
-0.347878
-0.238703
-0.269529
-0.269529
-0.269529
-0.269529
-0.269529
-0.269529
-0.269529
-0.269529
-0.269529
-0.269529
-0.103955
-0.674445
-0.188641
-0.221396
-0.187880
-0.565558
-0.030806
-0.605558
-1.165637
-0.575939
-0.875324
-0.962780
-1.291936
-0.463186
0.083042
-0.234789
0.066787
-0.087395
-0.341910
-0.529304
-0.027518
0.037533
-0.445622
-0.132995
-0.617247
-1.246305
-0.961410
-0.243161
0.041125
-0.482060
-0.017808
-0.763119
-1.323290
-0.950208
-0.318106
-0.296067
-0.946798
-0.389276
-0.982231
-1.063265
-1.130234
-0.386354
0.162645
-0.426109
0.098963
-0.281516
-0.226753
-0.505103
0.293905
0.287507
0.019128
-0.126243
-0.235654
-0.279462
-0.100732
0.257711
-0.060225
-0.436507
-0.709061
-0.827675
-0.895311
-0.710504
-0.186315
-0.147011
-0.772238
-1.070347
-1.057690
-1.186469
-1.107903
-0.523052
-0.015565
-0.725916
-0.998667
-0.915313
-0.936146
-0.913652
-0.426845
0.037316
-0.638518
-1.066718
-0.951514
-0.955405
-0.682742
-0.178642
0.133807
-0.377550
-0.798186
-0.930331
-0.850497
-0.453470
0.135534
0.342354
0.092382
-0.193748
-0.425555
-0.392436
0.026320
0.329566
0.074361
-2.250372
-2.679577
-1.798642
-1.666746
-2.032717
-2.976343
-3.368638
-3.626866
-3.853885
-4.055799
-4.241159
-4.279018
-4.383775
-2.113184
-3.057760
-3.239456
-3.913455
-4.445381
-4.462615
-4.511465
-2.176690
-3.254790
-3.723346
-3.935845
-4.287839
-4.240752
-4.424756
-2.323376
-3.591043
-4.479305
-4.484190
-4.401551
-4.254322
-4.426383
-2.432883
-3.673681
-4.520013
-4.295031
-4.101122
-4.360571
-4.527748
-3.126015
-3.952128
-4.501287
-4.084024
-3.638672
-4.208186
-4.544032
-1.178352
-2.122826
-1.902552
-2.287299
-2.136110
-1.955047
-0.614143
-2.454705
-3.750689
-3.219076
-3.838981
-3.612038
-3.199497
-1.342291
-1.856513
-2.741131
-1.963529
-2.278390
-2.003967
-1.743575
-0.363621
-2.054221
-2.882930
-1.525168
-1.262749
-0.883391
-1.140955
-0.192800
-1.979694
-2.714137
-1.094382
-0.861732
-0.543724
-1.002037
-0.099174
-2.114771
-2.764550
-1.245464
-1.424180
-1.145757
-1.472727
-0.352257
-0.744952
-1.351680
-0.409820
-0.891713
-0.718225
-0.984805
0.224595
-0.381921
0.420604
0.025598
0.065671
-0.058719
0.387319
-0.206663
-0.480060
-0.058556
-0.607885
-0.765478
-0.500587
-0.413980
-0.403594
-0.468038
-0.172560
-0.713383
-0.625713
-0.502059
-0.736119
-0.691302
-0.519069
-0.265382
-0.680834
-0.541478
-0.360740
-0.636672
-0.724342
-0.374643
-0.082027
-0.441949
0.034676
-0.192106
-0.250089
-0.309626
0.181310
0.523240
0.323774
-0.309217
-0.488565
0.371862
0.165527
-0.981628
-0.115558
-0.599298
-0.546548
-0.512936
-0.452663
-0.814138
-0.011826
-0.011826
-0.011826
-0.011826
-0.011826
-0.011826
-0.011826
-0.011826
-0.011826
-0.011826
-0.011826
-0.011826
-0.011826
-0.011826
-0.011826
-0.011826
-0.011826
-0.012211
-0.006053
-0.010671
-0.011826
-0.011826
-0.011826
-0.011826
0.000490
0.091702
-0.000665
-0.011826
-0.011826
-0.011826
-0.011826
0.000875
0.090932
-0.001050
-0.011826
-0.011826
-0.011826
-0.011826
-0.011826
-0.006823
-0.011056
-0.011826
-0.011826
-0.011826
-0.011826
-0.011826
-0.011826
-0.011826
-0.011826
-1.722218
-0.947687
-0.898111
-0.914636
-0.845482
-0.892184
-1.429793
-1.195206
-1.393329
-1.020434
-1.070548
-1.569719
-1.426919
-1.317349
-0.924875
-0.929365
0.318290
-0.507074
-1.382013
-0.910325
-0.920384
-0.811353
-0.683284
0.584490
-0.199560
-1.120484
-0.908529
-1.013069
-0.834705
-1.126590
-0.325296
-0.119449
-0.776866
-0.377925
-0.997801
-1.228257
-1.500385
-1.129105
-1.202391
-0.266559
-0.714358
-0.802193
-1.479189
-0.690288
-0.555751
-0.826622
-0.342899
-0.507074
-1.273881
