1.171923
0.357378
0.086483
0.117435
0.061283
-0.025595
0.048654
0.112981
0.168175
0.160902
0.000733
-0.188020
0.078252
0.875715
0.607808
-0.506215
-0.990838
-0.945623
-1.098294
-0.862015
-0.427117
-0.027005
0.066188
-0.179168
-0.664806
-1.340775
-1.144129
0.189429
0.439182
-0.826836
-1.262692
-1.271261
-1.060126
-0.318647
0.375701
0.836307
0.950190
0.680592
-0.063820
-1.204510
-1.377589
-0.108809
0.425032
-0.765778
-1.199887
-1.021508
-0.314249
0.662325
1.351712
1.563128
1.599436
1.483974
0.877688
-0.294292
-0.935193
-0.020522
0.430782
-0.807836
-1.200168
-0.621226
0.401127
1.214714
1.632586
1.632586
1.632586
1.632586
1.328710
0.491839
-0.204087
-0.075264
0.409922
-0.838449
-0.919295
0.070021
0.983847
1.493671
1.632586
1.632586
1.632586
1.632586
1.533586
1.034644
-0.002086
-0.020352
0.378013
-0.795658
-0.718477
0.274729
1.343650
1.632586
1.632586
1.632586
1.632586
1.632586
1.507427
0.885299
-0.111684
-0.045948
0.380493
-0.765891
-0.916701
0.101536
1.218266
1.632586
1.632586
1.632586
1.632586
1.632586
1.421846
0.713065
-0.406089
-0.213390
0.406089
-0.805524
-1.117632
-0.351120
0.716786
1.563861
1.632586
1.632586
1.632586
1.632586
1.354869
-0.031572
-0.696490
-0.168851
0.426892
-0.773897
-1.191374
-0.777561
0.150134
0.906384
1.545933
1.632586
1.632586
1.506300
0.414320
-0.357998
-1.103086
-0.129838
0.418774
-0.754559
-1.196447
-1.023594
-0.780831
-0.043073
0.666328
1.003974
0.963270
0.572854
-0.092121
-1.234503
-1.284059
-0.078027
0.298633
-0.855644
-1.250289
-1.202367
-1.284171
-1.097392
-0.679295
-0.337251
-0.323439
-0.594334
-1.024045
-1.497279
-1.371839
-0.155151
0.506385
-0.550979
-0.962142
-0.929161
-1.082565
-1.196335
-1.123495
-1.068921
-1.086568
-1.081663
-1.158224
-1.419591
-1.188668
0.170768
1.028668
0.413474
0.094151
0.082537
0.036984
-0.062015
-0.148950
-0.187287
-0.179281
-0.169697
-0.144665
-0.257984
0.077576
0.751853
-3.155767
-3.656096
-2.943662
-2.267728
-2.331827
-2.442442
-2.725547
-3.470476
-3.479156
-3.087217
-2.316693
-2.037817
-3.059619
-3.203619
-2.831489
-2.779630
-1.808574
-1.461148
-2.273737
-3.227879
-2.207190
-1.226785
-0.887594
-2.338282
-2.537033
-2.074095
-2.751142
-2.123060
-2.181150
-1.746033
-0.631866
-0.853542
-0.632534
0.031382
0.258177
-2.039820
-1.395491
-0.837072
-0.145113
-0.190962
-2.456687
-1.406174
-2.278189
-1.941223
-1.612270
-1.514786
-0.956145
-3.407045
-2.194059
-2.350300
-1.867554
-1.865996
-2.544823
-1.141765
-2.708632
-2.748249
-2.340952
-2.171802
-2.648539
-1.088572
-2.411506
-2.618938
-0.665251
-1.168918
-1.817476
-2.223660
-2.002429
-1.994639
-2.026466
-2.945665
-2.248142
-2.420854
-2.460025
-0.856880
-2.167573
-1.758274
-2.034256
-0.710654
0.159135
-1.584672
-1.618502
-0.500107
-2.660335
-3.583095
-2.173360
-2.980608
-1.457142
-2.004655
-2.153774
-1.065648
-1.076553
1.120176
1.268851
-0.106609
-1.368783
0.166924
-2.180482
-2.912725
-2.100358
-2.987952
-1.521463
-1.852865
-2.276408
-0.512793
-0.979960
1.214322
1.365667
0.162028
-1.385252
0.042733
-2.493633
-2.369441
-2.188049
-2.444891
-2.389027
-1.176931
-1.989743
-1.111496
-2.176031
-0.578673
-0.327395
-1.579998
-1.032262
0.530820
-2.412841
-2.873554
-2.370553
-1.981953
-2.458245
-0.381701
-2.070089
-1.233907
-0.299574
-1.348752
-0.798345
-0.342084
-1.517012
-1.859541
-2.369663
-3.008651
-2.349187
-1.782089
-1.987294
-1.450687
-1.777192
-2.760935
-1.443788
-0.222121
-0.738475
-0.764960
-2.571309
-1.153784
-2.960800
-2.621163
-2.198732
-1.611603
-0.864670
-0.368125
-1.759832
-1.531034
-0.504558
-2.815241
-2.757151
-0.983965
-1.024918
-0.891156
-2.378566
-1.637198
-3.299323
-3.009986
-2.460916
-1.026921
-1.970824
-2.804113
-2.050503
-1.933211
-1.991523
-2.271512
-3.016441
-2.106590
-2.710412
-2.279524
-3.021115
-1.200968
-1.883801
-0.834401
-0.970612
-0.853987
-1.112164
-1.348307
-1.432214
-1.168250
-0.710877
-0.431111
-1.765396
-2.793430
-0.429588
-0.490588
-1.052157
-1.103915
-0.948642
-0.930897
-0.829970
-0.985242
-1.091715
-0.999661
-0.855479
-1.045503
-0.997442
-2.134260
-0.555654
-0.793739
-0.774145
-0.903169
-1.054006
-0.965279
-0.533842
-0.903909
-1.123879
-0.959364
-0.953448
-0.651406
-0.987830
-1.870667
-1.054376
-0.963800
-1.301333
-1.052897
-0.693551
-0.152685
-1.587479
-0.846606
0.270988
-0.200006
-0.918697
-1.628145
-1.509103
-1.448472
-0.967867
-0.945315
-0.735697
-0.243630
-0.498352
-1.993406
-0.903909
-0.347885
-1.130533
-1.053636
-0.706861
-0.615176
-1.164545
-1.636648
-0.862133
-0.998552
-1.048830
-1.536830
-1.406697
0.310915
0.034752
-1.120551
-0.613697
-1.148279
-1.549770
-0.686897
-0.707230
-1.675836
-0.988200
-0.784866
-1.178594
-1.012970
-0.346037
-0.581164
-1.187467
-1.203733
-1.200776
-0.585969
-0.419236
-0.907976
-1.209648
-1.711327
-0.951970
-1.066206
-0.059152
-0.057673
-1.660679
-1.792660
-1.056594
-0.754921
-0.931267
-1.017036
-0.749745
-1.222218
-1.073600
-1.361594
-1.001509
-0.971564
-1.630733
-1.360485
-0.571182
-0.702054
-0.883576
-0.981915
-1.198557
-0.959733
-1.015188
-0.399272
-0.691333
-1.845897
-0.893557
-0.836624
-1.400043
-1.595612
-0.489479
-0.320897
-0.885054
-0.925352
-0.790412
-0.231061
-1.011491
-1.889151
-1.169351
-1.132382
-0.929788
-1.050679
-0.828491
-0.500939
-0.623679
-0.396685
-0.422564
-0.979697
-0.520533
-1.850333
-1.100958
0.111648
-1.496163
-2.159030
-0.880248
-0.845497
-0.993006
-0.897624
-0.978958
-1.257709
-1.199297
-0.968976
-1.409285
-0.139376
-0.177085
-1.603745
-1.065097
-1.362703
-1.126097
-0.935703
-1.062509
-0.922024
-0.597061
-0.571921
-1.378600
-1.174158
-0.603715
-0.792261
-1.129055
-1.028497
-1.016667
-1.516867
-0.818139
-1.000400
-1.014079
-0.968976
-1.037370
-0.992636
-0.520903
-0.686527
-0.988939
-1.037000
-0.938660
-0.755661
-0.949751
-1.454388
0.396685
-0.197418
-0.825903
-0.981545
-0.833667
-0.875442
-0.968236
-0.917588
-0.915370
-0.963430
-1.075079
-1.029236
-1.658830
-3.234848
2.028809
1.935391
1.866063
1.683758
1.384660
1.263971
1.544385
2.030877
2.178120
1.909234
1.604650
1.493582
1.627150
2.086610
1.877273
1.935470
1.772167
1.323123
1.252761
1.600516
2.305646
2.643542
2.467041
2.213738
2.061088
1.898342
1.979596
2.324409
1.898898
1.933801
1.458122
1.457884
2.052820
2.095832
2.296821
2.391114
2.260885
2.408366
2.520150
1.891266
1.753165
2.210637
1.966795
1.757141
1.313741
2.004481
2.671528
2.571988
2.551952
2.315584
2.073650
2.174940
2.072776
2.029127
2.190602
2.287042
1.923227
1.713810
2.041848
2.816386
2.693233
2.479205
2.268994
1.638837
1.782741
1.664120
1.368520
0.687401
1.238450
1.915753
1.884031
1.718581
2.452571
2.781483
2.183685
1.967829
1.590260
1.546293
1.562353
1.364783
1.512742
2.360584
2.547659
2.742446
1.917105
1.784490
2.324807
2.364321
2.049958
1.838713
1.669208
1.844835
1.725418
1.222947
1.615622
2.692676
2.769399
1.987705
1.974030
1.960196
2.126203
2.073571
2.029525
1.664199
1.575154
1.513935
1.215235
0.702904
1.184148
2.004083
2.081124
2.323534
2.056636
2.095673
2.070709
2.051071
2.243155
1.803015
1.451523
1.388635
0.880359
1.064731
2.310019
2.481113
2.121274
2.297854
2.052661
2.108155
1.960833
2.082237
1.971884
1.853421
2.252537
2.788957
2.514188
2.903603
3.347798
2.357086
1.787512
2.206026
1.916628
1.962900
1.898183
1.777732
1.775665
2.173191
2.785141
2.701263
2.509735
2.898117
2.230911
1.411055
1.583184
2.146636
1.906213
1.817644
1.777574
1.726452
1.718978
2.133597
2.271936
2.248959
2.292210
2.263349
1.441983
1.268503
1.586205
2.211591
2.250628
2.483101
2.417669
2.427607
2.327112
2.261759
2.273287
2.144807
2.135505
2.019269
2.027696
2.138526
1.908916
2.179074
2.585345
2.628039
2.459647
2.515221
2.478808
2.449391
2.357165
2.217157
2.345319
2.441520
2.593454
2.669779
2.683533
2.567535
1.924047
1.630737
1.689462
1.730453
1.730453
1.730453
1.730453
1.730453
1.730453
1.730453
1.730453
1.681263
1.696056
1.837654
1.555973
1.580078
1.701492
1.730453
1.730453
1.730453
1.730453
1.730453
1.730453
1.730453
1.730453
1.696234
1.611400
1.598390
1.730453
1.730453
1.730453
1.730453
1.730453
1.730453
1.730453
1.730453
1.730453
1.730453
1.730453
1.730453
1.730453
1.730453
1.730453
1.730453
1.730453
1.730453
1.730453
1.730453
1.730453
1.730453
1.730453
1.730453
1.730453
1.730453
1.730453
1.730453
1.730453
1.730453
1.730453
1.730453
1.730453
1.730453
1.730453
1.730453
1.730453
1.730453
1.730453
1.688036
1.639559
1.690308
1.730453
1.730453
1.730453
1.730453
1.730453
1.730453
1.730453
1.730453
1.730453
1.730453
1.730453
1.593400
1.688348
1.597009
1.730453
1.730453
1.730453
1.730453
1.730453
1.730453
1.730453
1.730453
1.730453
1.730453
1.730453
1.571300
1.829233
1.570543
1.730453
1.730453
1.730453
1.730453
1.730453
1.730453
1.730453
1.730453
1.730453
1.730453
1.730453
1.583597
1.479694
1.586137
1.730453
1.730453
1.730453
1.730453
1.730453
1.730453
1.730453
1.730453
1.730453
1.730453
1.730453
1.615677
1.898873
1.615677
1.730453
1.730453
1.730453
1.730453
1.730453
1.730453
1.730453
1.730453
1.730453
1.730453
1.730453
1.650609
1.625658
1.649362
1.730453
1.730453
1.730453
1.730453
1.730453
1.730453
1.730453
1.730453
1.730453
1.730453
1.730453
1.730453
1.730453
1.730453
1.730453
1.730453
1.730453
1.730453
1.730453
1.730453
1.730453
1.730453
1.730453
1.730453
1.730453
1.730453
1.730453
1.730453
1.693026
1.713923
1.730453
1.730453
1.730453
1.730453
1.730453
1.730453
1.730453
1.730453
1.730453
1.730453
1.730453
1.730453
1.772558
1.701759
1.730453
1.730453
1.730453
1.730453
1.730453
1.730453
1.730453
1.730453
1.730453
1.730453
1.730453
1.730453
0.075040
-0.354826
-0.303896
-0.042239
-0.053266
-0.027848
-0.134473
-0.287543
-0.308195
-0.327352
-0.179329
-0.098963
0.174282
0.939070
-0.348378
-0.365012
-0.374544
-0.355667
-0.351182
-0.349032
-0.353611
-0.316325
-0.112793
0.085506
-0.037940
-0.383608
-0.355200
-0.209232
-0.374170
-0.374170
-0.374170
-0.374170
-0.374170
-0.374170
-0.374170
-0.441921
0.302868
1.660122
2.267915
0.167274
-0.415942
-0.292682
-0.374170
-0.374170
-0.374170
-0.374170
-0.374170
-0.374170
-0.374170
-0.616110
0.435753
1.817304
2.736282
2.048684
-0.081861
-0.377254
-0.374170
-0.374170
-0.374170
-0.374170
-0.374170
-0.374170
-0.374170
-0.484907
-0.171479
0.542659
1.735069
1.529387
0.544247
-0.313615
-0.374170
-0.362956
-0.246145
-0.006822
-0.079338
-0.324735
-0.379497
-0.387907
-0.384356
-0.126156
0.647041
0.582188
0.747873
-0.185964
-0.374170
-0.391738
-0.352023
1.156712
1.620780
0.205775
-0.334267
-0.382394
-0.339594
-0.238015
0.456592
-0.103635
-0.277918
-0.343332
-0.374170
-0.429492
-0.470236
1.225771
2.367532
0.336884
-0.333707
-0.392766
-0.336604
-0.268573
0.198112
-0.237734
-0.361741
-0.352023
-0.374170
-0.379777
-0.572656
0.398934
1.690587
0.759647
-0.166152
-0.362582
-0.318568
-0.315110
-0.389683
-0.110550
-0.345855
-0.243435
-0.374170
-0.374170
-0.504064
0.026446
0.492944
1.374355
0.843938
-0.370245
0.019344
-0.182132
-0.385758
-0.360059
-0.371647
-0.282123
-0.374170
-0.374170
-0.385851
-0.566395
0.315577
0.781234
1.096625
-0.205962
-0.404354
0.424539
-0.303709
-0.374170
-0.397252
-0.211662
-0.374170
-0.374170
-0.374170
-0.396131
-0.370993
-0.292589
0.109522
-0.352023
-0.282310
0.358377
-0.275675
-0.374170
-0.400429
-0.241659
-0.291935
-0.380338
-0.374170
-0.374170
-0.376506
-0.377441
-0.350060
-0.369591
-0.375478
-0.328754
-0.355106
-0.374170
-0.385571
-0.328380
0.055509
-0.322773
-0.374170
-0.374170
-0.374170
-0.374170
-0.374170
-0.374170
-0.374170
-0.374170
-0.374170
-0.374170
-0.375105
-0.371927
-0.503659
-0.503659
-0.503659
-0.503659
-0.503659
-0.503659
-0.503659
-0.503659
-0.503659
-0.503659
-0.503659
-0.503659
-0.503659
-0.503659
-0.503659
-0.503659
-0.503659
-0.503659
-0.503659
-0.503659
-0.503659
-0.503659
-0.503659
-0.503659
-0.503659
-0.503659
-0.503659
-0.503659
-0.503659
-0.503659
-0.503659
-0.503659
-0.503659
-0.503659
-0.406938
0.062012
0.047358
-0.421593
-0.503659
-0.503659
-0.503659
-0.503659
-0.503659
-0.503659
-0.503659
-0.503659
-0.503659
-0.483297
-0.184649
-0.397220
-0.501962
-0.146393
-0.329654
-0.477743
-0.503659
-0.503659
-0.503659
-0.503659
-0.503659
-0.503659
-0.503659
-0.464785
-0.459078
-0.694633
-0.529266
-0.453833
-0.537905
-0.449977
-0.503659
-0.503659
-0.503659
-0.503659
-0.503659
-0.503659
-0.503659
-0.496255
-0.528341
-0.552868
-0.488696
-0.542533
-0.540681
-0.484222
-0.503659
-0.503659
-0.503659
-0.503659
-0.503659
-0.503659
-0.503659
-0.503659
-0.503659
-0.503659
-0.503659
-0.503659
-0.503659
-0.503659
-0.503659
-0.503659
-0.503659
-0.503659
-0.503659
-0.503659
-0.503659
-0.503659
-0.503659
-0.503659
-0.503659
-0.503659
-0.503659
-0.503659
-0.503659
-0.503659
-0.503659
-0.503659
-0.503659
-0.503659
-0.503659
-0.503659
-0.503659
-0.503659
-0.503659
-0.503659
-0.503659
-0.503659
-0.503659
-0.503659
-0.503659
-0.503659
-0.503659
-0.503659
-0.503659
-0.503659
-0.503659
-0.503659
-0.503659
-0.503659
-0.503659
-0.503659
-0.503659
-0.503659
-0.503659
-0.503659
-0.503659
-0.503659
-0.503659
-0.503659
-0.503659
-0.503659
-0.503659
-0.503659
-0.503659
-0.503659
-0.503659
-0.503659
-0.503659
-0.503659
-0.503659
-0.503659
-0.503659
-0.503659
-0.503659
-0.503659
-0.503659
-0.503659
-0.503659
-0.503659
-0.503659
-0.503659
-0.503659
-0.503659
-0.503659
-0.503659
-0.503659
-0.503659
-0.503659
-0.503659
-0.503659
-0.503659
-0.503659
-0.503659
-0.503659
-0.503659
-0.503659
-0.503659
-0.503659
-0.503659
-0.503659
-0.503659
-0.503659
-0.503659
-0.503659
-0.503659
-0.503659
-0.503659
-0.503659
-0.503659
-1.202520
-0.294076
0.197059
0.206999
0.171706
0.188344
0.185823
0.173723
0.187048
0.187984
0.193890
0.113511
-0.412916
-1.339366
-0.554012
0.128420
0.177036
0.084197
0.027153
0.100330
-0.019879
-0.364083
-0.373230
-0.046095
0.250357
0.305816
0.026001
-0.926378
-0.637560
-0.189280
-0.100114
-0.148514
-0.329512
-0.731912
-1.287149
-1.706835
-1.676441
-1.228377
-0.647212
-0.140159
-0.087582
-0.801704
-0.629781
-0.131877
-0.018078
-0.134109
-0.532260
-1.087857
-1.180624
-1.212243
-1.526198
-1.568548
-1.471747
-0.949354
-0.477450
-0.717795
-0.622507
-0.098241
0.017214
0.162415
0.214561
-0.545009
-1.078782
-0.914782
-0.739403
-0.457571
-0.260368
-0.239769
-0.549186
-0.740915
-0.615232
-0.063453
0.122154
0.384467
0.664786
0.140016
-0.168393
-0.318060
-0.476514
-0.327999
-0.081099
-0.191945
-0.823815
-1.002724
-0.607310
0.034356
0.331601
0.557901
0.646636
0.198716
0.003385
-0.398655
-0.506548
-0.353928
-0.108973
-0.167673
-0.284064
-0.588512
-0.606086
-0.014333
0.253598
0.462901
0.629638
0.500786
0.160759
-0.356737
-0.487893
-0.282984
0.099754
0.200156
0.322021
-0.370206
-0.622147
-0.117544
-0.081315
0.072241
0.635760
0.735586
0.355441
-0.118480
-0.216577
0.023552
0.228173
0.188128
0.137711
-0.497185
-0.648724
-0.139727
-0.192233
-0.751071
-0.960518
-0.906788
-0.549114
-0.400816
-0.482348
-0.586135
-1.095996
-1.306307
-1.023611
-0.840093
-0.654918
-0.168033
-0.053874
-0.330736
-0.924001
-1.548093
-1.782605
-1.728514
-1.634811
-1.424067
-1.295575
-0.804513
-0.399519
-0.667883
-0.653478
-0.150459
-0.054666
-0.110413
-0.296308
-0.797454
-1.381645
-1.690702
-1.602040
-1.244510
-0.730760
-0.192593
-0.071376
-0.732633
-0.551923
-0.084484
-0.050633
-0.114879
-0.142104
-0.239265
-0.467798
-0.577708
-0.511445
-0.311145
-0.195762
-0.082252
-0.153988
-0.895768
-0.812652
-0.037309
0.152980
0.044799
0.017934
-0.049913
-0.165728
-0.282768
-0.269587
-0.168681
-0.027585
0.113511
-0.026937
-1.055950
-0.348707
-0.188462
-0.160114
-0.180850
-0.183212
-0.158802
-0.113655
-0.064046
-0.038060
-0.074217
-0.147515
-0.158014
-0.151190
-0.241483
-0.240171
-0.256773
-0.347920
-0.359535
-0.363078
-0.410784
-0.535660
-0.616964
-0.559087
-0.439657
-0.374365
-0.311501
-0.230000
-0.135441
-0.115098
0.013649
-0.003412
-0.048690
-0.161820
-0.331187
-0.365900
-0.114573
0.162083
0.127304
-0.090950
-0.234921
-0.097906
-0.014633
0.144168
0.308416
0.241811
0.113327
-0.025264
0.104599
0.502062
0.811135
0.800373
0.523652
0.008531
-0.137081
0.092328
0.181375
0.169891
0.376859
0.145940
-0.089638
-0.256839
0.306448
0.733506
0.484476
0.085372
0.216088
0.216416
0.063455
0.032285
0.046066
0.178619
0.346870
0.096397
-0.088588
0.108996
0.354941
0.261498
-0.055843
-0.138787
0.006825
0.544519
0.500094
0.359338
0.220616
0.166414
0.393789
0.446023
0.585532
0.782328
0.568930
0.172844
0.073167
0.118707
0.097512
0.212348
0.670117
0.769991
0.458950
0.154339
0.434342
0.547275
0.780621
0.625232
0.409931
0.368459
0.330531
0.340111
0.296145
0.066933
-0.102237
0.198896
0.268125
0.156111
0.393198
0.386439
0.384930
0.279675
0.273309
0.356976
0.478833
0.505672
0.214907
0.090031
0.124154
0.480342
0.365309
0.159064
0.379680
0.396938
0.592947
0.695774
0.298639
0.114180
0.510790
0.641244
0.390901
0.234528
0.991854
0.911206
0.402516
0.147252
0.359010
0.333812
0.442610
0.870259
0.848080
0.492876
0.678975
0.620573
0.606596
0.893161
0.775306
0.415247
0.159786
0.337814
0.618736
0.525686
0.439198
0.519386
0.938242
1.008390
0.659158
0.319900
0.643868
0.826818
0.602134
0.364588
0.298048
0.498125
0.833446
0.812054
0.736197
0.606071
0.617292
0.640325
0.355007
0.231575
0.413803
0.603643
0.621820
0.659289
0.477127
0.625560
0.836202
0.596819
0.525227
0.471155
0.371871
0.306710
0.190168
0.176125
0.283940
0.361372
0.442151
0.631401
0.512299
3.636427
3.367033
4.140191
4.332164
4.272650
4.215242
4.235256
4.268173
4.311361
4.258167
4.215769
4.361658
3.452354
3.381779
4.596292
4.110961
4.631052
4.664760
4.490167
4.433812
3.775996
3.215613
2.834037
3.095005
4.189962
4.772728
4.388255
3.838407
5.384724
4.102271
4.575225
4.779048
4.394049
2.863531
4.193386
3.839197
4.369032
3.971128
2.130136
3.723592
4.334008
4.586021
5.342327
4.050393
4.567588
4.177849
3.135032
6.455191
7.039272
2.025065
2.413488
4.712160
4.063560
4.862263
3.593766
4.593132
5.473732
4.009839
4.420646
3.586656
5.363920
3.617203
0.978562
2.727386
3.050501
2.725806
1.972134
6.791209
2.705002
4.627102
5.408161
4.047497
4.283184
3.048131
5.144823
2.023748
3.785739
3.997199
4.125708
4.020900
2.805334
2.446141
1.281400
4.074883
5.406844
4.059610
3.945058
2.531726
2.265492
1.967131
4.044600
4.009840
3.946112
4.119914
3.712795
1.744874
2.196498
3.576912
5.404737
4.123338
4.188645
2.735023
4.525454
1.870749
3.918461
4.055923
3.995356
4.043546
3.424704
2.960176
4.923357
3.648277
5.398681
4.088314
4.230516
2.104593
3.527142
1.449409
3.717271
3.766252
3.915038
3.843410
2.419018
2.091426
1.920257
4.134398
5.400261
4.120704
4.414326
3.253798
3.007577
4.082257
2.534886
2.287612
2.013215
2.272339
3.232994
7.189376
3.278551
4.658440
5.406581
4.050130
4.621046
4.643429
2.642328
4.811702
4.523611
1.541051
3.440767
4.498330
5.896125
3.513448
3.561376
4.741654
5.394731
4.056450
4.456723
4.792742
4.728224
3.307255
2.047185
1.340388
4.058820
3.111859
3.414433
4.022743
4.531247
4.593922
5.130077
3.716744
4.099901
3.966125
4.075410
4.022743
3.927941
3.216667
3.208240
3.722012
4.293454
4.335061
4.157045
3.829716
3.706211
4.015106
4.397999
4.483847
4.420909
4.506494
4.429072
4.483583
4.507020
4.391942
4.380092
4.542308
4.301354
2.782950
1.253916
1.253916
1.253916
1.253916
1.253916
1.253916
1.251412
1.239894
1.231131
1.238893
1.250410
1.253916
1.253916
1.253916
1.253916
1.253916
1.253916
1.253916
1.253665
1.250160
1.189818
1.587425
1.839560
1.450215
1.202837
1.250410
1.253916
1.253916
1.253916
1.253916
1.253916
1.253916
1.248657
1.238392
1.731896
1.011545
0.842036
1.852079
1.470496
1.218862
1.253916
1.253916
1.253916
1.253916
1.253916
1.253916
1.255668
1.251662
1.018556
1.270441
1.285464
0.878592
1.130227
1.262429
1.245903
1.249909
1.253916
1.253916
1.253916
1.253916
1.253916
1.253916
1.253916
1.253916
1.253916
1.253916
1.253916
1.211851
1.592433
1.213854
1.253916
1.253916
1.253916
1.253916
1.253916
1.253916
1.253916
1.253916
1.253916
1.253916
1.253916
1.267937
1.081652
1.265934
1.253916
1.253916
1.253916
1.253916
1.253916
1.253916
1.253916
1.253916
1.253916
1.253916
1.253916
1.253916
1.253916
1.253916
1.253916
1.253916
1.253916
1.253916
1.253916
1.253916
1.253916
1.253916
1.253916
1.253916
1.253916
1.253916
1.253916
1.253916
1.253916
1.253916
1.253916
1.253916
1.253916
1.252664
1.244151
1.225622
1.211351
1.216358
1.241897
1.253916
1.253916
1.253916
1.253916
1.253916
1.253916
1.253916
1.253916
1.227625
1.363082
1.877368
2.156044
2.127250
1.133732
1.253916
1.253916
1.253916
1.253916
1.253916
1.253916
1.253916
1.253916
1.262679
1.126972
1.249158
1.285464
0.707581
1.289971
1.253916
1.253916
1.253916
1.253916
1.253916
1.253916
1.253916
1.253916
1.253916
1.271442
1.063124
0.967478
1.274948
1.253916
1.253916
1.253916
1.253916
1.244902
1.249409
1.253916
1.253916
1.253916
1.253916
1.253916
1.253916
1.253916
1.253916
1.253916
1.253916
1.252664
1.248908
1.634747
1.208847
1.253916
1.253916
1.253916
1.253916
1.253916
1.253916
1.253916
1.253916
1.253916
1.253916
1.227625
1.465489
-0.022101
0.160920
0.328992
0.618223
0.729022
0.841844
0.903360
0.945933
1.016675
0.889251
0.850131
0.553648
0.304376
0.002171
-0.022101
0.211238
0.361255
0.665927
0.678556
0.710523
1.041982
0.998373
1.055449
0.818263
0.745252
0.442159
0.348626
0.015638
-0.022101
0.218835
0.389720
0.592571
0.698930
0.576982
0.723102
0.641656
0.799369
0.555424
0.517488
0.325095
0.179912
0.000543
-0.022101
0.089093
0.142716
0.164866
0.045829
-0.022101
0.230675
0.482858
0.495930
0.259238
-0.022101
-0.022101
-0.022101
-0.022101
-0.022101
0.041143
0.018302
0.040797
-0.022101
0.052489
0.447240
0.897243
1.046520
0.871788
0.212521
-0.022101
-0.022101
-0.022101
-0.022101
-0.002565
-0.008189
-0.007005
-0.022101
0.208475
0.721376
1.162450
1.348923
0.845741
0.464062
-0.022101
-0.022101
-0.022101
-0.022101
-0.022101
-0.022101
-0.022101
-0.022101
0.375611
0.886341
1.344779
1.412117
0.816339
0.506833
-0.022101
-0.022101
-0.022101
-0.022101
-0.022101
-0.022101
-0.022101
-0.022101
0.458192
0.929802
1.502196
1.571211
0.955010
0.554882
-0.022101
-0.022101
-0.022101
-0.022101
0.027626
0.041241
0.026442
-0.022101
0.295694
0.755908
1.212867
1.420947
0.751518
0.518820
-0.022101
-0.022101
-0.022101
-0.022101
0.087416
0.079227
0.118100
-0.022101
0.143950
0.591831
0.806719
1.081349
0.616941
0.234522
-0.022101
-0.022101
-0.022101
-0.022101
0.168714
0.211731
0.357950
0.135169
0.042622
0.173253
0.253762
0.226235
0.083568
-0.022101
-0.022101
-0.022101
-0.022101
-0.022101
0.303192
0.496818
0.774210
0.723744
0.728430
0.647428
0.640225
0.661438
0.671403
0.677323
0.509595
0.222387
0.010261
-0.022101
0.390016
0.673031
1.178877
1.122886
1.185784
1.386267
1.411525
1.487002
1.404027
1.190470
0.911155
0.552366
0.101031
-0.022101
0.336836
0.482858
0.916137
0.988013
1.060777
1.225397
1.312911
1.354794
1.342855
1.191703
0.829905
0.458735
0.121306
-2.201871
0.343713
-0.218531
-0.349736
-0.179815
-0.171641
-0.221972
-0.143895
-0.177664
-0.133356
-0.152283
-0.222618
-0.708505
-0.347154
-2.586236
-0.678823
-0.783141
-0.978872
-0.872618
-0.862294
-1.001242
-0.964031
-0.693234
-0.913700
-1.376788
-1.002962
-1.486484
-0.990057
-2.197355
-0.600960
-0.691728
-0.781635
-0.515355
-0.562459
-0.981668
-1.193102
0.398561
-1.173743
-1.820948
-0.596658
-1.073942
-0.787013
-2.228973
-0.489759
-0.675811
-0.933058
-0.397270
-0.183256
-1.607794
-0.905527
0.448031
-1.677698
-2.030875
-0.534282
-0.681834
-0.753674
-2.260161
-0.465454
-0.663981
-1.065123
-0.259613
0.081304
-1.265157
-0.597734
-0.367373
-1.246444
-1.565206
-0.929832
-1.603922
-0.489544
-2.257794
-0.451043
-0.817555
-0.376622
-0.026241
-0.674736
-0.377052
-0.531056
-0.589345
-0.740768
-1.341513
-0.640752
-3.422289
0.615371
-2.263602
-0.395550
-1.214180
0.474272
-0.756255
-0.911979
-0.441794
-0.557942
-0.545682
-0.665917
-1.005113
-0.649570
-3.133639
0.228425
-2.253493
-0.447171
-1.062327
-0.563965
-0.278326
-0.096575
-0.557727
-0.554071
-0.589130
-0.699471
-1.049422
-1.145782
-2.334796
0.017207
-2.253278
-0.530626
-0.882297
-1.324736
-0.314461
-0.340487
-0.591281
-0.518151
-0.722271
-0.826159
-1.524769
-1.925266
-1.137178
-0.140238
-2.257795
-0.518366
-0.699471
-0.953922
-0.284564
-1.283009
-0.666562
-0.221112
-1.219558
-1.380659
-1.794707
-1.342374
-1.066629
-0.471046
-2.255644
-0.512989
-0.646344
-0.543531
-0.919508
-0.982959
-0.265420
0.080874
-2.741316
-1.769541
-0.789164
-0.895633
-0.995004
-0.681619
-2.241018
-0.513849
-0.673445
-0.692588
-0.925315
-1.169872
0.094854
-0.084315
-3.215158
-1.566712
-0.116364
-0.666132
-1.227731
-0.744425
-2.425135
-0.518796
-0.861434
-0.804435
-0.744210
-0.861218
-0.415983
-0.484382
-1.654683
-1.387757
-0.748727
-0.858207
-1.353988
-1.060176
-2.049803
0.275960
-0.250364
-0.291446
-0.192505
-0.155510
-0.126688
-0.192290
-0.210573
-0.266281
-0.231221
-0.289726
-0.593002
-0.664842
-0.569062
-0.569062
-0.569062
-0.569062
-0.569062
-0.569062
-0.569062
-0.569062
-0.569062
-0.569062
-0.569062
-0.569062
-0.569062
-0.569062
-0.569062
-0.569062
-0.569062
-0.569062
-0.569062
-0.569062
-0.569062
-0.569062
-0.569062
-0.569062
-0.569062
-0.569062
-0.569062
-0.569062
-0.569062
-0.569062
-0.569062
-0.569062
-0.569062
-0.569062
-0.569062
-0.569062
-0.569062
-0.569062
-0.569062
-0.569062
-0.569062
-0.569062
-0.569062
-0.569062
-0.569062
-0.569062
-0.569062
-0.569062
-0.569062
-0.569062
-0.569062
-0.569062
-0.569062
-0.569062
-0.569062
-0.569062
-0.569062
-0.569062
-0.569062
-0.569062
-0.569062
-0.569062
-0.569062
-0.569062
-0.569062
-0.569062
-0.569062
-0.569062
-0.569062
-0.569062
-0.569062
-0.569062
-0.569062
-0.569062
-0.569062
-0.569062
-0.569062
-0.569062
-0.569062
-0.569062
-0.569062
-0.569062
-0.569062
-0.569062
-0.569062
-0.569062
-0.569062
-0.569062
-0.490884
-0.499975
-0.490884
-0.569062
-0.569062
-0.569062
-0.569062
-0.569062
-0.569062
-0.569062
-0.569062
-0.569062
-0.569062
-0.569062
0.302712
-0.229079
0.304530
-0.569062
-0.569062
-0.569062
-0.569062
-0.569062
-0.569062
-0.569062
-0.569062
-0.569062
-0.569062
-0.569062
0.029089
-4.556133
0.049997
-0.569062
-0.569062
-0.569062
-0.569062
-0.569062
-0.569062
-0.569062
-0.569062
-0.569062
-0.569062
-0.569062
0.099086
0.060906
0.118176
-0.569062
-0.569062
-0.569062
-0.569062
-0.569062
-0.569062
-0.569062
-0.569062
-0.569062
-0.569062
-0.569062
-0.569062
-0.569062
-0.569062
-0.569062
-0.569062
-0.569062
-0.569062
-0.569062
-0.569062
-0.569062
-0.569062
-0.569062
-0.569062
-0.569062
-0.569062
-0.569062
-0.569062
-0.569062
-0.569062
-0.569062
-0.569062
-0.569062
-0.569062
-0.569062
-0.569062
-0.569062
-0.569062
-0.569062
-0.569062
-0.569062
-0.569062
-0.569062
-0.569062
-0.569062
-0.569062
-0.569062
-0.569062
-0.569062
-0.569062
-0.569062
-0.569062
-0.569062
-0.569062
-0.569062
-0.569062
-0.569062
-0.569062
-0.569062
-0.569062
-0.569062
-0.569062
-0.569062
-1.098578
-1.348725
-1.401193
-1.031914
-1.138083
-1.091326
-1.232679
-1.347337
-1.281752
-1.323263
-1.294715
-1.012933
0.055245
0.319281
-1.705196
-1.103517
-1.565386
-1.239778
-1.258296
-1.273419
-1.383292
-1.124349
-1.007532
-1.391317
-1.473413
-1.412612
-0.518503
0.479153
-1.657050
-1.632050
-1.468938
-1.467240
-1.619088
-1.590848
-1.594706
-1.504122
-0.239345
-1.288696
-1.754423
-1.666926
-1.393168
-0.259251
-1.680043
-1.654889
-1.568163
-1.307060
-1.709363
-1.681895
-1.681895
-1.520943
-0.457394
0.269128
-0.556619
-1.580509
-1.693468
-0.863246
-1.625260
-1.578657
-1.645013
-1.359219
-1.640229
-1.681895
-1.681895
-1.604736
-1.013242
0.139965
1.335609
-0.895652
-1.944850
-1.519091
-1.631124
-1.188391
-1.303511
-1.808588
-1.517239
-1.681895
-1.681895
-1.644704
-1.346719
-0.685010
0.443506
-0.052005
-1.469864
-1.665537
-1.603039
-1.067715
0.078701
-1.256907
-1.837445
-1.681895
-1.681895
-1.663068
-1.533751
-1.034537
-0.502763
-1.287770
-1.082530
-1.480975
-1.650877
-1.213544
0.273912
1.388848
-1.793311
-1.798558
-1.681895
-1.680043
-1.590539
-1.160768
-0.444894
-0.474523
-1.426964
-1.122652
-1.663377
-1.440852
-0.505232
1.862908
0.674671
-1.872630
-1.743004
-1.679888
-1.681586
-1.464926
-1.327275
0.671739
-1.134071
-0.536558
-1.666926
-1.630044
-1.125121
0.831920
1.623872
-0.555539
-1.924171
-1.681895
-1.667852
-1.672173
-1.481438
-1.625569
0.054165
-0.026079
-1.682049
-1.632205
-1.620168
-0.791026
1.472642
-0.172063
-1.650414
-1.681895
-1.672790
-1.670321
-1.684672
-1.555972
-1.228204
-0.120675
-1.679888
-1.684518
-1.611063
-1.493011
-0.813710
0.308324
-1.191631
-1.619396
-1.709054
-1.649642
-1.688993
-1.574182
-0.891177
-0.435018
-1.681895
-1.681895
-1.680197
-1.593626
-1.571867
-1.169873
-0.876517
-1.498104
-1.743775
-1.684518
-1.666926
-1.644550
-0.765101
-0.161723
-1.681895
-1.681895
-1.677882
-1.681123
-1.637760
-1.635754
-1.538535
-1.480975
-1.547176
-1.681895
-1.681895
-1.664611
-1.598872
-0.041048
-1.822548
-1.621844
-1.107669
-1.156603
-0.942168
-0.844738
-0.791714
-0.651192
-0.780758
-0.798725
-0.841524
-0.907549
-1.322688
-1.256809
-2.881282
-2.564743
-1.990239
-1.840953
-1.615855
-1.404780
-1.725994
-1.716061
-1.931372
-1.706859
-1.711825
-1.539605
-2.357758
-1.899236
-2.185538
-2.198393
-1.549830
-1.528796
-1.750096
-1.414859
0.128106
1.625496
2.493314
1.186110
-1.010530
-1.986149
-2.451975
-1.756085
-2.290857
-2.215337
-1.661576
-2.010544
-1.054936
1.162154
1.674431
0.588234
0.549671
2.161436
1.435309
-0.051125
-3.110762
-1.980014
-2.292902
-2.144930
-1.696195
-2.389018
0.705093
0.490951
-0.914269
-0.714149
-0.723644
-0.698227
0.112037
1.967890
-1.514043
-1.779310
-2.318757
-2.081681
-1.995352
-1.648429
1.762659
-0.977810
-1.085612
-1.384622
-1.464378
-1.145355
-0.903021
1.656901
1.507908
-1.597742
-2.294363
-2.125941
-1.807356
0.540323
0.205524
-1.790558
-1.181727
-1.829559
-1.803851
-1.555966
-1.263528
0.759431
1.978116
-1.732421
-2.314813
-2.016678
-1.879224
-0.225244
0.321506
-2.469065
-1.447872
-1.791434
-1.668149
-1.327070
-1.006148
0.907549
1.842414
-1.732713
-2.294363
-2.090445
-2.024274
-2.090007
0.258695
-2.534506
-1.428298
-1.596574
-1.479862
-1.271124
-0.775645
0.594954
1.066476
-1.534785
-2.298599
-2.216360
-1.779749
-2.406108
0.410172
-0.662001
-1.509660
-1.171649
-0.826186
-0.852626
-0.477803
1.080207
-1.618192
-1.739579
-2.211977
-2.220888
-1.687285
-2.270553
-2.043118
0.769219
2.114547
1.693274
1.568236
1.475917
1.335980
-1.193998
-2.323139
-1.546763
-2.131783
-2.241776
-1.780187
-1.894269
-1.952553
-1.547785
0.644034
2.162313
1.708758
0.349552
-0.917920
-1.646822
-2.176628
-1.722196
-2.387703
-2.564889
-1.983228
-2.109142
-1.940575
-1.725556
-1.540044
-1.134108
-1.147254
-1.348980
-1.569258
-1.672093
-2.501201
-2.048230
-2.060500
-1.550123
-1.193559
-1.401129
-1.309395
-1.064723
-0.966416
-0.751982
-0.652068
-0.855109
-1.056689
-1.099343
-1.319328
-1.209043
0.172474
0.172474
0.172474
0.172474
0.172474
0.172474
0.172474
0.172474
0.172474
0.172474
0.172474
0.172474
0.172474
0.172474
0.172474
0.172474
0.172474
0.172474
0.172474
0.172474
0.172474
0.172474
0.172474
0.172474
0.172474
0.172474
0.172474
0.172474
0.172474
0.172474
0.172474
0.172474
0.172474
0.172474
0.172474
0.172474
0.172474
0.172474
0.172474
0.172474
0.172474
0.172474
0.172474
0.172474
0.172474
0.172474
0.172474
0.172474
0.172474
0.172474
0.172474
0.172474
0.172474
0.172474
0.172474
0.172474
0.172474
0.172474
0.172474
0.172474
0.172474
0.172474
0.172474
0.172474
0.172474
0.172474
0.172474
0.172474
0.172474
0.172474
0.172474
0.172474
0.172474
0.172474
0.172474
0.172474
0.172474
0.172474
0.172474
0.172474
0.172474
0.172474
0.172474
0.172474
0.172474
0.172474
0.172474
0.172474
0.172474
0.172474
0.172474
0.172474
0.172474
0.172474
0.172474
0.172474
0.172474
0.172474
0.172474
0.172474
0.172474
0.172474
0.182828
0.194243
0.182828
0.172474
0.172474
0.172474
0.172474
0.189730
0.208756
0.189730
0.172474
0.172474
0.172474
0.172474
0.182031
0.130262
0.184951
0.172474
0.172474
0.172474
0.172474
0.188403
0.102122
0.193270
0.172474
0.172474
0.172474
0.172474
0.184421
0.197960
0.185217
0.172474
0.172474
0.172474
0.172474
0.192385
0.214951
0.193712
0.172474
0.172474
0.172474
0.172474
0.172474
0.172474
0.172474
0.172474
0.172474
0.172474
0.172474
0.172474
0.172474
0.172474
0.172474
0.172474
0.172474
0.172474
0.172474
0.172474
0.172474
0.172474
0.172474
0.172474
0.172474
0.172474
0.172474
0.172474
0.172474
0.172474
0.172474
0.172474
0.172474
0.172474
0.172474
0.172474
0.172474
0.172474
0.172474
0.172474
0.172474
0.172474
0.172474
0.172474
0.172474
0.172474
0.172474
0.172474
0.172474
0.172474
0.172474
0.172474
0.172474
0.172474
0.172474
0.172474
-1.337999
-0.683017
-0.747135
-0.957172
-0.963210
-0.884859
-0.979743
-1.185467
-1.333112
-1.239666
-1.157865
-0.815134
-0.468810
-1.557669
-1.942521
-0.709037
-0.654120
-0.648801
-0.638163
-0.428700
-0.304202
-0.397504
-0.266393
-0.321885
-0.444083
-0.368608
-0.372345
-1.301196
-2.268000
-1.119049
-0.940639
-0.812835
0.107103
0.670222
1.631131
3.203752
3.528942
2.050487
1.485643
0.122774
-0.528040
-1.621643
-2.298190
-1.108267
-0.829223
-0.144194
1.485068
4.566478
5.241731
4.467569
4.034412
3.504647
2.988539
1.763968
0.329360
-1.556231
-2.301785
-1.169941
-0.947971
0.137293
3.530955
4.874705
3.645391
2.873529
2.180592
2.226884
3.340326
3.894819
1.803646
-0.855675
-2.314723
-1.288689
-1.060538
0.445808
3.602837
3.031667
1.992839
0.556793
0.259923
0.615304
2.049912
3.194551
1.491682
-1.095041
-2.323205
-1.289695
-1.074626
0.872352
3.006940
1.709482
0.767837
0.405123
0.275306
0.450696
1.511808
3.367209
1.723140
-0.952140
-2.301641
-1.315285
-1.098491
0.845037
3.077672
1.914919
0.822753
0.366307
0.212912
0.576920
1.842031
3.621670
2.663204
-0.742391
-2.264837
-1.181442
-1.349069
-0.633850
2.500752
3.428452
1.659452
0.623211
0.747278
1.334117
3.189950
3.125689
2.202157
-0.684310
-2.291146
-1.252460
-1.368333
-0.970398
2.823787
3.840333
3.188081
2.297328
2.838737
3.392943
2.839601
3.330118
1.669085
-0.895785
-2.293734
-1.235928
-1.150676
-0.798458
-0.197817
1.636019
2.406012
1.509796
2.215096
2.424414
2.747305
0.608404
0.043416
-1.368190
-2.324643
-1.172385
-1.143489
-1.330955
-0.562543
-0.225276
-1.099209
-0.941502
0.974136
0.493969
-0.009632
-0.180853
-0.445377
-1.758649
-1.892205
-0.795295
-0.738796
-0.791557
-0.689773
-0.820023
-0.933307
-0.956597
-0.876809
-0.646213
-0.791845
-0.388016
-0.353225
-1.636019
-1.909600
-1.183886
-1.010220
-1.329230
-1.449847
-1.454735
-1.836568
-1.956179
-1.934183
-1.748873
-1.478600
-1.086559
-0.799177
-2.372228
-0.789386
-0.719227
-0.639009
-0.585117
-0.522532
-0.479940
-0.486894
-0.546995
-0.620507
-0.626716
-0.587228
-0.593809
-0.693646
-0.777962
-0.798823
-0.625226
-0.277533
-0.198185
-0.157828
0.177820
0.438713
0.664465
0.322982
-0.333288
-0.211099
-0.229353
-0.545380
-0.787896
-0.818195
-0.771256
-0.443556
-0.587352
-0.627212
-0.758094
-0.045573
2.081560
1.133726
-0.715253
-0.796340
-0.829495
-0.855323
-0.843527
-0.806771
-0.760950
-0.449268
-0.643107
-0.783798
-0.897792
-0.893570
0.373273
-0.441694
-0.981983
-0.784419
-0.792366
-0.806771
-0.806771
-0.806771
-0.771877
-0.380847
-0.764427
-0.829743
-0.780694
-0.804908
-0.389167
-0.438341
-0.755983
-0.664093
-0.793732
-0.806771
-0.806771
-0.806771
-0.806274
-0.499311
-0.829619
-0.806771
-0.751388
-0.553328
-0.389291
-0.470006
-0.566242
-0.689921
-0.801183
-0.806771
-0.806771
-0.806771
-0.763185
-0.560033
-0.784916
-0.806771
-0.756231
-0.428283
-0.471993
-0.610325
-0.577542
-0.616533
-0.775603
-0.806771
-0.806771
-0.806771
-0.747415
-0.360483
-0.748284
-0.747415
-0.681229
-0.276788
-0.404938
-0.473607
-0.477705
-0.312178
-0.481182
-0.568601
-0.736363
-0.806771
-0.761198
-0.324720
-0.668315
-0.584372
-0.285977
-0.193342
-0.395003
-0.487266
-0.167513
-0.185519
0.340242
-0.155717
-0.680856
-0.806771
-0.758218
-0.238790
-0.303734
-0.425923
0.205014
-0.726677
-0.834089
-0.879786
-0.768897
-0.525637
-0.690666
-0.588718
-0.777465
-0.806771
-0.762067
-0.283618
-0.227863
0.134607
-0.522035
-0.927346
-0.811365
-0.806771
-0.849611
-0.734128
-0.889720
-0.739716
-0.828377
-0.806771
-0.782805
-0.326458
-0.457216
-0.343098
-0.762812
-0.792615
-0.806771
-0.806771
-0.806771
-0.806771
-0.798823
-0.698489
-0.797333
-0.806771
-0.811117
-0.534826
-0.667818
-0.721586
-0.778583
-0.792491
-0.768152
-0.782805
-0.787275
-0.778210
-0.788641
-0.772995
-0.825149
-0.806771
-0.816829
-0.642983
-0.726305
-0.721214
-0.719723
-0.687438
-0.737232
-0.720841
-0.795719
-0.744683
-0.693771
-0.797333
-0.806771
-0.227319
-0.227319
-0.227319
-0.227319
-0.188242
-0.192931
-0.187460
-0.227319
-0.227319
-0.171494
-0.127951
-0.114999
-0.166247
-0.215931
-0.227319
-0.227319
-0.227319
-0.227319
-0.164795
-0.332828
-0.162450
-0.227319
-0.227319
-0.137999
-0.297658
-0.230110
-0.154412
-0.186009
-0.227319
-0.227319
-0.227319
-0.227319
-0.174955
-0.133533
-0.177300
-0.227319
-0.227319
-0.152514
-0.026014
0.015408
-0.196504
-0.175960
-0.227319
-0.227319
-0.227319
-0.227319
-0.227319
-0.227319
-0.227319
-0.227319
-0.227319
-0.227319
-0.227319
-0.197397
-0.173727
-0.198737
-0.227319
-0.227319
-0.227319
-0.227319
-0.227319
-0.227319
-0.227319
-0.227319
-0.227319
-0.227319
-0.227319
-0.227319
-0.227319
-0.227319
-0.227319
-0.227319
-0.227319
-0.227319
-0.227319
-0.227319
-0.227319
-0.227319
-0.210571
-0.212581
-0.210237
-0.227319
-0.227319
-0.227319
-0.227319
-0.227319
-0.227319
-0.227319
-0.227319
-0.227319
-0.227319
-0.227319
-0.178193
-0.252887
-0.176742
-0.227319
-0.227319
-0.227319
-0.227319
-0.227319
-0.227319
-0.227319
-0.227319
-0.221736
-0.177746
-0.104169
0.006587
-0.113659
-0.106179
-0.227319
-0.227319
-0.227319
-0.227319
-0.227319
-0.227319
-0.227319
-0.227319
-0.218387
-0.170936
-0.213586
-0.236028
-0.209790
-0.096800
-0.227319
-0.227319
-0.227319
-0.227319
-0.227319
-0.227319
-0.227319
-0.227319
-0.219838
-0.154077
-0.008262
0.099703
0.020097
-0.148717
-0.227319
-0.227319
-0.227319
-0.227319
-0.227319
-0.227319
-0.227319
-0.227319
-0.227319
-0.227319
-0.227319
-0.227319
-0.227319
-0.227319
-0.227319
-0.227319
-0.227319
-0.227319
-0.227319
-0.227319
-0.227319
-0.227319
-0.227319
-0.227319
-0.227319
-0.227319
-0.227319
-0.227319
-0.216154
-0.217494
-0.215931
-0.227319
-0.227319
-0.227319
-0.227319
-0.227319
-0.227319
-0.227319
-0.227319
-0.227319
-0.227319
-0.227319
-0.209455
-0.257464
-0.208785
-0.227319
-0.227319
-0.227319
-0.227319
-0.227319
-0.227319
-0.227319
-0.227319
-0.227319
-0.227319
-0.227319
-0.212358
-0.200523
-0.213028
-0.028391
-0.028391
-0.028391
-0.028391
-0.028391
-0.028391
-0.028391
-0.028391
-0.028391
-0.028391
-0.028391
-0.028391
-0.028391
-0.028391
-0.028391
-0.028391
-0.028391
-0.028391
-0.028391
-0.028391
-0.028391
0.029658
0.176507
0.154106
-0.008811
-0.028391
-0.028391
-0.028391
-0.028391
-0.028391
-0.028391
-0.028391
-0.028391
-0.028391
-0.028391
-0.000749
0.137232
0.207490
0.077283
0.093926
-0.014570
-0.028391
-0.028391
-0.028391
-0.028391
-0.028391
-0.028391
-0.028391
-0.028391
-0.038987
-0.053672
0.108899
0.707354
0.824257
0.060755
-0.028391
-0.028391
-0.028391
-0.028391
-0.028391
-0.028391
-0.028391
-0.028391
-0.028391
-0.028391
0.030349
0.650342
1.204223
0.111548
-0.028391
-0.028391
-0.028391
-0.028391
-0.028391
-0.028391
-0.028391
-0.028391
-0.028391
-0.028391
-0.050908
-0.007659
0.431795
0.171152
-0.028391
-0.028391
-0.028391
0.102219
0.626731
0.654891
0.046474
-0.028391
-0.028391
-0.028391
-0.028391
-0.072100
-0.039793
0.053327
-0.028391
-0.028391
-0.028391
0.099109
1.464464
2.388175
0.476714
0.003858
-0.028391
-0.028391
-0.028391
-0.028391
-0.028391
-0.028391
-0.028391
-0.028391
-0.028391
-0.021135
0.648441
2.283365
0.968227
0.091047
-0.021480
-0.028391
-0.028391
-0.028391
-0.028391
-0.028391
-0.028391
-0.028391
-0.028391
-0.040312
-0.105616
0.521632
0.867449
0.171555
-0.021826
-0.028391
-0.028391
-0.028391
-0.028391
-0.028391
-0.028391
-0.028391
-0.028391
-0.028391
-0.065478
0.002707
0.305274
0.051944
-0.013533
-0.028391
-0.028391
-0.028391
-0.028391
-0.028391
-0.028391
-0.028391
-0.028391
-0.028391
-0.028391
-0.056206
-0.035647
0.023611
-0.028391
-0.028391
-0.028391
-0.028391
-0.028391
-0.028391
-0.028391
-0.028391
-0.028391
-0.028391
-0.028391
-0.028391
-0.028391
-0.028391
-0.028391
-0.028391
-0.028391
-0.028391
-0.028391
-0.028391
-0.028391
-0.028391
-0.028391
-0.028391
-0.028391
-0.028391
-0.028391
-0.028391
-0.028391
-0.028391
-0.028391
-0.028391
-0.028391
-0.028391
-0.028391
-0.132730
0.333234
0.736903
0.581931
0.483129
0.490140
0.415515
0.334765
0.257964
0.210175
0.319454
0.394320
0.368049
0.780179
-0.048756
-0.119110
-0.125477
-0.104443
-0.123704
-0.122011
-0.114275
0.112099
-0.116854
-0.322274
-0.265217
-0.141433
-0.097109
-0.213802
-0.125557
-0.109359
-0.114436
-0.114436
-0.114436
-0.114436
-0.114436
-0.269811
0.657120
1.703565
0.981087
0.140950
-0.143528
-0.118143
-0.114436
-0.114436
-0.114436
-0.114436
-0.114436
-0.114436
-0.091871
-0.148122
0.155617
0.956024
0.307688
0.152554
0.068017
-0.168592
-0.114436
-0.114436
-0.114436
-0.114436
-0.114436
-0.072127
-0.168995
0.039650
-0.115081
-0.122172
-0.067775
-0.029173
0.465561
0.312684
-0.114436
-0.114436
-0.114436
-0.114436
-0.091871
-0.163353
0.047950
0.107022
-0.084054
-0.114436
-0.129023
-0.051013
0.305673
0.320340
-0.114436
-0.114436
-0.114436
-0.083409
-0.118949
-0.045049
0.004191
0.009671
-0.112744
-0.114436
-0.090340
-0.119997
-0.177698
-0.075512
-0.114436
-0.114436
-0.114436
-0.108311
0.035056
0.156100
0.155536
0.010879
-0.114436
-0.114436
-0.114436
-0.114436
-0.114436
-0.114436
-0.114436
-0.114436
-0.114436
-0.100011
0.017004
0.428329
0.447670
0.045694
-0.114436
-0.114436
-0.114436
-0.114436
-0.114436
-0.114436
-0.114436
-0.114436
-0.114436
-0.148606
0.056573
0.525599
0.605543
0.157873
-0.120238
-0.114436
-0.114436
-0.114436
-0.114436
-0.114436
-0.114436
-0.114436
-0.114436
-0.081072
-0.215575
0.124913
0.749717
0.547922
-0.071643
-0.114436
-0.114436
-0.114436
-0.114436
-0.114436
-0.114436
-0.114436
-0.114436
-0.114436
-0.062537
-0.278837
0.232337
0.630204
-0.041987
-0.114436
-0.114436
-0.114436
-0.114436
-0.114436
-0.143448
-0.134986
-0.120238
-0.120238
-0.114436
-0.044001
-0.247891
-0.064954
-0.107666
-0.114436
-0.114436
-0.114436
-0.114436
-0.114436
0.065680
0.127572
-0.078413
-0.063907
-0.114436
-0.114436
-0.114436
-0.114436
-0.114436
-0.114436
-0.114436
-0.114436
-0.114436
-0.114436
-7.364190
-5.256914
-6.458799
-6.950901
-7.020693
-6.874463
-6.772387
-6.690014
-6.723010
-6.768113
-6.766213
-6.497730
-5.239822
-7.147457
-6.067587
-4.049806
-4.615972
-5.159110
-5.340711
-5.350919
-5.359465
-5.224868
-5.085759
-4.974188
-4.844100
-4.336331
-3.092666
-5.217983
-7.577600
-5.031634
-5.446349
-6.260108
-7.086449
-6.457850
-6.289781
-5.646939
-5.473885
-6.145212
-6.199812
-5.991150
-3.981913
-6.124797
-7.870296
-5.100951
-5.619640
-6.912208
-6.832444
-6.061653
-6.548769
-6.574643
-6.794938
-7.240986
-7.608935
-6.807994
-4.574429
-6.374053
-7.851068
-5.133236
-5.886700
-6.625206
-6.342007
-6.242541
-7.210600
-7.024490
-6.697372
-6.805621
-6.906984
-6.745799
-4.267962
-6.386159
-7.911126
-5.353768
-6.281473
-5.937975
-6.051208
-7.104727
-7.345674
-6.519333
-6.112453
-6.013227
-6.901762
-6.516484
-4.076156
-6.108654
-7.883352
-5.499047
-6.240168
-5.095491
-5.542016
-7.251432
-6.699271
-5.981178
-5.874829
-5.686821
-6.365506
-6.032454
-3.629633
-6.132394
-7.890237
-5.488366
-6.313519
-5.168843
-5.076974
-6.699271
-6.145688
-5.773466
-5.790795
-5.557682
-5.782724
-5.449673
-3.742154
-6.711141
-7.889524
-5.347834
-6.307110
-6.118152
-5.379168
-5.957915
-6.196487
-5.397684
-5.206113
-5.478870
-5.678749
-5.169557
-4.211702
-6.975827
-7.893798
-5.182849
-6.264380
-7.261640
-6.368832
-6.826273
-6.590787
-6.304735
-5.886700
-6.184145
-6.105569
-5.674477
-4.610986
-7.117784
-7.891662
-5.116144
-5.602786
-7.061522
-7.015944
-7.046804
-7.999910
-7.438967
-7.216299
-7.369412
-6.994343
-6.198386
-5.060833
-7.046805
-7.655462
-4.764574
-5.029024
-5.947707
-6.021298
-6.328237
-6.071384
-5.561005
-5.084334
-5.945096
-6.294765
-5.749016
-4.403275
-6.560638
-6.107469
-3.902626
-3.953428
-4.557338
-4.606238
-4.616921
-5.080773
-4.630215
-4.556151
-4.807542
-4.774783
-4.160902
-3.275454
-5.348308
-8.123113
-6.433874
-7.329294
-7.655937
-7.701515
-7.728103
-7.748993
-7.748518
-7.661634
-7.671843
-7.648341
-7.310778
-6.047884
-8.091065
0.602190
0.057838
0.143158
0.103055
0.164728
0.110724
-0.359972
-0.752697
-0.788167
-0.667218
-0.202754
0.144436
0.084361
0.569277
-0.494981
-0.758609
-0.245094
-0.273853
-0.700771
-0.704446
-0.850799
-0.966636
-0.997152
-0.955771
-0.822359
-0.708440
-0.610978
-0.488750
-1.035179
-1.050038
-0.690865
-0.895216
-1.037895
-0.945705
-0.928769
-1.197190
-0.978139
-1.154211
-0.899530
-0.859427
-0.976062
-1.040771
-1.035179
-1.045724
-0.964239
-1.041889
-0.927331
-0.950818
-0.465423
1.458102
1.777172
1.517698
-0.030357
-0.785291
-0.990442
-1.035179
-1.035179
-1.035179
-1.035179
-1.035179
-0.913910
-0.220329
1.160602
1.307435
1.589117
1.885499
0.885311
-0.704126
-0.984051
-1.035179
-1.035179
-1.035179
-1.035179
-1.035179
-1.046523
-0.270338
0.337604
-0.088355
-0.215216
0.046175
0.365724
-0.735602
-1.044765
-1.023995
-1.035179
-1.017923
-0.963760
-1.240489
-0.925254
-0.872848
-0.822199
-0.888186
-0.959446
-0.926532
-0.753656
-0.902566
-0.979258
-1.033581
-1.035179
-0.984370
-0.830987
-0.440179
-0.858628
-1.035179
-1.035179
-1.035179
-1.035179
-1.035179
-1.038694
-1.015047
-1.013769
-1.037416
-1.035179
-1.010094
-0.598515
0.195244
-1.387801
-0.749981
-1.035179
-1.035179
-1.035179
-1.035179
-0.767716
-1.427265
-1.052754
-0.811495
-1.035179
-1.047002
-0.796476
0.196363
0.398478
-1.246560
-0.705244
-0.992040
-1.126250
-0.793760
-1.204380
1.145583
0.158976
-0.846645
-1.035179
-1.040451
-1.021278
-0.429793
1.205818
0.764361
-0.847444
-1.078158
-0.752538
-0.938196
0.383459
0.452961
0.334887
-1.057547
-1.035179
-1.035179
-1.049239
-0.986128
0.308844
0.665780
-0.050808
0.352782
0.661626
0.208186
-0.017735
-0.422444
-0.722181
-1.066495
-1.035179
-1.035179
-1.035179
-1.075602
-0.790724
-0.201955
0.183261
1.515461
1.467848
0.382980
-0.525658
-0.911194
-1.047481
-1.035179
-1.035179
-1.035179
-1.035179
-1.035179
-1.061542
-0.905282
-0.827951
-0.115677
-0.134530
-0.763722
-0.926852
-1.048600
-1.035179
-1.035179
-0.601826
-1.454151
-1.511210
-1.511210
-1.511210
-1.511210
-1.511210
-1.511210
-1.511210
-1.511210
-1.511210
-1.490678
-1.332359
-1.226994
-1.329334
-1.450585
-1.511210
-1.511210
-1.511210
-1.511210
-1.511210
-1.511210
-1.511210
-1.511210
-1.511210
-1.505807
-1.472847
-1.446911
-1.511210
-1.511210
-1.511210
-1.511210
-1.511210
-1.511210
-1.511210
-1.511210
-1.511210
-1.511210
-1.511210
-1.511210
-1.511210
-1.511210
-1.511210
-1.511210
-1.511210
-1.511210
-1.511210
-1.511210
-1.511210
-1.511210
-1.511210
-1.511210
-1.511210
-1.511210
-1.511210
-1.511210
-1.511210
-1.511210
-1.511210
-1.511210
-1.511210
-1.511210
-1.511210
-1.511210
-1.511210
-1.511210
-1.511210
-1.511210
-1.511210
-1.511210
-1.511210
-1.511210
-1.511210
-1.511210
-1.511210
-1.511210
-1.505159
-1.482248
-1.463661
-1.476845
-1.490029
-1.426054
-1.385636
-1.447667
-1.511210
-1.511210
-1.480952
-1.360349
-1.308044
-1.414382
-1.496946
-1.387366
-1.246446
-1.352460
-1.398821
-1.160857
-0.809747
-1.450693
-1.511210
-1.511210
-1.470145
-0.995298
-0.417571
-1.346948
-1.500836
-1.390391
-1.134597
-1.296265
-1.344031
-0.640406
-0.996703
-1.413410
-1.511210
-1.511210
-1.500404
-1.273679
-0.324417
-1.390175
-1.509049
-1.469064
-1.385853
-1.441075
-1.408547
-0.867779
-0.982006
-1.470577
-1.511210
-1.511210
-1.511210
-1.472306
-1.312799
-1.445073
-1.511210
-1.489597
-1.367913
-1.500728
-1.493920
-1.406818
-1.399145
-1.483653
-1.511210
-1.511210
-1.511210
-1.511210
-1.511210
-1.511210
-1.511210
-1.505807
-1.483653
-1.502025
-1.511210
-1.511210
-1.511210
-1.511210
-1.511210
-1.511210
-1.511210
-1.511210
-1.511210
-1.511210
-1.511210
-1.511210
-1.511210
-1.511210
-1.511210
-1.511210
-1.511210
-1.511210
-1.467984
-1.487003
-1.511210
-1.511210
-1.511210
-1.511210
-1.511210
-1.511210
-1.511210
-1.511210
-1.511210
-1.511210
-1.511210
-1.511210
-1.290754
-1.497378
-1.511210
-1.511210
-1.511210
-1.511210
-1.511210
-1.511210
-1.511210
-1.511210
-1.511210
-1.511210
-1.511210
-1.511210
0.170746
0.170746
0.170746
0.170746
0.170746
0.170746
0.170746
0.170746
0.170746
0.170746
0.170746
0.317638
0.536183
-0.037396
0.170746
0.170746
0.170746
0.170746
0.170746
0.170746
0.170746
0.170746
0.170746
0.170746
0.170746
0.263563
0.501029
0.330103
0.170746
0.170746
0.170746
0.170746
0.170746
0.170746
0.170746
0.170746
0.170746
0.170746
0.170746
0.170746
0.170746
0.170746
0.170746
0.170746
0.170746
0.170746
0.170746
0.170746
0.170746
0.170746
0.170746
0.170746
0.170746
0.170746
0.170746
0.170746
0.170746
0.170746
0.170746
0.170746
0.170746
0.170746
0.170746
0.170746
0.170746
0.170746
0.170746
0.546675
0.503630
0.093265
0.170746
0.170746
0.170746
0.170746
0.170746
0.170746
0.170746
0.170746
0.170746
0.170746
0.476188
0.998740
-0.070487
0.028607
0.170746
0.170746
0.499684
0.462019
0.102950
0.170746
0.170746
0.170746
0.170746
0.170746
0.736074
0.504347
0.233431
0.086360
0.170746
0.170746
0.956681
0.278718
-0.015066
0.170746
0.170746
0.170746
0.170746
0.335215
1.262033
0.730514
0.014528
0.156756
0.170746
0.170746
0.916505
0.180790
-0.010044
0.170746
0.170746
0.170746
0.170746
0.469731
0.934441
-0.039368
-0.048605
0.158102
0.170746
0.170746
0.459508
0.422830
0.183480
0.179445
0.165904
0.170746
0.170746
0.413055
0.650970
0.428121
0.099542
0.164020
0.170746
0.170746
0.170746
0.252353
0.170657
0.136579
0.162317
0.170746
0.170746
0.232624
0.212177
0.157295
0.170746
0.170746
0.170746
0.170746
0.170746
0.222311
0.225898
0.173347
0.166262
0.170746
0.170746
0.170746
0.170746
0.170746
0.170746
0.170746
0.170746
0.170746
0.170746
0.170746
0.170746
0.170746
0.170746
0.170746
0.170746
0.170746
0.170746
0.170746
0.335215
0.316383
0.170746
0.170746
0.170746
0.170746
0.170746
0.170746
0.170746
0.170746
0.170746
0.170746
0.170746
0.170746
0.399245
0.079096
1.917276
1.972307
1.973683
1.973683
1.958091
1.823264
1.970014
1.973683
1.973683
1.965887
1.898473
1.971849
1.961989
1.860868
1.704143
1.976664
1.973683
1.973683
1.988358
2.049351
1.810996
0.772849
1.048580
1.640284
2.007619
1.987441
1.951556
1.716640
1.816270
2.010600
1.873136
1.727417
1.909250
1.454552
2.104383
2.687373
2.687717
2.309261
2.035364
1.787378
1.617239
1.550972
1.892397
1.928282
1.646245
1.905008
1.505686
2.272917
2.095670
2.248267
2.149325
2.021950
1.939632
1.731086
2.189452
2.061504
1.876805
1.864537
1.734411
1.998218
1.718245
2.203669
1.953046
1.973683
1.973683
1.973683
1.985148
1.929314
1.553724
1.684080
1.928053
1.906843
2.092918
1.534119
2.090281
2.002231
1.486081
1.775455
1.771098
1.658283
1.706780
2.232675
2.286216
1.846537
1.887467
2.020460
2.304101
2.399604
2.033644
1.591787
1.559915
1.910855
1.904550
1.641659
1.246120
1.657481
2.033415
2.055542
1.907072
2.127657
2.049466
2.149899
2.101861
1.980562
1.492616
1.249216
1.222732
1.179280
1.846193
2.145083
2.099912
2.152192
1.928282
2.096014
1.977122
1.988358
2.152879
2.088905
2.097389
2.287592
2.417490
2.379197
2.262943
2.268675
2.018740
2.045453
1.912346
2.028371
1.971619
1.973683
2.025963
2.168472
2.585450
2.301923
2.414394
2.598062
2.512419
2.092918
1.956027
1.865454
1.760436
1.847684
1.838397
1.970473
1.973683
2.013122
2.162281
2.197478
2.068383
2.086268
2.092115
1.953734
1.942842
1.616781
2.277388
2.142217
2.074230
1.997759
1.973683
1.973683
1.978384
2.034103
1.964740
1.973683
1.973683
1.973683
1.999594
2.078816
2.009683
2.001657
2.001084
1.968868
1.973683
1.973683
1.973683
1.973683
1.973683
1.973683
1.973683
1.973683
1.995466
2.218459
2.050383
1.992256
1.973683
1.973683
1.973683
1.973683
1.973683
1.973683
1.973683
1.973683
1.973683
1.973683
1.977352
2.060358
-1.852802
-2.621928
-2.194220
-2.285161
-2.282060
-2.122525
-2.004715
-1.855514
-1.786921
-1.907186
-2.030421
-2.115292
-2.338899
-1.275117
-2.708478
-3.487809
-3.051316
-3.038528
-2.996803
-2.974714
-2.992152
-2.740902
-3.017860
-2.942419
-2.898112
-2.953529
-3.324658
-2.428290
-2.418473
-3.160472
-2.593509
-2.695043
-2.726822
-2.690264
-2.468206
-2.436816
-2.735088
-3.021089
-2.823576
-2.714032
-3.333441
-2.253642
-2.413693
-3.068885
-2.485904
-2.629033
-2.263976
-2.525045
-2.761699
-2.731342
-2.942936
-2.691942
-2.306088
-2.090748
-3.352560
-2.297820
-2.399742
-2.957662
-2.468465
-2.377911
-2.246408
-2.656419
-3.143291
-3.105442
-3.085161
-2.985564
-2.609140
-2.222639
-3.052479
-2.518070
-2.315776
-2.812853
-2.346650
-2.128597
-2.096173
-2.764283
-3.007267
-3.097175
-3.004812
-2.994866
-2.691943
-1.771808
-2.187503
-1.834071
-2.287357
-2.808332
-2.252479
-2.015825
-2.179623
-3.009463
-3.139674
-3.347909
-3.381366
-3.180882
-3.125852
-2.657323
-2.566769
-1.985726
-2.256354
-2.820087
-2.345875
-2.212434
-2.691427
-3.477346
-3.231778
-3.362119
-3.362765
-3.091362
-3.135282
-2.868530
-3.127532
-2.131956
-2.344454
-2.894365
-2.310996
-2.585887
-2.909091
-3.557695
-3.430454
-3.043566
-3.105700
-2.997061
-2.780689
-2.512902
-3.193283
-2.249895
-2.408267
-3.025998
-2.453609
-2.270176
-2.363443
-2.605523
-3.183207
-3.326207
-3.284741
-3.077023
-2.165671
-2.204554
-2.987115
-2.329598
-2.432554
-3.120427
-2.557210
-2.582659
-2.074989
-1.796222
-1.867916
-2.232327
-2.685226
-2.224577
-1.858873
-1.983272
-2.969030
-2.270306
-2.382045
-3.030648
-2.473891
-2.481642
-2.477895
-1.953302
-1.902664
-2.210238
-2.652156
-2.693105
-2.252479
-2.470402
-3.012951
-2.242662
-2.559923
-3.178169
-2.790635
-2.748136
-2.742451
-2.646601
-2.462522
-2.479962
-2.707186
-2.631617
-2.604101
-2.776426
-3.193671
-2.298466
-1.490328
-2.566769
-2.234782
-2.259972
-2.278702
-2.149137
-1.979526
-1.832779
-1.828129
-1.945810
-2.045019
-2.153141
-2.301438
-1.108478
-0.795949
-3.577662
-3.454336
-3.279720
-3.254661
-3.180665
-3.482131
-3.735441
-3.761672
-3.649308
-3.329833
-3.308299
-3.970350
-3.044810
-2.126708
-4.633185
-4.477755
-4.300397
-4.324670
-4.752204
-5.052104
-5.029789
-4.926038
-5.048191
-4.850475
-4.720491
-4.852825
-4.205652
-2.066806
-4.597558
-4.462093
-4.357951
-5.389201
-5.822214
-5.065026
-2.622365
-3.306734
-5.584565
-5.803030
-5.135107
-4.842253
-3.656355
-2.060933
-4.697002
-4.623789
-5.241208
-5.826129
-3.843892
-3.691983
-3.888133
-4.210350
-5.090474
-5.152726
-4.104249
-5.256477
-4.098376
-2.057801
-4.630443
-4.991813
-6.026977
-4.650411
-4.246369
-5.335561
-4.829725
-4.467183
-5.275269
-5.269004
-3.651266
-4.853217
-4.573675
-2.064848
-4.851259
-5.589654
-5.914220
-3.659879
-4.977326
-4.797621
-3.509929
-3.213943
-3.666927
-5.440490
-4.520428
-3.654789
-4.794879
-2.075420
-5.029397
-6.427888
-5.755658
-4.234231
-5.124535
-3.785554
-2.984125
-2.994695
-3.165788
-4.838730
-6.135818
-5.104177
-4.951094
-2.081685
-5.040361
-6.120159
-6.188673
-4.720884
-5.566556
-3.874038
-2.991954
-3.008399
-3.350974
-5.292103
-6.732878
-6.003878
-4.886886
-2.168600
-4.814456
-5.455759
-6.234480
-4.982026
-5.853927
-4.931520
-3.724871
-3.592148
-4.281995
-6.607201
-5.951416
-6.256796
-5.108484
-2.069938
-4.646104
-5.027441
-5.453800
-4.324672
-4.347379
-5.263133
-5.557551
-5.713766
-6.293991
-5.617062
-3.300077
-4.606953
-4.314101
-2.058193
-4.608129
-4.562711
-4.903722
-4.532175
-3.964477
-4.815239
-6.073960
-5.599051
-5.089691
-2.745301
-3.710385
-5.189527
-4.029469
-2.159204
-4.727931
-4.711879
-4.621047
-4.867311
-5.137847
-4.774913
-5.984303
-6.182017
-5.353179
-4.164933
-4.973803
-5.111616
-3.863467
-2.101260
-4.935042
-4.860263
-4.686431
-4.615567
-4.727539
-4.905287
-4.980067
-5.064634
-4.879838
-4.770606
-4.864961
-5.151941
-4.270250
-2.512741
-4.581113
-4.350511
-3.987969
-4.020856
-3.954298
-3.963304
-4.056484
-4.081150
-4.065880
-3.975441
-4.200953
-4.947179
-4.217396
-0.975119
-0.936613
-0.963520
-1.018480
-0.974242
-0.860209
-0.814218
-0.771126
-0.753526
-0.778342
-0.854814
-0.930949
-0.934118
-1.017131
-0.812060
-0.838090
-0.983144
-1.015243
-0.941266
-0.655811
-0.485469
-0.530853
-0.464496
-0.349923
-0.547577
-0.787378
-0.837955
-1.004116
-0.925149
-0.815499
-0.988404
-1.005802
-0.848340
-0.751030
-0.562008
0.093061
-0.209725
0.013824
-0.531055
-0.798573
-0.608944
-0.993596
-0.937895
-0.856904
-0.967364
-0.871336
-0.761483
0.049296
-0.677054
-0.761078
-0.742466
-0.733969
-0.501788
-0.641920
-0.626544
-0.980514
-0.905660
-0.787041
-0.845103
-0.828986
-0.398140
-0.780028
-0.926161
-1.013422
-1.023133
-0.973366
-0.821636
-0.185178
-0.571719
-0.973096
-0.861962
-0.673952
-0.728102
-0.683527
-0.172972
-0.959406
-1.023133
-1.023133
-1.023133
-1.023133
-0.926363
-0.653114
-0.140940
-0.961227
-0.860816
-0.647517
-0.760134
-0.276284
-0.507048
-0.957990
-1.023133
-1.023133
-1.023133
-1.023133
-1.023133
-0.741522
-0.314048
-0.939176
-0.886981
-0.645494
-0.733160
-0.714345
-0.813004
-0.975456
-1.023133
-1.023133
-1.023133
-1.023133
-1.023133
-0.770317
-0.388092
-0.952461
-0.897298
-0.723382
-0.700454
-0.778207
-0.154832
-0.973905
-1.021717
-1.023133
-1.023133
-1.023133
-1.003712
-0.800461
-0.341966
-0.966015
-0.922991
-0.818466
-0.872752
-0.789401
-0.457146
-0.829593
-0.958665
-1.010388
-1.023133
-0.990764
-0.957586
-0.734981
-0.835460
-0.975119
-0.927577
-0.898512
-0.993529
-0.953472
-0.924070
-0.779488
-0.488504
-0.910044
-0.963453
-0.958665
-0.740308
-0.925352
-0.815162
-1.009444
-0.844766
-0.782590
-0.964464
-0.984358
-0.950572
-0.811588
-0.604830
-0.527144
-0.549331
-0.897770
-0.914494
-0.890555
-0.832965
-0.999193
-0.582711
-0.478186
-0.722573
-0.881856
-0.751705
-0.599165
-0.456134
-0.544677
-0.516894
-0.631535
-0.669973
-0.706253
-0.685955
-0.989348
-0.435229
-0.603953
-0.747254
-0.870864
-0.831818
-0.732486
-0.504486
-0.455932
-0.466452
-0.541373
-0.701600
-0.722438
-0.637806
-0.941199
1.423454
1.771449
1.841316
1.836820
1.836820
1.836820
1.836820
1.836820
1.836820
1.836820
1.836820
1.847027
1.883236
1.126612
1.132080
1.634754
1.714949
1.775824
1.831717
1.836820
1.836820
1.836820
1.836820
1.836820
1.836820
1.851765
2.060757
1.090646
1.232809
1.857962
1.867197
1.863065
1.847999
1.836820
1.796723
1.395264
0.953343
1.742409
1.836820
1.848849
2.234026
1.496115
1.484329
2.169627
2.061243
1.912640
1.825155
1.604499
1.676674
1.985666
1.578739
1.505957
1.037062
1.758205
2.217258
1.673879
1.449578
2.145934
2.003892
1.861607
1.852008
1.532810
1.783114
1.935241
1.867440
1.902555
1.322603
1.906686
2.072179
1.363672
1.403769
1.986760
1.615556
1.575459
1.576066
1.938886
2.144354
1.945569
2.025642
2.278012
2.014828
1.979226
2.094293
1.357475
1.411910
2.050551
1.573758
1.395871
1.942288
2.098546
2.116164
2.009481
2.109603
2.275095
2.283115
2.104743
2.188218
1.329772
1.426005
2.168169
2.060879
1.547391
2.109846
1.958448
1.938157
2.014220
2.091255
2.091620
2.071693
1.982507
2.166104
1.030500
1.409602
2.131231
2.236942
1.564523
1.991620
1.826613
1.870356
1.924791
1.953345
1.912762
1.832203
1.508022
1.524061
0.939492
1.439492
2.084330
2.226250
1.934755
1.918716
1.833661
1.836820
1.836820
1.836820
1.836820
1.907659
1.983479
1.952009
1.414948
1.553587
2.234391
2.242289
2.148485
2.037185
1.909846
1.836820
1.836820
1.812762
1.631230
1.875338
2.210332
2.537915
1.809116
1.585544
2.309603
2.079105
2.028801
2.001340
1.912883
1.803284
1.737549
1.838886
1.844839
1.887124
1.986395
2.411548
1.764523
2.235606
2.312398
1.914341
1.878011
1.879833
1.861850
1.864038
1.861121
1.912397
1.921267
1.892592
1.864767
2.253467
2.193564
2.116650
2.057598
1.849214
1.836820
1.836820
1.842409
1.867318
1.886759
1.877889
1.849214
1.836820
1.836820
1.993321
2.064767
-2.585555
-2.585555
-2.585555
-2.585555
-2.585555
-2.585555
-2.585555
-2.585555
-2.585555
-2.585555
-2.585555
-2.585555
-2.585555
-2.585555
-2.585555
-2.585555
-2.585555
-2.585555
-2.580222
-2.568930
-2.575517
-2.585555
-2.585555
-2.580222
-2.568930
-2.575517
-2.585555
-2.585555
-2.585555
-2.585555
-2.585555
-2.585555
-2.574576
-2.505566
-2.583673
-2.585555
-2.585555
-2.574576
-2.505566
-2.583673
-2.585555
-2.585555
-2.585555
-2.585555
-2.585555
-2.585555
-2.578967
-2.564956
-2.553036
-2.572171
-2.585555
-2.534529
-2.433525
-2.491555
-2.585555
-2.585555
-2.585555
-2.585555
-2.544672
-2.458096
-2.505044
-2.559833
-2.472212
-2.583045
-2.585555
-2.494065
-1.918986
-2.569871
-2.585555
-2.585555
-2.585555
-2.585555
-2.481831
-1.891800
-2.466043
-2.486641
-2.566316
-2.571753
-2.585555
-2.530661
-2.444713
-2.403516
-2.509853
-2.572171
-2.585555
-2.585555
-2.473466
-2.060769
-2.082517
-2.490719
-2.555232
-2.585555
-2.585555
-2.585555
-2.514559
-2.075303
-2.351236
-2.526165
-2.585555
-2.585555
-2.503266
-2.096633
-2.032120
-2.140548
-2.460710
-2.585555
-2.585555
-2.585555
-2.524805
-2.254205
-2.049163
-2.557742
-2.585555
-2.585555
-2.529929
-2.277312
-2.231411
-1.541420
-2.511108
-2.568825
-2.583777
-2.528465
-2.406130
-2.416063
-2.458305
-2.526269
-2.585555
-2.585555
-2.567989
-2.540803
-2.460919
-2.391596
-2.256923
-2.360751
-2.410731
-2.336389
-1.741443
-2.565166
-2.581059
-2.582104
-2.585555
-2.585555
-2.585555
-2.585555
-2.585555
-2.574576
-2.416691
-1.501792
-2.481413
-1.957464
-2.438544
-2.485491
-2.585555
-2.585555
-2.585555
-2.585555
-2.585555
-2.585555
-2.585555
-2.585555
-2.497724
-2.405712
-2.401425
-2.491137
-2.513095
-2.585555
-2.585555
-2.585555
-2.585555
-2.585555
-2.585555
-2.585555
-2.585555
-2.585555
-2.585555
-2.585555
-2.585555
-2.585555
-2.585555
-2.585555
-2.585555
-2.585555
-2.585555
-2.585555
-2.585555
-2.585555
-2.585555
-2.585555
-2.585555
-2.585555
-2.585555
-2.585555
-2.585555
-2.585555
-2.585555
-2.585555
-0.276026
-0.276026
-0.276026
-0.304498
-0.390933
-0.369804
-0.252298
-0.217499
-0.218515
-0.205409
-0.241113
-0.297380
-0.359409
-0.392966
-0.276026
-0.276026
-0.320768
-0.429461
-0.465278
-0.333197
0.073102
0.094457
-0.192416
-0.246423
-0.286533
-0.323141
-0.383927
-0.480192
-0.276026
-0.276026
-0.406299
-0.540865
-0.118862
0.285629
0.055589
-0.289584
-0.381781
-0.355342
-0.070390
-0.231283
-0.288906
-0.340993
-0.276026
-0.341106
-0.463244
-0.372968
0.623006
-0.136600
-0.285968
-0.276026
-0.380199
-0.664585
0.136374
-0.274783
-0.164282
-0.209929
-0.284161
-0.413191
-0.560299
0.068696
0.110275
-0.213205
-0.276026
-0.284161
-0.298284
-0.286872
-0.473977
-0.354890
0.285968
0.072424
-0.301560
-0.461888
-0.345964
0.536233
-0.141685
-0.279641
-0.296363
-0.324949
-0.384831
-0.655095
-0.821523
-0.170496
0.708424
0.149481
-0.295346
-0.486180
-0.579281
0.450702
-0.002260
-0.276026
-0.321559
-0.410818
-0.332858
-0.508551
-0.436466
0.687635
1.487013
-0.277381
-0.269133
-0.328225
-0.550808
-0.273201
0.445392
-0.117054
-0.363477
-0.504258
-0.317492
-0.403587
-0.053556
0.822314
0.992133
-0.276026
-0.267213
-0.232865
-0.182586
0.075023
-0.054685
0.053781
-0.406186
-0.743902
-0.431608
0.078638
0.872480
0.840731
0.261111
-0.276026
-0.276026
-0.243259
-0.201907
0.006553
0.314780
-0.400762
-0.361556
-0.188348
-0.079655
0.520076
1.168504
0.128465
-0.371386
-0.321785
-0.276026
-0.246649
-0.217386
-0.471153
0.014575
-0.268229
-0.469232
0.577812
0.320316
0.148577
-0.252072
-0.292296
-0.445166
-0.530810
-0.276026
-0.276026
-0.294668
-0.347885
-0.347207
-0.099089
0.218403
-0.131290
-0.264275
-0.228119
-0.316249
-0.383024
-0.457368
-0.370369
-0.276026
-0.276026
-0.263823
-0.240774
-0.124059
-0.142024
-0.255575
-0.027456
-0.276026
-0.276026
-0.299414
-0.426410
-0.350031
-0.071972
-0.276026
-0.276026
-0.246649
-0.115133
-0.079203
-0.085983
-0.096151
-0.290488
-0.276026
-0.276026
-0.249587
-0.118297
-0.032088
-0.126432
-0.691694
-0.427564
-0.591679
-0.546218
-0.562811
-0.577586
-0.693285
-0.756931
-0.818986
-0.691694
-0.589179
-0.553037
-0.794437
-0.828988
-0.293908
0.302318
-0.188437
-0.232080
-0.303682
-0.533716
-0.125473
0.395968
0.078194
-0.112517
-0.386194
-0.337778
-0.140248
-0.095469
0.002728
-0.122518
-0.502575
-0.623275
-0.368010
0.255493
-0.212077
-0.559856
-0.837853
0.086831
0.202758
-0.188437
-0.654643
-0.170480
-0.028641
-0.096378
-0.625548
-0.537126
0.521896
-1.622742
-0.968327
-0.375056
-0.742838
-0.916273
-1.323834
-0.043643
-0.513713
-0.434838
-0.072738
-0.141612
-0.745793
0.132747
-1.103120
-0.715107
0.017957
-0.627367
-0.371646
-0.333914
-0.250265
-0.501893
0.250719
-0.518259
-0.106834
-0.217760
-0.692149
0.466888
-1.792314
-0.248219
-0.645551
-0.731246
-0.472571
-0.676465
-0.387785
-0.824441
0.584633
-0.194347
-0.044325
-0.243900
-0.251401
-0.288452
-0.096151
-0.608955
-0.692831
-0.431201
-0.317320
-0.623275
-0.285043
-0.562129
-0.870130
0.176390
-0.101379
-0.272768
-0.540535
-0.009547
-1.135170
-0.433701
-0.718971
-0.372328
-0.302545
-0.593953
-0.347779
-1.024699
-0.327322
0.093878
-0.061600
-0.139112
-0.808303
0.280497
-1.278373
-0.021139
-0.773525
-0.638277
-0.723745
-0.678965
-0.210486
-0.440066
0.464160
-0.175935
-0.076830
-0.083421
-0.689194
0.078875
-0.941277
-1.014243
0.028641
-0.336641
-0.339596
-0.072056
-0.675783
-1.313378
0.206395
-0.283224
-0.072284
-0.135929
-0.598499
-0.508258
0.171162
-1.416348
-1.087890
-0.649870
-0.951051
-0.790118
-0.830124
0.191165
-0.343688
-0.387558
0.007956
-0.066601
-0.378238
-0.491437
-0.403015
0.052053
-0.204803
-0.403697
-0.300045
-0.046371
-0.072738
-0.297317
-0.516441
-0.155023
-0.242536
-0.194347
-0.553265
-0.401651
-0.597589
-0.558720
-0.526897
-0.285952
-0.405742
-0.447112
-0.620320
-0.538490
-0.669873
-0.298454
-0.525533
0.472571
-0.114790
-0.127974
-0.068192
-0.023867
-0.094105
-0.136384
-0.183437
-0.070465
-0.034096
0.017048
-0.044779
-0.237536
1.162312
0.109563
1.363082
1.794593
1.974712
2.252778
2.133893
2.182508
2.265254
2.257223
2.067783
1.585362
0.075145
1.087167
0.556275
0.525729
1.244054
1.821553
2.132316
1.760892
1.481679
1.068381
0.882382
0.776548
1.328951
1.014173
0.168360
0.288535
1.812375
1.359353
1.755873
2.281172
1.548220
-0.143837
-0.663687
-0.951217
-1.188125
-1.129042
-0.618943
0.347762
0.106695
1.059346
2.036520
1.493295
2.110805
1.732211
-0.142403
-2.109801
-2.125002
-1.611748
-1.555964
-2.052294
-1.553382
-0.979468
-0.515117
1.309735
1.968545
1.672841
1.902148
0.679461
-1.632543
-2.281746
-1.405530
-0.263582
-0.396233
-1.096488
-1.639713
-1.792729
-1.810798
0.918664
2.044408
1.750710
1.568297
-0.526016
-1.390472
-0.753746
0.196611
0.821864
0.604890
-0.369559
-0.734960
-1.709553
-1.661941
0.478119
2.080689
1.764334
1.120868
-0.663256
-1.421878
0.202634
1.338703
0.809101
0.131791
0.384761
0.258563
-1.003417
-0.603886
1.041564
2.037811
1.733071
1.135639
-0.239776
-1.876908
0.022659
1.069385
0.545806
0.200770
0.302875
-0.508951
-0.924830
-0.727503
1.825999
2.015583
1.670259
1.729917
-0.056359
-1.601280
-1.898276
0.118167
0.422046
0.122756
-0.891703
-2.177633
-2.580749
-1.418293
1.424460
2.008986
1.658500
1.978871
0.874351
-1.926957
-2.178779
-1.443246
-0.023805
-0.209087
-1.710126
-2.617891
-3.619157
-1.064365
1.059346
2.036951
1.525562
1.992208
1.520686
-0.011903
-1.818685
-1.000692
-1.115848
-0.958818
-1.034967
-1.681444
-0.925404
-0.411721
1.683166
1.953774
1.065799
1.547216
1.764191
0.614642
0.019360
-1.125169
-0.715600
-0.772245
-0.358947
0.129783
0.264442
0.531609
1.431057
0.220847
1.084586
0.860298
1.360501
1.489854
1.095198
1.032386
0.492746
0.727503
1.072683
1.335261
0.960826
0.615646
-0.085470
1.729199
0.440833
1.618776
1.823274
1.973134
2.215062
2.297807
2.395754
2.434331
2.403498
2.249049
1.642582
0.261718
1.256244
-4.805335
-4.805335
-4.805335
-4.805335
-4.805335
-4.805335
-4.805335
-4.805335
-4.805335
-4.805335
-4.805335
-4.805335
-4.805335
-4.805335
-4.805335
-4.805335
-4.805335
-4.805335
-4.805335
-4.805335
-4.805335
-4.805335
-4.805335
-4.805335
-4.805335
-4.805335
-4.805335
-4.805335
-4.805335
-4.805335
-4.805335
-4.805335
-4.805335
-4.695058
-4.556017
-4.571476
-4.670416
-4.805335
-4.805335
-4.805335
-4.805335
-4.805335
-4.805335
-4.805335
-4.805335
-4.805335
-4.594806
-4.536060
-4.244019
-4.356263
-4.681660
-4.805335
-4.805335
-4.805335
-4.805335
-4.805335
-4.805335
-4.805335
-4.805335
-4.644932
-4.507953
-4.065908
-4.428032
-4.609610
-4.680254
-4.805335
-4.805335
-4.334152
-4.382591
-4.382591
-4.805335
-4.805335
-4.805335
-4.688406
-4.244019
-4.527815
-4.630222
-4.805335
-4.805335
-4.805335
-4.805335
-4.331528
-3.565493
-4.300890
-4.805335
-4.805335
-4.805335
-4.668917
-4.694402
-4.671916
-4.805335
-4.805335
-4.805335
-4.805335
-4.805335
-4.309604
-4.168877
-4.306231
-4.805335
-4.805335
-4.805335
-4.755209
-4.760362
-4.760362
-4.805335
-4.805335
-4.805335
-4.805335
-4.805335
-4.243363
-4.310447
-4.292177
-4.805335
-4.805335
-4.805335
-4.768794
-4.685876
-4.764110
-4.805335
-4.805335
-4.805335
-4.805335
-4.805335
-4.476471
-3.730206
-4.434309
-4.805335
-4.805335
-4.805335
-4.762704
-4.770668
-4.763641
-4.805335
-4.805335
-4.805335
-4.805335
-4.805335
-4.421661
-4.493336
-4.430093
-4.805335
-4.805335
-4.805335
-4.805335
-4.805335
-4.805335
-4.805335
-4.805335
-4.805335
-4.805335
-4.805335
-4.805335
-4.805335
-4.805335
-4.805335
-4.805335
-4.805335
-4.805335
-4.805335
-4.805335
-4.805335
-4.805335
-4.805335
-4.805335
-4.805335
-4.805335
-4.805335
-4.805335
-4.805335
-4.805335
-4.805335
-4.805335
-4.805335
-4.805335
-4.805335
-4.805335
-4.805335
-4.805335
-4.805335
-4.805335
-4.805335
-4.805335
-4.805335
-4.805335
-4.805335
-4.805335
-4.805335
-4.805335
-4.805335
-4.805335
-4.805335
-4.805335
-4.805335
-4.805335
-4.805335
-4.805335
-1.380350
-1.050094
-0.794591
-0.854050
-0.914960
-1.031110
-1.016212
-0.916937
-0.867893
-0.921420
-0.929198
-0.883978
-0.918915
-1.359651
-0.020699
0.274356
0.186156
0.109162
0.251812
0.431903
0.425575
0.276070
0.294923
0.407250
0.259854
0.246934
0.282794
-0.033223
-0.089650
0.215292
0.278970
0.298878
0.364138
0.346736
0.161107
-0.126433
-0.265523
0.105866
0.154383
0.315226
0.382596
-0.076466
-0.143309
0.235200
0.285035
0.184706
-0.133025
-0.296373
0.105075
0.777057
0.583913
0.290968
-0.049703
0.044561
0.231640
0.005405
-0.119841
0.224389
0.306788
0.213974
0.434804
0.425707
0.035860
-0.131575
-0.105207
0.057482
0.264336
0.404876
0.263413
0.166908
-0.136585
0.278311
0.442714
0.401712
0.854842
0.434276
0.503096
0.545416
0.518917
0.494659
0.439154
0.619114
-0.445615
-0.094792
-0.127356
0.313117
0.259590
-0.591428
-0.394461
-0.028477
0.188134
0.024390
0.017139
0.047726
0.038892
0.268819
0.423993
0.223335
-0.125906
0.218720
0.517730
0.631903
0.764927
0.277784
0.168490
0.061041
0.025972
0.191561
0.434936
0.476728
0.485430
0.093869
-0.135003
0.202240
0.242319
0.168753
0.355437
0.216875
0.314303
0.428212
0.400526
0.408700
0.120237
-0.070797
-0.062228
0.115886
-0.116545
0.239155
0.346340
0.202900
-0.089387
0.102439
-0.136321
-0.235464
-0.357019
-0.133157
0.378245
0.552667
0.158866
-0.021358
-0.129729
0.177850
0.161107
0.143836
0.032564
0.290572
0.363611
0.972178
0.857083
0.442055
0.102439
0.138299
0.401053
-0.011470
-0.098879
0.299406
0.360183
0.404876
0.370335
0.198681
-0.351614
-0.611072
-0.372708
-0.163348
0.176400
0.438100
0.491231
0.012788
-0.037706
0.269478
0.144495
-0.024654
0.019512
0.228608
0.445219
0.507447
0.429794
0.451152
0.356755
0.166776
0.192221
-0.202768
-1.073562
-0.775606
-0.504151
-0.489121
-0.488726
-0.530650
-0.528409
-0.503360
-0.486880
-0.541329
-0.542648
-0.511666
-0.529464
-0.990899
-1.147624
-1.147624
-1.147624
-1.147624
-1.145298
-1.089467
-0.887082
-0.668413
-0.554892
-0.696794
-0.869868
-1.114126
-1.147624
-1.147624
-1.147624
-1.147624
-1.147624
-1.142041
-1.002465
-0.396240
0.615995
1.170422
1.350320
1.207177
0.486810
-0.754950
-1.108543
-1.147624
-1.147624
-1.147624
-1.147624
-1.105751
-0.225337
1.212449
1.785486
0.959507
0.407872
1.996091
1.362726
0.231696
-0.925543
-1.126688
-1.147624
-1.147624
-1.141576
-0.901505
0.630418
0.153999
-1.099703
-1.176625
-0.990679
-1.360555
-0.909104
-0.117554
-0.231851
-1.079697
-1.147624
-1.147624
-1.102494
-0.121741
-0.453932
-1.218653
-1.091794
-1.135993
-1.147624
-1.119709
-1.105906
-1.021075
-0.065601
-1.058916
-1.147624
-1.147624
-1.023557
0.355609
-1.007118
-1.091018
-1.147624
-1.147624
-1.147624
-1.147624
-1.132116
-1.073028
-1.229043
-1.068531
-1.147624
-1.147624
-1.008048
-1.404289
-1.073184
-1.135993
-1.147624
-1.147624
-1.147624
-1.147624
-1.143902
-1.063878
-1.154603
-1.140645
-1.147624
-1.147624
-1.147624
-1.147624
-1.130410
-0.798219
-0.989903
-1.052712
-1.028054
-0.992229
-0.717265
-0.506040
-1.087761
-1.147624
-1.147624
-1.147624
-1.147624
-1.147624
-1.046664
0.792946
0.196647
0.009771
0.162373
0.271243
1.069151
0.100029
-1.076285
-1.147624
-1.147624
-1.147624
-1.147624
-1.147624
-0.904452
1.137854
2.149314
2.511591
2.698933
2.289976
1.157394
-1.153983
-1.068531
-1.147624
-1.147624
-1.147624
-1.147624
-1.147624
-0.933608
-1.270296
-0.428343
1.865975
1.521843
0.057381
-1.312479
-0.991764
-1.147624
-1.147624
-1.147624
-1.143437
-1.061087
-1.079232
-1.139249
-1.085590
-1.004946
-1.379475
-1.301003
-1.182518
-1.066205
-1.146693
-1.129014
-1.144832
-0.828926
-0.837300
-0.488826
-0.605604
-0.835439
-0.881965
-1.019679
-1.103890
-1.100634
-1.019214
-0.893131
-0.807059
-0.727966
-0.867231
0.004343
-0.171523
-0.018765
-0.091655
-0.139576
-0.283184
-0.769839
-1.024177
-0.986646
-0.694778
-0.267365
-0.006203
0.006824
-0.255889
-2.216275
-1.580579
-1.491928
-1.520646
-1.538439
-1.575741
-1.731348
-1.906309
-1.933778
-1.859799
-1.685930
-1.573868
-1.775674
-2.042251
-0.065396
-0.054002
-0.322921
-0.366310
-0.564058
-0.739487
-0.253467
0.220379
0.234738
-0.050256
-0.466198
-0.618996
-0.138751
-0.169186
-0.493980
-0.467135
-0.525195
-0.538461
-0.211014
0.351795
0.126577
0.129699
0.021851
-0.081940
0.154827
0.076945
-0.292486
-0.310122
-0.265641
-0.066956
-0.219286
-0.092709
0.570925
0.132820
-0.070546
0.478528
0.605730
0.622430
0.534716
0.549543
-0.092865
-0.351170
-0.237547
0.007960
0.001249
0.207737
0.354136
0.688762
0.541427
-0.805039
-0.961583
-0.098016
0.142497
0.038863
0.682363
0.095363
-0.244258
0.002029
0.051037
0.386287
-0.461048
-1.191170
-1.566532
-1.198193
-1.215050
-1.585573
-1.075674
-0.186510
0.254716
-0.327135
-0.217101
0.098328
0.060089
-0.092085
-0.480713
-1.134202
-0.680022
-0.388160
-0.381137
-0.603233
-1.095964
-1.155585
-0.648183
-0.362564
-0.192129
0.151394
0.076165
0.047915
-0.447001
-0.351951
-0.001873
0.032776
0.018261
-0.053222
-0.429520
-0.540022
-0.411728
-0.356945
-0.196031
0.114404
-0.309498
-0.547670
-0.210390
0.258305
-0.042453
-0.273132
-0.323077
-0.092553
0.581694
0.705462
0.281561
-0.090680
-0.211795
0.127514
-0.129855
-0.363500
0.148272
0.456210
0.272821
0.384258
0.480557
0.518952
0.321984
0.223032
0.172932
-0.188696
-0.228807
0.096455
-0.033712
-0.421248
-0.111906
0.390345
0.609164
0.029186
-0.024504
0.091773
0.078662
-0.895563
-0.975161
-0.544236
-0.289208
-0.071639
-0.140156
-0.542519
-1.202564
-0.947536
-0.050881
0.086934
0.280000
0.225842
-0.689543
-0.879175
-0.567023
-0.376298
-0.120646
0.101918
0.002497
-0.057280
-0.481962
-0.827826
-0.463701
0.691728
0.670189
-0.143434
-0.439665
-0.407045
-0.046979
-0.051973
-0.667692
0.174649
0.141873
0.128294
0.115964
-0.053534
-0.377859
-0.686265
-0.706867
-0.433578
-0.069454
0.200245
0.284682
-0.348049
0.214447
-0.445389
-0.621689
-0.540699
-0.485827
-0.450200
-0.363597
-0.327512
-0.265080
-0.268516
-0.366003
-0.436683
-0.279285
-0.332438
-0.255343
-0.189359
-0.304372
-0.164730
-0.013174
0.124521
0.474944
0.364742
0.144912
-0.123490
-0.008133
-0.137924
0.152129
0.278368
-0.452033
-0.052810
-0.222007
-0.041698
-0.048571
0.450773
1.190568
1.406389
-0.199898
-0.538064
-0.632915
-0.130822
0.097142
0.274931
-0.502437
0.019016
-0.181111
0.107109
0.257634
0.114669
1.140966
1.460688
-0.476892
-0.783440
-0.292573
-0.519391
-0.411710
0.178018
-0.499688
0.014090
-0.153503
0.918386
0.518589
-0.302654
0.101954
-0.382842
-0.792375
-0.663158
-0.620200
-0.692942
-0.660408
0.007904
-0.513320
-0.028868
-0.039063
1.094915
0.779087
-0.271724
-0.591332
-0.715395
-0.697524
-0.683663
-0.643340
-0.561548
-0.597174
0.242512
-0.504614
-0.059912
0.713103
-0.051779
-0.514007
-0.719862
-0.709896
-0.697524
-0.697524
-0.739107
-0.455813
-0.364742
0.839343
0.491898
-0.523515
0.010310
0.485827
-0.556049
-0.691224
-0.697524
-0.697524
-0.697524
-0.692484
-0.711614
-0.184319
0.213759
1.273047
0.288449
-0.504156
0.042614
0.228079
-0.453752
-0.659377
-0.697524
-0.697524
-0.697524
-0.678852
-0.608973
0.252593
1.172812
0.809444
0.381467
-0.493273
0.038949
-0.049030
-0.258779
-0.626386
-0.697524
-0.697524
-0.609317
-0.568535
0.233004
1.171093
0.791459
0.519735
0.338395
-0.492700
0.044104
-0.215019
-0.122115
-0.568879
-0.646776
-0.682403
-0.972456
0.920333
2.132552
0.970393
0.503239
0.235295
0.226360
-0.478724
0.037918
-0.233806
-0.172863
-0.316515
-0.268860
-0.560746
-1.016216
1.852122
1.989473
0.873366
0.108942
0.219487
0.266454
-0.483994
-0.046968
-0.122115
-0.005957
-0.043187
-0.081334
-0.196003
0.011914
0.626042
0.462229
0.061058
-0.028181
0.439890
0.498772
-0.471278
-0.086718
-0.095310
0.054872
0.070566
0.132654
0.179736
0.160491
0.089353
0.065754
0.076866
0.171947
0.384789
1.213250
3.454422
2.767351
3.484170
2.857399
2.800545
2.683850
2.602072
2.726347
2.554177
2.605633
2.708085
3.273868
2.902652
3.173368
3.364375
2.881403
3.471076
2.993159
2.830981
2.773438
2.347780
3.279840
2.969383
2.629638
2.789403
3.327276
3.015556
3.029453
3.460050
3.014407
3.597189
3.423985
3.421918
3.280300
2.437024
4.106692
3.409284
2.645603
3.456604
3.696654
3.493933
3.276050
3.463266
3.033703
3.932914
3.296724
3.411925
3.300285
3.234931
3.506337
4.131960
2.792160
3.453503
3.514951
3.500824
3.454422
3.463266
3.224365
3.809214
3.239296
3.456030
3.438457
3.128919
3.402737
4.064654
2.893463
3.354957
3.463266
3.463266
3.463266
3.463266
3.455915
3.533099
3.450402
3.463266
3.186692
3.008320
3.535396
3.027041
3.501743
2.650427
3.463266
3.463266
3.463266
3.463266
3.463266
3.463266
3.463266
3.463266
2.841548
3.468435
3.276050
3.088375
3.700904
2.670297
3.463266
3.463266
3.463266
3.463266
3.463266
3.463266
3.463266
3.463266
2.856020
3.469239
3.304994
3.123176
3.704694
2.633314
3.463266
3.463266
3.463266
3.463266
3.437998
3.571231
3.437998
3.463266
3.021528
3.029568
3.323371
3.069423
3.280415
2.582088
3.463266
3.463266
3.463266
3.463266
3.141553
3.886397
3.247336
3.434207
3.449483
2.876694
3.670238
4.054203
2.825239
3.414452
3.463266
3.463266
3.463266
3.463266
2.973174
3.796350
3.457064
3.235621
3.422837
3.154532
3.007746
4.475037
2.426457
3.389069
3.512884
3.512884
3.448105
3.463266
2.920684
3.613039
3.321763
3.391366
3.140864
3.193813
3.539990
3.850907
3.184395
3.297643
3.629923
3.475211
3.263761
3.463266
2.842582
3.704235
3.208744
3.044270
3.016934
2.771141
3.169119
2.983166
2.908739
2.993159
3.360470
3.088145
3.191286
3.463266
2.682931
3.430991
2.802267
2.584500
2.584500
2.545908
2.533503
2.577379
2.519376
2.664440
3.065863
2.941014
3.014867
-0.430467
-0.430467
-0.430467
-0.430467
-0.430467
-0.430467
-0.430467
-0.430467
-0.430467
-0.430467
-0.430467
-0.430467
-0.430467
-0.430467
-0.430467
-0.430467
-0.430467
-0.430467
-0.430467
-0.430467
-0.430467
-0.430467
-0.430467
-0.430467
-0.430467
-0.430467
-0.430467
-0.430467
-0.430467
-0.430467
-0.430467
-0.430467
-0.430467
-0.430467
-0.430467
-0.430467
-0.430467
-0.430467
-0.430467
-0.430467
-0.430467
-0.430467
-0.430467
-0.430467
-0.430467
-0.430467
-0.430467
-0.430467
-0.430467
-0.430467
-0.430467
-0.430467
-0.430467
-0.430467
-0.430467
-0.430467
-0.430467
-0.430467
-0.430467
-0.430467
-0.430467
-0.430467
-0.430467
-0.430467
-0.430467
-0.430467
-0.430467
-0.430467
-0.430467
-0.430467
-0.430467
-0.430467
-0.430467
-0.430467
-0.430467
-0.430467
-0.430467
-0.430467
-0.430467
-0.430467
-0.430467
-0.430467
-0.430467
-0.430467
-0.430467
-0.430467
-0.430467
-0.430467
-0.430467
-0.430467
-0.430467
-0.430467
-0.430467
-0.430467
-0.430467
-0.430467
-0.430467
-0.430467
-0.430467
-0.430467
-0.430467
-0.430467
-0.430467
-0.430467
-0.430467
-0.430467
-0.430467
-0.430467
-0.430467
-0.430467
-0.430467
-0.430467
-0.430467
-0.430467
-0.430467
-0.430467
-0.430467
-0.430467
-0.430467
-0.430467
-0.430467
-0.430467
-0.430467
-0.430467
-0.430467
-0.430467
-0.430467
-0.430467
-0.430467
-0.430467
-0.430467
-0.430467
-0.430467
-0.430467
-0.430467
-0.430467
-0.430467
-0.430467
-0.430467
-0.430467
-0.430467
-0.430467
-0.430467
-0.430467
-0.430467
-0.430467
-0.430467
-0.430467
-0.430467
-0.430467
-0.430467
-0.430467
-0.430467
-0.430467
-0.430467
-0.430467
-0.430467
-0.430467
-0.430467
-0.430467
-0.430467
-0.430467
-0.430467
-0.430467
-0.430467
-0.430467
-0.430467
-0.430467
-0.430467
-0.430467
-0.430467
-0.430467
-0.430467
-0.430467
-0.430467
-0.430467
-0.430467
-0.430467
-0.430467
-0.430467
-0.441003
-0.402622
-0.430467
-0.430467
-0.430467
-0.430467
-0.430467
-0.430467
-0.430467
-0.430467
-0.430467
-0.430467
-0.430467
-0.430467
-0.397919
-0.397731
0.257521
-0.225758
-0.492320
-0.477782
-0.479615
-0.552669
-0.802738
-1.033017
-1.168863
-1.052441
-0.804570
-0.543506
-0.282320
0.312251
-1.069055
-0.943104
-1.004675
-1.030818
-1.033627
-1.060015
-1.096786
-1.140765
-0.994413
-1.148095
-1.128671
-1.026664
-0.947380
-1.068322
-1.166053
-1.166053
-1.166053
-1.169962
-1.187065
-1.176193
-1.070032
-0.977799
-0.079284
-0.410470
-0.453350
-1.122074
-1.148461
-1.166053
-1.166053
-1.166053
-1.166053
-1.151393
-0.912319
-0.834745
-1.157990
-0.429772
0.471186
0.673611
0.785757
-0.269249
-1.122074
-1.166053
-1.166053
-1.166053
-1.166053
-1.141620
-1.130503
-1.085669
-0.233455
-0.564641
-0.620592
-0.235287
-0.791010
-0.963994
-1.102528
-1.160189
-1.166053
-1.166053
-1.176803
-1.209055
-1.149927
-1.080538
-1.119509
-1.043034
-1.062947
-1.122563
-1.105093
-1.154692
-0.942493
-1.146262
-1.166053
-1.166053
-1.133069
-0.553035
-1.114744
-1.166053
-1.166053
-1.166053
-1.166053
-1.166053
-1.156891
-0.982807
-0.950556
-1.126838
-1.166053
-1.166053
-1.071376
-0.722721
-1.066001
-1.166053
-1.166053
-1.166053
-1.166053
-1.166053
-1.150782
-1.143453
-1.147851
-1.142964
-1.166053
-1.166053
-1.120242
-1.163854
-1.122440
-1.163854
-1.166053
-1.166053
-1.166053
-1.166053
-1.166053
-1.166053
-1.166053
-1.166053
-1.166053
-1.166053
-1.166053
-1.171306
-1.129282
-1.179124
-1.175826
-1.204412
-1.203191
-1.147728
-1.169474
-1.179735
-1.160922
-1.166053
-1.166053
-1.166053
-1.166053
-1.116577
-0.499039
-0.662250
-0.926245
-0.689614
-0.432215
-1.122196
-1.151271
-0.960207
-1.153226
-1.166053
-1.166053
-1.166053
-1.166053
-1.098863
-1.091655
-0.728707
-0.714902
-0.347556
-0.481447
-0.798707
-1.071620
-1.160678
-1.142964
-1.166053
-1.167030
-1.172405
-1.176803
-1.175582
-1.145407
-1.143819
-1.043401
-0.571360
-0.608253
-1.080416
-1.149194
-1.164831
-1.170695
-1.173627
-1.162388
-1.098496
-1.007240
-0.998078
-0.941516
-0.961551
-0.812878
-0.637817
-0.679108
-0.756927
-0.903157
-0.999910
-1.060137
-1.014570
-1.561321
-1.797569
-2.365050
-2.528815
-2.573957
-2.567692
-2.573815
-2.380715
-2.087362
-2.202994
-2.256538
-2.491505
-2.685745
-2.123106
-0.566342
-1.475878
-2.054324
-2.357361
-2.511869
-2.601726
-2.618957
-2.534369
-1.531131
-0.635835
-1.060912
-1.903091
-2.432977
-2.166254
-0.446295
-1.374202
-2.186903
-2.387550
-2.527818
-2.654416
-2.682042
-2.684606
-2.682897
-0.785360
0.775391
-0.187831
-1.985400
-2.382566
-0.476485
-1.282635
-2.353800
-2.796393
-1.676668
-2.150020
-2.512012
-2.663672
-2.652707
-2.124245
-0.615756
2.400224
-0.244508
-2.199007
-0.684680
-1.199044
-2.508167
-2.455904
-2.271918
-1.416923
-2.047346
-2.578230
-2.752675
-2.679621
-2.858196
-0.105806
2.294418
-1.706430
-0.627006
-1.589232
-2.180922
-1.075580
-1.720813
-1.012494
-1.558188
-2.458752
-2.652565
-2.705254
-2.789273
-2.150305
0.858271
-0.321406
-0.614902
-1.884151
-2.930538
-0.961514
0.803160
-0.584142
-1.942537
-2.463025
-2.671362
-2.706109
-2.710950
-2.369323
-1.007510
-0.478763
-0.436611
-1.984404
-2.694289
-2.228342
2.524117
0.854568
-1.720813
-2.501046
-2.512439
-2.734874
-2.710950
-3.128480
-1.155468
-1.077716
-0.371390
-1.710133
-2.696852
-3.475092
0.476485
2.463594
-0.986577
-2.098754
-2.400651
-2.655840
-2.688166
-2.502328
-2.308231
-1.325357
-0.410836
-1.205595
-2.696710
-2.797817
-2.013312
0.624728
0.770835
-1.887996
-2.417028
-2.088644
-2.494211
-2.538072
-2.201997
-2.350667
-0.472925
-0.992558
-2.462597
-2.717216
-2.970268
-1.257715
0.076756
-0.746910
-2.361633
-2.165684
-1.699880
-2.382851
-2.036239
-2.515572
-0.327103
-1.012494
-1.889420
-2.598878
-2.715365
-2.920712
-0.614902
-1.282635
-2.396095
-2.555587
-1.286480
-1.872616
-2.184909
-2.391538
-0.327387
-0.878065
-1.959341
-2.254687
-2.445224
-2.806361
-2.079103
-2.078675
-2.377867
-2.077536
-1.885148
-2.110147
-2.509876
-2.178358
-0.034177
-1.539248
-2.097045
-2.334576
-2.402930
-2.540350
-2.732311
-2.705254
-2.557011
-2.294845
-2.221792
-2.447075
-2.595318
-2.433689
-2.202933
-3.781082
-4.583553
-4.429207
-4.417208
-4.511558
-4.694013
-4.838825
-4.930381
-4.887480
-4.750392
-4.574841
-3.722730
-2.010945
-4.781623
-4.842935
-4.915752
-4.922656
-4.890275
-4.852139
-4.659987
-4.697135
-4.719162
-4.730175
-4.838990
-4.842278
-4.666398
-4.029450
-4.987912
-4.987912
-4.987912
-4.914273
-4.840633
-4.454356
-3.967975
-2.594306
-3.629859
-4.028629
-3.772864
-4.843592
-4.871700
-4.587499
-4.987912
-4.987912
-4.987912
-4.830114
-4.047039
-3.633968
-2.912369
-2.618469
-3.192625
-4.069065
-4.481478
-4.735928
-4.901288
-4.557418
-4.987912
-4.987912
-4.919533
-4.785075
-3.533371
-2.459027
-2.140471
-2.651015
-2.921080
-2.739777
-2.046614
-4.217823
-4.099473
-4.727380
-4.987912
-4.987912
-4.880083
-4.254807
-3.839106
-2.421549
-2.512612
-2.485327
-2.507188
-2.620277
-3.070825
-2.592826
-2.035436
-4.745132
-4.987912
-4.987912
-4.919040
-4.307735
-4.086159
-2.929628
-2.395250
-2.162826
-2.058449
-2.502914
-3.458910
-3.929512
-4.724422
-4.913122
-4.987912
-4.987912
-4.916574
-4.783925
-4.483614
-3.183092
-2.539734
-2.237944
-2.287914
-2.611565
-3.498524
-4.331733
-4.754009
-4.937285
-4.987912
-4.987912
-4.969502
-4.468328
-3.415351
-2.336897
-2.717422
-2.828374
-3.062770
-2.923382
-2.752762
-1.872378
-3.799328
-4.875152
-4.987912
-4.987912
-4.970653
-4.725901
-3.164189
-2.044970
-1.740386
-2.929792
-3.206761
-2.727777
-1.221295
-4.297050
-4.081886
-4.886329
-4.987912
-4.987912
-4.987912
-4.858879
-3.839764
-3.145450
-3.372614
-3.307358
-4.545583
-3.412557
-3.975372
-3.576437
-4.791979
-4.615771
-4.987912
-4.987912
-4.987912
-4.938600
-4.852304
-4.577472
-4.009397
-4.198098
-4.818279
-4.655714
-4.457479
-4.874002
-4.853291
-4.644536
-4.895863
-4.907369
-4.987912
-4.987912
-4.975584
-4.932025
-4.903753
-4.932683
-4.958325
-4.954216
-4.961448
-4.977557
-4.702395
-4.350472
-3.520879
-4.867098
-4.987912
-4.987912
-4.987912
-4.987912
-4.987912
-4.987912
-4.987912
-4.987912
-4.987912
-4.987912
-4.839976
-3.074112
-1.720472
-3.742534
-4.026009
-3.633786
-3.276744
-3.126341
-3.047282
-3.260788
-3.339520
-3.484757
-3.506336
-3.685054
-3.729324
-1.291891
-3.802368
-7.244882
-7.696022
-7.290853
-6.714810
-6.270666
-5.522316
-5.334378
-5.248257
-6.026622
-6.386214
-7.114161
-7.063156
-3.259808
-4.253378
-8.029719
-7.974463
-7.420459
-6.117582
-5.603860
-5.106814
-5.639434
-5.717381
-6.519156
-6.264323
-7.217285
-7.437462
-3.567740
-4.198972
-7.909986
-7.936339
-7.058840
-6.159499
-5.537683
-5.018991
-5.104525
-5.058488
-6.016094
-5.759298
-6.637190
-6.496466
-3.102800
-4.169938
-7.786134
-7.959946
-6.536878
-5.918267
-4.758991
-4.934505
-5.592678
-5.955606
-6.422377
-5.378061
-5.897276
-5.736934
-2.681739
-4.067664
-7.645736
-7.779790
-6.257391
-6.161461
-5.384469
-6.159564
-6.741882
-7.198518
-6.987366
-5.821094
-5.443911
-5.090989
-2.123354
-4.010118
-7.529991
-7.707597
-6.502090
-6.547472
-5.757990
-6.761958
-7.251355
-7.742385
-7.377823
-5.894792
-5.156642
-4.837201
-1.831705
-4.062302
-7.519855
-7.596756
-6.504640
-6.602597
-6.021063
-6.956042
-7.165363
-7.529272
-7.149931
-6.057095
-5.287362
-5.137613
-1.912529
-4.185174
-7.689418
-7.708904
-6.645822
-6.427935
-6.015048
-6.761697
-7.305696
-7.714463
-7.250177
-5.998765
-5.448423
-5.265978
-2.208822
-4.262794
-7.891088
-7.977798
-6.947476
-6.170812
-5.350335
-5.044756
-5.129962
-5.434036
-5.267286
-5.214384
-5.306064
-5.771330
-2.536568
-4.263318
-8.111852
-8.198039
-7.394891
-6.231169
-5.686778
-5.254927
-5.424816
-6.138378
-5.904142
-6.106139
-6.068539
-6.379414
-3.060426
-4.354344
-8.307244
-8.700056
-8.196208
-7.036607
-6.167542
-5.051818
-4.895400
-5.251593
-5.337583
-6.127065
-6.669232
-7.259855
-3.478218
-4.481009
-8.423708
-9.078482
-8.653300
-8.147753
-7.486048
-6.796813
-6.332069
-6.665112
-6.902944
-7.584463
-7.992512
-7.997154
-3.906342
-1.690195
-3.908891
-4.371542
-4.192172
-3.914319
-3.589646
-3.155441
-3.016547
-3.019687
-3.256996
-3.527981
-3.878550
-3.840556
-1.375658
1.060773
1.060773
1.060773
1.043077
1.015895
0.996956
0.989476
0.997027
1.022913
1.036451
1.025240
1.003867
0.923084
1.038387
1.060773
1.060773
1.060773
1.034336
1.025169
0.924381
0.793407
0.669168
0.522063
0.574385
0.814745
0.959842
0.915817
0.926672
1.060773
1.060773
1.060773
1.014331
0.966913
0.853102
0.791258
0.669594
0.572039
0.776405
0.721099
0.917718
1.012004
0.997098
1.054874
1.051712
1.055443
1.029930
1.047501
0.896967
0.823255
0.627719
0.476012
0.599275
0.682457
0.703386
0.741050
0.920845
1.049011
1.056136
1.019697
0.985372
1.007136
1.010476
1.037641
1.039773
1.060773
1.060773
0.897749
0.587674
0.439343
0.592328
1.047768
1.053009
0.925624
0.937919
0.944226
1.060773
1.060773
1.060773
1.060773
1.060773
0.901693
0.068329
0.335268
0.208061
1.050575
1.047856
0.825103
0.921112
0.846742
1.060773
1.060773
1.060773
1.060773
1.060773
1.060773
0.111377
0.345306
0.181127
1.046062
1.051605
0.833506
0.955507
0.868168
1.060773
1.060773
1.060773
1.060773
1.060773
1.060773
0.128255
0.191610
0.175726
1.043362
1.052955
0.950266
0.975956
0.983773
1.060773
1.060773
1.060773
1.060773
1.060773
1.060773
0.196975
0.631965
0.249990
1.052174
1.053062
1.053773
1.060773
1.060773
1.060773
1.060773
1.060773
1.060773
1.060773
1.004738
0.301992
0.574651
0.474236
1.060773
1.060773
1.060773
1.060773
1.060773
1.016534
0.860102
0.663571
0.640386
0.822526
0.909581
0.848181
0.798311
0.897856
1.037179
1.012733
1.021331
1.047164
1.026750
0.917221
0.760256
0.663873
0.672330
0.766118
0.813501
0.920863
0.931079
1.043113
0.798275
0.872396
0.986509
1.033199
1.010760
0.899828
0.605920
0.373483
0.379328
0.624628
0.837272
0.973469
0.802202
0.775375
0.975619
0.811582
0.968192
1.033555
1.005111
0.918340
0.859711
0.827963
0.818334
0.908427
0.922711
0.926708
0.784098
0.990489
-3.387019
-3.627492
-3.709759
-3.755323
-3.755323
-3.740135
-3.666306
-3.561257
-3.521459
-3.575038
-3.667009
-3.735073
-3.755323
-3.755323
-3.695837
-3.379425
-3.712291
-3.755323
-3.755323
-3.743088
-3.598804
-3.257641
-3.190984
-3.318252
-3.564069
-3.736197
-3.755323
-3.755323
-3.702166
-3.732541
-3.702166
-3.755323
-3.755323
-3.737604
-3.676853
-3.630445
-3.592476
-3.629602
-3.686134
-3.731698
-3.755323
-3.755323
-3.755323
-3.755323
-3.755323
-3.755323
-3.755323
-3.755323
-3.755323
-3.755323
-3.755323
-3.755323
-3.755323
-3.755323
-3.755323
-3.755323
-3.755323
-3.755323
-3.755323
-3.755323
-3.755323
-3.755323
-3.755323
-3.755323
-3.755323
-3.755323
-3.755323
-3.755323
-3.588257
-3.444395
-3.755323
-3.740135
-3.727057
-3.740135
-3.755323
-3.755323
-3.755323
-3.755323
-3.755323
-3.755323
-3.755323
-3.755323
-3.504303
-2.355233
-3.755323
-3.743088
-3.647743
-3.740979
-3.755323
-3.755323
-3.755323
-3.755323
-3.755323
-3.755323
-3.755323
-3.755323
-3.421051
-2.762210
-3.755323
-3.737604
-3.747729
-3.737604
-3.755323
-3.755323
-3.755323
-3.755323
-3.755323
-3.755323
-3.755323
-3.755323
-3.522022
-3.261298
-3.755323
-3.755323
-3.755323
-3.755323
-3.755323
-3.755323
-3.755323
-3.755323
-3.755323
-3.755323
-3.755323
-3.755323
-3.653227
-3.302220
-3.755323
-3.755323
-3.755323
-3.755323
-3.755323
-3.755323
-3.755323
-3.755323
-3.755323
-3.755323
-3.755323
-3.755323
-3.684447
-3.724947
-3.755323
-3.755323
-3.755323
-3.755323
-3.755323
-3.755323
-3.755323
-3.755323
-3.755323
-3.755323
-3.755323
-3.755323
-3.755323
-3.755323
-3.740135
-3.727057
-3.740135
-3.755323
-3.755323
-3.755323
-3.740135
-3.727057
-3.740135
-3.755323
-3.755323
-3.755323
-3.755323
-3.755323
-3.514849
-3.484896
-3.710603
-3.755323
-3.755323
-3.735073
-3.685150
-3.549303
-3.630164
-3.686556
-3.740135
-3.755323
-3.628758
-3.519772
-2.960073
-3.432160
-3.708916
-3.755323
-3.755323
-3.739010
-3.577851
-3.552538
-3.419363
-3.609492
-3.740979
-3.755323
-3.653368
-2.858821
-2.682857
-2.682857
-2.682857
-2.682857
-2.662045
-2.560703
-2.442169
-2.235664
-2.213948
-2.238479
-2.377724
-2.537781
-2.410801
-2.534463
-2.682857
-2.682857
-2.682857
-2.682857
-2.656013
-2.506513
-2.278191
-2.460366
-2.458858
-2.227017
-2.105769
-2.447598
-2.133618
-1.628012
-2.682857
-2.682857
-2.682857
-2.675920
-2.660336
-2.581012
-2.572868
-2.618915
-2.647568
-2.562814
-2.427390
-2.307448
-1.931838
-1.415475
-2.682857
-2.682857
-2.682857
-2.648473
-2.636810
-2.638721
-2.635906
-2.658124
-2.624344
-2.674613
-2.481580
-2.392905
-1.631832
-1.234104
-2.682857
-2.682857
-2.655108
-2.635906
-2.543310
-2.648975
-2.643044
-2.529034
-2.626757
-2.631582
-2.536172
-2.195147
-1.616450
-0.818379
-2.682857
-2.682857
-2.656315
-2.564624
-2.625349
-2.661543
-2.659331
-2.639424
-2.643044
-2.668379
-2.605543
-2.538987
-1.630123
-0.604334
-2.682857
-2.682857
-2.667173
-2.653902
-2.661543
-2.682857
-2.682857
-2.682857
-2.682857
-2.682857
-2.620423
-2.625852
-1.658576
-0.708692
-2.682857
-2.682857
-2.682857
-2.682857
-2.682857
-2.682857
-2.682857
-2.682857
-2.682857
-2.682857
-2.623137
-2.440359
-1.784952
-0.969689
-2.682857
-2.682857
-2.682857
-2.682857
-2.682857
-2.682857
-2.571863
-2.547533
-2.328360
-2.493041
-2.314385
-2.543511
-1.724629
-1.029308
-2.682857
-2.682857
-2.682857
-2.682857
-2.599611
-2.633392
-2.487411
-2.206307
-2.126480
-1.761828
-2.285229
-2.080031
-1.829289
-1.076561
-2.682857
-2.682857
-2.682857
-2.682857
-2.582419
-2.168605
-2.396726
-2.319512
-2.269746
-2.172626
-1.753383
-2.347563
-1.888406
-1.275626
-2.682857
-2.682857
-2.682857
-2.682857
-2.615898
-2.333286
-1.879659
-2.482987
-2.543511
-2.030164
-2.201782
-2.384963
-2.068167
-1.423819
-2.481680
-2.369078
-2.157445
-2.164885
-2.146185
-2.029259
-1.904089
-1.946516
-2.009554
-1.919271
-1.970344
-2.102350
-1.629420
-1.283870
-2.490427
-1.753584
-1.572213
-1.579352
-1.572716
-1.553714
-1.539036
-1.404717
-1.357565
-1.490476
-1.520939
-1.591617
-1.382398
-0.865934
-1.189444
-1.089008
-1.049380
-0.989938
-0.945224
-0.882442
-0.834312
-0.699030
-0.682177
-0.771985
-0.860123
-0.970428
-0.861262
-1.104723
-1.183143
-0.859136
-0.613929
-0.573921
-0.358397
-0.286961
-0.352552
-0.521691
-0.474852
-0.310494
-0.504003
-0.388687
-0.529890
-0.862780
-1.164240
-0.863919
-0.710114
-0.593887
-0.452153
-0.489351
-0.933837
-0.950311
-0.951373
-0.899523
-0.623950
-0.493147
-0.430821
-0.866120
-1.161128
-0.876217
-0.716491
-0.397797
-0.864906
-0.970200
-0.906659
-0.541657
-0.282102
-0.749742
-0.816168
-0.970580
-0.378439
-0.756346
-1.153309
-0.744807
-0.485024
-0.606185
-0.962153
-0.864830
0.149326
0.718844
0.645965
0.577262
-0.486619
-0.768341
-0.720742
-0.349287
-1.117780
-0.645282
-0.333497
-0.793090
-0.850482
0.121768
1.025619
0.760066
0.311937
0.504686
0.437577
-0.453519
-0.295995
0.139912
-1.122715
-0.510228
-0.254317
-0.935735
-0.609070
0.889806
0.979994
0.191763
-0.185993
0.072651
0.615979
-0.260922
-0.593052
0.587890
-1.131065
-0.569215
-0.164585
-0.915010
-0.642321
0.804780
1.013093
0.226684
-0.069159
0.193661
0.719148
-0.642549
-0.691211
0.420344
-1.154751
-0.709279
-0.208919
-0.414271
-0.859136
0.120022
0.917970
0.609222
0.325374
0.627062
0.615903
-0.962153
-0.854429
0.269500
-1.179500
-0.830364
-0.422318
-0.398253
-0.962685
-0.835830
-0.102106
0.245283
0.008427
0.146669
-0.831882
-1.002540
-0.596316
-0.229720
-1.188761
-0.947957
-0.745642
-0.623722
-0.757409
-0.990622
-0.873484
-0.412829
-0.911670
-1.043687
-1.100168
-1.026757
-0.382311
-0.565723
-1.118615
-0.871358
-0.707305
-0.688402
-0.476977
-0.406224
-0.516150
-0.789673
-0.835906
-0.902712
-0.870751
-0.471284
-0.422622
-0.844105
-1.126814
-0.616206
-0.520249
-0.575212
-0.472043
-0.215904
-0.221749
-0.152742
-0.231846
-0.233668
-0.302447
-0.296526
-0.518807
-0.863084
-1.181853
-1.004438
-0.877735
-1.027820
-0.952057
-0.761812
-0.533003
-0.485632
-0.430897
-0.523134
-0.744959
-0.888743
-0.770618
-1.148602
-3.624940
-3.624940
-3.624940
-3.614634
-3.490544
-3.488187
-3.510787
-3.557418
-3.540318
-3.475570
-3.421128
-3.477280
-3.544062
-3.624940
-3.603496
-3.608764
-3.604327
-3.594946
-3.502329
-3.567124
-3.472243
-3.563010
-3.517673
-3.515917
-3.508060
-3.496737
-3.464617
-3.589954
-3.606546
-3.582976
-3.597118
-3.603542
-3.522479
-3.487124
-3.588337
-3.624940
-3.624940
-3.596748
-3.512404
-3.471734
-3.522849
-3.532138
-3.577199
-3.541104
-3.566939
-3.558343
-3.618839
-3.624940
-3.624940
-3.624940
-3.624940
-3.624940
-3.624940
-3.608025
-3.460411
-3.499602
-3.574703
-3.467113
-3.517858
-3.526223
-3.624940
-3.624940
-3.624940
-3.624940
-3.624940
-3.624940
-3.624940
-3.624940
-3.301614
-3.302214
-3.519290
-3.463831
-3.492993
-3.542028
-3.624940
-3.624940
-3.624940
-3.624940
-3.624940
-3.624940
-3.624940
-3.624940
-3.164999
-3.214820
-3.482872
-3.382399
-3.366316
-3.541936
-3.624940
-3.624940
-3.624940
-3.624940
-3.624940
-3.624940
-3.624940
-3.624940
-3.044838
-3.014706
-3.524374
-3.291908
-3.359245
-3.409343
-3.624940
-3.624940
-3.624940
-3.624940
-3.624940
-3.624940
-3.624940
-3.624940
-3.051863
-3.042250
-3.549007
-3.278922
-3.376529
-3.359060
-3.624940
-3.624940
-3.624940
-3.624940
-3.624940
-3.624940
-3.624940
-3.624940
-3.115040
-3.066283
-3.584593
-3.418863
-3.373849
-3.433930
-3.592589
-3.624940
-3.624940
-3.624940
-3.624940
-3.624940
-3.624940
-3.624940
-3.293711
-3.248327
-3.573363
-3.525437
-3.393999
-3.352821
-3.378979
-3.535974
-3.624940
-3.624940
-3.624940
-3.624940
-3.624940
-3.542491
-3.381706
-3.335582
-3.584085
-3.581543
-3.505656
-3.444559
-3.308407
-3.169991
-3.195456
-3.183162
-3.203959
-3.221753
-3.362434
-3.438043
-3.535697
-3.459441
-3.598643
-3.607054
-3.568556
-3.450613
-3.351203
-3.392335
-3.283589
-3.227622
-3.279938
-3.271989
-3.396818
-3.430741
-3.505888
-3.589307
-3.613709
-3.621889
-3.624940
-3.624940
-3.546003
-3.371862
-3.318020
-3.328326
-3.322827
-3.339464
-3.436194
-3.565876
-3.618839
-3.624940
-7.982635
-6.160260
-6.647245
-6.741804
-6.911484
-6.598547
-6.036221
-5.416678
-5.281720
-5.520190
-6.105884
-6.687428
-6.552250
-5.206161
-8.188566
-5.447251
-5.654275
-5.573912
-5.313603
-4.198123
-2.753326
-3.047919
-3.131777
-3.432485
-4.472843
-5.495950
-5.953673
-4.212317
-8.253425
-6.073345
-6.020497
-5.563210
-4.190042
-3.195980
-5.081030
-7.577759
-7.753118
-7.601562
-5.026653
-4.750403
-5.978568
-5.317534
-8.286837
-5.995602
-5.989050
-4.388767
-4.314300
-7.712063
-7.865583
-8.011242
-8.331823
-8.335098
-8.228312
-7.927821
-4.996736
-4.421743
-8.286400
-5.830507
-5.143486
-2.746993
-7.493028
-8.038977
-6.712759
-6.352870
-7.670352
-8.316099
-8.527054
-8.325490
-6.143227
-3.414578
-8.278539
-5.888814
-4.083473
-3.369592
-7.790242
-6.695507
-6.170305
-7.112393
-8.303652
-8.443196
-7.919960
-8.370694
-7.786967
-3.052942
-8.290331
-5.624357
-3.561110
-7.396504
-7.763382
-4.971840
-6.912576
-7.816230
-8.302778
-8.451495
-7.206515
-8.406290
-7.868422
-3.324605
-8.272642
-5.751454
-3.997869
-5.655149
-7.625148
-4.580068
-6.440003
-7.462674
-8.300158
-8.247965
-7.246041
-8.361523
-7.921270
-3.542766
-8.274826
-5.642483
-4.453626
-3.046172
-7.562036
-5.307271
-5.386106
-6.168777
-7.504384
-7.179654
-7.215905
-8.429002
-7.877594
-4.192226
-8.263689
-5.765212
-5.248090
-3.917287
-7.283603
-7.978703
-6.214200
-5.530454
-6.762549
-6.478657
-8.326364
-8.330513
-7.113049
-4.402307
-8.273297
-5.845794
-5.589853
-5.004378
-4.841467
-7.668169
-7.962980
-8.152315
-8.189440
-8.174590
-7.952062
-7.347588
-6.181442
-4.811113
-8.278975
-5.982281
-5.798406
-5.913054
-5.112476
-5.041503
-6.746389
-7.868204
-7.907512
-7.159781
-5.616496
-5.944283
-6.408775
-4.936899
-8.282906
-5.973982
-6.057185
-5.797750
-5.919387
-5.421483
-5.221666
-5.246124
-5.292857
-5.488307
-5.725467
-6.109377
-6.380386
-4.575045
-8.390130
-6.307884
-6.157203
-6.144755
-6.150214
-5.952800
-5.821554
-5.683101
-5.752327
-6.018313
-6.207211
-6.415982
-6.665153
-4.487693
-1.569416
-1.569416
-1.569416
-1.569416
-1.569416
-1.569416
-1.569416
-1.569416
-1.569416
-1.569416
-1.569416
-1.569416
-1.569416
-1.569416
-1.569416
-1.569416
-1.569416
-1.569416
-1.569416
-1.569416
-1.569416
-1.569416
-1.569416
-1.569416
-1.569416
-1.569416
-1.569416
-1.569416
-1.569416
-1.569416
-1.569416
-1.569416
-1.569416
-1.569416
-1.569416
-1.569416
-1.569416
-1.569416
-1.569416
-1.569416
-1.569416
-1.569416
-1.569416
-1.569416
-1.569416
-1.569416
-1.569416
-1.569416
-1.569416
-1.569416
-1.569416
-1.569416
-1.569416
-1.569416
-1.569416
-1.569416
-1.569416
-1.569416
-1.569416
-1.569416
-1.569416
-1.569416
-1.569416
-1.569416
-1.569416
-1.569416
-1.569416
-1.569416
-1.569416
-1.569416
-1.569416
-1.569416
-1.569416
-1.569416
-1.569416
-1.569416
-1.569416
-1.569416
-1.569416
-1.569416
-1.569416
-1.569416
-1.569416
-1.569416
-1.569416
-1.569416
-1.569416
-1.569416
-1.569416
-1.569416
-1.569416
-1.569416
-1.569416
-1.569416
-1.569416
-1.569416
-1.569416
-1.569416
-1.569416
-1.569416
-1.569416
-1.569416
-1.569416
-1.569416
-1.569416
-1.569416
-1.569416
-1.569416
-1.569416
-1.569416
-1.569416
-1.569416
-1.569416
-1.569416
-1.569416
-1.569416
-1.569416
-1.569416
-1.569416
-1.569416
-1.569416
-1.569416
-1.569416
-1.569416
-1.569416
-1.569416
-1.569416
-1.569416
-1.569416
-1.569416
-1.569416
-1.569416
-1.569416
-1.569416
-1.569416
-1.569416
-1.569416
-1.569416
-1.569416
-1.569416
-1.569416
-1.569416
-1.569416
-1.569416
-1.569416
-1.569416
-1.569416
-1.569416
-1.569416
-1.569416
-1.569416
-1.569416
-1.569416
-1.569416
-1.569416
-1.569416
-1.569416
-1.569416
-1.569416
-1.569416
-1.569416
-1.569416
-1.569416
-1.569416
-1.569416
-1.569416
-1.569416
-1.569416
-1.569416
-1.569416
-1.569416
-1.569416
-1.569416
-1.569416
-1.569416
-1.569416
-1.569416
-1.569416
-1.569416
-1.569416
-1.569416
-1.569416
-1.569416
-1.569416
-1.569416
-1.569416
-1.569416
-1.569416
-1.569416
-1.569416
-1.569416
-1.569416
-1.569416
-1.569416
-1.569416
-1.569416
-1.163945
-1.412702
-0.433982
-0.134983
-0.134983
-0.134983
-0.134983
-0.134983
-0.134983
-0.134983
-0.134983
-0.171462
-1.269990
-0.912360
1.244916
0.352822
-0.294945
-0.138565
-0.134983
-0.134983
-0.134983
-0.134983
-0.134983
-0.134983
-0.134983
-0.066266
-0.200966
1.275928
0.793213
0.221044
-0.270154
-0.260257
-0.199458
-0.203040
-0.134983
-0.156098
-0.194556
-0.461883
-0.556145
-0.545022
-0.487994
1.207117
0.979192
0.488465
-0.270437
-0.466785
-0.601673
-0.429174
-0.247532
-0.161942
-0.193614
-0.658702
-0.951385
-1.120774
-0.792082
1.144339
0.988524
0.382043
-0.175704
-0.142712
-0.308613
-0.357064
-0.435867
-0.137151
0.013008
0.173725
0.977307
0.960057
0.371580
1.229552
0.966750
0.169106
-0.007447
0.457076
0.681607
0.530034
-0.079651
-0.129516
-0.134983
-0.059008
0.658136
0.747968
0.336138
1.198822
0.974951
0.147709
-0.301072
-0.506186
-0.223872
0.167975
-0.043360
-0.095016
-0.134983
0.004430
0.171180
-0.243855
-0.648144
0.791894
0.990409
0.496194
0.082479
-0.313515
-0.316626
0.266101
0.092848
-0.134983
-0.134983
0.048262
0.363851
0.305408
-0.373183
0.769082
0.959397
0.607329
0.216519
0.450289
0.111889
0.303523
0.014893
-0.134983
-0.134983
-0.134983
-0.289667
-0.050430
-0.050524
1.256134
0.965524
0.552846
0.146954
0.199270
-0.300978
-0.319736
-0.177212
-0.163639
-0.134983
-0.245835
-0.525133
-0.853258
-1.024249
0.834783
1.009168
0.476211
0.351220
0.733546
0.137528
-0.622882
-0.292023
-0.312949
-0.166655
-0.240839
0.021020
0.825922
0.993709
1.788053
1.286392
0.671239
0.219065
0.440297
0.724025
0.263462
-0.093036
-0.275622
-0.159303
-0.009898
0.409096
0.785484
0.666903
1.634689
1.269236
0.627313
0.142712
-0.127348
-0.094168
0.203606
0.539743
0.224720
-0.089172
-0.012254
-0.039213
-0.114999
-0.102274
1.245765
0.979381
0.262519
-0.128573
-0.134983
-0.134983
-0.134983
-0.134983
-0.134983
-0.134983
-0.134983
-0.134983
-0.134983
0.208601
1.074585
-1.752805
-1.249954
-0.931212
-0.571271
-0.408865
-0.589480
-0.762001
-0.492919
-0.343756
-0.276071
-0.290785
-0.343020
0.041751
1.142910
-1.148060
-1.502851
-1.161854
-0.814420
-0.685856
-0.893140
-1.636564
-1.185212
-0.158543
0.479860
0.304580
-0.054074
0.477285
0.716572
-0.807431
-1.442524
-1.191098
-1.084238
-1.581203
-1.808350
-1.611183
-1.070075
-0.381644
0.401876
1.054074
1.039176
1.170314
0.345963
-0.728343
-1.292993
-1.183373
-1.429097
-1.713997
-1.224021
-1.295751
-0.956226
-0.635461
0.301821
0.924775
0.692477
1.134449
0.374471
-0.704433
-1.164429
-1.349274
-1.010116
-0.798234
-1.530072
-1.086629
-0.187971
-0.654037
-0.403164
0.341365
-0.122862
0.775612
1.069708
-0.656796
-1.055913
-1.490344
-0.943719
-0.160199
-0.558212
-0.509656
-0.577708
-0.398198
-0.377046
-1.003863
-0.701858
1.214457
0.738827
-0.629023
-0.897370
-0.637852
0.045429
-0.455030
-1.111275
-1.278462
-0.638404
-0.338422
-0.088652
-0.381828
-0.152106
0.422292
-0.298142
-0.655141
-0.997057
-0.990436
-0.237263
0.264484
-0.934707
-1.389921
-0.649623
-0.321501
-0.221630
-0.158176
0.234872
0.044142
-0.413096
-0.703329
-1.165900
-1.241678
-0.913371
-0.541659
-0.450248
-0.621115
-0.654221
-0.426338
-0.878058
-0.796395
0.439397
1.080007
0.120839
-0.721538
-1.277175
-1.334008
-1.863160
-1.861137
-0.168475
-0.430384
-0.916498
-0.563730
-0.231010
0.130403
0.199926
1.095089
1.118632
-0.753908
-1.351665
-1.257679
-1.528049
-1.739930
-0.772301
-1.163693
-1.694501
-0.466802
0.968365
0.916866
0.154129
1.232481
0.431304
-0.864999
-1.423211
-1.175097
-0.905095
-1.292625
-1.129299
-1.309362
-1.230274
-0.467169
0.318926
0.601986
0.573294
0.703329
0.412912
-1.256392
-1.668383
-1.181902
-0.714365
-0.714548
-0.787199
-1.248851
-0.911532
-0.147692
0.070443
-0.112562
-0.291153
0.373736
0.908221
-1.974435
-1.503955
-0.914659
-0.519404
-0.466618
-0.582674
-0.644473
-0.492919
-0.350193
-0.286555
-0.364723
-0.347618
0.166452
1.459077
-0.348661
-0.325386
0.326313
0.493411
0.689904
0.684618
0.523362
0.592909
0.682763
0.615535
0.525773
0.637790
0.744243
1.173207
-0.271696
-0.516037
0.028839
0.215873
0.220139
0.250090
0.363776
0.181656
0.108493
0.193433
0.220973
0.378520
0.381209
0.804238
-0.041635
-0.230988
0.127317
0.124535
0.210958
0.414128
0.653090
0.517706
-0.121939
0.195380
0.527442
0.655316
0.144657
0.391594
0.032270
-0.059903
0.309715
0.198718
0.097273
0.814068
0.353297
0.220788
0.046828
0.128708
0.120084
0.169694
0.062778
0.295064
0.051001
0.080211
0.229411
0.150963
0.531152
0.479131
0.265576
0.265576
0.265576
0.265576
0.140206
0.036535
0.248235
0.532542
0.105526
0.191949
0.216800
0.129450
0.792740
0.283751
0.265576
0.265576
0.265576
0.265576
0.173774
0.095882
0.118322
0.405782
0.122588
0.243599
0.114520
0.246659
0.484509
0.265576
0.265576
0.265576
0.265576
0.265576
0.265576
0.202984
0.128337
0.334195
0.088463
0.228391
0.311477
0.194267
0.604500
0.265576
0.265576
0.265576
0.265576
0.265576
0.236644
0.123979
0.158010
0.338646
0.035237
0.146883
0.421824
0.078171
0.434806
0.408378
0.265576
0.265576
0.265576
0.265576
0.218284
0.031621
0.090318
0.576218
0.015671
0.012426
0.416075
0.096531
-0.003895
0.879720
0.423215
0.221715
0.290520
0.296176
0.117488
0.067785
0.034124
0.503889
0.002504
-0.130099
0.239704
0.184067
-0.026891
0.530039
0.782169
0.176092
0.165150
0.266781
0.231730
0.202335
0.173774
0.281803
-0.026891
-0.249905
0.043861
0.223662
0.207527
0.242764
0.452610
0.429799
0.413664
0.362107
0.596526
0.592724
0.184160
0.469116
-0.448252
-0.567038
-0.074276
0.141041
0.306469
0.258899
0.132417
0.224497
0.184809
0.201593
0.198533
0.208084
0.173125
0.919500
-0.345323
-0.381858
0.523177
0.575105
0.721061
0.706317
0.683876
0.642334
0.597453
0.554334
0.509360
0.626199
0.672007
1.256663
-3.371149
-3.005539
-3.079474
-3.098625
-2.807530
-2.433100
-2.211297
-2.202824
-2.372978
-2.570639
-2.737542
-2.737774
-2.199226
-2.053099
-2.887848
-1.894900
-1.674722
-1.502247
-1.026607
-0.967413
-1.583494
-2.336997
-2.765282
-2.477786
-1.691668
-1.025447
-0.453355
-1.055276
-3.181844
-2.134693
-1.558540
-1.054347
-0.802019
-1.654759
-3.010414
-3.578444
-3.720973
-3.442994
-2.482080
-1.227634
-0.237123
-1.020804
-3.469457
-2.352666
-1.430170
-0.897309
-1.448393
-2.793951
-2.868117
-2.371120
-2.388299
-2.657921
-3.018075
-2.450510
-0.722397
-1.075703
-3.454368
-2.306472
-1.621216
-1.937845
-2.912686
-2.281401
-0.269042
0.603778
0.639874
0.107594
-1.442009
-2.319355
-1.131067
-1.043205
-3.436958
-2.281169
-2.157674
-3.291063
-3.200183
-0.734932
1.364245
1.222295
0.774047
0.857499
0.039695
-1.478686
-1.280909
-1.311202
-3.417227
-2.234859
-2.423815
-3.611406
-3.122070
-0.518817
1.040188
0.553057
0.172010
0.662043
0.567914
-1.071989
-1.926470
-1.474159
-3.415022
-2.279660
-2.470822
-3.622200
-3.107562
-0.688158
0.790761
0.453239
0.219481
0.822331
0.446624
-1.856482
-2.352898
-1.361343
-3.468180
-2.435537
-2.408262
-3.325767
-3.117311
-0.894640
0.781243
0.733540
0.568841
0.794242
-0.312334
-2.632850
-2.257956
-1.235063
-3.551284
-2.569942
-2.221511
-2.632618
-3.185675
-2.411280
-0.537155
-0.261033
-0.579403
-0.982734
-2.606735
-2.873804
-1.053187
-0.898586
-3.551400
-2.611146
-2.262831
-2.380174
-2.495080
-2.647591
-2.695294
-2.850127
-3.172095
-3.454020
-3.363488
-1.992628
-0.194411
-1.060615
-3.386470
-2.526882
-2.303454
-2.227430
-1.700953
-1.491337
-2.301829
-3.090152
-3.364997
-3.318919
-2.479527
-0.934102
-0.393117
-1.491685
-3.244056
-2.693553
-2.669295
-2.642600
-2.316917
-2.032091
-2.138524
-2.326087
-2.463625
-2.546265
-2.237064
-1.768968
-1.342076
-1.892463
-3.561846
-3.557667
-3.656440
-3.731767
-3.702983
-3.627772
-3.558712
-3.484430
-3.479787
-3.505206
-3.506134
-3.402487
-2.929516
-2.911758
-0.258103
-0.718394
-0.409312
-0.285454
-0.038430
0.297571
0.511098
0.632533
0.647074
0.673559
0.394597
0.051413
-0.068551
1.041498
-1.576745
-2.241302
-1.819181
-1.643305
-1.377932
-0.856620
-0.543989
-0.675204
-0.680484
-0.551086
-0.927508
-1.604961
-1.926161
-0.417881
-1.574235
-2.231089
-1.881500
-1.924258
-1.695410
-1.227242
-0.787723
-0.912620
-1.172108
-0.685245
-1.393511
-2.082304
-2.784166
-0.993028
-1.508194
-2.173272
-1.872498
-1.886607
-1.800746
-2.421334
-2.678917
-3.446214
-3.685880
-3.207932
-2.862411
-2.792303
-2.864055
-1.240225
-1.505338
-2.054693
-1.904783
-1.919670
-2.418478
-3.890580
-4.385060
-4.476719
-4.860412
-4.459063
-4.250123
-3.124322
-2.439943
-0.875229
-1.483613
-2.042575
-1.828356
-2.143584
-3.272242
-4.371125
-4.275484
-4.441233
-4.624034
-4.792986
-4.682803
-3.446387
-1.751237
-0.383519
-1.484306
-1.925383
-1.833809
-2.510657
-4.223984
-5.078093
-4.453004
-5.127170
-5.619918
-5.175293
-4.789784
-3.799872
-1.409351
-0.114770
-1.484046
-1.887905
-1.662693
-2.160461
-4.232378
-5.077228
-4.623687
-5.105444
-5.491992
-5.032826
-4.863441
-4.079266
-1.676368
-0.187042
-1.491403
-1.896733
-1.685196
-2.220789
-3.477979
-4.888455
-4.562062
-4.414488
-4.748671
-4.644720
-4.704096
-4.294178
-2.228666
-0.471630
-1.528362
-2.084208
-1.959138
-2.510051
-3.079401
-3.960255
-4.282667
-4.429548
-4.830984
-4.522679
-4.527959
-3.999291
-2.846658
-0.857659
-1.467428
-2.150422
-1.938885
-2.524332
-2.215596
-2.214472
-2.124196
-2.476729
-3.010677
-2.984365
-2.721848
-2.669656
-2.410082
-0.769201
-1.325394
-2.091478
-1.821951
-2.054347
-2.016870
-1.106068
-0.630888
-0.381009
-0.961783
-1.228887
-1.612232
-1.735398
-2.173964
-0.651229
-1.220058
-1.960870
-1.789494
-1.782570
-1.576139
-1.140083
-0.496298
-0.240099
-0.436057
-0.828663
-1.146921
-1.605394
-1.891367
-0.296273
0.023110
-0.599989
-0.376854
-0.402128
-0.218202
0.205478
0.542084
0.846580
0.821566
0.596180
0.194918
-0.156143
-0.122300
1.065560
-0.524505
-0.628308
-0.381726
-0.430614
-0.482984
-0.561204
-0.597100
-0.597100
-0.597100
-0.597100
-0.532408
-0.523032
-0.479100
-0.566026
-0.527988
-0.548882
-0.523568
-0.607146
-0.525577
-0.511915
-0.597100
-0.597100
-0.597100
-0.578617
-0.383735
-0.519148
-0.174656
-0.536292
-0.571786
-0.473207
-0.321454
-0.158048
-0.311408
-0.386280
-0.597100
-0.597100
-0.597100
-0.579152
-0.456062
-0.694876
-0.293862
-0.548346
-0.597100
-0.552766
-0.574866
-0.552097
-0.633799
-0.024109
0.019957
0.122018
0.091079
0.001875
-0.074738
-0.179478
-0.188988
-0.349983
-0.597100
-0.563348
-0.473474
-0.335785
-0.121081
-0.094963
-0.459143
-0.339000
-0.359091
-0.480841
-0.299086
-0.274977
-0.286629
-0.772292
-0.597100
-0.597100
-0.597100
-0.587858
-0.275111
-0.126974
0.209347
0.643443
0.582635
0.188050
-0.021430
0.059201
-0.288906
-0.240956
-0.597100
-0.597100
-0.597100
-0.588126
-0.402621
-0.182559
-0.042057
0.048352
-0.104740
-0.229036
-0.004286
-0.589600
-0.299220
-0.490485
-0.597100
-0.597100
-0.597100
-0.487002
-0.375163
-0.015805
-0.318105
-0.105812
-0.244439
-0.086257
0.164611
-0.236938
-0.142377
-0.628174
-0.597100
-0.597100
-0.597100
-0.415211
-0.733048
-0.139029
-0.373556
0.057058
-0.046745
-0.142243
-0.779793
-0.062951
-0.215642
-0.359492
-0.597100
-0.597100
-0.550891
-0.231982
-0.450437
-0.065228
-0.519549
-0.523969
-0.484190
-0.483520
-0.087998
-0.107419
-0.603395
-0.247385
-0.597100
-0.597100
-0.552231
-0.440258
-0.498119
0.113446
-0.260377
-0.275647
-0.381324
-0.341678
-0.293862
0.007902
-0.412934
-0.285022
-0.597100
-0.597100
-0.554909
-0.357081
-0.315962
-0.741486
-0.465304
-0.462625
-0.597100
-0.509504
-0.465840
-0.767872
0.005491
-0.428605
-0.560133
-0.527050
-0.529461
-0.519549
-0.348375
-0.225419
-0.313283
-0.525309
-0.597100
-0.537229
-0.310337
-0.284620
-0.317703
-0.614914
-0.561204
-0.657507
-0.613307
-0.560133
-0.597100
-0.597100
-0.597100
-0.597100
-0.597100
-0.588126
-0.592546
-0.616521
-0.538167
-0.561338
0.890841
0.474252
0.292046
0.303952
0.344115
0.372122
0.403034
0.417091
0.499211
0.460374
0.451983
0.403034
0.625654
1.015205
0.542387
-0.158036
-0.580757
-0.724414
-0.735064
-0.495266
-0.038155
0.362834
0.349458
0.053432
-0.524887
-0.738543
-0.482895
0.412357
0.382271
-0.581439
-1.335652
-1.581654
-1.383884
-0.833536
-0.259377
-0.108370
-0.273327
-0.561644
-1.152908
-1.788101
-1.537079
-0.338593
0.455282
-0.558882
-1.504052
-1.795166
-1.849458
-1.411461
-1.099118
-0.999856
-1.240694
-1.374955
-1.810765
-2.205873
-2.009825
-0.598903
0.415513
-0.691350
-1.504447
-1.588826
-1.655849
-1.775371
-2.058524
-2.068636
-2.050778
-2.126479
-2.113390
-1.963565
-1.576741
-0.236642
0.382020
-0.712221
-1.200172
-1.128953
-1.580112
-2.387434
-2.724664
-2.338987
-2.249229
-2.532453
-2.486803
-1.617837
-1.018612
0.214588
0.338593
-0.790468
-1.029871
-0.572151
-1.135408
-1.899089
-2.333034
-1.962239
-1.914509
-2.392526
-2.454852
-1.339597
-0.643477
0.521946
0.392204
-0.680305
-1.016962
-0.421323
-0.991071
-1.605716
-2.202539
-1.908556
-1.832568
-2.418525
-2.428889
-1.533063
-0.724485
0.434519
0.419888
-0.631249
-1.367209
-0.741734
-1.123933
-1.657211
-2.367460
-2.310514
-2.345047
-2.761134
-2.813705
-2.099297
-1.195474
0.063509
0.479129
-0.487664
-1.413003
-1.328444
-1.594133
-1.713117
-1.806283
-1.623503
-1.514308
-2.299864
-2.454744
-2.434411
-1.450835
-0.142652
0.493402
-0.409919
-1.300007
-1.619307
-1.852076
-1.697877
-1.199132
-0.722334
-0.617801
-1.303916
-2.021229
-2.304382
-1.563580
-0.150111
0.640716
-0.118626
-0.817471
-1.192139
-1.294449
-0.925590
-0.161622
0.416625
0.604640
-0.180162
-0.916732
-1.446712
-0.898264
0.185434
0.758481
0.118769
-0.212400
-0.325432
-0.357670
-0.151581
0.370831
0.801585
0.858639
0.465789
-0.073370
-0.330166
-0.111812
0.613713
1.084236
0.764469
0.622284
0.660977
0.756437
0.865990
0.956896
1.006849
1.040128
0.946066
0.824213
0.700602
0.767661
1.068457
-0.058046
-0.058046
-0.058046
-0.058046
-0.058046
-0.058046
-0.058046
-0.058046
-0.058046
-0.058046
-0.058046
-0.058046
-0.086326
0.306066
-0.058046
-0.058046
-0.058046
-0.058046
-0.058046
-0.058046
-0.058046
-0.058046
-0.058046
-0.018170
-0.099618
-0.057197
0.016191
0.189409
-0.058046
-0.058046
-0.058046
-0.058046
-0.058046
-0.058046
-0.058046
-0.031462
-0.032593
0.029695
0.187641
-0.263292
-0.053097
-0.058046
-0.058046
-0.058046
-0.058046
-0.058046
-0.058046
-0.058046
-0.058046
-0.067096
0.073600
0.301612
0.718679
0.989183
0.115809
-0.057480
-0.058046
-0.058046
-0.058046
-0.058046
-0.058046
-0.058046
-0.058046
-0.034290
0.057339
0.380020
1.407805
1.670320
0.329610
-0.033018
-0.058046
-0.058046
0.194499
-0.068792
-0.315964
-0.052673
-0.058046
-0.058046
-0.028351
0.173713
0.645574
1.063348
0.780684
0.065823
-0.058046
-0.058046
0.038744
1.034856
0.997313
0.159007
-0.057975
-0.058046
-0.058046
-0.040229
0.093396
0.370546
0.385888
0.059743
-0.058046
-0.058046
0.105416
1.744556
2.144725
0.445631
-0.055218
-0.058046
-0.058046
-0.058046
-0.058046
-0.058046
-0.058046
-0.058046
-0.058046
-0.058046
0.105274
0.682480
1.412613
0.321691
-0.054581
-0.058046
-0.058046
-0.058046
-0.058046
-0.058046
-0.058046
-0.058046
-0.058046
-0.058046
-0.058046
0.042916
0.311722
0.144726
-0.182056
-0.055501
-0.058046
-0.058046
-0.058046
-0.058046
-0.058046
-0.058046
-0.058046
-0.058046
-0.058046
-0.058046
-0.069358
0.136595
0.401018
0.045673
-0.058046
-0.058046
-0.058046
-0.058046
-0.058046
-0.058046
-0.058046
-0.058046
-0.058046
-0.058046
-0.028351
0.117294
0.726174
0.143029
-0.058046
-0.058046
-0.058046
-0.058046
-0.058046
-0.058046
-0.058046
-0.058046
-0.058046
-0.058046
-0.058046
0.022130
0.209205
0.035492
-0.058046
-0.058046
-0.058046
-0.058046
-0.058046
-0.058046
-0.058046
-0.058046
-0.058046
-0.058046
-0.058046
-0.058046
-0.058046
-0.058046
-0.058046
-0.058046
-0.058046
-0.058046
-0.058046
-0.058046
0.313622
0.313622
0.313622
0.313622
0.313622
0.313622
0.313622
0.313622
0.313622
0.313622
0.313622
0.313622
0.313622
0.313622
0.313622
0.313622
0.313622
0.313622
0.313622
0.313622
0.313622
0.313622
0.313622
0.313622
0.313622
0.313622
0.313622
0.313622
0.313622
0.313622
0.313622
0.313622
0.313622
0.313622
0.313622
0.313622
0.313622
0.313622
0.313622
0.313622
0.313622
0.313622
0.313622
0.313622
0.313622
0.313622
0.313622
0.313622
0.313622
0.313622
0.313622
0.313622
0.313622
0.313622
0.317832
0.336667
0.313622
0.313622
0.371161
0.708566
0.993750
0.650436
0.313622
0.313622
0.313622
0.313622
0.313622
0.313622
0.320638
0.365990
0.313622
0.313622
0.552198
2.054494
2.443530
0.811161
0.449529
0.313622
0.313622
0.313622
0.313622
0.313622
0.333269
0.422938
0.313622
0.313622
0.581670
2.616369
2.151919
0.771276
0.335485
0.313622
0.313622
0.313622
0.313622
0.336076
0.468807
0.621703
0.313622
0.313622
0.524131
1.518915
2.519756
1.137635
0.287991
0.313622
0.313622
0.313622
0.313622
0.364144
0.709526
0.606857
0.313622
0.313622
0.343093
0.537278
1.010517
0.811235
0.435274
0.313622
0.313622
0.313622
0.313622
0.364144
0.675328
0.469989
0.313622
0.313622
0.313622
0.334672
0.399598
0.427740
0.346860
0.313622
0.313622
0.313622
0.313622
0.341689
0.432467
0.481290
0.313622
0.313622
0.313622
0.313622
0.313622
0.313622
0.313622
0.313622
0.313622
0.313622
0.313622
0.313622
0.313622
0.313622
0.313622
0.313622
0.313622
0.313622
0.313622
0.313622
0.313622
0.313622
0.313622
0.313622
0.313622
0.313622
0.313622
0.313622
0.313622
0.313622
0.313622
0.313622
0.313622
0.313622
0.313622
0.313622
0.313622
0.313622
0.313622
0.313622
0.313622
0.313622
0.313622
0.313622
0.313622
0.313622
0.313622
0.313622
0.313622
0.313622
0.313622
0.313622
0.313622
0.313622
0.313622
0.313622
-3.006078
-3.006078
-3.006078
-3.006078
-2.857108
-2.808193
-2.866002
-3.006078
-3.006078
-3.006078
-3.006078
-3.006078
-3.006078
-3.006078
-3.006078
-3.006078
-3.006078
-3.006078
-2.893795
-2.722591
-2.891572
-3.006078
-3.006078
-3.006078
-3.006078
-3.006078
-3.006078
-3.006078
-3.006078
-3.006078
-3.006078
-3.006078
-2.831539
-2.943822
-2.819310
-3.006078
-3.006078
-3.006078
-3.006078
-3.006078
-3.006078
-3.006078
-3.006078
-3.006078
-3.006078
-3.006078
-3.006078
-3.006078
-3.006078
-3.006078
-3.006078
-3.006078
-3.006078
-3.006078
-3.006078
-3.006078
-3.006078
-3.006078
-3.006078
-3.006078
-3.006078
-3.006078
-3.006078
-3.006078
-3.006078
-3.006078
-3.006078
-3.006078
-2.902945
-2.869081
-3.006078
-3.006078
-3.006078
-3.006078
-3.006078
-3.006078
-3.006078
-3.006078
-3.006078
-3.006078
-3.006078
-3.006078
-2.733537
-2.551045
-3.006078
-2.994619
-2.990856
-2.995303
-3.006078
-3.006078
-3.006078
-3.006078
-3.006078
-3.006078
-3.006078
-3.006078
-2.577982
-2.379156
-3.006078
-2.974523
-2.953828
-2.975720
-3.006078
-3.006078
-3.006078
-3.006078
-3.006078
-3.006078
-3.006078
-3.006078
-2.496485
-2.406265
-3.006078
-2.975378
-2.957676
-2.974095
-3.006078
-3.006078
-3.006078
-3.006078
-3.006078
-3.006078
-3.006078
-3.006078
-2.697192
-2.633739
-3.006078
-2.979226
-2.996500
-2.977345
-3.006078
-3.006078
-3.006078
-3.006078
-3.006078
-3.006078
-3.006078
-3.006078
-2.818113
-2.939033
-3.006078
-3.006078
-3.006078
-3.006078
-3.006078
-3.006078
-3.006078
-3.006078
-3.006078
-3.006078
-3.006078
-3.006078
-3.006078
-3.006078
-3.006078
-3.006078
-3.006078
-3.006078
-3.006078
-3.006078
-3.006078
-3.006078
-3.006078
-3.006078
-3.006078
-3.006078
-3.006078
-3.006078
-3.006078
-3.006078
-3.006078
-3.006078
-3.006078
-3.006078
-3.006078
-3.006078
-3.006078
-3.006078
-3.006078
-3.006078
-3.006078
-3.006078
-3.006078
-3.006078
-3.006078
-3.006078
-3.006078
-3.006078
-3.006078
-3.006078
-3.006078
-3.006078
-3.006078
-3.006078
-3.006078
-3.006078
0.892080
0.677017
0.599380
0.678120
0.687687
0.605176
0.528459
0.537014
0.549800
0.507762
0.442544
0.375027
0.531863
0.848478
0.750513
0.899071
0.732392
0.792551
0.470600
0.097873
0.216535
0.561942
0.552928
0.185720
-0.057767
0.057583
0.607751
0.649237
0.630288
0.572061
0.454411
0.242475
-0.240267
-0.144602
0.411085
0.268415
0.234288
0.489089
0.105784
-0.180936
0.165667
0.468024
0.679040
0.838176
0.498472
0.032747
0.319283
0.026860
0.322043
0.835508
0.734600
0.446684
0.064758
-0.483754
-0.177165
0.037346
0.679316
0.867151
0.046269
-0.064390
0.005427
0.418260
0.911397
1.049376
1.049376
1.049376
0.754561
-0.081684
0.035599
-0.325630
0.740487
0.752537
-0.279913
0.694494
0.065034
0.932094
1.049376
1.049376
1.049376
1.049376
0.864852
-0.357825
-0.522848
-0.180017
0.777281
0.774154
-0.182500
0.203841
0.230609
1.049376
1.049376
1.049376
1.049376
1.049376
1.049376
0.209452
-0.215431
0.127768
0.735336
0.809108
-0.151501
0.732392
0.343843
1.049376
1.049376
1.049376
1.049376
1.049376
1.040637
0.290124
-0.177901
0.106520
0.680420
0.880581
-0.008095
0.544741
0.017753
0.773142
1.049376
1.049376
1.049376
1.049376
0.713811
-0.280189
0.107072
0.238612
0.655216
0.848478
0.256917
0.179005
0.445304
0.047097
0.773142
1.049376
1.049376
0.909557
0.153893
0.190411
0.241647
0.422951
0.630380
0.694310
0.470784
0.092722
0.036518
0.106244
-0.246890
0.159688
0.234656
0.059975
-0.143130
-0.046361
-0.028884
0.703049
0.578316
0.578316
0.386617
0.155824
-0.139911
-0.012234
0.348811
0.448707
0.578684
0.400415
0.130988
0.086007
0.483202
0.796138
0.570221
0.598093
0.253973
0.490561
0.242107
-0.136139
-0.175693
-0.227297
-0.159228
-0.126389
0.066046
0.192343
0.539498
0.706728
0.719422
0.726045
0.563230
0.604164
0.635255
0.698909
0.707188
0.764495
0.779029
0.725953
0.630196
0.549708
0.728621
0.834680
0.845062
0.138749
0.510585
0.430579
0.359384
0.399916
0.440800
0.519397
0.529970
0.633239
0.624427
0.901807
0.783031
-2.697784
1.142884
0.019267
0.509528
0.477455
0.433399
0.549355
0.485209
0.582838
0.672713
0.934233
0.603280
1.101295
0.953970
-3.509481
1.189408
-0.001527
0.398858
0.464062
0.400973
0.753425
0.536667
0.556757
0.660377
0.928241
0.531380
1.174605
0.962076
-3.260650
1.136540
-0.092812
0.455250
0.456660
0.509881
0.751310
0.500717
0.517987
0.723114
0.848234
0.724171
1.187293
0.773515
-3.172184
1.088959
-0.206654
0.602575
0.465824
0.474635
0.639230
0.673066
0.585658
0.677295
0.629009
0.608215
1.537983
0.658263
-3.194742
0.998379
-0.207007
0.556404
0.631829
0.512348
0.677648
0.813694
0.729811
0.595174
0.496487
0.238845
1.764609
0.658263
-3.152447
0.956790
-0.195728
0.541249
0.857751
0.486266
0.678000
0.910971
0.731573
0.442562
0.321671
0.033366
1.656759
0.986396
-3.112972
1.008248
-0.276792
0.579666
0.898283
0.584953
0.543364
0.809817
0.680115
0.447497
0.356212
0.282902
1.384666
1.048427
-3.066097
1.099533
-0.319439
0.567330
0.735097
0.638525
0.615969
0.716770
0.665312
0.613149
0.445029
0.613854
1.209850
0.862685
-3.124956
1.171785
-0.217580
0.386875
0.693156
0.657558
0.429169
0.455251
0.786203
0.745318
0.508471
0.876078
1.001903
0.805235
-3.128128
1.180597
-0.070255
0.327311
0.559576
0.519397
0.350572
0.414014
1.112573
1.013182
0.533142
0.675181
0.921897
0.932470
-3.084072
1.241571
0.035833
0.455251
0.565568
0.457718
0.257525
0.359031
1.119975
0.998379
0.462300
0.587420
1.079090
0.983224
-3.162668
1.225358
0.064381
0.561339
0.523274
0.479570
0.424235
0.395334
0.832726
0.932470
0.619141
0.619846
1.097065
0.886299
-3.407975
0.604338
0.099274
0.424940
0.389342
0.300524
0.313212
0.317089
0.456308
0.539134
0.502831
0.499307
0.716065
0.551117
-2.307972
0.895338
-1.085975
-0.867528
-0.867528
-0.867528
-0.867528
-0.867528
-0.867528
-0.867528
-0.867528
-0.867528
-0.839399
-0.447510
0.261755
-0.058592
-0.958282
-0.866997
-0.867528
-0.846511
-0.831863
-0.864343
-0.867528
-0.867528
-0.772952
-0.707035
-0.839930
-0.565437
-0.048190
-0.454621
-0.859142
-0.869014
-0.800974
-0.720834
-0.713510
-0.885997
-0.867528
-0.867528
-0.610549
0.053073
-0.753209
-0.629549
-0.243179
-0.337861
-0.835790
-0.748326
-0.530197
-0.358347
-0.874745
-0.874533
-0.867528
-0.867528
-0.550046
0.358347
-0.168665
-0.411739
-0.288504
-0.324593
-0.894701
-0.526270
0.319180
-0.710432
-0.863282
-0.864343
-0.867528
-0.867528
-0.664153
-0.019743
-0.347520
0.549940
-0.353465
-0.332554
-0.828466
-0.321833
0.573505
-0.868377
-0.713192
-0.885466
-0.867528
-0.867528
-0.809147
-0.534761
-0.054983
1.284043
-0.093833
-0.338498
-0.728265
0.251247
0.376817
-0.406750
-0.769449
-0.872304
-0.867528
-0.867528
-0.867528
-0.464493
1.008489
1.303468
-0.164844
-0.356543
-0.774332
0.237023
1.161551
-0.158369
-0.583376
-0.889924
-0.867528
-0.867528
-0.857019
-0.256129
1.431585
0.721259
-0.135442
-0.337331
-0.877930
-0.201783
1.300920
-0.297420
-0.442096
-0.934612
-0.867528
-0.867528
-0.808617
-0.247744
1.353356
0.372571
-0.082050
-0.312917
-0.871773
-0.588152
0.285001
-0.645790
-0.730812
-0.888544
-0.867528
-0.730918
-0.560236
-0.345928
-0.190637
-0.147861
-0.224073
-0.319286
-0.816365
-0.822628
-0.555990
-0.341470
-0.903299
-0.808086
-0.862220
-0.494001
0.382443
-0.795455
-0.705231
-0.630398
-0.320347
-0.375861
-0.880796
-0.872198
-0.806494
-0.677102
-0.838125
-0.627639
-0.898310
-0.516504
0.544633
-0.888650
-0.836321
-0.725929
-0.414286
-0.206665
-0.899265
-0.867528
-0.867528
-0.867528
-0.840991
-0.784734
-0.879204
-0.750767
-0.487314
-0.869226
-0.874533
-0.655024
-0.252520
0.247638
-1.011992
-0.867528
-0.867528
-0.867528
-0.867528
-0.867528
-0.867528
-0.867528
-0.867528
-0.867528
-0.867528
-0.664577
-0.047659
0.572302
0.613859
0.342292
0.378050
0.389296
0.250393
0.248724
0.297660
0.408888
0.598572
0.518534
0.403353
0.237478
-0.002372
0.888325
0.787025
0.223245
0.049024
-0.100772
-0.112369
-0.197503
0.149357
0.302668
0.235897
0.435596
0.489980
-0.235809
-0.157792
0.886128
0.667100
0.023897
-0.322524
-0.179756
-0.016254
0.254874
0.544451
0.289753
0.592070
0.683178
0.244858
-0.507639
-0.299330
0.909586
0.404934
-0.295815
-0.296870
-0.011597
0.461778
1.678337
0.559826
0.122912
0.262166
0.511681
0.876903
-0.391668
-0.246352
0.822344
0.089263
-0.391931
-0.164645
0.599977
1.881024
1.534339
0.483918
-0.106132
-0.302229
0.028378
0.858981
-0.204795
-0.277893
0.659896
-0.058074
-0.355295
0.168862
2.061219
2.024495
0.677028
0.176681
0.010455
-0.311981
-0.280440
0.333418
0.967660
-0.155683
0.565274
-0.188015
-0.172288
0.802840
1.719279
1.279905
0.192847
0.176154
0.240905
-0.152344
-0.301438
0.732642
0.623523
-0.383936
0.607621
-0.062906
-0.125636
0.403001
1.814692
1.290887
0.127305
0.270513
0.208749
-0.217095
-0.326390
0.836313
0.366189
-0.402035
0.748105
0.097434
-0.205937
0.005096
1.306965
0.920217
-0.032068
-0.053154
-0.247230
-0.521784
-0.180020
0.765764
0.681860
-0.427777
0.850546
0.248548
-0.151378
-0.079247
0.251887
0.923731
0.074503
-0.422242
-0.313914
-0.023019
0.359512
1.466953
0.081444
-0.429710
0.858014
0.476714
-0.096116
-0.074503
0.073888
0.180547
0.142680
0.040502
0.253468
0.902997
0.947804
0.909674
-0.489101
-0.379280
0.809078
0.553325
0.098400
-0.044544
-0.009401
0.172903
0.311805
0.761108
1.031708
0.930057
0.606742
0.214547
-0.560969
-0.295200
0.499820
0.482512
0.069232
0.047267
0.136179
0.119925
0.421539
0.618779
0.558157
0.296079
-0.015639
-0.104550
-0.418816
-0.174309
0.433400
0.266823
-0.167368
-0.081883
0.015111
0.072394
0.110788
0.195395
0.094359
-0.012915
-0.182216
-0.219028
-0.189860
-0.070989
-0.134678
0.312188
0.171063
0.096350
-0.039918
-0.095644
-0.162144
-0.038328
0.101296
0.179100
0.177598
-0.011922
-0.170180
-0.276156
0.023050
0.318370
0.125935
0.135561
0.066677
0.088402
0.097498
0.452695
0.853815
0.578100
0.246130
0.182191
-0.034177
-0.261320
-0.011304
0.351399
0.176804
0.064469
-0.010244
0.055726
0.918195
1.781018
0.842246
-0.284988
-0.273595
-0.327555
-0.281102
-0.122138
-0.031528
0.369239
0.122402
-0.202326
0.107919
1.050842
1.540717
0.750223
0.008920
-0.276156
-0.272977
-0.386372
0.010509
0.075331
-0.041596
0.391140
0.073918
-0.137063
-0.444835
0.509657
1.316577
0.331794
-0.250545
-0.276156
-0.276156
-0.206212
-0.258140
-0.349280
0.005034
0.285871
-0.127436
-0.312630
-0.115249
0.272094
0.146865
-0.167354
-0.283045
-0.273683
-0.276156
-0.283045
-0.435297
-0.102002
-0.014307
0.262379
-0.129909
-0.253901
-0.211511
-0.267148
-0.145011
-0.050869
-0.206035
-0.259553
-0.276156
-0.511158
0.130351
0.542510
-0.013159
0.223168
-0.121961
-0.276156
-0.281190
-0.255314
-0.110568
-0.099706
-0.225288
-0.275980
-0.276156
-0.301061
-0.037533
0.188726
-0.072594
0.337976
0.032234
-0.276156
-0.266618
-0.253548
-0.265382
-0.262821
-0.164175
-0.264322
-0.360054
-0.492083
0.259553
0.413749
-0.037003
0.372948
-0.011392
-0.241537
-0.276156
-0.269798
-0.374891
-0.373301
0.099529
-0.323581
-0.334355
0.624995
1.031413
0.299824
-0.033471
0.279336
0.157993
-0.030645
-0.246483
-0.276156
-0.860703
0.569887
2.272571
0.326760
0.191022
1.148164
0.627291
-0.118605
-0.055814
0.305565
0.210804
0.159229
-0.085223
-0.264676
-0.430882
0.976836
0.828116
-0.396616
0.171152
0.553549
0.212571
-0.203033
-0.135296
0.396263
0.436357
0.320401
0.275715
0.165853
0.282692
0.225199
0.111010
0.366766
0.331352
0.280837
0.161879
-0.077804
0.098734
0.809216
0.951578
0.885078
0.763470
0.826261
0.929235
0.859908
0.769829
0.813191
0.849487
0.817783
0.821492
0.459318
0.773577
0.605780
0.968402
1.244058
1.100800
1.087618
1.062747
1.016818
0.952982
0.957624
0.999491
1.169610
1.218109
0.837911
0.838243
0.596494
0.562835
1.169610
1.062000
0.996258
0.989542
0.986143
0.764955
0.827382
1.109670
1.111494
1.413265
0.852834
0.818926
0.672103
0.709161
1.126251
1.004880
0.926618
0.861041
0.885332
0.764707
0.547001
0.874140
1.068881
1.692237
0.939220
0.820087
0.677077
0.854740
0.997750
0.869331
0.610422
1.097981
0.902991
1.361367
0.984402
0.752603
0.633470
0.928276
1.013336
0.818511
0.732208
0.955800
0.886327
0.571374
0.223178
1.201611
1.447338
1.862853
1.468893
1.046995
0.772168
0.728892
1.140179
0.836419
0.784521
0.895944
0.674424
0.198472
0.813205
1.331521
1.921135
1.441121
1.448748
1.285758
0.889975
0.665968
0.954308
0.838574
0.829123
0.762220
0.449340
0.127672
1.745710
1.742145
1.848096
1.243312
1.393782
1.322734
0.805081
0.490709
1.473287
0.840398
0.821330
0.863777
0.560182
-0.375555
1.138521
1.840967
1.844366
1.274649
1.363688
1.301178
0.714052
0.295221
1.981655
0.830864
0.780956
0.938225
0.741328
-0.032581
0.657180
1.721336
1.885237
1.423794
1.356393
1.237840
0.781536
0.403660
1.465660
0.820501
0.735442
0.956381
0.925292
0.479351
0.169539
1.005626
1.656256
1.614804
1.088778
0.825641
0.846035
0.737100
0.941043
0.821164
0.678818
0.835838
1.169776
0.951158
0.642672
0.493528
0.602132
1.641334
0.811382
0.482253
1.137941
1.360289
1.085131
0.827465
0.676663
0.728229
1.140428
1.072115
0.902410
0.819755
0.744810
0.906058
0.700705
0.396364
1.335418
1.511837
0.897436
0.835009
0.600888
0.809641
1.018725
0.985646
0.998662
0.846699
0.788998
0.784521
0.922639
0.967158
1.038456
1.159910
0.892296
0.740582
0.467081
1.128241
1.291230
1.159330
1.182791
1.203932
1.147060
1.118955
1.135536
1.195393
1.257654
1.417161
1.111328
1.848141
1.221703
0.658877
0.778941
0.815381
0.908273
0.804428
0.651926
0.700162
0.841500
0.994634
0.876887
0.920701
1.224862
0.924913
0.983892
0.472251
0.568724
0.623489
0.511219
0.367564
-0.193155
-0.340813
-0.112692
0.503005
0.719119
0.973570
1.145662
0.925124
0.801268
0.292156
0.544921
0.113534
-0.278885
-0.274040
-0.341444
-0.205583
-0.789894
-0.418328
0.176094
0.724596
0.838130
0.848873
0.750715
0.520908
0.628545
0.333652
0.444869
-0.373672
-1.174098
-1.611383
-1.738398
-0.813696
0.533126
0.965145
0.973781
0.829915
0.735128
0.626860
0.688366
1.151350
0.077936
-0.826545
-0.345026
-0.176304
0.003160
0.438760
0.812222
0.850136
0.916909
0.816224
0.691104
0.474568
0.638866
0.918383
0.432230
0.499213
0.525753
0.729441
0.794106
0.469724
-0.327964
0.588102
1.212856
0.836024
0.773674
0.677202
0.786945
1.002007
1.353351
0.901111
1.000532
0.940711
0.862564
1.124809
0.902586
0.913960
1.038236
0.810958
0.656560
0.169353
0.065930
1.177679
1.396954
0.776834
0.606638
0.627070
0.714485
0.854771
1.168832
0.894371
0.786313
0.815803
0.714274
0.135441
0.378307
0.607270
0.620119
0.700583
0.278043
0.317221
0.575674
0.296579
0.557349
0.444026
0.803164
0.849504
0.768620
0.264772
0.074566
-1.141870
-1.124177
0.322487
-0.076462
-0.548292
0.354083
0.232966
-0.398106
-0.483625
0.400634
0.870568
0.689630
0.238443
0.115430
-0.480466
-1.006219
-0.461509
-1.257089
-1.603800
-0.637813
-0.288364
-0.328806
0.276358
0.615064
0.836866
0.689841
0.258874
0.112902
0.192945
0.112060
-0.274462
-1.065619
-0.594421
-0.376200
-0.294051
0.189364
0.591894
0.615485
0.745871
0.266879
0.037072
0.038337
0.033492
-0.161349
-0.678677
-0.743132
-0.740394
-0.546606
-0.172513
0.051396
0.133334
0.306690
-0.322698
-0.478991
-0.699530
-0.679309
-0.638445
-0.510798
-0.609166
-0.462351
-0.498581
-0.635496
-0.587260
-0.695738
-0.755138
-0.889947
-0.439153
-0.185624
-0.388201
-0.541720
-0.523158
-0.526094
-0.594282
-0.607731
-0.615497
-0.671563
-0.541247
-0.345583
0.064211
-0.000473
0.425705
0.560756
0.083436
-0.107018
-0.119235
-0.257033
-0.468891
-0.612845
-0.602522
-0.351645
-0.202861
-0.085899
0.652811
0.983431
0.518801
0.487075
0.021498
-0.049058
-0.131926
-0.364809
-0.578182
-0.704426
-0.782180
-0.296241
-0.135998
0.178900
0.554506
0.567670
0.113364
0.163084
-0.255518
-0.179658
-0.058055
-0.033526
-0.260537
-0.680749
-0.726208
-0.598544
0.340469
0.747612
0.256749
0.062222
0.175207
0.176249
-0.130695
-0.202766
0.165452
0.260158
-0.118288
-0.573258
-0.565870
-0.398714
0.208259
0.234682
-0.140734
-0.040250
0.199736
0.230042
-0.061938
-0.327495
-0.316035
-0.336870
-0.365472
-0.348614
-0.293590
-0.057960
-0.468323
-0.584149
-0.247657
0.109481
0.214510
0.216972
-0.261674
-0.467186
-0.748370
-0.779812
-0.498724
-0.405627
-0.298514
-0.210532
-0.288097
-0.691640
-0.431482
-0.187234
0.224265
0.257317
-0.521548
-0.657925
-0.788052
-0.805004
-0.724409
-0.530924
-0.499671
-0.393505
-0.475710
-0.798185
-0.769205
-0.621842
0.193485
0.312721
-0.448056
-0.738425
-0.816653
-0.807656
-0.731796
-0.572973
-0.609909
-0.586422
-0.796386
-0.816653
-0.774793
-0.748843
0.154656
0.307890
-0.290275
-0.785873
-0.721852
-0.811349
-0.778013
-0.681696
-0.787010
-0.784074
-0.812675
-0.788052
-0.691546
-0.750453
0.132305
0.183446
-0.230799
-0.466997
-0.654231
-0.575436
-0.667206
-0.688231
-0.816653
-0.778581
-0.747801
-0.651959
-0.432903
-0.310163
0.132968
0.107871
-0.327116
-0.203524
-0.216025
-0.128895
-0.246426
-0.641730
-0.771004
-0.721473
-0.580455
-0.530734
-0.223033
-0.038640
0.268019
0.029170
-0.588126
-0.554600
-0.180700
-0.125959
-0.130316
-0.436691
-0.416424
-0.489727
-0.502796
-0.531208
-0.263473
-0.157781
-0.112985
-0.406006
-0.769963
-0.787767
-0.730375
-0.586990
-0.563124
-0.487170
-0.441332
-0.538216
-0.664365
-0.675351
-0.495125
-0.036273
2.250032
2.250032
2.250032
2.250032
2.291290
2.309856
2.254305
2.197133
2.216141
2.250032
2.250032
2.435693
2.797731
2.069676
2.250032
2.250032
2.250032
2.250032
2.254452
2.254600
2.237507
3.627016
3.280597
2.186524
1.778660
2.100472
2.300426
2.159854
2.250032
2.250032
2.250032
2.250032
2.250032
2.250032
2.250032
5.713342
5.309162
0.890435
-0.060413
1.321433
2.250032
2.250032
2.250032
2.250032
2.250032
2.250032
2.250032
2.250032
2.250032
4.279186
4.329875
0.493475
-0.204227
1.459795
2.250032
2.250032
2.250032
2.250032
2.250032
2.250032
2.250032
2.250032
2.250032
2.651560
2.788890
1.848504
1.281354
1.837747
2.233087
2.250032
2.250032
2.250032
2.250032
2.250032
2.250032
2.250032
2.250032
2.274345
2.324149
2.496106
2.152192
1.911127
2.165306
2.250032
2.250032
2.250032
2.250032
2.250032
2.250032
2.250032
2.250032
2.250032
2.254452
2.301752
2.230729
2.124048
2.215405
2.250032
2.250032
2.250032
2.250032
2.250032
2.384415
2.228814
2.209363
2.250032
2.250032
2.252242
2.249001
2.243107
2.250032
2.250032
2.250032
2.250032
2.317224
2.530586
3.159180
2.415359
1.766282
2.201996
2.239423
2.229698
2.250032
2.250032
2.250032
2.250032
2.250032
2.250032
2.373806
3.060161
3.847893
2.887762
0.812929
1.614660
2.243843
2.148360
2.250032
2.250032
2.250032
2.250032
2.250032
2.250032
2.263294
2.817034
3.109376
2.877448
1.053993
1.065339
2.243843
2.208479
2.250032
2.250032
2.250032
2.250032
2.250032
2.250032
2.250032
2.305288
2.427588
2.441734
1.828906
1.638825
2.250032
2.250032
2.250032
2.250032
2.250032
2.250032
2.250032
2.250032
2.261230
2.259462
2.269335
2.280828
2.222477
2.189177
2.266388
2.253568
2.236328
2.243254
2.250032
2.250032
2.250032
2.250032
2.270661
2.269629
2.252684
2.252684
2.293942
2.312508
2.256957
2.220415
2.197133
2.216141
2.250032
2.250032
2.874583
2.874583
2.874583
2.874583
2.874583
2.874583
2.874583
2.874583
2.874583
2.874583
2.874583
2.874583
2.874583
2.874583
2.874583
2.874583
2.874583
2.874583
2.874583
2.874583
2.874583
2.874583
2.874583
2.874583
2.874583
2.874583
2.874583
2.874583
2.874583
2.874583
2.874583
2.874583
2.697651
2.508453
2.383560
2.546553
2.753593
2.874583
2.874583
2.874583
2.874583
2.874583
2.874583
2.874583
2.874583
2.874583
2.295094
3.623755
3.591603
3.332524
2.623496
2.874583
2.874583
2.874583
2.874583
2.874583
2.874583
2.874583
2.874583
2.551943
1.896069
5.363522
2.668844
3.650146
2.637993
2.874583
2.874583
2.869379
2.869937
2.868822
2.874583
2.874583
2.827748
2.086754
4.406381
2.954314
2.440803
2.631302
2.655091
2.851537
2.874583
2.843917
2.892982
2.841501
2.874583
2.874583
2.832766
2.182839
5.779460
2.038060
2.913054
2.982935
2.940747
2.857485
2.874583
2.747832
2.992971
2.738725
2.874583
2.874583
2.832766
1.721739
4.944982
2.051627
3.018805
3.027168
2.779241
2.854511
2.874583
2.580936
3.495517
2.566625
2.874583
2.874583
2.874583
1.968365
5.160757
3.033859
2.460503
2.697651
2.825146
2.874583
2.744486
2.507524
4.159382
2.629629
2.874583
2.874583
2.874583
2.321671
4.011444
4.907625
2.938888
2.694678
2.869565
2.874583
2.758425
3.752737
2.715679
2.698952
2.874583
2.874583
2.874583
2.679438
2.496187
2.437272
3.010627
2.748017
2.874583
2.874583
2.758425
2.837412
2.749132
2.874583
2.874583
2.874583
2.874583
2.874583
2.874583
2.818827
2.856741
2.814367
2.874583
2.874583
2.874583
2.874583
2.874583
2.874583
2.874583
2.874583
2.874583
2.874583
2.874583
2.874583
2.874583
2.874583
2.874583
2.874583
2.874583
2.874583
2.874583
2.874583
2.874583
2.874583
2.874583
2.874583
2.874583
2.874583
2.874583
2.874583
2.874583
2.874583
2.874583
2.874583
2.874583
2.874583
0.518877
0.074987
-0.451488
-0.455065
-0.581347
-0.683938
-0.894707
-1.038759
-1.094971
-1.093295
-0.927339
-0.633537
-0.285310
-0.270669
0.025033
0.287209
0.134106
-0.101138
-0.392482
-0.740709
-1.123915
-1.307193
-1.020543
-1.044682
-0.285197
-0.027938
0.166291
-0.197247
-0.649294
0.105049
0.073982
-0.124047
-0.255806
-0.896942
-1.882729
-2.198548
-1.468343
-0.983887
-0.118237
0.460876
0.172326
-0.477862
-0.653094
0.113431
0.092757
-0.189200
-0.308666
-1.492147
-1.857919
-1.465437
-0.587940
-0.359849
0.302408
0.601240
0.182048
-0.664604
-0.621244
0.003688
-0.169196
-0.302408
-0.277822
-0.852464
-0.967794
-0.862410
-0.590176
-0.070070
0.236361
0.080575
-0.454282
-1.127604
-0.605710
-0.083928
-0.405557
-0.812567
-1.179010
-1.092513
-0.958631
-0.825196
-0.401757
-0.042467
-0.080351
-0.814579
-1.757787
-2.002083
-0.613197
-0.231443
-0.613420
-1.074632
-1.773992
-1.171188
-0.713106
-0.300284
0.069958
0.137682
-0.471828
-0.943655
-1.678330
-2.136189
-0.578218
-0.139916
-0.631078
-0.942203
-2.013258
-1.376369
-0.803292
-0.339175
0.176125
0.066718
-0.390024
-0.418633
-1.313228
-1.803160
-0.597440
-0.145840
-0.650076
-0.765854
-1.668607
-1.671960
-1.122463
-0.987240
-0.345098
-0.558661
-0.169308
-0.264188
-0.898171
-1.404867
-0.618003
-0.043696
-0.368343
-0.274134
-0.642812
-1.214325
-1.348654
-1.303617
-0.726628
-0.650076
-0.191771
0.089962
-0.030397
-0.896160
-0.640242
0.034868
-0.126059
-0.067276
0.145281
-0.613086
-1.548248
-2.155857
-1.742477
-1.289983
-0.080016
0.163720
0.092197
-0.968912
-0.802063
-0.152545
-0.193112
-0.240272
-0.354709
-0.651194
-1.361841
-1.921173
-2.246155
-1.343849
-0.610068
-0.077110
-0.270781
-1.042670
-0.706289
-0.246307
-0.414498
-0.442548
-0.634542
-1.060551
-1.394809
-1.700457
-1.748624
-1.541989
-0.932256
-0.610851
-0.428802
-0.943320
-0.515635
-0.654994
-1.111734
-1.167500
-1.348319
-1.641563
-2.021081
-2.243585
-2.251854
-1.944529
-1.543554
-1.276572
-1.157665
-1.138332
2.977881
1.471368
1.505101
1.734345
1.766489
1.492385
1.189845
1.184724
1.158232
0.957952
1.209980
1.365223
1.274444
2.987948
1.812585
0.125396
-0.323909
-0.026316
-0.064464
-0.377423
-0.621150
-0.499640
-0.561631
-0.715461
-0.536551
-0.819487
-0.806771
1.545546
2.129076
0.176790
0.074354
0.470145
0.730121
-0.205578
-0.364354
-0.445243
-0.105261
0.088661
0.486394
0.629804
-0.895254
1.583870
2.140909
0.325675
0.032321
0.333976
0.171315
-0.492928
-1.105424
-0.450894
-0.179969
0.249732
1.449645
0.971375
-0.519421
1.325132
2.100288
0.154360
-0.242667
-0.235073
0.019251
-0.894547
-0.458665
-0.324615
-0.095018
-0.247082
0.033027
0.590772
-1.182251
0.622386
2.137201
0.171669
-0.575407
-0.677136
-0.580705
-0.827964
-0.191803
0.332740
0.226595
-0.144117
-0.129281
-0.327088
-1.605417
0.139525
2.102054
-0.009007
-0.676430
-1.464303
-1.496623
-0.942410
0.040621
0.595011
0.783104
0.121510
-0.818251
-0.971375
-2.016043
-0.082831
2.125721
0.218647
-0.778336
-1.599059
-2.085099
-1.634735
-0.376893
0.421047
0.643933
-0.106498
-0.755023
-1.189669
-1.296520
0.484098
2.190361
0.141644
-0.409037
-0.857812
-1.751123
-1.642683
-0.937642
-0.765090
-0.511119
-0.558629
-1.104541
-0.741954
-0.891722
1.052617
2.131196
0.291942
0.095018
0.437119
-0.054398
-0.004415
-0.507587
-0.423519
-0.805181
-0.526838
0.119038
-0.178733
-0.070821
1.481965
2.149564
0.349695
-0.002119
0.640577
0.738068
0.387490
1.195498
0.017485
-0.022077
0.595894
0.638105
0.461138
-0.296004
1.633852
1.882524
0.093075
-0.282582
0.270572
-0.321260
0.315079
-0.600839
-0.680669
-1.111253
-0.386960
0.329561
-0.117978
-0.608433
1.556142
1.452823
-0.160365
-0.573111
-0.184561
-0.241607
-0.417867
-0.347399
-0.670425
-1.125028
-0.346339
-0.180499
-0.490280
-0.789815
1.261374
2.904763
1.742116
1.962353
2.165636
2.105410
1.925971
1.775143
1.509340
1.485144
1.714388
1.930386
1.923675
1.300935
2.775659
-1.584293
-1.894352
-2.355930
-2.580744
-2.669438
-2.845101
-2.894499
-2.843253
-2.875159
-2.984548
-2.850768
-2.636055
-1.831158
-1.602648
-2.592447
-2.379582
-2.884028
-2.967917
-3.003888
-2.905585
-2.468522
-2.020864
-1.924163
-2.246541
-2.750001
-2.839065
-2.576063
-1.786072
-3.029018
-3.038626
-3.049097
-3.092212
-2.806421
-2.254055
-1.058906
-0.723594
-0.572938
-0.936582
-1.364530
-2.636794
-2.732263
-2.718466
-3.092212
-3.092212
-3.086053
-2.865180
-2.202440
0.843331
0.962205
-1.235678
-2.000785
-1.436347
-0.411441
-1.278669
-1.973684
-2.139246
-3.092212
-3.092212
-3.050329
-2.413088
0.337283
1.607822
-2.054001
-2.247526
-2.811718
-2.767001
-2.420726
0.515040
-0.871417
-1.624083
-3.092212
-3.092212
-2.871217
-1.618662
2.032074
-1.710190
-2.643199
-3.026800
-3.025076
-3.081864
-2.703437
-1.088101
0.800585
-1.184063
-3.092212
-3.092212
-2.762813
-0.006652
0.922415
-2.168687
-3.017069
-2.939954
-2.947345
-3.083343
-2.879347
-2.099211
0.763013
-1.045971
-3.092212
-3.092212
-2.708488
-0.460099
1.412203
-1.981075
-3.003641
-2.945867
-3.063633
-3.079893
-2.853231
-1.131462
0.998298
-1.182708
-3.092212
-3.092212
-2.882550
-1.288278
2.190615
-1.103376
-2.732632
-3.065111
-3.077307
-3.073734
-2.429718
0.013058
1.576040
-1.612503
-3.092212
-3.092212
-3.015713
-2.345706
1.079108
1.267090
-2.087508
-2.717111
-2.842021
-2.614497
-1.887084
2.005097
-0.863903
-1.934018
-3.092212
-3.092212
-3.092212
-2.733987
-2.206752
0.336298
-0.201285
-1.899526
-1.368718
-1.692820
0.504569
-1.767348
-2.405327
-2.272287
-3.073734
-3.067082
-3.076690
-3.075582
-2.803587
-2.629033
-1.551033
-0.664464
-0.595111
-1.367856
-1.988590
-2.722162
-2.849782
-2.508434
-2.844855
-2.600700
-2.786465
-2.807899
-2.820341
-2.744212
-2.620287
-2.462609
-2.476529
-2.540216
-2.713785
-2.734850
-2.599715
-1.940301
-1.988220
-1.935989
-2.049320
-2.018770
-2.084551
-2.190614
-2.296431
-2.365908
-2.370343
-2.362952
-2.258859
-2.101921
-1.657959
-1.360095
1.015238
1.043441
0.906294
0.860947
0.942240
0.976527
0.976527
0.976527
0.976527
0.976527
0.982979
0.971550
0.970812
0.976527
1.026482
0.964729
0.868597
0.942885
0.988140
0.976527
0.976527
1.208792
0.797351
0.770806
1.056898
0.939567
0.884266
0.953669
0.959383
0.924359
1.105194
1.261881
1.096162
0.966573
1.178007
0.995882
0.618728
0.771912
0.927032
0.992288
1.027220
0.984269
0.947125
0.938369
1.222986
1.219391
1.066299
1.125103
0.977633
0.522596
0.919290
1.350363
0.787858
1.020583
1.226212
1.047681
0.934221
0.998094
1.129619
1.116254
1.124918
1.109526
0.515499
0.571999
1.681617
1.698391
0.786106
0.907953
0.976527
0.976527
0.962148
0.992656
1.385387
1.092751
0.571630
0.478908
0.814310
1.490367
2.032319
1.800975
1.392484
0.976895
0.982979
0.971550
0.972010
0.976066
0.828965
1.002242
0.925926
1.071737
1.646132
2.084670
1.686963
1.557558
1.570462
1.313864
0.909244
0.855694
0.990905
0.980674
0.790991
0.879381
1.850101
2.224859
2.020244
1.695442
1.278471
1.271559
1.241696
0.984638
1.032104
0.993854
0.997265
0.984269
0.946756
0.864634
0.982794
1.178007
1.562996
1.862912
1.344648
1.270176
1.118835
0.995513
0.972287
1.231834
0.971918
1.020768
1.038556
0.967033
0.917354
0.805277
1.090908
1.660971
1.226212
1.047681
1.047497
1.008233
0.801959
0.917078
0.935235
0.991274
1.089433
1.089065
0.967955
0.951918
0.976527
0.976527
0.976527
1.021689
0.987034
0.764078
1.016804
1.280038
0.956710
0.942424
1.097452
1.150910
1.117913
1.077083
0.976527
0.976527
0.982979
0.947033
0.895234
0.982702
1.294140
1.350086
0.976527
0.956710
0.999569
1.041690
1.004177
1.083258
0.976527
0.976527
0.973024
0.950720
0.959199
1.160956
1.207778
0.976527
0.976527
0.976527
0.976527
0.976527
0.976527
0.976527
0.976527
0.976527
0.972564
0.981135
0.994315
0.976527
0.976527
0.976527
1.420505
0.935996
0.088714
-0.335782
-0.653209
-0.732656
-0.659777
-0.389766
-0.077287
-0.132801
-0.133161
-0.123624
0.818491
1.291213
1.230211
0.485408
-0.839365
-1.386675
-1.766094
-2.263109
-3.191997
-3.718433
-4.198713
-2.726653
-2.717026
-1.306778
-0.308250
0.717360
0.835136
-0.376900
-2.791615
-3.500067
-6.197749
-5.964808
-7.074543
-6.071066
-5.869795
-4.605304
-4.336013
-4.018765
-1.527124
-0.406861
0.772514
-0.543621
-2.737360
-4.418519
-6.155641
-6.671910
-7.608897
-6.596243
-6.820547
-5.396353
-6.397760
-5.007037
-4.185397
-1.228321
0.705124
-0.905855
-2.908850
-5.683459
-7.070944
-7.966812
-6.521295
-4.257196
-3.479194
-3.741287
-4.934698
-6.265948
-4.337992
-1.999485
0.669944
-1.054942
-3.701249
-6.435100
-6.751448
-6.905392
-4.021914
-2.360371
-1.768433
-2.870431
-4.914454
-6.874441
-5.581879
-2.779198
0.639353
-1.145635
-3.200095
-6.237877
-5.649629
-5.697225
-2.414355
-1.046934
-0.398314
-2.003535
-4.106310
-6.367350
-5.042217
-2.646937
0.715111
-0.904326
-2.762463
-5.593575
-4.865148
-5.166200
-2.396719
-1.494193
-1.068888
-2.844879
-4.533145
-6.785997
-4.811344
-2.537978
0.752270
-0.598955
-2.089999
-3.803458
-3.806158
-4.405293
-3.274953
-2.571089
-2.912899
-3.316071
-5.567303
-5.940874
-4.501474
-1.829435
0.858079
-0.361604
-1.572381
-2.496770
-2.764802
-4.280139
-3.797610
-4.340961
-3.915926
-4.727489
-4.729198
-5.510710
-2.825984
-0.928529
0.917282
-0.085385
-1.216985
-2.214523
-2.350563
-3.212961
-3.908908
-4.376051
-4.334754
-3.968200
-4.654070
-3.398487
-2.213713
-0.062082
1.015083
0.036979
-1.123412
-1.489245
-1.728215
-2.647836
-2.855046
-3.450402
-3.080970
-3.045161
-2.649276
-2.248982
-0.561526
0.863208
1.571931
0.718530
0.355036
-0.202711
-0.298893
-0.648350
-1.001497
-1.250005
-1.242717
-0.949852
-0.899017
-0.262273
0.480909
1.480157
1.765284
1.366881
0.993400
0.857090
0.827938
0.596886
0.549379
0.592387
0.693067
0.692258
0.659597
0.962809
1.401880
1.863266
0.924770
0.439454
0.009583
0.102448
0.350924
0.386747
0.375566
0.274944
0.242316
0.224975
0.528212
0.950781
0.201017
-0.817758
0.348643
-0.984550
-1.761009
-1.298282
-1.013756
-0.633854
-0.143062
-0.246651
-0.277910
-0.952378
-0.937775
-0.705727
-1.761466
-2.365202
0.356400
-1.095440
-1.822159
-1.268849
-0.170214
0.324685
0.449721
-0.884384
-1.120082
-1.206558
-1.411911
-0.532090
-2.133382
-2.592914
0.411161
-0.890088
-1.564100
-0.640014
0.550116
-0.471854
-1.895401
-2.989473
-2.322078
-2.265263
-1.716745
-0.509273
-1.693928
-2.744875
0.433293
-0.973142
-1.479677
-0.489879
-0.355716
-2.860785
-3.405653
-2.880636
-1.891294
-2.116497
-1.623424
0.376707
-1.602432
-2.430230
0.464324
-1.064637
-0.977020
-0.445843
-1.548128
-3.250726
-2.615047
-1.586916
-1.270902
-1.631409
-0.954203
-0.060465
-2.276672
-3.478895
0.460674
-1.128981
-0.614459
-0.663059
-2.096419
-1.978683
-1.116660
-1.080837
-0.805893
-0.885296
-0.397927
0.004563
-3.200529
-3.950978
0.454057
-1.079924
-0.739724
-1.060530
-2.457610
-1.232341
-0.769843
-0.578865
-0.219727
-0.139183
0.313048
0.142834
-2.710650
-3.099678
0.426448
-1.032465
-1.306953
-1.411226
-2.198866
-1.710584
-0.799048
-0.407054
0.048144
0.253268
0.323544
-0.365071
-2.681215
-3.162425
0.385150
-0.920206
-1.636885
-0.904462
-1.428339
-1.832198
-0.820040
-0.201701
-0.901953
-0.533688
-0.878451
-1.735226
-3.785326
-3.172008
0.439682
-0.757978
-1.521660
-0.560611
-1.039539
-1.626618
0.217445
0.415953
-0.338603
-0.861567
-1.516412
-2.528570
-3.208287
-2.636039
0.842172
-0.231363
-0.982724
-0.436031
-0.475961
-1.030412
-0.315102
-1.450927
-3.463152
-1.994655
-1.311744
-0.859741
-1.703511
-2.191337
0.449265
-1.288015
-2.413573
-2.007661
-1.985072
-2.021351
-1.661984
-3.095571
-3.245250
-2.423385
-1.925063
-1.750514
-2.394407
-2.971903
-1.149745
-3.247076
-3.696797
-3.318721
-3.073210
-3.066822
-3.125461
-3.314157
-3.539132
-3.331042
-3.326935
-2.934027
-3.726002
-4.039735
0.899882
1.126984
1.411884
1.577778
1.803345
1.881433
1.548111
0.975924
0.944723
1.184953
1.678712
1.818519
1.336695
1.020594
1.096806
0.174077
0.422321
0.561616
0.227954
-0.354633
-0.242447
0.228125
0.413284
-0.262395
-0.402884
0.106219
0.064277
1.315213
1.347437
0.678236
1.577266
1.472070
1.379319
1.562092
1.755947
2.011522
1.840002
1.949120
2.176733
0.924604
0.292402
1.672063
1.348971
0.877888
1.517763
0.677213
0.946769
1.700536
1.176087
1.095783
1.070891
0.990416
1.208823
1.913998
-0.226079
1.427570
1.361758
0.931083
0.847028
0.750527
1.836933
1.200468
1.084871
0.590771
0.237161
0.659823
1.079756
1.461329
0.757517
0.536895
1.430128
0.997406
0.424537
1.645124
1.326295
1.136702
0.057628
0.870386
0.987859
0.797243
0.516776
1.422626
1.871714
-0.570483
1.478549
0.922558
0.398963
2.140417
1.215642
0.540134
0.769623
1.405576
1.324590
1.357325
0.177658
1.063559
1.983049
-0.801847
1.459453
0.888288
0.175271
1.475139
1.391766
0.573551
0.942506
1.523219
1.600965
1.458089
0.152083
1.039690
1.904620
-0.316442
1.405235
1.116754
0.406464
1.367726
1.506851
0.802699
0.201016
0.746606
0.707221
0.568436
0.284389
1.517592
1.545895
-0.275012
1.320839
0.937562
0.835775
0.871580
1.565672
1.228600
1.299015
0.229659
0.640727
0.959045
1.407963
1.337889
1.009682
0.819237
1.333115
0.883685
1.319816
0.983767
1.615969
1.555613
1.495769
1.428423
1.405917
1.176599
1.252470
1.683145
-0.052343
1.244286
1.327147
0.608503
1.160401
1.155116
0.600660
0.528370
1.175746
1.777941
1.578971
1.642396
1.375057
0.472617
0.278080
1.352381
1.149319
0.446531
0.680794
1.153070
1.057933
0.746606
0.515582
0.355486
0.205960
0.375604
0.507057
0.728874
0.619586
1.496621
0.939779
1.277362
0.975242
1.293389
1.273782
1.241387
1.078563
0.898348
0.868170
1.018719
1.174894
1.338741
0.950349
0.586168
-0.017990
-0.834753
-1.092332
-0.947986
-0.903116
-0.943330
-1.064606
-1.194137
-1.244510
-1.169373
-1.010635
-0.833271
-0.486375
0.038732
-0.448277
-0.792422
-0.755383
-0.766601
-0.849145
-1.117942
-1.490872
-1.561775
-1.313931
-0.820360
-0.657812
-0.622255
-0.679189
-0.307106
0.035134
-0.028573
-0.082967
-0.182443
-0.620773
-1.251282
-1.593734
-1.145033
1.095507
2.038414
1.632043
0.545849
0.194508
0.110905
0.010794
-0.216519
-0.248479
-0.636859
-1.533837
-1.589289
-1.153923
-0.538018
-0.041907
0.072596
0.238743
0.792634
0.374835
0.191333
-0.037886
-0.241071
-0.496746
-1.036456
-1.041747
-0.969151
-0.144134
1.376580
0.269432
-0.636647
-0.182443
0.104132
0.548388
0.375046
-0.042542
-0.261389
-0.489761
-0.946081
-0.780993
0.412508
1.163024
0.710513
0.339277
0.211228
-0.289962
-0.477697
-0.382031
-0.149214
-0.078946
-0.320652
-0.328694
0.716863
1.514788
1.383988
0.677284
0.366368
0.318958
0.268797
-0.074078
-1.495740
-2.328799
-0.830943
-0.051220
-0.253346
-0.087200
0.357902
0.785226
0.428806
0.149426
0.168474
0.170379
0.002540
-0.459072
-0.794750
-0.281919
0.215673
-0.019895
-0.254405
-0.345203
-0.462035
-0.171014
0.231123
0.290809
0.073020
-0.138208
-0.474099
-1.290015
-1.364092
-0.667336
0.049738
-0.035557
-0.221387
-0.213344
-0.029208
-0.269855
0.428382
0.625006
-0.191121
-0.742473
-1.154769
-1.309486
-0.865654
-0.081486
0.363829
-0.035557
-0.207630
-0.179269
-0.182232
0.040425
0.100746
-0.366792
-1.475209
-1.824857
-1.093602
-0.466903
-0.206995
0.204879
0.445738
-0.075771
-0.303508
-0.318323
-0.288057
-0.679612
-1.196888
-1.352028
-1.195194
-0.560241
-0.338430
-0.150061
0.214615
0.385206
0.361500
0.021377
-0.230912
-0.321287
-0.298217
-0.241917
-0.371025
-0.858034
-0.152812
0.154717
-0.113657
-0.029843
0.090798
0.038732
0.075136
0.315149
-0.103709
-0.205302
-0.195777
-0.219482
-0.175882
-0.167416
0.012699
0.181385
0.086565
-0.046987
-0.246150
-0.366580
-0.036192
-0.519826
-0.519826
-0.519826
-0.519826
-0.519826
-0.519826
-0.519826
-0.519826
-0.479695
-0.447715
-0.524215
-0.519826
-0.519826
-0.519826
-0.519826
-0.519826
-0.519826
-0.519826
-0.519826
-0.519826
-0.519826
-0.519826
-0.135443
0.882419
0.972244
-0.234988
-0.541773
-0.519826
-0.519826
-0.519826
-0.519826
-0.519826
-0.519826
-0.519826
-0.519826
-0.519826
-1.030403
-2.013307
-0.363063
1.569354
0.129329
-0.532994
-0.519826
-0.519826
-0.519826
-0.519826
-0.519826
-0.519826
-0.519826
-0.519826
-0.573753
-1.002186
-1.197826
0.048753
1.610426
-0.312585
-0.519826
-0.519826
-0.519826
-0.519826
-0.519826
-0.519826
-0.519826
-0.519826
-0.519826
-0.526097
-0.605419
-0.798237
0.035115
1.162241
-0.519826
-0.519826
-0.519826
-0.499760
-0.453672
-0.467938
-0.523118
-0.519826
-0.519826
-0.519826
-0.519826
-1.518093
-2.318681
2.028983
-0.519826
-0.519826
-0.519826
-0.543341
-0.316818
-0.034645
-0.478441
-0.519826
-0.519826
-0.519826
-0.519826
-0.655426
-1.195788
0.303650
-0.519826
-0.519826
-0.519826
-0.522334
-0.124313
0.411503
0.175575
-0.526410
-0.519826
-0.519826
-0.519826
-0.463391
-0.435174
-0.498193
-0.519826
-0.519826
-0.519826
-0.519826
-1.181209
-0.895274
2.896039
0.383286
-0.063175
-0.437996
-0.526410
-0.590369
-0.617646
-0.377799
-0.519826
-0.519826
-0.519826
-0.519826
-0.881792
-2.274004
-0.782247
0.416206
-0.205987
-0.049537
-0.377799
-0.527351
-0.566855
-0.463391
-0.519826
-0.519826
-0.519826
-0.519826
-0.548671
-0.785383
-0.936659
-0.250507
-0.226523
-0.232950
-0.469975
-0.519826
-0.519826
-0.519826
-0.519826
-0.519826
-0.519826
-0.519826
-0.519826
-0.519826
-0.526097
-0.559017
-0.543341
-0.617646
-0.377799
-0.519826
-0.519826
-0.519826
-0.015049
-0.550552
-0.519826
-0.519826
-0.519826
-0.519826
-0.519826
-0.519826
-0.527351
-0.566855
-0.463391
-0.519826
-0.519826
-0.519826
-0.976320
0.142968
-0.519826
-0.519826
-0.519826
-0.519826
-0.519826
-0.519826
-0.519826
-0.519826
-0.519826
-0.519826
-0.519826
-0.519826
0.657680
0.232907
-0.055206
0.046040
0.020207
-0.087288
-0.278738
-0.417690
-0.438314
-0.358109
-0.218949
-0.100621
0.111037
0.578516
0.765592
0.372692
0.105412
0.072289
-0.052914
-0.026249
0.350818
0.826214
0.857463
0.646847
0.376859
0.142494
0.204783
0.581433
0.677262
0.372484
0.269780
0.427898
0.722052
1.050579
0.728093
0.138536
0.279779
0.811006
1.241404
0.894961
0.478521
0.508519
0.957250
0.774549
0.728927
0.704344
0.904752
0.432273
0.357276
-0.306653
-0.316445
-0.447689
0.153118
0.913502
0.967041
0.908710
0.837047
0.599766
0.575392
0.732676
0.664138
0.351443
0.268738
0.379984
0.382483
0.281446
0.259572
0.724968
0.838505
0.634764
0.806007
0.525185
0.481021
1.172866
0.799549
0.146869
0.295196
0.876420
1.147450
0.748926
0.193325
-0.001250
0.493312
0.333527
0.878295
0.566642
0.282696
0.513519
0.701011
0.788716
1.283694
1.580139
1.626596
1.292652
0.754759
0.133953
0.140827
0.302487
0.938709
0.557476
0.183950
0.221657
0.616640
0.892044
0.769966
0.751634
0.678095
0.662888
0.799548
0.931626
0.845380
0.670387
0.967250
0.755800
0.352485
0.427273
1.008289
1.089744
0.460397
0.378525
0.430815
0.557267
0.929960
1.078911
0.953500
0.652263
0.933918
0.935584
0.757467
0.500603
0.305820
0.839963
1.229738
1.215155
1.248071
1.292860
0.927876
0.619765
0.653097
0.636222
0.888295
0.892669
0.862671
0.700178
0.232073
-0.148118
0.005416
0.133536
0.054789
0.394983
0.359359
0.286238
0.232073
0.599349
0.785591
0.650180
0.717469
0.769133
0.529769
0.433523
0.312695
-0.314570
-0.199366
0.476438
0.624973
0.592891
0.781216
0.939959
1.163074
1.042454
1.095577
1.387648
1.386189
0.946625
0.916418
0.919335
0.808090
0.580183
0.606848
1.006414
1.313693
1.134117
1.085994
1.448270
1.495143
1.721591
1.883251
1.980122
1.871585
1.679927
1.589306
1.709300
1.849711
1.749299
1.340567
1.078495
-0.690495
-0.284295
-0.648779
-0.764197
-0.702238
-0.708725
-0.828729
-0.814972
-0.807927
-0.807927
-0.807927
-0.791151
-0.592524
-0.249290
-0.868991
-0.737692
-0.666338
-0.741494
-0.778401
-0.758717
-0.777283
-0.638826
-0.180285
-0.303532
-0.626300
-0.794730
-0.871004
-0.656273
-0.807927
-0.807927
-0.807927
-0.807927
-0.807927
-0.807927
-0.807927
0.059498
3.031626
0.727402
-0.828729
-0.950857
-0.782539
-0.804795
-0.807927
-0.807927
-0.807927
-0.807927
-0.807927
-0.807927
-0.795624
-0.616570
1.973179
0.619701
-0.338537
-0.100767
-0.549802
-0.747422
-0.804124
-0.807144
-0.807927
-0.807927
-0.807927
-0.782092
-0.672154
-0.827946
-0.380477
0.162167
0.427226
0.769118
0.369964
-0.881852
-0.786453
-0.814972
-0.801775
-0.753237
-0.660522
-0.558972
-0.345919
-0.915069
-0.760059
-0.771020
-0.063301
1.173082
0.015769
-0.698100
-0.798979
-0.802894
-0.762743
-0.433489
0.161496
-0.235310
-0.710179
-0.746862
-0.807927
-0.845728
-0.959133
-0.483145
-0.192475
-0.269980
-0.786453
-0.814972
-0.725725
-0.178048
0.775381
0.655266
-0.687476
-0.836781
-0.807927
-0.807927
-0.807927
-0.807927
-0.754915
-0.383385
-0.798979
-0.802894
-0.756145
0.019124
1.765606
1.411970
-0.555953
-0.853445
-0.807927
-0.807927
-0.807927
-0.807927
-0.798197
-0.532355
-0.786453
-0.814972
-0.812400
-0.344800
1.637885
1.759231
0.389089
-1.003422
-0.807927
-0.807927
-0.807927
-0.807927
-0.787124
-0.601248
-0.802782
-0.803677
-0.828281
-0.794282
0.503947
1.482541
1.064262
-1.073545
-0.807927
-0.807927
-0.807927
-0.807927
-0.805913
-0.686022
-0.807927
-0.807927
-0.807927
-0.909700
-0.825597
-0.188785
1.118392
-0.917641
-0.807927
-0.807927
-0.807927
-0.807927
-0.819558
-0.787348
-0.725725
-0.773256
-0.804012
-0.807927
-0.807927
-0.979488
-0.504395
-0.557183
-0.807927
-0.807927
-0.807927
-0.807927
-0.807927
-0.807927
-0.350504
-0.841478
-0.843156
-0.807927
-0.807927
-0.807927
-0.807927
-0.807927
-0.807927
-0.807927
-0.807927
-0.807927
-0.807927
-0.807927
-0.456303
-0.325264
-0.749974
-0.811097
-0.790578
-0.811206
-0.744112
-0.688200
-0.648465
-0.659865
-0.772557
-0.850073
-0.947348
-1.549130
-0.121920
0.293562
-0.143090
-0.144501
-0.000000
0.223429
0.569104
0.614701
0.105526
-0.128325
-0.331561
-0.255782
-0.066334
-0.471828
-0.390187
0.255130
-0.155792
-0.033656
0.495604
1.162526
1.753776
1.227882
-1.942682
-2.665732
-2.125833
-0.798938
0.076865
-0.209641
-0.488222
0.263273
-0.090001
0.418848
1.414507
1.578334
1.442300
1.197484
-2.068184
-3.016075
-3.089465
-2.299973
-0.402129
-0.137119
-0.509175
0.264141
0.082184
0.746283
1.285857
1.530782
0.736729
-0.233634
-1.456848
-2.051899
-2.809582
-2.895783
-1.391383
-0.490502
-0.556510
0.182391
0.089567
0.934754
1.174576
0.484530
-0.761700
-1.179028
-1.340683
-1.547718
-1.868205
-2.154928
-1.016287
-0.250136
-0.528608
0.173706
-0.537945
-1.282383
-1.237545
-1.057108
-1.367281
-1.261212
-1.271635
-1.379007
-0.859735
0.646728
1.689179
0.533059
-0.534145
0.189665
-0.710457
-2.245907
-2.626105
-1.768542
-1.498538
-1.310067
-1.285965
-1.180439
-0.416785
1.036589
1.514389
0.286506
-0.496799
0.291174
-0.318208
-1.460648
-2.736517
-2.378140
-1.790038
-1.266641
-1.106723
-0.640323
0.438715
1.180113
1.296930
0.185105
-0.500164
0.292368
-0.145696
-0.891653
-2.595490
-2.960706
-2.184024
-0.720119
-0.359897
0.532408
1.413422
1.175554
0.955164
-0.014439
-0.498427
0.289328
-0.121919
-0.512107
-1.715344
-2.661281
-1.941487
1.207472
1.458911
1.067856
0.862232
0.674087
0.499621
-0.174574
-0.478994
0.337206
-0.080773
-0.199110
-0.401260
-0.740421
-0.936165
0.991969
1.270114
1.066879
0.704051
0.364348
0.266747
-0.183151
-0.386170
0.580829
0.295843
0.253502
0.233417
0.292260
0.303659
0.803172
0.852135
0.664316
0.375204
0.293780
0.504289
0.130931
-0.586583
0.521117
0.495930
0.497450
0.554230
0.660190
0.733907
0.668876
0.561069
0.531974
0.499078
0.563892
0.790578
0.341549
-0.548520
-0.498205
-0.354132
-0.197137
-0.250202
-0.340935
-0.263399
-0.138848
0.041242
0.083859
-0.063513
-0.204011
0.107504
-0.579864
-1.666731
-1.445123
-1.784958
-1.914183
-1.689001
-1.395908
-1.645835
-2.479750
-1.983195
-1.893287
-1.787158
-1.472068
-1.822626
-1.048924
-1.400307
-1.376111
-1.260359
-1.247986
-1.321397
-1.733818
-1.723095
-0.606259
-2.021963
-2.442632
-2.348325
-2.307083
-1.365388
-1.500388
-1.480041
-1.351366
-1.458596
-1.436875
-1.880915
-2.161361
-1.904835
-1.697250
-0.713213
-0.703590
-0.926848
-1.031053
-1.662057
-1.519359
-1.604593
-1.448423
-1.313973
-1.232589
-0.815769
-0.502879
-0.415721
-1.347792
-1.219391
-0.978813
-0.787174
-1.510835
-3.358481
-1.797331
-1.526507
-1.353566
-1.523208
-1.434675
-1.985120
-1.082468
-1.374462
-1.240562
-1.324421
-1.472618
-1.543279
-0.312065
2.765970
-0.185864
-1.556202
-1.384360
-1.337344
-2.447306
-1.618615
-1.558127
-1.347517
-1.379961
-1.334594
-1.249636
-1.334045
-1.445123
-2.266665
-1.515785
-1.537780
-1.380236
-1.260908
-0.434692
-0.709364
-1.177874
-1.261183
-1.419828
-1.431651
-1.326071
-1.385735
-2.590279
-3.012323
-1.637036
-1.599369
-1.397282
-1.529807
-1.055248
-0.125101
-1.191622
-1.610641
-1.306825
-1.351091
-1.530907
-1.673054
0.246078
0.263399
-1.023629
-1.527057
-1.364839
-1.367038
-1.514410
-2.997476
-2.165485
-1.396457
-1.696700
-1.592495
-1.465744
-0.569416
-1.960099
-2.629871
-1.608167
-1.557302
-1.419278
-1.546854
-1.834449
-1.449797
-1.042600
-1.271356
-0.742633
-0.921073
-1.196296
-2.418437
-2.197654
-1.392608
-1.400307
-1.376936
-1.284004
-1.388759
-1.444023
-1.307649
-1.410480
-1.595245
-2.255118
-2.207002
-1.494339
-1.365663
-1.265033
-1.418178
-1.482516
-1.839123
-1.388484
-1.453372
-1.429726
-1.571599
-1.598544
-1.498738
-1.339818
-1.211968
-1.689551
-1.269982
-1.480591
-1.629063
-1.407180
-0.685169
-1.269982
-1.072020
-1.021979
-0.922998
-1.011256
-0.930697
-0.665648
-0.798722
-0.820718
-0.900178
-0.912000
-0.775352
-0.858111
-0.023160
0.043382
-0.079851
-0.023333
-0.019876
-0.032493
0.045975
-0.044938
-0.014173
0.049604
-0.076394
-0.075876
0.060666
-0.023160
-0.023160
-0.016247
-0.030419
-0.015383
-0.013136
-0.014173
-0.007086
-0.022469
-0.017111
-0.012099
-0.028173
-0.020568
-0.005012
-0.023160
-0.023160
-0.023160
-0.023160
-0.023160
-0.023160
-0.023160
-0.023160
-0.023160
-0.023160
-0.023160
-0.023160
-0.023160
-0.023160
-0.023160
-0.023160
-0.023160
-0.023160
-0.023160
-0.023160
-0.023160
-0.023160
-0.023160
-0.023160
-0.023160
-0.023160
-0.023160
-0.023160
-0.023160
-0.023160
-0.023160
-0.023160
-0.023160
-0.023160
-0.023160
-0.023160
-0.023160
-0.023160
-0.023160
-0.023160
-0.023160
-0.023160
-0.023160
-0.023160
-0.023160
-0.023160
-0.023160
-0.023160
-0.023160
-0.023160
-0.023160
-0.023160
-0.023160
-0.023160
-0.023160
-0.023160
-0.023160
-0.023160
-0.023160
-0.023160
-0.023160
-0.023160
-0.023160
-0.023160
-0.023160
-0.023160
-0.023160
-0.023160
-0.023160
-0.023160
-0.023160
-0.023160
-0.023160
-0.023160
-0.023160
-0.023160
-0.023160
-0.023160
-0.023160
-0.023160
-0.023160
-0.023160
-0.023160
-0.023160
-0.023160
-0.023160
-0.023160
-0.023160
-0.023160
-0.023160
-0.023160
-0.023160
-0.023160
-0.023160
-0.023160
-0.023160
-0.023160
-0.023160
-0.023160
-0.023160
-0.023160
-0.023160
-0.023160
-0.023160
-0.023160
-0.023160
-0.004494
-0.085382
0.014173
-0.023160
-0.023160
-0.023160
-0.023160
-0.023160
-0.023160
-0.023160
-0.023160
-0.023160
-0.023160
-0.013827
0.120986
-0.384045
0.209134
-0.023160
-0.023160
-0.023160
-0.023160
-0.023160
-0.023160
-0.023160
-0.023160
-0.023160
-0.023160
0.056691
-0.037333
-0.232985
0.188047
-0.023160
-0.023160
-0.023160
-0.023160
-0.016938
-0.031456
-0.036642
-0.034568
-0.036123
-0.013308
-0.014864
-0.018666
-0.026271
0.003284
-0.029901
-0.052197
-0.009679
-0.010716
0.030074
-0.025926
-0.041481
-0.029037
-0.062049
0.047876
-0.021259
0.027136
0.030074
-0.039234
-0.000864
-0.152961
0.052024
0.043901
0.603637
0.772659
0.633477
0.542524
0.529200
0.498314
0.511362
0.563776
0.481907
0.474475
0.448873
0.392386
0.385118
0.274896
0.270381
0.273134
-0.000496
-0.049661
-0.075923
-0.066563
-0.003469
0.177446
-0.043054
-0.097560
-0.124757
-0.130153
-0.105378
0.001376
0.148762
-0.020151
-0.170950
-0.164013
0.066233
-0.030226
-0.109947
0.258985
0.227988
-0.202607
-0.215931
-0.215931
-0.215380
-0.205470
0.189944
-0.006497
-0.197597
-0.111103
0.426410
0.318500
-0.099487
-0.172436
-0.097945
-0.179483
-0.215931
-0.188788
-0.163297
-0.183227
0.145404
-0.044155
-0.196826
-0.077244
0.764951
1.282865
-0.095633
-0.205360
-0.211746
-0.211086
-0.165389
0.206075
0.416335
0.046633
0.164233
-0.078345
-0.201120
-0.213398
-0.150414
0.030446
0.054836
-0.206186
-0.215931
-0.215931
-0.000936
1.303126
1.996669
0.243294
0.167811
-0.075482
-0.202607
-0.179208
-0.139898
-0.128942
-0.130979
-0.200955
-0.215931
-0.215931
-0.048450
0.982038
1.428874
0.308150
0.183227
-0.058855
-0.132025
0.271923
0.596094
0.370749
-0.129327
-0.211636
-0.215931
-0.215931
-0.058084
0.698498
0.622521
0.118041
0.177832
-0.026317
-0.077409
0.768585
1.950808
0.640579
-0.165829
-0.194349
-0.201506
-0.208113
-0.134502
0.301708
0.992994
0.112810
0.192311
-0.015196
-0.189944
-0.018003
0.606499
0.012333
-0.102129
0.067774
-0.125859
-0.215160
-0.212902
-0.191596
-0.070032
0.039861
0.173427
-0.038374
-0.182071
-0.210480
-0.165114
-0.121399
0.176730
0.811584
-0.113306
-0.213508
-0.215931
-0.178658
-0.028189
-0.118316
0.159498
-0.048890
-0.192697
-0.194514
-0.183007
-0.063865
0.473979
0.903363
-0.080767
-0.204699
-0.212958
-0.201231
-0.202717
-0.187136
0.113801
0.047183
-0.126354
-0.114242
-0.109892
-0.095357
0.193633
0.244064
0.084126
-0.166655
-0.166160
-0.165829
-0.156525
-0.117986
0.621420
0.343110
0.255736
0.203543
0.196936
0.139072
0.084126
0.105102
0.106038
0.130098
0.127620
0.104992
0.039035
-0.093100
1.529853
0.374025
0.557979
0.490895
0.502709
0.476550
0.529711
0.504396
0.589833
0.668731
0.592997
0.469166
0.675481
0.994658
-0.466213
-0.116869
-0.180156
-0.114549
-0.096829
-0.088812
-0.563675
-0.668098
-0.743620
-1.071024
-0.282048
0.040504
-0.109697
0.162225
0.020674
0.075101
0.076366
0.063920
-0.199353
-0.487519
0.334366
0.928418
0.435624
-0.104001
-0.941708
-0.811337
0.149357
0.321075
-0.024682
0.008438
-0.062021
-0.025315
-0.831167
-1.075454
-1.151398
0.300402
-0.180578
-0.332888
-1.761483
-1.527111
-0.224879
0.513467
-0.022572
-0.072147
-0.155896
-0.133746
-0.394066
-0.985165
-0.826526
-0.379932
-0.209690
-0.624008
-0.531187
-0.029112
-0.972296
0.071303
-0.020252
-0.013501
-0.142606
-1.145069
-0.364110
0.115393
0.067295
0.029534
0.000844
-0.019408
0.002532
-0.918503
-2.241830
-0.026791
-0.021939
-0.032065
0.126152
-1.987628
-2.168628
-0.280150
0.059279
-0.044301
-0.048098
-0.084593
-0.264117
-1.160891
-0.265172
0.217496
-0.021939
-0.041347
0.223192
-0.532031
-0.623375
-0.755856
-0.157795
-0.027424
-0.058224
-0.116870
-0.365165
-0.611140
-0.786022
0.129949
-0.016454
-0.043457
-0.034175
0.663246
0.873569
-0.643838
-0.360313
-0.355461
-0.333310
-0.202307
-0.631181
1.239367
1.898183
0.383096
-0.064763
-0.038816
-0.049153
0.359047
1.118489
-0.390268
-0.536250
-0.603545
-0.526757
-0.730119
-0.422123
-0.157795
0.521484
0.494692
-0.044301
0.027424
-0.018142
-0.111174
-0.142817
-0.261374
-1.912739
-1.314256
0.074889
-0.972929
-0.888125
0.030589
-0.009071
0.226145
-0.111807
-0.039449
-0.111596
-0.002742
-0.097461
-0.258843
-0.595107
1.302232
0.175305
0.712610
-0.374236
0.101892
-0.010969
0.224035
-0.405879
-0.147458
-0.185008
-0.072358
-0.013712
0.104845
0.037128
-0.298503
-0.494270
-0.332256
0.017088
-0.080585
-0.063498
0.147880
1.092752
0.460306
0.411786
0.440687
0.378244
0.378877
0.395965
0.421701
0.460939
0.435835
0.351453
0.351664
0.329724
1.157938
0.888128
0.888128
0.888128
0.888128
0.888128
0.888128
0.888128
0.888128
0.888128
0.888128
0.888128
0.888128
0.888128
0.888128
0.888128
0.888128
0.888128
0.888128
0.888128
0.888128
0.888128
0.888128
0.888128
0.888128
0.888128
0.888128
0.888128
0.888128
0.888128
0.888128
0.888128
0.888128
0.888128
0.888128
0.888128
0.888128
0.888128
0.888128
0.888128
0.888128
0.888128
0.888128
0.888128
0.888128
0.888128
0.888128
0.888128
0.888128
0.888128
0.888128
0.888128
0.888128
0.888128
0.888128
0.888128
0.888128
0.888128
0.888128
0.888128
0.888128
0.888128
0.888128
0.888128
0.888128
0.888128
0.888128
0.888128
0.888128
0.888128
0.888128
0.888128
0.888128
0.888128
0.888128
0.888128
0.888128
0.888128
0.888128
0.888128
0.888128
0.888128
0.888128
0.888128
0.888128
0.888128
0.888128
0.888128
0.888128
0.888128
0.888128
0.888128
0.888128
0.888128
0.888128
0.888128
0.888128
0.888128
0.888128
0.888128
0.888128
0.888128
0.888128
0.728255
0.771464
0.735816
0.888128
0.888128
0.888128
0.888128
0.888128
0.888128
0.888128
0.888128
0.888128
0.888128
0.888128
0.809272
1.003713
0.790908
0.888128
0.888128
0.888128
0.888128
0.888128
0.888128
0.888128
0.888128
0.888128
0.888128
0.888128
0.755260
0.779025
0.753100
0.888128
0.888128
0.888128
0.888128
0.888128
0.888128
0.888128
0.888128
0.888128
0.888128
0.888128
0.888128
0.888128
0.888128
0.888128
0.888128
0.888128
0.888128
0.888128
0.888128
0.888128
0.888128
0.888128
0.888128
0.888128
0.888128
0.888128
0.888128
0.888128
0.888128
0.888128
0.888128
0.888128
0.888128
0.888128
0.888128
0.888128
0.888128
0.888128
0.888128
0.888128
0.888128
0.888128
0.888128
0.888128
0.888128
0.888128
0.888128
0.888128
0.888128
0.888128
0.888128
0.888128
0.888128
0.888128
0.888128
0.888128
0.888128
0.888128
0.888128
0.888128
0.888128
0.888128
2.578088
2.578088
2.578088
2.578088
2.578088
2.578088
2.578088
2.578088
2.578088
2.578088
2.578088
2.578088
2.578088
2.578088
2.578088
2.578088
2.578088
2.578088
2.578088
2.578088
2.578088
2.578088
2.578088
2.578088
2.578088
2.578088
2.578088
2.578088
2.578088
2.578088
2.578088
2.578088
2.578088
2.578088
2.578088
2.578088
2.578088
2.578088
2.578088
2.578088
2.578088
2.578088
2.578088
2.578088
2.578088
2.578088
2.578088
2.578088
2.578088
2.578088
2.578088
2.578088
2.578088
2.578088
2.578088
2.578088
2.578088
2.578088
2.578088
2.578088
2.578088
2.578088
2.578088
2.578088
2.578088
2.578088
2.578088
2.578088
2.578088
2.578088
2.578088
2.578088
2.578088
2.578088
2.578088
2.578088
2.578088
2.578088
2.578088
2.578088
2.578088
2.578088
2.578088
2.578088
2.578088
2.578088
2.578088
2.578088
2.578088
2.578088
2.578088
2.578088
2.578088
2.578088
2.578088
2.578088
2.578088
2.578088
2.578088
2.578088
2.578088
2.578088
2.578088
2.578088
2.578088
2.578088
2.578088
2.578088
2.578088
2.578088
2.578088
2.578088
2.578088
2.578088
2.578088
2.578088
2.578088
2.578088
2.578088
2.578088
2.578088
2.578088
2.578088
2.578088
2.578088
2.578088
2.578088
2.578088
2.578088
2.578088
2.578088
2.578088
2.578088
2.578088
2.578088
2.578088
2.578088
2.578088
2.578088
2.578088
2.578088
2.578088
2.578088
2.578088
2.578088
2.578088
2.578088
2.578088
2.578088
2.578088
2.578088
2.578088
2.578088
2.578088
2.578088
2.578088
2.578088
2.578088
2.578088
2.578088
2.578088
2.578088
2.578088
2.578088
2.578088
2.578088
2.578088
2.578088
2.578088
2.578088
2.578088
2.578088
2.578088
2.578088
2.578088
2.578088
2.578088
2.578088
2.578088
2.578088
2.578088
2.578088
2.578088
2.578088
2.578088
2.578088
2.578088
2.578088
2.578088
2.578088
2.578088
2.578088
2.578088
2.578088
2.578088
2.578088
2.228497
2.228497
2.228497
2.228497
2.228497
2.228497
2.228497
2.228497
2.228497
2.228497
2.228497
2.228497
2.228497
2.228497
2.228497
2.228497
2.228497
2.228497
2.228497
2.228497
2.228497
2.228497
2.228497
2.228497
2.228497
2.228497
2.228497
2.228497
2.228497
2.228497
2.228497
2.234293
2.243766
2.233021
2.228497
2.228497
2.228497
2.228497
2.228497
2.228497
2.228497
2.228497
2.228497
2.228497
2.228497
2.243766
2.231890
2.210258
2.228497
2.228497
2.228497
2.228497
2.228497
2.228497
2.228497
2.228497
2.228497
2.228497
2.228497
2.234576
2.246311
2.233445
2.228497
2.228497
2.228497
2.228497
2.228497
2.228497
2.228497
2.228497
2.228497
2.228497
2.738611
3.572211
2.626634
2.228497
2.228497
2.228497
2.228497
2.228497
2.228497
2.228497
2.228497
2.228497
2.228497
2.228497
3.572211
2.527100
0.623504
2.228497
2.228497
2.228497
2.228497
2.228497
2.257480
2.304844
2.251118
2.228497
2.228497
2.228497
2.763494
3.796164
2.663960
2.228497
2.228497
2.228497
2.228497
2.228497
2.304844
2.245463
2.137304
2.228497
2.228497
2.228497
2.228497
2.240090
2.259036
2.237545
2.228497
2.228497
2.228497
2.228497
2.258894
2.317569
2.253239
2.228497
2.228497
2.228497
2.228497
2.259036
2.235283
2.192019
2.228497
2.228497
2.228497
2.228497
2.228497
2.228497
2.228497
2.228497
2.228497
2.228497
2.228497
2.240656
2.264125
2.464467
2.829803
2.420213
2.233021
2.228497
2.228497
2.228497
2.228497
2.228497
2.228497
2.228497
2.228497
2.228497
2.228497
2.824007
2.376101
1.520586
2.210258
2.228497
2.228497
2.228497
2.228497
2.228497
2.228497
2.228497
2.228497
2.228497
2.228497
2.465598
2.929338
2.439300
2.233445
2.228497
2.228497
2.228497
2.228497
2.228497
2.228497
2.228497
2.228497
2.228497
2.228497
2.228497
2.228497
2.228497
2.228497
2.228497
2.228497
2.228497
2.228497
2.228497
-0.881772
-0.284907
-0.562397
-0.562397
-0.562397
-0.562397
-0.562397
-0.562397
-0.562397
-0.562397
-0.562397
-0.537964
-0.352825
-0.796547
0.453321
-0.384384
-0.562397
-0.562397
-0.562397
-0.562397
-0.562397
-0.562397
-0.562397
-0.562397
-0.562397
-0.541018
-0.271091
0.270654
-0.562397
-0.562397
-0.562397
-0.562397
-0.562397
-0.562397
-0.639768
-0.866937
-0.834069
-0.598174
-0.562397
-0.562397
-0.562397
-0.562397
-0.562397
-0.562397
-0.562397
-0.562397
-0.572577
-0.693288
-0.599046
-0.811672
-0.883081
-0.526183
-0.788112
-0.592065
-0.562397
-0.562397
-0.562397
-0.562397
-0.562397
-0.562397
-0.533891
-0.250730
-0.544799
1.186603
0.987212
-0.163033
-0.652276
-0.305559
-0.562397
-0.562397
-0.562397
-0.562397
-0.562397
-0.562397
-0.477899
-0.053084
1.026480
0.651403
0.579267
0.770078
0.475427
-0.437904
-0.614462
-0.568505
-0.562397
-0.562397
-0.566469
-0.574032
-0.521384
-0.336100
-0.307013
-0.522838
-0.562397
-0.519639
-0.287234
-0.591047
-0.524293
-0.508440
-0.562397
-0.562397
-0.546108
-0.580140
-0.546981
-0.562397
-0.562397
-0.562397
-0.562397
-0.562397
-0.469755
-0.145726
-0.300614
-0.527783
-0.562397
-0.562397
-0.548144
-0.505968
-0.552507
-0.562397
-0.562397
-0.562397
-0.562397
-0.562397
-0.572577
-0.632205
-0.683108
-0.579849
-0.562397
-0.562397
-0.562397
-0.627552
-0.809636
-0.764842
-0.588575
-0.562397
-0.562397
-0.562397
-0.535928
-0.484589
-0.707395
-0.408236
-0.562397
-0.562397
-0.562397
-0.301777
-0.601955
-0.581885
-0.331155
-0.562397
-0.562397
-0.562397
-0.469755
-0.340899
0.080571
-0.463501
-0.562397
-0.562397
-0.562397
-0.334355
0.554252
0.442268
-0.414053
-0.562397
-0.562397
-0.562397
-0.512513
-0.364896
-0.527783
-0.562397
-0.562397
-0.562397
-0.562397
-0.562397
-0.562397
-0.562397
-0.562397
-0.562397
-0.562397
-0.562397
-0.562397
-0.562397
-0.562397
-0.562397
-0.562397
-0.562397
-0.562397
-0.562397
-0.562397
-0.562397
-0.562397
-0.562397
-0.562397
-0.562397
-0.562397
-0.562397
-0.562397
-0.562397
0.342326
0.044198
-0.008235
0.023696
0.053609
0.126209
0.087556
0.166878
0.074448
-0.016637
0.006890
0.029073
-0.072095
0.859932
0.383835
0.039493
-0.002857
-0.008403
-0.008571
-0.025040
-0.006050
-0.035964
-0.013780
0.187044
0.054618
-0.024200
0.085539
-0.211412
-0.053945
0.036468
-0.005546
-0.005546
-0.005546
0.044870
-0.019662
0.012604
0.007899
-0.052097
0.150744
0.212252
0.032434
-0.005546
0.010251
0.003529
-0.005546
-0.005546
-0.005546
-0.021679
0.202169
-0.001512
-0.005546
-0.000168
-0.032771
0.365013
0.008907
0.009579
0.020839
-0.002185
0.011260
-0.010251
0.000504
0.010587
-0.054954
0.010587
-0.005546
-0.005546
0.024032
0.108899
0.135956
0.076465
-0.016133
0.000168
-0.010924
0.256955
-0.058315
0.064029
-0.005546
-0.005546
-0.005546
-0.005546
-0.005546
-0.062012
0.853378
0.025376
0.026721
-0.001849
-0.000168
-0.083859
0.796072
0.009915
-0.005546
-0.005546
-0.005546
-0.005546
-0.005546
0.148392
-0.243174
0.094614
0.018486
0.000840
-0.005546
0.056298
-0.194943
0.073103
0.006554
-0.004201
0.000504
-0.005546
-0.005546
-0.032434
0.340645
0.001176
0.016133
0.003865
-0.005546
-0.005546
-0.005546
-0.010924
0.066717
0.062684
-0.001176
-0.005546
-0.005546
0.021343
-0.087892
0.021343
0.053105
0.001512
-0.005546
-0.005546
-0.005546
-0.000168
-0.019326
0.017982
0.000504
-0.005546
-0.005546
-0.005546
-0.005546
-0.005546
0.005546
0.009579
-0.005546
-0.005546
-0.005546
-0.005546
-0.002857
-0.013780
-0.002857
-0.005546
-0.005546
-0.005546
-0.005546
-0.005546
0.047727
0.053609
-0.005546
-0.005546
-0.005546
-0.005546
-0.005546
-0.005546
-0.005546
-0.005546
-0.005546
-0.005546
-0.005546
-0.005546
0.583483
0.026721
-0.005546
-0.005546
-0.005546
-0.005546
-0.005546
-0.005546
-0.005546
-0.005546
-0.005546
-0.005546
-0.005546
-0.005546
-0.015293
0.045543
-0.005546
-0.005546
-0.005546
-0.005546
-0.005546
-0.005546
-0.005546
-0.005546
-0.005546
-0.005546
-0.005546
-0.005546
-5.208694
-5.208694
-5.202310
-5.157768
-5.074501
-5.047265
-5.171244
-5.208694
-5.208694
-5.208694
-5.201034
-5.165712
-5.167982
-5.200182
-5.208694
-5.208694
-5.189543
-4.966551
-4.528651
-4.358428
-5.133795
-5.208694
-5.208694
-5.208694
-5.185713
-4.972508
-5.007404
-5.191671
-5.208694
-5.208694
-5.191246
-5.123298
-5.046698
-5.060032
-5.157485
-5.202594
-5.206991
-5.208694
-5.190820
-5.163159
-5.169542
-5.197345
-5.208694
-5.208694
-5.201034
-5.131242
-5.177486
-5.201885
-5.204864
-5.172521
-5.205289
-5.208694
-5.208694
-5.208694
-5.208694
-5.208694
-5.208694
-5.208694
-5.202736
-5.183160
-5.059464
-5.187416
-5.169116
-5.193373
-5.206424
-5.208694
-5.208694
-5.208694
-5.208694
-5.208694
-5.208694
-5.208694
-5.208694
-5.196778
-5.188267
-5.176635
-4.991659
-5.188267
-5.208694
-5.208694
-5.208694
-5.194650
-5.133937
-5.153371
-5.208694
-5.208694
-5.208694
-5.208694
-5.208694
-5.190820
-5.178053
-5.195076
-5.208694
-5.208694
-5.208694
-5.144860
-4.684122
-4.925272
-5.208694
-5.208694
-5.208694
-5.208694
-5.208694
-5.206140
-5.196494
-5.205289
-5.206140
-5.196494
-5.205289
-5.089112
-4.416020
-5.066273
-5.208694
-5.208694
-5.208694
-5.208694
-5.208694
-5.201034
-5.136349
-5.201885
-5.201034
-5.136349
-5.201885
-5.075068
-4.421552
-5.088402
-5.208694
-5.208694
-5.208694
-5.208694
-5.208694
-5.202736
-5.198480
-5.204154
-5.202736
-5.198480
-5.204154
-5.101878
-4.603266
-5.119042
-5.208694
-5.208694
-5.208694
-5.208694
-5.208694
-5.208694
-5.208694
-5.208694
-5.208694
-5.208694
-5.202310
-5.127553
-5.050244
-5.168407
-5.208694
-5.208694
-5.208694
-5.208694
-5.202310
-5.166705
-5.132519
-5.129823
-5.169259
-5.156492
-5.175926
-5.018044
-5.145285
-5.200750
-5.208694
-5.208694
-5.208694
-5.208694
-5.189543
-4.993361
-4.827819
-4.808669
-5.071664
-4.912505
-5.166563
-5.180181
-5.192239
-5.206424
-5.208694
-5.208694
-5.208694
-5.208694
-5.193799
-5.156350
-5.121596
-5.131242
-5.151952
-5.163301
-5.190536
-5.208694
-5.208694
-5.208694
-0.684551
-0.571231
-0.370231
-0.402126
-0.355471
-0.573232
-0.579611
-0.666165
-0.718698
-0.825139
-0.985364
-0.784114
-0.611256
-0.446903
-0.419261
-0.568854
-0.247279
-0.288180
-0.005128
-0.026016
0.073046
0.068668
-0.057286
-0.215634
-0.317823
-0.583489
-0.702813
-0.117823
-0.384740
-0.477673
-0.253283
-0.260412
0.190619
0.455034
0.674170
0.158599
0.339712
0.684802
0.099062
-0.363727
-0.590868
-0.593120
-0.366728
-0.445152
-0.241150
-0.038149
0.275046
0.008005
-0.666790
-0.651406
-0.492182
-0.327954
0.902687
0.405378
-0.342213
-0.619261
-0.343964
-0.428517
-0.314946
-0.290306
-1.048153
-0.004753
0.078424
-0.255784
-0.645277
-0.422513
0.245153
0.598873
0.079550
-0.552219
-0.358223
-0.463539
-0.182614
-0.424640
-0.157098
0.171857
-0.208630
-0.437022
-0.703313
-0.669542
-0.529455
0.595496
0.547591
-0.336960
-0.375484
-0.526953
-0.019637
1.029767
0.155722
-0.267166
-0.345215
-0.369981
-0.387742
-0.603376
-0.692431
0.099312
0.847653
-0.326203
-0.417760
-0.735833
-0.373358
0.293808
0.556972
-0.345215
-0.345215
-0.345215
-0.388992
-0.574108
-0.355346
-0.333708
0.812506
-0.106066
-0.423764
-0.743338
-0.650530
0.302063
1.392242
-0.107567
-0.345215
-0.345215
-0.419261
-0.684176
-0.682175
0.120700
1.173731
-0.189993
-0.389243
-0.613757
-0.572106
-0.002376
0.698810
1.202249
0.146341
-0.250156
-0.273170
-0.130081
-0.571856
-1.514569
0.333958
-0.215885
-0.380487
-0.590118
-0.623013
-0.720824
0.114071
0.375234
0.678798
0.209881
-0.175359
-0.661287
-0.501312
-0.015760
0.094559
-0.387241
-0.414758
-0.627641
-0.550593
-0.837522
-0.658660
-0.013633
0.095184
0.914445
-0.353845
-0.068293
0.036273
-0.326954
-0.542963
-0.374858
-0.367729
-0.364477
-0.395872
-0.613007
-0.492432
-0.440149
-0.335834
-0.220137
-0.242651
-0.097561
-0.297060
-0.455534
-0.285428
-0.113696
-0.345215
-0.347466
-0.418511
-0.623764
-0.459411
-0.523951
-0.470918
-0.378111
-0.282676
-0.318824
-0.400625
-0.536084
-0.588116
-0.810255
-2.600531
-2.600531
-2.600531
-2.600531
-2.600531
-2.600531
-2.600531
-2.600531
-2.600531
-2.600531
-2.600531
-2.600531
-2.600531
-2.600531
-2.600531
-2.600531
-2.600531
-2.600531
-2.600531
-2.600531
-2.600531
-2.600531
-2.600531
-2.600531
-2.600531
-2.600531
-2.600531
-2.600531
-2.600531
-2.600531
-2.600531
-2.600531
-2.600531
-2.600531
-2.600531
-2.600531
-2.600531
-2.600531
-2.600531
-2.600531
-2.600531
-2.600531
-2.600531
-2.600531
-2.600531
-2.600531
-2.600531
-2.600531
-2.600531
-2.600531
-2.600531
-2.600531
-2.600531
-2.600531
-2.600531
-2.600531
-2.600531
-2.600531
-2.600531
-2.600531
-2.600531
-2.600531
-2.600531
-2.600531
-2.600531
-2.600531
-2.600531
-2.600531
-2.600531
-2.600531
-2.600531
-2.600531
-2.600531
-2.600531
-2.600531
-2.600531
-2.600531
-2.600531
-2.600531
-2.600531
-2.600531
-2.600531
-2.600531
-2.600531
-2.600531
-2.600531
-2.600531
-2.600531
-2.600531
-2.600531
-2.600531
-2.600531
-2.600531
-2.600531
-2.600531
-2.600531
-2.600531
-2.600531
-2.600531
-2.600531
-2.600531
-2.600531
-2.600531
-2.600531
-2.600531
-2.600531
-2.600531
-2.600531
-2.600531
-2.600531
-2.600531
-2.600531
-2.600531
-2.600531
-2.600531
-2.600531
-2.600531
-2.600531
-2.600531
-2.600531
-2.600531
-2.600531
-2.600531
-2.600531
-2.600531
-2.600531
-2.600531
-2.600531
-2.600531
-2.600531
-2.600531
-2.600531
-2.600531
-2.603701
-2.537121
-2.613213
-2.600531
-2.600531
-2.600531
-2.600531
-2.600531
-2.600531
-2.600531
-2.600531
-2.600531
-2.600531
-2.604969
-2.521797
-2.512074
-2.629065
-2.600531
-2.600531
-2.600531
-2.600531
-2.600531
-2.600531
-2.600531
-2.600531
-2.600531
-2.600531
-2.614586
-2.467159
-2.560688
-2.624309
-2.600531
-2.600531
-2.600531
-2.600531
-2.600531
-2.600531
-2.600531
-2.600531
-2.600531
-2.600531
-2.621984
-2.488824
-2.633821
-2.600531
-2.600531
-2.600531
-2.600531
-2.600531
-2.600531
-2.600531
-2.600531
-2.600531
-2.600531
-2.600531
-2.600531
-2.600531
-2.600531
-2.600531
-2.600531
-2.600531
-2.600531
-2.600531
-1.141254
-1.141254
-1.141254
-1.141254
-1.141254
-1.141254
-1.141254
-1.141254
-1.141254
-1.141254
-1.141254
-1.141254
-1.141254
-1.141254
-1.141254
-1.141254
-1.141254
-1.141254
-1.141254
-1.141254
-1.141254
-1.141254
-1.141254
-1.141254
-1.141254
-1.141254
-1.141254
-1.141254
-1.141254
-1.141254
-1.141254
-1.141254
-1.141254
-1.131561
-1.097392
-1.141738
-1.141254
-1.141254
-1.141254
-1.141254
-1.141254
-1.141254
-1.138830
-1.130288
-1.141375
-1.141254
-1.141254
-1.100300
-1.131076
-1.089637
-1.141254
-1.141254
-1.141254
-1.141254
-1.141254
-1.141254
-1.131015
-1.138709
-1.128350
-1.141254
-1.141254
-1.132288
-1.079944
-1.133257
-1.141254
-1.141254
-1.141254
-1.141254
-1.141254
-1.141254
-1.131742
-1.093030
-1.139618
-1.141254
-1.141254
-1.141254
-1.141254
-1.141254
-1.141254
-1.141254
-1.141254
-1.141254
-1.141254
-1.141254
-1.110538
-1.131197
-1.091576
-1.141375
-1.141254
-1.141254
-1.141254
-1.141254
-1.141254
-1.141254
-1.141254
-1.141254
-1.141254
-1.141254
-1.132106
-1.071644
-1.121867
-1.128471
-1.141254
-1.141254
-1.141254
-1.141254
-1.141254
-1.141254
-1.141254
-1.141254
-1.141254
-1.141254
-1.131015
-1.126229
-1.110478
-1.126350
-1.141254
-1.141254
-1.141254
-1.141254
-1.141254
-1.141254
-1.141254
-1.141254
-1.141254
-1.141254
-1.136589
-1.112719
-1.124048
-1.139254
-1.141254
-1.141254
-1.141254
-1.141254
-1.141254
-1.141254
-1.141254
-1.141254
-1.141254
-1.141254
-1.123745
-1.105813
-1.128713
-1.141254
-1.141254
-1.141254
-1.141254
-1.141254
-1.141254
-1.141254
-1.141254
-1.141254
-1.141254
-1.141254
-1.103450
-1.096362
-1.100785
-1.138830
-1.115748
-1.058619
-1.057953
-1.094666
-1.058861
-1.050683
-1.076309
-1.141981
-1.141254
-1.141254
-1.114052
-1.090183
-1.109448
-1.131015
-1.077278
-1.041414
-1.015303
-0.981861
-1.015606
-0.984587
-1.035658
-1.063829
-1.141254
-1.141254
-1.136771
-1.110599
-1.137255
-1.139012
-1.112477
-1.031599
-1.015242
-1.067828
-1.027601
-1.008517
-1.035295
-1.129258
-1.141254
-1.141254
0.647014
0.388208
0.144095
-0.014927
-0.034516
0.103013
0.298753
0.473301
0.530849
0.383718
0.172045
0.031265
0.259511
0.523449
0.410406
0.011997
-0.292509
-0.410150
-0.221659
0.057462
0.181583
0.158637
0.043605
0.055238
-0.003315
-0.116957
0.106349
0.335686
0.231796
-0.311991
-0.599004
-0.526273
-0.343021
-0.377772
-0.121234
0.152649
0.246145
0.244435
-0.002374
-0.121234
0.082547
0.330960
0.071983
-0.431942
-0.405873
-0.384659
0.002972
0.003935
0.333291
0.207032
0.156477
0.384872
0.173756
0.175702
0.114690
0.464682
0.080388
-0.352901
-0.149890
-0.191185
0.217532
-0.193281
-0.011313
-0.003849
0.018391
0.197857
0.208828
0.587862
0.410856
0.614166
0.064969
-0.283442
-0.054105
-0.093967
0.337653
0.253010
0.263895
-0.017750
-0.120507
0.105772
0.097196
0.308890
0.406493
0.630911
0.070786
-0.200616
-0.156712
-0.281838
0.055281
0.006416
-0.034922
-0.466907
-0.640278
-0.265820
0.164111
0.278266
0.438143
0.473793
0.073501
-0.242382
-0.189710
-0.297214
0.205984
-0.062531
-0.143346
-0.592353
-0.719960
-0.296700
0.161267
0.247086
0.479481
0.483331
0.072283
-0.349950
-0.210667
-0.422724
0.174376
0.086033
0.128547
-0.154958
-0.220954
0.018049
0.101302
0.111674
0.325314
0.537799
0.080751
-0.428370
-0.292188
-0.193602
0.192212
0.285965
0.211245
0.128996
0.111952
0.146361
0.286949
0.353094
0.465367
0.604949
0.068797
-0.474113
-0.516243
-0.256838
0.101431
0.503005
0.566434
0.393876
0.400633
0.269562
0.265456
0.062167
0.225551
0.468168
0.137401
-0.367507
-0.616989
-0.512222
-0.285152
-0.005667
0.202669
0.229016
0.302560
0.028742
-0.031159
-0.200060
0.084387
0.341845
0.352923
0.022904
-0.185924
-0.301063
-0.098223
0.162529
0.284511
0.061248
0.032078
0.106242
0.131563
-0.028122
0.155878
0.414726
0.550459
0.368384
0.261308
0.185796
0.160518
0.190993
0.269840
0.362610
0.337140
0.244114
0.146019
0.145827
0.365048
0.589851
1.355717
1.275878
0.442244
0.122202
0.089787
0.067662
0.163622
0.385988
0.440271
0.318584
0.189521
0.160278
0.689821
1.083270
0.463597
0.466598
0.185319
0.068005
0.255896
0.533488
0.441215
-0.044422
-0.092874
0.428266
0.726096
0.495756
0.146385
0.316783
0.264986
0.341652
0.357946
0.665295
0.698740
-0.017580
-0.504417
-0.365235
-0.377412
-0.443359
-0.023583
0.892206
0.906270
0.515651
0.082068
0.124689
0.350485
0.488638
-0.072635
-0.475260
-0.319870
-0.172541
-0.171255
-0.523455
-0.692051
-0.507333
-0.121345
0.210617
0.065947
0.114656
0.142183
-0.231884
-0.405626
-0.285739
0.051282
0.051282
0.034302
-0.052140
-0.430924
-0.765458
-0.685105
0.012177
0.094503
0.260270
-0.024783
-0.367379
-0.305892
0.000515
0.051282
0.051282
0.051282
0.051282
0.048281
-0.315839
-0.693852
-0.139354
0.070149
0.095446
-0.023240
0.125547
0.298259
0.448504
0.212503
0.051282
0.051282
0.051282
0.129492
0.041077
0.011920
0.300146
0.122888
0.010119
-0.076752
0.024269
0.193123
0.187977
0.126576
0.051282
0.051282
0.051282
-0.078896
-0.036618
0.034988
0.316011
0.107967
0.025812
-0.030272
-0.004888
-0.227854
-0.213275
0.121431
0.172198
0.215934
0.401167
0.142870
0.127005
0.176400
0.350227
0.101964
0.113455
-0.044850
-0.152474
-0.080096
-0.082755
-0.023068
0.252809
0.120401
-0.089358
0.269617
0.419433
-0.087643
0.018438
0.067662
0.125032
0.027356
0.067661
0.046137
0.247149
0.497299
0.317383
0.099305
0.350313
0.472944
0.039534
-0.193294
0.176915
0.208130
0.287197
0.354001
0.522854
0.683390
0.670698
0.406141
0.350228
0.439928
0.462139
0.240203
0.265072
0.235829
0.455450
0.348341
0.684676
0.771890
0.911415
1.095019
1.027443
0.872482
0.841695
0.863563
0.785954
0.819227
0.772147
0.357345
0.242690
-2.524057
-2.528945
-1.513337
-1.190808
-1.151875
-1.104623
-0.989110
-0.868451
-0.830461
-0.894950
-0.999229
-1.184205
-2.006777
-1.989711
1.036120
1.015692
1.032526
1.038049
1.038049
1.038049
1.038049
1.038049
1.038049
1.038049
1.038049
1.021654
0.848018
0.991100
1.017709
1.022093
1.020427
1.038049
1.038049
1.035156
0.998728
0.954014
0.909301
0.879054
1.004909
0.855514
0.790636
0.860643
1.030071
1.022794
1.033578
1.038049
1.019725
0.767183
0.558127
0.579738
0.738865
0.863010
0.932315
0.855032
0.672102
0.873268
1.038049
1.038049
1.038049
1.038049
0.818779
0.265211
0.179335
0.506663
0.733955
0.844292
0.947176
0.802296
0.358232
0.770822
1.038049
1.038049
1.035156
0.999692
0.619629
0.371295
0.345914
0.713746
0.924381
0.941521
0.944458
0.443538
-0.068122
0.458881
1.038049
1.038049
0.983429
0.683806
0.754295
0.704278
0.843283
1.008986
1.009161
0.957521
0.989128
0.242504
-0.006225
0.367876
1.038049
1.038049
0.762186
0.679159
0.673461
0.982552
1.029106
1.038049
1.027879
1.030071
1.029238
0.582938
0.420129
0.714535
1.038049
1.038049
0.836620
0.705154
0.705549
0.793178
0.996624
1.037085
1.022882
1.013194
0.840171
0.559617
0.499517
0.917060
1.038049
1.038049
0.998158
0.800499
0.487375
0.529019
0.785945
0.861607
0.773934
0.675214
0.270997
0.070884
0.170568
0.723347
1.038049
1.038049
1.038049
0.786778
0.511704
0.261046
0.611651
0.701034
0.661230
0.443319
0.234043
-0.217079
0.301113
0.706776
1.038049
1.038049
1.038049
0.958267
0.575793
0.627608
0.479659
0.487769
0.501534
0.581316
0.514115
0.547737
0.622479
0.968744
1.025512
0.887909
0.946255
1.024241
0.946299
0.679554
0.568428
0.450464
0.510564
0.745309
0.849596
0.901498
0.825661
0.993862
0.905838
0.883481
0.883613
0.993993
1.038049
0.966245
0.793047
0.708091
0.769638
0.899570
1.011221
0.875328
0.910397
0.897071
0.986190
0.918945
0.970848
1.026871
1.038049
1.038049
1.038049
1.038049
1.038049
1.038049
1.038049
0.974223
0.916008
1.002278
-7.120315
-6.021123
-5.941632
-6.123636
-5.893415
-5.550910
-5.383891
-5.320038
-5.346752
-5.452740
-5.689259
-5.872783
-5.948799
-6.670951
-7.248022
-6.086931
-6.237442
-6.068036
-5.629966
-5.050507
-4.935179
-5.314608
-5.385629
-5.195588
-5.412126
-5.755066
-5.921433
-6.170548
-7.686743
-6.700272
-6.768686
-6.411411
-5.352399
-4.906076
-4.523172
-3.489354
-3.228944
-3.833815
-4.776849
-5.353485
-5.837381
-6.286962
-7.949542
-6.771075
-6.710262
-5.580013
-4.192177
-2.541542
-2.766116
-3.070397
-3.718488
-3.241542
-4.150693
-4.329875
-4.635676
-5.983984
-7.840730
-6.646844
-6.421618
-5.175824
-3.050416
-2.147996
-4.013213
-4.525344
-5.185815
-4.911071
-3.932419
-2.680109
-3.261088
-4.501670
-7.810758
-6.521309
-6.368190
-5.507689
-2.344553
-3.829255
-5.374552
-7.152024
-7.607470
-6.865118
-4.693666
-2.409057
-1.885198
-3.948925
-7.848549
-6.501110
-6.513707
-5.330245
-4.267324
-5.310916
-6.903126
-8.298564
-8.602628
-7.855282
-5.632355
-3.592518
-2.417310
-3.633349
-7.814667
-6.466360
-6.293912
-5.782433
-4.849390
-5.767012
-6.934836
-8.119600
-8.333748
-7.456306
-5.573497
-3.411383
-3.271731
-3.862701
-7.835734
-6.595153
-6.335612
-6.094316
-3.843154
-4.886095
-5.872131
-6.869679
-7.003250
-6.345603
-4.479952
-3.030652
-2.999593
-4.425437
-7.855064
-6.753049
-6.714606
-5.967694
-3.892022
-3.921559
-4.468006
-5.130649
-5.436668
-4.791835
-4.812902
-2.715076
-3.394225
-5.131518
-7.835300
-6.819509
-6.983921
-6.291523
-5.429067
-2.902510
-2.866457
-4.300988
-5.394099
-4.771636
-3.428758
-4.465183
-4.824630
-5.693385
-7.680445
-6.775637
-7.232602
-7.122704
-5.875389
-4.846349
-3.384017
-4.399592
-4.780324
-4.979486
-4.754912
-5.199932
-6.046317
-6.211815
-7.299278
-6.479391
-6.993477
-7.016933
-6.618175
-5.822395
-5.259876
-5.103934
-5.084388
-5.407999
-5.864095
-6.309549
-6.452459
-6.273496
-7.164621
-6.290003
-6.268501
-6.415755
-6.329965
-5.993105
-5.746814
-5.510947
-5.462079
-5.693603
-5.968997
-6.121247
-6.078895
-6.395556
2.096893
2.096893
2.096893
2.096893
2.096893
2.096893
2.096893
2.096893
2.096893
2.096893
2.096893
1.936077
1.294836
2.484023
2.096893
2.096893
2.096893
2.086669
2.108075
2.100088
2.093485
2.100620
2.097958
2.096893
2.096893
2.056422
1.360227
2.259945
2.096893
2.096893
2.083261
2.053334
2.122560
2.116276
2.099449
2.105626
2.073889
2.134168
2.107543
2.096893
1.850770
2.120749
2.096893
2.096893
1.978038
2.109779
2.168461
2.057062
2.109886
2.152273
1.938526
2.086669
2.256111
2.110738
2.068564
2.096893
2.096893
2.096893
1.785911
2.180283
2.295623
2.084006
2.096893
2.109140
2.056422
1.799223
2.133103
2.410218
2.137363
2.096893
2.096893
2.049181
1.886980
2.171656
2.264312
2.096893
2.096893
2.096893
2.096893
1.578447
1.490265
2.710231
2.560384
2.096893
2.096893
1.803590
2.006580
2.371984
2.212659
2.096893
2.096893
2.096893
2.096893
1.735855
1.278861
2.573377
2.664968
2.096893
2.096893
1.698154
1.716366
2.549947
2.378268
2.096893
2.096893
2.096893
2.096893
1.830747
1.445002
2.472627
2.561236
2.096893
2.096893
1.919463
1.429133
2.374008
2.578915
2.110738
2.096893
2.096893
2.083261
1.769829
1.529883
2.438441
2.524813
2.096893
2.096893
2.072611
1.494738
1.996250
2.543344
2.285612
2.128310
2.102218
2.029158
2.037359
2.012757
2.143434
2.154829
2.119258
2.096893
2.096893
1.734364
1.810832
2.185182
2.219156
2.381037
2.186353
2.064623
2.100301
2.117767
2.096893
1.956099
2.165799
2.096893
2.096893
2.032140
1.887406
1.893050
1.735003
2.405319
2.467835
2.092846
2.096893
2.099342
2.096893
1.805613
2.204565
2.096893
2.096893
2.096893
2.060470
2.040235
1.925107
2.144818
2.219582
2.096893
2.096893
2.096893
2.096893
1.631165
2.307658
2.096893
2.096893
2.096893
2.096893
2.096893
2.080705
2.096893
2.106691
2.096893
2.096893
2.096893
2.096893
1.368747
2.236622
-1.993517
-2.864080
-2.642857
-2.773262
-3.123457
-3.306705
-2.886113
-2.190917
-2.091321
-2.484865
-2.975677
-3.146744
-3.167344
-1.999249
-1.740230
-2.316485
-2.011430
-2.198619
-2.099382
-1.753664
-1.487480
-0.834737
-0.884714
-1.574895
-1.928673
-2.215278
-2.465878
-1.810807
-1.240104
-1.921149
-2.084514
-2.170317
-1.975963
-1.441086
-0.444238
0.188264
0.585212
0.914270
-0.014151
-1.495541
-2.365387
-1.753306
-1.211623
-1.978471
-2.177482
-1.967902
-1.433563
-0.854083
-0.649519
-1.557698
-1.577223
-1.215922
-0.601154
-0.956724
-1.426756
-1.551967
-1.203025
-1.996025
-1.986890
-1.837676
-1.682193
-1.635261
-2.142910
-2.117832
-2.022178
-2.001936
-2.100277
-1.468493
-2.432739
-2.028089
-1.253718
-2.028985
-1.933868
-2.060690
-2.445995
-2.215636
-2.057645
-1.891772
-1.863112
-2.093292
-2.592701
-2.728122
-1.325907
-1.396483
-1.233118
-1.751874
-1.420844
-1.231506
-1.412963
-2.289437
-1.969514
-1.746141
-1.568088
-1.959483
-2.300006
-2.075737
-1.863829
-1.017269
-1.206607
-1.679864
-1.448072
-0.831513
-1.016373
-1.779280
-2.318993
-2.490060
-2.619033
-2.708955
-1.779459
-0.888834
-0.942214
-0.882923
-1.173469
-1.736647
-1.281841
-0.919107
0.054455
0.031347
-1.355105
-1.860962
-1.726258
-1.597465
-0.867876
-0.823810
-0.579300
-0.664207
-1.169707
-1.684521
-1.403290
-1.380541
-0.813958
-0.147602
-0.316341
-0.887759
-0.675313
-0.516964
-0.904597
-1.490346
-1.629350
-1.253002
-1.314084
-1.945511
-1.760830
-1.725183
-2.101352
-1.971485
-1.181171
-0.663312
-1.391288
-0.649161
-1.213952
-1.656577
-2.121594
-1.503423
-1.266794
-1.969872
-1.916313
-1.945332
-2.111383
-1.926344
-1.053094
-0.521084
-0.275499
-0.995953
-1.583493
-2.059078
-1.956617
-1.280050
-0.394978
-0.199549
0.080966
-0.012181
-0.082936
-0.332283
-0.599005
-0.931287
-0.984130
-0.718483
-0.394082
-0.027765
-0.055709
-0.274066
1.596390
0.880057
0.821661
0.743919
0.745531
0.762728
0.658475
0.590406
0.566403
0.660804
0.751801
0.773117
0.922152
1.075485
0.746624
0.749215
0.802519
0.816067
0.798077
0.951548
1.044756
0.898985
0.851085
1.192600
1.449569
1.334003
1.016105
0.746624
0.777274
0.948291
1.081698
1.036168
1.066596
0.994783
0.979088
0.981457
0.723230
1.425952
2.359436
2.344111
1.899468
1.096949
0.726339
0.912903
1.084586
1.150475
1.085474
0.957249
1.281070
1.246792
0.675330
0.266519
0.255266
0.884696
2.072780
1.749551
0.806147
0.869445
0.973906
0.920380
0.771129
0.689249
0.662226
0.890397
1.218364
0.664744
0.309310
0.296873
1.200818
1.673741
0.800668
0.804296
1.093618
1.010404
1.421510
1.656492
1.243979
1.136927
1.100207
0.981161
0.995894
0.525931
-0.030724
0.648086
0.796967
0.745736
0.803112
1.167503
2.162878
2.284293
1.986680
1.557657
1.370576
1.319937
1.232134
0.940221
0.375940
0.561689
0.796301
0.835242
0.701316
0.398965
0.911274
1.978314
2.012073
1.546997
1.268484
1.181569
1.270853
1.129228
0.798003
0.693617
0.801557
0.827320
1.131375
0.686805
0.492246
1.528192
2.240687
1.913239
1.566689
1.478368
1.373019
1.114125
0.802445
0.604555
0.776830
0.860709
0.995894
0.957693
0.662671
0.905055
1.985643
2.204633
1.587567
1.618735
1.241314
0.706202
0.794672
0.687176
0.786528
0.835020
1.105611
1.136483
0.820435
0.002813
0.138664
0.623063
0.377421
0.382011
0.996412
1.340000
0.962209
0.746624
0.802963
0.823323
1.130190
1.161358
1.086658
0.657562
0.351139
0.755730
0.877071
0.300649
0.792895
1.355029
1.116198
0.854417
0.886621
1.046607
1.247088
1.103020
1.069853
0.984789
0.486028
0.534223
0.753731
0.796152
0.576200
0.821916
1.078441
0.967539
0.974869
0.830134
0.510088
0.553768
0.672221
0.837611
0.740035
0.560209
0.694653
0.827024
0.551547
0.466039
0.578495
0.728856
0.748179
0.652454
0.579531
0.639794
0.628467
0.703981
0.746624
0.746624
0.746624
0.803408
0.750622
0.678440
0.599743
0.689767
-1.308681
-1.271848
-1.311087
-1.319046
-1.319046
-1.298316
-1.162460
-0.952567
-0.913236
-1.038449
-1.230850
-1.228167
-0.743785
-0.474942
-1.310347
-1.309051
-1.306275
-1.319046
-1.319046
-1.301648
-1.246861
-1.176989
-1.133123
-1.158758
-1.242974
-1.230573
-1.057606
-0.873163
-1.319046
-1.319046
-1.319046
-1.319046
-1.319046
-1.319046
-1.319046
-1.319046
-1.314696
-1.314049
-1.307478
-1.295447
-1.280270
-1.279067
-1.319046
-1.319046
-1.319046
-1.319046
-1.319046
-1.282028
-1.260928
-1.223724
-1.225946
-1.235755
-1.283601
-1.314049
-1.303406
-1.306830
-1.319046
-1.319046
-1.319046
-1.319046
-1.319046
-1.245195
-1.077133
-1.157092
-1.067601
-1.104619
-1.246306
-1.277586
-1.220763
-1.155796
-1.319046
-1.319046
-1.319046
-1.319046
-1.263519
-1.174676
-1.042984
-1.190964
-1.235200
-1.190131
-1.082686
-1.274994
-1.113596
-0.744618
-1.319046
-1.319046
-1.319046
-1.319046
-1.233719
-0.974871
-1.210398
-1.274347
-1.319046
-1.284249
-1.268701
-1.220763
-1.069822
-0.696310
-1.319046
-1.319046
-1.309792
-1.306830
-1.230573
-1.127200
-1.204198
-1.303498
-1.319046
-1.254264
-1.224835
-1.236496
-1.077596
-0.813472
-1.319046
-1.319046
-1.308681
-1.271848
-1.289339
-1.278511
-1.183930
-1.227334
-1.206141
-1.168383
-0.957565
-1.263334
-1.160516
-0.834572
-1.319046
-1.319046
-1.310347
-1.309051
-1.306275
-1.305997
-1.267776
-1.093236
-1.071303
-1.084722
-1.225205
-1.197257
-1.186799
-1.127015
-1.319046
-1.319046
-1.319046
-1.319046
-1.268146
-1.251858
-1.231591
-1.249267
-1.208269
-1.237976
-1.276105
-1.276660
-1.135622
-1.276198
-1.319046
-1.319046
-1.319046
-1.319046
-1.262038
-1.036321
-1.175323
-1.132105
-1.126552
-1.210768
-1.287951
-1.265000
-1.280084
-1.274347
-1.319046
-1.319046
-1.319046
-1.319046
-1.271200
-1.238162
-1.053071
-0.867426
-0.879457
-1.141359
-1.294799
-1.314049
-1.275642
-1.270182
-1.319046
-1.319046
-1.319046
-1.319046
-1.319046
-1.297298
-1.228814
-1.146912
-1.126552
-1.198275
-1.287118
-1.319046
-1.277586
-1.130254
1.838928
1.838928
1.838928
1.838928
1.838928
1.838928
1.838928
1.838928
1.838928
1.838928
1.838928
1.838928
1.838928
1.838928
1.838928
1.838928
1.838928
1.838928
1.838928
1.838928
1.838928
1.838928
1.838928
1.838928
1.838928
1.838928
1.838928
1.838928
1.838928
1.838928
1.838928
1.838928
1.838928
1.838928
1.799947
1.678205
1.655515
1.763464
1.829733
1.838928
1.838928
1.838928
1.838928
1.838928
1.838928
1.838928
1.838928
1.799947
1.646420
1.560061
1.602940
1.643921
1.555163
1.719385
1.838928
1.838928
1.838928
1.838928
1.838928
1.838928
1.838928
1.768162
1.645220
1.638623
1.668009
1.586748
1.487195
1.698595
1.838928
1.838928
1.838928
1.838928
1.838928
1.838928
1.838928
1.798148
1.744173
1.781356
1.832132
1.734778
1.624030
1.714188
1.838928
1.838928
1.838928
1.838928
1.838928
1.838928
1.838928
1.838928
1.838928
1.838928
1.838928
1.838928
1.838928
1.838928
1.838928
1.838928
1.838928
1.838928
1.838928
1.838928
1.838928
1.838928
1.838928
1.838928
1.838928
1.838928
1.838928
1.838928
1.838928
1.838928
1.838928
1.838928
1.838928
1.838928
1.838928
1.838928
1.838928
1.838928
1.838928
1.838928
1.838928
1.838928
1.838928
1.838928
1.838928
1.838928
1.838928
1.838928
1.838928
1.838928
1.838928
1.838928
1.838928
1.838928
1.838928
1.838928
1.838928
1.838928
1.838928
1.838928
1.838928
1.838928
1.838928
1.838928
1.838928
1.838928
1.838928
1.838928
1.838928
1.838928
1.838928
1.838928
1.838928
1.838928
1.838928
1.838928
1.838928
1.838928
1.838928
1.838928
1.838928
1.838928
1.838928
1.838928
1.838928
1.838928
1.838928
1.838928
1.838928
1.838928
1.838928
1.838928
1.838928
1.838928
1.838928
1.838928
1.838928
1.838928
1.838928
1.838928
1.838928
1.838928
1.838928
1.838928
1.838928
1.838928
1.838928
1.838928
1.838928
1.838928
1.838928
1.838928
1.838928
1.838928
1.288614
-1.154664
-2.529678
-2.300195
-2.360067
-2.479665
-2.657249
-2.769164
-2.685518
-2.725964
-2.624922
-2.394714
-0.613356
1.729024
-2.269027
-3.474575
-4.342494
-4.229274
-4.270010
-4.302917
-4.445420
-4.485286
-4.476298
-4.447595
-4.358440
-4.207384
-3.148253
-1.324566
-3.674920
-4.097354
-4.648664
-4.608943
-4.320748
-3.873090
-4.568643
-4.589808
-4.624310
-4.655478
-4.301613
-3.917305
-3.425576
-2.724369
-3.865986
-4.188684
-4.594012
-4.463542
-3.945283
-4.302483
-4.307992
-3.906722
-3.921944
-4.356845
-4.410338
-4.357280
-3.016188
-2.542000
-3.896140
-4.256673
-4.494129
-3.926583
-4.307702
-3.554307
-2.803087
-3.409484
-3.357441
-3.267706
-2.874556
-4.241451
-3.565904
-2.796708
-3.924408
-4.403815
-4.563859
-3.947168
-4.266531
-2.829036
-2.780761
-2.754668
-2.622892
-2.864118
-2.921525
-3.700869
-3.963259
-2.470242
-3.948183
-4.381780
-4.678963
-4.645185
-4.362499
-2.916161
-2.931673
-2.486043
-2.273666
-2.686678
-3.475734
-4.436432
-4.261457
-2.735097
-3.912231
-4.342638
-4.604739
-4.584444
-4.292045
-2.780472
-3.011694
-2.514312
-2.448642
-2.735677
-3.280899
-4.118809
-4.257398
-2.983716
-3.905128
-4.350612
-4.442666
-3.692171
-4.127072
-2.215244
-2.701900
-2.860204
-2.912102
-3.168114
-2.386161
-2.138846
-3.976306
-3.006476
-3.920494
-4.206949
-4.443681
-3.449060
-4.051254
-2.836139
-1.859785
-2.712192
-3.051126
-2.618253
-1.373709
-3.733486
-3.623311
-3.147529
-3.966159
-4.172012
-4.574152
-4.112286
-3.695215
-3.676804
-4.017912
-4.200136
-4.429474
-3.940789
-3.988774
-3.546479
-3.149993
-2.739156
-3.986019
-4.218982
-4.636922
-4.520369
-4.221156
-3.520094
-3.968623
-4.615032
-4.712305
-4.546607
-3.886427
-3.966014
-3.663757
-2.777427
-3.382086
-4.044441
-4.646055
-4.653738
-4.659827
-4.591258
-4.634748
-4.713900
-4.727817
-4.709696
-4.625905
-4.575021
-3.513716
-2.102315
-0.989836
-4.173752
-4.704187
-4.637067
-4.643156
-4.717959
-4.727817
-4.727817
-4.727817
-4.721583
-4.690850
-4.714190
-3.950357
-0.414026
2.025512
2.030375
2.035238
2.003140
2.001195
1.957858
2.208480
2.105270
1.998061
1.984876
2.063553
1.920140
2.032969
2.037616
2.025512
2.085816
2.299802
2.290940
2.579279
1.963153
1.884043
1.869454
2.014920
2.017946
2.455644
1.920248
1.952994
2.023998
2.025512
2.138448
2.595599
2.245981
1.839733
1.852378
2.305962
1.944132
1.924463
1.878856
2.172491
1.948563
1.993414
2.024755
2.025512
2.445052
2.516921
1.714260
1.866752
2.504709
1.860916
2.311582
2.333737
1.476066
1.981201
2.080845
2.025512
2.025512
2.025512
2.888261
1.471095
2.420628
1.779212
2.086033
2.190648
2.825038
2.755980
1.541126
1.549664
1.929758
2.105053
2.025512
2.025512
3.107759
1.270511
1.938296
1.992225
2.037075
2.869457
2.565446
3.173791
2.265867
1.704750
1.508272
2.084736
2.025512
2.025512
2.992012
2.128505
1.464503
2.071983
2.195079
2.538104
2.117806
2.921224
2.695674
1.557121
1.401604
2.065499
2.025512
2.025512
3.140181
1.903929
1.444509
2.064958
2.154443
2.486985
1.998925
2.988986
2.592789
1.468501
1.647687
2.014488
2.025512
2.025512
3.347573
1.704533
1.597649
1.896472
2.189567
2.879075
2.444188
3.320230
2.183947
1.204586
1.872372
2.022161
2.025512
2.025512
3.097275
1.885664
2.000222
1.816173
1.863293
2.221557
2.234742
2.566635
1.555500
1.730579
2.018379
2.025512
2.025512
2.025512
2.426140
2.859946
1.613536
2.291696
1.664871
2.025620
1.909549
2.145365
1.893446
2.022161
2.033617
2.001195
2.034157
2.025512
2.130775
2.679031
2.647582
2.076738
1.708208
2.469909
1.595596
2.042587
2.058366
1.991468
2.021297
1.994927
2.034806
2.025512
2.107647
2.275485
2.440513
2.526432
2.184379
2.108296
1.617859
1.921761
2.298181
2.383235
1.889015
1.850865
2.059987
2.025512
2.039345
2.046694
2.061716
2.200266
2.273756
2.222637
2.109701
1.974825
1.977527
2.164818
2.239929
1.793802
2.020324
0.218595
-1.753726
-1.746056
-1.806422
-1.732136
-1.832698
-1.662112
-1.568794
-1.693645
-1.759834
-1.891928
-1.785684
-2.014363
-0.563033
0.490737
-1.713246
-1.719353
-1.795911
-1.698900
-1.838948
-1.592941
-0.715865
-1.038572
-1.622200
-1.854288
-1.873463
-1.962378
-0.287908
0.420855
-1.623052
-1.655721
-1.856987
-1.596776
-1.209726
-1.066837
0.196437
-0.396424
-1.573340
-1.376477
-1.464398
-1.660266
-0.428382
0.457642
-1.702167
-1.672907
-1.904001
-1.186858
-0.395572
-0.679645
-0.013920
0.193312
-0.726375
-0.470851
-0.157092
-0.805490
-0.890712
0.454944
-1.735687
-1.813097
-1.493657
-0.665726
0.045168
-0.664873
-0.833755
-0.737880
-0.914290
-1.193676
0.054684
-0.069740
-1.120669
0.475397
-1.773611
-2.067627
-1.345229
-0.513888
-0.783190
-1.479879
-1.410850
-1.512548
-1.367244
-2.027573
0.080819
-0.157519
-1.060587
0.459489
-1.794349
-2.305254
-1.326622
-0.546983
-1.931556
-1.819063
-1.557431
-1.645352
-1.568652
-2.191341
-0.255098
-0.933607
-0.865713
0.447416
-1.765089
-2.264064
-1.108312
-0.975791
-1.920335
-1.821478
-1.609275
-1.574760
-1.631006
-2.095182
-0.306089
-0.909744
-0.839720
0.440740
-1.741937
-1.957549
-1.446643
-1.186006
-1.071808
-1.917210
-1.610127
-1.502747
-1.763953
-1.528598
0.108942
-0.359069
-1.233730
0.432218
-1.717791
-1.749607
-1.738812
-0.668992
0.088063
-1.239127
-1.102488
-0.795547
-1.304890
0.152406
0.747681
-0.197999
-1.140128
0.434348
-1.666232
-1.631149
-1.893064
-0.927215
0.088773
-0.577521
-1.281738
-0.966701
-1.604446
0.993546
-0.180670
-1.300345
-0.768134
0.448694
-1.667084
-1.578595
-1.798610
-1.461983
-1.165126
-1.181461
-1.409571
-1.174075
-1.727733
-0.476249
-1.473772
-1.867923
-0.246292
0.380090
-1.631006
-1.448915
-1.590668
-1.491668
-1.435564
-1.436700
-1.142258
-1.179046
-1.579731
-1.358580
-1.650750
-1.803581
0.082239
-0.216606
-1.989933
-1.826875
-1.879002
-1.855708
-1.810967
-1.767930
-1.602599
-1.642085
-1.820057
-1.818637
-1.974025
-2.036237
-0.528376
0.878838
0.350011
-0.128185
-0.210142
-0.247226
-0.166031
-0.262974
-0.372448
-0.447378
-0.395562
-0.295655
-0.133350
0.381677
0.826430
-0.135720
0.189314
-0.072729
-0.123613
-0.128524
-0.010414
0.057404
-0.214376
-0.125052
0.054948
0.071882
-0.008467
0.352382
0.530605
-0.530012
0.162306
-0.097959
-0.009652
0.252730
0.593004
0.664886
-0.235457
0.324611
0.779948
1.037165
0.540680
0.445685
0.263313
-0.520445
0.114808
-0.023791
0.474640
0.617981
0.971125
0.780117
-0.076539
0.342815
0.795696
1.012950
0.524170
0.820757
0.309202
-0.515026
0.131657
-0.018796
0.591142
-0.166708
0.286850
0.631273
0.246718
0.051054
0.480482
0.441620
-0.130640
0.736599
0.260603
-0.495722
0.162221
0.167724
-0.313859
-0.662261
0.190754
0.090593
-0.310303
-0.276860
0.039031
0.413173
-0.554566
-0.733550
-0.020659
-0.495976
0.173143
0.355261
-0.433239
-0.393191
0.380406
-0.135128
-0.104733
0.029549
0.125306
0.395477
0.272118
-0.266191
-0.056388
-0.515450
0.135382
0.235373
-0.367622
-0.471677
0.286173
-0.274573
-0.193378
-0.032597
0.032597
0.355853
0.402589
-0.022606
0.054356
-0.516720
0.104225
-0.020743
-0.082550
-0.683005
0.220641
-0.185928
-0.541104
-0.427058
-0.253661
0.607482
0.221149
-0.167724
0.095588
-0.510793
0.091524
-0.215815
0.385910
0.351705
0.584538
0.535516
-0.094742
0.061214
0.494622
0.559561
0.607990
0.856910
0.345778
-0.504274
0.097282
-0.224112
0.029125
0.745573
0.528742
0.297179
0.500633
0.871896
0.420200
0.279569
0.754717
0.615441
0.157310
-0.549232
0.033613
-0.290999
-0.352128
0.017357
0.451527
0.574801
0.943608
1.206244
0.770804
0.387773
0.322410
0.173397
-0.030819
-0.336211
0.246634
-0.135128
-0.193124
-0.118364
-0.099568
-0.021167
-0.091016
-0.135297
-0.172381
-0.190246
-0.052832
0.226059
0.155871
0.346371
0.121327
-0.307678
-0.400980
-0.430868
-0.451103
-0.534415
-0.662261
-0.679703
-0.578696
-0.442467
-0.330030
-0.023368
0.499532
-1.412479
-1.412479
-1.412479
-1.412479
-1.412479
-1.412479
-1.412479
-1.412479
-1.412479
-1.412479
-1.412479
-1.412479
-1.412479
-1.412479
-1.412479
-1.412479
-1.412479
-1.412479
-1.412479
-1.412479
-1.412479
-1.412479
-1.412479
-1.412479
-1.412479
-1.412479
-1.412479
-1.412479
-1.412479
-1.412479
-1.412479
-1.412479
-1.412479
-1.412479
-1.412479
-1.412479
-1.412479
-1.412479
-1.412479
-1.412479
-1.412479
-1.412479
-1.412479
-1.412479
-1.412479
-1.412479
-1.412479
-1.412479
-1.412479
-1.412479
-1.412479
-1.412479
-1.412479
-1.412479
-1.412479
-1.412479
-1.412479
-1.412479
-1.412479
-1.412479
-1.412479
-1.412479
-1.412479
-1.412479
-1.412479
-1.412479
-1.412479
-1.412479
-1.412479
-1.412479
-1.412479
-1.412479
-1.412479
-1.412479
-1.412479
-1.412479
-1.412479
-1.412479
-1.412479
-1.412479
-1.412479
-1.412479
-1.412479
-1.412479
-1.412479
-1.412479
-1.412479
-1.412479
-1.412479
-1.412479
-1.412479
-1.412479
-1.412479
-1.412479
-1.412479
-1.412479
-1.412479
-1.412479
-1.412479
-1.412479
-1.412479
-1.412479
-1.412479
-1.412479
-1.412479
-1.412479
-1.412479
-1.412479
-1.412479
-1.412479
-1.412479
-1.412479
-1.412479
-1.412479
-1.412479
-1.412479
-1.412479
-1.412479
-1.412479
-1.412479
-1.412479
-1.412479
-1.412479
-1.412479
-1.412479
-1.412479
-1.412479
-1.412479
-1.412479
-1.412479
-1.412479
-1.412479
-1.412479
-1.412479
-1.412479
-1.412479
-1.412479
-1.412479
-1.412479
-1.412479
-1.412479
-1.412479
-1.412479
-1.412479
-1.412479
-1.412479
-1.412479
-1.412479
-1.412479
-1.412479
-1.412479
-1.412479
-1.412479
-1.412479
-1.412479
-1.412479
-1.412479
-1.412479
-1.412479
-1.412479
-1.412479
-1.412479
-1.412479
-1.412479
-1.412479
-1.412479
-1.412479
-1.412479
-1.412479
-1.412479
-1.412479
-1.412479
-1.412479
-1.412479
-1.412479
-1.412479
-1.412479
-1.412479
-1.412479
-1.412479
-1.412479
-1.412479
-1.412479
-1.412479
-1.412479
-1.412479
-1.412479
-1.412479
-1.412479
-1.412479
-1.412479
-1.412479
-1.412479
-1.412479
-1.412479
-1.412479
-1.185992
-1.195627
-1.388288
-1.477441
-1.479533
-1.455883
-1.524353
-1.543089
-1.543089
-1.543089
-1.508002
-1.352082
-1.022967
-0.829430
-1.075038
-1.122339
-1.400114
-1.498269
-1.508732
-1.482307
-1.519779
-1.543089
-1.543089
-1.543089
-1.537638
-1.406002
-0.921405
-0.553164
-0.950604
-0.910018
-1.258404
-1.445712
-1.469460
-1.472818
-1.510094
-1.543089
-1.543089
-1.543089
-1.502552
-1.351888
-0.805828
-0.322740
-1.010460
-0.991628
-1.300304
-1.508635
-1.540120
-1.543089
-1.543089
-1.543089
-1.543089
-1.518027
-1.420893
-1.334709
-0.993623
-0.344736
-1.012602
-0.904616
-1.156550
-1.356657
-1.249547
-1.347800
-1.251932
-1.353542
-1.335439
-1.221273
-1.139469
-1.304829
-0.870503
-0.240255
-0.985447
-0.699011
-0.703342
-1.075378
-0.862960
-0.705580
-0.850842
-1.160638
-1.219083
-0.988708
-0.685044
-1.089588
-0.534818
-0.041705
-0.978926
-0.690786
-0.652634
-0.870989
-0.443524
-0.163219
-0.449656
-0.877413
-1.039270
-0.787238
-0.589468
-1.050316
-0.479487
0.064139
-0.969047
-0.645091
-0.595940
-0.754731
-0.220010
-0.231008
-0.467272
-0.975714
-1.163898
-0.919994
-0.852594
-0.823980
0.012993
0.318847
-0.992212
-0.797750
-0.952453
-1.108665
-0.672148
-0.674679
-0.904081
-1.182926
-1.329113
-1.208572
-1.237624
-1.250374
-0.421771
0.255876
-0.992941
-0.944131
-1.222928
-1.218061
-1.143605
-1.239376
-1.396172
-1.447464
-1.480263
-1.464058
-1.470141
-1.187208
-0.405080
0.150323
-1.054307
-1.052847
-1.350525
-1.497101
-1.540120
-1.543089
-1.543089
-1.543089
-1.543089
-1.543089
-1.543089
-1.486736
-0.887973
-0.357146
-1.060487
-1.215531
-1.447561
-1.533210
-1.537590
-1.543089
-1.543089
-1.543089
-1.543089
-1.543089
-1.543089
-1.488974
-1.108713
-0.789866
-1.201224
-1.343274
-1.499096
-1.543089
-1.543089
-1.543089
-1.543089
-1.543089
-1.543089
-1.543089
-1.543089
-1.485178
-1.260886
-1.104285
-1.349941
-1.442792
-1.543089
-1.543089
-1.543089
-1.543089
-1.543089
-1.543089
-1.543089
-1.543089
-1.543089
-1.543089
-1.487855
-1.424202
2.127599
2.127599
2.127599
2.127599
2.127599
2.127599
2.127599
2.127599
2.127599
2.127599
2.127599
2.127599
2.127599
2.127599
2.127599
2.127599
2.127599
2.127599
2.127599
2.127599
2.127599
2.127599
2.127599
2.127599
2.127599
2.127599
2.127599
2.127599
2.127599
2.127599
2.127599
2.127599
2.127599
2.127599
2.032645
1.819126
1.812343
2.030385
2.127599
2.127599
2.127599
2.127599
2.127599
2.127599
2.127599
2.127599
2.127599
1.964822
1.633991
1.780315
1.753688
1.306113
1.588838
1.973676
2.127599
2.127599
2.127599
2.127599
2.127599
2.127599
1.981778
1.614147
1.874578
1.628905
1.715883
1.823270
1.953769
1.745901
2.105996
2.127599
2.127599
2.127599
2.127599
2.127599
1.902650
1.882742
1.668469
1.571506
1.517623
1.481513
1.670729
1.552540
2.017071
2.127599
2.127599
2.127599
2.127599
2.127599
1.816990
1.862332
1.445278
1.528864
1.579544
1.522333
1.699617
1.880230
1.961242
2.127599
2.127599
2.127599
2.127599
2.127599
1.838468
1.816111
1.471151
1.508957
1.542241
1.371927
1.567235
1.791808
1.993270
2.127599
2.127599
2.127599
2.127599
2.127599
1.984164
2.050104
1.791054
1.409607
1.382603
1.489614
1.795953
1.687874
2.080436
2.127599
2.127599
2.127599
2.127599
2.127599
2.046462
1.807947
1.853163
2.138463
2.054500
2.072084
2.013178
1.867105
2.125275
2.127599
2.127599
2.127599
2.127599
2.127599
2.127599
2.054500
2.039302
1.702067
1.665391
1.684232
1.832251
2.030008
2.127599
2.127599
2.127599
2.127599
2.127599
2.127599
2.127599
2.094189
2.074847
2.095069
2.127599
2.127599
2.127599
2.127599
2.127599
2.127599
2.127599
2.127599
2.127599
2.127599
2.127599
2.127599
2.127599
2.127599
2.127599
2.127599
2.127599
2.127599
2.127599
2.127599
2.127599
2.127599
2.127599
2.127599
2.127599
2.127599
2.127599
2.127599
2.127599
2.127599
2.127599
2.127599
2.127599
2.127599
0.571114
0.525674
0.415128
0.648961
0.788016
0.788016
0.788016
0.788016
0.788016
0.788016
0.675609
0.542779
0.263622
0.364742
0.510081
0.522241
0.430837
0.676481
0.788016
0.788016
0.544466
0.542372
0.384815
0.758343
0.698649
0.546736
0.197004
0.276364
0.476510
0.458881
0.349208
0.640409
0.347753
0.377833
-0.102924
0.715638
0.600554
0.624059
0.524103
0.201193
-0.133353
0.081513
0.566110
0.604918
0.515259
0.321804
-0.170182
-0.184262
-0.153368
0.605441
0.528990
0.649892
0.527826
0.322211
-0.149237
0.389063
0.540568
0.577747
0.472205
0.124451
-0.231331
-0.317324
0.180364
0.788016
0.788016
0.622314
0.509674
0.204568
-0.059229
0.030196
0.553834
0.639768
0.224873
-0.312495
-0.387492
-0.215680
0.569892
0.788016
0.788016
0.788016
0.539463
0.201891
0.240873
0.217717
0.524743
0.616088
0.245237
0.287710
0.341121
0.383070
0.788016
0.788016
0.788016
0.788016
0.788016
0.253033
0.497921
0.275375
0.519216
0.620394
0.155811
0.057542
0.049338
0.045266
0.788016
0.788016
0.788016
0.788016
0.713078
0.331462
0.384815
0.314299
0.505950
0.610154
0.464932
0.198749
0.047476
-0.305979
0.179724
0.788016
0.788016
0.619405
0.290328
0.068887
0.150982
0.555987
0.525674
0.606372
0.471797
0.120669
-0.141789
-0.396626
-0.190953
0.446779
0.788016
0.316742
0.127768
-0.185717
0.210677
0.485412
0.476917
0.475754
0.324306
0.329717
-0.069120
0.004015
-0.286779
0.250822
0.150051
0.333499
0.285673
0.120902
0.063476
0.421935
0.395753
0.314764
0.098327
0.413615
0.313601
0.270197
0.011636
0.474823
0.485295
0.415186
0.545165
0.215855
0.058240
0.134982
0.352582
0.244539
0.005585
0.276888
0.554939
0.648961
0.342692
0.520321
0.380219
0.769282
0.680729
0.366139
-0.118982
0.064698
0.476626
0.423448
0.275026
0.435375
0.628190
0.691318
0.788016
0.788016
0.788016
0.773121
0.703303
0.460568
0.186415
0.332568
-0.244784
-0.661315
-0.563269
-0.543926
-0.356837
-0.191425
-0.097713
0.056026
-0.017676
-0.020010
-0.191091
-0.295474
-0.571939
-0.106051
-0.820391
-0.252788
-0.003335
0.272130
0.385851
0.478895
0.056360
-0.357838
-0.653979
-0.467557
0.037351
0.201763
0.127061
0.156741
-1.085851
-0.766033
-0.496903
-0.120724
0.000333
-0.399190
0.013340
0.466556
1.258266
0.518247
-0.018342
0.046355
0.080038
0.202096
-1.219582
-0.908100
-0.303479
0.387184
0.478561
0.984469
-0.624298
1.154551
0.437208
-0.635303
-0.874751
0.071034
0.113388
0.278133
-1.223917
-0.814055
-0.234446
0.033015
1.066175
1.958267
1.381659
1.557076
1.354312
0.892092
0.597285
1.247595
0.097380
0.791711
-1.213579
-0.815390
-0.267795
-0.515579
2.070654
1.586423
1.932588
1.276942
0.984469
1.096189
1.083183
0.600620
0.349500
0.669319
-1.204242
-0.665318
-0.498238
-0.061029
1.945928
1.197238
1.771845
1.318629
1.211911
1.285947
1.297619
1.386995
0.145736
0.902097
-1.206576
-0.745357
-0.521916
0.033350
1.411006
0.694331
1.668462
1.400001
1.157886
1.298620
0.914770
0.829729
0.268461
0.740353
-1.216580
-0.833065
-0.563936
-0.692998
1.565079
1.573750
1.427347
1.045499
0.898762
1.265270
1.423012
-0.445546
-1.046166
0.779705
-1.224584
-0.838067
-0.479896
-0.599953
0.293139
1.295284
1.914580
1.297619
0.950453
1.455361
0.183421
0.553597
0.016341
0.414864
-1.146881
-0.930778
-0.626966
-0.411530
-0.233778
-0.240115
1.527395
-0.377513
-1.478706
0.169414
0.694331
-0.403193
0.046689
0.213101
-1.142211
-0.952788
-0.734017
-0.758029
-0.309815
0.256455
-0.021344
-1.921917
-1.980278
-0.134731
0.043687
0.031015
-0.302812
0.016674
-0.968129
-0.844069
-0.819725
-0.707671
-0.565270
-0.626632
-0.798715
-0.957124
-0.973798
-0.743689
-0.622964
-0.376514
-0.539258
-0.253788
-0.241116
-0.454217
-0.123059
-0.175417
-0.078704
0.070033
-0.091711
-0.019009
-0.018676
-0.008337
0.003668
-0.056360
-0.041019
-0.170082
1.640576
1.574317
1.432333
1.340192
1.288575
1.308246
1.377241
1.457624
1.476777
1.568771
1.467459
1.442760
1.693006
1.533792
1.544145
1.708166
1.565665
1.677033
1.634586
1.694485
1.474928
1.419540
1.292938
1.574613
1.647971
1.679843
1.795722
1.553093
1.469456
1.688939
1.278074
1.461617
0.967115
0.940641
1.043505
1.546808
1.717188
1.136830
1.396763
1.467681
1.666976
1.669268
1.375984
1.455184
1.124037
1.323775
0.856191
1.292420
1.101186
0.914241
0.946113
0.398959
1.319116
0.905811
1.261509
1.600347
1.403345
1.467459
1.432777
1.328286
0.955061
1.184823
0.930066
1.055855
1.298780
1.021616
2.098917
1.412145
1.520186
1.810660
1.357792
1.461543
1.644791
1.133798
0.775068
1.115237
0.471726
0.666288
0.623101
0.722415
1.156427
0.633750
0.882739
1.987105
1.343076
1.535715
1.566848
0.786530
0.650019
1.339304
1.026349
0.878819
0.682778
0.871276
1.324662
1.605672
1.156870
2.069485
1.330726
1.506061
1.522256
1.345590
1.155169
1.203015
0.988339
0.926517
0.949959
0.939088
1.256037
1.368441
0.926443
1.892227
1.359197
1.479144
1.439654
1.400683
1.055263
0.814335
1.129953
0.828607
0.863512
0.546489
1.065542
1.046242
0.908991
1.989249
1.407930
1.489201
1.212185
1.377093
0.917199
0.719753
1.021173
0.953952
0.952547
1.091721
1.502142
1.646788
1.146813
1.599534
1.403123
1.461469
1.147405
1.467016
1.347957
1.081811
1.114793
0.957945
0.533622
1.142598
0.724708
1.401348
1.470639
1.709275
1.466054
1.650189
1.223869
1.243540
1.234444
1.409261
1.600051
1.796462
1.235257
1.850297
1.119378
1.652038
1.498223
1.486539
1.554350
1.715339
1.541483
1.467681
1.293382
1.199244
1.180830
1.248272
1.120709
1.489792
1.263432
1.642425
1.514861
1.585631
1.613362
1.584522
1.437584
1.423829
1.352985
1.336420
1.346182
1.352172
1.360972
1.395063
1.341893
1.466572
1.521295
1.695151
1.693599
1.355016
1.154838
1.263821
1.368016
1.470549
1.154447
1.145454
1.145454
1.145454
1.149364
1.258934
1.243882
1.883026
1.610322
1.334490
1.232446
1.449436
0.888291
0.794067
0.992584
1.145454
1.145454
1.145454
1.098537
1.036080
0.997373
1.532811
1.625472
0.976456
0.887998
1.241341
1.039598
1.414248
1.346903
1.151319
1.145454
1.145454
1.136853
1.150146
0.674918
1.942356
2.006378
1.248280
1.040673
1.208987
1.119455
1.059636
0.979779
1.045756
1.145454
1.145454
1.149364
1.197160
0.830818
2.199616
1.957408
1.224724
1.146725
1.205469
1.292656
1.120432
1.932288
1.673855
1.661930
1.644727
1.500458
1.070290
1.023862
2.412110
1.957017
1.254243
1.432136
1.095410
1.306633
1.414151
1.240656
0.821924
0.852908
0.949772
1.624104
1.230100
0.947817
2.173714
1.930920
1.215634
1.283566
0.620768
0.902464
0.734052
1.272716
1.181619
1.247987
1.143695
1.203025
0.465747
1.084854
2.150842
1.950273
1.261964
1.389324
1.045952
1.129033
0.987990
1.306828
1.201559
1.262453
1.142913
1.078402
0.499175
0.777744
2.019866
1.961123
1.237822
1.300573
1.037350
1.104891
1.401053
1.087199
0.644129
0.565445
0.865224
1.580119
1.146236
1.080650
2.252007
1.990543
1.221694
1.271934
1.204296
1.095019
1.102447
1.633096
1.633585
1.641209
1.756839
1.133236
1.100492
0.930517
2.391096
2.003641
1.231957
1.036764
1.140176
1.102154
1.148582
1.145454
1.145454
1.145454
1.145454
1.143304
1.181815
0.912239
2.235391
1.744328
0.757706
0.832382
1.090816
0.917126
1.092282
1.145454
1.145454
1.145454
1.145454
1.145454
1.028162
0.449131
1.703080
1.443767
1.245739
1.278092
1.398316
1.245934
1.143108
1.145454
1.145454
1.145454
1.145454
1.145454
1.123951
1.167056
1.736508
1.844613
1.196379
1.143988
1.145454
1.145454
1.145454
1.145454
1.145454
1.145454
1.145454
1.145454
1.145454
1.114274
1.530954
-0.646977
-0.585862
-0.495980
-0.404413
-0.348040
-0.422221
-0.591973
-0.658357
-0.658357
-0.589023
-0.441398
-0.463315
-0.632857
-0.683646
-0.707670
-0.701980
-0.731800
-0.758986
-0.807983
-0.765519
-0.878898
-1.046121
-0.936747
-0.778690
-0.768996
-0.689336
-0.604196
-0.617578
-0.556358
-0.605355
-0.617473
-0.575852
-0.794074
-1.108290
-0.644237
0.371116
0.339821
-0.488499
-0.964775
-0.963721
-0.744656
-0.565947
-0.594607
-0.586283
-0.632014
-1.026312
-0.962457
0.197781
0.398934
-0.649506
-1.033582
-0.679747
-0.348567
-0.329916
-0.609043
-0.597874
-0.605988
-0.619159
-0.719472
-0.385552
0.571637
0.074076
-0.948232
-1.008610
-0.754244
-0.577537
0.149100
0.444876
-0.466371
-0.777321
-0.642762
-0.690600
-0.783432
-0.548560
-0.197465
-0.822314
-0.926736
-0.693445
-0.649400
-0.843599
-1.234103
-0.396721
0.457625
-0.128342
-0.611045
-0.641814
-0.249202
0.030874
-0.109796
-0.539604
-0.442452
-0.410735
-0.400725
-0.457625
-0.738017
-0.717575
-0.064065
-0.387870
-0.589234
-0.622847
-0.859088
-0.617368
-0.132978
-0.514842
-0.593027
-0.487024
-0.470481
-0.524536
-0.910404
-1.162451
-0.571637
-0.615998
-0.626008
-0.651718
-0.791124
-0.585546
0.029609
-0.548877
-0.832640
-0.874894
-0.880900
-0.902923
-0.774054
-0.087563
0.187349
-0.458363
-0.600719
-0.575641
-0.754666
-0.924734
-0.452041
-0.691759
-0.805454
-0.720947
-0.801661
-0.970465
-0.215062
0.200626
-0.737280
-0.908613
-0.575957
-0.566368
-0.555515
-0.979843
-0.689231
0.185136
0.048471
-0.588812
-0.430334
0.626113
0.554356
-0.576168
-0.872049
-0.503672
-0.631803
-0.675005
-0.708829
-0.705774
-1.054551
-1.067512
-0.416109
-0.149943
-0.576378
-1.268981
-1.435361
-1.104602
-0.743391
-0.641287
-0.661307
-0.683224
-0.682592
-0.681222
-0.672687
-0.841281
-1.030527
-0.948021
-0.859404
-0.821471
-0.773316
-0.692286
-0.705141
-0.706406
-0.690390
-0.673952
-0.638547
-0.600824
-0.605882
-0.643605
-0.658357
-0.658357
-0.658357
-0.658357
-0.638547
-0.620634
-0.643605
-0.658357
-1.000606
-0.557932
-0.487385
-0.553551
-0.469861
-0.324709
-0.164609
-0.057597
-0.052572
-0.098959
-0.234254
-0.290563
-0.459875
-0.998866
-0.342233
0.437519
0.489254
0.432043
0.612180
0.768156
0.808293
0.703472
0.444349
0.348418
0.397060
0.598586
0.567919
-0.238700
-0.412844
0.244305
0.338303
0.444864
0.452338
0.148503
-0.244047
-0.523529
-0.827685
-1.019676
-0.768349
-0.079115
0.406595
-0.198111
-0.526621
0.077634
0.417998
0.603675
0.219823
-0.526557
-1.113223
-1.232347
-1.306438
-1.319001
-1.009432
-0.058306
0.633827
0.107334
-0.490220
0.221240
0.726021
0.834966
0.247526
-0.585249
-1.107554
-1.212504
-1.124755
-1.009303
-0.588535
0.120735
0.882577
0.607347
-0.466318
0.372513
0.786453
0.465416
-0.167573
-0.689878
-1.189311
-1.367900
-1.380786
-1.242656
-1.058912
-0.990555
-0.167766
0.494344
-0.461679
0.415292
0.598328
-0.244047
-0.881997
-0.913373
-1.147562
-1.396699
-1.458677
-1.320483
-1.159997
-1.265720
-0.494601
0.447183
-0.491315
0.427082
0.958214
0.438486
-0.298809
-0.608958
-0.972967
-1.308950
-1.425755
-1.316102
-1.170627
-1.165537
-0.348869
0.435007
-0.471987
0.325804
0.952222
0.817699
-0.029636
-0.623196
-0.948227
-1.217529
-1.331113
-1.313718
-1.257087
-1.067738
-0.059852
0.500979
-0.483649
0.146312
0.589952
0.590597
-0.283154
-1.131585
-1.334592
-1.394251
-1.406878
-1.402820
-1.314298
-0.795215
0.200366
0.362463
-0.482167
0.063718
0.275938
0.459553
-0.014431
-0.795859
-1.225776
-1.380657
-1.289623
-1.162831
-1.000799
-0.378505
0.293462
-0.016235
-0.423539
0.125245
0.138452
0.195663
0.246238
0.102051
-0.228649
-0.648967
-0.540215
-0.166800
-0.072286
0.076925
0.226845
-0.278966
-0.541375
-0.038849
-0.095995
-0.250747
-0.203523
0.051863
0.297843
0.183229
0.179685
0.221047
0.041491
-0.058692
-0.018039
-0.332118
-1.126495
-0.933989
-0.983919
-1.094153
-1.130811
-0.991071
-0.730982
-0.622359
-0.623132
-0.730531
-0.906930
-0.998544
-0.890050
-0.878260
0.484905
0.429510
0.212193
0.188398
0.246682
0.273227
0.068599
-0.021078
-0.016849
0.034936
0.191424
0.311842
0.363283
0.394092
0.653153
0.455230
0.155973
0.131146
0.115467
0.028849
0.048243
-0.021594
0.024311
0.079052
0.086927
0.115501
0.344612
0.347087
0.979437
0.733718
0.410288
0.256653
0.283302
0.338732
0.049515
-0.031910
-0.031910
0.007290
0.202771
0.378894
0.585998
0.847672
0.807166
0.633863
0.283405
0.136614
-0.014304
-0.031910
-0.031910
-0.031910
-0.031910
-0.031910
-0.031910
-0.007152
0.336875
0.579190
0.817894
0.663400
0.268001
0.057974
-0.031910
-0.031910
-0.014579
0.039784
0.091294
0.095832
0.008837
-0.031910
0.198748
0.567739
0.865655
0.707826
0.321436
0.025136
-0.031910
0.020081
0.138918
0.097345
0.083522
0.117461
0.137748
0.011554
0.167182
0.467265
0.866274
0.686748
0.188433
-0.020906
-0.031910
0.058146
0.142219
0.210302
0.228114
0.297125
0.091122
0.008184
0.170587
0.430128
0.856062
0.687057
0.167354
-0.018327
-0.031910
0.072691
0.294581
0.315109
0.307200
0.341964
0.240871
0.007634
0.180283
0.461385
0.833780
0.674575
0.213053
0.019669
-0.031910
0.024723
0.185235
0.139330
0.157726
0.175469
0.079362
-0.027508
0.204835
0.545148
0.811601
0.632797
0.190633
0.033320
-0.031910
-0.013342
0.086204
0.187504
0.203837
0.231277
0.025308
-0.031910
0.212468
0.504917
0.805618
0.610962
0.260573
0.050856
-0.026477
-0.031910
-0.031910
-0.031910
-0.031910
-0.031910
-0.031910
-0.004676
0.288288
0.594010
0.812117
0.478027
0.106595
0.001685
-0.027577
-0.031910
-0.031910
-0.031910
-0.031910
-0.031910
-0.031910
-0.008081
0.155113
0.423836
0.471597
0.341998
0.064404
0.001032
-0.027508
-0.031910
-0.031910
-0.031910
-0.031910
-0.031910
-0.031910
-0.009215
0.162953
0.287429
0.444055
0.099924
-0.031910
-0.031910
-0.031910
-0.031910
-0.031910
-0.031910
-0.031910
-0.031910
-0.031910
-0.031910
-0.003026
0.090847
1.870102
1.870102
1.870102
1.870102
1.870102
1.870102
1.870102
1.870102
1.870102
1.870102
1.870102
1.870102
1.870102
1.870102
1.870102
1.870102
1.870102
1.870102
1.870102
1.870102
1.870102
1.870102
1.870102
1.870102
1.870102
1.870102
1.870102
1.870102
1.870102
1.870102
1.870102
1.870102
1.828374
1.829813
1.829813
1.870102
1.870102
1.870102
1.870102
1.870102
1.870102
1.870102
1.870102
1.870102
1.870102
1.870102
1.696314
2.011755
1.613177
1.749234
1.802953
1.870102
1.870102
1.870102
1.870102
1.870102
1.870102
1.870102
1.870102
1.870102
1.604064
2.545910
1.943646
2.266921
1.814464
1.870102
1.870102
1.870102
1.870102
1.870102
1.870102
1.870102
1.870102
1.846920
1.532918
2.187461
2.129905
1.986494
1.818141
1.870102
1.870102
1.870102
1.870102
1.870102
1.870102
1.870102
1.870102
1.724612
1.552903
2.401379
1.739001
1.790003
1.831411
1.870102
1.870102
1.870102
1.870102
1.870102
1.870102
1.870102
1.870102
1.669134
2.189700
2.586359
1.613657
1.824696
1.786485
1.842283
1.843242
1.843242
1.870102
1.870102
1.870102
1.870102
1.870102
1.742839
1.706706
3.101329
2.190020
2.045329
1.583279
1.709264
2.012074
1.858591
1.870102
1.870102
1.870102
1.870102
1.870102
1.844521
1.657463
1.938850
2.576447
2.579484
2.146213
2.348779
1.841324
1.855713
1.870102
1.870102
1.870102
1.870102
1.870102
1.870102
1.838126
1.774175
1.762983
1.756588
1.759786
1.838926
1.834129
1.870102
1.870102
1.870102
1.870102
1.870102
1.870102
1.870102
1.870102
1.870102
1.870102
1.870102
1.870102
1.870102
1.870102
1.870102
1.870102
1.870102
1.870102
1.870102
1.870102
1.870102
1.870102
1.870102
1.870102
1.870102
1.870102
1.870102
1.870102
1.870102
1.870102
1.870102
1.870102
1.870102
1.870102
1.870102
1.870102
1.870102
1.870102
1.870102
1.870102
1.870102
1.870102
1.870102
1.870102
1.870102
-0.109984
-0.544599
-0.381778
-0.268931
-0.223732
-0.217158
-0.316612
-0.430333
-0.462302
-0.396263
-0.328532
-0.247954
-0.333224
-0.087643
-1.043889
-1.694107
-1.420376
-1.211919
-1.318439
-1.436279
-1.433987
-1.360528
-1.366339
-1.282160
-1.242198
-1.191516
-1.268330
-0.796672
-1.150463
-1.653300
-1.086197
-0.902209
-1.149045
-1.361593
-1.470921
-1.615547
-1.773185
-1.715138
-1.425095
-1.215957
-1.139825
-0.640125
-1.104691
-1.621766
-1.136715
-1.173076
-1.431041
-1.559983
-1.322285
-1.068766
-1.066421
-1.355755
-1.536442
-1.436387
-1.371467
-0.648063
-1.129650
-1.624058
-1.340561
-1.585024
-1.597817
-1.191898
-0.696072
-0.523104
-0.732296
-1.109465
-1.755809
-1.793316
-1.607446
-0.816884
-1.086851
-1.614074
-1.481369
-1.370348
-1.314183
-0.786497
0.070104
0.445608
0.448608
0.035379
-0.936470
-1.502427
-1.506382
-0.890698
-1.043889
-1.666748
-1.581778
-1.239525
-0.950354
-0.306601
0.618494
0.841598
0.685297
0.315957
-0.610638
-1.226022
-1.389224
-0.813502
-1.046508
-1.684178
-1.363829
-1.141598
-0.773131
-0.240780
0.499890
0.727686
0.559165
0.307774
-0.550654
-1.068084
-1.279541
-0.793725
-1.081887
-1.655891
-1.434069
-1.520785
-1.303818
-0.692553
-0.048964
0.200545
0.000218
-0.245745
-0.940507
-1.490943
-1.620730
-0.911129
-1.121931
-1.600190
-1.404037
-1.684260
-1.872557
-1.508673
-1.113474
-0.714102
-0.675859
-0.963256
-1.345062
-1.628177
-1.695553
-0.871685
-1.127877
-1.630632
-1.367921
-1.387642
-1.727441
-1.869502
-1.932814
-1.584424
-1.482841
-1.627631
-1.735651
-1.642470
-1.607773
-0.822504
-1.054009
-1.575122
-1.197817
-1.141243
-1.363011
-1.915520
-2.253244
-2.135078
-1.881041
-1.773949
-1.560692
-1.214948
-1.178477
-0.658919
-0.969176
-1.564756
-1.187070
-1.003927
-1.090861
-1.368548
-1.597844
-1.612819
-1.532050
-1.480605
-1.305018
-1.008155
-1.052318
-0.617376
-0.132215
-0.610502
-0.383606
-0.256710
-0.262711
-0.370376
-0.559029
-0.717430
-0.698827
-0.543044
-0.337016
-0.170731
-0.302455
-0.000627
2.093453
1.666133
1.252010
1.026761
1.017236
1.106166
1.209553
1.337267
1.391543
1.291139
1.097904
1.193489
1.354823
1.810027
1.122575
2.194201
1.993508
1.795683
1.843418
1.885186
1.530846
1.151835
0.947470
1.429065
1.983984
2.111698
2.217036
1.549550
1.307318
1.948756
1.713524
1.532338
1.361479
0.758481
1.251092
1.677264
1.754718
1.281270
0.789463
1.309728
1.851680
1.598318
1.276221
1.932233
1.798093
1.591892
1.363430
1.942445
1.832058
1.220225
1.199111
1.448228
1.853172
1.573532
2.134647
1.716393
1.250174
2.006819
1.933151
1.895629
1.957018
1.757817
1.127624
1.166293
1.202783
1.255452
1.393264
2.307228
1.968722
1.508126
1.283795
1.942445
1.815764
1.554255
1.793733
1.458096
1.571696
1.502159
1.610251
1.707098
1.548976
1.443523
1.995229
1.736588
1.284254
2.045488
1.982263
1.833780
1.430672
1.575024
1.624136
1.581909
1.558615
1.684264
1.858106
1.749096
2.001196
1.741178
1.289073
1.996606
1.882662
2.089322
2.203610
1.873367
1.633660
1.564697
1.551730
1.635037
1.876695
2.113648
2.047898
1.495160
1.253960
1.950822
1.841927
1.626775
1.530043
1.651446
1.793159
1.652708
1.780422
1.754833
1.551042
1.346103
1.753227
1.486439
1.278975
1.975378
1.747030
1.428606
1.440999
1.504110
1.058890
1.558959
1.398198
1.569745
1.699296
2.468563
2.199709
1.522814
1.257518
1.930512
1.757013
1.543009
1.294811
1.215750
1.363085
0.303966
0.284115
0.866917
1.855811
1.596941
1.724999
1.447769
1.253846
1.915135
1.716049
1.582138
1.473357
1.403132
1.384658
2.005671
1.956330
1.477144
0.889408
1.336693
1.813813
1.486554
1.284828
2.429778
2.134303
1.964018
1.939692
1.944167
1.735556
1.443753
1.378232
1.629988
1.934069
2.120992
2.283704
1.520634
1.930741
1.402329
1.084593
0.931979
0.871048
0.913849
0.989927
1.083216
1.048333
1.025957
0.914537
0.865884
1.181440
1.887711
-3.264344
-2.222708
-2.113385
-2.197025
-2.192480
-2.149751
-2.112590
-2.147364
-2.145432
-2.133159
-2.172365
-2.101339
-2.043269
-2.522721
-3.244229
-2.026223
-1.751666
-1.807122
-1.763712
-1.821782
-2.166342
-2.464196
-2.277370
-1.984857
-1.903718
-1.656662
-1.708823
-2.148046
-3.013992
-1.658366
-1.428129
-1.539725
-2.015540
-2.684433
-3.172863
-3.391054
-3.330824
-3.195704
-2.688410
-1.880648
-1.494041
-1.908377
-2.986036
-1.665639
-1.430402
-1.798940
-2.895123
-3.348552
-3.252070
-3.259798
-3.027174
-3.275140
-3.425373
-3.065813
-2.080430
-2.033723
-2.969786
-1.717687
-1.576545
-2.330441
-3.313778
-3.419691
-2.630226
-2.156683
-1.883262
-2.143614
-2.945921
-3.399122
-2.871145
-2.246119
-2.979559
-1.736324
-1.700527
-2.858417
-3.425487
-2.859895
-2.039746
-1.977812
-2.025541
-1.897922
-2.188957
-3.156953
-3.108996
-2.278052
-3.000696
-1.685072
-1.551998
-2.763981
-3.235933
-2.181229
-1.995539
-2.238277
-2.376010
-2.151569
-1.800190
-2.203503
-2.445104
-2.114863
-3.000014
-1.675299
-1.475858
-2.504766
-3.116610
-2.154410
-1.925196
-2.288279
-2.409648
-2.237709
-1.935196
-2.207821
-2.060429
-1.932923
-2.971149
-1.675981
-1.434379
-2.186570
-3.205591
-2.808642
-2.095430
-2.098271
-2.107135
-2.243845
-2.516584
-2.982059
-2.344418
-2.002131
-2.970581
-1.711096
-1.514496
-2.041905
-3.127520
-3.494126
-3.185477
-2.609429
-2.468174
-3.135134
-3.395145
-3.327074
-2.447491
-2.003495
-2.993082
-1.703368
-1.416651
-1.628479
-2.387715
-3.230819
-3.565493
-3.378326
-2.863986
-3.299913
-3.479353
-2.616362
-1.529497
-1.870307
-2.965013
-1.692458
-1.357103
-1.291305
-1.325170
-2.031905
-2.978081
-2.811597
-2.093726
-2.517835
-2.546359
-1.498019
-1.151412
-1.758029
-2.964786
-1.780758
-1.352785
-1.361535
-1.194142
-1.122207
-1.281759
-1.377331
-1.203915
-1.285168
-1.427334
-1.319602
-1.283463
-1.960311
-3.510831
-3.066154
-2.739890
-2.798642
-2.786937
-2.731707
-2.622498
-2.602043
-2.599429
-2.604543
-2.681478
-2.721139
-2.753186
-3.101950
-3.148157
-2.486805
-2.637834
-2.624726
-2.827457
-2.512583
-2.517098
-2.639582
-2.729878
-2.724635
-2.643077
-2.595016
-2.491029
-2.710363
-3.432738
-2.664340
-2.416461
-2.287424
-2.295725
-2.981399
-2.781144
-1.063901
-1.016568
-1.342656
-2.541129
-3.022178
-2.953727
-2.833574
-3.379725
-3.088444
-2.404373
-2.429568
-2.796145
-2.793523
-2.783037
-2.150668
-0.743493
-0.108065
0.860442
-1.546698
-3.242677
-3.360937
-3.335159
-3.122379
-2.692303
-3.030480
-2.594579
-2.586132
-2.823671
-2.845662
-1.575535
-0.405025
-0.286619
1.198909
-2.203826
-3.701735
-3.532647
-3.082473
-2.817263
-2.783474
-2.851634
-2.958971
-2.636377
-2.689245
-2.607541
-0.693392
0.514256
0.704025
-0.518916
-3.211073
-3.611584
-3.249814
-2.400732
-2.119064
-2.934940
-2.673661
-2.922415
-2.469765
-2.582928
-3.133739
-2.507486
-0.719025
0.629602
-1.780451
-3.505849
-3.293069
-2.738034
-2.657204
-1.576263
-2.598511
-2.125909
-2.368837
-2.534138
-2.797893
-3.602554
-3.859609
-2.851342
-1.723360
-3.382055
-3.395454
-2.810563
-2.232080
-1.842784
-2.146444
-2.765997
-2.459425
-2.334466
-2.059934
-2.578850
-3.086406
-4.129334
-3.897038
-3.356131
-3.156458
-2.907996
-0.647225
-0.241325
-1.093320
-2.728713
-2.562684
-2.049156
-2.992613
-2.170329
-1.558203
-2.844497
-4.027241
-3.329625
-2.830370
-2.938726
-1.964831
1.577282
1.161480
-1.339598
-2.857168
-2.399712
-1.651705
-2.925473
-2.774299
-1.769382
-2.959990
-3.387881
-2.811728
-2.708324
-3.234813
-1.538833
2.559480
-0.064518
-3.146555
-2.597492
-2.654728
-2.245334
-2.978341
-3.260154
-2.685604
-3.200879
-2.861537
-2.400732
-2.934357
-3.373462
-2.060080
0.895833
-1.921139
-3.626585
-2.391557
-2.314950
-2.350340
-2.652835
-3.479779
-3.311419
-2.614677
-2.308105
-2.213439
-2.578995
-3.161556
-2.608997
-1.330714
-3.165488
-3.107960
-2.319465
-2.266306
-2.247227
-3.093542
-3.393706
-3.115534
-2.530206
-2.644096
-2.523798
-2.603171
-2.903627
-2.856731
-2.978341
-2.961301
-2.688225
-2.747792
-2.805757
-2.469911
-0.539663
-0.680216
-0.413923
-0.343153
-0.282340
-0.258229
-0.286125
-0.385862
-0.415898
-0.377221
-0.327024
-0.293367
-0.369980
-0.682767
-0.553735
0.080645
0.211323
0.295013
0.241441
0.358953
-0.025510
-0.415486
-0.610104
-0.679805
-0.258146
0.194783
0.248601
-0.194042
-0.037854
0.505101
0.687293
0.635121
0.318137
-0.535384
-0.045836
-0.580233
-0.849818
-0.521642
-0.737984
-0.317560
0.665486
0.438775
0.089779
0.634874
0.693794
0.760450
-0.482307
-0.740453
-0.843893
-0.566408
-0.847513
-0.913099
-0.704739
-0.535220
0.656928
0.480661
0.124506
0.588380
0.523534
0.227699
-0.632570
-0.774192
-0.668366
-0.657257
-0.657422
-0.759380
-0.837227
-0.040076
-0.254032
0.065092
0.126316
0.659150
0.412853
-0.549621
-0.631335
-0.438610
-0.208443
-0.124588
-0.148864
-0.261767
-0.453587
-0.727204
-0.510862
-0.257241
0.106649
0.749011
0.374506
-0.572086
-0.769584
-0.265799
0.217330
0.217330
0.199226
0.113973
-0.201530
-0.763577
-0.672481
0.028802
0.095046
0.719963
0.836651
0.035714
-0.003374
0.471527
0.374012
0.288594
0.248930
0.241359
0.534973
0.199802
0.332126
0.671576
0.109612
0.708360
0.782504
0.890387
1.493826
1.151743
0.484775
0.242511
0.274522
0.629114
0.339614
1.500821
1.994813
0.843152
0.078835
0.645901
0.840519
1.099735
1.287605
0.766375
0.453340
-0.108459
-0.184002
0.373683
0.937128
0.697826
1.311305
0.881417
0.087722
0.649110
0.762260
0.868251
0.462063
0.498024
-0.532751
-0.684660
-0.526168
-0.373271
0.463215
0.677665
0.645243
0.515799
0.058015
0.708936
0.784314
0.776414
0.674456
-0.037031
-0.419025
-0.748271
-0.776990
0.044684
0.111916
0.720703
0.979344
0.576036
0.034644
0.627056
0.571839
0.531023
0.486339
0.351135
0.015965
-0.301102
-0.478439
-0.128621
0.384792
0.557521
0.940091
0.539993
0.051761
-0.077353
-0.170671
-0.162113
-0.180299
-0.119322
-0.215026
-0.393515
-0.314516
-0.323156
-0.213956
-0.124341
-0.028555
0.140964
-0.935465
-2.155598
-2.046480
-1.404099
-1.276946
-1.529449
-1.723937
-2.175437
-2.312811
-2.328743
-2.177842
-2.014616
-2.452590
-0.873842
-1.134762
-1.843275
-2.169425
-1.482856
-1.701392
-1.828545
-2.782047
-3.802581
-3.501080
-4.328630
-2.977736
-2.875533
-3.302684
-1.375242
-0.672741
-1.052999
-1.044582
-0.511319
-0.823041
-2.791365
-2.832247
-3.329438
-3.633945
-3.277735
-2.513311
-0.787570
-2.320927
-1.020234
-0.857610
-1.460311
-1.450392
-1.323539
-2.187762
-3.058598
-1.251996
0.020140
0.122945
-0.908110
-0.883461
-2.633851
-2.727338
-1.198790
-0.857910
-1.452195
-1.337667
-1.831852
-2.063313
-0.710316
0.544085
1.046386
1.186165
1.012419
0.038176
-1.999286
-3.961598
-1.114622
-0.843782
-1.293779
-0.988370
-1.890469
-1.499690
0.073947
-0.140981
-0.562421
-0.474646
-0.253405
-0.296992
-0.948090
-2.446878
-1.734458
-0.819734
-1.383959
-0.947489
-2.212711
-2.204896
-0.723542
-0.636669
-0.906607
-0.868732
-0.783963
-0.630357
-0.714224
-0.650497
-0.300599
-0.862720
-1.345783
-1.341274
-1.178950
-3.122325
-2.343472
-1.541473
-1.135664
-1.234862
-1.570932
-2.194676
-2.558701
-2.546076
-0.257012
-0.824544
-1.441674
-1.203600
-0.414526
-2.028444
-3.917109
-2.217220
-2.821726
-2.826836
-2.718620
-3.444868
-3.363405
-2.851785
-1.209010
-0.848291
-1.388769
-1.379150
-0.298194
-0.826648
-1.775039
-2.716215
-3.020722
-3.963702
-2.446878
-2.712307
-1.524339
-1.154902
-0.661920
-0.805005
-1.565822
-1.752193
-1.010915
-0.284367
-0.354106
-0.693483
-3.824826
-2.996374
-1.282357
0.083567
-0.014729
-0.952900
-0.505909
-0.852800
-2.383452
-2.638059
-2.153794
-1.753396
-1.108911
-1.786161
-1.851992
-2.296278
-1.273940
-1.212016
-1.228549
-2.363612
-1.488868
-1.498788
-1.943675
-2.313112
-2.016420
-1.924136
-1.658707
-0.670336
0.438575
0.595488
-0.893381
-1.741973
-2.083454
-2.688259
-1.963815
-0.764725
-0.225449
0.223646
0.117534
0.094388
-0.014128
-0.134067
-0.214628
-0.284968
-0.164127
-0.022244
0.129559
0.015932
-0.550397
1.843498
1.421005
1.165852
1.192295
1.133489
1.217356
1.404627
1.734570
1.776207
1.597620
1.374237
1.269452
1.368712
1.739306
1.362002
1.046662
0.952533
1.004432
1.109612
1.522632
1.687209
1.365752
1.186572
1.239260
1.480798
1.227223
1.069750
1.536249
1.430675
1.067382
0.537934
0.847354
1.103100
0.908528
0.882085
-0.060977
1.404626
0.990816
0.617854
0.991014
1.145921
1.516121
1.262348
0.869653
0.555299
1.030480
0.340402
0.341388
0.973845
0.798218
0.721849
0.011445
1.175324
0.511885
1.070145
1.736149
1.327074
0.868074
0.821109
0.837487
1.128358
1.229393
0.548984
1.358845
1.129345
1.054950
0.406903
1.755685
1.057121
1.906645
1.330231
0.823674
1.205516
0.588056
1.387458
0.610553
1.150460
0.831567
0.630089
0.988448
1.150657
0.013616
-0.080907
2.167916
1.328061
0.988646
0.802164
-0.165564
0.247655
0.939707
0.898661
0.688500
0.467683
0.582137
1.184993
0.744740
0.685737
2.088588
1.326285
0.903989
0.989237
1.145921
1.754303
0.922539
0.902608
0.601870
0.496493
0.581544
1.166444
1.306946
1.770287
1.661556
1.324114
0.809663
0.811242
0.823082
0.366647
0.763882
1.491848
0.988448
0.941483
0.892741
0.925696
-0.098667
0.190033
1.824949
1.312866
0.864127
0.714153
0.784010
0.130833
0.447357
0.558259
1.508030
1.735754
1.258599
0.947797
1.703194
0.655545
1.853760
1.317799
0.836501
0.597331
1.019232
0.616670
1.508227
1.281687
0.486824
0.540302
-0.027232
1.573742
0.010853
0.931221
1.706351
1.444291
0.889978
0.537934
0.717113
0.943061
0.793482
0.266401
0.285937
0.651006
1.061462
0.470051
0.943456
1.169799
1.589924
1.355096
1.291357
0.927275
0.778090
0.814202
1.153814
1.429096
1.436792
1.411928
1.359832
1.345426
1.139804
1.031270
1.437581
2.108321
1.298263
1.633337
1.634719
1.592884
1.668068
1.814293
1.980054
1.963872
1.784495
1.722138
1.610446
1.534473
2.322034
1.799275
1.536386
1.700766
1.646171
1.717382
1.717382
1.717382
1.717382
1.717382
1.717382
1.717382
1.717382
1.717382
1.717382
1.735422
1.519533
1.705751
1.703140
1.717382
1.717382
1.717382
1.717382
1.717382
1.722011
1.730556
1.712872
1.706938
1.717382
1.751801
1.461021
1.717382
1.717382
1.717382
1.717382
1.717382
1.717382
1.717382
1.925676
1.930186
1.569737
1.545525
1.717382
1.745155
1.447728
1.717382
1.717382
1.717382
1.717382
1.717382
1.717382
1.717382
1.749783
1.985731
1.709549
1.466718
1.705988
1.742781
1.461971
1.717382
1.717382
1.720587
1.728420
1.718094
1.705039
1.717382
1.717382
1.757261
1.890663
1.700291
1.546475
1.743256
1.465768
1.717382
1.723079
1.884373
1.960332
1.601070
1.517041
1.717382
1.717382
1.717382
1.747291
1.703140
1.683201
1.741594
1.479061
1.717382
1.973743
2.298349
1.864908
1.249048
1.437284
1.717382
1.717382
1.717382
1.717382
1.717382
1.717382
1.745155
1.467667
1.717382
1.757261
2.136699
1.997599
1.322159
1.435385
1.717382
1.717382
1.717382
1.717382
1.717382
1.717382
1.744680
1.463870
1.717382
1.717382
2.044599
1.921047
1.425653
1.529384
1.717382
1.717382
1.717382
1.717382
1.717382
1.717382
1.745629
1.451526
1.717382
1.717382
1.759753
1.959976
1.693882
1.478112
1.717382
1.718450
1.719519
1.714534
1.717382
1.717382
1.739695
1.477162
1.717382
1.717382
1.717382
1.754768
1.699579
1.674655
1.720231
1.777556
1.729725
1.657565
1.717382
1.717382
1.744917
1.479061
1.717382
1.717382
1.717382
1.717382
1.717382
1.717382
1.846275
2.033679
1.640711
1.452476
1.717382
1.717382
1.766518
1.405951
1.717382
1.717382
1.717382
1.717382
1.717382
1.717382
1.769367
1.757498
1.644747
1.666110
1.717382
1.717382
1.777912
1.184721
1.717382
1.717382
1.717382
1.717382
1.717382
1.717382
1.722367
1.715008
1.711685
1.717382
1.717382
1.717382
-0.639145
0.382329
0.016214
0.016214
0.016214
0.016214
0.016214
0.024031
-0.035902
0.018385
0.016648
0.018385
0.137818
-0.310959
-0.172272
0.115234
0.016214
0.016214
0.016214
0.016214
0.016214
0.113931
-0.163586
0.077016
0.029098
0.021281
0.156348
-0.424166
-0.067027
0.057617
0.020557
-0.014187
0.027071
0.016214
0.016214
0.032283
-0.001158
-0.109009
-0.104232
0.146214
-0.127539
-0.227718
-0.104232
0.080056
0.071370
-0.107851
0.084978
0.016214
0.016214
0.037929
0.283887
-0.292429
-0.351783
0.675047
-0.313275
-0.186170
-0.088452
0.076871
-0.007528
-0.011726
0.039666
0.018820
-0.001158
0.023307
0.034165
-0.045601
-0.045746
0.114510
0.160836
-0.528688
-0.089755
0.140858
-0.139989
0.078608
-0.032138
0.051826
-0.053274
0.049076
-0.071370
0.003185
0.067172
-0.060223
0.292573
-0.618298
-0.103363
0.072673
0.061236
0.024321
-0.213820
0.127829
0.047918
-0.021570
-0.056314
-0.043720
0.266081
-0.316170
0.268397
-0.396082
-0.110457
0.091058
0.004198
0.199054
-0.354533
0.165758
0.085557
0.000145
-0.049655
-0.045312
0.261738
-0.180814
0.127105
-0.316894
-0.088452
0.072383
0.018385
0.022873
-0.071949
0.099020
-0.071080
0.041838
-0.094388
0.057762
0.047918
-0.010858
0.193263
-0.432997
-0.084544
0.068764
0.092216
-0.145780
0.101626
0.090190
-0.002895
-0.166047
-0.511026
0.241760
0.053129
0.022294
0.113931
-0.317908
-0.078464
0.066593
0.027361
-0.011147
0.030401
0.025768
0.533465
-0.592240
-1.250784
0.701105
0.273030
0.093085
-0.030980
-0.212807
-0.042706
0.048931
0.016214
0.016214
0.016214
0.016214
0.964290
-1.277276
-0.396516
0.599189
0.237128
0.038218
0.119432
-0.341504
-0.110602
0.049800
-0.002461
-0.005935
0.006659
0.013608
0.165179
-0.246682
-0.012160
0.084544
0.024176
0.016069
0.154321
-0.362930
-0.423153
0.266081
0.003330
-0.015345
0.023452
0.033152
0.022439
0.021715
0.031125
0.036047
-0.043140
0.044009
0.154321
-0.306905
-7.462338
-6.887754
-7.458836
-7.411808
-7.400802
-7.382792
-7.369784
-7.376788
-7.381791
-7.400802
-7.440325
-7.471343
-6.311919
-7.604421
-4.806794
-5.522710
-5.215532
-5.098714
-4.950628
-4.754013
-4.486858
-4.932117
-4.799540
-5.019668
-5.600255
-5.975473
-4.820302
-7.003321
-6.313170
-6.137318
-6.075782
-5.622268
-4.683972
-5.323094
-6.554060
-7.172669
-7.187678
-7.393798
-6.536049
-5.778109
-5.750093
-7.577155
-6.263391
-6.205607
-6.048766
-4.262978
-6.240628
-7.381041
-5.971471
-1.806049
-3.691396
-7.225950
-7.310750
-7.494606
-4.931867
-7.608673
-6.146072
-6.153577
-5.171006
-4.188184
-7.591913
-5.250552
0.842740
0.567581
-1.257481
-1.480361
-3.708405
-7.673961
-6.753676
-6.859737
-6.140570
-6.178091
-4.371040
-5.343606
-7.440325
0.071542
0.816224
-0.617859
-1.914613
-2.937957
-1.002333
-6.611343
-7.562396
-6.375706
-6.211360
-5.818632
-3.839482
-7.167666
-4.499365
1.236219
-0.766695
-1.421076
-1.913613
-2.826143
-0.677394
-3.637364
-7.106131
-6.272896
-6.134315
-6.168586
-3.840732
-5.530465
-3.837481
1.251479
-0.486783
-1.419825
-2.475938
-2.675805
-1.327021
-4.428824
-6.202105
-6.650366
-6.148574
-6.068778
-4.045351
-3.267399
-6.007992
2.029181
0.266155
-0.608103
-1.855329
-1.325770
-1.041105
-5.478684
-5.609761
-6.726660
-6.145072
-6.246631
-5.069447
-4.145659
-6.167085
-4.643449
0.869007
-0.231135
-1.690733
-1.310011
-5.346358
-7.407306
-4.843315
-7.110633
-6.216363
-6.268894
-5.843146
-4.667963
-4.522379
-6.516288
-7.006073
-5.709069
-5.552478
-6.667376
-7.303246
-5.920442
-4.344525
-7.632437
-6.307166
-6.357195
-6.084036
-6.055019
-5.043432
-4.934118
-7.058853
-7.412559
-6.484269
-5.363117
-5.832390
-5.504200
-5.349860
-7.576154
-5.995735
-5.996736
-5.757347
-6.098795
-6.025002
-5.383129
-5.615264
-5.057690
-5.207026
-5.290826
-5.703065
-5.929447
-5.201523
-7.324508
-7.570150
-7.503612
-7.511366
-7.499360
-7.496608
-7.501611
-7.461087
-7.473344
-7.453332
-7.469342
-7.477847
-7.479848
-7.362030
-7.526625
-1.948864
-1.948864
-1.948864
-1.948864
-1.932695
-1.928586
-1.936936
-1.945948
-1.948864
-1.948864
-1.948864
-1.924478
-1.091920
0.611894
-1.948864
-1.948864
-1.948864
-1.787176
-1.571681
-1.634368
-1.828923
-1.951249
-1.948864
-1.948864
-1.948864
-1.888695
-1.085956
0.590690
-1.948864
-1.948864
-1.730586
-1.463006
-1.018763
-0.848859
-2.019502
-1.948334
-1.738670
-1.644838
-1.763321
-1.866164
-1.435705
-0.055663
-1.948864
-1.892273
-1.491898
-0.360351
0.051025
-1.769417
-1.931900
-1.948864
-1.823887
-0.630978
-1.079462
-1.846020
-1.719055
-0.723750
-1.932695
-1.738537
-1.179258
0.435496
-0.390435
-2.028117
-1.948864
-1.948864
-1.854104
-0.751846
0.408195
-1.586790
-1.650272
-1.585199
-1.871466
-1.365729
-0.452194
0.036181
-1.801357
-1.926068
-1.948864
-1.948864
-1.843104
-1.291379
0.766425
0.263471
-1.800959
-1.916394
-1.875177
-1.096956
1.050969
-1.106498
-1.756164
-1.948864
-1.948864
-1.948864
-1.940779
-1.382295
0.902799
1.416488
-1.880213
-1.948864
-1.915731
-1.130619
0.610967
0.460942
-1.919972
-1.948864
-1.948864
-1.948864
-1.869743
-1.166933
1.040366
1.497332
-1.873189
-1.930574
-1.898502
-1.620983
-0.106687
0.509713
-1.922357
-1.937201
-1.948864
-1.932695
-1.544645
-0.793594
1.025655
0.607388
-1.897839
-1.720513
-1.948864
-1.801489
-1.090860
0.021868
-1.347174
-1.547561
-1.769682
-1.905659
-1.816730
-0.014578
0.163146
-1.711236
-1.619790
-1.006173
-1.948864
-1.908574
-1.761863
-0.799292
-0.456170
-0.647147
-1.203246
-1.871996
-1.710176
-1.060776
-1.726079
-1.922888
-1.509127
-0.323110
-1.948864
-1.948864
-1.812887
-1.666706
-1.010149
-0.740979
-0.724280
-1.994189
-1.883394
-1.888562
-1.941972
-1.851851
-1.343331
0.123121
-1.948864
-1.948864
-1.948864
-1.848140
-1.706863
-1.506476
-1.429476
-1.956020
-1.948864
-1.948864
-1.948864
-1.856357
-0.706918
0.393351
-1.948864
-1.948864
-1.948864
-1.948864
-1.928719
-1.874912
-1.895719
-1.943032
-1.948864
-1.948864
-1.948864
-1.912550
-1.324246
0.683859
0.238911
-0.277452
-0.210881
-0.242524
-0.218874
-0.086608
0.087812
0.227852
0.201027
0.103579
-0.042373
-0.142339
-0.148252
0.503005
-0.646111
-1.498724
-1.334924
-1.340618
-1.176818
-0.844949
-0.497859
-0.426909
-0.379061
-0.444537
-0.727463
-1.013895
-1.293755
-0.481874
-0.660126
-1.492155
-1.277003
-1.080904
-0.633520
-0.116171
-0.130624
-0.443770
-0.494027
-0.466873
-0.308438
-0.589504
-1.045428
-0.355520
-0.678849
-1.472993
-1.153058
-0.675346
-0.239130
-0.271759
-0.744873
-0.911191
-1.225432
-1.445182
-1.085283
-0.494027
-0.628812
-0.120551
-0.641294
-1.375765
-0.946229
-0.469829
-0.513517
-0.849438
-0.875059
-0.925206
-1.075100
-1.158642
-1.134773
-0.485377
-0.260152
0.169931
-0.628155
-1.280288
-0.671732
-0.196538
-0.340301
-0.692536
-0.954550
-1.089663
-1.239338
-1.121744
-0.738960
-0.268803
0.013139
0.299788
-0.648411
-1.210761
-0.424938
0.034380
-0.349279
-0.841992
-0.999660
-1.381349
-1.579857
-1.408175
-1.005901
-0.666805
-0.545598
0.303292
-0.638885
-1.215359
-0.510779
-0.628155
-1.474636
-1.251273
-1.044223
-1.380692
-1.579201
-1.302843
-0.973601
-1.085173
-0.952250
0.185479
-0.655637
-1.315544
-0.783085
-0.770275
-1.599456
-1.174519
-0.931885
-1.262550
-1.378064
-0.983236
-0.857978
-1.345325
-0.891045
0.237050
-0.658812
-1.456131
-1.042581
-0.482531
-0.353987
-0.612826
-0.840788
-1.044990
-1.111123
-1.044990
-1.463796
-1.220505
-0.636804
0.129967
-0.665820
-1.506279
-1.256090
-0.741150
-0.153507
-0.352016
-0.331103
-0.537605
-1.003164
-1.074334
-1.132802
-0.735347
-0.823269
-0.118799
-0.656294
-1.453833
-1.309851
-1.151416
-0.759764
-0.196867
-0.088251
-0.912833
-0.882504
-0.615125
-0.652571
-0.766224
-1.081889
-0.379280
-0.466764
-1.188205
-1.075757
-1.147255
-1.021887
-0.704252
-0.560051
-0.859949
-0.919075
-0.755494
-0.800495
-0.911082
-1.105648
-0.329352
0.395484
-0.105222
-0.084199
-0.148143
-0.142559
-0.050366
0.025292
0.035366
0.013139
-0.024855
-0.058907
-0.072812
-0.074673
0.580306
0.788642
0.788642
0.788642
0.788642
0.788642
0.788642
0.788642
0.788642
0.788642
0.788642
0.788642
0.788642
0.729956
0.609877
0.788642
0.788642
0.788642
0.788642
0.788642
0.788642
0.788642
0.788642
0.788642
0.788642
0.788642
0.788642
0.583823
0.600074
0.788642
0.788642
0.788642
0.788642
0.788642
0.788642
0.788642
0.788642
0.788642
0.788642
0.788642
0.788642
0.544807
0.469548
0.788642
0.788642
0.788642
0.788642
0.788642
0.746724
0.639993
0.689328
0.770907
0.788642
0.788642
0.788642
0.584275
0.547580
0.788642
0.788642
0.788642
0.788642
0.788642
0.660308
0.644508
0.584210
0.706418
0.788642
0.788642
0.788642
0.577826
0.547645
0.788642
0.788642
0.788642
0.788642
0.725764
0.504888
0.577761
0.663855
0.754140
0.788642
0.788642
0.788642
0.616906
0.587564
0.788642
0.788642
0.788642
0.788642
0.570990
0.592078
0.520688
0.788642
0.788642
0.788642
0.788642
0.788642
0.669143
0.681718
0.788642
0.788642
0.776066
0.750335
0.562671
0.573311
0.586467
0.788642
0.788642
0.788642
0.788642
0.788642
0.742532
0.732858
0.788642
0.788642
0.750142
0.764652
0.683975
0.692359
0.624323
0.661662
0.672238
0.520494
0.714156
0.788642
0.755107
0.686490
0.788642
0.788642
0.760976
0.755172
0.767941
0.698808
0.629998
0.609554
0.387582
0.620711
0.443301
0.788642
0.648248
0.609748
0.788642
0.788642
0.788642
0.788642
0.788642
0.724088
0.636769
0.651086
0.539777
0.554351
0.643734
0.788642
0.574214
0.550805
0.788642
0.788642
0.788642
0.788642
0.788642
0.788642
0.788642
0.788642
0.788642
0.788642
0.788642
0.788642
0.607684
0.576407
0.788642
0.788642
0.788642
0.788642
0.788642
0.788642
0.788642
0.788642
0.788642
0.788642
0.788642
0.788642
0.539196
0.285882
0.788642
0.788642
0.788642
0.788642
0.788642
0.788642
0.788642
0.788642
0.788642
0.788642
0.788642
0.788642
0.344696
0.484961
-4.475755
-4.976427
-5.940326
-6.063601
-6.253351
-6.094734
-5.968514
-5.587752
-5.588173
-5.862910
-6.005960
-6.136808
-5.334050
-3.369648
-4.628061
-4.831274
-5.169543
-5.172910
-5.137988
-4.466078
-3.430235
-3.607783
-3.415507
-4.063437
-4.801823
-5.613418
-5.167019
-3.704973
-5.987027
-5.406836
-5.655489
-5.289874
-4.273804
-3.415088
-4.384457
-7.143201
-7.181067
-6.120820
-4.204383
-4.452194
-5.199415
-5.054263
-6.005540
-5.450592
-5.634873
-4.293998
-3.703290
-5.490141
-6.471711
-9.052485
-10.757714
-10.442588
-8.414233
-6.152374
-4.362578
-4.110138
-5.884789
-5.267154
-4.815287
-3.156336
-4.898590
-6.010167
-6.330767
-5.555776
-7.538691
-8.447893
-10.814095
-7.547526
-4.713048
-3.550143
-5.878899
-5.358873
-4.126547
-3.388162
-5.952107
-6.430901
-5.448068
-5.923918
-6.992579
-8.142860
-8.352808
-10.048781
-6.737615
-3.667948
-5.883948
-5.119897
-3.888412
-5.436708
-6.817554
-5.713551
-5.839770
-6.156162
-6.645055
-7.492829
-7.269000
-9.375609
-7.071676
-3.637235
-5.878899
-5.305861
-4.059649
-3.949418
-5.106433
-5.593642
-5.542732
-6.082113
-6.932835
-7.331689
-6.966914
-8.654052
-5.896990
-3.564026
-5.880161
-5.159447
-4.103407
-2.710781
-5.360135
-5.497716
-4.835901
-5.313855
-6.427955
-6.494431
-7.297190
-8.522364
-4.999146
-4.077742
-5.871325
-5.312172
-4.894383
-3.846759
-4.398760
-6.064862
-6.220533
-5.842716
-6.917268
-7.531958
-9.351628
-6.977432
-4.617963
-4.205645
-5.891942
-5.304178
-5.331525
-4.435365
-3.562345
-4.671817
-8.462620
-11.018991
-10.140500
-10.594893
-7.753684
-5.142616
-5.019761
-4.510255
-6.101046
-5.549044
-5.693776
-5.936960
-4.724829
-4.974322
-5.975666
-8.197978
-7.669538
-6.982060
-5.137568
-5.553673
-5.695039
-4.914579
-5.914660
-5.621830
-5.968515
-6.026997
-6.057710
-5.740057
-6.298368
-6.428375
-6.284907
-6.311412
-6.049716
-6.091369
-5.945795
-4.622590
-4.637317
-4.826225
-5.063519
-5.036592
-5.023971
-5.141775
-5.158605
-5.172910
-5.178800
-5.274306
-5.288191
-5.276831
-5.267995
-2.477695
0.652076
-3.437322
-1.397393
-0.839790
-1.065047
-1.050276
-1.017041
-1.201678
-1.285072
-1.050891
-0.732701
-0.946879
-2.833868
0.836713
-3.264994
-6.695855
-3.253301
-3.747512
-4.654694
-5.127057
-4.549144
-3.142826
-2.251646
-3.869988
-4.103554
-3.773669
-5.375393
-3.248069
-1.219219
-3.076973
0.345579
-0.625611
-1.478633
-0.336039
0.257876
-0.979191
-0.815479
-1.884219
-1.260762
-2.802171
-2.066702
-0.158480
-0.910875
-2.982808
0.268031
-1.480480
-0.080932
-2.883104
-1.356773
-0.354503
-0.288649
-1.526639
-2.225489
-0.578837
-2.080241
-0.082779
-0.949649
-3.016966
0.131400
-1.034582
-0.137862
-1.205063
0.345579
0.345579
0.090780
-1.136132
-2.062086
-2.301498
-1.422935
0.045544
-0.990269
-2.980038
0.134169
-0.030157
-0.643152
-0.214486
0.345579
0.345579
0.345579
0.133246
-0.461284
0.047082
-0.158172
0.307728
-0.952418
-2.952035
0.260646
0.194176
0.233566
0.345579
0.345579
0.345579
0.345579
0.345579
0.196946
0.080625
0.046159
0.197869
-0.989346
-2.973884
0.293880
0.271724
0.301881
0.345579
0.345579
0.345579
0.345579
0.345579
0.345579
0.345579
-0.060622
0.138785
-0.911798
-2.988962
-0.116013
-0.308036
-0.314498
0.192638
0.345579
0.345579
0.345579
0.319729
0.308651
0.323730
-0.573913
-0.064315
-0.990269
-2.980038
-0.250798
0.207101
-1.372159
-1.769129
-1.598339
-1.729124
-1.905452
-1.529408
-1.042890
-0.551141
-1.324462
0.033542
-0.915491
-2.930187
0.027080
-0.961650
-0.834251
0.145863
-1.522946
-0.121553
-0.514829
-0.654230
-1.191523
0.038466
-1.746357
-0.306189
-0.734547
-2.762167
0.345579
0.005847
-0.918260
-1.794670
-1.424473
-1.938995
-1.998078
-2.243953
-0.484364
-1.241990
-1.468478
-0.007078
-2.561528
-4.866719
-2.113476
-2.077164
-2.137479
-1.951304
-1.623573
-1.263839
-1.085972
-1.738664
-2.474441
-2.386123
-2.936033
-1.748203
-0.203716
-1.678349
-1.231220
-0.352349
-0.577606
-0.404047
-0.429896
-0.333885
-0.296958
-0.433589
-0.444667
-0.130784
-1.604186
0.659461
-0.706892
-0.295274
0.448237
0.356692
-0.005493
-0.100200
-0.135486
-0.144974
-0.109188
0.038449
0.008322
-0.265646
-0.103529
0.446572
-1.108025
-1.164450
0.036119
0.261319
-0.019641
-0.063748
0.026465
0.218709
0.337717
0.573403
0.216878
-1.091214
-0.814416
0.632159
-0.854862
-1.141481
0.035286
0.256159
0.043775
0.127330
0.116345
-0.462218
-0.819243
0.297604
1.342213
-0.228696
-0.978198
0.781626
-0.782958
-1.021307
0.123835
0.398636
-0.725201
-0.726866
-0.561086
-2.189919
-3.222877
-2.552769
-0.277797
0.274135
-0.382324
0.747838
-0.748837
-1.044942
-0.102697
-0.417944
-1.824904
-1.507327
-0.328896
-1.488519
-2.800272
-3.361193
-2.664786
-1.071074
0.543610
1.529464
-0.825235
-0.988018
-0.306925
-0.600035
-0.793444
-0.318742
0.116512
-0.312584
-1.118345
-2.183926
-3.215553
-4.055601
-1.112186
1.755663
-0.862519
-1.169776
-1.837054
-2.440584
0.565913
1.497839
0.206891
-0.096871
-0.411619
-1.025801
-2.164119
-3.739356
-1.980863
1.170109
-0.933258
-1.245842
-2.576404
-4.352206
-0.143809
2.302935
0.395141
-0.042610
-0.179095
-0.614682
-1.591215
-2.217215
-0.608024
1.041614
-0.851200
-1.219543
-1.839551
-4.368852
-1.843546
1.987687
1.017313
0.100366
0.002497
-0.565414
-1.704731
-2.132495
-0.202397
1.133325
-0.776134
-1.138318
-0.681426
-2.785958
-3.525640
0.580561
1.602700
0.082890
-0.328896
-1.005661
-2.379666
-2.322742
-0.601200
0.795774
-0.707392
-1.015315
-0.161785
-1.279297
-3.493017
-2.092049
0.297937
0.467711
0.288449
-0.718544
-2.235191
-1.939252
-0.661120
0.510654
-0.633490
-0.744010
0.238183
-0.097870
-1.647141
-2.040118
-2.526137
-2.342548
-0.918444
0.071571
-0.557758
-0.861853
-0.469375
0.715714
-1.261820
-1.565916
-0.718544
-0.691247
-1.321907
-1.593213
-2.096376
-2.646477
-1.648306
-0.824236
-0.967379
-1.639817
-1.404297
0.410287
-1.151134
-1.187752
-0.595208
-0.409122
-0.601200
-0.620008
-0.689749
-0.746506
-0.648637
-0.486685
-0.648803
-1.343711
-1.705064
-0.229694
0.827142
0.827142
0.827142
0.827142
0.827142
0.813995
0.816139
0.812689
0.761407
0.699821
0.694366
0.747654
0.827142
0.827142
0.827142
0.800848
0.805137
0.785090
0.816139
0.781547
0.603083
0.428909
0.246716
0.483455
0.562011
0.634599
0.694366
0.747654
0.827142
0.778004
0.810731
0.760474
0.519912
0.246017
-0.263080
-0.195900
-0.398885
-0.174314
0.104197
0.369141
0.727607
0.646300
0.827142
0.742199
0.808214
0.617629
0.227368
0.116784
-0.649611
-0.468630
-0.832503
-0.754041
-0.413897
-0.137344
0.622664
0.622804
0.827142
0.766162
0.763505
0.343034
-0.332638
-0.525180
-1.318942
-1.155957
-1.205281
-1.098706
-0.562990
-0.757118
0.179582
0.361263
0.827142
0.780708
0.547605
0.088066
-0.505040
-0.859077
-1.200386
-1.054697
-1.139966
-1.234652
-0.880988
-0.690171
0.246203
0.413944
0.827142
0.827142
0.635018
0.028299
-0.612268
-1.279128
-1.181085
-1.063927
-1.034184
-1.107005
-0.990034
-0.769705
0.023124
0.386717
0.827142
0.787701
0.422802
-0.396415
-0.762246
-1.502813
-1.292694
-1.204582
-1.199080
-1.273813
-1.154371
-0.587279
-0.086062
0.633666
0.827142
0.760008
0.753295
-0.009231
-0.101773
-1.159966
-1.344443
-1.402859
-1.497312
-1.495914
-1.169756
-0.345878
0.114453
0.827142
0.827142
0.708725
0.679774
0.000093
-0.065176
-0.786955
-0.761360
-0.695905
-0.675485
-0.724017
-0.675159
-0.179303
0.340143
0.827142
0.820568
0.687746
0.767048
0.524901
0.361449
-0.077717
-0.287695
-0.770311
-0.775253
-0.357580
-0.212077
0.126668
0.672361
0.827142
0.758982
0.635811
0.677676
0.657956
0.741033
0.339211
0.621685
0.400144
0.391100
0.560985
0.444434
0.596929
0.788633
0.776558
0.795160
0.782199
0.771057
0.722432
0.807048
0.680100
0.590029
0.607466
0.600006
0.798610
0.800894
0.796325
0.856186
0.794834
0.749752
0.730451
0.717677
0.754786
0.819403
0.827142
0.827142
0.827142
0.827142
0.803925
0.819030
0.749752
0.808214
0.772969
0.876433
0.867460
0.861179
0.890701
0.827349
0.721822
0.717425
0.752600
0.802492
0.776290
0.791455
0.796121
0.839194
0.829772
0.845026
0.695170
0.861179
0.868716
0.669058
0.455401
0.374371
0.650752
0.675519
0.524047
0.603103
0.652367
0.468951
0.754395
0.867460
0.854000
0.843950
0.861807
0.782033
0.689876
0.523060
0.532662
0.548186
0.732769
0.726398
0.372397
0.313890
0.549801
0.923993
0.923993
0.859115
0.792891
0.755023
0.634062
0.102925
-0.565684
-0.062006
0.422109
0.626883
0.494256
-0.048546
0.540469
0.923993
0.923993
0.846103
0.678749
0.469758
-0.287329
-1.142046
-1.420850
-1.263636
-0.742909
0.294059
0.402458
0.257896
0.391869
0.923993
0.923993
0.884420
0.727923
0.054199
-0.898329
-1.504303
-1.406134
-1.236985
-1.021803
-0.640612
0.334708
0.484475
0.187096
0.923993
0.914481
0.912686
0.756728
0.110104
-0.726129
-1.181171
-1.131996
-0.946336
-0.928210
-0.610462
0.286431
0.514715
0.193108
0.923993
0.908199
0.878228
0.849244
0.359116
-0.568107
-1.157840
-1.045223
-0.878767
-0.938350
-0.470476
0.399227
0.626344
0.410354
0.923993
0.912686
0.848167
0.838296
0.366474
-0.802044
-1.308773
-1.230165
-1.026289
-0.886484
-0.446248
0.528624
0.684492
0.493358
0.923993
0.923993
0.821337
0.574209
0.470566
-0.225322
-1.104448
-1.053928
-0.735282
-0.449837
0.360821
0.520996
0.411431
0.614589
0.923993
0.923993
0.850500
0.746139
0.482321
0.437992
0.214913
0.154971
0.294238
0.511933
0.704054
0.616384
0.275215
0.687812
0.923993
0.923993
0.923993
0.861807
0.775931
0.595655
0.707285
0.880023
0.923993
0.892406
0.808774
0.692299
0.721283
0.777367
0.918339
0.917711
0.923993
0.923993
0.873113
0.821426
0.820080
0.881279
0.923993
0.901380
0.879036
0.872934
0.893932
0.912237
0.901110
0.917711
0.923993
0.923993
0.923993
0.923993
0.923993
0.923993
0.923993
0.923993
0.923993
0.923993
0.916096
0.901110
-1.316337
-1.316337
-1.316337
-1.316337
-1.316337
-1.316337
-1.316337
-1.316337
-1.316337
-1.316337
-1.316337
-1.316337
-1.316337
-1.316337
-1.316337
-1.316337
-1.316337
-1.316337
-1.316337
-1.316337
-1.316337
-1.643299
-1.764034
-1.784416
-1.518742
-1.401262
-1.316337
-1.316337
-1.316337
-1.316337
-1.316337
-1.316337
-1.316337
-1.433109
-1.496803
-1.008343
-1.591777
-2.252494
-2.618945
-1.781160
-1.418247
-1.316337
-1.316337
-1.316337
-1.316337
-1.316337
-1.370831
-1.134881
-1.372813
0.251803
-0.227174
-1.111385
-1.695244
-2.422485
-1.706992
-1.327661
-1.316337
-1.316337
-1.316337
-1.316337
-1.504163
-1.183430
-0.999992
-1.170691
-0.312666
0.192355
-0.576924
-2.047542
-2.005079
-1.448820
-1.316337
-1.316337
-1.409755
-2.072594
-0.966446
-1.679392
-1.562478
-1.469344
-1.613292
-1.186968
0.762202
-0.908980
-2.302458
-1.599987
-1.316337
-1.316337
-1.037783
-0.168435
-1.667502
-2.124540
-1.950727
-1.501615
-1.494821
-1.412161
-0.799993
-0.301201
-1.044577
-1.392770
-1.316337
-1.316337
-1.219523
1.407065
-0.443025
-2.191631
-2.281368
-1.706851
-1.503455
-1.417964
-1.316337
-1.316337
-1.316337
-1.316337
-1.316337
-1.316337
-1.316337
1.364178
0.091011
-1.976488
-1.994888
-1.877409
-1.642732
-1.502323
-1.340541
-1.341815
-1.316337
-1.316337
-1.316337
-1.316337
-1.316337
0.447272
1.182297
-1.044860
-2.627296
-1.931336
-1.569697
-1.176636
-1.432260
-1.385127
-1.316337
-1.316337
-1.316337
-1.316337
-1.316337
-0.961351
1.275573
0.904734
-1.049248
-2.390497
-1.646129
-1.256465
-1.214427
-1.335446
-1.316337
-1.316337
-1.316337
-1.316337
-1.316337
-1.316337
-0.824197
0.094550
-0.182306
-1.095674
-1.465381
-1.316337
-1.316337
-1.316337
-1.316337
-1.316337
-1.316337
-1.316337
-1.316337
-1.316337
-1.316337
-1.267930
-1.191922
-1.249813
-1.331199
-1.316337
-1.316337
-1.316337
-1.316337
-1.316337
-1.316337
-1.316337
-1.316337
-1.316337
-1.316337
-1.316337
-1.316337
-1.316337
-1.316337
-1.316337
-1.316337
-1.316337
-1.316337
-1.316337
2.573735
1.311335
-0.362722
-0.413075
-0.413075
-0.413075
-0.413075
-0.413075
-0.413075
-0.413075
-0.413075
-0.413075
-0.020925
0.479767
1.964835
0.585057
-0.407072
-0.413075
-0.413075
-0.413075
-0.413075
-0.413075
-0.413075
-0.410157
-0.357637
-0.394401
-0.371059
-0.101455
1.346099
0.376227
-0.413075
-0.413075
-0.413075
-0.413075
-0.413075
-0.413075
-0.413075
-0.338546
-0.076279
-0.004919
-0.325041
-0.413075
1.350017
0.400820
-0.413075
-0.413075
-0.413075
-0.413075
-0.413075
-0.413075
-0.413075
-0.200660
0.420077
0.686763
0.189573
-0.322790
1.358937
0.395401
-0.413075
-0.413075
-0.412658
-0.405155
-0.410407
-0.413075
-0.413075
-0.391066
-0.095453
0.327709
0.427830
0.046518
1.364856
0.403821
-0.413075
-0.413075
-0.400403
-0.328459
-0.379145
-0.413075
-0.413075
-0.413075
-0.400070
-0.081364
0.493856
0.195158
1.351017
0.392734
-0.413075
-0.408906
-0.256098
-0.169315
-0.297530
-0.413075
-0.413075
-0.413075
-0.413075
-0.135802
0.605982
0.254264
1.359437
0.396568
-0.413075
-0.319706
-0.142471
-0.058189
-0.316788
-0.413075
-0.413075
-0.413075
-0.413075
-0.106124
0.498357
0.236424
1.394034
0.419077
-0.413075
-0.403071
-0.259182
-0.190906
-0.304867
-0.413075
-0.413075
-0.411824
-0.383897
-0.251346
-0.001917
-0.128299
1.379695
0.406822
-0.413075
-0.413075
-0.405072
-0.353719
-0.401070
-0.413075
-0.413075
-0.370475
0.050936
0.074779
-0.101289
-0.273938
1.351017
0.392734
-0.413075
-0.413075
-0.413075
-0.413075
-0.413075
-0.413075
-0.412658
-0.075362
0.406239
0.218500
-0.305117
-0.398152
1.264400
0.364556
-0.413075
-0.413075
-0.413075
-0.413075
-0.413075
-0.413075
-0.403738
-0.356803
-0.136802
-0.330877
-0.407072
-0.413075
1.511162
0.393401
-0.413075
-0.413075
-0.413075
-0.413075
-0.413075
-0.413075
-0.412074
-0.405655
-0.411574
-0.413075
-0.400570
-0.175484
1.909647
0.852410
-0.413075
-0.413075
-0.413075
-0.413075
-0.413075
-0.413075
-0.413075
-0.413075
-0.413075
-0.413075
-0.132968
0.224669
0.850119
0.505878
0.390548
0.775563
0.637953
0.732896
0.364774
0.084750
0.074848
0.101787
0.519275
0.541117
0.364337
0.653098
0.265899
0.524662
0.301138
0.615383
0.267646
-0.310312
0.649748
1.266878
1.556659
0.755322
0.002330
-0.109650
0.191197
0.243474
0.639555
0.673193
0.320506
0.348173
0.792454
2.532883
2.677482
-0.611014
0.492190
1.921432
2.676025
1.369830
-0.213622
0.259346
0.620334
0.699841
0.027522
0.584220
3.273206
0.074702
-0.652515
0.738284
0.717461
0.529322
0.233572
2.435755
0.714112
0.019367
0.622372
0.639555
-0.112417
2.174225
0.680765
0.567765
2.059478
-0.117951
0.045287
0.484617
1.288576
-0.218136
3.050556
-0.282062
0.657321
0.367686
0.041064
2.490945
0.651641
0.888125
-0.143580
0.192799
0.253084
0.090866
0.469182
0.701152
0.613490
0.083585
0.651787
0.215369
1.221009
-0.142997
-0.202409
0.278131
0.193672
0.289198
0.289198
0.258618
0.040482
1.427641
-0.072518
0.419380
0.613344
0.211001
0.936616
1.296585
0.314972
0.435835
0.166150
0.289198
0.289198
0.299391
0.001456
0.736100
-0.078488
0.548107
0.707996
0.397829
0.037278
2.068652
0.516216
1.674027
-0.220175
0.227310
0.224252
0.009756
0.980593
1.755573
0.608102
0.441223
0.603733
0.644069
-0.225126
1.734604
1.322213
0.524225
1.392110
0.068877
0.691832
1.204408
1.000251
0.431758
1.972544
-0.145618
0.619169
0.782989
0.059267
0.336669
2.190098
1.283042
1.184604
0.928753
-0.006844
1.445698
0.592084
1.930897
0.498888
0.058247
0.611888
0.555970
0.231533
0.107175
0.040773
1.192759
2.141315
-0.313516
-0.080527
1.658883
1.545591
0.698385
-0.032764
0.245075
0.488695
0.400159
0.087808
0.566455
0.149987
-0.172412
-0.001602
0.362298
0.118970
-0.015727
-0.129746
0.017620
0.184790
0.268374
0.767117
1.171935
0.342640
0.800900
0.764932
0.824927
0.436127
0.400304
0.351814
0.470929
0.744400
0.721829
0.553495
0.333320
2.459167
2.476310
2.486183
2.475333
2.488787
2.480433
2.469692
2.473814
2.475333
2.478697
2.475767
2.361955
2.544228
2.574173
2.478697
2.475767
2.473814
2.475333
2.521335
2.486834
2.420217
2.380725
1.785083
2.033430
2.975065
2.975716
2.845847
2.325175
2.486834
2.475333
2.461554
2.475333
2.475333
2.475333
2.475333
2.492150
2.169483
2.595764
2.229373
2.417505
2.855937
2.459818
2.475333
2.475333
2.475333
2.475333
2.475333
2.475333
2.475333
2.532836
2.999368
2.189772
1.202460
1.392219
3.054267
3.219615
2.475333
2.475333
2.475333
2.475333
2.475333
2.475333
2.475333
2.475333
2.810802
2.518080
2.263441
1.808735
2.265611
2.939370
2.475333
2.475333
2.475333
2.475333
2.475333
2.475333
2.475333
2.475333
2.521335
2.947399
3.087141
2.960961
1.775969
1.413376
2.475333
2.475333
1.941859
2.087244
2.858757
2.757422
2.475333
2.475333
2.475333
2.555837
2.739846
3.126417
2.192919
1.579700
2.475333
2.475333
2.424666
1.762407
1.915820
3.030181
2.931016
2.475333
2.475333
2.475333
2.475333
2.475333
2.475333
2.475333
2.475333
2.475333
2.888485
2.384414
1.556373
2.088654
2.852790
2.688202
2.489112
2.507882
2.475333
2.443002
2.477286
2.497032
2.475333
2.475333
2.590339
2.807765
2.491608
2.016504
2.190857
2.503651
2.475116
2.470776
2.475333
2.482060
2.476201
2.472295
2.475333
2.475333
2.475333
2.955210
2.936441
1.559954
2.009669
2.648926
2.461554
2.433996
2.475333
2.498334
2.475333
2.447775
2.475333
2.475333
2.475333
2.739846
2.855394
2.366946
2.056648
2.339605
2.475333
2.475333
2.475333
2.475333
2.475333
2.475333
2.481192
2.540431
2.475333
2.475333
2.555837
2.981358
2.378881
1.869058
2.475333
2.475333
2.475333
2.475333
2.459167
2.476310
2.477937
2.466220
2.475333
2.475333
2.475333
2.475333
2.475333
2.475333
2.475333
2.475333
2.475333
2.475333
2.478697
2.475767
-0.271554
-0.290763
-0.341300
-0.011091
-0.098217
-0.137549
-0.133204
-0.177339
-0.091128
-0.107021
-0.140979
-0.094329
-0.112052
-0.191060
-0.268810
-0.253031
-0.231650
-0.159731
-0.188087
-0.199521
-0.196891
-0.322435
-1.038765
-1.065863
-0.566090
-0.057855
-0.089298
-0.249601
-0.270639
-0.270639
-0.270639
-0.270639
-0.270639
-0.272354
-0.279901
-0.410818
-1.505609
-0.094101
1.346907
0.973478
0.422138
-0.253717
-0.270639
-0.270639
-0.270639
-0.270639
-0.270639
-0.281387
-0.392410
-0.544251
-0.576380
1.001834
1.645217
0.064258
0.521841
0.045850
-0.270639
-0.270639
-0.270639
-0.270639
-0.280930
-0.401785
-0.722962
-0.289162
0.450608
0.475191
0.369313
-0.617199
0.111251
1.202955
-0.270639
-0.270639
-0.270639
-0.378689
-0.954612
-0.656989
-0.567005
0.600277
0.172994
0.008461
-0.134691
-0.360624
0.288019
1.615488
-0.270639
-0.270639
-0.270639
-0.376631
-1.208443
0.160989
0.473933
0.768240
-0.027784
0.025726
-0.178025
-0.160417
0.001029
0.150126
-0.270639
-0.270639
-0.270639
-0.276470
-0.853994
-0.242626
0.830097
0.792023
0.022982
0.089413
-0.229477
-0.270639
-0.270639
-0.270639
-0.270639
-0.270639
-0.270639
-0.261492
-0.653444
-1.123833
1.060147
1.009266
0.312601
0.225590
-0.151270
-0.270639
-0.270639
-0.270639
-0.270639
-0.270639
-0.270639
-0.253260
-0.399384
-1.213703
1.334444
2.064038
0.715988
0.307685
-0.239082
-0.270639
-0.270639
-0.270639
-0.270639
-0.270639
-0.270639
-0.259663
-0.193804
-0.497715
1.170140
1.931749
0.060942
-0.144410
-0.270639
-0.270639
-0.270639
-0.270639
-0.270639
-0.270639
-0.270639
-0.270639
-0.207524
-0.134233
0.083696
0.446377
-0.254860
-0.270639
-0.270639
-0.270639
-0.270639
-0.270639
-0.353992
-0.242855
-0.326208
-0.245256
-0.270639
-0.256919
-0.255204
-0.191746
-0.274069
-0.290877
-0.271440
-0.266409
-0.270639
-0.270639
-0.326208
-0.094329
-0.307685
-0.151270
-0.270639
-0.270639
-0.270639
-0.270639
-0.271554
-0.283445
-0.237024
-0.250744
-0.270639
-0.270639
-0.476642
-0.053217
-0.012726
-0.059696
-0.171684
-0.178162
-0.218191
-0.080057
0.050441
0.040029
0.028228
-0.068488
-0.086305
-0.429441
-0.409542
-0.134663
-0.092321
-0.144381
-0.025452
0.092552
0.270714
0.494690
0.799648
0.919502
0.687660
0.443323
0.207085
-0.327171
-0.077744
0.029154
-0.009949
0.060853
0.378306
0.279507
-0.072653
-0.008330
-0.066174
-0.094866
0.027997
0.263079
0.199912
-0.021518
-0.141604
0.037252
0.015734
0.133737
-0.132349
0.012032
0.456281
0.097642
-0.099956
-0.055994
-0.165899
-0.583539
-0.011569
-0.179551
-0.120317
-0.006016
-0.062472
-0.228372
-0.505102
-0.207548
-0.216340
-0.131886
-0.165668
-0.178394
-0.040954
0.341979
0.152248
-0.172841
-0.177237
0.000926
-0.016659
0.075661
0.349846
-0.195516
-0.148314
-0.050672
-0.011106
-0.004628
0.025914
0.362340
-0.080983
-0.219348
-0.100650
0.039566
-0.036327
-0.177237
-0.331336
-0.039103
-0.010412
0.011800
0.043037
-0.036558
-0.058539
-0.226521
0.205697
-0.120086
-0.138134
0.025683
-0.090701
-0.467387
-0.494227
-0.078438
0.041880
-0.053217
-0.096023
0.007635
0.064092
-0.419723
-0.388255
-0.283903
-0.173072
0.023832
0.048358
0.140447
0.319535
0.115690
0.164048
0.222356
0.196210
0.083991
-0.039797
0.598579
0.482426
0.038178
-0.133275
0.092783
0.059696
0.189500
0.373678
0.140679
-0.133506
-0.020824
0.061547
-0.165436
-0.187417
-0.132580
-0.003702
-0.057614
-0.147389
0.015271
0.006479
-0.000926
-0.229529
0.172146
0.248039
0.054837
-0.154099
0.114070
0.192276
-0.087230
0.000925
-0.183947
-0.071265
0.142298
0.123788
0.094634
0.052523
-0.291307
-0.342905
-0.330410
-0.163817
-0.211944
-0.137902
0.016891
0.128416
-0.052060
0.282746
0.330410
0.263541
0.211712
0.227909
0.289919
0.298943
0.353085
0.292464
0.283209
0.226521
0.211018
0.261922
0.160115
-2.754112
-2.951710
-2.904046
-2.813345
-2.794140
-2.766838
-2.739535
-2.765681
-2.731205
-2.735833
-2.730974
-2.771003
-2.892708
-2.908211
-1.600621
-1.488326
-1.588889
-1.655721
-1.625972
-1.553064
-1.558720
-1.604602
-1.750627
-1.622200
-1.613401
-1.595593
-1.775977
-1.762150
-1.462138
-1.052974
-1.186639
-1.284268
-1.362623
-1.332664
-1.193971
-1.284478
-1.574224
-1.610468
-1.565843
-1.520381
-1.602507
-1.564167
-1.535465
-1.014216
-0.942774
-1.126720
-1.421494
-1.604183
-1.729886
-1.738685
-1.860618
-1.717316
-1.786034
-1.683795
-1.685262
-1.280707
-1.641056
-1.085657
-1.231892
-1.493983
-1.623248
-1.834429
-1.724020
-1.542798
-1.514305
-1.789805
-1.762150
-1.762150
-1.697832
-1.420028
-1.617591
-1.094247
-1.313389
-1.497964
-1.555368
-1.604602
-1.315694
-0.914701
-0.790673
-1.174906
-1.803632
-1.762150
-1.764245
-1.686728
-1.632047
-1.201514
-1.641684
-1.819136
-1.651112
-1.314018
-0.572159
-0.218514
-0.231294
-0.540314
-1.203190
-1.789805
-1.740361
-1.674158
-1.620734
-1.169669
-1.738895
-1.762150
-1.536094
-0.637525
0.106429
-0.110619
-0.316772
-0.159853
-0.793816
-1.149766
-1.319046
-1.528551
-1.604393
-1.131120
-1.697413
-1.762150
-1.499849
-0.369777
0.018437
-0.259996
-0.358673
-0.213486
-0.564827
-0.757991
-0.670836
-1.141595
-1.627019
-1.112474
-1.562910
-1.782891
-1.577366
-0.790883
-0.547647
-0.464264
-0.566712
-0.652609
-1.275259
-1.664101
-1.661378
-1.864179
-1.618010
-1.006254
-1.108493
-1.372679
-1.793366
-1.556835
-1.535884
-1.027205
-0.993265
-1.236291
-1.780168
-1.788757
-1.748532
-1.681071
-1.621153
-1.005836
-0.910301
-1.036004
-1.349215
-1.741199
-1.772625
-1.555159
-1.783939
-1.793157
-1.761522
-1.473452
-1.684424
-1.552645
-1.582604
-0.883065
-0.863372
-0.786902
-1.054860
-1.326169
-1.549293
-1.558930
-1.443492
-1.454806
-1.406619
-1.135310
-1.405572
-1.361995
-1.616125
-1.039566
-1.002903
-0.994522
-1.029091
-1.284897
-1.273164
-1.180773
-0.960792
-0.881808
-1.060307
-1.114569
-1.561863
-1.346910
-1.766759
-1.600412
-1.749161
-1.737009
-1.735752
-1.781006
-1.744552
-1.746647
-1.671644
-1.715640
-1.787291
-1.766759
-1.820393
-1.665778
-0.948123
-0.841701
-1.052373
-1.052373
-1.130660
-1.049609
-0.734292
-0.702602
-0.547510
-0.170295
-0.121131
-0.316502
-0.765093
-1.052373
-0.986723
-0.963425
-0.918507
-1.020091
-1.174295
-1.134214
-0.453034
0.399231
0.064465
-0.891950
-0.736661
-0.076805
-0.329039
-1.014069
-1.123552
-0.910806
-0.773386
-1.100846
-1.129771
-0.374353
0.705465
0.439805
-0.880301
-1.168865
-1.157018
-0.873687
-0.585025
-0.645640
-1.081496
-0.763810
-0.714844
-1.091270
-0.926701
-0.414730
-0.429242
-1.225827
-1.229480
-0.912583
-0.936178
-1.189399
-0.959377
-0.954935
-1.012588
-0.791847
-1.122861
-0.869047
0.166050
-0.042746
-1.043587
-1.233330
-1.052373
-1.052373
-0.982478
-0.964412
-1.122959
-1.116937
-0.957502
-0.924035
-1.267685
-0.858385
-0.018757
-0.200010
-0.706255
-0.789576
-0.937856
-0.975765
-1.052373
-1.095120
-0.991067
-0.826103
-1.009034
-0.937066
-0.849105
-0.797967
-0.971323
-1.097390
-0.574462
-0.602696
-0.895011
-1.004987
-1.052373
-1.138162
-0.889976
-0.825807
-1.054249
-0.842590
-0.711783
-0.913669
-1.187425
-1.215758
-0.824524
-0.432302
-0.490153
-0.578509
-0.803595
-0.984255
-0.974284
-1.078732
-1.074487
-0.801719
-0.816823
-1.052373
-0.970829
-1.206280
-0.841405
-0.311269
-0.602992
-0.801423
-0.339208
-0.311467
-0.918211
-1.010417
-1.059185
-0.832520
-0.771115
-0.956613
-1.052373
-0.988895
-0.965498
-0.651464
-0.622835
-1.244881
-0.377907
0.277211
-0.354016
-1.043291
-1.059580
-0.828176
-0.549880
-0.734588
-1.052373
-0.900934
-1.083569
-0.934006
-0.980701
-1.180119
-0.575745
-0.167728
-0.968262
-1.067774
-1.105584
-0.864012
-0.437041
-0.600721
-0.822944
-0.975765
-0.900934
-1.100451
-1.102129
-0.905080
-0.765290
-1.149219
-1.016241
-0.994917
-1.108842
-0.863815
-0.589566
-0.645442
-0.760552
-0.767956
-0.813467
-0.956613
-1.082483
-0.893826
-1.003012
-0.823141
-0.684536
-0.911497
-0.985341
-0.914854
-0.965399
-1.035196
-1.015748
-0.974679
-0.987711
-1.041020
-1.068169
-1.039342
-0.954244
-0.932920
-0.995016
-1.048030
1.876318
1.876318
1.876318
1.876318
1.876318
1.876318
1.876318
1.876318
1.876318
1.876318
1.876318
1.848282
2.174258
2.376049
1.876318
1.876318
1.876318
1.876318
1.876318
1.876318
1.876318
2.663794
3.387639
2.743245
2.050073
1.761010
1.655017
1.542520
1.876318
1.876318
1.876318
1.876318
1.876318
1.876318
1.876318
2.266892
3.360481
3.503563
2.959361
2.184541
1.637879
1.616961
1.876318
1.876318
1.876318
1.876318
1.876318
1.876318
1.876318
1.552100
1.385640
2.023970
2.800899
2.589529
1.879834
1.703179
1.876318
1.876318
1.876318
1.876318
1.876318
1.876318
1.876318
1.684196
1.043844
0.866838
1.784739
2.676625
2.299850
1.672858
1.876318
1.962449
1.989518
1.882558
1.870869
1.876318
1.876318
1.860147
1.695797
1.325086
0.749859
0.497709
1.279384
1.685514
1.876318
1.944607
2.279724
2.173467
1.807151
1.876318
1.876318
1.876318
1.876318
1.683405
1.270332
0.647822
0.683328
1.340027
1.876318
1.830177
1.994616
2.098499
1.793880
1.876318
1.876318
1.876318
1.876318
1.881416
1.786409
1.734467
1.900927
1.901630
1.876318
1.848019
1.951287
2.682514
3.237175
2.691039
1.817609
1.849073
1.876318
1.861026
1.960691
2.121350
2.204316
2.018873
1.876318
1.876318
1.771205
2.230858
3.494774
3.912593
2.489600
1.677604
1.876318
1.852061
1.802493
1.806887
2.075472
2.101839
1.876318
1.876318
1.771644
1.279120
0.928711
1.692809
2.064662
1.598856
1.876318
1.876318
1.852061
1.761185
1.777532
1.857862
1.876318
1.876318
1.864190
1.638318
0.908673
0.137632
0.556330
1.319988
1.876318
1.876318
1.876318
1.876318
1.912968
1.878955
1.876318
1.876318
1.876318
1.872276
1.781663
1.417456
1.126195
1.425981
1.876318
1.876318
1.876318
1.876318
1.945047
1.915604
1.876318
1.876318
1.876318
1.876318
1.876318
1.876318
1.876318
1.876318
1.876318
1.876318
1.876318
1.876318
1.794671
1.782103
0.304253
0.093674
0.229768
0.204518
0.274206
0.245674
0.188359
0.217648
0.282286
0.264359
0.265874
0.552452
0.620877
-1.214233
-0.045954
-0.243655
-0.004292
-0.000253
0.004545
-0.005050
0.123721
0.103269
0.048478
-0.201236
-0.115894
0.214871
0.587548
-1.673263
-0.230778
-0.177502
-0.020957
0.158565
0.031309
-0.415097
0.153262
1.953277
0.095694
-0.405502
-1.150353
-0.226990
0.412824
-1.456878
-0.312332
-0.121701
-0.018179
0.026764
-0.677183
-0.178259
0.240120
2.376705
0.170937
-0.374445
-1.008957
-1.624280
-0.046711
-1.365981
-0.328492
0.004797
0.182552
-0.148465
-0.292133
0.240877
0.151748
0.691575
0.333794
0.515588
-1.074605
-1.377343
-1.203629
-1.508639
-0.292385
0.086857
0.039641
-0.957449
0.383030
-0.364093
-0.161595
0.046206
0.171189
0.712027
0.380758
-0.401967
-2.322672
-1.609888
-0.234060
0.467362
0.477210
-0.612798
-0.637037
-0.772120
-0.129781
0.002272
0.071455
0.625170
0.129781
-1.415469
-0.716572
-1.777037
-0.277236
0.539070
1.340479
-0.759748
-1.613170
-1.205649
-0.184572
0.026259
0.035349
0.435801
-0.117156
-1.204133
0.356518
-1.611655
-0.358033
0.318392
1.220293
-0.078020
-1.510154
-1.599788
-0.450698
-0.088877
-0.011362
0.299203
-0.143163
-0.595123
0.237342
-1.501569
-0.361316
0.081302
0.760000
0.272944
-0.487309
-1.386180
-1.005170
0.052266
-0.127508
-0.357781
-0.216386
-0.049993
0.310060
-1.451828
-0.365608
-0.119681
0.306020
0.920585
0.055548
-0.259057
-2.282021
-0.478977
0.449183
-0.750911
0.136346
0.319907
0.453223
-1.472785
-0.348691
-0.118166
0.041409
0.343894
0.177249
0.569874
-2.079270
-0.365356
0.385302
-0.344904
0.241635
0.257037
0.589568
-1.526313
-0.369396
-0.053023
0.083322
0.102259
0.153263
0.189369
-0.533010
-0.078272
0.099734
0.104784
0.199721
0.259309
0.725661
-1.398047
-0.435548
-0.041661
0.141395
0.133316
0.086100
0.119176
0.171442
0.163362
0.110591
0.207548
0.139375
0.238352
0.733236
-0.839535
-0.701094
-0.701094
-0.701094
-0.701094
-0.701094
-0.701094
-0.701094
-0.701094
-0.701094
-0.701094
-0.701094
-0.701094
0.334303
-1.209124
-0.701094
-0.701094
-0.701094
-0.701094
-0.701094
-0.701094
-0.701094
-0.701094
-0.701094
-0.701094
-0.701094
-0.701094
-0.160268
-0.809692
-0.701094
-0.701094
-0.701094
-0.649115
-0.650817
-0.720431
-0.702486
-0.701094
-0.684850
-0.686397
-0.708055
-0.701094
-0.137836
-0.934534
-0.701094
-0.701094
-0.626374
-0.109836
-0.826864
-0.853472
-0.706508
-0.701094
-0.565268
-0.636739
-0.617711
-0.755393
-0.437023
-0.798244
-0.701094
-0.701094
-0.007426
0.063117
-1.350827
-0.908544
-0.700939
-0.701094
-0.616164
0.348072
-0.992082
-0.784940
-0.765139
-0.687171
-0.701094
-0.626374
0.450946
-0.781227
-1.011883
-0.738685
-0.701094
-0.701094
-0.695525
0.219362
0.644783
-1.526720
-1.104238
-0.701094
-0.701094
-0.075648
0.511433
-1.294208
-1.033541
-0.699856
-0.701094
-0.701094
-0.701094
-0.125461
1.028126
-1.460663
-1.122183
-0.701094
-0.701094
-0.305375
0.936545
-1.387182
-1.077011
-0.710840
-0.701094
-0.701094
-0.701094
-0.246280
1.096503
-1.385944
-1.092636
-0.692276
-0.701094
-0.675104
0.812477
-1.075928
-1.034624
-0.768233
-0.701094
-0.701094
-0.665358
0.264534
0.467499
-1.685131
-0.916125
-0.711458
-0.701094
-0.701094
-0.274899
-0.261595
-1.051331
-0.774730
-0.665822
-0.717801
-0.378238
-0.724453
-0.623590
-0.605026
-0.346834
-0.797161
-0.701094
-0.701094
-0.676961
-0.641999
-0.666596
-0.330281
-0.813095
-0.793913
-0.327651
-0.881472
-0.773647
-0.700939
-0.130102
-0.889826
-0.701094
-0.701094
-0.701094
-0.701094
-0.701094
-0.174500
-0.967175
-0.807526
-0.675104
-0.679436
-0.698928
-0.701094
-0.039603
-0.920147
-0.701094
-0.701094
-0.701094
-0.701094
-0.701094
-0.663966
-0.670154
-0.698000
-0.701094
-0.701094
-0.701094
-0.701094
-0.014542
-0.897870
-0.701094
-0.701094
-0.701094
-0.701094
-0.701094
-0.701094
-0.701094
-0.701094
-0.701094
-0.701094
-0.701094
-0.701094
0.045791
-1.065563
-0.912005
-0.912005
-0.912005
-0.912005
-0.912005
-0.912005
-0.912005
-0.912005
-0.912005
-0.912005
-0.912005
-0.912005
-0.912005
-0.912005
-0.912005
-0.912005
-0.912005
-0.912005
-0.912005
-0.912005
-0.912005
-0.912005
-0.912005
-0.912005
-0.912005
-0.912005
-0.912005
-0.912005
-0.912005
-0.912005
-0.912005
-0.912005
-0.912005
-0.912005
-0.912005
-0.912005
-0.912005
-0.912005
-0.912005
-0.912005
-0.912005
-0.912005
-0.912005
-0.912005
-0.912005
-0.912005
-0.912005
-0.912005
-0.912005
-0.912005
-0.912005
-0.912005
-0.912005
-0.912005
-0.912005
-0.912005
-0.912005
-0.912005
-0.912005
-0.912005
-0.912005
-0.912005
-0.912005
-0.912005
-0.912005
-0.912005
-0.912005
-0.912005
-0.904610
-0.898930
-0.912005
-0.912005
-0.912005
-0.912005
-0.912005
-0.912005
-0.912005
-0.912005
-0.912005
-0.912005
-0.912005
-0.912005
-0.909111
-0.889500
-0.912005
-0.912005
-0.912005
-0.912005
-0.912005
-0.912005
-0.912005
-0.912005
-0.912005
-0.912005
-0.912005
-0.912005
-0.916828
-0.911791
-0.912005
-0.912005
-0.912005
-0.912005
-0.912005
-0.912005
-0.912005
-0.912005
-0.912005
-0.912005
-0.912005
-0.912005
-0.912005
-0.912005
-0.912005
-0.912005
-0.912005
-0.912005
-0.912005
-0.912005
-0.912005
-0.912005
-0.912005
-0.912005
-0.912005
-0.912005
-0.912005
-0.912005
-0.912005
-0.912005
-0.912005
-0.912005
-0.912005
-0.912005
-0.912005
-0.912005
-0.912005
-0.912005
-0.912005
-0.912005
-0.912005
-0.912005
-0.912005
-0.912005
-0.912005
-0.912005
-0.912005
-0.912005
-0.793691
-0.702812
-0.781688
-0.912005
-0.912005
-0.912005
-0.912005
-0.912005
-0.912005
-0.912005
-0.912005
-0.912005
-0.912005
-0.912005
-0.865708
-0.551918
-0.870852
-0.912005
-0.912005
-0.912005
-0.912005
-0.912005
-0.912005
-0.912005
-0.912005
-0.912005
-0.912005
-0.912005
-0.989166
-0.908576
-0.944584
-0.912005
-0.912005
-0.912005
-0.912005
-0.912005
-0.912005
-0.912005
-0.912005
-0.912005
-0.912005
-0.912005
-0.912005
-0.912005
-0.912005
-0.912005
-0.912005
-0.912005
-0.912005
-0.912005
-0.165075
-0.175468
-0.216584
-0.394651
-0.201300
-0.267635
-0.234314
-0.194727
-0.180665
-0.163241
-0.199771
-0.230952
-0.173176
0.162935
-0.170424
-0.296676
-0.523042
-0.495989
-0.320214
-0.426138
-0.214444
0.204051
-0.321743
-0.373405
-0.283990
-0.118762
-0.042492
0.333206
-0.189072
-0.460987
-0.542760
-0.600994
-0.363776
-0.273902
-0.356745
0.132671
-0.462515
-1.038137
-0.143523
0.391594
0.326634
0.276959
-0.204356
-0.501797
-0.599772
-0.808714
0.271151
-0.666872
-1.295837
0.591518
0.101032
-1.585176
-0.196256
0.986016
0.842034
-0.193504
-0.209706
-0.533283
-0.846925
-0.603287
-0.025678
0.479328
-0.348950
-0.495530
-0.494613
-1.032329
-0.103325
0.868629
0.655102
-0.216890
-0.216126
-0.735041
-1.030036
-0.470005
0.042797
1.091175
-0.639359
-0.677418
-0.434238
-0.652657
-0.448147
1.235004
0.177303
-0.167520
-0.239817
-0.817731
-1.183342
-0.682768
0.407643
1.076501
-0.724495
-0.563853
-0.306764
-0.535270
-0.621476
0.798167
0.538327
-0.137868
-0.240428
-0.811923
-1.156135
-0.518610
0.289492
1.096219
-0.797250
-0.569508
-0.244555
-0.590142
-0.565534
0.505924
0.264731
0.375698
-0.232786
-0.683990
-1.044251
-0.148720
0.448147
0.385174
-0.895531
-0.523654
-0.321284
-0.691480
-0.241040
0.333206
0.800918
-0.027665
-0.215667
-0.580360
-0.760872
-0.376615
0.559573
-0.539856
-0.176080
-0.286588
-0.587238
-0.646696
0.282614
0.446925
0.278946
-0.264425
-0.206191
-0.506994
-0.613834
-0.689187
0.026595
0.006420
-0.130379
0.279252
-1.187316
-0.870617
1.142990
-0.103477
0.021093
-0.185556
-0.203287
-0.479481
-0.544135
-0.536646
-0.354147
-0.089874
0.681239
-0.183416
-1.931528
0.284907
0.489569
-0.199924
-0.109286
0.146427
-0.203592
-0.473367
-0.492015
-0.438060
-0.299122
-0.142301
0.133894
-0.155445
-0.384410
-0.295606
-0.162018
-0.286588
-0.118304
0.440352
-0.200994
-0.477494
-0.537563
-0.394957
-0.220558
-0.256019
-0.152694
-0.167062
-0.205732
-0.229576
-0.231563
-0.282920
-0.168896
0.485289
-0.066264
0.147820
0.282752
0.314201
0.443074
0.415472
0.439420
0.159072
-0.002597
-0.093577
-0.164169
0.025294
0.256304
0.466156
-0.143588
-0.333917
-0.069245
-0.013080
0.237839
0.084633
0.041066
0.106176
0.042701
-0.123680
-0.249380
-0.439997
-0.303429
0.290446
-0.189367
-0.305353
-0.038277
-0.051645
0.084922
0.162534
0.359595
0.363442
0.573102
0.394603
-0.017215
-0.257554
-0.432591
-0.065687
-0.147916
-0.192252
-0.059051
-0.092423
0.480390
0.471638
0.108965
0.002693
0.587143
1.436842
1.488295
0.266114
-0.216296
-0.156860
-0.121756
-0.144550
-0.190040
0.053184
0.256977
0.267845
-0.020389
-0.188020
0.036065
0.675335
1.459154
1.848179
0.121372
-0.149551
-0.152917
-0.296505
0.153494
0.811325
0.364500
-0.094924
-0.607340
-0.381330
-0.064821
0.029429
0.867779
1.968589
0.809113
-0.102137
-0.217834
-0.491161
0.238800
1.376637
0.622247
-0.253034
-0.559734
-0.106465
0.274770
0.040874
0.193791
1.371540
1.196022
-0.100117
-0.255919
-0.683510
-0.181192
1.019542
1.176210
-0.222739
-0.520110
-0.231107
0.255727
0.035392
0.196676
0.891246
0.917790
0.033180
-0.221681
-0.603589
-0.656966
0.678413
1.697474
-0.064918
-0.540595
-0.720633
-0.280732
-0.478851
-0.242455
0.759103
0.310643
-0.023274
-0.171767
-0.503087
-0.726115
0.343823
1.689972
0.727942
-0.099925
-0.280348
-0.587913
-0.348343
0.427206
0.239281
0.105984
-0.123872
-0.143877
-0.338341
-0.583681
-0.486256
0.787666
1.353363
1.021658
0.160419
-0.184173
-0.014811
0.063186
0.040008
-0.207159
0.041740
-0.138298
-0.277366
-0.417492
-0.723422
-0.334782
0.463367
0.578391
1.232664
0.594068
0.331128
0.183308
-0.190713
-0.245436
0.140414
-0.118006
-0.130893
-0.243898
-0.544827
-0.454231
-0.539056
-0.265344
-0.031257
-0.015580
-0.065206
-0.253611
-0.307276
-0.161573
0.040586
-0.100117
-0.103099
-0.142530
-0.170709
-0.181192
-0.204082
-0.211295
-0.104830
0.015196
0.070784
-0.068476
-0.075016
-0.070880
-0.025775
-1.326630
-1.110642
-1.440778
-1.495833
-1.444086
-1.293345
-1.172910
-1.211688
-1.202424
-1.183630
-1.242458
-1.338872
-1.128376
-1.034742
-1.099525
-0.642669
-1.176153
-1.237826
-1.070012
-0.871626
-0.741134
-1.096018
-0.922513
-0.690909
-0.795263
-0.963342
-0.630361
-0.754501
-1.169205
-0.325636
-0.868252
-0.853098
-0.597870
-0.110839
0.236435
-0.276139
-0.354553
0.022168
-0.582187
-0.699114
-0.351906
-0.791028
-1.432638
-0.434622
-0.945078
-0.767801
-0.962680
-0.095818
0.142801
-0.237031
-0.614347
0.031233
-1.129501
-1.022301
-0.371096
-0.784212
-1.398427
-0.324775
-0.709834
-0.712018
-1.082783
0.115074
0.216252
-0.073319
-0.585099
-0.269654
-0.910602
-0.985179
-0.413778
-0.281432
-1.373480
-0.224127
-0.309622
-0.804395
-0.428997
-0.200305
-0.838275
-1.138037
-1.210430
-1.034742
-0.388632
-0.530043
-0.298439
-0.025013
-1.365341
-0.150543
-0.068621
-1.031102
0.001787
-0.485840
-1.197064
-1.625995
-1.738554
-1.437204
-0.263433
-0.149881
0.140286
-0.029778
-1.352702
-0.166027
-0.102237
-1.109252
-0.248942
-0.421387
-1.275875
-1.605349
-1.631950
-1.286661
-0.285138
-0.292086
0.260455
-0.235575
-1.372487
-0.259860
-0.359781
-1.158220
-0.718040
-0.407161
-1.036463
-1.439983
-1.443557
-1.120436
-0.473201
-0.639162
0.101046
-0.271242
-1.389229
-0.390286
-0.699842
-0.643198
-0.660469
-0.391014
-1.059689
-1.281897
-1.429396
-1.122884
-1.075438
-0.884001
-0.185548
-0.400874
-1.421389
-0.495104
-0.850451
-0.471348
-0.441306
-0.432637
-0.712613
-1.331857
-1.329740
-1.306579
-1.352702
-0.836621
-0.239148
-0.681380
-1.357466
-0.381618
-0.924035
-0.907293
-0.727966
-0.583246
-0.539903
-1.116928
-0.928336
-1.229951
-1.000928
-0.664307
-0.394522
-0.894390
-1.059292
-0.332452
-1.082717
-1.251590
-1.002847
-0.568556
-0.441901
-0.791293
-0.644390
-0.849789
-0.851775
-0.716385
-0.476708
-0.808829
-0.916028
-0.814056
-1.294139
-1.463409
-1.417352
-1.182903
-0.898956
-0.893000
-0.897235
-0.958577
-1.163249
-1.236436
-0.945806
-0.784212
1.172980
1.188583
0.933239
1.010133
1.060967
1.018186
0.877820
0.728953
0.684830
0.761780
0.890850
0.933687
1.121587
1.006778
1.155644
0.908857
0.601170
0.726884
0.654073
0.636233
0.585511
0.491841
0.485969
0.547372
0.646803
0.588979
0.738964
1.103636
0.575725
0.458175
0.134047
0.231129
0.305227
0.323513
0.299802
-0.057936
-0.081703
0.148195
0.438211
0.392690
0.312888
0.551566
0.495420
0.433122
0.064591
0.201098
0.329105
0.082878
-0.122359
-0.331790
-0.273127
-0.228892
0.148195
0.539711
0.400407
0.387097
0.506045
0.417072
0.019126
0.178282
0.387601
-0.209878
-0.131307
-0.220559
-0.275587
-0.178953
-0.069121
0.724535
0.996208
0.517565
0.418190
0.254672
-0.057712
0.479090
0.193717
-0.281963
-0.167545
-0.265354
-0.244718
-0.307184
-0.148419
-0.015267
1.150835
0.165587
0.411256
0.088917
-0.313168
0.130971
-0.244774
-0.304667
-0.211164
-0.052623
-0.044123
-0.212059
-0.239349
-0.073594
0.770951
0.092944
0.436701
0.092664
-0.245613
-0.203447
-0.201434
-0.192039
-0.218714
-0.008277
0.033777
-0.240188
-0.195450
0.074601
0.525003
0.041942
0.502578
0.258643
-0.186502
-0.164189
0.180910
0.322898
-0.046024
-0.142715
-0.107036
-0.221790
0.028856
0.583498
0.794886
0.044179
0.521256
0.429319
-0.152837
-0.205796
0.112684
0.501963
0.222293
0.117046
0.163406
0.304388
0.387321
0.777830
0.814739
0.069848
0.521368
0.567616
0.032379
-0.030254
0.265354
0.463376
0.468577
-0.128734
0.065318
0.505654
0.822904
0.481383
0.401749
0.140534
0.491114
0.506940
0.121241
-0.059614
0.034728
0.383127
0.553747
0.065653
-0.073594
0.519299
0.663859
0.245948
0.179680
0.443524
0.647586
0.553747
0.281459
0.307631
0.206467
0.133655
0.358968
-0.032212
-0.081983
0.234708
0.217987
0.100046
0.465110
0.666040
0.643559
0.467626
0.192710
0.367133
0.375298
0.210885
0.005089
-0.146182
-0.155242
0.024886
0.147077
0.214240
0.315516
0.632487
-1.502125
-1.447238
-1.400823
-1.410953
-1.407270
-1.449080
-1.473945
-1.477720
-1.375037
-1.399442
-1.473945
-1.423110
-1.401652
-1.320058
-1.154843
-0.736097
-0.810969
-0.816863
-0.819994
-0.954173
-1.265355
-1.260750
-1.480483
-1.489140
-1.112573
-0.916139
-0.781131
-0.982998
-0.746412
-0.483671
-0.778460
-0.934742
-0.921849
-1.198311
-1.297679
-1.449908
-1.537765
-1.503046
-1.399073
-1.221334
-0.806825
-0.904627
-0.673474
-0.511207
-0.987511
-1.282668
-1.411045
-0.999667
-1.051699
-1.508203
-1.584640
-1.465288
-1.575247
-1.484167
-1.062014
-0.927190
-0.675500
-0.476304
-1.056672
-1.500099
-1.475326
-1.405704
-1.418689
-1.517320
-1.572668
-1.573405
-1.579115
-1.549461
-1.255869
-0.869816
-0.680105
-0.581842
-1.171236
-1.550474
-1.606190
-1.606190
-1.606190
-1.602598
-1.582706
-1.601033
-1.606190
-1.606190
-1.250436
-0.458346
-0.730940
-0.643176
-1.270144
-1.561985
-1.606190
-1.606190
-1.606190
-1.601033
-1.601309
-1.601677
-1.606190
-1.606190
-1.207797
-0.595288
-0.735177
-0.653306
-1.156225
-1.535739
-1.606190
-1.606190
-1.599928
-1.601033
-1.599191
-1.606190
-1.606190
-1.606190
-1.283405
-0.847990
-0.720718
-0.545189
-1.006298
-1.484075
-1.585193
-1.606190
-1.599007
-1.559223
-1.595876
-1.606190
-1.606190
-1.593665
-1.331569
-0.867330
-0.677711
-0.467555
-0.976183
-1.322544
-1.536752
-1.581141
-1.575247
-1.568432
-1.597165
-1.606190
-1.606190
-1.588692
-1.270696
-0.980051
-0.657266
-0.481553
-0.916231
-1.140477
-1.438949
-1.535463
-1.418321
-1.564932
-1.606190
-1.606190
-1.593665
-1.534081
-1.319413
-1.057317
-0.648886
-0.453004
-0.920467
-1.002430
-1.093141
-1.347962
-1.372458
-1.338937
-1.360671
-1.369880
-1.379642
-1.304494
-1.022690
-1.018914
-0.796695
-0.625494
-1.025637
-1.130715
-1.098943
-0.982630
-0.726151
-0.687933
-0.646399
-0.549978
-0.776710
-0.972131
-0.927466
-0.945240
-1.062474
-1.271249
-1.401007
-1.389772
-1.301271
-1.102166
-0.910890
-0.771185
-0.712614
-0.784999
-0.990826
-1.268117
-1.313151
-1.102903
2.457476
2.034833
1.520592
1.352765
1.176331
0.885244
0.726946
0.573257
0.597540
0.542828
0.799179
1.091495
1.405326
2.545079
2.269977
1.384118
0.682377
0.323668
0.003689
-0.029201
0.592315
1.278380
1.602047
0.976843
0.501025
0.078688
0.236373
1.786780
2.226022
1.364752
0.768442
0.335348
0.409733
1.274691
2.786062
3.347639
3.279709
2.649279
2.415981
0.672540
-0.043647
1.433605
2.367723
1.449895
0.590779
0.242828
1.584527
3.741081
3.800405
1.448051
0.690675
1.757580
3.500712
2.975098
0.485962
1.425613
2.392312
1.393338
0.452765
1.088421
3.532372
3.142926
0.043955
-0.711884
-1.128379
-0.967314
0.040266
2.902558
1.450511
0.975613
2.380325
1.177560
0.401127
2.115366
3.829298
0.348873
-1.036166
-0.197028
-0.093135
-0.734323
-1.193235
0.709425
2.416595
0.871720
2.413829
1.029097
0.515163
2.466083
2.448870
-0.579097
-0.244979
0.619979
0.714344
-0.099282
-1.181555
-0.906761
2.001329
0.657478
2.377866
1.104097
0.525921
2.487292
3.225918
-0.104200
-0.057172
0.584630
0.562192
-0.224999
-0.924589
-0.336270
2.581042
0.960859
2.455017
1.299896
0.410963
1.752047
3.546819
0.437705
-0.474589
-0.155225
-0.209323
-0.632888
-0.698667
1.298359
3.020283
1.084118
2.411062
1.451740
0.583093
0.919057
3.522229
2.726738
0.118647
-0.514548
-0.374077
-0.358094
0.690983
3.007988
1.392724
1.077662
2.372025
1.555941
0.919056
0.639037
1.320182
2.623152
2.185141
0.746925
1.069056
1.509834
2.659423
1.630633
-0.087295
1.345387
2.176842
1.378892
0.864036
0.458914
0.185349
0.265881
1.172642
1.893441
1.945387
1.347232
1.165264
-0.122950
-0.091598
1.501842
2.223870
1.614649
1.143442
0.923052
0.656557
0.375614
0.165984
0.059017
0.153074
0.279713
0.469979
0.467520
0.687295
1.911268
3.445999
3.406655
2.983398
2.936676
2.816185
2.580120
2.295796
2.007784
2.018235
2.232784
2.486984
2.746103
2.736574
3.630425
-5.762413
-5.902115
-5.932052
-5.932052
-5.932052
-5.932052
-5.932052
-5.932052
-5.932052
-5.932052
-5.932052
-5.932052
-5.932052
-5.932052
-5.910099
-5.902115
-5.932052
-5.932052
-5.932052
-5.932052
-5.932052
-5.932052
-5.932052
-5.932052
-5.932052
-5.932052
-5.932052
-5.932052
-5.932052
-5.932052
-5.932052
-5.932052
-5.932052
-5.932052
-5.932052
-5.932052
-5.932052
-5.932052
-5.932052
-5.932052
-5.932052
-5.932052
-5.932052
-5.932052
-5.932052
-5.932052
-5.932052
-5.932052
-5.932052
-5.932052
-5.932052
-5.932052
-5.932052
-5.932052
-5.932052
-5.932052
-5.932052
-5.932052
-5.932052
-5.932052
-5.932052
-5.932052
-5.932052
-5.932052
-5.932052
-5.932052
-5.932052
-5.932052
-5.932052
-5.932052
-5.932052
-5.932052
-5.932052
-5.932052
-5.932052
-5.932052
-5.932052
-5.932052
-5.932052
-5.932052
-5.932052
-5.866857
-5.840247
-5.862865
-5.932052
-5.932052
-5.932052
-5.932052
-5.932052
-5.932052
-5.932052
-5.932052
-5.932052
-5.932052
-5.932052
-5.852221
-5.592773
-5.872179
-5.932052
-5.932052
-5.932052
-5.932052
-5.932052
-5.932052
-5.932052
-5.932052
-5.932052
-5.932052
-5.932052
-5.886815
-5.888145
-5.872179
-5.932052
-5.932052
-5.932052
-5.932052
-5.932052
-5.932052
-5.932052
-5.932052
-5.932052
-5.932052
-5.932052
-5.932052
-5.932052
-5.932052
-5.932052
-5.932052
-5.932052
-5.932052
-5.932052
-5.932052
-5.932052
-5.886415
-5.867788
-5.883621
-5.932052
-5.932052
-5.932052
-5.932052
-5.932052
-5.932052
-5.932052
-5.932052
-5.932052
-5.932052
-5.932052
-5.765339
-5.538488
-5.772524
-5.932052
-5.932052
-5.932052
-5.932052
-5.932052
-5.932052
-5.932052
-5.932052
-5.932052
-5.932052
-5.932052
-5.764674
-5.324543
-5.788357
-5.932052
-5.932052
-5.932052
-5.932052
-5.932052
-5.932052
-5.932052
-5.932052
-5.932052
-5.932052
-5.932052
-5.855148
-5.857410
-5.830268
-5.932052
-5.932052
-5.932052
-5.932052
-5.932052
-5.932052
-5.932052
-5.932052
-5.932052
-5.932052
-5.932052
-5.932052
-5.932052
-5.932052
-5.932052
-5.932052
-5.932052
-5.932052
1.313217
1.116573
1.127818
1.116045
1.129260
1.009217
0.993647
1.067076
1.024835
0.958374
0.957605
1.028872
1.158910
1.336716
1.232195
0.859572
0.924735
0.951838
0.901572
1.051169
1.181064
0.730254
0.806614
0.961690
0.970916
0.756444
0.678882
1.143869
1.201055
0.963996
0.940401
1.049968
1.481700
1.407743
0.999510
1.105617
0.932424
1.112440
1.226044
1.234886
0.713530
0.922621
1.238875
0.965967
0.924927
1.374248
1.335995
1.301780
1.291976
0.696182
0.765478
1.089902
1.456951
1.017434
1.091776
0.840445
1.265738
0.883455
0.994320
1.259202
1.144590
1.288420
0.688397
0.766728
0.727226
0.846548
0.924495
1.162659
0.729773
0.933721
1.232772
0.896286
1.097159
0.976107
0.906474
0.601561
0.843761
0.762211
0.743757
0.755050
0.658651
0.738904
0.599206
0.769515
1.224554
0.941795
0.878602
0.870096
0.718240
0.403331
0.607616
0.895085
0.960873
0.713771
0.512033
0.517271
0.431588
0.671818
1.219460
0.922717
0.889943
0.923678
0.619005
0.540482
0.540242
0.792342
0.843761
0.568258
0.616987
0.502614
0.416691
0.648127
1.245747
0.904744
0.901044
1.016425
1.042423
0.765238
0.694693
0.469888
0.559704
0.657257
0.717855
0.803971
0.784701
0.773071
1.252138
0.914691
1.016137
1.215952
1.295340
1.405484
0.926849
0.698777
0.424379
1.073996
1.018828
1.414182
0.773360
1.114795
1.254349
0.959047
0.947033
1.212973
1.467091
1.383715
1.427445
0.905417
0.965919
1.021231
1.611450
1.080243
1.089422
0.993599
1.160448
0.927090
0.911568
1.009938
1.160736
1.375593
1.162130
1.033293
0.984612
1.157276
1.111287
1.137862
0.798829
1.017771
1.122340
0.841118
0.833814
0.890664
0.884128
0.912769
0.910510
0.743998
0.674461
0.791092
0.884609
0.777540
0.682582
1.134402
1.425427
1.051362
1.110518
1.108164
1.119985
1.033293
1.036561
0.966832
0.933866
1.002633
1.006141
1.019741
1.135699
1.371364
-0.207730
-0.001161
0.342348
0.464433
0.483929
0.532670
0.389464
0.431939
0.432171
0.382037
0.428689
0.630849
0.679126
-0.875715
-0.056168
-0.289197
0.132761
0.318210
0.429386
0.277592
-0.252989
-0.344437
0.476502
0.646632
0.615994
0.632473
0.496927
-1.770926
-0.097946
-0.399213
0.124638
0.364398
0.061507
0.058257
-0.588607
-1.936878
0.410818
0.995014
0.632706
0.852505
0.308925
-2.124415
-0.144134
-0.332136
0.375074
0.475109
-0.732509
-0.897764
-0.457702
-1.385639
0.539633
1.316473
0.144599
1.007084
0.368575
-2.159462
-0.106998
-0.132994
0.682143
-0.205873
-0.717422
-1.392370
-0.839971
0.084020
0.557737
0.594177
-0.036208
0.543347
0.531742
-2.188707
0.032262
0.015551
-0.056400
-0.603229
-0.394571
-1.473837
-0.024835
0.285716
0.378556
0.739936
0.272486
0.407336
-0.289661
-2.326574
0.079610
0.210515
-1.018921
-0.877571
-0.168273
-0.753166
0.177093
0.318209
0.439830
0.928866
1.273535
-0.196821
-1.375195
-2.393187
0.027620
-0.033655
-0.371593
-0.813512
-0.156900
-0.485322
0.196125
0.312871
0.524547
1.049326
1.048629
-1.064412
-1.431363
-2.416861
-0.102124
-0.077522
-0.030173
-0.988748
-0.535223
0.122549
0.377395
0.370432
0.669145
1.054896
0.171290
-0.782411
-1.237791
-2.394115
-0.159221
-0.297321
-0.103981
-0.798193
-0.708370
0.504354
0.833008
0.041778
0.874786
0.779625
-0.803532
-1.047469
-0.561219
-2.234431
-0.125566
-0.497855
-0.066613
-0.350240
-0.141581
0.280609
1.342237
-0.188233
0.197517
-0.213068
-0.263434
-0.746435
-0.184752
-2.109792
-0.040154
-0.492285
-0.070094
0.066845
0.070326
0.053383
0.716030
-0.134154
-0.280145
-0.263666
-0.152026
-0.101660
0.090983
-2.098420
0.004642
-0.345365
0.045260
0.131833
0.175004
0.127191
-0.039921
-0.017640
-0.074736
0.136011
0.176628
0.429154
0.372753
-2.131146
0.225601
-0.051294
0.261345
0.320531
0.350239
0.349311
0.336546
0.293607
0.358827
0.337010
0.405944
0.672627
0.794712
-1.219455
0.886644
0.880712
0.932661
0.932661
0.932661
0.932661
0.932661
0.932661
0.932661
0.932661
0.932661
0.932661
0.932661
0.932661
0.882185
0.927303
0.932661
0.932661
0.932661
0.932661
0.889957
0.718281
0.865864
0.927998
0.932661
0.932661
0.932661
0.932661
0.899774
0.908773
0.932661
0.932661
0.910573
0.791664
0.447576
0.600272
0.602276
0.861856
0.771825
0.898465
0.932661
0.932661
0.878135
0.906319
0.932661
0.931188
0.768962
0.563581
0.537565
0.491507
0.887584
0.692634
0.693289
0.573766
0.904682
0.932661
0.876172
0.897483
0.932661
0.886889
0.730675
0.749082
0.767530
0.922762
0.931393
0.897565
0.583133
0.742619
0.742537
0.932661
0.885416
0.908977
0.932661
0.681058
0.704578
0.682858
0.932661
0.932661
0.932661
0.932661
0.888975
0.784669
0.903782
0.932661
0.894579
0.918263
0.932661
0.891920
0.709200
0.910982
0.932661
0.932661
0.932661
0.932661
0.930125
0.918263
0.931761
0.932661
0.892575
0.908323
0.932661
0.800744
0.578634
0.797758
0.932661
0.932661
0.932661
0.932661
0.932661
0.932661
0.932661
0.932661
0.885375
0.907873
0.932661
0.506560
0.502347
0.456002
0.920226
0.932661
0.932661
0.932661
0.932661
0.932661
0.932661
0.932661
0.892616
0.909427
0.932661
0.881940
0.559777
0.805816
0.710427
0.892820
0.845167
0.728998
0.835881
0.920226
0.932661
0.932661
0.894579
0.918263
0.932661
0.932661
0.912086
0.667682
0.743805
0.662242
0.607471
0.546401
0.599290
0.849543
0.932661
0.932661
0.907055
0.911432
0.932661
0.932661
0.931393
0.901369
0.795427
0.915236
0.850566
0.739388
0.863819
0.929061
0.932661
0.932661
0.918263
0.931761
0.932661
0.932661
0.932661
0.932661
0.932661
0.932661
0.932661
0.932661
0.932661
0.932661
0.932661
0.932661
0.932661
0.932661
0.932661
0.932661
0.932661
0.932661
0.932661
0.932661
0.932661
0.932661
0.932661
0.932661
0.932661
0.932661
-0.330505
-0.157920
-0.031563
-0.031563
-0.031563
-0.031563
-0.031563
-0.031563
-0.031563
-0.031563
-0.031563
-0.031563
-0.376733
-0.597884
0.455374
0.122531
-0.031563
-0.031563
-0.036876
-0.119343
-0.230290
-0.240280
-0.180768
-0.108716
-0.050692
-0.031563
-0.117536
-0.032625
-0.031563
-0.031563
-0.031563
-0.079385
-0.131458
-0.192139
-0.286614
-0.294797
-0.221045
-0.132627
-0.105528
-0.104252
-0.166953
-0.095432
-0.031563
-0.031563
-0.031563
-0.281726
-0.439220
-0.096813
0.316795
0.353034
0.240492
0.117005
-0.212649
-0.366637
-0.175454
0.089374
-0.031563
-0.031563
-0.090012
-0.270780
-0.265891
-0.077791
-0.010308
-0.031563
-0.031563
-0.031563
-0.140278
-0.189695
-0.187357
-0.051435
-0.042190
-0.047716
-0.145911
0.077472
0.516267
0.165040
-0.031563
-0.031563
-0.031563
-0.031563
0.201172
0.424342
-0.020192
-0.088843
-0.048779
-0.060256
-0.191714
-0.212012
-0.119555
-0.031563
-0.031563
-0.031563
-0.031563
-0.031563
-0.031563
-0.170141
-0.322959
-0.140066
-0.027312
-0.016366
-0.222533
-0.330717
-0.170247
-0.031563
-0.031563
-0.031563
-0.031563
-0.031563
-0.031563
-0.232310
-0.415628
-0.234116
-0.029756
-0.025080
0.187357
0.314564
-0.110947
-0.120831
-0.031563
-0.031563
-0.031563
-0.031563
-0.228165
-0.514248
-0.545385
-0.316583
-0.023805
-0.014772
0.043571
-0.057705
-0.389485
-0.313395
-0.092137
-0.031563
-0.031563
-0.127207
-0.487468
-0.476628
-0.038470
-0.048141
-0.031563
-0.031563
-0.031563
0.173754
0.288952
-0.111585
-0.150481
-0.151649
-0.211162
-0.251120
-0.056749
0.498945
0.330823
0.026993
-0.031563
-0.031563
-0.031563
-0.016047
0.131564
0.267167
0.026568
-0.172372
-0.255583
-0.039746
0.367700
0.349527
-0.067376
-0.121256
-0.031563
-0.031563
-0.031563
-0.031563
-0.008289
0.018810
0.023167
0.168759
0.308931
0.182468
0.010946
-0.031563
-0.146974
-0.072371
-0.031563
-0.031563
-0.031563
-0.031563
-0.031563
-0.031563
-0.031563
-0.031563
-0.031563
-0.031563
-0.031563
-0.031563
-0.052392
0.026249
-1.162096
-1.162096
-1.162096
-1.162096
-1.162096
-1.162096
-1.162096
-1.162096
-1.162096
-1.162096
-1.162096
-1.162096
-1.162096
-1.162096
-1.162096
-1.162096
-1.162096
-1.162096
-1.162096
-1.162096
-0.913171
-0.146946
-0.131388
-0.897613
-1.162096
-1.162096
-1.162096
-1.162096
-1.162096
-1.162096
-1.162096
-1.162096
-1.162096
-1.149953
-0.594993
-0.038705
0.316375
-0.248641
-1.084686
-1.162096
-1.162096
-1.162096
-1.162096
-1.162096
-1.162096
-1.162096
-1.162096
-1.146918
-0.825325
-0.580574
-0.494721
-0.278808
-0.960224
-1.162096
-1.162096
-1.162096
-1.162096
-1.162096
-1.162096
-1.162096
-1.162096
-1.161717
-1.018850
-0.866212
-0.907004
-0.806542
-0.901787
-1.142744
-1.162096
-1.162096
-1.162096
-1.162096
-1.162096
-1.162096
-1.162096
-1.162096
-1.091706
-1.186097
-1.047974
-1.159914
-1.088861
-1.139044
-1.162096
-1.162096
-1.162096
-1.162096
-1.162096
-1.162096
-1.162096
-1.162096
-1.160389
-1.169021
-1.156784
-1.167029
-1.157068
-1.159819
-1.162096
-1.162096
-1.162096
-1.162096
-1.162096
-1.162096
-1.162096
-1.162096
-1.162096
-1.162096
-1.162096
-1.162096
-1.162096
-1.162096
-1.162096
-1.162096
-1.162096
-1.162096
-1.162096
-1.162096
-1.162096
-1.162096
-1.162096
-1.162096
-1.162096
-1.162096
-1.162096
-1.162096
-1.162096
-1.162096
-1.162096
-1.162096
-1.162096
-1.143882
-1.106031
-1.142744
-1.162096
-0.767458
0.052650
-0.742793
-1.162096
-1.162096
-1.162096
-1.162096
-1.162096
-1.162096
-1.162096
-1.139329
-1.178603
-1.139044
-1.028526
0.033772
-0.456490
-0.278239
-1.136293
-1.162096
-1.162096
-1.162096
-1.162096
-1.162096
-1.162096
-1.161527
-1.164658
-1.159819
-0.952634
-0.733212
-1.106316
-0.720784
-1.131360
-1.162096
-1.162096
-1.162096
-1.162096
-1.162096
-1.162096
-1.162096
-1.162096
-1.162096
-1.104798
-1.157163
-1.170349
-1.075295
-1.159061
-1.162096
-1.162096
-1.162096
-1.162096
-1.162096
-1.162096
-1.162096
-1.162096
-1.162096
-1.160768
-1.166745
-1.162760
-1.156784
-1.162096
-1.162096
-1.162096
-1.162096
-1.242472
-1.841314
-1.851931
-1.863874
-1.865534
-1.738798
-1.594810
-1.385133
-1.301196
-1.406034
-1.695004
-1.770979
-1.458454
-1.796857
-1.079574
-0.338072
0.067348
-0.214654
-0.121759
0.251149
0.556376
0.362955
0.173183
0.238873
0.306885
-0.025878
0.072989
-0.792595
-1.082892
-0.223280
0.225602
0.375562
0.991323
0.314517
-1.396081
-3.353847
-3.368113
-2.692300
-0.864257
0.746810
0.577277
-0.624720
-1.118723
-0.325133
0.422010
1.222898
1.085214
-1.543718
-3.767562
-1.554998
-0.949190
-2.955061
-1.653533
-0.930278
0.897765
-0.286648
-1.122704
-0.284326
0.797903
1.390773
-0.563342
-1.245790
0.347030
0.784632
0.430304
0.124413
-0.795249
-2.072888
-0.609790
0.050097
-1.120049
-0.282335
1.443524
0.723587
-2.038053
0.621734
0.608131
-0.335418
-0.230247
-0.099863
0.517559
-1.798848
-2.284887
0.364614
-1.102134
-0.009622
1.897383
-0.535475
-0.891462
1.288920
0.279348
-0.069672
-0.060050
-0.037490
0.839042
0.130384
-3.621583
0.290629
-1.110760
-0.091900
1.879467
0.169865
0.020237
1.371199
0.224607
-0.104175
-0.154604
-0.124081
0.728895
-0.044457
-2.939136
0.367931
-1.118723
-0.258780
1.355937
1.325083
-1.409020
1.255411
0.142661
-0.376225
-0.425991
-0.296269
0.678797
-1.968050
-2.924870
0.962791
-1.119386
-0.326460
0.821458
1.778942
-0.885822
-1.100808
0.162566
0.117778
0.302241
0.017915
-1.660169
-3.112650
-0.560025
0.532156
-1.125690
-0.368264
0.315511
0.951511
0.344044
-2.465038
-1.481014
-3.054922
-3.409916
-3.285501
-3.439442
-1.928569
0.877527
-0.526516
-1.218253
-0.466799
0.175837
0.337077
0.805202
0.167211
-1.140620
-3.699549
-3.424181
-1.888425
-1.101471
0.364613
0.545095
-0.936914
-1.145928
-0.792263
-0.351674
-0.396463
-0.320156
-0.068676
0.067680
-0.264751
-0.160576
-0.159581
-0.087586
-0.117114
-0.312526
-1.235505
-1.126353
-1.512200
-1.291906
-1.454472
-1.477033
-1.519167
-1.470066
-1.456795
-1.368213
-1.468739
-1.328069
-1.470066
-1.011230
-1.736476
1.839350
1.839350
1.839350
1.839350
1.839350
1.839350
1.839350
1.839350
1.839350
1.839350
1.839350
1.839350
1.839350
1.839350
1.839350
1.839350
1.839350
1.839350
1.839350
1.839350
1.694745
1.263189
1.676669
1.839350
1.839350
1.839350
1.839350
1.839350
1.839350
1.839350
1.839350
1.839350
1.794472
1.426182
0.349903
0.800937
0.878070
1.493887
1.760814
1.839350
1.839350
1.839350
1.839350
1.839350
1.839350
1.839350
1.549828
0.488042
0.679082
0.194858
0.903157
1.419248
1.307833
1.760814
1.839350
1.839350
1.839350
1.839350
1.839350
1.769540
0.990185
0.746242
-0.350060
0.147410
0.364940
0.419089
1.090926
1.036621
1.463268
1.766424
1.839350
1.839350
1.819404
1.341647
0.323413
0.006778
0.011063
-0.291547
-0.658669
-0.373277
0.082431
1.073863
1.217299
1.564008
1.839350
1.839350
1.788239
0.927934
0.134944
-0.642853
-0.593613
-1.572345
-1.821820
-1.270903
-0.116245
0.490457
1.376240
1.617846
1.839350
1.839350
1.815353
0.777875
-0.552163
-0.854930
-0.882978
-1.555049
-1.764555
-1.159099
-0.255630
0.157616
1.140010
1.793771
1.839350
1.839350
1.839350
1.049165
0.322011
-0.936738
-0.816286
-0.838724
-0.736114
-0.497625
-1.125207
0.694353
0.834439
1.839350
1.839350
1.839350
1.839350
1.575383
0.493963
0.446670
-0.244021
-0.459993
-0.247293
-0.541801
0.511182
-0.088197
1.565878
1.839350
1.839350
1.839350
1.839350
1.839350
1.629377
0.942893
0.587847
0.436386
0.384496
0.714922
0.292482
1.560814
1.839350
1.839350
1.839350
1.839350
1.839350
1.839350
1.839350
1.773358
1.273162
1.027973
0.853839
1.179434
1.677292
1.839350
1.839350
1.839350
1.839350
1.839350
1.839350
1.839350
1.839350
1.839350
1.749361
1.582240
1.763385
1.839350
1.839350
1.839350
1.839350
1.839350
1.839350
1.839350
1.839350
1.839350
1.839350
1.839350
1.839350
1.839350
1.839350
1.839350
1.839350
1.839350
1.839350
1.839350
-1.586459
-0.903650
-1.122800
-0.964354
-0.955748
-0.860158
-0.782088
-0.552794
-0.481639
-0.854779
-1.062250
-1.093908
-1.138169
-0.788388
-0.289076
-0.600435
-0.469652
-0.666365
-0.650075
-0.627484
-0.814822
-0.612576
-1.154151
-1.413874
-0.792845
-0.629174
-0.699868
-0.496854
-0.810519
-1.369613
-0.958822
-1.250049
-1.117883
-1.838344
-1.999709
-2.419415
-3.215949
-3.533763
-3.389763
-2.023991
-1.255735
-0.882596
-0.923014
-1.309524
-0.981105
-1.788397
-2.630881
-2.905204
-2.613669
-2.862787
-2.621199
-3.092695
-3.737852
-3.382232
-1.540354
-0.817895
-0.854164
-1.192418
-0.898732
-2.320751
-3.735854
-3.687291
-2.662386
-1.806377
-1.069165
-1.320743
-3.237771
-3.688520
-2.489955
-0.467808
-0.837413
-1.193801
-1.087453
-2.887684
-3.794100
-3.024153
-1.817904
-2.048580
-2.033520
-1.666834
-1.824051
-2.618587
-2.592000
-0.729375
-0.898578
-1.262036
-0.964200
-3.228704
-3.690365
-2.252209
-2.055342
-2.562493
-2.619970
-2.093917
-1.368691
-3.205805
-3.550360
-0.694181
-0.906877
-1.147543
-0.947756
-3.655479
-3.727709
-2.378689
-2.099756
-2.545280
-2.582471
-2.076550
-1.392666
-3.302932
-3.601075
-0.429695
-0.901806
-1.260807
-0.938689
-3.203193
-3.718027
-2.912888
-1.573703
-1.800538
-1.677131
-1.378834
-1.689425
-3.160008
-2.315833
-0.275244
-0.896120
-1.371611
-0.937768
-2.033212
-3.471214
-2.736768
-2.323364
-1.949302
-2.134796
-2.349336
-3.168768
-3.625818
-1.226843
-0.280316
-0.896888
-1.386672
-1.077310
-1.223001
-1.988030
-2.899210
-2.482886
-3.541600
-3.707423
-3.747688
-3.656708
-2.596610
-0.814975
-0.729836
-0.869533
-1.277404
-1.086224
-1.046728
-0.871838
-1.799154
-2.554655
-3.735854
-3.660858
-3.476132
-2.073631
-1.193187
-0.759189
-0.892738
-0.756423
-1.329656
-1.085609
-1.403577
-1.182890
-1.241289
-1.084841
-1.270642
-0.891355
-1.051031
-0.885976
-1.037661
-0.939919
-0.982028
-0.939304
-1.536205
-1.675133
-1.958215
-1.863240
-1.839265
-1.597216
-1.652696
-1.503471
-1.617656
-1.838804
-1.753972
-1.523295
-1.525447
-7.225772
-4.770890
-4.532458
-4.608828
-4.538256
-4.616893
-4.642601
-4.675618
-4.663016
-4.552622
-4.475497
-4.451554
-4.432398
-6.468640
-5.871806
-3.911933
-4.192959
-4.111549
-3.928316
-3.760204
-4.078784
-4.103736
-3.882444
-3.489259
-3.478926
-3.625614
-3.484471
-4.288987
-6.009169
-4.777695
-4.948579
-4.836925
-3.860517
-4.446261
-5.134081
-4.894894
-2.946867
-2.808748
-3.406842
-3.408102
-3.443136
-4.663269
-6.055040
-4.667804
-4.850535
-4.212870
-4.584631
-4.365607
-3.088010
-1.352706
-0.443089
-1.216602
-4.134486
-3.716601
-2.311470
-4.197999
-6.112506
-4.646381
-4.678642
-3.955284
-4.322509
-1.547785
-0.213226
-0.881892
-1.382951
-0.589525
-0.312782
-1.286418
-1.763281
-2.747754
-6.113514
-4.517084
-4.115582
-3.627378
-1.914001
-0.325888
-1.589623
-3.679803
-3.993342
-3.141946
-0.193316
0.118964
-1.148551
-2.045568
-6.066886
-4.425341
-3.868834
-3.978220
-1.345144
-1.004131
-3.001559
-3.895298
-4.135746
-3.976959
-1.649862
0.303963
-0.820143
-2.188978
-6.121580
-4.539264
-4.057865
-4.692757
-2.902508
-1.198960
-3.000048
-3.995863
-4.199512
-3.852200
-1.581306
0.471822
0.356388
-2.324072
-6.117547
-4.580094
-4.746694
-4.517336
-2.728599
0.232887
-1.314144
-3.241503
-3.483210
-2.415311
0.351850
0.492992
0.453674
-2.320040
-6.115782
-4.708888
-4.687969
-3.487999
-3.054235
-0.769985
0.467032
0.079646
0.296402
0.981197
-0.442584
0.583225
-0.939106
-3.270992
-6.067390
-4.800631
-4.922114
-3.953016
-3.563360
-2.868482
-1.263231
-0.965821
-0.675219
-1.196692
-0.963301
-2.795642
-2.549902
-4.013505
-6.061846
-4.793573
-5.146935
-4.960425
-3.967130
-2.737673
-2.407497
-2.546877
-1.256928
-0.912893
-2.316258
-3.429022
-3.737772
-4.490368
-5.865757
-4.203292
-4.471213
-4.456342
-4.280166
-4.003928
-3.348369
-2.852604
-2.433459
-2.674410
-3.520260
-3.835061
-3.911932
-4.517084
-6.123092
-4.119111
-3.739033
-3.966626
-3.913193
-3.745838
-3.691649
-3.525301
-3.386930
-3.601922
-3.665940
-3.695681
-3.468592
-5.822658
0.799333
-0.422128
0.064109
-0.059369
-0.152372
-0.164336
-0.114674
-0.167948
-0.102484
-0.180815
-0.125961
-0.176977
-0.124832
0.578563
-0.044922
-0.220770
-0.084426
-0.188942
-0.141537
-0.172011
-0.208355
-0.203163
-0.057111
-0.233412
-0.397748
-0.227768
-0.159370
-0.363887
0.372240
-0.354406
-0.039730
-0.161402
-0.280139
-0.328447
-0.021671
-1.388957
0.689851
0.870440
0.252825
-0.916265
-0.340637
-0.228897
0.277656
-0.304519
-0.036344
0.034312
-0.957575
-0.690528
-0.127541
-0.255534
0.155307
0.544025
0.018736
0.043567
-0.816038
-0.083523
0.286911
-0.294135
-0.045373
-0.263660
-1.052835
-0.617841
-0.041536
0.209258
-0.079685
-0.036569
0.015802
-0.220093
-0.155984
-0.206098
0.268401
-0.253051
0.025057
-0.326641
-1.018072
-0.103162
-0.036344
-0.178783
-0.222802
-0.205872
0.111965
-0.364565
-0.142891
-0.053725
0.292329
-0.378786
-0.095261
0.732515
-0.089392
-0.609037
-0.285557
-0.282848
-0.197971
-0.192553
0.197745
-0.748091
-0.509262
0.224608
0.284880
-0.369757
0.168625
0.262983
0.217159
-0.755540
-0.158919
-0.259597
-0.248084
-0.216481
0.104290
-0.751477
-0.321675
0.023251
0.294135
-0.359147
0.043793
0.109708
0.284202
-0.325061
-0.316483
-0.241312
-0.288040
0.074945
-0.859379
0.468178
0.299101
-0.385784
0.282848
-0.292329
-0.077879
0.017382
-0.081942
0.343120
-0.132282
-0.329801
0.098195
-0.207903
-0.925746
-1.076312
0.297747
0.156435
0.279010
-0.250342
-0.121898
-0.192102
0.155081
-0.178106
-0.000903
-1.059833
0.354406
0.257114
-1.186020
-0.125510
-0.185104
-0.116706
0.241764
-0.303164
-0.077879
-0.206323
-0.241312
-0.198197
-0.056660
-0.393007
0.540413
0.095712
-0.328898
-0.483076
-0.170205
-0.152598
0.465469
-0.383527
-0.083071
-0.149889
-0.180138
-0.081040
-0.336573
-0.034763
-0.384429
-0.129121
-0.019639
-0.140860
-0.119415
-0.205420
0.758475
-0.243118
-0.103162
-0.002257
-0.062755
-0.066818
0.023928
-0.026863
0.057563
-0.039504
-0.063432
-0.083748
0.004515
0.032055
-0.491558
-0.190956
0.173366
0.176098
0.091674
-0.056010
-0.171069
-0.240712
-0.228688
-0.145642
0.005999
0.103417
-0.143089
-0.277754
-0.386175
-0.355056
0.170099
0.115263
-0.237393
-0.386762
-0.430315
-0.242805
-0.151616
-0.272495
-0.298254
-0.194811
-0.435369
-0.332590
0.046513
0.081207
0.318141
0.089964
-0.151641
-0.299326
0.087794
0.330165
0.368815
0.240635
-0.038651
-0.245741
-0.369377
-0.157462
0.200401
0.275354
0.305912
0.109748
-0.191645
0.105409
0.225216
0.376627
0.511343
0.313596
0.206477
-0.304840
-0.549075
-0.242703
0.228790
0.205763
0.146842
-0.152025
0.034770
0.250208
0.095631
0.416069
0.517495
0.294348
0.235836
0.168797
-0.558444
-0.320540
0.233487
0.141098
0.151514
0.099562
0.308976
0.144417
0.102524
0.301751
0.422171
0.256105
0.087589
0.220697
-0.154960
-0.348546
0.251791
0.111612
0.208264
0.481934
0.345252
0.183629
0.217251
0.472488
0.492784
0.401007
0.297666
0.365037
0.170890
-0.139822
0.250642
0.174030
0.277116
0.591784
0.248370
0.029205
0.128206
0.456609
0.472743
0.255110
0.176736
0.376397
0.198002
-0.012126
0.237137
0.255008
0.359395
0.428578
0.278545
-0.328123
-0.240380
-0.027546
-0.016415
-0.093308
-0.136171
0.254574
0.252327
-0.048633
0.229377
0.302108
0.496587
0.292765
0.259041
-0.085547
-0.367769
-0.017156
0.140715
-0.035587
-0.032371
0.201984
-0.127976
0.018917
0.225854
0.310992
0.607919
0.561763
0.140715
-0.033085
-0.237036
-0.009803
0.235044
0.058155
0.017181
-0.043552
-0.099256
0.057797
0.093359
0.177426
0.541569
0.582083
0.360570
-0.029511
-0.060069
0.298790
0.406751
0.321255
0.162159
0.153122
-0.083556
0.025350
-0.266292
-0.255365
0.346018
0.379435
0.194913
-0.021572
-0.150595
-0.060401
0.102524
0.041229
0.069617
0.077786
-0.326718
-0.251638
-0.199151
0.108421
0.439811
0.468301
0.403177
0.346861
0.278826
0.227845
0.239384
0.333432
0.384005
0.414869
0.118020
-0.165759
-0.547535
-0.150221
-0.416706
-0.580222
-0.635348
-0.716809
-0.756439
-0.766939
-0.742213
-0.694538
-0.660074
-0.533479
-0.247686
-0.267078
0.085695
-0.646779
-1.215823
-1.530914
-1.543701
-1.501869
-1.437090
-1.398053
-1.270441
-1.120644
-1.157818
-1.193045
-0.912587
-0.294091
-0.128543
-1.097272
-1.592561
-1.815521
-1.845921
-1.839824
-1.831695
-1.821872
-1.769202
-1.762596
-1.511438
-1.721019
-1.290172
-0.646187
-0.162330
-1.119967
-1.569189
-1.837538
-1.867599
-1.867599
-1.867599
-1.866921
-1.862857
-1.862518
-1.806545
-1.632868
-1.618896
-0.752967
-0.201113
-1.115902
-1.662844
-1.854389
-1.867599
-1.867599
-1.867599
-1.867599
-1.867599
-1.867599
-1.847953
-1.618981
-1.396698
-0.776508
-0.183754
-1.141052
-1.778093
-1.865905
-1.867599
-1.867599
-1.867599
-1.867599
-1.867599
-1.867599
-1.865228
-1.741596
-0.717656
-0.740096
-0.177403
-1.097611
-1.782327
-1.867599
-1.867599
-1.867599
-1.867599
-1.867599
-1.867599
-1.867599
-1.867599
-1.852356
-1.581298
-0.682599
-0.190613
-1.049767
-1.777585
-1.867599
-1.867599
-1.867599
-1.867599
-1.867599
-1.867599
-1.867599
-1.867599
-1.867599
-1.657171
-0.489530
-0.175794
-1.050106
-1.772843
-1.859808
-1.867599
-1.867599
-1.867599
-1.867599
-1.867599
-1.867599
-1.867599
-1.847276
-1.589343
-0.269618
-0.185871
-1.123523
-1.682744
-1.843889
-1.867599
-1.867599
-1.867599
-1.867599
-1.867599
-1.867599
-1.857437
-1.780548
-1.236400
-0.279356
-0.207972
-1.115987
-1.578165
-1.829493
-1.865651
-1.867599
-1.867599
-1.867599
-1.867599
-1.859977
-1.824497
-1.591375
-1.147995
-0.627472
-0.117704
-0.911063
-1.408468
-1.665978
-1.711535
-1.681135
-1.641082
-1.614408
-1.597726
-1.592476
-1.505087
-1.476889
-1.055864
-0.674978
0.553463
-0.257340
-0.660497
-0.928761
-0.922071
-0.763298
-0.528652
-0.503841
-0.339648
-0.433303
-0.660582
-0.715369
-0.404851
-0.300188
0.197133
0.233291
-0.329995
-0.486482
-0.492917
-0.467852
-0.377669
-0.365475
-0.326607
-0.341850
-0.430678
-0.374875
0.052501
-0.505450
-7.879974
-7.948618
-7.702467
-7.792379
-7.916612
-7.981677
-7.981887
-7.922719
-7.868814
-7.911348
-7.868814
-7.889449
-7.648563
-7.845862
-7.974728
-7.971148
-7.946302
-7.964200
-7.980413
-7.966095
-7.897872
-7.901452
-7.827754
-7.847547
-7.953671
-7.961673
-7.942933
-7.973464
-7.987362
-7.987362
-7.987362
-7.987362
-7.901030
-7.541596
-7.054980
-7.354193
-6.926325
-6.870525
-7.693202
-7.958304
-7.987362
-7.987362
-7.987362
-7.987362
-7.987362
-7.947355
-7.518013
-5.118413
-5.330242
-5.865077
-6.537201
-5.973518
-6.291050
-7.729209
-7.973464
-7.987362
-7.987362
-7.987362
-7.987362
-7.794906
-6.191242
-4.500195
-5.184953
-5.481639
-6.422022
-6.512565
-5.737896
-6.841678
-7.682043
-7.955777
-7.987362
-7.987362
-7.896819
-7.204481
-4.575156
-5.023027
-5.366880
-5.737264
-6.400333
-6.798301
-6.658907
-5.308133
-6.095435
-7.798485
-7.987362
-7.987362
-7.739316
-4.915850
-2.409916
-4.612426
-5.526910
-5.966148
-6.195033
-6.704179
-6.403281
-5.082618
-5.413415
-7.745212
-7.987362
-7.987362
-7.818699
-6.514039
-1.893190
-4.136128
-5.386252
-5.824017
-6.438025
-6.779772
-6.157973
-4.262467
-6.203455
-7.850073
-7.987362
-7.987362
-7.968411
-7.144681
-1.842865
-3.649723
-4.905322
-5.340981
-6.227459
-5.887186
-5.743581
-4.532411
-7.103621
-7.937458
-7.987362
-7.987362
-7.987362
-7.587288
-5.839178
-3.963254
-4.454924
-5.111255
-5.565022
-5.315292
-5.280549
-6.289155
-7.806908
-7.985677
-7.987362
-7.987362
-7.987362
-7.924192
-7.620768
-6.669857
-4.990601
-4.517040
-5.218432
-4.955226
-6.568996
-7.756162
-7.982940
-7.987362
-7.987362
-7.987362
-7.987362
-7.987362
-7.952619
-7.785220
-7.469583
-6.519303
-6.677437
-7.190584
-7.837229
-7.983993
-7.987362
-7.987362
-7.987362
-7.987362
-7.987362
-7.987362
-7.987362
-7.987362
-7.930510
-7.826280
-7.866708
-7.939985
-7.985888
-7.987362
-7.987362
-7.987362
-7.987362
-7.987362
-7.987362
-7.987362
-7.987362
-7.987362
-7.987362
-7.987362
-7.987362
-7.987362
-7.987362
-7.987362
-7.987362
-7.987362
0.735819
0.411228
0.412283
0.508082
0.393232
0.255041
0.140191
0.146626
0.237881
0.238499
0.312193
0.227810
0.094345
0.497793
0.404030
0.297978
0.183782
0.374217
0.211813
0.090491
0.015161
-0.029158
0.026177
0.064315
0.211158
-0.043046
-0.139282
0.125575
0.722258
0.683575
0.530478
0.798934
0.722476
0.651181
0.591448
0.657326
0.739128
0.721640
0.713533
0.264675
0.179892
0.286162
0.819621
0.872011
0.646019
0.886481
0.836090
0.971955
1.033615
1.121634
1.115018
1.121925
1.133559
0.594792
0.371672
0.353058
0.846997
0.906695
0.561744
0.973736
0.753416
1.112763
1.032416
1.117199
1.130360
1.112036
1.124288
0.683502
0.464091
0.289252
0.916293
0.893206
0.582758
0.867502
0.739164
0.979444
0.957339
0.992460
0.941815
0.944360
0.936907
0.128556
-0.648127
-0.106016
0.988351
0.907749
0.626641
0.308121
0.146589
0.538040
0.797589
0.891534
0.821693
0.791154
0.393777
-0.963956
-0.917202
-0.538331
0.989260
0.885172
0.451257
0.010616
-0.470090
-0.127902
0.377417
0.766577
0.675068
0.603918
-0.053444
-1.901882
-2.043527
-1.295310
0.923092
0.887935
0.360693
-0.118268
-0.526115
-0.121395
0.121285
0.137391
0.159423
0.336516
-0.020323
-1.456587
-1.089568
-0.712697
0.832673
0.879064
0.626532
0.481178
0.101943
0.199088
0.379017
0.353422
0.388978
0.462018
0.592756
-0.553128
-0.487032
-0.167458
0.774648
0.806896
0.760178
1.104874
1.127742
1.067245
0.420681
-0.601518
-0.670923
-0.071550
0.781083
0.536513
0.655544
0.604499
0.691173
0.589084
0.442095
0.737419
0.761596
0.795189
0.323427
0.110887
-0.170076
0.197488
0.491940
0.401049
0.286126
0.453511
0.163459
0.208577
0.092418
0.290270
0.311466
0.333971
-0.040428
-0.484050
-0.705934
-0.262748
0.034466
0.041992
-0.178292
0.011452
0.639693
0.160078
0.213304
0.279618
0.282235
0.319864
0.371672
0.347677
0.340624
0.360947
0.375308
0.210359
-0.108888
0.412319
1.167774
0.680450
0.370073
0.165504
0.105582
0.004904
0.105864
0.296566
0.315394
0.174918
0.009132
-0.051805
0.350794
0.859145
0.989079
0.309757
-0.320974
-0.629885
-0.600629
-0.334278
-0.309700
-0.488113
-0.463367
-0.056089
-0.231570
-0.694148
-0.433715
0.345439
0.934963
0.108119
-0.801985
-1.075664
-1.099678
-1.468793
-2.069366
-2.285152
-2.161193
-1.249850
-0.647868
-0.549952
-0.737666
0.034555
0.942010
0.003157
-0.866135
-1.065066
-1.904143
-2.292255
-3.190295
-3.574179
-3.292101
-2.967631
-1.602673
-0.983047
-0.244310
-0.080103
0.921998
-0.099325
-0.832932
-1.151144
-2.031203
-3.297343
-4.051639
-4.131347
-3.949889
-3.828185
-2.402065
-1.576855
-0.518159
0.122832
0.854071
-0.204795
-0.706493
-1.399513
-2.682734
-3.461156
-3.745377
-3.289677
-3.225583
-3.680269
-3.685455
-1.834469
-1.163377
0.171141
0.804747
-0.170521
-0.761116
-1.542695
-2.285152
-3.767756
-3.492893
-2.923662
-2.728902
-3.254727
-3.794250
-2.282390
-1.422625
0.137093
0.832650
-0.196170
-0.766020
-1.538242
-2.471908
-3.655071
-3.598531
-3.045705
-2.931893
-3.399374
-3.787599
-2.115758
-1.175666
0.129822
0.891558
-0.144760
-0.816190
-1.131697
-1.955384
-2.880821
-3.636131
-3.305179
-3.144015
-3.685230
-3.276655
-1.731875
-0.945561
0.263589
0.951029
0.009301
-0.844939
-0.849054
-1.092744
-1.657860
-2.579858
-2.774280
-2.625293
-2.637638
-1.556731
-1.199229
-0.467763
0.041940
0.969067
0.064657
-0.785355
-0.986429
-0.842684
-1.217041
-0.931130
-0.843417
-1.178879
-0.709142
-1.024931
-0.825097
-0.556773
-0.070181
0.905369
0.035795
-0.773123
-1.161009
-0.965741
-0.804409
-0.978369
-0.810497
-0.596796
-0.623628
-0.725603
-0.788343
-0.831692
0.048253
1.031921
0.589186
0.101185
-0.148198
-0.273623
-0.209135
-0.010598
0.121986
0.067983
0.084782
0.081907
-0.237377
-0.006201
0.576672
1.289534
0.968560
0.825999
0.757001
0.727068
0.586142
0.516242
0.487606
0.552770
0.599163
0.625827
0.606886
0.797475
1.031921
-2.186271
-2.041532
-2.107129
-2.023471
-2.008169
-2.025352
-2.022342
-2.021966
-2.049057
-2.063230
-2.043789
-2.112146
-2.036515
-2.154539
-1.945080
-1.999765
-1.793819
-1.711039
-1.663001
-1.584486
-1.718564
-1.727469
-1.707527
-1.759327
-1.885378
-1.866690
-1.817273
-1.831321
-2.203204
-2.052318
-2.135976
-2.053196
-2.041657
-2.013186
-1.903314
-1.942697
-2.085932
-2.020460
-2.060847
-2.132590
-1.990359
-1.972047
-2.188278
-2.188278
-2.188278
-2.188278
-2.188278
-2.000016
-2.039776
-1.695110
-1.550621
-1.749418
-1.950474
-2.028613
-2.106125
-2.210604
-2.188278
-2.188278
-2.188278
-2.188278
-2.188278
-1.921250
-1.273809
-0.862668
-0.624111
-0.714417
-0.877092
-1.780524
-1.758324
-1.770364
-2.188278
-2.188278
-2.188278
-2.188278
-2.188278
-1.948969
-1.541716
-1.045663
-1.022835
-1.232169
-1.346681
-0.203187
-0.681430
-1.848880
-2.188278
-2.188278
-2.188278
-2.188278
-2.188278
-2.109637
-1.989857
-1.895162
-1.667642
-1.684574
-1.322850
-1.948216
-1.811002
-1.836588
-2.188278
-2.188278
-2.188278
-2.188278
-2.188278
-2.148142
-1.970542
-1.859541
-1.705269
-1.785792
-1.846246
-1.996003
-2.126946
-2.047678
-2.188278
-2.188278
-2.188278
-2.188278
-1.794948
-2.057712
-1.374650
-1.393715
-1.206707
-0.969154
-1.246592
-1.349817
-1.767103
-1.907955
-2.188278
-2.188278
-2.188278
-2.059844
-1.081158
-0.273927
-0.500192
-1.472231
-1.620984
-0.304907
0.470467
0.758943
-0.407629
-1.908958
-2.188278
-2.188278
-2.188278
-1.989606
-0.491162
0.807858
-0.144363
-1.633150
-1.993494
-1.041649
0.798075
0.097831
-1.448275
-1.666388
-2.188278
-2.156170
-2.183261
-1.952480
-1.229409
-1.286226
-0.587613
-1.562035
-2.049433
-1.434603
-2.020711
-1.533563
-1.632899
-1.968033
-2.188278
-2.150651
-2.061976
-2.045922
-1.857409
-1.496061
-1.584360
-1.393715
-1.626126
-1.847877
-1.901433
-1.949470
-1.928399
-1.872585
-2.188278
-2.159682
-2.192166
-2.128827
-2.097973
-2.111895
-2.016447
-2.031623
-2.081918
-2.034383
-2.129830
-2.128953
-2.073139
-2.201824
0.890554
-0.188100
-0.169011
-0.169011
-0.169011
-0.169011
-0.169011
-0.169011
-0.169011
-0.169011
-0.169011
-0.169011
-0.153844
0.457872
0.156285
-0.163258
-0.169011
-0.169011
-0.169011
-0.169011
-0.169011
-0.169011
-0.169011
-0.169011
-0.169011
-0.169011
-0.165001
-0.096578
0.346215
-0.162648
-0.169011
-0.161341
-0.159249
-0.164478
-0.169011
-0.169011
-0.169011
-0.157505
-0.050817
-0.024667
-0.087600
0.060317
0.322855
-0.164566
-0.169011
-0.109391
0.038614
-0.076443
-0.140683
-0.169011
-0.169011
-0.144779
0.121245
1.215763
0.018653
-0.019873
0.319543
-0.164043
-0.130659
-0.029897
0.619474
0.397381
-0.184265
-0.169011
-0.169011
-0.166396
0.125255
1.312167
0.841220
-0.019873
0.317103
-0.165176
-0.095270
0.441137
0.874603
-0.105468
-0.169795
-0.146348
-0.138416
-0.155936
-0.118369
0.608666
1.536963
0.228544
0.297926
-0.163432
-0.097013
0.854469
1.206873
-0.074612
-0.151491
-0.077314
0.036696
-0.058487
-0.100936
0.483150
1.115961
-0.159161
0.317887
-0.163781
-0.168488
0.817947
2.243078
0.053432
-0.174502
-0.099193
0.015079
-0.059184
-0.039398
0.611368
0.575021
-0.154019
0.319543
-0.164043
-0.186792
-0.117933
1.905230
-0.234297
-0.172933
-0.158638
-0.116277
-0.091435
-0.094834
0.420915
0.705680
-0.199605
0.319543
-0.164043
-0.169011
-0.215557
0.005230
-0.119763
-0.039137
-0.060753
0.035824
0.296881
0.241183
0.074438
-0.111396
-0.179209
0.321984
-0.162909
-0.169011
-0.169011
-0.161689
0.182434
0.321374
0.573801
-0.174328
0.426929
0.417951
-0.088036
-0.158464
-0.149486
0.369924
-0.149748
-0.167878
-0.169011
-0.176333
-0.145825
0.275002
-0.130136
-0.190976
-0.118456
-0.133797
-0.169447
-0.135191
0.042972
0.627842
-0.117671
-0.169621
-0.169011
-0.169011
-0.179471
-0.135889
-0.174241
-0.169534
-0.167355
-0.169272
-0.169011
-0.141816
0.219392
0.896133
-0.203877
-0.169272
-0.169011
-0.169011
-0.169011
-0.169011
-0.169011
-0.169011
-0.169011
-0.169011
-0.169011
-0.171103
0.116887
0.930906
-0.054736
-0.389022
-0.367128
-0.399173
-0.400268
-0.350707
-0.278058
-0.276067
-0.323439
-0.355583
-0.351006
-0.159132
0.543277
0.070957
-0.929612
-0.967629
-0.901548
-0.851490
-0.911301
-1.072124
-1.086953
-1.012612
-0.992708
-0.933493
-0.708380
-0.616026
-0.108476
-0.100515
-0.928517
-1.015199
-0.996688
-1.321620
-1.936153
-2.821778
-3.340672
-3.038232
-2.352643
-1.799811
-1.049732
-0.469434
-0.138631
-0.125395
-0.941853
-0.989921
-0.998181
-1.572608
-2.435741
-3.446362
-3.795577
-3.007979
-1.705467
-1.186572
-0.849499
-0.605278
-0.220535
-0.131067
-0.999574
-1.123476
-0.823524
-0.546760
-0.904732
-1.526332
-1.494087
-1.340727
-1.782196
-2.284969
-1.756719
-1.296541
-0.468936
-0.100316
-0.819046
-0.807701
-0.702309
-0.751074
-1.078892
-0.853579
-0.410419
-0.358469
-0.845419
-1.954365
-2.311441
-1.941627
-0.428332
-0.055532
-0.809890
-0.783517
-0.759235
-1.206376
-1.443332
-0.585872
-0.230786
-0.195257
-0.453710
-1.155621
-1.155522
-0.514217
-0.190779
-0.094046
-0.893885
-0.777347
0.172169
0.207896
-0.859152
-0.772769
-0.359266
-0.230487
-0.419276
-0.967529
-0.659018
-0.011743
-0.310899
-0.109870
-0.932399
-1.128651
-0.677927
-0.390614
-1.466919
-1.126163
-0.559698
-0.495807
-0.996987
-1.979842
-1.742787
-0.779736
-0.312690
-0.111661
-0.910305
-1.100786
-1.523744
-2.134993
-3.136459
-2.142756
-0.837258
-0.636527
-1.717011
-2.655480
-1.751943
-0.944341
-0.497200
-0.129077
-0.956582
-1.067845
-1.547430
-2.726438
-3.965655
-3.136359
-0.505957
0.739231
-0.357574
-1.897042
-1.394568
-0.883833
-0.369516
-0.143408
-0.992509
-1.032714
-0.967529
-1.289674
-1.960635
-1.738010
0.386633
1.098596
-0.001592
-0.990120
-0.886520
-0.666980
-0.343243
0.057423
-0.804815
-0.885227
-0.751273
-0.651356
-0.617320
-0.695144
-0.094245
-0.254073
-0.597117
-0.689472
-0.529544
-0.525762
-0.231582
0.737141
-0.278456
-0.609259
-0.550741
-0.551637
-0.546462
-0.570944
-0.509739
-0.538301
-0.546760
-0.537804
-0.544073
-0.381459
0.154056
0.128653
0.092937
-0.050863
0.067879
0.053294
-0.014586
-0.086018
0.002057
-0.136507
0.012342
0.011033
-0.041139
-0.007667
0.465806
-0.095929
-0.077042
-0.094059
-0.093311
-0.320510
-0.413260
-0.631670
-0.169979
-0.748169
-0.323689
-0.344445
-0.334535
-0.313404
-0.075733
-0.015147
-0.015147
-0.015147
-0.256371
-0.125287
0.054977
-0.003927
1.017442
-0.454586
0.446171
0.656167
0.061895
-0.058904
-0.019635
-0.015147
-0.015147
-0.077977
-0.200646
0.270769
-1.038198
-1.007718
-0.726477
-1.451084
-1.129826
-0.675614
-0.734518
-0.088449
-0.237297
-0.015147
-0.015147
-0.267590
-0.173345
-0.660468
-0.987897
0.174280
-0.306111
-0.053107
0.086953
0.290778
-0.882805
0.570897
-0.566409
-0.015147
-0.015147
-0.624939
0.352860
-1.179380
-0.479830
-0.492733
-0.886919
-0.771356
-0.728721
-0.463375
-0.761258
1.112062
-0.422423
-0.015147
-0.015147
-0.595767
1.061947
-0.642703
-0.175776
-0.773974
-0.863732
-0.711891
-0.502083
-0.359031
-0.560986
-0.499091
-0.401853
-0.015147
-0.015147
-0.668882
-0.302559
-1.576745
-0.548083
-0.945636
-0.690574
-0.758640
-0.644573
-0.836804
-0.596889
-0.665143
-0.277688
-0.015147
-0.015147
-0.161190
0.005423
-0.961530
-0.074050
-0.867098
-1.029971
-1.106639
-0.768364
-0.354730
0.375113
0.537238
-0.272826
-0.015147
-0.015147
-0.104343
-0.196906
-0.509188
-0.343136
0.054229
-0.219720
-0.636532
-0.120612
-0.397926
-1.101029
-0.213362
-0.306859
-0.015147
-0.015147
-0.058904
-0.292087
0.004675
-1.217153
-1.866401
-0.795291
-1.213039
-1.139737
-0.785568
-0.229817
-0.146417
-0.129401
-0.015147
-0.015147
-0.015147
-0.292274
-0.258428
0.058530
0.089010
0.520034
0.241972
0.083774
0.173158
-0.219720
-0.146978
-0.015147
-0.015147
-0.015147
-0.015147
-0.015147
-0.204760
-0.511058
-0.891220
-1.040629
-0.903562
-0.767429
-0.311534
-0.199711
-0.109392
-0.023561
-0.015147
-0.015147
-0.015147
-0.015147
-0.015147
-0.015147
-0.015147
-0.015147
-0.015147
-0.015147
-0.015147
-0.015147
-0.063952
0.282737
0.635546
0.296609
0.163559
0.126180
0.114663
0.097691
0.085871
0.102944
0.073041
0.053038
0.058897
-0.028792
-0.202352
-0.188512
0.552201
0.592005
0.343686
0.368942
0.377024
0.400058
0.517752
0.560485
0.147900
-0.108501
-0.015962
0.072738
0.138606
-0.019195
0.965594
0.721215
0.362679
0.541290
0.858104
1.004186
1.409092
0.998023
-0.477847
-0.203969
-0.197604
-0.219123
0.453904
0.393996
0.922659
0.764757
0.274282
0.692120
1.722774
1.924520
0.859518
0.714043
-0.442488
-0.211142
-0.211142
-0.207404
0.682927
0.387127
0.905990
0.689696
0.309641
0.784760
1.166229
2.374282
0.672521
-0.201039
-0.270645
-0.211142
-0.211142
-0.172146
-0.020205
0.637264
0.904474
0.636961
0.305802
0.300751
0.950642
1.166633
-0.084154
-0.240035
-0.203161
-0.211748
-0.216193
-0.059099
0.071323
0.935489
0.902353
0.699596
0.325805
-0.286405
-0.173156
0.473503
-0.138101
-0.113350
-0.100823
-0.236196
-0.248117
1.006711
1.809150
0.608573
0.927104
0.709294
0.096681
-0.252461
-0.164771
0.474715
-0.251551
-0.138505
-0.186896
-0.221951
-0.145071
1.466070
1.181080
0.713234
0.925588
0.736874
0.237913
0.093347
0.071323
0.013335
-0.264786
-0.210535
-0.213364
-0.192149
0.392077
1.393939
2.326498
0.482999
0.927912
0.739501
0.298629
0.345100
0.154972
-0.307418
-0.220537
0.028994
-0.156790
0.028388
1.115818
1.305138
1.239371
0.408140
0.925487
0.718589
0.374296
0.347222
-0.252764
-0.164266
-0.192856
1.806928
-0.013537
-0.229932
0.940742
1.195526
0.722125
0.296710
0.884370
0.734450
0.319339
0.440468
0.337726
0.127190
0.406826
1.956141
-0.347828
0.215789
0.711618
0.840222
0.304893
0.256704
0.762534
0.809309
0.308226
0.467138
0.467643
0.393996
0.651104
0.446327
0.436427
0.370155
0.410059
0.402078
0.273373
0.279737
0.707476
0.706466
0.420566
0.428345
0.451277
0.519671
0.548362
0.474109
0.438548
0.450873
0.408948
0.408948
0.461683
0.205585
1.626980
1.626980
1.626980
1.626980
1.626980
1.626980
1.626980
1.626980
1.626980
1.626980
1.626980
1.626980
1.626980
1.626980
1.626980
1.626980
1.626980
1.626980
1.626980
1.626980
1.626980
1.064084
1.376245
2.088101
1.859425
1.626980
1.626980
1.626980
1.626980
1.626980
1.626980
1.626980
1.626980
1.626980
1.626980
1.116576
1.128024
2.179963
2.065485
1.626980
1.626980
1.626980
1.626980
1.626980
1.626980
1.626980
1.626980
1.626980
1.626980
2.134591
1.843789
1.187497
1.156783
1.654203
1.859425
1.626980
1.626980
1.626980
1.626980
1.626980
1.626980
1.626980
1.626980
2.033515
1.984094
1.157342
1.057662
1.592217
1.848536
1.626980
1.626980
1.626980
1.626980
1.626980
1.626980
1.626980
1.626980
1.626980
1.626980
1.626980
1.874503
1.594312
1.425108
1.626980
1.626980
1.626980
1.626980
1.405842
1.646943
1.797440
1.626980
1.626980
1.626980
1.626980
1.779430
1.637031
1.442698
1.626980
1.626980
1.626980
1.626980
1.679193
1.585516
1.653086
1.606876
1.628794
1.642476
1.626980
1.626980
1.626980
1.626980
1.626980
1.626980
1.626980
1.626980
1.766726
1.595987
1.461685
1.662719
1.623210
1.629353
1.626980
1.626980
1.626980
1.626980
1.626980
1.626980
1.626980
1.626980
1.626980
1.133888
1.604503
2.037285
1.674306
1.611623
1.626980
1.626980
1.626980
1.626980
1.626980
1.626980
1.626980
1.626980
1.626980
1.771054
1.548660
1.644291
1.634100
1.626980
1.626980
1.626980
1.626980
1.626980
1.626980
1.626980
1.626980
1.626980
1.626980
1.944585
1.686033
1.245573
1.580909
1.626980
1.626980
1.626980
1.626980
1.626980
1.626980
1.626980
1.626980
1.626980
1.626980
1.626980
1.626980
1.626980
1.626980
1.626980
1.626980
1.626980
1.626980
1.626980
1.626980
1.626980
1.626980
1.626980
1.626980
1.626980
1.626980
1.626980
1.626980
1.626980
1.626980
1.626980
1.626980
1.626980
1.626980
-0.872385
-0.872385
-0.872385
-0.872385
-0.872385
-0.872385
-0.872385
-0.872385
-0.872385
-0.872385
-0.872385
-0.872385
-0.872385
-0.872385
-0.872385
-0.872385
-0.872385
-0.872385
-0.872385
-0.872385
-0.872385
-0.872385
-0.872385
-0.872385
-0.872385
-0.872385
-0.872385
-0.872385
-0.872385
-0.872385
-0.872385
-0.872385
-0.872385
-0.872385
-0.872385
-0.872385
-0.872385
-0.872385
-0.872385
-0.872385
-0.872385
-0.872385
-0.872385
-0.872385
-0.872385
-0.872385
-0.872385
-0.872385
-0.872385
-0.872385
-0.872385
-0.872385
-0.872385
-0.872385
-0.872385
-0.872385
-0.872385
-0.872385
-0.872385
-0.872385
-0.872385
-0.872385
-0.872385
-0.872385
-0.872385
-0.872385
-0.872385
-0.872385
-0.872385
-0.872385
-0.872385
-0.872385
-0.872385
-0.872385
-0.872385
-0.872385
-0.872385
-0.872385
-0.872385
-0.872385
-0.872385
-0.872385
-0.872385
-0.872385
-0.872385
-0.872385
-0.872385
-0.872385
-0.872385
-0.872385
-0.872385
-0.872385
-0.872385
-0.872385
-0.872385
-0.872385
-0.872385
-0.872385
-0.872385
-0.872385
-0.872385
-0.872385
-0.872385
-0.872385
-0.872385
-0.872385
-0.872385
-0.872385
-0.872385
-0.872385
-0.872385
-0.872385
-0.872385
-0.872385
-0.872385
-0.872385
-0.872385
-0.872385
-0.872385
-0.872385
-0.872385
-0.872385
-0.872385
-0.872385
-0.872385
-0.872385
-0.872385
-0.872385
-0.872385
-0.872385
-0.872385
-0.872385
-0.872385
-0.872385
-0.872385
-0.872385
-0.872385
-0.872385
-0.872385
-0.872385
-0.872385
-0.872385
-0.872385
-0.872385
-0.872385
-0.872385
-0.872385
-0.872385
-0.872385
-0.872385
-0.872385
-0.872385
-0.872385
-0.872385
-0.872385
-0.872385
-0.872385
-0.866546
-0.855419
-0.862206
-0.870807
-0.872385
-0.872385
-0.872385
-0.872385
-0.872385
-0.872385
-0.872385
-0.872385
-0.857786
-0.831429
-0.826537
-0.760013
-0.709824
-0.657426
-0.633594
-0.642117
-0.690648
-0.757803
-0.814463
-0.862916
-0.872385
-0.872385
-0.849106
-0.762459
-0.784082
-0.713139
-0.558705
-0.347613
-0.268068
-0.277853
-0.390936
-0.568096
-0.707457
-0.845871
-0.872385
-1.504548
-1.043066
-0.604896
-0.591051
-0.547743
-0.235592
0.098923
0.354867
0.519936
0.376758
0.109691
-0.333331
-0.895274
-1.464434
-0.399832
0.520882
0.365280
0.375338
0.808302
1.360542
1.743098
1.631751
1.054308
1.352732
1.238072
0.589513
0.351554
-0.682519
-0.382675
0.144953
0.026861
0.094071
0.412494
0.606197
-0.335817
-1.162933
-1.273807
-1.225884
-1.122228
-0.251685
-0.146964
-0.920005
-0.460061
-0.069577
-0.116790
0.393088
0.039403
-1.329066
-1.508453
-1.618025
-1.635537
-1.617196
-1.621101
-1.387521
-0.027215
-0.785347
-0.493075
0.091350
0.374273
0.834453
-1.284575
-1.611162
-1.634827
-1.603825
-1.396987
-1.621811
-1.636957
-1.589744
-0.314162
-0.200804
-0.518989
0.167435
0.680389
-0.117382
-1.567144
-1.624178
-1.310607
-1.625598
-1.602405
-1.598501
-1.505613
-1.579450
-1.268600
1.028157
-0.525142
0.306116
0.869715
-1.207780
-1.578503
-1.327646
-1.524309
-1.636011
-1.638377
-1.578621
-1.036085
-1.467156
-1.441715
0.979642
-0.592471
0.223049
1.138084
-1.336048
-1.489993
-0.896575
-1.514724
-1.593886
-1.593176
-1.589863
-0.860959
-1.581343
-1.459583
0.495915
-0.517687
0.084368
0.814456
-0.565019
-1.465854
-0.662995
-1.136783
-1.249431
-1.379238
-1.274399
-1.337704
-1.621930
-1.513186
0.455802
-0.478639
-0.024021
0.300910
-0.095965
-1.488455
-1.497685
-1.236297
-0.594364
-1.050048
-1.119152
-1.595779
-1.568327
-1.454850
-0.355341
-0.491419
-0.052893
-0.017868
-0.150632
-1.375688
-1.470824
-1.483722
-1.419824
-1.518865
-1.501590
-1.499105
-1.426806
-0.319605
-0.653410
-0.335935
0.172168
0.062596
-0.030647
-0.148147
-0.229676
-0.498992
-1.299839
-1.288125
-0.745825
-0.320434
-0.079399
-0.028990
-0.742630
-0.207548
0.116081
-0.052183
-0.237840
-0.176428
0.303039
0.712575
0.990410
0.793748
0.753280
0.312151
0.028636
-0.151106
-0.657315
-0.979524
-0.652582
-0.605724
-0.568095
-0.462901
-0.169328
0.182463
0.493904
0.556381
0.290970
-0.101171
-0.491537
-0.585253
-0.640631
-1.894389
-1.894389
-1.894389
-1.894389
-1.894389
-1.894389
-1.894389
-1.894389
-1.894389
-1.894389
-1.894389
-1.894389
-1.894389
-1.894389
-1.894389
-1.894389
-1.894389
-1.894389
-1.894389
-1.894389
-1.894389
-1.894389
-1.894389
-1.894389
-1.894389
-1.894389
-1.894389
-1.894389
-1.894389
-1.894389
-1.894389
-1.894389
-1.894389
-1.894389
-1.894389
-1.894389
-1.894389
-1.894389
-1.894389
-1.894389
-1.894389
-1.894389
-1.894389
-1.894389
-1.894389
-1.894389
-1.894389
-1.894389
-1.894389
-1.894389
-1.894389
-1.894389
-1.894389
-1.894389
-1.894389
-1.894389
-1.894389
-1.894389
-1.894389
-1.894389
-1.894389
-1.894389
-1.894389
-1.894389
-1.894389
-1.894389
-1.894389
-1.894389
-1.894389
-1.894389
-1.894389
-1.894389
-1.894389
-1.894389
-1.894389
-1.894389
-1.894389
-1.894389
-1.894389
-1.894389
-1.894389
-1.894389
-1.894389
-1.894389
-1.894389
-1.894389
-1.894389
-1.894389
-1.894389
-1.894389
-1.894389
-1.894389
-1.894389
-1.894389
-1.894389
-1.894389
-1.894389
-1.894389
-1.894389
-1.894389
-1.894389
-1.894389
-1.894389
-1.894389
-1.894389
-1.894389
-1.894389
-1.894389
-1.894389
-1.894389
-1.894389
-1.894389
-1.894389
-1.894389
-1.894389
-1.894389
-1.894389
-1.894389
-1.894389
-1.894389
-1.894389
-1.894389
-1.894389
-1.894389
-1.894389
-1.894389
-1.894389
-1.894389
-1.894389
-1.894389
-1.894389
-1.894389
-1.894389
-1.894389
-1.894389
-1.894389
-1.894389
-1.894389
-1.894389
-1.894389
-1.894389
-1.894389
-1.894389
-1.894389
-1.894389
-1.894389
-1.894389
-1.894389
-1.894389
-1.894389
-1.894389
-1.894389
-1.894389
-1.894389
-1.894389
-1.894389
-1.894389
-1.894389
-1.894389
-1.894389
-1.894389
-1.894389
-1.894389
-1.894389
-1.894389
-1.894389
-1.894389
-1.894389
-1.894389
-1.894389
-1.894389
-1.894389
-1.894389
-1.894389
-1.894389
-1.894389
-1.894389
-1.894389
-1.894389
-1.894389
-1.894389
-1.894389
-1.894389
-1.894389
-1.894389
-1.894389
-1.894389
-1.894389
-1.894389
-1.894389
-1.894389
-1.894389
-1.894389
-1.894389
-1.894389
-1.894389
1.338200
1.178214
1.088068
1.471293
1.557323
1.577493
1.624281
1.652272
1.699883
1.667639
1.575160
1.542367
0.904071
1.922711
1.528097
1.052668
0.986259
1.424230
1.464295
1.577630
1.852460
1.892525
1.903090
1.672853
1.653507
1.261089
0.862222
1.993785
1.413116
0.974596
0.851245
1.205519
1.171354
1.097947
1.198110
0.754238
0.802948
0.889252
1.089577
0.943312
0.881568
1.822137
1.390202
0.973910
0.961836
0.686045
1.396240
1.032773
0.980359
0.835878
0.797734
0.790736
0.808024
0.859203
0.491346
1.287844
1.404472
0.952643
0.500676
1.081345
1.346433
1.007663
1.218828
0.940705
1.077228
1.004919
1.292510
1.009310
0.872924
0.997784
1.389791
0.955798
0.187153
1.691788
1.008898
1.269458
0.937961
1.054177
1.132661
0.984338
1.194405
1.282082
0.980496
0.980496
1.388830
0.779485
0.299253
1.658172
0.980496
1.286747
0.736676
1.019738
1.071603
0.905443
0.969382
1.193307
0.980496
0.980496
1.388830
0.909971
0.223514
1.730481
0.991061
1.289217
0.678087
0.989415
1.010408
0.948526
1.039222
1.193582
0.980496
0.980496
1.388830
0.967187
0.261932
1.354254
1.226375
1.373188
0.919164
1.125252
1.250523
0.972538
1.388968
0.994080
0.980496
0.980496
1.388419
1.039084
0.764529
0.659290
1.698511
1.031401
1.123605
0.750808
0.831899
1.165591
1.012603
0.997373
0.682341
1.019875
1.374012
1.007801
0.967598
0.611266
1.269596
1.169570
1.032910
0.802810
0.763020
0.938784
0.776055
1.231177
0.010977
1.773839
1.421212
0.989277
0.970205
1.161749
1.387733
1.104807
1.437814
0.992022
0.719936
0.993394
1.418742
1.027147
0.743124
1.929160
1.475135
0.884450
0.817217
1.114000
1.215124
1.286472
1.555814
1.717309
1.599721
1.530842
1.485700
1.072701
0.662308
1.868376
1.618381
1.217456
1.393495
1.860967
1.914341
2.014503
1.907343
1.994883
1.956053
1.967029
1.962501
1.856027
1.030989
2.236782
1.848470
1.948052
2.185378
1.515869
1.688071
1.759139
1.818406
1.832534
1.758105
1.625961
1.541023
1.661194
1.549035
1.451003
1.837099
1.887838
2.394190
1.483738
1.693498
1.775248
1.513199
1.797645
1.846833
1.814960
1.755607
1.661797
1.179996
1.415943
1.832275
1.917988
2.454491
1.354609
1.472712
1.673599
1.695393
2.272727
1.339103
1.815908
2.002926
1.793080
1.239262
1.421628
1.837013
1.923329
2.278672
1.236506
1.691516
1.797559
2.371448
2.206914
0.963172
1.573930
1.856740
1.611920
1.386482
1.708745
1.837530
1.917213
2.061676
1.441528
1.690138
1.902051
2.412280
1.998877
1.088597
1.249944
1.596241
1.803848
1.566091
1.708745
1.834170
1.858377
1.871557
1.641984
1.820215
2.445187
2.187876
1.327560
1.242880
1.351766
1.377006
1.784638
2.514446
0.887193
1.831931
1.831931
1.831931
1.741824
2.377392
2.182363
1.860013
0.781926
1.502000
1.599946
1.342979
1.819957
2.897183
0.458887
1.829432
1.821852
1.842095
1.900242
2.526162
1.654647
2.011454
0.715164
1.601324
1.629751
1.377092
1.898261
2.776065
0.562173
1.825556
1.796956
1.917643
1.799541
2.123096
2.064260
2.261701
1.086444
1.476416
1.458412
1.325578
2.001289
2.334492
1.041649
1.831414
1.804709
2.112931
1.465217
1.852002
2.258083
1.962007
1.532151
1.377523
1.301975
1.782915
1.935561
1.709004
1.604511
1.827537
1.827020
2.252742
1.194209
1.873882
2.157812
1.487098
2.026529
1.977341
1.156220
1.977513
1.300080
1.800316
1.478483
1.838650
1.857601
2.363695
1.297926
1.629062
1.684625
1.666535
2.246367
2.222936
1.290173
1.468146
1.548346
1.475124
1.400782
1.818923
1.847781
2.425977
1.371493
1.634575
1.685314
1.632766
2.034110
2.033421
1.613384
1.480292
1.369770
1.266828
1.563765
1.839770
1.998015
2.348878
1.511907
1.743375
1.769907
1.847609
1.929790
1.877414
1.676958
1.548173
1.507341
1.444112
1.505963
0.009565
0.009565
0.009565
0.009565
0.009565
0.009565
0.009565
0.009565
0.009565
0.009565
0.009565
0.009565
0.009565
0.009565
0.009565
0.009565
0.009565
0.009565
0.009565
0.009565
0.009565
0.009565
0.009565
0.009565
0.009565
0.009565
0.009565
0.009565
0.009565
0.009565
0.009565
0.009565
0.009565
0.009565
0.009565
0.009565
0.009565
0.009565
0.009565
0.009565
0.009565
0.009565
0.009565
0.009565
0.009565
0.009565
0.009565
0.009565
0.009565
0.009565
0.009565
0.009565
0.009565
0.009565
0.009565
0.009565
0.009565
0.009565
0.009565
0.009565
0.009565
0.009565
0.009565
0.009565
0.009565
0.009565
0.009565
0.009565
0.009565
0.009565
0.009565
0.009565
0.009565
0.009565
0.009565
0.009565
0.009565
0.009565
0.009565
0.009565
0.009565
0.009565
0.009565
0.009565
0.009565
0.009565
0.009565
0.009565
0.009565
0.009565
0.009565
0.009565
0.009565
0.009565
0.009565
0.009565
0.009565
0.009565
0.009565
0.009565
0.009565
0.009565
0.009565
0.009565
0.009565
0.009565
0.009565
0.009565
0.009565
0.009565
0.009565
0.009565
0.009565
0.009565
0.009565
0.009565
0.009565
0.009565
0.009565
0.009565
0.009565
0.009565
0.009565
0.009565
0.009565
0.009565
0.009565
0.009565
0.009565
0.009565
0.009565
0.009565
0.009565
0.009565
0.009565
0.009565
0.009565
0.009565
0.009565
0.009565
0.009565
0.009565
0.009565
0.009565
0.009565
0.009565
0.009565
0.009565
0.009565
0.009565
0.009565
0.009565
0.009565
0.009565
0.009565
0.009565
0.009565
0.009565
0.009565
0.009565
0.009565
0.009565
0.009565
0.009565
0.009565
0.009565
0.009565
0.009565
0.009565
0.009565
0.009565
0.009565
0.009565
0.009565
0.009565
0.009565
0.009565
0.009565
0.009565
0.009565
0.009565
0.009565
0.009565
0.009565
0.009565
0.009565
0.009565
0.009565
0.009565
0.009565
0.009565
0.009565
0.009565
0.009565
0.009565
0.009565
0.114568
-0.168044
-0.230481
-0.230481
-0.230481
-0.214349
-0.087980
0.154899
0.381646
0.253783
0.114270
-0.179396
-0.160575
0.177305
-0.299043
-0.172823
-0.224805
-0.208972
-0.105009
-0.185819
-0.163264
-0.041227
-0.213303
-0.184176
-0.170583
-0.191943
-0.108444
-0.161023
-0.091117
-0.020464
-0.182981
-0.169836
-0.251692
-0.223162
-0.224954
-0.328917
-0.345498
-0.323092
-0.332950
-0.125174
0.587779
0.200457
0.017626
0.013742
-0.093955
0.167595
-0.177006
-0.241833
-0.233469
-0.253186
-0.241833
-0.232722
-0.247510
-0.049143
-0.146683
-0.143098
-0.025393
-0.101573
0.020912
0.397927
-0.071699
-0.230481
-0.230481
-0.230481
-0.230481
-0.230481
-0.230481
-0.218382
-0.255426
0.271857
-0.077823
-0.102320
-0.046156
-0.458871
-0.212407
-0.230481
-0.230481
-0.230481
-0.230481
-0.230481
-0.230481
-0.233469
0.026588
0.347141
-0.043617
-0.119050
-0.221967
-0.361032
-0.295757
-0.230481
-0.230481
-0.230481
-0.230481
-0.230481
-0.230481
-0.230481
0.015535
-0.009112
-0.083350
-0.112776
-0.207179
-0.230481
-0.230481
-0.230481
-0.230481
-0.230481
-0.230481
-0.230481
-0.230481
-0.230481
-0.115166
-0.380152
-0.070802
-0.049592
-0.192989
-0.230481
-0.230481
-0.230481
-0.230481
-0.230481
-0.230481
-0.230481
-0.230481
-0.230481
-0.220473
-0.341465
-0.050488
-0.060197
-0.188209
-0.230481
-0.230481
-0.230481
-0.230481
-0.230481
-0.230481
-0.230481
-0.230481
-0.230481
-0.232722
-0.247510
0.017028
0.153704
-0.154152
-0.230481
-0.230481
-0.230481
-0.230481
-0.230481
-0.230481
-0.230481
-0.230481
-0.230481
-0.149820
0.240041
-0.126668
0.085740
-0.047799
-0.062288
-0.202100
-0.230481
-0.230481
-0.230481
-0.230481
-0.230481
-0.230481
-0.214349
0.064827
0.218979
0.593754
0.393894
0.283508
0.269766
0.280073
0.141455
-0.053923
-0.207777
-0.225104
-0.150716
0.132792
0.313980
0.313084
0.677850
-0.235709
-0.322494
-0.209569
-0.240190
-0.228390
-0.233020
-0.235859
-0.220921
-0.223162
-0.171330
-0.186118
-0.261401
-0.018223
-0.549689
1.283037
1.283037
1.283037
1.283037
1.283037
1.283037
1.283037
1.283037
1.283037
1.283037
1.283037
1.283037
1.283037
1.283037
1.283037
1.283037
1.283037
1.283037
1.283037
1.283037
1.283037
1.283037
1.283037
1.283037
1.283037
1.283037
1.283037
1.283037
1.283037
1.283037
1.283037
1.283037
1.283037
1.283037
1.283037
1.283037
1.283037
1.283037
1.283037
1.283037
1.283037
1.283037
1.283037
1.283037
1.283037
1.283037
1.283037
1.283037
1.283037
1.283037
1.283037
1.283037
1.283037
1.283037
1.283037
1.283037
1.283037
1.283037
1.283037
1.283037
1.283037
1.283037
1.283037
1.283037
1.283037
1.283037
1.283037
1.283037
1.283037
1.283037
1.283037
1.283037
1.283037
1.283037
1.283037
1.283037
1.283037
1.283037
1.283037
1.283037
1.283037
1.283037
1.283037
1.283037
1.283037
1.283037
1.283037
1.283037
1.283037
1.283037
1.283037
1.283037
1.283037
1.283037
1.283037
1.283037
1.283037
1.283037
1.283037
1.283037
1.283037
1.283037
1.283037
1.283037
1.283037
1.283037
1.283037
1.283037
1.283037
1.283037
1.283037
1.283037
1.283037
1.283037
1.283037
1.283037
1.283037
1.283037
1.283037
1.283037
1.283037
1.283037
1.283037
1.283037
1.283037
1.283037
1.283037
1.283037
1.283037
1.283037
1.283037
1.283037
1.283037
1.283037
1.283037
1.283037
1.283037
1.283037
1.283037
1.283037
1.283037
1.283037
1.283037
1.283037
1.283037
1.283037
1.283037
1.283037
1.283037
1.283037
1.283037
1.283037
1.283037
1.283037
1.283037
1.283037
1.283037
1.283037
1.283037
1.283037
1.283037
1.283037
1.283037
1.283037
1.283037
1.283037
1.283037
1.283037
1.283037
1.283037
1.283037
1.283037
1.283037
1.283037
1.283037
1.283037
1.283037
1.283037
1.283037
1.283037
1.283037
1.283037
1.283037
1.283037
1.283037
1.283037
1.283037
1.283037
1.283037
1.283037
1.283037
1.283037
1.283037
1.283037
1.283037
1.283037
-2.530547
-2.437501
-2.277684
-2.116400
-2.054858
-2.028902
-2.044208
-1.996569
-1.925971
-2.087128
-2.010280
-2.050840
-2.201729
-2.265184
-2.498533
-2.216142
-2.095865
-1.800592
-1.745427
-1.903523
-1.427068
-1.584207
-1.540075
-1.886240
-2.018571
-2.097587
-1.729675
-2.286804
-2.565304
-2.369008
-2.251409
-2.250261
-2.267480
-2.431889
-1.616158
-1.712647
-1.455447
-1.964809
-2.489605
-2.487309
-2.319583
-2.474745
-2.588518
-2.328639
-2.455677
-2.315374
-2.558417
-2.585712
-2.424874
-1.939874
-2.203834
-2.099372
-2.588518
-2.588518
-2.536797
-2.566835
-2.585265
-2.398472
-2.520981
-2.407910
-2.588518
-2.588518
-2.354340
-2.018252
-2.046567
-2.062766
-2.506377
-2.588518
-2.583033
-2.584436
-2.569003
-2.539093
-2.547830
-2.547575
-2.588518
-2.529974
-1.937833
-1.708183
-1.247800
-1.832287
-2.078837
-2.588518
-2.588518
-2.588518
-2.569513
-2.580036
-2.567983
-2.585712
-2.588518
-2.237251
-1.763348
-1.301115
-1.081095
-1.699382
-2.057154
-2.588518
-2.588518
-2.588518
-2.585776
-2.583225
-2.580929
-2.585584
-2.588518
-2.223668
-1.800783
-1.254368
-1.091809
-1.681653
-2.042869
-2.588518
-2.588518
-2.588518
-2.585265
-2.518686
-2.510140
-2.528826
-2.588518
-2.425321
-1.951991
-1.678146
-1.368651
-1.912642
-2.139040
-2.588518
-2.588518
-2.588518
-2.572256
-2.308869
-2.442986
-2.280936
-2.562115
-2.569322
-2.380870
-2.237379
-2.184638
-2.300133
-2.521173
-2.588518
-2.588518
-2.588518
-2.585776
-2.363205
-2.280554
-2.264483
-2.390054
-2.576783
-2.475000
-2.133874
-2.318946
-2.300515
-2.588518
-2.588518
-2.555993
-2.540688
-2.588518
-2.345922
-2.196946
-2.127560
-2.199880
-2.371750
-1.949249
-1.924568
-1.843193
-2.040892
-2.411482
-2.466901
-2.329851
-2.475000
-2.588518
-2.337185
-2.216844
-1.983750
-1.938407
-2.002245
-1.794661
-1.797913
-1.733374
-1.806905
-1.921316
-2.193949
-2.032665
-2.499362
-2.588518
-2.425512
-2.322645
-2.168631
-2.114295
-2.097523
-2.087574
-2.044590
-2.063595
-2.069973
-2.111872
-2.320030
-2.328831
-2.548468
1.022542
0.952562
0.394551
0.267386
0.328096
0.343110
0.438810
0.470928
0.410740
0.342066
0.203151
-0.175080
-0.809338
-0.151580
0.875271
0.837017
0.087083
-0.066324
-0.020367
0.118026
0.190356
0.222473
0.381364
0.187222
-0.023501
-0.488945
-1.023456
-0.216598
0.702932
0.679823
-0.130690
-0.136435
0.001958
0.433327
-0.366742
0.285534
0.902819
0.381234
0.376403
-0.194925
-0.711810
-0.156019
0.705935
0.475367
-0.336974
-0.241143
0.221429
-0.002872
-0.183958
0.009531
0.126120
-0.069719
0.170902
0.089042
-0.426930
-0.210984
0.679432
0.163983
-0.394551
-0.125207
0.049743
0.018670
0.015667
0.060710
0.073766
0.073766
0.250021
0.574592
-0.090347
-0.172600
0.469100
0.028201
-0.120245
-0.023631
0.065149
0.025329
0.025459
0.073766
0.073766
0.073766
0.092567
0.132518
0.303551
-0.287231
0.330316
-0.098572
-0.056793
0.103403
0.263339
-0.065149
0.019453
0.073766
0.073766
0.073766
0.073766
0.272478
0.347288
-0.323657
0.388676
-0.160588
-0.068544
0.078336
0.280703
-0.092044
-0.033554
0.044782
0.073766
0.073766
0.073766
0.618330
0.034076
-0.172600
0.581904
-0.235268
-0.183436
-0.024415
0.324701
0.070894
-0.039821
0.041648
0.068935
0.073766
0.075333
0.144529
0.173514
-0.167900
0.697318
0.131473
-0.460614
-0.166594
0.051963
0.139829
0.012534
0.013187
-0.068544
-0.081469
-0.016973
0.086039
0.040996
-0.097136
0.709852
0.517277
-0.468186
-0.446252
-0.154060
-0.063191
0.310209
0.433849
-0.075333
0.009661
-0.320393
-0.048438
-0.365436
-0.108756
0.709591
0.684524
-0.092306
-0.380189
-0.125729
-0.412176
0.308512
0.487118
0.373009
-0.034076
-0.209156
-0.223257
-0.644703
-0.146879
0.791582
0.590651
-0.212681
-0.350161
-0.275481
-0.226129
0.083166
0.167508
0.167900
-0.280964
-0.391940
-0.559578
-1.113542
-0.380581
1.631210
1.133387
0.663112
0.641831
0.719513
0.723561
0.749020
0.733875
0.798241
0.629297
0.617808
0.441291
-0.926059
-0.153930
1.155165
-0.751458
-1.759675
-2.024843
-2.049968
-2.124343
-2.372293
-2.587410
-2.648372
-2.504026
-2.308729
-2.036754
-0.962571
0.980990
0.603309
-1.207318
-2.239459
-2.671996
-2.705930
-2.995522
-3.342372
-3.479210
-3.756690
-3.432563
-3.278107
-2.935161
-1.587001
0.494999
1.146056
-0.511817
-1.329842
-1.666982
-1.731647
-1.681497
-2.203623
-2.855781
-2.733757
-2.293114
-1.835251
-1.671886
-0.895904
0.803210
1.321934
-0.207710
-0.840048
-0.926034
-0.577583
-1.309721
-2.202321
-2.184504
-2.443665
-1.691006
-1.106316
-0.506811
-0.165967
1.004714
1.310122
-0.160362
-0.563369
-0.305909
-0.269372
-0.798606
-1.330242
-2.224544
-2.504326
-1.770186
-1.050960
-0.887295
-0.233936
1.028838
1.297008
0.037638
-0.296700
-0.350954
-0.218320
-0.552958
-1.264576
-1.940858
-2.148768
-1.644159
-1.129340
-0.816424
-0.465970
0.978987
1.271783
0.287590
0.118720
-0.280583
-0.221223
-0.715021
-1.117227
-1.699515
-1.766382
-1.418531
-0.795002
-0.260763
0.128630
1.034343
1.266077
0.220122
0.030231
-0.192594
-0.188891
-0.846054
-1.257869
-1.840456
-1.863080
-1.509323
-0.890699
-0.210512
0.347450
1.270582
1.289000
-0.019420
-0.186388
-0.196098
-0.384888
-1.065675
-1.838755
-2.471593
-2.572195
-2.075494
-1.138148
-0.532637
0.236939
1.368580
1.294206
-0.175077
-0.519224
-0.421325
-0.573379
-1.348060
-1.846262
-2.837262
-2.910436
-2.066685
-1.083093
-0.862170
0.061062
1.313325
1.312324
-0.276979
-0.913421
-1.246658
-0.923031
-1.094104
-1.572687
-2.143763
-2.674298
-1.761177
-1.170681
-1.017727
-0.376180
1.115425
1.096306
-0.636442
-1.531645
-1.963881
-1.990408
-1.475588
-1.551065
-2.160279
-2.341963
-2.117136
-1.607121
-1.876894
-0.945754
0.752559
0.547052
-1.465178
-2.482004
-2.944571
-2.943169
-2.946673
-3.200028
-3.339569
-3.505236
-3.444875
-3.179107
-3.086614
-1.848866
0.149851
0.849357
-1.051761
-2.025643
-2.348670
-2.338459
-2.422544
-2.654578
-2.824249
-2.901827
-2.808033
-2.576199
-2.530052
-1.713028
0.398702
0.447308
0.717925
0.610422
0.837331
0.795483
0.669567
0.498270
0.251088
0.571736
0.744522
0.711973
0.616188
0.639251
0.282706
-0.426291
-0.849421
-0.860209
-0.894245
-0.963247
-0.892199
-0.799761
-0.615444
-0.630881
-0.637205
-0.441915
-0.429825
-0.638321
-0.264665
-0.237510
-0.155860
0.014879
0.044452
0.106201
-0.116244
-0.131124
0.347059
-0.542908
-0.651712
-0.822638
-0.110851
0.050776
-0.166648
-0.189897
-0.066213
-0.174460
-0.299818
-0.289960
-0.393185
-0.276011
-0.553881
0.000186
-0.168322
0.151769
-0.909496
-0.432243
-0.023063
-0.173530
-0.214448
-0.252204
-0.442473
-0.193245
0.183201
0.113454
-0.028085
-0.167950
-0.253134
-0.281032
-0.212216
-0.853698
-0.326228
-0.179295
-0.153257
-0.377190
-0.570992
-1.079678
-0.448982
-0.531190
-0.412342
-0.305955
-0.134286
-0.222817
-0.745638
0.046684
0.100993
-0.164416
-0.252018
0.114757
0.384071
0.336830
-0.184317
-0.122940
-0.053193
-0.079790
-0.162370
-0.351151
0.276569
0.293308
-0.232861
-0.172228
-0.169810
-0.244578
-0.199754
0.194361
0.167206
-0.077744
-0.077000
-0.084998
0.042778
0.260945
0.216494
-0.079418
-0.260201
-0.180597
-0.241602
-0.246438
0.247182
0.586987
0.076070
-0.289774
-0.430197
-0.413830
-0.453818
-0.502548
1.225309
1.040062
0.085184
-0.153257
-0.106201
-0.056913
-0.082580
-0.111781
-0.011345
-0.545884
-0.669196
-0.556113
-0.824870
0.472045
-1.138637
-1.528288
-0.212960
-0.177621
-0.196778
-0.200312
-0.452330
-1.051965
-1.490904
0.156232
0.584384
0.565971
0.470743
-1.566044
-0.949670
0.217795
-0.094111
-0.202358
-0.112338
-0.127962
-0.052821
-0.008370
0.490830
-0.241602
0.275639
-0.296284
0.000000
0.530818
0.364170
-0.184875
-0.180969
-0.777814
-0.787486
-0.833053
-0.782092
-0.700814
-0.790462
-0.490644
-0.886061
-0.374214
-0.558159
-0.685191
-0.764423
-0.674217
-0.318417
0.410296
0.178179
0.157162
0.182829
0.170368
0.117918
0.051334
0.047800
-0.103969
-0.046498
0.044452
0.156976
0.107131
0.198266
-1.006190
-1.006190
-1.006190
-1.006190
-1.006190
-1.006190
-1.006190
-1.006190
-1.006190
-1.006190
-1.006190
-1.006190
-0.936970
-0.975160
-1.006190
-1.006190
-1.006190
-1.006190
-1.006190
-1.006190
-1.006190
-1.006190
-1.006190
-1.006190
-1.006190
-1.006190
-0.939356
-1.065863
-1.006190
-1.006190
-1.006190
-1.006190
-1.006190
-1.006190
-1.006190
-1.006190
-1.006190
-1.006190
-1.006190
-1.006190
-1.006190
-1.006190
-1.006190
-1.006190
-1.006190
-1.006190
-1.006190
-1.006190
-1.006190
-1.006190
-1.006190
-1.006190
-1.006190
-1.006190
-1.006190
-1.006190
-1.006190
-1.006190
-1.006190
-1.006190
-1.006190
-1.006190
-1.006190
-1.006190
-1.006190
-1.006190
-1.006190
-0.986227
-0.828257
-0.987963
-1.006190
-1.006190
-1.006190
-1.006190
-1.006190
-1.006190
-1.006190
-1.006190
-1.006190
-1.006190
-1.006190
-0.955848
-0.983623
-0.952376
-1.006190
-1.006190
-1.006190
-1.006190
-1.006190
-1.006190
-1.006190
-1.006190
-1.006190
-1.006190
-1.006190
-0.957584
-1.049588
-0.970603
-1.006190
-1.006190
-1.006190
-1.006190
-1.006190
-1.006190
-1.006190
-1.006190
-1.006190
-1.006190
-1.006190
-1.006190
-1.006190
-1.006190
-1.006190
-1.006190
-1.006190
-1.006190
-1.006190
-1.006190
-1.006190
-1.006190
-1.006190
-1.006190
-1.006190
-1.006190
-1.006190
-1.006190
-1.006190
-1.006190
-1.006190
-1.006190
-0.996208
-0.917223
-0.997076
-1.006190
-1.006190
-1.006190
-1.006190
-1.006190
-1.006190
-1.006190
-1.006190
-1.006190
-1.006190
-1.006190
-0.981019
-0.994906
-0.894439
-0.249974
-0.928724
-1.006190
-1.006190
-1.006190
-1.006190
-1.006190
-1.006190
-1.006190
-1.006190
-1.006190
-0.981887
-1.027889
-0.774443
-0.910280
-0.777481
-1.006190
-1.006190
-1.006190
-1.006190
-1.006190
-1.006190
-1.006190
-1.006190
-1.006190
-1.006190
-1.006190
-0.799614
-1.190633
-0.854947
-1.006190
-1.006190
-1.006190
-1.006190
-1.006190
-1.006190
-1.006190
-1.006190
-1.006190
-1.006190
-1.006190
-1.006190
-1.006190
-1.006190
-1.006190
-1.006190
-1.006190
-1.006190
-1.006190
-0.220224
-0.160641
-0.197325
-0.197325
-0.197325
-0.197325
-0.197325
-0.197325
-0.197325
-0.197325
-0.197325
-0.197325
-0.197325
-0.197325
-0.206788
-0.128629
-0.197325
-0.197325
-0.197325
-0.197325
-0.250599
-0.195923
-0.147789
-0.205737
-0.205737
-0.185292
-0.158070
-0.197325
-0.322216
0.054910
-0.197325
-0.197325
-0.237281
-0.196274
-0.381916
-0.503185
0.192535
-0.112857
-0.247679
-0.176646
0.083533
-0.146855
-0.358433
0.056779
-0.197325
-0.197325
-0.329226
-0.524448
-0.296864
-0.714529
0.227818
0.383201
-0.358316
-0.235061
0.202582
0.013085
-0.347802
0.044162
-0.197325
-0.197325
-0.582979
-0.943165
-0.493838
0.124540
0.129213
0.188329
-0.332263
-0.189381
-0.306210
-0.063672
-0.336352
0.025819
-0.197325
-0.419301
-0.786029
-1.301481
0.060518
0.494539
0.101525
0.023015
-0.086454
-0.277236
-0.328992
-0.198026
-0.330978
0.022314
-0.197325
-0.525616
-1.472286
-0.650741
0.347334
0.559964
-0.102226
-0.110988
-0.067995
-0.403179
-0.516503
0.197909
-0.330861
0.027922
-0.197325
-0.497577
-1.323328
-0.986859
0.311584
0.557160
-0.062737
-0.071733
-0.065425
-0.415212
-0.714646
0.295929
-0.342310
0.046264
-0.197325
-0.279106
-0.692682
-1.344474
-0.112857
0.484843
0.020095
-0.147205
-0.097085
-0.178749
-0.350372
-0.158070
-0.347685
0.049769
-0.197325
-0.197325
-0.360886
-0.751097
-1.122498
0.108768
0.306093
-0.234360
-0.259362
0.309949
-0.023600
-0.208073
-0.347568
0.055377
-0.197325
-0.197325
-0.197325
-0.360886
-0.762313
-1.042820
0.204335
0.029792
-0.073719
0.302822
-0.110754
-0.197325
-0.359484
0.051288
-0.197325
-0.197325
-0.197325
-0.197325
-0.426311
-0.707636
-0.478066
-0.292892
-0.084468
-0.118816
-0.186810
-0.197325
-0.319762
-0.052223
-0.197325
-0.197325
-0.197325
-0.197325
-0.197325
-0.225948
-0.271745
-0.221158
-0.165781
-0.197325
-0.197325
-0.197325
-0.229570
-0.176296
-0.197325
-0.197325
-0.197325
-0.197325
-0.197325
-0.197325
-0.197325
-0.197325
-0.197325
-0.197325
-0.197325
-0.197325
-0.145449
-0.145449
-0.145449
-0.145449
-0.145449
-0.145449
-0.145449
-0.145449
-0.145449
-0.145449
-0.145449
-0.145449
-0.145449
-0.145449
-0.145449
-0.145449
-0.145449
-0.145449
-0.145449
-0.145449
-0.145449
-0.145449
-0.145449
-0.145449
-0.145449
-0.145449
-0.145449
-0.145449
-0.145449
-0.145449
-0.145449
-0.145449
-0.145449
-0.145449
-0.145449
-0.145449
-0.145449
-0.145449
-0.145449
-0.145449
-0.145449
-0.145449
-0.145449
-0.145449
-0.145449
-0.145449
-0.145449
-0.145449
-0.145449
-0.145449
-0.145449
-0.145449
-0.145449
-0.145449
-0.145449
-0.145449
-0.145449
-0.145449
-0.145449
-0.145449
-0.145449
-0.145449
-0.145449
-0.145449
-0.145449
-0.145449
-0.145449
-0.145449
-0.145449
-0.145449
-0.145449
-0.145449
-0.145449
-0.145449
-0.145449
-0.145449
-0.145449
-0.145449
-0.145449
-0.145449
-0.145449
-0.145449
-0.145449
-0.145449
-0.145449
-0.145449
-0.145449
-0.145449
-0.145449
-0.145449
-0.145449
-0.145449
-0.145449
-0.145449
-0.145449
-0.145449
-0.145449
-0.145449
-0.145449
-0.145449
-0.145449
-0.145449
-0.145449
-0.145449
-0.145449
-0.145449
-0.145449
-0.145449
-0.145449
-0.145449
-0.145449
-0.145449
-0.145449
-0.145449
-0.145449
-0.145449
-0.145449
-0.145449
-0.145449
-0.145449
-0.145449
-0.145449
-0.145449
-0.145449
-0.145449
-0.145449
-0.145449
-0.145449
-0.145449
-0.145449
-0.145449
-0.145449
-0.145449
-0.145449
-0.145449
-0.145449
-0.145449
-0.145449
-0.145449
-0.145449
-0.145449
-0.145449
-0.145449
-0.145449
-0.145449
-0.145449
-0.145449
-0.145449
-0.145449
-0.145449
-0.145449
-0.145449
-0.145449
-0.145449
-0.145449
-0.145449
-0.145449
-0.145449
-0.145449
-0.145449
-0.145449
-0.145449
-0.145449
-0.145449
-0.145449
-0.145449
-0.145449
-0.145449
-0.145449
-0.145449
-0.145449
-0.145449
-0.145449
-0.145449
-0.145449
-0.145449
-0.145449
-0.145449
-0.145449
-0.145449
-0.145449
-0.145449
-0.145449
-0.145449
-0.145449
-0.145449
-0.145449
-0.145449
-0.145449
-0.145449
-0.145449
-0.145449
-0.145449
-0.145449
-0.145449
-0.145449
-2.708956
-1.910051
-1.471568
-1.544789
-1.505023
-1.404344
-1.371942
-1.395928
-1.376255
-1.342906
-1.359318
-1.436115
-1.832833
-2.564198
-1.993371
-0.169270
0.082899
0.082689
0.176214
0.151807
-0.203251
-0.430382
-0.353479
-0.153385
0.178528
0.294672
0.072484
-1.196359
-1.649465
-0.105308
0.113302
0.251117
0.385566
-0.399453
-1.240334
-1.773814
-1.195518
-0.429435
-0.157908
0.415443
0.696964
-0.693072
-1.656829
-0.097628
0.215243
0.532954
-0.302772
-1.484719
-2.196306
-2.177685
-1.944031
-2.032927
-1.956866
-0.308453
0.912208
-0.530956
-1.627478
-0.034717
0.352006
0.130135
-1.287570
-1.883540
-1.958655
-1.750144
-1.720898
-1.671979
-2.028929
-0.400505
0.488874
-0.045552
-1.608857
0.070590
0.383672
-0.690021
-1.634106
-1.898689
-1.851559
-2.298563
-2.347377
-1.955183
-1.532796
-1.680290
-0.159907
0.285518
-1.595286
0.117405
0.218821
-0.777444
-1.500394
-2.003050
-2.165377
-2.501498
-2.664772
-2.353268
-1.848718
-1.650097
-0.052917
0.345589
-1.599810
0.078796
0.192204
-0.944400
-2.099730
-2.242595
-2.213349
-2.523380
-2.640996
-2.434905
-2.110146
-1.695649
0.120772
0.187575
-1.612960
0.018620
0.244385
-0.781968
-2.126452
-2.424595
-2.164325
-2.403660
-2.424279
-2.060701
-1.975802
-1.590973
0.495923
0.069959
-1.619062
-0.031771
0.238283
0.023776
-1.092420
-2.457208
-2.610382
-2.288463
-2.321918
-1.975171
-1.937930
0.447109
0.837409
-0.220609
-1.611066
-0.152017
0.094051
0.285203
-0.367156
-1.289253
-2.316868
-2.406816
-2.136762
-1.973383
-0.372521
0.211141
0.661301
-0.533270
-1.623165
-0.132029
-0.010415
0.036821
0.250487
0.030193
-0.482563
-0.880227
-0.500868
-0.011573
0.126874
0.555152
0.271737
-0.777865
-1.666298
-0.021356
0.189890
0.116564
0.156961
0.211667
0.165483
0.000315
0.122245
0.296039
0.379148
0.370522
0.066803
-0.972173
-2.309293
-0.450792
-0.005365
-0.135606
-0.115302
-0.008416
0.092052
0.165588
0.140866
0.079007
0.041975
-0.014939
-0.219347
-1.993582
-0.004980
-0.325379
-0.501350
-0.491173
-0.432853
-0.352735
-0.294415
-0.291022
-0.321265
-0.361324
-0.437833
-0.453423
-0.439204
-0.599945
0.404703
0.160091
-0.214297
-0.170341
0.013064
0.174166
0.325452
0.298890
0.230248
0.137644
0.040275
-0.124724
0.175104
-0.469880
0.125229
-0.089068
-0.416396
-0.321554
-0.170701
-0.152224
-0.386803
-0.446133
-0.465766
-0.491461
-0.537655
-0.181095
0.148326
-0.424191
0.011043
-0.207368
-0.474283
-0.106535
-0.477459
-0.632642
-0.573023
-0.505031
-0.506763
-0.584282
-0.629755
-0.462373
0.291456
-0.376987
0.003537
-0.167381
-0.255511
-0.284021
-0.585293
-0.658915
-0.532531
-0.105019
-0.167598
-0.302860
-0.592655
-0.523508
-0.067920
-0.328627
0.024974
-0.131436
-0.046555
-0.507629
-0.621743
-0.562773
-0.364716
-0.336278
-0.318811
-0.454867
-0.468942
-0.556422
-0.551297
-0.274349
0.000000
-0.046771
-0.023241
-0.449598
-0.587314
-0.269946
-0.344001
-0.257460
-0.378430
-0.389473
-0.328339
-0.597058
-0.585221
-0.252263
-0.001227
-0.116423
0.014796
-0.225918
-0.506691
-0.228227
-0.250531
-0.248654
-0.330793
-0.292683
-0.301994
-0.587025
-0.571723
-0.341692
-0.023602
-0.157709
-0.082644
-0.264822
-0.514775
-0.335196
-0.404487
-0.236961
-0.238765
-0.289218
-0.340248
-0.524158
-0.482078
-0.285681
-0.003970
-0.200150
-0.390340
-0.141036
-0.474788
-0.623836
-0.409683
-0.428811
-0.337144
-0.549998
-0.645923
-0.537583
0.051607
-0.370058
-0.007001
-0.234146
-0.529138
-0.418128
-0.359159
-0.530221
-0.619361
-0.623403
-0.656316
-0.670174
-0.650470
-0.446927
0.105091
-0.449814
0.121909
-0.131942
-0.456383
-0.498030
-0.289940
-0.139160
-0.347466
-0.416035
-0.431553
-0.451475
-0.473489
-0.107618
-0.004186
-0.470241
0.401383
0.144356
-0.325885
-0.332236
-0.266915
-0.123930
0.052690
-0.021076
-0.061496
-0.072828
-0.149192
-0.153667
0.090872
-0.462734
0.395825
-0.325524
-0.590201
-0.604059
-0.576343
-0.535057
-0.522354
-0.520910
-0.529860
-0.548626
-0.567681
-0.526684
-0.507701
-0.614381
0.185549
-0.193245
-0.362320
-0.301232
-0.282713
-0.299428
-0.349994
-0.363402
-0.357149
-0.346627
-0.305080
-0.247238
-0.087063
-0.030364
-0.323117
-0.366408
-0.361839
-0.357269
-0.358111
-0.361057
-0.364424
-0.363282
-0.330814
-0.237979
-0.150195
-0.221444
-0.220482
-0.316564
-0.364244
-0.364244
-0.364244
-0.364244
-0.364244
-0.364244
-0.364244
-0.363041
-0.358351
-0.291130
0.679605
0.537226
-0.040645
-0.317225
-0.364244
-0.364244
-0.359193
-0.336826
-0.357029
-0.364244
-0.364244
-0.364244
-0.359193
-0.249824
1.233185
0.717604
-0.174065
-0.331956
-0.364244
-0.359614
-0.301773
0.023930
-0.115923
-0.325763
-0.364244
-0.364244
-0.358472
-0.106964
0.234492
-0.199919
-0.364003
-0.342117
-0.364244
-0.348010
-0.034212
1.264090
1.320007
0.029462
-0.358832
-0.364244
-0.357029
-0.324200
-0.109189
-0.268042
-0.242067
-0.301292
-0.364244
-0.339652
0.220422
2.315995
2.403479
0.378493
-0.320291
-0.364244
-0.364244
-0.344342
-0.114420
-0.108107
0.648700
-0.067461
-0.364244
-0.342358
-0.001563
1.234568
1.723874
0.155065
-0.355285
-0.364244
-0.364244
-0.349813
-0.079487
0.500850
1.239979
0.058623
-0.364244
-0.356427
-0.285719
0.275137
0.516002
-0.173043
-0.364364
-0.361297
-0.344041
-0.328168
-0.293235
0.545884
0.799255
0.009680
-0.364244
-0.364244
-0.342839
-0.198416
-0.285960
-0.366709
-0.364244
-0.333519
-0.060667
0.096142
-0.223549
-0.271108
-0.294016
-0.356548
-0.364244
-0.364244
-0.360035
-0.356247
-0.364664
-0.364244
-0.364244
-0.286681
0.961295
1.824585
0.260406
-0.341516
-0.313858
-0.348791
-0.364244
-0.364244
-0.364244
-0.364244
-0.364244
-0.364244
-0.364244
-0.277061
1.347906
1.733675
0.612564
-0.194929
-0.302855
-0.347709
-0.325402
-0.354022
-0.363823
-0.361959
-0.363642
-0.364244
-0.364244
-0.304118
-0.189277
-0.162641
-0.305801
-0.345965
-0.143341
-0.246517
-0.104619
-0.283494
-0.363763
-0.348972
-0.359494
-0.364244
-0.364244
-0.364244
-0.361237
-0.358532
-0.362620
-0.291130
-0.167271
0.049063
-0.053561
-0.053561
-0.053561
-0.053561
-0.053561
-0.053561
-0.053561
-0.053561
-0.053561
-0.053561
-0.053561
-0.053561
-0.053561
-0.053561
-0.053561
-0.053561
-0.053561
-0.053561
-0.053561
-0.013640
0.214508
0.290957
0.069396
-0.053561
-0.053561
-0.053561
-0.053561
-0.053561
-0.051897
-0.043846
-0.047705
-0.038590
0.033866
-0.004059
0.301469
0.335136
0.009847
-0.053561
-0.053561
-0.053561
-0.043580
0.004724
-0.053694
-0.038790
-0.031138
0.133336
0.577323
0.321762
0.017432
-0.078112
-0.094746
-0.053561
-0.053561
-0.053561
-0.054359
0.035064
-0.051764
-0.053627
-0.012442
0.521167
1.496368
0.560290
-0.035197
-0.053694
-0.057952
-0.053561
-0.053561
-0.053561
-0.042782
-0.053960
-0.051897
-0.043846
-0.029741
0.411717
1.102282
0.036261
-0.066734
-0.053561
-0.053561
-0.053561
-0.053561
-0.048570
-0.017765
0.002861
-0.053694
-0.038790
-0.002595
0.079376
-0.117833
-0.218234
-0.053561
-0.053561
-0.053561
-0.053561
-0.033600
0.092550
0.241987
0.157155
-0.050101
-0.043913
-0.049901
-0.053561
-0.053561
-0.053561
-0.053561
-0.053561
-0.053561
-0.053561
0.051298
0.864819
1.324642
0.579119
-0.053694
-0.038790
-0.051099
-0.053561
-0.053561
-0.053561
-0.053561
-0.053561
-0.053561
0.014638
0.397679
1.410471
1.400691
0.401538
-0.050101
-0.043913
-0.049901
-0.053561
-0.053561
-0.053561
-0.053561
-0.053561
-0.053561
-0.047373
0.758430
0.717911
0.183503
-0.099802
-0.052030
-0.029076
-0.045244
-0.053561
-0.053561
-0.053561
-0.053561
-0.053561
-0.053561
0.019162
0.088092
0.133535
-0.058817
-0.084632
-0.048570
-0.019428
-0.041584
-0.053561
-0.053561
-0.053561
-0.053561
-0.053561
-0.053561
-0.040985
-0.025283
-0.069995
-0.085364
-0.034132
-0.052030
-0.024086
-0.050833
-0.053561
-0.053561
-0.053561
-0.053561
-0.053561
-0.053561
-0.053561
-0.053561
-0.053561
-0.028876
0.121692
-0.049968
-0.053694
-0.057952
-0.053561
-0.053561
-0.053561
-0.053561
-0.053561
-0.053561
-0.053561
-0.053561
-0.053561
-0.051964
0.167867
1.276639
0.658438
1.044395
1.405292
1.466529
1.563592
1.587946
1.578063
1.650242
1.539767
1.546297
1.044042
0.570905
1.151870
1.257403
0.517785
0.740677
1.183282
1.430528
1.298346
1.245403
1.716069
1.576298
1.332759
1.416409
0.786031
1.000099
0.690027
1.057454
0.618554
0.630025
1.127339
0.847622
0.605671
0.758854
0.532433
0.640437
0.725676
0.926155
0.388604
0.844622
0.652261
1.051101
0.565434
0.605671
0.542845
0.435547
0.700087
0.252363
0.257481
0.250422
0.210008
0.153888
0.549375
0.123711
0.149124
1.051101
0.516903
0.291012
0.290835
0.861564
0.332660
0.599318
0.401134
0.415428
0.416487
0.524491
0.478254
0.718970
-0.337072
1.050042
0.444547
0.108181
0.624378
0.720735
0.485490
0.255187
0.375897
0.447900
0.207538
0.420193
0.372368
0.932508
-0.486372
1.007511
0.068120
0.035472
0.777560
0.328954
0.423723
0.201184
0.393192
0.325072
0.301071
0.312189
0.331072
1.001511
-0.524315
1.072278
0.283600
-0.139064
1.094161
0.336719
0.408546
0.196420
0.373780
0.313777
0.366544
0.270011
0.387721
0.935155
-0.456371
1.074396
0.372015
-0.055590
0.870211
0.567023
0.772266
0.160065
0.620495
0.569140
0.231009
0.599142
0.328954
0.864740
-0.363720
1.073866
0.555552
0.216185
0.463254
0.905154
0.366368
0.933743
0.214420
0.485490
0.544786
0.589435
0.315189
0.705381
-0.238245
1.053924
0.640790
0.548669
0.700969
0.497314
0.907624
0.310601
0.438194
-0.074650
0.433782
0.493961
0.615730
0.264893
0.355779
1.140928
0.600200
0.701675
1.153811
0.904801
1.023570
0.893506
0.973451
0.818503
1.008393
1.095573
0.673439
0.885565
0.546375
1.145516
0.422311
0.685616
0.952273
1.080043
1.047395
1.177106
1.322523
1.169341
1.317935
1.006275
0.573552
0.749677
0.505255
2.095672
0.498902
1.624830
1.875604
1.986432
2.017139
1.961019
2.054729
2.006727
1.996668
1.989785
1.573122
1.234637
0.876211
-2.108151
-1.127110
-1.848131
-2.149065
-2.133633
-2.019683
-1.744231
-1.607671
-1.502874
-1.580934
-1.772584
-1.977334
-1.468779
-1.844901
-1.047795
0.016150
-1.228319
-1.543250
-1.431633
-0.273298
0.408423
0.205826
0.326057
0.681901
0.048451
-0.980502
-1.204453
-1.251647
-1.617003
-0.415600
-1.423917
-1.697216
-0.508734
-1.208939
-0.596843
-0.064960
0.071780
-0.781315
-0.472126
-0.689079
-0.759781
-2.093257
-1.619694
-0.455976
-1.463216
-0.822588
-1.408305
1.573039
0.884139
-0.242254
-0.642063
-0.653010
0.604918
-1.155643
-0.064780
-1.281076
-1.595110
-0.299857
-0.917336
-0.507298
0.545341
1.601930
-0.008075
0.914824
0.158273
-0.146967
-1.657737
-0.996293
-1.112934
-0.310085
-1.526202
-0.082186
-0.126152
-0.357280
2.990316
0.696975
0.729815
0.098158
-0.286219
-0.733402
-0.278323
-1.417277
-0.789032
0.582667
-1.566578
0.199905
0.370021
0.790288
1.446887
1.359675
0.343104
0.011664
-0.544265
-0.736453
-0.025122
-0.085596
-0.219105
0.536908
-1.551325
0.101388
0.482714
-0.396400
2.140451
1.489775
0.417037
-0.113949
-0.501735
-0.540675
0.092775
-0.230769
0.458489
0.407526
-1.489415
-0.049527
-0.097440
-0.235255
2.211514
1.001318
1.033618
0.400887
-0.107309
0.456515
0.053655
-2.044447
-0.582666
0.248355
-1.537866
-0.216593
-0.799978
-0.668263
0.254995
1.838800
0.254277
1.058921
0.531524
0.162042
-2.546901
-1.135903
-1.582369
-0.979604
-1.546480
-0.356203
-1.282871
-1.037925
-2.059162
-0.500479
3.016157
-1.972130
-2.785566
-1.344781
-1.622386
-2.970218
-0.685848
-1.523870
-1.437735
-0.149839
-1.426968
-1.968182
-1.060535
-0.829048
-0.144096
-0.822408
-1.266182
-1.289870
-1.096605
-1.222756
-1.035413
-1.706009
-0.667725
0.578719
-0.658034
-1.096784
-0.860451
-0.182498
0.492764
0.510888
0.834611
0.526320
0.041632
-0.479843
-0.456335
-1.054255
-1.117959
-0.254277
-0.784724
-0.911594
-0.865835
-0.670954
-0.317981
-0.028711
0.117000
-0.211389
-0.602944
-0.882523
-0.543726
-0.952867
0.614858
0.014741
0.580084
0.616191
0.620431
0.584971
0.524632
0.512839
0.500965
0.541151
0.541999
0.426733
-0.141679
0.477864
-0.072415
0.056583
0.540343
0.599995
0.575521
0.521482
0.220354
-0.191275
-0.051454
0.350522
0.496321
0.382630
-0.314416
-0.186590
0.799307
0.814291
0.927860
0.927860
0.819299
0.558881
0.119022
0.547007
0.573986
0.685536
0.905768
0.827780
0.501410
0.525642
0.846359
0.859646
0.927860
0.896843
0.695835
0.652620
0.510901
0.168012
0.445675
0.808516
0.777296
0.648501
0.494221
0.687192
0.859565
0.875034
0.927860
0.878184
0.820389
0.551369
0.571159
0.767280
0.854476
0.826811
0.616029
0.738807
0.358357
0.655528
0.868006
0.871964
0.927860
0.896116
0.880849
0.903628
0.927860
0.927860
0.861625
0.932707
0.639373
0.448583
0.352138
0.614818
0.860171
0.867925
0.927860
0.927860
0.927860
0.927860
0.927860
0.927860
0.885534
0.865179
0.832061
0.421079
0.533235
0.531417
0.879557
0.875599
0.927860
0.927860
0.927860
0.927860
0.927860
0.927860
0.927860
0.927860
0.907182
0.561829
0.570432
0.586506
0.858959
0.882142
0.927860
0.896843
0.854194
0.875761
0.916350
0.927860
0.927860
0.850317
0.511547
0.270798
0.489293
0.689251
0.875841
0.876003
0.927860
0.878184
0.834283
0.704801
0.765584
0.893329
0.927860
0.627903
0.195031
0.617321
0.306460
0.701449
0.840785
0.860252
0.927860
0.896116
0.749065
0.808919
0.605205
0.250038
0.290385
0.276007
0.521119
0.255935
0.436830
0.690261
0.803225
0.830688
0.927860
0.927860
0.853790
0.757102
0.429520
0.490626
0.538930
0.450198
0.558477
0.756254
0.593937
0.612637
0.353794
0.621522
0.927860
0.927860
0.927860
0.914290
0.659324
0.379440
0.317970
0.652337
0.875357
0.906011
0.369222
0.212317
0.882828
0.496523
0.927860
0.927860
0.927860
0.922570
0.888281
0.876811
0.903628
0.927860
0.927860
0.917279
0.306621
0.807869
-1.634608
-1.186931
-1.585113
-1.652058
-1.717100
-1.746924
-1.746607
-1.764374
-1.994400
-1.957278
-1.763740
-1.665067
-1.672047
-1.353184
-1.356357
-1.637464
-1.227542
-1.314159
-1.261808
-1.128870
-1.098094
-1.072077
-0.628207
-0.526679
-0.912487
-1.400458
-1.352867
-1.543550
-1.516581
-1.428378
-1.581623
-1.555606
-1.799909
-1.856067
-1.592093
-1.619379
-2.017244
-1.815138
-1.846232
-1.281797
-1.303372
-1.136801
-1.759615
-1.614937
-1.651424
-1.453126
-1.584161
-1.309083
-1.290046
-1.612399
-1.386815
-1.745020
-2.184766
-1.330340
-1.324312
-1.459154
-1.606053
-1.765009
-1.808158
-2.720011
-1.669509
-1.145051
-1.154252
-1.122207
-1.168212
-1.123158
-0.279838
-1.607957
-1.293219
-1.027976
-1.725984
-1.674902
-1.659990
-1.847501
-1.183124
-1.303372
-1.629849
-1.591776
-1.814504
-1.666653
-2.181910
-1.153617
-2.631174
-1.616524
-1.680613
-1.730426
-2.041674
0.402624
-0.550792
-1.377297
-1.532445
-1.734550
-1.746924
-1.998207
-1.692670
-1.238013
-0.483529
-1.256097
-1.692987
-1.738675
-2.718425
-3.795578
-2.150500
-1.230715
-1.533397
-1.655548
-1.795467
-1.667922
-1.688862
-1.790708
-1.661260
-0.969914
-1.720907
-1.828781
-1.694573
-2.271382
-1.408390
-1.738040
-1.356674
-1.348742
-1.405535
-1.447098
-2.122262
-0.760829
-0.678020
-1.315428
-1.655548
-1.736771
-1.802765
-2.174613
-1.663798
-1.107295
-1.886526
-1.870979
-1.671095
-1.889064
-1.712024
-2.974149
-2.261546
-1.288777
-1.665701
-1.694891
-1.863999
-1.679662
-2.265354
-2.406542
-2.065787
-1.510236
-1.345569
-1.319870
-1.664115
-0.716093
-1.149810
-1.388402
-1.629849
-1.624138
-1.597804
-1.734550
-1.455664
-1.237695
-0.787480
-1.000055
-1.841790
-2.185083
-1.515312
-1.704726
-1.614302
-1.217390
-1.431869
-1.447732
-1.516264
-1.591141
-1.611130
-1.640636
-2.244096
-1.934117
-1.289729
-1.491199
-1.886526
-1.692987
-1.590507
-1.574008
-1.762471
-1.530542
-1.678710
-1.780555
-1.873517
-1.905562
-1.640002
-1.650789
-1.633339
-1.631118
-1.802765
-1.833223
-1.750414
-1.497545
0.481459
0.486015
0.660401
0.876485
0.937927
1.019666
0.898024
0.792122
0.790604
0.848318
0.971893
0.836167
0.535307
0.555052
0.529923
0.930333
1.197779
1.524459
1.519903
1.436093
1.131367
0.662472
0.706517
0.899681
1.228294
1.348140
1.181763
0.820289
0.645489
0.905066
0.906584
1.167818
1.125291
0.841000
0.286224
-0.503275
-0.000414
0.560851
0.599787
1.055703
1.067991
0.828712
0.680560
0.929504
0.876761
0.991223
0.758847
-0.048049
-0.432443
-0.967613
-0.924810
-0.713697
-0.800545
0.237899
0.631130
0.658606
0.669238
0.910450
0.877175
0.876899
0.679869
-0.150499
0.041422
0.020159
0.054539
-0.055091
-0.329993
0.280149
0.917906
0.964851
0.652807
0.783700
0.684564
0.481735
-0.019330
-0.536688
0.159612
0.312872
0.386879
0.289400
-0.174109
-1.125844
-0.408005
0.558089
0.642175
0.733856
0.415598
-0.269104
-0.871928
-0.439071
0.335931
0.582528
0.692848
0.623536
0.523571
-0.001243
0.448322
0.631958
0.617322
0.713421
0.532684
0.419879
0.170105
0.067793
0.304312
0.707898
0.803582
0.667857
0.568997
0.610281
0.841000
0.500789
0.662334
0.823327
0.460748
-0.001381
-0.121642
-0.031343
0.544834
0.804687
0.942898
0.633339
-0.055229
-0.247012
0.189021
0.494162
0.682631
0.915421
0.677660
0.062133
-0.822636
-1.079451
0.100793
0.680698
0.882284
0.429268
-0.312044
-0.208766
0.264133
0.554914
0.674761
0.904513
0.854117
0.778177
0.143043
-0.565959
-0.660954
-1.040239
-0.642175
-0.068070
0.102726
0.240246
0.441280
0.614699
0.709279
0.886426
0.857154
0.966922
0.781077
0.478836
0.070417
-0.487948
0.004694
0.632787
0.793365
0.841000
0.863368
0.699614
0.681940
0.781491
0.773759
0.986667
0.949801
0.793089
0.677660
0.556571
0.637757
0.771135
0.751805
0.884769
0.855360
0.675589
0.867510
0.914731
0.993570
1.197503
1.278552
1.245691
1.099886
1.063987
1.053079
1.137442
1.179692
1.157186
0.890982
0.790742
-1.173168
-1.375896
-1.017488
-1.099177
-0.886185
-0.298532
0.323765
0.918688
1.037588
0.662500
-0.016253
-0.664639
-0.479874
-0.176211
-1.062395
-0.042342
0.709118
0.823313
1.785199
2.890791
2.457536
2.431447
1.839517
1.874160
1.889984
1.666300
0.546167
0.515800
-0.945207
-0.188186
0.294254
0.697998
1.369907
1.418237
1.236894
-0.988832
0.589364
1.684690
0.647958
0.708691
0.645392
-0.289550
-1.277953
-0.145416
0.444803
1.694956
1.092333
-0.350710
-2.823215
-4.311167
-4.297910
-3.383924
-1.931044
-0.347289
0.590647
-0.091099
-1.142375
0.041914
1.363492
1.141090
0.061588
-4.285078
-3.284698
-2.680794
-3.045616
-3.422416
-5.024564
-0.141140
0.588080
1.076508
-1.094044
0.452501
1.929333
0.578671
-2.153873
-3.734634
-2.696618
-4.255994
-5.131914
-4.634078
-3.675185
-4.065242
0.142849
2.505438
-1.082069
0.798506
2.221876
0.447368
-4.043858
-2.975904
-3.984836
-5.753356
-6.289685
-5.551483
-3.473312
-2.551202
-0.058595
2.874967
-1.100887
0.694149
1.977234
0.996958
-2.946820
-3.688015
-4.050273
-5.613071
-6.074127
-5.098554
-3.534900
-3.148691
1.732165
2.469084
-1.146223
0.272869
1.799314
1.101743
-3.202153
-4.412958
-2.852300
-3.719666
-4.294487
-3.544738
-2.881810
-4.625951
1.407117
2.557189
-1.191559
-0.161669
0.943067
0.451646
0.118471
-4.058399
-4.553670
-3.433537
-4.210233
-3.821457
-5.299998
-0.748039
0.749321
1.351089
-1.190276
-0.419569
0.101791
0.329752
-0.274153
-0.201017
-1.950717
-3.752598
-3.210279
-3.674329
-0.857957
0.068003
1.148361
0.298103
-0.892172
-0.195030
0.045335
0.028227
1.108585
1.506342
1.090622
1.440477
1.609416
0.698853
0.552582
1.513186
0.709547
-0.223685
-0.811766
-0.469610
0.229672
-0.080835
0.297248
1.615832
1.860901
2.364726
2.110248
1.794609
1.184288
1.161620
-0.075703
-0.154826
-0.130020
0.107779
0.357980
-0.151405
0.223257
0.621013
1.352372
1.815138
1.924201
1.440905
0.852396
0.341300
0.899870
1.166324
-0.897049
-0.830554
-1.074520
-1.044171
-1.017718
-0.982206
-0.955572
-0.843599
-0.775473
-0.810442
-0.952129
-0.991356
-1.126701
-1.149168
-0.383751
-0.485849
-0.765780
-0.784261
-0.857551
-0.594832
-0.393444
0.013861
0.092133
-0.226029
-0.434754
-0.608239
-1.275545
-1.175078
-0.176656
-0.376594
-0.696024
-0.802923
-0.697564
0.671383
1.087475
0.868059
0.474162
-0.119582
0.211262
-0.052544
-1.121447
-1.143914
-0.105722
-0.522992
-0.829920
-1.021433
0.075464
1.280981
0.272956
0.602623
0.774930
-0.309283
-0.082711
0.998241
-0.820498
-1.224089
-0.144858
-0.717494
-0.942617
-1.077419
0.049373
0.588762
0.173485
-0.470357
-0.471173
-0.672379
-0.732714
1.143824
-0.450608
-1.191385
-0.417360
-0.830735
-1.054952
-0.775564
-0.025909
-0.246865
-0.759348
-1.030492
-1.131956
-1.151705
-1.112207
0.220774
0.407577
-1.152158
-0.564302
-1.057217
-1.108855
-0.951314
0.494002
-0.160530
-0.778282
-0.924770
-1.204883
-1.163844
-1.154695
-0.181819
0.208635
-1.116012
-0.566386
-1.104869
-1.150527
-0.770038
0.487570
0.006251
-0.646107
-0.744400
-1.142102
-1.155782
-1.154695
-0.205827
-0.064864
-0.999237
-0.342259
-1.137844
-1.153064
-1.015001
0.937000
0.244419
-0.415096
-0.613131
-1.118186
-1.091642
-0.945154
0.112244
-0.459577
-1.087203
-0.137248
-0.881739
-1.180695
-1.140743
0.048195
0.575083
0.189067
-0.087603
-0.631975
-0.666490
-0.157722
-0.038864
-0.861174
-1.070624
-0.072384
-0.454413
-1.141196
-1.141287
-0.895146
-0.504330
1.596244
1.847095
-0.052181
-0.393082
-0.302580
0.018300
-0.856463
-1.084395
-0.039770
-0.146760
-0.739871
-1.118005
-1.070443
-1.078778
1.371393
2.078378
0.970792
-0.000815
-0.251576
-0.198670
-1.013098
-1.143461
-0.052181
-0.041944
-0.447347
-0.649640
-0.948596
-0.980122
-0.250760
0.728637
0.837982
0.235813
-0.194231
-0.319430
-1.007119
-1.189573
-0.567563
-0.243423
-0.523898
-0.597821
-0.699285
-0.813522
-0.868422
-0.738965
-0.517647
-0.478601
-0.576441
-0.702909
-0.946694
-1.091733
1.085326
0.061915
0.344697
0.328042
0.279704
0.263049
0.268118
0.272644
0.220143
0.235169
0.342344
0.283144
0.311205
0.963668
0.215979
-0.131615
-0.034397
-0.024259
-0.084726
-0.137046
-0.122925
-0.207832
-0.081286
0.007242
-0.282420
0.058656
-0.070243
0.345602
0.478666
-0.054493
0.074950
0.072777
-0.082916
-0.139037
-0.357732
0.440105
-0.084183
-0.153340
0.296541
-0.166193
0.073140
0.480114
0.467079
-0.102830
0.094864
-0.025889
-0.477036
0.099933
0.320800
-0.319714
-0.075855
-0.038018
-0.108623
0.242954
-0.225755
0.522296
0.426346
-0.084183
0.081467
-0.312834
0.158409
-0.037656
-0.253454
-0.075493
-0.039466
-0.279523
0.142296
-0.219600
-0.157503
0.353930
0.420914
0.001991
-0.089433
-0.114416
0.115141
-0.059019
-0.251281
-0.109890
-0.098123
0.004707
-0.477579
-0.096131
0.630557
0.042182
0.439199
-0.045984
-0.037475
0.207470
-0.126546
-0.289661
-0.015931
-0.126546
-0.127994
-0.014121
-0.282782
-0.268118
0.151710
0.135960
0.436303
0.012130
-0.053225
0.083459
-0.111701
-0.129442
-0.112968
-0.107718
-0.099390
-0.074226
-0.438837
-0.232815
0.047613
0.158771
0.420914
0.029871
0.066622
-0.103735
-0.172168
-0.194073
-0.336188
0.028423
-0.128718
-0.184659
-0.423087
0.078390
0.678894
-0.011043
0.439199
-0.039829
0.103373
-0.339447
0.393940
0.010138
0.080381
-0.727775
-0.342706
-0.647031
0.121658
-0.083097
-0.251100
0.451329
0.422363
-0.098847
0.180857
0.095950
-0.301067
0.108985
-0.395569
0.094140
-0.425802
0.514330
-0.369499
0.372758
-0.223764
0.521210
0.479028
-0.088347
0.057389
0.131615
-0.010319
-0.105907
-0.102106
0.287670
0.467803
-0.229919
0.223401
-0.176150
0.058475
0.423811
0.336370
-0.057208
0.030958
0.059562
0.170176
0.042906
0.096856
-0.144288
-0.296179
0.076941
-0.110071
0.114597
0.042182
0.447708
1.046583
0.206746
0.399371
0.412587
0.396112
0.463820
0.403897
0.419285
0.490795
0.360991
0.441734
0.449699
0.392853
0.766155
-0.022140
-0.022140
-0.022140
-0.022140
0.005704
0.017306
0.035482
0.000290
-0.022140
-0.022140
-0.022140
-0.022140
0.009185
0.006574
-0.022140
-0.022140
-0.022140
0.012665
0.099873
-0.034226
-0.030068
0.128878
0.126364
0.179732
-0.022140
-0.022140
0.070965
-0.151211
-0.022140
-0.022140
0.026588
0.250891
0.162136
0.283473
0.234745
0.374257
-0.467942
0.166003
-0.022140
-0.022140
0.014792
-0.012182
-0.022140
-0.022140
0.145120
0.250987
-0.053272
-0.028908
0.132841
0.329880
-0.186694
0.326013
0.177702
0.151695
0.000000
-0.049501
-0.022140
-0.001257
0.201776
0.353567
0.447156
-0.149664
0.119983
0.107317
0.185243
0.306096
-0.103933
0.348830
0.150534
-0.018080
-0.018660
0.075606
0.561918
0.341385
0.436134
0.266940
0.076862
-0.008798
0.229234
0.296815
0.076379
-0.015179
0.273901
-0.022140
-0.012182
0.076089
0.924960
-1.097151
-0.024267
0.089915
-0.022140
-0.022140
0.025814
0.425209
0.436134
-0.227203
0.361688
-0.022140
-0.019917
0.012569
0.372517
0.317311
0.527789
0.172385
-0.022140
-0.022140
0.046988
0.342449
0.491533
-0.212604
0.200519
-0.022140
-0.022140
0.007735
0.207674
0.122593
-0.061587
0.249537
-0.022140
-0.022140
0.212024
0.131778
-0.186694
0.098713
0.105094
-0.022140
-0.022140
-0.015469
0.256885
0.327173
-0.384022
0.159816
-0.015179
-0.015759
0.206127
-0.183213
0.131875
0.081890
0.004157
-0.009378
-0.022140
-0.022140
0.184953
-0.022624
0.113118
0.455664
0.461465
0.473260
0.312767
0.014406
0.033549
-0.022140
0.035096
-0.064971
-0.022140
-0.022140
0.015663
0.149664
0.009765
0.467846
-0.404615
-0.654636
0.069515
-0.022140
-0.022140
-0.022140
0.043507
-0.081116
-0.022140
-0.022140
-0.022140
0.004544
0.033355
0.225560
0.207964
0.288017
0.138739
-0.022140
-0.022140
-0.022140
0.008895
-0.041380
-0.022140
-0.022140
-0.022140
-0.022140
-0.022140
-0.013245
-0.014019
-0.009765
-0.022140
-0.022140
-0.022140
-0.022140
-0.017693
-0.018080
0.136760
-0.911142
-0.898202
-0.688504
-0.674093
-0.472629
-0.538215
-0.471159
-0.550862
-0.574096
-0.537039
-0.655858
-0.517333
0.384986
-0.907907
-0.570272
-0.317341
0.022352
0.165288
0.198522
-0.155877
-0.404691
-0.779971
-0.530863
-0.354104
-0.262049
-0.315870
-0.308518
-1.032902
-0.775265
-0.534686
0.065292
-0.307636
-0.411749
-0.612918
-0.110584
-0.595566
-0.975257
-0.372339
-0.188228
-0.239991
-0.539686
-1.038491
-0.903201
-0.429690
0.152053
-0.499687
-0.517922
0.414396
0.033528
-0.512039
-1.443770
-1.712877
-0.959964
-0.498511
-0.381456
-1.049372
-0.808499
-0.289401
-0.286460
-0.441454
0.112937
0.590566
0.899378
1.124076
0.851145
0.229991
-0.936435
-0.830262
-0.403808
-1.121134
-0.654681
-0.292342
-0.735854
-0.651741
0.696150
1.908458
1.614940
1.277011
1.258188
0.836439
-0.679386
-0.580567
-0.187640
-1.112605
-0.527333
-0.434689
-1.379359
-1.042902
1.053196
1.908458
1.235248
1.075548
1.145251
1.074078
-0.896143
-1.224954
-0.297342
-1.112016
-0.614977
-0.466453
-1.420241
-1.274364
0.506452
1.654350
1.248777
0.940259
1.152604
0.496158
-1.737287
-1.389360
-0.280578
-1.100253
-0.692033
-0.235873
-0.466747
-1.334950
0.201463
1.404359
1.193779
0.812911
1.241424
0.452042
-0.793205
-1.051431
-0.184111
-1.035549
-0.818498
-0.330870
-0.152641
-0.317047
-0.043822
0.677916
0.209110
-0.522922
0.108525
-0.064703
-0.632917
-0.629388
-0.340869
-1.028785
-0.828792
-0.522333
-0.122937
-0.308224
-0.438513
-0.971729
-1.366125
-1.553765
-0.522039
-0.537921
0.140877
-0.088820
-0.272048
-1.030256
-0.965258
-0.751442
-0.462336
-0.187052
-0.215580
-0.286754
-1.044961
-1.444357
-0.297342
-0.095879
-0.149994
-0.426749
-0.633211
-0.896731
-0.959376
-0.866439
-0.739384
-0.626741
-0.559979
-0.963493
-0.940847
-1.216719
-0.909084
-0.770559
-0.575861
-0.809970
-0.689974
-0.298224
-1.303186
-1.134075
-0.987610
-0.980257
-0.772030
-0.622918
-0.665563
-0.534980
-0.661740
-0.759383
-0.981434
-1.102018
-0.033234
1.569468
-0.310218
-0.633745
-0.503193
-0.457247
-0.536782
-0.535197
-0.478477
-0.525691
-0.512383
-0.518720
-0.393239
0.384999
2.680105
-1.010190
-2.871813
-2.666481
-2.481742
-2.661726
-2.937723
-2.926314
-2.531175
-2.780237
-2.843928
-2.773582
-2.638278
-2.417101
-0.289621
-1.201263
-2.558110
-2.170891
-2.340419
-2.544800
-2.431361
-1.981403
-1.096378
-1.741847
-2.095477
-2.305245
-2.584410
-2.771048
-1.000366
-1.182250
-2.417101
-2.234583
-2.478574
-2.486496
-2.622118
-1.583728
-1.070395
-1.335299
-1.212037
-2.087554
-3.249524
-3.337298
-1.335933
-1.156267
-2.423755
-2.534977
-2.684858
-2.892411
-2.791644
-1.452542
-0.897699
-0.822600
-0.780773
-1.155633
-2.920294
-3.175060
-1.727587
-1.194292
-2.585360
-2.533076
-2.266903
-2.854385
-2.082484
-0.513649
-0.029152
0.016160
-0.364721
-0.692050
-1.941476
-2.204480
-1.684810
-1.194292
-2.566349
-2.316337
-1.769414
-1.845464
-1.277312
-0.038975
0.124214
0.170794
-0.021865
-0.719617
-2.752036
-3.268537
-1.964924
-1.197777
-2.585678
-2.516599
-2.309365
-2.374323
-1.629039
-0.103301
0.138473
0.164139
-0.013309
-0.683811
-2.797348
-3.537879
-1.895530
-1.178765
-2.534345
-2.568567
-2.432945
-2.971627
-2.282430
-0.526642
-0.150198
-0.147346
-0.429996
-0.795983
-2.654439
-2.974164
-1.679106
-1.178765
-2.480793
-2.444668
-2.613245
-3.166503
-2.808756
-1.495003
-0.933189
-1.076415
-1.133135
-2.180398
-4.290451
-2.935188
-1.448106
-1.175279
-2.457978
-2.259615
-2.456711
-3.036270
-3.575586
-2.306196
-1.600838
-2.298275
-2.221591
-3.416516
-3.245406
-2.392386
-1.313753
-1.232950
-2.560646
-2.177229
-2.187370
-2.595184
-2.931386
-2.669015
-2.657290
-3.073977
-2.495052
-2.985571
-2.570151
-2.421221
-1.322942
-1.291255
-2.845829
-2.478258
-2.343587
-2.520085
-2.549871
-2.585678
-2.505191
-2.570150
-2.499171
-2.592965
-2.556209
-2.699751
-1.207600
0.095061
-2.270072
-2.393019
-2.359114
-2.382246
-2.381612
-2.423122
-2.454809
-2.431994
-2.299859
-2.312850
-2.405060
-2.083435
0.851435
-0.484446
0.543332
0.854658
0.524186
0.388071
0.055347
-0.003540
-0.097340
-0.248256
-0.199828
-0.062426
0.198702
0.473827
-0.326771
-0.628283
-0.320014
0.221548
-0.199345
-0.421215
-0.877344
-1.289066
-0.798828
-0.877826
-1.300972
-1.441270
-0.555882
-0.280595
-0.554273
-0.589669
-0.431351
0.073206
-0.280917
-0.770511
-0.851440
-0.405769
-0.300868
0.026065
-0.110855
-0.516624
-1.142494
-0.790301
-0.610585
-0.620882
-0.398851
0.115520
-0.422502
-0.627800
-0.054381
0.052933
-0.803977
-0.198862
0.095248
-0.234098
-0.297489
-1.034857
-0.764719
-0.642120
-0.368121
0.008206
-0.593852
-0.431351
-0.779200
-0.703902
-0.901638
-0.765685
-0.627639
0.113107
-0.404000
-0.321784
-0.894237
-0.637293
-0.266115
0.064679
-0.553146
-0.619273
-1.183682
-0.945884
-0.897455
-0.949584
-0.864633
-0.996726
-0.052290
-0.301511
-0.840178
-0.621204
-0.191622
0.212538
0.329024
-0.441648
-1.246752
-0.976131
-1.077332
-0.822962
-0.905982
-1.345700
-0.981602
-0.642281
-0.829881
-0.626031
-0.200793
0.280113
0.719348
-0.189531
-0.793036
-1.135254
-1.376109
-1.322532
-1.244982
-1.202989
-0.213343
0.452267
-0.460473
-0.626191
-0.148021
0.298937
0.273999
0.489594
-0.462886
-1.158261
-1.196714
-1.185452
-1.163410
-0.760375
0.078354
0.047624
-0.387910
-0.620882
-0.275930
0.250670
-0.001287
0.577280
0.784831
-0.660944
-1.076045
-1.146838
-1.019411
-0.175533
-0.522416
-0.022686
-0.365225
-0.728358
-0.460794
0.100718
-0.284618
-0.025421
1.011528
0.845004
0.353801
0.125335
0.408183
0.166362
0.305856
-0.494743
-0.424433
-0.618147
-0.563122
-0.006275
-0.321623
-0.564570
0.014963
0.469805
1.008631
1.029387
0.612998
0.273355
-0.304729
-0.525634
-0.552342
-1.255762
-1.255762
-0.714521
-0.839373
-0.891181
-0.916440
-0.834707
-0.741068
-0.868977
-0.805747
-0.873643
-0.880401
-0.890537
-0.977097
-1.516407
-1.600392
-1.256244
-1.473448
-1.440465
-1.438213
-1.571271
-1.608115
-1.589612
-1.474092
-1.453820
-1.343126
-1.293088
-1.837869
-0.765625
-1.250005
-1.698940
-1.730261
-1.725234
-1.745341
-1.826802
-1.834149
-1.802956
-1.762097
-1.745341
-1.572237
-0.936408
-0.780963
-1.268952
-1.171123
-1.622377
-1.809401
-1.786716
-1.742377
-2.097477
-2.395092
-2.562523
-2.421515
-2.156381
-1.681668
-1.216364
-0.852112
-1.841367
-1.655760
-2.031355
-2.138336
-2.412105
-2.455413
-2.302160
-3.056828
-3.587997
-3.461424
-2.803425
-2.602480
-1.454429
-1.228351
-1.810948
-1.872688
-2.048627
-1.800765
-1.949379
-2.158186
-3.377386
-3.398524
-2.765659
-2.256016
-1.177181
-0.449450
-1.201283
-1.527254
-1.764160
-1.719305
-2.005705
-1.981473
-2.402567
-2.404372
-1.799992
-1.214818
-1.191617
-1.008717
-0.661350
-0.501265
-0.762403
-1.860701
-1.721754
-1.722399
-2.351139
-3.553067
-3.462584
-2.210774
-1.041327
-0.805582
-0.606184
-0.377399
-1.596728
-2.517540
-2.309506
-1.804890
-1.753075
-1.815717
-2.934509
-3.656826
-3.448535
-1.714407
-1.016837
-0.658128
-0.475616
-0.366443
-1.105774
-3.185206
-3.341038
-2.261687
-1.779756
-1.795609
-2.875218
-3.660693
-3.539791
-2.288110
-1.274881
-0.791403
-0.518923
-0.542124
-1.475052
-3.154530
-3.251844
-2.051076
-1.784525
-1.744697
-2.551825
-3.580135
-3.613260
-3.020996
-1.711829
-1.340746
-1.142637
-1.289704
-1.774213
-3.112381
-3.057731
-2.148906
-1.833117
-1.797027
-2.260785
-2.936442
-3.230448
-1.962784
-1.428522
-1.939454
-1.719949
-1.193421
-0.578859
0.492630
-0.145391
-1.607425
-1.808886
-1.806437
-2.113589
-2.066156
-1.360982
-0.302512
-2.398443
-3.460135
-3.660822
-3.089310
0.011729
0.708783
-0.973787
-1.590283
-1.752559
-1.750884
-2.014083
-2.046307
-1.644160
-1.601110
-1.618253
-3.330211
-3.537987
-2.869160
-1.856705
-1.570047
-1.573140
-1.626888
-1.555611
-1.480079
-1.830153
-1.865599
-1.778209
-1.598919
-1.835051
-1.933525
-1.964975
-1.986887
-1.826415
-1.709766
-1.437931
-1.403517
-1.694299
-2.834230
-3.048579
-3.044068
-2.973177
-2.955132
-2.843253
-2.757797
-2.712813
-2.799429
-2.877409
-2.788215
-2.221859
-1.389467
-2.558648
-1.991036
-1.523151
-1.564668
-1.478560
-1.473288
-1.638914
-1.244178
-1.298874
-1.531938
-1.564668
-1.408267
-1.747429
-2.660573
-0.036464
-1.132369
-1.296897
-1.415516
-1.648799
-2.027500
-2.364904
-1.118091
-1.544459
-2.165450
-2.270888
-1.792679
-1.108426
-0.243168
-0.747298
-0.952464
-0.972234
-1.431771
-2.145460
-2.423335
-2.013661
-1.631885
-1.166856
-1.363456
-2.001800
-2.132280
-1.371364
-0.900404
-0.550039
-0.610447
-0.892496
-1.766979
-1.869781
-1.361478
-0.581890
-1.393110
-0.472278
-0.248880
-1.293603
-1.290527
-1.328749
-1.015947
-0.554433
-0.488753
-1.087777
-1.529961
-0.941041
-0.711712
0.212635
-0.169361
-0.721157
0.063044
-0.354977
-0.717863
-0.840655
-0.886784
-0.523021
-0.550039
-1.556980
-0.798479
-0.588261
-0.203629
0.403743
-0.545426
-0.940163
-0.207802
0.704683
-0.703145
-0.698971
-0.582770
-0.510719
-0.427466
-0.797161
-0.103681
-0.216150
-0.063483
-0.321588
-0.858228
-0.846805
-0.901282
-0.240752
-0.387487
-0.222081
-0.279193
-0.519506
-0.313680
0.658992
0.245804
-0.028556
-0.596827
-0.682057
-0.476452
-0.421096
-0.527414
-0.923469
-0.552016
0.167603
-0.390343
-0.499736
-0.401546
0.598585
0.319831
0.626482
-0.150031
-1.363675
-0.444600
-0.405500
-1.132369
-1.269879
0.525876
0.357393
-0.335208
-0.523679
-0.496222
-0.002416
0.893594
0.965424
1.059660
-1.491520
-0.717423
-0.164968
-1.223969
0.311923
1.009137
0.406818
-0.198796
-0.532246
-0.475793
-0.476232
0.693041
0.907213
0.961690
-0.322467
-0.258984
-0.690624
-0.128064
1.327870
0.316097
0.234162
-0.295229
-0.381557
-0.355856
-0.434496
-0.257446
0.706220
0.567173
1.293602
0.193304
-0.603637
0.823521
0.728187
0.824400
-0.162771
-0.213294
-0.931596
-0.042835
-0.105659
-0.143441
-0.101485
0.660311
1.341709
-0.381776
0.175072
0.581890
0.544548
0.276997
0.141903
-0.813416
0.881293
0.706879
-0.110930
-0.147395
-0.241191
-0.383534
-0.276118
-0.657016
-0.716984
-0.468544
-0.467226
-0.195281
0.511159
0.734996
-1.398678
-1.705270
-2.668612
-2.668612
-2.585062
-2.544020
-2.573336
-2.668612
-2.668612
-2.598987
-2.536936
-2.519835
-1.773754
-1.411707
-1.577666
-2.008279
-2.668612
-2.668612
-2.604117
-2.557050
-2.595404
-2.660143
-2.498581
-2.350538
-2.370244
-2.537587
-1.980347
-1.644440
-2.583515
-2.618531
-2.668612
-2.668612
-2.668612
-2.654687
-2.647846
-2.652732
-2.417964
-2.253063
-2.320489
-2.620974
-2.668612
-2.668612
-2.668612
-2.668612
-2.668612
-2.668612
-2.668612
-2.657862
-2.651592
-2.658595
-2.475129
-2.330017
-2.437263
-2.496871
-2.471953
-2.541577
-2.668612
-2.668612
-2.668612
-2.668612
-2.668612
-2.668612
-2.668612
-2.668612
-2.668612
-2.668612
-2.668612
-2.440846
-2.330913
-2.413485
-2.668612
-2.668612
-2.668612
-2.668612
-2.668612
-2.668612
-2.668612
-2.668612
-2.668612
-2.668612
-2.668612
-2.479526
-2.371792
-2.486611
-2.668612
-2.668612
-2.668612
-2.668612
-2.668612
-2.668612
-2.668612
-2.668612
-2.668612
-2.668612
-2.668612
-2.647114
-2.634573
-2.648579
-2.668612
-2.668612
-2.668612
-2.668612
-2.668612
-2.668612
-2.668612
-2.668612
-2.668612
-2.668612
-2.668612
-2.470243
-2.393290
-2.490764
-2.668612
-2.668612
-2.668612
-2.668612
-2.668612
-2.668612
-2.668612
-2.668612
-2.668612
-2.668612
-2.668612
-2.376189
-2.232543
-2.335147
-2.668612
-2.668612
-2.668612
-2.668612
-2.668612
-2.668612
-2.668612
-2.668612
-2.668612
-2.668612
-2.668612
-2.442882
-2.311206
-2.458272
-2.668612
-2.668612
-2.668612
-2.668612
-2.668612
-2.668612
-2.668612
-2.668612
-2.668612
-2.668612
-2.668612
-2.668612
-2.668612
-2.668612
-2.668612
-2.668612
-2.668612
-2.668612
-2.668612
-2.668612
-2.668612
-2.668612
-2.668612
-2.668612
-2.668612
-2.668612
-2.668612
-2.668612
-2.104857
-2.304447
-2.668612
-2.668612
-2.668612
-2.668612
-2.668612
-2.668612
-2.668612
-2.668612
-2.668612
-2.668612
-2.319105
-2.183521
-1.775708
-1.985803
-2.668612
-2.668612
-2.668612
-2.668612
-2.668612
-2.668612
-2.668612
-2.668612
-2.668612
-2.668612
-2.153391
-1.900300
-0.861599
-0.244911
0.421528
0.393712
0.330619
0.279963
0.256218
0.432156
0.566032
0.504069
0.409090
0.243554
0.171867
-0.113071
-0.925597
-0.983263
-0.796244
-0.772951
-0.604250
-0.259384
-0.085029
-0.450248
-0.685661
-1.102666
-0.766846
-0.461102
-0.070104
-0.942105
0.028720
-0.296924
0.153098
-0.130936
-0.281094
-0.184305
0.130710
-0.201040
0.693802
0.220036
0.160560
-0.591134
0.159204
-0.422884
-0.214608
-0.449795
-0.027363
0.016282
-1.540249
-1.879913
-0.232247
-0.619627
-0.237448
-0.025554
0.263455
0.361826
-0.541156
-0.704204
-0.192672
-0.522839
-0.035957
0.400044
1.014018
-1.312072
-1.667567
-0.888284
-0.281772
0.007915
-0.025554
0.330845
0.388285
-0.895294
-0.145861
-0.222297
0.448891
-0.860016
-0.895972
-0.243102
-0.238579
-0.378561
-0.067616
0.105156
-0.024649
0.064676
0.778605
-0.431930
-0.280189
-0.460198
0.948211
1.156487
0.505878
-0.290818
-0.198100
-0.313884
-0.229307
-0.036861
0.027363
-0.688827
-0.103120
-0.605381
-0.230890
-0.539573
0.252600
0.050882
-0.079828
-0.025554
0.149706
-0.104025
-0.305065
-0.188376
0.349615
0.313206
-0.129353
-0.883535
-0.235413
-0.738126
0.005201
0.130257
-0.025554
-0.025554
0.102894
0.170058
-0.034373
-0.057666
-0.550202
1.271367
1.577110
0.296019
-0.187245
-0.642694
-0.289009
0.208276
0.208729
-0.040027
-0.068973
0.185210
0.588194
-0.096789
-1.765938
-1.924011
-0.815466
-0.397783
-0.181818
-0.510401
-0.460876
-0.512210
0.139077
0.238127
0.097467
-1.061734
0.221619
1.020350
-0.865669
-0.841925
-0.491858
-0.953412
-0.201944
-0.339664
-0.072818
-0.380822
-0.518090
-0.413839
-0.213478
0.012890
-0.065581
1.396423
0.367480
-0.606285
-0.153776
-0.649478
-0.138398
-0.687018
-0.057892
-0.042741
0.062189
0.291949
-0.002261
-0.475575
-0.605381
0.096562
0.527588
-0.124604
0.165762
-0.519673
0.362731
-0.462459
-0.489144
-0.270239
-0.361600
-0.376299
-0.146540
0.005880
0.054274
-0.157621
-0.283581
-0.298507
-0.016282
-1.125280
-1.319738
-1.485991
-1.286175
-1.227155
-1.292721
-1.353196
-1.476223
-1.521839
-1.471547
-1.392577
-1.290124
-1.290539
-1.112752
-1.077216
-1.849253
-1.627825
-1.492745
-1.447856
-1.507188
-1.726954
-1.898506
-1.917209
-1.827121
-1.894142
-1.709185
-1.533684
-1.436946
-1.441726
-1.583768
-1.562779
-1.467911
-1.555609
-1.787324
-1.799274
-1.644139
-1.543556
-1.632917
-1.838135
-1.879699
-1.855696
-1.674272
-1.661388
-1.431751
-1.571923
-1.609641
-1.700457
-1.923132
-1.689962
-0.722577
-0.654102
-0.824303
-0.367108
-1.483393
-2.020702
-1.718849
-1.677389
-1.461260
-1.687884
-1.866814
-1.920846
-1.971138
-1.761451
-1.179358
-1.302904
-1.432997
-1.309555
-1.331375
-1.420217
-1.782129
-1.838551
-1.464274
-1.688819
-1.958877
-1.898298
-1.508850
-1.273706
-1.386966
-1.185696
-1.216557
-1.463339
-1.465521
-1.326284
-1.828784
-1.843642
-1.469054
-1.682585
-1.929159
-1.954097
-1.787740
-1.345091
-1.216557
-1.065162
-1.039186
-1.332206
-1.705964
-1.836681
-1.932900
-1.957422
-1.461156
-1.626682
-1.778284
-1.966981
-2.123467
-1.725083
-1.339272
-1.124286
-1.122104
-1.437673
-1.855800
-2.077540
-2.077955
-1.795117
-1.447856
-1.532437
-1.534724
-1.397877
-1.435283
-1.874919
-1.792104
-1.549894
-1.583872
-1.841980
-1.798442
-1.259159
-0.871478
-1.399747
-1.457416
-1.575455
-1.456065
-0.909924
0.107441
-1.306541
-1.606524
-1.962617
-1.925003
-1.611823
-1.132807
-0.129781
-0.306633
-1.249911
-1.432478
-1.556025
-1.496070
-1.339376
-0.888207
0.057253
-1.245547
-1.437258
-0.624384
-0.358899
-0.050811
-0.477874
-1.022041
-1.450142
-1.496381
-1.597484
-1.585950
-1.493680
-1.599147
-1.227051
-0.045616
1.508123
0.774843
0.454806
-0.505305
-1.193177
-1.452013
-1.622630
-1.525060
-1.605797
-1.602056
-1.529944
-1.470300
-1.405462
-1.060694
-0.396721
-0.690054
-0.882077
-1.103401
-1.371172
-1.423230
-1.500849
-1.477678
-1.550414
-1.609745
-1.519969
-1.509370
-1.475288
-1.456169
-1.408371
-1.406709
-1.465105
-1.497628
-1.512799
-1.402656
-1.301450
-0.258676
-0.216056
-0.149305
-0.128980
-0.182748
-0.242649
-0.264362
-0.264362
-0.264362
-0.264362
-0.252991
-0.218921
-0.207460
-0.234143
-0.212340
-0.085241
-0.036039
-0.116042
-0.222906
-0.254961
-0.264362
-0.264362
-0.264362
-0.264362
-0.251290
-0.197701
-0.163587
-0.159423
-0.192373
-0.138068
-0.154767
-0.241933
-0.250305
-0.262348
-0.235934
-0.210460
-0.191523
-0.204640
-0.233024
-0.207998
-0.235486
-0.273764
-0.217936
-0.210594
-0.257512
-0.261810
-0.260736
-0.235934
-0.103865
0.019922
0.047724
-0.173839
-0.253080
-0.245872
-0.235262
-0.246410
-0.238530
-0.240948
-0.259079
-0.262348
-0.264362
-0.049739
0.269421
0.396207
0.178584
0.061155
-0.175092
-0.264362
-0.227696
-0.247574
-0.237277
-0.254468
-0.251513
-0.264362
-0.224562
0.136949
0.165198
0.235038
0.071183
-0.095090
-0.170302
-0.213191
-0.160274
-0.237904
-0.246007
-0.272779
-0.259796
-0.264362
-0.218608
0.016654
0.031697
0.122399
0.080585
-0.142814
-0.184091
-0.142993
-0.189060
-0.203566
-0.247708
-0.221518
-0.212340
-0.242649
-0.245872
-0.126473
-0.189239
-0.163318
-0.161169
-0.274883
-0.238441
-0.168690
-0.268257
-0.180509
-0.234232
-0.166497
-0.171332
-0.186195
-0.246992
-0.227383
-0.242918
-0.230785
-0.251961
-0.269645
-0.259930
-0.235307
-0.170347
-0.186732
-0.228099
-0.159065
-0.139277
-0.139322
-0.209072
-0.264362
-0.264362
-0.259079
-0.266959
-0.263556
-0.264362
-0.173391
-0.009446
-0.193448
-0.243365
-0.208042
-0.145097
-0.149305
-0.117922
-0.220936
-0.116534
0.115997
0.120832
-0.091732
-0.158707
-0.006581
-0.137352
-0.237053
-0.259079
-0.244574
-0.186374
-0.235173
-0.266421
-0.219996
0.003671
0.037696
-0.035368
-0.074765
-0.096970
-0.210594
-0.263064
-0.253125
-0.264362
-0.261721
-0.241888
-0.249230
-0.267183
-0.243634
-0.124100
-0.161930
-0.233740
-0.241127
-0.216772
-0.261049
-0.266511
-0.261945
-0.264362
-0.264362
-0.264362
-0.264362
-0.261721
-0.257736
-0.236158
-0.241754
-0.253931
-0.262482
-0.264631
-0.263153
-0.264362
-0.264362
-1.851601
-1.482991
-1.018173
-0.864767
-0.894133
-0.809103
-0.610334
-0.332232
-0.222438
-0.311851
-0.570668
-0.873533
-1.200506
-1.633547
-2.012239
-2.195229
-2.177916
-1.930057
-1.813031
-1.610974
-1.346679
-1.117448
-0.886901
-1.035486
-1.307232
-1.631136
-1.823112
-1.860367
-2.003253
-2.213638
-2.254181
-2.026045
-1.727124
-1.106490
-0.452326
-0.225506
-0.507552
-0.770971
-0.722320
-1.105394
-1.560131
-1.839329
-1.927427
-1.930934
-1.987694
-1.675624
-1.335502
-1.233817
-1.576129
-1.760873
-1.827057
-2.490206
-2.378439
-2.162576
-1.653051
-1.595196
-1.954821
-1.992296
-1.975641
-1.838671
-2.022758
-2.170684
-2.183614
-2.782333
-2.576551
-2.241908
-1.663570
-1.351719
-1.321038
-1.463486
-1.951534
-1.973668
-1.973449
-1.650202
-1.233817
-1.528793
-2.457114
-2.905496
-2.935300
-3.024056
-2.700590
-1.864970
-1.506878
-1.520027
-1.942111
-1.958547
-2.192819
-2.660705
-3.025371
-2.788469
-2.280260
-2.026922
-1.946713
-1.974764
-2.485384
-2.830765
-2.110199
-1.545010
-1.939700
-1.947370
-2.000185
-2.108007
-2.414599
-2.116773
-1.724713
-1.746409
-1.878776
-1.770297
-1.800320
-2.101433
-2.166959
-1.711345
-1.933564
-1.920853
-1.840206
-1.309643
-0.890408
-0.784777
-0.999764
-1.324106
-1.497893
-1.327832
-0.639481
0.052377
-0.319740
-1.090273
-1.942987
-1.968409
-2.114801
-2.099241
-1.673871
-0.964262
-0.413537
-0.467229
-0.537576
-0.618442
-1.287508
-2.114801
-1.962711
-1.453186
-1.938166
-1.928962
-1.999966
-2.339430
-2.920179
-2.729080
-1.982215
-0.948702
-0.196140
-0.805816
-1.658311
-1.768982
-2.048618
-1.870229
-1.918661
-1.872421
-1.815880
-1.890391
-2.457333
-2.578743
-2.379973
-2.550472
-2.188874
-1.831440
-1.836699
-2.165644
-2.150961
-1.940138
-1.870887
-1.859491
-1.770077
-1.603961
-1.809086
-2.183176
-2.321460
-2.882047
-2.925657
-2.718999
-2.580276
-2.314009
-1.949342
-1.775337
-1.839110
-1.406507
-1.014447
-1.027596
-1.039211
-1.102107
-1.239953
-1.411109
-1.434339
-1.318190
-1.145499
-0.922842
-0.835620
-1.323230
0.111909
-0.026758
-0.170533
-0.189166
-0.189166
-0.189166
-0.189166
-0.189166
-0.189166
-0.189166
-0.189166
-0.189166
-0.076676
0.062455
-0.111387
-0.151959
-0.185161
-0.189166
-0.189166
-0.189166
-0.027223
-0.168270
-0.189166
-0.038019
-0.169663
-0.189166
-0.173378
-0.122067
-0.189166
-0.189166
-0.189166
-0.189166
-0.189166
0.482288
0.840826
-0.001277
-0.096527
0.115217
0.288189
-0.140409
-0.189166
-0.189166
-0.189166
-0.189166
-0.189166
-0.189166
0.593385
1.643924
1.273951
0.253188
-0.116611
0.230899
0.587000
0.559313
-0.112896
-0.187773
-0.189166
-0.189166
-0.189166
0.226662
1.314060
1.123733
0.454311
-0.098385
-0.180807
-0.008649
0.523615
0.665417
0.117539
-0.182955
-0.189166
-0.189166
-0.096527
0.577945
0.838098
0.355752
-0.123750
-0.189166
-0.189166
-0.173378
-0.078418
0.019967
0.179821
-0.148825
-0.189166
-0.189166
-0.050440
0.451002
0.569877
-0.073542
-0.189166
-0.189166
-0.189166
-0.189166
-0.189166
-0.003889
0.430397
0.011202
-0.189166
-0.189166
-0.012712
0.485887
1.148286
0.120035
-0.189166
-0.189166
-0.189166
-0.189166
-0.189166
0.394409
0.431035
-0.011493
-0.189166
-0.189166
-0.166877
0.317095
1.426375
0.895446
-0.111154
-0.189166
-0.189166
-0.189166
0.464178
1.116362
0.494710
-0.057464
-0.189166
-0.189166
-0.189166
0.227707
1.220435
1.543218
0.556004
-0.145981
-0.189166
0.221786
1.176611
1.145384
0.325859
-0.136752
-0.189166
-0.189166
-0.189166
-0.138087
0.377693
0.976475
0.710285
0.014511
0.121834
0.573185
0.796829
0.463540
-0.040573
-0.182491
-0.189166
-0.189166
-0.189166
-0.189166
-0.147374
0.070175
0.111677
0.027629
0.226024
0.296489
0.115101
-0.094960
-0.175815
-0.189166
-0.189166
-0.189166
-0.189166
-0.189166
-0.189166
-0.181736
-0.157590
-0.160840
-0.097456
-0.092754
-0.165135
-0.189166
-0.189166
-0.113592
-0.189166
-0.189166
-0.189166
-0.189166
-0.189166
-0.189166
-0.189166
-0.189166
-0.189166
-0.189166
-0.189166
-0.189166
-0.142846
-0.085557
0.687572
0.175995
0.042297
0.057586
0.053680
0.094526
0.198147
0.263210
0.082975
-0.033759
-0.012444
-0.095195
0.169633
0.774398
0.299146
-0.345293
-0.278555
-0.316890
-0.400981
-0.362312
-0.004352
-0.039674
-0.496456
-0.932982
-0.987946
-0.881814
-0.685954
0.275263
0.180235
-0.244461
-0.212320
-0.308911
-0.352993
0.124435
0.625020
0.634953
0.056861
-0.795658
-1.442663
-1.583782
-1.107470
-0.018693
0.198984
-0.334300
-0.392053
-0.819763
-0.778582
-0.137101
0.649238
0.812230
0.595111
-0.381563
-1.839125
-2.267281
-1.589809
-0.156185
0.192791
-0.423692
-0.654148
-1.798725
-2.149375
-1.270463
-0.297081
-0.092908
-0.087997
-0.775346
-1.924332
-2.381170
-1.441770
-0.117404
0.148429
-0.470453
-0.955414
-2.117401
-2.555713
-1.806537
-0.979687
-0.958818
-1.045867
-1.193682
-1.648678
-1.261703
-0.654538
0.251213
0.119134
-0.429161
-0.806539
-1.536575
-1.999495
-1.371518
-1.280172
-1.540648
-1.742255
-1.491935
-0.987388
-0.075833
0.257686
0.625969
0.152112
-0.364823
-0.632999
-1.200936
-1.433456
-1.271300
-1.352545
-1.694546
-1.857427
-1.566428
-0.650912
0.557837
0.847943
0.688130
0.200547
-0.328720
-0.419954
-0.822274
-0.853188
-0.849617
-1.107135
-1.390043
-1.502146
-1.452093
-0.580157
0.576753
0.854025
0.685396
0.237375
-0.335807
-0.256626
-0.221807
-0.338987
-0.518106
-0.841525
-1.386528
-1.395344
-1.272305
-0.814574
0.042743
0.380001
0.559566
0.228001
-0.317671
-0.338653
-0.435410
-0.564476
-0.602198
-1.092850
-0.941018
-0.932815
-0.707716
-0.664806
-0.344121
-0.195022
0.344791
0.165002
-0.405278
-0.363986
-0.468388
-0.678086
-0.714691
-0.379554
-0.190447
0.042576
0.106914
-0.148931
-0.336978
-0.411361
0.189610
0.256570
-0.356564
-0.391551
-0.403772
-0.382623
-0.269627
-0.057921
0.315049
0.501813
0.268456
-0.002734
-0.277997
-0.397020
0.239161
0.771775
0.333351
0.211818
0.152503
0.186541
0.359689
0.568829
0.703364
0.705652
0.583895
0.384632
0.167066
0.191228
0.711064
-0.333443
-2.118933
-1.304621
-1.463708
-1.579760
-1.574763
-1.519235
-1.349043
-1.522845
-1.472592
-1.648615
-1.584203
-1.785768
-0.416735
-0.852071
-1.702754
-1.068074
-1.517570
-1.305176
-1.250482
-1.210224
-1.309619
-1.425394
-1.119437
-1.467317
-1.113051
-1.327387
-1.517014
-0.909265
-1.764667
-1.274914
-1.498690
-1.233823
-1.183849
-1.401517
-1.468150
-1.710528
-1.168023
-0.878169
-1.546166
-1.257978
-1.730796
-0.881501
-1.901821
-1.130820
-1.143313
-1.628069
-1.683042
-0.302070
-2.176960
-2.197783
-0.142151
-1.163581
-2.109494
-0.813202
-1.664995
-0.958962
-1.836853
-0.976731
-1.317115
-1.556994
-1.438720
-1.079179
-1.412900
-1.252703
-1.140259
-1.450659
-1.271305
-1.432335
-1.101390
-1.065019
-1.654167
-0.862344
-1.760780
-1.562547
-1.268251
-1.267418
-1.344879
-1.495081
-1.314061
-1.729963
-1.540891
-0.538895
-2.060629
-1.038089
-1.490361
-1.195509
-1.860452
-1.209947
-1.227160
-1.274081
-1.636121
-1.459821
-1.338771
-1.591421
-0.717417
-1.534783
-1.537837
-0.990890
-1.581704
-1.151643
-1.613355
-1.591977
-0.937584
-1.216055
-1.639453
-1.586979
-1.542557
-0.885665
-1.178573
-1.664718
-1.459265
-0.922036
-1.811033
-0.850961
-1.843794
-1.426782
-1.336827
-1.157473
-1.511184
-1.699145
-1.256312
-0.766281
-2.001770
-1.313228
-1.376529
-0.893717
-1.797706
-0.947301
-1.686651
-1.527287
-1.273803
-1.341825
-1.133041
-1.685263
-0.814590
-1.583370
-1.710806
-1.395964
-1.388745
-0.908154
-1.749953
-1.179129
-1.372920
-1.798262
-1.119714
-1.895990
-0.314841
-1.677767
-1.267140
-1.312117
-1.967343
-1.234934
-1.602249
-0.992834
-1.688872
-1.245484
-1.436499
-1.372365
-1.672214
-2.134481
0.842631
-1.504520
-2.002603
-1.150254
-1.538115
-1.217443
-1.662774
-0.731576
-1.754950
-1.250482
-1.544778
-1.436221
-1.259921
-1.274636
-1.015322
-1.118326
-1.282410
-1.367645
-1.376252
-1.213556
-1.470371
-0.389804
-1.622239
-1.354874
-1.398185
-1.342935
-1.309063
-1.286297
-1.338215
-1.297125
-1.258811
-1.333218
-1.454823
-1.138038
-1.073071
-0.412403
-0.412403
-0.412403
-0.412403
-0.544962
-0.522002
-0.485614
-0.485614
-0.294141
-0.412403
-0.412403
-0.412403
-0.412403
-0.412403
-0.412403
-0.412403
-0.412403
-0.486047
-0.551026
-0.782353
-0.540196
0.452691
-0.434930
-0.463087
-0.412403
-0.412403
-0.412403
-0.412403
-0.412403
-0.412403
-0.618605
-0.704811
-0.016895
0.823651
0.863361
-0.135446
-0.658459
-0.399263
-0.412403
-0.412403
-0.412403
-0.412403
-0.412403
-0.412403
-0.382946
0.416591
0.552326
0.389300
0.475217
-0.413414
-0.493844
-0.412403
-0.412403
-0.412403
-0.412403
-0.412403
-0.412403
-0.456589
-0.401718
-0.054005
-0.226706
-0.377459
-0.326197
-0.382513
-0.373993
-0.412403
-0.412403
-0.412403
-0.412403
-0.412403
-0.412403
-0.463954
0.231905
0.168369
-0.474639
-0.474350
-0.412403
-0.412403
-0.412403
-0.412403
-0.427132
-0.403306
-0.412403
-0.412403
-0.412403
-0.231327
-0.129815
-0.395942
-0.422800
-0.393198
-0.412403
-0.412403
-0.412403
-0.412403
-0.463954
-0.364752
-0.416302
-0.412403
-0.412403
-0.400851
-0.399119
-0.405761
-0.402295
-0.412403
-0.412403
-0.412403
-0.412403
-0.677520
-0.887909
-0.188152
-0.276235
-0.412403
-0.412403
-0.412403
-0.412403
-0.412403
-0.412403
-0.412403
-0.412403
-0.412403
-0.618605
-0.505974
1.127900
-0.268004
-0.396519
-0.478682
-0.412403
-0.412403
-0.412403
-0.412403
-0.412403
-0.412403
-0.456589
-0.620771
-0.134291
0.680985
-0.695281
0.135879
-0.326053
-0.469297
-0.412403
-0.412403
-0.412403
-0.412403
-0.456589
-0.385112
-0.360853
-0.205335
-0.151330
-0.343381
0.196238
-0.282011
-0.523302
-0.393198
-0.412403
-0.412403
-0.412403
-0.412403
-0.419768
-0.448792
-0.343092
-0.144543
-0.153496
-0.352911
-0.392332
-0.428143
-0.384101
-0.412403
-0.412403
-0.412403
-0.412403
-0.412403
-0.327064
-0.354355
-0.424388
-0.418757
-0.371250
-0.398397
-0.417457
-0.591747
-0.294141
-0.412403
-0.412403
-0.412403
-0.412403
-0.412403
-0.360997
-0.245478
-0.290386
-0.356521
-0.425399
-0.424100
-0.390310
-0.123028
-0.388144
-0.463087
-0.598279
-0.063167
-0.142276
-0.072491
-0.129943
-0.402763
-0.839817
-1.215509
-1.309658
-1.035333
-0.562786
-0.197321
0.026470
-0.410283
0.148291
0.133251
0.013536
-0.104676
-0.677087
-1.040447
-0.392536
0.462621
0.651520
-0.227100
-0.751384
-0.649414
-0.006618
0.032786
-0.369977
-0.370278
-0.413592
-0.876213
-0.582037
0.714988
1.039845
0.954119
0.499920
1.094590
0.886741
0.397650
-0.818160
-0.693631
-0.510748
-0.651520
-0.697541
-0.720402
1.315673
0.997734
-0.242741
-0.451793
0.049631
0.049330
0.909902
0.967654
-0.653926
-1.043154
-0.506237
-0.568501
-0.816355
-0.168144
-0.013536
-0.276731
0.360953
0.332979
0.225294
0.256577
-0.203036
-0.401560
0.785975
-0.854255
-0.501123
-0.576021
-0.348921
0.698745
-0.108286
-0.252066
-0.091742
-0.121822
-0.233717
-0.158518
-0.135357
-0.051435
0.773342
-0.683404
-0.503529
-0.568501
-0.438859
-0.131748
0.786576
-0.216873
-0.377497
-0.400056
-0.418104
-0.429534
-0.312525
0.076402
-0.292071
-0.647610
-0.508643
-0.612717
-0.590459
-1.262433
-1.155049
-0.991117
-0.810640
-0.690022
-0.554664
-0.609710
-1.170991
-0.797405
-0.892757
-0.545340
-0.503830
-0.525487
-0.566696
-0.976678
-2.214747
-1.779197
-1.735883
-1.588794
-1.647148
-1.451331
-0.674982
-1.254311
-2.625932
-0.778756
-0.501123
-0.556469
-0.578427
-0.722206
-2.046904
-1.512994
-0.720402
-1.618573
-1.492841
-0.840118
-0.569103
-2.341983
-0.920731
-0.627757
-0.513756
-0.671372
-0.739352
-0.485481
-0.276430
-0.926145
-1.673017
-1.475997
-1.185730
-1.493443
-2.274906
-0.832598
-0.206345
-0.550152
-0.708370
-0.849743
-0.785373
-0.817558
-0.459613
-0.264398
-0.662048
-0.396447
-0.712882
-0.770333
-0.582638
-0.524284
-0.553762
-1.029919
-0.728824
-0.979085
-0.835305
-0.803722
-0.780561
-0.519171
-0.313127
-0.178371
-0.150397
-0.465028
-0.607002
-0.764920
-1.016985
-1.238971
-3.555687
-3.093066
-2.975756
-2.960115
-2.957708
-3.003429
-2.922816
-2.880705
-2.880705
-2.957107
-2.935449
-2.922215
-2.902964
-3.226618
7.976090
1.174454
-0.394173
-0.001301
-0.031222
-0.180305
-0.657216
-0.875507
-0.870303
-0.941072
-0.516458
-0.509173
-0.115260
6.804237
3.700026
-1.311569
-1.042022
-0.858335
-0.898403
-0.788607
-0.809941
-0.897362
-0.870303
-0.956163
-0.745157
-1.017826
-1.982834
3.906348
2.299735
-1.195008
-0.870303
-0.932226
-0.750880
-0.503189
-0.420712
-0.880710
-0.870303
-1.036819
-0.068948
-0.775077
-1.765324
2.688964
2.290888
-1.139330
-0.910371
-0.897622
0.047093
-0.874726
-0.810462
-0.906208
-0.870303
-1.145054
0.347601
-0.302850
-1.510867
2.230266
2.308580
-1.147655
-0.967611
-0.335112
-0.734229
-0.958765
-0.755304
-0.872905
-0.870303
-1.085212
-0.080916
-0.947317
-0.935869
1.543130
2.297393
-1.146355
-0.933267
-0.772996
-0.963448
-0.736310
-0.869523
-0.878629
-0.870303
-0.938991
-0.833358
-0.764930
-1.232214
0.722521
2.239893
-1.145054
-0.870303
-0.870303
-1.021728
-0.010927
-0.900224
-0.870303
-0.870303
-0.870303
-1.162226
0.580723
-1.269680
0.714195
2.242235
-1.142192
-0.917656
-0.724862
-1.057373
-0.157929
-0.940032
-0.870303
-0.870303
-0.870303
-1.279827
1.199692
-1.179918
1.627689
2.277359
-1.140891
-1.010801
-0.044491
-0.971253
-0.681412
-0.869783
-0.875507
-0.870303
-0.917656
-0.919477
-0.620790
-1.605053
1.854306
2.182393
-1.143753
-1.006638
-0.371017
-0.889036
-0.949138
-0.575519
-0.604139
-1.009760
-0.660858
-0.178744
-0.831276
-1.571489
2.140504
2.199825
-1.134126
-0.910371
-0.852611
-0.611944
-1.083391
-0.045792
0.570315
-1.197090
0.834659
-0.850269
-0.636921
-1.601150
2.257325
2.071296
-1.133085
-0.870303
-0.898923
-0.826073
-1.100823
-0.081436
-0.720960
-1.232995
-0.038767
-1.032656
-0.826073
-1.607654
2.124893
2.558354
-1.108108
-0.880710
-0.870303
-0.870303
-0.950439
-0.746457
-0.928584
-0.927543
-0.781842
-0.911932
-0.870303
-1.722134
2.627301
4.782376
-0.682453
-0.880710
-0.870303
-0.870303
-0.870303
-0.870303
-0.870303
-0.870303
-0.870303
-0.870303
-0.870303
-1.780414
3.911032
1.435436
-0.528756
-1.677951
-1.812917
-1.822879
-2.003950
-2.276527
-2.425069
-2.388132
-2.286224
-2.069361
-1.657235
-0.803185
0.770567
-0.564989
-2.646427
-3.571090
-3.772790
-3.803644
-3.855832
-3.972462
-4.104608
-4.414297
-4.618642
-4.215507
-3.676700
-2.578548
-0.242780
-1.293241
-3.176506
-3.593658
-3.586165
-3.491486
-3.781341
-4.452116
-4.944905
-5.341164
-5.283246
-3.904229
-3.057409
-2.636377
-0.643094
-1.410575
-3.281588
-3.384024
-2.832876
-2.287899
-3.221377
-4.875792
-5.178252
-4.650377
-3.685603
-1.514600
-0.613033
-1.611923
-0.824254
-1.387743
-3.240066
-3.215559
-2.363713
-1.346046
-1.538666
-2.442964
-2.799730
-2.797702
-2.111059
-0.987694
-0.573452
-1.371170
-0.814380
-1.341197
-3.134368
-3.179768
-2.773460
-2.169947
-1.738337
-1.798813
-1.657852
-1.278607
-1.201559
-1.806923
-2.447284
-2.499560
-1.033975
-1.362442
-3.235482
-3.351407
-2.725680
-1.813182
-1.446984
-1.236292
-0.692197
-0.111164
-0.358528
-1.196887
-1.603019
-1.954495
-1.109789
-1.372316
-3.393544
-3.444675
-1.903100
-0.478949
-1.176787
-1.597112
-0.900773
-0.234934
-0.614267
-1.067915
-1.067210
-1.452802
-0.824518
-1.416129
-3.450229
-3.590397
-2.356219
-1.561674
-2.261364
-2.701260
-2.145704
-1.638899
-1.963311
-2.087257
-1.672397
-1.722911
-0.793840
-1.416746
-3.345764
-3.514582
-3.085882
-2.947390
-3.019942
-2.852535
-2.132128
-1.726348
-1.782856
-1.559206
-1.221306
-1.748828
-0.897863
-1.396823
-3.320817
-3.587134
-3.408707
-3.101045
-2.943864
-2.463857
-1.740101
-1.848180
-1.829403
-1.550567
-1.709775
-2.193308
-1.073029
-1.429353
-3.373975
-3.705616
-3.734354
-3.552755
-3.132957
-2.645458
-2.969428
-3.378823
-3.136748
-2.836667
-3.030256
-2.980713
-1.212931
-1.096566
-3.425105
-3.993620
-4.013102
-4.005520
-4.005785
-3.979162
-4.164289
-4.263816
-4.304631
-4.103902
-3.985686
-3.339770
-1.009556
0.312511
-1.997427
-2.876954
-2.871400
-2.908425
-3.079182
-3.234600
-3.288023
-3.299307
-3.216529
-3.049121
-2.837372
-1.940302
0.195176
0.686047
0.686047
0.686047
0.686047
0.686047
0.686047
0.686047
0.686047
0.686047
0.686047
0.686047
0.686047
0.686047
0.686047
0.686047
0.686047
0.686047
0.686047
0.686047
0.661683
0.669121
0.658556
0.582500
0.467929
0.467660
0.521104
0.686047
0.686047
0.686047
0.686047
0.686047
0.686047
0.686047
0.663084
0.676775
0.665779
0.527546
0.338644
0.337970
0.386267
0.631066
0.686047
0.686047
0.686047
0.686047
0.686047
0.686047
0.616566
0.650498
0.617456
0.514555
0.356054
0.418150
0.438202
0.645512
0.686047
0.686047
0.686047
0.686047
0.686047
0.686047
0.645862
0.669822
0.650579
0.618938
0.530295
0.550023
0.566652
0.645081
0.686047
0.686047
0.686047
0.686047
0.686047
0.686047
0.639071
0.675670
0.650201
0.686047
0.686047
0.686047
0.686047
0.686047
0.686047
0.686047
0.686047
0.686047
0.686047
0.686047
0.686047
0.686047
0.686047
0.686047
0.686047
0.686047
0.686047
0.686047
0.686047
0.686047
0.686047
0.686047
0.686047
0.686047
0.686047
0.686047
0.686047
0.686047
0.686047
0.661683
0.669121
0.658556
0.686047
0.686047
0.686047
0.686047
0.649501
0.557111
0.572878
0.569213
0.643410
0.656427
0.552664
0.603845
0.580559
0.665779
0.686047
0.686047
0.686047
0.686047
0.651603
0.337000
0.451220
0.100421
0.284067
0.269028
0.245958
0.528597
0.478063
0.631201
0.686047
0.686047
0.686047
0.686047
0.645781
0.339183
0.539728
0.043149
0.264231
0.248572
0.297193
0.599506
0.521697
0.660712
0.686047
0.686047
0.686047
0.686047
0.686047
0.424322
0.628236
0.099289
0.354949
0.326004
0.409688
0.628775
0.596703
0.660443
0.686047
0.686047
0.686047
0.686047
0.686047
0.686047
0.686047
0.531696
0.651953
0.568269
0.686047
0.686047
0.686047
0.686047
0.686047
0.686047
0.686047
0.686047
0.686047
0.686047
0.686047
0.686047
0.686047
0.686047
0.686047
0.686047
0.686047
0.686047
0.686047
-1.747900
-0.928792
-0.805368
-0.797734
-0.810887
-0.893561
-1.052333
-1.218151
-1.229542
-1.096254
-0.926678
-0.691104
-0.253424
-0.370859
-1.969617
-1.827286
-1.984296
-1.969147
-2.020701
-2.255688
-2.388037
-2.281054
-1.371639
-1.094375
-1.338757
-1.691648
-1.442452
-1.063842
-2.114179
-2.018704
-2.146591
-2.196736
-2.425029
-2.898878
-3.161815
-2.227269
1.667105
2.362436
1.198775
-0.599974
-1.475921
-1.446210
-2.128858
-2.005199
-2.099265
-2.474704
-3.048255
-3.248247
-3.156296
-1.954937
1.664991
1.963511
1.447149
0.672784
-0.692513
-1.385966
-2.140132
-2.089870
-2.334017
-2.913910
-3.240026
-3.022655
-2.149057
-1.200184
-0.185664
0.554410
1.432705
1.333707
0.653290
-0.933959
-2.109951
-2.087991
-2.403069
-2.637468
-2.576520
-2.196735
-1.541214
-1.289082
-1.157555
-0.694157
0.514130
1.624124
1.102009
-0.785286
-2.151641
-2.142246
-1.753889
0.119079
0.617590
-0.546659
-1.215568
-1.330771
-1.325956
-1.236119
-0.795033
-1.066543
-2.017765
-1.506219
-2.158569
-2.090105
-1.457248
0.675955
1.397122
0.147381
-0.948286
-1.219326
-1.257609
-1.303526
-1.436932
-2.349753
-2.693837
-1.520663
-2.158334
-2.114296
-1.707855
0.240037
1.758116
1.096724
-0.280669
-0.892504
-1.049867
-1.322903
-2.138958
-3.004570
-2.800468
-1.670275
-2.140602
-2.053465
-1.830691
-0.498511
1.027437
1.436815
0.820518
-0.280317
-0.894853
-1.741088
-2.916141
-3.268681
-2.799411
-1.674855
-2.129915
-2.026455
-2.019174
-1.267944
0.275855
1.078168
1.178576
-0.900490
-2.460259
-2.781326
-3.145961
-3.071155
-2.299139
-1.405695
-2.108659
-2.058045
-2.132733
-1.957991
-1.389136
-0.481013
0.185312
-1.711965
-2.749619
-2.536944
-2.621145
-2.489266
-1.911604
-1.317149
-1.794991
-1.785126
-1.893989
-1.832218
-1.746490
-1.539453
-1.262542
-1.504457
-1.587484
-1.586544
-1.737213
-1.837385
-1.626120
-1.353788
-1.469931
-1.455487
-1.545442
-1.506571
-1.513265
-1.549435
-1.502109
-1.444683
-1.377745
-1.378332
-1.452669
-1.609092
-1.767042
-2.025163
-1.422578
-1.422578
-1.422578
-1.422578
-1.422578
-1.413560
-1.425225
-1.417775
-1.431988
-1.377783
-1.468942
-1.371803
-1.411306
-1.445613
-1.422578
-1.422578
-1.422578
-1.422578
-1.409051
-1.373862
-1.238985
-1.097149
-1.121654
-0.987561
-1.113420
-1.237711
-1.348866
-1.333379
-1.422578
-1.422578
-1.422578
-1.377489
-1.408071
-1.169194
-0.880816
-0.608318
-0.450504
-0.696733
-0.782795
-1.312207
-1.461198
-1.287995
-1.422578
-1.422578
-1.404542
-1.152040
-0.961292
-0.878758
-1.175173
-1.183505
-1.005303
-1.211637
-1.248395
-1.284565
-1.320538
-1.282898
-1.422578
-1.422578
-1.265353
-1.235162
-0.658407
-1.155177
-1.454925
-1.422578
-1.422578
-1.422578
-1.422578
-1.230163
-1.103324
-1.261824
-1.422578
-1.422578
-1.098423
-1.036670
-0.899440
-1.461395
-1.422578
-1.422578
-1.422578
-1.422578
-1.422578
-1.203109
-0.874641
-1.279762
-1.422578
-1.422578
-1.103520
-0.568816
-1.220165
-1.422578
-1.422578
-1.422578
-1.422578
-1.422578
-1.404542
-1.486096
-1.046962
-1.477568
-1.422578
-1.422578
-1.461787
-0.912869
-1.480901
-1.468648
-1.386310
-1.422578
-1.422578
-1.422578
-1.310442
-1.279860
-1.337104
-1.422578
-1.422578
-1.422578
-1.422578
-1.422578
-1.282408
-1.201345
-1.387487
-1.356610
-1.454827
-1.380037
-1.431498
-1.259471
-1.448456
-1.422578
-1.422578
-1.422578
-1.422578
-1.422578
-1.438262
-0.952372
-1.017850
-0.912477
-1.101854
-1.265843
-1.411894
-1.422578
-1.422578
-1.422578
-1.422578
-1.422578
-1.422578
-1.422578
-1.422578
-1.452377
-1.046178
-1.361707
-1.181741
-1.444241
-1.425813
-1.422578
-1.422578
-1.422578
-1.422578
-1.422578
-1.422578
-1.422578
-1.422578
-1.422578
-1.422578
-1.422578
-1.422578
-1.422578
-1.422578
-1.422578
-1.422578
-1.422578
-1.434929
-1.431694
-1.396015
-1.401308
-1.424343
-1.401112
-1.408071
-1.422578
-1.422578
-1.413560
-1.418461
-1.431596
-1.396309
-1.460022
-0.988051
-0.819553
-0.854841
-0.933258
-1.052745
-1.233692
-1.379841
-1.422578
-1.422578
-1.366510
-1.211049
-1.061273
-0.913065
-1.030298
1.999517
2.034730
1.965756
1.837852
1.761255
1.782673
1.768152
1.829865
1.866410
1.844023
1.908157
1.908641
1.945064
2.248428
1.849469
2.223985
1.852978
1.931027
1.969991
2.035214
2.028801
1.518152
1.440102
2.142789
1.994072
1.773839
1.988868
1.936231
1.880930
2.044532
1.535819
1.640127
1.289570
1.034729
0.907309
1.727131
1.953655
1.188771
1.684052
1.930422
1.912997
1.834827
1.809778
1.949662
1.557237
1.643152
1.619435
2.055301
1.660698
1.678849
1.668563
1.214909
1.022266
1.227614
1.821274
1.823331
1.832407
2.016095
1.711279
1.342208
1.246855
1.483181
1.270330
1.251453
1.505809
1.742862
1.900291
1.052154
1.473016
1.625727
1.808205
1.880688
1.497702
1.503389
1.933568
1.298766
1.385165
1.454260
1.425461
1.393394
1.518031
1.650533
2.265127
2.085674
1.838215
2.074783
1.441555
1.871371
1.482818
1.241288
1.397387
1.433326
1.467934
1.426187
1.460553
1.693612
1.453776
2.056511
1.785940
1.982455
1.471080
1.384197
1.511981
1.277711
1.357334
1.435867
1.266216
1.283036
1.386859
1.413844
0.868829
2.078656
1.825267
1.986327
1.687320
1.425219
1.429938
1.791143
1.583012
1.537876
1.396540
1.502784
1.476284
2.001453
0.947968
2.201357
1.817281
1.956197
1.666143
1.472653
2.394726
1.105397
1.562198
1.840030
1.737295
1.801550
1.604188
1.913360
1.573573
1.939982
1.843781
1.948331
1.686956
1.572847
1.298282
1.182237
1.287271
1.402953
0.827082
1.407189
1.321395
1.079139
1.619556
2.077929
1.816676
1.971807
1.614352
1.568854
1.760045
1.813529
1.939014
1.619314
1.612537
1.698936
1.702445
1.606003
1.847533
1.952446
2.061836
2.359633
1.912392
1.901865
1.823694
1.740441
1.646298
1.768878
1.798888
1.774565
1.786061
1.917354
2.006536
2.056027
1.841966
1.818854
1.970354
1.920500
1.883229
1.950872
1.924614
1.975074
1.929212
1.958980
1.940345
1.797799
1.867257
2.179212
-0.922416
-0.922416
-0.922416
-0.922416
-0.922416
-0.922416
-0.922416
-0.922416
-0.922416
-0.922416
-0.922416
-0.922416
-0.922416
-0.922416
-0.922416
-0.922416
-0.922416
-0.922416
-0.926599
-0.710495
-0.946955
-0.456189
-0.956156
-0.928272
-0.625726
-0.943887
-0.922416
-0.922416
-0.922416
-0.922416
-0.922416
-0.939147
-0.092576
-1.000214
-1.008021
0.046288
0.422449
-0.753158
0.920464
-0.672293
-0.953089
-0.922416
-0.922416
-0.922416
-0.922416
-1.002166
-0.613457
0.283027
0.346882
-1.553162
-1.877178
-0.767937
-0.674524
-1.391153
-0.965079
-0.922416
-0.922416
-0.922416
-0.940820
-0.110701
-1.325625
-0.778812
-2.294887
-1.992620
-1.743891
-1.828381
-2.667144
0.624611
0.008365
-1.002166
-0.922416
-0.930782
-0.610390
0.528688
-0.235623
-2.132042
-1.663863
-1.193453
-1.060165
-1.278221
-1.975889
-0.830398
-1.193732
-1.064627
-0.922416
-0.960618
-1.082194
-0.552948
-1.554556
-1.876063
-1.033396
-0.922416
-0.922416
-0.938032
-1.266231
-2.052293
-2.060937
-1.018896
-0.922416
-0.974560
-1.393384
-1.280173
-1.328134
-1.342077
-0.974002
-0.922416
-0.922416
-0.925762
-0.907638
-1.144934
-1.148280
-0.962849
-0.922416
-0.960060
-1.433259
-2.775893
-0.455074
-0.469852
-1.019733
-0.922416
-0.922416
-0.946397
-0.556852
-1.466999
-1.196799
-0.939147
-0.922416
-0.940262
-1.229145
-2.529395
-1.921794
-0.241758
0.522833
0.516419
-0.707706
-0.455074
-1.079963
-1.103107
-0.965916
-0.938589
-0.922416
-0.926320
-0.987387
-1.408163
-2.788441
-2.002101
-0.809763
-0.276056
-1.214924
-0.936916
-1.326461
-1.484008
-1.062675
-0.932455
-0.922416
-0.922416
-0.922416
-0.997983
-1.627892
-2.351492
-2.951007
-2.639538
-0.866090
-1.531691
-1.283798
-1.126251
-0.980974
-0.926599
-0.922416
-0.922416
-0.922416
-0.928272
-1.003281
-1.281567
-1.613392
-1.948284
-1.553998
-1.144097
-1.007464
-0.929387
-0.922416
-0.922416
-0.922416
-0.922416
-0.922416
-0.922416
-0.922416
-0.922416
-0.939983
-1.077175
-1.144097
-0.943330
-0.922416
-0.922416
-0.922416
-0.922416
-0.421492
-0.421492
-0.421492
-0.421492
-0.413427
-0.388080
-0.409106
-0.421492
-0.418804
-0.404978
-0.395089
-0.413235
-0.307046
-0.225628
-0.421492
-0.421492
-0.421492
-0.421492
-0.378575
-0.348043
-0.386352
-0.421492
-0.407186
-0.368397
-0.360813
-0.398065
-0.380783
-0.329321
-0.421492
-0.421492
-0.421492
-0.421492
-0.406226
-0.386928
-0.406226
-0.421492
-0.416403
-0.399793
-0.393361
-0.411315
-0.421492
-0.421492
-0.421492
-0.421492
-0.421492
-0.421492
-0.421492
-0.421492
-0.421492
-0.421492
-0.421492
-0.421492
-0.421492
-0.421492
-0.421492
-0.421492
-0.421492
-0.421492
-0.421492
-0.421492
-0.421492
-0.421492
-0.421492
-0.421492
-0.421492
-0.421492
-0.421492
-0.410739
-0.352748
-0.304742
-0.421492
-0.421492
-0.421492
-0.421492
-0.421492
-0.421492
-0.421492
-0.421492
-0.421492
-0.421492
-0.421492
-0.364269
-0.162548
-0.020643
-0.421492
-0.421492
-0.421492
-0.421492
-0.421492
-0.421492
-0.421492
-0.421492
-0.421492
-0.421492
-0.421492
-0.395761
-0.130288
0.026883
-0.421492
-0.421492
-0.421492
-0.421492
-0.421492
-0.421492
-0.421492
-0.421492
-0.421492
-0.421492
-0.421492
-0.363309
-0.149586
-0.120879
-0.421492
-0.421492
-0.421492
-0.421492
-0.421492
-0.421492
-0.421492
-0.421492
-0.421492
-0.421492
-0.421492
-0.253951
-0.061736
-0.161492
-0.421492
-0.421492
-0.421492
-0.421492
-0.421492
-0.421492
-0.421492
-0.421492
-0.421492
-0.421492
-0.421492
-0.365517
-0.274402
-0.319431
-0.421492
-0.421492
-0.421492
-0.421492
-0.421492
-0.421492
-0.421492
-0.421492
-0.421492
-0.421492
-0.421492
-0.421492
-0.421492
-0.421492
-0.421492
-0.421492
-0.421492
-0.421492
-0.421492
-0.421492
-0.408050
-0.346987
-0.317511
-0.370318
-0.413235
-0.421492
-0.421492
-0.421492
-0.421492
-0.421492
-0.421492
-0.421492
-0.421492
-0.421492
-0.349963
-0.198937
-0.162932
-0.290532
-0.398065
-0.421492
-0.383855
-0.265569
-0.421492
-0.421492
-0.421492
-0.421492
-0.421492
-0.421492
-0.396049
-0.328265
-0.305222
-0.362829
-0.411315
-0.421492
-0.221211
-0.078730
-3.383034
-3.372977
-3.223884
-3.024151
-2.916405
-2.818536
-2.761296
-2.543291
-2.617456
-2.652024
-2.822083
-3.098765
-3.341013
-3.383034
-3.383034
-3.370912
-3.188957
-2.954026
-2.685515
-2.453233
-2.212961
-1.841777
-1.751226
-1.744536
-2.251480
-2.723361
-3.044129
-3.383034
-3.383034
-3.383034
-3.258946
-2.876225
-2.546433
-1.927076
-2.003979
-2.195991
-1.847658
-1.363072
-1.646084
-2.304230
-3.136745
-3.383034
-3.383034
-3.383034
-3.295356
-2.863430
-2.502976
-2.312491
-2.491842
-1.506913
-1.805682
-2.213365
-2.408564
-2.780690
-3.080852
-3.383034
-3.383034
-3.383034
-3.230394
-3.127676
-3.065229
-2.681520
-1.728599
-1.791945
-2.135294
-2.486006
-3.215803
-3.301012
-3.365390
-3.383034
-3.383034
-3.383034
-3.122289
-2.898448
-2.872858
-2.184633
-2.325465
-2.014529
-2.362233
-2.821948
-3.098181
-3.353269
-3.365525
-3.383034
-3.383034
-3.383034
-3.106980
-2.735796
-2.239089
-2.626255
-2.436039
-2.284252
-2.395231
-2.749085
-3.256343
-3.325839
-3.369027
-3.383034
-3.383034
-3.383034
-3.142626
-3.029987
-2.766594
-2.693551
-2.408160
-2.246272
-2.394871
-2.686862
-3.225321
-3.277039
-3.330373
-3.383034
-3.383034
-3.383034
-3.177733
-2.958965
-2.758558
-2.199537
-2.306206
-2.025034
-2.399630
-2.643045
-2.922825
-3.231651
-3.355020
-3.383034
-3.383034
-3.383034
-3.100336
-2.592899
-1.942789
-1.960252
-1.413084
-1.561863
-1.303139
-2.217630
-2.790163
-3.272594
-3.347747
-3.383034
-3.383034
-3.383034
-3.098944
-2.702395
-2.355454
-1.842046
-1.453893
-0.839159
-1.024751
-1.757915
-2.517656
-3.170460
-3.295490
-3.383034
-3.383034
-3.383034
-3.267880
-3.163008
-2.917527
-2.450854
-1.934618
-2.155586
-1.866424
-2.207035
-2.230918
-3.041929
-3.312999
-3.383034
-3.383034
-3.238475
-3.142312
-2.977865
-2.744775
-2.747559
-2.614807
-2.751644
-2.499699
-2.662978
-2.555098
-2.887089
-3.056879
-3.348016
-3.383034
-3.242246
-2.856561
-2.585222
-2.529464
-2.598017
-2.682956
-2.741767
-2.690543
-2.642686
-2.533773
-2.696604
-3.124264
-3.355020
0.916972
1.547942
1.192470
1.127202
1.169780
1.156755
1.035323
1.070758
1.309280
1.349337
1.224684
1.212218
1.206336
1.172581
0.767108
0.897784
1.250875
1.087705
1.128743
0.958990
0.781954
1.763074
2.328216
1.279867
1.022297
1.201014
1.435754
1.382671
0.671447
0.896103
1.346256
0.876775
0.501555
-0.100003
0.555337
3.257933
3.620548
1.010112
0.834337
0.743018
1.273285
1.568251
0.623407
0.990644
1.450881
0.789658
-0.042018
-0.708843
1.137847
3.252891
2.792934
1.091207
1.025659
0.744558
0.948766
1.491638
0.664304
1.074960
1.446118
0.950587
0.357853
-0.167932
1.208717
1.828482
1.316843
1.091207
1.091207
0.995406
0.966133
1.068097
0.779994
1.123420
1.401860
1.078881
0.654500
0.747079
1.458024
1.158015
1.094988
1.091207
1.091207
0.957870
0.842460
1.361802
0.838539
1.148771
1.407462
1.091207
0.971315
1.040365
1.117118
1.092467
1.091207
1.091207
1.091207
0.551416
0.721589
1.999495
0.801283
1.126082
1.509706
1.091207
1.086164
1.089666
1.091627
1.091207
1.091207
1.067397
1.082103
0.431104
0.721449
2.076388
0.689795
1.132104
1.673716
1.091207
1.091207
1.091207
1.091207
1.091207
1.057872
0.884618
1.070338
0.744278
0.824533
2.122328
0.630830
1.104933
1.697246
1.172581
1.091207
1.091207
0.924535
0.803664
1.166839
1.101571
1.261379
1.019776
1.242471
2.060281
0.612062
0.981260
1.649345
1.326647
1.194011
1.102832
0.424802
-0.090199
1.319644
2.240258
1.640522
1.209697
1.703269
1.640101
0.598616
0.812347
1.508445
1.323846
1.410403
1.224824
0.439508
-0.286983
0.787137
1.888288
1.569231
1.632678
1.681979
1.483654
0.442869
0.811927
1.429451
1.361942
1.471189
1.438695
1.174122
0.915291
0.784475
0.999327
1.260959
1.333790
1.591921
1.764895
0.373540
0.928457
1.111935
1.196672
1.160676
1.166559
1.259279
1.279867
1.153253
1.119499
1.145830
1.195411
1.365864
1.834504
-0.063254
-0.365549
-0.196128
-0.215352
-0.227383
-0.161607
-0.004300
0.080039
0.074251
0.000537
-0.181906
-0.195880
-0.117371
0.292869
-0.624724
-0.731429
-0.681570
-0.701332
-0.573584
-0.282823
-0.232633
-0.021291
-0.028444
-0.297210
-0.292993
-0.625303
-0.620590
-0.114022
-0.521865
-0.762270
-0.698231
-0.509544
-0.173803
-0.632496
-0.535301
-0.015297
-0.357694
-0.676733
-0.936900
-0.656144
-0.554649
-0.120100
-0.567382
-0.745444
-0.506692
-0.217502
-0.531167
-0.660692
-0.538649
-0.759335
-0.716711
-1.126290
-1.479684
-1.392617
-0.644651
-0.077186
-0.615381
-0.752555
-0.303660
-0.356702
-0.218494
-0.534887
-0.866536
-0.078468
-0.453112
-1.235764
-1.525946
-0.861327
-0.764255
0.242101
-0.643204
-0.669911
-0.065858
-0.022532
0.015131
-0.368650
-0.169752
-0.760782
-0.998046
-0.823788
-0.710923
-0.380432
0.396018
0.551631
-0.614885
-0.570525
0.097857
0.500821
0.126756
-0.032950
-0.854381
-1.317664
-1.674200
-1.384225
-0.307546
0.435831
0.775789
0.778931
-0.594834
-0.511694
0.147510
0.479613
0.495819
-0.197079
-0.874184
-1.422466
-1.690530
-1.266192
-0.311391
0.526330
0.734406
0.695337
-0.581770
-0.560023
0.102198
0.537657
0.457825
-0.254958
-0.398747
-0.905150
-1.025869
-0.826682
-0.494661
0.069993
0.466755
0.545595
-0.568416
-0.621293
-0.064742
0.297458
-0.005540
-0.421237
-0.556757
-0.115924
-0.037332
-0.623443
-1.184624
-0.717579
-0.387957
0.315649
-0.573997
-0.668216
-0.443645
-0.072432
-0.591898
-0.610668
-0.361828
0.295887
0.579868
-0.306802
-0.930120
-1.511725
-0.459148
0.159747
-0.495529
-0.624104
-0.505245
-0.448399
-0.206257
-0.402302
0.288528
0.758550
0.801711
0.486103
-0.586648
-0.415325
-0.235279
0.243134
-0.311928
-0.281500
-0.125639
-0.169173
0.050686
0.459355
0.658129
0.773226
0.781619
0.632786
0.400773
-0.044856
-0.012733
0.214732
0.210887
0.157308
0.417062
0.421072
0.488212
0.598885
0.751852
0.807127
0.804315
0.726923
0.520128
0.411150
0.244623
0.499870
-1.462592
0.606260
-0.616954
-0.177683
-0.016726
-0.038937
0.308203
0.754329
0.755426
0.353446
0.060324
-0.107487
2.250100
3.811679
-1.495771
-1.345234
-1.310136
-1.203197
-0.723893
-0.261040
-0.870865
-1.192778
-1.184552
-0.847558
-0.629567
-0.642455
-0.567598
1.916396
-1.577757
-1.409945
-1.340847
-1.111066
-0.820686
-1.435446
-1.527578
-1.596403
-1.597774
-1.523191
-1.037854
-0.658084
-1.117921
-0.485063
-1.560208
-1.103662
-1.044160
-0.862639
-1.495222
-1.497142
-1.382525
-1.228698
-1.200729
-1.277232
-1.368541
-1.451898
-1.363057
-0.339188
-1.551159
-1.192778
-1.096259
-1.476302
-1.553079
-1.293684
0.169182
1.311233
1.309587
0.639164
-0.470804
-1.413510
-1.377041
-0.284621
-1.539369
-1.120937
-0.989320
-1.537723
-1.432156
-0.621067
2.245439
1.427769
0.920222
1.001659
1.164809
-1.312055
-1.338105
0.144230
-1.520997
-0.874155
-1.000562
-1.506464
-1.347427
1.261602
1.446689
0.601873
0.327123
0.409383
0.715667
-1.272022
-1.302184
0.329865
-1.514965
-0.832202
-0.553065
-1.456011
-1.376493
0.292025
1.330427
0.479031
0.238830
0.377302
0.541549
-1.278877
-1.262151
0.441465
-1.538546
-0.913366
-0.458740
-0.966835
-1.431607
-1.054032
1.481512
1.070758
0.790798
0.547855
0.853042
-1.395687
-1.275587
0.821234
-1.561853
-1.242682
-0.636971
-0.029888
-1.389106
-1.357573
0.148069
0.397593
0.758442
-0.315058
-1.276683
-1.379235
-1.196342
0.270363
-1.566789
-1.301087
-1.074322
0.004661
-0.745829
-1.312055
-1.292861
-1.281345
-1.310959
-1.401719
-1.448334
-1.296152
0.589808
0.031533
-1.580225
-1.219924
-1.219375
-0.556630
-0.009048
0.030162
-0.959158
-1.426123
-1.443124
-1.422833
-0.971497
0.059776
-0.069921
-0.347688
-1.546498
-1.505368
-1.484528
-1.174680
-1.017288
-0.388818
-0.630938
-0.551420
-0.310396
-0.575001
-0.674536
-0.760636
-0.847283
-0.276121
-0.846461
-1.552530
-1.370460
-1.191955
-1.069661
-0.994530
-0.683859
-0.510015
-0.495208
-0.724167
-0.783394
-0.967384
-0.816847
2.213357
-0.090010
-1.298796
-0.771549
-0.492016
-0.219856
-0.020486
0.065962
-0.030729
-0.141226
-0.301652
-0.411654
-0.467422
-0.860619
0.183089
-1.683581
-3.431886
-2.684783
-2.241509
-1.740042
-1.446406
-1.800956
-2.119036
-2.386843
-2.175894
-2.038231
-2.043475
-2.775981
-1.223087
-1.320965
-2.911715
-1.850440
-1.165884
-0.650215
-0.850574
-1.737766
-2.442660
-2.639704
-2.572505
-2.161642
-1.819958
-2.331668
-0.947067
-1.332841
-2.936952
-1.889680
-1.206806
-1.123278
-1.300677
-2.255463
-2.445431
-2.754802
-2.862380
-2.654994
-2.116019
-2.353738
-0.758040
-1.305180
-2.703587
-1.556705
-1.185380
-1.382127
-1.748405
-1.989984
-2.296139
-2.941900
-3.412539
-3.484141
-2.715413
-2.468292
-0.595981
-1.212497
-2.373235
-1.493663
-1.690856
-2.063121
-1.888988
-1.773542
-2.417572
-3.215050
-3.245581
-3.077337
-2.493777
-2.047979
-0.223716
-1.160242
-2.194104
-1.357187
-2.080588
-2.274019
-2.298365
-2.333202
-3.530508
-4.260837
-3.692319
-3.028744
-2.211423
-1.848510
0.059628
-1.163657
-2.187473
-1.333633
-2.141799
-2.286737
-2.453299
-2.342604
-3.464447
-3.948348
-3.206785
-2.588043
-1.607773
-1.507321
0.342724
-1.269205
-2.485117
-1.345955
-1.665025
-1.874588
-1.966429
-2.079797
-2.729962
-3.161607
-2.934824
-2.573643
-1.683482
-1.333089
0.451686
-1.351843
-2.793153
-1.687787
-1.619648
-1.352932
-1.517267
-1.543493
-2.289409
-2.675431
-2.578196
-2.351313
-1.350557
-1.382919
0.155131
-1.372527
-3.036216
-2.161197
-1.584960
-1.079288
-1.002785
-1.293749
-1.830943
-2.210384
-2.345968
-1.844700
-1.020253
-1.433738
-0.368257
-1.350952
-3.053139
-2.378628
-1.894134
-1.087996
-0.844982
-0.895802
-1.389649
-1.581150
-1.595599
-1.192209
-0.870714
-1.820898
-0.793272
-1.600449
-3.497997
-3.110095
-2.751586
-2.163028
-1.644143
-1.385690
-1.350358
-1.444526
-1.657850
-1.788388
-1.888839
-2.798200
-1.322202
-0.341833
-1.452690
-1.211161
-1.078990
-0.826080
-0.479298
-0.120047
0.056560
0.051463
-0.216441
-0.492510
-0.689901
-1.177562
-0.070019
-0.378258
-0.267620
0.100096
0.219816
0.210631
0.200297
0.197166
0.158756
0.129113
0.165853
0.265532
0.476267
0.691908
-0.134854
-0.378258
-0.393915
-0.437231
-0.407066
-0.231193
-0.288808
-0.353730
-0.303108
-0.188190
-0.439736
-0.507997
-0.300081
-0.203220
-0.123372
-0.378258
-0.378258
-0.357070
-0.409675
-0.387339
-0.377736
-0.352686
-0.170028
1.240925
1.502074
-0.150093
-0.717689
-0.354565
-0.377423
-0.378258
-0.378258
-0.223364
-0.297158
-0.406753
-0.378258
-0.378258
-0.321895
0.832815
1.867493
1.441744
-0.028286
-0.516974
-0.378258
-0.378258
-0.360097
-0.427106
-0.371891
-0.342457
-0.378258
-0.378258
-0.245805
0.189547
0.577407
0.728231
0.192678
-0.282232
-0.378258
-0.378258
-0.218250
-0.300707
-0.466038
-0.363228
-0.378258
-0.366151
-0.324400
-0.016074
0.323983
-0.006889
-0.149988
-0.261462
-0.378258
-0.378258
-0.155520
0.108655
-0.305195
-0.437648
-0.373561
-0.274613
-0.162513
0.041542
0.378154
-0.158129
-0.335151
-0.332228
-0.378258
-0.378258
-0.087571
0.418443
0.039245
-0.372726
-0.393915
-0.258957
-0.156981
0.079848
0.298306
-0.011064
-0.346110
-0.378258
-0.378258
-0.378258
-0.355713
-0.165331
-0.130679
-0.095191
-0.492759
-0.250398
0.052501
0.230671
-0.222738
-0.341100
-0.238081
-0.378258
-0.378258
-0.378258
-0.387652
-0.189025
-0.217311
0.482425
0.344023
-0.301438
0.280145
0.343814
-0.267724
-0.314380
-0.368029
-0.378258
-0.378258
-0.378258
-0.378258
-0.229418
0.227226
0.572606
0.443493
-0.091538
0.002296
0.407692
-0.061582
-0.361558
-0.378258
-0.366151
-0.396211
-0.378258
-0.378258
-0.394228
-0.400490
-0.269394
-0.108029
-0.130365
-0.056989
0.021815
-0.152284
-0.280041
-0.373353
-0.315841
-0.352060
-0.378258
-0.378258
-0.299768
-0.222842
-0.189860
-0.315633
-0.360619
-0.378154
-0.431907
-0.311875
-0.140177
-0.023485
-0.148944
-0.373770
-0.378258
-0.378258
-0.299141
-0.261879
-0.265637
-0.231401
-0.223782
-0.210317
-0.214388
-0.234115
-0.185580
-0.055110
-0.045925
-0.264802
-0.621474
-0.610329
-0.263078
-0.046993
0.092157
0.103135
0.066705
0.052483
-0.025202
-0.018132
0.080928
0.398568
0.520667
-0.168510
-0.683023
-0.438575
0.034018
0.237877
0.451467
0.464359
0.180820
-0.191632
-0.133743
0.061715
0.258670
0.580386
0.497878
-0.261665
-0.676369
-0.399151
0.031440
0.062879
0.031024
0.467020
0.235382
-0.064127
0.101888
0.690508
0.407634
0.412126
0.137902
-0.430091
-0.676369
-0.318722
0.006404
-0.298594
-0.473009
0.849287
0.660566
-0.087249
0.471928
1.530729
0.802876
0.010813
-0.395491
-0.586208
-0.652747
-0.112451
0.182733
-0.342593
-0.466521
-0.205522
-0.513681
0.154620
1.121930
1.394990
0.086833
-0.320302
-0.595025
-0.684353
-0.579139
0.139067
0.678864
0.041753
-0.327871
-0.632037
-0.304416
0.165765
0.807783
0.999499
-0.050570
-0.340680
-0.676369
-0.676369
-0.560924
0.280795
1.011309
0.230558
-0.263910
-0.641519
-0.152624
0.083506
0.695415
1.138565
0.050486
-0.342093
-0.669382
-0.676369
-0.557264
0.321550
0.595025
-0.079764
-0.490309
-0.655409
-0.126341
0.079930
0.718371
1.090574
0.238625
-0.339681
-0.545453
-0.676369
-0.643515
0.137237
-0.129418
-0.512849
-0.550194
-0.677034
-0.219745
0.194543
0.826081
0.972135
0.663061
0.001830
-0.572984
-0.676701
-0.676369
-0.100474
-0.145305
-0.294684
-0.495383
-0.568409
-0.545536
0.039341
0.913331
0.716292
0.276469
-0.547449
-0.494800
-0.669382
-0.676369
-0.363635
0.108209
0.346086
-0.009482
-0.488479
-0.570572
0.461032
1.560173
0.817681
-0.127588
-0.363968
-0.315561
-0.474756
-0.676369
-0.427762
0.008650
0.345421
0.411710
-0.119521
-0.496214
0.936952
1.712131
0.705313
0.172502
0.139565
0.184230
-0.336521
-0.676369
-0.366713
0.023871
0.216751
0.326291
0.100640
-0.083590
0.222074
0.234051
0.285868
0.359726
0.739913
0.535389
-0.253347
-0.676369
-0.551192
-0.288446
-0.093903
0.015387
0.083590
0.143475
0.177992
0.110871
0.032770
0.147467
0.467519
0.679612
-0.089828
-2.567038
-2.567038
-2.567038
-2.567038
-2.567038
-2.567038
-2.567038
-2.567038
-2.567038
-2.567038
-2.567038
-2.567038
-2.530380
-2.299955
-2.567038
-2.567038
-2.567038
-2.567038
-2.567038
-2.567038
-2.380394
-1.983016
-1.977255
-2.337242
-2.538759
-2.567038
-2.528285
-2.504195
-2.567038
-2.567038
-2.567038
-2.567038
-2.479477
-2.111216
-1.572126
0.134484
-0.355902
-1.813130
-2.439781
-2.567038
-2.567038
-2.567038
-2.567038
-2.567038
-2.567038
-2.527866
-2.282149
-0.982867
0.914997
-1.180194
-1.651099
-1.537772
-2.206947
-2.164004
-2.357771
-2.567038
-2.567038
-2.567038
-2.567038
-2.338813
-1.489278
-0.995645
-1.571288
-2.040413
-2.465337
-2.409930
-2.115406
-0.163288
-1.399622
-2.216373
-2.567038
-2.567038
-2.493302
-1.966153
-0.128829
-1.814596
-2.456225
-2.567038
-2.567038
-2.567038
-2.184952
-0.798632
1.613289
-1.676237
-2.567038
-2.567038
-2.449731
-1.131910
-0.463259
-1.801609
-2.567038
-2.567038
-2.567038
-2.567038
-2.466280
-1.513892
0.513638
-1.389881
-2.567038
-2.567038
-2.443028
-1.793439
-0.025661
-1.783175
-2.556145
-2.561383
-2.567038
-2.567038
-2.520953
-1.716980
0.329717
-1.571184
-2.567038
-2.567038
-2.567038
-1.975894
0.086619
-1.578934
-2.428783
-2.555727
-2.567038
-2.567038
-2.369292
-1.111695
0.708976
-1.681997
-2.567038
-2.567038
-2.567038
-2.169869
-1.176319
-1.065925
-2.229780
-2.475287
-2.479896
-2.429621
-2.073720
-0.513952
-1.561967
-2.104513
-2.567038
-2.567038
-2.567038
-2.458529
-2.186837
-1.527822
-1.680740
-1.906871
-1.584486
-2.118443
-1.280953
-2.001450
-2.306868
-2.567038
-2.567038
-2.567038
-2.567038
-2.567038
-2.474030
-2.328548
-1.940283
-0.506202
-0.267607
-1.864557
-2.298698
-2.374319
-2.567038
-2.567038
-2.534360
-2.550071
-2.567038
-2.567038
-2.567038
-2.539911
-2.286653
-1.880267
-1.822452
-2.212917
-2.552584
-2.567038
-2.488694
-2.381860
-2.406788
-2.533103
-2.567038
-2.567038
-2.567038
-2.567038
-2.567038
-2.563372
-2.540330
-2.561383
-2.567038
-2.567038
-2.442399
-1.658955
1.000489
0.996366
0.851787
0.813135
0.842730
0.871759
1.112562
1.263287
1.183720
1.027012
0.837151
0.749578
0.708744
0.455003
1.056526
1.447487
1.366627
1.419186
1.588266
1.705110
1.771253
1.812412
1.691606
1.609371
1.526165
1.416760
1.358298
0.721924
0.812327
1.345199
1.278893
1.440129
1.808854
1.995642
1.378513
0.902972
0.922944
0.639446
1.407218
1.944295
1.692738
0.893672
0.757584
1.239190
1.245902
1.617133
2.341726
1.807398
0.536996
1.799878
1.764623
0.576537
0.826396
1.855591
2.097041
0.974857
0.717234
1.216064
1.211698
1.904269
1.917935
2.156231
2.330567
2.091785
1.978014
2.117176
1.312692
1.240969
1.908151
1.049329
0.697343
1.083210
1.117010
1.507728
1.538698
2.038256
1.932651
1.771496
1.660393
1.508295
1.837074
1.558024
1.279701
1.098978
0.675915
1.103991
1.090972
0.820574
1.270968
1.208948
1.522041
1.509184
1.398728
1.431800
1.691929
2.261350
1.805377
1.060892
0.689984
1.081027
1.024505
1.179434
0.726372
1.493174
1.614950
1.523577
1.443282
1.625866
2.030736
2.340189
2.185827
0.991352
0.719903
1.137306
0.997983
1.129624
0.721601
2.117337
2.099871
1.983027
1.967907
2.088551
2.498838
1.726295
1.830201
1.062671
0.721924
1.179353
1.093075
1.202075
1.148141
1.426383
2.123483
2.438839
2.203373
2.463017
1.425574
1.838449
1.961842
0.844671
0.715132
1.201833
1.186873
1.159704
1.597484
0.877015
1.500209
1.316170
0.834321
1.224554
1.497459
1.719179
1.572579
0.887204
0.837959
1.397273
1.338326
1.380696
1.375117
1.842977
1.407542
0.204577
0.418535
1.467056
1.679881
1.681417
1.497944
0.940248
1.104881
1.692253
1.600638
1.594331
1.687482
1.611553
1.598373
1.750634
1.678102
1.687320
1.665892
1.630475
1.695729
1.138357
0.742786
0.658853
0.630309
0.627156
0.637344
0.781518
0.822596
0.880331
0.887689
0.772300
0.720469
0.629662
0.687235
0.391366
-3.295988
-1.898495
-0.843366
-1.170603
-1.127808
-0.971014
-0.875462
-0.831929
-0.707232
-0.789502
-0.965849
-0.941869
-4.340419
-2.849218
-2.405769
-14.544186
-5.827930
-5.442771
-7.758152
-7.274859
-5.675194
-5.028466
-4.265157
-6.292778
-4.451834
-5.847115
-8.928019
-6.109789
-1.448774
-7.834889
-0.196638
-1.384581
-0.056446
-0.774007
-0.440129
-0.142774
-0.619427
-2.334566
-3.616585
-0.406188
-2.702386
-0.869559
-1.493045
-6.678674
-0.196638
-0.119163
-0.760357
-0.273374
-1.594131
-1.347688
-0.168968
-0.510225
-0.603564
-3.103777
-0.945558
-0.575156
-1.495259
-6.749508
-0.196638
-0.382577
-0.175978
-1.436230
-0.196638
-0.196638
-0.263045
-0.534574
-1.039266
-2.450040
-3.318861
-0.345684
-1.473861
-6.736965
-0.196638
-0.196638
-0.196638
-0.196638
-0.196638
-0.196638
-0.196638
-0.196638
-0.196638
-0.196638
-0.289607
-0.186308
-1.446560
-6.671295
-0.196638
-0.196638
-0.196638
-0.196638
-0.196638
-0.196638
-0.196638
-0.196638
-0.196638
-0.196638
-1.469434
-0.141299
-1.469434
-6.595296
-0.196638
-0.196638
-0.196638
-0.196638
-0.196638
-0.196638
-0.196638
-0.196638
-0.196638
-0.196638
-1.810691
-0.499157
-1.496734
-6.660965
-0.705756
-0.174502
-0.302889
-0.196638
-0.196638
-0.196638
-0.196638
-0.196638
-0.196638
-0.196638
-2.745919
-0.569253
-1.470172
-6.754673
-0.163434
-0.432013
-1.774167
-0.398809
-4.170713
-3.570100
-2.758462
-0.837832
-0.943345
-0.181881
-3.087914
-0.776590
-1.479026
-6.630713
-0.276326
-0.182250
-0.647835
-0.651524
0.064193
-1.032994
-0.875831
-1.664965
-0.007747
-0.527196
-3.099350
-0.838570
-1.436230
-6.605627
-0.196638
-0.209919
-0.447508
-0.296986
-2.445613
-0.943345
-4.248925
-3.720991
-2.612368
-0.123590
-3.004905
-0.856278
-4.661385
-8.742449
-3.539111
-3.268319
-3.187155
-2.876519
-2.498738
-2.357809
-2.545223
-3.113370
-3.295619
-3.521402
-6.330408
-0.941131
-2.219830
-5.910569
-0.364868
-0.703174
-0.693213
-0.634922
-0.572205
-0.498051
-0.477022
-0.529778
-0.617583
-0.758513
-0.549700
-1.630286
0.233234
0.420020
0.532684
0.667749
0.724301
0.599997
0.439126
0.425620
0.378951
0.380598
0.499741
0.593848
0.701571
0.879571
0.089275
0.019326
0.488211
0.578584
0.543884
0.215555
-0.138140
-0.313505
-0.393117
-0.310870
0.124853
0.308234
0.093447
0.542128
0.382026
0.512699
0.932938
0.897360
0.778986
0.292202
0.203476
0.035797
0.282209
-0.096083
0.095094
0.330525
0.046230
0.511052
0.498204
0.646776
0.897580
0.357978
-0.190409
-0.216983
0.453622
0.729352
0.291763
-0.912953
-1.217345
-0.843005
-0.475254
0.395422
0.539492
0.609770
0.633818
-0.520715
-1.551933
-1.141906
0.000659
0.523021
0.265299
-0.094436
-0.919103
-1.858191
-1.340002
-0.007248
0.521264
0.494031
0.300438
-1.054278
-2.012034
-0.940626
0.069619
0.383563
0.430891
0.491176
-0.096083
-1.854018
-2.304455
-0.527524
0.473607
0.372253
0.213908
-0.662479
-0.898569
-0.027014
0.382135
0.425949
0.372363
0.420130
0.112774
-1.326385
-2.458957
-0.695202
0.482391
0.442641
0.262444
-0.969725
-1.683924
-0.174268
0.530049
0.455268
0.387846
0.363907
0.038103
-1.290807
-1.796588
-0.401462
0.532464
0.552889
0.552559
-0.702230
-2.370561
-0.891321
0.367202
0.404647
0.331074
0.342824
-0.163396
-1.938462
-1.900138
-0.107613
0.546630
0.596703
0.845311
0.258820
-1.268735
-0.755378
-0.073024
-0.880889
-1.069212
-0.544434
-0.808635
-2.184873
-1.727847
0.148791
0.539382
0.597691
0.954351
1.003216
0.702010
0.400584
-0.242679
-3.059613
-3.548044
-2.065621
-1.404020
-1.476604
-0.810062
0.418702
0.417165
0.480854
0.861123
1.034622
0.996628
0.568262
-0.824997
-3.822128
-3.523777
-1.809326
-0.674997
-0.275731
-0.032284
0.526864
0.036237
0.016361
0.410137
0.419471
0.313615
0.027452
-0.688613
-1.593331
-1.435645
-0.504463
0.033272
0.119472
-0.095315
0.289786
0.225548
0.175365
0.500620
0.548387
0.535210
0.489749
0.412992
0.305269
0.369617
0.475144
0.553218
0.507318
0.181844
0.343263
-4.051819
-4.051819
-4.051819
-4.051819
-4.051819
-4.051819
-4.051819
-4.051819
-4.051819
-4.051819
-4.051819
-4.051819
-4.051819
-4.051819
-4.051819
-4.051819
-4.051819
-4.051819
-4.051819
-4.051819
-4.051819
-4.051819
-4.051819
-4.051819
-4.051819
-4.051819
-4.051819
-4.051819
-4.051819
-4.051819
-4.051819
-4.051819
-4.051819
-4.051819
-4.013752
-3.948193
-3.890387
-3.911535
-3.987669
-4.051819
-4.051819
-4.051819
-4.051819
-4.051819
-4.051819
-4.051819
-4.051819
-3.958767
-3.808714
-3.605388
-3.503675
-3.289170
-3.538821
-3.859370
-4.051819
-4.051819
-4.051819
-4.051819
-4.051819
-4.051819
-4.017982
-3.698340
-3.179702
-3.500553
-3.459162
-2.936497
-2.621688
-3.552618
-4.041950
-4.051819
-4.051819
-4.051819
-4.051819
-4.051819
-3.902774
-3.339221
-2.970435
-3.566616
-3.853831
-3.385446
-2.847170
-3.404479
-3.968938
-4.051819
-4.051819
-4.051819
-4.051819
-4.051819
-3.766015
-3.153519
-3.427541
-3.871857
-4.041749
-3.751513
-3.244960
-3.332172
-3.885453
-4.051819
-4.051819
-4.051819
-4.051819
-4.051819
-3.665308
-3.066005
-3.427843
-3.923217
-3.988374
-3.615761
-3.150800
-3.370843
-3.891193
-4.051819
-4.051819
-4.051819
-4.051819
-4.051819
-3.712943
-2.847976
-2.750593
-3.429656
-3.551007
-2.902156
-2.507991
-3.365103
-3.960378
-4.051819
-4.051819
-4.051819
-4.051819
-4.051819
-3.891193
-3.460069
-2.477578
-2.289257
-2.536592
-2.179185
-2.652504
-3.649900
-4.021607
-4.051819
-4.051819
-4.051819
-4.051819
-4.051819
-4.051819
-3.891193
-3.142340
-1.832050
-2.334373
-2.531858
-3.377187
-3.956148
-4.051819
-4.051819
-4.051819
-4.051819
-4.051819
-4.051819
-4.051819
-4.051819
-3.691794
-3.451610
-3.405788
-3.689881
-3.870548
-4.051819
-4.051819
-4.051819
-4.051819
-4.051819
-4.051819
-4.051819
-4.051819
-4.051819
-4.051819
-4.051819
-4.051819
-4.051819
-4.051819
-4.051819
-4.051819
-4.051819
-4.051819
-4.051819
-4.051819
-4.051819
-4.051819
-4.051819
-4.051819
-4.051819
-4.051819
-4.051819
-4.051819
-4.051819
-4.051819
-4.051819
2.249715
2.821583
2.945891
2.756732
2.639072
2.639072
2.639072
2.637316
2.624898
2.615490
2.656132
2.660146
2.639072
2.639072
2.397731
3.050130
2.930086
2.684731
2.639072
2.639072
2.614486
2.565942
2.604201
2.582375
2.663532
2.688244
2.733903
2.639072
2.502220
2.856455
2.828984
2.639072
2.639072
2.598681
2.332378
2.631671
2.872636
2.572716
2.370135
2.697902
2.923564
2.733903
2.471363
2.801012
2.811674
2.639072
2.639072
2.289981
2.424324
3.020150
2.839270
2.630166
2.450540
2.379166
2.740802
3.104946
2.540478
2.822210
2.735157
2.639072
2.637316
2.545998
2.667170
2.801137
2.678209
2.639072
2.604075
2.116627
2.640577
3.277547
2.599560
2.816691
2.658640
2.574096
2.478764
2.809165
2.687491
2.639072
2.639072
2.639072
2.639072
2.493941
2.646849
2.907758
2.607587
2.815938
2.639072
2.077490
2.432728
3.244934
2.746446
2.639072
2.639072
2.639072
2.639072
2.382679
2.475628
3.000080
2.608215
2.827479
2.639072
2.495196
2.690000
2.892455
2.678209
2.639072
2.639072
2.639072
2.639072
2.184112
2.540478
3.217839
2.600814
2.804273
2.665414
2.639072
2.639072
2.639072
2.639072
2.639072
2.639072
2.639072
2.617999
2.280949
2.643588
3.109210
2.518276
2.783325
2.765262
2.639072
2.639072
2.639072
2.639072
2.639072
2.639072
2.584632
2.319584
2.356337
2.860218
3.079858
2.478136
2.763882
2.832496
2.639072
2.639072
2.639072
2.609218
2.549134
2.642334
2.138453
2.254482
3.157002
2.977752
2.853570
2.503851
2.731519
2.801639
2.639072
2.639072
2.639072
2.381048
2.341535
2.608967
2.224252
2.864859
3.398343
2.740425
2.671686
2.396978
2.802642
2.795994
2.691003
2.658013
2.645971
2.562054
2.574974
2.541984
2.612730
2.979258
2.916288
2.649609
2.639072
2.251848
2.843911
2.871633
2.827604
2.715714
2.640954
2.601315
2.581622
2.515140
2.619755
2.788342
2.780565
2.672689
2.639072
0.009368
0.009368
0.009368
0.009368
0.009368
0.009368
0.009876
0.018373
0.006899
0.009368
0.009368
0.009368
0.009368
0.009368
0.009368
0.009368
0.009368
0.009368
0.018010
0.172619
0.151777
-0.005955
0.011401
0.093971
0.050181
-0.007916
0.009368
0.009368
0.009368
0.009368
0.009368
0.009368
0.064923
0.347562
0.378426
0.116774
0.114014
0.252211
0.373197
-0.042991
0.009368
0.009368
0.009368
0.009368
0.009368
0.009368
0.005664
0.101741
0.217571
0.021423
0.167536
0.310671
0.506310
0.067828
0.009368
0.009368
0.009368
0.009368
0.009368
0.009368
0.009368
0.051851
0.217571
0.049382
0.047349
0.041103
0.146693
-0.025199
0.009368
0.009368
0.009368
0.009368
0.009368
0.009368
0.009368
0.006536
0.078285
-0.006681
0.009368
0.009368
0.009368
0.009368
0.009368
0.009368
0.009368
0.009368
0.009368
0.009368
0.009368
0.009368
0.009368
0.009368
0.009368
0.009368
0.009368
0.009368
0.009368
0.009368
0.009368
0.009368
0.009368
0.009368
0.009368
0.009368
0.009368
0.009368
0.009368
0.009368
0.009368
0.009368
0.009368
0.009368
0.009368
0.009368
0.009368
0.029193
0.375303
0.174217
-0.062236
0.009368
0.009368
0.020552
0.212560
0.049164
0.056717
-0.010385
0.009368
0.009368
0.009368
0.139867
0.800859
0.852638
0.033405
0.000508
0.038053
0.276612
0.542403
0.212415
0.156788
0.028540
0.009368
0.009368
0.009368
0.020479
0.413937
0.677622
0.226576
0.194550
0.200070
0.666439
0.520254
0.101015
0.044226
-0.000508
0.009368
0.009368
0.009368
0.008061
0.033986
0.211979
0.239575
0.494183
0.369493
0.667383
0.286270
0.009586
0.006899
0.009368
0.009368
0.009368
0.009368
0.009368
0.009368
0.006972
0.092519
0.248507
0.072475
0.154900
0.008206
0.000726
0.009368
0.009368
0.009368
0.009368
0.009368
0.009368
0.009368
0.009368
0.007407
0.057080
-0.001743
0.009368
0.009368
0.009368
0.009368
0.009368
-0.868755
0.200326
0.248890
0.091395
0.174695
0.167107
0.172335
0.161374
0.220055
0.194762
0.142994
0.120904
0.236918
-1.426397
-0.771627
-0.109437
-0.079928
-0.105390
-0.142488
-0.041650
-0.261368
-0.155641
0.140465
-0.196954
0.041819
-0.235737
-0.223428
-1.299928
-0.904672
-0.099657
0.010792
-0.018717
-0.278905
0.058344
-0.605700
-0.115677
0.389017
-0.237255
0.052105
-0.327301
-0.176719
-1.352539
-0.844810
-0.231016
0.087516
-0.032713
-0.558991
0.520882
-0.594571
-0.236749
0.146704
-0.114665
0.367433
-0.177562
-0.558822
-1.255074
-0.878029
-0.208926
0.130178
-0.289697
0.052948
-0.346692
-0.007251
-0.084987
-0.028160
-0.152605
0.019223
0.478726
-0.757800
-1.231129
-0.932495
-0.121241
0.196617
-0.427801
-0.147378
-0.072171
0.068799
-0.167950
-0.136586
-0.002361
-0.369288
0.571301
-0.597775
-1.423699
-0.946659
-0.110618
0.044854
-0.174021
-0.326289
0.114159
0.005227
-0.121747
-0.167613
-0.014333
-0.077567
0.222922
-0.605363
-1.166377
-0.930134
-0.176719
0.101681
0.061379
-0.644315
0.232196
0.031702
-0.162723
-0.166770
0.010117
-0.052105
0.013321
-0.433871
-1.244282
-0.874825
-0.233039
0.088359
0.065258
-0.789838
0.332528
0.031701
-0.160362
-0.151425
-0.058513
-0.073689
0.366928
-0.965883
-0.955259
-0.855433
-0.218200
0.003204
-0.215334
-0.536733
0.514980
-0.069305
-0.408746
0.324940
-0.595077
0.094599
0.125625
-0.460346
-1.343771
-0.837728
-0.191726
0.023945
-0.479231
0.317015
-0.122927
0.238098
-0.764545
0.860155
-0.708055
0.151257
-0.159013
-0.194930
-1.313081
-0.856108
-0.185150
-0.002867
-0.151931
-0.132876
0.338430
-0.179923
-0.389523
0.510090
-0.375022
0.026306
-0.208589
-0.092069
-1.403801
-1.011411
-0.166938
0.086505
-0.155641
-0.069811
-0.064752
-0.060030
-0.133551
-0.081446
-0.064752
-0.125625
-0.144511
-0.174695
-1.484741
-0.963859
-0.164746
-0.085324
-0.199820
-0.186668
-0.167613
-0.178911
-0.148221
-0.162723
-0.159013
-0.148558
-0.211961
-0.210949
-1.167052
1.339785
0.915035
0.716152
0.751197
0.772050
0.749796
0.776255
0.693197
0.652545
0.647113
0.738056
0.696352
0.669717
2.203478
0.903119
-0.094798
-0.045734
0.029964
-0.082181
-0.067638
-0.017347
0.391632
-0.506931
-0.206768
-0.193626
-0.017873
-0.359040
0.916787
0.866146
-0.034870
0.067112
0.024532
0.213251
0.159807
-0.313656
-0.756630
1.651163
0.758732
0.433862
-0.183638
-0.210272
0.585433
0.912582
-0.030490
0.133172
-0.031190
0.500974
0.382170
-0.560025
-1.525175
1.320510
0.961470
-0.246895
0.653071
-0.316285
0.477844
0.909603
0.012967
0.033994
-0.066762
-0.149644
0.424925
0.028737
0.583856
0.067813
-0.004556
0.101982
0.110393
0.539874
0.387427
0.922044
-0.031015
0.048363
-0.263716
-1.254624
-0.007535
0.631518
0.028912
0.093045
0.078151
0.055021
0.689868
1.469978
0.171197
0.929929
-0.043807
-0.231825
0.864745
0.326973
0.189771
0.155251
0.117227
0.145263
0.054495
0.013668
0.200635
-0.552140
0.608212
0.930630
-0.033118
-0.256707
0.342744
0.496943
0.198357
0.075698
0.109867
0.235680
0.062381
-0.020502
0.319614
-0.127040
0.720708
0.924147
-0.011740
-0.190997
-0.187142
0.853530
0.265469
0.048363
0.128441
0.070616
0.153674
0.453137
-1.076419
-0.244442
0.741035
0.911005
0.020852
-0.089366
-0.004731
0.554593
0.301565
0.277735
0.072894
0.471185
0.013492
-0.853530
-0.179783
-0.043456
0.667965
0.902769
-0.019100
0.109867
-0.040302
-0.053619
0.529185
1.059772
0.153849
-0.787294
0.118979
-0.833379
-0.188719
0.379191
0.714575
0.942545
-0.069215
0.065009
0.114949
0.068338
-0.092695
1.280733
0.644660
-0.962346
-0.307523
0.237432
0.342569
-0.112145
0.725264
0.799210
-0.060979
-0.078677
0.018749
0.022779
-0.114073
-0.000175
0.036973
0.195203
0.156302
0.060804
0.120556
-0.235155
0.717379
1.982517
0.260738
0.544430
0.540400
0.548460
0.483276
0.435614
0.506406
0.486955
0.534267
0.551088
0.514466
0.190296
1.017017
2.724857
2.138366
2.288538
2.436433
2.548899
2.514119
2.474355
2.411513
2.385618
2.449977
2.439250
2.464496
2.258417
2.735909
1.858285
1.450028
1.581780
1.585789
1.628587
1.442444
0.939382
0.868630
0.790836
1.046105
1.534215
1.879955
1.580588
1.978877
2.241514
1.772799
1.971618
1.796093
1.330411
1.038412
0.898426
1.282305
1.258034
1.226830
1.124333
1.513737
1.784392
2.391577
2.202834
1.755029
1.938572
1.320335
1.305275
0.712934
0.239017
0.180400
0.813156
1.556752
1.519696
1.748637
1.184683
1.996105
2.145951
1.714399
1.693271
0.813156
1.092587
-0.131427
-0.515739
-0.406740
0.417575
0.504687
0.863646
1.696846
1.254459
1.597599
2.144759
1.780058
1.290973
0.724960
0.608160
-0.432310
-0.370118
0.025353
0.581506
1.030178
0.592233
1.349589
1.157271
1.526089
2.173146
1.695763
1.057915
0.687796
-0.550519
-0.638281
-0.005092
0.272821
0.434044
0.818681
0.264587
1.078718
1.146544
1.525222
2.146168
1.830332
1.217404
0.735362
-0.574356
-0.927247
-0.150496
0.213880
0.630155
0.856278
0.350399
1.036245
1.118048
1.608759
2.116805
1.706814
1.312642
0.496886
-0.337397
-1.305275
-0.453114
-0.141286
0.408366
0.188202
0.095564
0.846744
0.878490
1.827948
2.142484
1.740727
1.718841
1.197034
0.651066
-0.201203
-0.633080
-0.449538
0.178667
-0.061542
0.751614
1.377435
1.283388
1.853085
2.172930
1.724042
1.782658
1.451437
1.217079
1.119240
1.074492
1.034620
1.273420
1.477549
1.741486
1.607134
1.592832
2.060572
2.224287
1.802378
1.929471
1.998489
1.635738
1.676802
1.647548
1.616452
1.539958
1.439735
1.535407
1.862294
1.911593
2.262751
2.096436
1.533673
1.712773
1.774966
1.818847
1.741703
1.791759
1.708656
1.676368
1.729784
1.796202
1.885481
1.682436
1.914085
2.662123
1.899458
1.938788
1.943773
1.973027
1.999897
2.029368
2.027634
2.055588
2.086684
2.091126
2.115180
1.957749
2.525929
-0.405201
-0.405201
-0.405201
-0.405201
-0.405201
-0.405201
-0.405201
-0.405201
-0.405201
-0.405201
-0.405201
-0.405201
-0.405201
-0.405201
-0.405201
-0.405201
-0.405201
-0.405201
-0.405201
-0.405201
-0.405201
-0.405201
-0.405201
-0.405201
-0.405201
-0.405201
-0.405201
-0.405201
-0.405201
-0.405201
-0.405201
-0.405201
-0.405201
-0.405201
-0.405201
-0.405201
-0.405201
-0.405201
-0.405201
-0.405201
-0.405201
-0.405201
-0.405201
-0.405201
-0.405201
-0.405201
-0.405201
-0.405201
-0.405201
-0.405201
-0.405201
-0.405201
-0.405201
-0.405201
-0.405201
-0.405201
-0.405201
-0.405201
-0.405201
-0.405201
-0.405201
-0.405201
-0.405201
-0.405201
-0.405201
-0.405201
-0.405201
-0.405201
-0.405201
-0.405201
-0.405201
-0.405201
-0.405201
-0.405201
-0.405201
-0.405201
-0.405201
-0.405201
-0.405201
-0.405201
-0.405201
-0.405201
-0.405201
-0.405201
-0.405201
-0.405201
-0.405201
-0.405201
-0.405201
-0.405201
-0.405201
-0.405201
-0.405201
-0.405201
-0.405201
-0.405201
-0.405201
-0.405201
-0.405201
-0.405201
-0.405201
-0.405201
-0.405201
-0.405201
-0.405201
-0.405201
-0.405201
-0.405201
-0.405201
-0.405201
-0.405201
-0.405201
-0.405201
-0.405201
-0.405201
-0.405201
-0.405201
-0.405201
-0.405201
-0.405201
-0.405201
-0.405201
-0.405201
-0.405201
-0.405201
-0.405201
-0.405201
-0.405201
-0.405201
-0.405201
-0.405201
-0.405201
-0.405201
-0.405201
-0.405201
-0.405201
-0.405201
-0.405201
-0.405201
-0.405201
-0.405201
-0.405201
-0.405201
-0.405201
-0.405201
-0.405201
-0.405201
-0.405201
-0.405201
-0.405201
-0.405201
-0.405201
-0.405201
-0.405201
-0.405201
-0.405201
-0.405201
-0.405201
-0.405201
-0.405201
-0.405201
-0.405201
-0.405201
-0.405201
-0.405201
-0.405201
-0.405201
-0.405201
-0.405201
-0.405201
-0.405201
-0.405201
-0.405201
-0.405201
-0.405201
-0.405201
-0.405201
-0.405201
-0.405201
-0.405201
-0.405201
-0.405201
-0.405201
-0.405201
-0.405201
-0.405201
-0.405201
-0.405201
-0.405201
-0.405201
-0.405201
-0.405201
-0.405201
-0.405201
-0.405201
-0.405201
-2.047377
-0.318368
0.045933
-0.085848
-0.131149
-0.257229
0.185636
0.239489
0.674118
0.471058
-0.020591
-0.034529
-0.006969
-0.954471
0.798296
0.511923
0.526813
0.250893
0.653842
2.047061
0.441597
-0.916774
-1.569983
-0.224600
1.305151
1.176537
0.040865
0.784041
0.452368
0.215730
-0.093768
0.427659
1.036202
-2.894459
-3.454533
0.704845
0.262931
-2.287817
-2.660038
-0.977597
0.701994
-0.358917
0.287324
0.038965
0.165679
0.870841
-3.468472
-0.475810
2.302388
-2.577674
-1.712536
-0.195139
-1.313705
-2.562786
0.251210
-0.130198
0.297144
0.040549
0.702628
-1.580437
-0.706746
-1.617818
-4.467926
0.053220
0.468524
-1.735661
-2.839021
0.836627
-3.016737
-0.044033
0.274652
0.306013
0.376023
-2.505764
-0.865772
-2.864364
1.868394
1.044121
0.486898
1.157212
-0.218581
-1.973250
-0.773587
0.210345
0.269584
0.561025
-1.105260
0.022809
-2.280530
0.799563
0.642439
0.147938
0.185319
-0.075711
1.067563
-1.476848
-2.047377
0.149522
0.280671
0.344661
-0.143187
-2.724979
-0.844230
-0.038014
0.374439
0.189120
0.070010
0.071593
0.517626
-1.585506
-0.070326
-0.347829
0.341494
0.154907
0.434312
-2.000493
-3.259077
-2.033122
1.451823
0.852467
0.975063
1.870929
-1.588990
-4.072896
-2.013482
0.276553
0.319635
0.095352
0.411186
-1.248447
-0.960490
-2.503547
-1.854772
-0.005702
-1.520882
-1.948541
-3.275234
0.606642
-2.000810
0.317735
0.330090
0.093451
-0.111825
0.942117
-3.236586
-0.658595
-1.323525
-3.171645
-1.710002
-2.125623
-0.487531
-2.942293
0.356383
0.155224
0.289541
0.358600
0.075078
-0.007920
1.555728
-1.592792
-2.298904
-1.388782
-0.766301
-1.932068
-1.609581
0.233787
0.900934
0.013622
0.998504
-0.359550
-0.044983
-0.463139
-0.550888
0.587951
0.260396
-0.259763
-0.561659
0.522060
0.760917
0.511290
-0.357649
-0.143820
-1.080235
-0.214147
0.296510
0.160609
0.176132
0.099471
0.424175
0.609493
0.701361
0.415304
0.129882
0.076028
0.123863
-1.199345
0.856940
0.694985
0.601436
0.436446
0.402720
0.407749
0.524707
0.759836
0.769027
0.681720
0.475808
0.386681
0.466011
0.750299
0.798851
0.703742
0.566236
0.408789
0.494275
0.709551
0.468005
0.237037
0.311599
0.527655
0.585570
0.480143
0.466271
0.486385
0.822434
0.532596
0.216316
0.209987
0.173399
0.140974
0.138286
0.878442
0.755935
0.624845
0.405928
0.220998
0.479363
0.393964
0.831884
0.533550
0.401073
0.404541
0.202877
0.620857
0.721862
-0.006156
0.110022
0.451185
0.570224
0.034160
0.242673
0.456214
0.807521
0.552191
0.582536
0.034246
0.678599
0.219524
-0.360324
0.151204
0.227153
0.248742
-0.035807
0.819659
0.122853
0.531123
0.773708
0.663340
0.524187
0.304316
0.398212
-0.265041
0.332060
-0.382259
-0.416506
-0.005115
0.197069
-0.299374
0.447457
0.214669
0.756629
0.775356
0.411390
0.672443
0.312986
-0.157100
-0.231748
-0.586350
-0.312379
-0.287583
0.147910
-0.004075
0.365699
0.337609
0.767900
0.728191
0.571958
0.396911
0.512309
-0.185277
-0.147043
-0.571785
-0.362058
-0.255331
-0.015259
0.043176
0.409656
0.141754
0.792262
0.618776
0.724983
0.445116
0.661779
0.112970
0.320009
-0.067973
0.022802
0.395958
0.223252
0.228801
0.403761
0.301368
0.822087
0.591205
0.623024
0.425175
0.705736
0.669929
0.155192
0.407142
0.243626
0.172706
0.285329
0.381219
0.156753
0.453179
0.844976
0.580628
0.488813
0.527394
0.471907
0.738595
0.795643
0.622591
0.682674
0.677212
0.682587
0.260273
0.322089
0.470953
0.820960
0.579241
0.401853
0.233136
0.597881
0.480663
0.731225
0.786540
0.981961
0.647560
0.256284
0.255157
0.223859
0.536325
0.809775
0.739462
0.576120
0.450839
0.541526
0.740589
0.679379
0.717007
0.586003
0.651462
0.665334
0.350180
0.459509
0.659958
0.875147
0.681373
0.675911
0.568663
0.555919
0.601176
0.782552
0.840294
0.849050
0.760443
0.575600
0.493061
0.632908
0.810296
-0.740852
-0.157128
-0.018173
-0.007893
-0.007893
-0.007893
-0.007893
-0.007893
-0.007893
-0.007893
-0.007893
-0.008444
-0.033225
-0.223761
-1.154782
-0.451377
-0.041118
-0.007893
-0.007893
-0.007893
-0.007893
-0.007893
-0.007893
-0.007893
-0.007893
0.059841
0.645401
-1.037303
-1.423883
-0.605568
-0.058556
-0.007893
-0.007893
-0.007893
-0.009912
-0.078564
-0.022027
-0.015419
-0.274057
-0.099857
0.511401
-1.237935
-1.535304
-0.635305
-0.072139
-0.124821
-0.032857
-0.074893
0.133265
-0.291678
-0.034142
0.918723
-0.887518
-0.430818
0.328391
-1.303467
-1.530348
-0.634571
0.312972
-0.444585
0.160616
-0.250010
-0.539853
-0.097104
-0.022027
0.679910
-0.745441
-0.927167
-0.502407
-1.712808
-1.475831
-0.720110
-0.306730
-0.095085
0.970487
-1.531266
-0.478911
-0.052866
-0.008811
0.297369
0.208709
1.454538
-2.642361
-2.521761
-1.442422
-0.254048
-0.776647
0.274791
0.167958
-1.546869
-0.491760
-0.043871
0.105180
0.461656
-0.202468
-0.593453
-1.156618
-2.474770
-1.447562
-0.357026
-0.278646
-0.412829
0.251662
-1.518784
-0.460187
-0.037263
0.067550
0.392821
-0.456149
-0.992331
-0.100408
-2.160513
-1.510524
-0.591801
0.199898
-0.686702
0.434489
-1.287314
-0.312054
-0.037263
-0.022394
0.290394
0.265062
-1.175892
-0.084622
-1.982459
-1.507036
-0.700102
-0.003121
-0.347665
-0.209443
0.073608
-0.452845
-0.054334
0.237895
0.567938
-0.961493
-0.760677
-0.026249
-1.573302
-1.513094
-0.685233
-0.094901
-0.040200
-0.021293
0.197879
-0.326188
-0.050846
0.525719
-0.428982
-0.636957
-0.220824
0.286539
-1.307322
-1.435998
-0.632735
-0.056720
-0.007893
-0.007893
-0.042219
-0.052315
-0.022027
0.050663
-0.309300
-0.148868
-0.022211
0.503875
-1.159555
-1.351927
-0.252396
-0.025882
-0.007893
-0.007893
-0.007893
-0.007893
-0.007893
-0.026616
-0.032123
-0.015603
-0.017255
0.557842
-0.937079
-0.650357
-0.107016
-0.007893
-0.007893
-0.007893
-0.007893
-0.007893
-0.007893
-0.007893
-0.007893
-0.007893
-0.007893
0.148868
-0.393555
-0.029580
-0.029580
-0.029580
-0.029580
-0.029580
-0.029580
-0.029580
-0.029580
-0.029580
-0.029580
-0.029580
-0.029580
-0.029580
-0.029580
-0.029580
-0.029580
-0.029580
-0.029580
-0.029580
-0.029580
-0.029580
-0.029580
-0.029580
-0.029580
-0.029580
-0.029580
-0.029580
-0.029580
-0.029580
-0.029580
-0.029580
-0.029580
-0.029580
-0.029580
-0.029580
-0.029580
-0.029580
-0.029580
-0.029580
-0.029580
-0.029580
-0.029580
-0.029580
-0.029580
-0.029580
-0.029580
-0.029580
-0.029580
-0.029580
-0.029580
-0.029580
-0.029580
-0.029580
-0.029580
-0.029580
-0.029580
-0.029580
-0.029580
-0.029580
-0.029580
-0.029580
-0.029580
-0.029580
-0.029580
-0.029580
-0.029580
-0.029580
-0.029580
-0.029580
-0.029580
-0.029580
-0.029580
-0.029580
-0.029580
-0.029580
-0.029580
-0.029580
-0.029580
-0.029580
-0.029580
-0.029580
-0.029580
-0.029580
-0.029580
-0.029580
-0.029580
-0.029580
-0.029580
-0.029580
-0.029580
-0.029580
-0.029580
-0.029580
-0.029580
-0.029580
-0.029580
-0.029580
-0.029580
-0.029580
-0.029580
-0.029580
-0.029580
-0.029580
-0.029580
-0.029580
-0.029580
-0.029580
-0.029580
-0.029580
-0.029580
-0.029580
-0.029580
-0.029580
-0.029580
-0.051536
0.049706
-0.074712
-0.029580
-0.029580
-0.029580
-0.029580
-0.029580
-0.029580
-0.029580
-0.029580
-0.029580
-0.029580
-0.029580
-0.045437
0.188761
-0.067393
-0.029580
-0.092704
0.173667
-0.075627
-0.060532
-0.040863
-0.029580
-0.029580
-0.029580
-0.029580
-0.029580
-0.090569
-0.014942
-0.122283
-0.029580
-0.075169
0.580312
0.103377
-0.017534
-0.039033
-0.029580
-0.029580
-0.029580
-0.029580
-0.029580
-0.029580
-0.029580
-0.029580
-0.029580
-0.204924
-0.056110
-0.294883
-0.130212
-0.052756
-0.029580
-0.029580
-0.029580
-0.029580
-0.029580
-0.029580
-0.029580
-0.029580
-0.029580
-0.029580
-0.029580
-0.029580
-0.029580
-0.029580
-0.029580
-0.029580
-0.029580
-0.029580
-0.029580
-0.029580
-0.029580
-0.029580
-0.029580
-0.029580
-0.029580
-0.029580
-0.029580
-0.029580
-0.029580
-0.029580
-0.029580
0.310736
-1.070364
-1.173632
-1.173632
-1.173632
-1.173632
-1.173632
-1.173632
-1.173632
-1.173632
-1.173632
-1.173632
-1.064782
-0.026166
-0.882783
-1.046407
-1.173632
-1.173632
-1.173632
-1.155491
-1.100251
-1.107926
-1.180842
-1.173632
-1.173632
-1.173632
-1.123742
-1.096530
-0.931510
-1.147583
-1.173632
-1.169097
-1.088389
-0.870223
-0.518552
-0.260381
-1.013496
-0.961862
-1.048966
-1.136186
-1.178749
-1.173632
-0.816263
-1.136418
-1.169097
-1.069433
-0.760675
0.724624
2.021410
-0.868827
-0.925695
0.829055
0.543206
-0.279685
-1.114788
-1.176423
-0.864990
-1.131534
-1.138047
-0.784864
0.863711
0.148158
-0.779979
-0.934068
-1.093041
-0.959769
-0.424006
0.802773
-0.649149
-1.148513
-0.837312
-1.134325
-1.119556
-0.392374
0.824636
-0.843476
-1.096879
-1.173632
-1.173632
-1.160840
-1.039313
-0.573210
-0.934766
-1.150839
-0.805913
-1.129906
-1.130953
-0.907321
-0.833009
-1.050827
-1.173632
-1.173632
-1.173632
-1.173632
-1.155723
-1.084552
-0.493781
-1.127580
-0.801726
-1.127813
-1.137349
-0.418656
1.476111
-1.024079
-1.173632
-1.173632
-1.173632
-1.173632
-1.043616
-0.955466
-1.150141
-1.122463
-0.776723
-1.125254
-1.157002
-0.691713
2.007804
-0.697876
-1.184099
-1.173632
-1.173632
-1.096530
-0.699970
1.521582
-1.012217
-1.173632
-0.833591
-1.127115
-1.173632
-0.893016
0.890923
0.611005
-1.073155
-1.175493
-1.137349
-0.887551
0.837079
1.515884
-0.813821
-1.173632
-0.839754
-1.131534
-1.173632
-1.100716
-0.866618
0.511923
-0.688689
-1.073853
-1.065596
-0.209212
0.941278
0.198978
-0.918485
-1.173632
-0.873595
-1.133162
-1.173632
-1.173632
-1.110950
-1.066526
-0.965700
-0.292129
-0.641707
-0.688108
-0.845685
-0.962560
-1.096879
-1.173632
-0.883597
-1.145024
-1.173632
-1.173632
-1.173632
-1.173632
-1.137814
-1.100367
-1.066759
-1.115486
-1.142117
-1.166655
-1.123742
-1.100716
-0.277127
-1.094553
-1.173632
-1.173632
-1.173632
-1.173632
-1.173632
-1.173632
-1.173632
-1.173632
-1.173632
-1.173632
-1.081528
-0.202699
-1.907460
-1.794815
-2.141841
-2.053504
-2.184330
-2.232748
-2.208045
-2.066745
-2.215753
-2.328200
-2.220100
-2.366737
-1.722090
0.387737
-1.199376
-1.370518
-1.652329
-1.522292
-1.718928
-1.460239
-0.804525
-1.288306
-2.146387
-2.223460
-1.954890
-1.830190
-0.992662
1.488104
-0.887922
-1.218150
-1.456682
-1.461622
-0.795236
-0.097033
-0.165411
-1.366565
-1.892244
-2.047378
-1.453519
-1.807265
-0.860847
1.214790
-1.034163
-1.413205
-1.572291
-0.901162
0.439317
-0.601763
-0.236753
-2.226622
-1.730192
-1.749164
-1.389292
-1.526443
-1.186531
1.154911
-1.031396
-1.394233
-1.552727
-0.264618
0.257701
-1.690272
-1.019144
-1.875445
-1.776634
-1.590868
-1.747978
-2.107653
-1.258268
1.275066
-1.000962
-1.288702
-1.523083
0.080235
-0.905312
-1.972676
-1.298781
-1.615966
-1.668336
-1.785131
-1.432572
-2.650326
0.181418
0.351967
-0.936339
-1.306685
-1.341862
-0.776264
-1.483558
-1.927618
-1.625057
-1.709442
-1.739480
-1.998565
-1.049577
-1.308069
-0.098812
1.008274
-0.940885
-1.334946
-1.501542
-1.198190
-2.153699
-1.679008
-1.837502
-1.690470
-1.840466
-2.129786
-0.627256
-0.843654
-0.983374
1.056099
-0.960054
-1.193250
-1.412216
-1.265185
-1.891848
-1.920503
-2.377013
-2.155478
-2.163580
-1.875643
-0.060077
-0.515599
-1.496009
1.031791
-0.996219
-1.211431
-1.238110
-1.198981
-1.811613
-1.697387
-1.904298
-2.021489
-2.181564
-0.759269
-0.218571
-0.794841
-1.461029
1.125662
-1.044835
-1.297990
-1.367158
-1.336922
-1.636716
-1.802127
-0.778241
-1.105900
-1.660036
0.079049
-1.071316
-1.585927
-1.267161
1.170325
-1.214000
-1.408462
-1.490080
-1.414390
-1.396604
-1.498380
-0.362441
-1.874655
-1.500752
-0.625280
-1.610037
-2.104491
-1.150168
1.118548
-1.330400
-1.597192
-1.703711
-1.637112
-1.578418
-1.474665
-0.908277
-1.873667
-1.525059
-1.376447
-1.769519
-2.196583
-1.059064
1.114991
-0.120945
-1.097600
-1.280006
-1.059854
-1.070723
-1.026060
-1.021515
-1.062621
-1.135149
-1.205107
-1.248782
-1.358265
-0.597020
1.234553
-0.266887
-0.100336
-0.006906
-0.006906
-0.006906
-0.006906
-0.006906
-0.006906
-0.006906
-0.006906
-0.006906
-0.006906
-0.006906
-0.006906
-0.053621
-0.116585
-0.006906
-0.006906
-0.006906
-0.006906
-0.006906
-0.006906
-0.006906
-0.006906
-0.006906
-0.006906
-0.006906
-0.006906
-0.006906
-0.006906
-0.006906
-0.100743
-0.314008
-0.049559
-0.006906
-0.006906
-0.006906
-0.006906
-0.006906
-0.006906
-0.006906
-0.006906
-0.006906
-0.006906
-0.067229
-0.158223
-1.737607
-1.289952
-0.147052
-0.006906
-0.006906
-0.006906
-0.006906
-0.006906
-0.006906
-0.006906
-0.006906
-0.006906
0.077791
0.405001
-1.393945
-2.142202
-0.464107
-0.006906
-0.006906
-0.006906
-0.006906
-0.006906
-0.006906
-0.006906
-0.006906
-0.006906
0.717791
1.464017
-0.768975
-1.429082
-0.595519
-0.006906
-0.006906
-0.006906
-0.006906
-0.362145
-1.169508
-0.168378
-0.006906
-0.006906
0.377379
0.746226
-0.319898
-0.586379
-0.105617
-0.006906
-0.006906
-0.006906
-0.107445
0.702761
-2.505363
-0.651374
-0.006906
-0.006906
-0.006906
-0.006906
-0.006906
-0.006906
-0.006906
-0.006906
-0.006906
-0.006906
0.165535
0.668638
-3.194921
-1.391507
-0.006906
-0.006906
-0.006906
-0.006906
-0.006906
-0.006906
-0.006906
-0.006906
-0.006906
-0.006906
0.926385
0.967007
-2.555734
-1.360634
-0.006906
-0.006906
-0.006906
-0.006906
-0.006906
-0.006906
-0.006906
-0.087337
-0.270136
-0.043466
1.078311
0.493557
-1.231050
-0.879873
-0.006906
-0.006906
-0.006906
-0.006906
-0.006906
-0.006906
-0.006906
0.302634
-0.338991
-0.184830
0.643656
-0.034935
-0.500666
-0.199454
-0.006906
-0.006906
-0.006906
-0.006906
-0.006906
-0.006906
-0.006906
0.202704
0.014421
-0.216515
0.139740
-0.001219
-0.130600
-0.039810
-0.006906
-0.006906
-0.006906
-0.006906
-0.006906
-0.006906
-0.006906
-0.006906
0.045497
-0.020920
-0.039810
-0.006906
-0.140958
-0.445623
-0.006906
-0.006906
-0.006906
-0.006906
-0.006906
-0.006906
-0.006906
-0.006906
-0.006906
-0.006906
-0.006906
-0.006906
0.508994
-0.526868
-0.563888
-0.967454
-0.425365
-0.382594
-0.446199
-0.479450
-0.504147
-0.372384
-0.335960
-0.348653
-0.487728
-0.221720
-0.377489
-1.926079
-1.730850
-2.054944
-1.525962
-1.396131
-1.548176
-1.299827
-0.960556
-0.906471
-0.969248
-1.322317
-1.823153
-1.476155
-0.852938
-2.221200
-1.831431
-2.023763
-1.350187
-1.158407
-1.051893
-1.017676
-1.203110
-1.059757
-0.268630
0.498628
-1.563904
-2.048183
-1.600467
-2.264523
-1.755270
-2.104062
-1.201730
-0.390735
-1.790591
-1.811563
-1.234981
-0.835830
-0.960970
-0.165152
-0.124588
-1.854886
-2.520045
-2.519079
-1.823152
-2.147661
-0.795956
-1.685457
-0.693168
-0.563337
-1.041269
-1.043477
-0.493247
-0.685303
-1.258160
-0.837209
-3.581734
-3.257778
-2.058531
-2.033973
-0.514633
-1.789763
-1.227668
-2.267006
-1.914627
-1.077142
-1.298724
-0.900539
-0.916405
2.207954
-3.098835
-4.190740
-2.079227
-1.575632
-0.578513
-0.004967
-1.945395
-2.642288
-1.389371
-0.838451
-0.943448
-0.817756
-1.054101
-1.055894
-2.950102
-3.772963
-1.960158
-2.043493
-0.819135
-0.682544
-1.908971
-2.677608
-1.636615
-1.069967
-1.180896
-0.824378
-1.185035
-1.146955
-2.317917
-3.251017
-1.827843
-2.331025
-1.152888
-0.541675
-0.913784
-2.226029
-2.179256
-1.437799
-1.458494
-0.895710
-0.397219
-0.116448
-2.068327
-2.977144
-1.758030
-2.148627
-1.065138
-2.058532
-1.920698
-0.234413
-1.505818
-1.420138
-0.386871
-1.563491
-1.190140
-1.318315
-2.026660
-2.536602
-1.811149
-2.025832
-1.506922
-0.917785
-0.689029
-0.871427
-1.490780
-2.062533
-0.286566
-1.438488
-1.083488
-1.483743
-1.325076
-2.289771
-1.803837
-1.932425
-1.321489
-1.340529
-0.767534
-0.278012
-2.505697
-1.255539
0.111343
-0.832381
-1.546106
-1.528170
-1.084592
-2.236790
-2.028867
-1.937944
-1.160338
-1.121982
-1.486089
-1.770033
-1.286030
-0.420260
-1.149715
-1.783555
-1.581289
-1.188761
-0.779676
-2.166425
-1.312935
-1.341909
-0.829069
-0.640049
-0.585136
-0.623216
-0.483175
-0.649707
-0.684614
-0.602107
-0.685579
-0.796370
-0.770983
-1.652896
0.865220
0.865220
0.865220
0.865220
0.865220
0.865220
0.865220
0.865220
0.865220
0.865220
0.865220
0.865220
0.865220
0.865220
0.865220
0.865220
0.865220
0.865220
0.865220
0.865220
0.658683
0.755342
0.661161
0.865220
0.865220
0.865220
0.865220
0.865220
0.865220
0.865220
0.865220
0.865220
0.865220
0.865220
0.707426
0.737167
0.746255
0.865220
0.865220
0.865220
0.865220
0.865220
0.865220
0.865220
0.865220
0.865220
0.865220
0.865220
0.704947
0.749559
0.654552
0.865220
0.865220
0.865220
0.865220
0.865220
0.865220
0.865220
0.865220
0.865220
0.865220
0.865220
0.865220
0.865220
0.865220
0.865220
0.865220
0.865220
0.865220
0.865220
0.865220
0.865220
0.865220
0.865220
0.865220
0.865220
0.865220
0.865220
0.865220
0.865220
0.865220
0.780175
0.819976
0.781196
0.865220
0.865220
0.865220
0.622235
0.735952
0.625151
0.865220
0.865220
0.865220
0.865220
0.865220
0.800246
0.812492
0.816234
0.865220
0.865220
0.865220
0.521639
0.630545
0.569216
0.865220
0.865220
0.865220
0.865220
0.865220
0.799225
0.817595
0.778474
0.865220
0.865220
0.865220
0.555997
0.631226
0.526402
0.865220
0.865220
0.865220
0.865220
0.865220
0.865220
0.865220
0.865220
0.865220
0.865220
0.865220
0.742658
0.776773
0.704121
0.525041
0.465559
0.352036
0.616841
0.805203
0.865220
0.865220
0.865220
0.865220
0.865220
0.865220
0.865220
0.865220
0.865220
0.228697
0.080331
0.005297
0.497535
0.830230
0.865220
0.865220
0.865220
0.865220
0.865220
0.865220
0.865220
0.865220
0.865220
0.313499
0.113717
0.003645
0.489177
0.803259
0.865220
0.865220
0.865220
0.865220
0.865220
0.865220
0.865220
0.865220
0.865220
0.572958
0.494036
0.365400
0.654552
0.865220
0.865220
0.865220
0.865220
0.865220
0.865220
0.865220
0.865220
0.865220
0.865220
0.865220
0.865220
0.865220
0.865220
0.865220
0.865220
0.865220
0.865220
1.549443
0.942632
0.688441
0.751884
0.683998
0.484366
0.289592
0.167702
0.157013
0.233367
0.433277
0.578629
0.809220
1.264432
1.025511
-0.035540
-0.301115
-0.369695
-0.528374
-0.676779
-0.537536
-0.392601
-0.277098
-0.509632
-0.554334
-0.563219
-0.416063
0.576824
1.030509
0.119946
-0.155347
-0.311666
-0.357756
-0.380524
-0.649569
-0.768127
-0.817827
-0.813940
-0.225316
-0.343596
-0.699824
0.179780
1.114360
0.197550
-0.230869
-0.574048
-0.653179
-0.840872
-0.342901
-0.577241
-0.354702
-0.666367
0.156596
-0.004720
-0.713707
0.094957
1.108807
0.102870
-0.388159
-0.365391
-0.413842
-0.834764
-1.007047
-1.138655
-1.124356
-1.098396
-0.568494
-0.615834
-0.753828
-0.301254
1.092981
0.002776
-0.409677
-0.057613
-0.626524
-1.025372
-1.457123
-0.836291
-0.572243
-0.874468
-1.004549
-0.887796
-1.503213
-0.373582
1.076044
-0.098844
-0.493390
-0.827406
-1.403952
-1.090343
-1.016488
-0.391074
-0.121474
-0.446327
-1.142403
-1.146568
-1.215287
-0.660120
1.082847
-0.055114
-0.455906
-0.719677
-1.254436
-1.060773
-1.006353
-0.391213
-0.096346
-0.466040
-1.005381
-0.931526
-1.070908
-0.561692
1.102421
0.052754
-0.422310
-0.138826
-1.252493
-1.022318
-1.186827
-0.825046
-0.589735
-1.030092
-1.067853
-0.646932
-0.728978
-0.256135
1.112833
0.165759
-0.223650
0.122861
0.054420
-0.526291
-0.968454
-1.103810
-0.697464
-0.782704
-0.392462
-0.434388
-0.832404
-0.006108
1.082708
0.256829
-0.041509
-0.019436
-0.077049
-0.044008
-0.526569
-0.345400
-0.113282
0.032346
-0.411204
-0.669283
-0.876412
0.081908
1.008852
0.148961
-0.033318
-0.042064
-0.382189
-0.588069
-0.525597
-0.379829
-0.229619
-0.138827
-0.367335
-0.728562
-0.587236
0.172284
0.829905
-0.091764
-0.282789
-0.239337
-0.373999
-0.608060
-0.654984
-0.760214
-0.729950
-0.598898
-0.596677
-0.582099
-0.481728
0.290425
1.049806
0.295839
0.058862
0.201021
0.164648
-0.030958
-0.232534
-0.392046
-0.377331
-0.270712
-0.090515
0.000833
-0.096484
0.726757
0.898463
0.898463
0.898463
0.898463
0.898463
0.898463
0.898463
0.898463
0.898463
0.898463
0.898463
0.898463
0.898463
0.898463
0.898463
0.898463
0.898463
0.898463
0.898463
0.898463
0.898463
0.898463
0.898463
0.898463
0.898463
0.898463
0.898463
0.898463
0.898463
0.898463
0.898463
0.898463
0.898463
0.898463
0.898463
0.898463
0.898463
0.898463
0.898463
0.898463
0.898463
0.898463
0.898463
0.898463
0.898463
0.898463
0.898463
0.898463
0.898463
0.898463
0.898463
0.898463
0.898463
0.898463
0.898463
0.898463
0.898463
0.898463
0.898463
0.898463
0.898463
0.898463
0.898463
0.898463
0.898463
0.898463
0.898463
0.898463
0.898463
0.898463
0.898463
0.898463
0.889830
0.853886
0.863374
0.856536
0.898463
0.898463
0.898463
0.898463
0.898463
0.898463
0.898463
0.898463
0.898463
0.898463
0.885471
0.820165
0.787427
0.800377
0.898463
0.898463
0.898463
0.898463
0.898463
0.898463
0.898463
0.898463
0.898463
0.898463
0.886154
0.834953
0.848929
0.839996
0.898463
0.898463
0.898463
0.898463
0.898463
0.898463
0.898463
0.898463
0.898463
0.898463
0.898463
0.898463
0.898463
0.898463
0.898463
0.898463
0.898463
0.898463
0.898463
0.898463
0.898463
0.898463
0.898463
0.898463
0.898463
0.898463
0.898463
0.898463
0.898463
0.898463
0.898463
0.898463
0.898463
0.898463
0.898463
0.898463
0.898463
0.898463
0.898463
0.898463
0.898463
0.898463
0.898463
0.898463
0.898463
0.898463
0.898463
0.898463
0.898463
0.898463
0.898463
0.898463
0.898463
0.898463
0.898463
0.898463
0.898463
0.898463
0.898463
0.898463
0.898463
0.898463
0.898463
0.898463
0.898463
0.898463
0.898463
0.898463
0.898463
0.898463
0.898463
0.898463
0.898463
0.898463
0.898463
0.898463
0.898463
0.898463
0.898463
0.898463
0.898463
0.898463
0.898463
0.898463
0.898463
0.898463
0.898463
0.898463
0.898463
0.898463
0.898463
0.898463
-1.293241
-2.541138
-2.089422
-1.829092
-1.730831
-1.820501
-2.030926
-2.188967
-2.209248
-2.112316
-2.021893
-2.204909
-2.310033
-0.993455
-2.774767
-4.036347
-3.651983
-3.259428
-3.230911
-3.404671
-3.490223
-3.466533
-3.530652
-3.651275
-3.561871
-3.893628
-3.890616
-2.282844
-2.662779
-4.123581
-3.937023
-3.580911
-3.759322
-3.652117
-3.282321
-2.831492
-2.689215
-3.091070
-3.565945
-4.394585
-4.218432
-2.477594
-2.415467
-3.924625
-3.804533
-3.468215
-3.738421
-2.929000
-2.524488
-1.385170
-1.342394
-2.129276
-2.606098
-4.018679
-4.248632
-2.329030
-2.389740
-3.912536
-3.889598
-3.543715
-3.420701
-2.432161
-1.542812
-0.806499
-0.848567
-0.977558
-2.250873
-3.027039
-4.038296
-2.302593
-2.349045
-3.924580
-3.838940
-3.366545
-2.655428
-1.846760
-1.276104
-1.119968
-1.261580
-1.040615
-1.441185
-2.657643
-3.510814
-2.135209
-2.345945
-3.868033
-4.000834
-3.520866
-2.748242
-1.682431
-1.279337
-1.373922
-1.481083
-1.275086
-1.247233
-2.382079
-3.353659
-2.198621
-2.366004
-3.856343
-4.123671
-3.513427
-2.682396
-1.736898
-1.426263
-1.504685
-1.483962
-1.412934
-1.195113
-2.401873
-3.129728
-2.271552
-2.378492
-3.878660
-4.031830
-3.917495
-3.275414
-2.173558
-1.328799
-0.995404
-1.081841
-1.225136
-1.632614
-3.130923
-3.630241
-2.158059
-2.402271
-3.928876
-3.841287
-3.779824
-3.122997
-2.171343
-1.344873
-0.644517
-0.486034
-1.293197
-2.165587
-2.962653
-3.765123
-2.006705
-2.377695
-3.909569
-3.731380
-3.531892
-3.441381
-2.807447
-1.269019
-1.214863
-1.054697
-1.761430
-2.453815
-3.709638
-3.680545
-1.944223
-2.538614
-4.191332
-4.055211
-3.780577
-3.502843
-3.163027
-2.713393
-2.080256
-2.078839
-2.724153
-3.201685
-3.789876
-3.839604
-2.139283
-2.753158
-4.249164
-3.931134
-3.683954
-3.581532
-3.358309
-3.044530
-3.087085
-3.228830
-3.214438
-3.275237
-3.759721
-3.963238
-2.230060
-1.246480
-2.498982
-2.077998
-1.948740
-1.835822
-1.822361
-1.740085
-1.675745
-1.700454
-1.741148
-1.843262
-2.105939
-2.236570
-0.961927
1.050366
0.880577
0.719433
0.896058
0.955838
0.784976
0.714306
0.500219
0.239554
0.327079
0.460679
0.564924
0.823545
1.008580
0.966996
0.731161
0.517409
0.774187
0.727375
0.325370
-0.180143
-1.139131
-1.516909
-1.469628
-0.692559
-0.177228
0.452904
0.874512
0.992362
0.800022
0.539525
0.619644
0.245854
-0.411387
-1.833734
-2.765178
-2.516107
-1.545257
-0.113059
0.184600
0.442617
0.738902
1.025569
0.818318
0.677614
0.752205
0.217941
-0.655834
-1.809876
-2.446777
-2.424594
-1.859033
-0.454245
-0.247697
0.407668
0.645680
1.053281
0.821300
0.340885
-0.095701
-0.659754
-0.948298
-1.430557
-1.348259
-0.921760
-0.260732
-0.131690
-1.316191
-1.098150
-0.440573
1.012132
0.766379
-0.197467
-1.060519
-1.331572
-1.095235
-0.233958
0.399425
0.627686
0.274805
-0.615456
-1.568847
-1.689312
-0.673258
1.030093
0.753143
-0.309453
-1.220658
-1.706736
-0.999600
0.257314
1.036560
1.291998
0.923803
0.036390
-1.125191
-1.722653
-0.599707
0.965756
0.600343
-0.581612
-1.503338
-2.159305
-1.352716
-0.294609
0.640118
0.708342
0.425226
0.048119
-0.146065
-0.444929
0.258420
1.008614
0.607615
-0.227625
-0.963310
-1.546463
-1.326411
-0.900146
0.025098
-0.078042
-0.384748
-0.121670
0.324566
0.716987
0.915259
1.020074
0.628021
-0.022954
-0.886240
-1.689781
-2.144562
-2.264389
-1.016690
-0.665384
-0.040546
0.084275
0.603526
0.862650
1.056733
1.029959
0.721008
0.403781
-0.087558
-0.817313
-1.797746
-2.047755
-1.361093
-0.850654
-0.174916
0.172671
0.646619
0.908858
0.952085
0.735652
0.294911
-0.071039
-0.164796
-0.688002
-1.618842
-2.212920
-1.923672
-1.244281
-0.266328
0.097142
0.289181
0.203566
0.525753
0.638677
0.019234
-0.480616
-0.371009
-0.580205
-1.297258
-1.821571
-1.931010
-1.618775
-1.170763
-0.670846
-0.485877
-0.055960
0.377677
0.929433
0.425360
0.024763
0.141608
0.135007
-0.091244
-0.374963
-0.566365
-0.566466
-0.370473
-0.089301
0.017558
0.273834
0.646384
0.177111
0.217914
0.195721
0.193709
0.188679
0.075824
-0.027475
-0.078024
-0.078024
-0.078024
-0.072743
-0.016787
0.170446
0.179625
0.117571
0.247653
0.258718
0.195155
0.089467
-0.001635
-0.029298
0.006476
0.056773
0.010500
-0.071360
0.018233
0.258215
0.163216
-0.085443
0.042376
0.001949
-0.166297
-0.178557
-0.164033
-0.027224
0.219486
0.098395
0.116628
-0.080288
-0.068279
0.055579
-0.142154
-0.029047
0.087895
-0.077898
-0.019302
0.015781
-0.006099
0.107574
0.343344
0.366292
0.365601
0.021565
-0.091605
0.010500
-0.222756
-0.032693
0.040301
-0.088587
0.098835
0.021376
0.319076
0.683985
0.961125
0.884610
0.844246
0.447083
0.032631
0.023703
-0.156866
-0.039609
0.027601
0.062621
0.228666
0.020559
0.567232
0.639723
0.811112
0.679269
0.626646
0.508069
0.180506
0.029235
-0.098646
-0.017793
0.052184
0.176356
0.007230
-0.051178
0.314360
0.058408
0.291349
0.306438
0.158815
0.037535
0.062809
0.065701
-0.068908
-0.018673
0.060483
0.050172
-0.250797
-0.165668
0.139513
0.057717
0.427593
0.546547
0.097640
0.043130
-0.089467
0.074189
-0.006853
-0.013895
0.123355
0.076704
-0.007105
-0.057402
-0.019427
-0.218669
-0.180254
-0.071674
-0.229357
0.040112
-0.086386
0.153156
0.020371
-0.020748
0.141839
0.120337
0.113673
0.040301
-0.106694
-0.307130
-0.438281
-0.430673
-0.339761
-0.122035
-0.046337
0.261736
-0.019176
-0.056333
0.060672
0.020371
0.109900
0.150893
0.023828
-0.078024
-0.078024
-0.078024
-0.078024
-0.078024
-0.011631
0.201631
-0.081545
-0.173212
-0.065827
-0.110529
-0.072240
-0.074252
0.028418
-0.051115
-0.042187
-0.044576
-0.066959
-0.078024
-0.058282
-0.005784
-0.268275
-0.180254
-0.116188
-0.135804
-0.194337
-0.194526
-0.105751
-0.034894
-0.048789
-0.043822
-0.059917
-0.078024
-0.089341
-0.130397
-0.280912
-0.093239
-0.081168
-0.078024
-0.078024
-0.082551
-0.093239
-0.074629
-0.102859
-0.087455
-0.074881
-0.078024
-0.078024
-0.091605
-0.123669
-0.385665
0.774932
0.555948
0.710454
0.500902
0.530226
0.518393
0.527996
0.336793
0.319645
0.354627
0.346396
0.201321
-0.792595
0.139587
0.955332
0.702223
1.152538
1.102464
0.996831
0.733947
1.254913
0.400241
0.322217
0.561779
0.692963
0.759670
0.048358
0.289292
0.784364
0.723830
1.185634
0.933039
0.552347
0.681645
1.639378
0.046300
0.056247
-0.163938
0.110435
0.631915
0.248308
0.361315
0.711140
0.770816
1.075199
0.238361
0.093630
0.730689
0.864275
0.618025
0.770131
-0.749552
-0.772703
0.169425
0.374519
0.357199
0.772360
0.834265
0.592817
-0.536227
-0.445341
0.511706
1.117555
0.947787
0.875249
-0.167024
-0.638774
-0.254652
0.238533
0.341594
0.866675
0.821747
-0.316043
-1.065596
-0.422363
0.760870
0.963735
0.760013
0.923436
0.791566
-0.342280
0.078196
-0.275059
0.349139
0.870277
0.814373
-1.027526
-1.388327
-0.331820
0.902687
1.004205
0.669641
0.759841
0.972481
-0.107691
-0.589216
0.080083
0.347425
0.897028
1.151852
-0.383950
-1.846358
-0.775103
0.974710
1.048276
0.649063
0.795167
0.747838
-0.000686
-0.675129
0.106148
0.328733
0.825691
1.176717
0.477066
-1.304472
-1.127330
0.704110
1.071255
0.734805
0.880051
0.440883
0.227558
-0.480838
0.137358
0.355827
0.752125
1.017752
1.107952
-0.444313
-0.877136
0.034125
0.911775
0.989800
0.676501
-0.537771
0.356513
0.233217
0.204065
0.377091
0.732233
0.776818
1.357803
0.443970
0.008746
-0.278660
0.414817
1.382496
0.469520
-0.986370
0.431794
0.743722
0.259282
0.360286
0.758984
0.618539
1.193179
1.064224
0.686618
0.134443
0.442255
1.140019
0.655751
-0.043214
0.624541
0.491813
0.161194
0.113693
0.916405
0.786421
1.071941
0.962534
1.173115
0.995288
0.808371
0.869419
0.872506
0.682160
0.810772
0.593503
0.141302
-0.428708
0.590245
0.423563
0.524395
0.350340
0.450486
0.490270
0.489070
0.411045
0.334392
0.363544
0.370060
0.215211
-0.456145
0.586358
0.017102
-0.325707
-0.325707
-0.325707
-0.325707
-0.325707
-0.325707
-0.325707
-0.325707
-0.325707
-0.325707
0.930112
1.413602
0.057751
-0.415770
-0.325707
-0.325707
-0.271823
-0.163111
-0.264175
-0.342465
-0.325707
-0.325707
-0.325707
-0.325707
0.602257
1.112989
-0.269589
-0.339715
-0.322871
-0.191471
0.288066
0.256440
0.046235
-0.226276
-0.325707
-0.325707
-0.325707
-0.325707
0.439317
0.826298
-0.313761
-0.330090
-0.226018
0.699367
1.099325
0.351746
-0.208143
-0.365926
-0.325707
-0.246300
-0.120572
-0.315480
0.294855
0.590483
-0.300269
-0.285316
0.342293
1.540017
1.262780
-0.014609
-0.369020
-0.325707
-0.325707
0.083360
0.343238
0.112837
0.007906
0.113611
-0.282652
-0.016070
1.235795
1.839685
0.596499
-0.313761
-0.325707
-0.325707
-0.325707
-0.246300
0.141455
0.106822
-0.243120
-0.251112
-0.240284
0.437255
2.088219
1.997897
0.159244
-0.396864
-0.325707
-0.325707
-0.325707
-0.325707
0.374778
0.786853
-0.197830
-0.325707
-0.265120
0.182361
1.367797
1.246795
-0.191557
-0.339887
-0.325707
-0.325707
-0.325707
-0.303019
0.814955
1.197553
0.020539
-0.325707
-0.296230
-0.153916
0.661640
0.982964
0.227737
-0.257644
-0.330863
-0.325707
-0.325707
-0.078376
0.696274
0.521045
-0.266065
-0.186744
-0.313761
-0.310238
0.123322
0.800861
0.611710
0.142400
-0.160791
-0.356645
-0.325707
0.377528
0.720079
0.192502
0.014352
0.281277
-0.306886
-0.318058
-0.266151
0.098915
0.356387
0.546912
0.563327
-0.201440
-0.325707
-0.151424
-0.015641
-0.429091
0.305511
0.653132
-0.320379
-0.328801
-0.325707
-0.283167
-0.191901
0.469224
0.609132
-0.048126
-0.325707
-0.317199
-0.309722
-0.334988
0.443013
0.815986
-0.180127
-0.354066
-0.325707
-0.325707
-0.325707
-0.195252
-0.080610
-0.468021
-0.325707
-0.325707
-0.325707
-0.325707
0.476873
0.991558
0.088345
-0.157439
-0.325707
-0.325707
-0.325707
-0.325707
-0.325707
-0.325707
-0.325707
-0.325707
-0.325707
-0.325707
0.834377
1.224022
0.798340
1.347016
1.525697
1.322637
1.314119
1.296006
1.305503
1.258409
1.254884
1.264186
1.312650
1.438559
0.427172
0.326620
0.667535
1.046537
1.231778
1.065727
1.146207
0.858456
0.617015
0.328383
0.529975
0.770045
0.958615
0.942363
0.349531
0.369504
0.638555
0.934824
1.323224
1.180866
0.996701
0.252602
0.390652
0.517149
0.655884
0.665381
0.670864
0.751540
0.528702
0.540549
0.638555
1.015500
1.460197
0.763485
0.296465
0.385365
0.713748
0.715217
0.858749
0.590678
0.473776
0.692796
0.612707
0.626806
0.638555
1.236674
1.224925
0.615057
0.315067
0.618679
1.126821
1.451483
1.732870
1.246758
0.053066
0.487483
0.568257
0.653828
0.645604
1.371786
0.542409
0.431088
0.506379
1.012660
1.356121
1.266242
1.439636
1.641522
0.425703
0.575306
0.427270
0.549459
0.689075
1.657090
0.334551
0.337978
0.654514
1.038508
1.239023
1.048495
1.338008
1.760284
0.835447
-0.070592
0.357168
0.610553
0.705719
1.822064
1.050844
0.148232
0.491889
0.967819
1.269473
1.015598
1.427887
1.708295
0.919550
-0.258770
0.465649
0.638555
0.649422
1.610388
1.272312
0.182109
0.422178
0.923760
1.378150
1.160697
1.667664
1.596093
1.091770
-0.169576
0.376553
0.638555
0.638555
1.347016
1.310202
0.191801
0.409744
0.618581
1.232561
1.345155
1.584540
0.603895
0.180934
0.223915
0.572173
0.627197
0.638555
0.973693
1.490157
1.044089
0.783556
0.277373
0.654122
1.137395
1.253709
0.148722
0.429913
0.699355
0.648248
0.606930
0.638555
0.806467
1.292285
1.317741
1.194084
0.279820
0.414150
0.722853
0.990337
0.402989
0.959594
0.998855
0.462419
0.532618
0.680851
0.870498
1.210140
1.078454
1.062202
0.890178
0.863547
0.852483
0.927285
0.820272
1.070230
1.043697
0.312424
0.440389
0.878233
1.146892
1.334777
1.184685
1.162753
1.185663
1.203483
1.162459
1.078846
1.093239
1.258605
1.399102
0.537416
0.262197
0.089895
0.047481
0.005066
0.005066
0.005066
0.005066
0.005066
0.005066
0.005066
0.005066
0.005066
0.005066
0.005066
0.005066
0.252484
-0.108039
0.005066
0.005066
-0.038055
-0.125005
0.001885
0.280761
0.100499
0.005066
0.005066
0.005066
0.005066
0.005066
-0.082591
0.040412
0.005066
-0.260849
-0.262263
0.793859
1.074266
0.423910
-0.249421
0.005066
0.005066
0.005066
0.005066
0.005066
0.005066
0.005066
0.005066
0.072340
1.079214
1.890864
-0.132545
-0.350038
0.084593
0.005066
0.005066
0.005066
0.005066
0.005066
0.005066
0.005066
0.005066
0.197228
0.740958
0.474807
-0.403174
0.059852
0.005066
0.005066
0.005066
0.005066
0.005066
0.005066
0.005066
0.005066
0.005066
0.073401
0.005891
-0.345561
0.146566
0.010957
0.005066
0.005066
0.005066
0.005066
0.005066
0.005066
0.005066
0.005066
0.005066
0.012135
-0.024153
0.016848
0.005066
0.005066
0.005066
0.005066
0.005066
0.005066
0.005066
0.005066
0.005066
0.005066
0.005066
0.005066
0.005066
0.005066
0.005066
0.005066
0.005066
0.005066
0.005066
0.005066
0.005066
0.005066
0.005066
0.005066
0.005066
0.005066
0.005066
0.005066
0.005066
0.005066
0.005066
0.005066
0.005066
0.005066
0.005066
0.005066
0.005066
0.005066
0.005066
0.005066
0.005066
0.005066
-0.095551
0.104033
0.054550
0.005066
-0.052429
0.061619
0.033343
0.005066
0.005066
0.005066
0.005066
0.005066
0.005066
0.005066
0.095786
0.293721
-0.126890
0.005066
0.056906
0.170012
-0.070337
0.005066
0.005066
0.005066
0.005066
0.005066
0.005066
0.005066
0.029808
-0.097200
0.046303
0.005066
0.019204
-0.053372
0.028630
0.005066
-0.009308
0.019204
0.012135
0.005066
0.005066
0.005066
0.005066
0.005066
0.005066
0.005066
0.005066
0.005066
0.005066
0.005066
0.018026
0.046303
-0.013785
0.005066
0.005066
0.005066
0.005066
0.005066
0.005066
0.005066
0.005066
0.005066
0.005066
0.005066
0.358666
0.307661
0.276405
0.277693
0.277693
0.277693
0.277693
0.277693
0.277693
0.277693
0.277693
0.277693
0.277693
0.277693
0.605877
0.427531
0.293235
0.276148
0.277693
0.277693
0.277693
0.277693
0.277693
0.277693
0.452862
0.481284
0.315990
0.275890
0.927791
0.461105
0.186932
0.257085
0.277693
0.277693
0.277693
0.277693
0.277693
0.277693
0.844844
0.733904
0.381506
0.245923
0.966260
0.410272
0.173022
0.261207
0.336083
0.394215
0.332820
0.275375
0.277693
0.277693
0.692516
1.156026
0.357721
0.148206
0.836858
0.310323
0.165551
0.277693
0.695436
0.759235
0.310580
0.243948
0.277693
0.277693
0.349221
0.985065
0.468404
0.207111
0.610771
0.290058
0.209343
0.569641
1.598927
0.843556
0.150267
0.215182
0.277693
0.277693
0.277693
0.723944
1.158430
0.341664
0.527566
0.248499
0.246438
1.417576
1.975539
0.579086
0.041903
0.247468
0.277693
0.277693
0.277693
1.590168
1.328446
0.272026
0.583895
0.291518
0.249873
1.461368
1.595922
0.325435
-0.005152
0.277693
0.277693
0.277693
0.277693
1.897142
1.108627
0.080457
0.769024
0.326466
0.220850
0.509105
1.142201
0.285250
0.072987
0.277693
0.277693
0.277693
0.277693
1.317026
0.994424
0.049202
0.924528
0.363732
0.178002
0.277693
0.387088
0.375925
0.206252
0.277693
0.277693
0.438264
0.607250
1.292125
0.566635
0.127426
0.922554
0.393442
0.184528
0.276663
0.277693
0.277693
0.277693
0.277693
0.292291
0.857123
0.984549
0.809295
0.302423
0.116951
0.755457
0.392841
0.172421
0.263955
0.277693
0.277693
0.277693
0.277693
0.329214
0.789117
0.684359
0.332477
0.248155
0.217243
0.514772
0.305514
0.230982
0.266703
0.277693
0.277693
0.277693
0.277693
0.323031
0.377814
0.398937
0.262581
0.244721
0.277693
0.321829
0.272885
0.261207
0.277693
0.277693
0.277693
0.277693
0.277693
0.286108
0.285250
0.272198
0.277693
0.277693
0.277693
-0.294910
-0.307049
-0.267240
-0.331684
-0.271346
-0.307228
-0.454147
-0.393630
-0.293125
-0.220647
-0.079440
-0.255101
-0.501454
0.033204
-0.289197
-0.470571
-0.569469
-0.412374
-0.519127
-0.703178
-0.777263
-0.388274
-0.016781
-0.288662
-0.307049
-0.543227
-0.319188
-0.038203
-0.304193
-0.464680
-0.777084
-0.519663
-0.686219
-0.459324
-0.089616
-1.062890
0.383990
0.248317
0.424513
-0.014638
-0.330435
-0.125497
-0.277772
-0.532159
-0.922754
-0.604994
-0.014103
-0.380063
-1.504005
-1.161074
-0.228145
-1.184817
0.354713
1.124121
-0.142814
-0.252780
-0.312048
-0.592855
-1.169464
-0.252066
-0.159237
-0.401663
-0.643196
-1.209452
-1.276217
-1.220341
0.172626
0.982557
0.933822
-0.004641
-0.352035
-0.927574
-1.247833
0.069443
-0.093900
-0.338289
-0.929716
-1.270326
-0.928645
-1.080027
-0.806361
-0.649266
0.575360
0.696394
-0.416301
-1.159824
-1.480798
0.097470
0.007319
0.059803
-1.289428
-0.586249
-0.576431
-1.186245
-1.238729
-0.166913
1.455805
0.040880
-0.404162
-1.256045
-1.849257
-0.440580
0.998445
-0.009818
-1.391361
-0.378456
-0.487708
-1.189637
-0.897404
1.023259
0.874733
-0.277772
-0.365603
-0.999338
-1.944406
-0.513950
0.432189
0.611777
-1.269255
-0.954530
-0.605886
-1.423672
-0.784225
0.208686
0.879017
-0.277772
-0.297588
-0.747629
-1.669490
-0.572861
-0.777084
-0.051591
0.457003
-0.994518
-0.948460
-0.931323
-0.049092
0.396129
0.161379
-0.240284
-0.277772
-0.597139
-1.090381
-1.062176
-0.333648
-0.540192
-0.297409
0.289733
-0.846349
-0.507345
0.316153
-0.172804
-0.315261
-0.059268
-0.277772
-0.480568
-0.911507
-0.712818
-0.997017
-0.540906
0.269382
0.373814
-0.606243
0.200117
-0.052662
-0.492350
-0.313654
0.126033
-0.277772
-0.407911
-0.851526
-0.638376
-0.688540
-0.782618
-0.445578
-0.478961
-0.318474
-0.119428
-0.556616
-0.583393
-0.207972
0.228680
-0.277772
-0.373100
-0.426834
-0.403448
-0.481282
-0.530552
-0.607671
-0.589284
-0.379170
-0.267954
-0.297052
-0.380598
-0.571968
-0.048557
1.104149
1.104149
1.104149
1.104149
1.102613
1.096727
1.125265
1.129744
1.190787
1.162121
1.104149
1.104149
1.104149
1.104149
1.104149
1.104149
1.104149
1.104149
1.111571
1.106708
1.057951
0.661491
0.850507
1.117202
1.104149
1.104149
1.104149
1.104149
1.104149
1.104149
1.104149
1.104149
1.088792
0.886851
0.479514
0.255306
0.693868
0.921276
1.131663
1.104149
1.104149
1.104149
1.104149
1.104149
1.104149
1.104149
1.138702
1.172230
1.218045
1.697303
1.734415
1.598764
1.537977
1.124625
1.104149
1.104149
1.104149
1.104149
1.104149
1.104149
1.246199
0.993069
0.901824
0.804053
0.975664
1.158153
1.446860
1.422929
1.119506
1.104149
1.104149
1.104149
1.104149
1.104149
1.071900
0.838989
0.851275
0.699627
0.655988
0.722022
0.909758
1.445836
1.577520
1.104149
1.104149
1.104149
1.104149
1.104149
1.104149
1.102613
1.127696
0.991533
1.065885
1.012393
0.806996
0.829519
1.413331
1.104149
1.104149
1.104149
1.104149
1.099542
1.038115
0.864456
1.012137
0.867399
0.908863
0.847564
0.530703
0.782681
1.343586
1.104149
1.104149
1.104149
1.104149
1.126416
1.172742
0.704234
0.872006
0.534286
0.417575
0.799830
1.273457
1.841400
1.689496
1.104149
1.104149
1.104149
1.104149
1.099542
1.273585
1.043490
1.301867
1.422929
1.496258
1.551286
1.669533
1.092887
1.119506
1.104149
1.104149
1.104149
1.104149
1.104149
1.056543
0.936505
0.775515
1.279984
1.205120
1.148684
1.531322
1.112339
1.104149
1.104149
1.104149
1.104149
1.104149
1.104149
1.104149
1.051936
0.646518
0.558729
0.573318
0.781146
1.119506
1.104149
1.104149
1.104149
1.104149
1.104149
1.098006
1.046305
1.060638
1.049761
1.078554
1.087512
1.063326
1.089688
1.068956
1.013288
1.001515
1.109268
1.104149
1.104149
1.133839
1.113107
1.201152
1.163656
1.182212
1.161737
1.120913
1.173638
1.161353
1.182212
1.193474
1.258740
0.018333
-0.661464
-1.177926
-1.165009
-1.129801
-1.094904
-1.249385
-1.300844
-1.300844
-1.276364
-1.147197
-1.020321
-0.560421
-0.513754
-0.415003
-0.887715
-1.219593
-1.230426
-1.195426
-1.190739
-1.088134
-1.121259
-1.175322
-1.109696
-1.224280
-1.094592
-0.560629
-0.311148
-1.167509
-1.227510
-1.270427
-1.303760
-1.268864
-1.287614
-1.157822
-0.570213
-0.507191
-1.133134
-1.300844
-1.162822
-0.855007
-0.546983
-1.300844
-1.300844
-1.235635
-1.201885
-1.184280
-1.245739
-1.093342
-0.881465
-0.961258
-1.080946
-1.272302
-0.906570
-0.585525
-0.502296
-1.300844
-1.270427
-1.246468
-1.034279
-1.153759
-1.047821
-1.024800
-1.248656
-1.292510
-1.194593
-0.944174
-0.811152
0.136459
-0.257190
-1.300844
-1.212822
-1.162197
-1.134488
-0.951257
-0.931674
-1.116467
-1.256260
-1.300844
-1.140009
-1.032821
-0.899486
-0.443754
-0.206356
-1.300844
-1.190843
-1.038654
-1.144280
-1.144801
-1.012195
-1.161051
-1.287927
-1.300844
-1.236572
-1.104175
-1.239176
-0.703339
-0.281669
-1.300844
-1.213551
-1.096675
-1.227301
-1.247093
-1.202718
-1.245635
-1.291677
-1.300844
-1.258968
-1.250843
-1.189697
-0.662089
-0.173335
-1.300844
-1.265947
-1.228760
-1.280843
-1.268864
-1.292510
-1.296260
-1.300844
-1.300844
-1.300844
-1.217197
-1.095321
-0.343128
0.076980
-1.300844
-1.300844
-1.281260
-1.129071
-1.281573
-1.244593
-1.300844
-1.103134
-1.289385
-1.141259
-1.206780
-0.762506
-0.060313
-0.016250
-1.300844
-1.300844
-1.272927
-1.223447
-1.034800
-1.198551
-1.292719
-1.075217
-0.455733
-0.994904
-1.057196
-0.961987
-0.407191
-0.443545
-1.302302
-1.288344
-1.300844
-1.238031
-1.216051
-1.178551
-1.132926
-1.041466
-0.746777
-0.554171
-1.132926
-1.214385
-0.930528
-0.751360
-1.268135
-1.125426
-1.300844
-1.300844
-1.286885
-1.242301
-1.241676
-1.217510
-1.087613
-1.089175
-1.204593
-1.300844
-1.020008
-0.912403
-0.612505
-1.123759
-1.300844
-1.300844
-1.300844
-1.300844
-1.300844
-1.300844
-1.300844
-1.300844
-1.300844
-1.300844
-1.140842
-0.770006
0.270250
0.008567
-0.150719
-0.150719
-0.150719
-0.150719
-0.150719
-0.150719
-0.148310
-0.131578
-0.124350
-0.215638
-0.039487
0.242676
-0.018739
-0.162096
-0.150719
-0.150719
-0.150719
-0.150719
-0.150719
-0.150719
-0.138404
-0.038550
0.153664
-0.070005
0.114712
0.004685
-0.150719
-0.150719
-0.143491
-0.143892
-0.155538
-0.129035
-0.130239
-0.165175
-0.237456
-0.254723
1.361557
0.816907
0.316429
-0.069470
-0.150719
-0.150719
-0.178828
-0.076430
-0.122610
-0.235047
0.072147
-0.066391
-0.169994
-0.957721
2.018241
1.374808
0.137334
-0.131979
-0.150719
-0.143491
-0.131846
-0.106815
-0.158750
-0.177222
-0.080847
-0.156742
-0.155270
-0.403300
0.652268
0.080580
-0.170529
-0.142955
-0.150719
-0.171600
-0.081918
0.154735
0.006827
-0.157947
-0.145900
-0.138940
-0.153798
-0.082186
-0.049660
-0.172805
-0.150719
-0.150719
-0.150719
-0.186056
-0.316028
0.418560
0.703400
0.019676
-0.167049
-0.119799
-0.099051
-0.019275
0.164907
-0.036944
-0.116586
-0.174813
-0.150719
-0.157947
-0.190072
-0.200646
0.522698
0.031322
-0.164907
-0.145766
-0.108555
-0.040424
0.221929
-0.204260
0.220724
-0.010173
-0.150719
-0.150719
-0.150719
-0.201315
0.012315
-0.162364
-0.150853
-0.151790
-0.144160
-0.030920
-0.066659
-0.193552
-0.034266
-0.160758
-0.150719
-0.150719
-0.150719
-0.150719
-0.150719
-0.160089
-0.125956
-0.131712
-0.124216
0.288053
-0.088209
-0.151790
-0.163569
-0.150719
-0.150719
-0.150719
-0.150719
-0.150719
-0.150719
-0.153128
-0.142955
-0.056352
-0.305052
1.273347
0.514399
0.129302
-0.071210
-0.153931
-0.150719
-0.150719
-0.145900
-0.146168
-0.153931
-0.150719
-0.150719
-0.675692
0.557232
2.035910
1.010325
0.140680
-0.073619
-0.160892
-0.125688
-0.168388
-0.169458
-0.101193
-0.131979
-0.150719
-0.150719
-0.283234
0.112972
0.246692
0.026101
-0.170128
0.440779
0.069068
0.121673
-0.047652
-0.155538
-0.135192
-0.152057
-0.150719
-0.150719
-0.150719
-0.155538
-0.142420
-0.140814
-0.222866
-0.103335
0.596183
0.649212
0.264514
0.113269
-0.055317
-0.108879
-0.161123
-0.277026
-0.408954
-0.444296
-0.359563
-0.228075
-0.033257
0.209086
0.881018
0.290087
-0.509162
-0.650748
-0.885848
-1.032592
-1.114800
-1.276581
-1.396436
-1.302264
-1.174727
-0.853250
-0.611126
-0.436174
0.572931
0.123476
-0.712981
-0.727249
-0.962128
-1.068373
-1.181861
-1.079678
-0.444844
-0.685431
-0.872347
-0.632858
-0.631102
-0.488199
0.441442
0.112830
-0.667651
-0.665675
-0.937323
-0.827566
-0.342771
-0.271319
-0.577869
-0.713639
-0.640541
-0.441442
-0.153001
-0.437601
0.356929
0.136538
-0.671273
-0.781908
-0.972665
-0.234440
-0.247392
-0.719895
-0.759627
-0.745029
-0.679834
-0.349246
0.439795
-0.020086
0.372953
0.159586
-0.726151
-1.012617
-0.990775
-0.433759
-0.691029
-0.806054
-0.815164
-0.724395
-0.576223
-0.574028
-0.036659
0.363515
0.212489
0.145099
-0.798152
-1.230813
-0.982872
-0.784542
-1.104702
-0.782566
-0.646577
-0.592029
-0.518162
-0.732298
-0.563272
-0.162001
0.081659
0.167269
-0.763249
-1.285033
-1.106349
-0.808908
-1.278777
-0.835030
-0.666005
-0.605638
-0.557565
-0.738334
-0.515748
-0.267258
0.140159
0.146635
-0.689273
-1.164081
-1.311594
-0.675224
-1.044446
-0.811981
-0.770274
-0.662382
-0.594992
-0.592577
-0.292612
0.024915
0.276038
0.125013
-0.686419
-0.909335
-1.242118
-0.535174
-0.456808
-0.684114
-0.835140
-0.609150
-0.475906
-0.247502
0.239490
0.054988
0.445503
0.103500
-0.704090
-0.736578
-0.938092
-0.675553
-0.272526
-0.595211
-0.780591
-0.465259
-0.447149
0.147184
0.125342
-0.245307
0.355283
0.082427
-0.678078
-0.699700
-0.884201
-0.891225
-0.845676
-0.718029
-0.408625
-0.328941
-0.561626
-0.436174
-0.463284
-0.512565
0.237733
0.221050
-0.586431
-0.658541
-0.835469
-0.922506
-1.055202
-1.179447
-1.285801
-1.193276
-1.121934
-0.923714
-0.735261
-0.618700
0.228953
0.943689
0.477332
0.357039
0.186038
0.101745
-0.006805
-0.159696
-0.278892
-0.240807
-0.124684
0.046317
0.240038
0.388539
0.934360
-0.936430
-1.067336
-1.091690
-1.091690
-1.091690
-1.091690
-1.091690
-1.091690
-1.091690
-1.091690
-1.091690
-1.091690
-1.091690
-1.091690
-1.058812
-1.051505
-1.091690
-1.091690
-1.091690
-1.091690
-1.091690
-1.091690
-1.091690
-1.091690
-1.091690
-1.091690
-1.091690
-1.091690
-1.091690
-1.091690
-1.091690
-1.091690
-1.058710
-1.075961
-1.059218
-1.091690
-1.091690
-1.091690
-1.091690
-1.091690
-1.091690
-1.091690
-1.091690
-1.091690
-1.091690
-1.091690
-1.072410
-0.962307
-1.071395
-1.091690
-1.091690
-1.091690
-1.091690
-1.091690
-1.091690
-1.091690
-1.091690
-1.091690
-1.091690
-1.091690
-1.058710
-1.064291
-1.058203
-1.091690
-1.091690
-1.091690
-1.091690
-1.091690
-1.091690
-1.091690
-1.091690
-1.091690
-1.091690
-0.966366
-1.031920
-0.968294
-1.091690
-1.091690
-1.091690
-1.091690
-1.012538
-1.040749
-1.007464
-1.078701
-1.091690
-1.091690
-1.091690
-1.018424
-0.600034
-1.014568
-1.091690
-1.091690
-1.091690
-1.091690
-0.946477
-0.587755
-0.827748
-0.947187
-1.091690
-1.091690
-1.091690
-0.966366
-0.987575
-0.964438
-1.091690
-1.091690
-1.091690
-1.091690
-0.875544
-0.505863
-0.318131
-0.993055
-1.091690
-1.091690
-1.091690
-1.091690
-1.038922
-1.066524
-1.039734
-1.091690
-1.091690
-1.091690
-0.946477
-0.560458
-0.827444
-0.951043
-1.091690
-1.091690
-1.091690
-1.091690
-1.060841
-0.884677
-1.059218
-1.091690
-1.091690
-1.078498
-1.006246
-1.012944
-1.011320
-1.091690
-1.091690
-1.091690
-1.091690
-1.091690
-1.038922
-1.047852
-1.038110
-1.091690
-1.091690
-1.083978
-1.039937
-1.083572
-1.091690
-1.091690
-1.091690
-1.091690
-1.091690
-1.091690
-1.091690
-1.091690
-1.091690
-1.091690
-1.091690
-1.078498
-1.080731
-1.078295
-1.091690
-1.091690
-1.091690
-1.091690
-1.091690
-1.091690
-1.091690
-1.091690
-1.091690
-1.091690
-1.091690
-1.091690
-1.091690
-1.091690
-1.091690
-1.091690
-1.091690
-1.091690
-1.091690
-1.091690
-1.091690
-1.091690
-1.091690
-1.091690
-1.091690
-1.091690
-1.091690
-1.091690
-1.091690
-1.091690
1.550077
1.046724
1.078849
1.028000
1.051314
1.117399
1.030937
1.061594
1.007991
0.978619
0.934929
0.922630
0.962281
-0.384949
0.680866
0.284719
0.389722
0.378157
0.477836
0.648742
0.612945
0.561729
0.551081
0.238459
0.064801
0.236807
0.356312
-0.777241
0.604317
0.526116
0.532174
0.647457
0.632036
0.600095
0.623592
0.280313
0.671321
0.050299
0.101882
0.365674
0.308216
-0.888853
0.622674
0.468291
0.501517
0.242865
0.572743
0.935847
0.554569
0.326574
0.761821
-0.014686
-0.323453
0.313173
0.233503
-0.988532
0.615699
0.492706
0.553284
0.004589
0.700509
0.720885
0.280130
0.329327
0.525565
0.418543
-0.391374
0.125012
0.077834
-1.006155
0.636809
0.545574
0.523729
0.502619
0.637544
0.426253
0.301424
0.358331
0.346583
0.387152
0.049748
0.120056
-0.117669
-0.929422
0.605969
0.583207
0.423316
0.609457
0.581371
0.289125
0.316844
0.358332
0.303811
0.404958
-0.116201
-0.391742
0.167234
-0.700142
0.608172
0.606887
0.121157
0.600095
0.587429
0.319781
0.348418
0.380360
0.324921
0.381461
-0.193301
-0.500599
0.498580
-0.614046
0.608172
0.539884
0.315009
0.683069
0.520058
0.474349
0.412852
0.343829
0.433963
0.263792
-0.315009
-0.381829
0.607805
-0.626162
0.608172
0.508126
0.443325
0.038917
0.625979
0.859298
0.676277
0.503904
0.476001
-0.051767
-0.664162
0.068656
0.674625
-0.718315
0.615699
0.465721
0.464436
0.314825
0.303076
1.008358
0.339056
0.229281
0.148326
-0.334651
-0.028086
0.593119
0.560260
-0.844979
0.650026
0.395964
0.433596
0.308583
0.440938
0.765860
0.140065
0.277009
0.249290
0.257918
0.402756
0.538782
0.441489
-0.914920
0.730431
0.321066
0.347317
0.344564
0.370264
0.449750
0.280130
0.428089
0.375587
0.447731
0.396331
0.497111
0.315926
-1.068937
0.931074
0.634974
0.682335
0.676644
0.710054
0.734469
0.711339
0.705832
0.698673
0.715194
0.722170
0.755764
0.539149
-0.657002
-1.282207
-0.152392
0.107676
0.070745
-0.227365
-0.824920
-0.863074
-0.609569
-0.729146
-0.887212
-0.912239
-0.691660
-0.388211
-1.500785
-1.270417
-0.827923
-0.509902
-0.951728
-1.221251
-1.136823
-0.941717
-0.899225
-0.920026
-1.014353
-1.354733
-1.292664
-1.495112
-1.469416
-1.311796
-1.209015
-1.356846
-1.487214
-1.585435
-1.372419
-0.809569
0.051280
-0.301558
-0.735042
-1.461630
-1.673533
-1.781542
-1.666191
-1.403009
-1.537270
-1.518471
-1.637270
-1.721364
-1.391329
-0.888213
-1.501007
-1.134932
-1.418582
-1.409016
-1.747838
-1.758183
-1.750063
-1.536602
-1.752732
-1.552731
-1.734045
-1.755179
-1.542275
-1.705124
-1.591664
-1.542720
-1.647504
-1.645279
-1.755179
-1.755179
-1.755179
-1.651731
-1.724478
-1.672643
-1.755179
-1.755179
-1.714801
-1.791887
-1.708683
-1.755179
-1.755179
-1.755179
-1.755179
-1.755179
-1.755179
-1.738939
-1.645390
-1.736047
-1.755179
-1.755179
-1.755179
-1.755179
-1.755179
-1.755179
-1.755179
-1.755179
-1.755179
-1.755179
-1.755179
-1.670752
-1.518360
-1.634489
-1.636047
-1.710018
-1.755179
-1.755179
-1.755179
-1.755179
-1.755179
-1.596113
-1.004787
-0.728256
-1.419694
-1.511018
-1.534934
-1.260517
-0.973530
-0.489879
-1.285322
-1.716470
-1.755179
-1.755179
-1.755179
-1.215689
-0.305452
-0.799558
-0.613684
-1.410684
-1.434044
-0.769970
-0.697889
-1.006233
-0.265963
-1.437937
-1.646725
-1.499895
-1.419805
-0.557733
-0.647389
-1.547281
-0.726699
-1.481652
-1.532820
-1.080316
-0.849837
-1.006233
-1.000894
-0.525364
-0.144606
-0.253839
0.403005
-0.744497
-0.566187
-1.476090
-1.278648
-1.389661
-1.437269
-1.075088
-0.946945
-0.852840
-0.816132
0.352393
0.039600
0.493884
0.164183
-0.449612
-0.643162
-1.217469
-1.282652
-0.954064
-0.595442
-0.138265
-0.223249
-0.057731
0.045050
0.349835
0.104227
0.346942
0.240379
0.065184
-0.063960
-0.656176
-1.096000
-1.362074
-1.483098
-1.001895
-1.159960
-1.043386
-1.033819
-0.996556
-1.003230
-0.970415
-1.002451
-1.033263
-1.199449
-1.285100
-1.587437
1.910805
1.899665
1.903378
1.914519
1.903997
1.903997
1.903997
1.903997
1.903997
1.903997
1.903997
1.908082
1.850029
1.669680
1.872805
1.853990
1.854114
1.885059
1.937666
1.903997
1.903997
1.903997
1.903997
1.903997
1.903997
1.902760
1.905111
2.064665
1.624376
1.642572
1.632794
1.684286
1.822797
1.928506
1.929249
1.882583
1.952891
1.935314
1.943979
1.887411
1.848296
1.788634
2.194387
2.210726
2.132745
2.237092
1.956604
1.780093
1.678097
1.228773
1.267269
1.611256
1.844335
1.958956
2.146608
2.393922
2.040528
1.976657
2.044612
1.823540
1.574369
1.317400
1.840250
2.379935
1.892857
1.504804
1.230629
1.545899
1.871072
2.201814
2.060704
1.964155
2.179534
1.844459
1.979009
2.322129
1.292644
1.813019
2.152550
1.823169
1.718079
1.905854
1.773037
2.263457
2.026788
1.997205
1.709043
1.346612
1.713375
2.420411
2.733329
3.062091
3.042162
2.951555
2.581574
1.860798
1.320123
2.115291
2.035824
2.183371
1.855599
2.175573
2.623783
2.725903
2.685550
2.121233
2.092763
2.423753
3.071127
2.589372
2.432913
1.879489
2.079271
2.238206
2.105018
2.424620
2.628735
2.077167
2.807474
2.391694
2.345152
2.624526
2.403948
1.913281
2.781975
2.056619
2.045231
2.200824
2.518446
2.176563
1.697655
1.762887
2.205404
2.155273
1.985074
2.152426
1.681934
1.487846
1.599001
2.334755
2.054886
2.106503
2.348123
2.112816
2.104894
1.731076
1.771181
1.903874
1.906102
1.821436
1.825273
2.767988
1.675869
2.398997
2.110835
2.178420
2.358892
2.336983
1.664729
2.282396
1.931724
1.887658
1.896323
1.979256
2.372013
1.889639
2.380183
2.659680
2.096477
1.981484
1.922565
2.102789
2.572414
1.864388
1.882088
1.881964
1.849534
1.880108
1.913900
2.083851
2.236844
2.431304
2.076300
1.910929
1.903997
1.903997
1.923926
2.054763
1.918604
1.979999
1.992748
1.910310
1.925535
1.904864
1.903997
1.903997
1.730555
1.730555
1.730555
1.730555
1.764087
1.801993
1.763115
1.701761
1.680014
1.697023
1.716097
1.730555
1.730555
1.730555
1.730555
1.730555
1.730555
1.786442
1.882908
1.697752
1.661061
1.738574
1.726667
1.725817
1.727396
1.730555
1.730555
1.730555
1.730555
1.730555
1.764087
1.934421
1.758742
1.571763
1.668229
1.730555
1.730555
1.730555
1.730555
1.730555
1.730555
1.730555
1.730555
1.730555
1.840871
1.821189
1.659603
1.657052
1.721079
1.730555
1.730555
1.769676
1.756069
1.707593
1.730555
1.730555
1.730555
1.741733
1.804423
1.757527
1.682808
1.706621
1.730555
1.730555
1.730555
1.890927
1.811227
1.657781
1.681350
1.730555
1.730555
1.819489
1.768947
1.677584
1.725817
1.727396
1.730555
1.730555
1.730555
1.957748
2.134279
1.585492
1.428401
1.730555
1.730555
1.979617
1.796405
1.577109
1.694472
1.730555
1.730555
1.730555
1.730555
1.968440
2.306921
1.498988
1.261347
1.730555
1.730555
2.045953
1.953131
1.470437
1.538717
1.730555
1.730555
1.730555
1.764087
1.969169
2.131241
1.557184
1.446017
1.730555
1.730555
1.940982
1.944505
1.541754
1.551231
1.730555
1.730555
1.730555
1.829694
1.962122
1.665313
1.534464
1.686332
1.730555
1.730555
1.791788
1.833582
1.732135
1.676005
1.730555
1.730555
1.730555
1.769676
1.821918
1.730434
1.686332
1.730555
1.730555
1.730555
1.736144
1.847797
1.756555
1.686210
1.705406
1.720714
1.730555
1.747078
1.725938
1.716097
1.730555
1.730555
1.730555
1.730555
1.730555
1.769676
1.923366
1.740761
1.624248
1.696658
1.704313
1.736144
1.732135
1.727396
1.730555
1.730555
1.730555
1.730555
1.730555
1.730555
1.792031
1.863834
1.805031
1.608576
1.622183
1.723994
1.730555
1.730555
1.780854
1.763358
1.701032
1.730555
1.730555
1.730555
1.730555
1.764087
1.784741
1.757284
1.696051
1.701640
1.730555
1.730555
1.879263
1.689004
1.600435
-2.120995
-1.675371
-1.770518
-1.860507
-2.005888
-2.143950
-2.127482
-2.111513
-2.086563
-2.110515
-2.058285
-1.935693
-1.684021
-1.748062
-1.116970
-1.440001
-1.475764
-1.536811
-1.606673
-1.458797
-1.140424
-0.758175
-0.619947
-0.837020
-1.236900
-1.559100
-1.726105
-1.245384
-1.022156
-0.939985
-0.841844
-0.849163
-0.296583
0.248179
0.449283
0.196779
0.331015
0.870621
0.312219
-0.660368
-1.217439
-1.055591
-0.619615
-0.487042
-0.650554
-0.584683
-0.061878
0.149206
-0.238364
-0.857647
-1.250041
-0.741209
0.239030
-0.014139
-0.527629
-0.435976
-0.588176
-0.514155
-0.486709
-0.245683
-0.500848
-1.333876
-2.252902
-2.628663
-2.598888
-2.893808
-1.862170
-0.066869
0.300908
-0.261652
-0.571709
-0.359460
-0.138727
0.450614
-0.251505
-1.608835
-2.094214
-1.355002
-1.055590
-1.518347
-1.764862
-0.682990
0.433813
-0.444625
-0.519645
-0.425497
-0.197944
0.254000
-0.148708
-1.098007
-0.858146
-0.469410
-0.489537
-0.671845
-1.191490
-0.530290
-0.300077
-0.399714
-0.578529
-0.410858
-0.638577
-0.693968
-0.434811
-0.521474
-0.504508
-0.651718
-0.704780
-0.623773
-0.396387
-0.398716
-0.565222
-0.400712
-0.629761
-0.419675
-0.626767
-0.791111
-0.019961
0.203932
0.011810
-0.327689
-0.370771
-0.050235
0.607804
0.202934
-0.659702
-0.521641
-0.597658
-0.464254
-0.447121
-1.000865
-0.631258
1.109983
1.312585
1.505538
1.665557
1.372799
1.059582
-0.541269
-1.397751
-0.533617
-0.587844
-0.449449
-0.561396
-0.823880
-1.328221
-0.131741
1.617485
1.889117
2.118001
1.396919
-0.126085
-1.320736
-0.812236
-0.512326
-0.608802
-0.454606
-0.557903
-0.771483
-1.186999
-1.500050
-0.935493
-0.018131
-0.481387
-0.612628
-0.839016
-0.585349
-0.629262
-0.478060
-0.181809
-0.003826
-0.132074
-0.160185
-0.514821
-0.851825
-1.200971
-1.746398
-1.664559
-1.204963
-0.661366
-0.365115
-0.151701
-0.077015
0.477893
1.152899
0.809741
0.786786
0.789447
0.587511
0.360291
0.167337
-0.034100
0.284607
0.509664
0.708772
0.910542
0.485878
-0.920626
-2.285994
-2.068072
-1.819009
-1.769003
-1.817883
-1.821367
-1.851756
-1.885790
-1.953107
-1.895223
-1.791138
-1.840662
-0.757478
-2.720500
-4.779567
-4.270241
-3.848972
-3.618401
-3.560999
-3.726076
-4.041276
-4.082653
-4.014157
-3.806417
-3.724736
-4.000276
-2.545830
-3.189362
-5.181004
-4.392601
-3.755983
-3.581795
-3.839057
-4.035274
-3.903588
-3.849079
-4.103448
-4.163369
-4.066574
-4.415862
-2.990626
-3.039935
-5.015069
-4.215250
-3.484731
-3.358727
-3.357708
-3.378664
-2.995825
-2.896136
-2.933814
-3.507778
-3.870518
-4.430601
-2.815527
-3.080508
-5.046638
-4.051942
-3.465865
-3.361299
-3.165243
-2.710960
-2.157684
-2.291354
-2.324637
-2.944855
-3.500060
-4.351546
-2.617273
-3.070592
-4.931621
-3.829999
-3.494057
-3.239153
-2.644875
-1.858884
-2.062551
-2.422290
-2.057620
-2.036395
-2.773346
-3.898388
-2.531251
-3.073004
-4.887939
-3.792643
-3.702118
-3.477175
-2.754641
-1.992447
-2.459539
-2.677516
-2.465113
-2.070483
-2.553601
-3.609611
-2.623437
-3.054888
-4.909806
-3.829732
-3.843184
-3.554567
-2.860655
-2.107893
-2.662080
-2.791998
-2.461362
-2.014207
-2.510295
-3.640107
-2.622204
-3.076970
-5.064754
-4.059285
-4.035006
-3.746389
-3.015709
-1.969347
-2.419020
-2.643268
-2.183089
-2.129868
-2.882683
-4.012227
-2.627939
-3.112344
-5.154849
-4.269008
-3.993307
-3.867517
-3.260376
-2.055476
-1.837071
-1.916018
-1.872498
-2.299822
-3.267773
-4.244300
-2.650128
-3.121455
-5.168141
-4.460078
-4.029057
-3.892386
-3.559820
-2.741242
-2.220339
-1.955090
-2.307379
-2.869445
-3.791785
-4.342167
-2.775169
-3.180411
-5.250197
-4.605432
-4.156080
-3.962275
-3.875342
-3.343559
-2.899029
-2.590743
-3.102428
-3.540418
-3.958953
-4.303844
-2.930438
-3.548726
-5.956812
-5.500064
-5.128533
-4.890351
-4.786588
-4.734170
-4.724309
-4.599805
-4.768419
-4.838308
-4.875130
-5.187382
-3.458040
-1.817454
-3.714177
-3.519891
-3.284978
-3.219429
-3.144716
-3.048993
-2.982694
-2.976906
-3.066143
-3.107842
-3.124027
-3.284227
-1.919609
1.200978
1.200978
1.200978
1.200978
1.200978
1.200978
1.200978
1.200978
1.200978
1.200978
1.200978
1.200978
1.200978
1.200978
1.200978
1.200978
1.200978
1.200978
1.200978
1.196890
1.172483
1.144493
1.130569
1.129881
1.185759
1.200978
1.200978
1.200978
1.200978
1.200978
1.196890
1.192923
1.152062
1.038263
0.985805
1.041562
1.032556
1.023185
1.122899
1.195048
1.200027
1.200978
1.200978
1.200978
1.190171
1.166249
1.007480
0.809550
0.855613
0.993900
1.062468
1.050102
1.082301
1.108793
1.178716
1.200978
1.200978
1.200978
1.192519
1.075461
0.816006
0.766483
0.915983
1.127878
1.179384
1.139413
1.069834
1.014928
1.117576
1.200978
1.200978
1.200978
1.199238
0.993799
0.767799
0.836265
1.115047
1.198145
1.200978
1.194259
1.109420
1.014523
1.095901
1.193369
1.200978
1.200978
1.200978
1.044213
0.858790
1.023813
1.192478
1.200978
1.200978
1.191061
1.151556
1.086733
1.144170
1.175073
1.200978
1.200978
1.200978
1.114986
0.987343
1.103956
1.193369
1.200978
1.200978
1.169144
1.076189
1.046014
1.134779
1.196445
1.200978
1.200978
1.200978
1.154896
1.044375
1.042917
1.140749
1.193146
1.187763
1.116524
0.943912
0.911106
1.093412
1.200978
1.200978
1.200978
1.200978
1.188916
1.092825
1.021930
1.005072
1.033102
1.059837
1.017174
0.878016
0.920921
1.105858
1.200978
1.200978
1.200978
1.200978
1.200108
1.172827
1.075319
1.009605
0.959172
0.989185
0.984753
0.985360
1.037170
1.186811
1.200978
1.200978
1.200978
1.200978
1.200978
1.198368
1.178089
1.129213
1.097257
1.117253
1.140689
1.120471
1.187945
1.200978
1.200978
1.200978
1.200978
1.200978
1.200978
1.200978
1.200978
1.200978
1.200978
1.200978
1.200978
1.200978
1.200978
1.200978
1.200978
1.200978
1.200978
1.200978
1.200978
1.200978
1.200978
1.200978
1.200978
1.200978
1.200978
1.200978
1.200978
1.200978
1.200978
5.464875
1.783063
1.599912
1.844415
1.841925
1.536296
1.339335
1.164787
1.134224
1.083965
1.373746
1.538333
1.801174
3.676605
3.627252
-0.736226
-0.395280
-0.240655
-0.295668
-0.219827
-0.289782
-0.130402
-0.089425
-0.378754
-0.120667
-0.423353
-0.464783
1.638625
1.514789
-0.990238
-0.629143
-0.634577
-0.599712
-0.072898
-0.357246
-0.539718
-0.509382
-0.256276
0.234316
-0.609900
-0.736000
-0.076747
1.155278
-0.849875
-0.629143
-0.627785
-0.656084
-0.450294
-0.521607
-0.692986
-0.685288
-0.572772
-0.315590
-0.761582
-0.642727
-0.546057
1.126979
-0.858478
-0.629143
-0.636161
-0.607183
-0.631181
-0.428107
-0.624615
-0.629143
-0.629143
-0.629143
-0.627785
-0.578884
-0.628011
1.105019
-0.851007
-0.629143
-0.629143
-0.629143
-0.657216
-0.541303
-0.659027
-0.629143
-0.629143
-0.634577
-0.621672
-0.611937
-0.636614
1.105019
-0.851007
-0.629143
-0.629143
-0.629143
-0.629143
-0.629143
-0.629143
-0.629143
-0.629143
-0.633218
-0.564395
-0.632766
-0.629143
1.105019
-0.851007
-0.629143
-0.629143
-0.629143
-0.629143
-0.629143
-0.629143
-0.629143
-0.629143
-0.634803
-0.556924
-0.635482
-0.629143
1.105019
-0.851007
-0.629143
-0.629143
-0.629143
-0.629143
-0.629143
-0.645443
-0.585676
-0.643406
-0.636161
-0.607183
-0.636614
-0.629143
1.090530
-0.846253
-0.629143
-0.629143
-0.629143
-0.629143
-0.803012
-0.362454
-0.181340
-0.569829
-0.705211
-0.629143
-0.634577
-0.614654
1.025782
-0.842631
-0.629143
-0.629143
-0.629143
-0.629143
-0.585676
1.008350
1.310809
0.272350
-0.547642
-0.662423
-0.649518
-0.520928
1.054986
-0.869571
-0.629143
-0.629143
-0.629143
-0.629143
-0.891758
-0.122704
-0.088972
-0.175907
-0.387809
-0.621220
-0.706796
-0.203300
1.826757
-0.757507
-0.582959
-0.526135
-0.510287
-0.516853
-0.564848
-0.198319
-0.282084
-0.419278
-0.446898
-0.580243
-0.594732
0.656989
3.274986
0.694571
0.489233
0.583186
0.632992
0.526814
0.222770
0.319213
0.268727
0.268727
0.479272
0.637520
0.715172
1.869998
-0.703597
-0.237323
0.537533
0.339491
0.056591
0.009217
-0.015679
-0.030010
0.051758
0.002023
-0.027762
-0.145159
-0.414234
-0.809980
-0.466779
0.376245
0.820376
0.796211
0.406704
0.303974
0.281439
0.394397
0.690728
0.558101
0.412324
0.155050
-0.007755
-0.540230
-0.515166
0.385574
0.502072
0.516795
0.178203
0.272110
0.475040
0.848475
1.449849
1.170208
0.107394
-0.431712
-0.171684
-0.364893
-0.525337
0.279303
0.303300
0.104022
0.077160
0.818016
1.681721
0.872079
0.633181
0.248451
-0.704271
-0.705508
-0.455484
-0.007306
-0.538881
0.183655
0.123298
-0.331848
-0.153139
0.772102
2.086064
0.912147
0.366073
-0.308751
-0.832908
-0.424575
0.040519
0.521010
-0.598900
0.002810
-0.233277
-0.784634
-0.491844
0.247271
1.190945
0.828188
0.143473
-0.363769
-0.717253
-0.490944
-0.001349
0.412998
-0.621548
-0.038327
-0.343594
-0.916137
-0.579006
0.087444
0.741699
0.735180
0.051084
-0.288407
-0.732764
-0.799302
-0.581760
-0.062829
-0.596428
-0.013881
-0.288070
-0.897592
-0.518425
0.192309
0.999366
0.730347
0.062998
-0.280483
-0.821837
-0.855331
-0.850723
-0.366466
-0.553043
0.069573
-0.109473
-0.690615
-0.299310
0.724615
1.310478
0.703822
0.091659
-0.407772
-0.871685
-0.736136
-0.575972
-0.031302
-0.525394
0.217092
0.132458
-0.300771
-0.278460
0.591595
0.968008
0.452393
-0.067718
-0.746813
-0.842574
-0.500273
-0.180957
-0.004945
-0.532868
0.315214
0.346460
0.068899
-0.291835
0.053163
0.756760
0.244517
-0.270930
-0.903212
-0.766201
-0.381078
-0.200064
-0.238504
-0.528990
0.330612
0.496227
0.406704
0.024840
-0.055467
0.188319
0.346179
-0.214676
-0.719951
-0.500329
-0.095030
-0.003091
-0.479649
-0.524494
0.326959
0.602216
0.512187
0.202987
0.157523
-0.002922
0.272728
0.182531
0.139596
0.149037
0.107450
-0.078958
-0.631158
-0.543489
0.268851
0.578107
0.548547
0.281045
0.285991
0.220801
0.272054
0.296388
0.358261
0.315495
0.184666
-0.118577
-0.603452
-0.933447
-0.933447
-0.933447
-0.933447
-0.933447
-0.933447
-0.933447
-0.933447
-0.933447
-0.933447
-0.933447
-0.933447
-0.933447
-0.933447
-0.933447
-0.933447
-0.933447
-0.933447
-0.933447
-0.933447
-0.933447
-0.933447
-0.933447
-0.933447
-0.933447
-0.933447
-0.933447
-0.933447
-0.933447
-0.933447
-0.933447
-0.933447
-0.933447
-0.933447
-0.933447
-0.921295
-0.827819
-0.929240
-0.933447
-0.933447
-0.933447
-0.933447
-0.933447
-0.933447
-0.933447
-0.933447
-0.933447
-0.933447
-0.933447
-0.875118
-0.747057
-0.846328
-0.595439
-0.919986
-0.933447
-0.933447
-0.933447
-0.933447
-0.933447
-0.933447
-0.933447
-0.904282
-0.677511
-0.833802
-0.938307
-0.618715
-0.940364
-0.803329
-0.933447
-0.933447
-0.933447
-0.933447
-0.933447
-0.933447
-0.933447
-0.845954
-0.935129
-0.831558
-0.905965
-0.932325
-0.928025
-0.919986
-0.764443
-0.926717
-0.933447
-0.933447
-0.923725
-0.814920
-0.634325
-0.914939
-0.965415
-0.940644
-0.930456
-0.949712
-0.935690
-0.875118
-0.939429
-0.868388
-0.933447
-0.933447
-0.904282
-0.834363
-0.911387
-0.819594
-0.933447
-0.933447
-0.933447
-0.933447
-0.933447
-0.928960
-0.955133
-0.936438
-0.933447
-0.933447
-0.931203
-0.936438
-0.972893
-0.938681
-0.933447
-0.933447
-0.933447
-0.933447
-0.933447
-0.933447
-0.933447
-0.933447
-0.933447
-0.933447
-0.933447
-0.923725
-0.848945
-0.930082
-0.933447
-0.933447
-0.933447
-0.933447
-0.933447
-0.933447
-0.933447
-0.933447
-0.933447
-0.933447
-0.933447
-0.904282
-0.936438
-0.900917
-0.933447
-0.933447
-0.933447
-0.933447
-0.933447
-0.933447
-0.933447
-0.933447
-0.933447
-0.933447
-0.933447
-0.931203
-0.944290
-0.934942
-0.933447
-0.933447
-0.933447
-0.933447
-0.933447
-0.933447
-0.933447
-0.933447
-0.933447
-0.933447
-0.933447
-0.933447
-0.933447
-0.933447
-0.933447
-0.933447
-0.933447
-0.933447
-0.933447
-0.933447
-0.933447
-0.933447
-0.933447
-0.933447
-0.933447
-0.933447
-0.933447
-0.933447
-0.933447
-0.933447
-0.933447
-0.933447
-0.933447
-0.933447
-0.933447
-0.933447
0.935761
0.935761
0.935761
0.935761
0.935761
0.935761
0.935761
0.935761
0.935761
0.935761
0.935761
0.935761
0.935761
0.935761
0.935761
0.935761
0.935761
0.935761
0.935761
0.935761
0.935761
0.935761
0.935761
0.935761
0.935761
0.935761
0.935761
0.935761
0.935761
0.935761
0.935761
0.935761
0.935761
0.935761
0.935761
0.935761
0.935761
0.935761
0.935761
0.935761
0.935761
0.935761
0.935761
0.935761
0.935761
0.935761
0.935761
0.935761
0.935761
0.935761
0.935761
0.935761
0.935761
0.935761
0.935761
0.935761
0.935761
0.935761
0.935761
0.935761
0.935761
0.935761
0.935761
0.935761
0.935761
0.935761
0.935761
0.900489
0.873301
0.904653
0.935761
0.935761
0.929882
0.843050
0.784836
0.863176
0.935761
0.935761
0.935761
0.935761
0.935761
0.882363
0.827864
0.880445
0.935761
0.935761
0.931760
0.870443
0.800553
0.867177
0.935761
0.935761
0.935761
0.935761
0.935761
0.876567
0.832395
0.870606
0.935761
0.935761
0.929229
0.834845
0.796389
0.840887
0.935761
0.935761
0.935761
0.935761
0.935761
0.826680
0.753075
0.834477
0.935761
0.935761
0.935761
0.935761
0.935761
0.935761
0.935761
0.935761
0.935761
0.935761
0.935761
0.883752
0.814759
0.872076
0.935761
0.935761
0.935761
0.935761
0.935761
0.935761
0.935761
0.935761
0.935761
0.935761
0.935761
0.850848
0.812637
0.847663
0.935761
0.935761
0.935761
0.935761
0.935761
0.935761
0.935761
0.935761
0.935761
0.935761
0.935761
0.935761
0.935761
0.935761
0.935761
0.935761
0.935761
0.935761
0.935761
0.935761
0.935761
0.935761
0.935761
0.935761
0.935761
0.935761
0.935761
0.935761
0.935761
0.935761
0.935761
0.935761
0.935761
0.935761
0.935761
0.935761
0.935761
0.935761
0.935761
0.935761
0.935761
0.935761
0.935761
0.935761
0.935761
0.935761
0.935761
0.935761
0.935761
0.935761
0.935761
0.935761
0.935761
0.935761
0.935761
0.935761
1.868752
1.868752
1.754584
1.754061
1.821138
1.876077
1.898366
1.936771
1.937713
1.875763
1.791733
1.529388
1.076484
2.377117
1.868752
1.868752
1.763374
1.713249
1.855776
2.082855
2.009918
1.891564
1.890204
1.871472
1.845834
1.581292
1.098250
2.249136
1.868752
1.868752
1.706970
1.608709
1.850230
2.198698
2.112993
1.868752
1.861845
1.878379
1.875658
1.807220
1.438974
1.957491
1.868752
1.858392
1.473821
1.562560
2.214080
2.260752
1.934678
1.868752
1.788280
1.858496
2.060775
1.951631
1.727899
1.877542
1.868752
1.777396
1.486065
1.723714
2.266089
2.076472
1.868752
1.868752
1.617290
1.446300
2.196814
2.377431
1.916784
1.870426
1.868752
1.527086
1.941166
2.146898
1.964502
1.905377
1.868752
1.868752
1.681228
1.182385
1.708854
2.768699
2.303657
1.868752
1.868752
1.152456
1.920969
2.688960
2.003430
1.868752
1.868752
1.868752
1.794558
1.283367
0.933329
2.651811
2.827196
1.868752
1.868752
1.117505
1.264531
2.765351
2.519539
1.868752
1.868752
1.868752
1.816952
1.446300
1.030021
2.370525
2.764199
1.868752
1.868752
1.392198
0.914075
2.463240
2.760223
1.882565
1.868752
1.868752
1.855566
1.392721
1.399523
2.303029
2.255415
1.912075
1.868752
1.704773
1.057334
2.027289
2.689274
1.994116
1.868752
1.868752
1.868752
1.741294
1.797384
1.982919
1.757514
1.942840
1.868752
1.846776
1.336422
1.493076
2.337771
2.351898
2.032835
1.941166
1.886018
1.868752
1.868752
1.865298
1.556805
1.965758
1.868752
1.868752
1.740143
1.424743
1.493494
2.039218
2.296227
2.125446
1.947759
1.868752
1.868752
1.833696
1.508249
2.003325
1.868752
1.868752
1.864357
1.759293
1.637486
1.670345
1.991814
2.133085
1.948805
1.868752
1.868752
1.757619
1.413127
2.166467
1.868752
1.868752
1.868752
1.868752
1.837986
1.796965
1.879530
1.933108
1.887065
1.868752
1.868752
1.756363
1.229893
1.980931
1.935891
-0.695844
-1.237693
-1.104437
-1.002804
-0.657455
-0.587445
-0.495813
-0.639511
-0.763502
-0.895581
-0.990596
-0.099427
0.976476
-0.651719
-0.320785
-0.955737
-0.725701
-0.416094
-0.133844
0.205768
-0.241949
-0.420801
-0.222682
-0.251068
-0.467573
0.246509
-0.172086
-1.815578
-1.428752
-1.571863
-1.037368
-0.471397
0.038094
-1.034867
-0.201355
-0.436980
-0.993979
-0.006177
0.026475
-0.065010
-1.109585
-2.112095
-1.723799
-1.516561
-0.456983
-0.070011
0.025151
-0.317991
0.799537
0.567001
-1.033544
-0.921026
-0.445952
0.883373
-0.908818
-2.138275
-1.687469
-1.357124
-0.248568
-0.102075
1.379039
1.885295
1.568039
1.359477
0.926469
0.992361
-0.413741
1.205483
-0.298576
-2.132980
-1.706149
-1.350064
-0.962356
0.291369
1.675703
1.794252
0.714818
0.510815
0.731438
1.150768
0.466249
-0.106193
0.134580
-2.166662
-1.594073
-1.555390
-1.927066
-0.587739
1.051635
1.098849
0.618921
0.469338
0.544350
0.707169
1.166800
-0.578178
-0.056185
-2.125479
-1.642315
-1.533916
-1.641433
-0.695550
0.738792
0.853222
0.523758
0.453306
0.707758
0.585827
0.981771
-0.784093
-0.276367
-2.128273
-1.688352
-1.627313
-1.034132
-1.239311
1.652759
0.902053
0.292840
0.405358
0.359762
1.546272
0.024563
-0.704375
-0.065598
-2.134304
-1.723357
-1.688499
-0.868665
-0.138992
0.702904
1.978398
0.954414
1.310205
1.304468
0.342407
-0.946177
0.506255
-0.629657
-2.136510
-1.777631
-1.812636
-1.251666
-0.642895
-1.075315
0.269307
-0.403298
-1.454492
-0.063098
-1.067079
-0.252245
0.470368
-1.064725
-2.054292
-1.770130
-1.936479
-1.785573
-1.106791
-0.141346
-0.926909
-2.723514
-2.365664
-0.743940
-0.414917
-0.300341
-0.526111
-1.576717
-1.448168
-1.280788
-2.013697
-1.745567
-1.529357
-1.302115
-1.381833
-1.590248
-1.659524
-1.383010
-1.378892
-1.168712
-0.802037
-1.291966
0.539497
-2.349043
-2.299330
-2.357133
-2.346249
-2.213875
-2.256382
-2.181370
-2.076207
-2.200344
-2.096063
-2.213728
-1.606427
-0.098986
0.816285
1.050380
1.239363
1.476506
1.728281
1.996972
1.957499
1.559872
1.525124
1.820638
2.179706
1.926560
1.417830
0.970672
0.873589
0.930284
0.956498
1.200042
0.938362
0.478402
0.283170
0.193708
0.159874
-0.056542
0.348247
0.588286
0.856977
1.001915
0.829697
0.706553
0.761114
0.710515
0.376594
0.187611
0.263814
0.390768
0.652144
0.156825
0.170694
0.149357
0.314718
0.965795
0.821009
0.766905
0.679882
0.524123
0.517265
0.512083
0.674395
0.903918
1.070345
0.636141
0.488003
0.361354
0.262900
0.810036
0.874961
0.804092
0.432070
0.541650
0.883953
1.153863
1.122620
0.881057
0.703962
0.878314
1.339646
1.040169
0.985455
0.888220
0.872218
0.606422
0.190659
0.653058
0.779555
0.715392
0.553080
0.516046
0.483888
0.596516
0.744654
0.703505
0.715088
0.564663
0.827868
0.532048
0.383605
0.988656
0.878466
0.700304
0.697866
0.847223
0.800892
0.940953
0.888678
1.004506
0.714325
0.553080
0.785194
0.552623
0.390311
0.816437
0.754865
0.659917
1.082385
1.635466
1.647353
1.326844
0.556738
0.446701
0.213063
0.471696
0.784889
0.573807
0.305269
0.550337
0.438471
0.041911
0.205138
0.730785
0.825277
0.334683
-0.144938
0.178467
0.284084
0.512388
0.778488
0.554452
0.374308
0.556738
0.704876
0.326148
0.239582
0.110189
0.180905
0.024233
0.411038
1.148224
1.132679
0.987284
0.877857
0.795405
0.749531
0.952993
1.234334
0.949640
0.598649
0.130459
0.396712
0.593620
0.852862
1.060286
0.827258
0.977987
0.797844
0.517112
0.359373
0.537687
0.560548
0.708686
0.707162
0.204681
0.324777
0.968691
0.909100
0.597735
0.467428
0.851948
0.596821
0.205595
-0.164903
0.049837
-0.003658
0.014631
0.158959
0.396712
0.452188
0.328587
0.063401
0.004877
0.193250
0.712039
0.678053
0.560091
0.251012
0.316089
0.345809
0.300392
0.154235
0.043436
-0.007468
0.067058
0.195384
0.270368
0.355258
0.635532
-3.931862
-3.534543
-3.822156
-4.103914
-4.170564
-3.979568
-4.007641
-3.991280
-3.977329
-4.132331
-4.050869
-4.029685
-3.448776
-4.383605
-2.120932
-2.383745
-2.708042
-2.609875
-2.559069
-2.223061
-1.981431
-1.968342
-1.834352
-2.299184
-2.873033
-3.114490
-2.597819
-3.808550
-2.912988
-2.808793
-3.316852
-3.099851
-2.448846
-2.647764
-1.429455
-0.557143
-0.317580
-1.144253
-2.107154
-3.196640
-3.064717
-4.612318
-2.871999
-2.870277
-3.411403
-2.215655
-2.918327
0.109362
1.709663
1.052114
-1.023524
-1.315271
-1.707079
-2.631231
-2.643631
-4.119414
-2.828771
-2.740248
-2.932450
-2.328289
-0.610188
1.123414
0.438137
0.729022
-0.596926
-1.026968
-2.013637
-1.118764
-2.631920
-3.450153
-2.811548
-2.757815
-2.262156
-1.904275
1.030414
0.577982
0.788956
0.011367
-0.937929
-1.819196
-1.094653
-1.915814
-0.572988
-3.281891
-2.829977
-2.540641
-1.857947
-0.117628
2.036199
0.696816
0.220618
-0.490148
-1.065030
-1.555178
-0.759505
-1.844686
-0.445198
-2.967066
-2.762293
-2.725437
-1.911336
-0.642566
2.088210
0.905724
0.423842
-0.431592
-1.341621
-1.488183
-1.092241
-1.911164
0.316202
-2.913333
-2.790193
-2.611769
-2.148660
-1.323193
1.723613
1.309415
0.561621
0.153107
-0.882989
-0.324469
-0.671499
-1.853986
0.856640
-3.072123
-2.774521
-2.810860
-2.969133
-2.517735
0.339970
1.188859
0.128996
-0.310691
-1.458905
-1.164575
-3.044222
-0.696644
-1.432727
-3.308069
-2.845649
-2.868038
-3.269491
-2.513946
-2.833938
-1.008885
-0.415230
-2.139533
-1.963865
-2.329495
-1.844169
-2.530308
-2.431451
-3.913435
-2.922805
-2.971200
-3.508537
-3.723128
-2.789676
-3.017011
-2.845304
-1.959731
-1.505062
-2.215311
-2.765565
-3.024761
-3.025795
-4.514839
-2.448846
-2.310723
-2.813960
-3.021317
-2.928660
-2.496207
-2.572502
-2.549769
-2.560447
-2.484152
-2.788815
-2.776587
-2.613836
-3.783751
-3.027000
-3.098990
-3.351641
-3.461865
-3.360942
-3.404514
-3.252785
-3.303936
-3.300491
-3.364386
-3.490970
-3.513532
-3.006850
-4.724091
-1.268670
-0.568670
-0.809934
-1.356101
-1.221265
-1.275126
-1.220896
-1.109856
-1.020211
-1.156153
-1.272543
-1.419922
-1.912781
-2.312122
-0.710330
-0.356733
-0.331647
-1.082925
-0.965060
-0.920606
-0.735969
-0.746483
-0.345850
-0.605191
-1.025929
-1.057471
-2.184481
-2.814573
-0.671226
-0.182424
-0.364295
-1.071121
-1.070198
-0.599842
-0.270593
-0.769355
-0.177813
-0.618288
-0.834467
-0.443610
-2.280950
-2.962136
-0.741133
-0.146087
-0.761792
-1.254283
-1.164269
0.379605
0.160474
-0.576786
-0.643927
-1.315706
-1.081450
-0.251594
-1.825535
-2.902004
-0.794072
-0.185007
-0.889249
-1.540185
-0.342899
0.344005
0.051831
-0.365587
-1.152464
-1.375468
-1.732570
-0.889618
-1.224032
-2.223954
-0.808090
-0.474045
-1.052491
-0.778393
0.968564
-0.370382
0.057918
-0.783742
-1.046773
-1.251885
-2.000212
-2.128407
-1.487432
-1.626509
-0.802187
-0.565534
-1.811332
0.032095
1.641081
-0.533254
-0.096838
-1.072412
-0.789276
-1.216654
-2.245350
-2.834863
-0.438814
-1.870910
-0.787616
-0.619763
-1.684428
-1.588696
1.957788
-0.251594
0.021397
-1.083110
-0.797576
-1.298367
-2.198499
-2.782663
0.325007
-2.375390
-0.797761
-0.427009
-1.473598
-2.080265
1.063558
0.377576
0.107536
-1.027589
-0.980923
-1.264796
-1.978815
-2.092070
-0.542108
-2.596550
-0.781344
-0.243847
-1.082372
-1.683874
-0.060685
0.600764
-0.071014
-0.601687
-1.243584
-1.184744
-1.222188
-1.175152
-1.379342
-2.782110
-0.775811
-0.173202
-0.617365
-1.191384
-1.202636
-0.129671
-0.856048
0.075441
-1.275864
-1.101924
0.141845
-1.180870
-2.036734
-2.894442
-0.753307
-0.161766
-0.430514
-1.184190
-1.248011
-1.019842
-0.991252
0.274098
-1.267379
-0.465191
-0.123399
-1.394098
-2.123058
-2.757761
-0.671041
-0.088906
-0.504295
-1.104322
-1.096206
-0.998630
-1.018920
-0.459104
-0.977971
-0.560923
-0.815284
-1.307958
-1.971806
-2.599132
-0.799421
-0.413175
-0.613676
-1.071674
-1.020027
-0.963769
-0.945877
-0.816759
-0.830409
-0.857339
-0.947168
-1.158367
-1.639606
-2.209751
0.755921
0.757880
0.722435
0.640279
0.459671
0.260093
0.170189
0.267484
0.222867
0.369723
0.398176
0.589294
0.659605
0.710724
0.750933
0.794883
0.723058
0.702442
0.652747
0.450898
0.260093
0.134878
0.011177
0.613607
0.519027
0.693625
0.788738
0.723949
0.751601
0.764604
0.676748
0.612983
0.414207
0.078905
-0.214896
-0.129534
-0.063632
0.279374
0.363177
0.596686
0.663479
0.707295
0.749509
0.738109
0.636049
0.738777
0.665572
0.621444
0.274253
0.403743
0.204743
0.567831
0.742028
0.769814
0.770793
0.770437
0.757880
0.746748
0.503487
0.573085
0.467953
0.636806
0.464124
0.534167
0.554472
0.783707
0.783707
0.513773
0.317446
0.307827
0.709433
0.517558
0.303998
0.236136
0.273718
0.527666
0.756544
0.783707
0.783707
0.783707
0.735081
0.118625
0.049026
0.108784
0.731563
0.467330
0.276835
-0.260716
0.163732
0.149572
0.642818
0.783707
0.783707
0.783707
0.738510
-0.008015
-0.037671
-0.107359
0.697632
0.265302
0.111010
-0.637563
-0.419817
-0.276791
0.297052
0.718606
0.737263
0.783707
0.738822
-0.101125
-0.055082
-0.239209
0.724172
0.401694
0.268330
-0.267440
-0.069198
0.279418
0.264768
0.701417
0.646157
0.783707
0.783707
0.301015
0.638721
0.258623
0.732276
0.521254
0.359659
-0.025070
-0.032729
0.071958
0.054726
0.581234
0.420441
0.764337
0.763802
0.527221
0.522946
0.482336
0.701952
0.576870
0.498500
0.421153
0.365314
0.172326
-0.290773
-0.290729
-0.643307
-0.033664
0.404099
0.647582
0.712683
0.710724
0.558881
0.450720
0.196105
0.162797
0.104999
-0.253235
-0.603677
-0.931631
-0.838744
-0.464302
-0.232129
0.117823
0.524104
0.584618
0.571037
0.572685
0.320963
0.134700
-0.128911
-0.601183
-1.093137
-1.701756
-1.681095
-1.132501
-0.455574
0.058867
0.474187
0.487056
0.629815
0.417680
0.316110
0.222466
0.091329
-0.177447
-0.412337
-0.583372
-0.592634
-0.458647
-0.178783
0.064834
0.474142
0.550910
-1.423472
-1.417807
-1.424472
-1.426055
-1.426055
-1.426055
-1.426055
-1.426055
-1.426055
-1.426055
-1.426055
-1.426055
-1.233531
-0.750016
-1.420140
-1.404811
-1.419640
-1.426055
-1.426055
-1.426055
-1.426055
-1.426055
-1.426055
-1.426055
-1.426055
-1.426055
-1.251693
-0.902801
-1.423555
-1.420723
-1.425638
-1.426055
-1.426055
-1.426055
-1.426055
-1.426055
-1.426055
-1.426055
-1.426055
-1.426055
-1.307675
-1.068916
-1.426055
-1.426055
-1.426055
-1.426055
-1.426055
-1.426055
-1.426055
-1.426055
-1.426055
-1.426055
-1.426055
-1.426055
-1.303343
-1.024763
-1.426055
-1.426055
-1.426055
-1.426055
-1.426055
-1.426055
-1.426055
-1.426055
-1.426055
-1.426055
-1.426055
-1.426055
-1.282766
-0.979361
-1.426055
-1.426055
-1.426055
-1.426055
-1.426055
-1.426055
-1.426055
-1.426055
-1.426055
-1.426055
-1.426055
-1.426055
-1.262106
-0.881891
-1.426055
-1.423472
-1.394565
-1.311507
-1.288098
-1.402312
-1.426055
-1.426055
-1.426055
-1.426055
-1.426055
-1.426055
-1.323587
-1.132980
-1.426055
-1.420140
-1.336083
-1.090243
-1.040175
-1.329835
-1.426055
-1.426055
-1.426055
-1.426055
-1.426055
-1.426055
-1.365824
-1.250193
-1.426055
-1.423555
-1.362741
-1.212705
-1.303843
-1.419807
-1.426055
-1.426055
-1.426055
-1.426055
-1.426055
-1.426055
-1.337916
-1.123982
-1.426055
-1.426055
-1.411059
-1.394065
-1.423555
-1.426055
-1.426055
-1.426055
-1.426055
-1.426055
-1.426055
-1.426055
-1.339082
-1.160971
-1.426055
-1.426055
-1.426055
-1.426055
-1.426055
-1.426055
-1.426055
-1.426055
-1.426055
-1.426055
-1.426055
-1.426055
-1.349079
-1.182297
-1.423472
-1.417807
-1.424472
-1.426055
-1.426055
-1.426055
-1.426055
-1.426055
-1.426055
-1.426055
-1.426055
-1.426055
-1.331001
-1.124565
-1.174217
-1.280100
-1.367740
-1.364574
-1.345413
-1.301010
-1.235947
-1.211455
-1.203707
-1.246444
-1.306925
-1.358659
-1.142810
-0.631386
-0.796751
-1.038592
-1.274602
-1.265105
-1.213288
-1.101739
-0.927877
-0.849901
-0.824659
-0.926377
-1.087827
-1.232032
-0.948704
-0.157367
0.312455
-0.010225
0.284387
0.412296
0.430139
0.406983
0.381822
0.403274
0.422721
0.431142
0.440364
0.464923
0.509731
-0.022354
0.129413
0.353654
0.515445
0.563060
0.569175
0.663804
0.748608
0.620098
0.451992
0.297318
0.293710
0.457004
0.646662
-0.076184
-0.038794
-0.003809
0.213716
0.250305
0.785798
1.160303
0.961924
0.062451
-0.293309
-0.187052
-0.096533
0.113775
0.318169
-0.130716
-0.030373
0.004511
0.321076
0.762843
1.083618
1.180151
0.783192
-0.140038
-0.220032
0.073878
-0.029070
-0.233664
0.116882
-0.140339
0.010626
0.119388
0.673627
0.505822
-0.084504
0.042001
-0.157480
-0.098137
0.199883
-0.081697
-0.277470
-0.154172
-0.092724
-0.222137
0.034283
0.309247
1.316681
0.676534
-0.201787
-0.173118
-0.245994
-0.098839
-0.035686
-0.142845
-0.199081
-0.235369
-0.212112
-0.147556
0.078089
0.472542
0.383326
-0.311152
-0.192365
-0.142645
-0.184746
-0.180536
-0.077988
0.115479
0.343530
0.567772
0.009122
-0.220032
0.082299
0.329797
-0.123298
-0.230156
-0.153170
-0.184746
-0.184746
-0.184746
-0.092924
0.023757
0.400267
0.920925
0.048317
-0.264740
0.085106
0.327692
-0.117083
-0.188054
-0.181539
-0.184746
-0.184746
-0.184746
-0.123599
0.298020
0.448584
-0.124300
-0.274864
-0.031276
0.001704
0.168708
-0.119689
-0.197277
-0.159084
-0.184746
-0.184746
-0.233865
-0.085807
0.432044
0.607067
0.365784
0.264138
-0.170412
-0.005313
0.057539
0.234767
-0.035987
-0.280678
-0.196876
-0.152468
1.208119
1.824507
0.551833
0.391145
0.410893
0.210910
-0.091321
-0.049119
-0.088915
0.102447
0.232762
0.416707
-0.084404
-0.247197
1.792530
1.801552
0.730064
0.469133
0.092924
0.273060
-0.137432
0.003609
0.039094
0.240080
0.288096
0.352251
0.391546
0.605563
0.809656
0.270854
0.228753
0.233063
0.380219
0.337014
-0.145852
0.188656
0.393651
0.595940
0.677036
0.729462
0.792114
0.782089
0.631927
0.588121
0.622805
0.786300
0.966535
1.352467
0.188155
-0.916720
-1.370970
-1.499627
-1.462010
-1.366149
-1.265705
-1.201535
-1.162970
-1.136574
-1.187863
-1.307985
-1.363621
-1.417438
-1.542381
-1.240496
-0.924464
-0.893011
-0.724920
-0.309551
-0.030663
-0.095623
-0.330572
-0.544263
-0.346536
-0.331125
-0.412840
-0.546633
-1.293365
-1.541275
-1.247687
-1.113577
-0.669758
-0.305995
-0.434493
-1.049881
-1.182647
-1.178538
-0.969036
-0.778896
-0.402566
-0.287423
-1.219079
-1.665111
-1.411037
-1.077225
-0.474481
-0.712117
-1.314386
-1.423445
-1.125115
-0.810744
-1.173006
-1.354453
-0.932683
-0.088906
-1.163602
-1.666059
-1.263888
-0.686828
-0.451405
-1.183280
-1.285778
-0.574925
-0.188797
-0.130474
-0.347642
-0.866616
-1.100301
-0.350645
-0.934738
-1.610187
-1.036762
-0.547345
-0.712908
-1.259541
-0.633959
0.050341
-0.415843
-0.713935
-0.442712
-0.319903
-1.175456
-0.904470
-0.273988
-1.567275
-0.842197
-0.541023
-1.254642
-1.200587
-0.074049
-0.119490
-1.006732
-1.323395
-0.877206
-0.267824
-1.173480
-1.188100
-0.254785
-1.596357
-0.922726
-0.617284
-1.329323
-1.116106
0.222384
-0.112693
-0.987844
-1.212836
-0.702555
-0.314609
-1.252429
-1.318417
-0.620919
-1.648673
-1.127486
-0.649765
-1.051383
-1.194581
0.018335
0.235898
-0.233210
-0.411575
-0.111429
-0.185557
-1.270289
-1.355007
-0.714330
-1.673488
-1.277481
-0.907711
-1.110653
-1.507214
-1.110574
-0.133240
0.080529
-0.084955
-0.025289
-0.823388
-1.370733
-1.182094
-1.180593
-1.689056
-1.437986
-1.309961
-1.360538
-1.583475
-1.587269
-1.356271
-1.246028
-1.234885
-1.255116
-1.449445
-1.346867
-0.835637
-1.418545
-1.600940
-1.356982
-1.341651
-1.333353
-1.237572
-1.275584
-1.462563
-1.538272
-1.482952
-1.360459
-1.360301
-0.925729
-0.766330
-1.461141
-1.245158
-1.093109
-1.290362
-1.304271
-1.184623
-0.988161
-1.008234
-0.949753
-1.036446
-0.939717
-0.965717
-0.874124
-0.890245
-1.482004
-1.031389
-1.436089
-1.626308
-1.640612
-1.609159
-1.522229
-1.385432
-1.221055
-1.205170
-1.361092
-1.491250
-1.485560
-1.348289
-1.357456
-0.519055
-0.519055
-0.519055
-0.519055
-0.470974
-0.142877
0.329463
0.545008
0.399945
0.177571
-0.112553
-0.417430
-0.287119
-0.085098
-0.519055
-0.519055
-0.519055
-0.455949
0.333288
1.285071
0.936621
-0.406229
-0.811638
-0.878023
-0.881301
-0.607568
0.154487
-1.024041
-0.519055
-0.519055
-0.495015
0.258162
1.864364
0.143013
-1.675045
-0.986478
-0.616583
-0.641989
-0.635433
-0.538724
-0.251059
-0.670674
-0.519055
-0.519055
-0.228657
1.806175
-0.876247
-1.158722
-0.950963
-0.597733
-0.519055
-0.519055
-0.519055
-0.504030
-0.324000
-0.566726
-0.519055
-0.519055
0.599645
0.554433
-0.972545
-0.747303
-0.523972
-0.519055
-0.519055
-0.519055
-0.519055
-0.416064
-0.528890
-0.571097
-0.519055
-0.519055
1.029505
-1.688295
-1.118564
-0.537085
-0.519055
-0.519055
-0.519055
-0.519055
-0.443929
-0.023357
-0.370305
-0.542003
-0.519055
-0.519055
-0.051906
-0.960798
-0.638711
-0.519055
-0.519055
-0.519055
-0.519055
-0.504030
0.194782
-0.036197
-0.309794
-0.522333
-0.519055
-0.519055
-0.505669
-0.531895
-0.522333
-0.519055
-0.519055
-0.519055
-0.519055
-0.238765
1.634477
-0.381779
-0.634613
-0.519055
-0.519055
-0.519055
-0.519055
-0.519055
-0.519055
-0.495015
-0.296408
0.181123
0.723945
2.335611
0.628876
-1.498293
-0.841142
-0.519055
-0.519055
-0.519055
-0.519055
-0.519055
-0.519055
-0.363885
0.097255
0.888267
0.384784
-0.651824
-1.648000
-1.089059
-0.573146
-0.519055
-0.519055
-0.519055
-0.519055
-0.519055
-0.519055
-0.372354
1.332196
-0.812321
-0.585849
-0.938260
-0.919957
-0.576424
-0.482994
-0.315804
-0.519055
-0.519055
-0.519055
-0.519055
-0.519055
0.082229
-0.350499
-1.320449
-0.657834
-0.578473
-0.533807
-0.519055
-0.202158
-0.230023
-0.489004
-0.337659
-0.330556
-0.239858
-0.141238
0.027182
-0.520967
-0.653326
-0.540364
-0.501025
-0.378364
-0.202978
0.663844
0.199700
-0.325092
-0.595820
-0.421800
-0.462232
-0.571507
-0.822975
-0.614944
-0.519055
-0.519055
-0.402677
-0.359514
-0.473023
0.601694
-1.812731
1.804110
1.790479
1.728168
1.881147
1.795956
1.789993
1.823582
1.795591
1.741312
1.744354
1.742285
1.816889
1.925812
1.804110
1.804110
1.717093
1.600259
2.217045
1.776240
1.790723
1.869707
1.616567
1.693970
1.800946
1.830398
2.075627
2.464952
1.804110
1.804110
1.756281
1.624600
2.085242
1.804597
1.789384
1.658798
1.436327
2.329498
2.059319
1.634457
1.493892
2.264022
1.804110
1.804110
1.807274
1.742042
1.834170
1.804110
1.801554
1.710034
1.407362
2.231162
1.814576
1.824434
1.729142
1.780013
1.804110
1.804110
1.806057
1.797295
1.801919
1.788776
1.651618
1.360141
1.544885
2.746570
2.010030
1.804110
1.804110
1.804110
1.804110
1.804110
1.804110
1.804110
1.781960
1.558637
1.219089
1.394096
2.894195
2.447427
2.158993
1.804110
1.792183
1.737661
1.872263
1.804110
1.804110
1.804110
1.679852
1.355395
1.480991
1.704193
3.196746
2.032301
1.954655
1.804110
1.723178
1.599042
2.196964
1.804110
1.804110
1.804110
1.824678
1.591132
0.983108
1.201077
3.222790
2.129420
2.055303
1.823582
1.737052
1.605371
2.165322
1.804110
1.804110
1.804110
1.805084
1.773928
1.292475
0.830859
2.785393
2.619027
2.314650
1.892709
1.820662
1.746180
1.785490
1.804110
1.798147
1.770885
1.838187
1.815793
1.745085
1.279696
1.715511
2.311121
1.763096
1.799729
1.804110
1.804110
1.804110
1.804110
1.755551
1.656486
2.046784
1.804110
1.822609
1.682165
1.542329
2.158141
1.799850
1.772711
1.785733
1.847923
1.804110
1.804110
1.709304
1.530159
2.287632
1.804110
1.804110
1.815915
1.735592
1.783664
1.690684
1.688493
1.904027
2.042403
1.804110
1.804110
1.708452
1.439004
2.292743
1.804719
1.798633
1.757255
1.750318
1.668169
1.582126
1.968164
2.224104
2.010395
1.804110
1.804110
1.694457
1.461519
2.277044
1.890640
1.844150
1.736079
1.829667
1.907922
1.972424
2.047636
2.036074
1.972546
1.804110
-3.202492
-3.202492
-3.202492
-3.202492
-3.202492
-3.202492
-3.202492
-3.202492
-3.202492
-3.202492
-3.202492
-3.202492
-3.202492
-3.202492
-3.202492
-3.202492
-3.202492
-3.202492
-3.202492
-3.202492
-3.202492
-3.202492
-3.202492
-3.202492
-3.202492
-3.202492
-3.202492
-3.202492
-3.202492
-3.202492
-3.202492
-3.202492
-3.202492
-3.202492
-3.202492
-3.202492
-3.202492
-3.202492
-3.202492
-3.202492
-3.202492
-3.202492
-3.202492
-3.202492
-3.202492
-3.202492
-3.202492
-3.165849
-3.105887
-3.160852
-3.202492
-3.172315
-3.122935
-3.168200
-3.202492
-3.202492
-3.202492
-3.202492
-3.202492
-3.202492
-3.196026
-3.068949
-2.713585
-3.066402
-3.202492
-3.124306
-2.852713
-3.110590
-3.202492
-3.202492
-3.202492
-3.202492
-3.202492
-3.202492
-3.174961
-2.991645
-2.840760
-3.076885
-3.202492
-3.159970
-3.136652
-3.153112
-3.202492
-3.202492
-3.202492
-3.202492
-3.202492
-3.202492
-3.165457
-3.033089
-3.112059
-3.167221
-3.202492
-3.202492
-3.202492
-3.202492
-3.202492
-3.202492
-3.202492
-3.202492
-3.202492
-3.202492
-3.144196
-3.065324
-3.135868
-3.202492
-3.202492
-3.172315
-3.107846
-3.128422
-3.185346
-3.202492
-3.202492
-3.202492
-3.202492
-3.202492
-3.090798
-2.666164
-2.974597
-3.160852
-3.183093
-3.066696
-2.774527
-2.928351
-3.156541
-3.202492
-3.202492
-3.202492
-3.202492
-3.202492
-3.141747
-3.013494
-2.696439
-3.062483
-3.139983
-2.918358
-2.981357
-3.100498
-3.177802
-3.202492
-3.202492
-3.202492
-3.202492
-3.202492
-3.202492
-3.150858
-3.094619
-3.017609
-3.142334
-3.151054
-3.156639
-3.191911
-3.202492
-3.202492
-3.202492
-3.202492
-3.202492
-3.202492
-3.202492
-3.202492
-3.187306
-3.178978
-3.184856
-3.202492
-3.202492
-3.202492
-3.202492
-3.202492
-3.202492
-3.202492
-3.202492
-3.202492
-3.202492
-3.202492
-3.202492
-3.202492
-3.202492
-3.202492
-3.202492
-3.202492
-3.202492
-3.202492
-3.202492
-3.202492
-3.202492
-3.202492
-3.202492
-3.202492
-3.202492
-3.202492
-3.202492
-3.202492
-3.202492
-3.202492
-3.202492
-3.202492
-0.052812
-0.052812
-0.052812
-0.052812
-0.052812
-0.052812
-0.052812
-0.052812
-0.052812
-0.052812
-0.052812
-0.052812
0.107554
-0.181377
-0.052812
-0.052812
-0.052812
-0.052812
-0.052812
-0.052812
-0.052812
-0.052812
-0.052812
-0.052812
-0.052812
-0.052812
0.170701
-0.199208
-0.052812
-0.052812
-0.052812
-0.052812
-0.052812
-0.052812
-0.052812
-0.025554
-0.024191
-0.065986
-0.060762
-0.052812
0.162069
-0.267693
-0.052812
-0.052812
-0.052812
0.097105
-0.082795
-0.087792
-0.052812
0.030778
0.082114
0.086770
-0.140150
-0.118911
0.001476
-0.092676
-0.052812
-0.052812
-0.052812
0.257017
-0.380130
-0.160252
-0.052812
0.021693
0.227033
0.307898
-0.479734
-0.374679
-0.127884
-0.052812
-0.052812
-0.052812
0.022147
0.032141
-0.137765
-0.100285
-0.052812
-0.034640
0.154801
0.402391
0.330499
-0.939139
-0.338676
-0.052812
-0.052812
-0.052812
0.381493
-0.272349
-0.171723
-0.052812
-0.052812
-0.052812
0.036230
0.472579
0.870200
-1.328469
-0.519939
-0.052812
-0.052812
-0.052812
0.669970
-0.688369
-0.304490
-0.059172
-0.052812
-0.052812
0.110734
0.369000
0.809324
-1.349480
-0.514601
-0.052812
-0.052812
-0.052812
0.330612
-0.296427
-0.275983
-0.080296
-0.052812
-0.052812
0.227942
0.169565
0.063033
-0.741067
-0.296767
-0.052812
-0.052812
-0.052812
0.010789
-0.007155
-0.169679
-0.085862
-0.032368
-0.056900
0.156391
-0.043726
-0.216585
-0.209884
-0.061557
-0.060989
-0.052812
-0.052812
-0.052812
-0.030097
-0.068144
-0.063601
-0.010562
-0.097446
-0.017490
-0.050199
-0.101080
-0.070075
0.120274
-0.159798
-0.052812
-0.052812
-0.052812
-0.052812
-0.052812
-0.052812
-0.039183
-0.062011
-0.059285
-0.052812
-0.052812
-0.052812
0.246114
-0.282344
-0.052812
-0.052812
-0.052812
-0.052812
-0.052812
-0.052812
-0.052812
-0.052812
-0.052812
-0.052812
-0.052812
-0.052812
0.230213
-0.294269
-0.052812
-0.052812
-0.052812
-0.052812
-0.052812
-0.052812
-0.052812
-0.052812
-0.052812
-0.052812
-0.052812
-0.052812
0.090745
-0.181945
0.591119
0.213519
-0.831435
-0.831435
-0.798476
-0.802918
-0.849491
-0.844476
-0.809224
-0.813236
-0.891479
-0.700601
0.268834
2.728891
-0.385624
0.171962
-0.722956
-0.865828
-0.800912
-0.923865
-1.207315
-1.228524
-1.213191
-1.219066
-1.094824
-0.838457
-0.285600
2.642767
-1.462249
-0.449823
-0.782713
-0.794607
-0.999958
-1.266499
-1.623606
-1.695687
-1.695687
-1.660148
-1.364230
-1.222505
-1.084219
1.048394
-1.612429
-0.507717
-0.646290
-0.558016
-1.253028
-1.504236
-1.447489
-1.504379
-1.511114
-1.646964
-1.280972
-1.456660
-1.236692
0.549562
-1.618447
-0.562458
-0.617630
-0.785436
-1.483171
-1.579899
-0.926014
-0.903516
-1.032487
-1.206025
-0.873709
-1.596236
-1.493058
0.212659
-1.622603
-0.536521
-0.619636
-1.307626
-1.594946
-1.090668
-0.528496
-0.438789
-0.569050
-0.631100
-0.737286
-1.499507
-1.570441
-0.044137
-1.613718
-0.468023
-0.538097
-1.518996
-1.599532
-0.499262
-0.392646
-0.355101
-0.360403
-0.468739
-0.826993
-1.548946
-1.592080
-0.115788
-1.609276
-0.433200
-0.437070
-1.225944
-1.585488
-0.789161
-0.443518
-0.557013
-0.431911
-0.702034
-0.886606
-1.570441
-1.577750
-0.036972
-1.612429
-0.483356
-0.434060
-0.495250
-1.571731
-1.441756
-0.894918
-1.108437
-1.020020
-1.242997
-0.695156
-1.558404
-1.582335
0.070075
-1.618447
-0.546552
-0.568477
-0.108193
-1.164181
-1.343452
-1.289140
-1.513551
-1.498361
-1.492915
-0.780707
-1.349900
-1.233539
0.312971
-1.620024
-0.578651
-0.739149
-0.240746
-0.493674
-0.610894
-1.275097
-1.579613
-1.680210
-1.404641
-1.129359
-0.819255
-0.605162
0.587106
-1.608416
-0.723243
-0.991073
-0.787155
-0.598857
-0.320566
-0.933323
-1.461819
-1.578609
-1.111876
-1.118182
-0.831435
-0.728831
0.737286
-1.076481
-1.113596
-1.376841
-1.408081
-1.340156
-1.077197
-1.181521
-1.386442
-1.559264
-1.438317
-1.350330
-1.271228
-1.311925
1.451644
-0.437500
-1.307626
-1.591077
-1.675481
-1.681787
-1.629625
-1.613002
-1.608416
-1.634640
-1.676054
-1.652840
-1.624896
-1.259047
1.711737
0.665217
0.841213
1.222786
1.404441
1.408927
1.482508
1.597845
1.417257
1.332142
1.386714
1.336628
1.406898
1.616000
1.172166
0.344623
0.742856
0.733565
0.981860
1.030023
0.802767
1.188078
0.991364
0.398981
0.151113
0.302226
0.484629
0.726623
0.392787
0.157414
0.026485
0.315895
0.687750
1.029169
1.090362
0.735594
0.823271
0.698216
-0.027660
0.014417
0.066212
0.134667
-0.063008
0.128152
0.038446
0.342700
0.638625
1.282697
0.825300
0.551802
-0.082124
0.075503
0.730468
0.156880
-0.061406
0.013242
-0.069095
0.066746
0.040582
0.184753
0.729293
0.327429
0.159656
-0.047630
-0.032892
0.291226
-0.003097
0.395884
0.951637
-0.287915
-0.046989
0.110852
0.047950
0.156666
-0.088425
0.028300
-0.099211
-0.032572
-0.036417
0.031077
-0.062047
0.399408
1.113643
2.252168
0.270188
0.132210
0.093124
-0.042824
-0.037164
-0.036417
-0.036417
-0.036417
-0.036417
-0.036417
0.014204
0.318138
0.811631
-0.528094
-0.004699
0.147375
0.090561
0.135201
-0.014738
-0.036417
-0.036417
-0.036417
-0.036417
-0.036417
0.229926
-0.024135
-0.099425
-0.032892
-0.036417
0.136909
0.156986
-0.008223
0.016126
-0.056387
-0.037164
-0.036417
0.009505
0.124201
0.107221
0.863105
0.134987
-0.083513
-0.041222
0.148977
0.063542
0.067814
0.214441
0.603490
0.076144
0.002029
-0.042077
0.122385
0.673333
0.224587
0.794971
0.544220
0.024669
0.115230
0.039086
0.201306
0.364166
0.643645
1.490304
0.922162
0.303400
0.177704
-0.030863
0.210276
-0.011427
-0.028087
0.099852
0.154637
0.111492
0.183151
0.423757
1.044868
0.908065
0.931453
0.712099
0.090134
0.014417
0.090241
0.135414
0.299449
0.036737
0.264634
0.359467
0.553618
0.834698
0.881901
0.902939
1.222999
1.000762
0.940317
0.658702
0.587578
0.749690
0.705158
0.267411
0.499580
0.842708
1.066760
1.174622
1.268707
1.361724
1.172059
1.117808
1.044120
1.100828
1.243824
1.263795
1.455168
1.062809
1.273120
-0.302604
-0.906212
-0.888900
-0.824597
-0.786044
-0.871006
-0.927162
-0.940547
-1.023908
-0.910722
-0.852384
-0.268998
0.962078
-0.618011
-2.013918
-2.309394
-2.312594
-2.369479
-2.584211
-2.955483
-2.968722
-2.972505
-2.903110
-2.528782
-2.231997
-1.752486
-0.316425
-1.145822
-2.211630
-2.302265
-2.520926
-3.264198
-3.661511
-3.592843
-3.625868
-3.640853
-3.767277
-3.372291
-2.831386
-2.201737
-0.685369
-1.122255
-2.171476
-2.383736
-3.143883
-3.695699
-3.811940
-3.849038
-3.843946
-3.391640
-3.188983
-3.110713
-3.006402
-2.560061
-0.880462
-1.115125
-2.208719
-2.587848
-3.193784
-3.636197
-3.549489
-3.220989
-2.984433
-2.731876
-2.819456
-3.116678
-3.566656
-3.361962
-1.147423
-1.114689
-2.296446
-2.826149
-3.588042
-3.936328
-3.080452
-2.400029
-2.048689
-1.779401
-1.882838
-3.034044
-4.392999
-4.045149
-1.695456
-1.133602
-2.346201
-2.782795
-3.323555
-3.251540
-2.441783
-1.846177
-1.618496
-1.379614
-1.450900
-2.372388
-3.018332
-2.780904
-1.460938
-1.125164
-2.372243
-2.837497
-3.026915
-2.998255
-2.497503
-1.926047
-1.667524
-1.282722
-1.554775
-2.255565
-2.297464
-1.950634
-1.144367
-1.165754
-2.338054
-2.802871
-3.191165
-3.802339
-3.228554
-2.479027
-2.198682
-1.823773
-2.613162
-3.210951
-2.916785
-2.224431
-0.982445
-1.131274
-2.261530
-2.655352
-3.373164
-3.973426
-3.941857
-3.274381
-3.258232
-2.805490
-3.639398
-4.051259
-3.439504
-2.469280
-1.049949
-1.147277
-2.241307
-2.519035
-2.756172
-3.516901
-3.968334
-4.203434
-3.627904
-2.826730
-3.369963
-3.540469
-2.814510
-2.164202
-0.975608
-1.144804
-2.270114
-2.380826
-2.466370
-2.741769
-3.412153
-3.631396
-3.275981
-2.785123
-3.003347
-2.938461
-2.506814
-2.153873
-1.070463
-0.837399
-2.607488
-2.693032
-2.640949
-2.688231
-2.883906
-3.087436
-3.123516
-2.991563
-2.909074
-2.775957
-2.603997
-2.660007
-0.950876
-0.054992
-1.888076
-2.315359
-2.276660
-2.322487
-2.422434
-2.500704
-2.570826
-2.536347
-2.451094
-2.341691
-2.316813
-1.789002
0.109839
0.158083
0.330587
0.131611
0.157330
0.158083
0.158083
0.158083
0.230722
0.197470
0.177884
0.165186
0.142480
0.144524
0.158083
0.158083
0.245680
0.129458
0.154640
0.158083
0.158083
0.170136
0.168414
0.114608
0.132687
0.298841
0.139359
0.161312
0.158083
0.158083
0.169275
0.151627
0.156792
0.167123
0.212751
0.333815
0.146892
-0.175086
-0.056604
0.118482
0.134193
0.154209
0.158083
0.158083
0.158083
0.158083
0.158083
0.362117
1.258964
1.868591
1.278657
0.501907
-0.023998
0.107182
0.159160
0.158083
0.158083
0.158083
0.158083
0.158083
0.192735
1.159960
1.564477
1.425118
0.860473
0.432389
-0.195102
0.057465
0.138713
0.158083
0.158083
0.158083
0.158083
0.158083
0.808388
1.610750
1.683066
1.140805
0.914387
0.616299
0.011622
0.041539
0.176700
0.104277
0.112886
0.158083
0.158083
0.158083
1.840719
1.663481
1.643465
0.769432
0.781593
0.690444
0.021953
-0.000969
0.643956
0.035943
0.116868
0.158083
0.158083
0.158083
1.352479
1.735796
1.698778
0.663756
0.761039
0.662788
0.125477
-0.040893
0.809572
0.000000
0.137206
0.158083
0.158083
0.158083
0.353939
2.361888
1.873541
1.093778
1.080972
0.811079
0.216840
0.016465
0.477694
0.038633
0.148075
0.158083
0.158083
0.158083
0.158083
1.786590
2.138161
1.533161
0.967655
0.412157
-0.112994
0.101909
0.089857
0.133332
0.152272
0.158083
0.158083
0.158083
0.158083
0.432281
0.956033
2.040341
1.453851
0.781700
0.853155
0.068657
0.151411
0.152918
0.158083
0.158083
0.168629
0.139251
0.142264
0.158083
0.275597
0.908576
0.549364
0.249124
0.175624
-0.032069
0.100188
0.149044
0.158083
0.158083
0.335107
0.123540
0.150550
0.158083
0.159590
0.246434
0.259993
0.418076
0.308419
0.202850
0.144632
0.160236
0.158083
0.158083
0.318319
0.120419
0.156254
0.158083
0.182296
0.179283
0.293460
0.370511
0.227601
0.135162
0.140327
0.155501
0.158083
-4.216193
-3.132550
-2.376056
-2.390559
-2.410458
-2.474033
-2.466782
-2.130525
-2.260205
-2.564421
-2.592077
-2.705062
-2.659025
-2.361048
-2.894438
-1.703037
-1.354470
-1.497135
-1.676730
-1.562059
-1.602025
-0.437437
0.541485
-2.069479
-2.666782
-2.910964
-1.654133
-2.334067
-2.554303
-1.617371
-1.308096
-1.833391
-1.470996
-0.779428
-0.154638
1.769142
-1.011468
-3.357171
-2.964927
-2.277574
-2.832381
-2.310289
-2.749750
-1.715347
-1.688704
-1.049748
0.159697
0.278415
2.666108
-0.930186
-4.222433
-3.321083
-2.211469
-2.782971
-2.649244
-2.892246
-2.662903
-1.850761
-1.420913
-0.646713
-0.516695
0.993256
0.173356
-3.321420
-3.026648
-2.549075
-2.900509
-2.149749
-2.734742
-3.439970
-2.729851
-1.837945
-0.577909
-0.501012
-1.096291
-1.740980
-3.205231
-2.437102
-2.075550
-2.435922
-2.605062
-3.181116
-3.344523
-2.977406
-2.775383
-1.928333
-1.212480
-2.277068
-3.089042
-3.657340
-3.176732
-2.092751
-1.984151
-2.063071
-2.855484
-2.964927
-2.587355
-3.473022
-2.805399
-1.958012
-2.174539
-3.166951
-3.709447
-3.311639
-2.470829
-2.296629
-2.184657
-2.868806
-3.657171
-2.427659
-2.320407
-2.466950
-2.721082
-1.896461
-2.555483
-3.477744
-3.131706
-2.700846
-2.921082
-2.590728
-2.911470
-3.214000
-1.576056
-1.458012
-1.102193
-1.416696
-2.700846
-2.012144
-2.534741
-2.609952
-2.433055
-2.870492
-2.823949
-3.330020
-2.895113
-1.234909
-0.599495
-0.340641
0.086004
-2.115854
-2.762229
-1.976056
-1.646713
-1.975719
-2.883308
-2.797979
-2.671841
-2.694607
-2.421419
-0.944015
-0.057504
0.717370
-1.162059
-2.639632
-2.815686
-1.818889
-1.323442
-1.809783
-1.718383
-2.015179
-2.070997
-1.929513
-1.148736
-0.414671
-0.135919
-1.154133
-2.019058
-2.495112
-2.615686
-1.912312
-1.522767
-1.319057
-1.407084
-1.790390
-1.926309
-1.567961
-1.199664
-1.363914
-1.631199
-1.691401
-1.987017
-2.279261
-2.166276
-1.691233
-1.757169
-1.762396
-1.886174
-1.809783
-1.904892
-1.952110
-1.980609
-1.966781
-1.729513
-1.597303
-1.831537
-2.790728
0.839156
0.529035
-0.377464
-0.594115
-0.675229
-0.776716
-1.208414
-1.539096
-1.549094
-1.278587
-0.911498
-0.491307
0.095639
0.852172
0.609866
0.069136
-0.843494
-1.394222
-1.558432
-1.646525
-2.238943
-2.643854
-2.952748
-2.236868
-1.816866
-1.148239
-0.125727
0.480083
0.779074
0.488949
0.255416
-0.066401
-0.220329
-0.586286
-0.946019
-2.135192
-1.866100
-1.589180
-0.548465
-0.094225
0.491402
0.725784
0.779074
0.753042
0.714938
0.616469
0.473858
0.405194
-0.231270
-0.601849
-1.110417
-0.416324
0.079322
0.592606
0.619204
0.779074
0.779074
0.779074
0.779074
0.779074
0.779074
0.740026
0.617412
0.172415
-0.064043
0.230704
0.670796
0.779074
0.779074
0.779074
0.779074
0.779074
0.779074
0.779074
0.779074
0.779074
0.596850
0.395196
0.295784
0.443393
0.619204
0.779074
0.779074
0.779074
0.779074
0.779074
0.779074
0.779074
0.779074
0.779074
0.779074
0.779074
0.779074
0.779074
0.779074
0.779074
0.779074
0.779074
0.779074
0.779074
0.779074
0.779074
0.779074
0.779074
0.746251
0.687774
0.713900
0.707109
0.779074
0.779074
0.779074
0.779074
0.779074
0.779074
0.779074
0.779074
0.779074
0.779074
0.388122
0.057440
0.044613
0.324929
0.779074
0.779074
0.779074
0.779074
0.779074
0.779074
0.779074
0.779074
0.757192
0.769265
0.463766
-0.964034
-0.932248
-0.009149
0.727671
0.779074
0.779074
0.779074
0.779074
0.746251
0.676833
0.632408
0.606093
0.638822
0.227403
-0.887541
-1.916749
-0.020750
0.504795
0.631654
0.707109
0.779074
0.779074
0.508473
0.280127
-0.138743
-0.205615
-0.300594
-0.902915
-2.155565
-2.218664
-1.545604
-0.408873
-0.033955
0.400667
0.614582
0.483667
0.049423
-1.037037
-1.475148
-1.625681
-1.528438
-1.783948
-2.557835
-2.499735
-2.268842
-1.840445
-1.527023
-0.507624
0.208068
0.903858
0.202597
-0.568083
-0.911215
-0.959601
-1.075236
-1.451097
-1.638414
-1.730469
-1.444117
-1.107870
-0.825668
-0.568555
0.865848
0.419505
0.419505
0.419505
0.419505
0.419505
0.419505
0.419505
0.419505
0.419505
0.419505
0.419505
0.419505
0.419505
0.419505
0.419505
0.419505
0.419505
0.419505
0.419505
0.419505
0.419505
0.419505
0.419505
0.419505
0.419505
0.419505
0.419505
0.419505
0.419505
0.419505
0.419505
0.419505
0.419505
0.419505
0.419505
0.419505
0.419505
0.419505
0.419505
0.419505
0.419505
0.419505
0.419505
0.419505
0.419505
0.531832
0.677196
0.583591
0.443733
0.419505
0.419505
0.419505
0.419505
0.419505
0.419505
0.419505
0.419505
0.419505
0.419505
0.310689
0.468235
0.681188
0.440704
0.419505
0.419505
0.419505
0.697019
1.437055
1.278476
0.615527
0.419505
0.419505
0.419505
0.528322
0.638722
0.522127
0.421019
0.419505
0.419505
0.419505
0.381925
0.739141
2.060153
0.752494
0.419505
0.419505
0.498795
0.498795
0.432720
0.419505
0.419505
0.419505
0.419505
0.452543
0.682358
1.643882
1.657166
0.615045
0.419505
0.419505
0.514488
0.956362
0.690962
0.458049
0.419505
0.419505
0.419505
0.440360
0.909903
1.909007
1.341316
0.589510
0.419505
0.419505
0.329892
0.540711
0.835638
0.453231
0.419505
0.419505
0.419505
0.400302
0.384541
0.798884
1.123476
0.578291
0.419505
0.419505
0.585931
0.763438
0.582696
0.421914
0.419505
0.419505
0.419505
0.470713
0.782847
1.039299
0.757312
0.465138
0.419505
0.419505
0.419505
0.419505
0.419505
0.419505
0.419505
0.419505
0.419505
0.419505
0.419505
0.419505
0.419505
0.419505
0.419505
0.419505
0.419505
0.419505
0.419505
0.419505
0.419505
0.419505
0.419505
0.419505
0.419505
0.419505
0.419505
0.419505
0.419505
0.419505
0.419505
0.419505
0.419505
0.419505
0.419505
0.419505
0.419505
0.419505
0.419505
0.419505
0.419505
0.419505
0.419505
0.419505
0.419505
0.419505
0.419505
0.419505
0.419505
0.419505
0.419505
0.419505
0.419505
0.419505
0.419505
0.419505
-1.272674
-1.783524
-1.969946
-1.875251
-1.801413
-1.783753
-1.752695
-1.718288
-1.744398
-1.810928
-1.884918
-1.888420
-1.534303
-1.181023
-1.975807
-1.676422
-1.947185
-1.887887
-1.816333
-1.695604
-1.874489
-1.940563
-1.950839
-1.973523
-1.855078
-1.728641
-1.429027
-1.226620
-1.996512
-1.979689
-1.927546
-1.998567
-1.858808
-2.002526
-2.010442
-2.048731
-2.059464
-2.028407
-2.025590
-1.796160
-1.310049
-1.552496
-2.039444
-1.975502
-2.005799
-1.817094
-2.011965
-2.004809
-2.040434
-1.966672
-1.966140
-1.974665
-1.990879
-1.967281
-1.185819
-1.547700
-2.027646
-2.001612
-1.979080
-1.906308
-1.993848
-1.994609
-1.822575
-1.979461
-1.745540
-1.603345
-1.944141
-1.839321
-1.831100
-1.479572
-2.047361
-1.974056
-1.974589
-2.046676
-1.945359
-1.875860
-1.633032
-1.861168
-1.806894
-1.579519
-1.527833
-1.972914
-1.894509
-1.380538
-2.027722
-2.021251
-2.006484
-2.050863
-1.933331
-1.506747
-1.739602
-1.711970
-1.647343
-1.489315
-1.609435
-1.941096
-1.860940
-1.571374
-2.051243
-1.975198
-2.045230
-2.055887
-1.911484
-1.428494
-1.742038
-1.763657
-1.625725
-1.573658
-1.769442
-1.881264
-1.861549
-1.589034
-2.027722
-2.029092
-2.011432
-2.051852
-1.937366
-1.668962
-1.675128
-1.830872
-1.682816
-1.794638
-1.735263
-2.000166
-1.631434
-1.601899
-2.043175
-1.975274
-2.029625
-1.978015
-1.987378
-2.010823
-1.706489
-1.810243
-1.712808
-1.795323
-2.023535
-1.849293
-1.827675
-1.666906
-2.035639
-1.994076
-2.017065
-1.997121
-2.012574
-1.971544
-1.995675
-1.936985
-1.986388
-1.995522
-1.982430
-1.978624
-1.411215
-1.787863
-1.995218
-1.993391
-1.961420
-2.013716
-1.915443
-1.922903
-2.052233
-2.059464
-2.059464
-2.055430
-2.036476
-1.650693
-1.661882
-1.697583
-1.980298
-1.656173
-2.033050
-1.922979
-1.871901
-2.025819
-2.041576
-2.059464
-2.059464
-2.059388
-1.993087
-1.878828
-1.538261
-1.593906
-1.290791
-1.995066
-1.989661
-2.023383
-2.031300
-2.030843
-2.059464
-2.059464
-2.059464
-2.055582
-2.039216
-1.992934
-1.828664
-1.380538
0.178932
0.045388
-0.056586
-0.094112
-0.105668
-0.127468
-0.033594
0.055276
0.042767
-0.052179
-0.124371
-0.138547
-0.819728
-0.993299
0.018108
0.294607
0.125324
-0.136522
-0.290199
-0.114007
0.372993
0.535605
0.283170
0.119844
-0.086130
-0.429699
-0.913602
-0.876433
-0.172737
0.146172
-0.267922
-0.584090
-0.115079
0.852369
1.329243
1.460166
0.898234
0.272210
-0.257200
-0.781488
-1.034280
-0.862972
-0.187271
-0.130804
-0.696787
-0.741460
0.592906
1.008548
1.139232
0.486404
0.336540
0.302231
-0.454597
-0.671650
-0.784108
-0.862257
-0.222891
-0.503083
-0.754207
-0.660452
-0.118176
0.849391
0.688090
-0.156536
-0.614707
-0.812223
-0.606010
0.166781
-0.685469
-0.921464
-0.476279
-0.590285
-0.701552
-0.295202
0.040027
0.305447
-0.037168
-0.382405
-0.719779
-0.806147
-0.711916
-0.595050
-0.403729
-0.748727
-0.588141
-0.614945
-0.667004
-0.462698
0.070525
0.065521
-0.200375
-0.382405
-0.622807
-0.842601
-0.708700
0.224797
-0.518808
-1.020699
-0.546565
-0.594812
-0.694404
-0.255890
-0.402538
0.034905
-0.102928
-0.374661
-0.689520
-0.840814
-0.683802
0.345236
-0.521667
-1.049528
-0.296513
-0.597909
-0.768145
-0.633529
-0.116747
0.215743
-0.156536
-0.529648
-0.779105
-0.798523
-0.565387
-0.068499
-0.429222
-0.954701
-0.209072
-0.392173
-0.747297
-0.327724
0.350716
0.286387
-0.268636
-0.338684
-0.703934
-0.542038
0.246121
0.483903
-0.954463
-1.140781
-0.184650
-0.015606
-0.615183
-0.506657
-0.084939
-0.250410
0.044554
0.942669
0.249814
-0.110671
-0.060279
-0.374423
-0.875719
-0.935522
-0.236591
0.084463
-0.217173
-0.594097
-0.330107
-0.633410
0.710486
1.527355
0.805313
-0.037287
-0.450070
-0.665575
-0.901212
-0.824612
-0.100783
0.203711
0.027400
-0.238139
-0.236114
-0.140930
0.044554
0.375853
0.453167
0.076719
-0.200971
-0.501296
-0.835334
-0.805194
0.341305
0.416714
0.223605
0.085416
0.106382
0.118295
0.186556
0.289722
0.242190
0.238973
0.067904
-0.183221
-0.650922
-1.016649
-0.643427
-2.164925
-2.001117
-2.126064
-2.160744
-2.062115
-2.163941
-2.017350
-1.760816
-1.792298
-1.797710
-1.906177
-2.328979
-3.343558
-1.485834
-1.964469
-1.774343
-1.962010
-1.768195
-1.639804
-1.830914
-3.225990
-2.383336
-1.462714
-1.091317
-1.285870
-1.324732
-2.617980
-1.482637
-2.222480
-2.107125
-2.201573
-2.578135
-1.934708
-0.690159
-2.242402
-5.352299
-3.206067
-2.764572
-1.414506
-1.162399
-2.035797
-1.626768
-2.218544
-2.272163
-2.238959
-2.543701
-2.993559
-1.728103
1.578314
-3.112849
-3.578694
-3.537127
-3.196966
-1.284886
-1.620128
-1.621357
-2.184848
-2.074167
-1.746550
-2.283723
-3.488919
-3.009792
-1.872481
-1.102140
-1.723676
-2.429822
-3.271738
-2.876237
-1.996198
-1.655546
-2.265030
-2.544439
-1.732531
0.456990
-0.481340
-2.494263
-1.922902
-1.938890
-2.102452
-2.031124
-2.292086
-2.081300
-2.412851
-1.607092
-2.161974
-2.848935
-4.413476
-3.289201
-1.106321
-1.688012
-2.357265
-2.071707
-1.922410
-2.060885
-2.544685
-0.754354
-1.786150
-1.590858
-1.994230
-1.761308
-3.488673
-3.511301
-2.236253
-1.601189
-2.137378
-2.269950
-2.062115
-1.699818
-3.976408
-3.593697
-2.451221
-1.582988
-2.051293
-1.520023
-2.267736
-3.514253
-2.558705
-1.782214
-1.904701
-1.965453
-1.900766
-1.999641
-0.682288
-2.017842
-2.532879
-1.616192
-2.192473
-1.866824
-1.804842
-2.630033
-3.315764
-2.472865
-1.437627
-2.314222
-1.919951
-1.283656
-2.227399
-1.166827
-2.022516
-1.595286
-2.137132
-1.996198
-2.031616
-2.051538
-2.273639
-3.593451
-1.779017
-0.814860
-2.770229
-0.904635
-1.779754
-2.121637
-2.068264
-1.653332
-2.131229
-2.048095
-2.199360
-2.250765
-1.994722
-3.538603
-3.759227
-1.769670
-1.817140
-2.238467
-2.195178
-1.716789
-2.380631
-1.576101
-1.861905
-1.667598
-1.795496
-1.746304
-1.138787
-1.613733
-2.320617
-2.681438
-2.403259
-1.887238
-1.991279
-1.523466
-2.046128
-2.518613
-2.073183
-2.003577
-1.909621
-1.951187
-1.695145
-1.679404
-1.849361
-1.829438
-1.865102
-1.868300
-1.901012
-1.358674
-1.308252
-1.854645
-1.854645
-1.854645
-1.854645
-1.854645
-1.854645
-1.854645
-1.854645
-1.822668
-1.736912
-1.778271
-1.853455
-1.854645
-1.854645
-1.854645
-1.854645
-1.854645
-1.854645
-1.854645
-1.854645
-1.854645
-1.854645
-1.521797
-1.417939
-1.569233
-1.651818
-1.850549
-1.854645
-1.851738
-1.846320
-1.854513
-1.854645
-1.854645
-1.854645
-1.854645
-1.854645
-1.512151
-0.832582
-0.967227
-1.966299
-1.817911
-1.850813
-1.827557
-1.854645
-1.861251
-1.854645
-1.854645
-1.851738
-1.846320
-1.854513
-1.835617
-1.650100
-1.358743
-0.509776
-1.445423
-2.040030
-1.853059
-1.841828
-1.853852
-1.854645
-1.828482
-1.752637
-1.853455
-1.861251
-1.854645
-1.854645
-1.853059
-0.522725
-1.461808
-2.083899
-1.854645
-1.854645
-1.854645
-1.720924
-1.131999
-1.572273
-1.896928
-1.853852
-1.854645
-1.854645
-1.854645
-1.707446
-0.799284
-1.655914
-1.854645
-1.854645
-1.854645
-0.608613
-0.830203
-1.710221
-2.060246
-1.854645
-1.854645
-1.854645
-1.854645
-1.107687
-1.111650
-1.876975
-1.854645
-1.854645
-1.854645
-1.781706
0.021934
-0.962338
-2.085881
-1.854645
-1.854645
-1.854645
-1.854645
-1.150366
-1.299943
-1.749201
-1.854645
-1.854645
-1.854645
-1.854645
-0.382663
-1.289636
-2.016642
-1.852266
-1.854645
-1.854645
-1.854645
-1.660803
-1.479250
-1.790824
-1.848831
-1.837996
-1.854380
-1.854645
-1.772192
-0.700579
-1.813419
-1.973566
-1.854645
-1.854645
-1.854645
-1.657103
-1.790559
-1.896928
-1.800469
-1.854645
-1.867858
-1.854645
-1.854645
-1.826104
-1.623937
-1.840374
-1.837203
-1.766907
-1.745633
-1.841828
-1.764925
-1.849095
-1.836939
-1.787388
-1.852398
-1.854645
-1.854645
-1.854645
-1.854645
-1.854645
-1.692119
-1.502505
-1.894285
-1.940532
-1.854645
-1.854645
-1.621030
-1.786860
-1.886621
-1.854645
-1.854645
-1.854645
-1.854645
-1.854645
-1.845131
-1.757129
-1.683266
-1.844338
-1.854645
-1.854645
-1.630015
-1.850020
-1.903535
-1.854645
-1.854645
-1.854645
-1.854645
-1.854645
-1.854645
-1.854645
-1.854645
-1.854645
-1.854645
-1.854645
1.000481
0.897488
0.846656
0.572960
0.664090
0.690784
0.631361
0.641998
0.655396
0.717786
0.630133
0.720445
1.079644
0.660408
0.877441
1.124954
0.982890
0.664601
0.637497
0.741412
0.797767
0.870179
0.716865
0.836428
0.654373
0.694773
1.635115
0.515071
0.835303
1.180593
1.132624
0.870179
0.810551
0.863122
0.782732
1.256687
0.815665
0.955377
0.464443
0.723309
1.982553
0.639338
0.786005
1.151546
1.208105
0.817199
0.257331
1.220379
0.617451
0.993117
1.063894
0.799608
0.759515
0.446749
1.813487
0.960593
0.762890
1.159626
1.322656
0.312049
0.848803
1.023698
0.537061
1.040267
1.032188
1.107566
0.112403
0.792755
1.499597
0.943513
0.807790
1.242061
0.958547
0.540129
1.179672
0.306833
0.927046
0.975832
0.768311
1.238584
0.540334
0.200362
1.813692
1.060212
0.813722
1.451015
0.492570
1.121374
1.093554
0.121097
1.234288
0.877850
0.733945
1.208105
0.838473
-0.052469
1.893980
0.929091
0.799608
1.452958
0.427010
0.823234
1.377273
-0.062492
1.272643
0.933592
0.816381
1.089565
0.811370
0.232477
1.775236
0.679022
0.777209
1.321122
1.018584
0.189316
1.480982
0.202715
0.938296
0.965196
0.830598
1.029426
0.618371
0.615303
1.576305
0.688841
0.783857
1.175888
1.499802
0.009614
1.159626
0.958036
0.184305
1.171490
1.080258
0.577460
0.675954
0.975526
1.232038
0.737525
0.801960
1.101532
1.348942
0.593723
0.761151
1.067678
0.691909
0.812086
1.597681
0.366461
1.204628
0.692114
1.540406
0.738241
0.875600
1.192252
1.263438
0.777720
0.976855
1.073712
0.284946
1.089668
1.204219
0.642407
0.771788
0.868748
1.697198
0.685875
0.902704
1.012346
1.033926
0.587995
0.773016
0.770050
0.609882
0.793573
0.937376
0.666442
0.720854
0.619701
1.522916
0.773936
1.026153
0.562016
0.918659
0.577767
0.645577
0.621644
0.642611
0.625940
0.658260
0.643021
0.605178
0.527038
1.085065
1.038836
-1.226197
-0.398203
-1.055192
-1.651585
-1.695171
-1.895640
-1.977801
-1.903081
-1.741795
-1.821527
-1.681199
-1.878478
-1.891539
-1.856913
-0.762539
0.328039
-0.449079
-0.843941
-1.283604
-1.683326
-1.186104
-0.427210
-0.549921
-1.488780
-1.769132
-1.470252
-1.144188
-0.980624
-0.489325
0.873555
-0.059229
-0.960121
-1.140998
-0.454698
-0.738088
1.008112
-0.674758
-1.794646
-2.234613
-1.534493
-0.682807
-0.372992
-0.422958
0.930962
-0.764057
-1.420743
-0.454698
1.139783
-0.733531
0.783345
-1.972638
-2.256027
-1.722356
-2.599253
-0.046472
-0.200772
-0.293868
0.597000
-1.164234
-1.116699
-0.215959
0.811744
1.473289
-1.201290
-1.890172
-2.293387
-2.333784
-1.689856
-1.061722
-0.386812
-0.223552
0.068949
-1.102575
-1.654015
0.190293
1.045168
-0.088844
-1.631538
-1.902322
-2.254508
-2.333784
-1.770195
-1.812111
0.408682
-0.470189
0.075328
-1.345567
-1.001885
-1.879845
-0.098412
-0.870974
-1.649155
-1.849623
-2.250104
-2.333784
-3.152059
0.121648
1.026033
-0.558577
0.057559
-1.515965
-2.342441
-1.826083
-0.084743
-0.925647
-1.834284
-2.073783
-2.310548
-2.552932
-1.904448
1.336151
1.194153
-0.646206
0.335936
-1.401151
-2.057837
-0.687667
-0.375118
-1.445801
-2.047206
-2.360513
-2.470011
-2.676706
-0.370107
2.829183
1.130216
-0.570271
0.364488
-0.961488
-0.936126
0.000000
-2.117977
-1.806036
-2.296424
-2.333784
-2.837233
-1.195520
1.704739
2.490666
0.177840
-0.466392
0.371778
-0.023388
-0.921850
-1.405252
-1.671480
-2.306144
-2.090185
-2.418679
-2.128760
0.299639
2.260735
0.383927
-0.699057
-0.564197
0.434196
-0.478238
-0.854875
-1.649914
-1.527507
-1.965196
-1.521432
-2.126026
-0.331836
0.613099
0.150048
-0.820553
-1.040005
-0.595937
0.450446
-0.506486
-0.921243
-1.078580
-1.447320
-1.026944
-1.309270
-0.618110
-0.231298
-0.379827
-0.919116
-1.335544
-1.046383
-0.452420
-0.610213
-0.997937
-1.316104
-1.400392
-1.223160
-1.178662
-1.218300
-1.163779
-1.294083
-1.268873
-1.393862
-1.731013
-1.481490
-3.305828
-1.962786
-1.653690
-1.706784
-1.724327
-1.584294
-1.640804
-1.647480
-1.626987
-1.681789
-1.596093
-1.685050
-2.262724
-3.033525
-1.361360
-1.104737
-0.498497
-0.836004
-0.988923
-0.915336
-0.959891
-1.426874
-2.144736
-1.644065
-1.226605
-0.888788
-1.281252
-2.449796
-1.174443
-1.355616
-0.675790
-1.225674
-1.385268
-1.542533
-1.358565
-2.155603
-3.849503
-3.486535
-2.868807
-1.797759
-1.733952
-2.269865
-1.234989
-1.429824
-0.944677
-1.635060
-2.094125
-1.886405
-0.619745
-1.497356
-2.596970
-2.523694
-2.917555
-2.083569
-2.206524
-2.272815
-1.204871
-1.353753
-0.878387
-1.863273
-2.398720
-2.243473
-1.524369
-1.138270
-1.024940
-1.105358
-0.854168
-0.938312
-1.800398
-2.116015
-1.199127
-1.319753
-1.330776
-2.075185
-2.626157
-1.409797
-0.798745
-0.997616
-1.136873
-0.825448
-1.081916
-0.834141
-1.428427
-2.394373
-1.236541
-1.335744
-1.358566
-2.988193
-2.664347
-0.906176
-0.803092
-1.429668
-1.559144
-1.272714
-0.760088
-2.255427
-2.484416
-2.083879
-1.236541
-1.296777
-1.202077
-3.103696
-3.746418
-1.098682
-0.732455
-1.396291
-1.565665
-1.308265
-0.951819
-2.191620
-1.912797
-2.054693
-1.198040
-1.334812
-0.994045
-2.841174
-3.673608
-1.111723
-0.889875
-1.145256
-1.375798
-1.046674
-0.901363
-0.710099
-1.321306
-2.272194
-1.204095
-1.411039
-0.890186
-2.617463
-2.193017
-0.358465
-1.620933
-1.918075
-2.116170
-1.813749
-0.121092
-0.339991
-1.037515
-2.134024
-1.236852
-1.450471
-0.870003
-1.345369
-1.585847
0.060547
-1.194780
-4.103642
-4.225976
-3.486380
0.421806
0.056045
-1.161868
-2.150325
-1.167612
-1.377350
-0.846871
-1.134544
-0.910523
-1.309042
-1.553245
-4.037817
-4.097898
-3.043616
-0.936604
-0.826068
-1.255016
-2.324822
-1.327361
-1.571409
-1.176305
-1.480279
-1.415696
-1.467394
-1.736747
-2.145046
-1.837036
-1.527008
-1.250669
-1.315251
-1.553555
-2.561729
-3.197776
-2.842571
-2.640284
-2.858251
-2.782956
-2.749578
-2.699744
-2.617929
-2.448865
-2.575857
-2.703935
-2.659690
-2.598212
-3.449121
0.221109
0.001087
-0.011237
0.002809
0.019392
-0.005618
-0.014408
0.000453
-0.045762
0.124600
0.193652
0.138646
0.044947
0.051471
-0.056183
0.108742
0.050021
0.052559
-0.003444
0.009062
0.029904
0.393103
0.657890
0.558210
0.671936
0.603066
0.444846
-0.017852
-0.005075
-0.005618
-0.014408
-0.000816
0.019755
0.084366
0.307740
0.166919
0.395278
1.717130
2.009828
1.676805
0.506648
0.068326
-0.005075
-0.005075
-0.005075
-0.005075
0.018124
0.158220
0.222015
0.155320
0.050565
0.512085
1.949748
1.653516
0.650550
0.040597
-0.005075
-0.005075
-0.009062
-0.071770
0.097415
0.193742
-0.039147
0.131216
-0.009696
-0.098140
-0.199723
0.421829
0.544889
0.074307
-0.005075
-0.005075
0.109648
0.356946
0.943157
0.450011
-0.005075
-0.005075
-0.005075
-0.005075
-0.005075
-0.006434
-0.026370
0.037516
-0.005075
-0.005075
0.400715
1.545317
1.123760
0.254276
-0.005075
-0.005075
-0.005075
-0.005075
-0.005075
-0.005075
-0.005075
-0.005075
-0.005075
-0.005075
-0.024376
-0.322149
0.369723
0.454905
-0.005075
-0.005075
-0.005075
-0.005075
-0.005075
-0.005075
-0.005075
-0.005075
-0.005075
-0.005075
-0.005075
-0.005075
-0.006887
-0.034073
0.062436
0.035704
-0.005075
-0.005075
-0.005075
-0.005256
-0.007884
0.003081
-0.005075
-0.005075
-0.005075
-0.005075
0.052921
0.212410
0.094606
-0.002356
-0.009062
-0.073582
0.064792
0.215400
0.266600
-0.004531
-0.005075
-0.005075
-0.005075
-0.005075
-0.007793
-0.049025
0.058811
0.028998
-0.018033
0.866585
1.129197
0.990279
0.031988
0.003444
-0.005075
-0.005075
-0.005075
-0.005075
-0.005075
-0.005075
-0.005075
0.267325
1.142609
1.062955
1.055524
0.307378
0.268774
-0.005075
-0.039782
0.022383
0.112729
0.094062
0.080197
0.066605
0.086088
0.076754
-0.060624
0.482090
0.384857
0.530028
0.125325
0.054280
0.324052
0.501120
0.438412
0.393284
0.384947
0.416301
0.386941
0.342629
0.333114
0.373801
0.522416
0.405880
0.210779
0.094062
0.013387
-0.240127
-0.325383
-0.260842
-0.284235
-0.402748
-0.572415
-0.963467
-1.223463
-1.089590
-0.834103
-0.535776
-0.250273
0.083988
-1.679620
-2.026000
-2.020222
-2.096319
-2.544302
-2.983407
-2.671271
-1.641572
-1.493888
-2.183548
-3.191828
-3.251719
-2.626177
-2.358007
-1.526159
-1.770936
-1.625225
-1.843087
-1.679338
-0.973472
-0.951771
-1.466268
-1.361987
-0.367659
-0.142611
-0.867924
-1.772345
-1.845060
-1.377488
-1.655945
-1.833081
-1.698926
-1.142012
-1.483460
-1.691457
-1.519817
-1.710340
-1.733451
-1.984570
-1.655664
-1.328308
-1.919042
-1.427797
-1.652423
-1.669756
-1.360719
-1.756985
-0.758147
-0.644002
-0.845658
-0.670072
-0.500405
-0.708262
-1.576608
-1.467254
-1.568575
-1.424697
-1.729646
-1.378334
-0.768012
-1.059151
-1.748952
-2.103647
-2.275991
-2.225542
-2.295156
-1.751912
-0.757443
-1.070848
-1.831249
-1.447526
-1.739088
-1.559275
-1.383407
-1.376079
-2.208773
-2.015149
-1.526018
-1.452880
-1.605074
-1.956104
-1.864788
-1.807152
-1.547437
-1.435688
-1.685680
-1.347895
-1.133416
-1.976819
-2.289097
-2.109425
-1.630862
-1.592250
-1.940603
-2.077859
-1.973437
-2.057003
-1.838436
-1.446821
-1.712172
-1.525031
-1.297023
-0.382315
-0.808737
-2.470460
-3.111222
-3.253973
-2.622653
-1.031249
-0.420786
-0.864119
-1.719359
-1.430192
-1.659750
-1.630862
-1.764735
-1.529541
-0.474899
0.076238
-0.146274
-0.063273
0.260137
-1.048864
-2.160860
-1.874934
-1.643967
-1.452035
-1.731337
-1.692866
-1.484165
-1.504457
-2.210605
-1.562234
-0.996301
-1.364947
-1.735706
-1.902132
-0.950643
-1.428360
-1.522636
-1.595773
-2.000212
-2.057989
-2.084200
-2.129294
-1.319007
-1.315766
-1.924397
-1.525454
-1.147931
-0.887229
-1.835477
-2.206377
-1.848583
-1.856897
-2.216383
-1.970337
-1.837450
-2.002044
-2.559099
-2.617299
-2.171852
-2.205391
-2.558253
-2.858130
-2.526687
-2.042065
-1.922847
0.620751
0.573965
0.169526
0.070178
0.106394
0.213634
0.069051
-0.110622
-0.169244
-0.077224
0.167835
0.238013
0.448124
0.300018
-1.222266
-1.222266
-1.222266
-1.222266
-1.211567
-1.128067
-1.128764
-1.085968
-1.026424
-1.184586
-1.148302
-1.174120
-1.222266
-1.222266
-1.222266
-1.222266
-1.222266
-1.222266
-1.119926
-1.227616
-1.382289
-1.498817
-1.147139
-1.399268
-1.297393
-1.193657
-1.222266
-1.222266
-1.222266
-1.222266
-1.222266
-1.222266
-1.151558
-1.429272
-0.837560
-0.906640
-0.960601
-1.080618
-1.085735
-1.167142
-1.222266
-1.222266
-1.222266
-1.222266
-1.115274
-1.243199
-0.915246
-1.088294
-1.056894
-1.222266
-1.222266
-1.222266
-1.222266
-1.222266
-1.222266
-1.222266
-1.222266
-1.222266
-1.161792
-1.631626
-1.126904
-1.222266
-1.222266
-1.222266
-1.222266
-1.222266
-1.222266
-1.222266
-1.115274
-1.243199
-1.222266
-1.222266
-1.059452
-1.073408
-1.038519
-1.222266
-1.222266
-1.222266
-1.222266
-1.222266
-1.222266
-1.222266
-1.161792
-1.631626
-1.222266
-1.222266
-1.222266
-1.222266
-1.222266
-1.222266
-1.222266
-1.222266
-1.222266
-1.222266
-1.222266
-1.222266
-1.059452
-1.073408
-1.222266
-1.222266
-1.222266
-1.222266
-1.222266
-1.222266
-1.222266
-1.222266
-1.222266
-1.222266
-1.222266
-1.222266
-1.222266
-1.222266
-1.222266
-1.222266
-1.222266
-1.222266
-1.222266
-1.222266
-1.222266
-1.222266
-1.222266
-1.222266
-1.222266
-1.222266
-1.222266
-1.222266
-1.222266
-1.222266
-1.222266
-1.222266
-1.222266
-1.222266
-1.222266
-1.222266
-1.222266
-1.222266
-1.222266
-1.222266
-1.222266
-1.222266
-1.222266
-1.222266
-1.222266
-1.222266
-1.222266
-1.222266
-1.222266
-1.222266
-1.222266
-1.222266
-1.222266
-1.222266
-1.222266
-1.222266
-1.222266
-1.222266
-1.222266
-1.222266
-1.222266
-1.222266
-1.222266
-1.222266
-1.222266
-1.222266
-1.222266
-1.222266
-1.222266
-1.222266
-1.222266
-1.222266
-1.222266
-1.222266
-1.222266
-1.222266
-1.222266
-1.222266
-1.222266
-1.222266
-1.222266
-1.222266
-1.211567
-1.224359
-1.222266
-1.222266
-1.222266
-1.222266
-1.222266
-1.222266
-1.222266
-1.222266
-1.222266
-1.222266
-1.222266
-1.222266
-1.216219
-1.263202
-2.758144
-3.010899
-3.837709
-3.837709
-3.837709
-3.837709
-3.837709
-3.837709
-3.837709
-3.837709
-3.837709
-3.837709
-3.401860
-3.227520
-3.075159
-3.799153
-3.837709
-3.837709
-3.837709
-3.837709
-3.837709
-3.837709
-3.837709
-3.837709
-3.837709
-3.837709
-3.844973
-3.406703
-3.837709
-3.837709
-3.837709
-3.837709
-3.837709
-3.837709
-3.837709
-3.837709
-3.837709
-3.837709
-3.837709
-3.837709
-3.837709
-3.837709
-3.837709
-3.837709
-3.837709
-3.837709
-3.837709
-3.837709
-3.837709
-3.837709
-3.837709
-3.837709
-3.837709
-3.837709
-3.837709
-3.837709
-3.837709
-3.837709
-3.837709
-3.837709
-3.837709
-3.837709
-3.837709
-3.837709
-3.837709
-3.837709
-3.837709
-3.793007
-3.401860
-3.819828
-3.837709
-3.837709
-3.837709
-3.837709
-3.837709
-3.837709
-3.837709
-3.837709
-3.837709
-3.837709
-3.837709
-3.435387
-3.274458
-3.406330
-3.837709
-3.837709
-3.837709
-3.837709
-3.837709
-3.837709
-3.837709
-3.837709
-3.837709
-3.837709
-3.837709
-3.844414
-3.439857
-3.817593
-3.837709
-3.837709
-3.837709
-3.837709
-3.837709
-3.837709
-3.837709
-3.837709
-3.837709
-3.837709
-3.837709
-3.815358
-3.619785
-3.828769
-3.837709
-3.837709
-3.837709
-3.837709
-3.837709
-3.837709
-3.837709
-3.837709
-3.837709
-3.837709
-3.837709
-3.636548
-3.556083
-3.622020
-3.837709
-3.837709
-3.837709
-3.837709
-3.837709
-3.837709
-3.837709
-3.837709
-3.837709
-3.837709
-3.837709
-3.841062
-3.638783
-3.827651
-3.837709
-3.837709
-3.837709
-3.837709
-3.837709
-3.837709
-3.837709
-3.837709
-3.837709
-3.837709
-3.837709
-3.837709
-3.837709
-3.837709
-3.837709
-3.837709
-3.837709
-3.837709
-3.837709
-3.837709
-3.837709
-3.837709
-3.837709
-3.837709
-3.837709
-3.837709
-3.837709
-3.837709
-3.692426
-3.831749
-3.837709
-3.837709
-3.837709
-3.837709
-3.837709
-3.837709
-3.837709
-3.837709
-3.837709
-3.837709
-3.837709
-3.837709
-3.649959
-3.693916
-3.837709
-3.837709
-3.837709
-3.837709
-3.837709
-3.837709
-3.837709
-3.837709
-3.837709
-3.837709
-3.837709
-3.837709
-2.080698
-1.650531
-1.415266
-1.407428
-1.430740
-1.609118
-1.842848
-2.010357
-2.091405
-1.968500
-1.678449
-1.463426
-1.453851
-2.043690
-1.438376
-0.631535
-0.444268
-0.456712
-0.620989
-1.066025
-1.152164
-1.062914
-0.715410
-0.564910
-0.810155
-0.679331
-0.609434
-1.392439
-1.236727
-0.314212
-0.194013
-0.437642
-0.887566
-0.438612
-0.255022
-0.414774
-0.605596
-0.513033
-0.580870
-0.817225
-0.790923
-1.394095
-1.062591
-0.223548
-0.405643
-1.026471
-0.867850
-0.845426
-0.716218
-0.122986
0.150824
-0.358008
-0.822518
-1.126872
-1.181052
-1.642531
-1.055965
-0.255345
-0.771368
-1.244161
-1.669278
-0.913020
-0.147268
-0.305202
-0.471863
-0.613677
-1.060732
-1.855938
-1.551666
-1.920421
-1.057662
-0.368190
-0.748541
-0.941181
-1.413973
-1.301815
-1.145053
-0.716663
-0.658806
-0.837507
-1.368561
-1.850767
-1.868544
-2.095365
-1.063116
-0.395542
-0.522892
-1.273897
-1.295027
-1.281816
-0.877183
-0.589596
-0.553638
-0.716986
-1.396075
-1.796425
-1.826081
-2.075365
-1.078227
-0.392229
-0.603576
-0.943767
-1.487425
-1.440639
-0.967685
-0.594445
-0.585597
-0.888172
-1.432962
-1.858403
-1.756790
-1.858484
-1.057015
-0.315989
-0.721956
-1.245655
-1.735457
-1.344844
-1.240686
-1.035723
-1.128609
-1.376641
-1.594856
-1.666651
-1.488758
-1.714529
-1.065419
-0.263506
-0.410895
-0.952817
-1.220566
-1.193819
-1.032572
-1.552958
-1.874322
-1.560958
-1.859696
-1.692711
-1.271877
-1.620310
-1.087600
-0.255587
-0.199064
-0.488307
-0.456470
-0.838760
-1.644834
-2.008176
-2.052053
-1.931613
-1.651379
-1.159234
-1.000694
-1.463386
-1.228888
-0.445197
-0.303949
-0.372917
-0.529800
-0.695249
-1.217091
-1.785557
-2.137868
-1.437568
-1.166507
-0.948413
-0.818922
-1.473123
-1.452194
-0.723733
-0.626484
-0.568506
-0.633797
-0.967241
-1.450538
-1.498576
-1.219434
-1.124528
-0.976897
-0.747207
-0.847245
-1.621724
-2.085547
-1.631016
-1.563059
-1.552635
-1.567988
-1.581240
-1.688065
-1.794930
-1.769234
-1.619179
-1.516919
-1.531989
-1.676106
-2.216411
2.079164
2.079164
2.079164
2.079164
2.079164
2.079164
2.079164
2.079164
2.079164
2.079164
2.079164
2.079164
2.079164
2.079164
2.079164
2.079164
2.079164
2.079164
2.079164
2.079164
2.079164
2.079164
2.079164
2.079164
2.079164
2.079164
2.079164
2.079164
2.079164
2.079164
2.079164
2.079164
2.079164
2.079164
2.079164
2.079164
2.079164
2.079164
2.079164
2.079164
2.079164
2.079164
2.079164
2.079164
2.079164
2.079164
2.079164
1.934333
1.903514
1.895094
2.053229
2.048850
2.047334
2.045819
2.079164
2.079164
2.079164
2.079164
2.079164
2.079164
1.994960
1.731064
3.518209
2.061818
2.036725
2.027631
2.411095
2.024599
2.079164
2.079164
2.079164
2.079164
2.079164
2.069059
1.831099
2.650908
1.798428
1.808027
2.042619
2.033693
2.036893
2.018032
2.064344
2.079164
2.079164
2.079164
2.079164
2.041777
1.733759
2.815611
1.603075
2.058281
2.079164
2.079164
2.049524
2.219616
2.047503
2.079164
2.079164
2.079164
2.079164
2.029652
1.638103
3.271154
1.363262
2.060639
2.079164
2.008432
1.973235
2.062323
2.046156
2.079164
2.079164
2.079164
2.079164
2.048850
1.396775
4.539771
1.302130
1.734096
1.854002
1.754810
2.672296
1.882463
2.068722
2.079164
2.079164
2.079164
2.079164
2.079164
1.690141
1.504051
3.437036
2.467512
2.121771
2.915477
2.457071
1.866464
2.079164
2.079164
2.079164
2.079164
2.079164
2.079164
2.079164
1.811395
1.713213
2.189639
1.687447
1.839856
1.868148
1.990413
2.079164
2.079164
2.079164
2.079164
2.079164
2.079164
2.079164
2.079164
2.008432
2.034367
2.006074
2.079164
2.079164
2.079164
2.079164
2.079164
2.079164
2.079164
2.079164
2.079164
2.079164
2.079164
2.079164
2.079164
2.079164
2.079164
2.079164
2.079164
2.079164
2.079164
2.079164
2.079164
2.079164
2.079164
2.079164
2.079164
2.079164
2.079164
2.079164
2.079164
2.079164
2.079164
2.079164
2.079164
-5.578869
-5.387145
-5.679916
-5.856182
-5.775118
-5.721202
-5.720259
-5.782471
-5.816970
-5.850904
-5.849584
-5.763430
-4.883985
-5.817159
-4.527871
-4.937336
-5.629770
-5.559075
-5.343596
-4.819511
-4.647393
-4.486962
-4.600639
-4.874747
-5.394685
-5.599041
-4.695276
-5.793028
-5.071185
-5.562656
-5.824322
-5.853920
-5.250845
-4.602714
-3.272894
-1.403907
-1.730424
-2.943926
-4.713374
-5.293450
-5.267623
-5.794913
-5.207296
-5.716866
-5.966843
-5.446151
-4.883608
-0.494676
0.801021
0.481103
-1.322656
-2.243387
-2.166848
-3.690277
-4.512035
-5.761922
-5.210502
-5.634294
-5.910476
-5.217288
-2.059957
1.027999
-1.284952
-2.146488
-3.179200
-3.385252
-2.450759
-0.926387
-3.370359
-5.303819
-5.190330
-5.617704
-5.344350
-4.579148
0.940149
-0.826094
-2.858904
-3.730055
-4.300516
-4.688490
-3.413907
-1.315114
-1.187487
-4.439643
-5.171478
-5.503839
-5.072505
-2.533896
1.110759
-1.779439
-3.427480
-4.052235
-4.675482
-4.838929
-3.703662
-1.364884
-0.557076
-4.112373
-5.198059
-5.674072
-5.040080
-2.880584
0.761244
-1.629000
-3.235567
-4.080136
-4.691695
-4.613082
-3.581312
-1.307763
0.904896
-4.300139
-5.225771
-5.616762
-5.432201
-4.580845
1.115096
-0.482046
-3.021974
-3.772283
-4.446619
-4.044694
-2.616279
-1.574895
0.646058
-4.369514
-5.216911
-5.739677
-5.929516
-5.099086
-1.366958
1.359229
-1.823175
-3.337556
-3.790381
-3.508921
-3.024613
0.638517
-2.537855
-5.253673
-5.232181
-5.789258
-5.981548
-5.565296
-4.981261
-2.640032
0.330664
-2.150258
-1.363941
-1.947411
-1.246493
-4.415513
-4.376489
-5.698579
-5.052711
-5.645606
-5.892755
-5.966278
-5.600549
-4.802356
-3.886715
-2.175142
-0.489586
-2.799332
-4.604976
-5.283082
-5.240288
-5.788504
-4.520142
-4.827618
-5.769463
-5.970048
-5.778889
-5.052145
-4.397038
-3.705924
-3.684810
-3.929509
-5.056858
-5.339826
-4.733357
-5.780586
-4.546723
-5.592820
-5.768520
-5.974950
-5.920090
-5.655597
-5.289491
-5.167330
-5.010859
-5.228600
-5.622040
-5.659179
-4.854199
-5.835445
2.402614
1.915934
1.614990
1.373661
1.202743
1.543430
1.686665
2.136933
2.140264
1.894569
1.692868
1.543430
1.678969
2.236750
2.018967
2.442931
2.664619
2.719409
2.795449
2.981070
2.467971
1.647841
1.511842
2.021494
2.573187
2.774544
2.695977
1.871711
1.878603
2.417776
1.942468
2.071920
1.442005
1.182182
1.115446
2.188622
2.736524
1.971184
1.345978
2.273047
2.488302
1.843685
1.805090
2.204703
1.929833
2.060318
1.208027
2.122460
2.184602
1.597531
0.952913
1.410187
1.157601
1.706882
1.914786
1.670814
1.805779
2.220094
2.293033
1.517585
1.967968
1.612693
1.262242
1.683334
2.035048
1.996109
1.608788
2.308425
2.340127
2.278445
1.774996
2.237784
2.341965
1.081561
2.106035
1.412370
2.104197
1.575822
1.383309
1.643936
1.844719
1.081906
1.689192
2.222047
1.765003
2.277756
2.150602
1.512417
1.537801
1.583173
2.027927
1.086615
1.213425
1.520457
2.269371
1.366654
2.281432
2.193331
1.772699
2.253865
2.165649
1.991515
1.815084
1.388937
2.037116
1.169547
1.229162
1.594200
2.053886
1.271087
2.447985
1.887907
1.798313
2.240426
2.292229
1.642443
1.392613
1.300951
2.598802
1.975778
2.069737
2.288324
2.352992
1.383080
2.163926
2.046765
1.827144
2.241574
2.079845
1.808536
2.229858
1.275107
1.968198
1.825421
1.967508
1.497599
1.052041
1.559396
2.334270
1.929258
1.855516
2.310607
2.104886
1.930522
1.802219
1.384917
2.171852
0.619003
1.096264
1.703550
1.993238
1.955907
2.478884
1.804516
1.942353
2.389060
2.222622
1.980603
2.277986
2.078008
2.029994
1.926042
2.727794
2.103737
1.806009
2.409276
2.474519
1.682186
2.086048
2.358506
2.535167
2.264662
2.390783
2.629815
2.489910
2.501856
2.297053
2.252142
2.416282
2.613160
2.320601
1.925008
2.204588
2.045731
1.882624
1.736861
1.678165
1.652895
1.600402
1.757537
1.840583
1.763739
1.678625
1.745016
1.931326
2.187932
2.040456
1.233396
0.737720
0.630124
0.628469
0.624607
0.130035
-0.314143
-0.304027
-0.103733
0.395069
0.721719
1.079635
1.200658
-1.684378
-1.219786
-1.193301
-1.225487
-1.539814
-2.167915
-2.087908
-2.110715
-2.633428
-2.678857
-2.632692
-2.058848
-1.241305
-1.207647
-1.081291
-1.401687
-1.610625
-1.747097
-2.189803
-2.221437
-1.980681
-0.907115
-0.466064
-1.830598
-2.396901
-2.179687
-1.572552
-1.058484
-1.281217
-1.498247
-1.582484
-1.456312
-1.337865
-0.869410
-0.397828
0.457052
0.373366
0.243332
-0.487216
-1.318001
-1.685298
-1.528043
-1.197715
-1.392307
-1.470659
-1.137755
-0.134817
0.739008
0.278461
-0.890010
-0.597754
0.647597
1.561517
-0.078720
-1.400032
-1.202681
-1.219602
-1.287838
-1.458152
-1.533377
-1.016733
-0.855616
-0.760343
-1.031815
-1.316714
-1.415665
-1.223464
-0.988225
-1.364718
-1.262272
-1.141434
-1.032183
-0.657529
-1.080003
-1.404078
-1.384766
-1.769535
-1.815700
-1.803378
-1.804849
-1.323151
-0.783333
-0.314327
-0.737353
-1.248294
-1.373730
-0.924036
-0.686405
-1.445093
-1.849359
-1.719508
-1.540918
-1.512225
-1.794181
-2.262084
-2.161294
-1.508915
-1.099315
-1.223096
-1.490890
-1.432218
-1.060507
-1.551769
-1.928262
-2.394878
-2.545696
-2.563537
-2.305675
-2.039536
-1.374098
-1.201209
-0.889826
-1.156884
-1.462382
-1.743235
-1.511306
-1.842001
-2.503945
-2.879334
-3.047625
-3.145473
-2.683823
-1.711231
-1.031815
-1.053150
-1.096740
-1.233212
-1.507075
-1.828391
-1.704426
-0.994111
-1.346694
-1.473969
-1.948678
-1.771007
-1.407205
-1.660652
-1.875660
-1.541469
-1.370972
-1.385501
-1.773398
-2.077425
-2.167364
-1.647042
-0.729995
-0.436636
-0.721351
-0.602536
-0.801358
-1.580829
-1.817356
-2.048732
-1.729440
-1.424310
-1.869590
-2.064918
-2.218679
-2.347057
-2.008453
-1.308989
-0.378884
-0.617434
-1.273492
-1.675918
-2.103542
-2.219598
-1.743602
-2.272936
-2.652924
-2.437181
-2.451527
-2.638210
-2.810547
-2.892025
-2.988585
-2.947386
-2.825629
-2.661384
-2.701296
-2.861862
-2.262636
-1.489821
-1.317169
-1.347652
-1.189858
-1.203947
-1.169366
-1.149898
-1.282588
-1.535673
-1.450116
-1.349189
-1.185248
-0.711866
-0.477993
-1.133503
-2.141745
-1.935281
-1.940404
-1.809507
-1.731378
-2.005981
-3.298559
-3.139740
-2.681216
-1.977547
-1.508264
-1.828975
-1.295652
-1.736245
-2.307224
-1.915557
-1.573072
-1.932463
-2.303638
-2.645354
-2.793670
-1.085346
-1.680659
-0.790250
-0.993384
-1.293090
-1.779536
-1.601506
-2.193233
-1.516717
-1.832049
-2.211933
-2.224741
-2.256761
-2.671738
-1.009010
-1.622767
-0.017163
-0.386801
-2.515994
-1.435515
-1.574865
-2.083341
-1.683477
-2.094356
-1.835635
-3.114893
-2.195539
-1.092006
-1.627378
-1.799773
-2.022375
-4.064474
-1.877133
-1.147080
-1.511850
-1.981646
-2.485767
-3.112587
-2.882813
-1.974986
-1.194213
-1.617388
-1.932463
-1.878414
-2.027498
-1.327672
1.516717
-2.455028
-1.584855
-2.076937
-2.819798
-1.277209
0.436751
-1.456776
-1.550786
-1.912227
-2.013922
-1.744443
-0.848911
-1.693979
-4.186662
-2.836448
-1.563851
-2.040562
-1.782610
-0.648594
-1.841271
-3.127701
-1.849724
-1.931951
-1.817448
-1.479062
-1.069976
-2.863089
-2.270849
-1.589210
-1.555653
-2.122789
-1.755970
-2.303381
-3.669990
-2.945316
-1.334588
-1.606373
-1.613033
-1.338687
-1.954237
-2.840547
-2.378948
-1.676048
-1.559752
-2.136622
-1.869448
-2.567225
-3.201987
-0.667038
-0.464160
-1.658629
-2.070789
-2.210140
-2.252918
-1.962946
-2.057981
-1.327160
-1.565131
-2.177095
-1.861251
-2.112031
-0.499254
-0.784103
-0.409598
-3.197376
-2.144819
-1.425781
-1.811556
-2.264702
-2.040050
-1.201385
-1.430135
-2.129706
-1.779536
-1.851773
-2.007518
-2.016484
-2.201943
-3.552925
-1.702945
-2.229352
-2.221154
-2.383815
-1.573072
-1.374037
-1.382490
-2.281864
-1.793881
-1.894296
-1.900699
-2.026730
-2.586693
-2.265982
-1.776719
-1.976523
-2.020326
-1.778768
-1.609703
-1.646334
-1.222903
-1.965508
-1.576915
-1.720108
-1.670413
-1.781842
-1.764679
-1.529525
-1.510826
-1.618156
-1.597664
-1.625841
-1.693723
-1.952956
-0.215508
-0.198107
-0.138108
-0.128187
-0.128187
-0.128187
-0.132045
-0.143698
-0.146375
-0.140470
-0.128187
-0.170155
-0.242437
-0.248815
0.143777
-0.034803
-0.119919
-0.128187
-0.128187
-0.135903
-0.140549
-0.145431
-0.244720
-0.343065
-0.349521
-0.173147
0.120313
0.171336
-0.128187
-0.128187
-0.128187
-0.128187
-0.128187
-0.134643
-0.134565
-0.113778
-0.194485
-0.322357
-0.312908
-0.187713
-0.128187
-0.128187
-0.128187
-0.128187
-0.128187
-0.128187
-0.128187
-0.122675
-0.097164
-0.122675
-0.042755
0.402276
0.236453
-0.094014
-0.146454
-0.146139
-0.128187
-0.128187
-0.128187
-0.128187
-0.128187
-0.128187
-0.128187
-0.128187
-0.128187
-0.128187
-0.128187
-0.222122
-0.242358
-0.235665
-0.128187
-0.128187
-0.128187
-0.128187
-0.128187
-0.128187
-0.128187
-0.128187
-0.128187
-0.128187
-0.128187
-0.184957
-0.162044
-0.186611
-0.128187
-0.128187
-0.128187
-0.128187
-0.128187
-0.128187
-0.128187
-0.128187
-0.128187
-0.128187
-0.128187
-0.070314
0.197556
-0.070314
-0.128187
-0.128187
-0.128187
-0.128187
-0.128187
-0.128187
-0.128187
-0.128187
-0.128187
-0.128187
-0.128187
-0.286373
-0.315428
-0.312199
-0.128187
-0.128187
-0.128187
-0.128187
-0.147478
-0.151021
-0.150627
-0.128187
-0.128187
-0.128187
-0.128187
-0.287554
-0.347395
-0.295192
-0.128187
-0.128187
-0.128187
-0.128187
-0.159761
-0.169288
-0.174249
-0.141887
-0.141651
-0.151336
-0.155588
-0.064723
0.475818
-0.038346
-0.128187
-0.128187
-0.128187
-0.128187
-0.127321
-0.088187
-0.248893
-0.288656
-0.264169
-0.169997
-0.155588
-0.128738
-0.019606
-0.108896
-0.143620
-0.150312
-0.150706
-0.132675
-0.117163
-0.082282
-0.232988
-0.286058
-0.322199
-0.205115
-0.074881
-0.166375
-0.192044
-0.186532
-0.364482
-0.409363
-0.253224
-0.263145
-0.266531
-0.253145
-0.126691
0.083463
-0.200626
-0.322199
-0.308971
-0.371411
-0.407709
-0.347395
-0.336136
-0.266610
-0.194957
-0.238264
-0.249602
-0.245901
-0.208894
-0.090156
-0.053542
-0.102597
-0.233382
-0.244248
-0.118187
-0.240232
-0.670474
-0.636425
-0.528265
-0.536420
-0.541313
-0.499007
-0.379021
-0.302055
-0.293696
-0.445080
-0.582192
-0.463531
-0.449973
-0.560886
-0.282992
0.058107
-0.036597
0.022733
0.125593
0.323565
0.138540
0.038840
0.234365
-0.015597
0.123860
0.380347
-0.058719
-0.349560
0.373822
0.616445
0.516745
0.633673
0.742241
0.545187
0.576382
0.772926
-0.122535
0.087263
0.304094
0.623479
0.668435
-0.467303
0.013864
0.385546
0.462410
0.464857
0.235181
-0.185841
1.625163
1.130335
-0.703401
-0.695756
-0.488201
0.114481
0.096233
-0.462818
0.013354
0.533770
0.629595
0.524697
0.321628
-0.469240
0.620115
0.678426
-0.185841
-0.462410
-0.606556
-0.552221
-0.267802
-0.272390
0.040165
0.646518
0.518784
0.221113
-0.016005
-0.186044
0.661401
1.015956
0.741935
-0.142107
-0.422245
-0.345686
0.309904
-0.403181
0.089301
0.477192
-0.335084
-0.675469
-0.410419
0.334982
0.790868
0.678425
0.740916
0.869669
-0.048117
0.907999
0.511138
-0.510934
0.152200
0.581173
-0.208166
-0.543046
-0.546716
0.162802
0.599114
0.521740
0.710333
0.924820
0.345176
0.157705
0.104389
-0.476988
0.190122
0.732047
0.254142
-0.372803
-0.639993
0.157399
0.621746
0.518478
0.788625
0.882718
0.284827
-0.264744
-0.145064
-0.252613
0.116418
0.628882
0.466793
-0.443143
-0.717469
0.092258
0.289006
0.394924
0.541313
0.694940
0.310312
-0.000612
0.369235
-0.200011
0.028952
0.553240
0.437740
-0.237729
-0.455274
-0.595139
-0.187472
-0.143535
-0.298283
-0.332434
0.035782
0.407463
0.621848
-0.357409
0.007748
0.511546
0.474847
0.679037
-0.052806
-0.529182
-0.674654
-0.389623
-0.472298
-0.636323
-0.532444
0.596362
0.462818
-0.477191
0.001223
0.309599
0.355880
0.625212
0.492381
-0.300628
-0.464551
-0.204700
-0.267089
-0.427851
0.184210
0.539886
0.058107
-0.533362
-0.294715
0.119476
0.264336
0.189715
0.186860
0.259443
0.073602
0.099088
0.025486
0.123554
0.240074
0.275856
-0.019675
-0.507163
0.103790
-0.495703
-0.816231
-0.788522
-0.756821
-0.755647
-0.761283
-0.772085
-0.779834
-0.747898
-0.776311
-0.829381
-0.731226
-0.068332
0.415160
0.654910
0.603954
0.606303
0.704927
0.712676
0.696238
0.444043
0.191612
-0.011741
0.204997
0.387686
0.508853
0.262997
0.348237
0.425257
0.313483
0.300803
0.400601
0.529517
0.571315
-0.044381
-1.697271
-2.419574
-1.861880
-0.502747
0.074438
0.179871
0.291176
0.285540
0.309257
0.300099
0.390034
0.243742
0.156624
-0.090170
-0.556521
-1.044475
-1.288921
-1.294557
-0.208754
0.153806
0.296107
0.316301
0.293759
0.208989
0.232471
0.059879
-0.462124
-0.119758
1.261213
0.652797
-0.564035
-1.048936
-1.053633
-0.116001
0.265815
0.192786
0.107547
0.021134
-0.056122
-0.569436
-0.282018
0.294463
0.687550
0.887616
0.477622
-0.924952
-1.225990
-0.230827
0.300333
0.198422
-0.645752
-2.181938
-2.229372
-0.735688
0.132438
0.351289
0.462359
0.601137
1.160945
2.050909
1.618607
0.133142
0.291176
0.233410
-0.092988
-0.835016
-1.140985
-0.819518
-0.302682
-0.032640
0.093223
0.249378
0.398253
0.501573
0.288358
0.235523
0.301742
0.351759
0.539849
0.293993
-0.957122
-1.359837
-0.738975
-0.371718
-0.052130
0.034753
0.220260
-0.170009
-0.157329
0.181280
0.289767
0.313014
0.605128
0.956183
0.280374
-1.105058
-0.866012
-0.594092
-0.274034
0.464472
0.555347
0.653501
0.719720
0.289767
0.286949
0.295637
0.432302
0.618044
0.579768
-0.146527
-0.550885
0.695299
0.734749
0.134316
0.207580
0.135021
-0.099094
0.174940
0.276382
0.235054
0.240689
0.517306
1.249237
1.197342
0.193491
-0.563331
-0.119288
-0.075142
-0.051660
-0.017142
0.256657
0.192082
0.285540
0.299394
0.317945
0.307143
0.550650
0.772085
0.810126
-0.001409
-0.098859
-0.229183
-0.211807
0.166721
0.239046
0.213450
0.280609
0.279200
0.288358
0.252196
0.398018
0.532569
0.487954
0.474804
0.453670
0.440520
0.472925
0.310900
0.245855
0.231062
-0.745453
-2.376108
-3.169306
-3.283964
-3.284312
-3.196837
-3.155017
-3.167563
-3.225415
-3.213914
-3.198929
-3.156063
-2.737159
-1.397854
-0.031017
-0.031365
0.015683
-0.016728
0.049837
-0.110824
-0.123719
-0.064822
-0.068655
0.156479
0.009410
-0.102112
-0.043911
-0.010455
0.753468
0.847913
0.735695
0.626613
0.486862
0.915174
0.890082
0.537395
0.409494
-0.059943
-0.079111
0.101067
0.304245
0.422737
0.463860
0.357566
0.240468
0.099673
0.280547
-0.204224
-0.375340
0.148115
0.398342
0.763227
0.955950
1.311077
0.968496
0.369416
0.424828
0.290305
0.279501
0.648569
0.507424
0.283335
0.479892
0.034850
-0.216422
-0.150205
-0.062034
-0.370113
0.133826
0.154736
0.461769
0.335959
0.238726
0.320276
0.339793
0.555866
0.360006
0.431101
0.559351
0.447132
0.125811
0.096188
-0.154388
-0.046003
0.420297
0.437723
0.337005
-0.086777
0.092006
0.196209
0.370113
0.297275
0.201784
0.235241
0.453406
0.602566
0.402872
0.118143
0.406706
0.378825
0.427965
0.407751
0.448526
0.350248
0.411933
0.441905
0.490695
0.541926
0.409842
0.507424
0.654841
0.391720
0.484074
0.316443
0.224437
0.171116
-0.127204
0.011849
0.057503
0.253712
0.226180
-0.078065
-0.218861
-0.255454
-0.245347
0.056458
0.374992
0.296927
0.274971
0.593504
0.426571
0.009758
-0.147418
-0.398690
-0.293092
-0.029623
0.442253
0.414373
0.588974
0.336656
0.471528
0.367673
0.152646
-0.012198
0.501848
0.383704
0.578170
0.794941
0.447132
0.608839
0.419949
0.418903
0.266607
0.170768
0.726285
0.683767
0.546108
0.431798
0.281941
0.471528
0.479543
0.126159
0.200739
0.164146
0.187147
0.186102
0.415418
0.472922
0.320625
0.229317
0.245348
0.217467
0.253363
0.235241
0.112916
0.368370
0.314003
0.156828
0.112568
0.265909
0.301806
0.029623
-1.303061
-2.582423
-3.141774
-3.232037
-3.200671
-3.200323
-3.235174
-3.250159
-3.214960
-3.235522
-3.185337
-3.276297
-3.116333
-1.576986
-0.759475
-0.134001
-0.259203
-0.259203
-0.259203
-0.259203
-0.259203
-0.259203
-0.259203
-0.259203
-0.259203
-0.259203
-0.099201
-0.899210
-0.173202
-0.142802
-0.259203
-0.259203
-0.259203
-0.182535
-0.025867
0.179869
0.261736
0.173869
-0.032400
-0.191735
-0.128001
-0.083201
-0.244536
-0.248269
-0.259203
-0.259203
-0.056801
0.486672
0.098134
-0.519073
-1.117479
-0.770542
-0.140002
0.119068
-0.161068
-0.259203
-0.259203
-0.259203
-0.259203
-0.124268
0.560806
-0.698008
-2.123090
0.450272
1.303348
-0.357471
-0.262803
-0.371337
0.272936
-0.179469
-0.259203
-0.259203
-0.259203
0.374538
-0.196536
-0.583073
1.656285
0.646141
0.183602
0.331470
1.140813
-1.411349
0.090534
0.155202
-0.259203
-0.259203
-0.133468
1.008945
-2.181224
1.405349
0.167202
-0.259203
-0.259203
-0.259203
0.396938
0.378804
-1.394282
0.605340
-0.259203
-0.259203
0.109201
-0.134801
-0.274003
0.838943
-0.259203
-0.259203
-0.259203
-0.259203
-0.084268
1.048812
-1.117079
0.786942
-0.259203
-0.259203
0.171602
0.109201
-0.707341
0.612807
-0.259203
-0.259203
-0.259203
-0.259203
-0.164135
0.870276
-0.861210
0.748675
-0.259203
-0.259203
-0.089734
1.049345
-1.324148
1.001611
-0.056801
-0.259203
-0.259203
-0.259203
0.186669
0.169602
-1.811887
0.709475
-0.259203
-0.259203
-0.259203
0.712675
-1.172946
-0.683474
0.547740
-0.020000
-0.172935
0.023067
0.711875
-1.157213
0.458272
0.412138
-0.259203
-0.259203
-0.259203
0.183602
1.188947
-0.897743
-0.610140
0.645074
-0.563473
0.542006
-1.366549
0.252003
0.502006
-0.117068
-0.259203
-0.259203
-0.259203
-0.259203
0.145335
0.701075
0.313337
-0.574140
-1.335615
0.320804
0.397204
0.271070
-0.133468
-0.259203
-0.153602
-0.158002
-0.259203
-0.259203
-0.259203
-0.149868
0.149868
0.541073
0.523473
0.173202
-0.186269
-0.253736
-0.179469
-0.176002
-1.139213
-0.052401
-0.259203
-0.259203
-0.259203
-0.259203
-0.259203
-0.259203
-0.259203
-0.259203
-0.259203
-0.259203
-0.085868
-0.952544
-1.268211
-1.268211
-1.268211
-1.268211
-1.268211
-1.268211
-1.268211
-1.268211
-1.268211
-1.268211
-1.268211
-1.268211
-1.234208
-1.143356
-1.268211
-1.268211
-1.268211
-1.268211
-1.268211
-1.268211
-1.268211
-1.268211
-1.268211
-1.268211
-1.268211
-1.268211
-1.277244
-1.263430
-1.268211
-1.268211
-1.268211
-1.268211
-1.268211
-1.268211
-1.268211
-1.268211
-1.268211
-1.268211
-1.268211
-1.268211
-1.268211
-1.268211
-1.268211
-1.268211
-1.268211
-1.268211
-1.268211
-1.268211
-1.268211
-1.268211
-1.268211
-1.268211
-1.268211
-1.268211
-1.268211
-1.268211
-1.268211
-1.268211
-1.268211
-1.268211
-1.268211
-1.268211
-1.268211
-1.268211
-1.268211
-1.268211
-1.268211
-1.268211
-1.268211
-1.268211
-1.268211
-1.268211
-1.268211
-1.268211
-1.268211
-1.268211
-1.268211
-1.268211
-1.268211
-1.268211
-1.268211
-1.268211
-1.268211
-1.268211
-1.268211
-1.268211
-1.268211
-1.268211
-1.268211
-1.268211
-1.268211
-1.268211
-1.268211
-1.268211
-1.268211
-1.268211
-1.268211
-1.268211
-1.268211
-1.268211
-1.268211
-1.290526
-1.194892
-1.277775
-1.268211
-1.268211
-1.268211
-1.268211
-1.293005
-1.246251
-1.083319
-1.293714
-1.268211
-1.268211
-1.268211
-1.166202
-0.893645
-1.199674
-1.268211
-1.268211
-1.268211
-1.268211
-1.154868
-0.580002
-0.193216
-1.085444
-1.268211
-1.268211
-1.268211
-1.295308
-1.253866
-1.300089
-1.268211
-1.268211
-1.268211
-1.268211
-1.298318
-1.324529
-1.265378
-1.353219
-1.268211
-1.268211
-1.268211
-1.268211
-1.268211
-1.268211
-1.268211
-1.268211
-1.268211
-1.268211
-1.268211
-1.268211
-1.268211
-1.268211
-1.268211
-1.268211
-1.268211
-1.268211
-1.268211
-1.268211
-1.268211
-1.268211
-1.268211
-1.268211
-1.268211
-1.268211
-1.268211
-1.268211
-1.268211
-1.268211
-1.268211
-1.268211
-1.268211
-1.268211
-1.268211
-1.268211
-1.268211
-1.268211
-1.268211
-1.268211
-1.268211
-1.268211
-1.268211
-1.268211
-1.268211
-1.268211
-1.268211
-1.268211
-1.268211
-1.268211
-1.268211
-1.268211
-1.268211
-1.268211
-1.268211
-1.268211
-0.614455
-0.614455
-0.614455
-0.614455
-0.614455
-0.614455
-0.614455
-0.614455
-0.614455
-0.614455
-0.614455
-0.614455
-0.614455
-0.614455
-0.614455
-0.614455
-0.614455
-0.614455
-0.614455
-0.614455
-0.614455
-0.614455
-0.614455
-0.614455
-0.614455
-0.614455
-0.614455
-0.614455
-0.614455
-0.614455
-0.614455
-0.614455
-0.614455
-0.614455
-0.614455
-0.614455
-0.614455
-0.614455
-0.614455
-0.614455
-0.614455
-0.614455
-0.614455
-0.614455
-0.614455
-0.614455
-0.614455
-0.614455
-0.614455
-0.614455
-0.614455
-0.614455
-0.614455
-0.614455
-0.614455
-0.614455
-0.614455
-0.614455
-0.614455
-0.614455
-0.614455
-0.614455
-0.614455
-0.614455
-0.614455
-0.614455
-0.614455
-0.614455
-0.614455
-0.614455
-0.614455
-0.614455
-0.614455
-0.614455
-0.614455
-0.614455
-0.614455
-0.614455
-0.614455
-0.614455
-0.614455
-0.614455
-0.614455
-0.614455
-0.614455
-0.614455
-0.614455
-0.614455
-0.614455
-0.614455
-0.614455
-0.614455
-0.614455
-0.614455
-0.614455
-0.614455
-0.614455
-0.614455
-0.614455
-0.614455
-0.614455
-0.614455
-0.614455
-0.614455
-0.614455
-0.614455
-0.614455
-0.614455
-0.614455
-0.614455
-0.614455
-0.614455
-0.614455
-0.614455
-0.614455
-0.614455
-0.614455
-0.614455
-0.614455
-0.614455
-0.614455
-0.614455
-0.614455
-0.614455
-0.614455
-0.614455
-0.614455
-0.614455
-0.614455
-0.614455
-0.614455
-0.614455
-0.614455
-0.614455
-0.614455
-0.614455
-0.614455
-0.614455
-0.614455
-0.614455
-0.614455
-0.614455
-0.614455
-0.614455
-0.614455
-0.614455
-0.614455
-0.614455
-0.614455
-0.614455
-0.614455
-0.614455
-0.614455
-0.614455
-0.614455
-0.614455
-0.614455
-0.614455
-0.614455
-0.614455
-0.614455
-0.614455
-0.614455
-0.614455
-0.614455
-0.614455
-0.614455
-0.614455
-0.614455
-0.614455
-0.614455
-0.614455
-0.614455
-0.614455
-0.614455
-0.614455
-0.614455
-0.614455
-0.614455
-0.614455
-0.614455
-0.614455
-0.614455
-0.614455
-0.614455
-0.614455
-0.614455
-0.614455
-0.614455
-0.614455
-0.614455
-0.614455
-0.614455
-0.614455
-0.614455
-0.614455
-0.913841
-1.590538
-1.068421
-0.513933
-0.499566
-0.509569
-0.408455
-0.429369
-0.382813
-0.480653
-0.483017
-0.259513
0.175857
0.435916
-0.981492
-1.307202
-1.337390
-0.617593
-0.523208
-0.506295
-0.406818
-0.392451
-0.428460
-0.555943
-0.727254
-0.504477
0.248601
0.312434
-0.856555
-1.196995
-1.321023
-0.492110
-0.443008
-0.376812
-0.360262
-0.729982
-0.157308
-0.320617
-0.434461
-0.709795
-0.236053
-0.036008
-0.866012
-1.151349
-1.108066
-0.417730
-0.084564
-1.113522
-0.770354
-0.277698
-0.347714
-0.286428
-0.092202
-0.163309
-0.409001
-0.523026
-0.904384
-1.167352
-0.884380
-0.003092
-0.842370
-0.269333
-0.830731
-1.103520
-0.867467
-0.189497
0.077290
-0.117845
0.125664
-0.573583
-0.943484
-1.166625
-0.767626
-0.193498
-0.568309
-0.284609
-1.331207
-1.106248
-0.653419
-0.322618
-0.160399
-0.094567
0.679788
-0.422640
-0.955850
-1.112795
-0.668695
-0.465195
0.182041
-1.161715
-1.524887
-0.617775
-0.584858
-0.567400
-0.029461
0.278426
-0.018004
-0.326982
-0.946939
-1.150076
-0.687972
0.384995
-0.411910
-1.271557
-1.733479
-0.607772
-0.573037
-0.497384
0.095658
0.356261
-0.135849
-0.415366
-0.895837
-1.238641
-0.689245
0.081109
-0.186224
-0.909658
-1.780217
-0.838369
-0.586131
-0.436643
0.201318
0.181495
0.163673
-0.569036
-0.877287
-1.189721
-1.009862
-0.059286
-0.996950
-0.196408
-0.491201
-1.108612
-0.547213
-0.224232
0.005092
-0.477743
0.132030
-0.567582
-0.859283
-1.150985
-1.221910
-0.534301
-0.091293
-0.827094
-0.633051
-0.846371
-0.551214
0.006001
0.081109
-0.105478
-0.194407
-0.524299
-0.877833
-1.166625
-1.220637
-0.602862
-0.396452
-0.416639
-0.655601
-0.401544
-0.666513
-0.188588
-0.322436
-0.464286
-0.135849
0.045828
-1.001679
-1.175354
-1.184083
-0.589768
-0.564490
-0.492110
-0.454647
-0.444463
-0.360262
-0.529937
-0.537575
-0.469923
0.294975
0.265150
-0.830186
-1.374489
-1.009862
-0.665058
-0.538120
-0.616320
-0.536847
-0.459739
-0.544667
-0.514115
-0.496657
-0.443736
0.124391
0.395907
-0.325529
-0.700450
-0.793609
-0.771637
-0.717500
-0.501477
-0.300569
-0.059938
-0.043591
-0.212156
-0.377206
-0.574773
-0.346797
0.338536
-0.500773
0.069430
-0.288793
-0.156788
0.143957
0.591999
1.282254
1.532377
1.053575
0.776384
0.491809
0.094741
0.391268
0.214266
-1.141285
-0.958658
-0.938796
-0.585144
0.104409
0.713457
1.101561
0.687443
0.876925
0.517823
0.124798
-0.195282
0.017401
-0.653519
-1.361527
-1.056739
-0.816283
-0.085073
0.702208
1.842087
1.033186
-0.168565
-0.024257
0.189482
0.690607
0.724355
0.691486
-0.177353
-1.372601
-0.986254
-0.457533
0.485482
0.197216
1.532904
0.944245
0.350489
-0.020916
0.224637
0.866730
2.092034
1.518492
0.519757
-1.411095
-0.994867
-0.337306
0.675666
1.749807
0.652816
0.181924
-0.540322
-0.954791
-0.926316
-0.203367
1.152710
3.038564
1.104549
-1.363812
-0.912079
-0.415524
0.075054
0.745975
-0.005273
-0.307600
-0.861281
-1.020178
-0.985551
-0.527666
0.143254
1.157808
0.890459
-1.392639
-0.872530
-0.618365
-0.533467
0.467025
-0.220593
-0.366835
-0.828939
-1.159917
-1.004710
-0.589538
-0.380018
0.660550
0.316916
-1.353617
-0.885713
-0.688322
-0.307600
1.069395
0.549462
-0.056247
-0.519229
-0.794136
-0.332911
0.570379
0.944069
0.613795
0.229206
-1.353441
-0.970435
-0.666350
-0.496379
1.206145
1.110525
0.403044
0.423785
0.076637
1.100330
1.518140
2.799866
0.793082
-0.193173
-1.309850
-0.954264
-0.863566
-0.849153
-0.522745
0.605533
0.900126
-0.958483
-0.566864
0.517472
1.728538
0.518702
0.067320
-0.317092
-1.208430
-0.968326
-1.004183
-1.254658
-0.653167
0.229030
1.378050
-0.076636
-0.410603
1.129508
0.715742
-0.324123
-0.294593
-0.575652
-0.641742
-0.264009
-0.604830
-0.679709
-0.639457
-0.214265
-0.054841
0.124974
0.151339
0.012480
-0.134992
-0.164346
0.006680
-0.002637
0.175245
-0.092807
-0.269985
-0.380897
-0.352774
-0.095444
0.082086
0.196864
0.189482
0.025839
-0.143254
-0.268755
0.382128
0.926844
-3.558203
-2.642292
-2.462766
-2.575313
-2.561860
-2.392946
-2.217968
-2.152884
-2.214936
-2.386882
-2.493176
-2.587060
-2.814143
-3.317572
-2.789986
-1.973548
-1.850864
-2.046305
-2.120862
-2.162357
-2.337335
-2.466366
-2.512313
-2.319146
-2.039200
-1.881653
-1.938780
-2.888796
-2.905280
-2.228483
-2.190305
-2.530692
-2.809028
-3.235815
-3.497666
-3.577718
-3.409372
-3.120995
-3.084237
-2.605250
-2.152978
-2.854975
-2.924795
-2.303799
-2.353441
-2.949806
-3.622055
-3.791538
-3.553655
-3.266225
-3.083574
-2.943269
-3.763023
-3.483835
-2.456892
-2.848154
-2.872880
-2.273293
-2.450640
-3.188257
-3.935822
-3.840422
-3.367309
-3.118721
-2.684923
-2.815943
-3.485066
-3.554792
-2.816133
-2.710123
-2.888701
-2.313841
-2.619555
-3.313783
-3.654739
-3.312835
-3.164857
-3.378298
-3.298720
-2.981069
-2.918543
-3.083195
-2.748586
-2.951416
-2.902343
-2.314030
-2.578818
-3.131700
-3.335667
-3.394593
-3.408235
-3.712623
-3.777044
-3.344004
-3.004374
-3.057806
-2.701407
-2.752944
-2.897606
-2.262115
-2.651576
-3.625087
-3.686949
-3.145910
-3.256088
-3.669518
-3.716507
-3.287920
-2.904995
-2.701028
-2.303325
-2.716849
-2.909732
-2.285893
-2.661049
-3.669897
-3.695286
-2.848438
-2.787523
-3.088121
-3.023037
-2.789701
-2.787617
-2.450166
-1.900316
-2.685302
-2.924417
-2.331556
-2.623913
-3.416761
-3.545982
-3.194036
-3.047574
-2.920343
-3.044732
-3.240173
-3.546645
-2.826838
-1.923527
-2.679333
-2.923848
-2.313083
-2.412840
-2.928206
-3.411930
-3.695097
-3.788696
-3.832938
-3.766717
-3.720865
-3.384930
-2.767438
-2.191631
-2.846922
-2.845785
-2.193147
-2.215978
-2.415398
-2.606766
-3.116637
-3.578192
-3.479761
-3.303646
-3.394688
-2.877711
-2.265241
-2.103431
-2.877048
-2.687481
-1.991832
-1.991927
-2.150705
-2.160747
-2.292714
-2.498482
-2.517998
-2.421177
-2.389914
-2.282009
-2.000832
-1.921443
-2.824470
-3.111805
-2.440503
-2.458787
-2.639828
-2.665407
-2.638597
-2.670333
-2.697997
-2.670997
-2.630165
-2.652807
-2.494408
-2.474514
-3.223878
-0.378669
-0.370124
-0.336262
-0.305819
-0.303149
-0.317569
-0.351644
-0.283601
-0.316608
-0.369055
-0.367880
-0.362326
-0.451839
-0.349508
-0.378669
-0.404305
-0.439235
-0.290010
-0.061100
0.050738
0.267151
0.297594
0.240020
-0.185329
-0.335515
-0.279222
-0.232649
-0.250594
-0.378669
-0.365958
-0.366278
-0.353140
-0.040591
0.384971
0.156061
-0.274735
0.503432
1.216975
0.534730
-0.354955
-0.369162
-0.348226
-0.378669
-0.378669
-0.427164
-0.287019
0.002670
-0.292788
0.467969
1.097126
-0.270356
0.500228
1.033783
-0.380699
-0.378669
-0.378669
-0.378669
-0.403024
-0.299838
-0.050632
-0.217908
-0.202954
-0.197399
-0.474591
-0.232649
0.181163
-0.027132
-0.383796
-0.388817
-0.378669
-0.378669
-0.438060
-0.279542
0.059498
-0.310626
-0.378669
-0.378669
-0.394158
-0.403558
-0.246535
0.067402
0.036211
-0.268113
-0.378669
-0.378669
-0.399071
-0.340108
-0.107352
-0.010789
-0.378669
-0.378669
-0.371619
-0.351644
-0.330387
-0.193981
-0.095709
-0.386680
-0.378669
-0.378669
-0.410073
-0.238845
-0.011964
-0.405908
-0.378669
-0.376960
-0.370871
-0.367346
-0.286592
-0.168131
-0.309024
-0.378669
-0.378669
-0.378669
-0.449276
-0.239806
0.165674
-0.304324
-0.428980
-0.398003
-0.381553
-0.411783
-0.345342
0.080541
0.039736
-0.378669
-0.378669
-0.378669
-0.425135
-0.292788
-0.119102
-0.016343
0.493498
-0.274735
-0.442012
-0.398858
-0.164713
-0.093252
-0.255935
-0.378669
-0.378669
-0.378669
-0.385505
-0.439876
-0.192486
0.294817
0.025316
0.809038
0.137047
-0.400033
-0.387535
-0.371619
-0.389885
-0.378669
-0.378669
-0.378669
-0.372794
-0.393517
-0.363287
0.005555
0.428339
-0.066227
0.187679
0.874197
0.107138
-0.354528
-0.349935
-0.395653
-0.382728
-0.378669
-0.378669
-0.387214
-0.329106
-0.203381
-0.079259
0.237563
0.412317
0.125084
-0.380378
-0.422251
-0.325367
-0.101156
-0.303897
-0.378669
-0.378669
-0.396080
-0.365637
-0.253799
-0.205411
-0.122200
-0.120490
-0.118675
-0.159265
-0.271104
-0.258285
-0.357519
-0.240660
-0.151863
0.013404
0.169823
0.158966
0.150924
0.248904
0.319005
0.177061
0.009919
0.088330
0.199981
0.189929
0.134706
0.245688
-0.239924
0.430523
0.574477
0.490169
0.711596
0.850457
0.628360
0.338976
0.178402
0.417253
0.471136
0.461083
0.411356
0.614956
-0.343668
0.340853
0.329996
0.270618
0.946292
0.592974
0.277856
0.160977
-0.003351
0.043025
0.124251
0.222767
0.175989
0.561208
-0.321686
0.404118
0.391518
0.460681
0.989988
0.415779
0.000134
0.000134
0.000134
0.000134
-0.038736
-0.039004
-0.018497
0.446875
-0.319273
0.375568
0.436688
0.417923
0.533998
0.247832
0.000134
-0.025199
-0.094763
0.143150
0.159637
-0.023188
-0.108703
0.211374
-0.345678
0.371815
0.123179
1.133004
1.012104
0.000134
-0.067420
-0.026941
0.087123
0.492447
0.255204
0.045706
-0.047181
0.029354
-0.334955
0.469259
0.027745
1.997133
0.976584
0.000134
-0.125323
0.127870
0.289517
0.393797
0.362031
0.047851
-0.066214
0.080287
-0.326913
0.499015
-0.030962
0.331470
0.813999
0.000134
-0.128406
0.101465
0.344070
0.329996
0.169019
0.047315
-0.058306
0.184567
-0.313778
0.435616
0.473012
0.088196
0.045706
0.000134
-0.069296
-0.023188
0.179876
0.271959
0.095165
0.000134
-0.054284
0.030158
-0.312705
0.433874
0.420336
0.409881
0.309891
0.000134
-0.007640
-0.026673
-0.009785
0.068760
0.059110
0.000134
-0.033643
0.031230
-0.311365
0.406128
0.394601
0.708781
0.497943
0.009517
0.194620
0.366320
0.102671
0.000134
-0.050531
0.029890
0.004423
0.172504
-0.389776
0.445669
0.376104
0.343132
0.844559
0.302117
0.883966
0.690552
0.124787
-0.051872
-0.034313
0.233624
0.188052
0.310025
-0.344070
0.609863
0.473414
0.232552
0.551959
0.527163
0.702079
0.721246
0.226118
0.041149
0.181082
0.432801
0.390178
0.245419
-0.251049
0.274371
0.437895
0.258153
0.376774
0.483601
0.601821
0.486014
0.238316
0.114601
0.207621
0.372217
0.191001
0.184567
-1.042760
-1.396945
-1.719043
-1.785505
-1.748837
-1.634039
-1.562369
-1.588620
-1.508825
-1.478615
-1.545285
-1.617164
-1.166308
-0.322516
-1.452780
-0.893794
-0.705452
-0.502317
-0.686284
-1.440488
-2.000099
-2.019475
-2.242195
-2.141565
-1.416320
-0.731078
-0.730661
-1.116722
-0.841083
-0.453773
-0.385852
-0.655657
-0.926921
-0.335850
0.955047
1.867384
2.032184
1.113180
-0.506900
-0.817124
-0.655241
-0.530026
-0.783580
-0.334600
-0.418563
-0.467732
0.309807
1.032343
0.299807
-0.985674
-1.117347
-0.005417
0.727536
-0.428771
-1.036926
-0.441064
-0.712536
-0.300223
-0.590863
-0.616489
-0.351267
-0.855042
-0.834208
-1.022134
-0.847959
-0.960464
-0.791706
0.139799
0.196676
-0.381686
-0.801081
-0.372102
-0.163133
0.517317
0.071253
-0.393561
-1.110055
-0.635031
-0.588571
-0.844209
-0.783372
-0.641698
-0.460856
-0.389603
-0.744620
-0.418146
-0.598155
-1.318399
-1.871135
-1.088179
-0.525860
-0.449189
-0.460648
-0.362726
-0.687534
-0.757746
-0.241054
-0.432521
-0.802540
-0.434397
-0.455647
-0.312724
-0.490858
-0.843166
-0.432521
-0.404187
-0.415437
-0.502108
-0.727536
-0.821291
-1.111930
-0.713369
-0.769205
-0.264180
-0.221469
-0.120423
-0.252929
-1.173183
-0.711077
-0.360643
-0.470440
-0.839834
-0.808790
0.014376
-0.010417
-0.488566
-0.741495
-0.353767
-0.471273
-0.393561
-0.030626
0.244804
-0.652324
-1.269021
-1.519867
-0.772330
0.640657
0.406687
0.140840
-0.251679
-0.794623
-0.406270
-0.416687
-0.504192
-0.160216
0.282514
-0.044169
-0.148966
0.460023
0.538152
-0.136673
-0.566278
-1.252562
-0.616906
-0.759204
-0.393353
-0.471898
-0.573153
-0.937130
-0.858168
0.265013
1.246104
0.974007
0.227720
-0.558778
-1.083179
-0.691701
-0.470232
-1.291106
-0.565861
-0.427938
-0.343767
-0.352934
-0.568986
-0.894836
-1.335066
-1.623414
-1.480490
-1.011717
-0.440230
-0.519609
-0.852959
-1.367776
-1.587996
-1.817590
-1.892594
-1.917387
-1.917387
-1.944471
-2.026559
-1.993432
-1.898011
-1.864884
-1.902803
-1.535910
-0.104797
0.649542
0.082405
-1.001242
-1.026018
-1.104652
-1.473588
-1.691179
-1.914964
-2.152214
-2.010026
-1.775738
-1.303393
-0.511931
1.242532
-1.688755
-1.726457
-2.091622
-2.316484
-2.306251
-2.235696
-2.517649
-2.256701
-2.044226
-1.909847
-1.955359
-2.010834
-1.630588
-1.345941
-2.432551
-2.305443
-2.815221
-3.085325
-2.836495
-1.314434
-1.682023
-2.935596
-1.135083
0.192547
1.318204
-1.581306
-2.451941
-2.230579
-2.122053
-2.327795
-2.923209
-2.884430
-0.916683
-1.094688
-0.237519
-0.815967
-0.860670
1.706261
1.210756
1.612007
-2.059845
-2.504723
-2.132555
-2.494220
-3.267638
-2.248083
-0.505469
0.414447
0.350893
-0.526474
-1.409226
-0.681857
1.539835
0.200626
-0.888138
-2.726084
-2.234080
-2.603015
-2.970874
-2.071425
-0.256100
-0.057629
-1.201060
-1.567572
-1.743692
-2.067116
-1.227720
0.092100
-2.555619
-3.119795
-2.185606
-2.915938
-2.881737
-1.160666
-1.031673
-1.628433
-1.781932
-1.734805
-1.719994
-2.137403
-2.462712
-1.451775
-1.116501
-3.216472
-2.155984
-2.629137
-3.104714
-1.595579
-2.513879
-2.197994
-2.208766
-2.099432
-1.896383
-2.112628
-2.572855
-0.083751
-0.415793
-2.977337
-2.131209
-2.545655
-3.027965
-2.662261
-1.660748
-1.122156
-1.735074
-2.363342
-2.573662
-2.309483
0.478539
-0.224592
0.148113
-2.470522
-2.192339
-2.543232
-3.228052
-2.488565
1.111654
1.463356
0.249368
-1.500518
-0.721982
0.209512
0.235634
2.411008
-0.081327
-2.028876
-2.235157
-2.441977
-3.021232
-2.485872
-0.517318
2.471600
0.799002
0.322886
-0.295148
-0.197124
2.909205
0.745412
-1.527716
-1.760119
-2.464597
-2.748705
-3.141877
-3.055702
-2.549964
-1.548721
-0.230787
-1.554915
-1.705182
-0.084289
-0.654928
-1.787318
-2.318639
-2.319716
-2.418817
-2.077888
-2.413701
-2.478870
-2.546194
-2.618904
-2.610556
-2.478870
-2.505530
-2.462712
-2.330219
-2.176720
-2.006256
-2.010564
-0.548286
-0.709325
-1.497824
-1.701951
-1.699258
-1.972324
-2.516841
-2.662261
-2.650950
-2.471599
-1.925467
-1.591001
-1.404109
-0.439760
-0.953594
0.373848
0.099568
-0.084413
-0.052977
-0.042457
-0.028806
0.009393
-0.022043
-0.032563
-0.095059
-0.005010
0.160310
-0.590517
-0.390255
0.061744
-0.017910
-0.079905
-0.069008
-0.060742
-0.049471
-0.032563
-0.043459
-0.051725
-0.076147
-0.049471
-0.010395
-0.252739
-0.051349
-0.051349
-0.051349
-0.051349
-0.051349
-0.051349
-0.051349
-0.051349
-0.051349
-0.051349
-0.051349
-0.051349
-0.051349
-0.051349
-0.051349
-0.051349
-0.051349
-0.051349
-0.046340
-0.086417
-0.038199
-0.051349
-0.051349
-0.051349
-0.051349
-0.051349
-0.051349
-0.051349
-0.051349
-0.051349
-0.051349
-0.051349
-0.002505
-0.150291
0.009393
-0.051349
-0.051349
-0.051349
-0.051349
-0.051349
-0.051349
-0.051349
-0.051349
-0.051349
-0.039326
-0.110464
-0.181977
-0.021291
-0.032563
-0.051349
-0.051349
-0.051349
-0.044336
-0.020289
-0.594024
0.159058
-0.051349
-0.051349
0.086918
-0.128749
-0.782889
0.390004
-0.040829
-0.051349
-0.051349
-0.051349
0.056109
0.384243
-1.909693
1.094116
-0.051349
-0.051349
0.187362
0.176717
-1.566780
0.891850
-0.002755
-0.051349
-0.051349
-0.051349
0.381112
-0.171206
-1.888652
1.256179
-0.051349
-0.051349
0.023420
0.530526
-1.614247
0.910010
-0.036320
-0.051349
-0.051349
-0.051349
0.373597
-0.047216
-1.518562
1.144213
-0.051349
-0.051349
-0.046089
0.097438
-0.486441
0.181601
-0.051349
-0.051349
-0.051349
-0.051349
0.035444
-0.081783
-0.484186
0.241717
-0.051349
-0.051349
-0.051349
-0.051349
-0.051349
-0.051349
-0.051349
-0.051349
-0.047342
-0.079404
-0.040829
-0.051349
-0.051349
-0.051349
-0.051349
-0.051349
-0.051349
-0.051349
-0.051349
-0.051349
-0.051349
-0.051349
-0.012274
-0.130502
-0.002755
-0.051349
-0.051349
-0.051349
-0.289810
0.038074
-0.051349
-0.051349
-0.051349
-0.051349
-0.051349
-0.051349
-0.040829
-0.079905
-0.036320
-0.051349
-0.035318
-0.163566
-0.724150
0.361699
-0.051349
-0.051349
-0.051349
-0.051349
-0.051349
-0.051349
-0.051349
-0.051349
-0.051349
-0.051349
0.104953
-0.367962
0.335033
-0.159034
-0.371557
-0.272628
-0.287870
-0.329283
-0.442303
-0.481414
-0.641310
-0.741389
-0.568264
-0.554747
-0.568839
0.058954
-1.083612
-1.635483
-1.391038
-1.391901
-1.617653
-1.818673
-1.737000
-1.648712
-1.609889
-1.868713
-1.571064
-1.553522
-1.722045
-0.911925
-1.480476
-1.654176
-1.217626
-1.470123
-1.433025
-1.769784
-2.236819
-1.760581
-1.260188
-2.014804
-1.844843
-1.455456
-1.819536
-1.032134
-1.493705
-1.510385
-1.261338
-1.988923
-2.065132
-2.341210
-1.504058
-0.599898
-1.141704
-2.717944
-3.096402
-3.108481
-2.398152
-1.022069
-1.508084
-1.676319
-1.517286
-2.250047
-2.292323
-1.588032
-1.114096
-1.258462
-1.391038
-1.728947
-2.226466
-2.953762
-2.310440
-1.095403
-1.529941
-1.834203
-1.774960
-1.980870
-2.001288
-1.504345
-1.623117
-1.902647
-1.922203
-1.830463
-1.517574
-1.800268
-1.888556
-1.657627
-1.551221
-1.960164
-1.532241
-0.703715
-0.165073
-1.152344
-1.654463
-1.818960
-1.805157
-1.777836
-1.516711
-0.097778
-0.295923
-1.231142
-1.538568
-1.826725
-1.454306
-0.781938
-1.616503
-1.173050
-1.551221
-1.855772
-1.729522
-1.777262
-1.290959
0.280106
-0.125674
-1.140265
-1.527064
-1.795666
-1.519300
-0.852395
-1.523326
-1.005390
-1.601836
-1.885392
-1.684660
-1.932843
-1.318567
-0.348263
-0.163060
-1.003376
-1.506359
-1.641522
-1.472999
-1.215900
-1.303038
-1.966203
-2.094753
-1.727797
-1.347038
-2.239695
-2.662440
-3.166573
-2.420871
-1.089363
-1.511248
-1.611901
-1.368319
-1.350489
-1.261913
-2.649499
-1.980582
-2.494780
-2.044713
-2.392687
-3.012141
-3.203671
-1.859797
-0.942122
-1.623116
-1.741026
-1.426411
-1.474724
-1.607875
-1.872164
-2.360479
-3.114808
-2.381473
-2.041550
-1.976844
-1.765183
-1.588895
-1.104031
-1.680921
-1.965341
-1.709967
-1.777836
-1.852608
-2.256086
-2.357028
-2.315904
-2.045576
-1.970805
-1.930543
-1.890857
-1.967641
-1.222227
-0.123086
-0.385649
-0.418146
-0.513336
-0.563950
-0.768134
-0.936657
-1.087350
-1.072396
-0.909625
-0.722695
-0.587532
-0.831690
-0.299662
0.173501
0.188703
0.107515
0.058715
0.111591
0.054308
0.031836
0.142436
0.274296
0.312191
0.193550
-0.030294
-0.055080
0.059266
0.090661
0.175373
-0.109278
-0.180771
-0.098813
-0.126793
-0.019718
0.203133
0.276059
0.186169
0.131530
-0.323537
-0.389523
-0.061689
0.272534
0.076120
-0.153672
-0.198397
0.174933
0.417283
0.167993
-0.029853
0.211395
0.508494
1.016548
0.073146
-0.473133
-0.192228
0.414859
0.000991
-0.225496
0.063672
0.325300
0.456609
-0.459033
-0.196414
0.051995
0.124700
0.439865
0.967417
-0.209412
-0.185728
0.316267
-0.196304
-0.090110
0.331799
0.532509
-0.052436
0.121946
0.070171
0.099804
0.089009
0.120734
0.627026
-0.048800
-0.030624
0.131971
-0.210514
0.066206
0.767589
0.176805
0.094296
-0.450991
-0.149816
0.048250
0.064223
0.089009
0.377625
0.493733
-0.126022
0.007491
-0.230453
0.027099
0.872020
0.948911
0.072595
-0.528433
-0.248409
-0.077442
0.022913
0.089009
0.782130
-0.021151
-0.461236
0.084051
-0.247087
-0.035141
0.773097
0.705459
0.284100
-0.428849
-0.145851
-0.117980
-0.010024
0.089009
1.052460
-0.440086
-0.249400
0.247528
-0.401640
-0.121505
0.257552
1.136071
0.660073
-0.142326
-0.226487
-0.192999
0.032607
0.116328
0.669767
-0.043403
0.027760
0.374541
-0.261848
-0.150257
-0.035581
0.271432
0.919829
0.114125
-0.038115
0.127234
0.368592
0.293244
0.061689
0.086034
0.070171
0.404394
0.111812
-0.322986
-0.169315
-0.000220
0.215912
0.305361
0.204565
0.154553
0.822448
-0.064774
-0.311420
-0.240037
-0.008482
0.389192
0.244884
-0.112252
-0.360441
-0.064443
0.049351
0.089009
0.102007
0.260526
0.710636
0.170747
-0.207760
-0.200269
0.029853
0.314725
0.298201
0.106964
-0.008262
-0.077442
0.027980
0.063452
0.106193
0.356916
0.345128
0.261297
0.027319
0.029853
0.090110
0.212607
0.259204
0.070392
0.056512
0.043953
-0.012889
0.019718
0.110049
0.182864
0.246095
0.147503
-0.001983
0.077662
0.093635
1.374041
1.349048
1.191965
0.960369
0.824542
0.748628
0.697824
0.762993
0.945303
0.844279
0.888543
0.937829
0.703313
1.009538
1.127263
0.543193
0.200763
-0.186281
-0.229494
-0.249698
-0.113637
-0.548800
-0.255772
-0.136061
-0.082922
-0.103477
-0.131740
0.397438
1.234126
0.416826
-0.186515
-0.513996
-0.510258
-0.723634
-1.609375
-2.603146
-1.459532
-0.804921
-0.516916
-0.170865
-0.239654
0.387628
1.221980
0.329583
-0.337175
-0.692686
-1.002881
-2.140422
-2.996731
-3.568771
-2.780552
-1.792619
-1.208900
-0.336824
-0.317904
0.280414
1.271032
0.353175
-0.232881
-0.621677
-1.659595
-3.020556
-3.590728
-3.844748
-3.545764
-3.127186
-2.523028
-1.188462
-0.751782
0.240939
1.287383
0.369992
-0.078600
-0.622378
-2.250672
-3.638261
-4.269865
-4.245807
-4.231441
-3.952545
-3.612450
-2.574415
-0.970997
0.391132
1.269397
0.365788
0.011796
-0.614786
-2.528517
-3.685095
-4.577491
-4.640326
-4.557054
-4.397401
-3.790673
-2.400865
-0.460622
0.479775
1.267528
0.370109
0.082337
-0.387278
-2.246234
-3.635692
-4.456263
-4.523885
-4.407445
-4.254800
-3.602173
-2.072566
-0.033636
0.571106
1.284346
0.357963
-0.120411
-0.448009
-1.709465
-3.258458
-4.131469
-4.040021
-3.779928
-3.716394
-3.475222
-1.442481
0.072877
0.572975
1.282244
0.328182
-0.260677
-0.464010
-1.024487
-2.231752
-3.272474
-3.285904
-2.790946
-3.175887
-2.046756
-0.117725
0.012847
0.501382
1.266477
0.355511
-0.254838
-0.389146
-0.190603
-0.672130
-2.025149
-2.178612
-1.629229
-1.644062
-0.747811
0.107331
-0.063651
0.476739
1.268112
0.460155
-0.008643
-0.292444
-0.133725
0.088761
-0.302955
-0.466812
-0.004789
-0.178807
-0.014716
-0.014249
-0.151011
0.608596
1.241251
0.990851
0.706817
0.384007
0.386460
0.531163
0.751898
0.883054
0.975435
0.836104
0.621560
0.470900
0.552770
0.868338
1.862693
2.060420
1.847043
1.672675
1.652120
1.634835
1.760268
1.877876
1.879978
1.770662
1.676412
1.716705
1.549461
1.567680
0.569531
0.577038
-0.261822
-0.299779
-0.346756
-0.351659
-0.308012
-0.212182
-0.159818
-0.134513
-0.202678
-0.227195
0.337978
0.305651
0.675289
-0.273748
-0.453179
-0.479513
-0.497795
-0.487322
-0.469101
-0.252318
-0.431810
-0.450758
-0.463471
-0.473217
-0.513777
0.186030
0.131244
-0.314247
-0.514867
-0.514867
-0.498885
-0.239666
0.206613
-0.343063
-0.236094
-0.317637
-0.527943
-0.514867
-0.536297
-0.369094
0.061082
-0.331682
-0.514867
-0.514867
-0.281799
0.198803
0.165932
0.292091
-0.357228
-0.338341
-0.287127
-0.514867
-0.459717
-0.432960
0.040862
-0.328534
-0.514867
-0.514867
-0.576130
-0.423335
-0.074339
-0.588843
-0.564991
-0.332893
-0.543198
-0.501064
-0.275019
-0.240513
0.029905
-0.327807
-0.514867
-0.514867
-0.514867
-0.514867
-0.514867
-0.514867
-0.514867
-0.514867
-0.514867
-0.313581
-0.125433
0.095588
0.020098
-0.340460
-0.514867
-0.514867
-0.514867
-0.514867
-0.514867
-0.514867
-0.514867
-0.514867
-0.514867
-0.567776
-0.219386
-0.094861
0.020946
-0.339612
-0.514867
-0.514867
-0.514867
-0.514867
-0.514867
-0.514867
-0.514867
-0.514867
-0.514867
-0.514867
-0.432234
-0.188754
0.030753
-0.326960
-0.514867
-0.514867
-0.514867
-0.514867
-0.514867
-0.514867
-0.514867
-0.498885
-0.270903
-0.487020
-0.472793
-0.313097
0.029905
-0.327807
-0.514867
-0.514867
-0.514867
-0.514867
-0.514867
-0.514867
-0.514867
-0.281799
-0.249473
-0.087718
-0.464742
-0.347785
0.052970
-0.342639
-0.514867
-0.514867
-0.514867
-0.514867
-0.514867
-0.514867
-0.514867
-0.576130
-0.197653
-0.410985
-0.325325
-0.415041
0.127067
-0.306741
-0.514867
-0.514867
-0.514867
-0.514867
-0.514867
-0.514867
-0.514867
-0.514867
-0.542714
-0.413770
-0.533694
-0.346634
0.568018
-0.272174
-0.514867
-0.514867
-0.514867
-0.514140
-0.500277
-0.457175
-0.461534
-0.485627
-0.517046
-0.514140
-0.385620
0.120832
0.306680
0.179613
-0.514867
-0.514867
-0.514867
-0.504273
-0.452090
-0.400210
-0.370789
-0.422185
-0.476910
-0.504273
0.002361
0.069012
0.085796
0.240068
0.140350
-0.022663
0.082397
0.091948
0.200569
0.223718
0.122381
0.052125
-0.021530
-0.027843
-0.012303
-0.015217
0.274062
0.561399
0.183734
0.327321
0.240230
0.331368
0.197979
0.137274
-0.020397
0.048888
-0.006637
0.015379
-0.025577
-0.015217
0.463300
0.256741
0.049859
0.439665
0.724088
0.074465
0.169812
0.486772
0.343509
-0.180982
-0.011979
0.022501
-0.025253
0.003561
0.494866
0.191666
-0.017807
0.535660
1.297305
0.890662
-0.213681
0.078512
0.045326
-0.020397
-0.015217
0.081911
0.241848
-0.014893
0.459577
0.209472
0.000000
0.120277
0.685561
1.713497
-0.569979
-0.006799
-0.015217
-0.015217
0.073170
0.108783
0.475279
0.090329
0.460710
0.133713
-0.050506
0.000324
0.173373
0.211091
0.060705
-0.046298
-0.015217
-0.015217
0.107164
0.777832
0.464595
-0.016188
0.471070
0.248000
-0.102308
-0.015217
-0.015217
-0.005504
-0.003076
-0.016188
-0.015217
-0.015217
0.052773
0.128047
0.139540
0.272444
0.515587
0.217728
-0.090329
-0.015217
0.039499
-0.044679
0.022663
-0.015217
-0.015217
-0.015217
-0.015217
-0.015217
0.041441
0.142616
0.484830
0.259817
-0.103279
0.014245
0.044679
0.407128
-0.149901
-0.015217
-0.015217
-0.015217
-0.006799
-0.011332
0.013274
0.033185
0.496485
0.242334
-0.108783
0.034319
0.390616
-0.072360
0.064104
0.011655
-0.012303
-0.015217
-0.003561
0.066694
0.053097
0.026710
0.485963
0.152653
0.046783
0.001619
0.226146
1.240485
-0.057953
-0.045164
0.009389
-0.015217
0.008094
0.001943
0.099718
0.092919
0.551201
0.164146
0.012627
0.191828
0.321169
0.362611
0.786088
0.137760
-0.136950
-0.015217
0.016512
0.110402
-0.019749
0.028976
0.416517
0.433028
-0.050830
0.198141
0.213196
0.219185
0.484182
-0.009551
0.011979
0.027196
0.042736
0.085149
-0.017483
0.028491
0.534365
0.342538
0.256418
0.204454
0.304172
0.319874
0.248324
0.228574
0.252856
0.206073
0.180334
0.112992
0.017969
-0.042251
-1.633420
2.925439
-0.362544
-0.891981
-0.319411
-0.016069
0.259926
0.122070
-0.075835
-0.309262
-0.596816
-0.865481
-4.072836
-0.508294
-3.619797
1.096934
-0.480948
-1.010386
-0.855896
-0.577645
-0.184655
-0.038622
-0.075835
-0.260208
-0.603300
-1.031248
-5.428005
-3.452058
-0.939625
0.374666
-0.075835
-0.075835
-0.075835
-0.075835
-0.075835
-0.075835
-0.075835
-0.075835
-0.075835
-0.075835
-2.310863
-1.686420
-0.386788
0.296011
-0.075835
-0.075835
-0.075835
-0.075835
-0.075835
-0.075835
-0.075835
-0.075835
-0.075835
-0.075835
-1.093833
-0.926093
-0.427384
0.299394
-0.075835
-0.075835
-0.075835
-0.075835
-0.075835
-0.075835
-0.075835
-0.075835
-0.075835
-0.075835
-0.321666
-0.328432
-0.411879
0.266410
-0.075835
-0.075835
-0.075835
-0.075835
-0.075835
-0.075835
-0.075835
-0.075835
-0.075835
-0.075835
-0.075835
-0.075835
-0.380304
0.260208
-0.075835
-0.075835
-0.075835
-0.075835
-0.075835
-0.075835
-0.075835
-0.075835
-0.075835
-0.075835
-0.075835
-0.075835
-0.371283
0.263027
-0.075835
-0.075835
-0.075835
-0.075835
-0.075835
-0.075835
-0.075835
-0.075835
-0.075835
-0.075835
-0.075835
-0.075835
-0.395810
0.293192
-0.075835
-0.075835
-0.075835
-0.075835
-0.075835
-0.075835
-0.075835
-0.075835
-0.075835
-0.075835
-0.137857
0.014378
-0.411879
0.266410
-0.075835
-0.075835
-0.075835
-0.075835
-0.075835
-0.075835
-0.075835
-0.075835
-0.075835
-0.075835
-0.582720
-0.059484
-0.389326
0.257389
-0.075835
-0.075835
-0.075835
-0.075835
-0.075835
-0.075835
-0.075835
-0.075835
-0.075835
-0.075835
-1.258754
-0.487714
-0.301650
0.246958
-0.075835
-0.075835
-0.075835
-0.075835
-0.075835
-0.075835
-0.075835
-0.075835
-0.075835
-0.075835
-1.676835
-0.782316
-0.222713
0.558193
-0.075835
-0.075835
-0.075835
-0.075835
-0.075835
-0.075835
-0.075835
-0.075835
-0.075835
-0.075835
-2.079692
-0.713529
-1.076636
1.138657
-0.075835
-0.075835
-0.075835
-0.075835
-0.075835
-0.075835
-0.075835
-0.075835
-0.075835
-0.075835
-2.858907
-1.687547
0.452748
0.452748
0.452748
0.452748
0.452748
0.452748
0.452748
0.452748
0.452748
0.452748
0.452748
0.452748
0.452748
0.452748
0.452748
0.452748
0.452748
0.452748
0.452748
0.452748
0.452748
0.452748
0.452748
0.452748
0.452748
0.452748
0.452748
0.452748
0.452748
0.452748
0.452748
0.452748
0.452748
0.452748
0.452748
0.452748
0.452748
0.452748
0.452748
0.452748
0.452748
0.452748
0.452748
0.452748
0.452748
0.452748
0.452748
0.452748
0.452748
0.452748
0.452748
0.452748
0.452748
0.452748
0.452748
0.452748
0.452748
0.452748
0.452748
0.452748
0.452748
0.452748
0.452748
0.452748
0.452748
0.452748
0.452748
0.412020
0.417523
0.426330
0.452748
0.452748
0.452748
0.452748
0.452748
0.452748
0.452748
0.452748
0.452748
0.452748
0.452748
0.479167
0.358082
0.485771
0.452748
0.452748
0.452748
0.428311
0.431613
0.436897
0.452748
0.452748
0.452748
0.452748
0.452748
0.518795
0.638779
0.513291
0.452748
0.452748
0.452748
0.366778
0.307886
0.406516
0.452748
0.452748
0.452748
0.452748
0.452748
0.452748
0.452748
0.452748
0.452748
0.452748
0.452748
0.558423
0.327700
0.559413
0.442181
0.444823
0.452748
0.440530
0.442181
0.444823
0.452748
0.452748
0.452748
0.452748
0.452748
0.617864
0.917825
0.612030
0.424348
0.462655
0.452748
0.460674
0.424348
0.462655
0.452748
0.452748
0.452748
0.452748
0.452748
0.452748
0.452748
0.472562
0.508557
0.470911
0.452748
0.472562
0.508557
0.470911
0.452748
0.452748
0.452748
0.452748
0.452748
0.452748
0.452748
0.452748
0.452748
0.452748
0.452748
0.452748
0.452748
0.452748
0.452748
0.452748
0.452748
0.452748
0.452748
0.452748
0.452748
0.452748
0.452748
0.452748
0.452748
0.452748
0.452748
0.452748
0.452748
0.452748
0.452748
0.452748
0.452748
0.452748
0.452748
0.452748
0.452748
0.452748
0.452748
0.452748
0.452748
0.452748
0.452748
0.452748
3.407440
3.407440
3.407440
3.407440
3.407440
3.423974
3.441086
3.449757
3.459238
3.471494
3.450567
3.419465
3.407440
3.407440
3.407440
3.407440
3.407440
3.418887
3.432299
3.449642
3.082779
3.337722
3.167760
2.963459
3.177703
3.414840
3.419465
3.407440
3.407440
3.407440
3.411256
3.423396
3.184525
3.373448
3.360152
3.380154
3.081161
3.509649
3.527685
3.265459
3.412297
3.407440
3.407440
3.412528
3.434611
3.369401
3.449526
3.277021
2.794423
2.914899
2.617524
2.792573
2.537399
3.137930
3.399578
3.420621
3.407440
3.425593
3.368014
3.164407
3.594283
2.856626
1.949587
1.988204
2.197823
2.191579
2.031908
3.430564
3.457735
3.263493
3.407440
3.439236
3.173079
2.805753
2.917558
2.203372
1.983116
2.309512
2.535549
2.639838
1.988088
2.833618
3.451029
3.143133
3.407440
3.451723
3.116078
3.151458
3.343618
1.578677
2.232277
2.474386
2.491845
2.681577
1.975716
2.358881
3.407325
3.379345
3.407440
3.451261
3.037572
3.455885
2.693024
1.590355
2.282341
2.512078
2.499591
2.636139
1.930972
2.515662
3.389173
3.407440
3.407440
3.441780
3.090410
3.190884
3.149261
1.855009
1.932128
2.430450
2.479358
2.436694
1.838591
2.690827
3.369055
3.407440
3.407440
3.425593
3.284189
3.219789
3.443051
3.202215
1.748407
1.273324
1.226730
1.059890
1.848187
3.257250
3.399810
3.407440
3.407440
3.412528
3.403625
3.360036
3.414262
3.525373
2.209847
2.947735
3.032484
2.655910
3.206146
3.390791
3.407440
3.407440
3.407440
3.407440
3.408712
3.404319
3.407094
3.477506
2.852464
3.351480
3.404203
3.318066
3.399578
3.407440
3.407440
3.407440
3.407440
3.407440
3.407440
3.407440
3.407440
3.427789
3.357492
3.401891
3.408712
3.404319
3.407094
3.407440
3.417615
3.425015
3.407440
3.407440
3.407440
3.407440
3.407440
3.407440
3.407440
3.407440
3.407440
3.407440
3.407440
3.407440
3.415765
3.189150
1.758754
0.943619
1.256446
1.296180
1.296180
1.296180
1.296180
1.296180
1.296180
1.296180
1.296180
1.296180
1.060839
1.492779
0.794773
0.482396
1.219865
1.296180
1.296180
1.296180
1.296180
1.296180
1.296180
1.296180
1.296180
1.296180
0.874512
1.145983
1.296180
1.296180
1.296180
1.296180
1.296180
1.296180
1.296180
1.296180
1.296180
1.296180
1.296180
1.296180
1.268069
1.284828
1.296180
1.296180
1.296180
1.280413
1.289963
1.281854
1.296180
1.296180
1.296180
1.296180
0.838922
1.115890
0.880729
1.296180
1.296180
1.296180
1.296180
1.289152
1.303388
1.290504
1.296180
1.296180
1.296180
1.296180
1.092374
1.505213
1.131567
1.296180
1.296180
1.296180
1.296180
1.282125
1.290504
1.285278
1.296180
1.296180
1.296180
1.296180
0.888567
1.131567
0.980019
1.296180
1.296180
1.296180
1.296180
1.296180
1.296180
1.296180
1.296180
1.296180
1.280413
1.289963
1.281854
1.296180
1.296180
1.296180
1.296180
1.296180
1.296180
1.296180
1.296180
1.296180
1.296180
1.296180
1.289152
1.303388
1.290504
1.296180
1.296180
1.296180
1.296180
1.296180
1.296180
1.296180
1.296180
1.296180
1.296180
1.296180
1.282125
1.290504
0.891090
1.140758
0.938032
1.296180
1.296180
1.296180
1.296180
1.296180
1.296180
1.296180
1.296180
1.296180
1.296180
1.170040
1.070750
1.361773
1.154273
1.296180
1.296180
1.296180
1.296180
1.296180
1.296180
1.296180
1.296180
1.296180
1.296180
1.239958
1.002454
1.108862
1.023627
1.296180
1.296180
1.296180
1.296180
1.296180
1.296180
1.296180
1.296180
1.296180
1.296180
1.183735
1.250770
1.208963
1.296180
1.296180
1.115890
0.880729
1.296180
1.296180
1.296180
1.296180
1.296180
1.296180
1.296180
1.296180
1.296180
1.296180
1.217343
1.265096
1.505213
1.131567
1.296180
1.296180
1.296180
1.296180
1.296180
1.296180
1.296180
1.296180
1.296180
1.296180
1.261041
1.332220
1.393634
0.969684
0.728035
0.707475
0.682897
0.530126
0.321325
0.266636
0.291505
0.287195
0.557325
0.892105
0.977780
1.245173
1.107603
0.543813
0.317540
0.394595
0.353010
-0.100877
-0.413757
-0.424474
0.058767
0.392382
0.539561
0.649640
0.493841
0.604618
1.228981
0.703689
0.632226
0.466874
0.348059
0.333382
0.186959
-0.133085
-0.128950
0.978945
1.272314
1.103468
0.369900
0.415795
1.349893
0.931826
0.564606
0.390867
0.915810
0.917266
-0.308745
-0.831766
-0.557850
-0.404554
0.408340
0.494423
0.011707
0.007921
1.355951
0.902996
0.419930
0.660299
0.844812
-0.340546
-0.590757
-1.639477
-1.512799
-1.453565
-0.910801
-2.006523
-1.869478
-0.883893
1.407030
0.884592
0.637584
0.890591
-0.287720
-0.602580
-1.478610
-0.911850
-0.927284
-1.142840
-2.327208
-2.925012
-2.955473
-1.677276
1.411340
0.956813
0.851044
0.559189
0.330178
-1.224671
-1.145112
-0.424124
-0.284574
-0.669676
-1.672384
-2.260985
-2.242872
-1.144355
1.434578
0.896648
0.884999
0.983488
0.272751
-1.011153
-1.227758
-0.422202
-0.320568
-0.811963
-1.260666
-2.314044
-2.469145
-0.554006
1.439180
0.910218
0.678063
0.790763
-0.685867
-1.481406
-1.866216
-0.986692
-0.984478
-1.328402
-2.829668
-3.395089
-2.788840
-1.129852
1.418212
0.914528
0.542765
0.005882
-1.093625
-2.109437
-2.378054
-1.694574
-1.529922
-1.572206
-3.059028
-3.739945
-2.429715
-0.739625
1.362183
0.882145
0.651096
0.226157
-0.632051
-1.694108
-2.384984
-1.167768
-0.268033
-1.150936
-1.516992
-2.071871
-1.227176
-0.032208
1.145286
0.545327
0.421503
0.285739
-0.142811
-1.216983
-0.991642
-0.927691
0.065407
0.004659
-0.474795
-0.670025
-0.385393
0.080026
1.155304
0.600833
0.317831
0.321733
0.218585
-0.255919
-0.712077
-0.528087
-0.162497
-0.108332
0.070881
0.128542
-0.071289
0.420222
1.554791
1.211159
1.115874
1.005387
1.001368
0.797053
0.608696
0.446722
0.426395
0.634497
0.831125
0.910451
0.890882
1.039925
1.147393
1.003101
1.052870
1.161668
1.150480
1.088365
1.114985
1.222626
1.263136
1.165141
1.031265
0.916294
0.910121
1.080263
1.490184
1.309433
1.563295
1.402541
1.472565
1.497836
1.460734
1.402991
1.303067
1.498093
1.540725
1.786806
1.476359
1.542397
1.277604
0.837718
1.065409
1.025221
0.993263
0.954875
1.028822
1.212595
1.265065
1.189382
1.066438
1.082706
0.779718
1.078205
1.378942
0.984839
1.298116
1.144436
1.301910
1.258313
1.375792
1.308918
1.274710
1.151894
0.995899
1.094730
0.982846
1.171506
1.364796
1.024513
1.244810
0.961691
0.962270
0.938864
1.240437
1.258378
1.274710
1.459705
1.231500
1.222176
0.596716
0.763193
1.332581
0.873791
0.795408
0.390181
0.483610
0.818492
1.189511
1.164819
1.138520
1.193562
0.853472
1.453275
0.931405
1.268409
1.351679
1.240373
1.885766
1.884544
1.687975
1.294193
1.357787
1.337854
1.356759
1.407943
1.162826
1.319528
0.863310
1.041039
1.348464
1.006638
0.929926
0.367546
0.506437
0.637548
1.387816
1.248282
1.195491
1.223333
0.869804
0.695033
0.422010
0.723454
1.340748
0.928319
1.323579
1.368011
1.560722
1.349364
1.492563
1.380229
1.340297
1.484847
1.698006
1.897212
1.693312
1.396304
1.363510
0.946002
1.178837
0.878356
0.638384
0.717474
0.916937
1.216260
1.208544
1.125338
0.802802
0.481488
0.517304
0.788913
1.355344
0.954939
1.256320
1.205908
1.206229
1.206679
1.103797
1.252205
1.258635
1.214267
1.203078
1.268537
1.158003
1.175236
1.351229
1.001043
1.267123
1.272009
1.258120
1.400226
1.271624
1.385823
1.274710
1.274710
1.274710
1.361324
1.099360
1.287249
1.433470
1.167005
1.385630
1.289757
1.291814
1.223269
1.163597
1.223269
1.274710
1.274710
1.274710
1.386787
1.191183
1.369683
1.187903
1.074347
1.153695
1.247961
1.268280
1.274710
1.274710
1.274710
1.274710
1.274710
1.274710
1.213624
1.142764
1.213624
-0.869426
-1.018395
-0.520449
-0.740068
-0.486884
-0.537546
-0.358280
-0.260224
-0.367834
-0.478461
-0.576516
-0.619259
-0.493169
-0.274681
-0.858112
-1.009972
-0.320441
-0.756285
-0.561557
-0.503226
-0.524346
-0.350612
-0.382794
-0.565077
-0.656092
-0.625921
-0.935299
-0.221505
-0.868923
-0.794879
-0.795130
-0.865529
-0.718571
-0.859746
-0.375754
-0.741074
-0.796639
-0.847175
-0.861758
-0.872695
-0.766593
-0.713794
-0.861758
-0.861758
-0.891174
-0.756285
-0.889791
-0.176500
-0.792490
-0.861758
-0.861758
-0.866283
-0.846924
-0.835609
-0.815747
-0.794376
-0.861758
-0.861758
-0.877094
-1.037252
-0.260602
-0.403159
-0.861758
-0.861758
-0.861758
-0.859243
-0.945859
-0.726743
-0.379651
-0.230431
-0.861758
-0.871940
-0.818890
-1.024555
-0.106353
-0.796136
-0.861758
-0.861758
-0.861758
-0.863266
-0.866032
-1.066920
-0.608196
0.710526
-0.861758
-0.868546
-0.982944
-0.324966
-0.364691
-0.861758
-0.861758
-0.861758
-0.861758
-0.861758
-0.889163
-1.019149
0.275436
-0.297310
-0.861758
-0.858238
-0.972007
-1.007584
0.525854
-0.748491
-0.861758
-0.861758
-0.861758
-0.873072
-0.893563
-0.777782
0.616242
-0.560551
-0.861758
-0.865906
-0.816124
-1.120976
0.035451
-0.411331
-0.861758
-0.861758
-0.861758
-0.855472
-0.942968
-1.353544
0.354509
-0.038971
-0.861758
-0.861758
-0.877220
-0.743840
-0.720834
-0.287378
-0.815118
-0.861758
-0.861758
-0.865529
-0.853712
-0.580162
-0.575385
-0.528494
-0.861758
-0.861758
-0.861758
-0.851072
-1.118965
-0.317549
-0.502095
-0.681863
-0.861758
-0.861758
-0.861758
-0.867415
-0.828695
-0.815747
-0.870809
-0.827564
-0.811850
-0.863266
-0.730891
-0.870180
-0.758673
-0.156135
-0.773256
-0.848432
-0.861758
-0.889917
-0.797896
-0.621396
-0.886146
-0.855723
-0.495306
-0.746731
-0.625670
-0.532894
-0.584436
-0.446656
-0.539054
-0.729634
-0.732023
-0.674572
-0.836992
-0.088376
-0.848432
-1.123491
-0.421136
-0.841895
-0.644778
-0.597008
-0.500838
-0.555900
-0.679600
-0.794879
-0.805187
-0.746731
-0.771999
-0.254567
0.182075
0.182075
0.182075
0.182075
0.182075
0.182075
0.182075
0.182075
0.182075
0.182075
0.182075
0.182075
0.182075
0.182075
0.182075
0.182075
0.182075
0.182075
0.182075
0.182075
0.182075
0.182075
0.170702
0.178389
0.349196
0.373732
0.182075
0.182075
0.182075
0.182075
0.182075
0.182075
0.182075
0.182075
0.182075
0.182075
0.153431
0.059077
0.162382
0.433967
0.182075
0.182075
0.182075
0.182075
0.182075
0.182075
0.182075
0.170702
0.215351
0.241046
0.169438
0.158697
0.287592
0.264214
0.398374
0.565390
0.182075
0.182075
0.182075
0.182075
0.173545
0.178389
0.196396
0.259580
0.182075
0.182075
0.182075
-0.004107
-0.012321
0.685860
0.182075
0.182075
0.182075
0.088247
0.398163
0.741672
0.449553
0.230094
0.182075
0.182075
0.182075
0.074346
0.371942
0.626888
0.182075
0.182075
0.182075
-0.099725
-0.088141
1.131516
0.750097
0.182075
0.182075
0.182075
0.182075
0.097724
0.173018
0.459662
0.182075
0.182075
0.182075
-0.036752
-0.082455
1.136466
1.296005
0.182075
0.182075
0.182075
0.182075
0.086456
0.219458
0.514211
0.182075
0.182075
0.182075
0.131528
-0.093617
0.124999
1.285053
0.358989
0.182075
0.182075
0.182075
0.116995
0.168174
0.382367
0.182075
0.182075
0.182075
0.182075
0.055707
0.273059
0.572550
0.414591
0.182075
0.182075
0.182075
0.163119
0.208612
0.254104
0.182075
0.182075
0.182075
0.182075
0.182075
0.144164
0.235149
0.326134
0.173545
0.207032
0.226303
0.182075
0.182075
0.182075
0.182075
0.182075
0.182075
0.182075
0.182075
0.182075
0.182075
0.182075
0.160592
0.159644
0.240204
0.182075
0.182075
0.182075
0.182075
0.182075
0.182075
0.182075
0.182075
0.182075
0.182075
0.182075
0.172597
0.195343
0.218089
0.182075
0.182075
0.182075
0.182075
0.182075
0.182075
0.182075
0.182075
0.182075
0.182075
0.182075
0.182075
0.182075
0.182075
0.182075
0.182075
0.182075
1.603900
0.106096
0.162819
0.407766
0.329312
0.262523
0.354239
0.406807
0.450907
0.408245
0.316849
0.305665
0.328673
1.177280
0.959336
0.204362
0.228490
0.271311
0.313973
0.252617
0.429656
0.432532
0.752417
0.774148
0.482065
0.179436
0.247823
0.889511
0.674124
0.215547
0.146361
0.195894
0.029720
0.717105
0.556523
0.561157
-0.988097
-0.615803
0.303268
0.740593
0.240313
0.587521
0.696653
0.233603
0.137413
0.112966
0.897181
0.552689
0.941760
0.337941
-1.108254
-0.486698
1.621156
-0.160262
0.412559
0.695535
0.687865
0.271950
0.083407
0.683391
0.284733
-0.238076
0.528082
-0.116641
0.196373
0.545339
-0.653672
-0.606536
-0.282496
0.818088
0.651594
0.218423
0.060078
1.601823
-0.014380
0.172246
-0.069186
0.116322
0.104818
0.067428
0.388911
-1.294241
0.075098
0.986339
0.685468
0.208836
0.507790
0.549972
0.384597
-0.095071
0.094112
0.127347
0.089319
0.070624
0.178797
0.379484
1.282576
0.239514
0.644404
0.289846
0.415595
0.162659
-0.762803
0.128945
0.146681
0.129744
0.009747
0.083087
0.174802
0.510027
1.347608
0.128625
0.685468
0.284413
0.511784
-0.190142
-0.502038
-0.548055
0.466406
0.134857
0.116641
-0.021571
0.742830
0.262523
-0.078453
0.596949
0.657187
0.295758
0.335065
0.085005
-0.687066
-0.427739
0.178637
0.238396
-0.213949
0.263961
0.513542
-0.209315
0.324359
0.433810
0.655110
0.272430
0.180235
0.428857
-0.418471
-0.794919
-0.581130
0.742511
0.817449
1.761605
-0.729089
0.676201
0.330591
0.532396
0.686906
0.281378
0.133099
0.200208
0.216825
0.529680
-0.766318
0.369578
1.824720
0.659583
0.651594
0.167293
0.234881
0.564992
0.760726
0.247024
0.212831
0.295918
0.245267
0.205640
0.263162
0.234881
0.200208
0.240313
0.093313
0.222258
0.298155
0.520572
1.290726
0.657506
0.614365
0.735640
0.727970
0.753855
0.753855
0.786451
0.625390
0.704962
0.712631
0.744748
0.791245
2.049534
-0.890675
-1.498738
-1.367090
-1.328783
-1.139943
-0.868338
-0.754711
-0.745646
-0.755142
-0.852583
-1.038833
-1.248499
-1.588302
-0.799493
-1.504781
-1.945695
-1.590137
-1.318532
-0.934054
-0.695577
-0.706907
-0.778558
-0.813197
-0.906538
-1.210191
-1.521075
-2.262297
-1.562081
-1.289396
-1.584525
-1.083076
-0.647558
-0.482458
-0.442640
-0.565008
-0.780069
-0.955744
-0.820319
-0.866503
-1.157964
-2.010008
-1.540607
-1.390075
-1.671931
-1.053077
-0.769386
-0.747373
-1.068724
-1.188934
-1.664162
-2.324021
-2.496998
-2.089752
-1.519780
-2.030079
-1.418994
-1.347990
-1.463129
-0.851936
-0.760969
-0.880748
-1.382521
-1.689952
-2.246219
-2.969959
-3.309008
-2.787595
-2.016482
-1.711102
-0.980347
-1.298676
-1.191092
-0.612272
-0.765070
-1.086744
-1.554635
-2.210717
-2.891618
-3.521587
-3.641905
-3.119413
-2.241795
-1.557225
-0.665147
-1.304072
-1.088471
-0.417066
-0.886143
-1.564239
-2.186006
-2.818349
-3.717656
-4.315576
-3.985162
-3.317641
-2.297368
-1.189473
-0.369694
-1.328999
-1.096348
-0.336134
-0.830678
-1.752754
-2.538111
-3.026828
-3.725641
-4.211660
-3.777330
-3.307497
-2.124714
-0.734963
-0.120102
-1.332344
-1.206523
-0.483969
-0.624358
-1.391369
-2.297799
-2.839283
-3.258398
-3.629495
-3.448426
-3.237680
-1.802068
-0.697843
-0.067982
-1.357594
-1.483631
-0.881611
-0.686513
-1.026532
-1.677542
-2.541348
-3.334906
-3.593239
-3.648056
-3.168619
-1.946018
-1.126455
-0.588964
-1.383168
-1.744877
-1.294360
-1.056098
-0.810068
-1.049732
-1.818147
-2.643646
-3.029742
-3.015821
-2.389629
-1.503486
-1.633839
-1.115556
-1.394715
-1.882137
-1.625530
-1.437338
-0.994699
-0.648853
-0.935349
-1.227241
-1.368709
-1.392988
-1.285728
-1.164222
-1.924652
-1.404426
-1.522154
-2.148238
-1.985620
-1.911272
-1.493558
-1.081241
-0.861648
-0.754711
-0.784170
-1.073256
-1.302130
-1.623157
-2.357148
-1.565102
-0.753308
-1.570066
-1.484818
-1.494206
-1.327056
-1.016064
-0.759135
-0.624142
-0.637091
-0.800140
-1.066458
-1.373996
-1.741100
-0.811686
-0.828988
-1.406028
-1.455300
-1.440061
-1.342025
-1.267863
-1.418219
-1.704199
-1.813918
-1.761090
-1.518286
-1.556383
-1.776837
-1.732136
-1.578225
-1.241957
-1.278022
-1.161700
-1.211987
-1.256180
-1.371486
-1.908906
-2.666779
-1.741280
-1.472570
-1.265831
-1.233321
-1.316119
-1.406028
-1.170336
-1.157636
-0.987978
-0.792414
-1.299864
-1.628005
-3.147307
-0.063494
0.524213
-0.779715
-1.811378
-1.238401
-0.906197
-1.437521
-1.192685
-1.018455
-0.817304
-1.696579
-2.203521
-2.348797
-1.596512
1.273451
-1.325770
-3.537927
-0.964612
-0.767524
-0.788351
-1.437521
-1.166271
-0.962072
-1.607178
-1.925160
-1.463935
-1.638164
-0.432272
-1.020487
-1.727057
0.378937
1.240433
0.333729
-1.054521
-1.437521
-1.178970
-1.386725
-2.313748
-0.781239
-1.362851
-1.156112
-0.958516
-0.828987
-0.516085
-0.286488
2.068913
-2.159837
-2.186759
-1.437521
-1.256688
-1.613274
-0.735523
-1.225194
-1.118524
-1.056553
-0.791906
-0.805113
-0.788351
-0.271250
-1.492381
-4.179478
-1.325262
-1.437521
-1.239417
-1.118523
-1.715881
-1.356755
-0.750762
-0.856417
-0.679648
-0.815273
-0.833051
-1.298340
-2.078563
-3.019810
-0.409922
-1.437521
-1.185066
-1.490348
-1.141889
0.239756
-0.419573
-1.017947
-1.001693
-1.183542
-1.306467
-1.604131
-0.950389
-1.194209
-0.766509
-1.437521
-1.231798
-1.124619
-0.341347
0.619201
0.128006
-0.418557
-0.192008
-0.375381
-1.035726
-1.095665
-0.631899
-1.325262
-0.788858
-1.394852
-1.162715
-0.954453
-0.341348
0.066543
0.712665
-0.152387
-1.429902
-2.980189
-3.076194
-0.280900
-1.664578
-1.729596
-0.880799
-1.579241
-1.252624
-1.158144
-0.933627
-0.682187
-1.366915
-0.030985
-2.674906
-3.727395
-1.460886
-1.456315
-1.708262
-1.147477
-0.773620
-1.369962
-0.965628
-1.275482
-1.067219
-0.985946
-0.730443
-1.520318
-1.936844
-1.088046
-0.670505
-0.892482
-0.941754
-0.879783
-0.846258
-3.273281
-2.985777
-3.072129
-2.875042
-3.049780
-2.933457
-3.079241
-3.166610
-2.969522
-2.956823
-2.964442
-2.994920
-3.021841
-2.031324
0.659310
0.337481
0.293007
0.257806
0.279659
0.359215
0.536461
0.750915
0.823384
0.670118
0.400972
0.211974
0.250541
0.552762
0.443320
0.237429
0.201697
0.181321
0.368961
0.655352
0.530850
0.464464
0.484250
0.449935
0.651750
0.533862
0.306178
0.340670
0.288518
-0.167323
-0.274697
-0.105071
0.092255
0.214041
0.550163
0.758120
0.809918
0.658896
0.326731
-0.135547
0.161476
0.304878
0.256625
-0.200456
-0.126983
0.172343
0.384730
0.776252
0.821730
0.724514
0.647911
0.703842
0.654526
0.289936
0.105308
0.489388
0.255266
-0.166496
0.017187
0.221305
0.692089
0.719198
0.453301
0.187758
0.313915
0.246052
0.359097
1.071681
0.245521
0.677619
0.210970
-0.123262
0.181084
0.320353
0.776016
0.447159
0.376816
0.026401
-0.151967
0.248238
0.012226
0.384199
0.593633
0.719258
0.210911
-0.111273
0.189471
0.433693
0.790191
0.346281
0.061779
-0.517029
-0.742292
-0.333582
0.193901
0.384021
0.569417
0.648737
0.226975
-0.067213
0.208371
0.450525
0.793971
0.213923
0.008269
-0.527542
-0.623813
-0.326022
0.238138
0.291767
0.987931
0.539059
0.234772
-0.093613
0.228570
0.423652
0.830471
0.436528
0.393944
0.021912
0.021735
0.249006
0.128224
0.294188
0.338130
0.468834
0.268732
-0.118656
0.158877
0.190652
0.724573
0.678446
0.378588
0.200634
0.152085
0.267728
0.423534
0.375221
0.316573
0.533389
0.280427
-0.176655
-0.072292
0.250777
0.300803
0.689372
0.825274
0.834369
0.831239
0.770819
0.630960
0.342796
0.068158
0.290762
0.301571
-0.122436
-0.243336
-0.063492
0.323896
0.252136
0.507579
0.643186
0.652045
0.487085
0.010572
-0.061424
0.014293
0.309603
0.432925
0.223255
0.253317
0.135075
0.398314
0.693388
0.819899
0.742528
0.800645
0.773299
0.709630
0.374453
0.309072
0.338485
0.665806
0.255857
0.245698
0.250718
0.265897
0.331929
0.490451
0.626648
0.621628
0.490274
0.319880
0.185750
0.219593
0.692502
-6.716123
-6.716123
-6.716123
-6.716123
-6.678065
-6.676253
-6.684408
-6.716123
-6.716123
-6.716123
-6.716123
-6.716123
-6.716123
-6.716123
-6.716123
-6.716123
-6.716123
-6.709780
-6.648767
-6.459837
-6.652240
-6.716123
-6.671722
-6.669608
-6.679122
-6.716123
-6.716123
-6.716123
-6.716123
-6.716123
-6.678065
-6.593190
-6.506352
-6.478413
-6.597872
-6.643632
-6.606631
-6.435976
-6.660093
-6.646350
-6.643028
-6.657979
-6.716123
-6.716123
-6.611011
-6.328750
-6.125172
-6.372849
-6.320292
-6.013113
-6.292051
-6.407584
-6.511034
-6.502275
-6.226055
-6.575219
-6.716123
-6.716123
-6.607688
-6.202344
-6.256410
-5.981851
-4.870779
-5.596593
-6.017492
-5.859221
-5.906793
-6.331015
-6.180899
-6.508164
-6.716123
-6.640007
-6.571443
-6.568120
-6.218956
-4.664935
-4.850995
-6.099648
-6.451984
-6.165646
-5.225832
-6.048603
-6.281480
-6.194642
-6.716123
-6.620072
-6.240704
-6.609501
-6.091494
-4.980269
-5.877797
-6.548941
-6.716123
-6.372244
-5.433187
-4.918048
-6.050566
-5.864507
-6.716123
-6.624301
-6.537614
-6.625811
-5.958140
-4.819884
-5.870698
-6.615693
-6.716123
-6.263508
-5.555665
-5.263286
-5.902564
-5.876437
-6.716123
-6.703135
-6.699208
-6.703739
-6.111428
-3.810902
-4.870627
-6.107502
-6.233002
-6.029725
-4.631408
-6.065367
-6.185127
-6.151449
-6.716123
-6.716123
-6.716123
-6.716123
-6.332978
-5.822824
-4.219116
-4.778050
-5.612148
-4.645151
-5.944850
-6.331921
-6.369677
-6.526741
-6.716123
-6.716123
-6.716123
-6.716123
-6.659036
-6.403053
-5.859523
-4.626575
-5.782199
-5.846988
-6.309419
-6.581562
-6.328750
-6.621130
-6.716123
-6.716123
-6.716123
-6.716123
-6.640913
-6.273777
-6.154168
-6.055399
-6.083791
-6.439752
-6.529761
-6.394596
-6.592435
-6.666587
-6.716123
-6.716123
-6.716123
-6.716123
-6.643783
-6.472674
-5.997859
-5.678296
-5.771477
-6.109918
-6.574615
-6.656922
-6.672779
-6.716123
-6.716123
-6.716123
-6.716123
-6.716123
-6.703135
-6.614787
-6.457421
-6.341134
-6.355934
-6.503181
-6.641819
-6.716123
-6.716123
-6.716123
-1.925449
-1.357064
-0.935949
-0.903290
-0.940006
-0.992239
-0.919619
-0.916678
-0.878440
-0.895581
-0.925299
-0.966782
-1.296108
-1.886807
-2.053955
-1.704039
-1.423396
-1.336171
-1.402199
-1.558596
-1.758098
-1.720064
-1.779905
-1.910337
-1.735988
-1.456664
-1.552104
-1.867435
-2.122822
-1.891269
-1.570260
-1.420861
-1.389520
-1.468632
-1.825039
-2.116230
-2.107203
-1.772805
-1.686492
-1.828487
-1.943909
-2.026671
-2.091583
-1.827270
-1.430598
-1.403111
-1.711950
-2.092800
-2.192298
-2.028801
-1.965614
-2.068154
-2.182257
-2.126981
-2.070588
-2.049492
-2.075964
-1.843498
-1.576548
-1.614887
-2.027179
-1.967135
-1.751810
-1.730409
-1.643793
-1.503116
-1.595210
-1.964092
-2.140977
-2.115722
-2.056795
-1.807797
-1.720571
-1.935693
-2.093612
-1.855568
-1.451998
-1.392969
-1.577461
-1.569854
-1.769357
-2.013791
-2.149801
-2.151018
-2.061054
-1.859422
-1.827169
-2.027381
-2.005879
-1.652921
-1.578779
-1.826966
-1.992593
-1.825242
-1.781426
-1.995534
-2.138442
-2.145947
-2.057505
-1.847555
-1.792786
-2.006995
-2.025454
-1.705662
-1.532935
-1.705662
-1.841064
-1.835080
-1.865609
-2.017036
-2.120692
-2.099494
-2.057505
-1.779093
-1.616712
-1.735582
-2.019775
-1.831327
-1.477963
-1.469038
-1.510013
-1.444594
-1.521271
-1.961658
-2.114303
-2.129313
-2.098683
-1.852221
-1.721078
-1.920581
-2.098176
-2.060344
-1.704343
-1.902325
-1.764488
-1.661035
-1.786497
-2.086715
-2.026266
-1.967541
-2.110043
-1.865609
-1.549062
-1.550887
-1.903947
-2.095742
-1.430192
-0.471625
-0.402048
-1.281401
-1.812158
-1.867333
-1.855669
-1.937316
-2.080934
-1.820779
-1.500784
-1.384246
-1.443276
-1.724121
-1.600078
-0.984835
-1.135755
-1.450071
-1.756678
-1.766010
-1.784266
-2.021904
-2.004966
-1.685478
-1.311930
-1.243164
-1.304628
-1.360919
-1.633853
-1.866826
-1.924029
-1.697345
-1.354022
-1.277649
-1.605657
-1.842585
-1.970888
-1.510520
-1.248844
-1.330998
-1.400373
-1.380392
-1.350878
-1.372684
-1.397837
-1.408893
-1.394490
-1.285864
-1.436379
-1.951313
-1.529450
-1.529450
-1.529450
-1.529450
-1.529450
-1.529450
-1.529450
-1.529450
-1.529450
-1.529450
-1.529450
-1.529450
-1.529450
-1.529450
-1.529450
-1.529450
-1.529450
-1.529450
-1.529450
-1.529450
-1.529450
-1.529450
-1.531222
-1.553362
-1.588196
-1.538306
-1.529450
-1.529450
-1.529450
-1.529450
-1.529450
-1.529450
-1.529450
-1.529450
-1.529450
-1.529450
-1.495797
-1.428786
-1.496387
-1.427605
-1.529450
-1.529450
-1.529450
-1.529450
-1.529450
-1.529450
-1.529450
-1.529450
-1.529450
-1.529450
-1.508196
-1.409007
-1.338158
-1.475133
-1.628639
-1.545195
-1.529450
-1.529450
-1.529450
-1.529450
-1.529450
-1.529450
-1.529450
-1.529450
-1.529450
-1.529450
-1.529450
-1.349966
-1.531025
-1.348392
-1.529450
-1.529450
-1.529450
-1.529450
-1.529450
-1.529450
-1.529450
-1.529450
-1.529450
-1.529450
-1.529450
-1.416092
-1.227162
-1.416092
-1.529450
-1.529450
-1.529450
-1.529450
-1.529450
-1.529450
-1.529450
-1.529450
-1.529450
-1.529450
-1.529450
-1.529450
-1.529450
-1.529450
-1.529450
-1.529450
-1.529450
-1.529450
-1.529450
-1.529450
-1.529450
-1.529450
-1.529450
-1.529450
-1.529450
-1.529450
-1.529450
-1.529450
-1.529450
-1.529450
-1.529450
-1.529450
-1.529450
-1.529450
-1.530631
-1.548343
-1.601972
-1.565072
-1.533386
-1.529450
-1.529450
-1.529450
-1.529450
-1.529450
-1.529450
-1.529450
-1.529450
-1.529450
-1.526498
-1.612009
-1.507900
-1.407334
-1.484186
-1.529450
-1.529450
-1.529450
-1.529450
-1.529450
-1.529450
-1.529450
-1.529450
-1.529450
-1.145095
-1.394542
-0.905882
-1.353312
-1.501111
-1.529450
-1.529450
-1.529450
-1.529450
-1.529450
-1.529450
-1.529450
-1.529450
-1.529450
-1.295649
-0.891810
-1.257863
-1.515280
-1.529450
-1.529450
-1.529450
-1.529450
-1.529450
-1.529450
-1.529450
-1.529450
-1.529450
-1.529450
-1.529450
-1.529450
-1.529450
-1.529450
-1.529450
-1.529450
-1.529450
-1.529450
-1.529450
-1.529450
-1.529450
-1.529450
-1.529450
-1.529450
-1.529450
-1.529450
-1.529450
-1.529450
-1.529450
-1.529450
-1.529450
-1.529450
-0.239022
-0.477819
-0.547538
-0.404282
-0.345565
-0.412366
-0.298749
-0.268099
-0.268099
-0.176937
-0.286175
-0.342871
-0.376776
-0.289992
-0.179407
-0.160994
-0.222967
-0.274499
-0.270120
-0.286063
-0.283817
-0.268099
-0.268099
-0.247666
-0.222518
-0.174018
-0.257771
-0.279326
-0.190409
-0.217466
-0.370602
-0.296616
-0.268099
-0.268099
-0.132927
0.347362
0.264619
-0.157514
-0.104860
-0.211179
-0.254290
-0.268099
-0.198268
-0.301107
-0.293585
-0.281572
-0.205229
0.098797
0.920385
-0.083978
-0.869415
-0.393055
-0.065004
-0.506560
-0.351740
-0.268099
-0.243400
-0.283705
-0.281460
-0.268099
0.149543
0.658797
0.053328
-0.460529
-0.444587
-0.341524
-0.224314
-0.270345
-0.301780
-0.268099
-0.265180
-0.268099
-0.270345
-0.183224
0.945085
0.364988
-0.462887
-0.575718
-0.396985
-0.281347
-0.268099
-0.151788
0.172221
-0.147634
-0.268099
-0.268099
-0.268099
0.171548
0.639375
-0.440209
-0.601652
-0.368693
-0.290553
-0.272590
-0.268099
0.342646
-0.357578
-0.296616
-0.268099
-0.268099
-0.268099
0.175365
-0.107330
-0.474675
-0.660706
-0.359150
-0.268099
-0.268099
-0.268099
0.430441
-0.690570
-0.460193
-0.261812
-0.244298
-0.261588
-0.186367
-0.024250
-0.364427
-0.512847
-0.341299
-0.268099
-0.268099
-0.183224
0.489046
-0.138653
-0.369928
-0.232622
-0.263609
-0.267089
-0.268099
-0.233071
-0.244747
-0.295044
-0.282919
-0.256199
-0.154820
0.550345
0.012350
-0.713248
-0.415846
-0.223192
-0.314916
-0.285726
-0.268099
-0.268099
-0.268099
-0.268099
-0.226784
-0.069719
0.692703
-0.118220
-0.443352
-0.416969
-0.335237
-0.259342
-0.268099
-0.274836
-0.268099
-0.268099
-0.268099
-0.268099
-0.132253
0.122037
-0.302229
-0.663400
-0.508356
-0.321540
-0.272590
-0.268099
-0.268099
-0.268099
-0.268099
-0.268099
-0.268099
-0.268099
-0.176712
-0.129671
-0.380593
-0.372173
-0.321989
-0.277081
-0.268099
-0.268099
-0.268099
-0.268099
-0.268099
-0.268099
-0.268099
-0.268099
-0.253504
-0.241828
-0.279326
-0.288308
-0.268099
-0.268099
-0.268099
-1.309509
-1.370107
-1.791379
-1.899912
-1.909168
-2.112497
-2.407115
-2.437706
-2.534061
-2.321087
-2.146791
-1.834247
-1.287393
-2.057743
-1.728832
-1.384039
-1.545670
-1.698240
-1.839411
-2.105093
-2.428451
-2.530554
-2.185469
-1.832688
-1.595650
-1.475815
-1.355299
-1.658977
-2.309396
-1.502023
-1.551126
-1.570611
-1.939468
-2.504930
-3.066983
-2.586282
-1.679826
-1.544793
-1.228352
-0.918926
-1.064481
-1.858896
-2.378081
-1.562038
-1.511084
-1.273558
-1.931966
-2.301309
-2.768372
-3.166748
-2.237300
-2.177773
-0.580564
0.164650
-0.998816
-1.900887
-2.357817
-1.627508
-1.634231
-1.296258
0.193781
-0.946303
-2.979202
-2.606059
-2.661007
-2.278024
-1.169409
0.101226
-1.429538
-2.600895
-2.339306
-1.671935
-1.626631
-1.390762
0.265974
-2.284455
-2.574201
-1.984576
-1.479712
-1.507187
-1.879745
-2.490316
-3.015445
-3.109656
-2.309785
-1.765269
-1.773940
-1.130925
-2.439070
-2.192289
-1.887247
-0.940457
-0.564781
-0.921167
-2.222979
-3.299930
-3.510858
-3.467504
-2.322353
-1.784754
-1.929530
-0.620119
-0.641650
-2.336480
-1.905368
-0.900414
-0.487425
-0.766941
-2.314462
-2.925715
-3.034833
-3.394629
-2.322158
-1.683334
-1.996364
-1.343315
-0.528636
-2.653116
-2.490804
-1.796251
-1.374394
-1.779104
-2.353432
-3.303730
-3.070783
-2.899800
-2.365806
-1.647578
-1.693661
-1.549957
-1.878381
-2.926397
-2.871546
-2.734077
-2.204078
-2.203493
-2.372041
-1.843600
-2.833063
-2.607423
-2.362396
-1.585225
-1.600716
-1.455745
-1.484486
-1.864936
-2.786006
-2.771781
-2.413447
-2.388701
-1.965091
-2.093986
-2.143771
-2.540199
-2.442285
-1.680216
-1.576944
-1.562915
-1.671935
-2.043811
-2.579072
-2.729888
-2.907496
-2.198817
-2.358791
-2.011758
-1.964019
-2.363273
-2.572739
-1.803266
-1.784754
-1.805311
-1.953692
-2.209923
-2.447157
-2.712839
-2.780063
-2.588522
-2.230968
-2.045175
-1.863865
-2.340377
-2.199499
-2.225804
-2.348659
-2.262241
-2.359765
-2.609664
-2.889668
-3.060846
-3.065425
-2.905353
-2.563971
-2.367559
-2.411791
-2.161308
0.588871
0.429822
0.283655
0.384040
0.356319
0.231292
0.078124
-0.056703
-0.064683
0.013581
0.141128
0.252293
0.210711
0.164229
0.952330
-0.006441
-0.088345
-0.151768
-0.286315
-0.555829
-0.374100
-0.183970
-0.040742
-0.200211
-0.274555
-0.367939
-0.177250
0.029121
0.864825
0.098145
0.021561
-0.137767
-0.301296
-0.174449
-0.412741
-1.291428
-1.365632
-1.186282
-0.639693
-0.325377
-0.356039
0.083584
0.938749
0.104866
-0.054603
-0.494086
-0.347358
-1.354291
-1.589364
-0.785582
-0.559750
-0.838644
-0.680016
-0.196851
-0.536788
-0.008541
0.902627
0.078544
-0.218691
-0.258174
-0.877146
-1.273507
-0.730558
-1.056216
-0.897448
-0.796082
-0.667975
-1.225485
-0.499966
-0.477145
0.937909
-0.026742
-0.263074
-0.175570
-1.081837
-0.899687
-1.094157
-0.487786
-0.245573
-0.458384
-0.708577
-0.764860
-1.149461
-0.720058
0.936369
-0.093945
-0.264054
-0.993212
-0.961010
-0.796082
-0.711797
-0.190550
-0.076304
-0.188450
-0.616453
-0.588731
-0.989432
-0.848025
0.933149
-0.069304
-0.208051
-0.430523
-0.792162
-0.541268
-0.608332
-0.174589
-0.031222
-0.217432
-0.437803
-0.448164
-0.992232
-0.719358
0.935389
0.001540
-0.257754
-0.084565
-0.677216
-0.411062
-0.858945
-0.388801
-0.165069
-0.536088
-0.836544
-0.675535
-1.193283
-0.611272
0.901087
0.097585
-0.147428
0.062583
-0.907248
-0.668115
-0.499407
-0.585231
-0.345678
-0.690936
-0.371720
-1.013653
-0.684216
-0.261114
0.905987
0.128247
0.039202
-0.163529
0.200770
-0.477285
-0.785722
-0.184530
-0.155548
-0.339658
-0.700877
-0.412882
-0.512007
-0.097165
0.875326
0.131187
0.092685
0.118446
-0.286315
-0.327197
-0.355339
-0.736159
-0.812323
-0.526148
-0.237173
-0.488626
-0.218971
0.132587
0.828143
0.040182
0.044382
0.049142
-0.040742
-0.197130
-0.152188
-0.122787
-0.123347
-0.183270
-0.182710
-0.206231
0.049143
0.147288
0.386420
0.176689
-0.056983
0.106685
0.075604
-0.023381
-0.162269
-0.265594
-0.272454
-0.207911
-0.111586
0.011761
-0.191670
-0.146868
0.037082
-0.050717
-0.043190
-0.109826
-0.100941
-0.085763
-0.115625
-0.092488
-0.088354
-0.115070
-0.110011
-0.103409
-0.099522
-0.137961
0.465278
0.261237
0.002098
-0.008700
0.029431
-0.071942
0.149745
0.006910
-0.104828
-0.099337
-0.112047
-0.104704
0.032516
0.137159
0.573376
0.363782
0.027580
0.080086
-0.019991
0.444485
0.162147
-0.025235
-0.105198
-0.103902
-0.112602
-0.076199
0.097486
0.312571
0.403455
0.266790
0.019991
0.114947
0.925373
0.725589
0.135493
-0.054357
-0.112911
-0.112911
-0.112911
-0.112911
0.015919
0.181644
0.398395
0.298935
0.115934
0.748788
1.757024
1.393119
0.265062
-0.095264
-0.112911
-0.112911
-0.112911
-0.112911
0.002283
0.079963
0.380502
0.293814
0.273515
1.598579
1.684095
0.735399
0.083541
-0.107049
-0.112911
-0.112911
-0.080333
-0.048002
-0.104149
0.640073
0.384636
0.349529
0.467499
0.808452
0.421348
-0.051211
-0.111368
-0.112911
-0.112911
-0.112911
-0.052198
0.365016
1.183155
0.692765
0.409440
0.372605
0.029554
-0.110751
-0.112911
-0.112911
-0.112911
-0.112911
-0.112911
-0.106124
0.030295
0.983679
1.846674
0.246922
0.408391
0.358908
-0.037884
-0.112911
-0.112911
-0.112911
-0.112911
-0.112911
-0.112911
-0.088046
0.114391
0.461576
0.769211
0.208175
0.422828
0.354403
-0.044794
-0.112911
-0.112911
-0.112911
-0.112911
-0.112911
-0.089835
-0.078482
0.221934
0.566527
0.249946
0.141786
0.402961
0.319358
-0.052938
-0.112911
-0.112911
-0.112911
-0.112911
-0.112911
-0.080765
0.216813
0.596452
0.851580
0.295912
0.134752
0.417522
0.276600
-0.063983
-0.112911
-0.112911
-0.108838
-0.104458
-0.102175
-0.010119
0.325775
0.483356
0.328736
0.143329
0.117600
0.420484
0.185408
-0.099090
-0.112911
-0.112911
-0.109394
-0.059293
0.061268
0.212247
0.185408
0.064229
-0.038316
-0.002776
0.116181
0.115934
-0.007959
-0.109517
-0.112911
-0.112911
-0.097177
-0.028197
0.086750
0.108838
-0.025976
-0.110134
-0.108221
0.036526
0.319852
0.683024
0.122454
-0.561142
-0.302771
-0.259518
-0.282719
-0.649224
-0.890266
-0.825673
-0.663975
-0.358341
-0.311221
-0.089800
0.188909
0.300049
0.123027
-0.638768
-0.351752
-0.645643
-0.736446
-0.767095
-0.823238
-0.810778
-0.789438
-0.707658
-0.752916
-0.302484
0.869642
0.176592
0.194781
-0.572457
-0.524621
-0.889550
-0.705510
-0.870215
-0.822522
-0.353185
-0.947411
-0.853601
-0.752200
-0.552263
0.965314
0.123027
0.292172
-0.758215
-0.749192
0.089513
-1.218386
-0.948557
-0.457020
-0.538657
-0.990521
-1.011002
-0.008020
-0.999544
0.752773
0.134055
0.185186
-0.944833
-0.438831
0.766666
-0.436969
-0.260950
-0.597950
-0.645643
-0.722983
0.914613
-0.329123
-0.349031
0.436969
0.178024
-0.026210
-0.966030
0.403026
0.503424
0.292029
-0.990521
-0.794594
-0.675863
-0.768098
0.226720
-0.469051
-0.332274
0.541951
0.180030
-0.149237
-0.268254
1.216095
-0.103549
-0.389563
-0.982644
-0.596375
-0.560856
-0.775688
-0.650942
-0.140071
1.270519
0.379108
0.140071
-0.025923
-0.402739
1.522303
0.208387
-0.857181
-0.929652
-0.619577
-0.484662
-0.803473
-0.973621
0.109564
0.757785
0.488386
0.124746
0.114434
-0.880956
1.544646
0.782849
-1.100515
-0.864056
-0.770676
-0.757070
-0.799177
-1.063993
1.028045
2.040908
0.630748
0.086649
0.201656
-0.787146
0.775975
0.551690
-1.261926
-0.818082
-0.802614
-0.802614
-0.815790
-0.806481
0.427230
1.013723
0.953140
0.091805
0.254791
-0.648078
-0.192060
0.878522
-1.066142
-0.947984
-0.861048
-0.843862
-0.838706
-0.977344
0.257226
0.140071
0.868639
0.077053
0.088368
-0.689039
-0.451721
-0.296612
-0.009309
-0.087222
-1.091062
-0.951565
0.165564
-0.680876
-0.069749
-0.424509
0.714390
-0.174158
-0.168715
-0.899862
-0.494974
-0.624733
-0.639055
-0.354760
-0.745755
-0.521756
-0.467475
-0.701356
-0.672569
-0.677152
0.562002
0.210536
-0.237175
-0.815647
-0.564007
-0.590932
-0.713387
-0.649080
-0.692190
-0.727996
-0.706369
-0.650799
-0.673142
-0.743320
0.523905
-2.070377
-2.070377
-2.070377
-2.070377
-2.070377
-2.070377
-2.070377
-2.070377
-2.070377
-2.070377
-2.070377
-2.070377
-2.066189
-2.042995
-2.070377
-2.070377
-2.070377
-2.070377
-2.070377
-2.070377
-2.070377
-2.070377
-2.070377
-2.070377
-2.070377
-2.070377
-2.067478
-2.067370
-2.070377
-2.070377
-2.070377
-2.070377
-2.070377
-2.006809
-1.975883
-2.023989
-2.070377
-2.070377
-2.070377
-2.070377
-2.070377
-2.070377
-2.070377
-2.070377
-2.070377
-2.070377
-2.070377
-2.003372
-1.632270
-2.037734
-2.070377
-2.070377
-1.931321
-1.863672
-1.968904
-2.070377
-2.070377
-2.070377
-2.070377
-1.947213
-1.887295
-1.934113
-2.022271
-2.018835
-2.070377
-2.070377
-1.923804
-1.060369
-1.922194
-2.032687
-2.070377
-2.070377
-2.070377
-1.940556
-1.221545
-2.007131
-2.070377
-2.070377
-2.070377
-2.070377
-1.968904
-1.712053
-1.306374
-1.898892
-2.070377
-2.070377
-2.070377
-1.980501
-1.977172
-1.970514
-2.070377
-2.070377
-2.070377
-2.070377
-2.070377
-1.664376
-0.425973
-1.810519
-2.070377
-2.070377
-2.070377
-1.990916
-1.952260
-2.012392
-2.070377
-2.070377
-2.070377
-2.070377
-2.070377
-1.539387
-0.499957
-1.668242
-2.070377
-2.070377
-2.070377
-1.903188
-1.398720
-1.968689
-2.070377
-2.070377
-2.070377
-2.070377
-1.883645
-1.446504
-0.307856
-1.829311
-2.070377
-2.070377
-2.070377
-1.924449
-1.355769
-1.844988
-2.012392
-2.070377
-2.070377
-1.943240
-1.684564
-0.531204
-1.809124
-1.893201
-2.070377
-2.070377
-2.070377
-2.009493
-1.923482
-1.455094
-2.029573
-2.006809
-1.975883
-1.889980
-1.057899
-1.863779
-1.918972
-2.070377
-2.070377
-2.070377
-2.070377
-2.070377
-2.012392
-2.010245
-2.005949
-2.003372
-1.632270
-1.944958
-1.974165
-1.967293
-2.070377
-2.070377
-2.070377
-2.070377
-2.070377
-2.070377
-2.070377
-2.070377
-2.070377
-2.023989
-2.022271
-2.018835
-2.070377
-2.070377
-2.070377
-2.070377
-2.070377
-2.070377
-2.070377
-2.070377
-2.070377
-2.070377
-2.070377
-2.070377
-2.070377
-2.070377
-2.070377
-2.070377
-2.070377
-2.070377
0.427105
0.196333
0.172874
-0.046850
-0.118319
-0.247684
-0.177921
-0.091586
-0.082516
-0.116477
-0.166123
0.002864
0.099156
0.565678
0.407261
-0.362661
-0.534308
-0.756010
-0.704318
-0.442790
-0.515623
-0.589205
-0.569224
-0.273939
-0.366958
-0.374663
-0.469864
0.300263
0.388098
-0.482889
-0.691907
-0.720140
-0.619347
-0.978803
-1.007786
-0.499597
-0.661219
-0.737461
-0.720685
-0.238614
-0.379915
0.378687
0.305105
-0.628145
-0.753078
-0.547947
-1.025449
-0.301149
-0.098542
-0.863758
-0.798428
-0.026187
-0.595479
-0.576930
-0.183308
0.414830
0.314447
-0.685837
-0.616688
-0.583204
-0.530216
-0.615665
-1.191299
-0.557972
-0.642670
-0.492368
-0.981259
0.071809
-0.765080
0.821068
0.247139
-0.669880
-0.367640
-0.683110
-0.397372
-0.622143
-0.284987
-0.658014
-0.671312
-0.580681
-0.449133
-0.298899
-0.806475
0.877875
0.230704
-0.640965
-0.422605
-0.729210
-0.379028
-0.480639
-0.494210
-0.737802
-0.665925
-0.810498
-0.377050
-0.477911
-0.925407
0.718026
0.239160
-0.685429
-0.321471
-0.689725
-0.294466
-0.379096
-0.458612
-0.797405
-0.747486
-0.865395
-0.331223
-0.546924
-0.281373
0.590160
0.280282
-0.710388
-0.438562
-0.553198
-0.519919
-0.491891
-0.005456
-0.540787
-0.631895
-0.250821
-0.204926
-0.527898
-0.757783
0.720890
0.313970
-0.668175
-0.601889
-0.516441
-0.421718
-0.247139
-0.416945
-0.249594
-0.706569
-0.372413
-0.735893
-0.180649
-0.737188
0.515350
0.342407
-0.655218
-0.703295
-0.585932
-0.759966
-0.592069
-0.262074
-0.552312
-0.165714
-0.400987
-0.577612
-0.593092
-0.444632
0.323858
0.377050
-0.508940
-0.656650
-0.719253
-0.386189
-0.510849
-0.867509
-0.838935
-0.285669
-1.018220
-0.762625
-0.440676
-0.566292
0.423287
0.537240
-0.370163
-0.479411
-0.749464
-0.679291
-0.516305
-0.525306
-0.653104
-0.694703
-0.630599
-0.519374
-0.575157
-0.528989
0.441154
0.745917
0.573384
0.584704
0.420832
0.366071
0.335315
0.403987
0.389394
0.396963
0.386598
0.343089
0.413739
0.720617
0.813362
1.247653
1.122018
1.271166
1.193251
1.082871
1.118740
1.190792
1.192746
1.143577
1.152717
1.126745
1.159525
1.239016
0.735341
1.359104
1.296949
1.499427
1.376755
1.261647
1.397873
1.500877
1.346055
1.061312
1.008801
1.127376
1.174528
1.168477
0.553034
1.191423
1.341138
1.354629
1.619704
1.688542
1.333637
0.790626
0.727461
1.527668
1.657716
0.988503
0.696131
0.716303
0.718825
1.257550
1.357465
1.494889
1.795581
1.147359
1.177617
0.592938
0.126392
1.712938
1.708777
0.838345
1.052234
0.955344
0.601574
1.261521
1.368497
1.650278
1.269905
0.329564
1.151015
1.139857
0.552530
1.298840
1.125232
0.872512
1.626828
1.135634
0.434838
1.271166
1.452149
1.520419
0.864506
0.326790
0.972239
1.108086
1.105249
1.218088
1.262782
1.190855
1.148557
0.961144
0.694429
1.281756
1.499617
1.087536
0.699409
0.758224
0.996571
1.278352
1.405816
1.172826
1.069633
1.135445
0.809537
0.836013
1.011007
1.263727
1.473582
0.784322
0.565327
1.219285
1.208506
1.396738
1.567950
1.102728
1.043157
1.117290
0.656858
0.661838
1.048074
1.263412
1.425988
1.013214
1.274696
1.370703
0.722796
1.116659
1.488711
1.160408
1.523193
1.651223
0.662784
0.283861
0.786276
1.269275
1.400520
1.337167
1.684003
1.210460
0.950743
1.436957
1.643407
1.603188
1.335087
0.719897
0.414098
0.563057
0.775685
1.270409
1.381105
1.466522
1.301803
1.223698
1.617309
1.710038
1.491169
1.379655
0.987746
0.042488
0.431055
1.021661
1.008234
1.266186
1.393082
1.391254
1.242547
1.337041
1.702537
1.639814
1.075937
0.894134
1.182219
0.608382
0.821451
0.988944
0.893441
1.448871
1.542798
1.314599
1.382555
1.227291
1.428762
1.489404
0.967637
0.997013
1.315356
1.084321
1.118487
1.000543
0.679867
1.830630
1.419369
1.434120
1.483920
1.256919
1.241412
1.201950
1.129393
1.195331
1.311069
1.357844
1.340760
1.203967
0.282726
-1.665593
-1.055487
-0.902401
-0.898820
-0.898820
-0.898820
-0.898820
-0.898820
-0.898820
-0.898820
-0.898820
-0.710820
0.168753
-1.912903
-1.321150
-1.042282
-0.901282
-0.898820
-0.886287
-0.864354
-0.930378
-0.895687
-0.876216
-0.941568
-0.916054
-0.850477
0.283791
-1.771679
-1.303245
-1.000878
-0.898820
-0.804820
-0.818920
-0.739692
-1.053249
-0.847120
-0.653972
-1.081673
-1.087268
-1.069811
0.100491
-1.658431
-1.332116
-1.006920
-0.817354
-0.270586
-0.945149
-0.883601
-0.895463
-0.930378
0.011638
-0.573401
-1.543617
-1.731617
-0.187553
-1.540259
-1.327416
-1.021244
-0.402410
0.057743
-1.442902
-1.149711
-1.151054
-0.900387
-0.203443
0.652629
-1.007592
-1.940655
-0.940673
-1.584797
-1.277954
-0.991701
-0.211053
-0.466420
-1.317121
-1.361659
-1.001997
-0.920978
-0.777963
0.438220
0.828768
-1.004459
-2.559489
-1.647464
-1.196040
-0.592872
-0.045657
-1.600240
-1.298992
-1.023035
-0.928363
-0.898820
-0.898820
0.008057
0.958354
-1.736988
-1.368150
-1.647912
-1.175225
-0.559525
0.167857
-1.842850
-1.380907
-0.989687
-0.898820
-0.898820
-0.898820
-0.106534
0.699629
-2.411103
-0.614358
-1.598002
-1.298097
-0.726711
0.286253
-0.907549
-1.828526
-1.203873
-0.962830
-0.898820
-0.792287
0.301472
0.634725
-2.607161
-0.819368
-1.646569
-1.335250
-0.961039
-0.213067
0.068486
-0.956787
-1.813307
-1.264302
-0.995282
-0.301472
0.558853
-0.622191
-1.853369
-0.799449
-1.765412
-1.335250
-1.009382
-0.786020
0.294534
0.123319
-1.006697
-1.996831
-1.173659
-0.460377
-0.015667
-1.203426
-1.605836
-0.067143
-1.739002
-1.330549
-1.006920
-0.898820
-0.649049
-0.278867
0.223810
-1.333011
-1.399930
-1.027735
-0.860325
-0.931273
-1.049444
0.031110
-1.608521
-1.276611
-0.988568
-0.898820
-0.898820
-0.826306
-0.604734
-0.836825
-0.982078
-0.960144
-0.944030
-0.911130
-0.898820
0.028648
-1.578083
-1.090849
-0.949849
-0.898820
-0.898820
-0.898820
-0.898820
-0.898820
-0.898820
-0.898820
-0.898820
-0.898820
-0.898820
-0.079676
-1.501988
2.397057
2.397057
2.397057
2.397057
2.397057
2.397057
2.397057
2.397057
2.397057
2.397057
2.397057
2.397057
2.397057
2.397057
2.397057
2.397057
2.397057
2.397057
2.397057
2.397057
2.397057
2.397057
2.397057
2.397057
2.397057
2.397057
2.397057
2.397057
2.397057
2.397057
2.397057
2.397057
2.383335
2.225839
2.303665
2.220104
2.397057
2.397057
2.397057
2.397057
2.397057
2.397057
2.397057
2.397057
2.397057
2.397057
2.379341
2.158355
2.069878
2.231164
2.397057
2.397057
2.355891
2.377396
2.352819
2.397057
2.397057
2.397057
2.397057
2.227818
2.303631
2.046940
2.178324
2.234850
2.397057
2.397057
2.343910
2.172350
2.285676
2.239766
2.397057
2.397057
2.328447
2.031443
1.946653
2.103672
2.397057
2.397057
2.397057
2.397057
2.359270
2.014990
2.010246
2.097220
2.397057
2.397057
2.308478
1.949793
1.892857
2.100395
2.397057
2.397057
2.397057
2.397057
2.397057
1.946994
1.881456
1.967475
2.397057
2.397057
2.334079
2.092817
2.114970
2.167367
2.397057
2.397057
2.397057
2.397057
2.397057
1.825783
1.839027
1.833736
2.397057
2.397057
2.397057
2.260451
2.197166
2.286769
2.397057
2.397057
2.397057
2.397057
2.365039
1.911597
1.683784
1.994510
2.397057
2.397057
2.397057
2.308888
2.277348
2.302436
2.397057
2.397057
2.397057
2.378761
2.346982
2.068752
2.028473
2.131218
2.397057
2.397057
2.397057
2.397057
2.397057
2.397057
2.282707
2.218944
2.215189
2.240721
2.332850
2.338721
2.365517
2.397057
2.397057
2.397057
2.397057
2.397057
2.397057
2.397057
2.249426
2.020008
2.046838
2.255843
2.374255
2.379034
2.397057
2.397057
2.397057
2.397057
2.397057
2.397057
2.397057
2.397057
2.292094
2.141185
2.130501
2.275402
2.397057
2.397057
2.397057
2.397057
2.397057
2.397057
2.397057
2.397057
2.397057
2.397057
2.397057
2.397057
2.397057
2.397057
2.397057
2.397057
2.397057
2.397057
-0.265684
-0.265684
-0.265684
-0.265684
-0.265684
-0.265684
-0.265684
-0.265684
-0.265684
-0.265684
-0.265684
-0.265684
-0.265684
-0.265684
-0.265684
-0.265684
-0.265684
-0.265684
-0.265684
-0.265684
-0.265684
-0.265684
-0.265684
-0.265684
-0.265684
-0.265684
-0.265684
-0.265684
-0.265684
-0.265684
-0.265684
-0.265684
-0.265684
-0.265684
-0.265684
-0.265684
-0.265684
-0.265684
-0.265684
-0.265684
-0.265684
-0.265684
-0.265684
-0.265684
-0.265684
-0.265684
-0.265684
-0.265684
-0.265684
-0.265684
-0.265684
-0.265684
-0.265684
-0.265684
-0.265684
-0.265684
-0.265684
-0.265684
-0.265684
-0.265684
-0.265684
-0.265684
-0.265684
-0.265684
-0.265684
-0.265684
-0.265684
-0.265684
-0.265684
-0.265684
-0.265684
-0.265684
-0.265684
-0.265684
-0.265684
-0.265684
-0.265684
-0.265684
-0.265684
-0.265684
-0.265684
-0.265684
-0.265684
-0.265684
-0.265684
-0.265684
-0.265684
-0.265684
-0.265684
-0.265684
-0.265684
-0.265684
-0.265684
-0.265684
-0.265684
-0.265684
-0.265684
-0.265684
-0.265684
-0.265684
-0.265684
-0.265684
-0.265684
-0.265684
-0.265684
-0.265684
-0.265684
-0.265684
-0.265684
-0.265684
-0.265684
-0.265684
-0.265684
-0.265684
-0.265684
-0.265684
-0.265684
-0.265684
-0.265684
-0.265684
-0.265684
-0.265684
-0.265684
-0.265684
-0.265684
-0.265684
-0.265684
-0.265684
-0.265684
-0.265684
-0.265684
-0.265684
-0.265684
-0.265684
-0.265684
-0.265684
-0.265684
-0.265684
-0.265684
-0.265684
-0.265684
-0.265684
-0.265684
-0.265684
-0.265684
-0.265684
-0.265684
-0.265684
-0.265684
-0.265684
-0.265684
-0.265684
-0.265684
-0.265684
-0.265684
-0.265684
-0.265684
-0.265684
-0.265684
-0.265684
-0.265684
-0.265684
-0.265684
-0.265684
-0.265684
-0.265684
-0.265684
-0.265684
-0.265684
-0.265684
-0.265684
-0.265684
-0.265684
-0.265684
-0.265684
-0.265684
-0.265684
-0.265684
-0.265684
-0.265684
-0.265684
-0.265684
-0.265684
-0.265684
-0.265684
-0.265684
-0.265684
-0.265684
-0.265684
-0.265684
-0.265684
-0.265684
-0.265684
-0.265684
-0.265684
-0.265684
-0.553835
-0.553835
-0.553835
-0.553835
-0.553835
-0.553835
-0.553835
-0.553835
-0.553835
-0.553835
-0.553835
-0.550668
-0.576394
-0.512409
-0.553835
-0.553835
-0.553835
-0.546447
-0.500668
-0.463068
-0.517950
-0.553835
-0.553835
-0.553835
-0.553835
-0.572041
-0.702782
-0.529560
-0.553835
-0.553835
-0.540114
-0.488530
-0.438266
-0.314121
-0.469928
-0.553835
-0.553835
-0.553835
-0.553835
-0.553439
-0.632332
-0.502779
-0.553835
-0.542225
-0.524151
-0.462936
0.136282
0.233117
-0.526921
-0.553835
-0.552779
-0.516235
-0.337868
-0.265703
-0.588136
-0.523755
-0.545391
-0.544600
-0.630881
-0.409241
0.112271
0.413859
-0.553835
-0.553835
-0.559903
-0.715051
-0.710961
0.446841
-0.199212
-0.444598
-0.586553
-0.615577
-0.234173
0.489586
1.207011
-0.277973
-0.553835
-0.553835
-0.553703
-0.679694
-0.622701
0.305282
0.488134
-0.553835
-0.627978
-0.792097
-0.325863
1.255693
1.421922
-0.553835
-0.553835
-0.553835
-0.553835
-0.644865
-0.648295
0.223354
1.025478
-0.553835
-0.638665
-0.830752
-0.479163
0.968089
2.215075
-0.401326
-0.553835
-0.553835
-0.553835
-0.613202
-0.686159
0.065172
1.216115
-0.546843
-0.576131
-0.639984
-0.610696
0.579297
1.675093
-0.035753
-0.553835
-0.553835
-0.553835
-0.685499
-0.946849
-0.034961
0.667293
-0.496578
-0.553307
-0.604231
-0.596316
0.282194
1.001731
0.277181
-0.464124
-0.553835
-0.553835
-0.550932
-0.348159
-0.032586
-0.317419
-0.531539
-0.553835
-0.551856
-0.561355
-0.595524
0.124408
0.420851
-0.073748
-0.437210
-0.553835
-0.553835
-0.553835
-0.551724
-0.635630
-0.537344
-0.553835
-0.553835
-0.568743
-0.493807
-0.445126
-0.104355
-0.162799
-0.227312
-0.553835
-0.553835
-0.553835
-0.562806
-0.676132
-0.468345
-0.553835
-0.553835
-0.553439
-0.523623
-0.348950
-0.296443
-0.313989
-0.340507
-0.553835
-0.553835
-0.553835
-0.571777
-0.666106
-0.405152
-0.553835
-0.553835
-0.553835
-0.553835
-0.553439
-0.525734
-0.479031
-0.513465
-0.553835
-0.553835
-0.553835
-0.553439
-0.603044
-0.534441
-3.256737
-2.445241
-2.064997
-1.964059
-2.025359
-1.753887
-1.612390
-1.444161
-1.605016
-1.863582
-1.895538
-2.110626
-2.441093
-2.605482
-2.304820
-1.106934
-0.457829
-0.726382
-0.713477
-0.668309
-0.728226
-0.582120
-1.709795
-1.718859
-0.911511
-0.792905
-1.141041
-2.625147
-2.291607
-1.438630
-0.560918
-1.024586
-0.848368
-1.064070
-0.886162
-0.944696
-2.427573
-2.257347
-2.729004
-2.269484
-1.706415
-2.940711
-2.327711
-1.546481
-0.826398
-1.424957
-2.176381
-1.521746
-0.834694
-1.537417
-1.787994
-1.442779
-3.683379
-4.271183
-2.487183
-2.959147
-2.285308
-1.482570
-0.912126
-2.128755
-4.770034
-3.607484
-2.422350
-1.937480
-1.389160
-1.762030
-3.308973
-4.059168
-3.467216
-2.908448
-2.315728
-1.569988
-1.346603
-3.814736
-5.198827
-2.998939
-2.028278
-2.257193
-2.018599
-1.846990
-2.150264
-3.729008
-4.511313
-3.310202
-2.338312
-1.632824
-1.495321
-5.215265
-5.134761
-2.691670
-2.224469
-2.580286
-2.490563
-2.073447
-1.939477
-4.317735
-4.966225
-3.023674
-2.317110
-1.526509
-1.432946
-4.876502
-5.177779
-2.758501
-2.284233
-2.612088
-2.478426
-2.211564
-2.002929
-3.559089
-4.291770
-2.953770
-2.287766
-1.605016
-1.225540
-3.405148
-4.702742
-2.300671
-2.118922
-2.404528
-2.229232
-2.012608
-1.687825
-2.244288
-2.701503
-2.804284
-2.291146
-1.605477
-1.113079
-2.134747
-2.257654
-1.556160
-2.355826
-2.615160
-2.515298
-2.487491
-2.448160
-2.393620
-1.182061
-2.640664
-2.334625
-1.608856
-0.933942
-1.411591
-1.926726
-1.977733
-2.701196
-4.873429
-4.285933
-3.281165
-2.367349
-1.531579
-1.160706
-2.912443
-2.353215
-1.536341
-0.893075
-1.108470
-1.216475
-1.805355
-2.752663
-4.264731
-3.019372
-2.627912
-1.481033
-1.025047
-1.371953
-3.103103
-2.487030
-1.789684
-1.322022
-1.467513
-1.434789
-1.673537
-1.938248
-2.197122
-1.925497
-1.695814
-1.376101
-1.355514
-1.688593
-3.073298
-2.604099
-2.090807
-1.974506
-2.134900
-2.131367
-2.157485
-2.212946
-2.221704
-2.164398
-2.132749
-2.096338
-2.025666
-2.082664
-2.775094
1.459982
1.671752
2.282993
1.968658
1.921466
1.672819
1.792222
2.238528
2.188847
2.020948
2.096479
1.961187
2.001146
2.385795
1.722027
1.626695
2.063397
1.649935
1.255089
1.457729
2.673926
2.728825
1.784752
1.808229
1.688352
1.540018
2.041935
2.157069
2.121616
2.054504
1.792341
1.102368
1.848188
3.256235
2.752658
1.920636
1.837991
1.936880
1.812142
1.568831
1.752382
2.161694
1.866448
1.876171
1.347812
1.873918
3.093435
2.192048
1.919094
1.800996
1.858504
1.861942
2.021067
1.810956
1.630015
2.043240
1.991423
1.800878
1.475634
2.794040
2.778152
1.642821
1.747046
1.578910
1.850915
1.861942
1.861942
2.415201
1.614126
1.336904
2.019407
1.682542
2.635153
2.456109
1.655864
2.099206
1.356231
1.520098
1.861942
1.861942
1.861942
1.409707
1.674835
2.903719
1.891704
1.939844
2.757164
2.015968
1.573693
1.685507
1.619343
1.861942
1.861942
1.861942
1.538595
1.144935
2.658749
2.711869
1.831944
2.102289
2.033042
1.675191
1.849967
1.861231
1.880203
1.861942
1.861942
1.586499
1.142208
2.445674
3.134343
2.243627
1.835027
1.920280
2.018814
1.828861
1.862061
1.863365
1.858504
1.861942
1.490692
1.375558
2.183867
2.444963
2.578357
2.423620
1.907474
1.866330
1.959527
1.880203
1.876408
1.861942
1.850915
1.861942
1.805739
1.808703
1.969962
2.864591
2.428837
1.372476
1.921940
1.866448
1.949923
1.876764
1.742184
1.854828
1.721197
1.531363
2.198688
2.338485
2.882258
3.159362
1.604640
1.173274
1.766255
1.739931
1.999842
1.900241
2.031975
1.952176
1.775977
1.913877
1.995929
2.603257
2.738311
1.626458
1.143038
1.931307
1.844394
2.270424
1.887080
1.894550
1.981582
1.889333
2.287143
2.365520
2.292716
2.120667
1.669974
1.476938
1.093475
2.048457
2.424450
1.983835
1.602506
1.895380
1.795186
1.890044
1.973638
1.953006
1.867160
1.763646
1.870717
2.172246
1.907000
1.540018
-1.114603
-1.421048
-1.498433
-1.498433
-1.498433
-1.498433
-1.498433
-1.498433
-1.498433
-1.498433
-1.498433
-1.498433
-1.492156
-1.477109
-1.448906
-1.472122
-1.498433
-1.498433
-1.498433
-1.498433
-1.498433
-1.498433
-1.498433
-1.498433
-1.498433
-1.498433
-1.499035
-1.495681
-1.498433
-1.498433
-1.498433
-1.498433
-1.498433
-1.498433
-1.498433
-1.498433
-1.498433
-1.498433
-1.498433
-1.498433
-1.498433
-1.498433
-1.498433
-1.498433
-1.498433
-1.498433
-1.498433
-1.498433
-1.498433
-1.498433
-1.498433
-1.498433
-1.498433
-1.498433
-1.498433
-1.498433
-1.498433
-1.498433
-1.498433
-1.498433
-1.498433
-1.498433
-1.498433
-1.498433
-1.498433
-1.498433
-1.498433
-1.498433
-1.498433
-1.498433
-1.498433
-1.498433
-1.498433
-1.498433
-1.498433
-1.498433
-1.498433
-1.498433
-1.498433
-1.498433
-1.498433
-1.498433
-1.498433
-1.498433
-1.498433
-1.498433
-1.498433
-1.498433
-1.498433
-1.498433
-1.498433
-1.498433
-1.498433
-1.498433
-1.498433
-1.498433
-1.498433
-1.498433
-1.498433
-1.498433
-1.498433
-1.498433
-1.498433
-1.498433
-1.498433
-1.498433
-1.498433
-1.498433
-1.498433
-1.498433
-1.498433
-1.498433
-1.498433
-1.498433
-1.498433
-1.498433
-1.498433
-1.498433
-1.498433
-1.498433
-1.498433
-1.498433
-1.498433
-1.498433
-1.498433
-1.498433
-1.498433
-1.498433
-1.498433
-1.498433
-1.498433
-1.498433
-1.498433
-1.477797
-1.464727
-1.466791
-1.498433
-1.498433
-1.498433
-1.498433
-1.498433
-1.498433
-1.498433
-1.498433
-1.498433
-1.498433
-1.387514
-1.230938
-1.098782
-1.408666
-1.498433
-1.498433
-1.498433
-1.498433
-1.498433
-1.498433
-1.498433
-1.498433
-1.498433
-1.498433
-1.228531
-0.498446
-0.993022
-1.426551
-1.498433
-1.498433
-1.498433
-1.498433
-1.481580
-1.482612
-1.498433
-1.498433
-1.498433
-1.498433
-1.524314
-1.388546
-1.397058
-1.477969
-1.498433
-1.498433
-1.498433
-1.498433
-1.413137
-1.481236
-1.498433
-1.498433
-1.498433
-1.498433
-1.498433
-1.498433
-1.498433
-1.498433
-1.498433
-1.498433
-1.498433
-1.498433
0.860934
1.586590
1.190550
1.011015
1.014658
1.036901
0.967364
0.757084
0.674111
0.681854
0.864198
0.971540
0.871030
1.156996
0.453582
0.999248
0.992795
0.995984
1.035231
0.609053
0.573829
0.516970
0.642455
0.788057
0.989607
0.946640
0.958255
1.018150
0.378352
1.196243
1.253482
0.945274
0.594326
0.378580
1.249838
0.413121
0.163441
0.508847
1.134602
1.768478
1.624926
1.229721
0.338346
1.377449
1.227899
0.629702
0.455177
0.890540
0.561683
0.496094
1.101807
0.313978
0.121234
0.702654
1.793757
1.743123
0.424356
1.570800
0.979738
0.685878
-0.146057
0.018219
1.331369
1.831183
1.235794
0.681323
0.411223
-0.671834
1.136575
2.288789
0.652627
1.454956
0.621731
0.216125
-0.118501
0.942617
1.717692
1.223192
0.910126
0.797318
0.693924
-0.014651
-0.276780
1.426792
0.792612
1.423756
0.460794
-0.588860
0.290824
2.081925
1.833992
1.026577
1.149405
0.966453
0.775455
-0.357932
0.218099
2.193821
0.774165
1.431195
0.848104
-0.803695
-0.424128
1.786242
1.830196
1.041759
1.171268
0.973741
0.775455
-0.594781
0.321721
2.109254
0.604574
1.576417
1.081007
-0.072877
-0.763840
1.238451
1.992195
1.122455
0.854253
0.788588
0.710853
-0.474762
0.395964
1.866938
0.399608
1.626672
1.044113
0.603284
-0.001139
0.023761
1.432562
1.743731
1.094671
0.900485
0.502167
-0.204890
1.136575
1.762329
0.329160
1.394757
1.382307
0.786539
0.653918
0.049496
0.303426
1.148949
0.618618
0.390347
0.815613
0.997881
1.460877
1.372438
0.383894
1.178100
1.265249
1.029765
0.715939
0.416081
0.675857
0.665305
0.066804
0.609964
1.504376
1.490104
1.149481
1.025818
0.405377
1.147507
1.047529
0.962582
0.955446
0.683980
0.485770
0.413045
0.352694
0.733172
0.961443
0.847801
0.830341
1.033029
0.809389
1.587804
1.193510
1.046314
1.015645
1.042063
0.985659
0.842866
0.715560
0.810755
1.014962
1.149936
0.945653
1.054968
0.991772
0.991772
0.991772
0.991772
0.902642
0.946217
0.884894
0.997520
0.991656
0.989792
0.991772
0.991772
0.991772
0.991772
0.991772
0.991772
0.991772
0.991772
0.958761
1.051892
0.861359
0.700769
0.621270
0.647369
0.828192
0.991772
0.991772
0.991772
0.991772
0.991772
0.991772
0.991772
0.879068
0.922954
0.841164
0.965868
1.076825
1.008433
0.938294
0.991772
0.991772
0.991772
0.991772
0.991772
0.991772
0.991772
0.982063
1.005909
0.897322
0.712109
0.628377
0.665894
0.843921
0.991772
0.991772
0.991772
0.991772
0.991772
0.991772
0.991772
0.966334
0.976044
0.964392
0.991772
0.991772
0.991772
0.991772
0.944586
0.967655
0.937246
0.991772
0.991772
0.991772
0.991772
0.991772
0.991772
0.991772
0.991772
0.991772
0.991772
0.991772
0.617775
0.812696
0.545888
0.991772
0.991772
0.970801
0.981053
0.967538
0.991772
0.991772
0.991772
0.991772
0.991772
0.991772
0.557034
1.081951
0.534004
0.991772
0.991772
0.984005
1.007152
0.983850
0.991772
0.991772
0.991772
0.991772
0.991772
0.991772
0.424834
0.871417
0.358074
0.991772
0.991772
0.971422
0.979189
0.969868
0.991772
0.991772
0.991772
0.991772
0.991772
0.991772
0.695876
0.929906
0.675914
0.991772
0.991772
0.991772
0.991772
0.991772
0.991772
0.991772
0.991772
0.991772
0.991772
0.991772
0.869670
0.916274
0.860349
0.991772
0.991772
0.991772
0.991772
0.991772
0.918371
0.749781
0.592725
0.648301
0.749431
0.991772
0.991772
0.991772
0.991772
0.991772
0.991772
0.991772
0.991772
0.955072
0.851455
0.790093
0.839766
0.907186
0.845319
0.949363
0.991772
0.991772
0.991772
0.991772
0.991772
0.991772
0.991772
0.978180
0.912507
0.771646
0.603095
0.635873
0.783802
0.977908
0.991772
0.991772
0.991772
0.991772
0.991772
0.991772
0.991772
0.956159
0.878175
0.810327
0.799026
0.837901
0.925944
0.953441
0.991772
0.991772
0.991772
-0.426175
-0.086397
0.280607
0.402507
0.481425
0.449988
0.442655
0.396408
0.333825
0.361922
0.443599
0.528834
0.867015
0.857940
-0.493187
-0.068827
0.016190
0.233416
0.345804
0.333534
0.186951
0.210474
0.242927
0.275090
0.382831
0.431112
0.922774
0.827375
-0.401200
0.042037
0.078846
0.496889
0.582632
0.140630
-0.489629
-0.133515
0.258754
0.345659
0.573630
0.460370
0.889667
0.708815
-0.405919
0.029767
0.187822
0.694222
0.369109
-0.588005
-0.823962
0.234941
0.758475
0.761379
1.178116
0.715422
0.568620
0.569564
-0.405411
0.119140
0.297814
0.570218
-0.215338
-1.080248
-0.576534
0.330267
0.581471
0.814088
1.712758
1.416686
0.650733
0.548582
-0.380435
0.188838
0.321628
0.231020
-0.581834
-0.708525
0.072675
0.488831
0.471261
0.535006
1.469686
1.745284
1.349892
0.776698
-0.364608
0.188838
0.340577
-0.058300
-0.807482
-0.378838
0.329686
0.553737
0.574719
0.624379
1.178188
1.589407
1.478761
0.753102
-0.365915
0.151521
0.416156
-0.114857
-1.034000
-0.392778
0.372449
0.561650
0.560489
0.659881
1.203163
1.637397
1.308654
0.523897
-0.385663
0.086614
0.429878
0.228261
-0.700321
-0.482079
0.128796
0.386534
0.465452
0.776408
1.670431
1.940221
1.191475
0.399820
-0.399457
0.042400
0.273928
0.495655
-0.210764
-0.803198
-0.271532
0.524914
0.722973
1.209915
1.892812
1.295659
0.543282
0.360978
-0.410202
0.010455
0.136419
0.666053
0.356477
-0.635487
-0.503351
0.454344
0.445269
0.881681
1.319835
0.450279
0.497035
0.591054
-0.486870
-0.002686
0.048353
0.452602
0.547566
-0.024830
-0.132136
0.229859
0.037535
0.333244
0.569782
0.181070
0.790130
0.807191
-0.572686
0.073110
0.102877
0.333752
0.414050
0.303477
0.250550
0.295854
0.186079
0.260424
0.345949
0.306817
0.948911
0.990657
-0.315093
0.336656
0.370707
0.520775
0.574501
0.543936
0.520485
0.506545
0.511337
0.538708
0.552866
0.557294
0.979839
0.980129
-6.611758
-6.611758
-6.611758
-6.611758
-6.611758
-6.611758
-6.611758
-6.611758
-6.611758
-6.611758
-6.611758
-6.611758
-6.611758
-6.611758
-6.611758
-6.611758
-6.611758
-6.611758
-6.611758
-6.611758
-6.611758
-6.611758
-6.611758
-6.611758
-6.611758
-6.611758
-6.611758
-6.611758
-6.611758
-6.611758
-6.611758
-6.611758
-6.611758
-6.611758
-6.565438
-6.496852
-6.517330
-6.587054
-6.611758
-6.611758
-6.611758
-6.611758
-6.611758
-6.611758
-6.608670
-6.605745
-6.608670
-6.361629
-5.850319
-5.199399
-5.651549
-6.097523
-6.271752
-6.500590
-6.611758
-6.611758
-6.611758
-6.611758
-6.606232
-6.570314
-6.409250
-5.560046
-2.077744
-2.727852
-4.040582
-4.317528
-4.648108
-6.294180
-6.611758
-6.611758
-6.611758
-6.611758
-6.607858
-6.606070
-5.979203
-2.586129
-1.769918
-2.906307
-4.573020
-5.421736
-3.954930
-6.032187
-6.593230
-6.611758
-6.611758
-6.611758
-6.611758
-6.611758
-5.555333
-1.291602
-2.724764
-4.076663
-4.937080
-5.318206
-3.659781
-5.767268
-6.582503
-6.611758
-6.611758
-6.611758
-6.587054
-6.563650
-5.290252
-0.483680
-2.283015
-3.824096
-5.061251
-4.974625
-3.811744
-5.925570
-6.587379
-6.611758
-6.611758
-6.611758
-6.567551
-6.280203
-5.484146
0.008777
-1.160280
-2.499014
-3.821496
-3.269392
-2.929385
-6.027311
-6.611758
-6.611758
-6.611758
-6.611758
-6.580553
-6.566251
-6.091672
-5.115373
-1.270798
-2.244497
-3.805406
-2.901593
-4.717507
-6.218443
-6.611758
-6.611758
-6.611758
-6.611758
-6.611758
-6.611758
-6.611758
-6.252899
-5.807575
-5.687955
-5.856983
-5.996431
-6.207066
-6.514242
-6.611758
-6.611758
-6.611758
-6.611758
-6.611758
-6.611758
-6.611758
-6.611758
-6.611758
-6.611758
-6.611758
-6.611758
-6.611758
-6.611758
-6.611758
-6.611758
-6.611758
-6.611758
-6.611758
-6.611758
-6.611758
-6.611758
-6.611758
-6.611758
-6.611758
-6.611758
-6.611758
-6.611758
-6.611758
-6.611758
-6.611758
-6.611758
-6.611758
-6.611758
-6.611758
-6.611758
-6.611758
-6.611758
-6.611758
-6.611758
-6.611758
-6.611758
-6.611758
-6.611758
-2.470109
-1.419498
-1.100568
-1.039341
-1.082596
-1.181290
-1.316234
-1.031726
-0.932117
-1.137426
-1.261708
-1.272979
-1.196216
-1.983947
-2.259622
-2.230074
-2.464626
-2.492042
-2.912408
-2.558752
-2.533469
-2.476811
-2.414365
-2.874027
-2.316280
-2.315366
-2.372329
-2.397307
-3.146656
-3.224637
-2.950789
-3.251747
-2.585253
-2.172807
-1.605312
-1.472806
-1.371369
-0.289992
-0.679288
-1.817323
-2.981860
-3.320590
-2.832295
-2.592869
-2.519761
-2.402485
-1.323850
-0.953440
-1.401831
-3.129902
-3.731209
-2.979423
-3.505186
-2.909362
-2.400658
-2.446045
-2.778683
-2.595610
-2.474983
-2.124373
-3.058927
-3.682166
-3.654446
-3.259058
-2.972417
-3.350137
-2.133207
-1.593432
-1.602571
-1.946784
-2.812799
-2.586472
-2.623330
-2.096044
-2.086601
-2.440257
-2.801833
-2.981860
-2.966325
-3.052225
-2.902051
-2.120413
-1.385381
-2.779292
-2.812495
-2.717151
-2.050961
-1.984556
-2.085383
-2.637647
-2.879205
-2.989171
-2.969371
-2.939823
-3.264541
-3.328205
-3.421417
-2.512755
-2.807316
-2.680293
-2.681206
-3.346482
-3.468327
-2.590127
-2.961755
-2.918195
-2.969371
-2.823156
-3.096699
-3.177726
-2.807621
-2.443608
-2.789040
-2.656837
-2.812190
-2.364713
-1.359489
-1.811231
-2.626985
-2.969980
-3.001964
-3.314497
-1.918455
-0.770672
-1.396348
-2.446654
-2.860014
-2.750658
-2.781424
-2.584035
-2.271806
-1.496565
-1.126155
-2.365322
-2.807316
-1.616583
-1.771327
-2.874636
-2.426245
-2.603225
-2.776550
-2.659274
-2.669631
-2.734209
-2.451223
-2.299222
-2.631250
-1.590386
-1.203527
-1.762188
-2.367759
-1.870935
-2.617847
-2.869762
-2.897482
-2.694914
-2.514583
-2.796046
-3.009275
-2.612973
-1.472501
-1.240690
-1.391778
-1.984860
-1.925766
-2.416193
-2.726289
-2.917282
-2.874027
-2.745175
-2.756751
-2.658056
-2.826507
-3.339171
-3.713236
-4.118677
-3.849399
-3.298962
-3.316021
-3.145437
-2.822242
-2.917891
-1.429550
-0.578461
-0.799915
-1.055485
-1.041168
-1.053962
-1.377157
-1.357357
-1.499611
-1.423763
-1.166974
-0.845302
-0.636642
-1.345172
-2.425600
-1.668353
-1.499489
-1.709777
-1.729220
-1.774659
-1.724782
-1.762613
-1.692657
-1.559511
-1.573248
-1.539433
-1.592269
-1.856661
-2.041588
-2.506757
-2.600805
-2.634197
-2.534443
-2.462163
-2.349516
-2.132888
-1.838908
-1.721400
-2.212565
-2.514364
-2.673929
-2.327536
-1.676595
-2.169239
-2.279983
-2.318237
-2.257581
-2.146625
-1.886038
-0.459040
0.016485
-0.680106
-1.188812
-1.885192
-2.393898
-2.116403
-1.700055
-2.083222
-2.229896
-2.395166
-1.880332
-1.908651
-1.151827
0.148575
-0.149209
-1.122873
-2.078995
-2.297948
-2.375511
-2.088717
-1.760499
-2.126125
-2.209183
-2.516901
-2.173255
-1.975437
-1.730488
-1.770643
-1.962756
-1.939296
-1.921755
-2.944028
-2.215101
-2.086393
-1.711045
-2.083011
-2.329861
-1.938240
-1.446864
-1.850320
-2.463854
-2.467235
-2.656600
-2.677734
-2.011576
-0.762108
-0.298630
-1.582336
-1.699844
-2.034401
-2.393053
-1.519567
-1.279057
-2.300273
-2.834975
-3.122826
-3.283659
-3.267174
-2.610949
-1.550845
-1.644471
-1.379445
-1.698576
-2.019819
-2.202632
-1.860888
-1.866172
-2.398759
-2.772205
-3.151146
-3.376861
-3.238431
-2.691472
-2.708379
-3.259988
-1.612135
-1.701957
-2.053000
-1.910554
-1.716539
-1.725627
-2.233277
-2.464910
-2.375722
-2.656600
-2.443141
-2.270474
-2.359027
-3.148609
-1.912456
-1.706606
-2.113022
-1.943946
-1.719498
-1.230870
-2.166492
-2.188472
-1.929786
-2.205168
-1.954725
-1.861944
-2.886754
-2.797989
-1.989596
-1.708720
-2.120841
-2.084068
-2.073078
-1.494628
-1.061795
-1.531613
-0.585847
-1.833625
-2.143244
-2.443141
-2.629547
-2.603130
-1.810799
-1.700267
-2.016437
-2.080686
-2.094635
-1.968462
-1.603259
-0.977045
-0.761051
-1.662224
-1.922601
-1.920698
-2.353531
-2.288438
-1.710833
-1.746762
-1.973746
-1.981354
-2.043700
-2.020664
-1.714003
-1.461025
-1.247566
-1.282438
-1.506675
-1.753736
-2.059763
-2.219116
-1.762401
-1.935704
-1.143374
-0.989303
-0.997968
-0.993741
-0.885956
-0.586058
-0.481231
-0.476793
-0.663622
-0.833120
-1.043408
-1.202761
-1.604950
-0.198445
-0.004975
-0.132665
-0.132665
-0.132665
-0.132665
-0.132665
-0.132665
-0.132665
-0.132665
-0.132665
-0.132665
-0.132665
-0.132665
-0.637207
0.536050
-0.132665
-0.132665
-0.132665
-0.132665
-0.232855
-0.231888
-0.021558
-0.091622
-0.132665
-0.132665
-0.132665
-0.132665
-0.737535
0.667472
-0.132665
-0.132665
-0.132665
-0.239765
-0.625185
-0.817411
0.267265
0.033443
0.033995
-0.014372
-0.114424
-0.132665
-0.733390
0.662082
-0.132665
-0.132665
-0.246674
-0.603074
-1.319189
-1.011295
0.056797
-0.192779
0.534254
0.450232
-0.054724
-0.132665
-0.733390
0.662082
-0.132665
-0.181033
-0.604179
-1.392708
-1.004110
-0.520158
-0.060252
-0.112074
0.220694
0.402280
-0.044636
-0.004975
-0.731040
0.657522
-0.132665
-0.404491
-1.209188
-1.555361
-0.384038
-0.017412
-0.094524
-0.200932
-0.250405
-0.028468
0.061081
0.472205
-0.717636
0.642597
-0.132665
-0.715425
-1.886886
-0.812712
-0.090793
0.059285
-0.208395
-0.303057
-0.449818
0.141510
0.176887
0.280670
-0.729244
0.656693
-0.132665
-0.759923
-1.915353
-0.668163
-0.105441
0.064674
-0.282328
-0.328899
-0.195267
0.363447
0.129901
0.035654
-0.733390
0.662082
-0.132665
-0.485472
-1.302606
-1.189011
-0.318673
-0.076559
-0.242390
-0.188495
0.102539
0.216825
-0.101019
0.149663
-0.733390
0.662082
-0.132665
-0.219727
-0.562030
-1.195783
-1.251060
-0.184626
-0.075453
0.170392
0.322957
0.100466
-0.195681
0.015339
-0.733390
0.662082
-0.132665
-0.132665
-0.211435
-0.630850
-1.204213
-0.685298
0.070478
0.439453
0.207704
-0.084574
-0.149248
-0.111107
-0.731040
0.657522
-0.132665
-0.132665
-0.132665
-0.236310
-0.481464
-0.463914
0.062601
0.016998
-0.067991
-0.132665
-0.132665
-0.132665
-0.684746
0.578752
-0.132665
-0.132665
-0.132665
-0.132665
-0.165831
-0.165831
-0.089549
-0.132665
-0.132665
-0.132665
-0.132665
-0.132665
-0.445257
0.260770
-0.132665
-0.132665
-0.132665
-0.132665
-0.132665
-0.132665
-0.132665
-0.132665
-0.132665
-0.132665
-0.132665
-0.132665
-1.303220
-0.564660
-0.692732
-0.796253
-0.785205
-0.921051
-0.964424
-0.998385
-0.925757
-0.926780
-0.945397
-0.868268
-1.151416
-1.624831
0.118660
0.295424
-0.259007
-0.472596
-0.862539
-0.898342
-0.444568
0.097588
-1.538291
-1.197039
-0.943556
-0.636675
-1.848445
-1.696641
-0.327953
-0.511877
-1.459729
-2.012728
-1.799344
-0.150371
1.037461
-1.833101
-3.126705
-2.446862
-1.018230
-1.814483
-1.911457
-1.850491
-0.464413
-0.903252
-1.870949
-1.981222
0.145257
0.652428
-0.381146
-3.163121
-2.761312
-1.604781
-1.977130
-1.316109
-1.911253
-1.678637
-0.489372
-1.049736
-2.053850
-1.089017
0.564865
-1.304243
-2.727760
-2.222021
-2.040143
-1.841489
-1.503306
-1.694800
-1.278465
-1.331248
-0.645472
-0.973221
-1.676182
-0.277625
-0.526403
-2.064489
-1.834533
-1.870131
-1.797093
-1.825531
-1.874018
-1.540132
0.173694
-1.676796
-0.527426
-1.222613
-2.126683
-1.687844
-2.144891
-1.866244
-1.863175
-1.986337
-1.876882
-2.092312
-2.185195
-0.036621
-0.703166
-2.300787
-0.602305
-0.856402
-2.242275
-2.489416
-1.535222
-1.194175
-1.503102
-1.736945
-1.903888
-2.301196
-1.886089
-0.163670
-1.542587
-2.389373
-0.387897
-0.681889
-1.707893
-1.595166
-1.097815
-1.099247
-1.842102
-2.377098
-2.398170
-1.846603
0.140347
-0.076516
-1.520491
-2.456887
-0.457866
-0.713395
-1.055260
-1.045849
-2.032164
-1.680683
-2.289944
-1.981631
-1.843535
0.613761
0.980381
-1.433951
-2.407786
-2.559999
-0.489782
-0.688640
-1.270281
-2.168214
-0.894864
-1.826963
-1.258620
-0.639539
-0.284990
0.525584
-1.524788
-2.200744
-2.769291
-2.514376
-0.825509
-0.967902
-1.581458
-1.435179
-1.896932
-1.719555
-0.703780
-0.607215
-0.752676
-1.267213
-1.648768
-2.394283
-2.912707
-2.159622
-1.135663
-1.635060
-1.965673
-2.200948
-1.713622
-1.621762
-1.431701
-1.404900
-1.683547
-1.964241
-2.379757
-2.770314
-2.472231
-1.726306
-1.697255
-1.528470
-2.026231
-2.015183
-1.982858
-1.843944
-1.935394
-2.071035
-2.231841
-2.326360
-2.326360
-2.210564
-1.720578
-1.483666
0.030172
-0.450149
-0.377503
-0.342689
-0.323309
-0.211439
-0.155736
-0.190086
-0.334450
-0.328763
-0.431234
-0.420209
-0.452819
-0.319828
-0.428100
-0.290468
-0.148425
-0.181267
-0.165020
-0.061389
-0.059300
-0.243584
-0.386091
-0.212251
-0.184632
-0.215849
-0.144015
-0.634201
-0.623641
-0.478813
-0.231863
-0.246602
-0.203548
-0.562136
-0.788313
-0.849470
-0.860843
-0.825216
-0.426128
0.052918
0.020889
-0.644646
-0.683174
-0.496453
-0.222812
-0.092374
-0.100846
-0.745027
-0.952056
-0.881035
-0.856317
-0.834500
-0.765103
0.082278
0.440518
-0.727272
-0.691413
-0.527205
-0.226061
0.033422
0.175812
0.084019
-0.453167
-0.380057
-0.025995
0.142739
-0.242772
0.406980
0.751642
-0.461174
-0.721005
-0.570027
-0.239987
0.246137
0.539738
-0.083438
0.087036
-0.145292
-0.151210
-0.010676
-0.003830
0.265169
0.145176
-0.805952
-0.699536
-0.575481
-0.188810
0.621320
1.178234
-0.330156
-0.092954
-0.201227
-0.280720
-0.121966
0.091330
0.384002
0.558422
-0.862003
-0.694430
-0.572812
-0.196933
1.122298
1.451526
0.218750
-0.026227
-0.197281
-0.297082
-0.086920
0.270043
0.845989
1.343253
-0.751410
-0.692341
-0.549138
-0.307875
-0.157129
0.983273
0.494248
0.140302
-0.033074
0.027619
0.314954
0.493319
1.395359
1.848178
-0.568518
-0.683173
-0.544496
-0.429957
-0.677719
-0.092374
-0.427636
-0.263893
0.201459
0.330156
0.465584
-0.212948
0.290700
0.502371
-0.608323
-0.661124
-0.515136
-0.325862
-0.616678
-0.831250
-0.884052
-0.839258
-0.747928
-0.691761
-0.727156
-0.196469
-0.241612
-0.077636
-0.691065
-0.635246
-0.544960
-0.313561
-0.464888
-0.433671
-0.762202
-0.952636
-0.975382
-0.963777
-0.869430
-0.448061
-0.238710
-0.116164
-0.522331
-0.360328
-0.277470
-0.083438
-0.100381
-0.050829
-0.227106
-0.532311
-0.687931
-0.648127
-0.610644
-0.267142
-0.023094
0.140998
-0.448061
-0.272364
-0.455488
-0.297198
-0.392938
-0.415103
-0.369728
-0.443535
-0.503764
-0.513512
-0.478697
-0.426360
-0.295226
-0.136240
-0.580819
-1.428368
-5.173018
-0.870183
-0.506697
-0.806078
-0.811534
-0.374056
-0.052852
-0.052852
0.147645
-0.022164
-0.276535
0.769593
-1.641481
-1.696379
-3.487550
-0.295289
-0.222660
-0.290516
-0.266988
-0.130596
-0.052852
-0.052852
-0.003751
-0.075357
-0.136733
0.109455
-0.645817
-0.839835
-1.977688
-0.052852
-0.052852
-0.052852
-0.052852
-0.052852
-0.052852
-0.052852
-0.052852
-0.038531
-0.006820
-0.055921
-0.052852
-0.712991
-1.862777
-0.052852
-0.052852
-0.052852
-0.052852
-0.052852
-0.052852
-0.052852
-0.052852
0.047396
-0.137756
-0.213454
-0.052852
-0.740269
-1.874712
-0.052852
-0.052852
-0.052852
-0.052852
-0.052852
-0.052852
-0.052852
-0.052852
-0.028301
-0.088655
-0.091724
-0.052852
-0.711968
-1.821178
-0.052852
-0.052852
-0.052852
-0.052852
-0.052852
-0.052852
-0.052852
-0.052852
-0.052852
-0.052852
-0.052852
-0.052852
-0.715377
-1.807198
-0.052852
-0.052852
-0.052852
-0.052852
-0.052852
-0.052852
-0.052852
-0.052852
-0.052852
-0.052852
-0.052852
-0.052852
-0.656388
-1.755710
-0.052852
-0.052852
-0.052852
-0.052852
-0.052852
-0.052852
-0.052852
-0.052852
-0.052852
-0.052852
-0.052852
-0.052852
-0.701056
-1.849820
-0.052852
-0.052852
-0.052852
-0.052852
-0.052852
-0.052852
-0.052852
-0.052852
-0.052852
-0.052852
-0.052852
-0.052852
-0.740269
-1.874712
-0.052852
-0.052852
-0.052852
-0.052852
-0.052852
-0.052852
-0.052852
-0.052852
-0.052852
-0.052852
-0.052852
-0.052852
-0.742656
-1.819132
-0.052852
-0.052852
-0.052852
-0.052852
-0.052852
-0.052852
-0.052852
-0.052852
-0.052852
-0.052852
-0.052852
-0.052852
-0.597398
-1.704221
-0.052852
-0.052852
-0.052852
-0.052852
-0.052852
-0.052852
-0.052852
-0.052852
-0.052852
-0.052852
-0.052852
-0.052852
-0.316089
-1.972573
-0.052852
-0.052852
-0.052852
-0.052852
-0.052852
-0.052852
-0.052852
-0.052852
-0.052852
-0.052852
-0.019436
0.054557
-1.955524
-3.372981
-0.052852
-0.052852
-0.052852
-0.052852
-0.052852
-0.052852
-0.052852
-0.052852
-0.052852
-0.052852
0.181061
-0.250962
1.867700
2.141101
2.202552
2.090192
2.034826
1.894697
1.819105
1.861015
1.835989
1.740855
1.733570
1.799564
1.854330
1.914152
1.812677
2.095334
2.067137
1.896068
1.967376
2.289029
2.907396
3.204881
2.485381
1.666291
1.688146
1.773338
1.876870
1.916809
1.426658
1.665091
1.648807
1.629524
2.338996
3.231278
3.490796
2.987189
2.178469
1.609725
1.559588
1.543561
1.643237
1.903096
1.445942
1.778052
1.806506
1.707344
1.777623
1.478167
1.204680
1.429229
1.614354
1.674862
1.568587
1.477653
1.504136
1.751397
1.378234
1.725600
1.693289
1.335553
0.818147
0.560944
0.576885
1.018613
1.552474
1.674862
1.674862
1.439685
1.354579
1.660463
1.369921
1.736399
1.497108
1.050924
0.630366
0.639536
1.057609
1.496251
1.662092
1.674862
1.674862
1.633980
1.628324
1.896240
1.465654
1.772309
1.463854
0.887654
0.765609
1.206908
1.577157
1.675290
1.674862
1.674862
1.674862
1.685147
1.718829
1.928465
1.490080
1.867186
1.902839
1.665263
1.674862
1.674862
1.664234
1.665863
1.672462
1.690632
1.780623
1.753540
1.832646
2.016999
1.480053
1.922466
1.950063
1.674862
1.674862
1.674862
1.674862
1.674862
1.680776
1.796907
2.387077
3.037841
3.180198
2.671706
1.405917
1.887412
2.044254
1.834532
1.742227
1.674862
1.674862
1.674862
1.699288
1.789022
2.353652
2.632710
2.226721
1.832303
1.375920
1.811134
1.978775
1.820047
1.758425
1.736399
1.719772
1.722172
1.920752
1.651464
1.021698
0.550659
0.779751
1.428201
1.254389
1.524277
1.727914
1.682490
1.720372
1.687804
1.674862
1.633723
1.465740
0.705358
0.187096
0.620252
1.189167
1.597898
1.327239
1.554788
1.681718
1.647008
1.652664
1.695603
1.710173
1.419802
1.086920
0.849258
0.981245
1.345580
1.564559
1.887926
1.392976
1.445685
1.542189
1.609468
1.647865
1.674176
1.674862
1.674862
1.674862
1.671434
1.661663
1.652664
1.531305
1.612468
-0.488961
-0.673632
-0.392839
-0.398276
-0.455755
-0.451483
-0.436142
-0.347982
-0.329146
-0.321767
-0.447988
-0.270890
0.030487
-3.138633
-0.337496
-0.881023
-0.667612
-0.703343
-0.646058
-0.327010
-0.647223
-0.271472
-0.228557
-0.369537
-0.631882
-0.337690
-0.446628
-2.964059
-0.343321
-1.050936
-0.909374
-0.561004
-0.447211
-0.470125
-1.468243
0.035148
-0.431482
-0.135542
-0.381382
-0.459639
-0.574986
-2.771815
-0.308950
-1.285319
-0.749948
-0.245451
-0.654019
-0.759074
-1.251142
-0.802572
-1.319107
-0.119619
0.281958
0.189332
-0.945881
-2.888715
-0.398859
-1.527081
-0.280405
-0.516924
-0.394975
-0.729558
-1.450766
-1.194440
-1.070743
-0.372644
-0.296522
1.325904
-1.142981
-2.846965
-0.682176
-1.423968
0.318660
-0.288561
-0.778687
-1.311534
-1.359110
-1.089191
-1.199877
-0.981806
-0.881800
0.786455
0.110298
-3.270485
-0.817136
-1.437173
0.650524
0.140203
-1.116959
-1.642428
-1.056956
-0.915006
-1.280270
-1.416006
-0.329922
1.479505
-0.411481
-3.133584
-0.750530
-1.624951
-0.131076
0.631688
-0.654796
-1.954291
-1.112493
-0.906462
-1.375033
-1.335807
0.320990
1.522226
-0.797135
-3.204851
-0.514788
-1.775251
-0.504108
0.565082
-0.089132
-1.808651
-1.293863
-0.988797
-1.355614
-0.812670
0.392256
1.305708
-1.229005
-2.972992
-0.340020
-1.614853
-0.751113
-0.039226
-0.106802
-0.790727
-1.343381
-0.901024
-0.988797
-0.274968
0.150494
0.613823
-1.230753
-2.814148
-0.284483
-1.241045
-1.030547
-0.174379
-0.757132
-0.441968
-0.388567
-1.182595
-0.675768
0.503331
-0.334389
-0.572073
-0.762958
-2.693558
-0.276133
-1.055014
-0.950930
-0.674215
-0.416530
-0.158068
-0.470319
-0.741015
0.017282
-0.095540
-0.891703
-0.553237
-0.563723
-2.665207
-0.172826
-1.015012
-0.588967
-0.627804
-0.587219
-0.304484
-0.452842
-0.451289
-0.309145
-0.510710
-0.667807
-0.375362
-0.292250
-2.940369
-0.753443
-0.774221
-0.561198
-0.503719
-0.561781
-0.545663
-0.569548
-0.496534
-0.437113
-0.480029
-0.558286
-0.452648
-0.198264
-2.905804
