-0.388097
-0.933518
-1.444087
-1.482522
-1.429267
-1.396369
-1.388877
-1.384480
-1.488060
-1.529426
-1.561184
-1.456627
-0.771472
-0.744926
-1.800264
-1.415912
-1.311030
-1.358585
-1.653689
-1.857917
-1.495062
-1.591313
-1.635286
-1.500274
-1.651246
-1.468516
-1.213965
-1.572259
-1.918663
-1.441319
-1.466725
-1.587568
-1.473891
-0.773915
-0.420018
-0.323930
-0.622291
0.159115
-0.116283
-0.982865
-0.999477
-1.639683
-1.911986
-1.545224
-1.566070
-1.545875
-0.612357
-1.089539
-1.257775
-0.624897
-1.649943
-2.008563
-1.833650
-1.568025
-0.755023
-1.669649
-1.906123
-1.588870
-1.553855
-1.298978
-0.994428
-0.299827
-0.028500
-0.208462
-0.502751
-0.520015
-0.570339
-1.215105
-0.054233
-1.697987
-1.839350
-1.559881
-1.445716
-1.079930
-0.991822
-0.402592
-0.476531
-1.025698
-1.063807
-0.682387
-0.634506
-0.790526
0.398195
-1.969313
-1.863780
-1.637240
-1.535289
0.009446
-0.182078
-0.654212
-0.932053
-1.011040
-0.882543
-0.985308
-1.202890
-0.500146
-0.170515
-1.768343
-1.870620
-1.538221
-1.575679
0.042344
-0.594605
-0.476531
-0.778963
-1.022929
-0.849319
-1.043287
-0.735968
-0.445424
-0.860231
-1.735445
-1.939184
-1.596688
-1.510534
-1.211033
-0.290381
-0.192502
-0.558450
-1.114294
-1.029281
-0.899969
-0.142015
-0.140060
-0.079802
-1.880717
-1.887883
-1.528449
-1.507277
-1.608577
-0.720659
-0.830753
0.018077
-0.392006
-0.252923
-0.104882
-0.248689
-1.513629
-0.438421
-1.842119
-1.864757
-1.543595
-1.655155
-1.738214
-0.749486
-1.327479
-1.807918
-0.914789
-1.430570
-1.343439
-1.300770
-1.231717
-0.950782
-1.847982
-1.803032
-1.417541
-1.446042
-1.622908
-1.513629
-1.081070
-0.989705
-0.481742
-1.031398
-1.102731
-1.017066
-1.232205
-1.290835
-1.623886
-1.610368
-1.156149
-1.212336
-1.189698
-1.305167
-1.513140
-1.867362
-1.653200
-1.719159
-1.774532
-1.545875
-1.212173
-0.940521
-1.350768
-1.013972
-0.628969
-0.770983
-0.966905
-0.953062
-1.061527
-1.118854
-1.218688
-1.222434
-1.159243
-0.992311
-0.821470
-0.557310
-0.895898
-0.241473
0.168900
0.523749
0.515880
0.571257
0.549980
0.548523
0.512528
0.554061
0.603900
0.601568
0.550417
0.154618
-1.007569
0.709116
0.256774
0.530598
0.476970
0.643392
0.630568
0.480468
0.501307
0.579709
0.616578
0.555955
0.565282
0.125035
-0.223985
0.815061
0.277613
0.659860
0.746131
0.707805
0.651408
0.415910
1.924494
1.168162
0.646453
0.458463
0.937910
0.409935
0.154327
0.821764
0.343920
0.592387
0.458025
0.776006
0.500578
0.831383
1.525635
1.227619
0.645433
0.217864
0.951026
0.388221
0.133779
0.769011
0.347854
0.563096
0.376272
1.462971
1.085825
0.530598
0.966619
1.062509
0.986584
1.004946
0.752981
0.633337
0.158407
0.762599
0.380498
0.308945
1.031468
1.420710
0.625176
1.022725
1.231262
1.176614
1.218001
0.972885
1.301358
1.169182
0.009181
0.727478
0.396674
0.088166
0.414890
0.462980
0.422322
1.234031
1.055222
1.011503
1.025056
0.999554
0.462689
0.163945
-0.091955
0.758372
0.333865
0.210432
0.961373
1.055222
0.434709
1.217564
1.094132
1.033363
1.135227
0.969679
0.348000
0.055814
-0.191488
0.752398
0.374231
0.390116
0.623136
1.086408
0.635523
1.225288
1.426976
1.372911
1.498821
0.845664
0.367674
0.475950
-0.088020
0.785187
0.348437
0.625176
0.211889
0.447242
0.248613
0.641789
1.344348
1.218584
0.988915
0.379915
0.123286
0.172980
0.042990
0.765513
0.305885
0.585684
0.724126
0.482362
0.551875
0.773528
1.763173
1.108705
1.303252
0.196734
0.656217
0.284462
0.276593
0.845518
0.417804
0.713342
0.854262
0.815935
0.597051
0.930770
0.565136
0.437332
0.882679
0.618619
0.732433
0.480905
0.403669
0.976966
0.366654
0.699790
0.746423
0.739574
0.722669
0.748900
0.599674
0.639021
0.667292
0.762890
0.711448
0.474930
0.293935
0.135819
-0.075050
0.305156
0.373649
0.426402
0.361407
0.371463
0.528121
0.529287
0.440975
0.428151
0.266975
0.054648
-0.505825
1.388472
1.768198
1.842283
1.775553
1.767117
1.709796
1.720178
1.689787
1.628572
1.746027
1.725370
1.793723
1.718664
1.087265
1.659937
1.628572
1.823681
1.860237
1.892683
1.772957
1.389878
1.375926
1.429138
1.576551
1.769604
2.024630
1.781393
1.392906
1.718664
1.745270
1.979854
2.033715
1.747757
1.411509
1.780744
2.406303
2.623907
2.381968
1.754030
1.708173
1.921992
1.606509
1.798806
1.912583
2.208058
1.872350
1.510685
2.226552
2.647376
1.835902
2.014788
2.463732
2.383374
1.562815
1.591692
1.629221
1.772741
1.945245
2.013057
1.382848
2.002458
1.457041
1.309412
1.641984
1.774363
1.643173
1.360244
2.524298
1.615594
1.629438
1.752949
1.982342
1.736185
1.650419
1.947949
1.383389
1.517715
1.728614
1.666751
1.645877
1.390527
1.928265
2.111152
1.283131
1.815894
2.032417
1.741485
2.614174
2.237692
1.524962
1.686867
1.741917
1.563681
1.702333
1.524853
1.821302
2.262459
1.363489
1.810486
1.982775
1.791668
2.068432
2.015112
1.411401
1.590719
1.628140
1.548106
1.638090
1.462016
1.830495
2.739199
1.412050
1.777391
2.020304
1.943839
1.697466
2.145653
0.944827
1.535885
1.727208
1.601859
1.621110
1.242681
1.918207
2.847568
1.452174
1.769172
1.934646
2.079680
1.613864
1.923939
1.320660
0.891075
1.378306
1.496193
1.108031
1.402857
1.672807
1.925994
1.706010
1.813406
1.869754
2.154522
2.014572
1.865536
2.119156
2.108989
1.909230
2.652568
1.986452
1.978665
1.623381
1.825628
1.773606
1.758897
1.801834
1.937458
2.030686
1.920695
1.639063
1.712391
2.570155
3.185440
1.922533
1.575469
1.868456
1.997375
1.758032
1.732183
1.688165
1.864779
1.789829
1.903498
1.909879
1.725586
1.483972
1.695736
1.742674
1.845420
1.903823
1.752084
1.595045
1.398963
1.789505
1.906635
1.775120
1.756085
1.729804
1.723964
1.759546
1.740187
1.710012
1.690328
1.830387
1.772633
1.144911
-3.044357
-2.282652
-2.116084
-2.320333
-2.362943
-2.343399
-2.363823
-2.408194
-2.437775
-2.344983
-2.352026
-2.342166
-2.523876
-3.722251
-2.847504
-2.336355
-2.459961
-2.592546
-2.562437
-2.641143
-2.528982
-2.350617
-1.989837
-1.885248
-2.411364
-2.511375
-2.423161
-3.307944
-2.765101
-2.538667
-2.559796
-2.685690
-2.608745
-2.315578
-2.375444
-1.682408
-0.973525
-0.828438
-1.086214
-2.078932
-2.592546
-2.785878
-2.715447
-2.478801
-2.523525
-2.536378
-2.189683
-2.622831
-2.393404
-1.442944
-1.733118
-1.708820
-0.599363
-1.468299
-2.368577
-2.719496
-2.784293
-2.428619
-2.566487
-2.464363
-1.575178
-1.957615
-2.425450
-2.944522
-2.918991
-2.583214
-1.778546
-1.243450
-1.495063
-2.529863
-2.824087
-2.430732
-2.372803
-1.607576
-1.498232
-2.427915
-3.619246
-3.371331
-3.314986
-3.222899
-2.845567
-1.185697
-0.973525
-2.483907
-2.797323
-2.424921
-2.187395
-0.329967
-0.811359
-2.596068
-3.349146
-3.030624
-2.989598
-3.103167
-3.191557
-1.689275
-0.596370
-2.344455
-2.798203
-2.504508
-2.360654
-0.647608
-1.255071
-2.325614
-3.283293
-2.994175
-2.935894
-3.112499
-3.042597
-2.230181
-1.369169
-2.393404
-2.809648
-2.422809
-2.522468
-1.292928
-0.696558
-2.481794
-3.392813
-3.145953
-3.117077
-3.191381
-2.859125
-1.613034
-0.767340
-2.605576
-2.736048
-2.510318
-2.613852
-2.132107
-1.120725
-1.861126
-2.991887
-2.854195
-2.653821
-2.754008
-1.966595
-2.312937
-1.988429
-2.464363
-2.727949
-2.461017
-2.574762
-2.554866
-1.837531
-1.453157
-1.254015
-0.879324
-1.420231
-1.789462
-1.625183
-2.204298
-2.646425
-2.761579
-2.768270
-2.536730
-2.554690
-2.737809
-2.779891
-2.240746
-1.644904
-0.335425
-1.087447
-1.648953
-2.371394
-2.575819
-2.639558
-2.823030
-2.688859
-2.219088
-2.384600
-2.484259
-2.537434
-2.439888
-2.209228
-2.271735
-2.221729
-2.350441
-2.666498
-2.608040
-2.515953
-2.653996
-2.418407
-1.769214
-1.936486
-2.123127
-2.096187
-2.223490
-2.273320
-2.425273
-2.312761
-2.227892
-2.213454
-2.080164
-1.859893
-2.876909
-1.094076
-0.287322
-0.172608
-0.413562
-0.409542
-0.426159
-0.376575
-0.475744
-0.518628
-0.444653
-0.487001
-0.351649
-0.572768
-1.447333
-0.730367
-0.340659
-0.422675
-0.478424
-0.484321
-0.638971
-1.084428
-0.916912
-0.897078
-0.778076
-0.740016
-0.452158
-0.458054
-0.805146
-0.583758
-0.457786
-0.572501
-0.691235
-0.844010
-0.651300
-0.639239
0.338515
0.382739
0.485661
-0.566336
-0.570356
-0.477352
-0.670598
-0.503082
-0.372286
-0.441436
-0.664433
-0.552935
-0.776200
0.715626
0.775395
0.194050
0.460466
-0.297507
-0.977754
-0.817207
-0.804074
-0.540338
-0.290003
-0.556955
-0.908603
-0.306352
0.166443
-0.597963
-0.863307
-0.668989
-0.415170
0.110694
-0.445993
-0.596891
-0.911820
-0.514071
-0.325650
-0.533905
-0.320289
0.023050
-0.382203
-1.131600
-0.559635
-0.606004
-0.565532
-0.528544
0.821227
0.912356
-0.920397
-0.541946
-0.332619
-0.533101
1.404449
1.837309
-0.819619
-0.574645
-0.642455
-0.540338
-0.526400
-0.653444
-0.029483
1.179308
-0.924417
-0.524524
-0.388904
-0.751273
0.117931
0.512731
-0.837845
-0.715626
-0.624497
-0.588850
-0.559904
-0.454838
-0.143125
0.501742
-1.085232
-0.481104
-0.363709
-0.655588
-0.608148
0.973733
-0.905387
-0.896810
-0.551594
-0.431788
-0.371750
-0.445457
0.944251
1.070758
-0.981506
-0.471991
-0.357277
-0.613776
-0.867596
-0.630662
0.162691
-1.051461
-0.745912
-0.318681
-0.311177
0.404449
-0.257572
-0.179844
-0.732243
-0.465291
-0.439828
-0.481640
-0.783436
-0.405521
-0.558295
-0.031895
1.558563
1.355669
0.156795
-0.123023
-0.058429
-0.622622
-0.567676
-0.502546
-0.333691
-0.433128
-0.598231
-0.745912
-0.458054
0.406325
1.952828
0.926293
0.052801
-0.347628
-0.557491
-0.387563
-0.485125
-0.458054
-0.317341
-0.287054
-0.331278
-0.327258
-0.433128
-0.453230
-0.324845
-0.398552
-0.505226
-0.537657
-0.360761
-0.463414
-0.388636
-1.112302
-0.304208
-0.520772
-0.590190
-0.547574
-0.619137
-0.620745
-0.659072
-0.719914
-0.694452
-0.675154
-0.586974
-0.397749
-1.107210
-0.400656
-0.020091
-0.088775
-0.199277
-0.155823
-0.188296
-0.192268
-0.301601
-0.330103
-0.265624
-0.249271
-0.200912
0.038547
-0.637078
0.333374
0.155590
-0.014017
-0.235254
-0.182690
-0.302302
-0.058872
0.443174
0.368884
0.417710
0.145778
0.054900
0.395983
-0.344821
-0.038781
-0.466770
-0.219134
-0.264923
-0.031305
0.169140
-0.126621
-0.452519
-0.458827
0.363510
0.465602
0.182923
0.093214
-0.337111
-0.036444
-0.362109
-0.023128
0.100222
0.207219
-1.168326
-1.600520
-0.125219
0.462564
0.548069
-0.065647
-0.178251
0.566291
-0.136667
-0.059806
-0.334308
-0.034108
0.230815
-0.599699
-1.355221
-0.389442
-0.922092
-0.806918
-0.231983
0.251374
-0.156758
0.883311
0.004906
-0.048826
-0.217733
-0.116342
0.522605
-0.921859
-0.676092
-1.245186
-1.479973
-1.403580
-1.188884
-0.710200
-0.010513
0.953864
-0.362109
-0.028969
-0.061909
0.011915
-0.375659
-0.442941
-1.134919
-1.432081
-1.347512
-1.374378
-1.213882
-0.925596
-0.108866
-0.569095
-0.360240
-0.102558
-0.155356
0.089943
0.297864
-0.063544
-0.839625
-1.283033
-1.274856
-1.263642
-1.185614
-1.054787
-0.445978
-0.415841
-0.285482
-0.096952
-0.137368
0.018456
0.361174
0.431493
-0.648291
-1.241449
-1.297050
-1.296115
-1.119032
-0.716041
-0.006775
0.534986
-0.234553
-0.093915
-0.339915
0.032473
0.308844
-0.543163
-0.284781
-0.519334
-0.361875
-0.413271
-0.750383
0.520034
-1.557535
0.684035
-0.048826
-0.047892
-0.400889
-0.033174
-0.119613
0.825608
-0.192735
-0.261653
-0.455323
-0.313049
-0.777482
-0.695015
0.499944
0.900132
-0.423083
-0.055601
-0.436166
-0.171943
-0.224975
-0.177550
0.438502
-0.114239
0.659739
0.402758
-0.241328
0.069618
0.224508
0.093681
-0.451117
0.094148
-0.237123
-0.101390
-0.179653
-0.152553
-0.050228
-0.046490
-0.136900
0.088775
-0.055601
-0.205818
-0.156291
0.190633
-0.260718
0.451117
-0.047191
-0.341317
-0.627733
-0.648992
-0.724451
-0.755989
-0.783323
-0.803881
-0.774912
-0.782388
-0.610912
-0.074057
-0.394348
-1.617332
-1.321198
-1.429171
-1.469152
-1.538950
-1.523590
-1.446563
-1.479769
-1.376539
-1.230392
-1.405001
-1.506875
-1.702039
-1.840958
-1.528108
-1.149977
-1.449048
-1.481124
-1.330007
-1.486545
-1.848637
-1.866031
-1.744279
-1.649182
-1.505293
-1.303579
-1.428945
-1.491740
-1.575995
-1.196058
-1.450855
-1.529237
-1.529011
-1.523364
-1.184312
-0.231983
-0.669295
-0.400267
-1.523590
-1.444530
-1.088311
-1.172566
-1.447015
-1.030936
-1.284153
-1.409970
-1.278054
-1.133940
-0.088772
-1.786745
-1.669060
-0.634961
-0.447477
-1.887264
-1.361179
-0.952780
-1.539402
-0.988696
-1.310581
-1.489933
-1.367278
-1.952771
-2.069101
-2.008790
-1.822435
-1.692326
-1.559958
-1.360276
-1.969937
-0.999087
-1.595421
-0.929740
-1.257950
-1.251625
-2.015340
-1.789005
-2.414478
-1.795103
-1.718528
-1.788778
-1.872807
-0.630895
-0.897664
-1.206900
-1.556118
-0.903763
-1.167822
-0.080641
-0.921834
-1.323457
-1.948704
-1.733663
-1.546856
-1.622076
-1.680580
-1.079727
-1.023482
-0.831029
-1.556795
-0.917994
-1.428493
-1.009929
-1.170307
-1.309678
-1.922502
-1.746764
-1.569219
-1.716947
-1.680580
-1.760091
-2.002691
-1.003830
-1.458309
-1.040423
-1.284379
-0.992310
-0.361641
-2.073619
-1.962483
-1.680580
-1.708364
-1.689615
-2.134382
-0.483619
-1.699102
-1.275795
-1.489481
-1.026644
-1.289348
-1.425782
-1.815884
-1.263597
-2.051934
-1.471411
-1.551826
-1.674029
-0.665681
-1.880261
-1.465764
-1.237621
-1.464182
-1.039520
-1.459890
-1.344012
-0.997054
-1.207126
-0.538282
-0.096679
0.401848
-1.241460
-1.723949
-1.280087
-1.082438
-1.024837
-1.494225
-1.081308
-1.438205
-1.449500
-1.388060
-1.017383
-0.654161
0.352154
-0.517727
-1.135973
-1.542339
-1.221131
-1.107285
-0.899697
-1.426912
-1.107737
-1.286863
-1.358694
-1.335654
-1.052169
-0.996602
-0.784271
-0.796694
-0.971981
-1.170533
-1.278732
-1.305837
-0.834643
-1.380153
-1.043586
-1.238750
-1.260435
-1.226778
-1.276247
-1.136198
-1.161271
-1.220905
-1.125582
-1.250722
-1.299287
-1.030033
-0.969270
-0.702957
-0.457352
-0.443611
-0.608003
-0.648732
-0.745159
-0.768223
-0.891394
-0.915194
-0.777301
-0.804291
-0.682347
-0.824901
-1.499151
-0.271859
-0.409016
-0.800120
-0.969664
-0.876918
-0.809444
-0.626405
-0.693633
-0.569236
-0.315288
-0.668361
-1.008676
-0.777301
-1.013583
-0.551815
-0.561630
-0.600642
-0.784171
-0.559176
-0.611192
-1.788431
-1.736905
-1.877988
-0.972608
-0.391595
-0.042202
-0.261309
-0.546172
-0.483360
-0.661491
-0.655112
-0.650941
-0.637937
-1.814930
-1.699610
0.152614
0.071645
0.011287
-0.842076
-0.463976
0.018157
-0.615609
-0.534395
-0.658302
-0.752520
-0.640145
-0.277012
0.210764
-0.185492
-0.108940
0.421284
0.095936
-0.285599
-0.682592
-0.138383
-0.425700
-0.559422
-0.515993
-0.541265
-0.470356
-0.053243
-0.030179
0.095936
-0.084649
-0.217880
0.046864
0.256156
0.445574
0.361416
-0.644071
-0.520164
-0.550098
-0.544700
0.495873
1.339912
-0.292469
-0.264989
-0.382271
-0.376628
-0.222542
-0.023555
1.012847
0.987575
-0.785153
-0.540038
-0.498326
-0.649469
0.485568
1.250111
-0.177395
-0.403618
-0.346940
-0.480906
-0.053734
0.039503
0.846738
0.657320
-0.714734
-0.488022
-0.550343
-0.723077
-0.342032
1.392910
-0.013495
-0.367795
-0.140837
-0.091765
0.119736
-0.295904
0.349638
0.902926
-0.864649
-0.503725
-0.646770
-0.633029
-0.335407
-0.607021
-0.707619
-0.327311
0.801837
0.833243
0.285845
-0.765769
-1.376226
-0.921328
-0.701485
-0.488022
-0.606776
-0.661491
-0.723567
-1.083020
-1.082039
-0.738289
-0.406071
-0.491947
-0.978251
-1.427260
-1.070507
-0.280447
-0.617817
-0.573652
-0.570708
-0.727738
-0.609966
-0.611438
-0.420793
-1.031494
-1.107801
-1.661089
-0.800856
-0.506914
-0.267933
-0.495382
-0.378591
-0.330746
-0.251740
-0.550343
-0.640881
-0.621007
-0.481151
-0.397484
-0.287317
-0.378345
-0.472073
-0.496854
-0.692652
-0.360189
-0.301302
-0.010305
-0.492193
-0.565310
-0.624687
-0.634256
-0.690689
-0.659774
-0.635483
-0.649469
-0.670079
-0.677930
-0.659283
-0.414168
-0.705165
-2.459691
-0.445339
-0.478988
-0.796615
-0.909033
-0.975821
-0.984998
-1.013804
-1.072944
-0.947270
-0.957722
-0.802223
-0.866207
-1.272034
-1.844832
0.222287
-0.400984
-0.579426
-0.714276
-0.665333
-1.013549
-0.760416
-0.758632
-0.841735
-0.622506
-0.338274
-0.324509
-0.227896
-1.659763
-0.251093
-0.645959
-0.888384
-0.969448
-0.468027
-1.328881
-2.414826
-2.122181
-1.293957
-0.435143
-0.216679
-0.361982
-0.245740
-1.475712
-0.116242
-0.556483
-0.952624
-0.418573
-2.431140
-2.957543
-3.046000
-2.911913
-2.990428
-2.579502
-1.607505
-0.221267
-0.183285
-1.522362
-0.113948
-0.766534
-0.792791
-1.634016
-2.667958
-2.349822
-2.618249
-2.117847
-2.044941
-2.314898
-1.999312
-0.350765
0.185834
-1.518539
-0.051493
-0.610016
-0.114967
-2.627936
-2.221344
-2.442357
-1.664606
-1.439260
-1.438240
-1.820870
-1.281976
-1.288094
0.103496
-1.532559
-0.096613
-0.530991
-0.679098
-1.842793
-2.078590
-1.728335
-1.291408
-0.981939
-1.074984
-1.747199
-1.296761
-1.495086
-0.102732
-1.598328
-0.112673
-0.830263
-0.371159
-3.343742
-1.917483
-1.754081
-1.134124
-0.965879
-1.054591
-1.274838
-1.334234
-1.480556
-0.325529
-1.520068
-0.011471
-0.862128
-0.190678
-2.627936
-2.143849
-1.766318
-1.338312
-0.956957
-1.020177
-1.579464
-1.201677
-1.369157
-0.500911
-1.514460
-0.108594
-0.856775
-0.696942
-1.939406
-2.161694
-2.593012
-2.570070
-2.086238
-2.029902
-0.811145
-2.388569
-0.722689
-0.198325
-1.510636
-0.139694
-0.648763
-0.915406
-0.532011
-1.709726
-1.974075
-1.667920
-2.346763
-1.517774
-1.766827
-0.795340
-0.748690
-0.336235
-1.430592
0.029825
-0.462929
-0.811910
-0.809105
-0.640351
-0.238092
-0.513148
-1.198108
-1.183578
-0.377277
-0.610780
-0.571268
-0.027021
-1.438495
0.004333
-0.412200
-0.290350
-0.470831
-0.579681
-0.814968
-1.010745
-0.901130
-1.041335
-0.671196
-0.420103
-0.217189
0.227896
-2.309290
0.283467
-0.432594
-0.590642
-0.627860
-0.748690
-0.732376
-0.849892
-0.805537
-0.690314
-0.772398
-0.545777
-0.178951
-0.320940
-1.735169
0.599268
0.215563
0.132380
0.147397
0.013633
-0.086739
0.125465
0.172095
-0.028255
-0.003754
0.054533
0.416899
-0.416504
0.946815
2.489342
1.728649
1.375965
1.350871
1.648431
1.998349
1.540352
1.453219
1.793654
1.874662
1.528300
1.821118
1.845815
0.831230
1.778045
1.045607
0.947803
1.770339
2.190992
2.074616
0.134356
0.371653
1.623338
2.020084
2.165504
1.747222
1.315306
0.747060
1.708693
0.984554
1.680044
3.075174
1.458159
0.819375
0.934763
0.264563
-0.013238
0.112622
1.521781
2.731182
1.715609
0.818782
1.649616
1.377150
2.476104
1.549442
2.258368
2.255405
1.969503
1.698617
1.919317
0.569236
1.502220
2.672501
2.284448
0.880230
1.647838
1.682612
2.043398
1.151511
1.669967
2.044188
0.792108
0.647478
1.033752
2.110181
0.524581
1.961006
2.423350
0.878649
1.672931
1.846408
0.506206
1.173443
1.971874
1.029603
0.733624
0.886553
0.612111
1.924849
0.948001
0.436855
2.169060
0.799221
1.676290
1.876045
1.222245
0.681265
1.610495
1.087889
0.748838
0.773141
0.704185
2.157996
0.238877
0.530904
2.084100
0.866004
1.600616
1.419235
1.341783
1.020119
2.289191
1.780218
0.942864
1.102708
1.539366
2.382845
0.366911
1.750581
2.261134
0.811274
1.648628
1.213749
1.886715
0.692527
0.744096
2.398257
2.477685
2.073629
2.801523
1.064970
1.303057
2.211541
1.804126
0.811472
1.681031
0.973291
1.450651
1.974244
0.445746
0.435867
0.220897
-0.334310
-0.161227
1.047187
1.549442
2.071060
1.443933
0.859879
1.836727
1.145583
0.887145
1.506962
1.791677
2.259949
1.152894
0.277208
1.585007
2.018700
1.642898
1.411726
1.354626
1.024860
1.730230
1.228173
0.944049
0.771757
0.892875
0.868770
1.008264
1.029800
0.925872
1.115353
0.980009
1.438203
1.311158
0.889912
2.433228
1.597059
1.470409
1.509728
1.350674
1.238842
1.090260
1.132741
1.209403
1.286065
1.402441
1.793851
1.785355
0.156678
1.734744
2.182212
2.150295
2.183017
2.217513
2.392567
2.430608
2.461718
2.493311
2.380477
2.341630
1.819208
0.301106
1.156066
1.837262
2.342758
2.455431
2.571973
2.742191
2.254748
2.214289
2.191883
2.297625
2.748155
2.913054
2.344692
0.865438
1.079984
1.627874
2.178988
2.362101
1.896580
1.310165
1.321610
2.663529
2.302622
1.300010
1.200716
1.708792
2.280538
0.922661
0.974242
1.506658
2.207196
1.700088
0.876076
1.742803
2.438345
2.024566
2.384991
1.865148
1.451691
1.055483
1.599665
0.903962
0.989233
1.578388
1.887715
0.842226
1.318869
1.466199
0.895419
2.157871
2.485090
1.877398
0.359135
1.739257
1.012283
0.909443
0.992457
1.575003
1.367872
0.634289
1.256005
0.557400
2.584223
3.006062
3.014443
2.996068
1.438473
0.795642
0.919759
0.731809
0.958767
1.594991
0.401367
0.327219
0.470679
1.062575
2.819402
2.789581
2.613238
2.667882
1.858861
0.306264
0.448112
0.727296
1.015346
1.528580
1.027919
0.410877
0.611077
1.072730
2.749445
2.751540
2.618718
2.770399
1.773430
0.315935
1.328702
0.582708
1.020988
1.564687
1.576776
0.193430
0.466005
0.569490
2.809730
3.130662
3.034270
2.962056
1.074664
-0.049325
0.631065
0.577549
0.976337
1.575325
1.997486
0.961508
1.399626
1.075470
1.115285
2.112738
1.962507
1.243915
0.273542
1.474097
1.272607
0.839969
1.027435
1.534866
2.181728
2.019408
1.080145
1.812599
0.916535
1.232793
1.691544
1.095135
1.334183
1.067894
1.573874
0.815791
1.042909
1.708792
2.295368
2.302621
2.277798
1.485219
0.834328
1.564203
1.803734
1.626423
1.484413
2.095168
2.164964
0.919115
1.247139
1.628680
2.181406
2.185113
2.285052
2.529741
2.428190
2.217996
2.331314
2.500081
2.679487
2.534899
2.086303
0.768078
0.483736
1.889649
2.563913
2.610175
2.583740
2.565847
2.659339
2.792644
2.841002
2.751863
2.616139
2.554403
2.334376
0.562720
-1.386206
-1.301164
-1.166954
-1.381142
-1.419337
-1.479478
-1.083600
-0.940527
-1.101959
-1.124327
-1.427777
-1.401189
-1.350754
-1.027679
-1.401400
-0.590652
-0.311258
-0.424577
-0.602047
-1.231316
-0.888826
0.868991
1.035698
0.004009
-1.016495
-0.711989
-0.645517
-1.459642
-1.179826
-1.383462
-0.819822
-1.133612
-1.004255
-0.073436
0.452854
2.644321
2.702142
1.530756
-0.047691
-0.300918
-1.308550
-1.222242
-0.890092
-1.337460
-1.100693
-1.373967
-0.027433
0.295221
0.262301
0.929976
1.189956
1.066085
0.092428
-0.821299
-0.266521
-1.328386
-0.896845
-1.364260
-1.376077
-1.148173
-1.855942
0.107622
0.375620
-0.623571
-0.681391
-0.228537
-1.724475
-1.370801
0.080611
-1.313825
-0.982731
-1.475469
-1.237435
-0.760947
-1.930011
-1.189744
-2.633348
-2.145464
-2.124784
-2.261316
-1.838216
-0.527134
-0.429431
-1.136145
-1.007210
-1.524004
-1.319734
-2.310062
-2.559279
-3.394717
-2.661203
-1.994583
-1.805930
-2.073928
-2.882777
-1.290824
-1.147118
-1.402244
-1.010797
-1.605458
-1.292512
-1.395280
-2.604649
-3.100552
-2.417051
-1.735659
-1.554180
-2.095663
-2.549784
-1.412373
-1.563043
-1.545950
-0.949812
-1.499736
-1.120318
-1.207470
-1.195231
-1.107445
-2.231562
-1.898146
-1.847712
-1.989941
-0.902332
-0.146661
-0.334049
-1.446136
-0.864770
-1.385573
-1.133612
-0.737523
-0.058664
-0.108888
-0.354940
-0.013083
0.288468
0.097492
0.288045
-0.231070
0.634122
-1.278796
-0.857595
-1.283649
-0.904231
-1.063553
-0.288679
-0.441670
-0.764956
0.653325
1.912918
1.561144
-0.073225
-0.106777
-0.892413
-1.206204
-0.793444
-1.086554
-0.573981
-0.819822
-0.940105
-0.130834
0.401153
2.606549
2.754475
1.690079
0.680336
-0.545071
-1.071783
-0.651637
-0.748496
-0.390391
0.095804
0.115007
-0.064784
-0.094538
0.045370
0.776140
0.607111
0.202159
-0.018148
0.198150
0.220307
0.190764
-0.702071
0.009496
0.018992
-0.071747
-0.142651
-0.124292
0.063729
0.061619
0.123237
0.139064
-0.072381
-0.186544
0.232969
-0.091162
-1.461074
-1.187839
-0.999417
-0.974202
-0.921252
-0.921710
-1.031508
-1.142911
-1.028987
-0.958157
-1.022569
-0.955864
-1.113341
-2.343358
-1.302680
-1.412020
-1.180275
-1.354485
-1.465430
-1.336147
-1.282050
-1.648580
-1.498896
-1.350817
-1.554827
-1.498438
-1.401247
-2.007086
-1.151622
-1.273569
-1.228870
-1.584396
-1.155519
-0.776382
-1.403768
-1.624969
-1.548408
-0.505898
-0.634263
-0.957469
-1.499584
-1.517922
-1.149100
-1.389327
-1.449155
-1.234830
-0.807327
-2.579229
-2.781175
-0.667042
-0.655352
-0.634492
-1.284572
-1.481933
-1.540157
-1.719181
-1.180504
-1.375115
-1.380846
-1.230704
-1.425315
-1.895453
-0.132491
-1.122739
-1.135118
-0.718847
0.589564
-2.627138
-1.580271
-1.837231
-1.188298
-1.374428
-1.048700
-1.037697
-2.467826
-0.259482
-0.957240
-1.226807
-1.289844
-0.993686
-0.299367
-0.102692
-0.649392
-2.157228
-1.208469
-1.402851
-1.230475
0.190256
0.146474
-0.296616
-1.324915
-1.430587
-1.264171
-1.296950
-0.792886
0.118967
-0.054097
-2.121239
-1.197925
-1.439298
-1.326290
-0.992540
-0.689735
0.010774
-0.979474
-1.186464
-1.029216
-1.220847
-0.522631
-0.077478
-1.350359
-2.134305
-1.227266
-1.495458
-1.274486
-1.210303
-0.519880
0.429566
-0.864175
-0.975578
-1.005606
-0.915062
-0.291344
0.215241
-1.105548
-2.129033
-1.204802
-1.440903
-1.452134
-1.344857
-2.174190
-0.928816
0.488018
-0.333521
-0.286759
0.058452
0.370197
-1.985080
-1.310245
-1.632304
-1.185547
-1.389327
-1.514025
-1.574999
-1.221993
-1.186235
-0.953343
1.537864
-0.053180
-0.558161
-1.365946
-1.475057
-1.223827
-1.595858
-1.076436
-1.198154
-1.227953
-1.364342
-1.273111
-1.107611
-0.506585
0.287676
-1.154602
-1.302451
-1.130533
-1.239873
-1.186922
-1.529154
-0.889619
-1.089044
-1.094774
-1.041594
-1.120906
-1.108298
-1.149100
-1.028758
-1.239415
-1.082396
-1.100505
-1.111737
-1.182338
-1.316892
-1.505085
-1.396204
-1.529841
-1.521589
-1.496604
-1.516546
-1.649955
-1.657519
-1.639640
-1.611674
-1.532363
-1.460616
-1.210074
-2.658770
1.632811
0.589314
0.353187
0.431896
0.444345
0.571644
0.590719
0.658385
0.835882
0.677259
0.547550
0.337726
0.592326
1.191077
1.116986
0.789300
0.514822
0.563814
0.738701
0.946316
0.951938
1.003741
1.011371
0.909772
0.798736
0.460207
0.589314
0.987477
0.932863
0.749142
0.256809
0.389931
0.668023
0.754764
-0.271667
-1.586630
-1.630603
-0.891500
-0.177899
0.925434
0.661598
0.632483
0.727858
0.544137
0.063851
0.738701
0.479684
-1.269585
-1.919738
-0.772634
-0.546948
-1.574582
-0.779661
-0.114449
1.138872
0.844315
0.693523
0.528475
0.510003
0.837288
-0.980249
-0.450569
0.418443
-0.061040
-0.244359
0.260422
0.124489
-1.911104
0.056221
1.143089
0.800342
0.598751
0.999726
0.592727
-1.196297
0.401778
-0.344954
-0.767614
-0.699547
-0.423262
0.564617
-0.649550
-0.699949
1.921545
0.726251
0.603771
1.081446
-1.603898
-2.077558
0.298171
-0.860378
-0.953143
-0.778055
-0.786087
0.300580
-0.561605
-0.904351
1.659114
0.685492
0.647944
1.027635
-0.963182
-1.105340
0.427679
-0.653165
-0.721634
-0.654169
-0.611802
0.201592
-1.122407
-1.474992
1.297896
0.762193
0.500565
0.844114
0.496550
-1.493866
0.512211
0.010039
-0.275080
-0.217454
-0.002008
0.171272
-0.886481
-1.230431
1.411944
0.791106
0.497152
0.510404
1.007155
-0.834677
-0.247171
0.701354
0.580881
-0.157820
0.608790
0.465829
-0.704767
0.019476
0.933265
0.714405
0.570239
0.168060
0.381096
0.273273
-0.400171
-0.590318
-0.804157
-1.630803
-0.893910
-1.253723
0.320860
0.495546
0.676054
0.813193
0.597145
0.250182
0.301785
0.489924
1.126825
0.742114
-1.233644
-1.865325
-0.045177
0.524660
0.570641
0.448762
0.620637
1.041088
0.761389
0.513215
0.541325
0.584294
0.791508
0.995308
1.237660
0.728260
0.887083
0.691114
0.636901
0.687700
1.173207
1.795851
0.519841
0.057827
0.136335
0.194965
0.375474
0.685291
0.700551
0.729665
0.648346
0.437116
0.109229
0.306805
1.690638
-0.079162
0.227838
0.372566
0.009649
-0.025437
0.147360
0.365549
0.429800
0.558301
0.409187
0.203058
0.155254
0.301956
-0.006798
0.571458
0.781534
0.675838
0.486156
0.713774
1.094235
0.691846
0.220820
0.477384
0.878238
0.996433
0.951041
0.875168
0.807629
0.234855
0.379802
0.408748
0.472780
0.562906
0.329586
0.474973
-0.404801
0.461596
1.098401
0.132668
0.660488
1.101033
0.934376
0.223671
0.405459
0.481112
0.940516
0.190559
0.137053
0.448220
0.063374
0.167315
0.538784
-0.338358
-0.033551
1.404304
1.222078
0.265993
0.447562
0.641191
0.858503
0.395153
0.173236
0.321911
0.235513
0.560713
0.763991
0.049120
0.381776
0.343401
1.632581
0.209637
0.572554
1.054544
0.173674
0.486814
0.926262
1.017923
0.409625
0.444492
0.391425
0.840521
0.516637
-0.617289
1.573374
0.204812
0.691846
1.190720
-0.531768
-0.351295
0.807409
0.578037
0.137492
0.073022
0.177621
0.977356
0.210514
0.157447
1.182607
0.152403
0.581326
1.286767
0.216873
-0.545363
0.873414
0.606544
0.141220
0.061839
0.190121
1.144670
0.005701
0.301298
1.263962
0.161394
0.485498
1.022309
0.574089
-0.532206
0.862231
1.233481
0.725177
0.787674
1.094892
1.154538
-0.061619
0.099336
1.464608
0.274545
0.405678
0.505453
0.925385
0.328490
0.342524
0.738992
0.504357
-0.053944
0.981522
0.019297
0.637024
0.705880
1.502544
0.282220
0.319060
0.384407
0.681320
0.616850
0.215777
-0.400196
0.369935
0.825171
0.480893
0.364233
0.749079
0.912228
1.173616
0.337919
0.610491
0.530232
0.624306
0.976478
0.876484
-0.108327
-0.583958
0.087495
0.137492
0.488349
0.754342
1.012880
1.158924
0.612464
0.709169
0.747764
0.506769
0.649085
0.753684
0.597114
0.382215
0.272133
0.310728
0.525189
0.740527
0.931086
1.086121
0.488130
1.041606
1.050158
0.764648
0.760263
0.766622
1.016827
0.967926
1.034808
0.997091
0.814426
0.815084
1.402112
1.052790
-1.351336
-1.102356
-0.641952
-0.828064
-0.858772
-0.767272
-0.600248
-0.629088
-0.625976
-0.559581
-0.664983
-0.736979
-0.741129
-1.802611
-1.250084
-1.108788
-1.119578
-1.227468
-1.006084
-1.001520
-1.409431
-1.733726
-1.366690
-1.189914
-0.928486
-0.884084
-0.941765
-1.669822
-1.238673
-0.893006
-0.840098
-0.929316
-1.353618
-2.006567
-1.485370
1.133064
0.974132
-0.302925
-1.514625
-1.366067
-0.739054
-1.389512
-1.196346
-0.817897
-0.648384
-1.080986
-1.687458
0.020333
1.342207
-0.641122
-0.674527
0.210803
-0.167439
-1.640982
-1.145928
-1.055258
-1.242615
-0.807109
-0.660625
-1.424577
-0.199184
-1.164186
-2.327127
-2.014036
-1.963410
-2.155540
-1.423955
-0.140881
-1.604880
-1.213775
-1.285771
-0.695897
-0.899853
-1.005462
-0.155405
-1.329343
-2.043913
-1.625421
-1.500931
-1.624798
-1.569608
-0.208313
0.611452
-1.031397
-1.262741
-0.698595
-1.157754
0.474721
-0.157894
-1.463584
-1.520227
-1.527281
-1.509230
-1.389720
-1.694512
-0.408949
0.522442
-1.060030
-1.234315
-0.600248
-1.115635
-0.459989
0.959193
-0.988863
-1.565043
-1.515454
-1.546370
-1.410676
-1.906767
-0.310394
0.323258
-1.208587
-1.199044
-0.648384
-0.611452
-0.826819
0.277404
-1.737461
-1.659240
-1.406941
-1.413788
-1.442628
-1.983536
-0.755445
-0.697142
-1.509645
-1.208795
-0.782210
-0.549830
-1.311292
-0.548792
-1.211493
-1.618366
-1.765679
-1.903033
-2.152013
-1.148418
-1.503006
-1.495121
-1.391795
-1.138458
-0.735112
-0.533853
-0.769554
-1.279547
-0.776608
-0.002490
-0.070752
0.606472
0.025935
-1.247594
-1.590771
-1.079533
-1.226846
-1.173731
-0.664153
-0.637595
-0.699217
-0.747561
-1.049033
-0.483850
0.452313
-0.004565
-1.117088
-1.335775
-1.103809
-0.542568
-1.011064
-0.986788
-0.586762
-0.633030
-0.648176
-0.580952
-0.497129
-0.705857
-1.213982
-1.048411
-0.946952
-0.691955
-0.555431
-0.556677
-0.967077
-0.829102
-0.653778
-0.308320
-0.415173
-0.446918
-0.492979
-0.343591
-0.344836
-0.436129
-0.442976
-0.506466
-0.375751
-0.238813
-1.044676
1.282501
1.453911
1.290894
1.157534
1.067259
0.884471
0.691797
0.629313
0.776850
0.818443
0.933338
1.269258
1.277651
1.228597
2.506622
1.569366
1.478159
1.597717
1.740031
1.492707
-0.135226
-0.280524
-1.056627
-0.295632
1.468273
2.270862
1.889991
1.984743
2.417466
1.769687
1.757749
1.950796
1.140001
-0.448577
-0.693475
0.989667
-0.183161
-1.025852
-1.752901
0.284627
2.408326
1.794307
2.379603
1.799903
2.016078
1.060730
-1.013542
-0.068266
1.466408
-0.831685
-0.292088
0.001492
-0.948260
-1.543067
0.863394
1.850263
2.428844
1.951169
1.916477
-0.321371
-0.056515
-1.072854
-1.282874
0.451934
1.160331
0.316522
-1.048234
1.028463
-1.282501
1.633715
2.437797
2.240087
1.022867
-0.979595
-0.753908
-0.923266
1.721938
2.154102
2.253329
2.313015
0.579139
-1.324094
-1.544932
1.281009
2.432760
2.246615
0.625769
-1.157720
-2.272541
0.605252
1.940911
1.776215
1.627187
2.025963
1.209759
-2.100570
-1.083672
1.185138
2.449734
2.240833
0.929235
-1.011490
-0.619614
-0.021077
1.901742
1.779946
1.651994
2.225911
0.940239
-0.600216
0.033946
1.028276
2.493752
2.015892
1.651435
-1.288843
-1.563398
-1.697505
1.903608
2.151677
2.105794
2.394337
-1.019510
-2.363748
-1.406722
1.372216
2.426419
1.837766
1.939792
-0.187078
-2.794233
-2.002649
-1.028276
0.399709
-0.060805
-0.513672
-0.899952
-1.054202
-0.654680
1.682769
2.494498
1.649196
1.735368
1.624762
-0.407916
-1.349461
-1.575894
-2.591488
-0.598724
-1.153803
-1.089268
-0.651509
1.509494
1.707016
2.264334
1.750476
1.492147
1.838886
1.577386
-0.080389
-1.364942
-1.389749
0.238184
-0.636774
-0.183907
0.988175
1.931212
1.692282
2.111762
0.926810
1.042452
0.859850
0.874025
1.099713
0.616257
0.627075
0.986496
1.199500
1.265527
1.301526
1.283060
1.494572
1.520125
0.870482
0.913567
0.706532
0.630059
0.567576
0.796993
0.887455
0.837095
0.818443
0.663260
0.668109
0.781139
1.282501
0.856807
1.471948
1.469814
1.607105
1.569163
1.522384
1.409931
1.365589
1.468748
1.438120
1.427606
1.582115
1.613504
0.875854
0.883626
1.255270
1.477890
1.557887
1.671864
1.686797
1.542954
1.411150
1.688930
1.409017
1.422883
1.643065
1.549354
1.235918
0.833646
1.341514
1.344561
1.370160
1.486271
1.483071
1.810983
0.400748
2.273290
3.093071
1.434463
1.496023
1.446196
1.170701
0.883169
1.347456
1.291992
1.517355
0.802409
0.768277
2.588404
1.038744
1.160492
1.963968
0.476326
0.577046
1.191881
1.065410
0.899473
1.236984
1.283306
1.275078
0.966670
0.356711
1.119808
0.950213
0.931014
1.057334
1.096951
0.911358
1.027621
1.115236
0.909682
1.241403
1.434768
1.047277
1.058857
0.595788
1.037830
0.909377
1.011621
1.032649
1.203614
0.243039
-1.272488
0.862902
0.941071
1.251765
1.365285
0.263762
0.169289
0.626568
0.833647
1.027773
1.142816
0.966061
1.016345
0.800581
0.553428
0.621387
0.890178
1.159882
1.376408
1.032344
0.883016
0.387643
0.754107
1.062515
1.115541
0.977641
0.816885
0.897187
1.152111
0.601274
0.873416
1.252069
1.433549
1.244299
0.493392
0.830446
0.891549
0.950366
1.038134
0.920348
0.939700
0.480135
0.440822
0.835932
0.882102
1.278278
1.324448
1.489319
0.526457
1.366808
1.518879
1.241556
1.265783
1.332981
1.782184
0.994707
0.850560
0.991203
0.904806
1.298544
1.254965
1.638494
1.646265
2.187350
1.201481
0.957223
1.944159
1.346847
1.085218
0.913034
1.285287
1.210166
0.879816
1.412826
1.326276
1.492366
1.884580
1.780203
0.467793
0.697880
1.966101
1.214128
1.170244
1.476062
1.628132
1.338619
0.875854
1.311344
1.438882
1.424863
1.498004
1.541736
1.418464
1.476671
1.457167
1.454882
1.423797
1.520708
1.478500
1.317591
0.976879
1.516898
1.586686
1.717120
1.812811
1.787822
1.807326
1.830944
1.896313
1.855782
1.823630
1.797574
2.062707
1.433854
-0.473614
-0.018014
-0.283895
-0.469053
-0.474070
-0.542478
-0.584207
-0.611343
-0.638934
-0.582839
-0.642354
-0.496873
-0.226204
-0.659456
-0.886572
-0.039221
-0.401101
-0.495961
-0.611571
-0.487524
-0.477490
-0.427324
-0.342954
-0.331780
-0.442146
-0.494592
-0.351163
-0.475894
-1.006287
-0.288683
-0.515343
-0.720112
-0.619780
-0.391296
-1.479673
-1.605544
-2.029675
-1.608053
-0.728321
-0.337937
-0.631181
-0.675418
-0.952016
-0.331780
-0.636198
-0.827741
-0.609518
-2.327024
-2.008241
-1.467131
-1.379797
-1.709753
-1.621278
-1.186201
-0.637794
-0.634145
-0.967750
-0.384683
-0.671998
-0.574174
-1.808033
-2.022835
-1.066030
-1.582513
-1.360414
-1.438400
-0.822268
-2.276858
-0.799466
-0.408398
-1.020425
-0.365985
-0.594469
-0.561633
-2.544791
-1.022705
-1.619910
-1.402143
-1.164538
-1.224966
-1.410124
-0.829337
-1.591407
-0.492996
-1.035703
-0.351391
-0.427324
-1.527103
-1.534171
-1.204215
-1.550589
-1.182781
-0.977327
-1.137403
-1.556518
-0.909831
-1.650465
-0.583751
-1.036615
-0.350023
-0.628673
-0.955893
-2.279822
-1.145612
-1.509316
-1.215844
-1.068310
-1.206495
-1.383217
-0.857613
-1.790475
-0.534269
-0.985764
-0.360968
-0.675647
-0.628673
-2.376734
-0.996482
-1.595055
-1.460974
-1.285393
-1.481041
-1.477620
-1.199655
-2.323375
-0.596293
-0.975959
-0.314450
-0.646459
-0.518307
-1.986123
-1.885106
-1.123721
-1.813961
-1.582057
-1.725259
-1.052348
-2.003225
-0.774839
-0.588768
-0.954069
-0.345006
-0.511238
-0.632321
-0.383087
-1.400319
-1.739396
-1.139911
-1.170923
-1.133755
-1.899928
-0.643951
-0.513519
-0.659685
-0.920320
-0.297120
-0.473842
-0.646687
-0.420483
-0.335885
-0.627305
-1.284937
-1.085412
-1.044368
-0.323343
-0.632093
-0.399505
-0.470193
-0.792625
-0.192684
-0.469737
-0.415695
-0.435989
-0.251743
-0.232588
-0.076845
-0.199296
-0.420711
-0.355723
-0.387191
-0.300313
-0.278422
-1.474200
-0.432569
-0.643267
-0.704378
-0.835494
-0.762981
-0.767770
-0.838458
-0.771874
-0.763437
-0.803342
-0.723989
-0.551371
-1.022021
0.846261
1.311208
1.416694
1.422077
1.436241
1.470719
1.475205
1.473923
1.497059
1.493085
1.507056
1.439573
1.248275
1.047813
1.426243
1.467066
1.478345
1.522821
1.551276
1.644329
1.602929
1.435920
1.432139
1.452198
1.535254
1.491483
1.416694
1.584088
1.558774
1.569989
1.561594
1.568899
1.513529
1.245520
1.230651
1.123819
1.178100
1.020256
1.166629
1.292751
1.286855
1.613375
1.545252
1.562683
1.541791
1.491163
1.269808
1.393623
1.270577
1.320693
1.263784
1.302300
1.597418
1.616452
1.127793
1.537048
1.551596
1.581396
1.543649
1.392598
1.533396
1.454505
1.399519
1.297493
1.389457
1.257376
1.330178
1.601648
1.176370
1.504941
1.540894
1.572552
1.582165
1.321782
1.630486
1.400224
1.420860
1.452326
1.476487
1.403236
1.357991
1.125742
0.881316
1.555249
1.543713
1.545380
1.510709
1.012501
1.392598
1.422398
1.526154
1.536279
1.490394
1.502185
1.445085
1.294289
1.433293
1.614657
1.570373
1.552429
1.561209
1.329921
1.553455
1.396379
1.542240
1.520963
1.472193
1.526282
1.443931
1.428614
1.570117
1.609915
1.554352
1.575757
1.561658
1.309093
1.246481
1.499302
1.416566
1.482895
1.510773
1.453352
1.202518
0.926113
1.099338
1.621899
1.556082
1.575500
1.561017
1.382600
1.345046
1.284804
1.307747
1.245519
1.260324
1.241866
0.921114
1.583191
1.193545
1.510709
1.555057
1.569412
1.576462
1.541214
1.165540
1.385740
1.489881
1.267245
1.365617
1.424256
1.537497
1.130228
1.125614
1.531152
1.533139
1.548264
1.571719
1.582998
1.462580
1.243789
1.323320
1.090687
1.255773
1.462516
1.398622
1.322615
1.406953
1.566080
1.439573
1.492188
1.498468
1.512503
1.520066
1.499045
1.599853
1.536087
1.518528
1.532947
1.500071
1.446366
1.421244
1.494495
1.256863
1.505069
1.598571
1.655352
1.673873
1.693804
1.669900
1.637728
1.637280
1.642471
1.667657
1.654903
1.509171
1.440406
-1.177177
-1.083661
-0.781063
-0.984284
-1.042347
-0.946878
-0.890489
-0.801999
-0.718812
-0.732211
-0.789716
-1.008012
-1.077241
-1.676018
-0.402814
-0.048851
-0.341122
-0.547134
-0.292829
-0.189264
-0.206850
0.016470
0.018424
-0.017866
-0.132875
-0.411467
-0.247327
-0.821260
-0.454736
-0.368478
-0.605477
-0.664657
-0.738632
-0.494375
-1.288278
0.154370
-0.909472
-1.142283
-0.483209
-0.513357
-0.200151
-1.040672
-0.513916
-0.328002
-0.499400
-0.615247
-0.268822
-0.970047
-1.725149
-0.913101
-0.889094
-1.564358
-0.591799
-0.265193
0.016191
-0.667169
-0.519499
-0.224158
-0.348938
-0.380203
-0.941574
-0.789158
-1.107389
-0.717416
-0.528990
-0.802278
-1.087011
-0.845267
-0.463390
-0.597940
-0.604081
-0.115847
-0.374899
0.296178
-0.661307
-0.308461
-0.884906
-0.513916
-0.435195
-0.696480
-0.656841
-0.395556
1.216537
0.102169
-0.607710
-0.155487
-0.214387
0.695643
0.247886
-0.236161
-0.533735
-0.745052
-0.703738
-0.583703
-0.428775
-0.814560
-0.488234
-0.086258
-0.594590
-0.053039
-0.367083
-0.571979
-0.710438
-0.146554
-0.636742
-0.812327
-0.919800
-0.650979
-0.515870
-1.291349
-1.498479
-0.322698
-0.517545
-0.158837
-0.201547
-0.010049
-1.472797
-0.473718
-0.575887
-0.377132
-0.466460
-0.219691
-0.749239
-1.419479
-0.665494
-0.362895
-0.533177
-0.272172
-0.177540
-0.113335
-0.419842
-0.836614
-0.659911
-0.530665
-0.762639
-0.404768
-1.524719
-1.538118
-0.655166
-0.622784
-0.475114
-0.276917
-0.291712
-0.504425
-0.760685
-1.449907
-0.918404
0.023448
-0.547135
-0.846942
-1.384864
-0.546576
-0.754822
-0.789995
-0.525082
-0.200151
-0.340005
-0.489909
-0.544901
-0.353125
0.620830
-0.341121
-1.240823
-0.556347
-0.434079
-0.774921
-0.334422
-0.794183
-0.207130
-0.166094
-0.226112
-0.325489
-0.353404
-0.150741
-0.176144
-0.238394
-0.283058
-0.264355
-0.204338
-0.297295
-0.265751
-0.588728
-0.026519
0.053318
-0.156045
-0.252910
-0.267147
-0.213550
-0.124501
-0.164978
-0.168607
-0.141529
-0.269101
-0.304274
-0.135667
-0.395556
0.818368
1.689561
1.904906
2.071562
2.065981
1.948783
1.947436
1.936274
1.999107
2.052703
2.015369
1.989389
1.689561
0.852719
1.514533
2.114573
2.331073
2.271415
2.382936
2.357534
1.855736
1.908562
1.842169
1.739981
2.040675
2.383898
2.086188
1.286295
1.737480
2.233311
2.339925
2.225132
1.838513
1.500293
1.138209
1.745466
2.024606
1.303903
1.141096
1.592666
1.907696
1.384826
1.773755
2.277766
2.263910
1.888548
1.875366
1.333540
0.965010
1.300343
1.217208
0.586377
1.281003
1.783762
1.538396
1.422064
1.787900
2.202617
2.100525
1.513186
2.000743
1.657808
0.887263
1.132051
1.319395
1.118195
1.248768
1.675994
1.474024
1.430050
1.722565
2.106202
1.824945
2.045101
1.849867
1.386943
1.405899
2.020565
2.171248
1.914336
1.385692
1.671087
2.530156
1.734689
1.688021
2.067425
1.824272
2.463955
1.738634
1.191228
1.912122
2.228404
2.361094
2.086477
1.641835
1.028612
2.213778
1.419177
1.729301
2.050009
1.812340
1.709768
1.825523
1.361252
1.803103
2.268240
2.266989
2.028744
1.583909
1.183241
2.260157
1.196809
1.749604
2.123811
1.960041
1.737095
2.206658
1.414751
1.611236
2.108415
2.116209
1.939738
1.137343
1.718331
2.897243
1.392716
1.748064
2.170286
2.182699
1.745755
1.948398
1.025245
1.199791
1.227792
1.186320
1.036118
1.185262
1.292549
1.845922
1.609504
1.754703
2.284213
2.295182
2.192898
1.301787
1.583717
1.963409
1.763171
0.786037
2.398525
1.127817
1.410229
1.586411
1.591126
1.795213
2.333575
2.376874
2.227538
2.153736
1.706592
2.378799
2.234851
1.786938
2.380627
1.929538
2.025953
2.210795
1.684461
1.809839
2.123618
2.178465
2.176252
2.197613
2.319141
2.186547
2.010172
2.195592
2.253229
2.429797
2.413535
2.217435
1.540225
0.998784
1.731899
1.781934
1.886527
1.963697
1.927710
1.861991
2.032977
2.103893
1.992083
1.898170
1.843131
1.742772
1.185743
-2.635829
0.167160
0.613576
0.441844
0.428567
0.245300
0.130812
0.064427
-0.047232
0.150401
0.275119
0.465569
0.163243
-2.174613
-0.961392
0.284043
0.313862
-0.031778
-0.127112
-0.272942
-0.294055
-0.571350
-0.405931
-0.075309
-0.210910
0.007400
0.092940
-0.918296
-0.591375
0.363052
0.563732
0.005442
0.031343
-0.321697
0.273377
2.001793
2.038795
1.436538
0.636865
-0.217004
-0.272071
-0.165855
-0.287960
0.509318
0.506706
-0.084016
0.186967
0.639912
1.292231
1.031695
0.372194
1.696203
0.235070
-0.455992
-0.384601
-0.325180
-0.258577
0.450550
0.243776
-0.142348
0.551543
-0.352387
-0.282954
-0.394178
-0.178261
-0.080316
0.201768
0.791619
0.215916
-0.583757
-0.387865
0.374153
-0.065515
0.118623
0.132553
-0.278601
-0.220051
0.073350
0.156060
-0.118623
-0.301455
0.520418
1.180573
-1.324009
-0.296449
0.319303
-0.057679
2.590991
2.078191
-0.232458
-0.010012
0.236375
0.326921
0.123194
-0.505400
0.382642
1.534919
-1.084586
-0.262495
0.290355
-0.055938
1.628511
0.523248
-0.126459
-0.060073
0.156713
0.264018
-0.076398
-0.360222
0.990993
1.315738
-0.790313
-0.345204
0.433791
0.181962
0.405931
1.552331
-0.256836
-0.433356
-0.237464
-0.203945
-0.189797
-0.330186
0.887171
1.795237
-1.044537
-0.339763
0.406801
0.277295
-0.055938
0.481240
-0.581797
-0.371323
-0.324527
0.111223
-0.374370
-0.464480
-1.340551
0.566344
-0.409631
-0.269460
0.456210
0.454251
0.440538
0.638824
0.095334
0.490599
1.523383
1.754970
1.225628
0.020460
-0.233546
0.266630
-0.187838
-0.356958
0.592245
0.514977
0.306679
0.349557
-0.065732
0.643612
2.516988
2.656506
0.790749
0.371541
0.052891
0.275554
0.074439
-0.697592
0.436185
0.479934
0.307985
0.264889
0.155625
0.098599
-0.090981
0.589415
0.219181
0.198721
0.111440
0.377200
-0.311250
-1.526648
0.702598
1.002311
0.807291
0.839722
0.544796
0.320827
0.269460
0.226364
0.339545
0.483417
0.800543
0.864970
-1.319438
-1.355836
-1.420662
-1.273688
-1.193115
-1.166082
-1.063200
-0.868722
-0.704163
-0.608368
-0.689466
-0.850613
-1.270276
-1.975227
-1.454256
-0.961105
-1.091545
-0.831716
-0.959531
-1.057688
-0.605481
-0.223611
-0.353788
-0.732771
-0.844576
-0.787361
-0.600232
-0.981839
-0.971341
-0.760066
-0.857174
-0.859536
-1.062413
-0.394468
-0.118367
0.092909
-1.758965
-2.000160
0.251693
-1.328016
-1.790984
-0.670569
-0.744844
-0.714924
-0.711250
-0.911764
-0.375309
-0.465068
-0.653772
-0.776601
-2.943944
-1.806994
1.402028
-0.129390
-1.864996
-1.044303
-0.740119
-0.689991
-0.692353
-0.746156
0.420713
-1.135375
-1.023832
-0.799434
-1.867883
-1.567374
-0.976853
-0.813344
0.104456
-1.160570
-0.440135
-0.706000
-0.677393
0.151174
-0.259304
-2.350273
-0.509685
-1.469216
-1.747417
-1.556088
-1.657133
-1.041941
-1.548739
-1.368958
-0.597607
-0.765840
-0.834078
0.111018
-1.253217
-1.372370
-0.910977
-1.266339
-1.584958
-1.478664
-1.388380
-1.092332
-1.465017
1.117790
-0.088447
-0.677918
-0.701539
-0.335678
-0.501812
0.103669
-0.292636
-1.145086
-1.183929
-0.906253
-1.126714
-1.033805
-0.045142
2.505121
-0.314419
-0.722273
-0.662696
-0.504698
-0.837490
0.326755
0.102619
-1.482864
-1.498873
-1.144561
-1.356886
-1.421974
-0.662696
2.080733
-0.772139
-0.696552
-0.553515
-0.652723
-1.211749
-2.064198
-0.453520
-0.603643
-1.255841
-1.120153
-1.442446
-1.735344
-1.241143
0.375046
-1.020683
-0.695240
-0.668207
-0.841426
-0.878433
-1.407802
-2.245029
-1.534042
-0.722273
2.066298
0.062202
-1.157421
0.338565
0.115742
-1.207550
-0.516246
-0.423600
-0.504174
-0.458507
-0.775288
-1.434310
-1.512521
1.872345
1.925361
0.164296
-0.132539
0.076899
-0.509423
-0.700226
-0.578710
-0.036218
0.143562
-0.015222
0.194478
-0.034381
-0.038843
0.319669
0.477928
0.366123
0.226760
0.008136
0.077949
-0.310745
-0.343290
-0.492101
-0.401554
-0.494200
-0.447484
-0.372159
-0.235421
-0.359299
-0.546691
-0.479503
-0.530419
-0.399192
-0.013123
-0.196315
-0.437270
0.190459
0.587903
0.491590
0.492674
0.527894
0.670806
0.944573
0.917075
0.770234
0.605920
0.525862
0.568803
-0.323482
-0.488068
0.266724
0.630032
0.307091
0.353284
0.761836
1.171607
0.839455
1.292845
1.551170
0.806403
0.483192
0.062448
-0.733524
-0.264827
0.079110
0.267672
-0.283656
0.905696
1.318177
1.691373
-0.539002
0.318335
2.563880
2.161831
1.566748
-0.334590
-0.654957
-0.368184
-0.175016
-0.321857
0.451087
1.201950
0.396089
0.416409
-0.965570
-1.677691
0.387962
0.603210
1.093987
1.052265
-0.672160
-0.310207
-0.127740
0.047547
0.746664
-0.102544
0.237464
0.440250
-0.694511
-1.104553
-0.264556
-0.509877
0.105118
1.797439
-0.363850
-0.273632
-0.296119
0.659156
0.416680
-0.285553
-0.285553
-1.436434
-2.094235
-2.062266
-1.834556
-0.661323
-0.188292
-0.020184
-0.347594
-0.299912
-0.460569
0.568261
-0.512451
-0.679475
-0.804371
-1.940080
-1.622558
-1.133407
-1.559975
-1.210891
-0.020455
-0.010837
-0.570700
-0.371571
-0.541575
0.212946
0.012462
-0.672702
-0.290701
-1.420450
-0.811686
-0.441334
-1.083692
-0.014494
0.102544
-0.336351
-0.946334
-0.374551
-0.528977
-0.372384
-0.563249
0.256971
1.127311
-0.194658
-0.689364
-0.453932
-0.278915
0.945116
0.322670
-0.027905
-1.453367
-0.314135
-0.479669
-0.513941
-0.292868
-0.037658
1.212245
1.730250
1.372497
1.317770
1.794459
1.599665
0.255074
-0.116903
-1.197751
-0.300183
-0.122728
-0.315625
-0.451493
0.102815
1.122705
1.074345
1.834420
1.139231
0.963403
1.279840
-0.023841
-0.728241
-1.202763
-0.218093
0.068137
0.174204
-0.565823
-0.411939
0.360328
0.670535
1.462578
0.830379
0.777414
0.697762
-0.244373
-0.518682
-0.653602
-0.266859
0.727429
0.808570
0.382002
0.129230
-0.093604
0.157271
0.496196
0.112298
0.066241
0.046057
0.342853
0.595218
0.092927
1.123518
1.617411
1.302598
1.056194
1.064051
0.925744
0.719572
0.438625
0.620956
0.802881
0.890389
1.209265
1.579482
0.633689
-1.204605
-1.104950
-1.073480
-1.313751
-1.301513
-1.194115
-1.251311
-1.402417
-1.373195
-1.314750
-1.364703
-1.340975
-0.998801
-2.439182
-0.881162
-0.703331
-0.988810
-1.003546
-1.016034
-1.210599
-1.530046
-1.320745
-1.398421
-1.200109
-1.170388
-1.163394
-0.546730
-2.422197
-0.889405
-0.829462
-1.298016
-1.375942
-1.334981
-1.483091
-2.065287
-1.122932
-2.183176
-1.384434
-1.453369
-1.311753
-0.755032
-2.353513
-0.767521
-0.906888
-1.208601
-1.187621
-1.516309
-2.037813
-1.515560
-1.095459
-1.376442
-0.891403
-1.300764
-1.771816
-0.992307
-2.357010
-0.839202
-0.936360
-1.165642
-1.426144
-2.091512
-1.541535
-1.612717
-2.022328
-1.706128
-1.444877
-0.703581
-2.242868
-1.250561
-2.491381
-0.804735
-0.927369
-1.321993
-1.837004
-1.891452
-1.370198
-2.088515
-1.658673
-1.617463
-1.534791
-1.658174
-0.707577
-0.365902
-2.450171
-0.867176
-0.899645
-1.234327
-1.200859
-0.278485
-1.755332
-1.571007
-1.786552
-1.689894
-1.573754
-1.527049
-1.129926
-1.103701
-2.325789
-0.854438
-0.925121
-1.472600
-1.863728
-1.980867
-1.796793
-1.695638
-1.829511
-1.785053
-1.575752
-1.455616
-1.474599
-1.422148
-2.226883
-0.748788
-0.998551
-1.268045
-1.668664
-1.475598
-1.900943
-1.810529
-1.623207
-1.616963
-1.329237
-1.436135
-1.069983
-0.595933
-2.319046
-0.741295
-0.958089
-1.263049
-1.529296
-2.081022
-1.217093
-1.757080
-1.710874
-1.623457
-1.783555
-1.315500
-1.813526
-0.662121
-2.694939
-0.775263
-0.936110
-1.273290
-1.320994
-1.318996
-1.961635
-0.808731
-0.248763
-0.298716
-0.883660
-1.201108
-0.669114
-0.638393
-2.405963
-0.736800
-0.817223
-1.199610
-1.197362
-1.199860
-0.970577
-1.160647
-0.250012
-0.536990
-1.425645
-0.994804
-1.249063
-0.504520
-2.168439
-0.737299
-0.459813
-0.660622
-0.835955
-0.654378
-0.719566
-0.761776
-0.466556
-0.484290
-0.659373
-0.808482
-0.848693
-0.272990
-1.918676
-1.455616
-1.733103
-1.575253
-1.694889
-1.687396
-1.675408
-1.674658
-1.678155
-1.686647
-1.644687
-1.668414
-1.774064
-1.321494
-3.180977
-1.465571
-0.062043
-0.294703
-0.451701
-0.462294
-0.540226
-0.672256
-0.490289
-0.299621
-0.402900
-0.598864
-0.578435
-0.610213
-1.880577
-0.568599
-0.589406
-0.967337
-1.018409
-0.948044
-0.239848
-0.115006
0.032913
0.609078
0.005675
-0.547414
-0.996089
-1.086883
-1.220048
-1.319165
-0.661285
-0.947287
-1.160654
-0.803529
-0.908700
-3.213360
-3.866322
-3.783096
-3.441103
-1.329379
-0.677930
-1.160653
-1.321056
-1.349052
-0.752079
-1.206807
-0.973012
-1.846150
-6.622306
-6.188766
-4.457241
-1.609328
-2.973135
-4.753837
-2.732151
-1.172003
-1.486378
-1.411851
-0.878056
-0.852331
-0.539091
-4.513988
-7.285106
-0.878435
-2.076919
-1.525722
-1.308194
-1.809454
-5.275147
-1.813616
-0.842873
-1.424335
-0.772886
-0.453593
-0.663933
-6.659762
-2.056869
-1.949428
-2.118912
-1.922947
-1.750060
-1.716012
-2.946274
-2.948166
-0.334047
-1.481838
-0.822445
-0.455106
-2.382971
-6.618524
-0.521689
-2.525594
-1.969857
-1.765949
-1.861283
-2.274397
-2.231269
-2.561155
-0.081715
-1.444386
-0.794828
-0.614375
-1.659265
-6.884098
0.032535
-2.044763
-1.916894
-1.510590
-1.788269
-2.345141
-2.768468
-3.602262
-0.090038
-1.414499
-0.940856
-0.650692
0.415762
-7.765938
-0.298486
-1.732279
-1.911598
-1.835179
-1.911976
-2.211976
-3.111973
-3.797092
-0.455863
-1.298736
-0.861032
-0.848548
0.188398
-3.393814
-6.187253
-0.394955
-0.305296
-1.226479
-1.685747
-3.382087
-3.928743
-1.452709
-0.801638
-1.300250
-0.663555
-1.115635
-0.383606
-0.308322
-2.298986
-5.179435
-2.808948
-2.317524
-3.645390
-3.418405
-1.374398
-0.588650
-1.118661
-1.218157
-0.437704
-0.815257
-0.922697
-0.344640
0.009458
-0.906429
-1.873767
-1.541990
-1.536693
-0.402143
-0.436569
-0.777804
-1.010464
-0.785370
-0.419924
-0.788775
-0.955610
-0.868220
-0.340857
-0.245901
0.129003
0.097604
-0.238713
-0.498612
-0.551575
-0.882218
-0.895080
-0.455863
-0.267843
-0.061664
-0.155485
-0.071500
-0.121816
-0.046532
-0.041236
0.069609
-0.053342
-0.100630
-0.042371
-0.385119
-0.694955
-1.972295
0.208724
0.486221
0.474678
0.498725
0.474678
0.376328
0.359976
0.396527
0.412879
0.481171
0.478526
0.488866
-2.056218
-0.511710
0.488866
0.289520
0.115183
0.334487
0.274130
0.335449
0.645649
0.645168
0.549944
0.189246
0.472514
0.710094
-0.928677
-0.557398
0.058914
-0.105083
-0.059876
0.056750
0.189968
0.105083
1.002499
0.424421
-0.479006
-0.708651
0.112538
0.094503
-0.736785
-0.653584
0.021882
-0.084884
0.012504
0.014428
-1.065020
-0.445101
-1.160244
-1.463711
-2.105032
-1.069349
-0.487904
0.534073
-0.719472
-0.626893
-0.115183
0.048333
-0.005531
-0.457846
-1.410328
-1.121529
-1.438944
-1.753713
-1.150626
-0.974365
0.015149
0.523493
-0.312364
-0.687249
-0.103881
-0.076949
0.624248
-0.665848
-0.977731
-1.984319
-1.511805
-1.227815
-1.365602
-1.412252
-0.995766
-0.611743
0.379454
-0.711296
-0.098591
0.003847
-0.715624
-1.736158
-1.242965
-1.438222
-1.087865
-0.954647
-1.208578
-1.456257
-1.477178
-0.783436
-0.040398
-0.732697
-0.221709
0.145241
0.343865
-1.273263
-0.872648
-1.194631
-1.154233
-1.016927
-1.217716
-1.211223
-1.805653
-1.108304
-0.158947
-0.699513
-0.180830
0.121194
0.663203
-0.761794
-0.931562
-1.214349
-1.218918
-1.129946
-1.162890
-1.243686
-0.631221
0.302265
0.068052
-0.633145
-0.140191
0.047612
0.235175
-0.367912
-1.238396
-0.946952
-0.956090
-1.384117
-0.927715
-0.732697
-0.402779
0.309479
-0.393882
-0.553070
-0.087048
-0.219064
0.061078
0.449429
-1.021015
-0.841628
1.146778
0.920501
0.123118
-1.068868
-0.199827
0.128889
-0.693261
-0.537921
0.158226
0.012023
-0.102198
0.159429
0.532871
0.995286
1.132591
1.672917
0.762515
0.039677
-0.121195
0.184677
-0.423700
-0.345308
0.087289
0.218102
0.024527
0.050017
0.260183
0.691818
0.727888
0.886355
0.361179
0.152455
0.162795
0.281104
-0.279421
-1.228055
0.463136
0.364305
0.203915
0.250565
0.080315
0.311402
0.295051
0.321983
0.318376
0.236137
0.206560
0.621843
-1.208818
-2.454841
-0.121246
-0.228058
-0.444569
-0.478949
-0.593109
-0.589960
-0.688374
-0.832452
-0.654257
-0.600195
-0.343793
-0.542721
-1.642071
-0.559517
-0.233570
-0.509916
-0.668953
-0.783376
-0.882053
-1.119034
-1.273347
-0.961571
-0.872343
-0.623027
-0.503618
-0.584186
-0.572376
-0.953698
-0.592584
-0.382372
-0.580774
-0.708057
-1.082030
-0.602032
0.608855
1.267573
0.073745
-0.309151
-0.718817
-0.737450
-0.229371
-0.661343
-0.414914
-0.165861
-0.709369
-0.811719
0.609905
0.645859
0.070596
-0.046714
0.712780
0.034117
-0.166648
-1.100401
-0.404679
-0.664754
-0.343531
-0.564503
-1.110636
0.507029
-0.270311
-0.692835
-0.671053
-0.439845
-0.516215
-0.970494
1.166272
-0.863682
-0.457166
-0.784951
-0.373449
-0.822742
-1.014584
0.641659
-0.824579
-0.887564
-0.454804
-0.370037
-0.419375
-0.910658
-0.038841
-0.444307
-1.537359
-0.682338
-0.359277
-1.175983
-0.006823
0.869193
-0.950811
-0.292093
0.210475
0.055374
0.012334
-0.981254
0.025719
-0.131481
-1.341318
-0.675252
-0.401005
-1.024556
-0.091329
-0.497319
-1.497994
-0.445881
-0.057211
-0.069021
-0.096839
-0.862107
0.205488
0.237506
-0.972856
-0.714093
-0.323848
-0.900161
-0.965508
0.686012
-1.319274
-0.957635
-0.560042
-0.507554
-0.598358
-0.828253
-0.370562
-0.783114
-1.001987
-0.694147
-0.379747
-0.719342
-0.926142
0.013909
-0.251415
-1.375173
-0.941364
-0.530911
-0.957635
-1.313238
0.312038
-0.349042
-0.514903
-0.649271
-0.464252
-0.419638
-0.391294
0.178195
0.180295
0.487609
-0.290518
0.726427
-0.208638
0.674727
-0.374236
-0.399693
-0.338544
-0.781277
-0.424099
-0.504405
-0.559779
-0.533011
-0.535635
-0.416226
0.115473
0.763693
0.050388
-0.117310
-0.416226
-0.524350
-0.243017
-0.927192
-0.371612
-0.537210
-0.627751
-0.582611
-0.725115
-0.709369
-0.806471
-0.464777
-0.800959
-0.767630
-0.727215
-0.705432
-0.583399
-1.555992
0.279758
0.127545
0.067184
-0.006824
-0.183182
-0.355865
-0.394444
-0.444832
-0.343006
-0.177408
0.038578
0.114160
-1.020357
0.757783
0.267465
0.304889
0.231310
0.171685
0.137644
0.104660
-0.097049
-0.216721
0.041653
0.084785
0.198115
0.262391
0.097683
-0.456488
-0.792881
-0.754189
-0.838974
-0.910016
-1.133715
-1.393357
-1.322103
-1.045546
-0.870478
-0.980002
-0.723742
-0.686741
-0.933909
-0.634094
-0.660734
-0.532393
-0.671729
-1.008757
-1.101154
-0.934543
-0.272328
-0.160267
-0.339565
-0.552480
-0.699215
-0.611047
-0.488204
-0.476575
-0.556708
-0.427310
-0.795207
-1.170081
-1.321892
-0.706616
-1.187208
-0.689701
0.238076
-0.231733
-1.284256
-0.825442
-0.536411
-0.537256
-0.541697
-0.567069
-1.250215
-0.916148
-1.873102
-1.241758
-1.433741
-1.381517
-0.997551
-0.627539
-0.774064
-0.949555
-0.673843
-0.545291
-0.571720
-0.702810
-0.483975
-1.564196
-1.251273
-1.809672
-1.318298
-1.145344
-1.135195
-1.220403
-0.011206
0.089649
-1.170081
-0.483975
-0.547194
-0.737063
0.427099
-1.232878
-1.184459
-1.504995
-1.043432
-1.020597
-1.067747
-1.465033
-0.529856
0.143564
-1.045969
-0.521610
-0.572989
-0.810642
-0.029812
-1.108131
-1.035609
-1.493154
-1.084027
-0.911919
-1.127372
-1.335001
-0.537045
-0.155616
-0.927565
-0.541908
-0.547617
-0.623733
-0.364303
-0.446973
-1.820667
-1.443044
-1.190379
-1.228226
-1.186785
-1.431627
0.426887
0.294318
-1.048295
-0.522456
-0.596458
-0.600053
-0.882107
-0.649317
-1.377288
-1.697400
-1.177270
-1.084239
-1.445793
-0.437670
-1.134349
-0.241459
-0.601110
-0.501312
-0.590327
-0.545291
-0.718033
-0.089648
-0.225601
-0.566857
0.023469
0.588424
-0.250762
-0.549731
-0.255413
-0.314827
-0.570875
-0.517593
-0.581446
-0.619716
-0.629442
-0.737274
-0.517804
-0.301506
0.966469
1.132023
-0.364303
-0.442322
-0.551000
-0.508290
-0.421390
-0.540005
-0.526685
-0.410184
-0.390732
-0.249493
-0.314192
-0.406167
-0.384812
-0.180565
-0.398132
-0.553537
-0.403418
-0.429002
-0.369377
-0.326244
-0.475729
-0.566646
-0.682090
-0.717822
-0.803453
-0.687587
-0.738754
-0.823117
-0.744886
-0.751017
-0.621619
-0.404687
-0.862232
1.481138
2.218363
2.451393
2.328811
2.344412
2.259224
2.201276
2.155958
2.157196
2.286712
2.302561
2.372643
2.048482
1.398921
2.335497
2.141347
2.135156
1.995239
2.132927
2.459070
1.812233
1.618578
1.781525
1.898659
2.284978
2.327325
2.232726
2.321382
2.055416
1.999697
2.025946
2.000687
1.600005
0.624797
-0.194150
1.246375
1.180750
-0.052748
0.914536
1.372176
2.240899
2.234212
1.979885
1.850617
2.062597
1.465784
0.209504
-0.429656
-0.001981
0.732273
1.553449
0.469031
0.810528
0.761990
1.371185
2.165369
1.967008
1.895935
1.934320
0.609443
0.294444
-0.155766
0.002972
1.133946
1.734226
0.847178
0.256308
0.412321
0.486119
2.070274
1.936548
1.979390
1.539085
0.558429
0.064634
0.246897
1.859532
2.649258
2.698538
2.791155
1.287978
0.935586
1.832787
2.173293
1.857056
1.939025
0.815728
2.135651
1.549486
1.319924
2.266158
2.532371
2.580908
2.479624
1.839473
1.500949
1.637151
2.041053
1.931596
1.954131
1.203285
0.605233
0.307817
1.315714
2.141099
2.571003
2.522961
2.531876
1.547505
0.827614
1.287978
1.972208
1.978647
1.912527
1.716891
0.772638
-0.330600
0.043585
1.817186
2.647772
2.670802
2.475414
0.235259
0.136450
1.073769
1.793412
1.965027
1.937787
1.993258
1.207495
0.359574
-0.249622
0.321437
1.343697
1.502435
0.362298
-0.113667
0.346449
0.421979
2.178246
1.978647
1.959826
1.997963
1.843683
0.671106
0.740940
0.656495
1.317943
1.359794
0.443029
0.448477
0.206533
1.599014
2.133422
1.942244
2.051701
2.125746
1.973942
2.073989
1.279558
1.174063
1.779297
0.870951
1.175549
1.083675
1.750323
2.108411
2.145557
2.273092
1.922185
2.029166
1.915499
1.981371
2.381558
2.245109
1.812728
1.933577
2.210191
2.377348
2.189142
1.813471
2.018022
1.654981
1.959084
2.177503
2.241641
2.196323
2.094295
2.140852
2.154472
2.215887
2.216382
2.171559
2.148281
2.057892
1.252318
2.708110
1.276975
1.051481
1.048442
1.041223
1.036474
1.029540
0.989266
0.949468
0.978913
0.975303
1.017097
1.231952
2.464854
2.111796
1.294072
1.195003
1.202127
1.220364
1.076747
0.835866
1.028780
0.882313
0.790843
0.950322
1.149601
1.208871
2.247149
2.108566
1.459441
1.369490
1.454597
1.297302
1.349448
1.225018
1.179711
1.236131
1.435599
1.130319
1.042078
1.420022
2.145421
2.217419
1.662898
1.605242
1.557465
1.613981
1.087290
0.861607
0.969319
1.120535
0.932750
1.464380
1.567058
1.283529
2.160523
2.189493
1.647225
1.640482
1.691963
1.925151
1.379273
1.278115
1.022606
1.185030
1.158339
2.041222
1.767856
1.482142
2.046826
2.161093
1.725018
1.632123
1.860371
1.865215
1.790558
1.121675
1.356287
1.340140
1.371770
1.443198
2.035713
1.818388
2.072282
2.150740
1.764627
2.046066
2.446522
2.060789
1.508453
1.368445
1.432085
1.447093
1.554710
1.545877
2.075322
2.293502
2.105147
2.163563
1.785998
1.814399
2.298251
2.444147
1.570953
1.318578
1.402165
1.422587
1.480622
1.352963
2.230907
2.130888
2.123669
2.146560
1.739646
1.728437
2.202506
2.276119
1.565444
0.988981
1.197283
1.239171
1.165463
1.450797
2.428950
2.400360
2.186074
2.205736
1.686074
1.629083
1.642951
1.343654
1.379558
1.142762
0.844889
1.084631
1.114836
2.160143
1.561264
1.533814
2.227867
2.190728
1.628134
1.521276
1.539038
1.586625
1.381268
1.582541
1.281439
1.359612
1.594889
1.537708
1.717704
1.592894
2.319812
2.168122
1.489931
1.386587
1.485276
1.384498
1.297112
1.558130
1.490216
1.360657
1.215710
1.208206
1.330451
1.531344
2.275740
2.088145
1.392761
1.255129
1.283339
1.267667
1.218749
0.992306
0.938734
0.912423
0.971029
1.072758
1.254369
1.278495
2.246199
2.071997
0.955262
0.847739
0.797872
0.811075
0.846219
0.844319
0.866451
0.840995
0.788468
0.824943
0.841755
0.894471
2.215519
-1.038405
-0.409306
-0.348903
-0.612330
-0.603864
-0.674198
-0.464661
-0.499014
-0.450334
-0.497060
-0.653033
-0.573907
-0.608260
-1.736862
-0.422005
-0.668825
-0.655475
-0.618191
-0.422982
-0.333924
-1.103692
-1.415637
-1.480436
-0.862407
-0.217840
-0.015141
-0.443821
-1.350187
-0.946743
-1.021799
-0.734764
-0.555835
-0.696340
-1.101413
-1.714394
-1.448525
-1.054361
-0.385698
-0.946092
-0.873641
-0.251054
-1.372981
-0.936486
-0.877060
-0.384884
-0.591653
-1.285714
-1.023752
-1.056477
-1.533349
-0.782793
-0.292408
-0.795818
-1.894625
-0.797771
-1.092458
-0.932415
-0.801842
-0.447240
-1.122253
-0.426726
-1.819244
-1.922140
-1.769587
-1.179236
-1.118508
-1.269759
-0.500154
-1.543281
-0.943812
-0.952278
-0.609074
-0.926392
-0.955209
-0.922321
-1.622244
-1.231661
-1.264060
-1.165072
-1.135115
-1.685740
-0.359323
-1.032381
-1.393657
-0.970188
-0.478826
-1.079433
-0.656289
-2.012663
-1.765354
-1.491995
-1.546537
-1.579587
-1.269433
-1.661644
-1.799544
-1.012518
-1.578448
-0.994609
-0.573256
-1.126811
-1.002913
-1.391378
-1.623709
-1.474412
-1.519510
-1.577471
-1.248105
-1.780007
-1.400007
-0.719948
-1.606777
-0.979305
-0.593770
-0.623727
-1.371190
-1.318928
-2.293674
-1.083341
-0.958628
-0.937137
-0.858662
-2.165380
-2.012175
-1.294018
-1.437942
-0.949022
-0.860291
-0.525064
-1.400007
-1.736048
-2.316305
-1.789450
-1.558259
-1.868739
-2.050761
-1.460736
-2.753451
-1.331952
-1.037103
-0.917763
-0.983864
-0.509760
-0.636752
-0.911413
-1.134463
-1.449827
-1.644223
-1.242895
-1.121764
-2.273811
-0.832124
-0.431773
-1.086434
-0.934369
-0.801516
-0.596212
-0.408003
-0.258217
-0.792887
-1.933700
-1.375260
-0.711645
-1.789613
-1.126486
-0.483873
-0.254635
-1.067548
-0.710668
-0.825938
-0.726135
-0.871524
-0.708551
-0.590025
-0.938439
-1.186725
-0.936811
-0.920205
-0.866315
-0.651567
-0.538577
-1.069665
-0.814052
-0.686409
-0.454567
-0.738020
-0.784095
-0.814866
-0.722064
-0.671267
-0.671268
-0.689339
-0.868919
-0.744858
-0.380488
-1.177445
-2.565575
-0.050005
-0.442172
-0.796249
-0.784546
-0.756884
-0.750713
-0.607507
-0.554097
-0.583250
-0.816464
-0.727945
-0.333650
-2.696652
-0.587505
0.561119
-0.024896
-0.228959
-0.248961
0.148951
-0.057240
-0.380251
-0.101074
0.169591
0.191296
-0.131928
0.078731
-0.670279
-0.829657
0.093413
-0.594314
-0.603464
-0.121927
-0.556438
-1.792945
-2.644093
-2.440456
-2.301293
-1.009037
0.319394
0.446853
-0.728370
-0.880939
-0.177890
-0.638574
-0.002341
-0.862639
-2.598131
-2.695800
-1.571859
-1.192885
-2.473438
-3.062645
-1.769112
0.842424
-0.679855
-0.955414
-0.174486
-0.347056
-0.327267
-2.594301
-2.128084
-0.352375
0.230662
0.126396
0.307052
-1.415886
-2.561106
-0.717518
0.118097
-0.854766
-0.057878
0.223852
-1.462912
-2.796661
-0.516221
-0.214489
-0.922645
-1.006696
-0.287475
0.432810
-1.720810
-2.008285
0.493666
-0.850510
0.000426
-0.185550
-2.293420
-1.703787
0.489411
-0.716454
-0.923922
-0.937114
-0.893280
0.355993
-0.053197
-1.534834
0.464089
-0.913282
-0.009789
0.056602
-1.648036
-2.563659
0.350461
-0.574525
-0.960095
-0.864341
-0.747521
0.583250
-0.540692
-1.456528
0.255983
-0.868597
-0.206616
-0.078731
-1.223101
-2.800492
-0.000425
0.183423
-0.591335
-0.494730
0.095542
0.495794
-1.639738
-2.456841
0.131290
-0.806676
-0.149589
-0.413658
-0.186827
-2.328104
-2.079569
-0.187040
0.688367
0.425787
0.640489
-1.557176
-1.360987
-0.374080
-0.370250
-0.792845
-0.172358
-0.720497
-0.416850
-0.437065
-2.324061
-2.450456
-1.882528
-1.616970
-2.839432
-1.922532
-0.924986
0.402593
-0.718582
-0.727732
0.122140
-0.564099
-0.693686
-0.155547
0.326841
-0.516008
-2.270226
-2.038288
-0.729009
-0.174698
0.002128
0.066177
-0.589207
-0.202573
0.582398
0.106819
-0.162782
-0.023407
0.169166
0.295775
0.437278
0.152568
0.144908
0.201297
0.110862
0.311095
-0.122778
-1.078193
1.024570
0.482601
0.211723
0.170017
0.155761
0.404295
0.440895
0.469621
0.332374
0.280666
0.237896
0.769439
-1.120112
0.869854
-0.071687
-0.296024
-0.402964
-0.400265
-0.480891
-0.603855
-0.602843
-0.577036
-0.555614
-0.571132
-0.466385
-0.288265
-0.447662
0.250988
-0.574168
-0.796481
-0.766288
-0.490337
-0.536891
-0.992987
-1.229469
-1.057421
-1.062819
-1.199108
-0.809975
-0.781132
-1.053541
-0.217759
-0.662722
-0.973252
-1.036337
-1.366601
-1.609324
-1.928962
-0.334313
-0.575518
-0.320144
-1.262023
-1.468312
-0.918602
-1.245324
-0.146072
-0.824987
-1.091830
-1.027059
-1.990022
-2.099998
-1.373517
-1.834842
-1.905685
-0.524746
-0.901566
-1.890842
-1.258987
-1.331348
-0.227373
-0.930240
-0.850626
-1.549782
-2.342890
-2.190070
-1.855589
-2.453878
-2.478673
-2.110287
-1.277035
-1.656721
-1.305710
-1.349734
-0.306988
-0.845566
-0.935638
-1.454143
-1.865878
-1.440481
-2.838118
-1.743251
-1.626192
-1.849685
-2.307468
-0.570963
0.209662
-1.426818
-0.370409
-0.840000
-0.906626
0.276626
-2.101854
-1.749830
-2.123107
-1.743420
-1.497999
-1.600721
-2.502456
-1.643059
0.835951
-1.305204
-0.307156
-0.904433
-1.006481
-0.912192
-2.678552
-1.434577
-2.107251
-1.724023
-1.505083
-1.802456
-2.360095
-1.761300
-0.568433
-1.194553
-0.268361
-0.987589
-0.845060
-0.609252
-1.937565
-1.635469
-2.561998
-1.812071
-1.893709
-2.161733
-2.339516
-0.105084
0.930746
-1.433396
-0.145060
-0.968529
-0.956722
-0.993999
-1.159131
-2.091564
-1.529710
-1.795203
-1.961010
-2.408842
-1.063325
-1.937396
-0.738794
-1.314481
-0.156361
-0.731373
-1.163686
-0.934120
-0.906288
-0.252337
-0.345951
0.131904
0.201566
-0.477518
-0.960601
-0.564385
-0.655975
-0.998047
-0.100867
-0.687180
-1.101107
-1.205855
-0.694265
-0.564048
0.468072
2.530625
1.753203
-0.449686
-0.592048
-0.634048
-0.758361
-0.671662
-0.041663
-0.470096
-0.906626
-1.129614
-0.984216
-0.663060
-0.813686
-0.700168
-0.567927
-0.712988
-0.913035
-0.804915
-0.876770
-0.467060
0.727493
-0.609590
-0.655132
-0.817059
-0.647035
-0.849783
-0.740650
-0.659518
-0.562698
-0.576023
-0.742337
-0.638096
-0.446650
-0.289952
0.270883
1.193750
1.386201
1.181311
1.102188
1.159889
1.153670
1.370307
1.318135
1.389311
1.205843
1.182693
1.438373
-0.622961
1.905162
1.997760
1.594891
1.496420
1.831913
2.126292
2.032311
2.351566
2.223035
2.405121
2.008125
1.841934
2.161879
1.504021
1.256288
1.625987
1.376181
1.660539
1.523370
1.413842
-0.143388
-0.405979
-0.692755
-0.277793
0.670297
1.375490
2.081029
1.397948
1.338520
1.598692
1.686798
2.037839
0.490284
-1.468088
-1.972537
-2.152895
-1.223809
-2.375061
-1.525443
-0.337221
2.696734
1.519569
1.324008
1.656738
1.677814
1.848843
-0.925286
-2.092777
-1.627715
-1.019265
-0.713831
-1.123611
-2.353639
-1.040342
2.083793
2.142530
1.272527
1.725150
2.010890
1.245231
-0.542457
-1.292912
-1.341284
-0.985405
-0.685499
-0.762203
-1.313298
-1.546865
0.400450
2.996986
1.275637
2.005362
2.306304
0.509633
-0.755638
-0.999225
-1.260780
-0.880024
-0.984714
-0.897645
-1.129485
-1.692671
-0.575971
3.208094
1.290839
1.868883
2.559220
1.046906
-2.058571
-0.761857
-1.277018
-1.086640
-1.113590
-0.884861
-1.282547
-1.909309
0.042153
3.232281
1.278055
1.737243
2.331181
2.304922
-0.930814
-0.846508
-1.299131
-1.056926
-1.055890
-0.976422
-1.355105
-2.151168
0.582191
2.974182
1.314680
1.542027
1.977375
2.560256
0.211800
-1.110826
-0.990242
-0.622270
-0.861020
-1.115318
-1.917256
-1.428699
2.179500
2.369187
1.413842
1.612858
1.589708
2.178118
2.159115
0.962255
-0.431547
0.266391
-0.089143
-0.435347
-0.773260
1.614931
3.020135
1.748644
1.413151
1.830186
1.434227
1.680924
2.127327
2.260005
1.916910
1.903089
1.973920
1.452194
1.668831
2.179846
2.104178
1.667449
1.687834
1.810837
1.535117
1.460141
1.636007
2.314250
2.433453
2.232018
2.601372
2.119726
2.007089
1.797362
1.859900
1.898943
0.786389
1.153325
0.970548
0.675825
0.847545
0.707267
1.175783
1.287038
1.305351
1.042760
0.937724
0.847890
1.270108
0.995425
0.378727
0.881306
0.577720
0.474636
0.410068
0.536939
0.620765
0.775201
0.776712
0.737820
0.601886
0.484076
0.924729
0.300188
0.690243
1.812831
1.304966
1.126364
1.097667
1.297037
1.563241
1.422776
1.812076
1.667835
1.533411
1.237755
1.436369
0.782376
0.530143
1.443544
0.902451
0.840148
1.148642
1.356697
0.931903
-0.074008
0.421396
0.394586
1.357452
1.332531
1.500183
0.728002
0.590558
1.374821
0.826177
1.222273
1.473374
1.002891
-0.609438
-0.718940
-0.582251
-1.111261
0.399117
1.068970
1.994831
1.076899
0.581873
1.255124
1.090115
1.650088
0.254499
0.286216
0.355694
0.515794
0.350408
0.291503
-0.421773
0.612081
1.758080
1.598357
0.529388
1.315917
1.321203
1.362361
0.397607
0.684202
0.230333
-0.447072
-0.252233
-0.155191
0.548267
-0.378727
-0.120075
1.870225
0.577719
1.349900
1.360095
-0.919820
-1.271361
0.757454
-0.214851
-0.146507
-0.028697
-0.284706
0.455379
0.892633
-0.282063
1.888350
0.506354
1.387660
1.343104
0.811451
-0.460288
0.641911
-0.352673
-0.195216
-0.043423
-0.313026
0.317934
0.391943
0.905094
1.866450
0.567525
1.370668
1.252103
1.488100
-0.493138
0.484076
0.180113
-0.383259
-0.235242
-0.077407
0.693641
-0.916044
0.121208
1.571548
0.600375
1.359340
1.078032
1.483191
1.011953
0.181245
0.501068
0.256386
0.217494
0.392321
-0.440275
0.243549
1.380107
1.143356
0.568280
1.424286
0.942476
1.165634
1.594582
0.364001
0.416109
-1.578345
-1.281178
0.428570
-0.102328
1.135804
1.718810
0.741218
0.682691
1.525859
1.058775
0.843168
1.376332
1.897412
0.318312
-1.099555
0.015104
0.766894
1.384261
1.489988
1.358207
0.778222
0.819758
1.827557
1.508490
1.299680
1.415224
1.562486
1.675764
1.507357
1.739200
1.622901
1.544739
1.457892
1.758835
1.013086
0.736687
1.742598
1.542096
1.344236
1.316672
1.317805
1.443166
1.447697
1.523971
1.498672
1.369158
1.323846
1.814719
1.086339
-0.296577
-0.041474
-0.165113
-0.262928
-0.269384
-0.361527
-0.355071
-0.473428
-0.437040
-0.388328
-0.402413
-0.185263
0.057907
-1.081645
-0.771374
-0.303033
-0.298533
-0.267037
-0.264689
-0.507859
-1.005545
-0.885427
-0.912033
-0.715815
-0.214021
0.078252
-0.182524
-1.451780
-0.767070
-0.390480
-0.396349
-0.304794
-0.245517
-0.238083
0.180568
0.342941
1.676756
2.304929
0.602936
-0.120900
0.096837
-1.238933
-0.734400
-0.320053
-0.292077
-0.419042
-0.456016
0.716989
1.661692
-0.116792
-0.032084
1.247737
0.279166
-1.250279
-0.328465
-0.930227
-0.789568
-0.338442
-0.353506
-0.601957
0.407696
-0.014281
-1.056996
-0.902643
-1.083406
-0.717967
-0.596871
-0.157679
-0.621912
-0.863516
-0.727944
-0.251777
-0.606652
-0.590024
0.472254
-1.449237
-1.024912
-1.347313
-1.294297
-0.813826
-0.801892
-1.077928
-1.237955
-1.410501
-0.751811
-0.214803
-0.732443
0.039126
-0.387350
-1.163810
-1.426543
-1.348095
-1.349269
-1.262409
-1.092796
-0.738508
-0.033257
-1.449041
-0.773135
-0.269189
-0.787611
0.604501
1.600264
-1.132118
-1.309360
-1.239129
-1.180635
-1.131923
-1.489732
-0.406717
0.585133
-1.558203
-0.742225
-0.212064
-0.408869
-0.596675
1.181613
-1.626087
-1.034498
-1.101404
-1.110599
-0.946855
-1.451780
-2.114774
-1.183960
-1.576397
-0.733813
-0.314184
-0.345680
-0.863125
-1.238150
-0.750637
-0.941769
-0.725792
-0.878580
-0.992829
-0.667298
-1.779462
-0.977765
-1.082232
-0.728140
-0.397718
-0.432932
-0.294229
-0.201305
-0.458560
-0.232606
-0.748094
-0.325922
-0.465407
-1.795895
-0.669841
0.007238
-1.075972
-0.706033
-0.232214
-0.408282
-0.209717
-0.074144
-0.276036
-1.409328
0.331008
0.682753
-0.522727
-0.797980
-0.174112
-0.058298
-1.125271
-0.572417
-0.162570
-0.215781
-0.242974
-0.229475
-0.163548
-0.436258
-0.577308
-0.437627
-0.134790
-0.227324
-0.060646
-0.061233
-0.968179
-0.422563
0.045973
-0.060841
-0.163743
-0.159635
-0.242583
-0.170199
-0.133029
-0.132442
-0.136746
-0.169808
-0.212064
0.218716
-0.871537
2.396106
2.807003
2.821817
2.795165
2.839787
2.893396
2.982035
2.980578
2.979485
2.984463
2.938930
2.859883
2.860187
2.467261
2.732571
3.135089
3.181898
3.262158
3.325541
3.302653
3.018340
3.112262
3.079598
3.083970
3.249652
3.333798
3.259548
2.890664
2.852173
3.108679
3.159920
3.240788
3.049000
2.869475
2.734574
3.500937
3.253416
2.911366
2.873664
3.042504
3.312306
2.839970
2.838027
3.168420
3.286868
3.104976
2.801539
2.831409
2.880646
3.179409
3.161802
2.729899
2.677141
2.636828
3.157006
2.930612
2.812467
3.196347
3.222574
2.884168
2.674955
2.907906
3.011420
3.102790
3.294700
3.176555
2.736396
2.717879
2.993206
2.995391
2.819085
3.254630
3.120640
2.916891
2.965703
3.032304
3.065696
3.361300
3.415759
3.378057
2.973414
3.196104
3.535725
3.063692
2.815807
3.263555
3.090709
3.218628
3.510591
3.086216
3.292029
3.465117
3.433547
3.481570
3.181351
3.169512
2.963700
3.054707
2.828799
3.259184
3.106312
3.090648
3.231438
3.299193
3.352012
3.410052
3.415880
3.455161
3.264101
2.912338
2.773308
2.960482
2.823638
3.230406
3.181715
3.088098
3.209096
3.342783
3.319106
3.467728
3.439922
3.412723
3.107951
3.140553
3.034793
2.963336
2.830195
3.200172
3.272662
3.187787
2.904627
2.894003
3.089677
3.088280
3.068428
2.943665
2.796075
2.518623
3.016094
2.995877
2.849258
3.144985
3.218143
3.213528
3.112322
2.670038
2.891089
2.994056
2.833473
2.827827
2.408553
2.798443
3.011359
2.902017
2.839545
3.128532
3.224153
3.227674
3.124039
3.135393
3.118150
3.232713
3.068549
2.938505
2.882346
3.045236
3.240788
2.946701
2.856787
3.066667
3.125375
3.186997
3.199808
3.206486
3.084638
3.034490
3.030118
3.089312
3.198897
3.265801
3.240666
2.915434
2.621711
2.961757
3.082209
3.076745
3.100301
3.123615
3.161013
3.224153
3.235931
3.168845
3.132661
3.083787
3.005166
2.839241
0.994393
0.677089
0.649746
0.555822
0.557367
0.593361
0.634607
0.513031
0.550879
0.562001
0.535894
0.537593
0.814732
0.198199
1.293159
0.554123
0.590271
0.541455
0.584710
0.351598
-0.046035
-0.058703
-0.126520
0.122658
0.291969
0.548252
0.826936
0.164677
1.229049
0.426058
0.407366
0.357469
0.108137
-0.392072
-0.018074
1.229513
1.255002
0.598150
-0.044181
-0.040474
0.689602
0.231876
1.232139
0.343565
0.409529
0.284554
-0.294904
0.769623
1.579721
2.214946
2.370971
2.290487
1.738836
0.645730
0.375543
0.121731
1.195527
0.333370
0.372762
-0.172092
0.569107
1.632090
1.509278
1.446558
1.463397
1.703305
2.109435
1.067771
0.221526
-0.131309
1.165249
0.344801
0.140269
-0.262772
1.400986
1.790278
1.344292
1.422459
1.320811
1.330389
1.560102
1.885902
1.323128
-0.184913
1.131109
0.355151
0.108909
0.778120
1.717672
1.262571
1.393262
1.268442
1.213292
1.311697
1.447176
1.888682
1.375034
-0.207931
1.178380
0.331207
0.193873
0.134862
1.834923
1.320965
1.358813
1.183014
1.147020
1.257937
1.348463
1.685695
0.995320
-0.173791
1.193673
0.306335
0.328581
-0.078167
1.523026
1.477455
1.412727
1.233993
1.136515
1.320502
1.679824
1.886674
1.039656
0.037075
1.248977
0.313905
0.400414
0.044181
0.776729
1.759691
1.748723
1.744397
1.768651
1.866901
1.860876
1.105928
0.718181
0.008342
1.238782
0.368128
0.397943
0.255511
0.213801
0.914681
2.300683
1.978590
1.932091
1.717209
1.414735
0.558757
0.747224
0.159579
1.237237
0.456336
0.454791
0.422042
0.307417
0.427294
0.624875
1.488577
1.304590
1.029615
0.363957
0.473175
0.846555
0.221680
1.412572
0.666894
0.794958
0.581002
0.719108
0.684350
0.690838
0.770550
0.824928
0.848563
0.675854
0.727296
1.009069
0.409992
1.291614
0.315141
0.463906
0.388983
0.410610
0.355924
0.315913
0.367355
0.392690
0.392690
0.385121
0.356233
0.728531
-0.163595
-0.121254
0.114895
0.173932
0.196562
0.220376
0.222807
0.135343
0.093325
0.144008
0.172436
0.157910
0.155978
0.152237
-0.514003
-0.077241
-0.169506
-0.232221
-0.241073
-0.215763
-0.211586
-0.033789
0.033727
0.046132
-0.048003
-0.164892
-0.304038
-0.285772
-0.380156
-0.287330
-0.297617
-0.286520
-0.225301
-0.004551
0.155479
0.013466
0.091454
-0.031482
0.285585
0.254788
0.093138
-0.196749
-0.307279
-0.250798
-0.285709
-0.274987
-0.126178
0.066269
-0.118822
-0.087839
0.093325
0.157785
0.401789
0.214828
0.114334
-0.116204
-0.375792
-0.286146
-0.300609
-0.293751
-0.049187
0.092203
-0.227732
0.050683
-0.015211
-0.122064
0.049935
0.320122
0.065334
-0.045260
-0.327478
-0.283777
-0.281470
-0.320558
0.148684
0.062902
0.048252
-0.092265
-0.315571
-0.326792
-0.247494
-0.015149
0.288141
0.084722
-0.470115
-0.269002
-0.260711
-0.326044
0.141016
0.048813
0.029176
-0.204666
-0.380343
-0.399669
-0.299237
-0.168508
0.133659
-0.087278
-0.443370
-0.270997
-0.246185
-0.345121
-0.163209
-0.101554
-0.169194
-0.266758
-0.428034
-0.438819
-0.314573
-0.290136
0.020760
-0.168570
-0.316007
-0.285772
-0.240263
-0.274114
0.034350
0.138086
-0.183906
-0.274301
-0.352290
-0.353038
-0.289388
-0.138460
0.039961
0.009601
-0.328912
-0.259900
-0.262581
-0.231971
-0.093948
0.202796
0.222495
0.158658
0.190639
0.140642
0.251547
0.029924
-0.122563
-0.145754
-0.414444
-0.261521
-0.279164
-0.262955
-0.170752
0.042143
0.277543
0.317192
0.598787
0.578339
0.320496
0.226735
0.086467
-0.016333
-0.232158
-0.236772
-0.219441
-0.291757
-0.127799
0.033976
0.200115
0.211025
0.161588
0.077178
0.139831
0.210027
0.072316
-0.150242
-0.212459
-0.134906
-0.191263
-0.222558
-0.192198
-0.144943
-0.137587
-0.039961
-0.058351
-0.057977
-0.091704
-0.196063
-0.297492
-0.249863
-0.133535
0.025498
0.061157
0.058788
0.074622
0.088462
0.081418
0.055858
0.042205
0.037654
0.066206
0.102364
0.057354
0.135841
-0.231784
-1.698068
-0.058959
0.338457
0.266437
0.316254
0.219605
0.164377
0.303006
0.437344
0.445927
0.307111
0.231173
0.254122
-1.333676
-1.397300
-0.029106
0.165683
0.068102
-0.013807
0.005597
-0.256175
-0.903982
-0.609185
-0.676354
-0.431560
-0.015859
0.199268
-0.806400
-1.173777
-0.388647
-0.160646
-0.489214
-0.688108
-0.318679
-0.700423
-0.255802
-0.590154
-0.315880
-0.336778
-0.575227
-0.006904
-1.333303
-1.337035
-0.477832
-0.177438
-0.850620
-0.987570
-1.254193
-0.683630
-0.024255
-0.907154
-0.416447
-0.317000
-1.352334
-0.528209
-1.274717
-1.395061
-0.400028
-0.457309
-0.665719
-1.079181
-1.460178
-1.015370
-0.767032
-0.795579
-0.615155
-0.674861
-0.500035
-0.558808
-0.812557
-1.401965
-0.419059
-1.072837
-0.678779
-1.495255
-1.224900
-0.737366
-0.425030
-0.473727
-0.887376
-0.608438
0.742030
1.957041
-0.350398
-1.385172
-0.423164
-0.673555
-1.137021
-0.678593
-0.956038
-0.757330
-0.542202
-0.469250
-0.419992
-0.990928
-0.347413
0.869278
-0.562540
-1.381814
-0.302260
-0.378571
0.397789
-0.167736
-0.562913
-0.851179
-0.562540
-0.436971
-0.439024
-0.886443
-1.108660
0.543322
-1.502345
-1.358678
-0.264944
-0.585302
-0.584370
-0.459547
-0.340322
-0.414395
-0.655830
-0.410104
-0.794273
-0.529328
-0.254309
0.198522
-1.102317
-1.362970
-0.326516
-0.338830
-1.026379
-1.133103
-0.882712
-0.101873
-0.557315
-0.890548
-0.778973
-0.451338
-0.758449
0.195909
-0.852113
-1.353267
-0.387527
-0.238076
-0.667584
0.205612
0.410850
-0.195909
-0.403200
-0.234905
0.311589
-1.441893
-1.031603
-0.404133
-1.303264
-1.245424
-0.373907
-0.143107
-0.282856
-0.204492
0.199828
-0.634000
-0.164377
0.362712
0.136763
-0.726917
-0.427269
0.078364
-1.312220
-1.385546
-0.692773
-0.107657
-0.110642
-0.165870
-0.230054
-0.240502
-0.339016
-0.257294
-0.439397
-0.168109
0.026121
0.129114
-0.948202
-2.099589
-0.372414
-0.130420
-0.086573
0.003545
-0.060639
-0.200760
0.035450
0.200574
0.152250
0.048511
0.127434
0.355622
-0.635493
-0.674741
-0.091583
-0.001594
-0.264476
-0.335687
-0.261641
-0.273333
-0.239675
-0.155001
-0.172361
-0.257567
-0.269790
0.112841
-1.013617
0.304156
0.426031
0.337990
0.084852
0.047829
0.004606
-0.092646
0.048006
-0.127366
0.027103
0.160138
0.230996
0.695289
-0.188481
0.066252
-0.043577
0.101503
-0.156595
-0.001771
-0.103098
-0.743650
-0.914062
-1.421756
-0.340116
0.038972
-0.055800
0.511591
-0.139412
0.079183
-0.117978
0.211510
0.075818
-0.253316
-1.119017
-2.886735
-1.901107
-1.498106
-1.256127
-0.720444
-0.242155
0.482363
-0.127898
0.057926
-0.012046
0.163327
-0.308230
-0.332145
-2.225989
-1.673655
-1.514757
-1.186332
-1.261441
-1.575517
-0.112663
0.005846
-0.133566
0.085738
0.125772
0.206373
-0.504328
-1.521311
-1.548768
-1.554791
-1.269767
-1.004760
-0.847456
-1.550362
-0.673146
0.246938
-0.195213
0.117624
0.251367
-0.058103
-0.006377
-1.683752
-1.663026
-1.374990
-1.156040
-1.178361
-0.984388
-1.584197
-0.915479
-0.380328
-0.072452
0.064657
0.217710
0.017006
0.084143
-1.583488
-1.604568
-1.316178
-1.233275
-1.181726
-1.022651
-1.458425
-0.655432
-0.699541
-0.130201
0.042160
0.083080
0.270853
0.224973
-0.817696
-1.681095
-1.412899
-1.150372
-1.096697
-1.027434
-1.672769
-0.672261
-0.265184
-0.122761
0.085561
-0.025686
0.236841
0.097429
-0.290693
-1.194835
-1.496688
-1.454528
-1.407585
-1.831667
-0.766501
-0.527534
0.207967
-0.159075
0.100441
-0.111955
-0.028874
-0.027989
0.048006
0.363676
-0.709461
-1.426539
-0.973582
-1.571443
0.410442
-0.173778
0.688912
-0.375722
0.142069
-0.041097
0.105932
0.058989
0.116738
0.198578
-0.216293
0.246053
0.170235
-0.554637
-0.070503
0.182812
0.459688
-0.160669
0.193087
0.136578
0.043223
-0.038440
-0.070326
0.012400
-0.111601
0.023206
0.162795
-0.035429
-0.069795
-0.078652
0.406722
0.014703
-0.297247
-0.219304
-0.084498
-0.317796
-0.301145
-0.370762
-0.201058
-0.100795
-0.071743
-0.111069
-0.247470
-0.205310
0.340647
-0.815570
0.927681
0.045580
0.043378
-0.162064
-0.214250
-0.064297
-0.007267
-0.045801
-0.030828
-0.024001
-0.029506
-0.084335
-0.209846
0.261592
0.391727
-0.169550
-0.248380
-0.220415
-0.131897
-0.141806
-0.307612
-0.524284
-0.586379
-0.218654
-0.128154
-0.094023
0.037873
-0.371689
0.240012
-0.231866
-0.264014
-0.203460
-0.479144
-0.214250
-1.250047
-1.235294
-1.619975
-1.060680
-0.533092
-0.426958
0.393268
-0.088078
0.189368
-0.315099
-0.203240
-0.114721
-0.915351
-0.910066
-1.645298
-1.001888
-1.038661
-0.999465
-0.499843
-0.652438
0.011230
0.003083
0.148852
-0.192010
-0.205442
-0.522083
-0.930764
-0.458226
-0.644951
-0.552249
-0.378075
-0.393268
-0.457565
-0.386883
-0.825951
0.197515
0.071123
-0.026644
-0.133879
-0.866688
-0.483548
0.134979
-0.558195
-0.033910
0.158320
0.133878
-0.223498
0.065838
-0.084115
0.259390
0.023781
0.024001
-0.282951
-0.736993
-0.348569
-0.045801
0.034351
0.070903
0.069582
0.237590
-0.101950
-0.515037
0.179459
0.212488
0.062535
0.003963
-0.252123
-0.760554
-1.244322
-0.128814
-0.017175
-0.028185
-0.022020
0.164486
-0.206543
-0.496980
-0.511073
0.176817
0.094244
-0.116043
-0.116923
-0.071563
-1.044605
-0.449198
-0.228343
0.029506
-0.033249
0.040956
-0.523844
-0.568103
-0.578012
0.039855
0.180780
-0.237150
-0.244196
-0.166247
-0.476722
0.066719
-0.705945
-0.799529
-1.098994
-0.821548
-0.627776
-0.529129
-0.277446
0.104813
0.161623
-0.308053
-0.331173
-0.397672
-0.258729
-0.438188
-0.155017
0.094904
-0.668512
-0.742278
-0.441051
0.297704
0.193331
-0.185184
0.195093
-0.239132
-0.300566
-0.298144
-0.223938
0.079270
0.088739
-0.024882
-0.807235
-0.495218
-0.183863
0.138282
0.023341
-0.197955
0.481787
0.096005
-0.160522
-0.189588
-0.068040
0.092041
0.117584
0.196414
0.178138
0.124190
-0.033690
-0.024001
-0.069582
0.039635
0.459767
-0.185404
-0.380937
-0.506669
-0.500283
-0.465052
-0.233627
-0.154577
-0.113180
-0.146870
-0.358257
-0.464611
-0.066939
0.062095
1.380518
0.905623
0.754556
0.553653
0.558539
0.554044
0.487793
0.471378
0.379721
0.409426
0.547595
0.625181
0.685569
1.361170
2.608992
2.074881
1.436607
1.361757
1.368011
1.633209
1.053759
0.059411
-0.191912
0.715665
1.469243
1.522400
1.923814
2.653745
2.976010
2.546649
1.785645
1.832939
1.583375
0.746543
0.448121
0.231193
-0.109831
-0.585705
0.617950
1.386967
2.497597
3.011577
2.855234
2.540591
1.968176
2.013321
1.099099
1.233946
0.950962
0.667784
0.590785
0.306239
1.125482
1.407878
2.304316
3.266809
2.868328
2.629121
2.287704
1.853068
2.138787
1.950783
0.792664
1.544679
1.808119
1.280458
1.524159
2.009803
1.562268
3.578325
2.910149
2.732894
2.287509
1.333615
2.243146
1.936908
2.710029
2.405549
2.360795
2.691659
2.810089
1.836847
2.878489
3.842546
2.872236
2.711983
2.379557
2.739930
3.465757
2.893538
2.643583
2.348093
2.355910
2.507368
3.468102
2.708270
2.863051
3.739946
2.896665
2.708075
2.502482
2.434863
3.448950
3.301792
2.791719
2.488020
2.458510
2.757127
3.448949
2.677392
2.743448
3.429017
2.913667
2.599611
2.291418
1.672882
2.115922
2.173378
2.895101
2.698108
2.741297
3.036006
2.148949
1.853459
2.360209
3.316840
2.890411
2.578700
2.002768
1.600963
0.115499
0.230412
1.201700
1.313877
1.164177
1.216162
0.821588
1.400452
1.105157
3.381331
2.890998
2.531601
1.831961
1.782322
0.852466
-0.309757
1.205608
0.417048
-0.361351
0.204224
0.793251
0.576910
2.128038
2.910149
2.844289
2.440727
1.784863
1.692815
1.460840
0.630653
0.703744
0.144227
-0.162989
0.016221
0.377376
1.323648
1.922251
2.651986
2.874581
2.076445
1.460058
1.274400
1.172776
1.196423
0.957412
0.341025
0.458869
0.882758
1.190365
1.257592
1.526504
2.290050
1.958014
1.177075
0.688500
0.546032
0.466492
0.362523
0.318355
0.211064
0.154390
0.221618
0.326368
0.533524
0.608374
1.148738
-0.035518
0.918394
1.014800
0.932348
0.911508
0.900635
0.872184
0.920387
0.960617
0.863305
0.771610
0.841015
0.857506
0.107279
0.263848
0.934884
0.709816
0.542012
0.461734
0.570100
1.143281
1.219935
1.413653
1.262339
0.577349
0.413169
0.965329
0.058532
0.166355
0.539475
0.258230
-0.016853
0.563758
0.873090
1.191121
0.513742
1.467111
1.702508
0.968590
0.906615
0.607611
0.430021
0.217095
0.341951
-0.114165
0.451224
0.143340
0.355724
0.733012
0.360073
0.418061
1.341348
-0.359167
-0.461553
1.431593
0.356267
0.274177
0.266023
0.059438
0.412806
-1.139838
-0.521354
0.625189
0.243008
-0.071217
0.469345
-0.319662
-0.480943
0.777047
0.853882
0.283238
0.194262
0.602356
0.012685
-0.910602
0.038055
-0.239747
-0.883782
-0.676835
-0.638961
0.225249
-0.364966
-0.076291
1.099427
0.279614
0.120870
0.324192
-0.533857
-0.944851
-0.283057
-0.983812
-0.865661
-0.625189
-0.991061
-0.378376
-0.541287
0.219632
0.788101
0.222531
0.059801
0.552160
-0.353368
-1.895682
-0.214377
-0.748777
-0.723951
-0.522441
-0.985625
-0.238297
-0.576624
-0.489823
0.841740
0.220719
0.122138
0.681909
0.105285
-0.943945
0.210390
-0.126306
-0.619572
-0.523890
-0.319662
0.068137
0.085171
0.370221
0.853701
0.295923
0.268559
0.092057
0.866023
0.380731
0.407007
1.090004
0.711628
0.209302
0.768167
0.034068
0.187013
1.276654
0.730837
0.282875
0.346844
-0.058895
0.297373
0.731925
0.343401
-0.461190
0.372395
1.080400
0.579342
0.181214
0.434008
1.066809
0.297010
0.308608
0.673392
0.288312
0.200604
0.773060
1.168107
0.344670
1.175537
1.983753
0.968771
1.262520
0.796618
0.464996
0.507219
0.565751
1.059379
0.895742
0.713803
0.780852
0.953550
1.194384
1.503173
1.493206
1.222834
0.828874
0.738267
1.053036
0.952462
0.862399
1.910542
1.615707
1.526912
1.539053
1.448264
1.705045
1.545939
1.608821
1.709394
1.564785
1.506434
2.112053
0.588222
-1.243656
-0.611107
-0.245762
-0.561624
-0.536223
-0.536718
-0.145313
-0.023092
-0.096820
-0.037936
-0.393879
-0.418620
-0.566737
-1.214956
-0.124036
-0.071420
0.136076
0.058554
0.163786
0.072409
-0.079502
1.004986
1.019171
0.517915
0.167745
0.330542
0.199579
-0.502081
-0.179456
-0.654486
-0.247742
-0.347861
-0.186713
0.088078
0.330047
1.731056
1.724129
1.017357
0.046513
0.126675
-0.098965
-0.276936
-0.027875
-0.584551
-0.173683
-0.262916
-0.212774
-0.169560
-0.849281
-0.574985
0.031174
-0.108036
-0.024081
-0.504225
0.584551
-0.245927
-0.048493
-0.456557
-0.258133
-0.441547
-1.407937
-1.460553
-1.041933
-0.953029
-0.812500
-0.878971
-2.176563
-0.576469
0.205517
-0.147127
-0.113150
-0.472391
-0.396683
-0.543976
-1.263449
-1.473418
-1.928327
-1.568424
-1.529169
-1.564796
-1.893688
-0.333676
0.110510
0.087584
-0.168735
-0.426043
-0.596427
-0.828169
-1.422452
-2.373502
-1.715883
-1.417999
-1.281922
-1.238543
-1.876370
-0.938350
-0.806397
-0.103253
-0.177806
-0.579108
-0.553377
-1.596960
-2.306701
-1.911832
-1.440101
-1.013068
-0.961277
-1.088776
-1.497995
-1.047541
-1.172236
-0.384808
-0.101769
-0.584716
-0.319161
-1.277139
-1.221554
-1.103621
-1.090096
-0.742235
-0.764667
-0.766811
-1.005810
-0.363200
-0.381344
-0.495483
-0.030679
-0.614901
-0.302007
-0.623807
-0.495978
0.070265
-0.454907
-0.022927
0.089893
-0.184404
0.224320
-0.579438
-0.128324
-0.411858
0.026720
-0.555686
-0.153560
-0.560140
-0.371282
-0.333016
-0.055420
1.342291
1.946470
1.017521
0.046184
-0.315037
-0.207661
-0.312233
0.058389
-0.320316
0.076368
-0.205517
-0.362211
0.056905
0.182755
1.726108
1.752664
0.847138
0.330872
-0.085275
-0.177972
0.158014
0.158838
0.012865
0.416641
0.192486
0.057070
0.049977
0.085769
0.196775
0.152241
0.085439
0.027380
0.314543
0.448310
0.794851
0.222505
0.698361
0.667517
0.440063
0.331532
0.281225
0.313223
0.266545
0.315532
0.411363
0.281225
0.415322
0.945277
0.310419
-1.020649
-1.078236
-1.088853
-1.085314
-1.076145
-1.120059
-1.098022
-1.194216
-1.136467
-1.212553
-1.153357
-1.055877
-1.329337
-1.538453
-0.555123
-1.195985
-1.258881
-1.373895
-1.353626
-1.123116
-0.905796
-0.938450
-0.744937
-0.991372
-1.141293
-1.277701
-1.230891
-0.361289
-1.023544
-1.211588
-1.238934
-1.261133
-1.427460
-0.883597
-0.750245
1.271267
0.655499
-1.407514
-1.553413
-1.438077
-1.195181
-0.586169
-1.023062
-1.269176
-1.241186
-1.351053
-0.613998
-0.439788
-0.316248
0.747350
1.005850
-0.950514
-0.859629
-0.739307
-1.534110
-0.834053
-1.017914
-1.286227
-1.021453
-0.554963
0.355981
-0.354211
-0.463595
-0.208151
-0.160698
-0.165845
0.321396
-0.538233
-0.798664
-0.959522
-1.062150
-1.192768
-0.719360
0.205899
-0.388152
-0.563971
-0.288420
-0.077373
-0.023968
0.051797
-0.270564
0.088794
-0.864616
-0.604990
-1.059577
-1.161400
-0.840969
-0.658556
-1.141454
-1.117968
-0.415337
-0.276999
-0.277481
-0.229385
-0.481129
-0.489976
-0.578931
-0.829870
-1.049603
-1.073571
-0.942471
0.114532
-0.271690
-0.785795
-0.426919
-0.378179
-0.292763
-0.199626
-0.639735
-0.310457
0.299358
-0.759575
-1.048638
-1.106226
-1.050890
-0.644722
-0.938289
-0.776626
-0.616089
-0.471155
-0.337803
-0.404399
-0.402951
-0.722095
-1.435182
-0.638127
-1.054107
-1.135502
-1.087888
-1.107352
-0.586169
-0.290028
-0.542576
-0.905635
-0.615446
-0.941989
-0.382361
-0.102145
-0.376249
-0.451530
-1.019684
-1.223974
-1.134858
-1.099470
-0.169706
-0.336195
-0.219250
-1.119255
-0.625419
-0.443648
-1.178451
0.107454
-0.765044
-0.580217
-0.941667
-1.201132
-1.148049
-1.093196
-0.987512
-0.742363
-0.401021
-2.326822
-0.695392
-1.049603
-0.893892
-1.029335
-1.000863
-0.642631
-1.150783
-1.338184
-1.036735
-1.031909
-1.001346
-0.948906
-0.692497
-0.542576
-0.346490
-0.724025
-0.830675
-0.907082
-1.082901
-0.877806
-1.466388
-1.450624
-1.089175
-1.041239
-1.004241
-0.976734
-0.844026
-0.625258
-0.746867
-0.913678
-0.920756
-0.868637
-0.843382
-0.715178
-1.944292
-2.057561
-2.381862
-2.394909
-2.316434
-2.190307
-2.095380
-2.184634
-2.129985
-2.058885
-2.210729
-2.420627
-2.450126
-2.523306
-2.213565
-2.457122
-2.674395
-2.692926
-2.531248
-2.389804
-2.755895
-2.651514
-2.369003
-2.387156
-2.509124
-2.672314
-2.556209
-2.669288
-2.561315
-2.611236
-2.852145
-2.978273
-2.788230
-2.702003
-4.533971
-4.248436
-4.377399
-4.060284
-3.320159
-2.492105
-2.357468
-2.587410
-2.638466
-2.661346
-2.880699
-2.521226
-3.264186
-6.084563
-6.452357
-3.898606
-3.230338
-4.649698
-4.870942
-4.749163
-2.405688
-2.539190
-2.763837
-2.651703
-2.677798
-2.773292
-5.700130
-5.206588
-2.814326
-3.928672
-3.703269
-2.737552
-2.747764
-6.225630
-3.542915
-2.323809
-2.750789
-2.475654
-2.199383
-2.615585
-5.719419
-2.447668
-4.646105
-4.058960
-3.805949
-3.551047
-2.850632
-2.522550
-2.080063
-2.074202
-2.853847
-2.549779
-2.415143
-3.242062
-3.663370
-2.970520
-4.509767
-3.755649
-3.403362
-3.571091
-3.309570
-2.620312
-2.798820
-2.070042
-2.833614
-2.474330
-2.706352
-3.800843
-4.792277
-2.482650
-4.176200
-3.537810
-3.191195
-3.529678
-3.348145
-3.777962
-4.478944
-2.391695
-2.748142
-2.632415
-2.591759
-2.162888
-3.590000
-2.484730
-3.878940
-3.449502
-3.381805
-3.322996
-3.222963
-2.210540
-3.441749
-2.729421
-2.650946
-2.678365
-2.749655
-1.948641
-4.526974
-3.604750
-2.603672
-2.840232
-3.333774
-3.060341
-1.971711
-5.752510
-2.716941
-2.372407
-2.708054
-2.617287
-3.063555
-2.897717
-1.820245
-3.791955
-3.524573
-2.779721
-3.751300
-4.109071
-5.764612
-2.273320
-2.173099
-2.699166
-2.598945
-2.581926
-2.817729
-3.028194
-2.698977
-1.431462
-1.372464
-2.086114
-3.879129
-2.875593
-2.237770
-2.134145
-2.422706
-2.442940
-2.194278
-2.037517
-2.283342
-2.229639
-2.014825
-1.709812
-1.703194
-1.331241
-1.676153
-1.703950
-1.957340
-1.978140
-2.075903
-1.658945
-1.709623
-2.440293
-3.020063
-2.987160
-2.910576
-2.772913
-2.392262
-2.279371
-2.318703
-2.401150
-2.702759
-2.975625
-2.566042
-1.902313
1.136533
-0.056526
-0.331699
-0.175351
-0.109444
-0.055564
-0.031751
-0.054602
-0.015875
-0.013470
-0.132535
-0.209026
-0.259539
0.617697
0.634775
-0.524369
-0.707657
-0.483237
-0.345410
-0.624672
-0.649688
-0.258817
-0.385580
-0.850536
-0.756727
-0.651372
-0.626115
-0.197961
0.060134
-1.032381
-0.858233
-0.622748
-0.782464
-0.525331
-1.131722
0.100063
-0.947953
-0.737243
-0.990046
-0.876033
-0.831774
-0.628761
0.168135
-0.934483
-0.758651
-0.834420
-0.902732
-0.896719
-1.110556
-0.368020
-0.543852
-0.448840
-0.387023
-0.480110
-0.914759
-0.796174
0.111368
-0.971525
-0.875070
-1.099731
-1.241647
-0.595327
-0.977058
-1.355181
-1.211580
-1.181994
-0.234523
-0.520761
-0.610481
-0.743497
0.049550
-0.761297
-1.146636
-0.494542
0.202050
-0.452929
-1.611833
-0.919329
-0.909948
-1.081451
-1.184881
0.510418
0.104392
-0.676868
-0.003608
-0.816620
-1.352053
-0.945788
-0.735800
-1.529088
-1.029976
-0.992452
-0.896478
-0.706214
-1.523075
-0.886135
-0.648486
-0.683844
0.065907
-0.787515
-1.297211
-1.378753
-1.125228
-1.638051
-1.142306
-0.937610
-0.973209
-0.682401
-1.817972
-0.889743
-1.443939
-0.698036
0.074807
-0.803872
-0.960220
-0.792807
-0.600378
-1.240685
-1.696982
-1.124266
-1.023481
-1.348446
-1.575271
-0.373553
-0.980426
-0.705252
0.168135
-0.906821
-0.777894
-0.745181
-0.557322
-0.219369
-0.735079
-1.060283
-1.112479
-0.914759
-0.183770
-1.154333
-0.876033
-0.738205
0.135663
-0.924140
-0.804834
-0.784148
-0.941458
-0.181845
0.001924
-0.129409
-0.928950
0.334586
-1.016265
-0.590757
-0.858233
-0.457740
0.129890
-0.876273
-0.809164
-0.633813
-0.611683
-0.238612
0.034156
0.009622
-0.697314
-0.402898
-0.157551
-0.358399
-0.794731
-0.327370
0.319191
-0.801707
-1.005922
-0.965031
-0.933040
-0.706936
-0.585465
-0.715354
-0.749751
-0.771640
-0.866652
-0.796174
-0.850776
0.040169
0.825279
-0.774286
-0.897681
-0.795453
-0.750954
-0.677109
-0.666526
-0.500796
-0.478667
-0.552512
-0.651372
-0.809164
-0.900567
0.803150
-2.222979
-1.640978
-1.875592
-2.403680
-2.455450
-2.490238
-2.311186
-2.289258
-2.227596
-2.178463
-2.428411
-2.354053
-1.814424
-3.650612
-2.367737
-1.311892
-1.489130
-1.835199
-1.807005
-1.929670
-2.269143
-1.862402
-1.865205
-1.715006
-1.771557
-1.476435
-1.360859
-2.867137
-2.466990
-1.950444
-2.064537
-2.297502
-2.087948
-1.618391
-2.022988
-1.341899
-0.968957
-0.059024
-1.087666
-1.733967
-1.157077
-2.728809
-2.433851
-1.951434
-1.884825
-1.845090
-1.075300
-1.831736
-2.741174
-1.605531
-1.372071
-1.764303
-0.574252
-1.874603
-0.942907
-2.358999
-2.510847
-1.945828
-1.811786
-1.515015
-1.142403
-1.247592
-1.433239
-2.160657
-2.065526
-1.720117
-1.187743
-1.077114
-0.941588
-2.035683
-2.602846
-1.766611
-1.753421
-1.204725
-1.508420
-0.883223
-2.709024
-3.086418
-2.962763
-2.606308
-2.042278
-0.039734
0.186636
-1.914997
-2.627082
-1.638340
-1.159550
0.294463
-0.657842
-1.737594
-3.088067
-2.994089
-2.726336
-2.645713
-2.443908
-0.078809
0.168665
-1.845256
-2.619992
-1.660268
-1.676591
-0.529736
-0.766493
-1.385096
-3.142475
-3.127141
-2.881646
-2.867961
-2.437314
-0.527098
-0.586782
-1.983914
-2.563606
-1.801564
-1.678899
-0.770615
-0.161410
-1.075135
-2.791295
-3.049322
-2.930283
-2.747934
-1.565466
-0.043856
0.055232
-2.078056
-2.443744
-1.934287
-1.694232
-1.533646
-0.944061
-1.321290
-1.494077
-1.836188
-1.607509
-1.450715
-0.076996
-1.829922
-1.097888
-2.135761
-2.379278
-1.937090
-1.894223
-2.084321
-1.209012
-1.513697
-0.875309
-0.258191
-0.362885
-0.628824
-1.410816
-1.318982
-0.959065
-2.416870
-2.240950
-1.768095
-1.817722
-2.186213
-1.707092
-1.034741
-0.723956
0.747533
-0.558589
-1.032763
-1.576513
-1.380809
-1.147679
-2.119934
-1.757873
-1.293921
-1.444450
-1.821514
-1.698519
-1.555409
-1.748475
-1.551782
-1.556399
-1.768590
-1.750783
-1.496055
-1.141084
-1.607344
-2.113503
-0.922793
-1.272158
-1.784088
-1.817062
-1.905105
-1.818711
-1.806016
-1.708906
-1.743529
-1.925219
-1.691100
-0.703842
-2.328333
0.106999
0.116046
0.114954
-0.162215
-0.232092
-0.180932
-0.253305
-0.302749
-0.330824
-0.178124
-0.141626
-0.115734
0.026516
-0.448586
0.648079
0.887657
0.812789
0.714524
0.775199
0.513628
0.059583
0.150516
0.147865
0.354377
0.331760
0.814037
0.894052
0.130708
0.875491
0.736205
0.704542
0.808734
0.290583
0.099980
-0.171261
0.983738
0.424098
0.608461
0.005303
0.496314
0.972664
0.480561
0.938818
0.781750
0.797816
0.533281
-0.070033
0.204328
1.423590
0.391343
0.131019
0.395866
0.346110
0.071749
0.756638
0.637941
0.885162
0.761785
0.624215
-0.161747
-0.029791
0.821056
0.270306
-0.008423
0.255176
0.113394
0.032911
0.451238
0.423630
0.947864
0.803275
0.870812
0.317566
-0.145837
0.425346
0.525950
-0.137571
0.387287
0.547475
0.554961
0.317098
0.533437
0.814193
0.823395
0.783154
0.981087
0.447494
-0.360460
0.032755
0.194034
0.420822
0.602534
0.563696
0.563696
0.298693
0.174381
0.053967
0.804522
0.844764
0.847572
0.723571
0.199025
-0.528758
-0.191538
0.237863
0.325209
0.297446
0.359368
-0.070345
-0.681614
-0.531565
0.758042
0.854435
0.847884
0.839305
0.843516
-0.633417
-0.101228
-0.189822
0.170949
0.132891
0.062390
-0.257360
0.080327
0.949892
0.934138
0.925872
0.797660
0.897952
0.711249
0.249561
-0.329265
-0.503646
-0.230376
-0.320374
-0.372002
-0.019965
0.598167
0.828699
0.887346
0.941157
0.717332
0.771924
0.976876
0.598011
0.283252
0.118074
1.483485
1.622147
0.671319
0.541080
0.403353
0.930083
0.703606
0.952855
0.789861
0.764593
0.791576
0.901695
0.703762
1.093545
2.814893
1.960458
1.246869
0.474478
0.980931
0.983427
0.729654
1.426398
0.814661
0.663520
0.628270
0.736205
0.951764
0.817001
0.624215
0.659309
0.639032
0.765529
0.850379
0.615948
0.740884
-0.215871
-0.085631
-0.226009
-0.384324
-0.371534
-0.461220
-0.312887
-0.296978
-0.194814
-0.256736
-0.354065
-0.462312
-0.280133
-0.684421
-2.438380
-1.166574
-0.824686
-1.287838
-1.296419
-1.325776
-1.352874
-1.351971
-1.454718
-1.341357
-1.274741
-1.176058
-1.211286
-3.131188
-1.263902
-1.268870
-1.530367
-2.012939
-1.880384
-1.652986
-1.647115
-1.754829
-1.474815
-1.001727
-1.411587
-1.659083
-1.257127
-2.568224
-1.464428
-1.523818
-1.423781
-1.865706
-1.712602
-1.803154
-2.951212
-1.166122
-2.186592
-1.846060
-1.205415
-1.432136
-1.602177
-2.033940
-1.408877
-1.506882
-1.436427
-1.589757
-1.983809
-3.964456
-3.722154
-1.790283
-1.585692
-1.199769
-2.870821
-2.603452
-1.386295
-1.842898
-1.436426
-1.458105
-1.309066
-1.598337
-2.671198
-4.386509
-2.899724
-3.191030
-2.680682
-2.113654
-1.823930
-3.075185
-1.652986
-1.708085
-1.490171
-1.318776
-1.447040
-1.135863
-4.006457
-2.587646
-3.296938
-2.832431
-2.566644
-2.528707
-2.113654
-1.371165
0.451635
-1.935257
-1.459234
-1.214222
-1.529915
-0.608127
-2.659681
-2.696489
-3.110865
-2.864949
-2.764912
-2.676842
-2.503415
-1.948355
-0.695067
-1.933226
-1.486106
-1.314033
-1.378843
-0.947983
-3.479851
-2.226111
-2.994794
-2.774396
-2.610904
-2.625808
-2.466607
-1.831156
-1.937064
-1.982454
-1.480912
-1.315162
-1.211286
-0.766200
-2.798108
-2.509286
-2.912145
-2.621970
-2.552869
-2.263596
-2.523738
-1.216480
-0.525930
-2.160850
-1.419038
-1.550464
-1.359874
-1.014599
-2.499576
-3.704314
-2.482640
-2.297018
-2.569128
-2.848239
-2.085426
-4.515224
-1.313130
-1.746926
-1.421296
-1.552948
-1.424910
-1.352422
-0.531575
-2.112073
-3.044475
-0.768232
-1.181930
-2.358666
-2.847562
-1.170413
-1.005792
-2.074136
-1.390811
-1.347906
-1.357390
-1.583886
-1.395102
-0.956790
-0.762134
1.086861
0.259239
-1.565820
-1.142638
-1.467363
-1.366423
-1.947677
-1.326453
-1.199543
-1.265934
-1.495139
-1.402554
-1.267967
-1.272483
-1.203382
-1.017534
-1.359874
-1.558594
-1.508237
-1.187801
-1.903644
-1.496719
-1.424007
-1.482719
-1.879030
-1.854641
-2.017681
-1.922160
-1.921031
-1.907934
-1.907708
-2.050651
-1.796606
-1.457428
-2.692877
0.026877
0.093506
0.084976
0.119417
0.129073
0.209704
0.254284
0.187494
0.162710
0.209865
0.180896
0.063249
0.030095
0.402509
0.339260
0.186851
0.016898
0.060352
0.051822
-0.061479
-0.069204
0.108795
0.178482
0.113784
0.064698
-0.121509
0.098978
0.051822
0.215498
-0.010300
-0.037338
-0.107829
-0.098656
0.183471
-0.529330
-0.030579
-0.475737
-0.457390
0.025911
0.205680
-0.001609
0.067434
0.232558
0.032510
-0.061318
-0.089804
-0.187173
-1.054958
-1.217507
-0.399935
-0.475093
-0.658242
-1.056406
-0.502453
0.162549
0.091414
0.163515
0.090126
-0.064376
-0.314154
-1.277376
-0.894662
-0.394462
-0.679164
-0.676268
-0.292588
-0.931035
-0.978995
-0.192001
0.172688
0.206485
0.113462
-0.064859
-0.028003
-0.661461
-0.529813
-1.364928
-0.792788
-0.625250
-0.595476
-0.601270
0.281644
0.857807
0.326224
0.164802
0.056007
-0.360182
-0.633780
-0.740321
-0.954854
-1.059142
-0.530135
-0.408143
-0.518869
-0.968695
-1.003458
-0.504545
0.310774
0.164158
0.101070
-0.274080
-0.733240
-1.412726
-0.861348
-0.941174
-0.458517
-0.386576
-0.443549
-0.939082
-1.461008
-1.663470
0.118451
0.200853
0.083045
-0.129395
0.034602
-0.605937
-0.551861
-0.815480
-0.461414
-0.462379
-0.457390
-0.888386
-0.162227
-0.593062
0.015450
0.258147
0.052788
-0.094954
0.252997
-0.276011
-0.396555
-0.401222
-0.369678
-0.808882
-0.519995
-0.343606
-0.935380
0.253962
0.085459
0.185241
0.041683
-0.170757
-0.051983
0.427294
0.103484
-0.237547
-0.368551
-1.069764
-1.020678
-0.814836
0.400256
-0.016255
-0.046190
0.190069
0.067112
-0.007242
-0.044419
-0.165607
0.418604
0.951152
0.295646
-0.491348
0.220487
0.610604
0.236098
-0.124889
0.095598
0.307877
0.254445
0.043293
0.135833
0.084815
0.108956
0.149835
0.306107
0.185563
0.134706
0.030578
0.077412
0.148386
0.461413
0.524180
0.096403
-0.177355
-0.019635
-0.007081
0.071940
0.219843
0.271183
0.227085
0.226442
0.118613
-0.086102
-0.074676
0.798099
-0.432683
-0.827183
-1.050684
-1.336027
-1.409697
-1.471954
-1.639217
-1.651668
-1.642952
-1.559113
-1.521966
-1.345158
-0.999219
-0.698727
-1.168972
-1.226040
-1.356987
-1.758127
-1.937426
-1.702511
-1.898412
-2.685958
-2.342923
-1.635896
-1.491876
-1.677816
-1.497272
-0.871385
-1.135353
-1.016235
-1.373173
-1.947179
-1.741525
-1.581318
-1.769333
-2.639266
-1.791538
-0.096290
-0.303397
-1.466973
-1.315275
-0.945263
-1.046326
-1.099452
-1.594184
-1.545209
-1.460955
-1.820798
-1.913561
-1.689852
-1.946349
-0.567573
-0.881554
-1.657686
-1.642122
-0.803940
-1.098414
-1.020178
-1.453692
-1.446844
-2.051355
-1.966064
-1.345988
-1.693795
-1.738205
-1.415508
-0.803525
-2.206582
-1.929540
-0.872838
-1.134938
-0.986560
-1.040100
-1.974157
-2.558954
-0.954809
-1.613691
-1.767258
-1.607881
-1.358024
-0.746872
-0.839842
-0.198184
-1.229361
-1.147389
-0.977636
-0.815147
0.294059
-0.054993
-0.471698
-1.872056
-1.539399
-1.290164
-1.453899
-1.080982
-0.468170
0.080103
-1.212136
-1.123939
-0.898363
-1.228323
-1.494989
-1.833042
-0.791697
-1.947387
-1.427544
-1.200515
-1.548530
-1.268582
-0.509882
-0.638753
-1.174990
-1.115016
-1.010632
-1.459502
-1.600203
-1.854417
-1.225210
-1.795481
-1.834287
-1.752939
-1.632991
-1.168349
-1.415715
-1.654366
-1.567207
-1.071851
-1.076209
-1.652498
-1.500592
-2.137892
-0.881761
-0.820542
-1.730319
-1.573017
-1.394548
-0.585835
-2.341471
-1.393718
-0.919115
-1.110243
-1.043006
-1.570112
-1.696908
-0.926793
-0.554291
-0.072010
-0.423760
-1.267752
-1.520099
-1.081190
-1.046326
-1.057117
-1.056080
-1.034290
-1.017896
-1.535871
-1.968969
-1.689022
-1.170632
-0.060181
0.626924
-1.071851
-1.123524
-1.124977
-1.362175
-1.305106
-1.173122
-1.013745
-0.808921
-1.314237
-1.573432
-1.570734
-1.488971
-1.653951
-1.601448
-1.545624
-1.397246
-1.432110
-1.383549
-1.301993
-0.991955
-0.540803
-0.672164
-1.277298
-1.481292
-1.470294
-1.522382
-1.680513
-1.723886
-1.619709
-1.574055
-1.558906
-1.307596
-0.863914
-0.662618
-0.510463
0.143703
-0.115053
-0.230788
-0.269442
-0.297865
-0.253071
-0.138018
-0.098909
-0.119828
-0.247614
-0.226013
0.002501
-1.073904
0.438839
0.842889
0.266259
0.194635
0.323558
0.478857
0.683724
0.680314
0.653938
0.828564
0.620513
0.521604
0.746480
0.037290
0.134607
0.397911
-0.007958
0.051842
0.405642
0.303776
-0.045930
-0.691455
-0.776949
0.112097
-0.038199
0.624834
0.750118
-0.031378
0.153025
0.294681
0.082993
0.521604
0.269670
0.047977
0.306050
0.106413
0.354254
0.720787
0.525242
-0.019554
1.281727
0.088450
0.122784
0.247159
0.226013
0.589363
-0.265122
0.019327
0.158027
-0.010005
0.038882
0.153252
0.129378
0.270807
1.109830
0.666443
0.118009
0.413372
0.483859
0.090496
-0.298092
0.183494
-0.147568
-0.717831
-0.856531
-0.517056
0.131197
0.207368
-0.206004
0.673265
0.189860
0.490453
0.534792
-0.196454
0.099364
0.140065
-0.552982
-0.857441
-0.901779
-0.615738
-0.009322
0.917923
0.051387
0.715330
0.150524
0.423604
0.587998
0.063666
0.101638
0.343795
-0.499548
-0.794912
-0.801961
-0.458166
0.056389
0.601868
0.553210
0.668717
0.168487
0.355846
0.318101
0.071624
0.286496
0.225331
-0.333335
-0.631882
-0.575947
-0.444296
0.053888
0.264667
0.379720
0.573219
0.148705
0.247614
0.195545
0.478175
-0.354254
-0.129605
0.027740
0.092088
0.101865
-0.068213
0.116645
-0.452027
0.411781
0.305595
0.213962
0.275127
0.078673
0.208732
0.023193
-0.517739
-0.026148
-0.226695
0.266714
-0.199638
-0.690545
-0.132334
1.025245
0.036608
0.203958
0.312644
-0.017963
0.009550
0.187586
0.441112
-0.409280
0.335609
0.669172
-0.257846
-0.091178
0.565943
0.493182
0.024102
0.355391
0.474992
0.042747
-0.244658
-0.206004
0.101865
0.383586
0.237382
0.338793
0.263531
0.183948
0.010459
0.425423
0.235563
0.160529
0.223740
0.003183
-0.279902
-0.316509
-0.401321
-0.361076
-0.324468
-0.273762
-0.353572
-0.384495
-0.207596
0.218737
-0.346523
0.384604
-0.185075
-0.191645
-0.506048
-0.613790
-0.547343
-0.506423
-0.625239
-0.616417
-0.429840
-0.473575
-0.465504
-0.373529
-0.173250
-0.411070
-0.351943
-0.461187
-0.849357
-0.912613
-1.001397
-1.070847
-0.706139
-0.548281
-0.492721
-0.529511
-0.469446
-0.444856
-0.852923
-0.882205
-1.179902
-1.000834
-1.201676
-1.301534
-0.965170
-0.642508
0.373342
0.215484
0.762451
-0.398118
-1.257987
-0.714211
-1.024109
-0.709330
-1.184407
-0.951467
-1.248414
-0.745557
-0.361704
-0.008259
-0.284933
0.267289
1.387503
1.001772
-1.023733
-0.898911
-0.830211
-0.779719
-1.106698
-1.088866
-1.268310
-1.174083
-0.250584
-0.920872
-1.378868
-1.319553
-0.978497
-0.633686
-0.224681
-0.919183
-0.927817
-0.861745
-0.971927
-1.076478
-1.020730
-1.153811
-0.937202
-1.775109
-1.556810
-1.405709
-1.157753
-1.202802
-0.020835
-0.301264
-1.457327
-0.889338
-0.942458
-1.286142
-0.944710
-1.611620
-1.289146
-1.638837
-1.423353
-1.371923
-1.321618
-1.691769
-1.130912
-0.692625
-1.268498
-0.833778
-0.895532
-1.313547
-1.197547
-1.484357
-1.556811
-1.788811
-1.451133
-1.312421
-1.355780
-2.094204
-1.553807
-0.777467
-1.072911
-0.789480
-0.957849
-1.111015
-1.312608
-0.860995
-1.896553
-2.039208
-1.728559
-1.596979
-1.587030
-1.760656
-1.780740
-1.192854
-1.302097
-0.743680
-1.054892
-1.017539
-1.292712
-0.094227
-0.075644
-1.492053
-1.378868
-1.174647
-1.237527
-0.782534
-0.527821
-0.120318
-0.867189
-0.726224
-1.114957
-0.932322
-1.114769
-0.598210
0.276862
-0.142279
0.216797
1.071785
0.101923
-0.132331
0.033974
-0.403374
-1.098064
-0.665971
-0.943396
-0.848981
-1.122090
-0.954846
-0.702010
0.488028
2.782700
1.251793
0.580942
-0.054434
-0.490093
-0.622236
-1.025610
-0.283807
-0.429465
-0.439413
-0.668599
-0.515245
-0.174752
-0.127263
-0.127826
-0.047864
-0.077897
-0.239134
-0.314027
-0.326228
-0.536268
-0.036602
-0.114311
-0.351380
-0.572119
-0.637628
-0.674981
-0.569492
-0.643634
-0.609097
-0.577938
-0.660715
-0.567239
0.024214
-0.156732
1.105414
1.290373
1.390694
1.243897
1.166815
1.014918
0.957673
0.853952
0.788016
0.841860
0.958239
1.192320
1.229350
1.263924
0.772146
0.507270
0.305496
0.220667
0.191005
0.172680
0.258075
0.101643
0.093519
0.556202
0.381255
0.319854
0.416585
0.283391
0.712823
0.673148
0.732660
0.651232
0.509726
0.335157
-0.080672
0.649721
0.712634
0.634229
1.144333
0.538254
0.471562
0.786882
0.784048
0.639519
0.679005
0.344226
-0.045532
0.645753
1.121850
0.614580
0.449836
1.080097
0.399959
0.333457
0.132249
0.869632
0.791417
0.618737
0.429054
0.102021
1.052325
-0.125448
-0.614014
-0.268844
-0.023427
-0.052144
0.235403
0.415073
-0.134705
0.674848
0.789149
0.644053
0.043642
0.093519
0.484599
-0.578495
-0.119213
0.204797
0.321365
0.282824
-0.214055
0.034763
0.840538
0.450969
0.809176
0.804830
0.058756
0.814088
-0.337802
-0.387112
-0.054600
0.037408
-0.037974
0.074626
-0.348382
-0.356317
1.244086
0.368408
0.761944
0.730204
0.251462
1.094834
0.420741
-0.502169
-0.040431
0.010580
-0.135272
-0.092386
-0.616659
0.058378
0.785938
0.576417
0.790661
0.796140
0.595499
0.690907
0.682972
-1.143010
-0.273000
-0.033629
-0.094275
-0.088985
-1.001504
-0.509915
0.506325
0.702054
0.748908
0.613069
0.613636
0.276779
1.020019
-0.367086
-0.835248
-0.412617
-0.663702
-1.021908
-0.338747
-0.576795
0.219534
0.885502
0.685995
0.591342
0.722269
0.570749
0.471940
0.538632
-0.209332
0.177970
-0.014736
0.183259
-0.278668
0.704132
0.832980
0.888525
0.607590
0.661245
0.593987
0.773280
0.660301
0.638196
-0.058001
1.149056
1.089733
0.715279
0.602489
0.736439
0.542788
0.556202
0.652555
0.716223
0.506514
0.663135
0.619304
0.694686
0.675982
0.515772
0.698464
0.726992
0.512560
0.540143
0.617414
0.408461
0.731149
0.677493
0.750419
0.620815
0.604756
0.489133
0.508403
0.483465
0.505381
0.552801
0.588698
0.525785
0.644242
0.548267
-2.207378
-1.297790
-1.046073
-1.444350
-1.563979
-1.627183
-1.695884
-1.679579
-1.669136
-1.573323
-1.588345
-1.462120
-1.539980
-3.256566
-2.273697
-1.704494
-1.853619
-2.266735
-2.328473
-2.282307
-2.180264
-2.434913
-2.027659
-1.661808
-2.208661
-2.252262
-1.951997
-2.794352
-2.158464
-1.578635
-1.862596
-2.439126
-2.178066
-2.110282
-2.522666
-3.180903
-2.741040
-2.571763
-2.122740
-1.604833
-1.837864
-1.985889
-2.118343
-1.840978
-2.245850
-2.120908
-2.283223
-3.511397
-4.155895
-3.468528
-3.035259
-2.832824
-2.764673
-2.993124
-1.332231
-1.971050
-2.134831
-1.820093
-1.882931
-1.925617
-2.772551
-4.076570
-2.660432
-2.851510
-2.865250
-2.474850
-2.747818
-3.677010
-2.186860
-1.746081
-2.191806
-1.869924
-1.587063
-2.035354
-4.208291
-2.753498
-3.064388
-3.383340
-3.037458
-2.960697
-2.368594
-2.129885
-2.152418
-1.584315
-2.193638
-1.903083
-1.296507
-1.183473
-3.810746
-2.162311
-3.527335
-3.232749
-2.823663
-3.148477
-2.719056
-1.755424
-1.720616
-1.666755
-2.231377
-1.925617
-1.598055
-1.418519
-4.079684
-1.866076
-3.429873
-3.133271
-2.682966
-3.124661
-2.477965
-1.815147
-2.516254
-1.744065
-2.179898
-1.982225
-1.673533
-1.404046
-3.484467
-2.496102
-2.724186
-3.099013
-2.915080
-2.614266
-2.481629
-2.004576
-2.452317
-2.124572
-2.106252
-1.946135
-2.034254
-1.817711
-2.952453
-3.714017
-2.359251
-1.981126
-2.211592
-2.295314
-2.223866
-3.478971
-2.375006
-2.067596
-2.093611
-1.780705
-2.217454
-2.114679
-1.426763
-2.726385
-2.280658
-0.981037
-1.286065
-1.692769
-2.580740
-2.282307
-1.454975
-2.295131
-1.999446
-1.573506
-1.931296
-2.299711
-1.791147
-1.311896
-1.660343
-1.357330
-1.491249
-1.939540
-1.975264
-1.915357
-1.946135
-1.890442
-1.945768
-1.318858
-1.402763
-1.731607
-1.680861
-1.635428
-1.264814
-0.809561
-0.754784
-1.380779
-1.776308
-1.811483
-1.507920
-1.534118
-2.383250
-1.525508
-1.623153
-1.899602
-1.868092
-2.071444
-1.837497
-1.911510
-1.870107
-1.779057
-1.993401
-1.810017
-1.308232
-3.020421
-0.294929
0.599174
0.374413
0.317367
0.341706
0.292266
0.331628
0.494590
0.443629
0.365475
0.337713
0.266786
0.211451
-0.850558
-0.025481
0.493829
0.099640
-0.080245
-0.156306
0.023199
0.231037
0.034608
-0.184449
0.196429
0.060089
-0.094506
0.096408
-0.494019
0.011790
0.748445
0.247960
-0.039932
0.188442
0.459602
-0.966552
-2.278423
-2.676035
-2.142843
0.188633
0.288653
0.533001
-0.173610
-0.080055
0.617049
0.197380
0.293597
0.526536
-0.919013
-2.823593
-0.950008
-1.229534
-2.416284
-0.556960
0.446481
0.744072
-0.130065
-0.089562
0.577117
0.314895
0.643861
0.665728
0.356348
0.224572
0.305577
0.334290
0.361863
0.013691
0.137291
0.701097
0.278385
-0.100972
0.544600
0.474624
0.562475
-0.308049
0.961037
0.278195
0.137291
0.014261
0.206127
0.416627
-0.097359
0.952670
0.711555
-0.104965
0.475194
0.621613
2.207495
2.448230
1.163931
0.233509
0.147179
0.173801
0.184259
0.552397
1.487763
2.012587
0.757002
-0.097739
0.618760
0.466257
1.543669
1.911806
1.633041
0.247580
0.079674
0.131777
0.211071
0.786856
1.863317
2.279373
0.427656
-0.105916
0.556960
0.232558
1.181235
1.876057
1.402384
0.350453
0.050961
0.052672
0.280287
0.563806
1.195307
2.106523
0.071878
-0.073019
0.559623
0.272680
0.406739
-0.473103
-0.307669
0.301204
0.534712
0.561714
0.368518
-0.526726
-0.906463
0.187872
-0.151553
-0.044876
0.656981
0.168476
0.030234
0.108958
-1.547851
0.100591
-0.638156
-2.010496
-1.711764
-0.787617
0.034988
0.655650
-0.301774
-0.038791
0.627317
0.173040
-0.045827
-0.026622
0.267356
0.137481
-1.298940
-1.793910
-0.569701
-0.108007
0.388864
0.231607
-0.251764
0.141284
0.855312
0.420430
0.235981
0.264694
0.250623
0.404077
0.659453
0.709083
0.498583
0.410352
0.162201
0.294548
0.014262
-0.041263
0.409211
0.139573
0.005705
-0.007986
-0.032326
0.043165
0.093556
0.076442
0.005134
-0.088802
0.022628
0.084618
-0.626176
-1.867608
-1.558338
-1.540354
-2.005258
-1.971512
-1.833639
-1.577653
-1.657802
-1.715082
-1.439559
-1.622945
-1.811437
-1.962409
-3.377546
-1.819874
-2.503242
-2.853142
-3.280968
-2.992124
-2.517673
-2.887110
-3.252328
-2.921301
-2.114269
-2.036340
-2.383797
-2.629348
-3.266981
-2.745685
-2.959931
-3.014770
-3.096250
-2.988794
-2.732364
-4.080229
-3.447037
-3.951681
-3.031421
-2.257691
-2.615583
-1.874712
-2.922855
-2.685741
-2.826277
-2.568516
-2.597156
-2.822725
-4.294920
-5.400565
-3.758749
-3.581579
-3.998305
-3.161745
-3.682375
-2.156229
-2.530107
-2.832716
-2.634233
-2.544760
-2.970810
-3.393753
-4.264726
-3.835345
-3.190830
-2.939062
-2.888441
-3.480561
-3.042966
-3.063835
-2.150013
-2.930847
-2.413992
-2.670643
-2.689515
-3.788721
-2.580948
-3.574697
-3.355344
-3.415732
-2.933511
-3.064723
-1.721298
-1.082555
-2.753456
-2.939284
-2.326961
-3.111125
-1.007957
-1.375396
-2.095397
-3.305612
-3.326038
-3.508091
-3.221245
-2.832716
-2.037229
-1.704203
-2.457951
-2.915084
-2.272567
-3.036305
-2.707720
-3.637084
-2.123815
-3.398415
-3.511422
-3.520524
-3.196824
-2.839376
-2.874455
-2.504575
-2.495028
-2.867128
-2.449292
-2.715935
-2.704834
-2.529440
-3.509646
-3.099580
-2.942392
-3.094696
-2.496582
-3.344242
-3.210589
-2.363372
-3.028979
-2.762115
-2.731476
-2.709052
-3.085593
-3.376213
-3.202152
-3.913495
-2.988350
-3.238785
-3.269201
-4.149277
-5.235828
-2.730588
-2.578950
-2.728146
-2.887332
-2.858248
-3.016546
-1.990827
-3.396639
-2.978358
-1.464647
-2.291216
-4.434347
-4.778030
-1.995490
-1.890031
-2.824057
-2.688183
-2.642891
-2.876009
-3.024539
-2.717045
-2.112270
-1.616950
-1.736618
-3.224132
-3.102022
-2.441966
-2.097395
-2.149347
-2.762114
-1.989717
-2.135582
-2.283890
-2.701060
-2.289662
-1.963741
-1.998598
-2.256360
-2.104278
-2.170883
-2.234824
-2.379801
-2.398228
-2.333843
-1.860059
-1.851845
-2.148459
-2.521892
-2.585167
-2.669755
-2.372030
-2.333843
-2.395786
-2.440856
-2.608034
-2.511457
-1.833861
-2.731920
-0.626283
-0.818453
-0.476452
-0.488722
-0.614013
-0.500300
-0.416831
-0.448974
-0.336817
-0.334398
-0.424780
-0.429100
-0.796160
-0.248681
-0.020047
0.034045
0.122180
-0.000691
-0.022466
0.234856
0.058584
-0.204959
-0.493906
-0.298452
0.127019
0.168149
-0.187505
-0.179210
0.096604
-0.090037
-0.108528
-0.176790
-0.202194
-0.077421
0.533999
0.877729
0.167458
0.387106
-0.422879
-0.703186
-0.268555
-0.393155
0.183184
-0.062559
-0.096604
0.011233
0.181110
1.511615
3.025306
0.387970
0.591893
1.621525
0.448110
0.442580
-0.429964
-0.533999
0.199775
-0.028515
0.027996
0.053054
0.774731
0.765226
-0.410609
-0.419769
-0.371553
-0.065151
1.085799
1.960936
0.139635
-0.523285
0.211526
-0.044932
-0.169186
-0.079149
1.131940
-0.061868
-0.186295
-0.086926
-0.045969
0.056683
-0.271320
1.014599
-0.478871
-0.639762
0.216711
0.007949
-0.616605
-1.503839
-1.555165
-0.663611
-0.071200
-0.142918
-0.091938
0.044759
-0.235893
-1.541513
-1.311150
-0.455196
0.239522
0.008814
-0.405598
-0.603298
0.071027
-0.564933
-0.090037
-0.070336
-0.023849
0.070336
-0.532790
-0.736884
-0.644601
-0.625073
0.193899
0.036118
-0.191134
-1.102216
-0.174716
-0.045277
0.001555
-0.112330
-0.013998
0.024367
-0.044932
0.327312
-1.309249
-0.681411
0.208243
-0.027305
-0.146893
-0.967247
1.014426
1.494334
0.183184
-0.590164
-0.538493
-0.243324
1.387016
1.959726
0.676572
-0.411473
0.217229
-0.042513
0.040784
-0.111811
-0.231918
2.308640
0.600188
-1.880577
-1.097204
-0.611939
1.748373
1.331197
-0.147757
-0.444481
0.201330
-0.022293
0.035773
-0.169532
-0.102998
-0.683658
-0.321955
-1.205214
-0.372763
-0.789939
0.126328
-0.020220
-0.037328
-0.423570
0.254557
-0.035427
-0.058239
-0.143955
-0.188887
-0.141536
-0.319363
-0.341483
-0.273394
-0.143955
-0.048734
-0.019183
-0.167458
-0.282380
-0.593966
-0.449838
-0.179555
-0.228462
-0.269419
-0.200984
-0.246607
-0.152077
-0.168322
-0.291712
-0.269419
-0.168495
-0.111120
-0.010715
-2.382994
-0.992768
-0.771176
-0.819759
-0.777331
-0.744796
-0.640814
-0.586076
-0.641034
-0.651366
-0.767219
-0.827453
-0.894722
-1.459035
-1.883093
-0.526061
-0.843501
-0.866144
-0.932533
-0.831190
-1.023984
-1.077623
-1.169734
-1.016510
-0.983095
-1.117413
-0.771176
-1.191278
-1.618633
-0.446042
-0.759744
-1.017609
-1.007277
-1.039372
-1.779992
-2.240762
-2.218339
-2.320781
-0.850536
-1.167535
-0.857130
-0.943965
-1.580602
-0.386247
-0.739739
-0.815582
-1.013652
-1.870782
-3.183408
-2.437953
-2.053464
-2.059180
-1.657544
-1.549825
-0.762162
-1.035196
-1.587856
-0.432632
-0.840423
-0.866583
-1.991691
-2.796061
-1.915189
-1.762185
-1.619733
-1.052123
-1.871003
-2.064236
-1.386489
-0.973422
-1.599508
-0.510014
-0.696872
-0.943305
-2.714723
-1.455957
-1.721955
-1.355932
-1.298336
-1.496626
-1.403417
-1.769879
-0.614654
-0.495505
-1.572029
-0.566731
-0.717756
0.766119
-0.183561
-1.353295
-1.892985
-1.614896
-1.582801
-1.561696
-1.323837
-1.109060
0.100903
-0.652685
-1.590055
-0.450219
-0.671811
-0.357889
-1.021346
-0.836906
-1.751632
-1.663040
-1.600607
-1.725253
-1.479259
-0.884170
0.211040
-0.856251
-1.596210
-0.432632
-0.581679
-0.241597
-0.956056
-1.533998
-1.449362
-1.471785
-1.566533
-1.378135
-1.508717
-0.375036
0.086395
-1.111038
-1.549605
-0.413507
-0.794917
-0.305788
-1.505639
-2.254832
-1.458155
-1.678868
-1.901999
-1.557520
-1.900020
-2.212404
-0.397459
-0.766339
-1.533557
-0.368880
-0.744136
-0.867682
-0.604762
-1.725472
-1.838907
-2.670756
-2.909715
-2.943570
-2.052585
-0.921982
-0.770736
-0.875157
-1.568731
-0.412627
-0.771835
-0.809866
-0.743037
-0.601025
-0.788982
-1.880015
-1.475522
-1.773836
-0.989251
-0.992768
-0.749412
-0.827453
-1.677769
-0.433731
-0.606520
-0.541010
-0.506276
-0.355251
-0.437688
-0.433292
-0.382070
-0.371958
-0.432192
-0.615534
-0.603223
-0.744356
-1.822419
-0.180703
-0.214997
-0.265339
-0.264899
-0.130141
0.080899
0.128163
0.064851
0.036492
-0.195432
-0.235881
-0.205544
-1.139836
-1.247589
-0.463597
-0.620476
-0.451529
-0.467620
-0.604185
-0.807524
-0.946502
-0.774941
-0.741956
-0.660299
-0.808730
-0.871482
-1.237734
-1.361226
-0.144610
-0.640790
-1.069793
-0.930412
-0.746984
-0.486928
-0.307724
-0.262671
-0.694289
-1.327436
-1.417138
-0.555713
-1.187251
-1.220839
-0.269510
-0.838296
-1.429407
-1.216816
-1.299479
-1.643205
-0.506035
0.029767
-1.558128
-1.628925
-1.427999
-0.539221
-0.859816
-1.337693
-0.249397
-0.969632
-0.890388
-0.834877
-1.794452
-1.863439
0.145817
-0.562551
-2.385162
-2.833071
-1.450727
-0.348150
-0.736325
-1.298474
-0.384956
-0.938859
-0.795657
-1.487935
-1.369270
-1.109012
-1.199721
-1.218627
-1.421764
-0.745778
-0.755029
-0.212390
-0.413919
-1.390388
-0.444490
-0.700725
0.543243
-0.372084
0.501811
-1.332665
-1.421764
-1.222649
-1.585482
-0.651852
1.320598
4.104794
0.508650
-1.307524
-0.572406
0.111826
3.535002
3.180819
0.218424
-1.537211
-1.178602
-0.790026
-1.406680
-0.399840
0.778360
2.216617
0.367257
-1.370678
-0.425785
-0.263878
-0.075221
0.015286
0.369872
-1.905474
-1.623897
-1.478683
-1.962393
-0.357000
-0.432825
-0.121078
0.291030
-1.360018
-0.400644
-0.340910
1.116052
1.977880
0.538215
-1.915933
-1.889987
-1.902457
-1.605594
-0.689663
3.685246
4.299084
0.554707
-1.357203
-0.315367
-0.566574
0.980090
2.156681
-0.297466
-1.153864
-1.788016
-1.858008
-1.262070
-0.407684
-0.508448
0.678601
0.503420
-1.362231
-0.206758
-0.847347
-0.691071
-0.544852
-1.162110
-1.049881
-1.756841
-2.258451
-1.097548
-1.478080
-1.018103
-0.402857
-0.435439
-1.501008
-0.370274
-0.896019
-1.313760
-0.649237
-0.145616
0.240749
-0.547668
-1.483309
-0.678601
-0.557523
-0.643605
-0.371682
-0.604185
-0.997588
-0.413718
-0.879326
-1.060340
-0.728883
-0.449116
-0.541634
-0.584876
-0.507241
-0.745577
-0.751409
-1.036808
-0.654064
-0.721642
-1.283792
-0.249196
-0.912914
-0.823010
-0.711586
-0.745577
-0.654466
-0.675383
-0.625906
-0.711787
-0.869873
-0.907081
-0.635963
-1.343124
0.749229
1.232920
1.230509
1.188891
1.231767
1.244976
1.196544
1.166667
1.172433
1.191302
1.232396
1.167506
1.078923
0.586531
0.827119
0.953860
0.744931
0.664945
0.661066
0.758769
1.303681
1.318987
1.502232
1.338905
0.812337
0.478974
0.738956
0.955118
0.670815
0.807829
0.606868
0.527511
0.887292
1.294142
1.241517
1.110373
0.920104
1.207446
1.633585
1.120541
0.628358
0.927547
0.645341
0.714320
0.539567
0.877752
1.575090
0.987720
0.139530
1.532109
1.290682
1.125049
1.747747
1.803307
1.121904
0.782041
0.621754
0.670082
0.719771
1.540286
1.433672
1.574356
1.897026
1.095696
0.916120
1.333873
2.166548
1.354630
1.860755
0.856262
0.608860
0.661485
1.018645
1.874173
1.695121
1.908034
0.880583
0.671968
0.637898
0.642825
1.252419
2.142436
2.456406
1.073367
0.597119
0.604143
1.266466
2.357131
2.525699
1.542277
0.779106
0.740947
0.852488
0.830683
0.988768
2.314884
2.261944
1.158280
0.613787
0.674065
0.987930
1.979948
1.601402
1.757706
0.791057
0.709812
0.790008
0.773340
1.087624
1.863585
1.602870
1.279361
0.610433
0.679726
0.716941
1.862537
1.938749
2.008881
0.689160
0.605191
0.695660
0.627730
1.621740
2.347591
2.115809
1.029757
0.639889
0.699434
0.644083
1.353791
2.061087
1.928581
1.757706
1.470468
1.520368
1.658221
1.805404
1.612200
1.337227
0.787073
0.645656
0.772711
0.583596
0.600788
1.449082
1.363435
1.938330
2.472026
1.858763
1.777833
1.654027
1.474452
0.965810
0.843787
0.692934
0.757196
0.637374
0.508536
0.682871
1.451494
2.047459
1.729087
0.961093
1.373080
1.346033
0.924402
0.649849
0.970738
0.658130
0.936353
0.825127
0.759398
0.768099
0.681089
1.022210
1.149894
1.106808
0.815482
0.636535
0.574056
0.749019
1.052715
1.157966
1.410819
1.288481
1.271079
1.316785
1.262483
1.187528
1.142451
1.113622
1.181553
1.254516
1.325067
1.350541
1.241202
-0.816147
-0.863083
-0.928270
-0.957822
-0.873512
-0.877858
-0.819914
-1.029962
-1.029963
-1.006205
-0.967962
-0.962457
-1.153674
-0.705473
-1.062701
-0.898429
-1.010551
-0.981289
-1.035757
-1.363722
-1.621286
-1.722109
-1.774259
-1.734277
-1.308096
-1.059224
-1.090514
-1.279123
-0.674473
-1.023589
-1.077477
-1.166711
-1.224366
-1.317367
-0.607258
0.352881
0.315507
-0.418069
-1.216544
-0.982738
-0.855260
-0.971728
-0.640865
-0.905382
-1.045318
-1.288105
-0.747773
0.638838
1.419349
1.728483
0.965354
1.662716
0.927690
-0.468481
-1.318815
-0.973177
-0.693305
-0.912046
-1.093122
-1.699800
-0.082861
1.325189
0.421546
0.533668
0.339844
0.575968
1.101814
0.853522
-1.589995
-1.124991
-0.682296
-0.867139
-1.533210
-1.310124
0.428209
0.873512
0.436032
0.502378
0.301890
0.416910
0.665492
1.554939
0.064318
-1.705015
-0.685483
-0.995485
-1.889568
-0.437481
1.029673
0.365340
0.874961
0.466163
0.457761
0.555977
0.809774
1.216254
0.488182
-2.059635
-0.686642
-0.982158
-1.929550
-1.223207
1.376470
0.164562
0.769792
0.507593
0.451097
0.504406
0.845989
1.136870
-0.043169
-2.117290
-0.633623
-0.914943
-1.503079
-1.875951
1.023299
-0.219899
0.641735
0.641735
0.610155
0.764577
0.545837
1.678071
0.341872
-1.833941
-0.609865
-0.812961
-1.266955
-1.893914
-0.385330
0.654772
-0.124291
0.139936
0.370844
0.476593
0.741109
0.380695
-1.363722
-1.471789
-0.662595
-0.945074
-1.051981
-1.566818
-1.721240
-1.257105
0.723436
0.129795
0.376349
0.243077
-0.020570
-1.200319
-1.603612
-1.036916
-0.690118
-1.025617
-1.001280
-1.124701
-1.318815
-1.342573
-0.777904
-0.564958
-0.687221
-0.826867
-1.044159
-1.198581
-1.046187
-0.874092
-0.635651
-0.911756
-0.925663
-0.998962
-1.009972
-1.274198
-1.292740
-1.400807
-1.426013
-1.102103
-1.130496
-1.124412
-0.940148
-0.852073
-0.516575
-0.664043
-0.652454
-0.564089
-0.686931
-0.668969
-0.859316
-0.877858
-0.890606
-0.745166
-0.778484
-0.756755
-0.571042
-1.085879
-1.421250
-1.622842
-1.195989
-1.178968
-1.160617
-1.038279
-0.963280
-1.089874
-0.981099
-0.956100
-1.031896
-1.223116
-1.152638
-1.569652
-1.926561
-1.709277
-1.715128
-1.831615
-1.644119
-1.799435
-1.981346
-1.880816
-1.373911
-1.410878
-1.627895
-1.803690
-1.692522
-1.955017
-1.895976
-1.750500
-1.772574
-1.829754
-1.972038
-2.436126
-1.684810
0.430577
0.740146
0.319675
-1.385347
-1.904752
-1.895444
-1.899433
-1.807945
-1.694915
-1.789063
-1.776829
-1.901561
-0.882963
0.326058
-0.872324
-1.334550
0.136168
-0.070477
-1.461409
-1.900763
-1.681618
-1.889593
-1.777627
-1.682416
-1.897039
-0.911685
-1.410080
-2.499156
-3.467489
-3.603923
-3.078933
-1.235084
-0.148402
-1.376836
-1.790658
-1.883210
-1.749436
-1.550503
-0.989078
-0.558767
-1.994644
-3.917747
-3.654454
-3.459777
-3.625731
-2.851544
0.048935
1.147319
-1.305561
-1.871242
-1.756882
-1.477898
-0.211964
-0.873388
-2.743035
-3.595147
-3.248344
-3.097815
-3.263770
-3.398342
-1.443590
0.459300
-1.439601
-1.878423
-1.642257
-1.664863
-0.972854
0.457970
-2.259001
-3.516691
-3.133719
-3.099411
-3.357385
-3.564296
-1.665129
-0.108775
-1.464600
-1.893050
-1.644650
-1.474707
-1.128969
0.594138
-2.339053
-3.657114
-3.349673
-3.285844
-3.422544
-3.136645
-0.737752
-0.086435
-1.827094
-1.823903
-1.757946
-1.599970
-1.613268
-0.111700
-1.038013
-2.171503
-2.808193
-3.054997
-2.864309
-0.942802
-1.293327
-1.195457
-1.747840
-1.796776
-1.617257
-1.661937
-1.570982
-1.652629
-0.528980
-0.099732
-0.947057
-0.642807
0.060903
-0.797592
-1.497313
-1.987996
-1.706884
-1.823902
-1.633481
-1.685341
-1.701830
-1.638268
-1.381091
-0.435098
0.494938
-0.563554
-0.998918
-1.228967
-1.894912
-1.576833
-1.547046
-1.740925
-1.420985
-1.543854
-1.422580
-1.381623
-1.293327
-1.290136
-1.570450
-1.502100
-1.501568
-1.635874
-1.475505
-1.246520
-1.270455
-0.724189
-1.002641
-0.869931
-0.906632
-0.829506
-0.837219
-0.700519
-0.779241
-0.775518
-0.780039
-0.817272
-0.886952
-0.660360
-0.532437
-1.202061
-0.547478
-0.277643
-0.504783
-0.489412
-0.492828
-0.565044
-0.704597
-0.700206
-0.671173
-0.542355
-0.471846
-0.337904
-1.396020
-0.808042
-0.200791
-0.122231
-0.237143
-0.276911
-0.400849
-0.457451
-0.602616
-0.577487
-0.223968
-0.302284
-0.350103
-0.120767
-0.697278
-0.493316
-0.071972
0.034888
-0.093686
-0.151752
-0.333269
-0.380844
0.024641
0.406461
0.017810
0.192496
0.070753
0.222505
-0.171514
-0.610911
-0.172246
-0.013907
-0.091490
-0.272763
-0.138577
0.015858
0.492828
0.526496
0.466235
0.187372
-0.306919
0.080024
-0.079536
-0.626038
-0.072948
-0.013663
-0.206646
0.455012
0.288133
0.560409
0.748757
0.673857
0.654827
0.107349
0.225676
-0.247146
-0.214941
-0.619695
-0.123695
0.006587
-0.320582
-0.098322
0.203962
0.721432
0.244706
0.430127
0.577487
0.613107
0.034888
0.425979
-0.379624
-0.595297
-0.051722
0.127111
0.186396
0.560165
0.513810
0.280570
0.395970
0.419636
0.367913
0.567728
0.713137
0.343760
-0.384260
-0.615791
-0.042939
0.119791
0.644824
1.371135
0.511370
0.325218
0.205670
0.282034
0.224212
0.531864
0.541379
0.263248
-0.356690
-0.624818
-0.097102
0.127598
0.295697
0.715088
0.456232
0.572851
0.279838
0.182981
0.489412
0.465259
0.319118
0.156631
-0.334245
-0.622378
-0.098565
0.119303
0.062457
-0.157607
-0.151508
0.419392
0.808774
0.835855
0.526740
0.132234
0.167366
-0.064409
-0.159559
-0.564556
-0.132234
0.028789
-0.006587
0.350591
-0.232263
0.043671
-0.102713
0.695814
-0.608228
0.473066
-0.247878
0.273983
-0.345223
-0.599445
-0.226408
-0.046111
-0.050990
0.092954
-0.020006
-0.317166
-0.282766
-0.263492
-0.237631
-0.366694
-0.166878
0.091734
-0.256905
-0.518933
-0.151752
-0.001708
0.140773
0.120767
-0.001708
-0.119059
0.040744
0.059530
-0.004392
-0.098322
-0.132722
-0.022690
-0.403045
-0.593101
0.088075
0.194936
0.122475
0.112228
0.040012
0.085635
-0.067093
-0.092710
0.033668
0.064897
0.089051
0.403289
-1.118133
0.988094
1.694349
1.577154
1.539750
1.536428
1.586802
1.577787
1.562999
1.598426
1.562208
1.532870
1.534531
1.730172
1.116044
1.679087
2.065863
1.829258
1.766865
1.702811
1.792882
1.794226
1.743458
1.667304
1.783630
1.826174
1.815262
2.083023
1.687390
1.620094
1.842860
1.598268
1.524646
1.640496
1.642157
1.380010
1.739108
1.315560
1.104498
1.400412
1.642552
2.017941
1.711193
1.585774
1.729461
1.510253
1.588542
1.333353
1.217423
1.586011
1.803953
1.653307
1.285273
0.856190
1.264633
2.035497
1.659792
1.569721
1.708267
1.505429
1.562524
1.022810
1.519347
1.701388
1.631719
1.584429
1.780783
1.619540
1.602460
1.855908
1.854485
1.613372
1.757296
1.664378
1.460275
1.216553
1.807433
1.545601
1.461303
1.524725
1.687153
1.767023
1.489139
1.573912
1.967884
1.608865
1.747649
1.395905
0.656040
1.209673
1.531604
1.461540
1.505508
1.533661
1.567981
1.522748
1.307811
1.344582
1.942183
1.594393
1.775880
1.548290
1.288278
1.345215
1.713803
1.624206
1.561496
1.593603
1.621201
1.670467
1.328450
1.507486
1.823881
1.583480
1.739741
1.558887
1.335963
1.360240
1.897978
1.741560
1.572251
1.641683
1.744486
1.731279
1.414409
1.302908
1.828388
1.594077
1.749863
1.547658
1.560785
1.415912
1.792487
1.872119
1.574623
1.469765
1.745039
1.598743
1.549002
2.139248
1.788454
1.603567
1.734284
1.500605
1.476724
1.604278
1.357472
1.252376
0.671066
0.801230
0.987224
1.308997
1.793436
2.054792
1.556989
1.620885
1.875045
1.653149
1.579052
1.576047
1.779913
1.517291
1.041393
1.333986
1.587276
1.852903
1.875045
1.869272
1.576601
1.825225
2.033203
1.869984
1.862472
1.839460
1.897187
1.893629
1.857727
1.890624
1.958237
1.943686
1.915771
2.159730
1.871328
1.571302
2.055346
1.857094
1.788375
1.751998
1.750891
1.822458
1.815341
1.809252
1.791775
1.808698
1.790352
2.154511
1.578894
-1.087584
-1.584739
-1.300090
-1.243945
-1.178442
-1.084263
-1.219495
-1.343859
-1.320314
-1.200176
-1.125316
-1.226135
-1.490561
-2.191770
-1.719669
-1.960247
-1.696124
-1.471544
-1.368309
-1.741101
-1.722687
-1.611605
-1.629112
-1.442566
-1.670466
-1.747138
-1.554252
-2.848607
-1.697633
-1.783662
-1.643903
-1.367102
-1.487844
-1.432001
-2.189657
-0.863909
-1.946362
-0.748903
-1.409664
-1.363178
-1.305222
-2.510227
-1.557573
-1.820489
-1.528594
-1.177235
-1.924628
-2.708547
-2.149812
-1.868786
-2.617085
-1.637564
-2.556412
-2.907167
-1.331483
-2.449253
-1.652959
-1.823205
-1.384308
-1.588362
-2.752617
-2.404880
-2.793368
-2.791255
-2.647873
-2.396428
-1.801774
-2.729375
-1.502635
-2.584785
-1.634848
-1.726611
-1.421738
-1.771588
-2.264518
-2.535583
-2.667796
-2.077065
-2.041145
-2.106345
-2.536790
-0.983142
-0.252049
-2.599576
-1.681937
-1.691295
-1.526784
-0.363132
-0.132816
-2.314626
-1.942136
-2.190261
-2.023335
-2.099403
-2.301947
-2.485475
-0.946014
-2.360205
-1.668353
-1.728724
-1.713028
-1.983490
-2.390995
-2.240370
-2.040239
-2.066803
-2.065293
-2.101818
-2.329416
-2.645157
-2.098196
-2.282629
-1.675899
-1.806301
-1.473355
-1.476978
-0.803237
-2.707943
-2.411219
-1.855805
-2.068915
-2.069217
-2.933428
-0.914320
-0.231825
-2.865511
-1.594097
-1.846750
-1.522256
-1.482109
-2.243388
-1.895047
-2.803631
-2.467062
-2.636101
-3.077715
-1.741100
-3.674785
-1.416908
-2.781897
-1.597418
-1.826223
-1.762532
-1.387025
-1.390345
-2.538904
-2.011865
0.061578
-0.258992
-1.266283
-2.480042
-1.032647
-1.244851
-2.428424
-1.543989
-1.832261
-1.728724
-1.454338
-1.364989
-1.421737
-1.226437
0.234541
-0.725358
-1.593796
-1.311259
-1.479694
-1.416606
-2.124155
-1.731139
-1.575080
-1.666844
-1.549423
-1.473657
-1.543385
-1.674391
-1.409966
-1.383704
-1.537650
-1.732045
-1.748043
-1.579004
-2.085819
-1.576590
-2.076159
-1.898669
-1.897461
-1.839807
-1.806301
-1.699143
-1.660807
-1.718160
-1.636357
-1.749250
-1.929458
-1.904102
-2.317342
-1.957347
0.333867
0.520937
0.534361
0.604272
0.749674
1.072906
0.968649
0.825862
0.739562
0.628157
0.373268
-0.182537
-1.726169
-0.711145
1.021475
1.281595
1.397183
1.726866
1.761909
1.527069
1.392825
1.371207
0.990791
0.885488
0.848352
0.382508
-0.910244
-0.981027
0.564173
0.831441
1.289963
1.446174
1.208545
-0.024059
0.575506
1.263986
-0.441436
-1.585997
-0.865264
-0.057010
-0.551795
-1.090166
0.575854
1.108995
1.200699
1.482960
1.126080
0.143658
-0.766935
0.954876
-0.618220
-1.910798
-2.374202
-0.466541
-0.373094
-1.106031
0.623102
0.902224
0.889672
0.588756
1.029320
0.489380
0.504374
0.562081
0.241814
-0.158129
-1.387246
-1.650678
-0.385821
-1.145781
0.812438
0.776872
1.956824
0.873981
0.123435
0.672440
0.973182
1.150663
1.269564
0.897691
0.124829
-3.465412
-0.992708
-1.127998
0.898040
0.524075
2.326257
1.404332
0.308064
0.916869
1.254397
1.364407
1.322216
1.189192
-0.263258
-2.093858
-1.031587
-1.063666
0.751069
0.371699
0.188465
0.034171
0.303705
0.896994
1.140377
1.255966
1.292403
0.672092
-0.706263
-1.168969
-1.147350
-1.139853
0.750372
0.645766
1.027402
0.325847
0.206596
0.695105
1.204709
1.143863
1.250038
0.350952
-0.887928
-1.894409
-1.260848
-1.143515
0.714457
0.867007
1.208545
1.868955
0.254366
-0.373966
0.414064
0.271975
0.216534
-1.139679
-1.840886
-1.260499
-0.346768
-1.093653
0.583177
1.044488
1.212206
1.148571
1.089643
0.904142
1.205755
-0.304403
-0.503502
-1.818745
-1.351332
-0.290455
-0.267616
-1.120502
0.694059
0.967603
0.908152
1.534391
1.524977
1.702632
1.544503
-0.986955
-0.802151
-0.785763
0.218277
0.377104
-0.209211
-0.669825
0.918787
0.760658
0.735029
1.213601
1.623132
1.743428
1.363187
1.126081
0.730497
0.703125
0.348163
0.186721
-0.806162
-1.355167
0.939185
1.041001
0.969869
1.180301
1.298157
1.366151
1.321867
1.227199
0.953307
0.835974
0.764668
0.641407
-0.775651
-0.117281
0.383687
0.578120
0.359351
0.275985
0.234562
0.328024
0.297474
0.334755
0.349771
0.279869
0.389124
0.443493
0.051780
-0.194174
-0.042201
-0.043495
-0.366341
-0.452554
-0.384723
-0.702650
-0.736307
-0.803620
-0.465499
-0.186407
0.027961
0.073268
0.255274
-0.002071
-0.169061
-0.009838
-0.443234
-0.403104
-0.571129
-0.306794
0.519609
0.584851
0.173203
-0.234044
-0.176051
0.050485
0.458509
0.017087
-0.117799
-0.040388
-0.442716
-0.277539
-0.409577
0.518832
0.296438
1.140447
1.671706
0.902001
-0.123753
-0.143430
0.410613
0.039353
-0.045307
-0.129449
-0.523233
0.628346
-0.473007
0.259157
-0.223688
0.012427
0.319222
0.734753
0.246212
-0.451777
0.153009
0.002589
0.058511
-0.358315
-0.300581
-0.245177
0.090614
-0.057216
-0.168284
-0.149384
0.097087
0.275468
1.043101
0.969574
0.007249
0.015793
0.105372
-0.424075
0.432360
0.555596
-0.476114
-0.290225
-0.218510
-0.075857
-0.001553
-0.071456
0.839348
0.561032
-0.020194
0.045825
0.098381
-0.487505
-0.456179
0.213073
-0.379286
-0.302134
-0.290225
-0.095275
0.021748
-0.088284
1.019023
-0.053074
-0.007767
0.033139
0.005955
-0.264335
0.038576
0.547570
0.035987
0.185371
-0.179675
-0.117799
0.210743
0.309383
1.644780
-0.067572
0.145242
0.086213
-0.111585
-0.082588
-0.386276
-0.169837
0.511065
0.530741
0.557667
0.491130
0.664851
1.518438
0.454108
-0.195986
0.234821
0.046602
-0.140064
-0.106666
-0.325176
0.156633
1.049315
0.965691
1.562192
1.223553
0.881031
1.385106
-0.038576
0.257086
0.217733
0.136439
0.082071
0.066019
-0.126342
-0.149902
0.084919
0.765044
1.809958
0.696177
0.300063
0.123236
0.042459
0.263300
0.413460
0.039353
-0.141617
0.203235
-0.084919
-0.047120
-0.038317
-0.046602
0.127378
0.352361
0.083624
0.110291
0.146277
0.221876
0.397409
-0.375920
0.122459
0.095016
0.032621
-0.024078
-0.104336
-0.038058
0.023819
0.002071
-0.003107
-0.015275
0.007508
0.385241
0.233526
-1.787090
-1.504762
-1.599152
-1.727042
-1.763703
-1.643608
-1.558700
-1.695860
-1.688275
-1.488750
-1.543108
-1.668259
-1.516140
-1.989354
-1.323146
-0.932944
-1.273212
-1.450825
-1.416482
-1.448508
-1.717140
-1.368655
-1.337473
-1.552379
-1.308819
-1.190621
-0.922831
-1.607159
-1.695017
-1.364020
-1.703655
-1.724936
-1.860621
-1.221592
-1.498441
-1.193570
-1.628860
-1.374555
-1.321882
-1.714190
-0.738686
-1.723039
-1.650983
-1.247929
-1.346533
-1.619168
-1.100023
-1.334313
-2.161278
-2.066257
-2.085430
-2.529990
-1.313875
-1.255092
-0.974029
-1.541633
-1.744108
-1.239923
-1.504973
-1.535523
-1.520564
-1.048614
-1.692700
-1.706816
-1.692068
-1.649297
-2.106077
-0.717828
-1.174608
-1.352853
-1.796149
-1.157542
-1.661939
-1.011111
-1.007529
-0.941161
-2.009159
-1.489382
-1.532152
-1.375608
-1.608423
-0.978664
-0.349538
-1.319143
-1.810266
-1.202630
-1.739263
-0.412324
0.263575
-1.216746
-1.460728
-1.323989
-1.431231
-1.241187
-1.451247
-0.604686
-0.746060
-1.412479
-1.796571
-1.070737
-1.777608
-1.200523
-0.822542
-1.278479
-1.645294
-1.523514
-1.626753
-1.292174
-1.669523
-1.674369
-0.626598
-1.624435
-1.709766
-1.118564
-1.721775
-1.113297
-1.027966
-1.610108
-1.855143
-1.464309
-1.521407
-1.440501
-1.616429
-1.498863
-0.402422
-1.710819
-1.702391
-1.149746
-1.475476
-1.455039
-1.129309
-0.653567
-1.957539
-1.852404
-1.865467
-1.479058
-1.931203
-0.801051
-0.883432
-1.601681
-1.645083
-1.249614
-1.481797
-1.748954
-1.243083
-1.714612
-0.801051
-0.943690
-1.055356
-2.135785
-1.708291
-0.972133
-1.089910
-1.622961
-1.624435
-1.117932
-1.432706
-1.569655
-1.691435
-1.121935
-0.506503
-0.997416
-1.603155
-1.190831
-1.318089
-1.116036
-0.909557
-1.566284
-1.132259
-0.969605
-1.102551
-1.277426
-1.153539
-1.109083
-1.241397
-1.454618
-1.423856
-1.295124
-1.085275
-1.067998
-1.057884
-1.261202
-1.580401
-1.051985
-1.487485
-1.514243
-1.586511
-1.530678
-1.459253
-1.390989
-1.475687
-1.480743
-1.543740
-1.535945
-1.026913
-1.560174
-0.270608
-1.503943
-1.599709
-1.687311
-1.720503
-1.702184
-1.576130
-1.680056
-1.720503
-1.711615
-1.806836
-1.779812
-1.310419
-0.597442
1.257639
-0.589462
-0.833590
-0.733653
-0.716967
-1.073727
-1.976782
-1.814635
-1.884826
-1.563797
-1.099482
-0.668903
-0.308697
-0.394486
1.290286
-0.595991
-0.907590
-0.839575
-1.253286
-1.998910
-2.040988
-0.532148
-0.303437
-1.248571
-1.584654
-1.097668
-0.272241
-0.276231
1.437561
-0.535775
-0.799310
-0.892173
-1.728846
-1.355036
-1.047065
-0.196971
0.536320
0.132039
-0.167226
-0.456878
-0.351682
-0.343520
1.347418
-0.506756
-0.806384
-1.506845
-1.084972
-0.205314
0.288746
-0.004353
0.271515
0.327922
0.557177
-0.173211
-0.687584
-0.592545
1.325835
-0.507118
-0.966173
-1.466399
-0.231250
0.724766
0.009794
0.478824
0.217466
0.193343
0.580756
1.193071
0.863335
-0.486261
1.220095
-0.583658
-0.998276
-0.772104
0.076721
0.148000
0.541761
0.609957
0.572775
0.689036
0.506574
0.917021
0.068196
-0.736192
1.242585
-0.643874
-1.097850
-1.960822
-0.073819
0.622109
0.892354
1.036364
0.903781
0.972521
0.987575
0.759589
-0.510020
-0.913938
1.322933
-0.677065
-1.102928
-2.002900
-0.429854
1.125056
1.071733
1.144281
0.961095
1.162781
1.322752
1.040717
-0.113358
-0.784982
1.404007
-0.706084
-1.141923
-1.668812
-1.939964
-0.009431
1.165502
0.918109
0.904506
1.169130
1.536046
-0.697923
-0.521266
-0.705903
1.371722
-0.476104
-0.971614
-1.182914
-1.772013
-1.528429
1.196879
0.695565
0.013059
0.962727
0.234334
-0.859707
-0.549741
-0.477736
1.352134
-0.376893
-0.751609
-0.826516
-1.525890
-1.713248
-0.979232
-0.141108
-0.663825
-0.702276
-0.962364
-1.030016
-0.410628
-0.319035
1.470571
-0.047338
-0.334633
-0.449079
-0.632810
-0.937153
-1.370453
-1.503218
-1.458056
-1.053595
-0.917202
-0.446903
0.261902
0.187721
1.517909
-1.076811
-1.317492
-1.440463
-1.498502
-1.618208
-1.883376
-1.972067
-1.884464
-1.726125
-1.602610
-1.507208
-0.961094
-0.781354
0.153301
0.601599
0.789397
0.849041
0.915456
0.855006
0.767796
0.719114
0.782949
0.764089
0.815673
0.689131
0.474896
0.135569
0.276942
0.192312
0.376564
0.347386
0.451844
0.483117
0.532283
0.457486
0.349482
0.263885
-0.009672
0.022407
0.443945
0.335458
0.407836
0.479893
0.530026
0.382851
0.406547
-0.024986
-0.848880
-0.889825
-1.650689
-2.452177
-0.975261
0.098493
0.574034
0.917390
0.217620
0.265174
0.419604
0.468609
-0.492144
-1.749183
-2.810364
-0.627552
-0.416541
-1.861539
-1.011854
-1.104866
0.507458
0.822604
0.228259
0.241961
0.490855
0.128476
-2.412844
-1.474015
0.209238
0.090917
0.400744
0.080923
-0.704283
-2.007265
-0.531477
1.137751
0.181028
0.317726
0.661082
-0.544534
-2.837929
0.469093
0.039655
0.270494
0.266464
0.033530
0.205853
0.262917
0.928836
1.854608
0.176031
0.363506
1.069402
-0.276620
0.374468
0.859842
0.237287
0.216975
0.370116
0.298543
0.730882
1.618127
1.423881
1.621190
0.155558
0.347870
1.085683
-0.815189
-2.084802
1.216255
0.324174
0.260661
0.299832
0.158943
1.253009
0.725562
0.496819
1.769494
0.227776
0.210850
0.800843
0.826151
-1.399056
0.875317
0.302089
0.304668
0.303379
0.265980
0.433790
1.921990
2.480548
1.668583
0.216653
0.266464
0.597891
1.131626
0.019828
-0.308859
0.119449
0.785851
0.542116
0.211334
0.081890
-0.471994
0.348676
1.297017
0.203596
0.387203
0.415896
0.171678
-0.363023
-1.495454
0.670270
1.593303
0.660437
0.839692
-0.491177
-0.777307
0.647057
0.977679
0.302411
0.346580
0.357058
0.263723
0.235675
0.681716
0.950436
0.490855
0.008705
0.705412
0.372050
0.546469
0.509876
0.999763
0.348998
0.371083
0.455713
0.312890
0.492950
0.492467
0.805034
0.898530
1.005405
0.733138
0.572744
0.437981
0.600148
0.924805
0.535346
0.516969
0.386880
0.245347
0.332717
0.326592
0.475379
0.500688
0.484084
0.505040
0.315791
0.319499
0.535507
0.314824
-0.357350
0.832977
1.254313
1.055764
1.115871
1.111218
1.142241
1.099584
1.188582
1.338852
1.275060
1.219800
0.605537
-0.618916
1.416604
0.982083
1.087369
1.123627
1.457516
1.950593
0.864388
0.405824
0.143871
0.707139
1.794701
1.840848
1.144180
1.223872
1.144374
1.001085
1.149028
1.542443
1.069530
-0.273394
-1.098615
-0.393803
-0.984991
-1.149804
-0.465544
0.495792
1.712683
1.106952
1.095900
1.077868
1.667506
1.181796
-0.476597
-0.659635
-0.539031
-1.344087
-0.299957
-0.873114
-0.311203
-0.472331
0.565595
1.209717
1.068561
1.219606
1.591692
0.004847
-0.004072
-1.319075
-1.353588
0.008337
0.885135
-0.325745
-1.176173
0.236553
-0.775584
1.266916
1.045681
1.441035
0.809903
-0.533990
-0.176057
-0.692984
1.435024
1.886802
1.805753
1.951563
-0.162679
-0.224338
0.174312
1.098421
0.979562
1.546127
0.144258
0.839376
0.748826
0.896187
1.962809
1.718694
1.454414
1.778220
1.254507
-0.002327
-0.167332
1.049171
1.070112
1.498816
0.414937
-0.899290
-0.506650
0.608446
1.799355
1.610112
1.316554
1.831735
0.810873
-0.407957
0.146198
1.080389
1.098421
1.367160
1.125372
-0.556870
-1.105401
-1.032496
1.491642
2.140418
1.987822
1.974443
-1.095318
-1.621164
-0.305192
0.900259
1.085430
1.228913
1.524604
-0.038004
-0.917710
-1.252180
-0.901810
0.402722
0.240431
-0.921782
-1.656260
-0.725171
-1.084072
1.068561
1.143017
1.079225
1.443168
1.210687
-0.556288
-0.397487
-0.207081
0.317020
0.564237
-0.923333
-0.506650
-0.630356
0.813006
1.282816
1.091828
1.146313
1.303757
1.424360
1.466823
0.156086
-0.036259
0.208826
-0.372668
-0.376934
-0.024819
1.018536
1.523634
1.285143
1.369294
0.681544
0.839182
0.654787
0.842478
1.193624
0.869624
0.285415
0.551052
0.929925
1.207390
1.006708
0.542133
0.849458
0.315857
0.691433
1.186062
1.119362
1.083491
1.023771
1.052274
1.134873
1.153681
1.090859
1.042191
1.043936
0.802536
0.143289
-1.709064
-0.456499
-0.365630
-0.531347
-0.461282
-0.406043
-0.396478
-0.335500
-0.361565
-0.439282
-0.499065
-0.530630
-0.154717
-1.784390
-1.160498
0.024630
-0.076761
-0.245826
-0.374956
-0.302978
0.124587
-0.026543
-0.038978
0.118130
0.053087
-0.250130
0.107370
-1.048108
-1.276237
-0.057152
-0.169065
-0.190347
0.093739
0.580847
0.563630
1.994824
1.182020
1.288194
1.426651
0.412739
0.321152
-0.814716
-1.259977
-0.006935
-0.066717
-0.032761
0.974216
0.782673
0.836956
1.642585
0.647325
-0.154717
-0.209717
0.018413
0.722651
-0.481130
-1.230325
-0.041848
-0.073413
0.509108
1.383129
1.432390
0.785064
1.174129
1.164803
0.835999
0.369695
0.638477
0.934042
-0.324978
-1.170781
-0.049261
-0.253956
0.686065
1.095934
0.885738
1.442672
0.738912
0.789130
0.997412
0.938108
0.862782
2.057476
-0.269978
-1.194455
-0.029891
-0.288869
1.852542
1.654781
0.860151
0.952934
0.566978
0.602847
0.627956
0.605478
0.368261
0.655934
-0.217848
-1.180347
0.029413
-0.168108
1.087803
0.992390
1.042847
0.861825
0.488782
0.420630
0.576782
0.626282
0.371130
-0.001674
-0.209957
-1.229129
0.046391
0.077000
0.566499
0.870434
1.068673
0.974216
0.577021
0.707347
0.780282
0.919695
0.374000
1.422585
-0.287674
-1.220281
0.050217
0.110478
0.209956
1.374759
0.316848
1.258064
0.985216
0.972303
1.192781
0.001196
-0.714043
0.552391
-0.594956
-1.211433
-0.015304
0.000718
0.216174
0.412500
-0.084891
-0.405565
0.833608
-0.024870
0.111913
-0.054283
-0.194891
0.345304
-0.590412
-1.180107
0.217130
0.127935
0.177913
0.337174
0.149696
0.462239
0.550239
-0.304413
0.230522
0.405087
0.232435
0.227413
-0.589934
-0.879999
0.170261
-0.070543
0.004305
-0.145869
-0.352717
-0.667173
-0.885499
-0.735803
-0.691564
-0.409869
-0.316369
0.145630
-0.713804
-0.651391
0.376391
0.625325
0.527760
0.495717
0.388108
0.238174
0.085609
0.079391
0.184848
0.357978
0.444304
0.546891
-0.433304
-1.609265
-0.897663
-0.917198
-1.195216
-1.215704
-1.173060
-1.111596
-1.171154
-1.234762
-1.076099
-1.109928
-1.127320
-0.724705
-2.386382
-0.950312
-0.527448
-1.052276
-1.356023
-1.217133
-1.163769
-0.850969
-0.848825
-0.716367
-0.380935
-0.606541
-0.947215
-0.437872
-1.349352
-1.347208
-0.845251
-1.270021
-1.386517
-1.231427
-0.924344
-1.585203
-2.710617
-2.322297
-1.016064
-0.630841
-0.976518
-0.506722
-1.333391
-1.302182
-0.860260
-1.076099
-1.000341
-0.893851
-2.765172
-3.384578
-0.977947
-1.308376
-1.410578
-0.926965
-1.470136
-0.015009
-0.960318
-1.362932
-0.815948
-0.918389
-0.633938
-1.645953
-1.037267
-0.601300
-0.277303
-0.337576
-0.587959
-1.201886
-1.578295
-0.537930
-0.587721
-1.416058
-0.833816
-0.676582
-1.260730
-1.677399
-0.694449
-0.637035
-0.911718
-0.897901
-0.689923
-0.547460
-1.468469
-2.293709
-0.875983
-1.390329
-0.777593
-0.553892
-0.719940
-0.012388
-0.080046
-0.748767
-0.752340
-0.925536
-0.869789
-0.588912
-0.125787
-0.897662
-0.652759
-1.382229
-0.794031
-0.346153
0.269203
-0.131743
0.317565
-0.823334
-0.943165
-1.029882
-0.769970
-0.396896
-0.075043
-1.021305
-0.542457
-1.350544
-0.818807
-0.661335
-0.677535
-1.122793
-0.090052
-0.828575
-1.066808
-1.027261
-0.864786
-0.514583
-1.975905
-1.366505
-0.758534
-1.320050
-0.856924
-0.923868
-0.679917
-2.363511
-1.418202
-0.697308
-0.325426
-0.154851
-0.447402
-2.265121
-3.419599
-0.980568
-1.132322
-1.259538
-0.907668
-1.135895
-0.968656
-0.732090
-2.260118
-1.299324
-0.372597
-0.987715
-2.562674
-2.890482
-1.561380
-0.166049
-1.422252
-1.313855
-0.801178
-1.185686
-1.180683
-1.227615
-1.100875
-1.388899
-1.516592
-1.891810
-1.701461
-1.424634
-1.008679
-0.653950
-1.242147
-1.219277
-0.633462
-0.979138
-1.238812
-1.275262
-1.193071
-0.932206
-0.907192
-0.644183
-0.967226
-1.159719
-1.324576
-0.655141
-1.157813
-0.679917
-0.660620
-0.629412
-0.843107
-0.844298
-1.042508
-0.989620
-1.069190
-1.066331
-1.055135
-0.998673
-0.831434
-0.202975
-1.183780
-1.497553
-0.204643
-0.070473
-0.206224
-0.193575
-0.196060
-0.107968
-0.260660
-0.234459
-0.232426
-0.171213
-0.096900
0.043820
-1.726817
0.592019
0.254561
0.122650
0.053307
0.310804
0.219551
-0.972619
-1.842013
-1.962179
-1.153771
-0.312160
0.316000
0.795081
-0.669268
0.664073
-0.082219
-0.326616
-0.417643
-0.739967
-2.072405
-1.789610
0.534647
0.649166
-1.052353
-1.750082
-1.440407
0.250270
-0.457849
0.519287
-0.392571
-0.420580
-0.525386
-2.040558
-0.358238
0.498959
1.625399
1.963985
2.166595
1.781253
-0.380148
-0.627482
-0.678981
0.470724
-0.336554
-0.413804
-1.554248
-0.127168
0.706989
0.118133
0.627030
0.901468
1.549053
1.928524
1.185168
-1.245476
-0.917505
0.413352
-0.252077
-0.704505
-1.841336
0.367499
0.706538
0.506864
1.176358
1.358639
1.538662
2.184666
2.806726
1.755502
-0.981202
0.362982
-0.305609
-1.062743
-0.407253
-0.064600
0.238750
0.780850
0.978943
1.371741
1.607329
1.894416
2.011645
1.491229
-0.935350
0.431648
-0.364111
-0.498055
-1.237797
0.233555
0.751713
0.891304
1.036090
1.426854
1.788028
2.295570
1.915874
0.414707
-1.099335
0.463496
-0.411545
-0.399573
-1.731560
0.267662
1.032250
1.364739
1.317757
1.608458
2.092283
2.341875
2.746644
0.479759
-0.812022
0.518836
-0.535550
-0.518836
-1.081717
-0.495344
0.656620
1.307592
1.137734
1.242314
2.038525
2.541323
0.719187
-0.089447
-0.761426
0.514770
-0.324357
-0.573949
-0.458301
-0.876396
0.349655
2.605923
2.051399
0.994077
2.049592
1.414431
-0.793726
-0.310804
-0.918635
0.577789
-0.017166
-0.288669
-0.406576
-0.311934
-0.791919
0.190413
1.550408
0.499184
-0.041561
-0.820831
-0.613251
0.272632
-0.637194
0.744033
0.224520
0.200577
-0.128975
0.123102
0.085833
0.132137
-0.020781
-0.194930
-0.150433
-0.091480
0.115196
0.914569
-0.261789
-0.110227
-0.062567
-0.242138
-0.373146
-0.239654
-0.427808
-0.422387
-0.401832
-0.352139
-0.312160
-0.406576
-0.248011
0.494893
-1.708521
-1.841813
-1.566291
-1.465892
-1.572494
-1.604374
-1.495608
-1.412951
-1.509745
-1.518399
-1.337507
-1.407902
-1.581438
-1.743289
-2.577211
-1.799403
-1.570475
-1.926056
-1.989672
-1.804885
-1.829408
-1.769687
-1.720353
-1.394920
-1.289038
-1.703043
-1.863884
-1.591824
-2.569566
-1.862297
-1.582304
-1.834456
-2.001212
-1.834168
-1.481327
-2.358237
-2.108680
-2.555573
-1.986498
-1.467334
-1.361886
-1.544365
-1.955340
-1.839361
-1.496617
-1.771130
-1.560810
-1.931394
-3.420943
-3.305974
-2.407859
-2.185999
-1.835466
-2.094254
-2.745554
-1.108290
-1.690060
-1.924470
-1.470075
-1.610721
-1.387419
-3.087576
-3.413153
-2.390260
-2.971020
-2.848261
-2.077377
-1.911632
-3.386179
-1.815848
-1.496762
-1.940049
-1.383091
-1.310244
-0.986253
-3.263564
-2.033092
-3.664008
-3.122485
-2.919234
-2.984292
-2.257693
-1.747040
-1.985489
-1.475412
-1.922595
-1.403575
-1.219509
-1.579851
-2.411177
-2.222783
-3.395843
-3.050503
-2.882738
-2.836866
-2.567402
-1.913074
-1.759157
-1.317168
-1.972939
-1.451611
-1.408191
-1.096894
-2.147772
-1.441225
-3.111234
-2.804986
-2.657416
-2.706317
-2.397617
-2.291591
-2.767624
-1.613606
-1.891147
-1.457814
-1.408768
-0.641490
-1.898649
-1.868067
-2.862109
-2.589761
-2.592502
-2.492391
-2.450702
-1.677943
-2.167968
-1.950291
-1.901534
-1.573360
-1.622550
-1.099779
-2.914040
-2.484890
-2.279042
-2.037564
-2.323760
-2.125846
-1.603941
-4.575972
-1.705783
-1.836476
-1.884945
-1.522295
-1.816713
-1.784257
-1.012218
-2.607216
-2.163640
-1.080882
-1.555761
-2.408436
-4.134271
-1.447716
-1.325823
-2.017657
-1.894754
-1.459977
-1.745308
-1.790171
-1.918700
-1.083046
-1.329573
-1.375157
-1.629474
-2.008136
-1.677366
-1.542778
-1.608557
-1.821762
-1.782670
-1.163683
-1.340104
-1.333901
-1.308656
-1.210565
-1.026066
-0.976300
-0.950046
-1.096029
-1.445552
-1.458246
-1.200179
-1.367223
-1.142478
-1.560665
-1.909035
-1.985056
-1.999337
-1.991114
-1.759734
-1.799403
-1.914228
-1.807914
-1.987075
-2.002510
-1.553886
-1.673615
-2.238160
-1.557514
-1.224226
-1.223705
-1.283900
-1.206506
-1.271652
-1.365984
-1.453019
-1.333932
-1.262271
-1.261229
-1.293802
-2.187086
-1.380577
-1.372499
-1.642464
-1.722724
-1.805851
-1.794385
-1.695624
-1.753734
-1.551520
-1.110351
-1.230220
-1.673995
-1.442856
-1.589044
-1.121556
-1.336277
-1.585657
-1.621617
-1.298753
-0.936020
-1.650542
-1.675298
-2.256662
-1.647937
-1.216669
-1.078820
-1.403769
-1.312825
-1.011328
-1.161686
-1.433736
-1.560901
-1.265399
-2.130278
-1.491065
-1.053804
-1.272434
-1.324030
-1.700575
-1.435039
-1.278428
-1.153868
-1.086898
-1.119471
-1.529631
-1.339404
-1.593996
-1.361815
-0.927941
-1.351391
-1.168200
-0.860190
-1.106963
-1.355039
-1.393867
-1.062403
-1.052240
-1.086116
-1.474648
-0.517781
-1.453280
-0.733285
-1.488459
-1.641161
-1.476472
-1.496276
-0.651982
-0.346838
-0.393222
-0.950873
-0.965987
-1.039211
-1.427482
-1.678686
-0.805206
-0.731200
-1.644809
-1.438948
-1.381619
-1.484289
-1.063706
-0.698366
-1.346961
-1.076996
-1.042338
-0.989179
-1.642464
-1.473605
-0.779148
-1.003511
-1.698750
-1.390479
-1.349828
-1.368069
-1.057452
-1.353736
-1.288590
-1.066312
-1.010026
-1.000644
-1.694581
-1.155432
-0.440127
-1.053282
-1.181490
-1.395951
-1.273737
-1.092891
-0.905531
-1.091849
-0.974325
-1.048331
-1.050677
-1.132240
-1.587220
-1.320382
-1.939531
-0.654588
-0.773675
-0.996736
-1.149699
-0.572765
-0.784359
-1.772496
-1.266441
-1.126246
-1.110611
-1.265659
-1.455886
-1.625526
-0.843773
-1.748782
-1.007420
-0.298630
-0.732243
-0.676998
-1.616406
-0.671526
-1.213282
-1.393085
-1.138494
-1.190871
-1.422270
-1.451977
-1.748783
-0.941752
-1.220317
-0.695239
-1.286766
-1.104357
-0.996997
-1.395430
-1.519208
-1.599468
-1.123119
-1.218754
-1.263574
-1.182011
-1.220317
-1.338102
-1.173151
-1.070481
-1.105399
-1.149178
-1.394648
-1.429567
-1.204422
-1.399860
-1.528589
-1.269307
-1.481684
-1.518426
-1.562725
-1.477514
-1.486114
-1.625526
-1.652366
-1.611194
-1.537188
-1.606503
-1.357645
-2.003895
-0.499452
0.564633
0.459451
0.169406
0.050678
-0.076495
-0.136098
0.002550
-0.050678
-0.175780
-0.102791
0.064862
0.373872
0.150760
0.085101
1.211817
0.476025
-0.221200
-0.505827
-0.344389
0.824717
0.608618
0.841132
0.977071
-0.008765
-0.538497
0.513954
-0.027889
0.371163
0.997789
0.381203
-0.644315
0.325425
1.220901
2.108887
1.010538
1.268073
0.922409
1.329907
1.010857
-0.086376
0.561605
0.295145
0.734357
-0.297536
0.190283
1.946174
2.205144
0.823921
1.587442
0.190601
0.604952
0.554433
1.678440
1.682265
0.834917
0.425985
0.720970
0.117134
1.535170
1.696767
1.575649
0.486862
0.189008
-0.645112
0.198092
0.038885
1.278432
1.999721
1.140102
0.459133
0.472997
0.835873
1.604176
1.026156
0.635073
-0.705034
-1.971832
-1.784259
-1.677961
0.682882
0.309488
1.840834
1.639236
0.528297
0.386621
1.411661
0.829498
0.117453
-0.234267
-1.975338
-2.011036
-1.603219
-2.033825
-0.343592
-0.011474
1.170542
1.441463
0.372916
0.425029
1.360346
1.760354
0.756987
0.012909
-1.829359
-1.795414
-1.529592
-1.922588
0.105500
0.511723
0.802726
1.141377
0.453077
0.478735
0.687185
1.181378
1.791749
0.915875
-0.771968
-1.822028
-1.560987
-0.934839
0.992052
1.131656
1.344090
1.263611
0.374350
0.578976
0.031714
1.238750
1.901711
1.128628
0.634116
0.093229
-0.258810
1.025518
0.846232
1.727365
1.905536
1.014044
0.333074
0.749338
0.067890
0.041276
1.410068
0.878583
0.574036
-0.715871
-1.032371
0.177215
1.271260
1.067910
0.833801
0.249407
0.323034
0.845435
0.243830
-0.429809
-0.092910
0.980259
1.311580
-0.252595
0.356979
1.016116
1.171816
0.179765
-0.132433
0.204626
0.241120
1.210223
0.740254
0.316022
0.153150
0.043666
0.604315
0.936274
0.791888
0.338812
0.082551
-0.013705
0.806391
0.567023
0.543596
1.509034
0.521604
0.332118
0.225821
0.140879
0.195861
-0.031076
-0.085261
0.087811
0.005100
0.315863
0.865993
0.366860
-0.975013
-1.223319
-1.376320
-1.589396
-1.632624
-1.538169
-1.458180
-1.476391
-1.427206
-1.349940
-1.520810
-1.466009
-1.212257
-2.204119
-1.255655
-1.210896
-1.023177
-1.055853
-1.151330
-1.300415
-1.835149
-1.834639
-1.953771
-1.913946
-1.557571
-0.943018
-1.039515
-1.899821
-1.322369
-1.358109
-1.161030
-1.352833
-1.693722
-1.646750
-2.389115
-2.288703
-2.293469
-1.765882
-1.969428
-1.606926
-1.211236
-1.740014
-1.229957
-1.448650
-1.221958
-1.517746
-1.786646
-2.812205
-3.251973
-2.276110
-1.570675
-2.130598
-1.521831
-2.158339
-1.634836
-1.934880
-1.280163
-1.467201
-1.290715
-1.965514
-2.324272
-2.598788
-1.279992
-2.094177
-1.716017
-1.709039
-1.094997
-2.957716
-1.783752
-1.987298
-1.416484
-1.339218
-1.525915
-2.021507
-2.787187
-1.052620
-1.892673
-1.734908
-1.568633
-1.474859
-1.672448
-1.058746
-2.333293
-2.379584
-1.466179
-1.311648
-1.612372
-1.862550
-2.666693
-1.728100
-1.837362
-1.628540
-1.460903
-1.419718
-1.965514
-0.535585
-1.747161
-2.239007
-1.375809
-1.373426
-1.679937
-2.060820
-2.894236
-1.631092
-1.838553
-1.664449
-1.427206
-1.478943
-2.036994
-0.641102
-2.011125
-2.256538
-1.377681
-1.408315
-1.438609
-1.485070
-2.681499
-1.138565
-1.863911
-1.853870
-1.765712
-1.943390
-1.610670
-0.796485
-2.344696
-2.312870
-1.228765
-1.453075
-1.282035
-1.639602
-2.489867
-2.008231
-0.857413
-1.839404
-1.564208
-1.637560
-0.206610
-2.574961
-1.799750
-2.000403
-1.214980
-1.396402
-1.272674
-1.441161
-1.242040
-1.142309
-0.815206
-0.210354
-0.949315
-0.480274
-1.530000
-1.724016
-1.097039
-1.871740
-1.024198
-1.225021
-1.040877
-1.266037
-1.066065
-1.067767
-1.319646
-0.026890
-0.556348
-1.366959
-1.395381
-0.937402
-0.860476
-1.459372
-0.837160
-1.108612
-1.085126
-1.214299
-1.140778
-1.037813
-1.195578
-1.031516
-1.033899
-1.152010
-1.092103
-0.899109
-0.966504
-1.093465
-2.154764
-2.100474
-1.953941
-2.140979
-2.119875
-2.135703
-2.133321
-1.991723
-1.860508
-1.934369
-2.120897
-1.986107
-1.660535
-2.604574
0.522298
-0.104618
-0.357379
-0.208330
-0.304334
-0.343438
-0.528418
-0.533405
-0.561628
-0.580330
-0.483760
-0.380842
-0.126267
0.708524
-0.195408
-0.040011
-0.450096
-0.496228
-0.681661
-0.863808
-0.310454
-0.378915
-0.201075
-0.312268
-0.757263
-0.880017
-0.343891
0.127514
-0.176593
-0.064040
-0.474919
-0.655592
-0.452363
0.147803
-0.081836
-1.645667
-1.533002
-0.971147
-0.034004
-0.194388
-0.701044
-0.081269
-0.173759
-0.150863
-0.670440
-0.208783
0.504615
-0.066421
-1.228215
-0.950064
-1.209513
-0.558455
0.871856
1.529601
-0.056219
-0.264436
-0.134428
-0.204702
-0.506542
0.472539
1.036660
0.683475
0.092377
-0.696850
-1.174036
-0.505522
1.068284
1.071684
0.606740
-0.217737
-0.139642
-0.347518
0.118560
0.917307
1.008324
0.462790
-1.027820
-0.832298
-0.528191
-0.774718
-0.070161
0.524564
-0.082856
0.378915
-0.103031
-0.394217
0.657632
0.358286
-0.268063
-0.196995
-0.707391
-0.259449
-0.028677
-0.243240
-0.518444
0.005894
0.372567
0.138055
-0.158344
-0.383222
0.107338
1.068171
1.128017
-0.012015
-0.706144
-0.186227
-0.000567
-0.244827
-0.329496
0.768258
0.413372
0.056106
-0.162425
-0.378348
-0.525698
0.698550
1.013651
0.302747
-0.983048
-0.971260
-0.746949
-1.066130
0.306940
1.147966
-0.094984
0.116293
-0.180447
-0.277584
-0.716799
0.132161
0.589171
0.644937
0.074695
-0.730287
-0.408045
0.076168
1.109088
1.858984
0.406911
-0.153697
-0.170699
-0.141682
-0.647998
-0.645844
0.003514
0.607193
0.710451
-0.487274
-1.146946
0.332103
1.371144
0.571943
-0.270216
-0.319748
-0.210143
-0.322015
-0.662506
-0.849980
-0.900532
-0.102238
0.522297
-0.945531
-0.917647
-0.066987
-0.063474
-0.642897
-0.735387
-0.306714
-0.515270
-0.227032
-0.714532
-0.591892
-0.808042
-0.922861
-0.475259
-0.185887
-0.215130
-0.621588
-0.888178
-0.837739
-0.544967
-0.268290
0.029470
-0.386849
-0.896565
-0.813369
-0.830938
-0.823231
-0.955845
-0.954598
-0.950178
-0.899059
-0.786620
-0.713285
-0.557434
0.230885
0.159377
0.552275
0.332381
0.385969
0.336077
0.199798
0.087311
0.185708
0.130966
0.110409
0.231212
0.247611
0.492220
0.945404
-0.173697
-0.045041
-0.147366
-0.257543
-0.279948
-0.170695
0.165844
-0.052432
0.178086
0.288495
-0.032337
-0.247149
-0.106944
0.434706
-0.218277
-0.042038
-0.112488
-0.264242
-0.036033
0.093085
-0.138357
-0.863867
-0.505617
-0.315289
0.448102
-0.071373
-0.228440
0.380194
-0.245070
-0.080843
-0.340465
-0.248304
-0.203956
-0.855321
-1.472733
-1.377568
-1.380340
-1.130650
-0.652058
0.268400
0.042500
0.447179
-0.261008
-0.169078
-0.282951
0.116876
-0.516242
-1.215420
-0.285954
-0.078302
-0.369107
0.052433
-0.498225
0.292422
0.044348
0.669382
-0.291267
-0.193793
-0.042731
0.147597
-1.216806
-0.485290
-0.436091
-0.345547
-0.132352
-0.221741
-0.026332
-0.879343
-0.713037
0.795729
-0.254541
-0.222203
0.083153
-0.875879
-2.085755
-0.209268
-0.609096
0.037419
0.225899
-0.101632
-0.291267
-0.865253
-0.264704
0.766163
-0.288033
-0.173235
0.100015
0.287571
-1.884571
-0.165613
-0.486445
0.011318
0.214350
-0.187094
-0.237679
-0.598933
-0.497070
0.662452
-0.340466
-0.169078
-0.218739
0.631039
-1.705330
-0.260084
-0.152216
-0.283875
-0.278563
-0.288726
-0.202570
-0.377884
-0.593851
0.520400
-0.264473
-0.151754
-0.332612
0.300044
-0.091006
-0.983054
-0.256389
-0.281565
-0.644667
-0.423387
-0.414379
-0.328455
0.229133
0.494992
-0.300275
-0.086849
-0.408374
-0.091237
0.618797
0.310669
-0.782793
-1.644582
-1.178463
-1.042185
-0.211578
0.250383
-0.094009
0.224051
-0.264704
-0.141822
-0.310438
-0.419923
-0.217122
0.167461
0.140436
-1.087457
-0.279256
0.216198
0.121496
-0.214119
-0.370493
0.284106
-0.399596
0.010394
-0.117569
-0.242068
-0.247149
-0.181089
-0.091699
0.090544
0.166999
-0.063751
-0.234445
-0.251769
-0.052202
0.295655
0.542112
1.173844
0.882808
0.834533
0.808663
0.778636
0.833378
0.785796
0.862020
0.918148
0.865023
0.880498
1.045649
1.360476
-0.549926
-0.029596
0.057704
0.266531
0.410709
0.374334
0.397151
0.639211
0.682034
0.580019
0.383262
0.260744
0.022156
-1.168635
-0.496025
0.494206
0.547942
0.417488
0.751313
1.058187
0.948730
0.654257
0.666327
0.478829
0.366232
0.592915
0.451052
-0.722543
-0.378963
0.396324
0.433360
0.064979
0.799592
1.388870
1.665321
0.261074
-2.227152
-0.879948
-0.366562
0.540502
0.199402
-0.549926
-0.445430
0.532400
0.384254
0.885570
0.964934
0.761233
1.267344
0.072750
-2.907698
-1.517010
-0.589443
-0.258429
0.654422
-0.566626
-0.404095
0.593907
0.476845
0.916489
0.741557
0.277113
-0.730149
-1.387051
-1.346377
-0.584979
-1.262549
0.435179
0.795459
-0.192954
-0.389876
0.481475
0.535542
0.627968
0.454028
-0.358791
-2.341072
-1.957480
-1.371840
-1.205175
-0.732133
0.355815
1.383579
0.116566
-0.351847
0.376318
0.702867
-1.630765
-2.382738
-1.882415
-1.994185
-1.368533
-0.495529
-0.328038
-0.367885
0.390372
1.599185
0.379624
-0.422779
0.342423
0.453036
-0.286868
-1.483942
-1.196247
-1.914160
-0.932527
-0.112102
-0.022652
0.733290
1.063973
0.968241
-0.264877
-0.471720
0.340438
0.143682
-0.338124
-0.169641
-0.613418
-1.567770
-1.189468
-0.210810
0.175428
1.373989
2.897116
3.051711
-0.034887
-0.446588
0.243218
0.207504
-0.390206
-1.005773
-1.023630
-0.578034
-0.461303
0.269342
1.491712
2.444741
1.938300
1.578517
-0.322416
-0.396324
0.427077
0.194938
0.015873
-0.761068
-0.953195
-0.239084
0.160547
0.550588
1.730300
1.470713
1.125811
-0.084490
-0.760406
-0.392687
0.414512
0.341596
-0.002315
0.109952
0.110117
-0.044642
0.413354
1.164666
1.205837
0.895821
0.384915
0.178734
-0.446753
-0.418314
0.574728
0.538352
0.385577
0.259917
0.118550
0.265373
0.106480
-0.261901
-0.109787
0.226518
0.628629
0.953029
0.430880
0.022817
0.670626
0.312826
0.364578
0.439974
0.366563
0.263720
0.138887
0.187001
0.202378
0.298938
0.685672
1.190625
0.806371
-1.205319
-1.308036
-1.019618
-1.192940
-1.102024
-0.932764
-0.180479
0.129798
0.021472
0.031918
-0.531958
-0.924640
-1.335117
-1.630692
1.224664
-0.106585
-0.098074
0.103490
0.543564
1.309777
0.468123
0.524414
0.334070
0.672201
1.410752
1.387346
0.289385
0.126122
0.690385
-0.117224
-0.052809
0.426727
0.767180
0.423825
0.255727
1.107633
0.357669
0.188410
0.312598
1.034513
1.172048
0.375272
0.732167
0.233288
0.594632
1.044572
0.267913
0.771242
0.010059
-2.285291
-1.291013
-1.234530
-0.345676
0.112001
1.748884
0.739325
0.705666
0.557298
0.761764
0.802966
0.300991
-0.977642
-1.544612
-0.866027
-0.384364
-0.909551
-2.100170
0.703538
0.993697
1.371484
0.734102
0.596180
0.457484
0.435045
0.616684
-0.635835
-0.657306
-0.483598
-0.791940
-0.526928
-1.474780
0.478182
1.540356
1.232401
0.654018
0.606432
-0.205819
0.208914
0.568131
-0.812058
0.222649
-0.006577
-0.262303
0.389006
-0.189184
-0.260563
-0.737777
1.095060
0.664851
0.391134
-0.397518
-1.576530
-0.710696
0.490368
1.001048
0.985379
0.757895
1.220408
1.058499
-0.095752
-0.523640
0.279907
0.692899
0.310277
-0.353220
-1.951415
0.051455
0.571226
1.670348
2.027243
1.839801
1.944645
0.478182
-0.176804
-0.531377
-0.206013
0.696381
0.128250
-0.093624
-1.389280
-1.177851
0.515709
0.435432
0.810317
0.555751
0.367148
-0.195760
-1.350593
-0.943016
0.064222
0.797356
0.186282
0.193246
-0.427694
-1.121173
-1.314226
0.547820
1.397792
0.685355
0.300991
-1.011687
-0.101749
0.077956
0.339679
0.842234
0.480890
0.455162
0.316854
-0.659628
-0.845909
-0.928508
-0.454776
-0.157266
-0.774144
-0.246828
0.288998
0.359023
0.573160
0.979770
0.486693
0.469477
0.171000
-0.122641
-0.457677
-0.912066
-1.632047
-1.465689
-0.770275
-0.238704
0.330781
0.605271
0.991183
1.581365
0.258241
0.070992
-0.202531
-0.427307
-0.562908
-0.889820
-0.933731
-0.974160
-0.817667
-0.572967
-0.192278
0.195180
0.885952
0.214970
0.180980
0.481186
0.556043
0.473661
0.514657
0.425659
0.477164
0.368317
0.292162
0.373506
0.448622
0.313049
0.373116
-0.347429
0.035677
0.309936
0.434221
0.464320
0.386479
-0.013233
-0.737282
-0.825112
0.072522
0.437984
0.569405
0.421248
0.255837
-0.118837
-0.034120
0.180072
0.374155
0.164893
0.038012
-0.431108
-3.126474
-2.154502
-0.689020
0.152568
0.758817
0.557470
0.354824
0.009471
-0.046704
0.280746
0.539177
-0.480277
-1.191872
0.046575
-1.362602
-0.198753
0.390501
-0.422545
-0.931105
0.595352
0.339386
0.015568
-0.034899
0.235079
-0.100933
-1.422670
-0.789824
-0.082900
-0.359754
-0.129994
0.055786
-0.824852
-1.150616
-0.148546
0.436427
0.047353
0.150622
0.317720
-0.800722
-1.538263
-0.311882
0.014790
0.182277
0.102750
0.155811
-0.052413
-0.133886
-1.533203
0.370782
0.036845
0.214970
0.192915
-1.378171
-1.542155
0.133886
0.101323
0.165541
0.109885
0.176050
0.186039
-0.390371
-0.884660
-0.426957
0.008822
0.103658
0.004022
-1.019454
-1.468985
0.137129
0.417745
0.387777
0.396599
0.388036
0.470158
-0.511414
-0.288140
-0.142319
0.004411
-0.002595
0.047353
-0.068240
-0.791121
-0.022574
0.758688
0.653084
0.606898
0.753239
0.154514
-1.192910
-0.944857
-0.251945
-0.006616
-0.070446
-0.041515
0.192396
-0.354824
-0.405031
0.754796
0.937462
0.656587
1.034893
0.139854
-0.453811
-0.271015
0.138557
0.040607
0.068630
0.041515
0.088349
-0.057083
0.996491
1.372592
1.350148
-0.048780
1.142313
0.915796
0.171250
-0.024131
0.378436
0.131291
0.223273
0.170860
0.189542
0.428902
0.306433
2.081202
2.288259
1.672668
1.404118
0.961852
0.182147
0.256875
0.372338
0.269459
0.434092
0.381679
0.388555
0.429421
0.809154
0.650749
0.703421
0.799425
0.933700
0.891147
0.778797
0.874671
0.700956
0.434741
0.105474
-0.077581
-0.097301
-0.015568
0.005838
0.122729
0.154254
0.270627
0.196807
0.031655
0.112739
0.377009
0.667355
0.714867
0.219377
0.194276
-0.071865
-0.134790
-0.044357
0.065332
0.054672
-0.007909
0.064988
0.039543
-0.061893
0.071521
0.155421
0.433253
0.188774
-0.227286
-0.559790
-0.618932
-0.402306
-0.133414
-0.176396
-0.111752
0.057423
-0.264422
-0.464887
-0.112096
-0.330785
-0.080461
-0.052953
-0.353479
-0.613087
-0.528156
0.017193
-0.844155
-0.556696
-1.803500
-2.239160
-0.650223
-0.162642
0.227973
-0.264766
-0.087338
-0.194964
-0.408839
-0.303965
-0.231756
-0.397836
-1.281878
-0.858253
-0.651255
-1.306292
-1.179066
-0.598302
0.696299
-0.233819
-0.075647
-0.146137
-0.240696
-0.040231
-1.055624
-0.205967
-0.037480
0.182241
0.156109
0.257889
-0.734123
-0.854127
-0.038168
0.085963
-0.158515
-0.113815
-0.180178
-0.166424
-0.798079
0.770571
-0.075647
-0.076335
-0.017880
-0.012379
0.150951
0.365170
0.243791
0.360012
-0.180178
-0.192213
-0.119660
-0.302933
-0.256513
0.498241
-0.071521
-0.126193
-0.118629
0.023726
0.098685
0.300526
-0.562885
0.106594
-0.189806
-0.059830
-0.182585
-0.842436
-1.358557
0.613087
-0.177083
-0.185336
-0.146481
0.080805
0.267860
0.134446
-0.691485
0.029571
-0.124818
-0.136853
-0.296056
-0.431190
-1.412198
0.421906
0.112095
-0.117941
-0.073240
0.219033
0.444944
-0.046764
-0.466950
-0.150951
-0.092496
-0.174676
-0.325971
-0.276800
-0.258232
-0.051234
0.141323
0.203904
0.110720
0.513714
-0.968629
-0.542941
0.181897
-0.199434
-0.058799
-0.158172
-0.319094
-0.561853
-0.165393
-1.524981
-0.626497
-0.015817
-0.195651
-0.747189
-1.249556
0.432221
0.360700
-0.421218
-0.052265
0.076679
-0.245510
-0.447007
-0.401618
0.047452
0.244135
-1.358557
-0.994418
-0.295368
0.257889
0.124130
-0.045388
-0.249636
0.404369
0.443568
0.249636
0.015473
0.142698
0.031291
0.230037
0.341101
0.341788
0.072209
0.116222
0.068426
0.248605
0.237257
0.161954
-0.253762
-0.521279
-0.664321
-0.814584
-0.775385
-0.591768
-0.572169
-0.667416
-0.653661
-0.746157
-0.681170
-0.315312
-0.325284
1.733876
1.125584
1.177266
1.252728
1.289032
1.354823
1.429175
1.416017
1.473564
1.485771
1.361323
1.314239
1.396834
1.401432
-0.033609
-0.108754
0.535207
0.603377
0.688350
0.524586
0.353053
0.762544
1.008745
0.631279
0.526488
0.773483
0.265384
-0.061194
-0.396967
-0.419795
0.246043
0.297249
0.250641
0.604486
0.938040
1.231960
1.674901
2.711707
1.062013
0.122229
-0.153777
-0.540122
-0.308188
-0.355906
0.255714
0.112717
0.284884
0.368748
0.930906
0.052316
0.242080
1.244484
1.223875
0.033767
-0.649668
-0.668375
-0.347187
-0.389833
0.032024
-0.223373
-0.281079
-0.665839
-0.122546
-0.655058
-0.676460
-0.242080
0.359236
-0.071181
-0.175972
-1.039025
-0.402674
-0.337834
-0.072925
0.087669
-0.490818
-0.473697
-1.183925
-0.495733
-0.332919
-0.477818
-0.968161
0.267762
-0.541232
-1.369409
-0.435649
-0.304542
-0.224641
0.152192
-1.198509
-0.954210
-0.756995
-0.324834
-0.217190
-0.286311
-1.257325
-0.483526
-0.109705
-1.339604
-0.404735
-0.332761
-0.420746
-0.360504
-1.107512
-1.245594
-0.833249
-0.294554
-0.140619
-0.445636
-1.462626
-0.549158
-0.140460
-1.190425
-0.415515
-0.318176
-0.130314
-0.018866
-0.352736
-1.129389
-1.110999
-0.587206
-0.536952
-0.912833
-0.840066
-0.267762
-0.505403
-1.275715
-0.342273
-0.369065
0.082913
-0.095437
0.677887
0.981954
0.015536
-0.438978
-0.180727
-0.313420
1.221655
0.002854
0.124448
-0.863213
-0.334504
-0.367321
0.193093
0.172959
0.778714
2.022247
0.968161
1.837873
2.251328
1.567575
0.700874
0.768727
-0.264116
-0.459904
-0.260628
-0.305176
0.264750
0.234470
0.490184
0.928211
1.246069
3.011176
2.443627
1.336433
0.761910
0.339261
0.282030
-0.263482
-0.235104
-0.052474
0.393796
0.439771
0.588475
0.738130
0.713874
0.910455
0.787592
0.710228
0.576109
0.736386
0.347821
0.016804
0.554231
0.527756
0.895077
0.878114
0.975771
1.044415
1.075171
1.163949
1.269057
1.203424
1.079451
1.012867
1.063122
1.023806
-0.188106
0.577981
0.051493
-0.114808
-0.155792
-0.175759
-0.226726
-0.117698
-0.161572
-0.117435
-0.122427
-0.100884
0.373586
0.070934
0.321568
1.309652
0.735087
0.555650
0.634728
0.840700
0.739553
0.626059
0.750850
0.646288
0.665992
0.734561
0.761096
1.351950
-0.254574
0.556964
0.193624
0.203082
0.293194
0.435062
-0.623431
-1.679297
-1.305186
-0.346263
0.538048
0.405375
0.550921
0.781588
-0.271914
0.455554
0.187319
0.333390
0.141343
-1.685340
-2.783241
-2.393104
-2.519997
-2.446173
-1.131266
-0.020755
0.598473
0.897184
-0.305016
0.433486
0.297660
0.271126
-1.161479
-1.723697
-1.685603
-1.498547
-1.492767
-1.471750
-2.014001
-0.211751
0.430859
1.299406
-0.324195
0.487081
0.618965
0.601626
-1.754435
-1.293626
-1.934660
-1.518251
-1.162530
-1.175403
-1.491716
-1.329619
-0.749011
1.056391
-0.265871
0.540412
0.427969
-0.473156
-2.765902
-1.176717
-1.690594
-1.166733
-1.065324
-1.205353
-1.599694
-1.138885
-0.278744
1.071892
-0.342060
0.544879
0.574040
0.725104
-1.836403
-1.296516
-1.725536
-1.238718
-1.132055
-1.372179
-1.349585
-1.249752
-0.229353
0.927134
-0.355458
0.544879
0.456868
0.659686
-1.793317
-1.579202
-1.992195
-1.446003
-1.220591
-1.543734
-1.849539
-1.315432
-0.035467
0.871438
-0.310008
0.542514
0.383569
0.704086
-0.332339
-2.075477
-1.911278
-2.112520
-1.718968
-1.897616
-1.577888
-0.985457
0.344162
1.028806
-0.251422
0.489970
0.197564
0.311322
0.659949
-0.267448
-2.013738
-2.859429
-1.689806
-2.287491
-0.961287
0.349941
0.386196
0.836496
-0.246692
0.500216
0.255363
0.107978
0.576142
0.621592
0.219633
-0.307643
0.192573
0.136088
0.626321
0.538310
0.310270
0.992288
0.056747
0.661263
0.189683
0.309745
0.256414
0.504420
0.344161
0.254837
0.112969
0.143707
0.205971
0.237498
0.300813
1.305449
0.121376
1.351425
0.667568
0.500479
0.484453
0.442944
0.605041
0.498903
0.555387
0.595583
0.471317
0.631313
1.086867
1.105783
0.671563
0.254739
0.178739
-0.084913
-0.069197
0.083505
0.249109
0.315257
0.324640
0.230109
0.137925
0.106258
0.037531
0.164196
0.797055
-0.196566
-0.365688
-0.380935
-0.234331
-0.113061
-0.261541
-0.654908
-0.423626
-0.098752
0.048790
-0.226356
-0.197036
-0.174283
0.321121
-0.487428
-0.444034
-0.326985
-0.528008
-0.636612
-1.380891
-1.600913
-1.808974
-1.496062
-0.800574
-0.277492
-0.007272
-0.216974
0.341528
-0.602131
-0.415886
-0.231517
-1.200978
-0.822623
-1.936109
-0.568119
-0.485552
-0.423392
-1.021066
-0.506663
0.050901
0.029086
0.295084
-0.538564
-0.265294
-0.447083
-1.057190
-0.609168
-0.591576
-0.632859
-0.463972
-0.396417
-0.582193
-1.086041
-0.939437
0.374837
0.246295
-0.335899
-0.222838
-1.225139
-0.399232
0.049728
-0.414478
-0.277726
-0.289455
-0.335664
-0.202900
0.059345
-0.368034
0.263183
0.195159
-0.224949
-0.489774
-1.757134
-0.616205
-0.059814
-0.086790
-0.398293
-0.520268
-0.292504
-0.132530
-0.093826
-0.586650
0.069901
0.209467
-0.246764
-0.224949
-1.235225
-1.461347
-0.085617
-0.107900
-0.469132
-0.563662
-0.251455
-0.219554
-0.151061
-0.818870
0.214159
0.247233
-0.390083
-0.183431
-0.464675
-1.413495
-0.024395
-0.073888
-0.161382
-0.210171
-0.063567
-0.167949
-1.387693
-2.119539
0.029321
0.340590
-0.530354
-0.420812
-0.186246
-1.050152
-0.250986
-0.153875
-0.262245
-0.903783
-0.522613
-1.273928
-0.961721
-0.813475
-0.089604
0.302121
-0.582193
-0.472885
-0.330504
-0.235035
-0.684464
0.186245
0.174752
-1.177287
-0.331442
-0.557798
0.151999
0.077876
-0.133468
0.412602
-0.370380
-0.427379
-0.365923
-0.108604
0.335899
0.071073
-0.965943
-1.641024
-0.732081
-0.018765
0.052074
-0.242541
-0.178739
0.691735
-0.017827
-0.239023
-0.371553
-0.187888
-0.044567
0.072715
0.011025
-0.073185
-0.149184
-0.151764
-0.110481
-0.136517
0.009852
0.661007
-0.213221
-0.318541
-0.433244
-0.433713
-0.375540
-0.144024
0.056061
0.083506
-0.065679
-0.317603
-0.413775
-0.287109
0.206418
0.625742
0.782690
0.505471
0.365652
0.343311
0.358391
0.517759
0.725161
0.728139
0.576033
0.509567
0.454273
0.301235
-0.050826
0.509009
0.274798
-0.017873
0.004096
0.013777
0.091413
0.289692
0.179475
0.083780
0.348524
0.223226
0.081918
-0.018432
-0.262510
0.486109
0.559835
0.138516
0.115988
0.091599
0.389297
-0.373844
-1.131027
-1.298401
-1.042220
0.057343
0.332140
0.312592
0.008564
0.505285
0.356343
0.043752
0.298628
0.053805
0.787158
-0.092530
0.112079
-0.245009
-0.501748
0.307193
0.577708
0.298628
0.170352
0.449246
0.379243
0.237376
0.433048
1.169007
0.919530
0.440123
0.281314
0.072795
0.069630
0.111706
0.576405
0.035932
0.527440
0.448129
0.345731
0.198279
-0.305703
0.105376
0.467119
-0.276287
-0.376078
-0.403074
-0.159554
-0.021597
-0.070375
-0.516456
0.640264
0.445336
0.485178
0.121760
-0.755507
-0.330092
0.376823
-0.009868
-0.048965
-0.094950
0.044683
0.032209
0.465630
0.428953
0.810244
0.463395
0.462651
0.180778
-0.246871
0.274053
0.395441
0.042262
-0.132186
-0.078194
0.056226
0.045986
1.152624
0.751784
0.507706
0.462651
0.377195
0.140005
0.253760
0.398419
0.879688
-0.037422
-0.281686
-0.336795
-0.187294
0.179103
-0.020666
-0.944105
0.274239
0.499886
0.297698
0.101467
-0.114127
-0.211870
0.795722
0.373658
0.348524
0.191576
-0.004282
0.224902
0.322459
-0.256552
-0.187294
0.491508
0.379057
0.091599
0.180033
0.387994
0.082849
1.255021
0.016756
-1.013177
-0.435283
0.844686
0.744151
0.567841
-0.055481
0.557973
0.399164
0.054736
-0.020107
0.134048
0.603028
0.441427
-0.196417
-0.627417
0.145218
0.388366
0.557601
0.081918
-0.144101
0.621274
0.687553
0.166443
0.110962
0.154527
0.143170
0.502120
0.971473
0.928466
0.651621
0.219317
0.077077
0.134234
0.211311
0.559463
0.071678
-0.091227
-0.127718
-0.115244
-0.162161
-0.074471
0.036491
0.109286
-0.007261
-0.130138
-0.131814
-0.064604
0.269585
-0.802824
-0.220203
-0.552515
-0.691575
-0.582907
-0.533591
-0.466498
-0.441266
-0.515814
-0.469365
-0.520975
-0.652008
-0.681827
-0.835223
-1.430460
-1.249251
-1.164095
-1.154920
-1.099582
-1.030768
-1.025607
-0.973137
-0.880239
-0.905184
-1.022454
-1.158360
-1.181585
-0.974284
-1.956310
-1.379710
-1.144884
-1.078365
-1.198501
-1.587871
-2.704083
-3.362398
-3.746320
-3.408274
-1.379137
-0.913499
-1.209970
-1.064602
-1.960897
-1.430173
-1.115065
-0.965682
-1.880328
-4.345858
-4.814076
-1.863411
-1.559199
-3.084563
-3.595790
-2.929733
-0.990914
-1.182732
-1.950002
-1.418131
-1.051412
-1.192480
-3.754922
-3.643673
-1.660985
-1.439348
-0.972277
-0.861029
-1.182445
-4.941381
-1.687077
-1.087540
-1.902406
-1.375123
-1.081805
-2.001612
-4.269876
-1.986416
-1.271616
-0.898589
-0.948479
-0.873358
-1.371395
-2.462375
-3.119544
-1.507302
-1.983548
-1.384871
-1.273049
-2.303244
-2.634122
-1.529666
-0.953067
-1.012132
-1.028188
-0.908911
-1.047685
-1.865705
-3.366412
-1.241510
-1.945414
-1.461713
-1.080945
-1.886063
-4.883750
-1.203663
-0.905471
-0.932709
-0.916366
-0.889701
-0.892281
-1.784849
-4.151460
-1.239503
-1.993010
-1.426733
-1.008977
-1.255559
-4.589859
-1.869432
-1.135422
-0.922961
-0.799383
-0.866476
-1.278210
-2.232424
-3.574573
-1.556905
-1.943981
-1.436768
-1.104456
-0.888267
-2.752825
-3.249429
-2.158162
-1.062308
-0.862175
-1.549737
-2.047774
-5.261651
-1.877174
-1.427019
-1.960037
-1.432467
-1.219145
-1.043671
-0.842105
-2.747378
-3.414868
-2.174219
-3.246849
-3.327131
-4.047379
-1.890077
-1.142590
-1.204236
-1.926491
-1.402648
-1.202229
-1.172410
-1.061735
-0.915506
-1.519058
-3.203267
-3.446695
-2.106552
-1.279644
-1.111911
-1.184739
-1.007831
-1.948568
-1.253839
-1.153773
-1.107897
-0.992634
-1.055140
-1.012131
-0.979445
-0.900310
-1.162948
-1.205096
-1.209110
-1.079225
-0.967116
-1.255559
-1.431894
-1.323512
-1.362507
-1.329820
-1.390892
-1.330681
-1.256993
-1.297421
-1.286812
-1.349604
-1.385731
-1.583857
-0.588355
-0.869378
-0.468408
-0.503718
-0.887828
-0.911686
-0.836772
-0.878921
-1.033520
-0.962582
-0.721460
-0.744204
-0.761859
-0.358344
-1.549325
-0.629210
-0.070937
-0.450435
-0.813233
-0.675653
-0.532347
-1.346693
-1.553143
-1.669250
-1.107479
-0.568611
-0.298063
0.050897
-0.838045
-0.867151
-0.490516
-0.706509
-0.857290
-1.096981
-1.623125
-2.356673
-1.929937
-2.032207
-1.613105
-1.608652
-1.540736
0.015269
-0.656408
-0.843294
-0.476361
-0.490834
-0.710803
-1.752434
-2.575847
-2.815856
-2.733467
-2.019324
-1.996420
-1.625034
-2.788182
-0.624438
-0.316195
-0.911686
-0.433258
-0.565271
-1.243309
-2.805041
-3.495327
-3.253567
-2.851325
-2.432860
-2.471190
-2.386893
-2.685592
-1.826712
-0.261481
-1.021750
-0.197543
-0.768539
-1.710604
-2.920353
-1.995625
-2.293847
-2.115550
-1.776292
-1.576523
-1.774225
-1.507176
-0.988667
-0.390314
-1.063740
-0.051851
-0.491471
-0.313332
-1.488408
-1.315042
-2.306572
-2.147997
-2.025845
-1.853115
-1.411427
-1.073760
-1.178416
-0.298222
-1.024295
-0.093363
-0.478428
-1.732235
-2.480257
-1.383275
-2.449400
-2.268876
-2.139408
-1.980356
-2.016461
-1.834347
-1.315042
-0.244145
-0.945564
-0.214402
-0.315082
-0.796532
-2.184102
-2.765278
-2.558669
-2.335837
-2.253289
-2.006441
-2.787068
-2.520815
-1.437830
-0.444232
-0.900711
-0.411467
-0.386019
-0.534574
-2.083263
-2.667143
-2.855619
-3.091016
-3.030417
-2.837647
-2.212890
-3.541452
-1.110978
-0.017336
-0.861744
-0.490357
-0.582607
-0.586902
-0.802576
-2.007872
-1.492226
-0.817686
-1.181279
-1.551393
-3.088312
-1.449123
0.133604
-0.487653
-0.789852
-0.277864
-0.582289
-0.720505
-0.351028
-0.545866
-0.492584
1.018251
-0.242872
-0.871923
-1.178893
-0.411467
0.157939
-0.594536
-0.310947
-0.289634
-0.577677
-0.851723
-0.552388
-0.039445
-0.181956
-0.801145
-0.560817
-0.347847
-0.302199
-0.397789
-0.162074
-0.430872
-1.462642
-1.035269
-1.414290
-1.749413
-1.753866
-1.794106
-1.615173
-1.597677
-1.559823
-1.596564
-1.800627
-1.720147
-0.967036
-1.757366
0.265266
1.132703
1.424980
1.540952
1.462121
1.511445
1.365673
1.344094
1.324423
1.280089
1.422338
1.465203
1.305192
0.442306
-0.669111
0.496328
0.907366
0.915146
0.929827
0.861565
0.674543
0.200087
0.057839
0.487520
0.766439
1.008951
0.986344
0.078684
-0.297562
0.346446
0.803432
0.761595
0.458014
0.348648
0.119788
-1.185257
-0.058720
-0.063124
0.027599
0.687314
1.006015
0.390192
-0.230916
0.290662
0.823544
0.844830
-0.080886
-1.182321
0.606428
0.886815
1.500141
0.861858
-0.879327
-1.019961
0.704930
0.376246
-0.241779
0.260715
0.632411
0.463739
-0.550204
-0.251173
0.363769
0.378155
0.358337
0.505723
-0.187022
-0.052260
0.343951
0.160011
-0.206400
0.434673
0.671460
0.201408
-0.419699
0.597767
0.579563
0.552406
0.518054
0.556222
0.596005
0.773926
-0.171021
0.090575
-0.178655
0.485612
0.599822
-0.494713
-1.087636
0.833820
0.595271
0.472694
0.438783
0.405313
0.541983
0.086612
1.025980
-0.193628
-0.212125
0.471960
0.524367
0.185701
0.123165
0.924395
0.674836
0.404138
0.477244
0.423663
0.866409
0.241485
1.361416
0.134175
-0.231649
0.390486
0.705958
1.334259
1.969752
1.221663
0.858335
0.568700
0.573398
0.862152
0.805194
0.824131
1.525684
0.239283
-0.242953
0.345419
0.726363
1.207717
2.171748
0.492218
0.906485
0.917202
0.782734
1.395474
0.861565
0.606281
1.090425
0.422195
-0.225777
0.461390
0.675277
0.753814
0.917202
2.075008
1.119932
1.111564
0.634173
2.064584
1.676154
1.145915
0.624337
0.428654
-0.101145
0.639751
0.861712
0.784348
1.222251
1.031558
2.910295
3.505860
2.860970
3.020981
2.062823
1.021576
1.080736
0.493979
0.056664
0.959333
1.130207
1.219902
1.432614
1.768638
1.502637
1.621397
1.661327
1.765114
1.788455
1.572073
1.823100
0.872428
0.077363
0.878887
0.848646
0.942598
1.071194
1.111564
1.325304
1.398410
1.459772
1.310183
1.099673
1.167641
1.466818
1.020989
0.920267
-0.251755
-0.084559
0.053948
0.060949
0.148390
0.100345
0.162666
0.250245
0.181335
0.164176
-0.087030
-0.368436
0.155940
-0.137409
-0.507355
-0.637213
-0.631311
-0.441327
-0.290054
-0.034592
-0.020865
0.003569
-0.106248
-0.396577
-0.742089
-0.697613
-0.279210
-0.192180
-0.417854
-0.659177
-0.607837
-0.363083
-0.148391
-0.733577
-0.419501
-0.884714
-0.573382
-0.428973
-0.343727
-0.484293
-0.263286
-0.210986
-0.412225
-0.694456
-0.286210
-0.423070
-0.658628
-0.358827
0.395890
0.689102
0.817450
0.546339
-0.554576
-0.164314
-0.092933
-0.245304
-0.427737
-0.474684
0.101718
-0.835433
0.480037
0.730832
-0.147979
-0.170079
0.314214
1.124389
-1.180259
-0.688415
0.155665
-0.274131
-0.390949
-0.148390
0.118739
-0.614701
1.241893
-0.192317
-0.104189
0.026356
-0.152371
0.523141
1.078540
0.674963
0.486215
-0.307213
-0.430757
0.081813
0.196298
0.398911
0.901186
-0.089089
-0.046535
0.140566
0.099796
0.380516
0.524102
0.268365
0.396165
-0.236107
-0.366103
-0.219222
-0.627330
-0.046809
1.209772
-0.078931
0.036377
0.207829
0.069597
0.198082
0.092246
-1.003727
0.400420
-0.244068
-0.436111
-0.296094
0.645999
0.344002
1.344572
-0.181061
-0.036102
0.054771
-0.172825
0.428973
1.114780
0.168295
0.220869
-0.206593
-0.404539
-0.488137
0.380653
0.080441
1.022808
1.230500
0.552242
0.310782
0.641057
0.704750
-0.821431
-0.507903
0.043927
-0.256148
-0.332608
-0.644763
-0.378594
-0.269052
-0.055595
0.954310
1.517534
0.612367
0.998099
-0.483881
0.114210
-0.213594
-0.064517
-0.180786
-0.385870
-0.617309
-0.554301
-0.321489
0.093482
0.991098
1.343748
-0.333432
0.028140
0.017159
-0.137271
-0.550046
-0.142213
-0.074401
-0.281132
-0.560753
-0.462467
-0.386144
-0.214143
0.015374
0.238303
0.139468
0.108032
-0.219085
-0.508316
-0.578324
0.111602
0.928640
-0.586560
-0.638723
-0.474135
-0.400558
-0.347434
-0.218673
-0.217712
-0.176806
-0.199181
-0.311606
-0.529456
-0.539888
0.530828
0.511840
-0.191823
-0.312926
-0.659440
-0.729787
-0.775877
-0.723629
-0.849024
-0.888769
-0.740237
-0.807786
-0.598609
-0.467430
-0.072027
0.092740
-0.248550
-0.279525
-0.364800
-0.380288
-0.441492
-0.472281
-0.235861
0.079864
0.032282
-0.251908
-0.339983
-0.295945
0.022392
-0.211976
-0.508481
-0.350992
-0.415555
-0.437760
-0.274673
-0.208617
0.686870
1.249091
1.635164
0.378422
0.010076
0.045157
0.204699
-0.025377
-0.574724
-0.375250
-0.484410
-0.663358
0.004852
0.896420
1.288277
1.490923
2.094756
0.379542
-0.881679
0.005038
0.247990
-0.088448
-0.493367
-0.519677
-0.535165
-0.994944
0.565767
0.664105
0.523969
0.861899
0.511094
-0.369652
-0.832416
-0.398948
0.230076
-0.141069
-0.330280
-0.325988
-1.036182
-0.367599
-0.002799
0.281204
0.060085
-0.012315
0.240339
0.254894
0.317964
-0.525835
-0.426565
-0.119610
-0.253774
-0.263291
-0.771772
0.072400
-0.263104
-0.160288
-0.127074
-0.175216
0.020339
-0.139576
0.618948
0.169618
-0.454181
-0.120729
-0.288481
-0.336064
-0.656454
-0.670076
-0.573604
-0.275046
-0.072587
-0.150212
0.038626
-0.252468
0.125394
0.118677
-0.142561
-0.065496
-0.355470
-0.359762
-0.921051
-0.646751
-0.231942
-0.297252
-0.019220
-0.027057
0.011942
-0.050568
-0.875894
-0.494113
-0.240339
-0.069042
-0.456607
-0.390364
-0.280831
-0.134724
0.549160
0.125581
0.690975
0.901831
0.453248
-0.123901
-0.487396
-0.292960
0.169245
-0.057099
-0.516878
-0.300424
-0.399508
-0.233621
0.210483
0.116624
0.817302
1.982051
0.804987
-0.298185
-0.230636
0.134911
0.265903
-0.073893
-0.401934
-0.380475
-0.276166
-0.213469
0.070908
-0.361068
1.204308
1.054282
0.587039
0.195929
0.148532
-0.101137
0.330280
0.079491
-0.045530
-0.072587
-0.153011
-0.113452
-0.035080
-0.138456
-0.072773
-0.135657
-0.036013
-0.073333
0.003919
0.110653
0.504563
0.660186
0.200220
0.097964
-0.053740
-0.106361
-0.130992
-0.127260
-0.174843
-0.138456
-0.101883
-0.090500
-0.028363
0.428617
0.710381
-1.773944
-0.657744
-0.196341
-0.311201
-0.394646
-0.524231
-0.482411
-0.536405
-0.512058
-0.397198
-0.392290
-0.295690
-0.776137
-1.715827
-1.392649
-0.948525
-0.474557
-0.578814
-0.701921
-0.832880
-0.915932
-0.510880
-0.678752
-0.629274
-0.715664
-0.550345
-0.674629
-0.950096
-0.802840
-0.820903
-0.515200
-0.586668
-0.604535
-0.461402
0.470434
0.675022
0.958146
0.695441
-0.407408
-0.565463
-0.696816
-0.439608
-0.678163
-0.732353
-0.443142
-0.720377
-0.223829
1.078503
1.947314
1.708563
1.761182
1.427598
0.659511
0.395628
-0.539742
-0.536012
-0.691515
-0.738244
-0.699564
-0.329461
1.169017
1.297620
0.660689
0.386204
0.465918
0.717824
1.342582
1.230079
-0.217350
-0.519323
-0.717235
-0.815602
-0.824437
0.102883
0.919663
0.807749
0.742171
0.384633
0.198501
0.168265
0.617690
1.577996
0.567230
-0.355182
-0.684839
-0.803822
-0.456886
1.202787
2.034686
0.451978
0.458065
0.233843
0.235610
0.350666
0.715272
1.160181
0.949703
-0.661278
-0.669720
-0.802447
-0.684446
0.152164
1.367911
0.566838
0.503616
0.260152
0.173762
0.288426
0.541117
1.198860
0.883340
-0.860564
-0.737066
-0.718217
-0.787918
-0.454727
1.463922
0.928302
0.706633
0.476521
0.448836
0.513236
0.883929
1.724467
0.370692
-0.676200
-0.737458
-0.707418
-0.687391
-0.697601
1.067312
1.547956
0.648319
0.499296
0.520894
1.167642
1.859549
1.967734
-0.257207
-0.375797
-0.649105
-0.763375
-0.364017
-0.790863
-0.717039
0.287640
0.997022
2.072973
2.235347
2.136783
1.662226
-0.034360
-0.953237
-0.237966
-0.630845
-0.660492
-0.335940
-0.460420
-0.759056
-0.780261
-0.025917
0.573121
0.714094
0.871952
-0.444320
-0.820511
-0.573120
-0.340849
-0.500671
-0.706633
-0.282339
-0.390916
-0.412317
-0.591773
-0.578029
-0.465918
-0.659118
-0.573709
-0.544455
-0.433718
-0.436663
-0.232076
-1.634935
0.037894
-0.060277
-0.110147
-0.238948
-0.161393
-0.328479
-0.356163
-0.346150
-0.340849
-0.319447
-0.123106
0.005890
-1.280146
-0.919184
-0.615106
-0.120545
-0.385962
-0.748900
-0.644211
-0.509982
-0.417890
-0.077974
0.243479
0.027150
-0.268023
-0.264765
-1.925899
-0.435266
-0.717406
-0.096653
0.111423
-0.377925
-0.534743
-0.989773
-0.243262
0.165940
0.923745
1.415482
1.421781
0.629007
-1.828377
-0.227190
-0.410722
-0.276494
0.059730
-1.451103
-2.094879
-2.202392
-0.778005
0.298648
0.807978
0.921573
1.158754
1.488895
-1.746710
-0.252602
-0.592300
-0.266720
-0.717189
-1.904613
-0.966750
-0.364893
-0.085794
0.284095
-0.668102
-0.197868
0.180709
1.572082
-1.296240
-0.324060
-0.722185
-0.490217
-1.324910
-1.590762
0.749769
1.162880
0.433745
0.021068
-1.269525
-2.178283
0.363373
0.689605
-0.953936
-0.422885
-1.055802
-0.730873
-1.454361
0.148781
2.051005
2.099440
1.820340
0.618147
-0.608156
-2.474541
-2.425238
-0.415501
-0.281272
-0.540824
-1.026480
-1.639631
-1.073177
2.549693
2.893951
2.789697
2.096182
0.149650
-0.519104
-1.855961
-1.965212
0.384658
-0.713063
-0.446560
-1.162446
-1.975203
-2.830530
0.974352
2.913283
2.862023
1.948921
-0.028019
-0.655288
-1.699578
-1.640934
1.504968
-0.716538
-0.343390
-0.938514
-1.538417
-1.751488
0.001520
2.100526
2.434142
2.131151
0.242828
-0.970660
-1.949356
-2.965627
-0.314938
-1.371174
-0.275408
-0.678962
-0.843381
-1.227171
-0.539304
0.996724
1.190682
0.618798
-0.786041
-1.904395
-2.081196
-1.100545
0.086879
-1.527557
-0.240005
-0.445257
-0.424406
-1.068182
-2.305779
-1.410052
-0.757588
0.578834
0.507810
-0.783652
-0.170066
0.694166
1.087078
-1.369219
-0.061684
-0.158120
-0.028019
-0.103386
-1.421347
-1.816431
-2.442180
0.109034
0.517584
1.088381
0.784521
1.168310
1.014968
-1.465872
0.161595
-0.167677
0.023892
0.153776
-0.312983
-0.455465
-1.216746
-0.795598
0.675922
1.180691
0.847291
0.731741
0.171587
-1.620083
-0.036055
-0.424188
0.345780
0.337092
-0.179840
-0.285616
-0.367065
0.025847
0.395518
0.536263
0.288657
-0.068635
-0.054082
-1.500624
0.731788
0.866619
0.825006
0.917449
0.926754
0.889191
0.957941
0.955960
0.982409
0.971898
0.931665
0.837154
0.826902
1.114052
1.091738
1.466506
1.520007
1.602973
1.541459
1.308328
1.316082
1.589275
1.498383
1.293509
1.291528
1.425669
1.352180
1.408869
1.201756
1.357866
1.465300
1.489767
1.494334
1.632265
2.077334
2.192349
2.294786
2.205014
1.617361
1.531810
1.259048
1.364155
1.278691
1.482186
1.457201
1.498124
2.157371
2.751745
2.263512
2.001261
2.129888
2.514219
2.400152
1.937938
1.447380
1.347183
1.282913
1.474001
1.372426
1.686111
1.895637
2.289273
2.211217
1.755379
1.731600
1.956892
1.912781
1.926135
1.772351
1.335380
1.244747
1.381386
1.371565
1.945950
1.956116
1.987218
1.575576
1.480721
1.516217
1.270162
1.587982
2.473641
2.448398
1.242937
1.265423
1.367257
1.719625
1.911747
1.911231
1.463749
1.513546
1.612622
1.641656
1.611244
1.534309
1.871944
1.336500
1.177202
1.269300
1.358297
1.468746
1.321768
1.499244
1.384488
1.485890
1.592376
1.614432
1.508807
1.564290
1.712646
1.350371
1.205461
1.263270
1.432820
1.314703
1.478223
2.008842
1.874012
1.455134
1.461337
1.446432
1.336500
1.921655
2.500090
1.974036
1.326679
1.254740
1.461509
1.389829
1.646394
2.185199
2.032276
1.971280
1.591342
1.690850
1.877803
2.191833
1.998676
2.063292
1.410075
1.266285
1.472881
1.518456
1.544130
1.692142
1.690591
2.414195
2.054762
2.104387
2.798956
2.043390
1.882972
1.437731
1.498986
1.294629
1.401288
1.488561
1.551195
1.445657
1.526899
1.923292
2.147464
2.194590
2.060621
1.808708
1.584622
1.404303
1.532155
1.157904
1.292820
1.317891
1.430666
1.382678
1.223639
1.235700
1.310051
1.376562
1.276020
1.294371
1.337362
1.437989
1.443244
0.956821
1.138692
1.083209
1.143602
1.162814
1.192021
1.048661
1.077436
1.073387
1.114741
1.112587
1.108969
1.034015
1.333485
-1.220167
-0.624886
-0.396570
-0.707096
-0.780788
-0.673871
-0.491986
-0.378680
-0.290293
-0.378254
-0.506468
-0.740960
-0.630849
-1.958572
-0.509024
-0.183589
-0.739257
-1.018687
-0.769713
-0.420211
-0.148235
-0.228529
-0.111602
0.296044
-0.248123
-0.653212
-0.429156
-1.429741
-0.940310
-0.633192
-0.930939
-0.939459
-0.593152
-0.287524
-1.612052
-1.020604
-1.542620
-0.938820
-0.460039
-0.402747
-0.153772
-1.283423
-0.909854
-0.657472
-0.789094
-0.326713
-0.732441
-1.127520
-0.473882
-0.627867
-0.293701
-0.120121
-0.938394
-1.341992
0.163356
-0.946274
-0.945635
-0.606357
-0.621691
-0.241520
-1.140300
-1.140939
-0.831264
-0.563547
-0.345455
-0.097119
-0.969702
-1.024864
-0.605718
-0.455992
-1.010807
-0.466215
-0.362706
-0.533943
-1.717265
-0.435546
-1.026994
-1.272561
-1.272135
-1.167561
-0.534369
-0.363771
-1.119001
-0.084341
-0.935838
-0.293913
-0.248761
-1.081304
-1.188433
-0.433203
-1.257013
-1.564557
-1.670196
-1.389061
-0.684947
-0.693253
-0.830838
-0.128641
-0.994408
-0.325435
-0.184228
-1.095361
-1.332408
-0.371439
-1.348382
-1.681271
-1.752832
-1.389061
-0.714338
-0.909641
-1.057024
-0.283691
-0.960544
-0.424684
-0.261115
-0.257281
-1.297053
-0.491560
-0.937968
-1.307063
-1.366911
-0.911345
-0.761620
-1.063839
-0.904956
-0.273467
-0.914327
-0.661731
-0.510515
-0.254725
-0.816143
-0.795696
-0.764601
-0.513071
-0.670677
-0.465789
-1.631007
-2.165376
-0.172941
-0.609551
-0.894094
-0.720514
-0.710930
-0.440870
-0.308609
-1.621849
-1.664232
-0.498588
0.196581
-1.540917
-2.242689
0.023002
0.115861
-0.986953
-0.917522
-0.485596
-0.770352
-0.594429
-0.426814
-0.148235
-0.700707
-0.522229
-0.027688
-0.580160
-0.286885
-0.233640
-0.184867
-1.113038
-0.546083
-0.113093
-0.402960
-0.589531
-0.400617
-0.244289
0.026623
0.143762
0.229594
-0.032799
-0.356530
-0.571002
-0.195303
-0.827857
-0.552898
-0.537564
-0.498162
-0.763536
-0.790798
-0.791011
-0.518821
-0.544592
-0.537138
-0.592087
-0.726265
-0.827218
-0.205101
-0.998241
1.429534
1.563704
1.436361
1.372801
1.344714
1.305101
1.257767
1.273321
1.144635
1.218042
1.222966
1.346057
1.603541
1.332405
1.255081
1.410735
1.188052
1.302080
1.272538
1.037993
1.235946
1.491863
1.872774
1.669450
1.225539
1.089803
1.418345
1.234379
1.091258
1.194207
1.178877
1.286749
1.168694
1.238744
0.843397
1.181450
1.673367
1.203607
1.825888
1.903883
1.280483
1.248031
1.140271
1.173058
1.240310
1.211551
1.130200
0.698598
0.397025
1.554080
1.689145
1.097636
1.453258
1.703468
1.716225
1.254410
1.117667
1.194207
1.099762
1.042469
1.090251
1.096070
1.578475
1.753935
1.662289
1.534162
1.132997
0.603929
1.564039
1.208978
1.107820
1.160861
1.151461
1.453369
1.521070
1.291449
1.382760
1.539981
1.563480
1.485933
1.590896
1.505404
1.862703
1.316962
1.147880
1.170036
1.201592
2.292739
2.004482
1.478771
1.474407
1.667996
1.676500
1.580937
1.382760
2.127796
1.305101
1.222966
1.112072
1.104686
1.148328
1.464112
0.954739
1.314389
1.402567
1.593134
1.568068
1.534945
1.449789
1.451020
0.444918
1.279364
1.135235
1.110281
1.108827
1.723387
1.153363
1.101889
1.399881
1.558892
1.470826
1.376829
1.637670
1.697761
0.892634
1.351316
1.122031
1.135011
1.114310
1.782582
1.551059
0.904831
1.315396
1.755614
1.898512
1.765126
1.385334
1.255752
1.016620
1.272314
1.133221
1.183465
1.189619
1.235387
1.629949
1.192193
1.072459
2.415606
2.043423
1.678850
1.405812
0.882675
1.196892
1.301072
1.067311
1.117667
1.150118
1.156608
1.168134
1.723610
1.587763
1.990382
1.459748
1.614619
1.241989
1.101777
1.098420
1.250493
1.094615
1.215916
1.070333
1.202264
1.104239
1.141278
1.247919
1.235051
1.103343
1.011585
0.973203
1.056345
1.081523
1.186821
1.371570
1.579370
1.359596
1.414204
1.363625
1.314500
1.237848
1.167127
1.215580
1.315396
1.379403
1.365751
1.306108
0.983274
-0.561854
0.302211
0.007139
-0.088310
-0.003966
-0.015071
0.019830
0.202003
0.246951
0.184288
-0.000529
-0.140926
-0.511882
-2.228379
0.421192
0.739532
0.737681
0.723139
0.815680
0.985690
0.830222
0.596755
1.019798
0.951054
0.787124
0.792148
0.750372
-0.145686
0.006874
0.687445
0.485442
0.526953
0.539380
0.969562
0.519814
-0.202796
-3.071556
-3.082662
-2.236576
-0.053674
0.627426
0.157319
-0.145421
0.698021
0.581684
0.888390
1.016625
0.256470
-0.707275
-0.092805
-2.979016
-4.503293
-3.412635
-2.819053
0.461117
0.216545
-0.119510
0.730807
0.681364
0.979080
0.613412
0.665500
0.606009
-0.475923
-0.493110
-1.070563
-3.223323
-2.352383
-1.025615
0.089632
-0.201474
0.650429
0.978287
1.281820
0.174505
0.635093
-0.213637
-0.143306
-0.037016
-0.217867
-0.746935
-2.604358
-2.157255
0.334468
-0.240077
0.586972
0.583006
-0.543081
-0.801667
-0.215487
-0.207556
0.137489
0.157319
-0.031464
0.062928
0.132730
1.593550
0.768616
-0.223949
0.509238
-0.076941
-1.542785
-2.755332
-0.339756
-0.377037
0.056846
0.069802
0.075883
0.464025
0.754074
2.170740
0.536471
-0.251182
0.539380
0.067158
-0.413525
-2.810327
-1.600953
-0.845293
-0.175034
0.072446
0.318869
0.563441
-0.233467
1.702749
0.544403
-0.175827
0.588559
0.266253
-0.212844
-3.234428
-3.613581
-1.792909
-0.812243
-0.403213
0.327859
0.109462
0.218660
1.104407
0.451863
-0.134052
0.625311
0.230294
0.084873
-1.094624
-3.752920
-2.326207
0.426216
1.115247
0.104439
-0.035430
1.084576
0.991771
0.083287
-0.081965
0.725254
0.449483
0.333675
0.501306
0.096242
-1.171301
0.253033
0.316489
0.727898
0.591467
0.968504
0.726047
0.148065
0.065307
0.837625
0.762535
0.679777
0.635358
0.837890
0.853225
0.879665
0.970091
0.858777
0.838418
0.812771
0.695641
0.347424
-0.299303
0.805897
0.747200
0.858513
0.803517
0.765972
0.928051
0.803782
0.814886
0.811714
0.716794
0.909542
1.303237
0.320455
-0.594188
-0.423003
-0.488843
-0.609160
-0.619803
-0.609701
-0.597254
-0.669769
-0.679510
-0.675541
-0.665259
-0.599239
-0.477298
-0.209427
-0.050869
-0.171366
-0.553241
-0.711077
-0.737774
-0.753648
-0.753107
-0.579938
-0.401717
-0.423724
-0.527987
-0.738857
-0.467738
0.042390
-0.394863
-0.380251
-0.792250
-0.940346
-0.898858
-0.796760
-0.703501
0.220070
-0.376644
-0.818226
-0.923751
-0.516622
-0.398831
-0.316395
-0.354276
-0.436892
-0.784855
-0.836805
-0.520410
-0.481267
-0.349586
-0.011905
-0.397027
-0.365099
-1.275141
-0.933672
-0.264805
-0.330285
-0.342190
-0.381514
-0.664177
-0.798744
-1.094034
-0.354997
0.082436
-0.459982
-0.460883
-0.427512
-0.733265
-0.760863
-0.582283
-0.403160
-0.309901
-0.412901
-0.724967
-0.608799
-0.573804
-0.062594
-0.750762
-0.680953
-0.674098
-0.723524
-0.669048
0.491369
1.990547
-0.371773
-0.312607
-0.459260
-0.747876
0.153868
0.329563
-0.253441
-0.613489
-0.597976
-0.584808
-0.574706
-0.893627
-0.387286
-0.330465
-0.546206
-0.339484
-0.342912
-0.878474
-1.356675
-1.377239
-0.554503
-0.724787
-0.726951
-0.736872
-0.689070
-0.648844
-0.985984
-1.182243
-0.299980
-0.277612
-0.443566
-0.772228
-1.171600
-0.934935
-0.483973
-0.768981
-0.673557
-0.624132
-0.483432
-0.293667
-0.107690
0.108592
-0.271118
-0.333171
-0.442123
-0.740300
-0.679690
-0.293306
-0.174793
-0.249292
-0.187781
-0.395765
-0.190486
-0.723163
-0.088208
-0.172809
-0.413262
-0.329383
-0.449880
-0.730559
-0.847448
-0.439057
-1.095658
-0.596713
0.060248
-0.229991
-0.594368
-0.236665
-0.051410
-0.266429
-0.336057
-0.429496
-0.347061
-0.735068
-0.858452
-0.782149
-0.144849
0.491368
0.181106
-1.051644
-0.665079
0.006855
-0.459801
-0.575789
-0.325955
-0.300160
-0.424446
-0.608077
-0.606093
-0.641088
-0.765193
-0.730739
-0.527806
-0.524920
-0.760322
-0.710356
-0.657323
-0.533398
-0.211231
-0.121219
-0.404062
-0.623410
-0.621246
-0.608258
-0.683839
-0.658946
-0.680773
-0.767899
-0.753468
-0.660389
-0.677706
-0.618540
-0.062413
-2.420988
-1.041420
-0.940080
-1.422042
-1.361685
-1.168095
-0.912658
-0.812510
-0.939185
-0.945445
-1.039780
-1.149019
-1.482250
-2.989387
-2.057802
-1.361834
-1.533516
-1.905792
-1.922185
-1.197752
-0.504168
-1.266455
-0.702079
-0.094783
-0.995668
-1.539328
-1.506392
-2.188800
-2.072259
-1.535900
-1.774497
-2.064210
-1.363324
-0.566164
-0.793882
-1.295068
-1.194324
-0.492096
0.138747
-0.845147
-1.270330
-1.481803
-2.197294
-1.797895
-1.927104
-1.183147
-0.804910
-1.605945
-1.640072
-0.428908
-0.980765
-1.292088
-0.967501
-1.151255
-0.653793
-1.353786
-2.262868
-1.740816
-1.554976
-0.359162
-0.737101
-0.551261
-0.549771
-1.235755
-1.436646
-0.750663
-0.637102
-0.992985
0.015052
-0.923090
-2.244239
-1.669878
-0.833523
-0.763181
-1.025623
-0.461843
-1.780607
-2.342301
-2.381644
-1.737091
-0.912509
-0.355287
-0.210430
-0.983149
-2.304596
-1.621146
-1.158855
-0.605657
0.032339
-0.732630
-2.190439
-2.258993
-2.085671
-2.156460
-1.321894
0.249774
0.802972
-0.524883
-2.293269
-1.649312
-1.121598
0.430398
-0.392992
0.096571
-1.863765
-2.098339
-1.795957
-2.012944
-0.905504
-0.523392
0.329058
-0.672273
-2.292375
-1.700876
-1.485826
-0.323842
0.335317
0.374363
-1.389851
-1.888952
-1.713693
-1.414143
-0.261696
-0.323245
-0.087182
-1.415335
-2.202362
-1.747523
-1.806389
-1.276439
-0.474660
-0.145155
-0.592989
-0.776594
-0.759605
-0.665418
-0.608190
-1.046487
-0.514749
-1.427108
-2.208174
-1.712501
-1.946626
-1.915330
-0.066765
-0.792987
-0.922047
0.659158
0.039344
-1.746926
-0.988663
0.013562
-0.780171
-1.903408
-2.023526
-1.495215
-1.533665
-2.095060
-1.607286
-0.579428
-0.296122
0.731885
-0.660053
-0.725924
-0.898947
-0.908783
-1.551697
-1.742009
-1.615184
-0.577788
-0.683897
-1.002970
-0.895371
-0.817577
-0.478087
-0.432335
-0.670634
-0.824432
-0.977039
-1.010273
-0.969736
-1.236053
-1.690146
-0.270936
-0.412216
-0.739486
-0.753643
-0.884939
-0.715939
-0.887174
-0.894476
-0.862286
-0.861839
-0.596268
-0.097316
-1.680906
1.937905
1.983370
1.993849
1.925567
1.871314
1.924722
1.990806
1.964440
1.937398
2.057229
1.893286
1.946018
1.821117
1.809117
2.593169
2.349791
2.083426
2.089679
2.127031
2.165735
2.174693
2.269678
2.686972
2.801225
2.527761
2.299087
2.049623
2.350974
2.008384
1.606470
1.612048
1.900553
1.794920
2.165735
1.939596
1.773455
2.351988
2.963478
2.639310
2.516607
1.936722
1.808272
2.260383
1.751146
1.754864
1.998750
2.408269
2.155425
2.690352
2.256157
2.838914
3.088716
2.615817
3.303194
2.298411
1.647203
2.220157
1.778188
1.643146
1.809455
3.187251
2.301453
2.176045
2.354523
2.329847
2.581677
2.908379
3.388376
2.778070
1.563372
2.192777
1.733906
1.539710
2.695760
3.868374
1.978807
2.334917
2.382748
2.426692
2.469452
2.088327
3.175082
2.068384
1.232951
2.179763
1.750470
1.053966
2.252608
1.292444
1.508950
2.190749
2.365171
2.291312
2.253960
1.704836
0.684503
-0.137239
1.097572
2.189904
1.703146
1.087262
1.485288
1.395711
0.894417
1.983708
2.191425
2.123651
2.218974
1.091656
0.330082
-0.014197
1.129684
2.145961
1.777850
1.444894
1.201514
1.634695
0.921460
2.072947
2.331706
2.256495
2.307706
1.718019
0.766644
-0.279717
1.284838
2.202242
1.724103
1.585851
1.412950
2.391368
2.030862
2.042525
2.064834
2.138186
2.373791
2.140890
2.803422
2.336776
1.582809
2.247369
1.667653
1.743371
2.060947
2.685620
3.785727
1.450978
1.672554
2.037454
1.678470
2.817112
3.309109
1.971201
1.848497
2.131088
1.749963
1.824667
1.945849
2.387142
2.351650
2.364664
1.475654
1.469063
1.855258
2.446297
2.172496
1.947201
1.910525
2.498860
1.884666
1.881117
2.003145
1.996891
2.348100
2.328157
2.198355
2.119595
2.064834
2.072440
1.991314
1.744047
2.114693
1.745399
1.807258
1.929962
2.094074
2.017848
2.019032
1.983032
2.013454
2.090693
2.048271
2.112834
1.961567
1.901398
1.816892
-2.010404
-0.790964
-0.688259
-0.784690
-0.832789
-0.880191
-0.872988
-0.764706
-0.846266
-0.745420
-0.764474
-0.806299
-0.823727
-1.886555
-0.872988
-0.459846
-0.493539
-0.506087
-0.337391
-0.135467
-0.274885
-0.705686
-0.628542
-0.203550
-0.224927
-0.256529
-0.442884
-0.638998
-0.875776
-0.223998
-0.396644
-0.371781
-0.082721
-0.308346
-1.625844
-1.678822
-2.206983
-1.770606
-0.846963
-0.168231
0.127102
-0.569522
-0.916672
-0.197276
-0.098057
0.079468
-0.423133
-2.325721
-1.928613
-2.112179
-1.741096
-2.572258
-2.388924
-2.540424
0.043452
-0.603214
-0.889718
-0.148480
-0.006041
-0.155219
-2.446549
-2.340359
-0.215168
0.032531
0.356445
0.169160
-1.223623
-2.395662
-1.002646
-0.687330
-0.936190
-0.010921
-0.028116
-0.766101
-2.886877
-0.240263
-0.098057
-0.085045
-0.287665
-0.198670
-0.166372
-1.655354
-1.547305
-0.722649
-0.884141
-0.039037
-0.108514
-0.659446
-0.809088
0.460776
-0.242122
-0.371781
-0.355980
-0.224463
-0.064365
-0.366436
-1.182030
-0.403382
-0.897618
-0.005577
-0.294636
-1.173200
-2.531362
0.320429
-0.238637
-0.382934
-0.377822
-0.281856
0.209591
-0.881585
-1.720415
-0.403615
-0.853469
-0.156845
-0.093178
-0.484941
-2.406583
-0.397108
0.112696
0.040896
-0.072730
0.152662
0.053443
-0.851610
-0.501904
-0.626450
-0.937584
-0.268612
-0.024630
-0.339715
-2.223249
-2.163299
-0.546518
0.448925
0.583463
0.184032
-0.723578
-3.150841
-0.819544
-0.694068
-0.875311
-0.229575
-0.247234
-0.355748
-0.274653
-2.441205
-2.661485
-0.351797
0.490053
-1.993209
-3.130626
-0.922248
0.048564
-0.566268
-0.982431
-0.216562
-0.358768
-0.398038
-0.286736
-0.303931
-0.682217
-0.976157
-0.979875
-1.209681
-0.760292
-0.251882
0.049493
-0.370851
-0.979642
-0.180778
-0.082721
-0.200297
-0.156148
-0.170090
-0.383631
-0.251649
-0.075518
-0.215400
-0.079003
-0.182870
-0.207732
-0.329955
-0.984057
-0.171948
-0.106655
-0.313922
-0.331814
-0.411980
-0.325308
-0.387117
-0.522584
-0.429174
-0.362718
-0.306487
-0.078306
-0.788408
-1.052507
0.006164
0.016159
0.043313
0.072799
0.046145
-0.008829
-0.120610
0.150263
0.178749
0.080962
0.154761
-0.115446
-1.144797
-0.218564
-0.204238
0.320517
0.098287
0.295695
0.413473
-0.025321
1.288563
1.253246
-0.046978
-0.023822
0.328513
0.290031
0.098454
-0.296694
-0.340174
0.281035
-0.067968
-0.411141
-0.815451
0.087792
4.597513
4.714625
-0.618044
-2.505327
-1.129804
0.070967
0.402478
-0.343506
-0.224228
0.291197
-0.253048
-0.980374
-1.674883
-0.488105
3.313448
3.062565
-2.116676
-2.981937
-1.471311
-0.298027
0.289364
-0.322016
-0.145765
0.170920
-0.115946
-0.569900
-1.964413
-1.241918
0.179749
0.152429
-0.574064
-0.829778
0.636369
-0.018158
-0.134937
-0.350669
-0.102785
0.057306
0.512260
0.102286
-0.329179
-0.265376
-0.138269
-0.008163
-0.069801
-0.642532
0.569567
-0.387985
0.232558
-0.334343
-0.075465
0.304191
-0.598386
-1.781665
-0.703337
-0.241220
-0.098954
0.021823
-0.114613
-0.554240
-1.910272
-1.214431
0.783134
-0.373325
-0.092623
0.498933
-1.016191
-1.424666
-0.309855
-0.425967
-0.191077
-0.096121
-0.229892
-0.252715
-1.437493
-0.856432
0.728659
-0.401812
-0.140268
0.577397
0.257879
0.716331
0.528919
-0.565402
-0.309022
-0.198074
-0.041980
-0.006830
1.237254
0.940060
1.232090
-0.392816
-0.163090
0.590390
0.773804
2.303921
0.939726
-1.294560
-1.391681
-0.795794
-0.588225
1.066167
0.319017
0.972378
1.256412
-0.362164
-0.193243
0.402312
0.563070
0.618044
1.035349
-1.051174
-2.889480
-1.211599
0.308689
0.018158
-0.025488
0.040648
0.575897
-0.479942
-0.260711
0.356666
0.101452
0.350503
-0.075964
-0.145932
-2.830508
-0.795794
0.476444
0.108949
0.154095
0.537415
0.506929
-0.535249
-0.518091
0.209069
0.124442
0.267042
0.320017
0.071633
-0.216066
-0.088958
0.002832
0.239888
0.285033
0.464782
0.680515
-0.934895
-0.334843
-0.023156
0.054974
0.013994
0.074632
0.216898
0.349336
0.332511
0.107450
-0.003831
0.092290
0.174751
0.445625
-1.250604
-0.090753
0.024381
-0.138935
-0.230074
-0.354109
-0.431897
-0.605275
-0.652296
-0.545870
-0.444668
-0.201436
-0.335920
-1.007759
-0.909847
-0.343660
-0.347336
-0.426866
-0.656166
-1.142437
-1.499448
-1.142824
-1.290466
-1.185201
-1.067551
-0.585538
-0.359914
-0.751950
-0.384876
-0.451440
-0.446990
-0.667002
-0.934422
-0.860311
-0.943516
-0.569477
-0.536194
-0.827802
-1.112250
-0.665648
-0.521101
-0.265678
-0.134871
-0.391068
-0.439056
-1.080903
-0.857215
-1.103543
0.122293
1.491321
1.486290
0.737437
-0.598696
-0.810581
-0.731825
-0.445635
-0.214594
-0.487819
-0.778459
-1.118443
-0.615337
0.209176
0.668937
0.142031
0.502719
1.071809
1.895741
-0.573928
-0.818901
-0.596954
-0.225236
-0.448344
-1.142630
-0.631204
-1.035043
0.837865
0.543161
0.856441
0.711121
0.735115
1.076259
1.676309
-0.248263
-0.955707
-0.235299
-0.500590
-1.049362
0.148997
0.703961
0.447571
0.825287
0.625979
0.864374
0.926295
0.782329
1.396699
0.127712
-1.245961
-0.235492
-0.486271
-1.159272
-0.306894
-0.350046
0.494979
0.798584
0.737243
0.829737
0.809420
0.741500
1.051684
-0.390100
-1.338841
-0.229687
-0.401323
-1.008727
-0.488206
-0.059018
0.395325
0.791231
0.761625
0.909654
0.947580
0.979508
1.813115
-0.136613
-1.120958
-0.193696
-0.388552
-0.817160
-1.003696
-0.709379
0.269549
0.164090
0.109135
0.389520
0.750014
2.050736
-0.463631
-0.559028
-0.605855
-0.203758
-0.431703
-0.446603
-0.940227
-0.647071
-1.171462
0.340951
1.308268
0.858376
1.413727
-0.000193
-0.351787
-0.690223
-0.279610
-0.161768
-0.313474
-0.263163
-0.511620
-0.820836
-0.652489
-0.249231
0.377329
-0.096945
0.016641
-0.606629
-0.673581
-0.444862
-0.234912
-0.040442
-0.166605
-0.086108
-0.119004
-0.205112
-0.450473
-0.558060
-0.513168
-0.575669
-0.498849
-0.438863
-0.264905
0.000000
0.109716
-1.412953
-0.256390
-0.429188
-0.538323
-0.651135
-0.668744
-0.851797
-0.894174
-0.869599
-0.779814
-0.810387
-0.648620
-0.312506
-1.574721
2.169589
2.515097
1.831067
1.515198
1.378858
1.246963
1.220076
1.399817
1.433902
1.309841
1.224734
1.455073
2.076648
2.073261
2.505570
2.981702
2.253849
2.002974
2.066063
2.315667
1.787666
1.486829
1.748077
1.580827
1.877008
2.389342
2.333662
2.279889
1.663605
2.136139
1.534040
1.207162
1.014295
1.028268
0.933423
1.455284
2.184620
2.087234
1.982862
1.119938
1.884841
1.494238
1.617876
1.933745
1.322119
1.103213
1.110834
0.383192
-0.195618
-1.403415
-0.791155
0.662859
1.875737
1.818787
1.529806
1.627403
1.634178
1.897755
1.571089
1.032926
1.057696
-0.233303
-0.338734
-0.719597
-0.786920
-0.543879
-0.555311
2.275020
1.797194
1.756334
1.584003
1.943484
1.455284
1.624228
0.673868
-0.437390
-1.100249
-0.375782
-0.153489
-0.165980
-0.932364
0.307189
2.465557
1.509058
1.552458
1.924642
1.256702
1.917021
-1.918502
-0.570343
-0.666035
-0.234997
0.056103
-0.135705
-1.421623
-0.800046
2.406067
1.740032
1.542931
1.905800
1.327624
2.046163
-1.386267
-0.436331
-0.713246
-0.288135
0.030063
-0.280937
-0.930035
-0.844294
1.968677
1.705947
1.615547
1.827468
1.387749
1.931416
-1.170748
-0.564203
-0.681490
-0.280725
-0.151372
-0.316928
-0.828839
0.078967
2.682982
1.707853
1.695785
1.853084
1.477725
1.183027
1.706582
-1.021705
-0.508100
-0.525672
-0.684665
-0.953112
-0.631103
1.672497
2.143972
1.600093
1.666357
2.049762
1.328470
1.386056
1.823233
2.611424
0.674927
-0.732511
0.074733
0.096963
2.418135
2.027956
1.900507
1.510963
1.758662
2.277983
1.606021
1.144285
1.694091
1.792959
2.326253
3.327846
3.175627
1.758027
2.080671
1.979474
1.815189
1.759086
1.877219
2.331969
1.889499
1.437077
1.423316
1.731140
1.395371
1.316192
1.627826
1.454014
1.607291
1.888863
1.839959
1.888016
2.594064
3.260099
2.639370
2.358009
2.405644
2.105441
2.145454
2.085117
2.176787
2.291744
2.214894
2.514038
2.993346
2.957991
1.948025
0.909326
0.812706
0.752561
0.675146
0.640757
0.518679
0.386479
0.400026
0.521657
0.628251
0.718022
0.573912
1.571224
0.522103
-0.392880
-0.379928
-0.295218
-0.193835
-0.366380
-0.708494
-0.443051
-0.578229
-0.450048
-0.357597
-0.147684
-0.220781
0.405981
0.079201
-0.503196
-0.414467
-0.251003
-0.579569
-0.862580
-1.850065
-2.287459
-3.008905
-1.902618
-1.108074
-0.985997
-0.255767
0.192793
0.164953
-0.540415
-0.236413
-0.546519
-1.765058
-2.684061
-2.202601
-2.347753
-1.570627
-1.049715
-1.004308
-1.609484
-0.978702
-0.002233
0.155872
-0.555004
-0.322611
-1.077108
-2.289394
-2.470426
-1.187275
-1.812102
-1.147079
-1.349548
-0.776828
-1.462693
-1.635239
-0.178649
0.080690
-0.373080
-0.714896
-1.466713
-2.648182
-1.306822
-1.477432
-0.445731
-0.324398
-0.580462
-1.950109
-1.056414
-2.373955
-0.453621
0.053446
-0.298047
-0.681399
-1.658314
-2.622129
-0.877020
-0.748095
-0.361467
-0.369805
-0.236264
-1.570181
-1.384236
-1.167028
-0.382905
0.081732
-0.343900
-0.830720
-1.324389
-3.046868
-1.128916
-0.796926
-0.484736
-0.484438
-0.432630
-1.705508
-1.207374
-1.665609
0.022480
0.101979
-0.452132
-0.466573
-0.509896
-2.986871
-1.918696
-1.547403
-0.796777
-0.765365
-1.148121
-2.294604
-1.524328
-1.556633
-0.173886
0.122524
-0.552623
-0.339732
-0.687801
-1.588641
-1.602933
-1.802128
-1.117602
-1.069813
-1.769375
-0.891908
-1.535493
-1.363840
-0.147981
0.140687
-0.562448
-0.440669
-0.513766
-0.873448
-0.889228
-1.444679
-0.643585
-0.266039
-1.041824
-0.851712
-0.463596
-0.277204
0.141133
0.029626
-0.568999
-0.545774
-0.410298
-0.320974
-0.369953
-0.902329
-0.119100
-0.476101
-0.810474
-0.439180
-0.382459
-0.277651
0.191602
0.071460
-0.584184
-0.564384
-0.561555
-0.434565
-0.179394
-0.115676
0.269910
0.431885
0.101086
-0.358937
-0.416402
-0.515702
0.299387
0.675147
-0.549050
-0.362063
-0.453026
-0.443200
-0.481758
-0.325887
-0.324100
-0.278098
-0.263359
-0.366678
-0.456450
-0.326333
0.763131
-1.084311
-0.550638
0.027477
-0.143468
-0.191230
-0.258169
-0.116361
-0.167441
-0.112672
-0.088700
-0.233643
-0.222763
-0.707015
-0.604116
-0.513941
-0.175739
-0.248765
-0.358487
-0.146972
0.292838
0.036328
-0.208011
-0.083167
0.189570
-0.132404
-0.245814
-0.332670
-0.167441
-0.412149
-0.255588
-0.207457
-0.319946
-0.106771
-0.819688
-1.106256
-0.150476
-0.368444
-0.878882
-1.106809
-0.440363
-0.238069
0.334145
-0.433540
-0.367707
-0.344656
-0.092757
-1.134654
-0.978831
0.264439
-0.836284
-0.214096
0.747953
-0.429852
-1.198828
-0.055506
0.168363
-0.394815
-0.365863
-0.279929
-0.420632
-1.367744
-1.097773
-1.118058
-1.291215
-0.709597
-0.497898
-0.845136
-0.747769
-0.973852
0.446817
-0.440363
-0.317364
0.075607
-0.903039
-1.326437
-0.891422
-0.917239
-0.549716
-0.404588
-0.599137
-0.883861
0.336542
-0.288781
0.978093
-0.440548
-0.279561
0.087224
-0.789629
-1.362765
-1.216531
-1.004094
-0.717157
-0.515232
-0.553036
-0.659992
-0.722505
0.757727
0.544737
-0.464705
-0.388729
0.014937
-0.750720
-1.312238
-0.520764
-0.774692
-0.400347
-0.341337
-0.513388
-0.351479
-0.711257
0.070443
0.559859
-0.419894
-0.433540
-0.090544
-0.777274
-0.760677
-0.766210
-0.494394
-0.159512
-0.041491
-0.159512
-0.895110
0.977724
0.947482
0.493657
-0.386332
-0.428746
-0.381722
-0.284355
0.095523
-0.893635
-0.828170
-0.305193
-0.570185
-0.774139
-0.369735
0.201925
-0.191967
0.714576
-0.398503
-0.331748
-0.357196
-0.495132
-1.390426
-0.564285
-1.180756
-0.342259
0.883492
0.135908
-0.682858
-0.505459
-0.328428
0.396659
-0.437781
-0.250609
-0.263886
-0.286384
-0.276979
-0.528141
-0.915026
0.034115
0.565391
-0.206720
-0.281036
-0.283064
-0.232352
0.596371
-0.462308
-0.106956
-0.094232
-0.223132
-0.199528
0.014384
0.170023
0.158590
0.129638
0.075422
-0.048315
-0.063620
0.009589
0.508778
-0.340415
0.276610
0.526481
0.354983
0.322896
0.304455
0.510253
0.465258
0.492735
0.508594
0.401085
0.355167
0.700008
0.324003
-0.398631
-0.548140
-0.234682
-0.186247
-0.203062
-0.281655
-0.139274
-0.266668
-0.370118
-0.286407
-0.382730
-0.343616
-0.564590
-0.531873
-0.379257
-0.705692
-0.791413
-0.930687
-0.751751
-0.905830
-0.893036
-0.484718
-0.398813
-0.498791
-0.909851
-0.922462
-0.777888
-0.845880
-0.746816
-0.940191
-0.684673
-0.832720
-0.903088
-0.599500
-1.638207
-1.659957
-1.682986
-1.380494
-0.766555
-0.595662
-0.630937
-0.498791
-0.625637
-0.809142
-0.600414
-0.967242
-0.505737
-2.413718
-3.317537
-1.324749
-1.323104
-1.787899
-1.222943
-0.181495
-0.309803
-0.656708
-0.620336
-0.890477
-0.904916
-0.991916
-0.358786
-0.590178
-0.772039
-1.079283
-0.536077
-0.521821
-0.766921
-0.367925
-0.337401
-0.598038
-0.725797
-0.891756
-0.906561
0.078045
-0.494770
-0.322414
-1.084583
-0.299384
-0.347454
-0.678276
-0.992830
0.140919
0.848621
-0.483986
-0.718669
-0.994475
-0.929773
0.800734
0.780081
-1.506426
-0.732194
-0.444690
-0.446701
-0.515972
-1.172315
-0.067078
1.294042
-1.124245
-0.743709
-0.895229
-0.965414
1.097560
0.678275
-1.018967
-0.732925
-0.472655
-0.622895
-0.565321
-0.875124
-0.144940
0.773136
-1.044555
-0.705692
-0.872748
-0.851180
0.199041
1.118762
-0.768749
-0.799638
-0.204342
-0.213115
-0.248756
-0.854287
0.731463
2.239717
-0.915882
-0.650859
-0.870737
-0.789402
-0.508661
-0.400641
-1.132835
-0.836558
0.022664
-0.247111
-0.341240
-1.195710
-1.012204
-0.346540
-0.644097
-0.616863
-0.810604
-0.717207
-1.012387
-0.997582
-1.253649
-1.068864
-0.369935
-0.799638
-0.757600
-1.426006
-0.605532
-0.754310
-0.441400
-0.711358
-0.748461
-0.670599
-0.549968
-0.736946
-0.424219
-0.542657
-1.583374
-1.614628
-0.836375
-0.447614
-0.645193
-0.607725
-0.044780
-0.492029
-0.510123
-0.302857
-0.271968
-0.272882
-0.163400
-0.247659
-0.057757
-0.062874
-0.382547
-0.301578
-0.307061
-0.230296
0.075669
0.006032
-0.159562
-0.028696
-0.036007
-0.015536
-0.031437
0.177474
0.239434
0.184968
0.154993
0.030706
-0.084076
0.241445
-0.122093
-1.415053
0.946205
1.291533
1.184737
1.186497
1.171241
1.007819
1.083515
1.253685
1.045960
0.917452
0.901902
0.517552
-2.327225
-0.826206
-0.037555
0.147872
-0.220928
-0.275206
0.111198
0.395205
0.162249
0.090073
-0.018191
-0.108850
-0.290170
-0.969090
-1.922043
-1.055055
-0.053398
0.406061
-0.313641
-0.311587
-0.177799
-0.027579
0.338287
-0.278727
-0.866401
-0.918039
-0.281368
-1.064444
-1.962533
-0.985814
0.006455
0.383470
-0.764299
-0.705033
0.493200
0.434227
0.370267
-0.451244
-1.684392
-2.514706
-2.069622
-0.701219
-1.542388
-0.948846
0.078044
0.159021
-1.192952
-0.542785
0.239999
-0.165769
-0.590902
-0.504643
-0.531635
-1.826689
-2.844777
-1.289186
-1.372804
-0.853492
0.123814
-0.057506
-0.365279
0.333886
0.087139
-0.252908
-0.433347
-0.137016
-0.311881
-1.544735
-2.276467
-1.791482
-1.709624
-0.853785
0.125574
-0.430707
0.552173
0.610559
0.069535
-0.286355
-0.228850
-0.015257
-0.389044
-1.601361
-2.255049
-2.279401
-1.799110
-0.863761
0.237358
-0.636085
-0.131735
-0.089486
0.129388
-0.426012
-0.212713
-0.121173
-0.633738
-1.581116
-2.741795
-2.408789
-1.871872
-0.906010
0.187774
-0.126747
-0.131442
1.026303
0.190121
-0.027579
-0.285769
-0.111784
-0.369973
-1.784440
-2.656123
-1.790015
-1.552951
-0.927428
0.179559
0.377309
-0.960582
-0.070416
0.893100
0.182786
-0.049877
-0.375548
-1.225519
-2.147959
-3.116169
-1.393342
-1.363122
-0.987281
0.023472
0.541024
-0.447430
-0.504056
0.012323
0.948846
-0.614373
-0.911585
-1.256032
-2.683702
-1.313245
-0.445963
-1.729282
-0.999604
0.012029
0.448897
-0.347089
-0.441562
0.242052
0.481464
0.067775
-0.358238
-0.310414
-0.502589
0.123227
-0.765766
-1.796763
-0.688016
0.179265
0.268752
0.002641
0.031393
-0.003227
-0.067188
-0.286355
0.007922
0.053692
0.196576
0.060440
-0.816524
-1.636275
-0.483812
0.772221
1.160385
1.021902
1.051242
0.995496
0.978479
0.915985
0.922147
0.831194
0.809189
0.968797
0.463567
-1.237842
1.334353
0.334920
-0.099461
-0.171900
-0.167333
-0.171520
-0.235459
-0.288742
-0.321727
-0.295973
-0.179258
-0.125468
0.078402
1.438762
1.478090
1.051828
0.519888
0.609834
0.543992
0.526485
0.063178
-0.397972
-0.574820
-0.148684
0.471807
0.552999
0.753317
1.828742
1.615991
1.467687
0.768160
0.983321
0.596640
0.172027
0.039582
0.407106
-0.008627
-0.047194
0.345323
0.206915
1.172983
1.615991
1.595185
1.551291
0.999179
0.960993
0.658042
1.642886
1.287921
0.415733
0.346085
0.711833
1.531880
0.871935
0.641170
1.751101
1.583007
1.538224
1.183512
0.949576
1.373681
1.839144
0.901621
0.963150
1.132133
1.041425
1.791698
1.289063
0.356360
1.903084
1.576283
1.647580
1.211930
0.674154
1.554970
1.552940
1.601402
1.679296
1.651767
1.779772
1.847898
0.941710
1.383450
2.070163
1.568544
1.646312
1.460583
2.065342
2.769056
2.026776
1.694393
1.643013
1.531119
1.745519
2.158714
1.788906
1.894838
2.075492
1.625252
1.723952
1.399561
1.627028
2.685453
1.974381
1.624745
1.509933
1.429121
1.668259
1.562074
1.866547
2.102514
1.980978
1.614722
1.666102
1.261787
0.987888
0.878659
0.926867
1.203049
1.282593
1.251765
1.186050
0.972665
0.809391
0.982053
1.876823
1.615230
1.615864
1.091029
0.882972
-0.274406
0.255504
0.483224
0.142595
0.159595
0.114177
0.404061
0.803302
0.648528
1.986814
1.613073
1.486336
0.971650
1.030768
0.533970
-0.510119
0.663625
-0.519888
-0.590551
-0.461531
-0.109103
0.509612
1.150274
1.791571
1.540126
1.277265
0.675423
0.838950
0.635715
0.243198
0.140692
-0.304346
-0.343674
-0.620618
-0.227848
0.564798
0.945135
1.438762
1.422651
0.897181
0.321980
0.336189
0.319824
0.323883
0.164796
-0.140184
-0.007485
0.237870
0.330607
0.389979
0.253347
0.991060
1.028612
0.357249
0.048843
-0.042119
-0.073327
-0.029686
-0.045163
-0.007485
-0.076118
-0.108976
-0.044910
-0.051887
-0.222138
1.008314
-1.060017
0.917789
1.179334
1.007774
1.022938
1.083371
1.107611
1.202356
1.192395
1.109714
1.120782
1.129858
0.988405
-0.583856
0.354188
1.261240
1.169262
1.173910
1.134618
1.387198
1.723786
1.152659
1.272529
1.680177
1.588753
1.213867
1.305403
0.323528
0.381194
0.994603
0.962173
0.940811
1.261572
1.130744
1.402915
1.484599
1.306067
0.925979
1.190402
1.613988
1.139266
0.527075
0.232546
0.718890
0.756522
1.007221
0.838428
1.557097
2.148701
2.124240
1.979355
2.077863
0.981210
0.484905
1.573700
0.592711
0.260438
0.817509
0.863221
0.912586
0.309582
1.436341
1.869114
2.351252
2.089928
2.216993
0.598577
0.405987
0.916128
0.795926
0.320429
0.777552
0.986412
0.212955
0.431555
1.094440
2.322364
1.486038
1.439108
1.638339
2.068566
0.573231
0.297075
0.603779
0.340020
0.768808
0.408201
-0.684578
0.274717
1.712054
1.581890
1.180551
1.190845
1.162621
1.795620
0.696089
-0.362600
0.730623
0.327291
0.721657
0.883144
-0.242065
-0.527518
1.555658
1.703089
1.215749
1.262568
1.339936
2.081295
0.242065
-0.457234
0.757076
0.348432
0.697639
0.874290
-0.045491
-0.307368
1.525663
2.516835
1.763411
1.746145
2.088600
2.039567
0.156396
-0.713799
0.684357
0.298514
0.749549
0.760728
0.892331
0.695425
1.180551
2.108412
2.452306
2.022964
2.317825
0.605218
0.956085
0.914689
0.499847
0.297075
0.756854
0.821383
0.924430
1.215085
0.932731
0.735161
1.663907
1.828051
0.689559
1.105065
0.667975
1.096653
0.257893
0.344890
0.938818
0.978665
0.865435
1.102630
1.157751
0.899194
1.151663
1.152327
1.014858
1.150003
1.077505
0.836547
0.285453
0.402003
1.073963
1.124213
1.003900
0.997481
1.019507
1.298983
1.371702
1.245966
1.195383
1.131629
0.935719
1.046403
0.289327
0.267190
1.812776
1.836573
1.784884
1.736626
1.677078
1.716039
1.552559
1.545143
1.686486
1.675086
1.745813
1.758098
0.024904
-1.678211
-0.063876
-0.133736
-0.059477
-0.085697
-0.277502
-0.435346
-0.432706
-0.398041
-0.395225
-0.240549
-0.258849
-0.122298
-2.156317
-1.410739
0.263425
-0.169106
-0.486377
-0.470188
-0.483033
-0.434290
-0.796785
-0.864005
-0.577352
-0.752089
-0.567322
-0.144118
-1.657623
-0.896031
0.553421
-0.135320
-0.643517
-0.430419
-0.252691
-1.143267
-2.227057
-1.500659
-1.121799
-0.308649
-0.381323
-0.329413
-1.273484
-1.009003
0.442385
-0.364255
-0.095903
0.473355
-0.785347
-2.360089
-1.966799
-2.753730
-2.745107
-0.820893
-0.020060
-0.000880
-1.109833
-0.986127
0.259729
-0.071795
0.374813
0.717951
-0.250931
-1.210839
-2.148398
-2.538168
-1.790655
-0.250755
-0.051383
0.492360
-0.684869
-1.053699
0.135848
0.205003
1.319763
0.344370
0.095727
-2.309586
-2.291637
-1.890429
-2.045985
-0.933512
0.016013
2.113732
0.358448
-1.040854
0.037657
1.090652
3.072584
1.703727
-0.387834
-2.105638
-1.502770
-1.043669
-1.523710
-1.023432
0.744346
2.944128
-0.140423
-1.068480
0.094495
0.319031
1.999177
2.304658
0.365662
-2.034547
-1.470568
-1.170894
-1.655335
-0.811566
1.195178
2.255739
-0.630847
-1.051587
0.162771
-0.123354
1.581956
2.742996
0.494647
-1.995482
-2.101943
-1.934773
-1.941988
-0.851687
1.836758
2.929346
-0.685749
-1.010235
0.185647
-0.198844
0.455582
0.336980
-1.072000
-0.591606
-1.661142
-1.711821
-1.215238
-0.026219
-0.940727
0.029563
-0.722350
-0.963427
0.448896
-0.329413
-0.430243
-0.190750
-1.452267
0.582631
-0.016717
-2.042114
0.133208
-1.348974
-0.512068
-0.215385
-1.166671
-0.892688
0.440449
-0.220840
-0.754201
-0.563275
0.093615
1.112296
0.852743
0.020236
0.341731
-0.270111
-0.462093
-0.181599
-0.988591
-0.914508
0.452767
-0.230343
-0.420389
-0.423204
-0.486729
-0.258850
-0.118955
0.102766
-0.269056
-0.477402
-0.421268
0.003343
-0.923658
-1.301638
0.157844
-0.641229
-0.760008
-0.633838
-0.773557
-0.863301
-0.789570
-0.741883
-0.772677
-0.852567
-0.641581
-0.218377
-1.522303
0.354269
-0.568101
-0.982557
-1.257747
-1.373774
-1.338999
-1.450346
-1.768168
-1.831365
-1.571389
-1.415738
-1.255072
-1.126672
-0.078745
-0.170029
-0.084429
-0.317488
-0.097135
-0.204135
-0.985901
-1.814479
-1.424599
-1.897236
-1.753957
-1.100758
-0.369817
0.017722
0.047983
0.023573
-0.072225
-0.097303
0.362795
-1.254403
-1.492142
-2.084987
-0.897626
-1.250892
-1.692433
-1.904425
-1.570887
0.592176
0.232055
0.274688
0.246601
0.618926
-0.420308
-1.384975
-0.171366
0.361625
1.087216
1.653645
0.470965
0.105160
-1.455194
-0.835098
0.377675
0.172537
0.181398
-0.039456
-1.347192
-0.475312
1.224978
0.593012
0.769561
1.582591
0.784441
0.222526
-0.059017
-1.747270
0.275524
0.029425
0.482167
-0.747994
-1.513375
0.366306
1.206086
1.247715
2.145509
2.071779
1.862963
0.701850
0.398573
-0.741307
-0.207479
0.075234
0.746824
-0.262650
0.041797
1.444327
1.037729
1.774354
1.697448
1.098585
1.580919
1.102262
0.741474
0.269338
-0.060020
0.183906
0.760700
0.071556
0.196946
0.719739
0.036447
0.973696
0.495876
0.061859
0.774075
-0.432679
-0.087606
0.681621
0.526471
0.194104
0.732446
0.619260
1.107446
-0.211324
-0.781431
-0.399242
0.224699
-0.102151
-0.246601
-0.907323
-0.149131
1.201906
1.059296
0.215838
0.580138
0.766050
0.712550
0.317989
-0.910332
-1.879514
-1.296032
-1.105941
-1.564701
-1.345018
0.277530
0.647849
1.061302
0.228545
0.174543
0.597526
0.702686
0.122548
-0.410945
-0.451237
-1.175323
-0.225033
-1.014656
-0.376170
0.222860
0.934741
1.008304
0.119539
-0.082590
-0.066540
0.587829
0.671924
-0.077909
0.012372
0.778255
0.509084
-0.125892
-0.568937
0.637316
0.841117
0.582312
0.558070
-0.357111
-0.549877
-0.249276
0.198284
0.605551
0.082758
-0.076906
0.222024
0.212662
0.341395
0.089779
-0.414456
0.018892
-1.787394
-1.914624
-1.648462
-1.655317
-1.637427
-1.456531
-1.062974
-0.764044
-0.807513
-1.116975
-1.451516
-1.774521
-1.922816
-1.318770
1.318518
0.261931
-0.047178
-0.163697
-0.197180
-0.209449
-0.219740
-0.243724
-0.307367
-0.273725
-0.322486
-0.218948
0.065384
1.212686
1.260971
0.668798
0.267709
0.230426
0.127205
-0.037045
-0.044565
0.141137
0.093484
0.105675
0.004195
0.053748
0.424915
1.267541
1.235641
0.628665
0.325494
0.293989
0.276021
0.453332
0.466235
0.552041
0.560748
0.453728
0.471380
0.597319
0.639905
1.467492
1.390551
0.716371
0.355652
0.451037
0.522753
0.502093
0.333251
0.697690
0.785475
0.717004
0.527186
0.543888
1.014793
1.504854
1.364192
0.722387
0.378212
0.585683
0.293752
0.691595
0.796003
0.564706
0.582279
0.667056
0.689774
0.328897
0.769802
1.593985
1.361342
0.774393
0.535893
0.483729
0.497898
0.932153
0.402276
0.206362
0.134963
0.269213
0.819117
0.862099
0.940781
1.530580
1.361105
0.799407
0.798140
0.512067
0.706476
0.513333
0.167417
0.099342
0.094672
0.208737
0.568585
0.804631
0.656608
1.449206
1.342661
0.790779
0.769723
0.540405
0.439875
0.484599
0.260110
0.173670
0.155781
0.213486
0.487291
0.639114
0.404017
1.482215
1.357147
0.745659
0.665790
0.671014
0.567872
0.628428
0.297235
0.212537
0.192352
0.342829
0.693099
0.767348
0.751517
1.558047
1.385802
0.733311
0.415020
0.699036
0.239292
0.492515
0.571909
0.484995
0.444387
0.771148
0.789829
0.500114
0.957641
1.595964
1.365063
0.708455
0.364597
0.391669
0.634760
0.193856
0.516262
0.219977
0.270875
0.648375
0.517529
0.745184
0.993025
1.559393
1.343611
0.701727
0.322723
0.413991
0.353040
0.567714
0.669827
0.419057
0.522357
0.590670
0.684075
0.625340
0.490773
1.454510
1.423877
0.769802
0.461010
0.465285
0.387790
0.419057
0.315282
0.235888
0.221560
0.337763
0.336734
0.413912
0.626924
1.671242
1.388968
0.428319
-0.024855
-0.100134
-0.166942
-0.159501
-0.120398
-0.177153
-0.199871
-0.153248
-0.133459
-0.140583
0.137100
1.223847
-3.560733
-1.309749
-0.816609
-0.935443
-0.894688
-0.848570
-0.911848
-0.826905
-0.765343
-0.725017
-0.779929
-0.858651
-1.505589
-3.206374
-1.419574
-0.483058
-0.361436
-0.359505
-0.185115
0.114330
-0.104248
-0.345348
-0.319822
-0.255686
-0.237239
-0.397257
-0.706569
-1.256338
-0.941235
-0.177608
-0.202490
-0.301161
-0.031746
-0.117333
-1.285725
0.117547
-0.896618
-1.176543
-0.238741
-0.272417
-0.417635
-0.752044
-0.978129
-0.084943
-0.181254
-0.193695
-0.542046
-2.056216
-1.750121
-1.146942
-1.253335
-2.055358
-2.287663
-1.575088
-0.770491
-0.876670
-0.978773
-0.002789
-0.181898
-0.292795
-1.953897
-2.653818
-1.282292
-0.733811
-0.281426
-0.333980
-1.053633
-2.414005
-1.472984
-0.991642
-1.004298
0.107465
-0.220937
-0.542261
-2.168829
-1.064573
-0.644578
0.066496
0.096955
0.003432
-0.584303
-1.846862
-1.230169
-0.810603
-1.030468
0.050837
-0.514376
-0.113042
-0.519309
-0.362294
-0.187904
-0.286789
-0.220079
-0.074432
-0.258046
-1.649520
-1.177616
-0.622913
-0.987782
0.025097
-0.525101
-0.589666
-2.048494
-0.276922
-0.027885
-0.129559
-0.145003
-0.121837
-0.323469
-1.743472
-2.074662
-0.807600
-0.962471
-0.004505
-0.114544
-0.167311
-2.384618
-0.836986
-0.191979
0.269414
0.215574
0.301590
-0.811246
-2.058575
-1.428154
-1.041407
-0.990356
-0.054913
-0.053411
-0.240028
-1.720091
-1.875605
-0.890612
-0.336339
-0.381814
-0.508584
-1.601686
-3.162831
-1.248616
-0.865730
-0.986495
-0.104034
-0.186831
-0.199916
-0.460965
-1.701215
-2.210443
-0.214073
-0.663240
-2.015675
-2.678271
-0.935228
-0.837845
-0.669032
-1.052561
-0.014586
-0.086873
-0.095024
-0.116689
-0.230160
-0.135136
-0.968691
-1.234029
-0.906485
-0.651013
-0.437369
-0.341702
-0.628490
-1.058138
-0.136638
-0.022523
0.069070
-0.060061
0.036465
-0.069070
-0.202061
-0.148435
0.062849
0.101674
-0.072716
-0.429218
-0.686192
-1.659601
-0.100602
0.156801
0.131919
0.195626
0.202704
0.205064
0.241744
0.188118
0.220937
0.216003
0.075076
-0.106822
-1.201211
-0.850197
-1.289670
-1.142244
-1.124539
-1.168890
-1.233049
-1.505287
-1.617478
-1.583295
-1.466897
-1.207806
-1.150133
-1.252331
-1.964394
-1.008667
-1.582243
-1.450594
-1.633430
-1.434817
-1.547709
-1.541048
-1.509319
-1.313511
-1.327710
-1.676904
-1.592586
-1.594339
-1.734928
-0.839153
-1.185017
-1.161527
-1.258642
-1.451646
-1.462339
-1.583821
0.641592
-0.443329
-1.753685
-1.719151
-1.017958
-1.225511
-1.364172
-0.961862
-1.223758
-1.208858
-1.394148
-1.370483
-1.634131
-0.157418
0.010693
-0.866675
-2.130401
-1.795932
-0.941352
-1.332969
-1.383981
-0.992890
-1.235853
-1.045479
-1.425702
-0.623536
-0.865097
-1.040396
-0.908922
-1.072651
-1.332618
-0.328334
-0.596014
-0.758516
-1.340857
-1.043200
-1.192204
-1.308252
-0.573927
-0.590756
-0.578134
-1.331391
-0.851600
-0.811807
-0.825305
-0.902261
0.004908
0.285211
-1.190977
-0.994994
-1.169766
-1.029527
-0.682612
-0.468923
-0.551313
-0.693130
-0.487329
-0.440174
-0.594086
-0.767456
-0.347441
-1.008842
-1.215344
-0.997974
-1.202897
-1.134005
-0.458756
-0.675950
-0.626692
-0.825655
-0.684891
-0.638963
-0.697863
-0.589528
-0.868253
-1.866752
-1.262849
-1.002531
-1.251104
-1.254961
-0.199665
-0.766930
-0.567967
-1.147854
-0.879472
-0.976412
-0.946611
-0.673847
0.469099
-0.294326
-1.213591
-1.016029
-1.287391
-1.056348
-0.971328
-0.586198
-0.771839
-1.346116
-0.929432
-0.806197
-1.206403
-0.099394
-0.661927
-1.463741
-1.232347
-0.978165
-1.236029
-1.217973
-1.094212
-0.771839
-0.848619
-0.394421
0.007889
-0.428429
-0.892794
-0.821624
-1.217447
-1.368028
-1.290196
-1.030404
-1.423072
-1.369606
-1.502307
-1.393973
-1.096141
-0.308700
-1.212013
-1.281256
-1.266180
-1.591709
-1.435518
-1.283710
-1.308076
-0.967647
-1.626944
-1.535789
-1.576108
-1.574880
-1.623613
-1.508968
-1.429208
-1.286340
-1.567343
-1.601175
-1.613621
-1.789621
-1.549287
-1.351901
-2.172122
-2.114449
-2.119182
-2.074130
-2.230146
-2.231899
-2.138991
-2.116728
-2.182465
-2.116027
-2.099198
-2.204552
-2.239437
-1.383384
-0.854058
-0.834064
-0.838200
-0.821309
-0.677386
-0.386610
-0.308012
-0.327145
-0.315596
-0.521053
-0.740126
-0.848887
-0.982468
0.852851
0.652566
0.453487
0.638259
0.866812
1.067960
0.648429
0.850955
0.614990
0.691692
1.257904
1.216709
1.038314
1.018837
0.724786
0.514675
0.325938
0.789077
0.896976
0.725820
0.692726
0.943514
0.657047
0.454693
0.224244
0.951788
1.458534
1.008150
0.810450
0.824756
0.938343
1.298236
0.687728
0.604649
1.299960
0.236309
1.024697
0.230104
-0.179257
0.058776
1.771200
1.316335
0.775460
0.967645
1.026765
1.379764
0.041367
0.285605
0.485201
0.599823
0.985054
0.735472
0.078425
0.669285
1.224120
1.707771
0.818723
1.121909
0.977642
0.870088
0.854058
0.805796
0.760292
0.705136
0.509849
0.735472
0.631882
1.075372
0.872501
1.790505
0.805451
1.181547
0.886634
-0.107727
1.427337
0.913006
1.231532
1.022111
0.843544
1.293583
1.368733
0.943514
-0.669113
1.688466
0.796489
1.075372
0.751674
-0.465035
0.620161
1.505072
1.631586
1.439057
1.250492
1.702427
1.725179
0.405397
-0.462622
1.354944
0.824756
0.989018
0.627228
-0.024820
0.698931
1.718285
1.752930
1.809465
1.762927
1.835491
1.465773
0.421772
-0.319733
1.229291
0.773047
0.855437
0.684797
0.561730
-0.064636
1.404412
1.320472
1.323919
1.216882
1.435954
1.129321
-0.182187
0.439008
1.140180
0.856126
0.793731
0.699793
0.617059
0.366099
-0.455727
1.026765
1.145523
0.900251
0.732025
-0.264921
0.552940
0.957648
1.136388
0.824928
0.885772
0.731508
0.784423
0.209248
0.268886
0.464862
0.225968
0.258372
0.424702
0.435906
0.715306
0.997291
1.040899
0.939377
0.770634
0.602063
0.536738
0.351792
0.236309
-0.031715
-0.450901
-0.329730
0.093248
0.382301
0.635502
1.050207
1.213779
0.939722
0.394366
0.072048
-0.014306
-0.104969
-0.105314
-0.310598
-0.336969
-0.407121
-0.366788
-0.176672
-0.018443
0.328006
1.232911
-2.595335
-1.921126
-1.959401
-2.170907
-2.136034
-2.173175
-1.955715
-1.829833
-1.932750
-1.970459
-2.215419
-2.198124
-2.035668
-2.826403
-1.159594
-1.043634
-1.494430
-1.608405
-1.545747
-1.089848
-1.517678
-2.014120
-1.915172
-1.578351
-1.377336
-1.352954
-1.377336
-1.250887
-1.069151
-1.212895
-1.570129
-1.919425
-1.559639
-2.114770
-2.649771
-1.443113
-1.616626
-2.736528
-2.237534
-1.341046
-1.786454
-1.139464
-1.048454
-1.249753
-1.785888
-1.740808
-2.262767
-2.760627
-1.765190
-1.806868
-1.420998
-1.306457
-1.500383
-1.723230
-1.325736
-1.076806
-1.050722
-1.162996
-1.573248
-1.684104
-2.425223
-2.305011
-1.874912
-2.564147
-2.375891
-2.227327
-1.428370
-2.360865
-1.719260
-0.720706
-1.091833
-1.216581
-1.416178
-1.661990
-2.398005
-1.293131
-2.826119
-2.634460
-2.327409
-2.389216
-1.905816
-0.183720
-1.011313
-0.713051
-1.136912
-1.315529
-1.538942
-2.520486
-2.223074
-2.284598
-2.579741
-1.981516
-1.555670
-1.703100
-2.112501
-0.994869
-1.856200
-1.003374
-1.105725
-1.412493
-1.744777
-2.601856
-2.031131
-1.194466
-1.965922
-1.346999
-1.013865
-1.302204
-1.058377
-0.596524
-2.862126
-1.440277
-1.084461
-1.414194
-1.917440
-2.784442
-1.963937
-0.042811
-1.449067
-1.385275
-1.053841
-1.255707
-1.043634
-0.281535
-3.171163
-1.476568
-1.035129
-1.343030
-1.960252
-2.288283
-3.022031
-1.830967
-0.148848
-1.575233
-1.351819
-1.117633
-0.485385
-2.715264
-2.353776
-1.355789
-1.014432
-1.165831
-1.681269
-2.083866
-2.253411
-2.004764
-0.539253
-0.620340
-1.171785
-0.164158
-1.939838
-2.330245
-2.113352
-1.434891
-0.965383
-0.997704
-1.319498
-1.836637
-2.047009
-2.138586
-1.391512
-1.275270
-1.259959
-1.612090
-1.454170
-2.076211
-1.737122
-0.975590
-0.885998
-0.780528
-1.211194
-1.347567
-1.611240
-1.663974
-1.690625
-1.822461
-2.045591
-1.893908
-1.712456
-1.438010
-0.878343
-0.349863
-1.111962
-1.100905
-1.585439
-1.664825
-1.854783
-1.916590
-2.182531
-2.421821
-2.314934
-2.146240
-2.012703
-1.641860
-1.190497
-1.639592
0.352611
0.284925
0.207617
-0.020255
-0.036459
0.036459
0.339445
0.454225
0.365270
0.323409
0.250153
0.148538
0.054690
1.158265
1.239793
2.135245
2.143854
2.205463
2.190610
2.107563
1.508006
1.501086
1.376853
1.574680
1.802721
2.181833
2.305221
2.190103
2.194661
2.384048
2.185377
2.157020
1.548179
1.143242
1.443865
1.554425
1.821457
0.972085
0.628083
1.412975
2.250025
2.319400
2.188922
2.453084
2.291042
2.173393
1.611815
1.999535
1.749044
1.662453
1.639835
0.637029
0.850216
0.903554
2.388099
2.629643
2.234834
2.488025
2.454435
2.030931
1.152526
2.350964
1.745162
1.696549
2.108913
1.678826
0.570524
1.073362
1.963750
2.776832
2.209683
2.529042
2.636226
1.373140
1.568266
1.794788
1.880028
2.019959
2.034137
1.919358
1.899609
1.124169
1.552906
3.474964
2.177106
2.555880
2.996770
1.164342
1.911256
1.595948
1.763054
2.063676
2.109082
1.938431
2.421014
1.618229
1.776895
3.339253
2.191622
2.455110
2.986980
1.946365
2.218292
2.192297
1.957167
2.099461
2.115496
1.925265
2.413418
1.431543
1.908217
2.860216
2.234328
2.406328
2.770080
1.899777
1.592403
2.667453
2.161746
2.133557
2.066208
2.145204
2.079206
1.777739
1.960206
2.945457
2.221668
2.438062
2.438906
2.412574
0.982044
0.761599
1.452473
1.334992
1.339044
1.353560
1.563540
1.888975
2.296443
3.004704
2.255933
2.417638
2.315686
2.298300
1.704820
0.421141
0.581327
0.196308
0.435996
1.090410
0.792151
1.244519
1.831922
2.416456
2.228926
2.275682
2.363792
2.044940
1.818756
1.394746
1.396940
1.641016
1.935899
1.577212
1.147462
1.488764
2.165459
2.436036
2.050679
2.151449
2.170861
2.075661
2.033631
2.118028
1.837661
1.879016
1.796138
1.912943
2.127818
2.357209
2.341849
2.256608
0.734760
1.180208
1.098849
1.004156
0.998248
1.091254
1.258022
1.316594
1.340394
1.206371
0.983901
1.019854
0.926342
1.664816
-1.802199
0.149840
-0.289843
-0.340400
-0.290530
-0.317524
-0.304027
-0.384323
-0.397362
-0.293046
-0.360989
-0.288699
0.011667
-1.359084
-0.520895
0.557497
0.177292
0.081211
-0.057420
-0.161049
-0.153500
-0.275889
-0.142520
-0.000229
0.191475
0.107519
0.344976
-0.211835
-0.812797
0.188272
-0.017386
-0.012124
0.273830
-0.035001
0.327818
-0.206116
0.479488
0.416121
0.226476
0.612629
0.583347
0.111865
-0.695441
0.174089
0.128794
0.445403
0.536450
0.806391
0.318210
0.694755
0.557268
0.461416
-0.332165
-0.444259
1.022116
0.236999
-0.728383
0.129022
0.067028
0.341315
0.231509
0.819202
0.996036
0.672565
0.415435
0.732501
0.071832
0.223274
0.547431
0.616975
-0.670277
0.126964
0.264679
-0.292131
0.263078
0.625211
0.537137
-0.471482
-0.570765
-0.042093
0.680571
0.098139
0.097682
-0.069544
-0.600733
0.188958
0.051472
-0.379976
1.211761
0.665702
-0.097453
-0.134055
-0.241574
-0.254156
0.434193
1.082509
-0.315007
0.100885
-0.644427
0.179579
0.210234
0.065884
0.623609
0.489783
0.008236
-0.275889
-0.265366
-0.266281
0.474227
0.544228
0.151899
0.255529
-0.674166
0.113238
0.109806
-0.145265
1.742034
0.627498
0.226933
-0.299223
-0.324387
-0.055589
0.731586
0.406055
-0.211835
0.145494
-0.700474
0.171115
0.004575
0.416350
0.207031
0.270399
0.424356
0.860608
0.735704
0.821719
0.003431
0.258045
0.794953
0.258045
-0.639394
0.138173
-0.099741
0.220070
0.774593
-0.286869
0.207946
-0.708938
-0.374257
-0.533476
-0.141147
-0.090362
1.161433
0.158991
-0.621779
0.204286
-0.120330
-0.085100
0.260104
0.641682
0.147552
-0.452723
-0.501907
0.198109
0.458671
0.671879
0.453867
0.188959
-0.454782
0.356642
-0.005261
-0.036602
0.059936
0.054217
0.026765
-0.062910
0.107519
0.049184
0.105003
-0.007321
0.338570
0.124219
-0.763841
0.734331
0.243176
0.175919
0.118042
0.021961
0.028367
0.038432
-0.064969
-0.041177
0.063368
0.091506
0.496875
-0.441971
-2.125623
-1.573131
-1.521618
-1.787674
-1.789656
-1.722009
-1.636249
-1.567470
-1.609643
-1.658042
-1.762484
-1.746634
-1.348681
-2.669624
-2.211384
-1.202067
-1.352360
-1.600302
-1.691724
-1.595774
-1.323773
-1.639928
-1.700781
-1.218483
-1.188198
-1.340473
-0.895818
-2.513386
-2.563485
-1.344435
-1.447745
-1.522184
-1.364814
-0.781188
-1.075265
-0.454844
-1.517655
-1.198953
-0.660047
-0.878836
-0.510036
-2.041560
-2.552729
-1.386608
-1.290092
-1.263486
-0.761092
-0.951011
-0.797038
-0.466165
-1.084606
-2.180532
-2.107225
-2.228932
-0.041324
-1.473784
-2.499518
-1.386608
-1.290092
-0.879685
-0.679011
-0.457957
-1.358304
-0.572022
-0.423427
-0.838362
-1.783146
-1.773239
-0.795623
-1.213671
-2.466119
-1.353492
-1.593226
-1.354625
-1.577093
-0.906857
0.027172
-0.715523
-0.630894
-0.355780
-0.664576
-0.950445
-0.645329
-1.339058
-2.501782
-1.229522
-1.643324
-0.749487
-1.007619
-0.761375
-0.593816
-1.115174
-0.973937
-0.905442
-0.733071
-1.474350
-2.149964
-1.409251
-2.525274
-1.253580
-1.427083
-1.249900
-1.760220
-0.512867
-0.704767
-1.088002
-1.088851
-0.885346
-0.721750
-1.812016
-2.375546
-1.508032
-2.491593
-1.342737
-1.205180
-1.175178
-1.443216
-1.028280
-0.271718
-0.748072
-0.629762
-0.458523
-0.801283
-1.653797
-1.133854
-1.601435
-2.548767
-1.350945
-1.222728
-1.321226
-1.002241
-1.329717
-0.770149
-0.686370
-0.811756
-0.667689
-1.428498
-2.757366
-1.092814
-1.705593
-2.510273
-1.400760
-1.284431
-1.205180
-0.955823
-2.005897
-2.012691
-0.776093
-1.685497
-1.699932
-2.322901
-1.578791
-0.371913
-1.838055
-2.438664
-1.116023
-1.153101
-1.224144
-0.926104
-1.100456
-1.483691
-1.597755
-2.217894
-1.716065
-1.363965
-0.861005
-0.809492
-1.931175
-1.951554
-1.076397
-1.289809
-1.377551
-1.438121
-1.440669
-1.740124
-1.977877
-1.788807
-1.767862
-1.480011
-1.464444
-0.987523
-1.938251
-2.106943
-1.659458
-1.522750
-1.720028
-1.861830
-1.957498
-1.962026
-2.087130
-2.115434
-1.986934
-1.994010
-1.838055
-1.368494
-2.360545
0.076105
0.329980
0.440070
0.266075
0.203333
0.224828
0.170219
0.246904
0.141171
0.221923
0.159180
0.178933
0.482770
-0.598089
0.453432
0.617551
0.181838
0.078428
0.176609
0.275661
0.433389
0.714569
0.672450
0.721541
0.229185
0.043571
0.429323
0.707307
0.099052
0.310518
-0.046767
0.072038
0.037762
0.274209
-0.335208
-0.585308
-0.388946
-0.060128
0.314004
0.182419
0.348280
0.493808
0.214371
0.275661
0.053738
0.281471
-0.231218
-0.749427
-0.806650
-1.211863
-1.443663
-1.863980
-0.996911
-0.318071
0.926035
0.432808
0.192585
0.314585
-0.021205
0.450818
-0.764531
-0.451980
-1.807628
-1.337348
-1.370753
-1.601100
-1.795428
-0.879269
1.317596
0.773245
0.193747
0.223376
0.444427
0.569913
0.594022
-1.263568
-1.735590
-1.546491
-1.311787
-1.473291
-1.478810
-1.020149
0.515013
1.538357
0.180385
0.352637
0.863874
0.625103
0.685812
-1.581348
-1.602843
-1.379758
-1.319920
-1.448600
-1.529062
-1.206925
-0.070585
1.616786
0.189681
0.313713
0.751750
0.781379
-0.632365
-1.591805
-1.848004
-1.459638
-1.484329
-1.484910
-1.562467
-1.336767
0.404632
1.590353
0.186485
0.341890
0.408699
0.803745
0.216694
-1.547362
-1.929628
-1.764928
-1.570019
-1.621433
-1.377725
-1.586867
0.462437
1.393120
0.212628
0.278275
0.185323
0.644855
0.357866
0.069133
-1.498272
-1.473291
-1.059073
-1.165387
-1.460510
-0.913255
0.996330
0.998364
0.236737
0.314875
0.119966
0.207109
0.594313
0.355832
0.208852
0.102538
-0.190552
0.213790
-0.663155
0.725027
1.035254
0.676227
0.246904
0.450527
0.033695
0.072038
0.228604
0.697141
0.777602
0.996621
0.961474
0.918483
0.657636
0.536798
0.331432
0.613774
0.347118
0.560908
0.293380
0.314294
0.368613
0.573979
0.789222
0.570203
0.827855
0.484222
0.326204
0.274209
0.443556
0.887402
-0.004938
0.433970
0.044152
-0.104571
0.027014
-0.114157
0.084238
0.036890
0.028757
-0.034857
0.040086
-0.010457
0.406375
0.384009
1.795828
1.874195
1.981476
1.973201
2.013407
1.998610
1.917127
1.841193
1.902914
1.885099
1.917224
1.937668
1.761171
1.594215
2.073667
1.772172
1.799527
1.803811
1.806829
1.892205
1.878771
1.847521
1.861637
1.924039
1.864752
1.771588
1.765552
1.299242
2.105014
1.909728
1.925889
1.908949
1.892984
1.792810
1.781907
2.138697
1.971838
1.803713
1.953828
1.947598
1.915277
1.469119
2.095084
1.891719
1.917127
1.877603
1.671025
2.213463
1.892692
2.277130
2.401252
2.123510
1.749392
1.745790
1.970573
1.529087
2.086907
1.890745
1.900869
1.747153
2.074056
2.188443
2.515542
2.370003
2.482151
2.441458
2.159530
1.820166
1.811015
1.617092
2.102775
1.943704
1.924915
1.697309
2.180266
2.403394
2.570058
2.525764
2.510772
2.555553
2.400279
1.942925
1.971936
1.658174
2.060817
1.915569
1.954023
1.905348
2.226507
2.644629
2.462388
2.530144
2.483221
2.526056
2.480495
1.967652
1.760782
1.518184
2.056825
1.924818
1.917419
1.701593
2.156512
2.774981
2.608901
2.590696
2.541048
2.584369
2.470468
1.907489
1.804784
1.607454
2.074543
1.913233
1.977484
1.680954
2.086225
2.879925
2.649594
2.640443
2.570545
2.672276
2.408456
1.543008
1.850247
1.617482
2.060622
1.864558
1.903985
1.794660
1.728169
2.279077
2.768167
2.770600
2.515152
2.445060
1.982839
1.721160
1.855504
1.642111
2.063153
1.903401
1.892205
1.932800
1.601808
1.706460
2.231278
2.016133
1.699840
1.945651
1.697504
1.643182
1.913330
1.457340
2.028399
1.894931
1.838565
1.865239
1.870496
1.740046
1.823086
1.650581
1.542327
1.593631
1.775871
1.851902
1.836131
1.412266
2.156805
2.038134
1.949934
1.972325
2.018177
2.001433
1.912454
1.856672
1.836618
1.969112
2.007079
1.997831
1.962785
1.467172
2.357055
1.870788
1.967749
1.947890
1.957528
1.953828
1.940102
1.911091
1.964440
1.953049
1.948669
1.938252
1.798554
1.489076
-0.863062
-1.288591
-1.135648
-1.306983
-1.339507
-1.266714
-1.294786
-1.376291
-1.359448
-1.195276
-1.175917
-1.243289
-1.221412
-1.241353
-1.262455
-1.427401
-1.437274
-1.431466
-1.394295
-1.480447
-1.547625
-1.310080
-1.179208
-1.248903
-1.310080
-1.188501
-1.201665
-1.438049
-1.211152
-1.565049
-1.609190
-1.443857
-1.565049
-1.453149
-0.600736
1.246193
0.808467
0.425917
-1.105253
-1.506389
-1.348219
-1.349381
-1.053562
-1.468831
-1.458183
-1.437275
-2.026781
0.053820
1.967928
-0.909912
-0.397651
1.347445
0.043753
-2.216121
-1.609771
-1.091895
-1.153847
-1.378227
-1.421399
-1.673270
-2.369644
-2.125323
-1.924755
-2.119709
-2.388036
-2.152814
-1.675013
-1.533299
-2.067437
-1.012713
-1.170883
-1.306402
-1.663204
-2.026588
-2.131518
-2.226381
-2.876098
-2.424239
-2.091443
-2.056596
-2.300723
-0.827633
-1.559048
-1.230705
-1.178046
-1.127517
-1.630679
-2.658687
-3.255744
-1.953601
-2.209925
-1.808790
-1.779943
-1.664946
-2.180499
-2.093573
-2.696631
-1.130808
-1.143779
-1.297884
-1.683725
-3.144232
-3.387197
-2.153201
-2.100736
-1.731737
-1.568921
-1.714894
-2.535752
-2.584345
-3.308983
-1.099639
-1.117450
-1.306402
-1.455666
-2.062791
-3.080731
-2.422497
-2.495095
-2.148555
-2.167334
-2.392876
-2.571180
-2.301304
-3.526394
-1.221219
-1.112997
-1.378420
-1.454892
-1.775103
-1.167592
-0.456892
-1.746838
-2.283105
-2.207989
-2.389004
-0.921722
-1.297496
-1.469024
-1.207086
-1.105060
-1.479092
-1.438242
-1.351704
-0.949987
-0.310145
0.055369
1.121709
1.937146
0.543237
-0.746322
-0.846799
-1.120160
-1.218121
-1.033235
-1.377259
-1.434177
-1.434951
-1.410945
-1.121709
-0.006389
2.917333
2.399652
0.230769
-0.858609
-1.215991
-1.317243
-1.335829
-0.947471
-1.349768
-1.486642
-1.460119
-1.419657
-1.336410
-1.149200
-1.300787
-1.122483
-1.061113
-1.425658
-1.355189
-1.350929
-1.121322
-1.066921
-1.564081
-1.671722
-1.713539
-1.759229
-1.826407
-1.877517
-1.940630
-1.879260
-1.791366
-1.741417
-1.725736
-1.412300
-1.149974
-2.048274
-1.561696
-1.420262
-1.536260
-1.548978
-1.536917
-1.620901
-1.712998
-1.705104
-1.518498
-1.475520
-1.486703
-1.615638
-2.049589
-1.869343
-1.381888
-1.693482
-1.874386
-1.805094
-1.658398
-1.637785
-1.438462
-1.183003
-1.427717
-1.804875
-1.906401
-1.782947
-1.774396
-1.923285
-1.506219
-1.794788
-1.935345
-1.817155
-1.562354
-1.461267
0.467500
-0.932149
-1.029948
-1.356233
-1.252295
-1.657740
-1.854871
-1.821759
-1.477055
-1.763870
-1.691070
-1.457320
-1.977227
0.055916
-2.156158
-1.791937
-0.947060
-2.776495
-2.142563
-1.426621
-1.938415
-1.884034
-1.566739
-1.522445
-1.419604
-2.329607
-3.137645
-2.005514
-2.727157
-2.576733
-2.107259
-1.838424
-2.464243
-1.165900
-2.029634
-1.905304
-1.482756
-1.661906
-0.435047
-2.406354
-1.901577
-2.864205
-2.348903
-2.244088
-2.331141
-2.274348
-0.734361
0.999029
-1.722427
-1.884912
-1.520472
-1.589764
0.042321
-1.407324
-1.875044
-2.560068
-2.182033
-1.950475
-2.097172
-2.119977
-0.883031
-0.875137
-1.938854
-1.921092
-1.461047
-2.052001
-1.580115
-1.958150
-1.750933
-2.483978
-2.149141
-1.963413
-2.171288
-2.247597
-1.897191
-2.082480
-2.085770
-1.840836
-1.509508
-1.862326
-1.065909
-1.513016
-1.664537
-2.453718
-2.154185
-2.212731
-2.130064
-2.079411
0.518591
-0.651036
-2.410739
-1.834258
-1.496570
-1.643048
-1.299001
-1.344172
-1.783386
-1.095073
-1.120948
-1.335840
-1.432541
-0.245372
-1.170724
-1.454030
-2.189707
-1.771325
-1.413683
-1.729005
-1.743696
-0.745106
-1.354917
-1.922188
0.002412
1.083450
-1.264136
-1.233876
-0.672964
-1.634496
-1.779658
-1.765843
-1.330139
-1.602481
-1.872851
-1.532313
-0.692041
0.091219
1.558626
0.997056
-0.610908
-0.709363
-1.611910
-1.561477
-1.398553
-1.600727
-1.400965
-1.403377
-1.440216
-1.404474
-1.344830
-1.463898
-1.023369
-1.244401
-1.441312
-1.505561
-1.399211
-1.572002
-1.292203
-1.696113
-1.213044
-1.448768
-1.439120
-1.429471
-1.429471
-1.421358
-1.450522
-1.508850
-1.431445
-1.454688
-1.363250
-1.385835
-1.471134
0.323359
1.050994
1.322104
1.372041
1.452341
1.294515
1.094920
1.218530
1.356936
1.375277
1.303300
1.350000
1.409031
0.684171
0.562719
0.984719
0.995046
0.973159
0.932316
0.879142
0.666754
0.275117
0.325054
0.165841
0.464077
0.902877
1.275095
1.174758
0.738886
0.767091
0.935706
0.632846
0.488583
0.680164
0.490125
0.695268
-0.153356
0.219015
0.970231
0.995200
1.258141
0.708215
0.690644
0.752603
0.914283
0.324130
-0.288372
-0.620670
0.217474
1.368033
0.445120
1.214215
1.486249
0.649030
0.848162
0.559944
0.652112
0.834907
0.672149
0.264174
-0.430632
-0.926150
0.063192
0.718541
0.933549
1.157650
0.854481
0.795605
0.856639
1.001827
0.665521
0.809168
0.068432
-0.397495
-1.061167
-0.260475
0.495211
0.865425
0.915824
0.657198
0.864037
1.919655
3.471716
1.397934
0.695576
0.800845
0.455600
-1.342603
-0.788670
0.003082
0.518484
0.580906
0.802386
1.067177
0.598630
1.068564
1.657176
1.284959
0.676927
0.921219
1.020322
1.020014
-0.113746
0.217782
0.409670
0.594006
0.871590
1.070106
0.832133
0.426624
0.899179
0.642402
0.705286
0.913512
0.847392
0.303631
-0.258934
0.431248
0.764471
0.572120
1.013232
0.783737
0.920448
1.439394
1.633286
1.201576
0.684171
0.854481
0.930928
0.145034
-0.721470
-0.040998
1.040821
0.997357
0.973468
0.938173
1.043442
0.960213
1.624347
0.989805
0.678006
0.799458
0.876676
0.617896
0.979941
0.900874
0.637162
0.314111
1.101856
1.728383
0.399036
0.402580
1.005680
0.662439
0.728097
0.737653
0.862496
0.987647
0.939405
1.043750
0.145188
-0.065658
1.508135
1.380826
0.811480
0.881299
1.176607
0.640707
0.463306
0.285444
0.852324
0.925226
0.795913
0.649646
0.719312
0.644406
0.703745
0.656428
0.912742
1.106479
1.261223
1.114494
-0.040844
0.476253
0.655349
0.777264
0.846775
0.753374
0.638703
0.831208
0.944492
0.987802
0.975934
1.002135
1.182927
0.979170
1.813256
1.117406
1.227702
1.238177
1.206148
1.230712
1.233722
1.311748
1.184474
1.156901
1.225655
1.187846
1.151362
1.708499
1.523429
1.156178
1.141488
1.101391
1.154733
1.189532
1.094287
0.618306
0.463700
1.114396
1.242633
1.251302
1.132698
1.525115
1.823009
1.340285
1.443838
1.440948
1.427462
1.263825
0.953407
-0.044672
-0.087659
0.322940
1.191338
1.841071
1.495614
1.837459
1.851546
1.421321
1.506933
1.652749
1.388931
0.474657
0.923425
0.808434
0.885978
0.781462
0.762798
1.401694
1.960638
2.011331
1.857206
1.482369
1.608077
1.682009
1.729812
1.609402
1.198924
1.088628
1.182548
1.126678
1.142451
1.533784
1.977134
2.048176
1.889476
1.552086
1.610124
1.629631
1.811450
1.749559
1.378696
1.271651
1.181946
1.239743
1.467318
2.141253
2.173403
2.027225
1.875026
1.548835
1.834328
1.438901
1.421803
1.828789
1.524392
1.406992
1.430954
1.443115
1.639865
1.615783
1.656362
1.851426
1.856122
1.510545
1.618312
1.908862
2.352092
2.251308
1.782190
1.649017
1.679240
1.704526
2.224216
1.804105
1.318129
1.824213
1.845165
1.428064
1.415180
1.932221
3.163174
2.566662
2.054317
1.826983
1.850342
2.051186
2.008802
2.119579
2.042035
1.733424
1.842395
1.363524
1.390376
1.436493
1.556903
1.112469
1.854677
1.983155
1.847332
2.133186
1.759192
1.015900
1.101271
1.727524
1.838542
1.473940
1.351724
1.328726
1.203861
1.335950
1.867561
2.075991
0.843714
2.056605
1.770029
1.441430
1.241308
1.746669
1.858530
1.462020
1.453230
1.332218
1.184354
0.995190
2.331983
2.239026
1.317768
1.940891
1.664309
1.241910
1.215420
1.807236
1.885863
1.575687
1.417468
1.417709
1.299948
1.281886
1.106689
1.039982
0.996755
1.118851
1.301393
1.370628
1.663707
2.007357
2.066238
0.887543
0.665507
0.642268
0.639378
0.576885
0.550274
0.471165
0.491755
0.508733
0.557258
0.697295
0.688023
1.818193
-2.663623
-2.018870
-1.437941
-1.288037
-1.236390
-1.101812
-1.077458
-1.168366
-1.154930
-1.056253
-1.082287
-1.246257
-1.708355
-2.768177
-2.429740
-1.920403
-1.510373
-1.488748
-1.695128
-1.845242
-1.110840
-0.497789
-0.668478
-0.794447
-1.280689
-1.817319
-1.682112
-2.112717
-1.728720
-1.573148
-1.236810
-1.115249
-0.589117
0.005879
-0.059836
-1.024341
-1.401409
-1.164587
-0.798016
-0.257398
-1.393431
-1.318480
-1.631933
-1.416316
-1.143802
-0.854493
0.012807
0.099096
-0.159141
1.208466
0.833707
-0.843575
-1.207626
-0.580509
-0.562454
-1.436681
-1.648309
-1.404139
-1.324988
-0.335079
-0.222546
0.572321
0.740070
0.687163
0.617670
0.625438
0.535160
-1.416316
-0.509126
-1.178444
-1.618077
-1.461035
-1.079348
-0.406671
-0.142346
0.654831
0.758965
-0.375389
-0.510176
-0.304426
0.796756
-0.075792
-2.016560
-0.823210
-1.556982
-1.450748
-0.851973
-1.357110
1.701637
0.442572
0.028973
-0.353344
-0.556575
-0.440263
0.895432
1.099923
-2.136861
-1.159128
-1.581336
-1.425344
-1.004396
-1.130785
1.225053
0.263486
0.064874
-0.313874
-0.513535
-0.276923
0.483093
0.936163
-1.429753
-1.221273
-1.656288
-1.316800
-1.165847
-1.010695
1.182013
0.795497
0.348095
-0.335919
-0.327940
-0.115052
0.900471
-0.086709
-2.213493
-1.193350
-1.673293
-1.322259
-1.234080
-0.607382
-0.671627
1.418416
0.834967
0.574000
0.738391
1.361939
0.664489
-0.576100
-1.327088
-1.213505
-1.640331
-1.515202
-1.078718
-1.154929
-1.002717
-1.772599
-0.275663
0.735241
-0.142975
0.313034
-1.311551
-1.284048
-1.292866
-1.322049
-1.647469
-1.554882
-1.162488
-0.910549
-1.252766
-0.869609
-1.644111
-2.980227
-2.484957
-0.907820
-1.154509
-1.280269
-1.400780
-1.510583
-1.590993
-1.538926
-1.228202
-0.954008
-1.019092
-1.298324
-0.833497
-0.685064
-0.957997
-0.927975
-1.126586
-1.378525
-1.278589
-1.366768
-2.782454
-2.023279
-1.758533
-1.608419
-1.709405
-1.448858
-1.496517
-1.466284
-1.491688
-1.593303
-1.530528
-1.753074
-1.889121
-2.796521
-0.228157
0.166249
-0.178753
-0.303184
-0.338648
-0.274075
-0.138575
-0.342747
-0.534210
-0.588943
-0.444014
-0.342132
-0.257471
-0.527445
-0.101676
0.388461
0.195153
0.031159
0.235536
0.277355
0.264235
0.523141
0.331473
0.522936
0.277560
-0.070107
-0.303594
-0.663561
-0.397686
0.324708
0.050633
0.226312
0.726288
0.443399
0.208272
-0.023984
0.970639
0.685290
-0.527036
-0.627072
-0.610878
-0.105571
-0.318763
0.313843
0.067853
0.665201
1.424493
1.243280
0.168094
-1.208226
0.103931
-0.358737
-1.320356
-1.037467
-0.362427
0.119921
-0.284940
0.216267
0.333113
0.576029
0.809310
1.086665
0.187978
-0.384361
-0.447089
-0.230412
-0.011480
-1.156568
-0.869373
-0.302159
-0.301544
0.383541
0.938250
1.283253
0.817100
0.284325
-0.373496
-0.635067
-0.274075
0.377186
0.393995
-1.106755
-3.449203
-1.032342
-0.312614
0.439709
0.716244
3.032249
0.880648
0.181418
-0.592838
-0.317328
0.008815
-0.201508
0.496697
-0.144520
-1.372425
-0.983554
-0.305029
0.292524
0.124840
0.016809
-0.215857
-0.072362
-0.501207
-0.302979
-0.077077
-0.256241
0.072977
0.356482
-0.926771
-0.259316
-0.344797
0.218112
0.327578
0.825300
0.283915
-0.514121
-0.698819
-0.349717
-0.411010
0.150464
-0.173834
-0.732848
-1.311337
-0.776922
-0.316303
0.190028
0.137550
1.078055
1.278128
-0.015784
-0.762162
-0.474763
-0.252961
-0.058013
-0.277560
-1.508335
-1.307032
-0.197613
-0.295394
0.211552
0.101471
0.563319
0.283710
-0.271615
0.275100
0.835344
-0.491367
-1.040747
-0.635067
-0.322658
-0.235741
0.042433
-0.338648
0.383131
0.070722
-0.167684
0.394611
0.380056
1.698773
2.181530
-0.434174
-0.843544
-0.317328
-0.226927
-0.360582
0.132425
0.055553
0.892947
0.050838
-0.203557
0.120536
0.453238
0.479682
0.419620
0.202328
0.097166
-0.159279
-0.373701
-0.334958
-0.404655
0.422284
1.015533
0.501617
0.182853
0.257881
0.302364
0.454878
0.182238
0.022959
-0.081177
-0.096757
0.000820
0.122381
-0.526831
-1.025909
-1.611054
-1.477613
-1.752114
-1.799981
-1.767939
-1.932444
-2.013915
-1.987344
-1.833194
-1.739415
-1.724175
-1.945534
-2.140322
-0.599407
-1.562015
-1.332451
-1.508287
-1.402004
-1.432873
-1.573151
-1.677676
-1.426035
-1.199401
-1.502817
-1.347690
-1.460616
-1.570221
-0.562482
-1.443228
-1.187288
-1.294548
-1.455927
-1.473510
-1.333623
1.375433
-0.045522
-0.575962
-1.433264
-1.030207
-1.105817
-1.068891
-0.563654
-1.407865
-1.306856
-1.497151
-1.879107
-1.759147
0.160207
-0.252032
-0.491170
-0.698657
-1.898449
-1.989884
-1.246877
-1.007153
-0.601947
-1.300995
-1.233005
-1.679044
-2.089720
-1.915446
-1.495978
-1.308224
-0.964757
-1.185334
-1.142156
-1.966830
-1.316039
-1.091555
-0.660559
-1.114999
-1.397119
-1.246486
-1.569634
-1.206630
-1.388914
-0.873712
-0.693187
-0.774267
-1.091359
-0.238942
0.179353
-1.395166
-0.719953
-1.124377
-1.281263
-1.182598
-1.935765
-1.093313
-0.967101
-0.956356
-0.808262
-0.816468
-1.169313
-1.798613
-2.200888
-1.236522
-0.675603
-1.223236
-1.381489
-1.749769
-3.315301
-1.306857
-1.009693
-0.856324
-0.764889
-0.810020
-1.183966
-2.657281
-3.558737
-1.179668
-0.634575
-1.254692
-1.221478
-1.241992
-2.971247
-1.552442
-1.212881
-0.755511
-0.740272
-0.720344
-1.510046
-1.663218
-1.578426
-1.281262
-0.628713
-1.349252
-1.099174
-1.360975
-1.493048
-1.591516
-1.581943
-1.211123
-1.280481
-1.522159
-0.916304
-2.542010
-1.469994
-1.075142
-0.637505
-1.408646
-1.248635
-1.117148
-0.924314
-1.288296
-1.322877
1.003441
1.073580
-0.190099
-1.782983
-1.066547
-1.160912
-1.125159
-0.636333
-1.307248
-1.126331
-1.213858
-1.178105
-1.130043
-0.390943
0.876447
0.138520
-0.582214
-1.230856
-0.989179
-1.249417
-1.049158
-0.281534
-1.255473
-1.068696
-1.169509
-1.167555
-1.105231
-1.194907
-1.356481
-1.317602
-1.330887
-1.235740
-1.116172
-1.284193
-0.953034
-0.954793
-2.110234
-2.057678
-2.205381
-2.198543
-2.321824
-2.309320
-2.358359
-2.331398
-2.250122
-2.264384
-2.215736
-2.247386
-1.979725
-2.790826
-1.054592
-0.892630
-0.719462
-0.688470
-0.710182
-0.710882
-0.749228
-0.685319
-0.636467
-0.708431
-0.929925
-1.250348
-2.883626
-1.142314
-0.468377
-0.502345
-0.557150
-0.360344
-0.242330
-0.127819
0.046225
0.255287
-0.177020
-0.410421
-0.375577
-0.214490
-1.608065
-1.423166
-0.890704
-0.919069
-0.783722
-0.628413
-0.724014
-1.283615
-1.698939
-0.695999
-0.873370
-0.820316
-0.662206
-0.415323
-1.474118
-1.510362
-0.696525
-0.662381
-0.534387
-0.667459
-2.249085
-2.802733
-1.629426
-1.349626
-2.490715
-1.752693
-0.786698
-0.269470
-1.351027
-1.473067
-0.750454
-0.784597
-0.818740
-1.094864
-1.749366
-1.228111
-1.193267
-0.929750
-1.218831
-1.223908
-0.712108
-0.278750
-0.839927
-1.529448
-0.837651
-0.804208
0.218168
-0.411296
-0.815063
-1.121478
-0.958115
-0.834674
-1.099241
-1.070001
-0.302913
1.016247
-0.526333
-1.540128
-0.944808
-0.888253
0.892280
1.009418
-0.797729
-0.712458
-0.613880
-0.543142
-0.916618
-0.730318
-0.425829
-0.371725
-0.607577
-1.546607
-0.993134
-0.795978
-0.451218
-1.504059
-0.713334
-0.930100
-0.833799
-0.902085
-1.046713
-0.628238
-1.650088
-1.611392
-0.677440
-1.552910
-0.805959
-0.605301
0.080368
-0.857261
-0.870568
-1.033231
-0.729968
-0.675338
-0.825394
-1.126731
0.028015
1.432446
-0.400440
-1.524370
-0.721563
-0.617032
-0.099803
-0.219393
-1.731506
-1.542405
-1.300600
-1.395150
-1.400228
-1.929363
-1.473243
-0.242505
-0.782146
-1.509312
-0.745376
-0.782146
-0.501470
-0.874245
-1.885064
-1.749716
-0.206961
-0.663257
-0.956540
-1.889791
-1.374489
-0.623861
-1.268732
-1.547307
-0.657303
-0.611779
-0.593219
-0.434759
-0.675513
-1.239842
-1.147217
-1.511238
-1.026577
-0.960217
-0.478357
-0.355791
-1.191166
-1.019398
-0.666759
-0.604600
-0.664307
-0.500594
-0.447891
-0.524232
-0.893681
-0.742574
-0.927999
-0.703353
-0.731368
-0.693548
-1.386046
-1.849695
-0.397814
-0.495341
-0.375227
-0.323924
-0.435634
-0.457521
-0.543668
-0.520030
-0.458572
-0.453319
-0.540166
-0.423028
-2.390736
-1.504704
-0.809788
-0.452823
-0.497517
-0.520844
-0.372452
-0.002352
0.042930
0.277574
0.197203
-0.032149
-0.329129
-0.960924
-1.004639
-0.440473
0.019211
0.339911
0.156625
0.227391
0.933873
0.585729
0.126241
-0.515159
-0.186422
0.712754
0.883494
-0.080763
-0.525157
-0.169563
0.056652
0.141923
0.041754
0.357357
0.152313
0.937402
0.539858
0.358730
1.919497
-0.548288
-1.041100
0.224451
-0.613369
-0.084292
0.174660
0.216218
0.364022
0.401660
1.641530
3.279141
-0.345596
-0.067237
2.152768
-0.677274
-1.263786
-0.609252
-0.441649
-0.065081
0.188578
0.351869
0.496536
0.782540
0.546523
-0.488891
-0.696092
-0.311095
-0.252483
-0.029208
1.564296
-0.543779
-0.442237
-0.023131
0.231312
0.225627
-0.317760
0.247582
-0.276006
0.198183
-0.489088
-0.567302
-0.229548
-0.552404
-0.521040
-1.097360
-1.091283
-0.063709
0.263852
-0.519276
-2.032212
-1.694850
-0.616897
-0.181129
-0.767642
-0.817433
-0.635912
-0.245818
-2.059656
-0.108207
-0.453607
0.001764
0.340499
-0.296197
-0.803319
0.814492
-0.416557
-0.120361
-0.644145
-0.631795
-0.529077
-0.502809
-0.706678
1.099123
-0.710402
-0.044890
0.363434
0.294629
-1.559395
1.051881
0.481639
0.171719
-0.256599
-0.155449
0.178972
-0.718635
-0.790381
0.057828
-0.833899
-0.028424
0.291100
0.374412
-1.338081
0.009409
0.792537
0.207005
-0.532213
-0.771955
-0.701581
-0.282083
0.215434
0.684526
-0.703149
-0.054888
0.131926
0.309331
0.223275
-0.675705
0.638068
-1.261630
-2.407408
-0.013526
-0.913290
-0.143688
1.268295
0.367159
-0.673157
0.066649
0.473013
0.576123
0.505358
0.543387
-0.903489
-1.463734
0.323053
0.889767
-0.266989
0.600235
0.733729
0.711382
-0.377352
0.190538
0.557305
0.793713
0.595138
0.817041
0.753332
0.161526
0.283063
0.353045
0.724124
0.937009
0.860559
0.799986
-0.213473
-0.720595
0.229744
0.800967
0.729612
0.767446
0.836644
0.933677
0.960337
0.857814
0.717851
0.685114
0.706874
0.945242
0.353437
-2.115162
-0.747087
-1.227174
-1.639461
-1.530724
-1.513728
-1.364420
-1.297351
-1.180390
-1.071653
-1.310874
-1.314529
-0.894384
-1.972800
-1.040220
-0.040205
-0.403332
-0.404977
-0.413200
-0.499276
-1.152429
0.288382
0.450482
-0.531258
-0.476798
-0.353806
-0.330780
-0.724608
-1.261166
-0.462909
-0.609475
-0.669783
-0.777789
-1.488143
-1.538034
2.537136
1.604373
-1.095593
-1.566726
-1.331891
-0.614409
-0.629578
-1.267380
-0.559036
-0.703775
-1.193548
-1.644395
-0.963464
-2.518859
0.357827
0.169776
-1.196106
-0.213088
-1.556126
-0.830421
-0.443720
-1.347607
-0.472046
-0.955789
-1.261349
-2.187166
-1.208534
-1.208534
-0.778154
-0.658635
-0.732467
-2.152444
-1.922543
-1.886724
-0.476432
-1.377213
-0.463091
-0.877571
-1.922725
-2.389107
-1.457075
-1.257511
-1.152795
-0.980095
-0.767372
-1.060871
-2.534576
-2.451790
-0.606734
-1.388726
-0.426541
-0.766458
-1.756787
-1.789134
-1.291503
-1.315443
-1.171070
-1.116244
-0.791678
-1.335180
-1.480285
-1.946300
0.164659
-1.330794
-0.451944
-0.508414
-2.502595
-2.700880
-1.286020
-1.419429
-1.059957
-0.966571
-0.824756
-1.479554
-1.613876
-1.310692
-0.038378
-1.293148
-0.559584
-0.722964
-1.699769
-2.872666
-1.756605
-1.784748
-1.242525
-1.143109
-1.293696
-1.451593
-2.607129
-2.008801
-0.182934
-1.279624
-0.557208
-0.593759
-0.596683
-2.028356
-1.644761
-2.567837
-1.830619
-1.260618
-1.584818
-2.401900
-2.157195
-1.216209
-0.220580
-1.270669
-0.643102
-0.574387
-0.521206
-1.280538
-3.333199
-2.803769
-2.358770
-0.777424
-1.447024
-2.487975
-2.227189
-0.593393
-0.522486
-1.311240
-0.600520
-0.666676
-0.650046
-0.977719
-0.859844
-2.324778
-1.581894
-1.710003
-0.986491
-1.547903
-0.634329
-0.647670
-0.659915
-1.495636
-0.709988
-0.786927
-0.802826
-0.845407
-0.911746
-0.702678
-1.131961
-1.173445
-0.792409
-0.825122
-0.786744
-0.791495
-0.582245
-1.294609
-0.106544
-0.306474
-0.503845
-0.708709
-0.664301
-0.667225
-0.739229
-0.740325
-0.646391
-0.645660
-0.769931
-0.676179
-0.784916
-0.998901
-0.515162
-0.835589
-0.936276
-0.934284
-0.937161
-0.864578
-0.956413
-0.940038
-0.805715
-0.906845
-0.897550
-0.686883
-1.122823
-0.226158
-0.135872
-0.642846
-0.958184
-0.940702
-1.028554
-1.091843
-0.863914
-0.814788
-0.876307
-0.628020
-0.652140
-0.439260
-0.490157
-0.763449
-0.963273
-1.053117
-1.290118
-1.152255
-1.011072
-1.146944
-1.535971
-1.021915
-0.442800
-0.620053
-1.090736
-0.732468
-0.767432
-0.621602
-0.857497
-0.885158
-1.143624
-0.526890
-1.306936
-2.568287
-1.119061
-1.322869
-1.243647
-0.272629
-0.271744
-0.637978
-0.583983
-0.675818
-0.835368
-0.982526
-1.070156
-0.663869
-0.653025
-1.385715
-1.579565
-1.528889
-1.762350
-1.252277
-0.020137
-0.331049
-0.436604
-0.777611
-0.792438
-0.969912
-0.879404
-0.199161
-0.986509
-1.824090
-1.692201
-1.672728
-1.550133
-1.678481
-0.419344
-0.640633
-0.977878
-0.774071
-0.797528
-1.157787
-0.400313
0.857276
-1.293658
-1.556993
-1.232583
-1.240992
-1.422006
-1.678924
-0.014605
-0.683563
-0.786463
-0.758138
-0.763228
-1.101579
-0.182564
0.484624
-1.338359
-1.657016
-1.375978
-1.395231
-1.419572
-1.645730
-0.258245
-0.698832
-0.677810
-0.715650
-0.786684
-1.107554
-0.907287
0.995581
-1.042938
-2.003113
-1.789569
-1.697955
-1.763899
-1.621167
-1.124815
-1.395673
-0.848203
-0.660771
-0.797970
-1.042938
-1.008195
-1.332384
-0.372430
-1.385494
-1.542167
-1.171728
-1.420900
-1.313353
-1.371331
-0.784914
-0.704143
-0.629126
-0.851301
-1.075688
-1.077680
-0.716536
-0.791332
0.175704
-1.232361
-1.660778
-1.569386
-1.139862
-1.069714
-0.422884
-0.849088
-0.653247
-0.829836
-0.996024
-1.232804
-1.101579
-0.890690
-0.828508
-1.067722
-1.844891
-1.171286
-0.808371
-0.775620
-0.666967
-0.662983
-0.452316
-0.610980
-0.920122
-1.145837
-1.160664
-0.920343
-0.855063
-0.945349
-0.741320
-0.904410
-0.914590
-1.030767
-0.735345
-0.482854
-0.579115
-0.370881
-0.725608
-0.772743
-0.819656
-0.923662
-0.965708
-0.948890
-0.921007
-0.920343
-0.922777
-0.839794
-0.342777
-0.620053
0.223957
-1.007109
-0.918363
-0.992241
-1.011059
-0.913484
-0.871202
-1.027554
-0.997120
-0.962039
-0.906515
-1.006877
-0.860050
-0.741335
-0.800344
-1.287753
-1.320974
-1.334681
-1.199006
-1.140229
-1.295651
-1.167875
-1.125128
-1.088886
-1.130471
-1.197844
-1.039170
-1.228046
-0.977837
-1.380216
-1.506831
-1.380448
-1.653890
-1.547254
-1.889927
-2.908652
-2.170105
-1.402287
-1.565376
-1.418317
-1.214572
-1.379054
-1.028250
-1.432024
-1.455720
-1.376731
-1.818837
-2.466082
-2.414972
-1.336075
-0.841930
-0.901171
-0.983877
-1.466175
-1.107007
-1.152542
-1.088421
-1.447821
-1.263824
-1.406468
-1.696404
-1.136280
-1.011524
-1.814191
-1.782827
-1.411812
-0.900939
-1.768191
-1.262894
-0.917434
-1.054503
-1.414367
-1.237804
-0.981554
-1.452236
-1.000604
-1.740313
-2.013522
-1.891786
-1.755878
-1.211087
-0.784082
-1.441316
-0.813819
-1.084240
-1.369529
-1.042190
-2.025138
-2.303922
-1.485922
-2.036057
-1.948007
-1.937088
-1.852524
-1.430629
-1.188319
-1.109330
-1.138370
-1.088421
-1.366741
-1.023372
-1.485225
-1.264288
-1.152774
-2.046511
-1.954512
-1.950563
-1.765868
-1.626244
-1.620203
-1.181582
-1.234783
-1.094462
-1.336772
-1.156956
-0.982251
-2.003067
-0.936949
-1.702909
-1.725444
-1.691758
-1.632980
-1.603709
-1.463851
-0.969473
-1.049856
-1.023372
-1.426216
-1.282874
-1.059846
-1.341651
-1.320045
-1.125593
-1.547951
-1.905028
-1.516588
-1.246864
-1.530295
-1.379054
-1.060078
-1.035685
-1.428306
-1.331661
-1.384863
-1.322833
-1.026392
-1.013614
-1.248723
-1.598133
-1.067745
-1.507063
-1.105613
-1.389509
-1.311449
-0.946938
-1.373246
-1.351408
-1.323065
-1.353499
-1.216662
-1.177633
-1.103987
-1.290308
-1.330964
-1.249187
-1.330732
-1.222935
-1.302621
-0.735991
-1.298904
-1.282177
-1.345136
-1.159744
-1.156027
-1.150916
-1.189016
-1.348620
-1.250581
-1.396479
-1.267076
-1.110724
-1.023140
-0.309915
-1.516356
-1.679910
-1.673172
-1.658768
-1.580244
-1.445963
-1.491497
-1.449680
-1.502184
-1.638324
-1.631122
-1.354196
-0.953211
-1.328548
-0.852041
-1.082509
-1.069097
-1.016683
-1.147719
-1.053681
-1.053065
-1.134769
-1.124441
-1.172847
-1.153731
-1.150185
-1.915742
-1.611431
-1.388208
-1.513848
-1.571812
-1.576128
-1.844521
-1.732909
-0.687090
-0.768486
-1.411794
-1.718572
-1.593394
-1.317603
-1.615902
-1.621914
-1.428752
-1.466059
-1.688973
-1.681882
-1.284921
-1.680494
0.153389
0.585498
-1.635788
-1.592932
-1.738921
-1.386975
-1.227574
-1.497507
-1.372483
-1.352134
-1.711481
-1.578287
-1.795960
-2.467942
-0.157859
0.124869
-1.980335
-1.061698
-2.236856
-1.493191
-1.134923
-1.576899
-1.367859
-1.490107
-1.346893
-1.731675
-1.602336
-1.559942
-1.686815
-1.839896
-1.915434
-2.226990
-1.746783
-1.439081
-1.183484
-1.606652
-1.302958
-1.431835
-1.104246
-2.150065
-1.661995
-3.151487
-2.668658
-2.580633
-2.365580
-2.349239
-1.269351
-1.193813
-0.828300
-1.608348
-1.279063
-1.168684
-0.538017
-0.778506
-2.343689
-2.818964
-2.173189
-2.058648
-2.032749
-2.647538
-0.562991
0.129957
-0.774036
-1.598173
-1.227111
-1.440314
-0.987701
-0.320498
-1.699765
-2.638751
-2.060960
-1.879515
-2.015175
-2.491374
-0.353026
0.324815
-0.881793
-1.562254
-1.266730
-1.369246
-0.571316
0.758465
-1.203370
-3.088742
-2.587879
-2.486750
-2.613623
-2.191226
-0.933591
-0.130727
-1.000959
-1.562871
-1.323307
-1.269351
-1.040269
-0.890272
-0.694027
-1.882135
-1.808909
-1.192117
-1.819238
-1.166218
-2.633664
-1.218632
-1.047361
-1.533734
-1.258868
-1.339956
-1.526335
-0.990784
-1.850995
0.155547
-0.873160
-0.979068
-0.233552
-2.250423
-1.582757
-1.041811
-1.163751
-1.525102
-1.294941
-1.379112
-1.506140
-1.638563
-0.966735
-0.047944
0.392953
0.156010
0.222144
-0.883181
-1.183330
-1.338568
-1.138932
-1.574279
-0.941453
-1.049365
-1.030712
-1.028245
-0.963498
-0.732412
-0.570391
-0.355184
-0.486990
-0.886418
-1.010208
-0.689094
-0.498090
-0.828300
-0.967968
-1.243144
-1.223411
-1.234202
-1.252856
-1.152498
-1.104708
-1.138315
-1.204604
-1.269813
-1.207687
-0.761703
-0.500248
-1.474758
-1.092903
-1.037555
-1.009675
-1.006578
-1.066262
-1.143500
-1.214956
-1.137511
-1.061305
-0.915915
-0.992121
-1.174891
-2.422890
-0.936774
-0.960317
-0.772797
-0.827938
-0.708776
-0.771145
-0.774036
-0.454757
-0.540462
-0.940491
-0.981176
-0.624103
-0.840123
-1.507801
-0.535299
-0.517952
-0.555538
-0.502050
-0.772384
-0.670776
-0.183390
2.167013
1.440269
-0.307921
-1.324411
-0.902905
-0.667885
-1.134207
-0.595810
-0.452072
-0.473963
-0.733765
-0.447942
0.276737
1.277119
0.597462
-0.113173
-1.298803
-0.864079
-0.490278
-0.987165
-0.933057
-0.639179
-0.502669
-0.342823
-0.387638
0.994806
0.543354
-0.643929
-0.608820
-0.876057
-1.321314
-0.410355
0.494615
-0.319073
-0.866970
-0.656320
-0.504941
-0.661483
0.291812
1.060066
-0.298628
-0.931404
-0.571440
-0.464256
-0.446083
-0.932230
-0.165009
-0.155923
-0.571027
-0.674494
-0.441952
-0.334562
-0.298628
-0.199498
-0.463224
-0.086738
0.033869
0.013424
-0.086325
-0.550995
-0.346747
-0.116890
-0.450626
-0.632157
-0.531375
-0.534886
0.282106
1.084023
-0.139194
-0.119368
-0.064434
-0.075999
-0.104706
-0.465702
-0.271367
-0.264758
-0.717243
-0.626581
-0.481811
-0.574332
0.214161
0.770112
0.385985
-0.759373
-0.460746
-0.490898
-0.719308
-0.719722
0.083434
0.263313
-0.518571
-0.644135
-0.450420
-0.260834
-0.763297
0.314530
0.012391
-0.897122
-1.008436
-0.767428
-1.272988
-0.267443
0.107597
-0.839710
-0.952470
-0.622038
-0.486354
-0.438855
-0.394246
-0.642277
-0.779612
0.330638
0.923350
0.863666
0.758754
-0.559256
-0.679244
-0.751939
-0.949785
-0.547484
-0.490072
-0.397964
-0.500604
-0.772591
-0.903318
0.036967
0.651364
0.800471
0.461572
-0.836199
-0.608614
-0.497919
-0.898981
-0.573092
-0.747808
-0.677178
-0.694526
-0.738308
-0.996665
-0.932437
-1.012980
-0.783123
-0.873992
-0.852720
-0.734178
-0.791797
-1.166837
-1.508008
-1.554681
-1.385128
-1.297977
-1.272369
-1.412596
-1.539812
-1.432628
-1.443780
-1.516681
-1.379346
-1.338661
-1.441508
-1.673430
0.675034
0.667425
0.461095
0.330859
0.306421
0.304373
0.234133
0.359540
0.324567
0.243205
0.271301
0.465485
0.625281
0.598795
1.162177
1.069109
0.721129
0.658352
0.555187
0.507336
0.302324
0.357638
0.045656
0.232670
0.462851
0.693326
0.746591
1.468891
1.423674
1.398212
0.907118
0.821221
0.806002
1.002381
0.569821
-0.120578
-0.896143
-0.757859
-0.011268
0.522702
0.665522
1.537082
1.509132
1.326509
0.816977
0.984821
0.946482
0.259595
0.075069
-0.158040
-0.300861
-0.434463
0.760493
1.024916
0.837610
1.387091
1.499035
1.242074
1.111546
1.602346
1.571909
1.002967
0.556944
-0.118530
-0.277155
0.424951
1.301778
1.136276
0.899509
1.485426
1.514254
1.268707
1.335435
0.749957
0.279203
0.723470
-0.107701
0.107555
0.209256
0.479387
0.546407
-0.636110
-2.480198
1.752777
1.457623
1.333094
1.547618
-1.035306
-1.481622
0.188477
0.112530
0.295154
0.375929
0.586503
0.227987
-0.228865
0.175453
1.724827
1.501816
1.305437
1.480598
1.654294
1.606590
0.718641
0.410757
0.552553
0.739567
0.801027
0.089117
1.367043
1.831504
1.447672
1.470793
1.221588
1.060622
1.278658
0.527092
1.027843
0.067606
0.033218
0.285788
0.110774
0.573479
-0.282716
-0.505288
1.280121
1.544545
1.223929
0.886485
0.602307
-1.163933
0.304519
0.682351
0.130968
0.361296
0.502069
1.370701
0.843756
0.626891
1.152226
1.568836
1.286999
0.793564
0.933897
1.018331
0.377832
0.855170
-0.642109
-0.753908
-0.069362
0.970188
1.298998
1.216613
1.337776
1.615077
1.282755
0.817270
0.769712
0.671522
0.620306
0.913557
-0.497093
0.349443
0.479972
0.557675
0.752737
0.715422
1.434941
1.213686
1.184566
0.821221
0.778638
0.528555
0.507922
0.761517
0.983797
1.078035
0.968432
0.731958
0.752005
0.814929
1.747216
0.801320
0.225353
0.122627
-0.020926
-0.061314
-0.068923
0.029413
0.126432
0.102579
-0.006146
-0.006731
0.086044
0.264570
1.427625
0.219110
0.715627
0.651013
0.538156
0.532413
0.423001
0.400027
0.449995
0.397156
0.375331
0.443103
0.389402
0.426734
0.722806
-0.140713
0.137267
0.051978
0.038768
0.109124
-0.045947
0.031014
0.160815
-0.051978
-0.022399
-0.092181
-0.021538
0.094479
0.534423
-0.223705
-0.225141
-0.055711
-0.003733
-0.107114
-0.294349
-0.026420
-0.195562
-0.052839
0.081269
0.152774
-0.110273
-0.010051
0.337712
-0.197573
-0.190106
-0.026132
-0.058295
-0.328235
0.344029
0.982407
0.416109
0.147605
0.566873
0.348624
0.229161
0.192978
0.229161
-0.213941
-0.227151
-0.174312
-0.080694
-0.010912
0.597026
-0.513747
0.196137
0.074377
0.401750
0.363270
0.814413
0.355516
0.347188
-0.210208
-0.261324
-0.175461
-0.220546
0.377915
-0.216238
0.119463
0.525233
0.456025
0.299231
0.076100
-0.014933
-0.701268
0.442816
-0.242371
-0.298943
-0.131236
-0.029579
0.342306
-0.545910
0.507141
0.527243
0.578359
0.550791
0.300954
-0.365280
0.033311
0.364993
-0.201019
-0.310143
-0.104530
0.467512
-0.327661
-0.524659
0.373320
0.499101
0.439369
0.447123
0.135831
0.114581
-0.117453
0.081556
-0.247827
-0.208485
-0.209634
0.244669
-0.118314
-0.845715
0.203316
0.339722
0.379925
0.302676
-0.071505
0.534135
-0.263335
0.039917
-0.159379
-0.154210
-0.188383
-0.047670
0.615692
0.370736
-0.808383
-0.130088
0.097063
-0.112283
0.377054
0.165697
0.233469
0.143872
-0.160241
-0.165410
-0.091033
-0.126068
0.001436
0.598749
0.357813
-0.732857
0.323640
-0.314738
0.331107
0.193265
-0.176897
0.346039
-0.163687
-0.267642
-0.127791
-0.167133
-0.155646
-0.204178
0.306410
-0.295498
0.537869
0.649291
0.051691
-0.176897
-0.084428
0.536433
-0.235766
-0.018092
-0.013784
-0.160815
-0.112570
-0.115155
-0.036471
-0.039629
0.093904
-0.064901
-0.191829
-0.246392
0.002010
0.575201
0.472968
0.984417
0.865529
0.841407
0.810680
0.745492
0.758989
0.734293
0.750949
0.855191
0.779091
0.804937
0.979823
1.304612
1.968180
1.547157
1.606803
1.608261
1.477011
1.520323
1.115779
0.898923
0.891923
1.102945
1.319072
1.442156
1.521344
1.950243
0.270960
1.341968
1.549490
1.448135
1.283342
0.692276
0.516254
0.564962
0.439107
0.540608
0.451649
0.903736
1.328843
0.414170
0.987445
1.288155
1.441864
1.223696
0.740109
0.600254
0.335273
-1.200363
-0.608421
0.555191
0.614109
0.726839
1.211884
0.935382
1.089674
1.284509
1.279842
0.968049
0.172522
-0.511733
0.626067
0.821193
0.706859
1.500052
0.513337
0.201981
0.882444
0.891631
1.057007
1.157925
0.888569
0.123230
-0.919485
0.647505
0.919777
0.465795
0.536816
0.639192
0.799610
0.372607
0.369690
0.808068
1.004507
1.232592
0.651150
-0.113605
0.182730
1.354655
0.518879
0.934798
1.097550
0.863339
0.998528
0.900673
0.376690
0.498462
1.021716
1.234926
1.076258
0.394920
0.476441
1.502677
0.801943
0.905340
0.937132
0.725234
0.876465
0.698255
1.089820
0.462733
1.033091
1.220925
1.214363
0.824693
0.253898
0.751047
0.384274
0.445524
0.459524
0.257397
0.301440
0.165522
0.527775
0.936694
1.035132
1.273571
1.462135
2.139390
0.889152
0.585962
-0.125855
0.025229
-0.004375
0.024209
0.203001
1.201238
2.622977
1.088799
1.075528
1.332197
1.432385
2.027827
2.149890
0.472212
-0.012687
0.221668
0.167564
0.628109
0.653046
1.306968
1.590178
1.180821
1.029882
1.338614
1.338176
1.465344
0.968340
1.860554
0.896736
0.905486
0.588733
1.226321
2.047952
0.941215
1.191029
1.066778
0.983070
1.264967
1.257821
1.248488
1.711950
1.465635
2.170890
3.210690
1.874117
2.314829
1.647053
1.524990
1.410510
1.048695
1.468406
1.503844
1.365885
1.468552
1.736887
2.115911
1.924868
1.915534
1.860263
1.940909
1.892930
1.624011
1.496990
1.275467
0.486358
0.784006
0.587567
0.633796
0.717943
0.801214
1.019966
1.023757
1.157487
1.061820
0.783860
0.577650
0.660338
0.295023
-1.907406
-1.751112
-1.512904
-1.676153
-1.730054
-1.764249
-1.691222
-1.790910
-1.887121
-1.646787
-1.626695
-1.706098
-1.891757
-2.639225
-1.964978
-1.709382
-1.637707
-1.790717
-1.740486
-1.773329
-1.828776
-1.387714
-1.389646
-1.402396
-1.703393
-1.570862
-1.695858
-2.553254
-2.040323
-1.841720
-1.679630
-1.760579
-1.898905
-1.652969
-2.459555
-1.318164
-1.653549
-2.063507
-1.705325
-1.774295
-1.538019
-2.308670
-1.993570
-1.792842
-1.493198
-1.803854
-1.584385
-2.463612
-2.335331
-2.311375
-1.549610
-2.454145
-1.863165
-2.610826
-1.760385
-2.371651
-2.053847
-1.750919
-1.613365
-2.001492
-2.690808
-2.794554
-2.398505
-2.212073
-1.980047
-2.037426
-2.372618
-2.566005
-1.590568
-2.452021
-2.141171
-1.682721
-1.958603
-1.447024
-2.816385
-2.322194
-2.785667
-2.304613
-2.311568
-2.121658
-2.549390
-1.441422
-0.949549
-2.433667
-2.154308
-1.715757
-1.968842
-0.532057
-1.653549
-2.366629
-2.546879
-2.267327
-2.236995
-2.145808
-2.501671
-1.460162
-1.612012
-2.303261
-2.112771
-1.675380
-2.139432
-1.757874
-2.739107
-2.299204
-2.664920
-2.322774
-2.258633
-2.206084
-2.739300
-2.316398
-1.924214
-2.387880
-2.061382
-1.633843
-1.861039
-1.585351
-2.265395
-2.950655
-2.774075
-2.296306
-2.378413
-2.310216
-2.838216
-1.800183
-0.912070
-2.637486
-2.052881
-1.760385
-1.521211
-1.920737
-1.518506
-2.709355
-3.132063
-2.468635
-2.090940
-2.827204
-2.235643
-3.230786
-1.614717
-2.232745
-2.004003
-1.746475
-1.467696
-1.814286
-1.531450
-2.421689
-2.260372
-0.991666
-0.504816
-1.996662
-3.397512
-1.580135
-1.583806
-2.309250
-2.014822
-1.764635
-1.514642
-1.704166
-1.772556
-1.719042
-1.224851
-0.123451
-0.450722
-1.299617
-1.754589
-1.484504
-1.451081
-2.144262
-1.729474
-1.481220
-1.303095
-1.432342
-1.303868
-1.191429
-1.184473
-1.270252
-1.109707
-1.202054
-1.214998
-1.297878
-1.463832
-1.849448
-2.481193
-2.098475
-1.983138
-2.131125
-2.177298
-2.213812
-2.158559
-2.135569
-2.182515
-2.180583
-2.227529
-2.145808
-1.982365
-2.885162
-0.729779
0.790111
0.558531
0.392289
0.377272
0.304031
0.247914
0.402037
0.319838
0.329850
0.284271
0.416791
0.371476
-0.888907
0.010538
0.785105
0.640203
0.507157
0.469483
0.769298
0.862825
0.571441
0.552999
0.954246
0.743216
0.764819
0.840959
0.034249
0.024238
0.916044
0.526653
0.363045
0.817774
1.249055
-0.105120
-2.029154
-1.493281
0.042944
1.168700
1.073065
1.032756
0.535874
0.002371
0.828839
0.469219
0.906296
0.899973
-2.753928
-3.053744
-1.030122
-0.957934
-1.832878
-1.496706
-0.710020
1.092298
0.429437
0.002634
0.864670
0.597787
0.993501
-0.976639
-1.799419
0.511372
0.811715
0.973741
1.180293
0.208132
-1.659786
0.580398
0.796961
0.036357
0.813559
0.938965
0.209713
-2.937559
-0.222095
0.649688
0.514270
0.416001
0.938702
1.002458
-1.306489
-0.978747
0.494511
0.025819
0.842276
0.754281
0.273733
-0.871256
0.760867
0.470273
0.423377
0.472117
0.398085
0.979801
-0.284271
0.448933
0.837797
0.017915
0.691578
0.923948
0.980855
-2.580046
0.854658
0.680776
0.521911
0.731623
0.527443
1.460876
-0.192588
-0.099324
0.663124
0.011856
0.657855
0.727144
0.886273
-1.773337
0.385439
1.023535
0.768771
0.799069
1.153683
1.080969
-0.035567
1.010889
0.545358
0.049267
0.726091
0.391499
0.797751
-1.437428
-1.527003
0.114868
1.024325
0.987441
0.779309
-0.202336
-1.922191
0.894704
0.547993
0.012646
0.747431
0.188373
0.531395
1.362342
-0.625450
-2.030472
0.208659
-0.610959
-2.094756
-1.138930
0.486080
1.258013
0.315096
0.089049
0.889962
0.430227
0.328269
0.590673
0.836743
0.297708
0.643365
0.338280
0.095635
0.481338
0.848599
0.812242
0.346711
-0.021340
0.979537
0.813559
0.593044
0.577500
0.693685
0.705014
1.162905
1.231930
0.972424
0.748221
0.624396
0.805128
0.357513
-0.183103
1.053569
0.801967
0.563010
0.667866
0.447088
0.496882
0.453675
0.520857
0.553526
0.561693
0.659172
1.077017
-0.134627
2.338184
2.498257
2.418463
2.200580
2.128437
2.057874
2.135725
2.299077
2.287296
2.200336
2.171795
2.305513
2.202644
2.266649
2.762414
2.344985
2.210660
2.112648
2.126494
2.374619
2.480889
2.360045
2.285596
2.438017
2.385428
2.381056
2.351544
2.368304
2.649828
2.081071
1.890878
1.808656
2.125037
2.387979
2.365511
1.440415
1.342646
2.198272
2.032248
1.990833
2.224748
2.073663
2.629546
1.953061
1.883713
2.117142
2.080707
1.733598
1.889664
1.709065
2.102447
2.443847
1.587007
1.832946
2.472267
2.072813
2.643270
1.948689
2.174710
2.576958
1.635709
1.573404
2.073784
1.953183
1.984639
2.190256
2.204102
2.143133
2.529227
2.245759
2.656873
2.039778
2.240780
1.917598
1.503205
1.877519
2.069290
1.907881
1.648825
1.832460
1.955733
2.080585
1.410295
2.271264
2.618980
2.059331
2.141675
1.608018
1.205163
2.107305
1.803312
1.435800
1.521058
1.634494
1.900230
1.891243
2.158679
2.516961
2.611450
2.014273
2.195721
2.164387
0.840444
2.346443
1.891607
1.545592
1.642631
1.768212
2.083136
2.131231
2.105240
2.461579
2.651043
1.945167
2.089451
2.007107
0.941735
2.466801
2.237136
1.910068
1.956583
2.104876
2.407776
2.038077
1.676881
2.294704
2.660516
1.920877
1.912982
1.908974
1.367665
1.823716
2.186856
2.223534
2.089087
2.132567
2.448826
2.288875
2.230335
2.090787
2.646064
1.941766
1.835375
1.882984
2.199001
2.031155
1.394506
2.119207
2.408747
1.659877
2.271264
2.801279
2.514896
2.020345
2.712740
2.117992
2.015852
1.784730
1.996298
2.011358
1.739185
2.305028
2.517932
1.655627
2.041721
2.172888
2.097467
2.067347
2.693065
2.282681
2.291911
1.863795
1.874604
1.950390
2.005286
2.243452
2.219647
2.066254
2.054230
2.105240
2.177139
2.260819
2.368911
2.427329
2.391744
2.179690
2.142647
2.070141
2.131595
2.179447
2.167423
2.121393
2.045972
2.257176
2.404375
2.253897
0.129410
0.037467
0.215930
0.031058
0.026868
0.078632
0.153567
0.120783
0.137298
0.151102
0.044123
0.017501
0.166138
-0.740225
0.195964
0.254876
0.008381
-0.153813
-0.144939
0.000986
0.183393
-0.051271
0.147651
0.494716
0.251425
-0.021445
0.273363
-0.792482
0.117332
-0.005669
-0.092929
-0.047081
0.166384
0.397104
0.610322
0.793468
0.920660
0.777200
0.648036
0.532676
0.604653
-0.370482
0.085780
0.001232
-0.043383
0.323402
0.127438
1.359668
1.944601
1.267725
1.648067
2.219197
1.432630
0.580990
1.055493
0.011339
0.019227
0.036728
0.031552
0.399076
1.015314
1.128948
0.029826
1.214729
0.889848
1.051549
0.242305
1.227300
0.469820
0.486582
0.051025
0.059159
0.377631
0.269173
1.063627
0.516900
0.914744
0.428162
0.428655
0.662825
1.265507
1.206594
-0.221599
0.702018
0.083562
0.194731
0.386258
0.365799
0.834140
0.874318
0.423232
0.141488
0.018980
0.115606
1.288924
1.069543
0.330057
0.490033
0.001725
0.108704
0.585180
0.524788
2.144756
1.146203
0.390202
0.148637
0.084794
0.306394
1.148668
1.058944
1.130427
0.326113
0.044369
0.112648
0.370975
0.189309
1.481929
0.677615
1.014328
0.465137
0.369496
0.768326
0.986721
0.603913
0.056201
0.354214
0.061870
0.095394
0.087259
0.278540
0.352735
1.074473
0.651241
0.901679
0.859282
1.076199
0.206070
0.838577
0.739486
0.238854
0.073209
-0.003944
0.032537
0.232938
0.227762
0.426683
1.111200
0.712125
1.315792
0.275089
0.408936
0.574580
0.794454
-0.193006
0.126699
0.119550
-0.004437
0.175751
0.278786
0.128177
-0.180188
-0.213958
0.890834
0.296287
0.050039
0.359637
0.350270
-0.325867
0.539824
0.475736
0.342135
0.206070
0.336466
0.441719
0.588138
0.299492
0.247728
0.410908
0.366045
0.231705
0.449361
-0.212725
0.237128
0.217902
0.181421
0.079372
-0.069512
0.015036
0.193992
0.166138
0.160468
0.139023
0.007395
0.027361
0.450347
-0.960345
-2.029064
-0.821213
-0.746819
-0.760965
-0.892725
-0.957951
-1.072161
-1.018985
-0.991480
-0.851337
-0.910538
-0.743938
-0.738699
-2.216358
-0.917611
-0.645445
-0.927827
-1.126908
-1.264432
-0.963452
-0.797637
-1.003006
-0.690238
-0.488799
-0.535164
-0.917873
-0.845574
-1.365807
-0.885653
-0.264046
-0.819903
-1.111192
-0.746819
-0.539617
-1.707914
-1.604967
-2.280013
-1.592918
-0.844265
-0.697049
-0.792660
-1.140006
-0.742628
-0.259069
-0.865483
-1.009555
-0.740270
-3.226699
-3.971161
-2.575229
-1.487352
-1.355590
-2.334236
-1.912758
-0.607986
-0.843217
-0.784016
-0.313816
-0.617678
-0.411523
-2.039804
-3.675943
-0.117092
-1.355853
-1.005888
-0.754940
-0.844526
-3.058003
-1.619898
-0.668496
-0.817284
-0.211132
-0.783754
-0.311721
-3.445689
-0.764632
-1.059063
-1.423698
-1.195539
-1.095213
-0.682379
-0.847146
0.546428
-0.890368
-0.738437
-0.155336
-0.694167
-0.130713
-2.275297
0.238112
-1.614921
-1.365807
-1.206017
-1.244262
-1.303201
-0.680546
-0.936733
-0.594365
-0.759655
-0.062606
-0.792922
-1.147864
-3.108298
0.449768
-1.471372
-1.441248
-1.149698
-1.262337
-1.347208
-1.140792
-2.140131
-0.222919
-0.756249
-0.203011
-0.612963
-0.149049
-2.912621
0.362800
-0.954807
-1.311583
-1.299009
-1.240594
-0.912371
-1.022652
-1.028939
-0.484607
-0.781397
-0.335034
-0.600127
-0.293384
-2.348905
-2.865471
0.433527
-0.286311
-1.236927
-0.982836
-1.433914
-3.366056
-1.130576
-0.881985
-0.835358
-0.304124
-0.831691
-0.568693
-0.064702
-1.848318
-2.211381
0.348393
-1.219901
-0.945377
-2.126772
-0.641515
0.116568
-1.117740
-0.747343
-0.018336
-0.687619
-0.710932
-0.571051
-0.048985
-0.550619
0.439290
-1.362663
-1.540528
-0.518137
-0.311720
-0.690500
-1.158867
-0.809425
-0.436671
-0.717743
-0.790827
-0.878580
-0.814926
-0.882509
-0.555072
-0.408118
-0.687618
-0.687881
-0.726125
-0.709098
-1.176679
-1.456965
-0.705431
-0.725601
-0.854219
-0.852123
-0.898488
-0.914205
-0.846622
-0.853957
-0.944592
-0.886963
-0.840859
-0.921540
-1.591084
-0.972412
-1.613084
-1.540603
-1.590275
-1.591796
-1.541110
-1.467615
-1.591796
-1.483074
-1.329242
-1.494478
-1.518048
-1.467108
-2.295064
-1.547445
-1.556062
-1.499040
-1.492451
-1.386263
-1.688353
-2.113862
-1.768183
-1.950146
-1.993229
-1.537055
-1.273487
-1.154375
-2.494008
-1.464574
-1.732956
-1.660475
-1.629557
-1.899207
-1.999058
-1.584193
-0.816046
-0.578328
-0.291952
-1.737012
-1.993736
-1.144238
-2.160493
-1.397922
-1.630064
-1.473190
-1.657941
-1.783642
-1.287172
-1.765395
-0.936678
-0.864958
-0.238731
-0.010897
-1.605481
-1.335071
-1.818362
-1.487636
-1.558850
-1.553274
-1.932660
-1.089243
-1.141957
-2.186597
-1.819883
-1.932913
-2.083451
-1.050722
-0.735961
-1.734984
-1.689113
-1.507403
-1.541363
-1.644256
-1.697730
-0.854567
-1.559610
-1.827993
-1.845226
-1.685311
-1.582926
-1.561131
-0.483038
-0.650049
-1.836103
-1.505883
-1.458998
-1.657434
-0.567177
-0.631549
-1.575069
-1.649831
-1.701785
-1.662249
-1.595597
-1.415408
-1.115093
-0.630788
-1.615618
-1.467615
-1.542630
-1.617139
-1.115347
0.191593
-1.192136
-1.663263
-1.716230
-1.654393
-1.570761
-1.582165
-0.764853
-1.043879
-1.788204
-1.458998
-1.596357
-1.381449
-1.622714
0.327178
-1.522356
-1.709387
-1.664023
-1.720031
-1.653886
-1.803157
-0.692625
-1.349516
-1.815321
-1.423771
-1.588501
-1.482314
-1.702038
-1.456971
-0.804387
-1.646536
-1.786684
-1.776293
-1.750950
-0.882444
-1.576083
-1.527931
-1.742587
-1.384743
-1.642989
-1.565185
-1.640708
-1.978024
-0.962275
-0.260526
-0.703269
-1.271206
-0.528149
-1.130299
-2.001592
-1.192136
-1.966872
-1.313022
-1.612324
-1.584700
-1.576843
-1.628036
-1.798341
-1.646790
-0.335035
-1.154629
-1.701531
-1.952934
-1.576590
-1.171101
-1.898953
-1.212664
-1.646790
-1.732196
-1.807465
-1.741827
-1.531226
-1.633865
-1.786177
-1.636146
-1.488396
-1.634119
-1.610043
-1.362948
-1.845226
-1.163245
-1.493718
-1.572028
-1.645016
-1.640201
-1.684551
-1.658194
-1.574309
-1.534520
-1.566959
-1.687339
-1.647043
-1.162738
-2.125013
-1.615614
-1.058658
-0.556955
-0.719570
-0.720679
-0.777409
-0.552705
-0.432777
-0.478050
-0.530715
-0.740266
-0.730842
-1.057735
-1.581428
-0.400808
-0.724559
-0.731581
-0.828226
-0.735647
-0.388058
-0.311185
-0.518334
-0.474539
-0.025316
-0.244292
-0.474170
-0.588369
-1.081572
-0.140255
-0.442940
-0.558803
-0.765583
-0.161506
-0.123070
-0.011642
-0.811410
-0.480083
0.121037
0.256672
0.359415
-0.277369
-0.305826
-0.152082
-0.487844
-0.724744
-0.179431
-0.560836
-0.420396
-0.911751
-2.370848
-2.238909
-0.678177
-0.745810
-0.171115
0.626621
-0.176659
-0.131385
-0.337980
-0.398776
-0.094797
-0.336871
-1.655713
-1.814263
-1.699508
-1.741086
-1.627995
-2.154829
-0.008500
0.084079
0.363850
-0.065785
-0.435918
-0.125657
-0.469920
-0.686308
-1.793566
-1.925691
-2.014944
-1.848263
-1.802066
-1.813708
-0.593174
0.566749
0.907131
-0.111058
-0.429266
-0.161506
-0.414852
-1.284101
-1.766217
-1.692671
-1.405878
-1.245480
-1.290200
-1.438770
-1.247883
0.391938
0.229324
-0.200681
-0.619969
-0.483963
-0.552705
-0.518519
-0.702754
-0.976242
-0.565825
-0.518889
-0.768354
-0.454582
-0.320795
-0.059502
-0.276260
-0.147277
-0.630132
-0.704048
-1.483859
-0.069666
-0.361079
-0.255194
-0.336686
-0.306011
-0.201051
-0.883663
-0.390460
-0.115678
-0.573771
-0.123070
-0.640295
-0.950372
-1.285765
-1.011907
-0.272934
0.067263
0.269238
-0.299913
-0.369209
-0.361078
-0.731951
-1.131466
-0.570075
-0.105145
-0.459941
-0.834139
-1.229219
-1.425281
-0.848923
0.336686
0.593728
-0.272749
0.058024
-0.126027
-0.906392
-0.666535
-0.646763
-0.086666
-0.243183
-0.516302
-0.803834
-1.256199
-0.789975
-0.735092
-0.131385
0.172224
-0.255564
-0.367176
-0.776115
-0.919327
-0.320610
-0.206225
-0.043980
-0.255009
-0.489138
-0.858347
-1.119269
-0.968112
-0.872945
-0.808084
-0.776116
-0.998787
-0.624588
-0.053589
0.038991
0.874424
0.463082
0.162984
-0.082786
-0.132124
-0.324305
-0.490246
-0.615164
-0.533672
-0.351285
-0.270716
0.020142
0.590402
0.280880
1.609849
1.980695
1.454015
1.358673
1.395933
1.264647
1.309358
1.321852
1.386070
1.325358
1.148483
1.286345
1.857956
1.147387
1.490836
1.809079
1.446563
1.106620
1.046566
1.168209
1.408864
1.514069
1.683273
1.649520
1.423111
1.286564
1.460590
1.152866
0.870568
1.027717
0.744103
0.648104
1.117141
1.472425
1.680205
1.570397
2.153844
2.555156
2.041188
1.328427
1.314838
0.672213
0.898841
0.887006
0.706405
1.104428
1.983106
1.733245
1.460152
2.152968
1.992530
1.626944
1.857518
1.645136
1.877902
0.935444
0.883280
0.769747
0.898623
1.509028
1.986393
2.596361
2.012475
1.679328
1.269249
1.502014
1.991654
2.242391
2.322829
1.314838
0.920101
0.794513
1.138839
1.562068
1.994284
1.769190
1.142346
0.287340
0.201861
0.733582
1.379714
1.997352
1.841737
1.401193
0.894019
0.915937
1.147168
1.252811
1.483384
1.297304
0.310353
0.350244
0.525365
0.299176
0.843609
1.801189
1.724478
1.389577
0.843609
0.911554
1.175661
1.543877
2.380035
1.434508
0.343887
0.352874
0.455229
0.262354
0.865307
1.641849
1.869573
1.406892
0.861362
0.824102
1.061470
0.914403
2.664306
2.043599
0.729857
0.167670
0.305093
0.447996
1.661355
1.621684
1.563603
1.437357
0.898403
0.843171
0.922951
0.951882
1.895654
2.214775
2.187817
2.078009
2.214118
2.225077
2.355924
1.998448
2.191981
1.195167
0.922951
0.911992
0.762952
0.902348
1.461248
1.966010
1.777300
0.826733
0.774130
1.276482
1.678451
1.618178
1.980694
0.910896
0.994402
1.093908
0.831116
0.566351
1.178729
1.629136
1.712204
1.486671
0.961307
1.736533
1.813245
1.518672
1.342673
0.912211
1.460590
1.516699
1.236373
0.952320
1.022676
1.237249
1.230893
1.283276
1.312865
1.225414
1.178072
1.238564
1.508151
1.271660
2.028695
2.462445
1.996256
1.783217
1.732807
1.625629
1.607000
1.562945
1.628698
1.576096
1.647328
1.760423
2.415541
1.958339
-0.596453
-0.559549
-0.202877
-0.076805
0.004309
0.109212
-0.124573
-0.372221
-0.192386
-0.233598
-0.109025
-0.145179
-0.224606
-1.518295
0.164661
-0.396199
-0.325389
-0.241841
-0.299163
-0.556364
-0.136188
0.166348
0.096849
0.180397
-0.353676
-0.703792
0.105091
-2.069977
0.463263
-0.069686
-0.239218
-0.307780
-0.033719
0.042711
-0.417180
-0.613125
-1.255473
-0.828740
-0.387207
-0.005994
-0.016110
-1.375926
0.421863
-0.275934
-0.419428
-0.059758
-0.337940
-1.042668
-1.475210
1.280575
1.268961
0.126634
-0.918470
-0.549246
0.342998
-1.428752
0.358546
-0.360794
-0.282491
0.055449
-0.985909
-0.320706
1.626758
0.995275
1.005203
1.486824
1.902693
-1.445612
0.150799
-1.477458
0.413246
-0.366976
-0.039714
-0.422425
-1.058404
1.283011
1.272146
0.677191
0.605819
0.739010
1.572620
0.313962
-0.133378
-1.094746
0.341874
-0.428607
0.147802
-0.592519
0.717842
1.770064
0.741632
0.411185
0.474502
0.498293
1.433435
1.005016
-0.551869
-1.169865
0.303846
-0.395825
0.084298
-0.514216
0.413621
2.152588
1.119099
0.606194
0.609004
0.641786
1.341644
0.413059
-0.748001
-1.032740
0.373532
-0.444342
-0.007306
-0.183956
0.236033
2.187244
1.378361
0.827054
0.646844
1.109545
1.585546
0.195945
-0.331196
-1.144013
0.351053
-0.412496
-0.341312
0.158105
-1.306052
0.699671
2.132732
1.773249
1.191969
1.511177
1.205270
-1.072828
0.259450
-1.338647
0.361356
-0.267879
-0.425610
-0.215053
-0.280243
-1.779431
0.264507
0.855903
-0.140122
0.121950
-0.932895
-0.268629
0.409125
-1.637811
0.334006
-0.303472
-0.353114
-0.270314
-0.373158
-0.042711
-1.012884
-1.459848
-1.501061
-1.096995
-0.620244
-0.403880
-0.035405
-1.738219
0.488177
0.162039
0.070248
0.126259
0.150799
0.073245
0.288860
0.591957
0.412122
0.477500
0.086733
-0.081300
0.464949
-1.395408
0.396386
-0.922966
-0.576784
-0.629422
-0.572662
-0.513279
-0.567417
-0.645346
-0.599637
-0.553742
-0.579031
-0.698172
-0.542877
-2.658187
-1.481930
-0.208671
-0.339880
-0.397833
-0.381002
-0.266434
-0.231049
-0.253428
-0.250176
-0.179025
-0.231815
-0.275614
-0.595220
-0.812307
-0.614920
-0.297036
-0.349443
-0.298184
-0.288238
-0.051642
-0.416386
-0.875616
-0.766021
-0.606122
-0.135799
-0.190118
-0.415047
-0.162767
-0.831051
-0.079567
-0.276379
-0.305261
-0.387314
-0.699460
-1.365257
-2.012119
-2.367108
-2.393121
-0.924006
-0.616450
-0.187823
0.039210
-0.814028
-0.084348
-0.177304
-0.276379
-1.020213
-2.022447
-2.811229
-1.834816
-1.948810
-2.846803
-2.281422
-1.473131
-0.500734
-0.017788
-0.786103
-0.041887
-0.174243
-0.530572
-1.709536
-1.603001
-0.540900
-0.672109
-0.261652
-0.443163
-1.078932
-1.833476
-1.477339
0.023143
-0.783808
-0.010520
-0.283265
-1.363344
-1.657320
-0.424611
-0.136373
0.230858
0.269303
0.288238
-0.604209
-1.820662
-2.544795
-0.450049
-0.834303
-0.085113
-0.737713
-1.746642
-1.193118
0.149570
0.276379
0.377177
0.378898
0.431687
-0.277336
-1.470645
-2.041191
-0.144406
-0.788590
-0.065030
-0.559645
-1.165193
-2.677916
0.200447
0.386357
0.404336
0.400511
0.421359
-0.073829
-1.486137
-2.267842
-0.069238
-0.793754
-0.140389
-0.342175
-0.794519
-2.765325
-0.289959
0.203316
0.445650
0.526747
0.407397
-0.495188
-2.263060
-2.468862
-0.387505
-0.811159
-0.108639
-0.331655
-0.645714
-1.703033
-1.355120
-0.782278
-0.299331
-0.490024
-0.467454
-1.777244
-2.068160
-1.250497
-0.331464
-0.812116
-0.115525
-0.385401
-0.376603
-0.570355
-1.480973
-1.672239
-1.704754
-2.654964
-2.526624
-1.860636
-1.049668
-0.458273
-0.157412
-0.873512
-0.011858
-0.271598
-0.372012
-0.386740
-0.456935
-0.946193
-3.247698
-3.537274
-1.729810
-0.685115
-0.252854
-0.314441
-0.083392
-0.832199
-0.104623
-0.251132
-0.254575
-0.267007
-0.335098
-0.459230
-0.591395
-0.450049
-0.409883
-0.292063
-0.298949
-0.440677
-0.140772
-0.754736
-0.074976
-0.071916
-0.034619
-0.059101
-0.095442
-0.082245
-0.092573
-0.179981
-0.115333
-0.064074
-0.109978
-0.219191
0.123366
-1.035500
0.541888
0.744816
0.667748
0.741023
0.754643
0.738781
0.723609
0.845332
0.785850
0.742402
0.778264
0.711885
-0.699644
0.463613
0.992916
1.099983
1.031191
1.300152
1.506528
0.946364
0.415338
0.723437
1.297221
1.298428
1.107741
0.900848
0.786195
0.456200
0.841538
0.710334
0.755505
0.649300
0.554991
0.488958
1.126879
0.914641
0.399649
0.956192
1.515149
0.931364
0.623266
0.411718
0.751023
0.633611
0.782919
0.658438
0.384304
1.227567
1.594630
0.665162
-1.369978
-1.389806
0.345339
1.099120
0.547922
0.390166
0.703954
0.824987
0.147412
-0.430338
-0.616197
0.711023
1.066363
1.043432
1.038604
0.391373
-0.401546
1.119465
0.733092
0.394649
0.781195
0.309133
0.238100
-0.039137
0.465510
0.953950
0.855849
0.597921
0.721885
0.485165
1.168085
1.125155
0.879124
0.398614
0.902400
0.061723
-0.118619
0.235858
0.617577
0.372235
0.463958
0.470165
0.379304
0.795850
-0.062757
-1.879281
0.323443
0.342581
0.806022
0.418614
-1.111190
-2.611166
0.222065
0.528957
0.299133
0.168618
0.146205
0.775505
-1.552217
-2.403065
0.281720
0.329822
0.739299
0.658610
-0.080516
-2.426513
0.251375
1.370151
1.091879
0.759298
1.318772
1.038087
-0.309650
-1.554113
0.358098
0.363787
0.592749
0.639300
0.669989
0.494475
0.355167
1.183084
1.201188
0.573094
1.280152
1.394461
-0.117239
0.539474
0.871193
0.420683
0.676196
0.633266
0.863952
1.562044
1.821523
1.129810
0.270513
-1.867039
-0.797746
0.265685
0.672403
0.269306
1.038604
0.391373
0.740333
0.618956
0.446200
1.222222
1.700663
2.022037
-1.784799
-1.283773
-0.359822
0.731368
0.587922
0.877745
0.811022
0.724126
0.419648
0.588094
0.416373
0.472751
0.851538
0.733782
0.459303
0.551371
0.625162
0.737057
0.728954
0.529302
0.813263
-0.261547
0.759816
0.823780
0.744126
0.832746
0.795849
0.839469
1.039811
1.201016
1.014639
0.852745
0.769816
0.722402
0.300512
-1.472438
-1.133095
-1.240358
-1.265711
-1.233207
-1.364524
-1.497791
-1.652186
-1.688915
-1.595953
-1.554348
-1.401904
-1.308942
-1.644710
-1.721095
-1.309917
-1.755549
-1.778952
-1.867688
-1.769851
-1.722070
-2.040285
-1.869963
-1.691841
-1.928146
-2.005181
-1.789678
-1.567675
-1.651860
-1.298540
-1.607980
-1.872239
-1.890116
-2.003556
-3.342402
-2.991032
-3.457141
-3.626813
-2.327622
-1.617081
-2.350375
-1.653811
-1.595303
-1.406779
-1.979502
-2.195655
-2.197280
-4.089346
-3.048564
-1.811781
-1.467887
-1.576126
-2.115045
-2.325672
-2.352000
-1.770176
-1.621957
-1.525419
-1.974302
-1.981453
-3.301771
-2.936100
-1.313167
-2.263914
-2.008756
-1.818932
-0.315290
-4.296073
-2.497293
-1.707443
-1.722395
-1.571250
-1.811456
-1.756849
-3.983383
-1.362574
-2.198906
-1.732471
-1.447410
-1.768876
-1.421081
-1.117167
-3.046613
-1.824458
-1.767576
-1.638859
-1.581977
-3.035562
-2.466090
-1.677864
-2.078965
-1.559874
-1.214355
-1.513068
-1.833234
-1.224106
-2.886043
-2.046461
-1.729221
-1.639834
-1.744823
-2.410182
-2.884743
-1.299516
-1.890441
-1.443509
-1.239383
-1.508192
-1.578076
-1.036882
-3.471118
-1.882640
-1.664862
-1.552398
-1.882315
-2.051661
-3.654441
-0.873061
-1.999005
-1.857287
-1.651211
-1.959350
-1.705168
-1.514043
-4.268445
-1.908318
-1.661612
-1.483489
-1.935622
-1.826733
-4.112425
-2.929924
-0.875337
-2.067914
-1.808206
-1.927171
-1.180226
-4.224239
-2.304869
-1.842010
-1.662587
-1.370375
-1.681764
-1.785128
-1.839085
-2.854514
-1.872564
-0.833081
-1.774401
-1.071012
-3.623887
-2.163151
-2.021758
-1.790978
-1.624882
-1.341121
-1.640809
-1.745473
-1.662587
-1.844610
-1.557924
-2.383204
-2.502494
-2.346474
-1.560849
-2.079615
-1.820232
-1.480564
-1.613831
-1.249134
-1.598554
-1.370375
-1.433108
-1.298866
-1.094740
-0.976425
-1.139595
-1.403854
-1.423032
-1.531920
-1.395403
-1.280013
-2.273990
-1.928796
-2.091967
-1.998355
-2.103669
-2.040285
-2.150149
-2.292518
-2.216783
-2.130972
-2.120896
-2.065638
-2.092292
-2.459589
0.997549
1.277508
1.058601
0.906613
0.891579
0.982148
1.091602
0.991132
0.960331
1.061718
0.946947
0.901479
1.133403
0.213040
1.248540
1.402545
1.162921
1.174471
1.156687
1.130103
0.809076
0.762691
0.798992
1.057317
1.234056
1.348460
1.596151
0.495199
0.735190
1.109569
1.014049
1.117453
0.804309
0.596586
-0.810910
-0.683856
-0.838594
-1.426929
0.133654
0.891945
1.730722
0.838410
0.758108
0.997915
1.111586
1.036233
-0.044368
-0.693572
-1.486698
0.253192
1.100585
-0.330928
0.300493
-0.147955
1.516399
0.922746
0.703106
1.034583
0.953914
0.494649
-0.765075
0.051518
0.641871
1.025783
1.365511
1.227090
0.504916
-0.710256
0.286926
1.337826
0.642971
1.147337
0.875262
-0.113304
-0.581002
1.065201
1.033483
1.288141
1.471481
1.644003
1.154304
1.032383
-0.466965
1.167871
0.603369
1.199955
0.703656
-0.306177
0.068019
1.182721
1.284291
1.438480
1.395945
1.634470
1.208389
1.240840
-0.441664
1.062818
0.631970
1.150087
0.936680
-0.233208
-0.900929
1.468364
1.311609
1.435179
1.450214
1.710372
1.237173
0.803209
-0.199106
1.094352
0.658555
1.106636
0.955931
0.419297
-1.042100
0.774975
1.233690
1.371928
1.435730
1.382561
0.801559
-0.258325
-0.742891
0.994615
0.703473
1.038983
0.995715
0.886629
-0.037401
-0.028601
0.418197
0.603553
0.665705
0.528567
-0.400963
-1.203806
0.719606
1.102236
0.730790
1.020283
1.032567
0.980498
0.601169
-0.664788
0.702006
0.661671
-0.363195
0.374745
-1.211506
0.340644
1.670037
0.775342
0.778092
1.203072
1.084268
1.166771
1.059151
1.041184
0.321027
-0.646455
-0.524534
0.450281
0.659838
1.506682
1.491648
0.747474
1.265774
1.533633
1.212972
1.189505
1.313259
1.448930
1.564250
1.179788
1.360927
1.395945
1.421062
1.378711
1.648953
1.078768
0.548551
0.491716
0.392346
0.251175
0.137688
0.153455
0.243474
0.324327
0.346695
0.306543
0.218907
0.193056
0.671022
-0.090020
-1.005595
0.820115
0.811056
0.611749
0.642742
0.637020
0.863505
0.916431
1.087606
1.024668
0.754315
0.674688
0.570266
-2.264853
0.987476
1.100480
1.010363
0.657046
0.845386
1.357958
-0.108236
-1.295019
-1.522935
-0.537366
0.695191
1.241617
0.904511
0.924537
1.112400
0.892591
0.606504
0.335675
0.321371
-1.988303
-0.947900
4.790998
3.557487
0.138752
-0.884961
-0.367145
0.246988
1.010363
1.150069
0.672780
0.584094
0.208844
-1.006072
3.546044
4.804827
6.152771
6.428845
5.798975
5.937252
1.059474
-0.097746
1.026575
1.219206
0.665152
0.624623
-0.565021
3.337678
5.277346
3.259481
1.772784
2.565244
3.298103
5.874791
1.689342
-1.341269
0.743349
1.109540
0.868750
0.259862
-0.664675
3.029658
4.580725
2.442226
2.755969
2.875172
2.878509
3.474046
5.379861
2.097493
-0.091071
1.123367
0.944563
-0.227439
1.336502
3.860263
2.055056
2.309673
2.490861
2.719254
3.054452
3.145523
4.485363
1.541530
-0.093932
1.301218
0.822976
0.025271
-1.313138
3.764901
2.985792
2.573349
2.632951
2.865635
3.055883
3.553674
4.974093
-0.043867
0.005245
1.122890
0.777679
0.610795
-1.255444
4.467721
4.817700
2.757875
2.878032
3.296196
2.921422
4.133476
5.692172
-0.201214
0.570743
1.140532
0.614133
0.677549
-0.533552
1.533902
5.167202
4.988875
2.875171
3.609937
4.136813
6.405959
1.066627
-0.540704
0.657999
1.121937
0.751454
0.604120
0.428653
-0.529737
3.167456
6.754984
5.257796
3.432563
6.108428
3.145523
-0.549287
0.294669
0.975556
1.288821
1.107633
0.762898
0.641311
0.852061
-0.058171
1.818081
3.626149
1.584920
1.051368
0.307543
0.347119
1.005595
1.196319
1.271179
0.964589
0.976986
0.819161
1.064243
0.986999
0.867797
0.712356
0.608411
0.858737
1.017992
0.864458
1.283099
1.573953
0.064846
0.244127
0.306113
0.301345
0.174513
0.110620
0.057217
0.118726
0.249372
0.213612
0.173559
0.201215
0.590292
-0.743826
-0.938310
-0.155686
-0.033262
-0.321435
-0.315286
-0.262459
-0.306900
-0.497525
-0.470133
-0.440506
-0.440785
-0.352460
-0.000279
-1.065766
0.387119
0.761661
0.481314
0.515973
0.505910
0.090561
-0.579701
-0.009503
-0.035498
-0.136680
0.044721
0.437431
1.184278
-0.932720
0.567682
0.438828
0.089722
0.057858
-0.269167
-0.468177
-0.734548
-0.284540
0.077983
0.097828
-0.216619
-0.095312
0.984149
-0.716381
0.642031
0.421219
0.199010
0.087486
-0.389355
-0.724766
-0.656565
0.257986
0.241775
-0.221091
-0.266931
-0.186153
0.583893
-0.853899
0.547278
0.368672
-0.040249
-0.415070
-0.618553
-0.139754
-0.297118
-0.066803
0.179444
0.284260
0.060374
0.315006
0.581378
-0.883527
0.580260
0.327864
-0.069318
-0.669703
-0.132487
-0.012578
-0.188109
0.526035
0.474326
0.528830
0.492215
0.366715
0.588924
-0.396902
0.440505
0.266372
0.045001
-0.375939
0.254353
-0.275036
0.587527
0.589204
0.618273
0.699331
0.588925
0.492494
0.670821
-0.602061
0.441623
0.200128
-0.055622
-0.309975
-0.672777
-0.242334
0.487742
0.665230
0.590322
0.783742
0.665231
0.186991
1.229838
-0.763897
0.617155
0.262458
-0.020125
-0.255750
-0.630012
-0.435754
0.275875
0.586968
0.637000
0.966261
0.864240
0.050591
1.543726
-0.689827
0.649019
0.305782
-0.122145
-0.131369
-0.543365
0.024317
-0.468736
0.028510
0.313329
0.334572
0.612124
0.587247
1.231515
-0.841321
0.626658
0.436033
0.050591
0.031864
-0.333454
-0.713306
0.664392
0.186153
0.228079
0.546160
0.711908
0.241495
0.603179
-0.845513
0.643429
0.557061
0.224725
0.129692
-0.019845
-0.019286
0.053107
0.717778
0.701567
0.317242
0.157643
0.158202
1.006231
-0.624981
0.808339
1.065207
0.828184
0.704921
0.798836
0.657963
0.470133
0.338764
0.466220
0.538892
0.590043
0.805544
1.521924
-0.287055
0.123263
0.028789
0.048075
-0.105654
-0.027671
-0.153171
-0.206277
-0.218017
-0.122425
-0.050032
-0.128294
-0.140872
0.517370
-1.443382
-0.641126
0.253155
0.406437
-0.079421
-0.447736
-0.643310
-0.950471
-0.716377
-0.441779
-0.373477
-0.310139
-0.175719
0.403856
-1.293570
-0.300013
0.181676
-0.249779
-0.933594
-1.728400
-1.624755
-0.453891
-0.120720
0.802152
1.492917
0.134222
-0.470371
0.423910
-1.208987
0.312919
0.189022
-0.788055
-1.754013
-1.652949
-1.182777
-0.582355
-0.771376
1.141677
1.376565
2.215449
1.743490
0.310338
-0.801755
0.125088
-0.578185
-1.970435
-1.310645
-0.683219
-1.237181
-1.546724
0.911952
-0.806322
-1.400391
-0.139384
1.924371
2.539090
-0.576199
0.176910
-0.832332
-1.265574
-0.249580
-0.718562
1.129367
1.348370
-0.141965
-1.734158
-1.559630
-1.490534
0.943919
3.143087
0.102652
0.146730
-1.433351
-0.070883
-0.151098
0.208480
1.785782
-0.094908
-1.805041
-2.465427
-3.137329
-1.698617
-1.750638
2.246820
2.124115
0.027599
-1.621380
-0.062147
0.142362
1.683726
1.779626
-1.203824
-1.357504
-2.028810
-3.656543
-2.800782
-1.106136
3.183989
1.486166
-0.048645
-1.653744
-0.580369
-0.331186
1.053917
2.220611
-0.873035
-1.126786
-2.078448
-3.665478
-1.928739
-0.605188
2.291098
1.217127
0.091334
-1.441888
-1.272920
-0.298822
1.205412
2.774374
-0.045469
-1.534215
-2.560732
-3.038846
-0.935381
-0.285122
2.162038
0.619881
0.242036
-0.951662
-1.741504
-0.255934
0.230321
0.875616
1.876719
0.376058
-0.763831
-0.504919
-0.038916
1.330699
1.793326
-0.171947
0.183463
-0.352034
-1.749645
-1.835022
-1.106533
-1.189330
-0.940742
0.073464
-0.272017
-0.343694
1.664664
1.112093
1.140684
-1.121226
0.377250
-0.017671
-0.863306
-1.864805
-2.088773
-1.080920
-0.884154
0.378640
0.925652
2.190233
1.576507
0.236675
-0.318677
-1.002889
0.444956
0.587914
0.089746
-0.325626
-1.040614
-1.230827
-0.977077
0.112381
0.973900
0.730673
-0.138788
-0.207884
0.205303
-0.367521
0.944514
1.460751
0.827567
0.658003
0.211260
-0.159438
-0.132037
-0.222180
0.206296
0.601018
0.433043
0.428873
1.189330
-0.797784
-1.769620
0.011946
0.059992
-0.327227
-0.335018
-0.438639
-0.408254
-0.349561
-0.348782
-0.363066
-0.366442
-0.178936
-0.401761
-1.520565
-0.361507
0.328265
0.170106
-0.084923
-0.102323
0.317877
-0.145434
-0.503046
-0.686916
-0.282298
0.097389
0.282038
0.024672
-0.167249
-0.328785
0.062329
-0.058173
-0.237889
-0.371896
-0.637572
-0.702498
0.523563
0.458637
-0.359170
-0.087260
-0.370857
-0.173482
-0.036618
-0.318137
-0.051941
-0.155043
-0.518109
-0.434484
0.045708
-0.216853
-0.073756
-0.470063
-1.160616
-0.647441
-0.089857
-0.480711
-0.059212
-0.261002
0.001039
-0.207243
-0.719898
0.379946
-0.184130
-1.022713
-0.967915
-0.629781
-0.925844
-0.829234
0.237110
-0.305931
0.097908
-0.308788
0.060511
-0.730546
-0.556026
0.280740
-0.755737
-0.349042
-0.472141
-0.427212
-0.219190
-0.844037
-0.273468
1.090236
-0.011687
-0.363066
0.096350
-0.907924
0.157380
-0.455520
-0.951035
-0.452663
-0.527718
-0.456299
-0.366442
-0.706913
-1.231255
0.224644
-0.226202
-0.302295
0.029606
-0.679904
-0.689253
-1.789358
-1.095689
-0.401502
-0.521485
-0.533172
-0.425914
-0.667958
-1.202688
-0.259704
-0.289829
-0.327746
0.056096
-0.393191
-1.047385
-1.295142
-0.894419
-0.343068
-0.277623
-0.159718
-0.021815
-1.001677
-1.390193
-0.064407
-0.097649
-0.280999
-0.054278
-0.259704
-0.929999
0.584593
-0.911300
-0.879357
-1.087899
-1.255148
-0.950256
-1.216452
-0.008051
-0.566673
0.183351
-0.280999
-0.062848
-0.087001
-0.400203
-0.616277
0.040514
-0.676009
-0.260223
-1.285273
-0.042332
0.206984
-0.573685
-0.636793
0.057914
-0.235291
0.237109
0.081807
-0.273728
-0.054018
-0.383582
0.330862
0.796771
0.186467
0.318916
0.092714
-0.212437
-0.168807
-0.062069
-0.018958
0.041033
-0.065705
-0.335797
-0.341251
-0.222826
-0.383582
-0.722755
-0.639390
-0.465908
-0.270352
-0.121282
-0.187506
-0.086741
-1.165810
0.638352
0.339952
0.111153
0.084663
-0.079469
-0.243342
-0.293205
-0.153225
-0.141798
-0.095571
0.118944
0.214515
-0.524082
1.456096
0.961729
0.944682
0.895050
0.905761
1.023129
1.045456
1.033840
1.057676
1.094938
1.030220
0.961126
0.982548
0.992806
1.334956
1.049680
0.930803
0.893541
0.938950
0.890222
0.868196
1.027202
1.060995
0.875890
0.988884
0.866235
1.095542
0.848132
1.147287
0.931105
0.822788
0.822939
0.608567
0.788694
0.432062
1.088452
0.606908
0.702100
0.764254
0.690635
1.132050
0.685506
1.176403
0.931859
0.899575
0.802723
0.538720
0.526198
-0.106205
0.870309
0.516694
0.367041
0.511866
0.818262
1.217285
0.852658
1.146382
0.970328
0.958712
0.713867
0.522276
1.264957
0.710699
0.852356
0.866839
0.637985
0.550788
0.689126
0.812831
1.023431
1.127524
1.035198
1.022526
0.795784
1.453834
1.215928
0.835158
1.159808
1.286530
1.229053
1.008948
0.856580
1.377046
1.302672
1.091167
0.998539
0.815094
1.138688
1.853309
1.064917
1.237501
1.330128
1.331335
1.306142
1.033086
0.839081
1.214268
1.237048
1.131296
1.060241
0.911342
0.869403
1.540276
1.201747
1.134464
1.295431
1.237652
1.346874
0.854770
0.992957
0.722466
1.083322
1.137783
0.998690
1.046512
0.900782
1.054206
1.316551
0.917678
1.140347
1.154075
1.066124
0.787638
0.579602
0.582167
0.954488
1.197523
0.999294
0.997031
1.036858
0.562404
1.435881
1.247458
1.074422
0.934273
1.020414
0.442169
0.537814
0.747811
0.830783
1.201445
0.954488
0.877851
0.878153
0.678868
0.671626
1.041685
0.968971
0.317408
0.487729
0.545206
0.672532
0.985716
0.705570
1.195562
1.030672
0.909985
0.860654
0.800913
1.004272
1.180778
0.758220
0.074675
0.699083
0.962031
0.922506
0.959014
0.822034
1.352757
1.093128
0.897765
0.872722
0.865330
0.909381
0.867895
0.888563
0.869705
0.892787
0.892787
0.949057
0.915717
0.968518
1.740617
1.195713
1.067784
1.114550
1.115455
1.157696
1.248815
1.323491
1.325150
1.267823
1.194506
1.113343
1.178666
1.533789
-1.126739
0.102666
-0.144397
-0.205886
-0.205516
-0.231921
-0.243554
-0.209394
-0.120392
-0.103958
-0.196284
-0.276607
0.150675
-1.637482
0.407524
1.488470
0.800092
0.527547
0.589959
0.612486
0.884108
1.299756
1.268735
1.053986
0.897218
0.582942
1.122861
0.235430
0.111714
0.590698
-0.054657
-0.180958
0.459965
1.058603
0.361546
-0.769255
0.152152
1.179918
1.054356
0.898511
0.815048
-0.059642
0.175234
0.511852
0.006832
0.513144
1.634528
-0.007017
-1.627696
1.205954
1.076514
-0.105251
0.576110
0.506497
1.843922
0.267928
0.117992
0.443531
0.212718
1.158868
-0.034160
1.922029
2.051470
0.993236
0.617472
0.961292
0.856041
-0.060750
1.889716
0.840530
0.100081
0.422112
0.604916
1.135602
0.611009
1.829519
0.563923
-0.622458
-0.712382
-0.242631
1.193767
0.791782
0.799353
0.900172
0.099527
0.427282
0.725862
0.215118
1.866265
1.073744
-0.466243
-0.434668
-0.243924
-0.457934
0.569463
1.603137
0.053733
0.926393
0.112452
0.454425
0.625597
0.273837
0.796768
1.116029
-0.470305
-0.471229
-0.381673
-0.414541
0.487109
0.477138
-0.227120
0.799168
0.146059
0.391090
0.331079
0.924177
1.502688
2.230581
0.030283
-0.439284
-0.374472
-0.153445
1.419780
0.397738
0.501327
0.793813
0.171171
0.435960
0.158984
1.256364
0.218442
1.447293
2.033928
1.426242
1.473882
2.027835
1.061742
-0.241154
1.205769
0.612302
0.204408
0.532717
-0.021419
0.285470
1.019457
0.240969
1.296802
0.618765
-0.458119
0.441131
-0.328124
0.421373
1.426796
0.172279
0.321846
0.667882
0.152152
-0.144212
0.379642
1.113259
1.379895
0.858811
-0.507420
0.672313
0.998222
0.901465
0.765377
0.210871
0.609348
0.894633
0.367270
0.096203
0.092510
0.331263
0.474737
0.550813
0.709244
0.656618
0.467166
0.192221
0.756883
0.646093
0.596607
1.165700
0.418234
0.387766
0.401985
0.281223
0.223058
0.190006
0.252418
0.260358
0.266636
0.255741
1.074113
0.161200
-0.888295
-0.607376
-1.109329
-1.249685
-1.219119
-1.258626
-1.267983
-1.368207
-1.406052
-1.223277
-1.255923
-1.181482
-1.066911
-1.256755
-1.258002
-1.169006
-1.305203
-1.400437
-1.499206
-1.711715
-1.895529
-1.455124
-1.385882
-1.513553
-1.511058
-1.222238
-1.271726
-1.495255
-1.539961
-1.519376
-1.502949
-1.601302
-1.610035
-1.138024
-0.807825
-0.011644
-0.694292
0.002079
-0.404848
-1.272558
-1.337641
-1.561586
-1.447430
-1.327452
-1.374861
-1.660563
-0.919901
-1.933580
-1.802790
-1.276508
-1.157986
-0.710095
-0.859184
-1.214752
-1.388169
-1.562418
-1.522079
-1.355939
-1.438281
-1.362801
-1.456372
-2.069985
-1.239080
-1.781373
-1.619184
-1.050484
-0.689302
-1.131578
-0.722988
-1.574686
-1.530604
-1.231387
-1.552853
-0.397570
-1.777214
-1.427469
-2.207846
-1.696120
-1.768689
-1.663266
-1.699447
-0.689718
-0.084421
-2.103671
-1.535387
-1.284410
-1.371535
0.450385
-0.716334
-1.426013
-1.940234
-1.735211
-1.746648
-1.638522
-1.888875
-0.943606
-0.449970
-1.805077
-1.543704
-1.282747
-1.594648
0.091075
-1.228891
-1.236585
-1.823584
-1.750807
-1.642473
-1.649958
-1.769728
-1.190632
-0.899108
-1.813603
-1.526654
-1.257378
-1.598599
-0.705313
-0.894949
-1.531228
-1.976623
-1.768897
-1.768065
-1.729389
-1.587162
-0.472219
-0.277800
-1.993882
-1.486730
-1.308322
-1.422686
-1.320798
-1.580300
-1.682188
-1.682812
-1.289608
-1.251140
-1.252388
-0.656864
-2.115315
-0.726522
-1.722527
-1.456995
-1.395655
-1.508771
-1.555972
-0.409007
-1.288569
-1.532267
-0.488229
-0.457871
-1.546823
-1.559923
-0.666637
-1.216000
-1.559923
-1.443895
-1.321007
-1.456995
-1.538922
-1.627917
-0.954418
-0.529608
0.498834
0.177368
-0.789942
-1.019710
-1.260705
-1.349909
-1.391080
-1.353236
-1.295846
-1.166303
-1.327660
-1.279835
-1.275469
-1.407091
-1.230347
-1.230555
-1.372574
-1.410002
-1.189176
-1.211425
-1.215792
-1.027403
-0.686183
-1.088120
-1.288153
-1.302708
-1.330987
-1.361969
-1.357811
-1.409170
-1.352196
-1.386506
-1.200405
-1.132202
-0.928842
0.581674
0.013922
-0.106366
-0.201595
-0.230553
-0.206050
-0.210784
-0.411544
-0.437439
-0.211897
-0.178206
-0.196026
-0.206050
0.364208
0.069055
-0.629010
-1.007697
-1.158893
-1.122974
-1.222936
-1.259413
-1.020227
-0.775751
-0.934744
-1.066170
-1.110444
-0.855665
-0.645438
-0.447742
-0.802482
-0.872929
-1.011038
-1.282523
-0.957577
-0.741502
0.934187
-0.101633
-0.452475
-0.823922
-0.996002
-0.939199
-0.607291
-0.304899
-0.658525
-0.796913
-1.179776
-1.122973
-0.594483
-0.095786
-1.043060
-1.194534
-0.329680
-1.005748
-0.819746
-0.911354
-0.489787
-0.378408
-0.678573
-0.823644
-1.156944
-0.810835
-1.482169
-1.855566
-1.965274
-1.882018
-1.642276
-1.618051
-0.594761
-0.996838
-0.493407
-0.439945
-0.610076
-1.020505
-0.110822
-0.424909
-1.294497
-2.326697
-1.441516
-1.215975
-1.475487
-1.702699
-0.100241
0.355019
-0.534895
-0.430199
-0.644046
-0.946438
0.214682
-0.875992
-1.565146
-1.738618
-1.164740
-1.160564
-1.220430
-1.763122
-1.154716
-0.290419
-0.723125
-0.456095
-0.588914
-1.041389
-0.503988
-0.823644
-1.535352
-1.800154
-1.225999
-1.252451
-1.216532
-1.977803
-1.357425
-0.972613
-0.804710
-0.383977
-0.558841
-0.931403
-0.534895
-0.513455
-1.793194
-2.036835
-1.471310
-1.507230
-1.586308
-2.238429
-0.417112
-0.730921
-0.911355
-0.339426
-0.630124
-0.839794
-0.728137
-0.543527
-0.768512
-1.577676
-1.526999
-1.907357
-1.715785
-1.067563
-0.949223
-0.694167
-0.677181
-0.339148
-0.686370
-0.838123
-0.855387
-0.238350
-0.402912
-0.425466
-0.210505
0.152032
-0.833111
-1.179776
-0.196305
-0.863462
-0.561348
-0.399013
-0.608126
-0.858728
-0.858728
-0.982080
-0.357803
0.154259
0.387876
0.552994
-0.139780
-0.242805
-0.776308
-0.882675
-0.386483
-0.231110
-0.604785
-0.779371
-0.849818
-0.752919
-0.713936
-0.639313
-0.542135
-0.611190
-0.829213
-0.983194
-0.837845
-0.819189
-0.262575
0.198254
-0.555779
-0.878776
-0.833111
-0.890193
-0.828934
-0.700849
-0.680801
-0.754032
-0.709481
-0.844527
-0.828099
-0.816961
0.236401
-0.591908
0.142256
0.093188
-0.091332
-0.175861
-0.216889
-0.069479
0.104321
0.127412
0.066180
-0.108032
-0.092982
-0.386153
-0.462022
0.175655
0.257298
-0.042883
-0.196066
-0.050099
0.223898
-0.120608
-0.441200
-0.469238
-0.004536
0.091332
0.183490
-0.111331
0.199364
-0.243690
0.149266
-0.114836
-0.265132
-0.356671
-0.941776
-1.697587
-0.776635
-1.154128
-1.374110
-1.062590
-0.534594
0.029482
0.197509
-0.096487
0.001031
-0.161223
-0.166996
-0.946311
-0.939507
-0.697466
-1.850770
-1.569557
-1.246079
-0.941775
-1.318857
-0.266781
0.007834
-0.044532
0.061232
-0.080818
-0.792304
-1.265253
-1.591823
-1.290612
-1.409158
-0.869617
-1.091454
-1.129388
-0.850443
-0.931673
0.174418
-0.154007
0.160811
-0.152564
-1.428950
-1.957978
-1.182167
-1.329165
-0.842609
-0.777666
-0.736432
-1.534715
-0.798695
-0.219569
0.179779
-0.154214
0.154626
-0.566962
-0.369659
-1.366275
-1.177013
-0.866730
-0.650048
-0.529439
-0.480165
-1.416581
-1.574093
-0.440787
0.172769
-0.085972
0.153595
-0.540779
-1.540693
-3.079738
-1.220102
-0.754369
-0.554798
-0.437488
-0.538923
-1.222989
-1.223813
-1.101968
0.176686
-0.107414
-0.001649
-0.215239
-1.430806
-2.067453
-1.615945
-0.979710
-0.639327
-0.559540
-0.586342
-1.694907
-1.216597
-1.142171
-0.155451
-0.055665
-0.104321
-0.266575
-1.001152
-0.845907
-1.409983
-1.283808
-0.908995
-1.015171
-1.541518
-1.441939
-1.578628
-0.687777
0.038347
-0.008247
0.031956
-0.269049
-0.321210
-0.831269
-0.868792
-1.089804
-1.008574
-1.022181
-1.136398
-1.108153
-0.732103
-0.074633
0.109888
-0.103909
0.163698
-0.223486
-0.417284
-0.187613
-0.275028
-0.070303
0.180603
-0.389245
-0.670458
-0.178542
-0.101435
-0.066386
0.256885
-0.077931
0.253793
-0.132772
-0.379968
-0.366567
-0.020204
0.092570
0.289254
0.566550
0.214415
0.025359
-0.074220
-0.093188
0.426149
-0.034636
0.347806
0.344713
0.076488
0.125969
-0.071953
0.030307
0.064943
0.138751
0.099373
0.077519
0.131741
0.365948
0.655202
-0.287666
-0.172708
-0.059742
-0.096492
-0.215433
-0.240235
-0.149717
-0.045259
-0.214709
-0.204209
-0.305408
-0.341796
0.108622
-0.244942
-0.373296
0.563022
0.385788
0.186467
0.083277
-0.322606
0.167639
0.714006
0.480470
0.689385
-0.026793
0.031319
0.547453
-1.001854
-0.020095
0.212355
0.176148
-0.032224
0.344874
1.157725
1.198821
-0.777188
-0.358994
1.333692
1.331702
1.182709
0.684135
-0.429418
0.143743
0.372391
0.182484
0.449151
1.212579
0.700247
1.147044
0.728670
0.546548
1.315408
0.102829
0.935232
2.161570
-0.128717
0.125639
0.301425
-0.125096
0.847249
0.557591
1.780309
1.393073
0.787326
0.534781
1.096355
0.196967
1.492642
2.463358
0.422538
0.160579
0.144829
-0.051414
1.054897
1.034259
1.454625
-0.080199
-0.662592
-0.842542
-0.896672
0.593617
1.544600
2.624842
0.455125
0.223036
0.158950
0.650825
0.701334
1.483410
0.408779
-0.507806
-0.651187
-0.682325
-0.687575
0.025345
0.858473
0.862637
0.212717
0.124010
0.149898
0.611721
1.443038
1.539531
0.697351
-0.399728
-0.677075
-0.720886
-0.684678
0.532246
0.550169
0.706765
0.069880
0.126182
0.228286
0.245123
1.495358
3.059871
2.136768
0.339081
-0.403348
-0.479746
0.044535
1.739938
2.334279
3.364193
0.244942
0.110070
0.228649
0.123105
1.099251
2.018552
1.416064
1.532108
1.688523
1.283546
2.327400
1.222175
1.046570
2.345684
-0.070242
0.153881
0.365693
0.237700
0.263227
0.898844
0.855939
0.980491
1.140708
0.593799
1.280468
1.608325
1.437789
1.112829
-0.247838
0.127630
0.501470
0.290020
0.246933
0.209459
0.792214
1.390176
1.947042
1.443582
1.764197
1.390357
0.820274
0.478659
-0.155510
0.706946
1.069380
0.870965
0.833128
0.816654
0.752386
0.534962
0.743877
0.640325
0.502556
0.663678
0.701153
1.417331
0.595066
0.553971
0.591807
0.015207
-0.149536
-0.173976
-0.222131
-0.169631
-0.303597
-0.267209
-0.262683
-0.301244
-0.219416
0.379452
-0.311563
-0.208406
0.177613
0.636034
0.628336
0.441375
0.498196
0.503328
0.436242
0.419746
0.366407
0.324616
0.309219
0.251114
0.280625
-0.000917
0.015580
0.346978
0.274026
0.238284
0.163866
0.231318
0.372089
0.255330
-0.062870
-0.095314
0.003299
0.085599
0.342212
0.048573
-0.202175
0.161116
0.244333
0.246898
0.068186
-0.540537
-0.613489
2.643848
0.596442
-1.018388
-0.528257
0.226003
0.551902
0.092014
-0.176330
0.365307
0.334514
-0.289423
-1.768798
-1.150360
-1.079242
2.243349
0.356509
-1.833134
-1.441250
0.474918
0.654180
0.080650
-0.068186
0.301520
0.738496
-0.683691
-1.476992
-0.353026
0.152318
-0.150302
-0.720716
0.092014
0.323516
-0.089631
0.776621
0.092931
0.126290
0.398850
1.332372
0.079000
0.047657
0.663162
0.215921
-0.155068
-0.423778
0.023645
1.274634
-1.844132
0.910610
0.126840
0.205474
1.026085
1.670918
1.089872
1.088406
0.734830
0.441924
0.025294
-0.108144
-0.220687
-1.002624
-1.309093
0.231868
0.080283
0.149019
0.675076
0.947636
1.952276
1.540962
1.022787
0.671227
0.308486
0.099346
-0.096597
-0.880550
-0.329565
0.144620
0.059571
0.072035
0.408748
1.431168
2.986427
2.478333
1.321191
0.742345
0.301887
0.070019
-0.187694
-0.638966
-1.149627
0.221787
0.059571
0.085416
0.235167
1.097388
3.083390
2.399333
1.260520
0.747844
0.084132
0.042341
-0.693405
-1.396525
-1.038917
0.750960
0.086149
0.069652
0.304086
0.233335
1.248789
3.017771
1.958142
0.404349
-0.214822
0.865886
-0.515426
-1.327057
0.021079
0.715767
0.059754
0.185311
0.334147
0.269811
0.393718
0.665911
1.645440
0.446873
0.069286
0.388952
-0.249098
-0.305370
0.260279
0.690656
0.133805
0.283191
0.425611
0.334697
0.438625
0.517992
0.321500
0.293455
0.483532
0.164966
0.076068
-0.073501
0.512676
0.693589
0.420112
0.201441
0.131606
0.003116
0.059571
0.099712
0.058654
0.086699
0.124274
-0.022729
-0.064520
0.013747
0.357975
0.856538
0.681390
0.802318
0.793996
0.869409
0.911431
0.881121
0.916157
0.882457
0.857799
0.850402
0.890574
0.793585
0.958590
1.235173
0.776221
0.632792
0.541865
0.430081
0.536317
0.660019
0.482685
0.311208
0.363195
0.566523
0.680773
0.660327
0.687862
0.923966
0.494090
0.522858
0.599195
0.511967
0.548646
0.252850
-0.241034
-0.033699
-0.126065
-0.326619
0.459465
0.366689
0.595805
0.853792
0.424738
0.565188
0.630018
0.444876
0.243500
-0.561900
-0.875984
-0.482274
-0.398436
-0.580393
-0.318605
-0.081989
0.257473
0.962391
0.437170
0.580393
0.485870
0.177950
-0.154320
-0.965371
-0.607107
-0.289221
-0.158532
-0.141579
-0.337715
-0.256857
-0.138703
0.729987
0.454431
0.566831
0.370798
0.329804
-0.999481
-0.389395
-0.285830
0.180725
0.251617
0.187608
-0.171991
-0.242678
0.680157
0.520905
0.443335
0.575462
0.132024
0.253261
-0.462856
-0.245761
-0.047981
0.190074
0.190177
0.163669
-0.095756
-0.356517
0.039350
0.489466
0.409943
0.596730
0.271960
0.092879
-0.510734
-0.167882
0.074591
0.271446
0.245144
0.131203
0.087537
-0.513508
-0.201273
0.463575
0.434602
0.582962
0.453198
0.368846
-0.197472
-0.720843
0.002980
0.369565
0.348400
0.383744
-0.394121
-0.464089
0.215965
0.527070
0.373983
0.537344
0.535906
0.317167
-0.157607
-0.718788
-0.616970
-0.329187
-0.344805
-0.522241
-0.491727
-1.160890
0.357750
0.817010
0.359497
0.544331
0.537858
0.465836
0.433061
-0.203739
-0.485254
-0.505905
-0.634231
-0.756905
-0.982323
0.264460
0.535392
0.789578
0.328160
0.555735
0.584709
0.588305
0.499432
0.397512
0.468301
0.115791
-0.260350
0.099763
0.414772
0.481658
0.670910
0.685294
0.422273
0.583579
0.617689
0.747351
0.759782
0.842696
0.683958
0.412820
0.542995
0.679437
0.762865
0.688170
0.804475
0.678924
0.876806
0.522138
0.465116
0.503028
0.496453
0.449910
0.495220
0.445800
0.396279
0.469329
0.487103
0.410971
0.583887
0.807044
0.777357
0.968085
1.197045
1.163487
1.164124
1.159239
1.191310
1.150319
1.058352
1.075769
1.197470
1.177080
1.146495
0.922634
0.851907
0.769711
0.926457
1.006104
0.984652
1.081928
1.130141
0.795410
0.802632
1.056866
1.099769
1.008228
0.934740
0.714276
0.993360
1.043485
1.146283
1.180691
1.120371
0.981466
0.396962
-0.070939
0.132320
0.324748
1.093397
0.905217
0.941749
0.910527
0.929430
0.986351
1.143947
1.075344
0.800508
0.753144
0.099824
0.775870
0.771198
0.995060
0.967661
0.852332
0.707268
0.929855
0.945359
1.012900
1.066848
0.989325
0.982316
1.244621
1.429827
1.213187
1.229329
1.298356
1.231452
0.965325
0.513778
0.824508
0.959590
0.956829
0.944935
0.839163
0.803269
1.373331
1.438110
1.253329
1.282214
1.255453
1.383526
0.666488
0.713002
0.566664
0.970634
0.963838
0.802207
0.153560
0.506132
1.192372
1.350605
1.236337
1.172407
1.311312
1.190248
0.881642
1.307701
0.625284
0.978068
0.985927
0.919872
0.831092
0.755268
1.234638
1.353153
1.246320
1.175806
1.287949
1.276480
1.192160
1.473368
0.676683
0.943873
1.035626
0.993148
0.896084
0.264217
1.241010
1.439810
1.423031
1.383101
1.389048
1.262462
0.490627
1.292621
0.742525
0.910527
0.973183
1.074069
0.777782
0.912864
0.516751
0.986988
0.943448
0.888438
0.878668
0.328571
0.575796
0.861889
0.801995
0.893111
0.968510
1.232514
0.944722
0.745711
0.478308
0.359156
0.769286
0.791162
0.974245
0.646523
1.069822
0.909890
0.801570
0.915625
1.001219
1.185151
1.224444
0.972758
0.701958
0.459405
0.457069
0.535654
0.744861
1.022883
1.046458
1.013325
0.770560
0.834916
1.074282
1.152867
1.282214
1.309401
1.027131
0.915625
0.740613
0.826845
0.962776
1.026069
1.075769
1.120584
0.677745
0.954280
1.106778
1.206178
1.198532
1.149044
1.152018
1.074069
0.992936
0.926457
1.015662
1.111451
1.145858
1.176443
0.612115
0.013518
-2.082007
-1.809609
-1.674941
-1.607862
-1.493852
-1.389790
-1.485180
-1.548434
-1.489771
-1.379843
-1.561697
-1.727227
-0.499141
-1.571899
-2.926237
-2.719133
-2.610225
-2.352365
-2.568396
-2.616345
-3.004539
-3.151450
-2.602829
-2.400315
-2.291152
-2.278909
-2.226878
-2.000135
-2.569416
-2.177142
-2.010592
-2.311046
-2.060328
-2.041709
-0.485113
-2.007021
-1.755028
-2.435512
-2.330430
-1.743806
-1.815986
-2.050636
-2.491879
-1.972589
-2.057777
-2.200862
-2.022835
-1.164833
-2.059052
-2.667867
-2.063133
-2.300844
-3.621769
-2.104197
-1.553790
-2.052421
-2.397509
-1.957796
-2.212340
-1.988147
-2.398020
-3.309583
-2.581913
-2.480912
-2.598492
-2.410007
-2.507438
-2.520955
-2.098841
-2.090679
-2.303905
-2.419699
-2.055737
-2.633434
-2.541360
-2.043494
-1.646630
-1.643314
-1.782063
-2.217696
-1.318630
-0.600143
-2.564825
-2.138885
-2.285540
-2.645167
-0.986805
-1.779768
-2.404141
-1.752222
-2.089659
-1.944788
-1.823382
-2.089659
-2.694902
-1.972589
-2.365883
-2.108023
-2.264626
-2.557173
-2.394703
-2.137865
-2.208259
-1.784869
-1.877964
-1.849653
-1.713199
-2.135823
-2.884153
-2.761727
-2.450560
-2.052676
-2.385012
-2.214381
-2.092464
-1.087551
-3.366971
-1.850418
-1.503799
-1.653771
-1.572664
-2.817328
-1.422437
-1.412235
-2.852271
-2.109808
-2.520701
-2.105982
-2.521721
-2.876756
-2.077416
-2.708930
-2.318697
-2.612010
-2.757646
-1.418867
-4.494055
-2.664041
-2.256720
-2.089149
-2.508203
-2.193211
-2.147811
-1.673665
-2.640831
-2.049360
-0.337692
-0.959259
-1.952950
-3.749552
-2.022835
-1.728247
-1.909591
-2.082772
-2.529117
-2.210555
-2.010847
-2.061603
-2.207494
-1.895818
-0.623352
-2.004981
-2.901242
-2.613030
-2.002175
-2.004981
-1.868527
-2.163879
-2.730355
-2.536259
-2.413578
-2.401845
-2.355935
-2.532177
-2.665061
-2.452346
-2.495705
-2.519680
-2.533198
-2.441379
-2.042219
-0.980683
-3.427163
-3.138186
-3.105540
-3.070342
-3.157060
-3.020862
-3.056314
-3.239188
-3.037185
-3.144563
-3.140737
-3.057335
-1.481610
-2.550288
0.034988
0.070879
-0.469065
-0.545136
-0.656872
-0.576286
-0.438140
-0.398186
-0.404732
-0.646037
-0.481932
-0.460713
-2.920935
-0.325727
0.588024
0.132955
-0.224601
-0.207671
0.355524
-0.389609
-0.607889
-0.573352
-0.302928
0.170651
0.166588
0.049435
-0.206768
-0.323470
0.143112
-0.241079
-0.579447
-0.404732
-1.292074
-1.976936
-0.350557
-0.691860
-1.646017
-1.128871
-0.642425
-0.278324
-0.366358
-0.263652
0.144918
-0.139275
-0.630462
-1.115779
-1.050544
-0.579447
0.010835
0.996820
0.486898
0.295705
-0.446041
-0.706758
-0.382837
-0.279227
0.201350
-0.209477
-0.929327
-0.314441
-1.094786
-0.595022
-0.670190
-0.015350
-0.118056
-0.132729
-0.626850
-1.658883
-0.081037
-0.304509
0.293674
-0.343560
-1.018716
-1.299297
-0.254848
-0.662741
-0.276067
-0.099772
0.048306
-0.337465
0.350557
-0.629333
-0.093000
-0.276067
0.398186
-0.595248
-0.379902
-0.885084
-0.613080
-0.552811
-0.269069
-0.255977
-0.056206
-0.326404
0.283742
-0.330919
-0.110382
-0.220537
0.328662
-0.570417
-1.131806
-1.665881
-0.614660
-0.672222
-0.484189
-0.369293
-0.140855
-0.309700
0.543556
-0.666352
-0.145144
-0.224375
0.290062
-0.228212
-0.888696
-1.985288
-0.490284
-0.567709
-0.354621
-0.056883
-0.097966
-0.373807
-0.054626
-1.332027
0.191418
-0.189838
0.253494
-0.120539
-0.644231
-0.764770
-1.141286
-0.520983
-0.665675
-0.263878
-0.599762
-0.538364
-0.075168
-0.815108
-0.104513
-0.226181
0.134309
-0.045597
-0.279904
-0.842647
0.268166
0.007675
-0.245593
0.322793
-0.275390
0.506085
-0.708564
-0.308346
-0.197964
-0.178100
0.358458
0.008352
-0.230018
-0.017833
-0.358006
0.060495
0.555520
0.461390
-0.287579
-0.224375
-0.263426
0.151690
-0.087131
-0.000677
0.310152
0.114219
-0.217377
-0.069525
0.132954
0.142887
0.146724
0.147401
0.051015
0.145370
-0.009706
0.040631
-0.016478
-1.692969
0.296608
0.392543
0.204962
0.093226
0.062527
0.102932
0.162074
0.272455
0.123925
0.057109
0.173360
0.398863
-1.640826
0.535778
0.155323
0.137230
0.133475
0.046597
-0.021336
-0.148324
-0.195604
-0.013825
-0.097461
-0.053595
0.006657
0.220865
0.521270
0.257221
0.361680
0.472625
0.189460
0.100533
0.066738
-0.066225
0.429612
-0.077832
-0.459823
0.048304
0.308939
0.441560
-0.055302
0.169319
0.436098
0.313718
-0.055131
0.259782
0.282312
1.464471
2.641680
2.652774
2.071082
0.283165
-0.449753
0.426199
0.030894
0.181437
0.502836
0.277021
-0.042330
-0.069127
2.173834
3.317931
1.048002
1.192912
1.933340
0.378065
-1.551349
0.063836
0.240153
0.248175
0.509151
0.314400
-0.022701
-1.501338
-0.067249
0.085001
-0.065031
-0.066738
0.042842
-0.257221
-0.609172
-0.624363
0.559844
0.227181
0.556260
0.107702
-0.929376
-1.504240
-0.136206
-0.437976
-0.739575
-0.685126
-0.514442
-0.247321
-0.667717
-0.445486
0.213014
0.242884
0.513760
0.257051
-0.686833
-0.171709
-0.014679
-0.707486
-0.745719
-0.717898
-0.596712
-0.278045
-0.356047
-0.433538
0.271730
0.257904
0.590567
0.455898
-0.986213
-1.583096
-0.193214
-0.697586
-0.665327
-0.584764
-0.671130
-0.493448
-0.214550
-0.384552
0.459141
0.268657
0.635116
0.650819
-0.450606
-1.566711
-0.246980
-0.675397
-0.887387
-0.758691
-0.729675
-0.421761
-0.612585
0.106336
0.483549
0.255002
0.601662
0.431831
0.288115
0.222572
1.432554
0.197823
-0.538338
-0.670448
-0.530316
0.035502
-0.923060
0.614976
0.738551
0.218817
0.520075
0.387283
0.370214
0.010412
0.032601
1.167822
-0.705779
0.366801
0.181779
-0.758350
-0.243737
0.829013
0.277191
0.222402
0.619925
0.220866
0.223255
0.200725
-0.142351
-0.453167
0.466139
1.640617
-0.040793
0.177000
0.502324
0.543629
-0.031577
0.300234
0.474844
0.353146
0.040452
0.117601
0.000512
-0.200725
-0.206357
0.187241
0.360656
0.307744
0.305866
0.407594
0.166929
0.736674
0.569061
0.381821
0.153445
0.152250
0.133134
0.198506
0.165564
0.141839
0.152762
0.090121
0.165222
0.602345
0.542947
-0.046649
0.707754
0.148179
-0.006544
-0.087387
-0.085277
-0.213825
-0.388811
-0.378679
-0.289392
-0.228178
-0.072401
0.484008
0.123693
1.498674
2.075768
1.078412
0.995246
0.996301
0.627754
0.569918
0.805484
0.727807
0.566541
0.744693
0.843479
1.866798
1.519570
1.004111
1.332764
0.620366
0.721896
0.255408
0.453190
-0.149234
0.542477
0.420473
-0.266806
-0.050026
0.072612
1.582050
1.121894
1.065325
1.357882
0.931077
0.724429
0.461000
0.293613
-0.408230
0.729495
0.938677
0.321687
0.673137
0.311133
1.306590
1.367804
1.017620
1.329175
0.849600
0.671870
-0.028285
0.663427
0.231133
0.520525
0.570763
0.463955
-0.005699
0.846223
0.666171
1.590705
0.962317
1.495718
0.858677
0.606857
1.010443
0.394721
-0.062058
0.427649
0.705221
0.686435
0.578572
0.421528
0.941842
1.743105
1.007489
1.667749
1.069969
0.326331
0.834613
0.179419
0.151134
0.393666
0.305645
0.426594
0.293403
0.289392
0.297835
1.892762
0.991024
1.695612
1.469755
1.189018
0.584272
-0.222057
-0.279893
-0.285803
-0.355038
0.060158
-0.441581
-0.459945
0.465011
2.177087
1.084322
1.623844
1.509650
1.714188
0.048760
-0.550921
-0.895405
-0.633876
-0.582372
-0.556831
-0.478309
-0.607068
0.705854
2.508274
1.052660
1.533080
1.343740
1.883685
0.593982
-0.033351
-0.873663
-0.792608
-0.807595
-0.790287
-1.010233
0.477253
2.163789
1.948486
1.061947
1.334030
0.982792
1.354294
1.744160
0.444747
0.574140
-1.130971
-0.817938
-0.948175
-0.219313
1.299202
2.418985
1.394610
0.976249
1.325798
0.695511
0.961473
1.279994
1.625322
1.336986
0.371291
0.382056
0.498784
0.876407
1.518093
1.577617
1.161789
1.243477
1.224268
0.660050
0.676303
0.829759
1.252765
1.365692
1.171498
1.521048
1.154823
1.074612
0.849389
1.106908
1.026063
0.204537
0.741527
0.244009
0.201793
0.250553
0.245487
0.554931
0.707121
0.590604
0.458256
0.319998
0.141635
0.660050
0.675880
-0.861256
0.301800
0.102203
-0.020269
0.004294
0.020441
-0.015116
0.056169
0.047752
0.046550
0.049126
0.015975
0.161464
-0.764549
-0.741017
0.178813
-0.223988
-0.220381
-0.356423
-0.520979
-0.511017
-0.387685
-0.637783
-0.504146
-0.307297
-0.268305
0.130717
-0.805259
-0.620434
0.082622
-0.472884
-0.516170
-0.481816
-0.259373
-0.378067
-0.564437
-0.560486
-0.613907
0.058746
-0.520979
-0.008932
-0.692062
-0.601196
0.018379
-0.382533
-0.258858
-0.513937
0.483534
-0.603085
-1.002967
-0.989053
-0.553272
0.503115
-0.687596
-0.033667
-0.503459
-0.657709
0.042771
-0.318118
-0.324131
-1.025640
-0.837896
-0.807320
-0.890972
-1.379831
-0.914333
-0.877403
-0.234295
-0.595184
-0.151845
-0.659427
0.031434
-0.448149
-0.919143
-1.079576
-0.523728
-1.563969
-1.504021
-1.350287
-1.209607
-0.957276
-0.638298
0.053936
0.178298
-0.679352
0.069052
-0.337700
0.453989
0.355049
-0.057371
-1.224379
-1.037493
-0.985962
-0.882556
-0.865035
-0.235325
0.142569
0.259717
-0.645857
0.087431
-0.355736
-0.996612
-0.841331
-0.039507
-1.107575
-1.111354
-0.971018
-1.008120
-1.107403
-0.116460
-0.129687
0.085885
-0.639329
0.053249
-0.272600
-0.272771
-0.522525
-0.589687
-1.281922
-1.483408
-1.518106
-1.474820
-1.068583
-0.623183
-0.822608
-0.254907
-0.591406
0.025937
-0.384937
-0.223988
-0.393869
0.126938
-0.568560
-1.171130
-1.290682
-0.933572
-0.550695
-0.760427
-0.210247
-0.475632
-0.561002
0.047924
-0.417402
-0.448664
0.001202
-0.738613
0.991973
0.225363
-0.795468
-0.596215
-0.103062
-0.330658
0.154593
-0.650150
-0.526304
0.096019
-0.463780
-0.640875
-0.477693
0.063040
0.923953
1.378972
0.480442
0.187573
-0.101344
-0.195303
-0.265213
-0.801824
-0.404519
0.220725
-0.389919
-0.498306
-0.465326
-0.401771
-0.135527
-0.112681
0.063898
0.010821
-0.377895
-0.470994
-0.258171
-0.379956
-0.388029
0.584363
-0.030060
-0.165415
-0.195990
-0.223473
-0.221755
-0.244944
-0.208186
-0.150643
-0.243399
-0.150299
0.159918
-0.407267
-1.946864
-0.239106
0.637168
0.661415
0.763456
0.674886
0.968886
1.083724
1.024116
1.043649
0.848996
0.755374
-0.385938
-2.289696
-0.499429
-0.700817
0.053210
-0.019533
0.256955
0.470467
0.270426
1.066549
1.106962
0.540178
0.308818
0.334075
-0.470467
-1.338659
-0.695429
-0.982357
-0.082172
-0.036034
-0.335759
-0.900185
-1.689573
1.462590
0.760426
-1.533312
-1.300940
-0.601134
-0.640536
-1.140638
-0.688357
-1.086418
-0.090928
-1.000879
-1.325861
-2.090665
-1.142996
0.247189
0.995154
-1.368968
-1.640741
-1.277703
-1.281408
-1.491552
-0.700481
-1.077999
-0.456323
-1.897359
-1.009298
-1.412411
-1.344047
-0.198020
0.492357
-0.670845
-2.032741
-1.361559
-1.255477
-1.663305
-0.753017
-1.140638
-1.252783
-1.369305
-2.012872
-2.333812
-0.462721
0.689367
0.507175
0.590020
-1.593593
-1.189806
-0.491683
-1.600329
-0.854721
-1.191154
-2.826169
-1.239985
-1.303972
-2.469867
0.168721
0.485285
0.437464
0.159966
-1.249415
-1.240996
-1.057119
-1.523208
-0.710584
-1.195868
-1.958315
-1.557896
-1.949896
-2.261744
0.085876
0.433423
0.374824
0.242137
-1.370315
-1.564294
-1.229882
-1.685531
-0.716982
-1.112013
-0.812962
-1.675092
-1.472693
-1.984246
-0.247526
0.773559
0.722371
0.502123
-1.890287
-1.297573
-0.594398
-1.854589
-0.670508
-1.008288
-0.200041
-1.569346
-1.126157
-1.772418
-1.318453
0.686000
0.923422
-1.195532
-1.932046
-1.437669
-1.509401
-1.665999
-0.654006
-0.951037
-0.099347
-0.199368
-1.297909
-0.574529
-1.578775
0.170068
0.736515
-1.094838
-1.065875
-1.533648
-1.061161
-1.273662
-0.638515
-0.773560
0.215533
0.128309
0.288948
-0.713614
-0.906920
0.422983
-0.302756
-0.348893
-0.460027
-0.182866
-0.354955
-0.759415
-0.278845
-0.598103
0.376171
0.375498
0.484611
0.885030
0.905910
1.147710
1.180040
0.952048
0.970906
0.571161
-0.292316
-0.671518
-1.389174
-0.368089
0.963835
1.198900
1.251436
1.110666
1.371663
1.530617
1.589552
1.396583
1.241669
0.973601
0.456660
-1.719545
1.237101
1.300140
1.449524
1.454755
1.456957
1.516142
1.579364
1.582576
1.606250
1.574960
1.533301
1.463288
1.258665
1.391257
1.808120
1.644972
1.544312
1.578263
1.665802
1.716086
1.651487
1.652955
1.562939
1.629924
1.704432
1.612765
1.623317
1.621298
1.851156
1.654056
1.605883
1.629832
1.568537
1.579272
1.311426
1.415665
1.164795
1.259582
1.400066
1.452644
1.601478
1.746825
1.884556
1.720857
1.624601
1.596890
1.415206
1.491917
1.296561
1.598083
1.550552
1.817663
1.603589
1.785272
1.524584
1.779950
1.869691
1.762516
1.564958
1.535962
1.573400
1.538806
1.430071
1.417409
1.573675
1.603680
1.625611
1.744072
1.272337
1.876665
1.851431
1.764626
1.566426
1.501736
1.592119
1.627630
1.479163
1.784905
1.847210
1.704341
1.581566
1.664517
1.675436
1.874921
1.853174
1.786006
1.465949
1.194250
1.566059
1.422822
1.800688
1.823536
1.742329
1.858038
1.696357
1.156261
1.523391
1.766829
1.868039
1.768022
1.583768
1.409609
1.540091
1.512380
1.867122
1.840145
1.764902
1.877307
1.668187
1.386027
1.450258
1.714985
1.863635
1.775821
1.621390
1.520913
1.451268
1.646532
1.724711
1.906945
1.877858
1.892447
1.506415
1.308215
1.351984
1.773711
1.878408
1.738016
1.564499
1.603313
1.413830
1.806377
1.627905
1.466592
1.232788
1.431448
1.167364
1.410985
1.585328
1.788025
1.863451
1.696266
1.625060
1.620289
1.440716
1.621665
1.801514
1.452185
0.997976
1.355471
1.581199
1.769673
1.541834
1.758112
1.843998
1.711957
1.621023
1.724986
1.561654
1.577529
1.629465
1.308949
1.209206
1.355379
1.628547
1.611021
1.578630
1.691402
1.827482
1.672225
1.567435
1.637631
1.608177
1.669839
1.718288
1.690118
1.711957
1.750037
1.665251
1.595330
1.643412
1.690485
1.813351
1.528621
1.563031
1.595972
1.624785
1.652772
1.677730
1.721683
1.742421
1.701312
1.654148
1.568536
1.597165
1.783529
0.992500
0.650401
0.882829
0.933523
0.977258
0.907182
0.886640
0.788400
0.831639
0.853838
0.929878
0.886308
0.670778
0.535927
0.782602
-0.240049
0.132863
0.234913
0.269702
0.108842
0.092773
-0.013253
-0.237730
0.061959
0.035949
0.141312
0.084821
0.265064
0.855826
-0.114640
0.338122
0.423440
0.268377
0.014413
0.110499
0.624226
0.372581
0.443817
0.037606
0.096748
0.068585
0.463365
0.846549
-0.149430
0.321225
0.175605
-0.238392
0.735388
1.434826
2.155966
2.325938
2.296284
1.059925
0.297369
-0.104866
0.278483
0.795192
-0.139987
0.161192
-0.038269
0.642449
1.200078
1.645386
1.527764
1.508381
1.789183
2.524074
0.523502
-0.213708
0.109505
0.772331
-0.126071
0.097577
-0.007124
0.578337
1.783716
1.835073
1.840374
1.704363
1.613578
1.726727
1.956671
0.461709
-0.079519
0.741186
-0.149761
0.005798
1.033750
1.638428
1.655988
1.701546
1.588728
1.530414
1.707345
1.644226
1.686637
1.026295
-0.171795
0.811096
-0.133361
0.059639
0.397430
1.611756
1.897694
1.948719
1.640747
1.562222
1.668413
1.477567
1.880630
0.161689
-0.246841
0.729920
-0.113315
0.159536
0.032305
1.246630
1.881790
1.825961
1.793822
1.640913
1.562388
1.425217
1.848823
-0.540400
-0.148105
0.775644
-0.117125
0.181403
-0.014247
0.242534
1.295170
1.995602
1.609768
1.506559
1.627660
2.136583
0.360819
-0.029323
0.295215
0.828822
-0.139656
0.287760
0.127728
-0.077366
0.501800
1.384298
2.402144
2.347309
1.599331
0.489540
0.264070
0.063781
0.483577
0.832799
-0.163843
0.295381
0.420624
0.180244
-0.128887
0.501302
1.047666
0.883658
0.667962
0.016235
0.085814
0.177924
0.468998
1.026958
0.001491
0.173451
0.287926
0.286766
0.273016
0.295547
0.341104
0.172126
0.340111
0.223482
0.194325
0.180906
0.625552
0.929547
0.187698
0.405217
0.454585
0.417807
0.449946
0.380367
0.387656
0.394614
0.418139
0.414494
0.452928
0.402566
-0.026838
-0.656961
0.288493
-0.148813
-0.427504
-0.509039
-0.581663
-0.559386
-0.462479
-0.657184
-0.533544
-0.507480
-0.349533
0.185125
-2.057097
-0.491663
0.633793
-0.282032
-0.567183
-0.513049
-0.538891
-0.585896
-0.416142
0.173541
0.236586
0.002896
-0.029629
0.045000
-1.032781
-1.054390
-0.024505
-0.613075
-0.655402
-0.504584
0.045223
-0.967286
-0.000668
1.461176
1.375631
1.047707
0.434187
0.121189
-1.196520
-0.815576
0.080867
-0.441093
-0.466935
0.386513
-0.540450
-0.185794
0.394756
0.444435
0.198715
0.233245
-0.083095
0.489212
-0.859686
-0.892879
0.014480
-0.455350
0.211635
1.738976
1.269367
0.102699
-0.153937
-0.388964
0.230794
0.484979
-0.173318
0.783942
-0.727135
-0.974414
0.038986
-0.295399
1.372512
1.794001
0.350869
-0.534213
-0.620649
-0.443098
0.005346
0.622431
0.031411
0.204952
-1.195184
-0.963276
-0.104927
-0.331043
2.786460
1.501498
0.066610
-0.629560
-0.187799
-0.075520
-0.194705
-0.355102
1.023425
0.815131
-1.219243
-0.914934
-0.032525
-0.763224
2.506210
2.660369
0.175546
-0.763447
-0.284928
-0.002228
-0.004233
-0.651614
0.798868
0.673446
-1.461844
-0.925181
0.043218
-0.730254
1.101173
2.655914
-0.021609
-0.794636
-0.546911
-0.331265
-0.260423
0.163294
-1.278501
-0.795527
-1.530013
-0.855898
-0.013812
-0.572975
-0.030297
-0.780824
-1.333972
-0.072402
-0.275572
0.262428
0.406340
-1.226149
-2.323534
-0.630451
-1.086024
-0.798645
0.006683
-0.643817
-0.079085
1.087584
-1.228600
-1.046593
0.782606
0.737382
0.193591
-2.574824
0.106932
0.222106
-1.100950
-0.810230
0.280027
-0.347305
-0.404335
-0.012698
0.326587
0.261091
1.949943
1.062856
0.512826
-0.219433
-0.133887
-0.008243
-0.977756
-0.542901
0.643817
0.067501
0.043887
-0.011362
0.161289
0.125199
0.053466
0.098021
0.018268
0.022277
0.009356
0.187353
-0.607505
-0.778373
0.154383
-0.292503
-0.259309
-0.309211
-0.552034
-0.556267
-0.596589
-0.562950
-0.547356
-0.386513
-0.372479
0.079530
-1.313922
-1.021919
-0.546731
-0.180713
-0.190605
-0.196435
-0.205267
-0.340051
-0.486317
-0.408591
-0.331041
-0.206857
-0.187426
-0.600609
-1.388643
-1.231425
-1.017502
-0.781852
-0.779379
-0.987119
-1.140274
-0.878655
-0.526239
-0.647245
-0.724264
-1.107417
-1.149813
-0.927411
-1.544271
-0.760477
-0.771606
-0.641592
-0.824954
-0.694057
-0.328392
-0.535425
-0.523236
-1.094345
-0.725500
-0.466179
-0.499389
-1.119252
-0.936950
-0.696000
-0.889078
-0.839616
-1.033577
-0.569166
-0.822305
-1.305264
0.298891
0.132311
-0.510341
-1.080036
-0.756237
-1.001074
-1.195742
-0.744225
-0.925114
-0.957088
-0.742812
-0.544611
-0.755178
-0.057941
-0.779732
-0.643535
-0.257202
0.518467
-1.738939
-0.740162
-1.296785
-0.703066
-0.952495
-0.841559
-0.397108
-1.482091
-0.393399
-0.451693
-0.517937
-0.550264
-0.485610
-0.293592
-0.097864
-0.745462
-1.231072
-0.719671
-1.018739
-0.760124
0.023494
-0.080552
-0.349413
-0.706245
-0.749701
-0.684341
-0.630463
-0.494619
-0.076136
-0.415480
-1.320280
-0.720908
-0.984645
-0.929707
-0.113409
-0.682574
-0.137963
-0.428199
-0.607145
-0.564396
-0.595486
-0.530832
-0.224522
-0.940306
-1.395709
-0.748111
-0.928647
-0.896144
-0.369904
-0.263031
-0.056705
-0.472185
-0.440741
-0.449397
-0.436501
-0.535072
-0.225405
-1.277354
-1.445348
-0.760123
-0.891198
-0.968217
-0.682221
-0.731683
-0.354536
-0.241304
-0.613681
-0.715785
-0.475364
0.185305
-0.771606
-0.899323
-1.077740
-0.751821
-0.909569
-0.865583
-0.995598
-0.768426
-1.118016
-0.787151
0.606262
-0.148032
0.146089
-0.901974
-0.748818
-1.090635
-1.055659
-0.686991
-0.864170
-0.681691
-0.691230
-0.921581
-0.715255
-0.725501
-0.410181
-0.553797
-0.615977
-0.794394
-1.046649
-1.001251
-1.107594
-0.732036
-0.761360
-0.638942
-0.450457
-0.518113
-0.649718
-0.445687
-0.161635
-0.424313
-0.412654
-0.652544
-0.739632
-0.685578
-0.895791
-1.679055
-1.163415
-1.030045
-0.969277
-0.979346
-0.902857
-0.915929
-0.912573
-0.903740
-0.887312
-0.933947
-0.988885
-1.130205
-2.298918
-0.109310
-0.051292
0.359603
0.325829
0.323727
0.410895
0.494700
0.604991
0.590556
0.658245
0.535761
0.366890
0.109591
-0.741068
0.171533
0.028028
0.232214
0.140001
0.426591
0.708836
0.355259
0.234317
0.079320
0.470735
0.568974
0.657544
0.331014
-0.588874
0.384128
0.034195
0.216238
0.185127
0.519645
0.177559
-0.309012
-1.310323
-1.463777
-0.256599
-0.032092
0.544309
0.585791
-0.154436
0.344468
0.125707
0.366470
0.727054
-0.294437
-1.592288
-1.116227
-1.846364
-1.757234
-1.138650
-0.961651
-0.192694
1.079930
0.005045
0.334097
0.228571
0.479704
0.395479
-0.537302
-1.224136
-1.326579
-1.435049
-1.224136
-1.257210
-1.012242
0.462046
0.876585
0.373197
0.336059
0.280423
0.448313
0.241884
0.014435
-0.280843
-1.209281
-1.037607
-0.999629
-0.987437
-1.056667
0.442427
0.823331
0.523709
0.306630
0.252535
0.516421
0.292475
0.214557
-0.154436
-0.587753
-0.550476
-0.405009
-0.385809
-0.414538
-0.097959
0.493578
0.481666
0.287570
0.118980
0.239642
-0.070631
0.225067
0.603589
-0.257580
-0.075816
0.011492
-0.018218
0.428272
0.183445
-0.102163
0.136778
0.274677
0.050311
0.107068
0.157519
1.435049
0.928157
0.069510
0.148410
0.205728
0.337881
0.041902
1.182093
1.400294
-0.192554
0.327090
-0.025506
0.141122
-0.029149
-0.142103
0.141543
0.078479
0.244687
0.147849
0.359323
0.616903
-0.559445
-0.417762
-0.206288
0.383567
0.137058
0.090391
-0.080862
-0.661328
-0.184566
0.240202
1.183635
0.365489
0.546552
0.384548
-0.238801
-0.056337
-0.312936
0.377121
0.247069
0.311394
-0.007287
-0.151213
-0.282245
0.158781
1.120852
0.282806
0.291494
0.127949
0.042463
0.245668
0.017378
0.589575
0.468073
0.429394
0.173635
0.124025
0.117439
-0.061242
-0.218481
-0.267530
-0.065446
0.065026
0.260803
0.601768
0.494279
0.929559
0.330874
0.096838
-0.087028
-0.105386
-0.217640
-0.298922
-0.413137
-0.314337
-0.264867
-0.238381
0.000981
0.369973
0.075396
0.603938
-0.144111
-0.296988
-0.511229
-0.570998
-0.557583
-0.574584
-0.631565
-0.659457
-0.621470
-0.618150
-0.511893
-0.385580
0.175324
-0.073450
-0.170675
-0.163237
-0.275205
-0.302434
-0.597297
-0.747916
-0.533676
-0.645245
-0.550013
-0.521057
-0.278526
-0.059637
-0.039050
-0.011290
-0.375087
-0.231906
-0.291808
-0.575647
-0.307082
-0.314786
0.289019
0.330459
0.574983
-0.303497
-0.558115
0.047948
0.038784
0.095100
-0.259533
-0.005313
-0.186614
-0.109710
-0.160714
0.220749
0.763589
0.734368
0.364860
0.242266
-0.652550
-0.179840
0.156729
0.062426
-0.243196
-0.098686
-0.222077
0.040776
0.342413
0.044628
-0.378673
-0.178512
-0.237086
0.159253
0.346265
-0.121664
0.010360
-0.001727
-0.056582
-0.153541
-0.193521
0.222874
0.411746
-0.633159
-0.358617
-0.324084
-0.288355
-0.309606
0.905575
0.716039
-0.071856
-0.010891
0.056848
0.160182
0.581358
0.358883
-0.216764
-0.515081
-0.378142
-0.389565
-0.336569
-0.490774
0.313458
1.004792
0.022845
0.014743
0.046089
-0.007438
0.477492
0.454912
-0.376947
-0.691733
-0.646972
-0.629838
-0.598492
-0.851516
0.180637
0.515213
0.233765
0.033737
-0.033869
0.173730
0.763855
1.166701
-0.175988
-1.114503
-0.889769
-0.871971
-0.906770
-0.460491
0.883527
1.249050
0.293668
0.087131
-0.142650
0.087928
0.338163
0.776340
0.346132
-0.497017
-0.703819
-0.500205
-0.523183
1.016480
0.293668
0.564490
0.380400
0.083943
-0.225398
-0.066145
-0.033869
0.468460
0.878745
0.495821
0.313458
0.594109
0.402448
0.715242
0.577241
0.390760
0.248376
0.077966
-0.320763
-0.190997
-0.234031
0.075309
0.205341
1.010769
2.196995
1.223017
0.636612
0.219553
0.149158
0.172668
0.238281
0.247313
-0.103866
-0.192325
-0.215834
-0.109843
0.135212
-0.090053
0.102671
0.124719
-0.006508
-0.051800
-0.030283
-0.000797
0.395541
0.008368
-0.445881
-0.481211
-0.623994
-0.584413
-0.566217
-0.385447
-0.323021
-0.284370
-0.393815
-0.573787
-0.540848
-0.255149
0.325943
-0.849505
1.105523
0.797672
0.837287
0.806743
0.627364
0.592562
0.556464
0.598300
0.692340
0.656612
0.696228
0.797487
-0.375789
0.054425
1.067389
0.751948
0.676975
0.792119
0.730289
0.336174
0.432250
0.505742
0.449281
0.565905
0.888380
0.829327
0.442616
-0.175677
0.850616
0.563498
0.356537
0.562203
0.051463
-0.721404
-1.127367
0.057942
0.211590
0.062940
0.290820
0.502409
0.560536
-0.150130
0.808779
0.590896
0.433731
0.362275
-1.381904
-1.778056
-1.096452
-0.939102
-1.460024
-0.082933
-0.812111
0.128657
0.509814
-0.174751
0.701226
0.425216
0.104407
-0.791933
-1.371352
-0.416885
-1.482052
-1.260467
-0.837102
-0.248058
-0.958169
-0.142170
0.450762
-0.223067
0.702892
0.288784
0.081452
-1.514263
-0.579048
-1.801010
-1.500009
-1.428368
-1.259541
-1.079051
-0.467052
0.228806
0.121252
-0.238802
0.651614
0.332286
0.798413
-0.286932
-0.771385
-1.674575
-1.156986
-0.840064
-1.037770
-1.476684
0.117365
0.750467
0.438544
-0.211404
0.663092
0.185858
0.166976
-1.556100
-0.807669
-1.611820
-1.114594
-0.909113
-1.234550
-1.413929
-0.849320
-0.161793
0.468162
-0.151426
0.667720
0.335989
0.796376
0.104777
-1.174757
-1.822669
-1.310448
-1.149396
-1.401711
-1.486680
-0.040541
1.053505
0.377085
-0.169383
0.636990
0.471495
0.543876
-0.150316
-1.385421
-1.450212
-1.218815
-1.175127
-1.483163
0.049241
-1.855064
0.109960
0.542395
-0.185118
0.810445
0.402631
0.421143
0.558870
-0.476863
-0.163829
-0.001666
-0.260275
-0.169012
-1.662357
-0.429288
0.722884
0.578863
-0.196595
0.788046
0.492413
0.271568
0.519440
0.852837
0.660500
1.565170
0.108109
0.487045
0.249909
0.830253
0.813592
0.683269
-0.150501
0.901708
0.574976
0.469829
0.523513
0.761389
0.809890
0.711407
0.889861
0.753244
0.666609
0.580529
0.734732
0.904485
-0.272863
1.055542
0.658279
0.577937
0.660130
0.461869
0.451132
0.395597
0.406519
0.503150
0.502224
0.491488
0.897080
0.343208
-0.126958
0.226735
-0.031159
0.005967
0.003646
-0.015248
-0.104086
-0.076904
-0.128947
0.026519
-0.058009
-0.072595
0.056684
-0.959976
-0.439215
-0.340102
-0.600979
-0.764069
-0.716999
-0.420321
-0.209829
-0.272479
0.147510
0.182316
-0.225077
-0.572140
-0.460430
-0.907270
-0.838984
-0.401758
-0.695452
-0.764401
-0.441867
-0.342422
-1.958735
-2.242484
-1.930559
-1.552668
0.037458
-0.440541
-0.350378
-0.568162
-0.738213
-0.450817
-0.753461
-0.537666
-0.981191
-3.471957
-4.811148
-2.175525
-1.520846
-2.435076
-1.281514
-1.178423
-0.195575
-0.475679
-0.835338
-0.538992
-0.699761
-0.495236
-2.352868
-2.702584
-0.776003
-0.704402
-0.604294
-0.385847
-0.637774
-2.418502
-0.810145
0.028176
-0.906275
-0.434243
-0.359659
-0.674900
-3.039038
-0.807162
-1.064393
-0.874784
-0.655342
-0.328169
-0.341096
-1.530458
-1.822164
-0.115356
-0.885723
-0.414023
-0.566173
-0.836664
-1.818517
-0.170382
-1.106492
-0.468386
-0.350709
-0.536340
-0.557555
-0.328168
-0.685508
0.081877
-0.869481
-0.423636
-0.454795
-0.336455
-2.528224
0.197232
-0.964285
-0.398774
-0.140549
-0.491921
-0.629818
-0.650039
-1.042515
0.176018
-0.918540
-0.470375
-0.542307
0.120992
-2.185801
-0.491258
-0.899315
-0.737550
-0.685507
-0.764400
-0.791582
-1.479410
-1.018980
-0.281761
-0.798875
-0.502529
-0.711695
-0.115356
-1.708797
-1.933542
-0.681861
-0.467723
-0.517777
-0.935446
-1.764817
-3.504442
-0.710037
-0.214801
-0.844619
-0.436564
-0.938429
-0.550594
-0.107732
-1.331900
-1.508912
-1.145275
-2.102599
-1.811225
-2.897165
-0.948042
0.088506
-0.652691
-0.754124
-0.361980
-0.808819
-0.816775
-0.525733
0.000995
-0.797217
-1.165827
-1.479742
-0.874785
-0.592361
-0.189277
-0.492584
-0.640094
-0.629487
-0.006630
-0.371593
-0.505181
-0.395460
-0.048397
0.131930
0.070275
0.297341
0.221431
-0.104086
-0.338445
-0.247618
-0.401758
0.031491
0.298335
0.150825
-0.003978
0.000995
-0.076241
0.026519
0.071600
0.202536
0.135245
0.113036
0.015580
0.424962
-0.318224
-0.270708
0.427917
0.359665
0.247957
0.173314
0.072086
0.129602
0.255626
0.254603
0.222650
0.177660
0.194020
0.428684
0.347395
-0.092537
-0.073365
-0.255626
-0.549340
-0.505883
-0.289368
-0.320043
-0.331035
-0.282211
-0.345095
-0.277865
-0.135226
-0.329502
0.836407
-0.342027
-0.341516
-0.244889
-0.581548
-0.396475
-0.186351
-0.577714
-2.399047
-1.694287
-1.116829
-0.463705
-0.324133
-0.485944
0.659258
-0.359154
-0.210636
-0.236198
-0.658492
-0.078222
-2.208351
-2.423076
-1.527619
-0.606089
-1.501289
-1.308548
-0.621426
-0.521732
0.655168
-0.356087
-0.246423
-0.357109
-0.275565
-0.747961
-2.423076
-0.055471
-0.396987
-0.235943
-0.202456
-0.468818
-1.256145
-0.664116
0.622960
-0.399543
-0.247701
-0.506139
0.256137
-2.450683
-0.093815
-0.202455
-0.442999
-0.434052
-0.487478
-0.142384
-0.811867
-1.456300
0.364011
-0.374747
-0.236454
-0.394942
-0.587428
-3.023540
0.172803
-0.654913
-0.458593
-0.377304
-0.413091
-0.495658
0.351230
-0.885743
0.340238
-0.388551
-0.210380
-0.432519
0.195042
-1.857120
0.151075
-0.598675
-0.493102
-0.339471
-0.516108
-0.469584
0.055982
-1.146226
0.213447
-0.368357
-0.196832
-0.416414
0.714729
-2.178953
-0.088447
-0.261249
-0.575158
-0.360432
-0.427150
-0.106851
-0.415903
-1.332065
0.470351
-0.366312
-0.226229
-0.289113
-0.109919
-0.993617
-1.762284
0.207568
0.116565
0.159510
0.321577
0.303428
-1.401596
-0.992595
0.651078
-0.378837
-0.227763
-0.216259
-0.452713
0.217793
-0.146729
-1.138301
-0.468818
-0.555475
-0.823115
-0.977257
-0.660792
-0.264317
0.673062
-0.326434
-0.128324
-0.038344
-0.366312
-0.244890
0.141105
0.035532
0.047291
-0.444022
-0.185329
-0.310074
-0.064929
-0.250513
0.634974
-0.113498
-0.382160
-0.232364
-0.349440
-0.427917
-0.286045
-0.275309
-0.314164
-0.207824
-0.316465
-0.316720
-0.285023
-0.303172
0.749750
-0.012014
0.101228
0.078733
-0.023262
0.017894
-0.145707
-0.188396
-0.238754
-0.185584
-0.169735
-0.199644
0.023006
0.219327
0.649033
-0.480113
0.246833
0.313641
0.142514
0.105277
0.035868
-0.005339
-0.095146
-0.170853
-0.075706
-0.082415
0.084468
0.270654
-0.282701
-0.929423
-0.107604
-0.507493
-0.773630
-0.888216
-0.951738
-0.754874
-0.613866
-0.636318
-0.513106
-0.850294
-0.917376
-0.237798
-0.976244
-0.847009
-0.316790
-0.626871
-1.013755
-0.923673
-0.658906
-0.877127
-1.267844
-0.592920
-0.520499
-0.227256
-0.830581
-0.555135
-0.572248
-0.770755
-0.379354
-0.736256
-0.724072
-0.786635
-1.392972
-2.012313
-1.158459
-1.250320
-0.669995
-0.806896
-0.808403
-0.175507
-0.527070
-0.783486
-0.425763
-0.754326
-0.715310
-1.044968
-1.624472
-1.565604
-1.540962
-1.805318
-1.275510
-1.173245
-0.495446
-0.555135
-0.387979
-0.800599
-0.515297
-0.610854
-0.500648
-1.109859
-1.056331
-1.944958
-1.857615
-1.591752
-1.627210
-1.223487
-0.509410
0.583885
-0.002054
-0.781433
-0.497226
-0.430418
1.174751
-0.255458
-1.192959
-2.065841
-1.689773
-1.519332
-1.732487
-1.498386
-0.787320
1.452250
-0.246559
-0.834825
-0.481072
-0.397562
0.359503
-0.133342
-0.844545
-2.011628
-1.755897
-1.624198
-1.911417
-1.562045
-0.341021
0.621532
-0.279005
-0.817575
-0.449721
-0.345128
0.048737
0.623175
-1.126425
-1.837901
-1.961249
-1.933185
-1.755760
-1.495237
0.623175
1.244160
-0.309260
-0.735434
-0.414948
-0.680810
-0.107331
0.264630
-0.876990
-1.131900
-1.410495
-1.639257
-1.182144
-0.766100
-0.590592
0.190019
-0.230131
-0.740363
-0.361420
-0.703810
-0.848788
-0.254500
-0.377574
-0.864806
-0.883287
-1.131216
-1.128752
-0.378669
-0.300635
-0.174412
-0.574575
-0.775683
-0.266821
-0.650008
-0.880960
-0.634538
-0.146074
0.170168
0.739815
0.428775
0.017523
-0.060647
-0.600450
-0.541719
-0.473405
-0.640151
-0.016291
-0.378532
-0.487232
-0.447257
-0.289409
-0.197138
-0.025464
-0.037785
-0.221233
-0.539802
-0.545963
-0.179478
-0.181120
-0.364158
0.756106
0.291189
0.136491
0.116092
0.083784
0.242178
0.160859
0.182763
0.222054
0.075570
0.178382
0.720512
-0.309671
-1.296724
-0.180117
-0.298001
-0.551721
-0.540052
-0.604081
-0.628016
-0.732137
-0.739019
-0.675290
-0.648661
-0.408704
-0.623528
-1.644691
-0.797961
-0.681872
-0.956237
-1.152510
-1.284457
-1.161486
-1.133062
-1.135456
-1.004108
-0.974488
-1.265308
-1.185123
-1.043004
-1.303306
-0.910160
-0.991542
-1.264410
-1.552239
-1.313180
-0.925120
-0.725854
0.566082
0.035605
-0.209738
-0.709398
-0.947261
-1.475046
-1.126480
-0.841345
-1.183627
-1.468164
-1.600709
-0.946363
-0.577153
0.219013
0.680077
-0.089161
-0.400028
-1.119898
-0.825188
-1.353572
-1.367634
-0.856604
-1.258127
-1.435252
-1.280268
-0.600789
-0.349762
-0.562193
-1.918158
-1.814935
-1.285653
0.244146
-0.914648
-0.474229
-1.370626
-0.871264
-1.164478
-1.585151
-0.415586
-0.208242
-0.374297
-1.876570
-2.025271
-2.166492
-1.924441
-1.170462
0.674991
1.110025
-1.484620
-0.913451
-1.256631
-1.644392
0.467945
0.703115
-1.245262
-2.125502
-2.295147
-2.031554
-1.966927
-1.804463
0.084972
0.660928
-1.606992
-0.909562
-1.214444
-1.743726
-0.810228
-0.833266
-1.173454
-1.937306
-2.104558
-2.006122
-1.938503
-1.656958
-0.560697
-0.318346
-1.623448
-0.879043
-1.172557
-1.617165
-1.396955
-0.076894
-0.564287
-1.881356
-1.880758
-1.691665
-1.603102
-1.092970
0.127159
-0.279451
-1.673713
-0.865879
-1.242270
-1.552239
-1.553137
-0.374297
-0.143615
-0.555012
-1.342800
-1.436449
-0.665715
0.500857
-0.307276
-1.059460
-1.316171
-0.836857
-1.183029
-1.338312
-1.730860
-0.936190
-0.970299
-0.507440
1.225814
0.270475
0.605876
-0.499960
-0.664818
-1.486715
-1.148322
-0.812622
-0.865580
-1.097159
-1.508556
-1.322455
-0.611860
-0.106814
1.028942
0.016157
-0.337794
-0.507739
-1.167171
-1.348784
-1.143534
-0.420074
-0.646267
-0.780009
-0.985857
-0.977479
-0.981070
-0.859596
-0.863186
-1.245262
-1.206067
-1.187516
-0.948158
-0.954142
-0.604679
-1.355067
-0.231280
-0.828180
-0.995731
-1.062452
-1.095663
-1.231200
-1.354768
-1.349981
-1.283260
-1.230900
-0.957733
-0.815015
-1.672217
2.597382
2.117965
2.114718
2.239219
2.220297
2.256013
2.204287
2.223320
2.273815
2.205854
2.191747
2.223656
2.141253
2.806525
2.735318
2.375027
2.565473
2.610705
2.614624
2.630187
2.483518
2.297886
2.329571
2.453176
2.611377
2.615632
2.416901
3.049368
2.677210
2.419028
2.450377
2.516882
2.435822
2.597942
2.893743
2.271799
2.242913
2.597718
2.451385
2.586634
2.424850
2.674971
2.695012
2.477360
2.454296
2.550694
2.715949
2.853772
3.464519
2.754015
2.662655
2.386895
2.426641
2.997082
2.390142
2.501767
2.717628
2.476128
2.508821
2.473105
2.754239
2.643734
2.836978
2.805517
2.797680
2.850637
3.219996
3.087771
2.819512
2.478479
2.730839
2.465940
2.439517
2.524271
2.819065
2.713037
2.943341
3.008166
2.929122
2.907402
2.673403
2.920053
1.992681
2.381073
2.727480
2.464036
2.302477
1.851162
2.082697
2.498073
2.886241
2.954985
2.925539
2.912888
2.710351
1.841757
0.899942
2.213804
2.728600
2.460566
2.331363
1.916883
1.744576
2.220969
2.856123
2.932033
2.899676
2.891615
2.548455
1.795854
1.454485
2.203839
2.679225
2.466388
2.322182
2.032091
1.414850
2.377267
2.928115
2.941885
2.912440
2.881203
2.880307
2.183462
1.277474
2.268441
2.680793
2.454855
2.356554
2.235412
2.330803
3.114865
2.932145
2.535131
2.547895
2.751776
3.472916
3.195477
2.652243
2.541849
2.703521
2.450041
2.451497
2.565473
2.807533
3.827272
3.146102
1.601713
1.310391
1.891020
3.360060
2.980512
2.292848
2.674075
2.657169
2.333042
2.387455
2.382529
2.558979
2.469970
2.628731
0.747339
1.352488
1.625001
2.314681
2.393837
2.418580
2.566481
2.648996
2.139574
2.247504
2.256349
2.202048
2.298782
2.200256
2.177640
2.230038
2.249295
2.357562
2.347485
2.127594
2.545768
2.367302
1.845900
2.004213
2.074524
2.092326
2.143268
2.094117
2.196562
2.247616
2.144724
2.138006
2.135319
1.954278
2.664782
-1.201743
-0.492195
-0.327930
-0.273442
-0.296479
-0.273242
-0.222359
-0.078727
-0.055089
-0.110579
-0.154049
-0.298482
-0.510025
-0.959952
-0.549288
-0.066106
-0.321119
-0.330935
-0.044271
0.159858
0.058094
-0.063102
-0.104168
0.066908
-0.123400
-0.139025
-0.287264
-0.190307
-0.439511
0.179691
-0.144233
-0.158657
-0.064103
-0.344557
-1.029665
0.306095
-0.228369
0.013021
-0.425288
-0.323924
-0.273642
-0.041467
-0.320118
0.242392
-0.115987
0.013221
-0.343755
-0.870207
0.617398
-0.618199
-0.901858
-0.182294
-0.628416
-0.974976
-0.556099
-0.130811
-0.329332
0.181694
-0.104369
-0.173080
-0.695725
-1.200942
-0.600371
-1.226984
-0.856585
-0.589353
-0.056692
-0.881225
-0.669883
-0.156453
-0.410864
0.244195
-0.069312
-0.170275
-1.596380
-0.434302
-1.390448
-0.766840
-0.710348
-0.835350
-0.743602
-0.556099
0.409061
-0.068310
-0.346761
0.255413
-0.153047
0.392234
-0.271439
-0.778459
-0.848572
-0.648849
-0.588151
-0.520241
-0.779660
-0.610787
0.678697
-0.004607
-0.295077
0.261423
-0.209739
-0.404253
-1.061115
-0.721366
-0.733786
-0.638633
-0.563511
-0.655460
-0.790879
-0.586548
-0.298282
-0.083936
-0.339749
0.221358
-0.022436
0.207135
-0.335342
-0.611789
-1.119410
-0.671686
-0.690917
-0.727576
-0.950536
0.431898
0.725773
-0.209739
-0.308098
0.117991
-0.069112
0.055290
-0.434503
-0.781463
-0.476771
-0.786872
-0.906265
-0.953742
-0.268634
-1.653273
-0.296079
-0.154850
-0.296479
0.204531
-0.160459
0.088744
-0.009015
-0.495000
-0.874814
0.335743
0.555699
-0.418277
-1.118007
-0.143031
-0.302489
0.106572
-0.360984
0.204130
-0.176886
-0.064905
0.022436
0.145836
0.571324
2.026276
1.267449
0.025641
0.009616
-0.164466
-0.008013
0.153448
-0.540474
0.097758
-0.202127
-0.125002
-0.115988
0.126605
0.160860
0.398044
0.448325
0.295678
0.061500
-0.123400
-0.112782
0.141429
-0.347562
-0.074721
0.043270
-0.003806
0.150443
0.066107
0.152647
0.156653
0.207335
0.154850
0.155652
0.031852
0.090346
0.296079
-0.366578
1.063851
1.008635
0.943054
0.993685
1.025978
1.131825
1.230695
1.249632
1.181658
1.008835
0.966775
0.999466
0.097275
0.149701
1.331758
0.979134
1.048502
0.988303
0.991692
0.941858
1.153153
1.002057
0.978934
1.026376
0.826044
1.150363
0.514484
0.220863
1.089765
0.723985
0.652623
0.816676
0.909765
0.421593
-0.016346
0.302391
0.286644
1.257007
1.014017
1.022190
0.561925
0.254950
1.063054
0.776211
0.948436
0.848370
0.509500
-0.654218
0.640663
0.858935
0.275481
0.620530
0.567905
1.398535
0.591228
0.231229
1.044516
0.780198
0.902788
-0.040864
-0.002193
0.756477
0.727573
0.657407
1.042124
0.393089
0.074750
0.874284
0.809500
0.257342
1.011027
0.807905
0.662789
-0.049236
0.854350
0.492557
0.248969
0.177408
0.225847
0.620131
0.682722
1.266974
1.199798
0.270896
1.013021
0.738736
1.885510
1.852421
0.891626
0.058604
0.045647
0.097674
0.143122
0.603786
1.084183
1.188436
1.169499
0.251162
1.057871
0.809101
0.401660
0.484384
1.109698
0.174418
-0.004187
0.017542
0.022126
0.498537
0.948038
0.825845
0.998669
0.250365
1.033552
0.967772
1.048502
1.017007
1.028569
0.612756
0.279667
0.171827
0.395281
0.763852
1.480661
0.893220
0.822058
0.298405
1.038735
0.792955
1.396741
0.836809
0.829832
1.218735
0.941061
0.703453
1.196409
0.941659
0.133753
1.080396
0.780397
0.311162
1.092755
0.785779
0.773420
1.159133
0.601792
0.841593
0.010166
-0.756477
-0.262325
0.642457
0.747108
1.039931
0.732357
0.304783
1.118070
0.783985
0.705646
0.971360
1.414482
1.187240
0.305182
0.092092
0.458271
1.091160
0.920330
0.922921
0.695081
0.374949
1.177672
0.885845
0.862523
0.884848
1.029964
1.046708
1.174482
1.111692
1.153552
0.959400
0.826044
0.989300
1.000662
0.486178
1.846241
1.548833
1.516342
1.491425
1.588302
1.678003
1.686773
1.704116
1.706308
1.517538
1.485046
1.605245
0.881459
0.621631
1.716070
1.838717
1.690389
1.625526
1.444107
1.143498
1.220379
1.271249
1.179222
1.306808
1.584040
1.622068
0.588541
1.430772
1.792951
1.308619
0.775228
0.610436
0.904295
1.545352
1.152059
1.262523
1.491849
0.803379
0.552323
1.414145
0.918453
1.843327
1.965315
1.339075
0.495198
1.187454
1.214123
1.545846
1.562144
1.687755
0.178455
0.781319
1.451515
1.057563
1.687096
1.638367
1.489873
0.543927
0.998791
0.988914
1.012290
0.619326
1.346483
0.090874
-0.228008
0.187510
1.660262
2.188714
1.608569
1.743892
1.496129
1.031058
1.523128
1.678700
1.041430
0.185699
0.617351
-0.190473
0.185699
0.486966
1.991656
2.042196
1.974041
1.792457
1.290345
1.663390
1.481971
1.491684
0.802556
0.323986
-0.475607
-0.105032
0.028810
1.262853
0.657355
1.868844
3.017611
1.780604
1.152223
1.906543
1.317673
0.268836
0.767326
-0.365636
-0.129232
0.411896
-0.162981
0.691433
0.163474
2.248309
2.629914
1.681993
1.133456
1.896337
1.687425
1.555888
1.323271
-0.044120
0.349667
0.691268
0.126927
1.306643
1.251493
1.747679
2.139655
1.711296
1.119956
1.365580
1.030893
2.212420
1.681992
0.726828
0.036218
0.334851
0.679909
1.213464
1.845961
1.990174
2.168300
1.720680
1.290345
0.820336
1.247048
1.498104
1.407560
1.398341
0.990560
0.694890
1.417108
1.624538
2.292100
1.445918
1.951322
1.703723
1.566095
0.723864
0.672665
0.857871
0.985127
1.132962
0.022554
-0.372880
1.025790
1.878886
0.526806
1.359489
1.104317
1.654994
1.680676
1.042582
0.365801
0.659660
1.100201
1.168522
-0.123470
0.626241
1.467155
1.199307
0.737034
0.665916
1.211654
1.586015
1.873783
1.402127
1.013937
0.761235
0.732919
1.313064
1.500244
1.422705
1.184984
0.805848
0.765186
1.428632
1.657957
1.834602
2.369145
1.576302
1.424846
1.346483
1.140370
1.159796
0.933105
1.017229
1.183338
1.197331
1.477526
2.038574
0.999285
-0.757703
-0.606610
-0.474297
-0.681209
-0.724452
-0.647786
-0.740130
-0.856077
-0.780961
-0.657434
-0.649681
-0.673284
-0.526326
-0.602992
-0.244126
0.065812
0.043415
-0.116291
-0.014644
0.288230
-0.068569
-0.558543
-0.229998
0.064434
0.159362
0.210358
0.327683
0.393496
-0.439668
-0.199504
-0.253257
-0.221040
-0.065985
-0.461892
-0.317691
-0.502034
0.122494
0.527532
-0.525637
-0.165909
0.413997
0.422784
-0.412102
-0.163497
-0.170216
0.164014
-0.803530
-0.855560
0.203984
-1.049896
-0.192613
0.647614
-0.721868
-1.990737
0.218283
0.533906
-0.392634
-0.086659
-0.129385
-0.188823
-2.562718
-1.977126
-0.586970
-0.675352
-0.333713
-0.186583
-0.785441
-2.166982
-1.030772
0.666565
-0.459136
0.090276
0.193819
-1.004413
-2.033635
-0.428469
-0.096823
-0.370237
-0.130591
-0.108022
0.169355
-0.311661
-0.861245
0.363346
-0.468439
0.122838
0.436222
-1.044383
-1.259221
0.189684
-0.378679
-0.408140
-0.301496
-0.214148
0.327511
-0.407451
-1.613608
0.113363
-0.473780
0.029288
0.264283
-2.029673
-3.525611
-0.204328
-0.425368
-0.296500
-0.186411
-0.232583
0.146096
-1.709053
-1.960932
0.448626
-0.427608
-0.032217
0.120943
-0.886054
-3.233073
-1.085386
-0.246710
-0.167804
-0.040314
0.018090
-0.310283
-1.742992
-1.235101
0.501862
-0.446904
-0.098719
-0.160913
0.160913
-0.927747
-0.931193
-0.587832
-0.905867
-0.957208
-0.511854
-0.975642
-1.478193
-0.165220
0.906384
-0.433638
-0.200366
-0.238096
-0.055303
-0.147992
-0.984945
-0.977365
1.060233
1.891674
0.734272
-1.735068
-0.523914
0.343878
0.501173
-0.390567
0.003963
-0.154711
-0.105093
0.171595
0.071842
-0.033768
1.327101
1.170494
0.174351
-0.221729
0.117842
0.386604
0.369721
-0.168149
-0.024809
-0.009992
-0.167115
0.016195
0.193130
0.113879
-0.425540
-0.309077
-0.087692
0.111123
0.140583
0.254980
0.277032
-0.675007
-0.302013
-0.518401
-0.694475
-0.703089
-0.724797
-0.703434
-0.810077
-0.786991
-0.688962
-0.674146
-0.648992
-0.108539
-0.456724
-0.046752
-0.761426
-0.704956
-0.962092
-0.874891
-0.822886
-0.890650
-0.943181
-0.840747
-0.902732
-1.018562
-0.954212
-0.779549
-1.591666
-0.003414
-0.616443
-0.844424
-0.951848
-0.937140
-0.789530
-0.566276
-0.492734
-0.351427
-0.275784
-0.788742
-1.062687
-0.599108
-1.792069
-0.059359
-0.643233
-0.918492
-1.044301
-0.740151
-0.370601
-0.622221
0.395290
0.106111
0.179916
-0.139993
-0.367975
-0.330152
-1.447471
-0.137892
-0.763527
-1.124147
-0.624585
-0.707582
-0.597532
-0.616180
-0.743040
-0.403432
0.308090
0.073017
-0.302574
-0.057258
-1.446158
-0.175188
-0.746717
-0.791893
-0.574944
-0.691823
-0.921381
-0.368500
-0.561548
-0.835494
-0.689460
-0.833655
-0.437052
-0.082210
-1.046928
-0.211172
-0.624322
-0.574681
-0.861496
0.034145
-0.546577
-1.016723
-1.551744
-1.471109
-1.114429
-0.755910
-0.437052
0.599370
-0.330941
-0.293644
-0.596481
-0.284714
-0.258186
0.121607
-0.800561
-1.526266
-1.560674
-1.556996
-1.500527
-0.984679
-0.642708
0.387673
-0.635616
-0.257661
-0.644021
-0.452023
-0.889075
-0.211959
-0.725705
-1.426722
-1.622134
-1.541237
-1.367362
-1.314832
-0.810542
0.245054
-0.568115
-0.191473
-0.773508
-0.535546
-0.585450
-0.711260
-0.385835
-1.081073
-1.491596
-1.686484
-1.199265
-1.033270
-1.109964
0.341184
-0.658204
-0.047015
-0.779024
-0.765366
-0.484329
-0.869901
-0.605411
0.172299
0.081159
-0.559973
-0.456750
-1.636842
0.071966
-0.136053
-1.088952
-0.068552
-0.751445
-1.054282
-0.737787
-0.549729
-0.468307
0.006304
0.527666
0.393714
-0.474348
-0.157328
-0.469620
-0.007880
-1.434601
-0.014708
-0.591491
-0.992559
-0.896166
-0.520837
-0.013133
0.018911
0.419979
0.692874
-0.250569
-0.324112
-0.423131
-0.445194
-1.288042
0.226668
-0.349589
-0.520837
-0.932937
-0.765103
-0.496148
-0.198564
-0.035195
0.030468
-0.158379
-0.485905
-0.562336
-0.498775
-1.166172
0.274996
-0.660305
-0.601209
-0.757224
-0.733322
-0.727807
-0.595956
-0.519261
-0.424444
-0.514009
-0.584399
-0.720978
-0.419717
-1.299861
1.008875
0.903732
0.969513
0.968272
0.964194
0.911002
0.935115
0.915257
0.974478
1.061890
1.031393
0.849122
0.650361
0.924654
1.043627
0.865079
0.610290
0.427309
0.486175
0.530679
0.526424
0.655680
0.526601
0.662595
0.671638
0.497345
0.498232
0.671992
0.846285
0.548587
0.523409
0.389365
0.480501
0.318797
-0.058511
1.531753
0.362947
-0.099824
0.360465
0.381032
0.556388
0.621637
0.870221
0.607807
0.528374
0.342379
0.964549
0.350358
-0.630148
0.298585
0.561530
0.502133
0.760823
0.365961
0.533693
0.727844
0.862597
0.703021
0.526069
0.317734
0.111171
-0.076065
0.090249
0.401245
0.545927
0.472522
0.539189
0.305322
0.249116
0.592736
0.816852
0.726603
0.409579
1.113132
-0.265074
0.511530
0.363124
0.425891
0.427309
0.315783
0.442735
1.568633
3.371132
0.718801
0.831923
0.659758
0.404259
2.084595
0.973769
0.825540
0.334223
0.198584
0.289719
0.261350
0.515785
0.252840
1.045932
0.918803
0.848235
0.768802
0.252662
0.017553
-0.487239
0.665432
0.296102
0.165250
0.218264
0.184931
0.603020
-0.078547
-0.309755
0.943804
0.886888
0.670574
0.534757
0.289896
0.702489
-0.057270
0.439366
0.479615
0.403550
0.723411
0.079611
1.053379
1.155508
0.865966
0.852845
0.623056
0.600538
0.420394
1.004265
-0.146278
-0.040249
0.515431
0.307627
0.395926
-0.123583
-0.306741
0.901250
0.910470
0.837597
0.616850
0.543268
0.364011
0.277130
-0.251776
-0.156207
0.912952
0.606744
0.813661
-0.231740
0.684758
0.598410
0.724830
0.822526
0.652666
0.544154
0.453905
0.410288
0.465785
1.514554
1.757287
0.462416
0.848058
1.051606
0.510466
0.570218
0.685290
0.899477
0.604084
0.593800
0.527310
0.617914
0.795043
0.857633
0.911179
1.011358
0.892030
0.770930
0.547169
0.651957
0.709050
1.129798
1.082280
0.832987
0.787596
0.779972
0.755327
0.792916
0.743979
0.677134
0.768802
0.739546
0.659049
0.663304
0.864902
1.761786
0.132684
0.157406
-0.002318
-0.065859
0.011588
0.101203
0.187342
0.200861
0.162814
0.039593
0.001738
0.125152
0.321378
0.027425
-0.551210
-0.338567
-0.261892
-0.149874
-0.006373
-0.108929
-0.121676
-0.108735
0.130946
-0.062190
0.034571
-0.171311
-0.738359
-0.110860
-0.251463
-0.327945
-0.141182
-0.150067
0.279275
-0.457153
-0.900207
-1.018792
0.104487
0.010816
0.255519
0.463526
-0.491724
-0.229446
-0.351508
-0.290090
0.134616
-0.329103
-1.232207
-0.642756
-1.298453
-0.634065
-0.627692
-0.342816
-1.037140
0.433977
-0.331035
-0.278309
-0.311528
-0.065473
0.089808
-0.845163
-1.183537
-0.393611
-0.436101
-0.446724
-0.056009
-0.005408
-1.206327
-0.272128
-0.084400
-0.233888
-0.201441
0.061997
0.009077
-1.727408
-0.145818
-0.597949
-0.731019
-0.723101
-0.412925
-0.098499
-0.126890
0.118586
0.239875
-0.287579
-0.131139
0.165711
-0.067211
-2.008420
-0.044035
-0.711706
-1.023621
-0.936516
-0.664194
-0.258802
-0.448655
0.466810
0.158178
-0.297816
-0.165517
-0.029743
-0.461015
-1.614037
0.261313
-0.601425
-0.805570
-0.675010
-0.571682
-0.260347
-0.646040
-0.010816
-0.121096
-0.262665
-0.275026
0.010623
0.211097
-1.721034
-0.480716
-0.092512
-0.253394
-0.304962
-0.140410
-0.215926
0.091740
0.664774
-0.254167
-0.208780
-0.368890
-0.125538
-0.199896
-0.506402
-0.725805
-0.248759
-0.067211
-0.490758
-0.322537
0.548506
-0.909863
-0.186183
-0.313460
-0.219209
-0.329490
-0.259382
-0.388590
-0.092126
-0.427023
-1.006238
0.777179
0.811944
-0.131139
-0.749754
0.483806
0.257837
-0.392452
-0.081697
-0.219402
-0.234081
-0.187921
-0.099851
0.244703
0.022404
1.061475
0.650675
-0.122641
-0.207235
0.259189
0.103135
-0.394577
0.244510
0.065666
0.100431
0.021245
0.129981
0.194681
0.052533
0.206462
-0.017575
0.112019
0.049057
0.258609
0.107770
0.060065
0.827201
-0.177106
-0.258223
-0.519536
-0.521467
-0.488055
-0.261313
-0.270390
-0.243351
-0.254167
-0.416401
-0.374297
0.008884
0.069143
-2.470766
-0.844418
-0.444790
-0.512623
-0.541010
-0.428937
-0.288108
-0.392992
-0.402578
-0.276127
-0.326818
-0.419905
-0.567738
-2.258232
-1.488284
-0.028571
0.248109
0.184699
-0.027281
-0.274837
-0.206634
0.302486
0.057327
0.128847
0.116681
0.178247
0.502669
-1.120545
-0.897321
-0.038894
0.151151
0.096589
0.174192
0.428937
0.195759
-0.769764
-0.540825
-0.385803
-0.178432
0.403499
0.495480
-0.338431
-0.800363
-0.006452
0.250136
0.221381
0.512254
0.013825
0.011797
1.217503
1.320912
-0.305620
-0.633544
-0.237602
0.822482
-0.357970
-0.819718
-0.006452
-0.056590
0.431333
0.019355
0.789118
0.929763
0.814925
1.047550
1.118148
0.918150
-0.412163
0.663958
-0.168847
-0.825247
-0.081843
-0.035023
0.141934
-0.278708
1.026352
1.171236
0.446817
0.418246
0.634097
1.319069
0.758888
-0.448660
-0.056589
-0.814925
-0.084055
0.072810
-0.469121
1.762383
0.714465
0.806814
0.560733
0.576586
0.661193
1.398699
1.732522
-0.765709
-0.268017
-0.820086
-0.084608
0.042212
-0.197602
0.967919
0.916860
0.883680
0.661378
0.614005
0.779533
1.277963
1.337870
-0.008663
-0.558890
-0.834833
0.005530
-0.076129
-0.122764
1.135476
1.320912
1.192065
0.688658
0.774741
1.009578
1.535657
0.859717
-0.606447
-0.583775
-0.857690
0.019908
-0.007189
0.236127
0.002765
1.275198
0.988196
0.741008
0.988195
1.525335
1.495288
-0.010323
0.344698
-0.334376
-0.763865
-0.037972
0.268201
-0.013456
0.099907
-1.152987
0.295113
1.029670
0.425250
1.043679
-0.302671
-0.198708
0.315205
-0.502485
-0.706723
0.101935
0.428568
0.310412
-0.032442
0.072442
-0.653820
-1.020269
-0.913910
0.311334
-0.093271
0.117971
0.498429
-0.470965
-0.449766
0.282578
0.513544
0.606078
0.564604
0.338062
0.406449
0.406817
0.307279
0.374006
0.451609
0.443868
0.882758
-0.153547
-2.214546
-0.421380
-0.457139
-0.500826
-0.619166
-0.507278
-0.616032
-0.643313
-0.661747
-0.649581
-0.648659
-0.598152
-0.137879
-2.162196
-1.010115
-0.677302
-0.927405
-1.017679
-1.037411
-1.042015
-1.122423
-1.158599
-1.166492
-1.012746
-0.885804
-0.989232
-0.912606
-1.922721
-0.864756
-1.102034
-1.407880
-1.534165
-1.524134
-1.553733
-1.313660
-1.235060
-1.074244
-1.190663
-1.314975
-1.230292
-1.264658
-1.797259
-1.177837
-1.211217
-1.548800
-1.454086
-1.452770
-0.978873
-0.917704
0.417497
-0.088136
-0.484092
-0.917375
-1.213026
-1.146595
-1.843629
-1.155310
-1.215328
-1.395876
-1.375487
-1.033465
-0.134671
0.539013
-1.260877
-1.370225
-0.989890
-0.456796
-1.147911
-1.441424
-1.619506
-1.257917
-1.187375
-1.250517
-1.257259
-0.430652
-0.817728
-1.254135
-1.310700
-1.840669
-1.723757
-1.255286
-0.370798
-1.166656
-1.468885
-1.290968
-1.182770
-1.515255
-0.740280
-0.648855
-1.273209
-2.257673
-2.054268
-1.868787
-1.563763
-1.514762
-0.916553
-0.645566
-1.602734
-1.299847
-1.141333
-1.620821
-1.079013
-1.410511
-0.981339
-1.560803
-1.266303
-1.233252
-1.297710
-1.585468
-0.847162
-1.357234
-1.260054
-1.255450
-1.143635
-1.732800
-1.547155
-1.251997
-1.385024
-1.683964
-1.446686
-1.284061
-1.301163
-1.845109
-1.401138
-1.828172
-1.494208
-1.221083
-1.138373
-1.602405
-1.175371
-1.175371
-1.513611
-2.092910
-1.947222
-1.955115
-2.001156
-1.878653
-1.572478
-2.128921
-1.626741
-1.206449
-1.176358
-1.308727
-1.783939
-1.192965
-0.684372
-1.572149
-1.596485
-1.409689
-1.763878
-1.167478
-0.932503
-1.371705
-1.954622
-1.180962
-1.225359
-1.439287
-1.283404
-0.487052
-1.196254
-0.218532
0.799311
1.265809
-0.687332
-1.106309
-0.636522
-0.910797
-1.900523
-1.112228
-1.133605
-1.388641
-1.527916
-1.419226
-0.952399
0.047850
1.607010
0.843380
0.075146
-0.870840
-0.958648
-1.202831
-1.848726
-0.823483
-0.977557
-1.270085
-1.363647
-1.264329
-1.370060
-1.098745
-0.993672
-0.901918
-1.137716
-1.397521
-1.397685
-1.490097
-1.634305
-1.202831
-1.209573
-1.600432
-1.559488
-1.593032
-1.746613
-1.825541
-1.887204
-1.913349
-1.810907
-1.670809
-1.612764
-1.426461
-1.836065
2.708624
1.638400
1.375212
1.505479
1.557896
1.634419
1.610754
1.637294
1.670580
1.551592
1.540976
1.485906
1.656978
2.589195
1.891857
1.236652
1.183461
1.287188
1.247378
1.307646
1.408940
1.270158
1.221833
1.212102
1.304881
1.172624
1.345244
1.821858
1.651670
1.221170
1.138343
1.232118
1.322243
1.411484
1.098091
1.302559
0.749643
0.688048
1.055848
1.376871
1.427518
1.598922
1.516648
1.095879
1.036275
1.242734
1.125737
0.895613
0.898931
1.676330
1.437692
0.696674
0.795314
1.112577
1.454058
1.590518
1.518417
1.088249
1.145863
1.285751
1.049213
1.679869
1.681859
1.550265
1.438355
1.533899
1.763691
0.844745
1.262528
1.621813
1.591402
1.147522
1.283318
1.265403
1.274360
1.872063
1.669474
1.518417
1.542525
1.685066
1.890862
1.701543
1.880356
1.851936
1.526822
1.097538
1.044348
0.646580
0.941505
1.604451
1.464453
1.420994
1.536332
1.493757
1.589412
1.245388
1.212876
1.838445
1.541972
1.166542
1.122972
0.706516
1.123414
1.664830
1.550929
1.533678
1.603345
1.601023
1.595936
1.092451
0.679091
1.728968
1.542303
1.082499
1.160239
1.198279
1.334518
1.784370
1.674008
1.577801
1.672128
1.600691
1.670138
1.694908
0.968156
1.726203
1.559001
1.126732
1.105500
1.370015
1.183240
1.714924
2.021239
1.615067
1.349336
1.700216
2.032408
1.424311
1.247599
1.618827
1.496854
1.133367
0.980873
1.114457
1.270711
1.374438
1.109702
0.874934
0.297690
1.060161
1.123857
1.358514
1.395670
1.479382
1.553472
1.137790
1.113352
1.134804
1.247157
1.483805
1.366034
0.803166
0.111026
1.011283
1.393237
1.421878
1.191755
1.408498
1.697673
1.220617
1.082167
1.189543
1.177932
1.235546
1.219290
1.308420
1.067238
1.194077
1.200491
1.214756
1.227584
1.626015
2.247161
1.113020
0.977113
1.101408
1.099197
1.177269
1.277236
1.285972
1.288183
1.274692
1.238974
1.089687
1.040367
2.104287
-0.871385
-0.255541
-0.273407
-0.261497
-0.263933
-0.234156
-0.174060
-0.395223
-0.298582
-0.152404
-0.224681
-0.302102
-0.043041
-0.365716
-0.030319
0.235509
-0.029236
-0.099888
-0.091767
-0.508105
-0.522993
-0.112070
-0.065239
-0.403885
-0.131290
-0.157006
0.197882
-0.006226
-0.342707
-0.399825
-0.304538
-0.373025
-0.362468
-0.317261
0.297770
0.128041
0.298312
0.420668
-0.141576
-0.214936
-0.174872
-0.268806
-0.275844
-0.272054
-0.107197
-0.260955
0.370318
0.676480
-0.253376
-0.100701
0.118837
0.755525
1.098773
0.622340
0.131290
-0.090143
-0.338646
-0.273678
-0.182723
-0.060096
0.287484
-0.003519
-0.410382
-0.968837
-1.148582
-0.867053
-0.167022
0.981018
0.220621
-0.230095
-0.361656
-0.263121
-0.357595
0.342165
1.061957
-0.198965
-1.328327
-1.309648
-1.218423
-1.377053
-0.973439
1.063040
0.718439
-0.351640
-0.355700
-0.254458
-0.173519
-0.059554
0.534904
-0.796671
-1.152101
-0.969108
-0.921735
-0.879506
-1.122324
0.669983
-0.527054
-0.394140
-0.394952
-0.183535
-0.335398
-0.064156
1.329139
-0.711130
-1.190811
-1.020540
-1.115827
-0.930668
-1.294490
0.202484
-0.563598
-0.343248
-0.301290
-0.173248
-0.316449
-0.054681
1.325620
-0.437723
-1.319394
-1.236018
-1.195954
-1.321018
-0.821576
0.272054
-1.027849
-0.385207
-0.327818
-0.218726
-0.135080
-0.040876
0.432850
0.768518
-0.232532
-0.488073
-0.534904
-0.286943
0.845397
0.460462
0.034108
-0.477245
-0.269618
-0.213041
-0.086353
-0.311847
0.029777
0.526783
1.876495
0.191385
0.206003
0.620445
0.569824
-0.050892
0.035462
-0.267452
-0.289379
-0.257707
-0.158360
-0.227388
-0.346226
0.152675
0.549251
-0.454777
-0.882483
0.078503
0.146720
-0.101783
0.023010
-0.005955
-0.163503
-0.184076
-0.255270
-0.237675
-0.315907
-0.385207
-0.289920
-0.479952
-0.401178
-0.511082
-0.452070
-0.348662
0.099347
0.202484
0.070923
0.138599
-0.147802
-0.074443
-0.143201
-0.097181
-0.208710
-0.192197
-0.305079
-0.191114
-0.211959
-0.139952
0.218997
0.400636
-1.614240
0.779888
0.719978
0.951186
1.357030
1.357206
1.463323
1.339110
1.118970
0.926765
0.964538
1.020759
0.534273
-0.474363
-0.703287
1.008461
0.831892
0.864571
1.566804
1.899209
1.429063
0.555883
0.012650
-0.532516
-0.067289
0.250534
0.196597
0.371409
-1.154986
0.312201
0.724546
0.750197
1.611078
1.596144
0.723492
0.264589
-1.232290
-2.021841
-1.622849
-1.148310
-0.473133
0.266346
-1.215775
0.473133
1.039382
0.759860
0.750197
0.092764
-0.370179
-0.698016
-0.308512
-0.112793
-0.794822
-1.831920
-1.697869
-0.012826
-1.202422
0.676758
0.695205
0.193435
-0.030219
-1.845799
-2.006029
-0.359110
0.609644
1.400250
0.549734
-1.523760
-2.167664
-0.130362
-1.125646
1.109658
0.044450
0.032503
-1.664136
-2.849868
-1.307485
-0.398289
0.756873
1.852476
1.847908
1.282362
-0.949956
-1.345083
-1.035166
1.147080
-0.002635
-1.058357
-3.750280
-2.968283
-1.348246
-0.779361
0.801674
1.797133
1.911683
0.529003
-2.613565
-0.962430
-1.053086
1.238791
0.864044
0.686245
-2.975135
-3.046465
-1.495122
-0.792538
0.888289
1.903602
1.660095
-0.479458
-2.897480
-1.170447
-1.120200
1.019881
1.157270
0.200111
-1.968431
-3.004475
-1.078386
-0.376152
1.266901
2.299607
0.957511
0.141430
-1.834204
-0.477877
-1.255657
0.670609
1.212612
0.341717
-0.300079
-1.895696
-1.870748
-0.389681
0.576790
1.107902
-0.349974
-1.060114
-1.056424
0.055167
-1.214545
0.316242
1.039031
1.262684
1.582616
0.634241
-0.118239
-0.849637
-1.063979
-0.185880
-2.152379
-1.626011
-1.120903
0.040409
-1.307310
0.314837
0.721383
0.893735
2.034315
1.927320
1.744251
-0.538666
-1.185732
-1.310648
-0.994230
-0.391437
-0.086439
0.207841
-1.104036
0.193435
0.500365
0.475241
1.172204
1.515502
1.997596
1.136188
-0.019150
-0.201692
0.420953
0.360867
0.475944
0.291821
-1.962282
0.575033
0.389856
0.431670
0.918508
1.041140
1.153229
1.018299
0.686421
0.454159
0.524083
0.709436
0.672717
-0.146350
-1.657103
0.265289
-0.161149
-0.643838
-0.477114
-0.420104
-0.069933
0.059038
0.248059
0.335982
-0.012669
-0.181927
0.223481
-1.038350
-0.209799
1.357355
1.059634
0.955749
0.851609
0.843248
0.133278
1.290210
1.410819
0.787758
1.009212
1.043165
0.579480
-0.106926
-0.311911
0.842234
0.659294
0.445188
0.456337
-0.109460
0.174579
4.625196
2.462852
1.062421
0.575679
-0.159123
0.077028
-0.410982
-0.400847
0.654480
0.313938
-0.375002
0.633450
2.165384
-0.330661
1.624671
0.706423
0.810308
2.495790
0.683619
-0.228802
-0.189528
-0.490543
0.682859
0.095524
-0.346877
-0.330154
1.295530
0.681085
0.592909
0.602284
1.034550
0.072213
-0.345103
-0.668163
-0.240964
-0.530577
0.571371
-0.138092
-0.864025
-1.219770
0.016216
0.144933
0.160136
0.162923
0.362840
0.110220
-1.366984
-0.353972
-0.698315
-0.571118
0.586067
-0.418584
-0.659801
-0.103126
-0.151268
-0.221961
-0.224494
-0.205238
0.074494
-0.392992
-0.579733
-1.267913
0.322046
-0.447215
0.646372
0.093751
-1.336578
-1.355075
-0.352451
-0.321032
-0.206251
-0.156588
-0.133785
-0.815629
-0.905580
-0.553128
-0.075000
-0.404141
0.582267
0.030152
-1.425008
-2.374169
-0.818163
-0.389698
-0.144173
-0.207011
-0.325846
-0.346624
-1.945450
-1.879571
-0.464699
-0.386151
0.602791
0.422638
-0.352705
-1.398910
-0.233870
-0.909380
-0.433280
-0.226268
-0.581253
-1.210142
-1.035817
0.112501
-0.258954
-0.402874
0.492317
0.625341
0.441641
-0.045355
-1.877291
-1.436917
-1.301612
-0.391979
-1.450346
-1.552711
-0.665629
0.251353
-0.302282
-0.344850
0.558702
0.577706
0.394766
0.029392
0.317992
-1.210142
-0.606084
-1.506850
-0.829819
-0.585307
0.510814
0.321286
-0.369174
-0.551354
0.350678
0.429986
0.320525
0.259968
0.163683
0.434546
0.131504
0.101605
0.437587
0.448736
0.422384
-0.048649
-0.466726
-0.903299
1.226358
1.312761
0.998063
0.797133
0.867572
0.795613
0.836913
0.827032
0.904819
0.849076
0.608872
0.348650
-0.378803
-0.438849
-0.866000
-0.840555
-0.880916
-1.017499
-1.008725
-1.314793
-1.489543
-1.518351
-1.390981
-1.183036
-1.038264
-1.116646
-0.714940
-2.087934
-1.619984
-1.535022
-1.645137
-1.747062
-2.222324
-2.296464
-2.404532
-2.621105
-2.142187
-2.126686
-1.888763
-1.533852
-1.868144
-1.893004
-2.012331
-1.703338
-1.780696
-2.172458
-2.244405
-2.808431
-3.680719
-3.733656
-3.573675
-2.860636
-2.057956
-1.440408
-1.549207
-1.782158
-2.086472
-1.678478
-1.734193
-2.433779
-3.465462
-2.550035
-1.358079
-0.796831
-1.260394
-2.262392
-2.984643
-1.593223
-1.652302
-1.798537
-2.058687
-1.880574
-2.210917
-3.107627
-1.924006
-1.478283
-1.607116
-1.559590
-1.452985
-1.356616
-1.970654
-2.230805
-1.864781
-1.842114
-1.863903
-1.950181
-2.519033
-2.532633
-1.050401
-1.575675
-1.388349
-1.286278
-1.334242
-1.384839
-0.439727
-2.142919
-2.050645
-1.823250
-1.797805
-1.617645
-2.598000
-2.978355
-0.817158
-1.416134
-1.424908
-1.368023
-1.380891
-1.486765
-1.963781
-2.075797
-2.077552
-1.823543
-1.807896
-1.795612
-2.318254
-2.810186
-1.262295
-1.626857
-1.765780
-1.623786
-1.616913
-1.557688
-1.968900
-2.551644
-1.485156
-1.821788
-1.966706
-1.642358
-1.097928
-1.047184
-1.578015
-1.920057
-2.037337
-1.978843
-1.737703
-1.563245
-0.964854
-1.430318
-1.437191
-1.817547
-2.011161
-1.689153
-1.170606
-0.292030
-1.762270
-2.125955
-1.523177
-1.416718
-0.997319
-1.081110
-1.170606
-1.121033
-1.372848
-1.803362
-1.971093
-1.813306
-1.730099
-1.584303
-0.725468
-1.347403
-1.319327
-1.843430
-0.640214
-0.308993
-1.114891
-1.281159
-1.565293
-1.830562
-1.997708
-1.883353
-1.944625
-1.385570
-1.417596
0.337216
0.339264
-1.112112
-0.163929
-0.722690
-1.431342
-1.505629
-1.570996
-1.529904
-1.630367
-1.714306
-1.658444
-1.416865
-0.973775
-0.930051
-0.648842
-0.565196
-0.845966
-1.089885
-1.439092
-1.194588
-1.214769
-1.790055
-2.027686
-2.237240
-2.259321
-2.212965
-2.196879
-1.944917
-1.907481
-1.857615
-1.952960
-2.160613
-2.202436
-1.878673
-1.522592
-1.220110
0.365481
0.004766
-0.102345
-0.132446
-0.174086
-0.394078
-0.491405
-0.319577
-0.267150
-0.071742
-0.086792
0.101341
-1.062580
-0.213720
1.056057
0.323339
0.130439
0.088297
0.324844
0.024834
-1.083149
-1.221866
-0.355447
0.163300
0.121158
0.526273
0.041139
0.254608
1.406237
0.503195
0.170575
0.160541
-0.326098
-0.861653
-1.325214
-1.771719
-1.153385
-0.389562
-0.088297
0.747267
0.215727
0.101592
1.235161
0.349427
0.593750
0.445752
0.249340
-0.555120
-0.396335
-1.607163
-1.082396
-0.422423
0.408376
0.462307
0.444999
0.088548
1.171195
0.671763
0.886737
1.429315
0.809979
-0.270662
-0.652448
-0.771098
-0.384294
0.871937
1.387925
0.438728
0.598014
0.099084
1.246951
0.884229
1.061075
1.588852
1.285832
0.295495
-0.295746
-0.082779
-0.037125
0.879713
0.779125
2.177335
1.042763
0.150758
1.231147
1.523883
2.119891
2.110610
1.642784
0.017559
-0.106358
0.111877
0.077009
0.967760
0.796684
2.490389
1.124287
0.120155
1.344279
1.027461
1.368109
2.787139
1.787521
-0.055688
-0.226262
-0.163551
-0.040888
0.906805
1.228639
2.315550
0.782386
0.131443
1.234910
0.606794
1.046275
2.558368
1.346536
0.062711
-0.410382
-0.362722
-0.021322
0.223252
1.377641
1.804328
0.692583
0.095572
1.130057
0.586977
0.695092
0.520002
-0.257367
-0.039633
-0.898025
-1.239174
-0.364227
0.273421
0.332620
0.489900
0.601025
0.116894
1.184992
0.396586
0.319827
0.148500
-0.744508
0.123416
-1.450386
-2.395820
-0.708135
-0.299760
0.266397
0.624855
0.198669
0.110121
1.142850
0.329610
0.008278
0.096575
0.313055
0.589988
-0.665492
-1.303140
-0.149002
0.068481
0.261882
0.674773
0.090806
-0.000502
0.853124
0.034115
-0.133199
-0.080521
-0.136711
-0.130690
-0.304275
-0.173334
-0.109870
-0.119904
-0.144487
0.390315
-0.188385
-0.578449
0.619085
-0.179605
-0.318573
-0.295746
-0.309543
-0.452023
-0.423677
-0.462307
-0.446755
-0.436470
-0.248838
-0.030854
-0.218486
1.026710
1.499676
1.702980
1.772808
1.734858
1.646488
1.620791
1.598997
1.616237
1.646163
1.710245
1.763700
1.455329
1.253109
0.867646
0.702509
0.928908
0.983447
0.932920
0.914812
0.873067
0.854418
0.929559
1.030289
0.937907
0.925004
0.766699
0.949726
1.104887
1.020097
1.093177
1.034301
0.952220
0.905704
0.894428
1.071600
0.796516
0.808010
0.792505
0.940185
0.697413
1.123754
1.201931
1.006543
1.019880
0.700774
0.696220
0.255783
1.212340
1.766844
1.969606
1.531446
0.130223
0.447160
0.659788
1.095237
1.169294
0.913294
0.976291
0.983447
0.670197
0.656535
1.969714
1.368911
1.596178
1.903464
2.306927
0.012794
0.605899
0.899307
1.191956
0.913728
0.768217
1.251483
0.091840
1.625128
1.979147
1.904874
1.709052
1.620791
1.805228
1.669692
1.168427
0.827636
1.187944
0.873826
0.778843
1.485580
1.124405
2.065023
1.678367
1.527976
1.673379
1.624044
1.620899
1.525699
1.252351
0.857670
1.194666
0.934763
0.716279
1.093719
0.572720
2.341299
1.878526
1.676523
1.735617
1.604310
1.611358
1.185125
0.552444
0.812022
1.172547
0.920993
0.808118
1.217545
0.607417
2.195246
2.199474
1.991400
1.927752
1.934367
1.734641
1.701353
0.467002
0.726689
1.149235
0.926197
0.899307
0.843141
0.571419
0.809528
2.112406
2.068493
1.628273
1.891320
2.070228
0.328430
0.587792
0.965015
1.144247
0.983990
1.033325
0.904511
1.059348
0.536179
0.583671
2.288495
1.760664
1.925259
0.553094
1.108466
0.718773
1.216244
1.180462
1.093394
1.187727
1.083636
0.894319
1.020747
1.019446
1.360562
0.876537
1.105538
0.940618
0.811913
0.838587
1.110526
1.141862
0.972279
1.209630
1.208871
1.158343
1.090467
1.007627
1.161379
1.060757
1.126682
1.100225
1.180571
1.067588
1.148801
0.969352
1.323154
1.454678
1.482978
1.458582
1.473762
1.380730
1.351996
1.326624
1.355574
1.382682
1.429198
1.185125
1.032349
0.630421
1.021444
0.994986
1.020427
1.011014
0.999311
0.958860
0.951228
1.004654
1.020172
0.971326
1.023734
1.084028
0.458442
0.477776
0.814357
0.751519
0.716919
0.834455
0.843105
0.747957
0.728876
0.895258
0.963948
0.915865
0.901110
0.812067
0.804435
0.538580
0.822498
0.723025
0.686390
0.694023
0.489988
0.754317
0.783319
1.549593
2.149740
1.180449
0.626350
0.598111
0.869563
0.628385
0.882029
0.695549
0.608287
0.549011
-0.136871
0.834455
1.044341
0.682574
1.397203
1.262622
0.754826
0.402726
0.958606
0.586154
0.838017
0.657897
0.582083
0.905180
0.283918
0.386699
0.177322
0.181138
0.200727
1.081739
1.059605
0.740834
0.924261
0.601164
0.844377
0.827332
0.788408
0.434782
0.089297
0.092859
0.107614
0.102526
0.183936
0.265855
0.201745
0.104307
0.635763
0.655098
0.902636
0.758896
0.980994
0.624569
0.326659
0.097692
0.166637
0.139924
0.044267
0.046302
0.174014
1.361587
0.891188
0.654335
0.852009
0.872616
1.730477
1.441979
0.450555
0.199201
0.162312
0.170707
0.008650
0.098710
0.449029
1.313249
0.963694
0.602436
0.847939
0.894241
1.114812
1.335382
0.315974
0.075559
0.126186
0.122370
0.110413
-0.045793
0.082937
0.811558
0.914085
0.621262
0.835982
0.756352
0.756352
0.554353
0.408578
0.243722
0.292568
0.293331
0.154171
0.372197
-0.038924
0.685373
0.931893
0.626605
0.836490
0.667564
0.862694
0.867274
1.430785
0.553081
0.430965
0.505761
0.425114
0.681557
0.384664
0.616937
0.968782
0.591497
0.833438
0.659169
0.728367
0.769073
0.744395
0.642123
1.397967
1.185283
0.709541
0.604980
0.539597
0.786118
0.909760
0.432746
0.738798
0.684864
0.677740
0.648484
0.906961
0.902382
0.849465
0.978195
0.995749
0.777722
0.706743
0.802400
0.810795
1.062913
1.442234
1.506344
1.445032
1.536873
1.431548
1.448594
1.382448
1.452919
1.422136
1.481921
1.477087
1.644742
1.381430
-0.579286
-0.477991
-0.701158
-0.836286
-0.818282
-0.938769
-1.007618
-0.991593
-0.988625
-0.951431
-0.962510
-0.859829
-0.698388
-1.140371
-0.648334
-0.730241
-0.837868
-1.185282
-1.166289
-0.986845
-1.045011
-0.555941
-0.857059
-0.573153
-0.795332
-0.778317
-0.726482
-0.846574
-1.035316
-1.207638
-1.151253
-1.305571
-0.957959
-0.911862
-2.263333
-2.382039
-2.575332
-1.124939
-0.840440
-1.000892
-0.795134
-0.989021
-0.961125
-1.241074
-1.154616
-1.083194
-1.109112
-4.463553
-4.180241
-1.677715
-1.085964
-1.823328
-2.505888
-2.223962
-0.785835
-1.101594
-0.976359
-1.223268
-1.113860
-1.199329
-2.786036
-3.004060
-0.924722
-1.138196
-0.509448
-0.428727
-0.637057
-2.882979
-0.799685
-0.904542
-1.030964
-1.126720
-1.045209
-1.316650
-4.239198
-1.482443
-0.953211
-0.975172
-0.951035
-0.565240
-0.955585
-1.149274
-0.701752
-1.255121
-1.042834
-1.046791
-1.014147
-0.492235
-1.440698
-1.037097
-1.193987
-0.902563
-0.808785
-0.940549
-0.861807
-0.907905
-0.893462
-1.196361
-1.029183
-1.129688
-1.054903
-1.265013
-2.995157
-1.012762
-1.119004
-0.854091
-0.652291
-0.904739
-0.669108
-0.969632
-1.780990
-1.071720
-1.079633
-1.204671
-1.171037
-1.282819
-1.741223
-0.952816
-1.118609
-1.063806
-0.975765
-0.812544
-1.045406
-0.060540
0.119102
-1.123357
-0.946880
-1.273124
-1.212189
-0.926304
-2.578300
-2.080129
-0.862005
-0.487487
-0.224948
-0.920567
-0.617470
-3.595613
-0.837077
-0.760907
-0.961125
-1.305571
-1.400338
-1.149274
-0.689485
-2.151353
-2.994167
-1.005046
-1.161145
-2.470673
-2.420816
-1.072313
-0.356317
-1.130084
-0.939956
-1.232764
-1.264222
-1.368089
-1.112080
-1.001485
-1.445051
0.737166
-0.374321
-1.129292
-0.918193
-0.928283
-0.864379
-1.039471
-0.916412
-1.161145
-1.164113
-1.393216
-1.352460
-1.100209
-1.153627
-0.498170
-0.462163
-0.769810
-1.097440
-1.204077
-0.946682
-0.920171
-0.750619
-0.968841
-1.041450
-1.363935
-1.285787
-1.449997
-1.450590
-1.484817
-1.287963
-1.351867
-1.364133
-1.304384
-0.861016
-1.131468
-0.126573
0.002654
0.170670
-0.120245
-0.480570
-0.441782
-0.406056
-0.348893
-0.164341
0.022457
0.005716
-0.093705
0.099421
-0.613881
0.190677
0.075944
0.304388
0.256209
-0.304184
-0.422796
-0.281932
0.386865
0.938276
1.699554
1.395573
0.972573
0.604490
-0.894384
0.532016
0.407076
0.092276
0.129636
-0.649607
-1.235111
-0.886830
-0.063899
1.315138
1.378016
1.379038
1.490299
0.808845
-0.511193
0.504660
0.022457
-0.430554
-0.226607
-0.298264
0.211704
0.190677
0.300510
0.290710
-0.514255
-0.461789
0.888259
1.754879
-0.180877
0.518542
-0.207621
-0.226811
-0.325212
-0.513235
1.955966
1.893905
0.525688
-0.287648
-1.043414
-1.492341
0.000204
1.305747
-0.216808
0.467096
-0.615106
0.345219
-0.081864
0.894587
2.251373
1.742629
0.914186
0.010616
-0.804966
-1.500915
-2.697237
-1.083427
0.505681
0.340932
-0.671656
-0.466688
0.426675
2.358756
2.720715
1.637492
1.225312
-0.120653
-1.258384
-1.467639
-1.719969
0.596528
0.164954
0.383803
-0.845184
-1.052396
-1.935960
0.666960
2.589242
1.888393
1.284720
-0.248247
-1.342698
-1.239807
-0.991560
1.209796
0.507110
0.467505
-0.634908
-0.899283
-0.802516
0.115345
2.025990
1.715886
1.255526
-0.346648
-1.053009
-1.179786
-2.297307
-0.342973
-0.354405
0.542020
-0.255801
-0.721264
-0.081252
0.404831
0.739025
1.247768
0.700441
-0.460564
-0.936235
-1.112417
-0.188839
0.443823
-0.456481
0.516909
0.134943
-0.398298
-0.567947
-1.581350
-1.197956
-0.909491
0.855595
0.163933
-0.620618
0.896833
1.089552
1.030552
-0.384007
0.653894
0.451785
0.161483
-0.244164
-1.071587
-1.222862
-0.959304
1.251647
0.519155
1.408843
1.384345
0.940930
0.522013
-0.431779
0.800066
0.768423
0.405239
0.392990
-0.097380
-0.132085
-0.511805
0.087989
1.122216
1.399656
0.801291
0.612043
0.287852
-0.725551
1.050559
0.870702
1.000134
0.925211
0.471180
0.340319
0.336848
0.382374
0.658794
0.876622
0.725347
0.440761
0.406668
-0.640216
-0.389156
-0.477534
-0.620968
-0.695148
-0.698915
-0.688194
-0.710506
-0.920586
-0.886973
-0.795117
-0.800043
-0.784686
-0.518681
-1.078798
0.420450
-0.435518
-0.586196
-0.544470
-0.587645
-0.877411
-1.161381
-1.024033
-1.007226
-0.966079
-0.936813
-0.699785
-0.393792
-1.199051
0.205444
-0.550555
-0.635456
-0.725574
-1.089809
-1.050981
-2.094427
-2.807252
-2.515167
-2.281906
-1.496930
-0.974772
-0.544760
-1.019976
0.299038
-0.582719
-0.685296
-0.978829
-1.333792
-3.129470
-3.366499
-0.635167
0.360179
-1.250919
-1.988083
-1.555173
-0.764982
-1.090099
0.180814
-0.653132
-0.786135
-1.130956
-2.688157
-1.813934
0.991579
0.461887
0.747885
0.937392
0.784686
-2.903743
-1.193546
-1.144575
0.103157
-0.670518
-0.892768
-1.023453
-2.625858
0.976511
0.605321
0.616042
0.590253
0.482750
0.982886
-0.148070
-1.642392
-1.337559
0.005795
-0.744408
-0.763533
-1.727874
-1.892750
1.294384
0.478114
0.571128
0.656609
0.615173
0.694858
0.887553
-1.446511
-1.396961
0.034772
-0.711955
-0.790481
-1.147183
-1.686147
1.526486
0.706739
0.658927
0.714852
0.606190
0.648496
0.049550
-1.878551
-1.426227
0.149519
-0.688194
-0.790192
-0.882047
-2.623539
1.454914
0.904069
0.594599
0.543021
0.673416
0.941159
-0.767010
-2.297843
-1.322781
0.204575
-0.651104
-0.798305
-0.861474
-2.704094
-1.490556
1.453175
1.111252
0.920586
1.115019
0.345111
-2.800876
-0.710506
-1.106326
0.217614
-0.526215
-0.618940
-0.857417
-0.679791
-2.393755
-0.573736
0.231523
-0.527954
-0.347429
-2.479236
-0.790191
-0.288317
-1.109223
0.256732
-0.421030
-0.442183
-0.635746
-0.858576
-0.604162
-1.029828
-1.315247
-1.453755
-0.770197
-0.779470
-0.508829
-0.332651
-1.013021
0.778890
0.006665
-0.119384
-0.121122
-0.102577
-0.125469
-0.236449
-0.146332
-0.249199
-0.136480
-0.244562
-0.064038
0.200228
-0.478983
0.308021
-0.815401
-0.849014
-0.968397
-0.937972
-0.972164
-1.146314
-1.224261
-1.156745
-1.070395
-1.114729
-0.987232
-0.645888
-1.792201
-2.027315
-1.271295
-1.219205
-1.470331
-1.436015
-1.434782
-1.284494
-1.269183
-1.298573
-1.183832
-1.347319
-1.385508
-1.494441
-3.037981
-2.309238
-1.443406
-1.455900
-1.603726
-1.424048
-1.378820
-1.761581
-1.656696
-1.537380
-1.392019
-1.361222
-1.242786
-1.457309
-2.482229
-2.253804
-1.609005
-1.680806
-1.725681
-1.554450
-1.354887
-1.946891
-2.198545
-1.761405
-0.960863
-1.300860
-1.492857
-1.260912
-2.073774
-2.219311
-1.503416
-1.413841
-1.277807
-0.987612
-2.562828
-3.330639
-2.374351
-1.849045
-2.089084
-0.929537
-2.307654
-1.253521
-1.748910
-2.314518
-1.501832
-1.308427
-1.091090
-1.649305
-2.265419
-1.825815
-2.626358
-2.525520
-1.970120
-1.207062
-2.198193
-1.567121
-1.437775
-2.363265
-1.409617
-1.264608
-0.964030
-2.560013
-1.418416
-2.985361
-2.916025
-2.732123
-2.418170
-1.999334
-0.630544
-0.391912
-1.472971
-2.404269
-1.310187
-0.990428
-0.028157
-1.285198
-1.579264
-2.883820
-2.592393
-2.296743
-2.313286
-2.000917
-0.375722
-0.079016
-1.310715
-2.357985
-1.368966
-1.383924
-0.471984
-1.509576
-1.044982
-2.777879
-2.581835
-2.202945
-2.416235
-2.074301
-1.032487
-0.831340
-1.431087
-2.313814
-1.473675
-1.327785
-0.240392
-0.522139
-1.480010
-2.635861
-2.513377
-2.364848
-2.329828
-1.751727
-0.360235
-0.233880
-1.781996
-2.242013
-1.526997
-1.417009
-1.129454
-1.608477
-2.088029
-1.903599
-1.837782
-1.818424
-1.905535
-0.641983
-2.499475
-1.483178
-1.647897
-2.209984
-1.496552
-1.564481
-1.590175
-0.771154
-1.569585
-0.861961
0.363931
-0.516860
-0.747221
-2.035234
-1.210229
-1.016121
-1.806633
-2.039281
-1.459244
-1.492681
-1.795018
-1.321450
-0.730502
-0.024637
1.402754
-0.567894
-1.074899
-1.466459
-1.198438
-1.174857
-1.614460
-1.820711
-1.197031
-1.288541
-1.484586
-1.297165
-1.027208
-1.031783
-0.979341
-0.959455
-1.118719
-1.244898
-1.210230
-1.257216
-1.370549
-1.987191
-1.000107
-1.200903
-1.472619
-1.402050
-1.496024
-1.361398
-1.328666
-1.305788
-1.359814
-1.532277
-1.398003
-0.886950
-2.002853
0.119326
0.981738
0.760385
0.688042
0.602332
0.469442
0.526058
0.596041
0.525861
0.615700
0.579725
0.698461
0.597614
0.998645
-0.193045
0.945174
0.605477
0.502664
0.403389
0.539229
0.658162
0.663469
0.691581
0.640076
0.677427
0.747804
0.370363
1.691405
-0.258507
0.624349
0.487134
0.479664
0.554759
0.975644
0.800292
0.403193
0.651281
0.805009
1.031277
1.054081
0.502468
1.462581
-0.156481
0.705342
0.498536
0.387073
1.104603
0.476125
1.019482
0.122275
0.262832
0.512297
0.550434
0.523502
0.799112
1.545343
-0.145668
0.677034
0.442903
0.845113
0.667401
0.648529
0.507382
0.245730
0.298807
0.278559
0.381176
0.556332
0.850027
1.835697
-0.195208
0.714581
0.514852
1.321631
0.183019
0.409484
0.247302
0.230396
0.236097
0.215849
0.265781
0.878532
0.107334
1.514873
-0.138591
0.735419
0.537263
0.660717
0.514459
0.333012
0.216635
0.331047
0.457647
0.349722
0.097702
0.779257
0.247106
1.479488
-0.159626
0.747804
0.469245
0.851797
0.106155
0.297038
0.141933
0.321807
0.371150
0.272268
0.275414
0.878728
0.150976
1.494428
-0.180267
0.813266
0.389432
0.888951
0.274431
0.455877
0.179874
0.166703
0.344218
0.069787
0.282294
1.108732
-0.148617
1.382769
-0.182823
0.768445
0.494604
0.639290
0.504433
0.478484
0.253396
0.084138
0.406928
0.458039
1.093398
0.109694
0.359355
1.521360
-0.153925
0.702786
0.597811
0.476519
0.909985
0.569896
0.036565
0.658751
0.678017
0.720675
0.251431
0.796163
0.548468
1.593310
-0.108514
0.802651
0.597811
0.510724
0.658358
0.670547
0.980952
0.783189
0.442116
0.768838
1.062927
0.851993
0.374688
1.699858
-0.078633
0.580118
0.437988
0.560460
0.403389
0.418920
0.379013
0.336158
0.371740
0.229413
0.444869
0.491262
0.274627
1.729345
-0.314730
1.554189
0.999627
0.984097
0.853959
0.826241
0.832335
0.746624
0.725590
0.795967
0.819164
0.959524
1.016927
1.982545
-2.838811
-2.028960
-2.153160
-2.552642
-2.596856
-2.678619
-2.802596
-2.838589
-2.897467
-2.831924
-2.841477
-2.600633
-1.950530
-3.263400
-2.864807
-1.820554
-2.202484
-2.638848
-2.915464
-2.874360
-2.768824
-2.608409
-2.574193
-2.536645
-2.959678
-2.840589
-2.005631
-3.160086
-2.728165
-2.142717
-2.547754
-3.321167
-2.990117
-2.443551
-3.687544
-4.873992
-5.209709
-4.126575
-2.825480
-2.652846
-2.862140
-3.021667
-2.709724
-2.422443
-3.040997
-3.348940
-2.879471
-5.382343
-6.576791
-4.677585
-5.262588
-5.605859
-4.734685
-3.119426
-2.624184
-3.165640
-2.725277
-2.487765
-3.060549
-3.177194
-4.558495
-5.241481
-4.121243
-4.573826
-4.547386
-4.418743
-4.129685
-5.055960
-2.851698
-2.935905
-2.762381
-2.629294
-2.815038
-3.266066
-5.956461
-3.924390
-5.005302
-4.561606
-4.062587
-4.053255
-4.114577
-3.800857
-3.677546
-2.668621
-2.827702
-2.694616
-2.624629
-3.539794
-4.981973
-4.391637
-4.900655
-4.176343
-3.757087
-4.107912
-4.512948
-3.349384
-3.128980
-3.026555
-2.859696
-2.706836
-2.736164
-2.758604
-5.753387
-4.198339
-4.731797
-4.091026
-3.761308
-4.139905
-4.013928
-3.052105
-3.824852
-3.245848
-2.774157
-2.674175
-2.896357
-2.938793
-5.703840
-3.846626
-4.672474
-4.479621
-4.130130
-4.160790
-4.032592
-3.621334
-3.888841
-3.156975
-2.704170
-2.489098
-3.081656
-2.847921
-4.510504
-4.908875
-3.826852
-4.854441
-4.553385
-4.318539
-3.643108
-3.809522
-2.678174
-3.112317
-2.708391
-2.435997
-2.937682
-3.248514
-2.901244
-3.939054
-4.241443
-3.256290
-3.897506
-3.787304
-3.663549
-3.200967
-2.818593
-3.387155
-2.610853
-2.210483
-2.514204
-3.087210
-2.920130
-2.547754
-2.612186
-2.887025
-2.654179
-2.815482
-2.506206
-3.108540
-2.594412
-2.965233
-2.347124
-1.783450
-2.194263
-2.358233
-2.469546
-2.394671
-2.215815
-1.854326
-2.174933
-2.474656
-2.514205
-2.426887
-1.865657
-2.329572
-3.788859
-2.494208
-2.875693
-3.064770
-3.158086
-3.182526
-3.158752
-3.261178
-3.099652
-3.060993
-3.192747
-2.990339
-2.323795
-4.494507
-1.465447
-0.625517
-0.920395
-1.048915
-1.069670
-0.985214
-0.817898
-0.948494
-1.019379
-0.968450
-0.843602
-0.839132
-0.681395
-1.833764
-1.782836
-0.698798
-0.666069
-0.758827
-0.611627
-0.452614
-0.785648
-0.582411
-0.458840
0.062424
0.065617
-0.136503
-0.537389
-2.006669
-1.836000
-0.602368
-0.818537
-0.739828
-0.694008
-1.099365
-0.919117
-1.084198
0.189826
0.917680
0.081103
-0.674850
-0.692731
-1.679062
-1.808220
-0.655851
-0.860046
-0.404399
-0.313397
-0.075196
-0.610670
-1.389613
-1.054343
-0.932528
-0.688420
-0.683631
-0.723384
-1.378756
-1.798481
-0.818856
-0.678043
-0.764255
-0.369754
0.142409
-0.846955
-1.459221
-1.418510
-1.019858
-1.128900
-1.030236
-0.603645
-1.625898
-1.829614
-0.768406
-0.051727
-0.479435
-0.099623
-0.320103
-1.378756
-1.345389
-1.000380
-0.589755
-1.019858
-1.837277
-1.831849
-1.886131
-1.875753
-0.777985
-0.411903
1.850529
0.598536
-0.415096
-1.294300
-0.861643
-0.701033
-1.023849
-0.770002
-0.479595
-0.287853
-1.894274
-1.853562
-0.885112
-0.988407
-0.881440
-0.492527
-0.358419
-1.246564
-0.886389
-0.809117
-1.135606
-0.901556
-0.236445
-0.031451
-1.332138
-1.852923
-0.885750
-0.858769
-0.376939
-0.082540
-0.999263
-1.439743
-0.991919
-1.162747
-0.939393
-1.220381
-1.154605
-0.417650
-2.003156
-1.818758
-0.900119
-0.855416
-0.056996
0.136662
-0.737114
-1.335331
-1.615840
-1.341717
-1.297972
-0.935881
-1.687683
-1.235868
-1.660862
-1.761283
-0.770960
-0.881440
-0.502266
-0.939393
-1.601152
-0.780060
0.265981
-0.816142
-1.317769
-1.097130
-0.399450
-0.954241
-1.588539
-1.714664
-0.563732
-0.714124
-1.066317
-0.845997
-0.811672
0.398492
1.961327
0.022990
-0.505618
-0.557346
-0.657927
-0.675488
-1.430004
-1.392965
-0.083338
-0.673413
-0.882557
-0.648188
-0.440480
-0.571395
-0.609073
-0.583529
-0.357780
-0.492048
-0.496678
-0.617215
-1.778365
-0.965257
0.123731
-0.194776
-0.430742
-0.438405
-0.429784
-0.313078
-0.409029
-0.425633
-0.473688
-0.575227
-0.485183
-0.372947
-1.739091
0.194145
0.829257
0.921306
0.738022
0.732320
0.759202
0.695935
0.645430
0.722817
0.705439
0.696207
0.732320
0.725803
0.487671
0.542791
1.161883
0.703266
0.658464
0.660093
0.768162
0.672040
0.851794
0.757030
0.617734
0.783097
0.788256
0.828714
0.763275
0.571031
0.850165
0.527043
0.520797
0.626423
0.768434
0.693763
0.130063
-0.015749
0.684531
0.966380
0.939227
0.942486
0.519983
0.640543
0.903385
0.638642
0.577547
1.015799
0.931353
0.237047
-0.070870
0.138481
0.482783
0.766262
0.806720
0.957148
0.498260
0.607959
0.887365
0.564242
0.686703
1.157267
0.437709
0.454272
0.371998
0.609317
0.413814
0.470021
0.921035
1.111378
0.581892
0.635927
0.962851
0.597098
0.803462
0.780110
0.461332
0.662537
0.837946
0.819482
0.842562
0.564785
0.632668
0.231073
0.560169
0.594383
0.956062
0.688604
0.268544
0.262571
0.610402
0.958506
0.833059
0.830343
0.983215
0.811064
0.959049
-0.055664
0.527314
0.565872
0.956877
0.459974
0.513737
-0.029597
0.414900
0.803733
0.779023
0.757573
1.014441
0.945472
1.059787
0.649775
0.696750
0.657106
0.994620
0.581892
0.743453
0.118116
0.458345
0.705439
0.743996
0.921306
1.073093
1.051370
0.269088
0.393721
0.656835
0.628867
0.907187
0.554739
0.451828
0.302486
1.056257
0.559626
0.612303
0.971811
0.808078
1.107577
0.817309
0.654934
0.326381
0.598455
0.908816
0.599813
0.593296
0.454815
0.834959
1.169215
0.451828
0.291896
0.886279
1.325345
0.720101
0.846907
0.426847
0.643258
0.973440
0.586508
0.602257
0.818667
0.703538
0.764361
0.686975
0.298413
-0.030412
0.872702
0.771964
0.893067
0.629138
0.582707
1.003309
0.776037
0.840933
0.877046
0.779567
0.714671
0.598184
0.716843
0.619363
0.775222
0.732592
0.984845
0.700280
0.414085
0.769520
0.839847
0.790428
0.847178
0.740738
0.743725
0.694849
0.769520
0.806720
0.782554
0.789070
0.871616
0.581349
-0.188687
-0.061780
-0.245901
-0.351505
-0.349375
-0.339636
-0.434893
-0.570930
-0.553279
-0.519193
-0.508541
-0.433371
-0.072736
0.057824
-0.509150
0.041998
-0.589190
-0.663143
-0.663752
-0.706663
-0.665273
-0.467456
-0.363679
-0.469891
-0.629666
-0.601059
-0.188991
-0.623884
-0.846048
-0.300073
-0.620841
-0.801615
-0.785181
-0.479630
-1.542972
-2.108120
-2.294676
-1.626055
-0.727966
-0.341463
-0.216381
-0.748661
-0.778181
-0.252597
-0.666491
-0.665882
-0.717923
-3.284674
-2.567359
-2.384454
-1.674444
-1.458671
-2.487319
-1.991560
-0.200556
-0.713663
-0.814701
-0.325028
-0.674403
-0.524063
-2.718917
-3.369278
-1.279419
-1.522886
-1.276680
-1.130600
-1.031083
-2.884475
-0.442197
-0.667404
-0.847874
-0.266292
-0.572147
-0.562104
-3.255762
-1.391109
-1.435542
-1.066690
-0.942522
-1.020126
-1.049951
-1.376806
-1.629707
-0.776659
-0.905089
-0.297943
-0.364896
-1.614186
-2.147987
-0.931870
-1.105948
-0.996693
-0.781529
-0.881655
-1.126948
-1.049343
-2.153465
-0.762965
-0.947087
-0.302508
-0.569104
-1.046908
-2.900909
-0.787615
-1.098340
-0.937347
-0.777268
-0.857004
-0.935217
-1.288245
-2.098989
-0.606537
-0.799485
-0.316507
-0.617493
-0.161905
-2.895431
-1.187206
-1.122687
-1.175032
-1.080689
-0.892002
-0.977824
-1.296766
-1.777613
-0.828396
-0.800398
-0.334463
-0.683838
-0.335680
-2.737786
-2.249939
-1.073080
-0.996085
-0.910262
-1.162555
-1.024083
-3.354670
-0.361244
-0.856699
-0.807397
-0.249858
-0.662839
-0.529236
-0.084300
-2.112989
-2.045427
-1.316852
-1.427629
-1.829046
-2.669311
-0.511585
0.162819
-0.894741
-0.800702
-0.160992
-0.596190
-0.665578
-0.454979
-0.186252
-0.695707
-1.098340
-1.249290
-1.567927
-0.353027
-0.335376
-0.124472
-0.632405
-0.717619
-0.026173
-0.339636
-0.297030
-0.291247
-0.178340
-0.238598
-0.242858
-0.001217
-0.302812
-0.270553
-0.269640
0.066649
-0.512802
-0.430936
-0.624188
-0.772399
-0.866134
-0.849395
-0.949521
-0.930957
-1.031387
-1.035648
-0.914523
-0.936131
-0.905393
-0.560887
-0.510368
0.682650
0.383894
0.240763
0.117528
-0.012647
0.002005
-0.199273
-0.210378
-0.058301
-0.172282
-0.144519
0.101642
0.257421
0.035166
0.626199
0.427389
0.601676
0.226265
0.079894
0.069561
0.000000
0.685735
0.530419
-0.047196
0.207756
0.390218
0.479675
0.100254
0.194029
0.321120
0.345798
-0.151769
0.130484
0.640081
1.748268
4.175795
4.476091
2.627107
0.660132
0.010334
0.527334
0.131564
0.186163
0.370013
0.267137
-0.005552
0.207910
1.697062
3.786347
3.118812
3.117271
1.844820
0.442658
-0.668769
0.373715
0.008791
0.235519
0.444972
0.389293
0.311712
-0.375103
0.519622
0.864803
0.874365
0.697765
1.143046
1.265971
0.775809
0.710567
0.274386
0.207602
0.526563
0.408572
0.135111
0.025911
0.786605
0.011259
-0.181690
-0.172128
0.242305
0.620801
0.750668
-0.199890
-0.191561
0.222409
0.387133
0.286725
0.323588
0.496177
0.326827
-0.270685
-0.128633
-0.093467
-0.011876
-0.119533
-0.090999
-0.568669
0.068635
0.252639
0.509443
0.497566
0.301995
-0.807890
0.218090
-0.354589
-0.088378
0.121384
0.032390
-0.310940
0.171974
-0.127553
0.163028
0.190945
0.576690
0.539210
0.359062
-0.525021
0.540598
-0.276854
-0.439265
-0.208836
-0.198502
0.777659
0.559261
0.125240
0.073571
0.278859
0.506049
0.349191
0.695143
1.157544
2.716872
0.816527
-0.221021
0.058455
0.308627
1.840656
-0.040410
1.305147
0.725374
0.267292
0.437568
0.337315
0.572988
1.585087
2.058592
1.825233
-1.327820
0.020976
-0.391760
0.501114
0.894571
0.986341
0.116911
0.196960
0.412891
0.197114
0.025757
0.321429
0.322200
0.029614
-0.949788
1.017497
-0.415050
0.238758
0.691904
0.515458
-0.117219
0.311866
0.477670
0.479983
0.121692
0.113672
0.025295
-0.171048
-0.053520
0.241071
0.246007
0.264978
0.329912
0.215468
0.391760
0.673550
0.457002
0.387596
0.136191
0.099174
0.080666
0.209607
0.242305
0.246161
0.154082
0.083442
0.301840
0.636533
0.525175
-1.771466
-1.224862
-1.463896
-1.580425
-1.599100
-1.633648
-1.568847
-1.655124
-1.439993
-1.425240
-1.465017
-1.505727
-1.451011
-1.882206
-1.883513
-1.336723
-1.380982
-1.433644
-1.563992
-1.780429
-1.623003
-1.440553
-1.272856
-1.486119
-1.600967
-1.550359
-1.357451
-2.028241
-1.827863
-1.391439
-1.470993
-1.661473
-1.605823
-1.336536
-1.515438
-1.480330
-1.513944
-0.873408
-1.393867
-1.603021
-1.571275
-1.919929
-1.770345
-1.494709
-1.591444
-1.600780
-0.804125
-1.375939
-2.387352
-0.638669
-0.198136
-0.366955
-0.663693
-1.586961
-1.585468
-1.811242
-1.822447
-1.682201
-1.375379
-0.994045
-1.221128
-1.497510
0.528863
-0.901606
-0.800951
-0.027078
0.814770
-2.139167
-1.896212
-1.911525
-1.923476
-1.538034
-1.372018
-1.161182
-2.728161
-0.042951
-0.548471
-1.203387
-1.322904
-1.179857
-0.287401
-0.858281
-2.536001
-2.046168
-1.920862
-1.563431
-1.160062
-1.300494
-1.861290
-0.216251
-1.431402
-1.585654
-1.439059
-1.373512
-0.861643
0.191974
-0.962112
-1.940471
-1.900694
-1.460908
-1.333548
-1.152032
-1.368469
-0.001494
-1.291904
-1.679214
-1.575383
-1.583973
-1.514318
-0.175541
-1.567540
-2.007325
-1.878471
-1.516372
-1.264452
-0.797963
-2.315828
-0.032867
-1.111321
-1.559696
-1.692286
-1.697141
-0.955389
-0.580218
-2.678301
-2.095655
-1.799664
-1.539154
-1.354837
-1.076026
-2.280347
-2.017036
-0.102710
-0.760987
-1.237561
-0.922335
0.149396
-2.063536
-1.548492
-1.937856
-1.772213
-1.532058
-1.511703
-1.379488
-0.921588
-2.458128
-2.130764
-1.142134
-0.659024
-1.247272
-2.485580
-1.452131
-1.215152
-1.814977
-1.660166
-1.501059
-1.405445
-1.441674
-1.275657
-0.948666
-1.933000
-2.123107
-1.930946
-1.857368
-1.717123
-1.411981
-1.172013
-1.651576
-1.707973
-1.411234
-1.376687
-1.531311
-1.490041
-1.488734
-1.384903
-0.936528
-1.057725
-1.220754
-1.452878
-1.432150
-1.343632
-1.628793
-1.958585
-1.198905
-1.025979
-1.118231
-1.211230
-1.074532
-1.071358
-0.966967
-0.978359
-0.947172
-1.168092
-1.177429
-1.029153
-1.668009
2.217665
1.613247
1.329035
1.369591
1.374477
1.423338
1.432459
1.333107
1.285874
1.371219
1.374314
1.314540
1.487835
2.121896
1.596960
1.264050
1.060459
1.087822
1.131309
1.043358
1.025442
1.077398
1.328384
1.274799
1.135055
1.065020
1.226914
1.279197
1.256557
1.291575
1.128377
1.165675
1.022836
1.246459
1.172027
1.664226
1.429202
1.305908
1.288806
1.183591
1.335224
1.221703
1.279848
1.385389
1.232778
1.231638
1.090591
1.108181
1.433436
1.531811
1.324964
1.317471
1.297112
1.051176
1.421547
1.359655
1.229520
1.369753
1.224960
1.219748
0.877554
1.581161
1.519107
1.436205
1.363401
1.619762
1.240759
1.281965
1.239781
1.483438
1.233592
1.420732
1.371056
1.481809
1.545492
1.753643
0.894493
1.375454
1.416009
1.384738
1.515035
1.736541
1.343531
1.508520
1.234407
1.368613
1.542072
1.695009
1.683282
1.676604
1.214048
1.553147
1.509335
1.545492
1.314703
1.301998
1.503145
1.474806
1.217957
1.416009
1.471874
1.510312
1.543375
1.835567
1.200204
1.543700
1.515849
1.588327
1.358678
1.035052
1.273170
1.446629
1.249065
1.402979
1.271216
1.552170
1.437671
1.586047
1.093848
1.359004
1.344182
1.282291
1.379363
1.451026
1.651685
1.371056
1.255254
1.362913
1.227240
1.557056
1.438323
1.586047
1.218608
1.377083
1.232778
1.479855
1.125283
0.802796
1.618622
1.380503
1.250857
1.355421
1.174144
1.297275
1.573180
1.173493
1.520736
1.357701
1.197598
0.804262
0.406691
1.459170
1.267307
1.290760
1.170235
1.315680
1.064205
1.141407
0.963388
1.423827
1.874168
1.190431
1.148736
1.415683
1.325615
1.302813
1.207370
1.269099
1.309491
1.471223
1.215676
1.201506
1.272356
1.250368
1.286037
1.212256
1.158671
1.151016
1.148573
1.249880
1.318774
1.411448
2.194700
1.335387
1.079353
1.101340
1.081633
1.148736
1.230498
1.231149
1.175936
1.161929
1.140104
1.118605
1.115185
2.213919
-0.144812
0.621031
0.666187
0.397584
0.380716
0.400439
0.497240
0.473883
0.501133
0.581065
0.491790
0.536168
0.336078
-0.917662
0.224744
1.061955
1.098807
0.977870
0.977351
0.980725
0.541877
0.480371
0.468952
0.748455
0.893786
1.114118
1.158496
-0.332445
0.377861
0.797245
0.646464
0.601567
0.518261
0.289624
0.737296
3.031191
2.619853
2.217077
1.082457
0.519299
1.058581
-0.154155
0.431322
0.641273
0.720427
0.814633
0.433917
2.557048
2.247960
1.227009
0.641273
1.818196
2.461026
1.094654
1.033927
0.010121
0.421460
0.702261
0.845256
0.424834
1.797953
2.169326
-0.474921
-0.729510
-0.653731
-0.311683
0.447672
2.506442
1.057284
0.192564
0.402256
0.821380
0.780895
0.424834
2.471926
0.051904
-1.027439
-0.551998
-0.405889
-0.211509
-0.614024
2.015171
3.129290
0.317133
0.400180
0.885741
0.657623
2.430403
3.048059
-0.815670
-0.535130
-0.384608
-0.236163
-0.167131
-0.444298
0.367221
2.564055
0.285731
0.410301
0.826051
0.582362
0.729251
1.831950
-0.491271
-0.533832
-0.355282
-0.278724
-0.199052
-0.330888
0.502171
2.060068
0.134172
0.376563
0.756241
0.760652
0.076299
3.014063
-0.073185
-0.641014
-0.158307
-0.184778
-0.179847
-0.501133
1.761620
2.506701
-0.078375
0.432879
0.660997
0.750012
0.263672
2.085501
2.010241
-0.524230
-0.757279
-0.711863
-0.737556
0.885741
2.124948
1.272426
0.013495
0.488935
0.659699
0.626740
0.533573
0.463762
1.544921
2.078494
1.589040
1.648989
1.715426
2.222528
1.128911
0.722503
-0.104846
0.533832
0.791276
0.664630
0.502949
0.677866
0.641533
1.431511
2.826949
2.356180
1.283325
0.886260
0.603903
0.908060
0.123791
0.556151
1.089723
0.969566
0.718351
0.861346
0.862644
0.750272
0.803214
0.735220
0.711603
0.761431
0.899496
0.982282
0.340490
-0.171283
1.313689
0.941538
0.751569
0.656845
0.693696
0.803214
0.872765
0.884703
0.864201
0.737036
0.801397
1.181334
-0.158307
1.258519
0.077215
0.210420
0.112901
-0.023687
0.011998
0.011690
-0.069217
-0.011382
0.068602
0.179041
0.127359
0.173504
0.619262
0.201191
-0.705091
-0.524203
-0.798918
-0.708782
-1.007800
-1.164076
-1.007800
-1.141619
-0.946581
-0.979805
-0.467599
-0.398075
-0.405458
-0.025841
-0.798303
-0.641719
-0.854292
-1.129929
-0.884132
0.292249
0.311322
0.470060
1.354193
0.087367
-0.994264
-0.275945
-0.171043
0.028610
-0.862905
-0.554659
-0.833065
-0.806609
0.658945
-0.559273
-0.868443
-1.154232
0.182117
0.960732
-0.352238
-0.284251
-0.094443
0.007383
-0.812761
-0.570963
-1.136389
0.609725
-0.070755
-1.172382
-1.441867
-1.451404
-0.939813
-0.846293
0.778615
-0.178118
-0.542661
0.002769
-0.723856
-0.842294
-0.546353
0.283021
-0.968115
-1.468016
-1.057636
-1.108087
-1.088091
-1.408028
-0.246413
1.242830
-1.034871
0.024303
-0.665714
-0.804455
1.719042
-0.430991
-1.289898
-1.243137
-1.309893
-1.313893
-1.123469
-1.484321
-0.525126
1.260365
-0.877364
-0.020919
-0.666021
-0.793073
0.561427
-0.120591
-1.211451
-1.335734
-1.307124
-1.280361
-1.281591
-1.450173
-0.831835
0.547583
-0.856445
-0.047683
-0.700168
-0.582961
0.127975
1.167152
-1.639982
-1.338195
-1.065942
-1.171459
-1.034563
-1.305279
0.398382
2.155264
-0.866289
-0.019073
-0.907819
-0.550044
-0.984420
0.869366
0.776153
-1.431715
-0.886901
-1.023181
-1.047484
0.589421
-0.254411
-0.275330
-0.506361
-0.035070
-0.851523
-0.807839
-1.048715
-0.336241
0.859521
1.133313
0.794304
0.546968
0.147970
0.850600
-0.014766
-0.078754
-0.368850
0.018766
-0.765694
-0.729701
-0.827220
-0.933045
-0.398690
0.089213
2.551185
1.329890
0.012921
-0.752158
-0.281482
-0.560504
-0.340855
-0.052297
-0.717088
-0.418378
-0.646333
-0.584192
-0.748159
-0.890592
-0.849370
-0.555582
-0.622645
-0.822606
-0.642334
-0.508207
-0.103364
0.916125
-0.458678
-0.569733
-0.797380
-0.654947
-0.910280
-0.728163
-0.681403
-0.711551
-0.609417
-0.758311
-0.666021
-0.151662
0.334087
0.592789
1.083412
1.017068
0.856683
0.856824
0.911440
0.931718
0.985626
1.004279
0.984991
0.899923
0.918152
0.873710
0.028332
1.195046
1.615226
1.456537
1.463603
1.460282
1.457950
1.549165
1.504935
1.514403
1.537436
1.428134
1.415204
1.533762
0.860145
1.212780
1.503875
1.328512
1.374154
1.448624
1.637483
1.534115
1.783454
1.777943
1.787552
1.478369
1.764589
1.759220
1.105951
1.219209
1.438591
1.337909
1.719088
1.567535
1.856299
1.974291
2.085572
1.989976
1.841885
1.669348
1.376203
2.184276
1.153289
1.204443
1.454417
1.515816
1.785150
1.585057
2.383733
2.083452
1.981357
1.884278
2.028624
1.749964
1.730110
2.022972
1.571774
1.187910
1.513484
1.785362
1.516310
2.161737
2.241506
1.815602
1.445374
1.487272
1.654016
2.084158
1.987080
1.505995
1.753002
1.180845
1.521044
1.821749
1.600460
2.156296
1.973726
1.647939
1.517936
1.578062
1.608373
1.928507
2.008417
1.750247
1.731876
1.199215
1.472293
1.786492
1.640026
1.989058
2.139339
1.645961
1.530017
1.592970
1.671750
1.904414
2.000363
1.676484
1.608373
1.193280
1.443325
1.645608
1.639531
2.024738
2.467952
1.776106
1.523023
1.567040
1.610210
2.138138
2.222146
1.802884
1.492147
1.259694
1.455901
1.470597
1.800764
1.605971
2.080767
2.259099
2.103730
2.088398
2.228858
2.023184
1.780981
1.769959
1.341229
1.294810
1.464804
1.352322
1.536447
1.676272
1.416900
1.890919
1.974079
2.022760
1.725659
1.702484
1.541817
1.864706
1.156186
1.327169
1.517017
1.372812
1.333245
1.557219
1.714496
1.684891
1.750035
1.842380
1.635646
1.564921
1.753850
1.526273
1.308658
1.472505
1.688142
1.427074
1.316006
1.318620
1.328441
1.416688
1.510446
1.472646
1.382986
1.333316
1.364899
1.425802
1.446928
1.233411
1.626248
1.459646
1.341936
1.329501
1.311767
1.367583
1.377122
1.398601
1.385247
1.318408
1.396622
1.576225
1.059955
2.963868
1.736795
1.978280
2.126485
2.103994
2.135718
2.086711
1.965732
1.983251
2.069902
2.218344
2.160103
1.806163
2.615846
2.117488
1.118878
1.440148
1.525378
1.642332
1.370307
1.331480
1.419314
1.283893
1.451985
1.412211
1.590721
1.436360
1.562074
2.143767
1.304727
1.506911
1.796219
1.427600
1.510462
2.554765
3.327279
3.279455
3.252466
2.067771
1.424049
2.016160
1.774201
2.172178
1.303307
1.710753
1.719512
1.375989
3.575392
3.316152
2.279425
1.696311
2.554054
2.627447
1.867954
1.926431
1.817053
2.136665
1.351840
1.681396
1.276554
2.857568
3.324675
1.419787
1.975912
1.754788
1.750526
1.371964
3.690453
2.130510
1.582908
2.173835
1.450565
1.450328
1.611318
4.060493
1.598296
2.016396
2.270665
2.032259
2.069665
1.469505
2.268298
3.582495
1.533664
2.187330
1.493180
1.362731
3.596226
3.626530
1.863929
2.289369
2.023736
1.804505
1.956735
1.823682
1.490812
3.402328
1.547158
2.160814
1.510699
1.451985
2.370574
3.684297
1.758339
2.175492
1.962181
1.749106
1.887131
1.657010
1.239147
3.291056
1.658904
2.117725
1.468321
1.645173
1.748159
4.568321
1.259034
2.006926
2.242255
1.915541
2.081739
1.372437
2.260248
4.364716
1.545028
2.119382
1.324614
1.701283
1.288628
3.390728
3.452282
1.161493
2.080555
1.778700
1.653222
1.853276
2.838628
1.989407
1.741530
2.123881
1.305437
1.469268
1.460271
1.460271
2.524461
2.955345
2.630998
2.554291
2.265694
2.714571
2.181884
1.858721
1.825813
2.071795
1.259034
1.342133
1.579830
1.447960
1.517802
2.037941
3.352611
2.743454
2.202008
1.502650
1.818474
1.482763
1.666717
2.022789
1.249328
1.498151
1.492469
1.574148
1.488208
1.356338
1.232755
1.438964
1.605636
1.494600
1.524194
1.328402
1.606346
2.806903
1.691102
1.741767
1.731113
1.835520
1.742714
1.901809
2.000297
1.939926
1.926431
1.895180
1.764731
1.742714
2.497945
-2.085359
-1.142663
-0.847404
-1.013687
-1.005799
-0.945468
-0.884924
-0.921378
-0.951437
-0.888335
-0.943976
-0.869149
-1.136694
-2.420057
-1.355420
-1.227297
-1.002388
-0.914130
-0.768100
-0.673446
-1.296368
-1.690544
-1.454763
-1.235824
-0.773003
-0.692846
-0.898994
-1.651958
-1.105356
-1.048009
-0.907735
-0.872133
-1.126887
-1.438774
-2.272322
-2.162318
-1.278035
-1.224099
-0.947173
-1.379936
-0.997485
-1.284217
-1.163768
-0.986186
-0.664706
-0.898781
-1.709517
-2.496378
-3.109919
-1.606337
-1.650253
-2.199413
-0.651702
-1.231987
-1.652384
-1.150977
-1.202141
-0.908801
-0.744010
-1.359684
-0.973608
-1.663043
-2.014157
-2.051250
-1.789248
-1.802252
-1.144795
-0.922871
-1.975144
-1.167605
-1.208537
-0.829283
-0.727595
-1.353288
-1.065704
-1.505501
-2.033130
-1.449860
-1.296795
-1.207044
-1.407437
-1.699285
-2.248019
-1.122411
-1.236250
-0.754030
-1.125608
-1.602499
-1.348598
-1.673703
-1.544726
-1.266309
-1.218130
-1.195106
-1.495481
-1.436003
-0.068219
-0.967639
-1.204699
-0.845272
-0.967000
-0.320201
-0.354310
-1.294237
-1.462651
-1.164407
-1.171442
-1.174001
-1.566898
-1.107914
-0.095506
-1.183807
-1.194680
-0.863179
-0.693059
-0.593929
-1.048649
-1.578197
-1.558370
-1.077642
-1.008997
-1.229642
-1.753007
-2.093673
-1.293170
-1.237316
-1.165474
-0.963802
-0.786220
-1.170377
-1.858106
-1.630000
-1.993904
-1.932507
-1.796709
-1.991346
-1.198943
-1.723374
-1.681591
-1.068475
-1.176772
-0.989384
-0.779398
-1.026691
-1.187005
-0.626546
-0.986400
-1.388677
-1.935279
-1.645136
-1.378017
-1.536199
-1.383560
-1.239448
-1.153961
-1.010915
-0.796666
-0.938433
-1.032873
-1.203420
-1.324295
-1.531936
-1.864075
-1.624031
-1.559650
-1.218983
-0.836105
-1.235184
-1.206191
-0.878102
-0.827578
-0.802209
-0.788992
-0.717575
-0.914343
-1.230921
-1.166540
-0.907735
-0.916049
-0.738680
-0.984267
-1.256503
-1.224525
-0.423169
-0.375203
-0.462608
-0.456212
-0.449817
-0.386501
-0.382025
-0.375842
-0.377761
-0.452588
-0.409952
-0.157542
-1.334102
-0.099488
0.774832
0.247294
-0.179015
-0.328880
-0.501241
-0.935470
-1.122881
-1.164387
-1.172625
-0.779901
-0.339335
0.202619
-0.136400
-1.280350
0.358504
-0.324919
-0.981095
-1.439721
-1.858742
-0.796694
-0.902360
-0.503775
-0.501082
-1.803294
-1.883930
-0.418229
-0.698315
-1.005175
-0.243650
-0.764535
-1.628082
-1.536832
-0.613719
-0.692929
-0.880498
0.001584
-0.589797
-0.483181
-1.079949
-1.115593
-0.390822
-1.008818
-0.748534
-1.471721
-1.577546
-0.370861
-0.845170
-0.882874
2.452341
1.205575
0.106775
-0.490627
-0.726355
-0.711147
-0.502033
-0.997570
-0.953530
-1.389343
-0.877013
-0.508211
1.386333
1.299201
0.475260
-0.079844
0.627026
0.900776
-0.794635
-0.153509
-0.572847
-1.069968
-0.929608
-0.751386
-0.628294
-0.653958
0.719860
-0.486349
-1.207952
-0.899192
-0.622115
1.076939
0.146538
-0.419338
-0.390188
-1.023551
-0.921054
-0.124677
-0.270423
-0.594709
-0.052595
-1.845276
-1.530178
-1.035275
-1.682895
-0.620373
0.613402
1.130643
-0.270740
-1.064424
-0.776575
0.063527
1.404551
-0.483340
-0.803348
-2.376933
-2.302634
-1.855731
-2.339070
-1.308074
-0.160955
0.115488
0.180124
-1.032581
-0.770713
-0.224164
1.424829
0.002376
-0.252997
-2.359982
-3.044990
-2.702169
-2.339546
-0.230026
0.502350
0.778159
0.511221
-0.966045
-0.664413
-0.771822
0.787189
1.262766
-0.584094
-0.870518
-1.155674
-0.851982
-0.310978
0.038021
1.007076
1.275756
0.332841
-1.047473
-0.673443
-1.089771
-0.639383
1.166763
0.268521
-1.064424
-1.353540
-0.800813
-0.811744
0.250779
0.188520
0.250937
-0.544965
-1.028938
-0.687543
-1.016739
-1.463800
-0.237947
0.706553
1.037017
0.923905
0.198975
0.816813
0.143053
-0.395258
-0.801763
-0.615145
-0.685008
-0.008555
-0.406347
-0.587580
-0.325711
0.039288
0.617838
1.288112
1.059988
0.222263
-0.283255
-0.679622
-0.424724
-0.362465
-1.791888
0.183292
-0.379099
-0.496488
-0.427575
-0.494746
-0.064002
-0.179490
-0.126894
-0.186460
-0.461319
-0.518033
0.007129
-1.356392
-0.845674
-0.131105
-0.148882
-0.239354
-0.220624
-0.173325
-0.537752
-0.692030
-0.614256
-0.521880
-0.201260
-0.171103
-0.138406
-0.431090
0.465057
0.765995
0.232370
0.136819
0.156500
0.796469
-0.324429
-2.069741
-2.273859
-1.077408
0.313001
0.379664
0.701236
1.427233
0.890116
1.416440
0.573623
0.637112
0.121581
-1.877686
-2.604953
-3.135723
-2.967476
-3.556336
-1.632303
-0.829484
1.094551
1.501832
0.644413
1.278034
0.744726
0.598066
-1.660555
-2.173864
-2.015775
-2.583367
-2.240210
-2.665586
-1.602462
-1.230100
-0.197768
1.618017
0.683142
1.311683
1.022808
-0.244750
-0.725362
-1.690395
-2.311000
-1.274224
-0.677745
-1.547544
-0.794883
-0.863768
-1.318031
1.638334
0.737424
1.514848
0.979635
-1.021538
-0.373633
-0.563465
1.251368
1.072012
1.181847
1.450089
0.725679
-1.117406
0.189832
2.036409
0.691395
1.463421
0.929796
1.713568
1.945303
1.876418
1.336126
1.031697
1.020268
1.063123
1.956731
0.579654
1.253273
1.997682
0.752027
1.525958
1.010110
0.126978
1.218354
1.994507
1.295493
1.028204
0.939637
1.177721
1.617700
0.273320
1.365966
1.978635
0.728853
1.387235
0.958049
-0.029840
-0.611082
-0.445375
1.002174
1.018046
1.100899
1.212640
-0.907575
-1.422154
0.271415
1.742138
0.688538
1.362792
0.819326
0.150152
-1.673253
-2.924622
-1.670395
-1.826261
-1.861498
-1.996411
-2.710664
-1.255495
-1.433582
1.973873
0.679650
1.314222
0.535212
0.539021
-1.538974
-2.470358
-1.457707
-2.319253
-3.217622
-2.375758
-1.807531
-2.257351
0.171103
1.388822
0.627906
1.250098
0.505055
0.392044
0.295859
-1.312000
-1.281208
-1.751979
-2.511625
-1.888163
-1.620556
-0.399346
0.800279
0.935828
0.631398
0.527276
-0.146025
-0.303795
-0.222212
-0.013968
-0.390140
-1.534529
-1.234861
-0.467279
-0.025078
-0.145072
-0.073330
0.094916
-0.766312
-0.315858
-0.616161
-0.672031
-0.679967
-0.748218
-0.854562
-0.969477
-0.986619
-0.948526
-0.776153
-0.640287
-0.836468
-1.035188
-1.654906
-0.144112
-0.135401
-0.392941
-0.484199
-0.731841
-0.860116
-0.741145
-0.710462
-0.733029
-0.657608
-0.477468
-0.355924
-0.877140
-0.417686
0.395911
-0.063544
-0.688686
-0.802709
-0.602576
-0.080370
0.083141
0.037809
0.320490
-0.200529
-0.518445
-0.295547
0.139954
-0.301882
-0.083537
-0.423031
-0.985026
-0.228044
0.111053
0.532698
0.220918
0.224284
1.137055
0.633259
0.068295
-0.420259
-0.107490
-0.263083
-0.172815
-0.691854
-0.516663
0.911386
-0.479250
-0.333159
-0.449755
-0.709472
0.206864
-0.732039
0.165491
0.431542
0.010096
-0.221512
-0.170835
-0.362654
0.352757
0.401651
-0.451536
-0.098582
-0.269219
-0.456287
-0.084527
-0.646324
0.665130
0.949591
0.006136
-0.201518
-0.258728
-0.071462
0.627123
-0.734018
-0.810627
-0.540022
-1.265528
-1.278989
-1.069750
-0.505776
-0.361466
1.824553
0.171627
-0.164897
-0.255164
0.232004
1.249494
-0.257342
-0.392150
-1.394199
-1.312839
-1.068365
-1.498324
-0.858136
-0.787862
0.706305
0.255956
-0.242297
-0.187661
-0.018608
0.912970
-0.019004
-0.555463
-1.372424
-1.342533
-1.143786
-1.556324
-0.640979
-0.639594
-0.049885
0.253383
-0.213000
-0.260905
-0.271793
0.030485
0.965230
-0.088684
-0.786080
-1.362328
-1.282354
-0.805084
-0.349589
0.473905
1.347482
0.198945
-0.210427
-0.227847
-0.397692
-0.140944
-0.047905
-0.661567
0.019598
0.523988
0.373740
0.293963
0.100759
0.239328
0.707096
-0.002376
-0.213396
-0.179545
-0.633457
-0.454307
0.467571
-0.173607
-1.435572
-0.661171
0.448765
-1.230688
0.648501
0.612870
0.312175
-0.268229
-0.252195
-0.092247
-0.449359
-0.877734
-0.455297
-0.097196
0.607525
1.675889
0.854969
0.604951
0.502806
-0.359091
-0.495680
-0.065721
-0.369187
-0.066117
-0.110063
-0.475687
-0.644345
-0.579613
-0.499639
0.240120
0.251007
-0.235765
-0.442232
-0.578425
-0.233587
-0.004157
-0.168262
1.133888
0.733226
0.501619
0.522602
0.297725
0.304257
0.122732
0.143716
0.241703
0.307029
0.484594
0.810231
0.390961
1.805218
2.108644
1.862994
2.001658
1.953644
1.839684
1.764575
1.842275
1.819363
1.892281
1.946870
2.046086
1.767165
2.857348
1.081218
2.065810
2.013413
2.101472
2.022976
2.120199
2.514674
2.559700
2.728248
2.471640
2.226588
2.099281
1.708592
2.654931
1.046353
2.143509
2.180765
2.335766
2.404699
3.111565
2.379397
0.964868
1.336431
2.070791
2.749964
2.716095
2.051864
2.632219
1.059502
2.211447
2.140521
2.376608
2.916520
1.074245
0.645902
-0.064750
0.233098
0.339487
0.586930
1.732300
2.317038
2.781840
1.085003
2.162436
2.201286
2.910144
1.521117
0.532142
1.508366
1.340216
1.262915
1.201752
0.781378
1.435448
2.310464
3.130292
1.039181
2.228780
2.460484
3.050601
0.577765
0.970048
1.413931
1.211514
1.258532
1.287819
1.266103
0.643312
0.798711
3.053191
1.104727
2.256672
2.630028
1.743058
0.639128
1.782506
1.132619
1.304754
1.383051
1.228250
1.170871
0.682759
1.253950
3.098217
1.048146
2.286756
2.593768
2.501923
0.539713
1.637865
1.184817
1.274471
1.315313
1.143178
1.041372
0.730774
1.500397
3.144637
1.020852
2.268625
2.354892
3.097619
0.508832
1.404368
1.146565
1.188005
1.115087
0.930402
0.751493
0.853100
1.279850
2.832843
1.000929
2.222803
2.282572
2.957362
1.537055
0.203613
0.891950
1.067272
0.782374
0.871031
0.847921
1.176250
2.048477
3.046616
1.065678
2.182359
2.189930
2.521448
2.860138
1.333642
-0.638132
0.391486
0.569199
0.371563
0.714437
2.316640
2.125977
2.866513
1.055119
2.117410
2.059236
2.187938
2.493157
2.455304
2.086331
0.728782
0.918647
1.707197
2.394937
2.408684
1.817769
2.768891
1.031809
1.837493
1.692653
1.942487
1.810398
2.008830
1.927346
1.948464
1.907024
1.815578
1.975958
1.965398
1.407556
2.515072
1.188802
2.797580
2.276595
2.313054
2.234756
2.340348
2.437971
2.412270
2.360271
2.362263
2.319031
2.338555
2.040707
3.505043
-0.736559
-0.940823
-0.965576
-1.112014
-1.198546
-1.234739
-1.334584
-1.372025
-1.395322
-1.266981
-1.213315
-1.161936
-0.985129
-0.415809
-2.192827
-1.498079
-1.680086
-1.845453
-1.960066
-2.084247
-1.353512
-0.421842
-0.286844
-0.895061
-1.728136
-1.826940
-1.579618
-1.773690
-2.504424
-1.826940
-1.656165
-2.043478
-1.780970
-0.286220
-1.554865
-4.240049
-4.180350
-1.515967
-0.605929
-1.181281
-1.729384
-1.722104
-2.417476
-1.735000
-1.756425
-1.970258
-0.922935
-5.358094
-6.577235
-6.465742
-6.100894
-5.296942
-4.941454
-2.517321
-1.505983
-1.728136
-2.481127
-1.755593
-1.813211
-1.277174
-4.038073
-7.111609
-4.512748
-5.065428
-5.068964
-5.006770
-5.079155
-3.658665
-0.822466
-1.637652
-2.494440
-1.749769
-1.712535
-0.588249
-5.836515
-5.172136
-5.477492
-5.081860
-4.858875
-4.900476
-5.610409
-4.480299
-2.490280
-1.651589
-2.482375
-1.759545
-1.418411
-1.701511
-5.352271
-4.490075
-5.139687
-4.716804
-4.550606
-4.724709
-5.765169
-4.509212
-2.413316
-1.540097
-2.588459
-1.704423
-1.834637
-0.449091
-5.798866
-4.476140
-5.007185
-4.666676
-4.508589
-4.839114
-5.614364
-4.757575
-2.618621
-1.630164
-2.500472
-1.726888
-1.926992
0.040978
-5.038177
-5.225802
-5.241403
-4.826633
-4.882380
-4.919821
-5.891431
-4.373798
-1.941553
-2.113160
-2.462198
-1.726056
-1.815500
-1.163601
-2.791685
-5.485396
-5.363088
-4.913165
-5.212698
-5.730431
-4.738022
-3.970053
-1.488510
-1.814668
-2.419765
-1.766825
-1.815500
-2.013108
-0.680396
-2.817894
-5.672189
-4.029544
-3.174837
-4.889452
-3.702138
-1.129695
-1.500782
-1.861262
-2.398340
-1.787835
-1.635988
-1.916800
-1.887471
-0.886949
-1.657622
-1.695063
-1.284869
-2.000836
-1.183778
-1.545712
-1.782843
-1.600211
-2.391268
-1.660949
-1.673222
-1.689030
-1.871246
-1.653461
-1.604787
-1.307543
-1.141552
-1.601666
-1.821324
-1.734376
-1.702343
-1.400106
-1.832348
-1.111390
-1.336040
-1.526368
-1.525328
-1.576706
-1.492462
-1.565681
-1.591890
-1.482894
-1.580034
-1.411547
-1.102862
-0.815602
-1.960761
-0.135266
-0.259956
-0.294924
-0.272750
-0.311811
-0.328698
-0.288443
-0.111727
-0.015352
-0.187803
-0.185074
0.008017
-1.749589
-1.833853
-0.067718
0.099786
-0.040938
-0.034968
-0.070618
-0.117185
1.698587
1.700805
-0.031727
-0.425585
-0.090746
0.111044
-0.996670
-1.454494
-0.253475
0.176545
-0.263198
-0.217995
-0.737055
-0.390446
2.969030
3.960413
-0.174498
-2.079311
-1.046990
-0.313688
-0.359231
-1.378247
-0.198208
-0.004435
-0.343027
-1.111297
-2.370482
-2.150612
2.042466
1.945409
-1.216030
-2.580972
-1.892872
-0.040597
-0.228059
-1.386947
-0.214072
-0.362131
0.247505
-1.129207
-1.593001
-1.217736
-0.603154
-0.804944
-1.069335
-1.829930
-0.819443
-0.342174
-0.560510
-1.392916
-0.310447
0.057654
0.207590
-0.522642
-0.534071
-0.984219
-1.379782
-1.056543
-1.175774
-0.789081
-1.317523
-1.722297
-0.200426
-1.345497
-0.330916
0.816373
-0.552322
-1.781145
-0.835307
-1.139271
-1.058077
-0.817567
-0.992577
-1.235305
-1.552916
-0.032068
0.629763
-1.377053
-0.353091
0.683494
-0.404092
0.096887
-0.128443
-1.316158
-0.927758
-0.698505
-1.007587
-0.824048
-0.564092
0.393346
0.462429
-1.397011
-0.351385
0.338421
0.881191
2.596665
1.152406
-1.588907
-1.469675
-1.192661
-1.311211
-0.361790
0.877097
1.788651
0.831895
-1.396840
-0.222942
0.320169
1.276755
1.842723
-0.085970
-1.430784
-1.589931
-0.750019
-0.493303
-0.612877
-0.878803
0.434114
0.418080
-1.406051
-0.172110
0.155735
0.406992
-0.179786
-1.195561
-2.878967
-2.315899
0.123326
1.406562
-1.222853
-1.101915
0.003753
-0.225330
-1.440678
-0.096375
0.305500
0.142089
0.034456
-0.211513
-1.103109
-0.187974
0.571767
1.884343
0.211513
0.139019
0.232153
-0.079659
-1.757606
-0.058337
0.234541
0.377483
0.403581
0.207419
0.122132
-0.079488
-0.187462
0.072494
0.203837
0.225159
0.792492
0.226353
-1.566050
0.135095
0.120938
0.247334
0.149424
0.210831
0.235223
0.172451
0.168358
0.118208
0.137825
0.117185
0.336545
-0.013817
-0.180664
0.639133
-0.152910
-0.338287
-0.403222
-0.437784
-0.640966
-0.701449
-0.599858
-0.608237
-0.470513
-0.376253
0.538589
-0.200302
-0.560321
0.678408
-0.138247
-0.307391
-0.398509
-0.254501
-0.189828
-1.423321
-1.153372
-0.179879
-0.104471
-0.272829
0.394058
-0.186948
-0.758790
0.652486
-0.323101
-0.655366
-0.257905
0.155790
-0.024089
-1.873934
-1.404992
0.655890
0.791520
0.437522
0.606404
-0.370493
-0.832627
0.422336
-0.495125
0.196112
0.253716
0.926625
0.478630
-0.372064
-1.513653
-0.018852
-0.333574
-0.688096
0.823987
-0.027492
-0.856716
0.386988
-0.201873
0.502456
-0.721348
0.024089
0.496696
-0.222557
-0.705377
0.194541
0.303202
-0.727370
0.269949
0.349808
-0.852788
0.557965
0.327552
0.020161
-0.209466
1.270149
-0.229103
-1.190028
-1.028478
-0.847290
0.854621
0.557441
1.047591
0.272568
-0.749888
0.594883
1.212808
1.221448
1.289524
1.611316
-1.024812
-1.060683
-0.845719
-0.687310
0.436213
1.152848
0.794923
-0.060483
-0.874520
0.649344
0.511620
-0.407935
-0.498267
1.260723
-0.994963
-1.079535
-0.948881
-0.822677
0.635991
0.565820
0.368660
-0.093998
-0.814822
0.493030
-0.189828
0.012306
-0.188258
0.769264
-0.348499
-1.148397
-1.144470
-0.683383
0.766383
0.096092
-0.433856
-0.161289
-0.890492
0.289063
-0.437522
0.538066
0.022256
0.619234
0.826867
-0.593574
-1.014339
0.520523
0.693856
-1.094459
0.320483
0.067814
-0.841267
0.344833
-0.483604
-0.516072
0.736796
-0.495649
1.016695
0.285921
-1.085819
-0.144270
-1.322515
0.216274
0.581530
-0.263403
-0.812466
0.460301
-0.613735
-0.880019
-0.490674
1.036856
1.287430
0.441188
0.053152
0.094522
0.186687
0.086143
0.212346
-0.588337
-0.698307
0.547492
-0.479415
-0.764551
-0.657461
-0.689928
-0.565820
-0.695165
-0.637300
-0.605356
-0.682859
-0.537542
0.263665
-0.429667
0.027754
0.729203
-0.597240
-0.925316
-0.912486
-0.924007
-1.112002
-1.121690
-1.088175
-0.997581
-1.004389
-0.673171
0.108399
0.239315
-0.882452
0.333761
0.161521
-0.145997
-0.205135
-0.280906
-0.265013
-0.223062
-0.243760
-0.191090
-0.290147
-0.172240
0.180371
-0.583435
-0.595817
0.293288
-0.046941
-0.305670
-0.386246
-0.277949
-0.465713
-0.251337
-0.138051
-0.272035
-0.233780
-0.150432
0.067639
0.007207
-0.795038
-0.113656
-0.195710
-0.691546
-0.506001
-0.272775
-1.637572
-2.173141
-2.208439
-1.452766
-0.482715
-0.455548
-0.490107
-0.077434
-0.743108
-0.044908
-0.285526
-0.768426
-0.321009
-3.697426
-3.851925
-2.567334
-1.888355
-2.195318
-1.931415
-1.102002
-0.900378
-0.159673
-0.767317
-0.069487
-0.413967
-0.504892
-2.161684
-4.192708
-1.863591
-2.503391
-2.117700
-1.903878
-1.334859
-2.446101
-1.099785
-0.201809
-0.824422
-0.066531
-0.549800
-0.250044
-4.036363
-1.902584
-2.658074
-2.170370
-1.886137
-1.904063
-2.078705
-1.359993
-1.044712
-0.365732
-0.833848
-0.056921
-0.534276
-0.947873
-3.254261
-2.117515
-2.486943
-2.014023
-1.763425
-1.849546
-2.521872
-1.425229
-0.960810
-0.245608
-0.815182
-0.047680
-0.673251
-0.331174
-3.895355
-2.138767
-2.448318
-2.085359
-1.821639
-2.014947
-2.523166
-1.528721
-1.722952
-0.358710
-0.750500
-0.074847
-0.498793
0.406205
-3.728474
-2.460146
-2.539798
-2.212505
-1.986487
-2.126386
-2.487313
-1.473279
-1.719256
-0.338935
-0.707255
-0.027906
-0.357601
-0.100720
-1.775068
-3.548657
-2.253347
-2.531481
-2.462734
-2.568628
-1.632398
-2.236530
-0.578260
-0.156531
-0.732943
-0.078913
-0.251337
-0.450743
0.299017
-0.816661
-2.615014
-1.527242
-1.296419
-1.953407
-1.656607
-0.363884
-0.295691
-0.097024
-0.658281
0.041582
-0.005729
-0.347621
-0.187948
0.250413
0.090925
-0.044169
-0.261871
-0.478095
0.011458
-0.253370
0.033820
0.098687
-0.592305
-0.011273
-0.094621
-0.223801
-0.266861
0.018296
0.028091
0.200515
0.265198
-0.048604
-0.111623
-0.116058
0.013306
0.226758
-1.326912
-0.004066
-0.124375
-0.244130
-0.291995
-0.316020
-0.308997
-0.305116
-0.288114
-0.260393
-0.354090
-0.246163
0.122527
-0.506925
1.520282
1.038482
0.952285
0.786679
0.729900
0.784622
0.814246
0.661806
0.687110
0.721877
0.782153
0.767547
1.112953
1.059466
0.762815
0.836464
0.744712
0.632594
0.581163
0.428312
0.522944
0.578900
0.750472
0.887688
0.641234
0.664892
0.888511
0.464931
0.610581
0.610376
0.583426
0.507103
0.369682
0.343555
0.812188
1.455685
1.522545
1.701728
1.145869
0.483857
0.650903
0.266615
0.557094
0.512452
0.592066
0.427078
0.712619
1.408781
1.691854
0.841607
0.612433
0.992812
1.780519
1.079009
0.596798
0.306525
0.562854
0.484680
0.700482
0.372973
1.485103
1.263130
0.575403
0.029418
0.060482
0.004937
0.719613
2.134566
1.482018
0.096689
0.554214
0.593095
0.672092
1.261279
1.913827
0.520887
-0.263118
-0.500726
-0.454028
-0.393340
-0.194201
1.220546
1.565129
0.330183
0.584043
0.556888
0.842841
1.669841
0.936239
0.155114
-0.598855
-0.476451
-0.449296
-0.480566
-0.585483
0.997955
1.785046
0.400334
0.534464
0.648640
0.636914
1.663259
2.143413
0.189264
-0.635473
-0.591861
-0.638971
-0.566763
-0.597621
0.797171
1.757273
0.473777
0.547013
0.654606
0.764050
0.814863
1.493127
0.049373
-0.529733
-0.654812
-0.631360
-0.554419
-0.451353
0.627039
1.499710
0.386551
0.559357
0.509367
0.823709
0.424198
1.842853
0.659749
-0.006789
-0.085375
0.029007
-0.049167
0.923278
1.349533
0.971623
0.300559
0.616547
0.536728
0.730311
0.470279
0.593095
1.005155
0.628068
0.045465
1.111719
0.744918
1.067283
0.569026
0.387785
0.144828
0.504635
0.509778
0.640617
0.490234
0.451970
0.560180
0.296650
0.894272
1.324023
0.689167
0.591244
0.289861
0.710562
0.284719
0.696573
0.769193
0.817331
0.692664
0.760758
0.728666
0.719408
0.735043
0.685258
0.535699
0.433867
0.670652
0.909701
0.490029
1.165412
1.184544
1.197711
0.976972
0.939736
0.947965
1.011327
0.821857
0.807663
0.886248
0.897151
1.051648
1.252433
0.887277
-1.129512
-0.591484
-0.605667
-0.737856
-0.720946
-0.659124
-0.610031
-0.602576
-0.696035
-0.629123
-0.742038
-0.674762
-0.406566
-0.496571
-0.975868
-0.217647
-0.481115
-0.401657
-0.387838
-0.419476
-0.712581
-0.677671
-0.292924
-0.113642
-0.194373
-0.421112
-0.144553
-0.245103
-1.251336
-0.770221
-0.924047
-0.838406
-0.853134
-0.859498
-1.113693
-1.568080
-0.594939
-0.270014
0.193464
-0.152735
-0.362200
-0.563847
-1.129330
-0.732401
-0.812587
-0.682580
-1.060963
-1.372615
-1.764271
-1.350250
-0.685489
-0.399657
-0.568029
-1.044417
-0.121824
-0.606576
-1.152240
-0.647851
-0.976231
-1.260791
-2.606314
-2.399395
-0.884772
-0.615849
-0.574938
-0.303834
-1.508986
-2.065742
-0.855316
-0.630032
-1.173332
-0.633850
-0.899319
-1.364615
-2.133745
-1.294248
-0.870953
-0.817314
-0.784040
-0.777494
-0.698399
-0.840770
-0.316562
-0.756766
-1.138785
-0.652942
-1.110602
-0.069094
-0.464569
-0.875681
-1.224244
-0.927138
-0.918956
-0.866953
-0.769312
-0.821133
-1.897733
-1.102965
-1.176060
-0.670034
-1.072418
-2.206112
-3.255256
-1.304430
-1.171151
-0.965867
-0.927865
-0.957685
-0.908228
-1.898278
-2.336664
-0.957139
-1.164423
-0.715673
-0.918047
-1.512259
-2.896874
-2.016466
-0.685126
-0.596030
-0.754038
-0.479297
-0.711672
-1.808092
-2.313572
-1.044780
-1.154968
-0.761129
-1.071872
-0.421840
-1.299702
-1.344068
-0.691853
-0.645124
-0.727310
-0.199283
-1.241518
-1.565897
-0.680944
-0.499298
-1.096056
-0.750402
-0.898955
-0.845134
-0.156553
-0.566938
-1.152240
-0.572393
-0.878045
-1.341886
-1.001687
-0.911501
-0.804223
-0.500571
-1.189879
-0.705490
-0.916410
-0.916774
-0.560210
-0.033093
-0.018546
-0.313107
-0.663306
-0.994778
-0.542573
-0.935320
-0.628941
-0.614031
-1.042235
-0.634578
-0.717491
-0.689126
-0.649306
-0.313470
-0.390202
-0.582029
-0.670943
-0.506753
-0.518208
-0.549664
-0.526754
-0.418749
-0.711672
0.220920
-0.145098
-0.177464
-0.221829
-0.167645
-0.152190
-0.232921
-0.151826
-0.066913
-0.134916
-0.167463
0.062549
-0.532391
-1.175978
0.289197
0.139802
-0.106565
-0.240541
-0.194968
-0.192570
-0.116159
-0.276862
-0.113075
-0.183661
-0.113418
0.100739
-1.278431
-0.695239
0.605121
0.031866
-0.099369
-0.155906
-0.279603
-0.166186
0.202164
0.491704
0.488963
0.227520
-0.031181
0.324833
-0.395077
-0.678449
0.312155
-0.341280
-0.372119
-0.194969
0.237457
-0.606835
-1.623138
-1.386023
-0.599639
0.205933
0.242254
0.371776
-0.228548
-0.424202
0.387538
-0.220667
-0.126781
-0.051741
-1.833868
-2.052136
-0.992317
-1.291794
-1.881154
-1.167069
-0.524941
0.950856
-0.068188
-0.513977
0.294680
-0.174752
0.326204
-1.596754
-0.802489
-0.763084
-0.468061
-0.301533
-0.024328
-0.857313
-0.949829
0.716141
0.493417
-0.520487
0.293309
-0.041118
0.257331
-1.028296
-0.501984
-0.934752
-0.823733
-0.670911
-0.638359
-0.141172
-0.582164
-0.894662
0.716826
-0.473887
0.319350
0.193598
-0.714770
-0.842236
-0.295365
-0.700721
-0.552011
-0.363896
-0.584220
-0.289540
-0.006168
-0.571199
0.834012
-0.520487
0.306330
0.050370
0.531109
-1.921587
-0.407412
-1.080036
-0.591073
-0.431740
-0.583192
-0.338197
-0.432083
-0.096970
0.757944
-0.458810
0.368007
-0.185374
0.711686
-1.248963
-1.007394
-0.731217
-0.902200
-0.594499
-0.532822
-0.030496
-0.659946
0.341280
0.355672
-0.391650
0.354301
-0.271380
0.421803
-0.491705
-0.544815
-1.188999
-0.488963
-0.279603
-0.225464
-0.721623
-1.718395
0.324148
-0.098341
-0.465320
0.338196
-0.255275
-0.138089
0.786384
-0.986835
-0.597583
-0.829558
-1.133147
-0.414608
-1.247249
0.475257
0.607520
-0.228548
-0.414265
0.469432
-0.159333
-0.352931
-0.218954
0.813796
-0.339224
-0.705861
-0.428657
0.175437
0.293994
0.291938
0.071957
-0.097998
-0.515347
0.693868
0.369720
0.089432
0.132263
0.090803
0.372119
0.533850
0.783985
0.355672
0.044544
0.044544
0.539675
0.211415
-0.705861
0.864166
0.563661
0.296736
0.307700
0.221010
0.314553
0.310442
0.354986
0.355672
0.260072
0.263841
0.794950
0.031866
-2.265584
-0.211875
-0.431348
-0.638083
-0.658421
-0.785143
-0.832972
-0.877671
-0.942038
-0.766817
-0.793413
-0.698874
-0.560529
-1.994707
-0.770393
0.088281
-0.343067
-0.684123
-0.879682
-0.794083
-0.447440
-0.143261
-0.084035
0.003129
-0.138121
-0.539744
-0.095880
-0.900691
-1.168440
-0.542873
-0.723011
-1.030766
-0.411010
0.494598
-0.767264
-2.064885
-1.889664
-1.217386
0.790284
0.290769
-0.090740
-0.563211
-1.127093
-0.481412
-0.659538
-0.619980
0.399835
-2.700286
-4.806740
-0.695521
-0.161812
-1.987778
-1.700809
-0.722118
0.652610
-0.260150
-1.169558
-0.408552
-0.730387
0.103479
-1.692092
-1.663485
0.143932
0.377262
0.437606
0.693063
-1.031437
-2.287487
-0.106831
0.113089
-1.161065
-0.484764
-0.742456
-0.126276
-2.420021
-0.375921
0.069954
-0.292334
-0.252328
0.055204
0.137003
-0.552484
-0.513819
-0.387096
-1.190566
-0.419727
-0.662667
-0.573939
-0.636518
0.192430
-0.495939
-0.254563
-0.179915
-0.328317
-0.042688
-0.360500
-1.991354
-0.261044
-1.241076
-0.486552
-0.618415
-0.505549
-2.803317
0.221262
-0.465096
-0.266408
-0.190866
-0.266408
0.145943
-1.254933
-2.719953
-0.213439
-1.149219
-0.479400
-0.831407
0.101020
-1.629513
0.177680
0.065261
-0.154660
-0.126723
0.084482
0.319377
-1.143632
-1.285329
-0.258139
-1.176262
-0.445652
-0.801235
0.194889
-1.315948
-1.024732
-0.015868
0.678089
0.547120
0.664455
-0.935557
-2.818515
-0.016315
-0.232437
-1.234148
-0.513148
-0.837218
-0.682112
0.764582
-1.243311
-1.068314
-0.137003
-1.931681
-2.070249
-2.023091
0.013633
0.646128
-0.617074
-1.126646
-0.312448
-0.586232
-0.789390
-0.640318
0.197795
0.048946
-1.248228
-2.247705
-0.310884
0.143038
0.207628
-0.365417
-0.709378
-0.895327
-0.193548
-0.367205
-0.530581
-0.641659
-0.657974
-0.574386
-0.400282
-0.171645
-0.366534
-0.482976
-0.680994
-0.229084
-0.556730
-1.100944
-0.012292
-0.595842
-0.633389
-0.749831
-0.857556
-0.974669
-0.987408
-1.003053
-0.853310
-0.866720
-0.831184
-0.304626
-1.108096
-1.458912
-0.482388
-0.430320
-0.511685
-0.553165
-0.627279
-0.775215
-0.912999
-0.896610
-0.762887
-0.584638
-0.613645
-0.611180
-2.245440
-0.822932
-0.164180
-0.759116
-0.958105
-0.869198
-0.923006
-0.925327
-1.219169
-1.344625
-0.944616
-0.993203
-0.896900
-0.433656
-1.537812
-0.546929
-0.042930
-0.660637
-0.730689
-0.853534
-0.921266
-1.955079
-2.404254
-2.422383
-2.237173
-1.210757
-0.964196
-0.340979
-1.052088
-0.631630
-0.091517
-0.579417
-0.436557
-0.512265
-1.483568
-2.626158
-2.036299
-2.486779
-2.521588
-0.632210
-0.063671
-0.248446
-0.827138
-0.667453
-0.188836
-0.376512
-0.188836
0.843237
-0.039015
-1.578422
-1.899531
-2.059069
-1.806272
-0.343589
0.690659
-0.160119
-0.420023
-0.726483
-0.205080
-0.309216
0.534601
0.997990
-0.167371
-1.675450
-1.506629
-1.187261
-1.266015
-0.879931
-0.024076
0.805962
0.376367
-0.735620
-0.190142
0.315162
1.460798
1.028447
-0.228721
-1.129682
-0.922281
-0.767383
-0.936204
-0.689064
0.200004
1.909683
0.165196
-0.733010
-0.185210
-0.053373
1.635421
2.464879
0.327490
-1.207131
-1.097774
-1.051653
-1.017279
-0.759261
0.524594
1.414532
-0.112548
-0.703712
-0.164615
-0.327925
1.061515
2.097649
-0.083395
-1.551735
-1.520262
-1.428600
-1.443103
-1.324029
0.591165
1.766098
-0.115593
-0.649614
-0.191737
-0.383909
-0.223210
-0.217118
-1.450645
-1.564063
-1.729404
-1.834699
-1.654275
-1.229176
-0.497907
-0.540983
-0.573035
-0.613500
-0.121395
-0.629599
-0.647439
-0.931563
-1.999170
-0.368390
-0.285430
-1.475737
-0.619012
-1.236283
-0.698201
-0.229591
-0.978990
-0.604798
-0.114868
-0.628004
-0.777245
-0.814084
-0.716185
-0.164180
-0.365055
-1.082255
-0.411466
-0.933304
-0.684133
-0.392466
-0.860206
-0.451060
-0.103410
-0.710094
-0.804077
-0.766803
-0.792329
-0.528074
-0.638446
-0.426985
-0.728513
-0.935334
-0.946067
-0.557662
-0.962891
-1.231932
-0.566799
-1.041065
-1.140559
-1.111842
-1.249336
-1.223520
-1.219459
-1.238023
-1.228886
-1.230771
-1.169712
-0.770574
-1.831944
-0.681694
-0.759115
-0.988618
-1.229483
-1.202540
-1.225750
-1.131124
-1.077725
-1.094930
-1.060521
-1.142486
-1.191990
-1.140376
-0.332245
0.090893
0.595508
-0.049017
-0.088620
-0.326888
-0.673741
-0.711234
-0.578141
-0.636572
-0.336789
-0.468096
-0.534805
-0.460306
-0.223011
0.274463
0.344905
-0.341171
-0.387429
-0.335815
-0.077096
-0.240378
-0.089756
-1.898030
-0.174319
0.588529
-0.390513
-0.816734
-0.465012
0.342470
0.236483
-0.648908
-0.740449
0.689322
2.469030
0.219116
-0.811540
-1.495344
1.291322
3.196982
1.440646
-0.568889
-0.483516
0.308385
0.183895
-0.614823
-0.725030
0.230315
2.307047
0.840269
-0.271541
-0.282091
0.503480
0.943821
0.238106
-0.550224
-0.048692
0.244111
0.046258
-0.639007
-0.965246
-0.441153
-0.008602
-0.648420
-0.347015
-0.249467
-0.262128
-0.006655
-0.607681
-0.315202
-0.149810
0.204346
0.015095
-0.698412
-0.757978
0.286961
-0.686076
-0.742721
-0.451216
-0.369900
-0.290207
-0.471180
-0.446022
-1.057599
-0.117673
0.317312
0.044310
-0.477510
-0.396356
-0.615634
-1.148492
-0.777618
-0.526527
-0.464688
-0.488547
-1.253505
-0.571324
-0.865102
-0.348637
0.326726
0.099170
-0.594534
-1.349753
-2.656171
-1.599383
-1.063767
-0.848059
-0.827284
-1.036175
-0.940413
-1.864757
-2.036154
-0.657185
0.374607
0.157926
-0.618069
-1.119763
-2.373592
-0.756842
-0.639169
-0.517438
-0.642740
-0.799692
-1.169916
0.102092
-0.122705
-0.532046
0.357565
0.090568
-0.422812
-0.466960
-0.801315
-1.454280
0.087808
-0.614985
-1.267139
-1.581530
-0.438719
-0.357240
-0.297186
-0.470369
0.347664
-0.001948
-0.551036
-0.521658
-0.713993
-0.434985
-0.706689
-0.574246
-1.523261
-1.693360
-0.969466
-0.446509
-0.893506
-0.531234
0.283715
-0.085212
-0.622289
-0.664651
-0.819980
-0.734606
-0.168151
-0.043174
0.028079
-0.196555
-0.582037
-0.755706
-1.188744
-0.633975
-0.534967
-0.204346
-0.434336
-0.620179
-0.685914
-0.676337
-0.698087
-0.681694
-0.652641
-0.578790
-0.641928
-0.899998
-1.106616
-1.005498
-2.270975
-1.761254
-1.442260
-1.833325
-1.868421
-1.798229
-1.756867
-1.846904
-1.954698
-1.685213
-1.722189
-1.769610
-2.000865
-3.006310
-2.223345
-2.111165
-1.972872
-2.190965
-2.142292
-2.088812
-2.428905
-2.352029
-1.958248
-1.732843
-2.018204
-2.011937
-2.249459
-2.730977
-2.138322
-1.838129
-1.715922
-1.885968
-2.191592
-1.837503
-2.654521
-0.714654
-1.399644
-1.245265
-0.746407
-1.746840
-1.781308
-2.157332
-1.980392
-1.573868
-1.553396
-2.057686
-2.091110
-3.635732
-3.240698
-3.230044
-2.870524
-2.782785
-2.818089
-2.561975
-2.252174
-2.087768
-2.071682
-1.458763
-1.627138
-2.287688
-2.690660
-4.431649
-2.985002
-2.513510
-1.949266
-2.042645
-2.868853
-3.061879
-2.455017
-2.242982
-2.155452
-1.342823
-1.842099
-1.108644
-3.347448
-2.755418
-2.977899
-1.917931
-1.708610
-1.821835
-2.502856
-2.047449
-0.403808
-2.246325
-2.149394
-1.357028
-1.761254
0.747661
-1.846904
-2.000865
-2.254263
-1.834369
-1.886177
-1.827476
-2.328005
-2.195144
-0.701911
-2.232328
-2.145424
-1.341569
-2.034916
-0.676843
-2.976020
-1.960546
-2.245907
-1.890564
-1.861736
-1.947177
-2.394645
-2.481339
-1.927958
-2.347433
-2.123072
-1.323395
-1.605204
-1.066654
-3.493679
-2.990643
-2.300430
-1.740573
-1.873644
-1.627766
-2.901233
-2.627571
-1.091722
-2.656817
-2.032199
-1.498455
-1.465240
-1.920646
-2.266170
-3.709265
-2.881805
-1.960964
-2.013190
-2.325080
-3.218138
-4.318007
-2.070011
-2.256561
-2.009846
-1.609382
-1.543160
-1.778384
-1.152304
-2.538996
-3.212080
-0.204097
-0.256323
-2.546935
-3.218137
-1.560708
-2.265753
-2.063327
-2.061864
-1.424921
-1.501797
-1.554441
-1.799065
-1.437664
-0.668696
0.323589
-0.049719
-1.025501
-1.457928
-1.942580
-1.729918
-1.852962
-1.804705
-1.351388
-1.114493
-1.135174
-1.079397
-1.139352
-1.431189
-1.367682
-1.334258
-1.416983
-1.477147
-1.208081
-1.513496
-1.757285
-1.839174
-1.056418
-1.001268
-1.252368
-1.212050
-1.238372
-1.158989
-1.236283
-1.260098
-1.190742
-1.235447
-1.165465
-1.141023
-1.912917
-0.869606
-1.230719
-1.119053
-1.184698
-1.223378
-1.186674
-1.034069
-1.092090
-1.091526
-0.989036
-1.230719
-1.217449
-0.941744
-0.702461
-1.492448
-0.794927
-0.425062
-0.492824
-0.483930
-0.661240
-0.983530
-0.148369
0.219660
-0.441156
-0.627077
-0.455837
-0.431697
-0.981272
-1.530987
-1.146158
-0.873841
-1.032375
-0.938215
-0.493671
0.202155
0.349819
2.366007
2.777658
0.495930
-0.778552
-0.775305
-1.023481
-1.282105
-0.891064
-0.767117
-0.798598
-0.648252
-0.261023
-0.084702
-0.479978
0.104183
0.887958
0.199897
-1.263894
-0.685239
-0.908428
-1.320503
-0.870453
-1.060186
-1.023058
-2.203944
-1.555692
-0.961226
-1.426380
-1.370759
-1.061033
-1.577715
-1.545245
-0.847866
-0.946262
-1.386712
-0.898828
-0.772199
-1.008659
-1.540869
-1.329256
-2.290058
-1.985978
-1.822221
-1.849749
-1.537481
-0.653334
-0.866360
-1.139664
-1.377818
-0.899534
-0.575408
-0.016093
-0.458943
-2.101596
-2.323091
-1.690791
-1.565715
-1.652393
-1.852713
-0.820621
-0.718131
-1.405911
-1.395746
-0.958967
-0.819491
-1.633476
-2.200132
-2.155382
-2.353443
-1.503459
-1.423980
-1.768294
-2.059386
-1.442756
-0.845749
-1.336455
-1.381488
-0.866501
-0.770505
-1.030399
-1.545669
-1.686415
-2.259423
-1.690792
-1.682463
-1.839585
-1.236507
-1.065974
-0.373394
-1.320644
-1.323468
-0.889652
-0.948238
-0.313538
-0.038963
0.348125
-0.887817
-1.597902
-1.214484
-0.871865
-0.120418
-1.166910
-0.053927
-0.639641
-1.305680
-0.885559
-0.738742
-0.770082
-0.375512
0.549151
0.243800
0.263423
0.891064
0.657852
-0.609148
-0.677192
-0.918451
-0.708955
-1.291140
-0.801421
-0.702461
-0.774458
-0.726884
-0.331043
-0.017223
1.552303
1.489765
0.339090
-0.263141
-0.656440
-0.482519
-0.670557
-1.174392
-0.507223
-0.383135
-0.427180
-0.381159
-0.311138
-0.644723
-0.855631
-0.864665
-0.541104
-0.438050
-0.166439
-0.152887
-0.289539
-0.552680
-0.009600
-0.239283
-0.291375
-0.293210
-0.190297
-0.231095
-0.258482
-0.156981
-0.154581
-0.246341
-0.226436
0.352784
0.016658
1.821380
1.514245
1.219935
1.052698
1.088980
1.202722
1.266174
1.330132
1.392572
1.313932
1.190909
1.140788
1.360171
1.407254
2.421306
2.581287
1.950309
1.819693
1.987773
2.307734
2.212387
2.048694
2.154672
2.128515
2.189774
2.119403
2.264195
1.748815
1.947609
2.166317
1.638111
1.652962
1.869982
1.930565
1.678275
2.168848
1.986760
2.015955
2.218124
2.066751
2.550911
1.713545
1.880951
2.077382
1.629167
2.113665
1.991486
1.943053
1.072442
0.037970
0.250265
1.006628
1.751009
1.813617
2.670052
1.948284
1.897320
2.095102
1.934952
2.081432
1.652793
1.101806
0.634353
0.641272
0.597058
0.542043
0.171962
2.187580
2.393968
2.305371
1.881288
2.246644
2.120415
1.894789
1.702407
0.898286
0.442815
0.291441
0.392357
0.685317
0.686836
0.528205
2.440207
2.379961
1.854287
2.259638
1.907952
1.109737
0.513692
0.762776
0.426108
0.370925
0.357593
0.476566
0.743875
0.660341
1.787123
2.320897
1.823405
2.238881
1.991148
1.609760
1.253011
0.858798
0.576638
0.447540
0.496986
0.604483
0.823359
0.470153
2.227744
2.290689
1.909133
2.111640
2.099321
1.774972
1.270393
0.831628
0.640765
0.694936
0.668610
0.984352
0.640597
0.022444
2.355154
2.109108
1.917402
2.058144
1.898332
1.906433
1.496525
0.899468
0.991946
1.170489
0.837366
0.826565
-0.070877
1.634905
2.206481
1.937315
1.943221
2.125140
1.600816
1.862388
1.875213
1.428685
1.005109
-0.030882
0.428302
0.399951
1.334351
1.890401
2.511591
1.692282
1.956553
2.270270
1.666631
1.666631
2.144041
2.282589
1.869982
1.719620
1.879601
1.347177
2.159735
2.251538
2.210362
1.788135
2.215593
2.445438
2.040931
1.875213
1.966510
2.280058
2.168848
1.971573
2.106239
2.195343
2.200236
2.145559
2.254576
1.938159
2.801344
2.342835
1.951659
1.781385
1.809061
1.716077
1.901876
1.872344
1.880613
1.910652
1.844331
1.808892
2.281577
2.340304
-0.974380
-0.274800
-0.220419
-0.337375
-0.467325
-0.461697
-0.370814
-0.374042
-0.295989
-0.338450
-0.420973
-0.571865
-0.580390
-1.213091
-0.490004
0.086578
0.041054
-0.141207
-0.295079
-0.300459
0.013574
-0.029963
0.190953
0.151719
-0.195257
-0.388692
-0.325373
-1.017173
-0.620948
-0.148491
-0.379670
-0.438107
-0.300872
0.025493
-0.373049
-0.219095
0.259239
-0.113562
-0.880104
-0.841367
-0.542150
-1.022967
-0.737158
-0.280014
-0.466663
-0.228117
0.772005
0.548441
-0.433141
-0.884408
-0.661506
-1.313989
-1.586058
-1.210857
-0.216612
-0.840870
-0.729047
-0.327359
-0.293920
0.376525
0.483714
0.712741
0.338367
-0.587674
-1.119643
-1.292303
-0.561104
-0.374622
-0.439017
-0.738731
-0.782351
-0.414352
-0.040144
1.419936
0.800644
0.548689
-0.273889
-0.693704
-0.930098
-1.298097
-0.868930
-0.309895
-1.064352
-0.363530
-0.790711
-0.411206
0.100815
1.660138
1.441871
0.390182
-0.461448
-0.414600
-0.709099
-1.194633
-1.033892
-0.778627
0.124736
-0.493646
-0.790215
-0.431154
-0.491908
0.055043
0.681453
0.459627
-0.455820
-0.490335
-0.868599
-1.287751
-1.132804
-0.496460
0.415013
-0.704298
-0.790132
-0.355005
-0.593799
0.192525
0.604062
0.507634
-0.477175
-0.738069
-1.145799
-1.352229
-0.676736
-0.389189
-0.491991
-0.895168
-0.739062
-0.264205
-0.584032
-0.111658
0.814632
0.167611
-0.163969
-0.721101
-1.208705
-0.979015
-0.481893
-0.584777
-0.174150
-0.621776
-0.744690
-0.208252
-0.462690
-0.581218
-0.140048
0.052311
-0.009270
-0.112817
-0.737903
-0.743697
-0.697594
-0.195671
-0.066465
-0.847409
-0.697759
-0.120349
-0.331415
-0.618465
-0.471050
-0.111989
-0.137814
0.043620
-0.896161
-0.631460
-0.440176
-0.338947
-0.279600
-0.858914
-0.553572
0.064810
-0.223316
-0.352522
-0.360964
-0.322476
-0.295906
-0.037578
0.218184
-0.242933
-0.518726
-0.637750
-0.495467
-1.073871
-0.725819
0.190373
0.092124
-0.019037
-0.048173
-0.056946
-0.082523
-0.073666
-0.033439
-0.082440
-0.165128
-0.159665
0.065555
-0.622272
0.471118
0.116699
0.339292
0.145874
0.102832
0.058890
0.128405
0.169466
0.226015
0.238801
0.153978
0.103913
0.107695
-0.483364
0.110036
0.220792
0.361263
0.244744
0.452929
0.615551
0.386115
0.773672
0.723426
0.812932
0.437802
0.581154
0.377291
-0.228536
0.150016
0.205484
0.276260
0.328486
0.378912
0.443024
-0.110036
-0.371888
-0.204583
0.080681
-0.062492
0.668858
0.756203
-0.047544
0.066634
0.206024
0.346495
0.564946
0.120481
-0.855433
0.028815
-0.670840
0.419072
-0.153618
-0.360002
-0.726128
0.866238
0.058169
0.032777
0.212508
0.457251
0.466976
-0.909280
-1.546623
-0.439422
-0.237900
-0.012787
0.198100
-0.427356
-1.220658
0.330287
0.294269
0.000901
0.312278
0.417271
0.436181
-1.650895
-0.338571
-0.395480
-0.474360
-0.531269
-0.406106
-0.278421
0.097429
0.152537
0.707938
-0.009545
0.426096
0.929630
0.630679
-0.887129
-0.074197
-0.662195
-0.791681
-0.781055
-0.586377
0.087164
0.430418
-0.030075
0.355500
-0.054387
0.336951
0.651570
-0.310837
-1.167171
0.105894
-0.655712
-0.719644
-0.680024
-0.598083
-0.053487
-0.367926
0.117239
0.184233
0.011346
0.308856
0.516862
0.622035
-1.110982
-0.464815
-0.192878
-0.249966
-0.371888
-0.096169
-0.216830
0.423574
1.133134
0.256810
0.039620
0.184593
0.525686
0.602945
-0.223133
-0.778894
-0.459593
0.034938
-0.071316
-0.276080
0.410968
-0.900095
0.196479
0.379092
0.079060
0.204223
0.445185
0.336050
0.349557
-0.621855
-0.465355
0.962948
1.644052
0.225474
-0.998065
0.495071
0.642205
0.209446
0.136509
0.223853
0.358742
0.371708
0.528928
0.677143
0.273198
1.217417
1.657739
0.533430
-0.009185
0.568368
0.673901
0.175769
0.439783
0.322363
0.616272
0.413850
0.579893
0.779795
0.788619
0.808249
0.727928
0.755302
0.725947
0.717843
0.592140
0.435280
-0.086444
-0.264014
-0.193598
-0.453649
-0.456711
-0.423574
-0.245824
-0.192157
-0.119581
-0.213588
-0.429157
-0.385035
-0.073477
-0.608708
-0.063888
-0.401489
-0.336628
-0.549696
-0.596395
-0.643095
-0.631745
-0.704876
-0.857461
-0.683958
-0.669688
-0.531535
-0.625745
-0.456458
-0.436189
-0.392408
-0.307116
-0.338736
-0.437000
-0.633528
-1.100851
-1.176576
-1.237545
-0.883080
-0.810437
-0.347978
-0.399705
-0.339384
-0.008107
-0.053510
0.036971
-0.104264
-0.543858
-0.687201
-0.656716
-0.015891
0.034701
-0.311008
-0.433757
-0.379598
0.069888
0.369545
0.201393
0.111723
0.148369
-0.218419
-0.716226
-0.361113
0.043619
-0.596558
-0.461323
0.070698
-0.251174
-0.712659
-0.226851
0.240147
0.163774
0.167179
-0.042646
-0.687363
-0.306467
-0.670013
-0.654932
-0.481106
-0.196366
-0.344411
-0.468782
0.233823
-0.295928
0.247606
0.096156
0.224743
-0.218581
-0.495699
-0.403597
-0.203501
-0.422082
-0.047511
-0.007621
-0.008432
-0.381544
0.580018
0.742332
-0.071671
0.143342
0.231716
0.007297
1.282623
0.654608
-0.285226
-0.068104
0.111236
0.093400
0.229770
-0.166855
0.354302
1.175765
-0.158909
0.156639
0.186313
-0.169611
0.485646
-0.085778
-0.155342
-0.041349
0.090805
0.172206
0.125668
-0.029674
0.637420
1.107175
-0.157774
0.096318
0.184529
-0.079617
-0.029674
0.267875
-0.542237
-0.181773
0.044430
-0.038917
0.103291
-0.364031
1.055611
1.550499
-0.242742
0.162314
0.129560
-0.050754
-0.468620
-0.060321
-0.898972
-1.005506
-0.729198
-0.433757
-0.658176
-0.356410
-0.245822
0.051402
0.329169
0.213230
0.087238
0.058861
-0.248903
-0.292360
-0.454188
-0.128749
0.171719
0.557317
0.409758
0.196528
-0.232688
-0.132640
0.398570
0.173503
0.059510
-0.010054
-0.057726
-0.252147
-0.522617
0.034214
0.982642
1.467963
0.159882
-0.270794
-0.205285
-0.039403
0.523103
0.149018
0.036322
0.016702
-0.032917
-0.010054
-0.082049
-0.381706
-0.555533
-0.323656
-0.271119
-0.163936
0.009081
0.011513
0.508671
-0.582775
-0.293009
-0.380409
-0.588126
-0.638069
-0.702281
-0.717037
-0.721415
-0.721901
-0.709091
-0.706173
-0.493915
-0.315061
-0.610989
-1.165540
-0.192004
-0.387870
-0.774882
-0.899309
-0.953585
-0.866271
-0.912395
-0.878929
-0.752356
-0.942644
-0.792044
-0.511654
-1.601036
-0.279103
0.210025
-0.522165
-0.881074
-0.825296
-0.598967
-1.038110
-0.956374
-0.701083
-0.602614
-0.429489
-0.347753
-0.119279
-0.814570
-0.795691
-0.310854
-0.920333
-1.217242
-1.235048
-1.287822
-1.745200
0.497280
-0.123354
-1.031030
-0.834950
-0.921405
-0.094393
-0.904458
-0.743346
-0.297768
-0.759865
-1.082088
-1.286964
-1.192142
-0.741629
-1.112551
-0.172267
0.243062
0.352044
-0.803200
-0.134939
-0.604116
-0.775740
-0.279103
-0.690571
-1.076296
-0.946291
-1.338880
-0.905530
-1.422118
-1.123922
-0.878070
-0.672980
-0.115632
-1.049909
-0.236841
-0.866915
-0.114773
-0.949080
-0.695506
-0.978899
-0.412112
-1.868340
-1.231615
-0.999923
-0.946291
-1.218529
0.615701
0.943931
-0.224398
-0.851469
-0.060927
-0.921191
0.184496
-0.583950
-0.833663
-1.425336
-0.962595
-0.845676
-0.677914
-1.489695
-0.219035
-0.145666
-0.345822
-0.852970
-0.052560
-1.003141
-1.052912
-1.188924
-0.419835
-1.457301
-1.077798
-0.949080
-0.762868
-1.398091
-0.564857
-1.003570
-0.324154
-0.762868
-0.164115
-0.789899
-0.680918
-1.492269
-0.540401
-1.386292
-1.126281
-1.030386
-1.089168
-1.109119
0.108981
-0.385939
-0.347538
-0.743131
-0.296909
-0.642517
-0.856403
-0.672766
-0.619562
-0.624067
-0.762439
-0.949509
-0.976969
-0.544477
-0.881717
-0.524525
-0.589099
-0.713526
-0.279103
-0.709879
-0.922049
-0.623423
-0.471322
0.079805
0.030892
-0.016519
-0.726398
-0.532463
-0.478402
0.056850
-0.803199
-0.744418
-0.017163
-0.708377
-0.949723
-0.814355
-0.296051
0.153818
0.468104
-0.305490
-0.854043
-0.487626
-0.309567
-0.184281
-0.630932
-0.334237
0.016304
-0.380147
-0.723823
-0.675340
-0.506290
-0.567002
-0.635652
-0.378860
-0.602185
-0.520235
-0.408250
-0.241346
-0.341317
-0.389586
0.211526
-0.213886
-0.474326
-0.639299
-0.740128
-0.671264
-0.653672
-0.647236
-0.627714
-0.668260
-0.510581
0.129147
-0.462955
-0.020739
0.330346
0.116288
-0.072587
-0.134805
-0.135052
0.014567
0.077772
-0.061477
-0.049132
-0.152581
-0.142952
0.402439
-0.221465
0.642668
0.433795
0.470582
0.324914
0.336024
-0.032096
-0.669827
-0.658223
-0.722909
-0.447621
-0.173567
0.292818
0.526874
0.684887
0.521443
0.008888
0.081475
-0.183937
-0.416759
-0.899439
-1.135471
-0.949065
-0.540700
-0.581191
-0.958941
-0.625385
0.042466
0.585635
0.622176
-0.020492
0.065180
-0.288620
-1.091770
-1.952694
-0.836975
-0.083451
-0.321210
-0.256277
-0.580944
-0.736241
-0.302447
0.404661
0.566378
0.035306
-0.029627
-0.984865
-1.909487
-0.835493
-0.977705
-0.840678
-0.775498
-0.213564
-0.327877
-0.959188
-0.721181
0.118263
0.584401
-0.042713
-0.258746
-1.034244
-1.402365
-0.617238
-1.400883
-0.785126
-0.717231
-0.706120
-0.699207
0.089376
0.262943
-0.132089
0.587117
-0.019752
-0.631311
-0.149372
-0.598721
-1.498407
-0.875984
-0.694516
-0.474779
-0.592301
-1.001654
-0.226156
0.615016
-0.087895
0.619213
-0.068390
-0.482186
-0.304669
-1.034491
-1.458903
-0.923388
-0.557736
-0.388366
-0.701923
-0.835000
-0.541441
-0.402933
-0.533787
0.583907
-0.110609
-0.394292
-0.596499
-0.591314
-1.705799
-0.817964
-0.567365
-0.447374
-0.514283
-0.848825
0.690072
0.243439
-0.338987
0.705873
0.011110
-0.142211
-0.643903
-0.623163
-0.904624
-1.290274
-0.846850
-0.529590
-0.643902
-0.003456
-0.894501
-0.027652
0.099005
0.664889
-0.016048
-0.037034
-0.556255
-0.050860
-0.194060
0.123447
-0.069624
0.559465
-0.417006
-0.189616
0.032837
-0.036787
0.454534
0.701429
0.066662
0.271832
-0.152334
-0.523665
0.083451
0.332074
1.421869
1.299409
1.139421
-0.038022
-0.050614
0.167148
0.638718
0.747846
0.304175
0.468854
0.134311
0.063452
0.042466
0.004197
0.132089
0.193566
0.203689
-0.006172
0.219490
0.519714
1.048811
0.462188
0.500703
0.228378
0.069871
0.070859
-0.021974
-0.066168
-0.034318
-0.079500
-0.014567
-0.031603
0.063946
0.799693
0.268622
-2.724792
-1.156229
-0.822746
-1.058915
-1.004681
-1.042760
-1.114303
-1.126997
-1.261621
-1.111611
-0.970448
-0.951985
-1.426247
-2.328614
-1.770884
-1.788962
-1.662800
-1.691648
-1.506636
-1.276622
-1.503175
-1.625491
-1.630106
-1.332779
-1.385859
-1.520484
-1.708957
-1.686648
-1.782424
-1.517791
-1.326240
-1.391629
-1.613566
-2.265147
-3.940256
-3.393682
-4.339897
-3.690240
-1.985899
-1.648953
-1.856659
-1.375090
-1.762422
-1.543178
-1.339318
-1.547024
-2.700560
-6.318872
-6.161940
-3.347525
-2.785566
-2.949038
-4.682228
-3.847558
-2.030132
-1.543178
-1.783962
-1.521253
-1.263159
-1.805118
-4.572991
-5.667676
-2.488623
-3.274828
-2.508240
-1.966282
-1.833965
-5.341501
-2.749025
-1.740114
-1.757037
-1.430478
-1.707803
-2.071288
-5.664600
-3.014042
-2.677866
-1.833966
-1.757806
-1.814349
-2.426696
-3.214824
-1.195847
-2.312074
-1.834735
-1.443555
-2.066673
-2.182065
-4.215274
-2.593630
-2.049748
-1.962820
-1.917048
-1.692417
-2.455160
-3.509843
-1.967436
-2.022823
-1.747421
-1.490482
-1.815118
-1.987821
-6.038856
-2.050517
-1.786270
-1.790501
-1.717035
-1.720496
-2.382847
-3.346371
-3.796400
-1.915125
-1.802425
-1.465865
-1.410477
-1.185462
-5.562670
-2.597862
-2.126677
-1.449710
-1.445479
-1.486250
-2.810567
-2.634403
-1.574333
-2.279379
-1.745114
-1.611644
-1.319317
-1.375090
-3.552539
-5.357271
-2.782105
-1.852043
-2.457468
-3.123664
-3.069046
-6.319257
-2.426697
-1.949358
-1.790886
-1.540485
-1.398552
-1.435478
-1.229695
-3.172129
-4.903395
-1.581641
-2.633248
-3.547539
-4.101037
-1.771654
-1.645877
-1.598565
-1.748190
-1.417785
-1.299700
-1.339702
-1.407015
-1.367781
-1.002373
-0.114238
-1.941280
-2.110906
-1.308547
-1.457018
-1.669339
-1.280083
-2.005900
-1.559332
-1.389706
-1.295469
-1.305085
-1.342010
-1.572026
-1.474711
-1.290468
-1.452402
-1.513175
-1.460479
-1.511252
-1.365474
-1.505098
-1.362012
-1.161999
-1.307393
-1.177000
-1.371243
-1.362781
-1.350473
-1.409323
-1.341241
-1.341626
-1.283930
-1.571256
-1.151998
-0.228050
-0.679394
-0.775310
-0.800785
-0.826261
-0.821043
-0.795721
-0.933073
-0.889182
-0.707018
-0.737557
-0.771934
-0.873989
-0.149936
-0.524393
-1.060757
-1.025766
-1.019781
-0.966222
-1.025613
-1.501204
-0.973588
-1.059376
-1.318580
-0.929236
-0.824266
-0.993232
-0.394868
-0.989395
-1.261644
-1.262871
-1.181995
-1.524070
-1.475882
-2.255796
-2.410029
-3.095408
-2.430287
-1.425238
-1.889626
-1.161737
-0.975123
-0.918033
-1.140866
-0.945350
-1.425392
-1.344515
-3.006245
-5.070209
-3.535089
-3.020825
-3.532172
-1.625204
-1.080707
-1.749972
-1.073034
-0.934761
-1.075489
-1.019167
-1.573026
-2.161721
-3.132853
-2.232776
-2.563496
-2.039409
-2.346495
-1.612314
-1.508570
-1.797700
-1.283282
-0.986633
-1.026994
-1.439357
-1.108945
-2.405732
-2.037874
-2.305366
-1.292797
-1.196267
-1.424932
-2.818556
-1.427541
-0.902533
-1.308758
-1.022544
-1.023465
-1.402372
-0.691057
-1.946256
-1.765012
-1.420941
-1.044950
-1.085004
-0.928469
-2.269762
-2.176608
-1.642546
-1.218673
-0.997682
-0.970519
-1.651140
-1.534353
-3.275731
-1.834072
-1.505041
-1.137643
-1.214530
-1.114009
-2.271910
-2.212672
-2.148524
-1.106643
-0.974202
-1.051549
-1.395159
-1.460842
-3.480454
-2.569021
-2.118137
-1.284817
-1.286812
-1.606635
-2.648669
-2.303984
-1.757492
-1.222970
-0.976350
-1.131658
-1.129663
-1.666640
-1.653749
-2.142538
-2.740902
-2.381792
-2.265618
-2.644372
-2.085449
-1.791715
-1.643313
-1.138103
-0.943509
-1.192738
-1.093598
-1.546937
-1.638863
-1.678457
-2.107241
-2.016236
-2.744125
-2.315341
-1.619987
-1.170485
-1.515169
-0.946732
-1.014870
-1.230336
-1.185524
-1.300471
-1.597427
-1.375822
-1.192738
-2.344346
-3.011616
-2.108775
-1.349886
-1.486625
-1.112168
-0.922330
-1.096361
-1.501511
-1.375976
-1.397308
-1.405288
-1.420634
-1.539724
-1.499362
-1.298168
-1.427080
-1.474961
-1.302466
-1.422169
-0.980954
-0.726661
-1.022237
-1.051088
-1.118613
-1.127361
-1.118153
-1.223124
-1.133500
-1.157747
-1.149767
-1.117232
-1.107410
-1.099891
-0.185387
-1.230285
0.556597
0.433497
0.138488
0.147144
0.123822
0.154837
0.166619
0.128871
0.136805
0.113964
0.212060
0.035343
-1.254568
-0.398153
0.229611
-0.037507
-0.177197
-0.079102
0.307751
0.209896
0.038469
0.247403
0.527024
0.203164
0.179121
0.114205
-0.279621
-0.697009
0.398634
0.116609
0.078861
0.122620
-0.080304
-0.635218
-0.655174
-0.208454
-0.745095
-0.104347
0.410175
0.377476
0.318571
-0.755674
0.259665
0.092566
0.228890
-0.785968
-1.482256
-0.132237
-0.472447
-0.413781
-1.452683
-1.373581
-1.094441
0.368100
0.306549
-0.772985
0.230333
0.172389
0.115647
-0.430131
-1.365887
-0.797509
-0.884545
-0.518369
-0.324822
-1.244470
-1.208165
-0.153876
0.736680
-0.765532
0.308232
0.111319
-0.566695
-1.061021
-1.055010
-0.993941
-0.760963
-0.686911
-0.319292
-0.852808
-1.053087
-1.203116
0.719609
-0.822754
0.365936
0.202683
0.042075
-0.814099
-0.591219
-0.842470
-0.521975
-0.548423
-0.443835
-0.710954
-0.366417
0.098336
0.560925
-0.822273
0.272649
0.361608
0.302222
-1.247355
-0.224322
-0.673687
-0.453693
-0.418109
-0.343095
-0.675611
-0.928544
0.065878
0.492883
-0.797269
0.320735
0.168542
0.379881
-0.925418
-0.664310
-0.782602
-0.538084
-0.386132
-0.451770
-1.155510
-1.001635
0.335401
0.306790
-0.726822
0.221677
0.118532
0.237546
-0.330592
-1.269956
-1.158636
-0.495288
-0.803039
-1.175226
-1.153827
-1.630121
-0.574389
0.299096
-0.729467
0.268802
-0.005289
0.273370
0.489758
-0.839585
-0.777553
0.000962
-0.149307
-1.605597
-1.578909
-0.413541
0.310396
0.198115
-0.775389
0.381323
0.056501
0.073812
0.272649
0.529429
-0.216147
0.099057
0.205568
0.244278
-0.280823
0.480621
0.138969
0.190181
-0.485189
0.551548
0.273610
0.105549
0.153395
0.266157
0.499615
0.441671
0.339248
0.205088
0.115888
0.152433
0.161089
0.388536
-0.759281
0.067080
0.059386
-0.118773
-0.097134
-0.232256
-0.082468
-0.138007
-0.058425
-0.097615
-0.144980
-0.059627
0.027169
-0.081987
-0.429530
1.045871
1.018612
1.002595
0.966865
1.084681
1.047565
1.098080
1.216513
1.138276
1.145515
1.056498
1.214049
-0.644833
0.092559
1.571964
1.551327
1.225445
1.162610
1.525916
1.799589
1.217283
1.456458
1.713036
1.770173
1.527456
1.402247
0.001848
0.030956
1.425348
1.181399
0.856133
1.417340
2.011658
2.601819
1.426426
2.614755
3.712373
2.737654
1.524222
1.296443
-0.115352
-0.069150
1.429968
1.057884
1.457536
2.620145
2.960196
2.773384
2.069103
1.275652
1.666371
1.828234
2.041536
1.524992
0.096101
-0.036808
1.404403
1.223597
2.078652
2.894743
2.618606
1.813295
1.468778
0.974411
1.713344
2.387746
2.655106
2.511415
0.355297
-0.030032
1.328015
1.603074
2.563316
3.233407
2.303812
1.485873
0.491133
0.608179
0.893249
2.015508
1.670529
2.068641
0.062374
0.007701
1.209736
1.599224
3.162255
3.191517
2.169825
0.819017
0.676559
0.773738
0.603559
1.488645
1.558104
1.573658
0.256270
-0.001540
1.326013
1.411949
2.711010
2.941715
2.066639
0.675789
0.578148
0.735852
0.599401
1.351886
1.448141
2.175523
0.135219
-0.073616
1.444907
1.167538
1.907856
3.016717
2.222342
1.208042
0.535333
0.683644
0.955160
2.169055
1.047873
1.621093
-0.006622
-0.054673
1.395932
1.110093
1.577046
2.647251
2.722869
2.114074
0.690420
0.689496
1.698559
1.592909
1.298445
2.106989
0.306785
-0.030802
1.383920
1.142281
1.378376
2.404072
2.512032
2.157504
0.830568
0.238867
0.746325
1.235302
2.041074
1.374987
-0.152468
0.025103
1.488954
1.260251
0.928209
1.355120
1.623865
1.598454
0.838884
0.818709
0.873228
1.268414
1.458768
1.410255
-0.274596
0.248416
1.644810
1.438901
1.208504
1.295519
1.223443
1.162302
0.913578
0.982728
1.065122
1.272880
1.249162
1.298599
-0.200673
-0.014323
1.796970
1.576738
1.460770
1.517907
1.496962
1.379916
1.351270
1.370983
1.321392
1.375295
1.572426
1.754464
-0.050053
0.163397
-0.109528
-0.132984
0.007951
-0.085674
-0.153061
-0.467532
-0.613039
-0.631128
-0.579047
-0.329777
-0.141929
-0.152862
-0.561555
-0.931684
-0.395971
-0.418035
-0.544261
-0.547243
-0.821957
-0.702291
-0.151471
-0.332560
-0.979988
-1.359261
-0.900078
-0.281672
-0.847401
-0.195401
0.021667
0.000398
-0.286641
-0.575668
-0.557579
-0.986746
-0.346872
0.604690
-1.640535
-1.962162
-1.024316
-0.171150
0.013517
-0.175722
0.065995
-0.035184
-0.107938
-1.066457
-2.092363
-0.723958
1.185129
0.938244
-1.123507
-1.689038
-0.510667
-0.119865
-0.050490
-0.186058
-0.081898
-0.103763
0.350251
0.804266
0.638483
-0.432944
-0.542273
-0.732506
-0.749005
0.490789
1.274779
0.349854
0.026438
-0.223827
-0.052876
0.305128
0.819771
1.721041
1.055524
-0.745228
-0.328783
0.026835
-0.121654
0.325404
0.933274
-0.681221
0.783195
-0.180493
-0.068977
1.279153
0.677046
0.623177
0.310296
-0.096210
0.354823
0.588191
0.302146
0.156639
0.862906
2.434862
0.730717
-0.210509
-0.074543
0.917173
2.476208
3.956725
1.170817
-0.274913
0.189637
0.429962
0.231778
0.344089
2.029946
2.629468
0.662336
-0.260999
-0.041346
0.426980
2.724286
4.765165
2.390335
-0.998077
-0.800489
-0.501324
-0.714815
0.560561
3.466135
3.707256
1.022527
-0.193413
0.054068
0.235157
1.389078
2.104687
0.830306
-0.370129
-0.980783
-0.288232
-0.063212
1.125893
1.503973
0.542869
0.644248
-0.192022
0.143917
-0.055062
0.260601
0.020872
0.214683
0.198184
-1.076396
-0.501125
1.296844
0.795519
-0.025841
0.087662
0.059237
-0.256824
-0.032004
-0.071163
-0.160813
-0.069176
-0.312085
0.190034
-0.161211
0.596143
1.235023
-0.096011
-0.160813
0.028028
0.193413
-0.294394
0.161807
-0.094222
0.059237
0.130599
0.032998
0.009740
0.146501
0.096210
-0.060032
-0.105552
-0.108136
0.304532
0.355221
-0.776238
-0.988336
-1.144379
-0.973428
-0.934467
-0.911408
-0.732705
-0.671878
-0.652994
-0.868273
-0.918763
-0.877616
-0.614232
-0.542671
-1.457219
-0.389815
-0.526989
-0.748525
-0.806930
-0.735994
-0.669309
-0.669309
-0.565478
-0.481562
-0.691463
-0.697729
-0.585394
-1.471764
-0.275914
0.175887
-0.158880
-0.215942
-0.020364
-0.077426
-0.622093
-0.186852
-0.216614
-0.204754
0.172978
0.143663
0.230040
-0.531016
-0.759490
-0.111663
-0.369228
-0.226460
-0.493870
-0.633505
-2.049549
-1.814139
-2.687307
-1.491904
-0.710260
-0.295606
0.276585
-0.597030
-0.642904
0.015217
-0.068251
-0.206096
-0.799098
-3.697200
-4.159294
-2.807250
-2.092738
-2.507839
-2.596902
-1.634896
0.144111
-0.258012
-0.711826
0.047216
-0.019245
-0.444864
-2.288317
-3.891884
-2.031424
-2.146220
-1.342422
-1.301696
-1.506449
-2.831865
-1.215095
0.002685
-0.704442
0.229369
-0.343717
-0.581142
-3.405846
-2.100123
-1.896041
-1.063599
-0.856832
-0.833112
-1.668238
-1.579623
-0.339913
-0.014322
-0.732861
0.390262
-0.399661
-0.711378
-2.691559
-1.394786
-1.109026
-0.997362
-1.009670
-0.735099
-1.323178
-2.090053
-1.772964
-0.027077
-0.749644
0.311270
-0.297844
-0.968495
-3.698543
-1.163403
-1.018621
-0.985055
-1.044355
-0.779630
-1.489442
-2.356344
-2.916452
-0.131132
-0.686092
0.180362
0.014545
-0.113006
-3.817592
-1.991144
-1.264102
-0.759490
-0.746959
-0.744274
-2.038808
-2.138612
-1.837859
-0.270767
-0.643127
0.012308
0.016783
0.021482
-2.189408
-2.990298
-1.823985
-1.047488
-1.759538
-1.911705
-1.632882
-3.694292
-0.885475
-0.473059
-0.636191
-0.048112
-0.211467
-0.048335
-0.168950
-1.762223
-2.515895
-1.180634
-2.475616
-2.697376
-2.346498
-0.610233
0.169397
-0.358934
-0.635072
0.135831
-0.212586
-0.078769
-0.150600
0.307914
-0.234516
-0.668414
-2.037242
-1.293863
-0.406822
-0.062657
0.164474
-0.314850
-0.455157
-0.095776
-0.384445
-0.380864
-0.460975
-0.218851
-0.443745
-0.322683
-0.231607
-0.386682
-0.414430
-0.227355
-0.029315
-0.286431
-0.319997
-0.093538
-0.261368
-0.497227
-0.423605
-0.471940
-0.378850
-0.245257
-0.214600
-0.279718
-0.425395
-0.498569
-0.212362
0.259802
1.511135
1.158262
1.174911
1.293576
1.313721
1.323419
1.291204
1.268436
1.276095
1.274180
1.303607
1.264732
1.283295
1.691817
1.250539
0.960931
1.064321
1.133206
1.145110
1.144361
1.186565
1.143944
1.113477
1.095246
1.159344
1.056038
0.966800
1.388475
1.227730
1.081761
1.180447
1.282796
1.262568
1.162175
1.176992
0.784828
0.745537
0.841559
1.124423
1.178074
0.988485
1.256907
1.209125
1.116598
1.209416
1.198053
1.233890
1.108607
0.932628
0.986737
0.980494
0.877937
0.984073
1.291370
0.922722
1.245794
1.214577
1.123966
1.176534
1.134496
1.208417
0.975957
1.136660
1.319132
1.286583
1.147649
1.134995
0.930381
0.895002
1.094580
1.242006
1.096287
1.094872
1.132040
1.126421
1.035227
1.426143
1.370119
1.315552
1.276053
1.185150
0.864326
0.809593
1.018537
1.253785
1.115225
1.089336
0.854337
0.927093
1.284877
1.395883
1.305397
1.207293
1.238177
1.332201
0.958809
0.606727
1.036476
1.240341
1.130417
1.135578
0.885595
1.082219
1.087962
1.362918
1.260695
1.166795
1.224608
1.282921
0.967092
0.712322
1.128794
1.229270
1.133331
1.163590
1.023157
0.926343
0.977580
1.344355
1.321921
1.258738
1.280132
1.155640
0.760562
0.648848
1.210665
1.199219
1.128752
1.205878
1.120469
1.133913
1.045258
1.095121
1.227854
1.183818
1.182778
0.945365
1.089586
0.905491
1.153517
1.181820
1.104653
1.217366
1.215493
1.054207
1.228770
1.012168
0.871735
0.731801
0.883556
1.116765
1.056121
0.939496
1.282588
1.161634
1.033562
1.123133
1.254160
1.178949
1.064862
1.020160
0.422881
0.467417
0.941119
1.100657
1.032105
1.057578
1.183860
1.092832
0.917769
1.005551
1.122259
1.123841
1.084008
1.060450
1.016247
0.963054
1.038099
1.075892
1.031772
0.969714
1.055206
1.272557
0.914523
1.014749
1.112936
1.125422
1.175494
1.143570
1.146442
1.128752
1.119595
1.166004
1.085465
0.878894
1.327290
0.023447
0.018455
-0.180011
-0.356846
-0.398294
-0.411757
-0.390731
-0.384680
-0.368796
-0.321449
-0.350946
-0.384226
-0.230838
-0.417808
0.087737
0.458348
0.045835
-0.233107
-0.299515
-0.368343
-0.141135
-0.025111
-0.033431
0.099536
-0.178650
-0.276068
-0.044322
-0.222670
0.121319
0.231141
-0.088342
-0.362897
-0.178196
0.495409
0.075181
0.174717
-0.543513
0.578759
0.709608
0.085619
0.015581
-0.273345
0.163069
0.257159
-0.104376
-0.072761
1.162964
0.520672
-0.491930
0.259882
-0.381654
-0.164733
0.769813
1.053747
0.409186
-0.113453
0.110881
0.212534
0.004235
0.596760
1.314537
1.388508
0.514167
-0.330223
-0.363502
0.055819
1.003979
1.099582
1.157367
0.077753
0.063987
0.256554
0.185003
1.248583
1.216816
1.031208
-0.640023
-0.618997
-0.570742
-0.493292
0.081837
1.338891
2.260731
0.312524
0.060810
0.257462
0.598273
1.925970
1.878320
0.240368
-0.670580
-0.505847
-0.357603
-0.411757
-0.306473
1.032872
1.702998
0.416900
0.073820
0.354577
0.235074
1.853058
2.016732
0.430666
-0.751812
-0.626410
-0.537009
-0.542001
-0.461071
0.897334
1.159182
0.218737
0.096359
0.313432
0.010438
1.255088
2.145463
0.837129
-0.852558
-0.871921
-0.794924
-0.755745
0.128731
1.420426
1.561107
0.038574
0.145673
0.245209
0.040692
0.366225
0.675421
0.661353
0.245209
-0.195744
-0.165036
0.039179
0.955724
0.477862
0.897485
-0.017547
0.152026
0.243999
-0.056726
-0.119201
0.625502
0.291044
0.705372
0.393302
-0.290590
-0.085770
0.287867
1.008064
0.467878
-0.191357
0.187424
0.201945
-0.045986
-0.307532
-0.225997
0.469542
1.116827
1.043158
-0.142194
0.245058
0.325685
0.228569
0.053550
-0.092880
0.336425
0.409488
0.047196
-0.080627
-0.125403
-0.076543
-0.000302
0.221308
0.206786
-0.046742
-0.097569
-0.083652
0.035397
0.107553
0.058693
0.190449
-0.154901
-0.314339
-0.305112
-0.322205
-0.309801
-0.249444
-0.250806
-0.306776
-0.356846
-0.299363
-0.085619
0.076391
-2.513897
-1.380406
-1.089235
-1.384276
-1.444977
-1.495763
-1.441833
-1.370249
-1.398786
-1.307130
-1.381132
-1.318980
-1.507371
-2.875686
-1.303261
-0.726721
-0.771219
-0.973153
-0.750179
-0.712452
-0.929622
-0.801690
-0.934701
-0.520675
-0.669889
-0.493590
-0.528414
-1.769280
-1.127928
-0.765173
-0.831678
-0.980650
-0.849574
-0.777023
-1.617165
-1.293587
-1.661421
-0.891654
-0.993225
-1.011605
-0.275694
-1.296489
-1.124785
-0.702779
-0.641594
-0.675693
-0.967590
-2.214503
-2.155011
-2.086571
-2.104709
-1.924540
-1.473997
-1.826596
-0.471341
-1.197094
-1.136151
-0.608946
-0.715354
-0.828292
-1.782582
-2.635541
-2.091892
-1.712207
-1.355256
-1.367589
-1.558882
-1.139053
-1.039174
-1.114869
-1.240383
-0.509309
-0.868679
-1.214748
-2.432156
-1.623695
-1.899148
-1.316803
-1.266259
-1.270854
-1.747999
-1.470370
-0.384763
-1.158884
-1.233128
-0.439902
-0.734218
0.230471
-0.568559
-1.339294
-1.336876
-1.367347
-1.335909
-1.113418
-1.393466
-1.371942
-0.334703
-1.054168
-1.223212
-0.524303
-0.838449
-0.490929
-1.827080
-1.160093
-1.302535
-1.346066
-1.315110
-1.235546
-1.325510
-1.378472
-0.821279
-1.156949
-1.173878
-0.593468
-0.700602
-0.696491
-1.441108
-1.928168
-1.523816
-1.153080
-1.219343
-1.035789
-1.602413
-1.225631
0.311486
-1.345098
-1.177263
-0.741956
-0.679321
-0.976780
-1.844492
-1.925991
-2.227320
-1.628773
-1.565654
-1.946063
-1.393466
-2.829736
-0.906647
-1.181616
-1.098424
-0.758643
-0.740505
-0.970734
-0.891653
-2.154285
-1.920187
-0.247883
-0.169528
-1.954528
-2.214986
-0.899151
-0.318016
-1.302777
-1.192015
-0.731799
-0.796612
-0.937603
-0.899876
-0.804592
-0.986454
0.280531
-0.380652
-1.368073
-1.503743
-0.762754
-0.445948
-1.222003
-1.060456
-0.585488
-0.585488
-0.802658
-0.840626
-0.598063
-0.652235
-0.655620
-0.419829
-0.551631
-0.599031
-0.675451
-0.563239
-1.072548
-1.544130
-0.696008
-0.646431
-1.051024
-1.027324
-1.195159
-1.144615
-1.131556
-1.094797
-1.088993
-1.160576
-1.004350
-0.426117
-1.921638
-1.881342
-1.839055
-2.067960
-2.156212
-2.180573
-2.060452
-2.030422
-2.120819
-2.161575
-2.000698
-2.033026
-2.045284
-2.060606
-1.912905
-2.454524
-1.950290
-2.280777
-2.333790
-2.258101
-2.278632
-2.640988
-2.322605
-2.232821
-2.475055
-2.334403
-2.064435
-2.073322
-1.797839
-2.516270
-2.094313
-2.445485
-2.516117
-2.644666
-2.320920
-2.095539
-1.775317
-2.254884
-1.711579
-2.188541
-2.519488
-2.087725
-1.803202
-2.347579
-1.884866
-2.221789
-2.574339
-2.302993
-3.115653
-2.078991
-2.712387
-2.990628
-2.675922
-2.381440
-2.387569
-2.493441
-1.833998
-2.424647
-1.958257
-2.367344
-2.295026
-2.567904
-2.994918
-2.816421
-3.766822
-3.381329
-3.112741
-1.940790
-2.206314
-1.932670
-1.881342
-2.459580
-1.869085
-2.571275
-1.557137
-2.610652
-2.299316
-3.753185
-2.945429
-2.860854
-2.944356
-3.154570
-1.801210
-1.196313
-2.267141
-2.449162
-1.898349
-2.433840
-1.621641
-1.898196
-2.731692
-2.912488
-2.627046
-2.523472
-2.474902
-2.988790
-1.660251
-1.484359
-2.101055
-2.430929
-1.864488
-2.723419
-1.272767
-2.368876
-2.656310
-2.946502
-2.685881
-2.516577
-2.605289
-2.952171
-2.418365
-1.698096
-2.118521
-2.384504
-1.860965
-2.618772
-1.309080
-1.721691
-2.807688
-3.407835
-2.898851
-2.699364
-2.847064
-2.770609
-1.401775
-1.108520
-2.316323
-2.380368
-1.871843
-2.419438
-2.231441
-2.052944
-1.805653
-3.001813
-3.230871
-3.048237
-2.898085
-1.536606
-2.173372
-2.114844
-2.141963
-2.371941
-1.919340
-2.356619
-2.557639
-1.505809
-1.776695
-1.859126
-1.726747
-1.706829
-1.867246
-1.984457
-1.562499
-2.257028
-1.818677
-2.357538
-1.895438
-2.251513
-2.463717
-2.412236
-1.553919
-1.493552
-0.433449
-1.205965
-1.959023
-1.997940
-2.169542
-2.014487
-1.714183
-2.323678
-1.995335
-2.014947
-2.044364
-1.963160
-1.845949
-1.966990
-1.928073
-1.918727
-1.993190
-2.040228
-1.931444
-1.927460
-1.527566
-2.334096
-1.985989
-2.220870
-2.282922
-2.212442
-2.271890
-2.269133
-2.292115
-2.290430
-2.272350
-2.278785
-2.211523
-1.945540
-1.558209
-1.264305
-0.201909
-0.228747
-0.473598
-0.526037
-0.559482
-0.530785
-0.573727
-0.485985
-0.446760
-0.515921
-0.469263
-0.318760
-1.782084
-0.266941
0.096825
-0.119329
-0.410837
-0.402373
-0.223173
-0.918293
-1.295892
-1.473440
-1.017596
-0.462037
-0.118916
-0.092903
-0.259509
-0.192206
-0.228541
-0.447172
-0.692023
-0.784720
-1.608871
-1.260795
1.174912
0.600772
-0.419302
-0.843145
-0.905287
-0.421160
-0.370992
-0.143483
-0.342915
-0.411250
-0.847481
-1.252537
0.759533
0.669933
1.098318
1.190395
1.258525
1.616716
-0.127380
-0.632772
-0.315870
-0.149264
-0.321237
-0.469469
-1.309724
0.755404
1.089028
0.080516
-0.493417
-0.083200
0.107561
0.919945
0.340850
-1.176357
-0.392050
-0.202735
-0.178993
-0.629262
-1.018009
0.535946
0.724849
-0.372437
0.117058
0.306992
0.291715
0.069780
1.530214
0.715765
-0.724642
-0.176722
-0.115199
-0.767791
0.451301
0.896616
-0.253109
-0.187870
0.175896
0.251251
0.386682
0.014864
1.143118
0.332799
-0.822500
-0.142864
-0.140387
-0.732900
-0.861106
0.794629
0.037161
-0.126141
0.072877
0.155457
0.271070
0.286141
1.317982
-0.595404
-0.743016
-0.199432
-0.169289
-0.421160
-1.115867
1.195970
0.880719
-0.147612
0.092903
0.269832
0.121187
0.357160
1.651813
-0.506011
-0.420747
-0.172386
-0.296463
-0.355508
-0.981261
0.134606
1.351221
0.805365
-0.241341
0.149677
0.272102
1.712922
0.087742
-0.756023
-0.419095
-0.169909
-0.305960
-0.450889
-0.667662
-0.981467
0.827868
2.144818
1.238911
0.748177
1.432356
1.023377
-0.825184
-0.510346
-0.427147
-0.101367
-0.127174
-0.379250
-0.511998
-0.427766
-0.754371
0.321857
1.526704
0.592927
-0.145135
-0.462863
-0.604901
-0.193032
-0.215741
-0.003510
-0.099303
-0.231019
-0.296670
-0.208102
-0.264876
-0.446553
-0.418682
-0.510759
-0.462656
-0.309470
-0.292541
-0.015897
0.064206
-0.932951
-0.240515
-0.391431
-0.488463
-0.553701
-0.599120
-0.554527
-0.534501
-0.432514
-0.457701
-0.530785
-0.459972
-0.104464
-1.230653
-0.947877
-0.177923
0.291519
0.140187
0.175185
0.190045
0.481759
0.575413
0.506003
0.549409
0.303446
0.208619
0.071560
-0.780317
0.016815
0.302077
0.590077
0.503657
0.589099
0.502289
0.627030
1.775119
1.872683
1.107616
0.700350
0.722639
0.642867
-0.270012
-0.129043
-0.339813
0.148008
0.136668
0.448325
0.576391
1.127559
3.698245
3.739696
2.428544
0.804952
0.499160
0.190631
-0.102648
0.003910
-0.240684
0.220350
0.020334
0.323780
0.585775
1.222973
1.216716
1.897709
1.702972
0.582256
-0.660464
0.695071
-0.040081
-0.003128
-0.194542
0.052594
0.001760
-1.250150
-0.467878
0.070973
0.078208
0.147421
0.104994
-1.056195
-0.646582
0.446370
-0.016033
-0.044383
-0.221523
-0.095805
-0.009776
-1.097058
-0.852268
-0.872798
-0.669653
-0.756855
-0.740040
-0.825678
-0.107731
0.441873
-0.087788
-0.085051
-0.254370
-0.611975
-0.591641
-0.546281
-1.528764
-0.845425
-0.716187
-0.714623
-0.780904
-1.142028
-0.397295
-0.498965
-0.036758
-0.050639
-0.332969
-0.278811
-0.852659
-1.687135
-1.221408
-0.626052
-0.427601
-0.425059
-0.640520
-0.986981
-0.948464
-1.034297
-0.070191
-0.006452
-0.251829
0.163063
-0.502484
-0.650883
-0.566419
-0.465922
-0.139014
-0.167169
-0.287218
-0.423885
-0.335316
0.140383
-0.182029
0.030697
-0.193564
0.167560
0.154069
0.345287
0.491535
0.223283
0.655380
0.720684
0.276073
-0.007625
-0.756073
0.565441
-0.077230
0.041841
-0.189458
0.239706
0.211356
0.377939
0.114770
-0.161695
1.963990
3.307403
1.608341
-0.352913
-0.040668
0.320065
-0.036171
0.091894
0.073906
0.513824
0.469832
0.390452
0.411372
0.405702
2.974629
2.958401
1.450557
0.869474
0.433271
0.357605
0.295038
0.201580
0.391625
0.925588
0.829392
0.768781
0.814337
0.791853
0.847185
0.882769
0.864781
0.828219
0.871233
0.902517
0.724594
0.383413
1.098622
1.394834
1.321905
1.246044
1.181913
1.286125
1.186019
1.179567
1.285930
1.239396
1.171160
1.500610
0.362688
-0.377681
0.143608
0.059025
0.051520
0.091479
0.176468
0.274640
0.404658
0.530214
0.440560
0.284174
0.069573
-0.379507
-0.439343
0.877470
0.455773
0.781326
0.579503
0.598367
0.926151
0.711753
0.641774
0.505671
0.630010
0.975643
1.129190
0.624330
0.942986
0.553946
0.352732
0.497354
0.349690
0.648265
0.870168
0.954953
-0.619462
-0.490661
0.774632
-0.080729
0.134886
0.864285
0.766518
0.560437
0.530011
0.541370
0.671996
0.733456
-0.315614
-0.455773
-0.552932
-0.010142
-0.010345
-0.172816
-0.228799
0.473217
0.713578
0.581126
0.608509
0.597758
0.856984
-0.035496
-0.618042
0.403239
0.247460
0.596947
0.810534
0.174439
0.964487
0.440560
0.908098
0.557597
0.668143
0.814794
0.571593
-1.073815
0.461655
0.530011
0.253343
0.219469
0.355167
0.354761
-0.172411
-0.645019
0.333868
0.490053
0.551512
0.549686
-0.394922
-0.470986
0.337722
0.354964
0.157198
0.131438
0.225351
0.337317
-0.947854
-0.914386
0.582140
0.548469
0.653539
0.545630
-0.479099
-1.307889
0.125556
0.294721
0.260036
0.359831
0.378087
0.197157
-0.739744
0.593702
0.435287
0.491269
0.666317
0.546644
-0.210747
-1.018847
0.140566
0.395530
0.398979
0.579706
0.707899
0.062068
-1.228783
0.622707
0.275857
0.539545
0.629198
0.600192
0.006491
-1.297544
0.278089
0.158415
0.006897
0.003448
0.073021
-0.197765
-0.897145
1.040753
0.540559
0.575244
0.488633
0.513176
0.681936
0.858200
0.049289
-0.040973
-0.872602
0.209935
-0.797350
-0.171397
1.140143
1.010936
0.451514
0.611957
0.611551
0.674431
0.655567
0.815605
0.331840
0.068762
-0.681936
-0.196751
-0.110343
0.498369
1.163469
0.848870
0.624939
0.853535
0.669563
1.065296
0.774226
0.964081
1.031220
0.879498
0.898159
1.061442
1.017833
1.169960
0.969558
0.824124
1.044201
0.391677
0.242389
0.337722
0.244012
0.265107
0.318250
0.438938
0.441575
0.398370
0.335694
0.187015
0.302429
0.469971
0.641368
-0.590034
0.322094
0.082891
-0.053655
-0.033223
-0.110133
0.027243
0.064120
-0.009136
0.073256
0.037874
0.089535
0.116445
-0.863290
-0.065283
0.545682
-0.096512
-0.137209
-0.028904
0.168272
-0.055980
-0.514785
-0.368938
0.218605
0.257642
0.279236
-0.118273
0.102824
-0.063123
0.387376
-0.016777
0.106645
0.098837
0.031396
-1.108806
-2.085884
-1.776747
-0.515948
-0.345682
0.105648
0.121927
-0.058804
0.116778
0.378406
-0.026744
0.193688
0.345682
-0.832393
-0.997510
-1.227245
-1.315118
-0.107143
-0.402160
0.218605
0.088871
0.050000
0.052990
0.271263
0.040698
0.618439
2.184390
0.963124
-0.310964
-0.536213
-0.514286
-0.055150
0.320432
0.804652
0.082890
-0.066944
0.049834
0.304984
0.232226
0.857144
1.474753
-0.039037
0.093522
-0.040033
0.125748
0.324918
0.217442
-0.703822
-1.670269
-0.299336
0.030731
0.347841
0.207974
-0.086379
-1.123258
-0.322426
-0.083887
0.038372
0.115116
0.144186
-0.116944
-0.747676
0.434884
-0.352825
0.045847
0.346844
-0.152658
1.649671
3.099341
-0.073256
-0.049170
0.070266
0.187708
0.308638
-0.366612
0.428572
1.630069
-0.662293
0.040698
0.300167
-0.198339
0.141695
2.606982
0.058306
-0.095017
-0.004651
0.130565
0.249170
-0.480566
-1.587710
-0.931397
-0.619104
0.056645
0.248838
0.003488
-0.689038
-1.625086
-1.817113
-0.282226
-0.009801
0.125249
0.033223
-1.242859
-0.905317
-0.639204
-0.569104
0.099668
0.232060
-0.112293
0.117940
0.010798
-1.229404
-2.013458
-1.004985
-0.431728
-0.400001
-1.725252
0.610134
0.267608
-0.165283
0.111794
0.457143
0.122592
0.242027
0.382725
0.136379
-0.368439
0.078073
-0.198838
0.346346
0.112459
0.192691
0.187043
0.200166
0.001329
0.548506
0.270598
0.405482
0.385050
0.536380
0.605815
0.687210
0.635881
0.574087
0.467443
0.355981
0.488539
0.248506
-0.566612
-0.039369
-0.032226
0.054485
0.044020
-0.039701
0.012625
0.089535
0.050332
-0.032060
0.059801
-0.059967
0.131728
0.117940
-1.036460
-0.586408
-0.427139
-0.491685
-0.507822
-0.524604
-0.564785
-0.621424
-0.589312
-0.542032
-0.557039
-0.510565
-0.913821
-0.895587
-0.765525
-0.454894
-0.176535
-0.069065
-0.222525
-0.428429
-0.679194
-0.472805
-0.592862
-0.660798
-0.547357
-0.292236
-0.416004
-0.755359
-0.285942
-0.218814
0.103114
0.026787
-0.216555
-0.389056
-0.038889
0.563332
0.186540
-0.461832
-0.313698
-0.295302
-0.371951
-0.161044
-0.279326
-0.086977
-0.010489
-0.384215
-0.619649
-0.183636
-0.115378
-0.299013
0.125544
0.228818
-0.340807
-0.296593
-0.655150
-0.270774
-0.269322
-0.029530
-0.212359
-0.478937
-0.276744
-1.344349
-1.298843
-0.798605
-0.428591
-0.456184
-0.693717
-0.587215
-0.782468
-0.381956
-0.240114
-0.043892
-0.384860
-0.205743
-0.499592
-1.331116
-0.527509
-0.022591
0.146683
-0.157656
-0.812321
-0.408258
-0.292074
-0.396317
-0.261415
-0.054542
-0.176536
0.258349
-1.109398
-0.927376
-0.279488
-0.238662
-0.274969
-0.198804
-0.529284
-1.319659
-0.722279
-0.382117
-0.272387
-0.149426
-0.243664
0.346778
-0.726313
-0.784244
-0.208325
-0.159915
-0.163787
-0.218652
-0.641272
-0.957713
-0.612710
-0.434077
-0.262705
-0.026141
-0.089720
0.017589
-0.768752
-1.360969
-0.374856
-0.105857
-0.085847
-0.185088
-1.166361
-0.835881
-0.517504
-0.360010
-0.289008
-0.001130
-0.023560
-0.173469
-0.111343
-1.300779
-1.444557
-0.993698
-1.067765
-1.230262
-0.977561
-0.701946
-0.374694
-0.150878
-0.324832
-0.106502
0.044376
-0.034533
-0.365658
-0.351457
-0.692910
-0.753745
-0.774078
-0.124737
-0.360171
-0.359526
-0.502174
-0.178956
-0.342905
-0.130223
0.087461
0.231239
-0.088429
-0.391960
-0.850888
-0.618842
0.160237
-0.144908
-0.507177
-0.226075
-0.368239
-0.274001
-0.435852
-0.356137
-0.081168
0.082136
0.003389
-0.043892
-0.070840
-0.185572
-0.130707
-0.064708
-0.097466
-0.046151
-0.200579
-0.455216
-1.295777
-0.852341
-0.604158
-0.589312
-0.584955
-0.521377
-0.517504
-0.447793
-0.459735
-0.449730
-0.571239
-0.624006
-0.993537
-1.172815
2.337302
1.841844
1.772431
1.931382
1.954639
1.931919
1.898644
1.861344
1.827711
1.859465
1.904637
1.927715
1.783255
2.285779
2.358054
1.912866
1.960990
2.079331
2.112695
2.140872
2.122535
1.787817
1.882006
2.032012
2.066987
2.015285
1.849805
2.101783
2.336318
2.133090
2.139172
2.310109
2.084519
1.898197
1.848374
2.366283
2.594557
1.824849
1.878071
2.004462
2.011529
2.182644
2.295797
2.101783
2.061352
2.166186
1.789337
2.352061
2.582929
2.417538
2.393386
2.339628
2.330056
2.128438
1.938896
2.234078
2.303311
2.113053
2.108670
1.932366
2.060905
2.773276
2.382026
2.719160
2.568885
2.428182
2.191947
2.302148
1.793899
2.303848
2.266100
2.111443
2.153126
1.979416
2.791524
2.436680
2.694740
2.629174
2.648495
2.615309
2.712451
2.118420
2.089617
2.283454
2.272988
2.091496
2.054375
1.924047
2.430060
2.659676
2.595631
2.669336
2.616920
2.528097
2.672915
1.908036
2.161356
2.214041
2.289894
2.094448
2.256619
1.793005
2.843583
2.646169
2.626222
2.688836
2.626669
2.577204
2.562534
1.960811
2.271557
2.278265
2.266905
2.112159
2.190427
1.637185
2.360916
2.592768
2.638298
2.634809
2.511370
2.482656
2.290609
1.775741
2.011797
2.272004
2.270662
2.095968
2.145165
2.049813
1.982189
2.086576
2.514143
2.474785
2.276924
2.350987
1.628776
1.870736
1.998827
2.397680
2.279965
2.128617
2.144987
2.260197
1.889073
1.876729
2.190695
1.942206
1.668760
2.066182
1.571440
1.885406
1.962332
2.223701
2.227369
2.073964
2.020116
2.156257
2.130496
1.807495
1.918770
1.494156
1.622157
2.037111
1.960274
2.100173
1.877892
2.096774
2.302238
2.037827
1.937465
2.035680
2.036216
2.120388
2.103035
1.914745
1.886747
2.067524
2.110280
2.092122
1.828784
1.992476
2.490260
2.128796
1.982279
2.054554
2.038363
2.086666
2.079510
2.063498
2.063946
2.048918
2.081209
2.044088
1.836298
2.304027
-0.456632
0.879647
0.648147
0.656806
0.601796
0.459943
0.449246
0.499927
0.582696
0.525140
0.475478
0.562322
0.642290
0.445172
0.769627
1.712688
1.314122
1.248161
1.339590
1.168193
0.925998
1.439168
1.388487
1.137123
1.208178
1.323036
1.492649
1.308010
0.777013
1.043148
0.723786
0.639234
0.856471
0.932365
0.703157
0.111548
0.795349
1.182201
0.794076
0.857999
1.084915
0.949937
0.813941
1.065305
0.700865
0.787964
0.988647
0.206032
-0.004330
0.265626
0.469365
0.912755
0.816742
1.118787
1.192642
1.093064
0.785417
1.017936
0.637960
1.004183
0.041512
0.202721
0.188969
-0.396784
-0.399840
0.193298
0.512660
1.142726
1.089499
1.295531
0.781852
1.025831
0.716655
1.019463
0.130648
0.053482
-0.830240
-0.442116
-0.387615
-0.479807
-0.123008
0.820562
1.575673
1.439677
0.784399
1.074728
0.944334
0.285745
0.509859
-0.372589
-0.513170
-0.276322
-0.041512
-0.139562
-0.234810
0.127592
0.671832
1.283816
0.736265
1.041111
0.806300
0.426326
-0.120207
-0.411045
-0.482100
-0.221058
-0.126319
-0.262060
-0.200174
-0.304082
0.548570
1.162591
0.814450
1.008767
0.621661
1.100959
0.704176
0.020374
-0.521829
-0.248563
-0.174707
-0.189223
0.078185
0.640762
1.007494
1.278977
0.786182
1.005202
0.653750
1.241285
0.619624
0.809357
-0.099068
-0.091938
-0.255694
0.069272
1.018954
1.011569
1.422104
1.206140
0.788473
1.055118
0.690169
0.744160
1.099431
0.822090
1.125917
0.040493
-0.087863
0.738048
1.133048
1.469729
1.207668
1.110637
0.800189
1.080331
0.763515
0.594921
0.773702
1.425925
1.574145
1.353597
0.634140
1.255802
1.228551
1.059192
1.025321
1.038564
0.822854
1.142217
0.947136
0.847558
0.787709
1.031687
1.093319
1.187804
1.250963
1.167430
1.079567
1.036782
1.260131
1.280760
0.731936
1.788836
1.082368
1.047477
1.069380
1.043403
1.025576
1.086952
1.129483
1.124135
1.017681
0.964454
1.474058
1.493159
0.908372
1.561144
1.265331
1.161769
1.206113
1.257619
1.443260
1.718415
1.839329
1.721720
1.486227
1.239440
1.531948
0.993205
2.818487
3.114300
2.733930
2.543056
2.785160
3.556918
3.589970
3.086757
3.218964
3.255596
3.372930
2.970525
2.754311
3.123114
2.153872
2.644139
2.368157
2.492101
2.994488
2.689861
2.173152
1.527816
1.937108
2.358792
3.274326
2.737235
2.867514
2.691513
1.915348
2.517165
2.415256
3.117054
2.786537
2.594562
-0.357509
-1.161493
-0.157822
0.745592
2.697848
3.207671
3.186463
3.068303
1.952531
2.661492
2.859526
3.025886
2.629817
0.575651
0.836760
1.125412
0.914982
0.640928
-0.871189
3.089511
2.433434
3.740080
1.956938
2.763126
3.372655
2.508627
1.563072
0.439864
0.519463
0.006610
0.281491
0.687752
0.342085
-0.113202
2.116688
3.905614
2.039017
2.919846
2.981542
1.652036
-0.293334
0.843646
-0.087862
0.393591
0.122016
0.331619
0.528001
0.449779
1.890835
3.963178
1.991642
2.890374
3.372654
2.341440
1.502477
1.089606
0.335200
0.281215
0.252295
0.413147
0.634042
0.565736
2.121646
3.769275
1.911767
2.700052
3.248160
2.410849
0.618068
1.370545
0.570418
0.680040
0.513128
0.582813
0.022310
-0.728515
1.308573
3.729338
1.936281
2.614668
2.970250
3.033048
2.283600
-0.037183
1.251559
1.241368
0.676734
0.466029
-1.400291
2.603375
2.468965
3.407083
2.036263
2.562612
2.379174
2.888722
2.421040
2.717679
0.630187
-0.974200
0.136063
-1.086576
2.004863
1.899924
2.805266
2.818211
2.052238
2.620177
2.341991
2.539751
2.948766
2.631194
2.398455
1.113844
1.937658
1.907361
2.550217
2.756791
2.576108
2.803063
2.324639
2.546361
2.177559
2.096857
2.106222
2.531488
2.481359
2.263218
2.225484
2.395425
2.469791
2.311969
2.177008
2.692340
2.837216
3.401024
2.983470
2.886518
2.874124
2.892303
3.150933
3.193900
3.194175
3.085104
3.051502
3.025887
3.256698
3.394689
0.209933
-0.780670
-0.701236
-0.801302
-0.746627
-0.661777
-0.383630
-0.127275
-0.211996
-0.271184
-0.573961
-0.734506
-0.704976
-0.243073
1.098019
-0.118377
-0.447203
-0.625284
-0.432502
0.055965
-0.118119
0.049388
0.137591
0.161963
0.092974
-0.203743
-0.208385
0.262673
0.880349
-0.013540
-0.487564
-0.617805
-0.091942
0.038298
-0.405551
-0.073631
-0.364287
-0.346878
0.296975
0.268090
0.023340
0.391367
0.872483
0.064733
-0.443592
0.058028
0.014700
-0.816132
-2.543690
-2.269411
-2.596947
-2.793082
-0.814456
0.745337
1.049146
0.605425
0.874417
0.210577
-0.054030
0.325215
-0.087300
-1.004529
-1.760957
-1.797708
-1.858057
-1.831880
-1.402472
0.118377
0.937346
1.101501
0.896339
0.153452
0.278277
0.686794
0.269250
-0.488596
-1.964313
-1.832783
-1.834201
-1.666694
-1.219362
-0.057899
2.545753
1.919050
0.806460
0.014185
0.158610
1.690420
1.311691
-1.012137
-1.433936
-1.264108
-1.056110
-1.042054
-0.929609
-0.228888
1.218330
1.497509
0.793178
0.002708
-0.146102
-0.308967
0.230436
0.052612
-0.869001
-0.389819
-0.356808
-0.484727
-0.124309
0.100195
0.282403
0.714260
0.801947
-0.081239
-0.433276
-0.749722
0.532310
0.312320
-0.408646
-0.143652
-0.075952
-0.004255
-0.171892
0.344944
0.914522
0.276471
0.896855
-0.111801
-0.662293
-0.721482
-1.019488
0.253131
0.150744
-0.381437
-0.626960
-0.102387
0.007221
-0.877899
-0.781444
0.383759
0.916842
0.085752
-0.586986
-0.984929
-1.134125
-1.386999
0.139783
0.359516
-1.381969
-0.367640
-0.548687
-0.684344
-0.580925
0.222183
0.909363
0.229146
-0.288206
-0.755396
-1.269524
-0.670030
-0.088718
-0.631344
-1.527169
-0.844372
-0.457390
-0.731798
-0.616129
0.348684
1.018843
0.406325
-0.056223
-0.362482
-0.720192
-0.898016
-1.008269
-1.350892
-1.498541
-1.065394
-0.896984
-0.427215
-0.083947
0.998855
2.268122
0.726253
-0.078531
-0.292074
-0.408904
-0.502394
-0.698399
-0.855204
-0.795628
-0.657522
-0.498396
-0.236238
0.201422
1.234191
1.534327
1.568453
1.772012
1.743573
1.736988
1.746866
1.728157
1.731899
1.774407
1.713788
1.726510
1.757344
1.349178
0.931732
2.307103
1.811826
1.764827
1.617696
1.680260
1.785034
1.835774
1.492567
1.202495
1.668885
1.694929
1.643590
1.502895
1.481341
2.504825
1.988144
1.923783
1.845952
1.916299
2.171946
1.802097
1.565010
0.419991
0.728921
1.425812
1.951473
1.828889
1.804641
2.420408
1.970183
1.878581
2.015684
2.490306
1.912258
2.037237
2.327459
1.776053
1.162532
1.691037
2.920325
2.049660
1.697324
2.415318
1.955664
2.117613
2.271181
3.741147
2.968670
1.998322
2.048613
2.061784
2.243191
3.199021
3.670949
2.704642
1.946534
2.431184
1.975721
1.981408
2.669917
3.272961
2.581608
2.233612
2.182722
2.075554
2.237653
2.283454
3.077035
2.431783
2.118362
2.415768
2.019576
1.895345
1.930818
2.225979
2.050259
2.219543
1.979014
1.986348
2.035741
2.333147
1.886065
2.168354
2.100550
2.419659
2.017031
2.040979
3.263681
3.776620
2.364878
2.253669
1.916748
1.912707
2.111027
2.320574
2.507968
2.496892
1.857776
2.384336
2.000866
1.991586
2.487762
3.487746
2.739965
2.418612
2.127192
2.148297
2.396310
2.435076
3.322803
2.721106
1.850741
2.443158
1.951174
1.995029
1.632514
1.980959
2.347216
2.223284
2.346767
2.126145
2.204725
3.064313
2.942177
2.196193
1.763181
2.444655
1.946235
1.893549
1.912857
2.077800
2.700152
2.546584
1.079462
0.249959
0.794479
2.887696
2.744156
2.049511
1.731450
2.448247
1.861069
1.860021
1.791769
1.933662
1.756296
1.924681
-0.172427
0.203559
0.811991
1.644039
1.963597
1.765875
1.828589
2.551972
1.813771
1.808233
1.688942
1.648679
1.697773
1.788776
1.969135
1.970781
1.741777
1.714087
1.603776
1.509181
1.851340
1.620241
1.183038
1.394829
1.311759
1.336306
1.317297
1.431799
1.567704
1.548247
1.388542
1.297839
1.339898
1.243357
1.159688
-2.973647
-1.133829
-1.079849
-1.237291
-1.269279
-1.337004
-1.383487
-1.382237
-1.385236
-1.371741
-1.328507
-1.246287
-1.298768
-2.352127
-1.195806
-0.133700
-0.368863
-0.557043
-0.464078
-0.552795
-0.743724
-0.729229
-0.751471
-0.407099
-0.335375
-0.380859
-0.224417
-1.150573
-0.921158
-0.346871
-0.517308
-0.640262
-0.624018
-0.573037
-0.304637
1.417723
0.987383
0.897417
0.171437
-0.527554
-0.219918
-0.824444
-0.898167
-0.231664
-0.448084
-0.649759
-0.437338
0.103712
0.293141
-0.112458
-0.821695
-0.135700
-0.466827
-0.474574
-0.138948
-0.399602
-0.916910
-0.199676
-0.507062
-0.685495
-0.023241
-0.172186
-1.182311
-1.074351
-0.952646
-0.573287
-1.430969
0.755970
-0.380859
-0.268150
-0.896917
-0.078221
-0.631516
-0.067475
0.108210
-1.146574
-1.427470
-1.050110
-0.780960
-0.776712
-0.917160
-0.738976
1.860809
-0.225166
-0.850184
0.004498
-0.635264
0.549296
-0.084469
-1.346000
-1.276776
-0.907913
-0.800203
-0.857432
-1.050110
-1.868307
0.435088
-0.401101
-0.900666
-0.022991
-0.565290
0.272649
0.095215
-1.274027
-1.176563
-0.927656
-0.917410
-1.000629
-1.193307
-2.074230
-0.229165
-0.565790
-0.891919
-0.062977
-0.387356
-0.072723
0.601777
-1.259783
-1.074601
-0.782210
-0.834440
-0.626267
-1.425971
-0.913161
1.268279
-0.489068
-0.907913
-0.205674
-0.316133
-0.214920
0.197177
-0.567539
-1.127332
-0.719733
-1.316761
-1.057857
-0.937402
-0.865179
0.105961
-0.377610
-0.897667
-0.284894
-0.470325
-0.424842
0.006498
-0.171686
-0.516059
-1.009375
-1.017123
-1.270028
-0.377110
-0.167938
-0.317632
-0.674749
-0.969390
-0.230414
-0.485570
-0.592530
-0.567539
-0.064976
0.589281
1.437216
0.569289
0.245159
-0.251157
-0.429091
-0.535801
-0.761217
-0.874176
-0.281146
-0.441836
-0.517808
-0.607275
-0.437588
-0.671751
-0.680997
-0.539300
-0.467077
-0.535801
-0.475323
-0.336375
-0.817946
-0.531303
0.798704
0.317132
0.112458
0.156192
0.084969
0.147945
0.104961
0.117456
0.156942
0.068725
0.087218
0.433339
-0.104211
-1.193849
0.880784
0.510907
0.338071
0.568519
0.422888
0.300063
0.282259
0.045410
-0.303863
-0.143430
0.186639
0.339671
-0.702546
-0.541913
1.266064
0.264855
-0.477100
-0.136428
0.338671
1.168644
0.105622
-0.070015
-0.307264
-1.211453
-1.451103
-0.362076
0.105622
-0.782963
0.465897
-0.154032
-1.026414
0.964201
2.047827
1.748165
-0.107822
-0.281258
-0.639733
-0.700546
-1.006210
-1.325877
0.441892
-0.935595
0.244851
-0.532111
0.227247
1.960809
0.525110
-0.995607
-0.584522
-1.338279
-0.924193
-0.991007
-0.969602
-0.521909
0.354274
-0.850777
0.364676
0.005201
1.333278
1.290069
-0.501305
-1.267664
-1.064622
-1.288069
0.342471
0.910590
-0.565918
-0.088618
0.658337
-0.776762
0.633332
0.631932
1.678350
-0.315266
-1.779571
-2.766177
-3.517333
-2.327686
-0.957600
1.705156
1.616937
0.290661
0.421288
-0.691544
0.585322
1.511116
1.512115
-2.066031
-2.603543
-4.167469
-3.495128
-1.505314
-1.338479
0.553916
1.177645
0.045809
0.556116
-0.827773
0.696945
1.632740
2.892804
-0.985806
-2.229065
-4.040642
-3.233675
-1.321075
-1.142238
0.796767
0.757758
-1.267465
0.209844
-0.869981
0.463297
0.952599
1.605134
0.609727
-1.194049
-2.760976
-3.326293
-1.591332
-0.183038
1.373886
1.974012
0.201442
0.605126
-0.870582
0.257254
0.107422
0.911190
0.785364
-0.684143
-0.829173
-0.750757
-0.026006
1.579930
1.299471
0.110623
-0.120825
0.788364
-0.881184
0.179237
-0.334270
0.092419
2.231865
0.886985
0.661538
-0.561517
-1.435299
-0.246851
-0.770761
-1.107031
-0.665939
-0.087818
-0.933995
0.254853
-0.328869
-0.977404
0.746555
1.962209
2.585139
0.222646
-0.943597
-1.002809
-0.806368
-1.164443
-1.181046
0.173036
-0.727952
0.757958
0.177837
-0.452894
-0.040608
0.187839
1.164443
0.979204
-0.237850
-1.053820
-1.011211
-0.977604
-0.008002
0.756158
-0.671740
1.819580
0.447693
0.075616
0.485701
0.380279
0.533711
0.033007
-0.205843
-0.248452
-0.145030
0.436891
1.300471
0.263455
-0.485125
-0.824959
-1.010062
-1.172181
-1.111848
-1.168693
-0.878110
-0.840350
-0.947472
-0.942136
-1.065265
-1.108360
-1.052747
-1.230873
0.168686
-0.387443
-0.873800
-0.971072
-0.972303
-0.839940
-0.518780
-0.080033
0.216706
-0.218347
-0.812031
-0.969224
-0.821060
-0.723789
0.008414
-0.281553
-0.855536
-0.940290
-0.596351
0.173816
-0.420073
0.379645
-0.012518
-0.056229
0.455575
-0.317260
-0.771399
-0.654016
-0.034681
-0.293866
-0.862309
-0.669613
0.537660
0.111431
-2.042904
-1.187367
-1.816758
-2.060141
0.087216
1.095637
-0.132568
-0.609485
-0.070593
-0.380877
-0.493129
0.263495
1.426646
0.909508
-0.265957
-1.112464
-1.216302
-0.924898
0.057255
0.277449
0.779813
-0.181819
-0.096656
-0.506262
-0.108148
1.237234
1.175465
-0.085985
-1.720513
-1.320551
-1.287511
-1.190240
-0.925720
-0.120461
1.021349
0.549357
-0.164992
-0.595120
-0.062590
1.643147
1.782487
-1.274378
-1.369392
-0.877289
-0.717427
-0.900273
-1.123546
1.198859
2.181833
0.399551
-0.164992
-0.574393
-0.400783
2.260841
2.451074
-0.217732
-1.112259
-0.605586
-0.556335
-0.736718
-0.854921
1.410640
1.708611
-0.223478
-0.118203
-0.481431
-0.720916
0.466246
1.060750
0.306384
-1.217328
-0.825370
-0.742258
-1.072037
-0.377183
0.959169
1.048232
-0.484510
-0.021342
-0.403245
-0.812647
-0.758265
-1.302287
-0.415353
-0.334498
-0.618720
-0.419868
-0.930850
-0.158835
-0.106917
-0.455985
-0.655453
-0.024831
-0.360561
-0.872569
-1.077373
-0.526373
-2.109187
-0.567416
0.004515
-0.396063
-1.001238
-1.575016
-0.170738
-0.490051
-0.718864
0.031398
-0.333267
-0.652375
-0.880778
-1.335531
-0.563517
-1.437728
-1.631245
-1.199270
-1.423773
-1.083118
-0.808132
-0.896579
-0.398935
-0.054587
-0.109174
-0.392164
-0.499080
-0.759702
-1.176080
-0.963684
-0.767910
-0.838298
-1.089890
-1.194139
-0.775708
-0.801770
-0.356456
0.060128
-0.095630
-0.298381
-0.396063
-0.477122
-0.568853
-0.615436
-0.599224
-0.682951
-0.618514
-0.502363
-0.456395
-0.262263
-0.581986
-2.129614
-1.358217
-1.257540
-1.585742
-1.600366
-1.514313
-1.387004
-1.401629
-1.298642
-1.266315
-1.382848
-1.495533
-1.465668
-2.839126
-0.675799
-0.485374
-1.083126
-1.335896
-1.108064
-0.871611
-1.026784
-0.893779
-0.945349
-0.810959
-0.834204
-1.038637
-0.737221
-1.613605
-0.838360
-1.068809
-1.594362
-1.694424
-1.478445
-1.127461
-2.287557
-2.724748
-2.477674
-1.855138
-1.351752
-1.064807
-0.826507
-1.553876
-0.892240
-1.208126
-1.613143
-1.279862
-1.368840
-2.677027
-4.028625
-2.491836
-2.506307
-3.068650
-2.104214
-1.309265
-0.405787
-1.279246
-0.982911
-1.150552
-1.295102
-1.182264
-2.212588
-2.124842
-2.302489
-2.486910
-2.535709
-2.283401
-2.442267
-2.167637
-1.069887
-0.745996
-1.037406
-1.060804
-1.149166
-1.170256
-1.619609
-1.606832
-2.837433
-2.834661
-2.707045
-2.496608
-2.029860
-1.481062
-0.913329
-0.144704
-1.118378
-1.023859
-1.146549
-1.686111
-1.526321
-1.887157
-2.714126
-2.624533
-2.521239
-2.511387
-1.916714
-1.295410
-0.939192
-0.549260
-1.122535
-1.061574
-1.174105
-1.688112
-1.656246
-1.556801
-2.542636
-2.496916
-2.517544
-2.356830
-1.914405
-1.847595
-1.793715
-0.954739
-0.998459
-1.119764
-1.256771
-1.286943
-1.697349
-1.232756
-2.199195
-2.209047
-2.206584
-1.910402
-2.073426
-2.329429
-1.994146
-1.008619
-0.876692
-1.212590
-1.453815
-1.149166
-2.157477
-1.510003
-1.437651
-1.764005
-2.253998
-1.633772
-2.000458
-2.358677
-1.678106
-1.187498
-0.882234
-1.177030
-1.622995
-1.711973
-1.475212
-2.274164
-1.068194
-0.776630
-2.145777
-2.008001
-2.555875
-1.243840
-1.080201
-1.524781
-0.772936
-0.910097
-1.356370
-1.632694
-1.489683
-0.784635
-0.585436
-1.035096
-1.874380
-1.059727
-1.011235
-1.160250
-1.086205
-1.353292
-0.345751
-0.568041
-0.996149
-1.294486
-1.299566
-1.086358
-0.834204
-0.782942
-0.957203
-0.922258
-1.167177
-1.138698
-0.786636
-0.731833
-0.765854
-0.556187
-1.184572
-1.338667
-1.323119
-1.357140
-1.219671
-1.179954
-1.078508
-1.100829
-1.313421
-1.345595
-0.584051
-1.314037
0.289941
1.953680
2.001790
1.900439
1.859813
1.937430
2.076199
2.077482
2.013764
2.042202
2.015474
1.914765
1.897659
0.996191
1.953680
3.467531
3.172458
3.110023
2.990924
3.124349
3.181225
2.817088
2.822006
3.086288
3.204318
3.162623
3.455557
2.278687
2.253671
3.449784
3.107457
3.066831
2.997125
2.993490
2.976598
1.916047
2.184820
1.558539
2.751018
3.238529
3.618274
2.803190
2.168998
3.424339
3.117292
3.290915
3.204532
3.359765
2.765129
2.652019
2.844457
2.375762
2.448034
3.012307
3.991392
3.046946
2.196367
3.448287
3.107457
3.413434
3.055712
3.587698
2.952864
3.620840
3.537236
3.490196
1.984256
3.208594
3.392907
3.533815
2.247897
3.334535
3.298185
2.972963
3.110236
3.039462
3.683703
3.284286
3.315290
3.420277
3.635808
2.319527
2.364644
3.645430
2.279757
3.342446
3.222920
1.977628
2.920150
3.284714
3.496183
3.328975
3.172244
3.224203
3.866520
2.804259
2.118536
3.534670
2.227584
3.296474
3.540871
3.248151
3.298398
3.680496
3.556053
3.279796
3.177376
3.352281
4.075638
2.650736
3.189992
3.275306
2.256878
3.376871
3.251144
3.022356
2.613744
3.516496
3.964236
3.516923
3.490410
3.776288
3.721122
2.262651
2.924640
3.344157
2.174129
3.456412
3.148724
3.301820
3.082868
2.358871
2.659930
3.097835
2.930841
3.211587
1.371446
3.203462
3.794463
3.160270
2.210265
3.422415
3.198117
3.191488
2.953506
1.941278
2.372983
1.370805
1.211722
1.580563
2.353097
2.873965
3.500673
2.700342
2.236137
3.523766
3.269747
3.228266
2.995414
2.750590
2.374479
0.763981
1.795025
2.637479
2.814095
3.309090
3.327264
2.644107
2.427507
3.547928
3.378581
3.368104
3.350784
3.226341
3.233611
2.858997
3.039034
3.129908
3.388845
3.298613
3.584063
2.487377
1.334669
2.893208
2.660999
2.653943
2.553447
2.563069
2.604550
2.596425
2.491439
2.515173
2.504055
2.568415
2.777959
1.580777
2.088737
1.843381
1.767563
1.801143
1.790964
1.733047
1.735387
1.744397
1.679577
1.715848
1.734100
1.787688
1.806525
2.466539
1.952779
1.960735
1.973020
1.959799
1.925166
1.835542
1.873334
2.049657
1.926570
1.900128
1.879886
1.923645
1.941313
2.087215
1.964362
2.019588
2.021109
1.988231
1.894277
1.805004
1.738664
1.753991
1.564563
1.240465
1.610779
1.982381
2.028948
2.111669
1.980275
1.974658
1.936164
1.887959
1.924932
1.662612
1.144523
1.408598
1.369519
1.164413
1.020734
1.549587
2.179296
2.075398
2.011748
1.991624
1.897553
1.791900
1.109773
1.436913
1.665186
1.848763
1.846540
1.707073
1.382741
1.122760
1.882109
2.062411
2.005781
1.954066
1.725208
1.539173
1.292531
1.573338
1.859411
1.940611
1.933707
1.903755
1.666239
1.569594
2.875815
2.011514
1.987295
1.916274
1.767680
1.912062
1.667877
1.699000
2.012568
1.997006
1.998059
2.008823
1.821151
1.450485
1.569243
1.894394
1.993496
1.932654
1.811790
1.375603
0.672650
1.644827
2.041818
2.039478
2.030352
1.977584
1.925751
1.410470
1.185708
1.987763
2.007068
1.923294
1.843030
1.443465
1.194366
1.501382
1.947748
2.030469
1.990805
2.045562
1.832266
1.690107
2.074813
1.958746
1.979807
1.942483
1.885502
1.865495
1.984604
1.323654
1.543503
1.839169
1.651847
1.590538
1.293701
1.343428
1.914870
2.043807
1.977233
1.990571
1.948450
1.823140
1.675014
1.151075
1.258133
1.652666
1.040858
1.723336
1.328919
1.729537
2.018886
2.048019
1.954417
1.986242
1.930548
1.881407
1.820800
1.905276
2.067091
1.907967
1.363201
1.872164
1.982264
1.976764
1.849231
2.044041
1.940494
1.939791
1.891703
1.922358
1.856602
1.852507
1.811088
1.804770
1.853677
1.839169
1.958980
1.978637
2.011748
2.048253
1.958395
1.835074
1.690809
1.661559
1.670802
1.614758
1.572519
1.624235
1.622597
1.614874
1.649507
1.641200
1.577551
2.126528
0.606062
0.832343
0.470177
0.270415
0.253574
0.347455
0.434561
0.591544
0.537539
0.345713
0.367005
0.385781
0.541023
0.580511
0.729171
0.477146
0.041424
0.014711
-0.013937
0.530957
0.978487
0.128142
0.075492
0.738075
0.627935
0.203827
0.336421
0.649615
0.262478
0.497083
0.113818
0.239250
0.549734
0.658325
-0.368554
-1.405305
-2.026658
-2.048338
-0.073362
0.671875
0.955452
0.806986
0.095042
0.201505
0.056716
0.608772
0.003678
-0.331195
-0.689683
0.494373
0.540829
-0.659293
-1.387690
-0.455078
1.140116
0.895253
0.143628
0.278545
0.264801
0.847828
-0.086718
0.618063
1.622101
2.232615
2.235905
2.112797
0.683295
-0.809308
-0.032132
1.251805
0.188729
0.372812
0.553992
-0.480823
-0.646905
1.617455
2.652271
1.767664
1.605067
1.981364
2.154607
-0.155629
-1.046429
0.931062
0.211183
0.481017
0.245445
-1.511186
-0.525344
2.354563
2.004786
1.272324
1.090563
1.403950
2.173190
0.724913
-0.675746
1.174184
0.178663
0.477920
0.656390
-0.356940
-1.320134
2.211129
2.060146
1.083788
1.081078
1.465311
2.564197
0.723171
-0.682134
1.385174
0.164920
0.297901
0.450046
0.183696
-1.249482
1.961813
2.574262
1.643781
1.631779
2.119184
2.396374
-0.102591
-1.170119
1.410918
0.132594
0.261123
0.161242
0.505213
-0.198988
0.193375
1.424661
1.761083
1.365042
1.748695
-0.598125
-0.169953
0.277383
0.948484
0.086719
0.167436
-0.009098
0.246606
0.683489
-0.965131
-1.409757
-0.424688
-0.841440
-1.484668
-0.646711
0.813954
1.299616
0.625806
0.138595
0.371264
0.040262
0.189891
0.496309
0.656390
-0.541604
-2.011560
-1.796505
-0.729558
0.298869
0.854797
0.422753
0.324033
0.370490
0.583802
0.286868
0.240799
0.367586
0.342422
0.488372
0.658712
0.519537
0.402041
0.420043
0.199763
0.364683
0.259962
0.304870
0.342422
0.278738
0.140143
0.079363
0.043166
0.246800
0.214861
0.154467
0.125626
0.162210
0.118270
0.260930
0.171889
0.924446
0.265932
0.076657
0.380654
0.452400
0.462399
0.309435
0.321539
0.385391
0.419246
0.441349
0.499411
0.413282
0.052976
0.282948
-0.002807
0.138228
0.409598
0.705176
0.796919
0.279790
0.558702
0.444857
0.235234
0.686406
1.025662
1.117230
0.907256
0.212430
0.282070
0.413633
0.548353
0.325223
0.158401
0.579752
-0.441173
-1.297207
-1.107581
-0.452926
0.901818
1.309486
1.143718
0.404862
0.571859
0.768852
1.144770
-0.688160
-1.555771
0.048415
0.946374
-0.113319
-0.711315
-0.591330
-0.566947
0.977949
0.976370
0.419421
0.584313
0.766045
0.647639
-0.946374
-1.529810
-0.339607
-0.380128
0.233479
0.311014
-1.032854
-0.660444
0.575016
0.783236
0.416615
0.657813
1.117230
-0.392232
-0.884803
0.215938
-0.626939
-0.110863
0.352763
0.480993
-0.025611
-0.042802
0.438016
1.044783
0.450295
0.646411
1.185642
-1.895904
-2.558103
-0.304348
-0.035610
0.244356
0.617116
0.976370
0.876032
1.308434
1.854156
1.232128
0.388197
0.567649
0.844632
-1.260019
-2.374617
0.089463
-0.028593
0.405037
0.851999
1.163013
1.743994
1.821528
1.515777
1.631727
0.378023
0.482572
0.832879
0.308383
-0.847790
-0.224884
-0.368902
0.272422
0.878312
1.142314
1.412807
2.504075
3.114701
1.903448
0.374866
0.393635
0.699913
0.861121
-0.935848
-1.138631
-0.274352
-0.169102
0.876733
1.531389
2.209024
1.495077
1.808898
1.268088
0.440998
0.518181
0.441875
0.650095
-0.573613
-1.606818
-0.509235
0.765870
2.112369
3.011731
1.805741
1.867838
0.928306
1.125123
0.467486
0.526075
0.488887
0.733067
0.535021
-0.041398
0.329257
1.215989
3.168378
2.702296
1.985894
1.075130
1.193536
1.213534
0.214184
0.464855
0.548353
0.696756
0.687809
0.641675
0.416615
0.321364
0.338905
0.852876
1.030749
1.338606
1.708209
1.730662
0.966020
0.162261
0.009999
0.251021
0.272773
0.288736
0.365042
0.336800
0.318206
0.360131
0.410651
0.654305
1.128105
1.675406
-0.229707
0.543633
0.337850
0.237876
0.219204
0.130705
0.190223
0.188667
0.174274
0.186527
0.130511
0.243322
0.312565
-0.487811
0.480809
0.529434
0.428488
0.356911
0.343490
0.386281
-0.014588
-0.533130
-0.587591
-0.125065
0.230874
0.431405
0.330459
0.663835
0.512707
0.419541
0.326958
0.227762
0.096473
-0.495008
-0.296810
1.517894
1.148923
-0.106393
-0.428293
0.031704
0.146071
0.622795
0.538381
0.339406
0.260438
0.047653
-0.327347
0.644579
2.160138
2.611578
2.702994
2.381093
1.463628
0.197614
0.075272
0.639717
0.544605
0.334154
0.304979
-0.060296
0.579227
1.918179
1.816260
1.417725
1.556210
1.916234
2.522690
0.313537
-0.403592
0.562889
0.491312
0.379473
0.124092
-0.034816
0.916104
2.059387
1.545707
1.480744
1.503889
1.461877
1.828708
2.255834
0.792595
0.170578
0.512902
0.413706
0.019839
0.393477
1.474714
1.391856
1.298495
1.325531
1.499416
1.477048
1.517310
1.748378
0.564445
0.188083
0.570474
0.385892
0.129538
-0.116896
1.441649
1.650543
1.380769
1.309387
1.441454
1.396330
1.623897
1.736708
-0.379473
0.178164
0.520293
0.348742
0.199559
-0.318983
1.263485
2.222380
1.662603
1.395746
1.479966
1.372989
1.855743
2.490208
-0.530796
0.420902
0.544022
0.358078
0.315871
-0.044930
0.199948
1.437564
2.271978
1.651321
1.728928
1.990533
2.453253
0.276193
0.023924
0.531574
0.552191
0.358856
0.366636
0.183026
0.346797
0.786371
1.828707
1.983726
1.752852
1.861773
0.721602
0.304979
0.324624
0.664419
0.584867
0.463887
0.414095
0.262772
0.295448
0.221927
0.773729
1.071317
0.698068
0.756029
0.305368
0.268802
0.337655
0.744943
0.660334
0.394839
0.416623
0.315871
0.313926
0.312176
0.264912
0.391144
0.283973
0.284556
0.325596
0.368776
0.396590
0.835191
0.106393
0.651971
0.459025
0.429655
0.320734
0.322873
0.235347
0.217648
0.210646
0.243127
0.270163
0.382974
0.525350
0.146071
-1.306437
0.225107
0.462901
0.406010
0.444688
0.357306
0.314740
0.321902
0.393527
0.334590
0.332339
0.397211
-0.006753
-1.057796
-0.167602
0.197889
0.205870
0.400690
0.496463
0.561129
0.243729
-0.085745
-0.223060
0.270333
0.358533
0.438139
0.254984
-0.149184
0.242296
0.600216
0.620066
0.731801
0.732006
-0.171490
-0.426270
-0.001023
0.027627
-0.600830
-0.422382
0.613518
0.501988
0.586710
0.153482
0.513243
0.460241
0.612495
-0.791147
-0.380635
0.632345
-0.287727
-0.096386
0.212828
-0.641349
-0.786236
0.351780
0.487458
0.158802
0.528591
0.510378
0.103549
-0.050342
-1.343477
-1.066800
-0.594282
-0.315968
-0.210168
-0.665292
-0.401713
-0.516722
0.653218
0.219581
0.589984
0.422791
-0.499328
-0.407238
-1.180582
-0.184997
-0.074285
0.089429
0.044612
-0.459422
-0.424838
-0.701105
0.893469
0.189908
0.638075
0.472724
-0.092703
-1.211688
-0.472724
-0.183769
-0.132199
-0.101503
-0.004707
-0.168625
-1.029146
-0.056072
0.696398
0.170876
0.480091
0.507718
0.007572
-0.351780
-0.098228
0.139771
0.107846
0.106414
0.124218
-0.093317
-0.475998
-0.188271
0.591416
0.165556
0.515699
0.606560
-0.010027
-0.068555
-0.758814
0.222856
0.296322
0.307168
0.289773
-1.079693
-0.527977
-0.321493
0.556013
0.180904
0.452464
0.514266
0.240045
-0.544963
-1.503713
-0.753902
-0.197275
-0.685757
-0.967959
-0.613109
-1.326083
-0.718704
0.533912
0.159416
0.477226
0.379407
0.618225
-0.273607
-0.776618
-0.585891
-0.291411
-0.328246
-0.128516
-1.011752
-0.657311
0.259077
0.503216
0.101298
0.505057
0.429544
0.716453
0.655470
0.192568
-0.738350
-0.286909
0.382477
0.031515
-0.267058
0.378793
0.254370
0.519587
-0.041338
0.325586
0.210372
0.312489
0.219172
0.291411
0.489300
0.373882
0.428316
0.449804
0.223265
0.187248
0.341139
0.411331
-0.486231
0.002046
0.279951
0.224083
0.266035
0.194001
0.295708
0.318833
0.371631
0.376542
0.284862
0.193182
0.026808
-0.263989
-0.632719
0.077992
-0.298586
-0.632301
-0.747303
-0.694193
-0.649865
-0.543436
-0.463562
-0.467744
-0.605119
-0.600937
-0.284368
-0.931724
-0.461680
-0.189857
-0.757967
-1.103390
-1.084572
-0.697329
-0.927542
-0.973333
-0.956188
-0.904751
-0.672238
-0.546572
-0.318451
-0.281441
-0.954306
-0.573545
-1.069517
-1.374167
-1.064499
-0.853732
-1.383576
-2.612214
-2.750844
-1.806365
-0.900569
-0.842650
-0.397697
-0.169784
-1.047144
-0.628955
-1.021007
-1.165909
-0.938415
-2.591723
-3.578856
-2.758581
-2.276409
-3.077031
-1.579289
-0.972706
-0.485308
-0.082174
-1.065753
-0.629583
-1.006370
-0.868786
-0.750857
-2.903692
-1.855502
-2.390365
-2.097633
-1.915094
-1.676726
-1.352630
-1.084990
0.239831
-1.028534
-0.516463
-0.965388
-0.558281
-2.704843
-1.419331
-2.285400
-2.250481
-2.115407
-1.758691
-1.647871
-1.702027
-1.342385
0.148248
-1.042335
-0.502244
-1.061153
-1.092517
-3.723758
-1.441286
-2.396429
-2.224553
-2.194444
-1.959213
-1.931612
-1.098163
-0.843904
0.271613
-1.061153
-0.501199
-1.021216
-0.302350
-3.077449
-1.305166
-2.230408
-2.260309
-2.098888
-1.903385
-1.788801
-1.410131
-1.419541
-0.013173
-1.014734
-0.574382
-0.900778
0.107684
-2.792663
-1.810547
-2.066269
-2.039923
-1.722100
-1.669199
-1.804901
-1.684881
-1.427277
0.102874
-1.008252
-0.619755
-1.001561
-0.689593
-1.123463
-2.348337
-1.916139
-1.906521
-2.197580
-1.651635
-1.097117
-1.036480
-1.239511
-0.098902
-1.038780
-0.650910
-1.203964
-1.225919
-0.604909
-0.499526
-1.983049
-1.891048
-2.364020
-2.412111
-0.938415
-1.108408
-0.506844
-0.306741
-0.940715
-0.396024
-0.900150
-1.134545
-0.880914
-0.270777
-0.660111
-0.679974
-1.443796
-1.188701
-0.922105
-0.532772
-0.518763
-0.351278
-0.507681
-0.409198
-0.713011
-0.952215
-0.894087
-0.617873
-0.576473
-0.551382
-0.677047
-0.752948
-0.818186
-0.805013
-0.512490
0.072138
-0.687502
-0.427598
-0.856868
-1.047144
-1.040035
-1.175946
-0.958488
-0.983997
-0.922524
-0.930469
-1.077044
-0.957024
-0.395397
-0.476108
-0.887220
-0.802016
-0.420996
-0.550972
-0.574729
-0.613333
-0.567419
-0.691456
-0.679578
-0.546403
-0.558510
-0.571759
-0.805900
-1.554691
-0.344243
-0.712243
-0.579069
-0.799503
-0.564906
-0.492722
-0.419853
-0.263836
0.031066
-0.057793
-0.513738
-0.488839
-0.596201
-1.001664
-0.572216
-1.027248
-0.659019
-0.679121
-0.642572
-0.564678
-0.633207
0.615389
0.182972
-0.109875
-0.931992
-0.462798
-0.549373
-0.720924
-0.583637
-0.984760
-0.652852
-0.733259
-0.553713
-1.230321
-0.632522
-0.193937
-0.240308
-0.321172
-0.826230
-0.585693
-0.299928
-0.655364
-0.586379
-0.978592
-0.679578
-0.622014
-0.405234
-0.347898
-0.657420
-0.709731
-0.463484
-0.602140
-0.548459
-0.380564
-0.290562
-0.526302
-0.676837
-0.928795
-0.603282
0.064874
-0.025127
-0.409117
-0.684375
-0.337847
-0.207871
-0.426250
-0.643258
0.420082
0.292618
-0.515794
-0.695568
-0.915774
-0.505286
-0.576099
-0.672268
-0.903896
-0.363431
-0.279369
-0.218835
-0.348584
-0.634121
-0.382163
-0.236653
-0.781457
-0.700593
-1.003491
-0.596201
0.104621
-0.563079
-0.643714
-0.418026
-0.249673
-0.276171
-0.310436
-0.362975
-0.866890
-0.866205
-0.677522
-0.643943
-0.985445
-0.676837
-0.303811
-0.308608
-0.485870
-0.497520
-0.127235
-0.050711
-0.148708
-0.482900
-0.097083
0.447494
-0.516251
-0.630009
-0.985674
-0.622014
-0.603054
-0.213582
-0.702192
-0.752447
-0.158302
-0.219064
-0.447265
-0.725721
-0.483357
-0.439270
-0.513281
-0.603511
-1.015369
-0.672725
-0.713614
-0.775518
-0.909835
-0.870774
1.421289
1.773984
0.830570
-1.100117
-0.421681
-0.516936
-0.661304
-0.577927
-0.850672
-0.524474
-0.545718
-0.589348
-0.505743
-0.368685
0.431275
0.297644
0.089316
-0.473763
-0.461199
-0.486098
-0.379193
-0.341731
-0.719553
-0.356122
-0.460514
-0.426021
-0.384218
-0.274344
-0.356578
-0.302898
-0.563307
-0.462570
-0.377137
-0.372797
-0.500489
-0.623841
-0.667700
-0.445666
-0.532241
-0.529500
-0.654222
-0.580896
-0.574957
-0.584780
-0.571531
-0.567876
-0.573358
-0.277313
-1.023821
1.867655
1.659576
1.900325
1.704692
1.667549
1.762643
1.839068
1.797841
1.917438
1.934551
1.751169
1.764977
1.695747
2.290230
2.285368
2.075539
2.336513
2.262810
2.234418
2.428107
2.284980
1.976556
2.097125
2.419939
2.576290
2.445414
2.271562
2.474779
2.129796
1.638573
1.894880
1.888074
2.117544
2.249198
3.417163
3.010923
3.245449
4.351185
2.682663
2.255421
2.182301
2.276812
2.193969
1.684468
1.857737
2.148659
2.143019
3.566708
4.573655
2.543037
2.981947
4.602823
2.846598
1.845097
2.262227
2.293731
2.192803
1.821761
1.876211
1.841791
1.172243
1.375460
1.958276
2.201165
2.209721
2.385324
1.963916
2.291592
1.884573
2.301120
2.208360
1.877767
1.900325
1.331511
1.646547
1.601236
2.351876
1.849764
1.851903
1.912965
1.997169
2.834541
1.913354
1.836929
2.197081
1.973834
1.625544
0.857013
0.639794
1.673188
1.704303
1.494668
1.496030
1.616015
1.998920
0.868876
0.050172
1.733473
2.168300
1.866294
1.747475
-0.139238
-0.705330
1.118570
1.726083
1.642852
1.604542
1.609403
1.705275
0.369097
0.104428
1.868044
2.183857
1.858709
1.926578
0.289366
-0.375515
0.941217
2.336124
2.071456
2.003976
2.225862
1.923078
1.005780
-0.015363
1.868044
2.187747
1.786562
1.758754
1.521310
2.303454
3.149188
2.465833
2.024200
1.729195
2.291203
3.037370
2.786119
2.516783
2.355571
2.185802
1.671438
1.947581
1.874267
2.234418
4.099740
2.794676
2.460194
3.222697
2.463694
3.354739
2.754421
2.164022
2.305010
2.218278
1.805037
1.989974
1.936302
2.246475
2.225862
2.262033
2.720973
3.012673
2.031785
2.438997
2.275256
2.146325
2.207193
2.443859
1.845097
2.057843
1.869988
1.915299
2.115794
1.981029
1.748641
1.716166
1.971500
2.034507
2.101209
2.079429
2.346042
2.265144
2.369961
2.391742
2.238502
2.184246
2.257365
2.203498
2.153715
2.226834
2.282646
2.193386
2.296842
2.590486
2.504338
-0.566836
-0.332753
-0.496018
-0.636765
-0.642690
-0.506982
-0.517352
-0.589355
-0.637357
-0.591429
-0.670247
-0.522982
-0.338679
-1.235602
-0.201785
0.291863
-0.140746
-0.145190
-0.199415
-0.288603
-0.617801
-0.616616
-0.293048
-0.290381
-0.216008
-0.121486
0.062225
-0.733657
-0.274677
0.129190
-0.446239
-0.482388
-0.441794
-0.149339
-0.619875
-0.329494
-0.375717
-0.215712
-0.376014
-0.076151
0.077040
-0.636765
-0.229342
0.108745
-0.413941
-0.329790
-0.288307
-1.174858
-0.854254
-0.599726
-0.947294
-0.786103
-0.453646
-0.839439
-0.144005
-0.584318
-0.271121
0.122079
-0.312604
-0.468166
-1.041816
-0.637061
-0.776029
-1.328346
-1.236194
-1.085966
-0.806845
-0.949072
-0.213341
-0.461350
-0.234675
0.165636
-0.227268
-0.101633
-0.531575
-0.565947
-1.728657
-1.513241
-1.344939
-1.213675
-0.816919
0.039409
0.590244
-0.509056
-0.237342
0.184600
-0.271714
-0.246231
-0.381347
-0.727731
-1.381385
-1.403015
-1.276492
-1.304937
-1.205674
-0.128597
0.102226
-0.473795
-0.286825
0.138968
-0.416016
-0.336901
-0.522390
-0.887440
-1.538724
-1.347902
-1.187600
-1.236490
-0.957962
-0.759140
0.411867
-0.333642
-0.171858
0.107560
-0.356161
-0.318530
-0.261936
-1.159747
-1.553243
-1.409534
-1.165969
-1.131598
-0.703434
-0.662543
0.907589
-0.413052
-0.206526
0.089485
-0.383125
-0.338679
-1.034112
-0.597059
-1.065817
-1.183452
-0.950258
-0.804178
-0.694248
-0.789066
-0.061632
-0.569799
-0.248009
0.072892
-0.387866
-0.435275
0.016890
-1.009223
-0.197340
0.289492
-0.521501
0.036150
-0.621949
0.019260
0.166228
-0.657210
-0.232305
0.233194
-0.299863
-0.405645
-0.257491
0.390237
-0.090077
0.946702
0.007112
-0.541946
-0.044446
0.098078
-0.066373
-0.685951
-0.112893
0.258676
-0.034372
-0.014519
0.000000
0.001482
0.076447
-0.017482
0.004741
-0.045928
-0.093040
0.037335
0.060743
-0.452757
-0.704619
-0.553798
-0.836179
-0.969814
-0.906700
-0.959739
-0.893959
-0.922405
-0.942257
-0.954999
-0.957369
-0.954110
-0.648320
-1.331309
-2.001356
-1.339844
-1.821341
-1.947176
-2.172414
-2.196445
-2.252590
-2.029975
-2.127192
-2.234895
-2.238390
-1.994365
-1.695942
-1.320620
-1.156116
-1.058899
-1.262508
-1.392276
-1.611615
-1.700748
-1.886225
-2.129813
-2.225938
-2.081969
-1.253770
-1.068730
-1.174685
-1.254425
-1.845809
-1.276490
-1.229083
-1.340281
-1.263382
-1.470487
-1.990651
-3.272165
-2.606285
-1.836634
-1.601347
-1.531875
-1.364968
-1.519204
-1.838599
-1.200464
-1.036616
-1.173593
-0.856163
-2.260674
-2.111462
-2.259581
-1.661643
-1.809762
-1.179054
-1.488619
-1.693976
-1.491896
-1.729367
-1.088828
-1.173374
-1.151528
-0.683795
-1.569014
-2.041772
-1.748374
-1.328047
-1.010619
-1.033775
-1.293311
-2.024295
-1.723906
-1.696597
-1.123564
-1.165073
-1.538647
-2.307207
-1.988467
-1.393150
-1.409535
-1.424609
-1.104558
-0.666318
-2.565869
-3.140868
-2.594487
-1.679339
-1.196750
-1.611615
-1.843187
-3.366323
-1.764103
-1.113952
-1.549134
-1.509810
-1.345962
-1.412375
-2.495960
-2.411633
-1.914407
-1.664483
-1.163107
-1.393368
-1.295715
-3.157908
-2.416439
-1.557654
-1.432255
-1.358414
-1.111112
-1.503912
-1.679120
-1.816971
-1.936690
-1.649846
-1.109364
-1.428541
-1.482502
-2.738456
-3.233060
-1.690699
-1.654871
-1.196314
-1.393805
-1.320183
-2.209553
-1.969241
-1.878579
-1.700748
-1.174249
-1.373270
-1.485124
-2.171540
-2.707652
-3.044743
-2.436319
-1.981257
-2.059468
-1.167039
-2.365973
-1.436406
-1.829206
-1.792940
-1.186045
-1.159392
-1.033994
-0.979815
-1.401889
-2.822347
-3.538911
-2.738893
-3.266267
-1.210295
-1.260542
-1.029188
-1.826802
-1.836852
-1.239351
-1.257920
-1.323241
-1.489056
-2.066021
-2.625510
-2.244507
-2.830866
-2.354395
-1.802334
-1.100626
-1.283917
-1.977543
-2.027134
-1.161796
-1.511558
-1.622975
-1.762792
-1.979072
-2.227467
-2.137678
-2.164112
-2.263077
-1.908071
-1.763229
-1.707739
-2.075415
-1.823089
-1.572946
-1.875302
-2.054661
-2.117579
-2.187269
-2.304803
-2.448553
-2.551669
-2.388257
-2.319659
-2.029319
-2.045049
-1.610304
-0.545214
-0.106178
-0.626673
-0.807006
-0.868803
-0.867961
-0.665437
-0.509260
-0.636504
-0.747738
-0.862904
-0.851669
-0.179491
-0.594932
-0.862343
-0.316848
-0.652796
-0.783412
-0.873298
-1.102787
-0.641280
-0.449148
-0.214041
-0.066572
-0.724143
-0.747457
-0.281736
-1.394355
-1.219920
-0.607853
-0.705604
-0.984250
-0.723019
0.408981
-0.370217
-0.977228
-0.948015
-0.658414
0.019381
0.388195
-0.292129
-0.960093
-1.182280
-0.596618
-0.833691
-0.537630
0.282298
-0.839871
-2.169621
0.579202
-0.146345
-1.414017
-1.719910
-0.887061
0.793805
-0.637628
-1.184527
-0.631167
-0.945206
-0.005337
-1.060373
-0.237355
1.136214
0.536507
0.199153
1.150539
-0.259265
-1.982826
0.057302
-0.182862
-1.227785
-0.710941
-0.610943
-0.117694
-1.840975
1.189022
-0.624145
-0.795771
-0.763187
-0.902791
0.449149
0.111796
-0.214883
-0.497743
-1.174415
-0.632853
-0.156738
-1.276660
-1.520757
-0.006460
-0.912622
-0.797456
-0.828635
-0.827793
-0.485945
-0.228928
-1.151663
-0.671054
-1.274132
-0.717402
-0.152525
-0.425834
-2.966515
0.132863
-0.792119
-0.927229
-0.844366
-0.963745
0.221906
-0.469654
-2.029455
-0.709818
-1.230594
-0.715716
-0.626954
0.629482
-1.094080
0.996891
-0.136233
-0.706166
-0.771333
-0.503361
1.510926
0.867680
-0.346622
-0.348869
-1.207841
-0.754480
-0.958970
0.597460
-0.204771
-0.193536
0.578359
0.080336
-0.411228
0.852512
0.382577
-1.996590
0.946049
-0.462631
-1.258121
-0.731447
-0.907847
-0.640718
1.278907
-1.000542
-0.828635
0.399993
-1.215987
-0.449429
-1.764291
0.854759
0.465721
-0.794647
-1.142674
-0.551674
-0.790996
-0.818804
-0.683414
0.828074
0.685099
-0.496339
-0.496339
0.051684
0.339038
0.192412
-0.414599
-0.873298
-0.970206
-0.094942
-0.408700
-0.387352
-0.370779
-0.548585
-0.432014
0.023033
-0.045224
-0.530888
-0.566843
-0.435104
0.117694
-0.464317
-0.742120
-0.620213
-1.166550
-1.357277
-1.395759
-1.416826
-1.218235
-1.101664
-1.083967
-1.110652
-1.350535
-1.366266
-0.806445
-0.795209
-0.320251
0.024705
0.081305
-0.096337
-0.164178
-0.193850
-0.274109
-0.314369
-0.321428
-0.189929
-0.086402
-0.067972
-0.125878
-0.900625
0.071370
0.023137
-0.012026
-0.134375
-0.119735
-0.140126
0.045750
0.058822
0.233849
0.207444
-0.093200
0.034117
-0.041829
-0.456717
0.213980
0.095291
0.058691
0.032025
-0.020261
0.103265
0.458025
1.984120
1.516814
0.834091
0.009934
0.159995
0.017385
-0.153198
0.239731
0.065619
0.018039
-0.037646
-0.007843
0.784289
2.076143
0.563119
0.318683
0.634359
0.172674
-0.152283
-0.024574
-0.030195
0.197379
0.089147
0.109539
0.086010
0.444953
0.313977
-0.148753
-0.121434
-0.333584
-0.435803
-0.191628
0.340251
0.155028
-0.009019
0.168753
0.122872
0.013333
0.272017
0.650306
-0.230450
-0.599850
-0.427307
-0.270841
-0.201824
-0.282736
0.144571
0.046012
-0.040391
0.163393
0.179994
0.128493
-0.357897
-0.765858
-0.101565
-0.167576
-0.054639
-0.013725
-0.087579
-0.356459
-0.208490
-0.217117
0.164178
0.181171
0.084965
0.024967
0.138950
-0.226398
-0.222215
-0.201170
-0.070978
-0.002745
-0.073331
-0.384563
-0.435542
-0.634228
0.105225
0.220777
0.111630
0.034901
0.179079
-0.146793
-0.149407
-0.481292
-0.350708
-0.329532
-0.407177
-0.467306
-0.462338
-0.526911
0.092285
0.205745
0.084703
0.161956
-0.199209
0.425084
0.098559
-0.468743
-0.312147
-0.190321
-0.529526
-0.014640
0.221823
-0.044443
-0.148100
0.207706
0.057384
0.076337
0.139211
0.317376
0.117382
0.292148
1.759029
2.385676
1.176172
0.024574
0.311363
0.199732
-0.184439
0.246136
0.156073
0.156466
0.042482
-0.010065
0.105487
0.703507
2.305417
2.164245
1.331592
0.260907
0.231104
0.062874
-0.105618
0.335545
0.245613
0.200517
0.132153
0.109147
0.027319
0.215810
0.187445
0.279991
0.127185
0.030979
0.105618
0.075161
-0.091631
-0.343257
-0.193850
-0.231627
-0.283520
-0.304043
-0.448221
-0.491226
-0.534493
-0.537892
-0.480246
-0.371361
-0.310186
-0.227444
-0.577106
-0.234715
0.031433
0.032810
-0.144775
-0.044511
-0.056212
0.050476
-0.036939
-0.020879
-0.047035
-0.107148
-0.160377
-0.212459
-0.501322
0.015602
-0.299187
-0.300793
-0.245957
-0.031433
-0.160836
-0.621548
-0.764717
-0.980388
-0.742461
-0.417118
-0.140187
-0.249170
-0.300334
-0.345304
-0.624071
-0.295057
-0.151429
-0.335668
-0.885172
-1.025817
-0.105542
0.002065
-0.105771
-0.677989
-0.309971
0.018814
-0.294139
-0.413906
-0.585067
-0.033498
0.019961
-0.736955
-0.150511
0.959739
0.914540
0.724794
0.952626
0.114031
-1.065510
-0.410465
-0.401058
-0.435244
-0.457040
-0.186533
-0.834695
-0.084892
0.314100
-0.675695
-0.054836
0.048870
0.096134
0.281979
-0.088792
-0.886319
-0.569006
-0.396698
-0.413906
-0.285880
-1.141454
0.187221
-0.186763
-0.180338
0.300334
0.138122
0.277620
-0.120914
0.683954
-0.165654
-0.943907
-0.461400
-0.381326
-0.639673
0.445339
1.215333
-0.579560
0.422166
0.109442
0.021338
0.320066
0.118849
0.077091
0.262248
-0.883566
-0.418036
-0.468971
-0.533673
-0.539179
0.579560
-0.581625
0.343468
0.115178
-0.041069
0.286568
0.212230
0.306300
-0.496274
-1.037748
-0.406335
-0.481820
-0.232191
-0.875994
0.937942
-0.975799
-0.081680
0.348516
0.325572
0.373984
-0.257200
0.878747
-0.171390
-0.888384
-0.382702
-0.512106
-0.192957
-0.746591
-0.365495
0.070896
-1.001726
-0.133533
0.334062
-0.201447
0.468742
-0.767929
-0.510958
-0.556846
-0.351958
-0.578872
-0.200299
-0.336585
-0.733054
-0.268213
0.182403
0.437997
1.050367
-0.802115
-0.519218
-0.570842
-0.252611
-0.201676
-0.418954
-0.636232
-0.326261
-0.194793
-0.197317
-0.651833
0.074109
0.474936
-0.061948
-0.375131
-0.505911
-0.169096
0.038546
-0.019273
-0.198693
-0.366872
-0.413906
-0.347140
-0.259953
-0.299875
-0.450157
-0.644491
-0.655963
-0.555240
-0.456811
-0.437997
-0.367560
-0.000459
0.102329
-0.416430
-0.359988
-0.359070
-0.347140
-0.445110
-0.400369
-0.401058
-0.489620
-0.408629
-0.424460
-0.416430
-0.198923
-0.247564
0.891074
0.240718
-0.120883
-0.259409
-0.307448
-0.363872
-0.569652
-0.860679
-0.787835
-0.575417
-0.467635
-0.263427
-0.103938
0.360377
-0.116166
-0.368763
-0.572098
-0.715166
-0.712196
-1.195378
-1.643623
-0.769842
-0.801286
-1.295474
-1.404652
-0.997808
-0.449468
-0.346403
-0.420470
-0.589741
-0.776306
-0.881467
-1.704064
-1.580561
-2.201571
0.457853
-0.083151
-1.549642
-1.898491
-1.975527
-0.554105
-0.404049
-0.277227
-0.645640
-0.725123
-1.398713
-1.660917
-1.745465
-2.205414
0.089439
-0.166825
-1.848530
-1.002350
-1.116420
-1.435397
-0.616643
-0.351469
-0.740670
-1.017023
-1.863378
-1.539685
-0.973177
-0.973701
-1.061044
-0.841639
-0.882340
-0.060791
-0.600397
-1.606764
-0.850548
-0.505367
-0.595331
-1.359932
-1.159218
-1.054232
-0.211021
-1.428934
-0.358282
-0.100794
-0.218183
-0.792377
0.153899
0.612799
-0.558996
-0.523535
-0.552707
-1.000253
0.437589
-0.230761
-0.866269
-0.827139
-0.313038
-0.194426
-0.179752
-1.037636
-0.730887
0.367016
-0.659266
-0.456106
-0.425186
-0.943830
-1.047768
-1.712449
-1.482213
-1.320453
-0.891075
-0.846530
-0.793425
-1.941288
-1.278354
-0.459599
-0.431475
-0.428331
-0.523185
-0.610529
-0.214340
-1.370064
-1.851674
-2.284372
-1.446053
-1.472780
-1.570954
-1.836127
-0.068128
0.622058
-0.211196
-0.335048
-0.592186
-0.537684
-0.320200
0.325615
-0.487375
-2.115625
-2.089248
-1.953691
-1.861806
-0.569827
-0.067953
-0.106035
-0.002620
-0.312339
-0.658218
-0.647737
-0.687216
-0.387803
-0.541003
-0.824345
-1.165332
-1.144370
-0.772812
-0.658917
-0.410338
-0.431999
-0.099222
-0.414356
-0.718485
-0.904351
-0.905923
-0.525107
0.013975
0.583627
-0.088741
-0.909591
-0.248579
-0.573146
-0.537684
-0.325790
-0.205955
-0.064459
-0.712021
-0.851421
-0.838669
-0.531570
-0.182198
-0.178529
-0.035287
-0.016071
-0.259584
-0.484580
-0.534540
-0.776830
-0.063586
-0.633762
-0.633412
-0.914133
-0.975274
-0.928632
-0.859456
-0.615245
-0.422915
-0.382039
-0.552183
-0.779275
-0.998332
-0.727568
-0.336271
0.484567
0.875127
0.639823
0.433291
0.362642
0.357515
0.344125
0.486562
0.411071
0.423035
0.431297
0.365776
0.616178
0.348683
0.075776
0.387141
0.041876
-0.241002
-0.156110
0.205962
0.632131
0.644666
0.819292
1.002180
0.404519
0.070363
0.280314
0.262082
-0.419047
0.084322
-0.159244
-0.244990
0.070933
0.397112
-0.570884
-1.869616
-1.958496
-1.665932
0.189440
0.365206
0.450952
0.294273
-0.433291
-0.043016
-0.229322
0.165226
-0.297407
-1.758231
-2.189812
-1.838565
-1.407838
-2.628230
-1.618643
-0.423035
1.177377
0.405088
-0.439273
-0.112240
-0.035324
0.592249
-1.568791
-1.680176
-0.673723
-0.202829
-0.199695
0.026208
-1.151738
-0.931247
0.802200
1.009872
-0.504509
-0.022790
0.173487
0.052986
-1.865058
-0.365206
-0.472318
-0.626149
-0.493114
-0.365776
-0.338998
-1.281925
-1.863064
1.352003
-0.510776
0.004843
0.446110
-1.470795
-2.326266
-0.023929
-0.688821
-0.370904
-0.231886
-0.340422
-0.185737
-0.577151
-1.540019
1.191905
-0.550373
0.006552
0.402239
-0.295697
-3.015656
0.145569
-0.678280
-0.334440
-0.178045
-0.302819
-0.153831
-0.897062
-1.103025
1.066277
-0.543251
-0.032191
-0.022220
0.650933
-2.609428
-0.295128
-0.222770
-0.524165
-0.409646
-0.256670
-0.168360
-1.204439
-0.951188
0.695088
-0.447534
-0.102554
-0.147564
0.510776
-0.223909
-0.779410
-0.542397
-0.060678
-0.195137
-0.174912
-0.833821
-1.493015
0.106827
0.512770
-0.431866
-0.009401
-0.260373
-0.066375
0.731552
-0.648939
-1.092770
-1.569930
-1.268536
-1.544862
-1.464527
0.332161
0.588830
0.133890
-0.399391
0.067230
-0.192004
-0.435854
-0.012250
0.673722
-0.081758
-1.916620
-0.755481
0.145285
0.204538
0.292848
0.059538
0.218212
-0.125344
0.508497
0.334725
-0.056405
0.088880
0.288860
0.580285
0.666600
0.788241
0.450098
0.219067
0.105687
0.430727
0.651502
0.534990
0.846355
0.550658
0.260658
0.179185
0.126483
0.297122
0.235874
0.339283
0.351247
0.218782
0.322190
0.824989
1.019557
-1.652333
-0.237172
-0.153326
-0.370815
-0.436357
-0.585746
-0.585156
-0.715453
-0.829217
-0.557207
-0.529258
-0.336174
-0.516661
-1.319701
-0.786506
-0.783751
-0.918575
-1.113430
-1.148858
-1.297066
-1.736573
-1.858603
-1.739919
-1.476372
-1.193143
-0.919362
-1.004390
-1.042377
-0.967977
-0.909914
-0.616254
-0.990809
-1.222076
-1.781842
-2.009764
-1.150039
-1.245105
-1.423427
-1.324228
-1.443306
-1.345682
-0.649714
-0.719586
-0.769973
-0.494617
-1.271086
-1.581870
-1.978666
-1.972958
-1.960361
-1.592695
-0.660736
-1.042180
-1.639933
-1.854864
-0.796741
-0.753440
-0.742418
-0.795560
-1.773773
-1.322063
-3.068871
-2.515206
-2.648260
-2.111915
-2.058183
-1.706656
-1.222077
-1.967840
-1.138820
-0.857166
-0.730412
-1.316158
-1.524200
-2.269177
-2.425848
-2.620901
-1.771017
-1.585609
-1.738344
-2.381170
-0.945540
-1.200819
-2.028265
-0.802449
-0.695968
-1.538569
-0.519220
-1.996971
-2.422109
-2.075897
-1.486804
-1.391542
-1.431694
-2.476433
-1.283879
-0.831382
-1.686383
-0.787490
-0.746158
-1.476176
-0.715453
-2.347119
-2.499067
-2.139077
-1.539159
-1.417719
-1.548410
-2.483714
-0.963844
-1.254552
-1.525185
-0.772925
-0.693803
-1.094338
-1.168147
-1.275219
-2.987189
-2.497296
-1.868051
-1.775151
-1.953866
-2.820480
-0.864252
-1.440157
-1.692681
-0.763675
-0.801465
-0.856969
-1.500385
-1.707443
-2.697071
-2.862206
-2.319958
-2.023148
-2.811426
-1.382685
-2.474464
-1.459249
-1.113430
-0.757967
-0.797922
-0.658571
-0.911292
-0.685339
-0.744977
-1.091583
-1.034110
-0.460567
-1.204756
-1.354539
-1.260851
-0.938848
-0.804417
-0.824296
-0.796348
-0.689866
-0.870747
-0.951248
-1.109100
-1.059107
0.214931
0.133249
-0.987660
-0.937470
-0.959514
-0.869959
-0.517055
-1.045723
-0.847325
-0.862874
-0.974866
-0.946721
-0.920740
-0.959514
-0.983723
-0.658177
-0.988250
-1.080167
-1.040409
-0.950657
-0.655225
-1.628320
-0.830201
-0.742418
-0.875667
-0.917591
-1.076624
-1.153188
-1.151220
-1.207708
-1.100243
-1.118350
-0.884918
-0.804220
-1.427166
-0.596155
-0.151303
-0.472733
-0.304559
-0.209018
-0.365293
-0.565965
-0.503810
-0.367069
-0.262116
-0.185577
-0.181492
0.143134
-0.477350
-0.614090
-0.170660
-0.661861
-0.706790
-0.567208
-0.415905
-0.823109
-0.914032
-0.883488
-0.636999
-0.229973
0.046705
0.472555
0.256789
-0.691873
-0.201204
-0.643747
-0.912079
-0.969262
-1.174906
-1.194795
-1.798053
-2.006538
-0.439346
0.907817
0.392286
0.732718
-0.155920
-0.583368
-0.070857
-0.593846
-0.542346
-1.690081
-2.481757
-2.305237
-0.276856
-1.022360
0.373285
1.685109
0.763973
0.467405
-0.149705
-0.592603
-0.145620
-0.590827
-0.794162
-2.224791
-2.227987
-1.050418
-0.827193
-0.242759
0.743550
0.152191
0.005683
0.744261
0.393529
-0.604501
-0.189128
-0.369023
-1.950777
-2.810291
-0.532401
-1.347341
-0.925043
-0.425140
-0.396016
-0.026460
0.643215
4.199719
0.804818
-0.580172
-0.274192
0.038359
-1.567725
-1.648881
-0.598641
-1.209890
-0.914920
-0.409512
-0.181315
-0.131058
0.757579
1.687417
0.888815
-0.601305
-0.126263
0.280940
-0.408802
-2.251251
-0.300830
-1.392803
-1.025023
-0.455329
-0.337945
0.300652
0.008702
0.304381
0.969972
-0.552114
-0.192148
-0.016693
-0.228730
-1.398486
-0.687078
-1.228181
-1.075103
-0.476995
-0.452843
-0.073876
1.257128
2.931226
1.200833
-0.595267
-0.256433
-0.237432
-0.015805
-1.973863
-1.700203
-0.504520
-0.844241
-0.388912
-0.243115
-0.422298
-0.474686
1.688128
0.391398
-0.568096
-0.194634
-0.656001
-0.246666
-0.373462
-2.405040
-1.311824
-0.943334
-0.152368
0.676778
-1.027509
0.731120
0.659553
-0.120048
-0.500614
-0.165332
-0.619418
-0.420522
-0.479481
-0.386071
-0.231927
-0.231571
1.123583
0.900713
0.723128
0.397081
0.399212
-0.094475
-0.685835
-0.463320
-0.472733
-0.470779
-0.393707
-0.507894
-0.469536
-0.559749
-0.243292
-0.054874
0.125375
0.269752
0.562236
0.310597
-0.454974
-0.465984
-0.871590
-0.782442
-0.729876
-0.869814
-0.790433
-0.640906
-0.652982
-0.525120
-0.532579
-0.551225
-0.150237
-0.182380
-0.858169
0.140642
0.307655
0.393045
0.381492
0.308409
0.183337
-0.033151
-0.025617
-0.029384
0.215484
0.441014
0.633141
0.509828
-1.148997
-0.230804
-0.346583
-0.542226
-0.440010
-0.501289
-0.676339
-0.891070
-1.203748
-1.011620
-0.762985
-0.453320
-0.298865
-0.312929
-0.931253
-0.475672
-0.425443
-0.653484
-0.687389
-0.898855
-1.174866
-1.288384
1.763052
1.864264
1.012876
-0.602251
-0.280782
-0.717778
-0.847621
-0.549509
-0.513596
-0.840589
-1.286124
-1.196213
-0.358638
-0.369939
1.985818
2.945451
2.315575
1.729398
-0.691157
-0.833306
-0.861685
-0.658256
-0.642434
-1.024428
-0.478937
-0.811958
-1.088471
0.009544
0.187356
1.225598
3.011000
2.493639
0.559053
-0.370442
-0.853900
-0.454074
-0.796638
-1.234638
-0.468138
-0.736363
-0.338546
-0.019338
0.352108
0.652982
1.080183
2.494392
1.304709
-0.457087
-0.822506
-0.418662
-0.264207
0.395305
0.245370
-0.342062
-0.293089
-0.078358
0.345829
0.469142
0.151944
-0.195392
-1.248200
-1.204501
-0.826525
-0.268727
0.352611
2.163631
2.606655
-0.170529
-0.379232
-0.272997
0.177812
0.225279
-0.496015
-0.802666
-1.015387
-1.154523
-0.822004
-0.343318
0.105984
0.835064
2.614942
0.979473
-0.009795
-0.394301
-0.141898
-0.253910
-0.666042
-0.120048
-0.958125
-0.920705
-0.855658
-0.456083
-0.079111
0.330007
2.225916
2.592088
1.009360
0.024110
-0.112012
-0.560811
-0.625858
-0.505559
-0.745655
-0.634146
-0.807186
-0.546998
-0.237334
0.169524
1.552339
3.056710
2.073469
-1.401400
-2.002395
-0.644946
-1.153267
-1.103289
-0.708234
-0.679855
-0.861936
-0.546747
-0.424187
-0.423434
0.143405
0.600995
1.692982
-1.031963
-0.740130
-0.854151
-0.901869
-0.720289
-0.321217
-0.562318
-0.720541
-0.580652
-0.499531
-0.600241
-0.235325
-0.134112
0.049978
-0.022101
-0.072581
-0.346080
-0.265965
-0.372702
-0.308409
-0.599237
-1.247949
-0.615561
-0.680859
-0.821753
-0.613050
-0.604008
-0.520879
-0.248635
-0.258179
-0.476928
-0.584168
-0.708737
-0.663781
-1.060845
0.345980
0.111009
0.026058
-0.003615
-0.009565
-0.024100
-0.115829
-0.145351
-0.135937
-0.113795
-0.109804
-0.062508
0.122908
0.185943
0.360666
0.122004
-0.113871
-0.168019
-0.199801
-0.238134
-0.197993
-0.217047
-0.242427
-0.188203
-0.180145
-0.236779
-0.083972
0.303806
0.222620
0.063789
-0.102273
-0.093988
0.051136
0.164329
0.076667
-0.149719
-0.177659
0.192194
0.283697
0.157702
0.014460
0.367293
0.305011
0.122155
-0.071621
0.051061
0.251765
0.061680
-0.139702
-0.090976
-0.022217
0.346206
0.383636
0.264041
0.164781
0.381150
0.280308
0.109728
-0.057990
0.193926
0.233314
-0.021464
0.113117
-0.092934
-0.160790
0.072148
0.415869
0.101294
0.068985
0.430253
0.282041
0.135259
-0.026434
0.207031
0.072073
0.257414
-0.054149
-0.274811
-0.279781
-0.182931
0.212152
0.336114
0.231733
0.285957
0.290250
0.164856
0.159660
0.306366
0.096549
0.195056
-0.189257
-0.323311
-0.325420
-0.200780
0.032760
0.239716
0.104231
0.234896
0.282944
0.175325
0.093085
0.098357
-0.024326
0.034267
-0.196562
-0.309529
-0.309153
-0.207031
-0.090675
0.175626
0.029597
0.347938
0.275865
0.156873
0.027715
0.274660
0.071696
-0.085026
-0.208913
-0.298458
-0.269539
-0.195734
0.037731
0.013556
0.140004
0.381677
0.298684
0.126448
-0.054149
0.119820
0.017472
0.037656
0.114850
-0.032384
-0.087286
0.214637
0.112816
-0.058969
0.118088
0.365259
0.283020
0.108448
-0.079604
-0.000301
0.168547
0.107318
0.394028
0.381451
0.178940
0.369854
0.244762
0.232109
0.277371
0.471072
0.301923
0.143317
-0.124866
0.008887
0.060400
0.180973
0.427090
0.245364
0.092181
0.191065
0.252669
0.150095
0.024853
0.385066
0.338825
0.109578
-0.103026
-0.095043
-0.114699
-0.122079
-0.107620
-0.229775
-0.190010
-0.138648
-0.167417
-0.186772
-0.039840
0.450964
0.427165
0.066048
-0.156572
-0.191818
-0.206278
-0.219457
-0.258318
-0.296726
-0.307872
-0.260728
-0.204997
-0.210495
-0.050986
0.280610
-0.199810
-0.171059
0.190226
0.097291
0.047629
-0.037464
-0.170187
-0.321497
-0.414142
-0.166702
-0.010455
0.058085
-0.275320
-0.896533
-1.064979
-1.552598
-1.438462
-1.494804
-1.494223
-1.437590
-1.667895
-2.159870
-1.928404
-1.572927
-1.690838
-1.392574
-1.644661
-1.480572
-1.063816
-1.141069
-0.868072
-1.143682
-1.403030
-1.914464
-1.598774
-0.384809
-0.541928
-1.037388
-1.177081
-1.398964
-1.656279
-0.831479
-0.964202
-1.123644
-0.920639
-1.507872
-2.250192
-1.502935
-0.273287
-1.951056
-1.574960
-0.027300
-0.427211
-1.976614
-2.121824
-1.112027
-0.999633
-1.097796
-1.048134
-2.061998
-1.159656
-2.796475
-2.418056
-2.630645
-2.421541
-2.186589
-1.542433
-1.421907
-1.881065
-1.456758
-1.045229
-1.098667
-1.416970
-1.253462
-1.808750
-2.336447
-2.431125
-1.865964
-1.699551
-1.837502
-2.352130
-0.904955
-1.044358
-2.093945
-0.990049
-1.162270
-1.531687
0.421984
-1.906622
-2.021339
-2.185428
-1.735564
-1.618233
-1.650179
-2.492404
-1.275535
-0.152181
-1.832274
-0.966235
-1.191893
-1.652502
-0.434762
-1.777675
-1.806717
-2.120373
-1.631302
-1.414066
-1.648146
-2.360552
-1.269435
-0.728379
-1.769833
-1.021124
-1.098377
-1.366727
-0.957812
-1.052200
-2.786021
-2.162194
-1.708264
-1.701293
-1.892101
-2.954756
-0.520727
-0.507948
-2.019596
-0.998471
-1.177372
-1.149201
-1.887454
-1.172725
-2.456972
-2.559491
-2.212436
-2.037893
-2.792410
-1.507001
-2.268488
-1.983874
-1.328101
-0.996148
-1.103895
-1.035646
-1.330134
-1.119868
-0.480358
-0.821024
0.031366
0.976400
-0.344731
-1.427135
-1.685030
-1.578445
-1.078919
-1.021996
-1.135551
-1.025771
-1.114640
-1.263627
-1.517456
-1.271178
1.127129
1.595579
-0.907860
-1.476216
-1.350754
-1.414066
-0.852680
-1.272920
-1.266822
-1.081533
-1.152686
-1.064107
-1.139617
-1.085308
-1.290056
-1.008346
-1.145135
-1.355110
-1.317646
-1.496547
-0.960426
-1.212223
-1.313870
-1.028095
-1.088503
-1.098668
-1.282795
-1.301963
-1.434395
-1.482315
-1.288894
-1.236037
-1.000795
-1.174758
-1.785225
-1.281732
-0.558263
-0.068015
-0.095937
-0.290318
-0.251299
-0.106498
0.000179
0.016467
0.003580
-0.052086
-0.198139
-0.121175
-0.638271
-1.155188
-0.511905
-0.171113
-0.455524
-0.518349
-0.416505
-0.253447
-0.008055
0.100054
0.531236
0.113120
-0.020762
-0.446038
-1.682307
-0.675500
-0.510831
-0.455524
-0.712730
-0.319314
-0.553609
-0.724185
-1.790774
1.368183
2.024532
1.081982
0.355649
-0.342941
-1.395390
-0.748348
-0.689461
-0.845360
-0.370326
-0.296046
-1.140153
-1.276184
-2.349932
-0.637555
-0.014498
-0.110793
1.290324
0.891717
-1.120285
-0.721321
-0.772870
-0.662076
-0.156257
-0.440131
-0.174692
-0.776270
-1.069990
-1.734214
-1.365856
-0.205657
1.966003
1.544307
-0.555041
-0.704496
-0.932169
-0.231073
0.250404
0.410240
0.066046
-0.997858
-1.407919
-1.719000
-1.997505
-1.393958
0.170575
-0.150350
-0.082693
-0.756940
-1.023632
0.000895
1.374985
1.537685
0.403081
-0.732776
-0.728302
-0.999110
-1.663871
-1.816727
-1.931100
-1.008955
-0.866659
-0.797033
-1.118137
-0.391089
0.447112
2.333107
1.162526
-0.253984
-0.200467
-0.618403
-1.434230
-1.175234
-1.406666
-0.495081
-1.186332
-0.786294
-1.060682
-0.923936
0.141400
3.223930
2.457325
0.433509
-0.187043
-0.834262
-1.169328
-0.958838
-0.721142
-0.236801
-1.781466
-0.745127
-0.916955
-0.975842
-0.107572
2.216765
2.556484
1.230721
0.361376
-0.515664
-0.564886
-0.806699
-1.144986
-1.151787
-1.504035
-0.704138
-0.589228
-0.782356
-0.770722
-0.328801
1.601583
1.310549
0.092357
-1.792743
-0.747096
-0.175229
-1.076612
-0.911227
-1.502782
-0.694831
-0.382497
-0.394489
-0.998573
-1.173982
-0.617508
0.745842
0.043852
-1.215328
-0.267587
-0.455882
-0.744053
-0.721321
-1.177203
-0.438699
0.108825
-0.090926
-0.409524
-0.559158
-0.679796
-0.739578
-0.538933
-0.271167
-0.359050
-0.508863
-0.512979
-0.191338
-0.942013
0.328263
0.234832
-0.074280
-0.360840
-0.457493
-0.563633
-0.695189
-0.688924
-0.492933
-0.482372
-0.549135
-0.526224
-0.300342
-0.825850
-0.955622
-0.266538
-0.447588
-0.558405
-0.566753
-0.537969
-0.584887
-0.592658
-0.513791
-0.463131
-0.480114
-0.590931
-0.198320
-1.428540
0.297337
-0.070232
-0.234012
-0.313456
-0.218757
-0.278627
-0.620866
-0.522426
-0.560996
-0.681888
-0.558694
-0.296473
-0.094411
-0.354616
-0.206380
-0.587189
-0.652529
-0.769679
-0.724201
-0.939215
-1.768188
-2.257513
-2.519733
-1.187044
-0.850561
-1.047730
-0.711248
-0.686781
-0.109091
-0.680161
-0.612807
-0.862938
-1.192513
-2.714024
-4.152349
-2.199370
-1.819136
-2.135469
-1.748328
-1.081983
-1.021825
-0.858333
-0.223074
-0.733987
-0.682464
-1.054351
-2.155907
-3.093395
-1.176970
-1.916425
-1.558642
-1.200284
-0.704052
-2.064085
-1.076802
-1.002540
-0.249555
-0.706354
-0.682752
-0.766224
-3.333452
-0.978937
-1.912395
-1.245762
-1.081407
-1.250944
-1.495606
-0.977786
-1.186468
-1.506832
-0.262220
-0.727079
-0.910719
-0.823217
-3.154129
-1.003115
-1.539933
-1.119114
-1.037656
-0.951305
-1.657947
-0.437226
-1.036217
-1.286348
-0.260493
-0.694265
-0.927414
-0.453345
-2.975381
-0.833003
-1.244899
-1.046003
-0.918779
-1.087739
-1.415011
-0.942957
-1.890231
-1.426525
-0.268840
-0.705491
-0.768527
-0.522138
-2.667970
-0.889707
-1.614771
-1.042261
-0.932307
-1.235400
-1.422207
-1.178984
-1.889945
-1.431131
-0.217030
-0.688509
-0.741182
-0.775148
-1.860873
-2.218368
-0.797887
-1.553174
-1.371548
-1.505680
-0.479826
-2.368618
-0.904099
-1.092920
-0.167234
-0.637561
-0.786373
-0.861787
-0.518972
-1.075075
-1.194240
-1.027869
-0.587190
-1.240006
-1.502226
-0.722473
-0.668935
-0.792418
-0.096138
-0.571646
-0.499687
-0.673828
-0.646772
-0.450754
-0.670951
0.100743
-0.010362
-0.754423
-0.675556
-0.714414
-0.415638
-0.553800
0.150539
-0.234300
-0.420531
-0.346269
-0.367857
-0.316622
-0.498823
-0.350587
-0.557542
-0.486158
-0.605611
-0.514079
-0.100743
0.001151
-0.185943
-0.467161
-0.481265
-0.628062
-0.535954
-0.627487
-0.697719
-0.734274
-0.651953
-0.576252
-0.660300
-0.490476
-0.078004
-1.395438
0.021431
-1.316284
-0.961882
-1.056747
-1.100869
-1.128604
-1.080699
-1.303678
-1.396809
-1.164375
-1.134592
-1.144204
-1.304938
-0.731654
-0.864023
-1.502232
-1.439356
-1.671475
-1.549033
-1.853167
-2.028714
-1.930224
-1.977499
-1.499868
-1.722846
-1.498922
-1.326843
-2.044157
-0.667676
-1.698737
-1.552973
-1.684869
-1.883265
-1.577240
-1.688494
-0.736855
-1.266016
-0.641517
-1.368601
-1.459369
-1.073292
-1.555967
-0.430672
-1.584174
-1.460630
-1.657292
-1.524923
-0.978586
-0.128587
-0.826204
-1.023812
0.081943
-0.969131
-1.618054
-1.103706
-1.461260
-0.505681
-1.581023
-1.654141
-2.166913
-1.783358
-0.734176
-1.253409
-1.545724
-1.430059
-1.362771
-0.747570
-0.839756
-1.443295
-1.520511
-0.633481
-1.445344
-2.093795
-1.673366
-0.957154
-0.441388
-1.801323
-1.137271
-1.143574
-1.204558
-1.265858
0.999702
1.552185
-1.619000
-0.670828
-1.475128
-2.017683
-0.168140
0.187365
-1.166266
-1.141053
-0.943287
-0.881672
-0.824470
-1.046346
-0.240943
0.217306
-2.349079
-0.647978
-1.481273
-2.288252
-1.875859
-0.752140
-1.163272
-1.018611
-0.850629
-0.889079
-0.905783
-1.115840
-0.789329
-1.326370
-2.298179
-0.582897
-1.527130
-1.840087
-2.043842
0.108417
-1.170678
-1.231348
-0.787754
-0.970864
-0.673979
-1.204874
0.059093
0.071542
-2.276748
-0.538143
-1.618843
-1.714810
-2.115541
-0.571708
-0.366536
-0.766322
-0.702502
-0.954475
-0.590146
-0.331238
-1.135853
-1.220001
-1.668323
-0.484723
-1.575665
-1.558803
-2.044472
-2.065746
-1.390033
0.073433
1.898866
0.930365
0.922486
-1.112058
-0.954003
-1.515626
-1.455587
-0.515609
-1.406579
-1.435732
-1.625303
-1.681245
-1.334721
0.546653
2.344508
0.711641
0.163571
-0.710538
-1.492146
-1.204716
-1.264282
0.062087
-0.924377
-0.997968
-1.133962
-1.048710
-0.811864
-0.960621
-0.966294
-0.962985
-0.834398
-0.900267
-0.849211
-0.593140
-0.718733
-0.131108
-1.294380
-1.546984
-1.654456
-1.683451
-1.743175
-1.775637
-1.742387
-1.649728
-1.643898
-1.710397
-1.694324
-1.032951
-1.345437
-1.168044
-0.235863
-0.517127
-0.298330
-0.156652
-0.296398
-0.501993
-0.576214
-0.473980
-0.479937
-0.305897
-0.200443
-0.040250
-1.104933
-1.740394
-0.847979
-1.110567
-1.261262
-1.069996
-0.942485
-0.949086
-1.028297
-1.030551
-1.159511
-1.155003
-0.900947
-0.480580
-1.074021
-1.823469
-0.921233
-1.101391
-1.524011
-1.226808
-0.958585
-0.823990
-1.575692
-1.045846
0.025921
0.544497
-0.581366
-0.627411
-1.371385
-1.793845
-0.862308
-1.164663
-1.045041
-1.405195
-1.864523
-1.801090
-0.274663
-0.779233
0.159388
1.499218
0.895473
-0.937655
-1.554924
-1.779838
-0.984023
-1.105576
-1.041982
-1.191711
-2.007007
-1.610951
-1.354802
-0.960034
0.357739
1.040050
0.413283
0.360476
-1.137132
-1.804793
-0.943773
-0.755083
-1.422904
-1.815097
-1.057760
-2.338985
-1.781287
-0.995776
-0.728518
-0.143772
1.150495
2.605599
-0.737534
-1.770178
-1.042626
-0.186436
-0.283840
-1.154681
-1.526426
-2.133230
-1.553796
-0.648341
-0.522601
-0.480419
1.073860
1.140674
-0.815457
-1.812521
-0.888551
-0.097565
0.725137
-0.859410
-1.130531
-2.366356
-1.687425
-0.785190
-0.734475
-0.308956
0.564300
0.039767
-0.740754
-1.795455
-0.907387
-0.483639
0.203180
-0.118333
-0.916081
-2.286500
-2.106021
-1.239366
-1.189940
-0.368848
1.901554
1.915560
-0.506662
-1.804471
-1.002216
-0.722239
-0.183216
-0.616785
-0.459973
-0.771988
-1.597105
-0.745101
-0.614692
0.416342
-0.160194
0.496197
-0.999961
-1.752469
-0.976134
-1.079495
-0.662026
-0.034454
-1.091087
-0.085168
-0.861503
-0.604227
0.295432
-1.017993
-0.140713
-0.754117
-1.449952
-1.725420
-1.031517
-1.124896
-1.180119
-0.818516
-0.294305
0.159066
-0.907226
0.369009
-0.082431
-0.393963
-0.709520
-0.647697
-1.265609
-1.785312
-1.032805
-1.038923
-1.151944
-0.903363
-1.035220
-0.669754
-0.677482
-0.772793
-0.924936
-0.819804
-0.629343
-0.436306
-0.955687
-1.635906
-0.796459
-1.136810
-1.118778
-0.946027
-0.991751
-0.944095
-0.819804
-0.865206
-0.869070
-0.909641
-0.770056
-0.499578
-1.373639
1.246094
1.384130
0.863830
0.755559
0.720725
0.749970
0.770766
0.747760
0.737492
0.736322
0.661845
0.683292
1.174996
1.522946
2.405363
2.974794
2.194019
2.140209
2.187001
2.100306
1.609901
1.409475
1.418314
1.387769
1.858418
2.141768
2.543918
2.360520
2.150087
2.548338
1.897541
1.821374
1.536333
1.331749
0.850963
1.284307
1.742218
1.177206
1.398427
1.593783
2.465152
2.199478
2.175043
2.597729
1.949402
1.963699
1.637976
1.063735
0.696289
0.763488
1.118716
1.485902
1.895851
1.536853
2.309439
2.447215
2.153726
2.602018
2.052604
1.629787
0.834585
1.348126
1.190983
1.113387
1.154850
1.284437
0.958454
1.577926
1.654093
2.677145
2.112783
2.665447
2.013091
1.603792
1.496950
1.564279
0.814569
1.151470
1.342927
1.407916
1.584165
1.603792
2.562245
2.540539
2.104595
2.655439
2.003342
1.640965
1.186304
1.242584
1.154200
1.361514
1.473684
1.483822
1.398037
1.329669
1.827223
2.522342
2.112134
2.638282
2.188690
1.498900
1.103119
1.311212
1.081802
1.296005
1.383870
1.418574
1.347216
0.850053
1.438721
2.431618
2.184791
2.603708
2.187910
2.008931
0.765307
1.208920
0.970932
1.197482
1.241545
1.289376
1.144582
1.401157
2.405882
2.578883
2.222094
2.605658
2.114343
2.242630
1.326810
0.453361
0.970672
0.799231
0.693040
0.889436
0.516400
0.940647
2.420700
2.540409
2.192849
2.636592
1.980336
2.115772
1.977217
1.282877
1.679309
0.149734
-0.025216
0.581909
1.042549
1.662802
2.488418
2.303980
2.185831
2.662328
1.993074
1.923536
2.019979
2.010751
2.328806
1.955901
1.567788
1.580396
1.967079
2.318667
2.356621
2.340374
2.362080
2.608387
1.959800
1.858807
1.833722
2.012441
1.779261
1.400377
1.626408
1.767433
1.951221
2.029078
2.267197
2.366889
2.241201
2.131110
1.470825
1.419354
1.425333
1.357225
1.366583
1.364243
1.347736
1.403107
1.353585
1.370742
1.799148
2.330885
-1.978797
-1.864130
-1.921071
-2.130770
-2.153743
-2.268803
-2.299041
-2.320443
-2.406247
-2.366585
-2.350091
-2.218735
-2.127825
-2.385827
-2.392306
-2.963679
-3.305914
-3.398983
-3.378563
-3.450230
-3.778917
-4.037704
-3.800909
-3.479486
-3.302183
-3.406837
-3.351663
-2.925981
-2.662285
-3.381116
-3.466723
-3.611825
-3.696058
-4.104070
-4.216774
-1.641471
-2.170040
-2.533677
-3.464760
-3.432363
-3.495587
-3.303951
-2.570394
-3.393290
-3.441002
-3.874539
-3.954648
-3.536427
-1.531516
-0.856864
-1.338506
-0.578245
-2.578444
-3.849603
-3.791680
-3.294133
-2.692915
-3.362659
-3.479093
-4.240335
-3.306699
-2.272927
-2.954255
-3.025922
-3.047913
-2.616339
-1.954057
-3.020031
-3.922448
-3.445518
-2.616929
-3.303754
-3.600240
-3.466920
-2.694682
-2.597097
-3.450034
-2.773811
-2.831930
-2.729043
-2.486750
-0.242686
-0.189672
-3.652469
-2.645006
-3.381116
-4.119778
-1.333597
-2.013943
-2.894368
-3.067547
-2.941885
-2.734541
-2.842336
-3.252311
-2.234246
-0.861576
-3.398002
-2.581586
-3.289028
-4.118010
-3.060283
-2.972711
-2.940511
-3.267823
-2.994114
-2.826629
-2.862756
-3.115653
-2.393092
-3.118402
-3.405267
-2.569020
-3.334777
-3.714711
-3.479879
-1.861185
-3.351664
-3.258398
-2.900848
-2.721386
-2.790107
-2.954451
-0.641666
-2.276853
-3.456121
-2.496371
-3.326334
-3.609862
-3.709214
-2.666997
-3.139215
-3.148247
-2.979780
-2.918127
-3.011392
-1.960537
-3.133717
-3.164348
-3.318480
-2.620463
-3.356375
-3.550761
-3.567647
-3.304344
-2.231890
-2.445713
-1.310035
-1.230514
-2.069903
-2.539175
-2.677600
-3.460244
-3.158260
-2.583353
-3.279997
-3.402714
-3.584925
-3.486358
-3.351270
-1.540941
0.688397
-1.470255
-2.364425
-2.607111
-3.282156
-3.430792
-3.003342
-2.477914
-2.986063
-3.345576
-3.443554
-3.388577
-3.323586
-3.390737
-3.248188
-3.425098
-3.468687
-3.476345
-3.421170
-3.331047
-2.754176
-2.140195
-2.422348
-2.494996
-2.451211
-2.452585
-2.559202
-2.478699
-2.487535
-2.501673
-2.501083
-2.525430
-2.500298
-2.590225
-2.558220
0.856668
1.000067
1.214234
1.134775
1.135188
1.084699
0.972753
0.839907
0.893087
0.994687
1.123187
1.130222
1.078905
-0.122499
1.406880
0.981650
0.906330
0.689059
0.931988
0.973373
0.923298
0.821698
0.894328
0.951646
0.803902
0.927850
0.845701
0.654502
1.366737
0.942542
1.031312
1.055936
1.030484
0.942128
0.858116
2.762030
1.793209
1.108495
0.444474
1.131671
1.009792
0.989720
1.310040
0.961786
1.056350
0.893293
1.214441
0.655123
1.665743
1.846595
1.289554
0.673747
0.574009
1.037520
1.098149
1.138085
1.277139
0.893087
1.177608
1.130636
2.085179
1.838732
1.115944
0.827285
0.895363
0.851495
1.743754
1.317903
1.371703
1.235547
1.223338
1.013931
0.982478
2.046691
2.265618
1.676503
1.086768
1.171607
1.244445
1.243824
1.360736
2.139601
2.262307
1.282105
1.208233
1.059040
1.236789
1.385360
1.309212
1.335285
1.319972
1.230167
1.323076
1.231615
1.312730
1.772516
1.787415
1.140982
1.226442
1.006067
1.157950
2.328523
2.311969
1.557935
1.300314
1.179884
1.197059
1.255618
1.420951
1.197680
0.925160
1.156295
1.260999
0.978753
1.093183
2.054348
2.404671
1.756790
1.179470
1.269896
1.349355
1.332802
1.245686
1.994133
2.200436
1.376049
1.288106
0.940679
1.228718
1.142017
1.465854
0.866393
1.193541
1.435850
1.223338
1.212785
1.434815
1.033382
0.747412
1.225615
1.283553
0.918745
1.007102
1.100425
1.115117
0.717822
1.271138
3.170085
2.809623
2.532343
0.426472
0.974408
1.110771
1.187540
1.365082
1.043935
1.112634
1.099390
1.132291
1.216096
1.766102
2.435503
1.868736
1.755548
1.003584
1.119876
1.151122
1.329491
1.537036
0.895156
1.020759
0.926609
0.948129
0.947508
1.026139
0.883982
0.937162
0.772036
0.861220
0.944818
0.953302
1.098563
0.922470
0.630085
0.716373
0.649329
0.704578
0.535521
0.571319
0.597184
0.578354
0.561594
0.627189
0.602565
0.728788
0.395640
-0.777154
0.305295
0.505382
0.769353
0.834291
0.800557
0.722968
0.797394
1.070220
1.333980
1.244374
1.041968
0.787274
-1.246903
-0.554718
-0.000211
0.470172
0.900917
0.971548
0.865917
0.042800
0.572429
0.900916
0.878357
1.421900
1.978727
1.668582
-0.491677
-0.382673
0.198611
0.507068
0.690499
-0.560622
-1.230036
-1.261030
-0.167828
-0.378667
0.170569
1.523103
1.728039
2.050834
-0.709896
-0.313308
0.270085
0.624295
0.124184
-2.416007
-2.009298
-0.431588
1.942041
1.004649
1.019830
2.441308
1.520995
1.282747
-0.800346
-0.380986
0.150750
0.166352
-1.244585
-2.331462
-0.809201
0.511075
0.909561
1.564217
1.535121
-0.133883
0.690710
1.308047
-0.216532
-0.463846
-0.066414
-0.201352
-2.387966
-1.534910
0.863176
0.867815
2.048515
2.093002
1.390907
-0.158762
0.440654
3.500776
0.447823
-0.499267
-0.134305
-0.653391
-2.563806
-0.102468
0.943084
2.039238
2.334624
1.986528
1.966498
0.475443
0.967542
1.819122
0.340716
-0.428847
-0.159184
-0.142527
-1.785176
-1.407775
1.256603
1.758822
2.111345
1.820176
1.749966
0.862965
0.079697
1.271361
0.251742
-0.381619
-0.002319
0.040271
-0.795286
-1.347896
0.829864
1.274313
1.955535
1.767888
0.932121
0.235718
1.232988
3.127379
0.376559
-0.369180
0.078643
0.509809
0.034156
-1.380786
-0.123551
0.867182
0.889953
1.139165
0.207888
0.078854
0.581706
2.080984
-0.359481
-0.288850
0.235718
0.492310
0.539749
-0.864019
-1.660360
-0.289904
0.946458
1.914632
1.924963
0.348096
1.213591
1.119768
-0.549026
-0.193761
0.249423
0.633783
0.933597
0.196292
-0.241411
-1.013716
0.374872
2.562330
2.574559
1.607228
1.775689
1.664787
-0.445715
-0.243730
-0.082438
0.533213
0.838930
0.767666
0.609958
0.407763
0.364330
1.095943
1.616716
1.730358
1.876470
1.379522
-0.158130
-0.589717
-0.320897
0.305717
0.666674
0.545020
0.458365
0.426106
0.847996
1.095943
1.180489
1.007812
0.738570
0.615440
-0.771672
-1.042828
0.130510
0.029861
-0.126543
-0.198375
-0.267702
-0.139489
0.021299
-0.033828
-0.017540
-0.106496
-0.101485
-0.044269
-0.531855
-0.312180
0.146798
0.061183
-0.144292
-0.132807
-0.017123
-0.314895
-0.484662
-0.512226
-0.460648
-0.095429
0.125707
-0.209025
1.126354
-0.384639
-0.341832
-0.244524
-0.337447
-0.324709
-0.462110
-0.431832
-0.969951
-0.264987
-0.378584
-0.400927
-0.294640
-0.312389
0.815636
-0.343503
-0.286078
-0.172064
-0.425567
-0.251623
-0.342250
-0.670508
-0.204431
0.098352
-0.300069
0.209860
0.059930
-0.304245
0.714778
-0.361252
-0.245985
-0.250370
-0.513688
0.007100
-0.016288
-0.136983
0.038631
0.079976
0.191902
-0.247238
0.285661
-0.484036
0.894777
-0.388607
-0.204640
-0.252876
-0.068283
-0.223851
0.132807
-0.112552
-0.114640
-0.043434
0.022970
0.211531
0.473595
-0.465033
0.717075
-0.330974
-0.180835
-0.506379
0.032366
-1.004197
-0.237424
-0.230533
0.007517
0.078932
0.081021
-0.039048
0.806448
0.159953
0.633966
-0.306124
-0.176241
-0.384430
0.161832
-0.420138
-0.356658
-0.357075
-0.075383
0.049489
-0.013782
-0.048028
0.826286
-0.196496
0.393827
-0.391322
-0.140742
-0.347052
-0.053666
-0.430161
-0.271461
-0.169350
-0.195243
0.096055
-0.128213
0.135940
0.729186
-0.683038
0.609325
-0.308004
-0.168097
-0.214454
-0.274593
0.263944
-0.260603
-0.068492
-0.134477
0.305080
0.476727
0.652342
0.257470
-0.680114
0.842782
-0.314477
-0.274176
-0.197331
-0.419512
-0.114640
0.715822
0.290881
-0.078932
0.065151
0.191067
0.418676
-0.427655
-0.488212
0.872643
-0.227192
-0.166426
-0.047401
-0.289210
-0.195034
-0.057007
0.545637
0.726471
0.351438
0.652759
-0.024849
-0.011067
-0.353317
0.976633
-0.115475
-0.323247
-0.255800
-0.365011
-0.425567
-0.403015
-0.348097
-0.442899
-0.447702
-0.458143
-0.388398
-0.308004
-0.415335
1.134289
-0.607446
0.678861
0.405521
0.341206
0.343085
0.258306
0.289419
0.354570
0.390904
0.332226
0.272714
0.425776
0.634801
0.856355
0.343274
0.676889
0.823449
0.692864
0.676332
0.716641
0.730200
0.742646
0.763451
0.818991
0.847969
0.797815
0.610946
0.554105
0.143031
0.830508
0.814905
0.724071
0.758064
0.721099
0.768652
1.158179
1.237310
0.992672
0.742646
0.854656
0.969452
0.344389
0.235722
0.641039
0.638809
0.537759
0.670016
1.344305
1.294894
0.262657
0.488534
1.769868
1.320528
0.874346
1.034466
0.626364
0.270273
0.677261
0.658685
0.789085
1.222636
0.121112
-0.700852
-1.469503
-1.730303
-1.068088
-0.612432
0.338816
1.029451
0.632865
0.234236
0.672059
0.679118
0.980040
0.332686
-1.200159
-1.342818
-1.326101
-1.334088
-1.219478
-1.491608
0.854656
1.517614
0.768838
0.252440
0.718498
0.814719
1.339104
-0.360549
-1.325171
-1.384428
-1.225422
-1.160036
-1.004189
-1.131244
-0.514540
1.176568
1.074218
0.236837
0.697508
0.873417
1.271489
-0.565994
-1.092422
-1.205546
-1.119542
-0.983755
-1.028708
-0.999730
-0.666673
1.406904
1.033166
0.184268
0.681719
0.654599
1.415449
-0.879175
-1.118241
-1.171181
-0.990628
-0.883634
-0.983012
-1.041153
-0.936387
1.678105
0.717384
0.237766
0.668902
0.640481
1.471918
0.049411
-1.625723
-1.201273
-0.882333
-0.865987
-0.659614
-1.323500
-0.483890
2.011906
0.399001
0.260613
0.643639
0.568594
0.912054
0.773481
-0.718498
-1.692038
-1.150191
-1.287093
-1.205732
-0.574724
0.823635
1.112112
0.707538
0.294978
0.639924
0.487977
0.554105
1.077004
0.345689
-0.927286
-0.251512
0.206930
-0.240552
0.444882
1.011618
0.715712
0.603330
0.355348
0.730572
0.711439
0.529586
0.702152
1.149077
1.001402
1.827823
1.830795
1.048398
0.944747
0.794658
0.811933
0.707353
0.359063
0.797444
0.831251
0.688778
0.714597
0.842582
0.845554
0.830694
0.916327
0.840539
0.719984
0.813976
0.877318
0.794286
0.289034
1.103381
0.858185
0.729086
0.813047
0.744504
0.871746
0.886792
0.880290
0.910382
0.761407
0.827350
1.145919
0.918927
-0.961554
-0.226550
-0.021399
-0.188887
-0.277909
-0.183466
-0.130395
-0.029959
-0.020544
0.019117
-0.005421
-0.102433
-0.101577
-0.307583
-0.744420
0.094729
0.188316
0.099865
0.104715
-0.008845
0.202297
0.891649
0.918184
0.570941
0.273629
0.227977
0.396320
-0.473073
-0.761254
-0.119838
-0.039090
-0.049647
0.196020
1.061419
0.216849
-2.835586
-2.239250
0.215993
0.842002
0.448820
0.697911
-0.231401
-0.738428
-0.047364
0.150653
0.455098
0.805765
-2.392757
-4.413162
-4.315294
-3.870469
-3.746637
-3.176838
-0.803197
0.847138
-0.213710
-0.790357
-0.001997
0.194023
0.622300
-1.426638
-4.135823
-2.598479
-2.072335
-2.018122
-1.933380
-3.376282
-0.971541
0.813469
-0.046508
-0.691919
0.023112
0.309866
0.440261
-2.893507
-3.151729
-2.273205
-2.258653
-2.293749
-1.933380
-2.297173
-2.825600
-0.525003
0.330409
-0.687069
0.081033
0.257936
-0.077038
-3.216784
-2.035242
-2.121696
-2.255800
-2.288898
-2.174767
-2.039807
-2.267214
-0.403739
0.528712
-0.799488
0.071047
0.185748
0.808618
-3.614531
-2.218708
-2.135677
-2.237254
-2.202443
-2.160215
-2.134251
-2.598479
-0.095014
0.183180
-0.746988
0.001997
0.214281
1.306515
-2.807909
-3.287545
-1.955065
-1.876314
-1.959630
-1.511665
-2.342254
-2.469796
0.706471
-0.208289
-0.715316
-0.057351
0.104430
0.603183
-0.442828
-3.190248
-3.402532
-1.819819
-2.201588
-2.344537
-2.530570
-0.857124
0.529283
-0.194308
-0.706471
-0.110136
-0.146088
0.035381
0.720167
-1.057995
-3.731514
-2.630435
-2.096017
-3.373143
-0.901635
0.500179
0.507598
-0.291605
-0.643414
-0.018261
0.077038
0.008275
0.087025
0.729583
-0.306727
-0.485913
-0.380627
-0.318140
0.160354
0.378344
0.319567
-0.221414
-0.641131
0.087025
0.221414
0.093587
0.059348
0.084742
-0.009416
0.141522
0.300450
0.108139
0.005707
0.134960
0.275341
-0.162922
-0.665669
0.409730
0.344676
0.121264
0.262216
0.172053
0.391184
0.496185
0.426565
0.402027
0.249947
0.229974
0.610601
0.248806
-2.455588
-0.733050
-0.630179
-0.965620
-0.952484
-1.028898
-1.136949
-1.086809
-1.125478
-1.165998
-1.101056
-0.930467
-0.716213
-2.882800
-1.799322
-0.514171
-0.735270
-1.089029
-1.184314
-1.180244
-0.756178
-1.067012
-0.717878
-0.318420
-0.971356
-1.209847
-0.689200
-1.841691
-1.424656
-0.543404
-0.861824
-1.347872
-0.856829
-0.326931
-0.572638
-0.715473
0.156712
0.761913
0.649976
-0.172994
-0.781711
-1.236675
-1.509395
-0.736195
-1.205962
-0.858124
-0.258288
-1.684979
-1.745111
0.083259
-0.959885
-0.831851
-0.884767
-0.849428
-0.141541
-1.059426
-1.525677
-0.735641
-0.892908
-0.314719
-0.435352
-0.643870
-0.403899
-0.607791
-1.039444
-0.466436
-0.557281
-0.983937
0.127664
-0.797807
-1.500514
-0.847022
-0.325450
-0.250332
-1.146200
-0.756178
-1.238340
-1.815604
-1.615596
-1.362674
-0.321935
-0.764688
0.278825
-0.577263
-1.499219
-0.830001
-0.122668
0.812794
0.213883
-0.657932
-1.887391
-1.690344
-1.383026
-1.831886
-1.073302
-0.331001
1.117337
-0.519352
-1.539923
-0.883842
-0.182615
1.417625
0.339327
-0.252738
-1.737525
-1.655746
-1.377475
-1.869259
-0.776530
-0.238676
0.137840
-0.718063
-1.540108
-0.875701
-0.496594
0.484568
0.447749
-0.031269
-1.211327
-1.722723
-1.623182
-1.352683
-0.377256
-0.061242
0.609826
-0.919735
-1.460735
-0.802618
-0.920106
-0.132474
-1.040739
-1.191160
-0.241451
-0.355609
-0.381142
-0.280491
-0.419626
-1.714582
-0.144131
-0.920661
-1.464435
-0.733790
-1.159892
-0.844617
0.410560
-0.869226
-0.995964
0.095100
-0.489379
-1.402083
-0.940643
-0.657932
-0.295292
-1.362119
-1.401528
-0.637765
-0.911409
-1.247221
-0.798177
-0.186685
-0.049401
0.596505
-0.018872
-0.364120
-0.606681
-0.834626
-0.901418
-1.185609
-1.428171
-0.357829
-0.587069
-0.738045
-0.885507
-0.910854
-0.731200
-0.359679
-0.333961
-0.688275
-1.017981
-0.995964
-0.649421
-1.089399
-1.262393
0.301028
0.012766
-0.213513
-0.141170
-0.358384
-0.278270
-0.433873
-0.382252
-0.271425
-0.309909
-0.155047
0.361715
-1.586733
-0.040080
-0.157105
-0.264481
-0.194216
-0.217968
-0.248646
-0.315200
-0.260522
-0.352064
-0.251368
-0.231575
-0.248647
-0.151415
0.718477
-1.155650
-0.588835
-0.796659
-0.632131
-0.648213
-0.930755
-0.122715
0.689283
0.959949
0.315447
-0.456470
-0.688788
-0.597989
-0.379031
-1.533691
-0.712539
-0.621245
-0.467851
-0.218215
1.438192
-0.213514
-3.983787
-3.224983
-0.382742
0.553702
0.556919
-0.096984
-0.207824
-1.443387
-0.440389
-0.546527
-0.171455
0.729858
-4.460793
-4.557530
-4.644619
-4.124069
-4.003828
-4.417745
-1.742753
0.255822
-0.190505
-1.538640
-0.531931
-0.588835
0.672459
-3.198263
-5.260916
-2.070570
-1.893672
-2.135391
-2.054983
-3.080991
-2.663363
0.570279
0.230586
-1.536908
-0.584134
-0.377299
1.001761
-4.387809
-2.705671
-2.172256
-2.381069
-2.393687
-2.404325
-2.166070
-2.969903
-1.947360
0.465872
-1.544825
-0.613081
-0.028699
-0.959949
-3.933316
-1.361000
-2.153452
-2.192296
-2.105207
-2.287301
-2.405563
-2.352617
-1.459221
0.494572
-1.623749
-0.579185
-0.353548
0.611844
-4.259154
-1.639830
-2.193285
-2.110650
-2.054241
-2.304867
-2.690084
-2.937741
-1.191277
0.258791
-1.517362
-0.545538
-0.645986
1.641562
-4.196313
-3.051797
-2.229902
-2.285074
-2.369194
-2.355091
-2.788800
-2.832592
-0.633863
-0.301345
-1.464665
-0.473294
-0.638811
0.668995
-2.192543
-4.536749
-2.840508
-1.732114
-2.197986
-2.312289
-2.982769
-3.275454
-0.179619
-0.118262
-1.430522
-0.511148
-0.620256
-0.321137
0.990380
-2.650004
-5.018702
-2.227922
-1.623007
-3.420683
-3.549584
0.241224
0.149930
-0.007670
-1.411223
-0.533167
-0.501499
-0.420101
-0.280809
0.724415
-0.578938
-1.336259
-0.906509
-0.488634
0.122715
0.263986
-0.437173
0.040575
-1.249171
-0.581660
-0.716498
-0.576464
-0.781567
-0.567310
-0.455728
-0.360475
-0.118509
-0.457955
-0.696705
-0.618029
-0.720209
0.033400
-0.352064
0.049730
-0.193969
-0.259285
-0.190505
-0.251615
-0.222421
-0.265223
-0.339941
-0.226132
-0.275367
-0.236276
-0.077686
1.097014
-1.787071
-1.123326
-0.625646
-0.859537
-0.862270
-0.838522
-0.769841
-0.876451
-0.721833
-0.710899
-0.771037
-0.785730
-1.134431
-1.868907
-1.533875
-1.384212
-1.037048
-1.293149
-1.181244
-0.978447
-0.939836
-0.995019
-1.235915
-1.073439
-1.315018
-1.303400
-1.161425
-2.053082
-1.136311
-1.199012
-1.009541
-1.297762
-1.245312
-1.338595
-1.120422
0.532875
-0.770867
-1.560527
-1.948352
-1.798347
-1.197987
-1.251462
-1.290586
-1.429486
-1.186711
-1.130673
-1.556597
-1.254879
-0.562432
-0.398076
-0.940690
-1.535925
-1.965778
-2.203428
-1.388312
-1.231986
-1.316726
-1.431194
-1.007150
-1.302033
-2.212654
-2.266813
-2.102286
-1.979105
-1.923921
-1.947839
-1.500217
-1.381307
-1.676533
-1.052595
-1.331932
-1.350725
-1.154591
-1.983205
-2.682999
-1.714290
-2.355141
-2.171479
-2.114587
-2.025234
-2.128084
-0.557990
-0.461802
-0.486405
-1.353288
-1.106754
-1.112734
-2.422285
-2.593645
-1.917428
-2.268692
-2.349162
-2.209237
-2.204112
-1.801081
-1.563089
-0.151200
-0.329566
-1.372765
-1.225323
-0.739089
-1.833884
-2.708455
-1.417698
-2.112024
-2.341815
-2.305595
-2.433389
-1.700964
-1.555572
-1.058404
-0.356902
-1.313138
-1.319631
-0.635384
-1.153737
-1.922554
-1.283069
-2.019425
-2.225297
-2.268863
-2.075975
-1.849089
0.548935
0.153934
-0.511177
-1.262226
-1.393608
-0.897123
-1.102483
0.174094
-0.467611
-1.833200
-1.750510
-2.168405
-2.255195
0.125573
-0.387825
-0.432929
-0.715341
-1.301179
-1.356192
-1.033973
-1.316385
-1.342354
-0.280191
-0.628038
-0.721662
-0.968709
-1.259321
-0.370740
-0.788977
-0.810674
-1.119226
-1.181756
-1.300838
-1.059429
-1.362172
-1.145195
-0.891486
-0.543980
-0.235087
-0.425070
-0.802815
-0.881747
-0.881235
-0.930610
-1.107266
-1.017401
-1.116663
-0.980156
-1.234036
-1.092403
-0.951453
-0.774625
-0.628550
-0.596943
-0.773942
-1.029702
-1.013300
-0.926168
-1.047128
-1.562748
-0.870300
-0.605657
-0.958970
-0.895757
-0.912158
-0.682196
-0.583446
-0.554744
-0.679805
-0.924630
-0.848090
-0.433271
-1.258809
-0.870349
-1.106989
-0.802329
-0.824049
-0.795851
-0.712207
-0.755077
-0.957993
-1.032300
-0.905787
-0.741168
-0.801757
-0.929032
-0.870920
-0.533870
-0.914933
-0.995909
-0.891498
-0.800804
-0.906359
-0.849581
-1.004292
-1.015153
-0.435555
-0.705920
-0.968091
-0.528154
-1.495483
-0.582646
-0.919696
-0.855296
-0.723639
-0.710302
-0.677912
-1.905888
-1.356204
-2.453095
-1.608659
-0.788229
-0.519961
-0.267316
-1.153860
-0.610463
-0.996480
-0.803662
-0.488333
-1.580460
-2.944285
-2.171299
-2.493107
-2.314959
-1.026203
-2.790526
-2.255513
-0.414406
-1.130805
-0.678864
-0.854725
-0.703443
-1.028680
-2.972484
-3.395845
-2.691831
-1.870259
-1.643526
-1.293329
-2.159295
-2.379359
-1.109847
-1.303808
-0.619799
-0.764985
-0.670290
-1.351441
-3.050221
-2.974199
-2.038308
-1.336198
-1.234264
-1.148906
-1.690587
-1.426511
-0.223875
-1.395454
-0.613512
-0.695822
-1.035539
-1.513964
-1.195014
-2.248464
-1.516823
-1.497769
-1.454328
-1.376782
-1.330101
-2.510635
-1.570933
-1.355442
-0.707635
-0.750504
-0.912647
-1.726979
-2.467575
-2.131859
-1.351060
-1.328006
-1.331816
-1.193490
-1.120898
-2.777189
-2.144053
-1.443087
-0.645521
-0.855677
-0.841197
-1.434703
-1.811575
-2.837969
-1.155956
-0.808426
-1.125280
-0.605129
-2.211882
-1.480622
-1.129281
-1.792902
-0.660573
-0.974379
-0.866919
-0.968282
-2.797957
-2.309434
-2.648771
-1.535685
-1.946471
-2.420704
-2.302956
-3.139390
-0.541300
-1.477192
-0.657144
-1.041255
-1.020678
-0.891307
-0.457657
-2.501490
-2.850163
-1.394501
-0.777369
-3.193501
-2.719077
-0.098886
-0.310948
-1.529207
-0.711636
-1.036111
-0.994003
-0.737739
-0.970759
-0.817762
-1.443468
-1.151573
-0.802900
-1.690587
-0.855106
-0.944465
-0.668385
-1.357728
-0.845198
-0.748408
-0.664384
-0.549493
-0.512911
-0.551589
-0.612559
-0.359152
-0.372299
-0.495382
-0.697536
-0.759078
-0.457085
-1.366683
-0.734309
-1.199778
-1.297139
-1.326291
-1.355633
-1.289137
-1.107941
-1.139189
-1.300950
-1.154622
-1.207208
-1.379449
-1.055545
-1.610945
-0.333717
-0.021331
0.457632
0.452440
0.462404
0.460720
0.498891
0.585758
0.556007
0.509837
0.507451
0.374414
0.033119
-0.384518
0.345785
0.732548
0.816750
0.723146
0.780964
0.725813
0.286985
-0.815627
-1.009851
0.454826
0.770158
0.789244
0.250217
-0.533975
0.769457
0.771000
0.621684
0.637682
0.674590
0.734092
0.058379
-2.314404
-3.742314
-0.115636
1.388053
1.161132
0.319964
-0.498751
0.734794
0.673608
0.386062
0.506048
1.270172
1.488112
0.902355
-1.758257
-2.411376
0.496365
1.950375
1.686827
0.500014
-0.445143
0.715568
0.600353
0.478262
-0.162368
0.826713
1.858457
0.454685
-0.453001
-0.280109
0.435740
0.781806
0.837379
0.575233
0.128687
0.710656
0.571725
0.038311
-0.235201
-0.029190
0.289652
-0.118443
0.335120
0.233517
0.240394
0.074378
0.701535
1.275365
0.048556
0.635718
0.572567
-0.312807
-0.319262
0.363748
-0.009122
0.128266
0.217800
0.263970
0.257795
0.266075
-0.191136
-0.220607
-0.715849
0.697746
0.522187
-0.179909
0.127845
-0.047995
-0.130932
0.380168
0.386763
0.336383
0.331892
0.184541
-0.458334
-0.117460
-0.987397
0.695781
0.535238
-0.109040
-0.591231
-1.068370
-0.472087
0.775211
0.763422
0.652277
0.786578
-0.103427
-0.923264
-0.202924
-1.331919
0.741390
0.477981
0.111987
-0.860675
-1.311150
-0.482752
0.793314
1.166044
0.312526
0.526537
0.025541
0.159561
-0.005614
-0.891127
0.758651
0.614667
0.343680
0.141317
-0.505206
0.586881
2.179542
1.756854
-1.334024
-0.376519
0.903477
0.483454
-0.173033
-0.476016
0.877374
0.710095
0.450195
0.304948
0.320385
0.270706
1.765976
1.274101
-0.472367
-0.270004
0.345505
0.342558
0.085885
-0.348171
1.206460
0.733531
0.483454
0.287967
0.212888
0.485559
0.637682
0.649751
0.774088
0.734373
0.696763
0.562603
0.180892
-0.254006
0.276179
0.184400
0.151000
-0.047573
0.050801
-0.018664
-0.044907
0.091358
0.241938
0.173735
-0.004210
-0.082657
-0.202924
-0.750512
-1.043258
-0.426650
-0.541101
-0.660528
-0.711588
-0.678053
-0.555813
-0.393115
-0.328858
-0.416265
-0.598002
-0.719809
-0.322367
-0.415399
-0.999555
0.262005
-0.150583
-0.420159
-0.342921
-0.098874
0.245778
0.548674
0.670697
0.364123
0.099739
-0.096926
0.220897
-0.104282
-1.338798
-0.182603
-0.332319
-0.584805
-0.171136
0.416914
-0.593242
-1.769342
-1.481158
-0.811544
-0.010385
0.212460
0.490474
-0.157073
-1.470125
-0.115966
-0.309819
0.056685
0.168972
-2.319098
-2.760891
-3.116361
-2.303087
-2.142336
-2.255489
-1.208553
0.909985
0.158804
-1.445244
-0.080051
-0.176328
0.422323
-1.877952
-3.361706
-1.950214
-1.615082
-1.751601
-1.682151
-2.795941
-1.456062
0.083296
0.698607
-1.433561
-0.011900
0.246860
0.124620
-2.873396
-1.918194
-2.120484
-2.247051
-2.020096
-1.850042
-1.786867
-2.044328
-0.619854
1.229540
-1.399161
0.059065
0.302463
-0.810678
-2.282534
-1.685180
-2.173491
-1.994999
-1.907376
-1.923386
-1.885957
-1.702921
-1.057754
1.119415
-1.476399
0.062743
0.259841
-0.241018
-2.232123
-1.344856
-2.134764
-2.017716
-1.897856
-1.933338
-1.820402
-1.749870
-1.162902
0.806351
-1.421229
-0.068151
0.094980
0.979218
-2.300707
-1.709195
-1.880981
-2.028534
-1.999110
-1.848527
-1.914948
-1.338149
-0.566198
0.664206
-1.407166
-0.070748
-0.024448
0.805918
-0.872772
-2.364532
-1.868865
-1.478130
-1.766313
-1.840522
-2.313472
-1.690589
0.243398
0.459319
-1.375794
-0.123105
-0.321502
-0.106230
0.329074
-1.172205
-2.818226
-2.609228
-2.017500
-3.221725
-2.030265
-0.297919
0.699689
-0.065339
-1.337067
-0.015145
-0.215921
-0.313713
-0.075724
0.530933
0.007789
-1.181076
-1.037417
-0.703583
0.004111
0.374292
0.240802
0.030722
-1.099727
-0.040891
-0.252701
-0.366503
-0.435520
-0.152962
-0.118995
-0.169189
0.143010
-0.110557
-0.050627
-0.129163
0.014063
0.032237
-0.532880
0.258327
-0.079835
-0.187795
-0.221979
-0.249672
0.013847
0.106879
0.032237
-0.017957
-0.138683
-0.177410
0.406962
0.837722
0.664411
0.964343
0.645907
0.842778
0.978974
0.925614
0.748969
0.717770
0.772636
0.839550
1.027384
1.161859
1.325810
0.554465
0.492929
0.725086
0.529291
0.595130
0.852460
1.006944
0.601800
0.823198
0.745311
0.968000
1.236089
1.418328
1.466739
0.936587
0.612558
1.116245
0.861497
0.754778
0.688939
0.185252
0.622885
-0.019364
0.423433
1.687922
2.728001
2.194837
1.780010
1.028460
0.747678
1.218876
0.822768
1.048039
-0.366846
-0.424509
0.412675
1.609174
0.972088
1.804754
3.179835
3.185859
1.614338
0.914856
0.766611
1.059443
0.887101
0.263570
-0.082191
0.003227
0.456783
0.976607
1.647042
2.510906
1.872959
1.682759
2.377292
1.223394
0.774572
1.060304
1.222749
-0.991237
-0.298856
0.953800
0.402993
0.863218
1.449741
1.902221
1.704489
1.064607
3.381224
1.327961
0.770269
0.966709
1.169389
0.038298
0.292616
0.810934
0.739286
0.984998
1.554309
1.747736
1.915346
2.487453
1.996030
1.300636
0.754993
0.999629
1.545487
0.894201
0.027755
0.965419
0.620519
0.947345
1.503962
1.648978
2.165360
1.998612
1.174983
1.741067
0.775648
0.974240
1.441996
1.146582
0.387286
0.805340
0.595991
0.960039
1.470612
1.662318
1.497722
2.398592
3.490955
1.747736
0.763169
0.932929
1.243619
1.560763
-0.102846
0.652147
1.083971
1.000705
1.770113
1.566573
1.447805
1.279551
1.831218
1.011893
0.817389
1.039003
0.859345
1.478358
0.721643
-0.830084
0.617076
0.855042
1.264274
1.426074
1.115815
1.611326
1.237595
0.949282
0.808998
1.037066
0.853751
1.014905
0.980049
0.783824
1.061379
0.624607
2.071766
1.788187
1.692656
1.521605
1.380460
1.108499
0.807707
0.972734
0.876127
0.854181
0.968431
0.849878
0.893771
0.739932
0.743805
1.235873
1.428441
1.596265
1.492558
1.300421
1.053849
0.821262
0.601800
0.663550
0.699912
0.626543
0.731541
0.782533
0.770915
0.856333
0.862788
0.845575
0.853966
0.271101
-0.291972
0.759312
0.656670
0.474919
0.503771
0.498585
0.623032
0.660393
0.559080
0.691505
0.600430
0.481168
0.506829
0.015556
0.160744
0.998899
0.455774
0.558416
0.529165
0.557751
0.692834
0.353929
0.538605
0.938803
0.556953
0.408175
0.706928
0.536079
0.325078
0.695360
0.341165
0.521454
0.380919
0.170849
-1.166823
-2.608201
-2.769742
-1.845696
-0.093468
0.614922
0.639120
0.631674
0.374936
0.524512
0.338506
0.719293
0.289711
-1.026954
-3.020630
-1.616480
-1.299912
-0.748676
0.344224
0.676481
1.058198
0.755988
0.317765
0.507095
0.317765
0.590458
0.150108
0.231344
0.245437
0.017284
0.034701
0.062489
-0.389030
-0.067276
0.225228
0.894130
0.303406
0.483030
0.623963
0.427188
0.113411
0.568919
0.297556
0.247165
0.437160
0.256871
0.405516
0.355791
0.753197
1.482195
0.288249
0.595909
0.844138
0.342628
-0.066212
0.720755
0.377994
0.423199
0.538339
0.461491
0.530761
0.662520
1.218543
1.358280
0.273889
0.516667
0.595643
0.021672
0.361508
0.844936
0.376931
0.372277
0.379058
0.374139
0.600563
0.444206
0.714373
1.202987
0.336246
0.404187
0.405915
0.488348
0.682065
0.583411
0.375867
0.346484
0.314441
0.300880
0.077247
0.442478
0.586336
1.167488
0.328800
0.457369
0.385972
0.510950
0.036563
-1.166158
0.009440
0.582215
0.468936
0.504834
-0.698152
0.720489
0.362172
0.574769
0.351935
0.519194
0.340899
0.165663
-0.186405
-1.185969
-0.921917
1.367188
0.786435
0.907692
0.230812
0.339171
0.689112
0.581816
0.418147
0.640849
0.495262
0.397273
0.401395
0.837225
1.163632
1.978653
0.257802
1.583773
0.936410
0.606812
0.479706
0.815952
0.528501
0.896656
0.515471
0.637923
0.684724
0.822599
1.165227
1.188362
1.012860
0.832172
0.635264
0.547247
0.823264
0.833901
0.044407
1.034532
0.611465
0.617847
0.556687
0.554693
0.556023
0.487151
0.500979
0.602291
0.578891
0.500314
0.706529
0.359380
-0.201973
-0.127010
-0.410743
-0.549988
-0.649226
-0.685349
-0.579313
-0.443369
-0.485123
-0.406471
-0.480851
-0.453468
-0.223918
-0.102734
-1.008505
-0.203332
-0.305096
-0.567855
-0.612522
-0.584945
-0.429387
0.003301
-0.093607
-0.424337
-0.507845
-0.266449
-0.350151
0.430163
-1.213003
-0.695836
-0.670977
-0.886545
-0.627670
0.135361
0.009710
-0.996465
-0.967722
0.315971
0.148178
-0.521051
-0.636215
0.180416
-1.097839
-0.646313
-0.630971
-0.830614
0.206440
-1.089294
-1.967877
-1.806687
-1.900487
-1.798142
-0.688456
-0.173813
-0.473666
0.198672
-1.099587
-0.702439
-0.701856
-0.106424
-0.535034
-1.647439
-1.659091
-2.280740
-2.185775
-2.015068
-1.053172
-0.540860
0.047969
0.261982
-1.168141
-0.643400
-0.712537
0.403752
-1.847082
-1.343314
-2.398040
-2.236656
-2.135476
-2.138777
-2.188493
-0.864600
-0.695641
-0.129923
-1.100753
-0.588635
-0.595432
0.058067
-1.679288
-2.029245
-2.345799
-2.166548
-2.027886
-1.979723
-2.374347
-0.552901
-0.283151
-0.057290
-1.122309
-0.561834
-0.748271
0.706517
-1.446243
-1.958361
-2.332593
-2.171598
-2.024973
-2.172374
-2.332788
-0.546881
-0.473277
-0.223335
-1.167365
-0.553678
-0.761477
0.489590
-0.855278
-1.758718
-2.601761
-2.282682
-2.064396
-2.426394
-2.011572
-0.428221
-0.644371
-0.310922
-1.148721
-0.569797
-0.639905
-0.293249
-0.068360
-0.954128
-1.851354
-2.528934
-2.102461
-1.970207
-0.213431
-0.773129
-0.666122
0.051076
-1.084245
-0.664763
-0.631554
-0.906936
0.145654
0.002913
-1.378465
-0.998212
-0.650974
-0.686125
-0.603394
-0.080012
-0.567078
0.267420
-0.979569
-0.572127
-0.461042
-0.727297
-0.535422
0.017867
-0.159830
0.345490
0.246252
-0.144294
-0.253631
-0.429969
-0.547657
0.368018
-0.922667
-0.649032
-0.569020
-0.607278
-0.719528
-0.567855
-0.617571
-0.481628
-0.541054
-0.671366
-0.659325
-0.593684
-0.560475
0.663015
-1.233200
-0.044084
-0.436767
-0.592324
-0.652916
-0.667482
-0.634079
-0.595820
-0.587275
-0.591936
-0.683795
-0.477550
-0.013206
0.362580
-1.568572
0.345864
0.131670
0.273374
0.707496
0.828927
1.110697
0.930496
0.725516
0.569478
0.503336
0.489206
-0.032150
-1.315267
-0.839985
0.593846
0.534052
0.717735
1.687342
2.052250
0.965102
0.009829
-0.829132
-1.119093
0.016996
0.608795
0.115698
-0.107302
-1.594169
0.001843
0.582993
0.952611
1.575945
1.539700
0.598556
0.222795
-1.696762
-1.592736
-2.163648
-1.617514
0.052832
-0.156038
-1.574716
0.473643
1.514922
1.217180
0.651593
0.623743
0.528523
-0.897732
-0.267640
0.229552
-0.580945
-2.788824
-1.822289
-0.192283
-1.607071
0.763809
1.088172
0.334397
0.416307
-1.680380
-2.137028
-0.500469
0.990494
1.666045
0.704015
-1.122574
-2.715720
-0.241020
-1.588026
1.461271
0.189007
-0.110578
-1.054794
-2.262144
-1.181140
-0.043822
1.169672
2.445008
1.872458
1.977303
-1.301956
-2.066790
-1.463319
1.636148
0.303066
-0.342998
-2.831622
-2.526304
-0.775072
-0.366137
1.093905
2.672103
2.568077
1.406596
-2.323373
-1.485639
-1.451237
1.683246
0.922509
0.685380
-2.349993
-2.565825
-1.068104
-0.550229
1.136498
2.730873
2.166515
0.487159
-2.195183
-1.544614
-1.544819
1.355812
1.358065
0.348526
-1.277384
-2.904522
-0.950973
0.022730
1.696148
2.836741
1.250558
0.874592
-1.159024
-0.883397
-1.654578
0.756437
1.563454
0.293851
-0.490845
-1.410078
-2.109178
-0.683333
0.492278
1.028787
0.207437
-1.715396
-1.335745
-0.202932
-1.544000
0.215013
1.303800
1.478063
1.618538
0.425521
0.606542
-0.169758
-0.125527
-0.042798
-2.535519
-1.297451
-0.809269
-0.073514
-1.649869
0.183068
0.678009
1.104554
2.196821
1.880035
1.610347
0.081705
-0.621900
-1.871434
-1.452261
-0.091739
0.390300
0.076586
-1.324891
-0.025597
0.216447
0.106688
1.028378
1.368304
1.497312
0.424702
-0.644221
-0.675142
0.173035
0.283408
0.362861
0.027440
-2.126993
-0.061432
-0.103821
-0.267026
0.257197
0.443542
0.585450
0.553915
0.158496
-0.202727
-0.183478
0.170577
0.330097
-0.195355
-0.803189
-1.165654
-0.938427
-0.968861
-0.956047
-0.826301
-0.917833
-1.074352
-1.063825
-0.908222
-0.863600
-1.028585
-0.951471
-1.585555
-1.171375
-1.336361
-1.699054
-1.824453
-1.803629
-1.791043
-1.540705
-1.673883
-1.420341
-1.417137
-1.753515
-2.035662
-1.491507
-1.843445
-1.301350
-1.315766
-1.599743
-1.745735
-1.728802
-1.593335
-1.923764
-0.617380
-1.343912
-1.625143
-1.353294
-1.390822
-1.475717
-1.551002
-1.283730
-1.352607
-1.697681
-1.613472
-1.805002
-2.032687
-1.577775
-1.280526
-1.376863
-0.736371
-1.302494
-1.763813
-1.226980
-1.529721
-1.366108
-1.360388
-1.547112
-1.601344
-1.923307
-1.829944
-1.719878
-1.702258
-1.918958
-1.569079
-1.390364
-2.100649
-1.547341
-1.469310
-1.370914
-1.367023
-1.278696
-0.936139
-1.568164
-1.210276
-2.052824
-1.847106
-1.639559
-1.697452
-1.100209
-0.734998
-0.464065
-1.172519
-1.360845
-1.461530
-1.375948
-0.431113
-0.794494
-1.255813
-1.960377
-1.772280
-1.713013
-1.806375
-1.466335
-0.896094
-0.541638
-1.194945
-1.353980
-1.365651
-1.367252
-1.059478
-0.633627
-0.962912
-1.968615
-1.785094
-1.718734
-1.709352
-1.565189
-1.104099
-1.456496
-1.314393
-1.338877
-1.345056
-1.311418
-0.918748
-0.915773
-1.301121
-1.885092
-1.829715
-1.840471
-1.728802
-1.743447
-0.626533
-1.124465
-1.532009
-1.273890
-1.318283
-1.469768
-1.106159
-1.575716
-1.502719
-1.156730
-1.373660
-1.540934
-1.289908
-1.745506
-2.241150
-1.252838
-1.574800
-1.288764
-1.300892
-1.650085
-1.489905
-1.216454
-1.618507
-1.160849
-0.345532
-0.319445
-1.340022
-2.152822
-1.414849
-1.329038
-1.658551
-1.265652
-1.202724
-1.553977
-1.454894
-1.490591
-1.222175
-0.669553
-0.489236
-0.651705
-1.129957
-1.067944
-1.464504
-1.432011
-1.407526
-1.126296
-1.062452
-1.299519
-1.231786
-1.156730
-1.172290
-0.969319
-0.964056
-1.019433
-1.124923
-1.351006
-1.470683
-1.257186
-1.185791
-0.801359
-1.351463
-1.453750
-1.330182
-1.335903
-1.303180
-1.115083
-1.182130
-1.267940
-1.182359
-1.234760
-1.346429
-1.206157
-1.577317
-1.333673
-0.687321
-0.508711
-0.324208
-0.325681
-0.313597
-0.270566
-0.276756
-0.140294
-0.062484
-0.149136
-0.552332
-0.963487
-1.432998
-0.641047
-0.319197
-0.634858
-0.653426
-0.432375
-0.431491
-0.484249
-0.485133
-0.528459
-0.533764
-0.417344
-0.767783
-0.894519
-1.129127
-0.892456
-0.776330
-0.935192
-0.913971
-0.434438
-0.884203
-2.149498
-0.990602
-2.002425
-1.796701
-0.991486
-1.023612
-0.899824
-1.131780
-0.804330
-0.649594
-0.802267
-0.632795
-0.219872
-1.902510
-3.644096
-2.100866
-1.455103
-1.315400
-1.470134
-2.196950
-0.879782
-0.939023
-0.793720
-0.580332
-0.705594
-0.699994
-2.552399
-2.187223
-1.140622
-1.529966
-1.200158
-1.206937
-0.653721
-2.613114
-1.700912
-1.094938
-0.829972
-0.542016
-0.699110
-0.030652
-2.676777
-0.889508
-1.394683
-1.467187
-1.462177
-1.745122
-1.262052
-0.451238
0.524922
-1.246432
-0.782225
-0.625426
-0.934308
-0.248461
-0.998560
-0.475112
-1.484577
-1.736280
-1.502850
-1.651691
-1.255863
-1.817627
-1.786974
-0.605679
-0.768078
-0.562058
-1.264116
-1.899562
-3.219971
-0.626605
-1.446851
-1.670259
-1.564450
-1.788448
-1.028918
-2.275938
-3.674159
-0.467743
-0.740667
-0.702057
-0.633974
-0.738899
-1.515229
-1.354304
-1.256453
-1.150348
-1.228747
-0.975276
-1.511397
-1.396746
-1.749838
-0.772204
-0.845593
-0.727699
-0.680247
-0.621005
-1.124706
-2.244107
-1.476914
-0.689089
-0.852667
-0.844119
-2.143898
-3.943840
-0.933718
-0.796962
-0.872708
-0.673173
-0.905719
-0.813467
-1.156538
-2.409453
-2.428906
-1.074012
-1.831774
-0.743320
-3.339340
-1.130306
-0.622184
-0.829088
-0.890687
-0.565006
-0.817888
-0.809340
-0.657258
-0.665215
-0.396123
-0.697637
-2.481074
-1.528197
-0.228419
-0.757467
-0.653131
-0.834393
-0.949634
-0.630437
-0.748330
-0.668457
-0.525217
-0.336881
-0.334229
-0.287955
0.134399
-0.086357
-0.465680
-0.893045
-0.628963
-0.940497
-0.256714
-0.082231
-0.280292
-0.230482
-0.151199
-0.228714
-0.195114
-0.283240
-0.458901
-0.268208
-0.245809
-0.568543
-0.429723
-0.634858
-0.451869
0.466610
0.553497
0.345422
0.336067
0.354209
0.488154
0.559025
0.512250
0.505872
0.384825
0.341595
0.272850
-0.865751
0.024521
0.357186
0.216438
0.017434
0.094541
0.221257
0.308569
0.085186
0.465476
0.821245
0.447617
0.230045
0.358320
-0.746831
-0.022537
0.198437
0.052444
-0.108715
0.111975
0.198153
-0.179727
0.201555
0.713522
0.765824
0.827339
0.351233
0.448609
-0.295245
-0.059673
0.183129
0.073138
0.297088
0.192484
-0.255842
-0.416718
0.562143
0.492832
0.444356
0.595594
0.152229
0.664479
-0.025513
-0.110132
0.232738
0.160875
0.235006
0.305167
0.045499
0.280930
0.359170
0.252015
0.610335
0.530818
0.654558
0.362431
0.310837
-0.120905
0.210768
0.439679
0.385251
0.010631
0.559733
-0.308427
-0.246629
-0.148828
0.002976
0.541165
1.192605
1.892094
0.469728
-0.122039
0.234581
0.256834
1.653403
1.059369
0.704876
-0.245920
-0.042239
0.072004
-0.102479
0.262078
0.884036
1.803507
0.636557
-0.134937
0.203539
0.331248
1.088992
0.526566
1.105434
-0.125157
-0.049893
0.111833
-0.150812
0.445065
0.579010
0.684182
0.472279
-0.125866
0.174766
0.375896
0.800976
1.034422
0.703742
0.186956
0.054995
0.056271
0.254566
0.622950
1.256955
1.283460
0.237557
-0.062366
0.149678
0.103754
0.423237
0.585247
0.120621
0.301198
0.507147
0.305876
0.366683
0.421962
-0.218280
0.826631
0.193476
-0.068602
0.189649
0.006804
0.140323
0.710120
0.188940
0.305734
1.092961
0.610335
-0.191491
0.132386
0.586664
0.623800
-0.274410
-0.065059
0.254141
0.133945
-0.103046
0.125298
0.543433
0.770501
1.497347
0.427348
0.308002
0.238266
0.357469
0.282772
-0.274693
0.291702
0.755761
0.515794
0.359312
0.426497
0.579435
0.645912
0.681063
0.658810
0.526566
0.372069
0.386952
0.498218
-0.029340
0.488721
1.216275
1.070283
0.857955
0.866035
0.752642
0.889705
0.809055
0.851152
0.861074
0.777022
0.853136
1.230591
-0.266047
0.451354
0.457820
0.338284
0.217455
0.225400
0.346414
0.312419
0.376344
0.473340
0.377452
0.251265
0.108635
0.501053
0.353804
0.842293
1.444037
0.906772
0.701511
0.833609
0.736799
0.851716
1.090048
1.091711
0.887927
0.686730
0.621882
1.157114
0.707977
0.552599
0.840446
0.612644
0.495325
0.748623
0.700957
-0.003326
-0.037136
-0.190481
0.124155
0.424010
0.968480
1.247274
0.583822
0.495510
0.780401
0.560359
1.148246
0.643498
-0.099767
-0.189003
-0.653659
-0.578834
0.000369
0.290987
0.285999
1.625650
0.619849
0.484240
0.791301
0.736060
0.852270
-0.381332
-0.476480
-1.023537
-0.469829
-0.612644
-0.324613
-0.655322
0.342164
1.044783
0.929128
0.485718
0.864279
1.250045
0.377083
-0.354543
-0.419946
-1.200531
-0.845249
-0.577726
-0.544101
-0.243506
-0.359716
-0.174592
1.465284
0.471862
0.910837
1.200716
-0.562761
-0.702435
-0.909544
-0.730148
-0.577541
-0.476850
-0.551306
-0.272882
-0.223737
-0.225215
1.311199
0.420685
0.867974
1.191848
0.241104
0.274175
-0.940213
-0.897350
-0.534678
-0.473525
-0.531168
-0.426412
0.063740
0.175886
1.052544
0.497542
0.811993
1.113697
1.019657
0.516756
-1.022798
-1.120163
-0.940028
-0.790747
-0.717954
-0.514355
0.344012
0.537819
0.932823
0.569596
0.821600
0.858552
1.303254
0.024942
0.334959
-0.715552
-0.325167
0.021985
-0.385212
0.285814
-0.092931
1.248198
0.681557
0.564054
0.855041
0.546687
0.897904
0.874625
0.461515
0.400916
-1.505006
-0.330894
-1.123674
0.097181
0.693012
1.532349
0.457451
0.546872
0.769315
0.512877
0.546872
0.971436
1.274433
0.863170
0.053209
0.479067
0.464656
0.937626
1.118685
1.111110
0.785389
0.669918
1.174481
0.775228
0.770793
0.807929
1.029634
1.239330
1.327457
1.456231
1.187598
0.966078
0.751949
1.106492
1.101688
1.161363
0.594723
0.397960
0.315929
0.370616
0.350478
0.661973
0.729224
0.744928
0.733473
0.506595
0.313158
0.932084
1.126260
-1.379263
-0.574039
-0.629516
-0.873545
-0.803441
-0.862129
-0.507680
-0.457911
-0.467187
-0.457019
-0.724773
-0.683745
-0.799338
-1.528392
0.213347
-0.271500
-0.498226
-0.486810
-0.434186
-0.224228
-0.281133
0.239926
0.558698
0.062256
0.084197
-0.129863
-0.276316
0.039244
-0.508929
-0.494658
-0.670545
-0.599726
-0.372822
0.008384
0.041385
2.332903
2.163973
0.751709
0.270787
-0.251521
-0.353378
-0.149842
-0.434008
-0.479496
-0.523913
-0.495193
0.346957
0.537114
-1.321645
-0.658771
0.060472
-0.604007
0.561552
-0.235467
-0.314847
-0.181773
-0.449349
-0.375320
-0.274354
0.123442
0.034250
-1.269022
-0.805760
-0.642003
-0.556914
-0.446852
-0.701762
-0.897984
-0.480031
-0.187660
-0.491626
-0.372822
-0.119517
0.393515
-0.967197
-1.403702
-1.163062
-1.004479
-0.944721
-0.748677
-1.003944
-0.646284
0.069926
0.061186
-0.545498
-0.376033
-0.506075
0.479317
-0.772759
-1.749410
-1.174657
-0.952748
-0.882822
-0.691237
-1.180366
-0.386558
-0.138604
-0.028541
-0.525341
-0.377995
-0.688918
-0.430262
-1.502348
-1.271876
-0.889421
-0.567439
-0.505718
-0.461657
-1.176620
-0.278457
0.011238
-0.288803
-0.439359
-0.405823
-0.554595
-1.296493
-2.037856
-1.701068
-0.769012
-0.364795
-0.307355
-0.477890
-0.934552
-1.644698
-1.959368
-0.562622
-0.428835
-0.450419
-0.602580
-1.015360
-1.522684
-0.650387
-0.527659
-0.433294
-0.353378
-0.911720
-0.593661
-1.346619
-0.679821
-0.360692
-0.385488
-0.485917
-0.507859
-0.770796
0.036390
-1.297207
-0.363190
0.442213
0.901552
0.004460
-1.803281
-0.226904
-0.166432
-0.172497
-0.303609
-0.281311
-0.396726
-0.430975
-0.690345
-0.028363
-0.554952
-0.773829
0.075991
-0.712108
-0.416348
-0.437575
-0.386736
0.000000
-0.636830
-0.345886
-0.203179
-0.341070
-0.524805
-0.695162
-0.463263
-0.414386
-0.239212
-0.429191
-0.606148
-0.318593
-0.329653
-0.003925
-0.021049
0.609537
0.592948
0.427408
0.344459
0.283095
0.205855
0.267576
0.127009
0.260797
0.333221
0.464690
0.788456
0.500188
-0.279894
-0.007426
0.286748
0.127761
0.124715
0.207540
0.327305
0.404799
0.403466
0.390138
0.249239
0.178218
0.099581
-0.160891
0.142232
0.115956
0.360435
0.333969
0.412225
0.563977
0.695355
0.903657
1.225059
0.986674
0.577495
0.533702
0.466871
0.324448
-0.262377
-0.429742
-0.121287
0.046268
0.224105
0.217061
0.629856
1.513140
1.460779
0.891471
0.138043
0.437358
0.361387
0.249048
-0.227342
-0.500572
-0.155179
-0.004951
-0.448021
0.003618
1.192691
0.293603
1.109674
1.185646
-0.174029
-0.890139
0.536939
0.140709
-0.196687
-0.421745
-0.229627
-0.346345
-1.753240
-0.964396
0.378904
0.911655
1.033132
0.814358
-0.773802
-1.236864
-0.280655
0.213252
-0.230198
-0.400991
-0.162415
-0.909941
-1.659942
-0.538272
0.703733
0.626429
0.613291
0.606627
0.210968
-0.319307
-1.030085
0.021706
-0.257617
-0.400229
-0.667176
-1.756858
-1.792654
-0.233626
0.504951
0.333207
0.319307
0.324639
0.198972
-0.639757
-2.194025
-0.050838
-0.242194
-0.498287
-0.308454
-2.024375
-3.846732
-0.620146
0.516947
0.369574
0.418318
0.362148
0.286177
-1.641282
-2.559410
0.158035
-0.225629
-0.518661
-0.056359
-1.164130
-3.535802
-0.838730
0.818166
0.801030
0.803315
0.866338
0.322735
-1.456019
-1.892997
0.204303
-0.217632
-0.430503
-0.165080
-0.194593
-0.350534
-0.198210
0.289034
0.939834
0.911274
0.805599
-0.747145
-0.057883
0.120716
0.182978
-0.194593
-0.496002
-0.168888
0.058835
0.101295
-0.134235
-1.046270
1.666606
3.028947
0.850915
-0.121478
-0.112910
0.228104
0.191546
-0.159749
-0.192308
0.094821
0.214014
0.486292
0.358721
-0.065689
1.099964
1.533895
0.647945
0.366909
0.302362
0.243146
0.301600
0.147563
-0.014661
0.491433
0.400800
0.494479
0.650801
0.763710
0.720108
0.673840
0.582636
0.619765
0.548744
0.408036
0.429742
-0.116527
0.432979
0.785416
0.762187
0.712301
0.651563
0.796460
0.683741
0.710588
0.811311
0.806361
0.677267
0.899659
-0.102247
0.298089
0.454957
0.435348
0.425841
0.340871
0.331562
0.351765
0.365431
0.522497
0.499720
0.384049
0.318886
0.086357
-0.807910
0.524874
1.242466
1.165418
1.113129
1.057473
1.067772
1.092728
0.984782
1.226819
1.157892
1.023405
0.968145
0.973096
-0.094873
0.436141
1.125805
0.755819
0.772654
0.571617
1.143631
1.416169
1.903014
-0.684911
-0.896643
-1.218698
0.071304
0.543294
-0.088337
0.386426
1.019642
0.687288
1.016077
1.850527
3.133596
3.524182
1.865184
-0.871489
-1.203645
-1.416368
-1.247219
0.526459
-0.068729
0.413759
0.898228
0.867329
1.266630
2.082660
3.184895
1.698809
0.026541
-0.433566
-0.581719
-0.804741
-0.197868
-0.145380
-0.281649
0.333146
0.708679
0.973889
1.848348
2.467304
1.744364
0.234510
0.225993
0.259466
-0.075859
-0.378701
-0.773446
-1.232167
0.258475
0.331958
0.749480
0.531608
-0.644110
-0.449015
0.119830
0.105371
0.526458
0.420493
0.039613
0.013468
-0.000198
1.890537
0.438319
0.345030
0.673819
-0.055855
-0.951309
-0.338692
-0.033473
-0.076651
0.308190
0.102796
-0.112303
-0.120226
1.086390
2.359160
0.275113
0.326214
0.787113
0.268181
-0.210148
-0.748688
-0.395735
-0.558545
-0.209157
-0.244017
-0.235500
0.820388
1.316740
1.159476
0.379494
0.394943
0.868122
0.430199
0.019807
-0.193114
-0.666491
-0.161027
-0.455551
-0.340079
0.589245
2.298552
3.008419
2.216751
0.423266
0.404054
0.989536
0.590830
0.367412
-0.572410
-0.439904
-0.400687
0.159047
0.962797
1.119665
2.006801
2.616646
1.273166
0.145380
0.471396
1.049352
0.712640
0.507642
0.726505
0.393556
-0.221834
1.079656
1.489453
1.325455
1.576801
1.218104
1.067574
0.106559
0.499522
1.116496
0.799393
0.861388
0.732447
0.944179
0.917242
1.249398
1.480937
1.339914
1.058859
1.025980
0.851088
0.129337
-0.114482
1.003797
1.132539
1.302084
1.223848
1.247219
1.360909
1.411416
1.468459
1.361701
1.267818
1.272968
1.659394
0.871687
-1.756738
-0.061278
-0.015843
-0.031088
0.030788
-0.036169
-0.118371
-0.136307
-0.204759
-0.202068
-0.028995
0.057990
0.166198
-0.664793
-1.373526
-1.062054
-0.916481
-1.068032
-0.985531
-0.924851
-1.205236
-1.340645
-1.304178
-0.911698
-0.772403
-0.541938
-0.593052
-0.532073
-1.368146
-1.142463
-0.896453
-1.051891
-1.037842
-1.618639
-2.672622
-4.038675
0.206253
0.625037
0.869252
-0.346446
-0.112094
-0.687510
-1.397141
-1.187301
-0.955340
-1.278470
-2.507619
-4.746512
-5.460029
-2.759906
0.510850
0.134214
0.861480
1.014825
-0.371853
-0.686614
-1.418663
-1.205235
-1.149936
-1.529860
-2.353976
-3.406764
-1.873914
-0.198482
0.178454
0.675853
0.891372
0.891970
0.225683
-0.029892
-1.410293
-0.994499
-0.967596
-1.926225
-2.939555
-1.402820
-0.089974
0.095056
0.160220
0.314162
0.482155
0.555987
0.424164
-0.203862
-1.457522
-1.093142
-0.457344
1.159202
1.141267
0.340467
0.109404
0.032881
0.113290
0.123453
-0.196389
-0.614575
-1.831767
-1.014526
-1.444071
-0.961319
0.008071
1.527768
1.152925
0.629221
0.167394
0.059484
0.236743
0.152149
-0.301309
-1.669156
-1.135588
-0.996890
-1.428527
-1.060858
-0.519817
0.621151
1.309857
0.925449
0.638190
0.306390
0.278292
0.027799
-1.371733
-2.580555
-0.907215
-1.159800
-1.450049
-1.083875
-0.648651
0.113290
-0.257368
0.639983
0.255574
0.222096
-0.122855
-1.160099
-3.540379
-3.967233
-2.266692
-0.944281
-1.372331
-1.162192
-0.899144
-0.378131
0.957433
0.221498
0.493214
-0.840257
-2.192859
-1.996171
-3.341002
-2.882163
-1.038440
-0.925150
-1.404315
-1.049500
-0.838762
-0.790039
-0.528187
-0.021821
0.729060
-2.008726
-2.380579
-1.457223
-1.915464
-1.044119
-0.749386
-0.721886
-1.140072
-0.998982
-0.615770
-0.856698
-0.510551
-0.470197
-0.329706
-0.553595
-0.432533
-0.654331
-0.471094
-0.680336
-0.621449
-0.706342
-1.114365
-0.883003
-1.027977
-1.244992
-1.119745
-1.190589
-1.108685
-0.929335
-0.894361
-0.963710
-1.125724
-1.201649
-1.284150
-1.873914
1.304560
0.902775
0.576634
0.500204
0.431102
0.453219
0.214111
0.012957
-0.019762
0.053004
0.295515
0.483321
0.471804
1.149604
1.337410
1.425750
1.126309
1.283751
1.173947
0.835766
0.333207
0.113992
-0.252326
-0.034028
0.555694
0.973709
1.519326
1.730689
1.805549
1.838660
1.481503
1.730165
0.798991
0.404403
0.029447
0.412648
0.431625
-0.679895
-0.436206
0.337003
1.950035
2.105383
1.863919
1.976733
1.874651
1.498648
0.381762
0.873328
1.697970
2.448537
2.629930
1.018206
0.625451
0.278109
1.095422
2.176579
1.831462
1.915746
1.726893
1.204703
1.620361
2.360328
1.820861
2.025026
2.447883
2.026335
2.226312
1.564085
0.498109
2.215711
1.803586
2.143206
1.599159
0.918348
2.236258
2.653356
2.774415
3.033417
3.062210
3.101079
2.915236
1.841409
0.721905
2.327216
1.824526
2.242017
2.053688
1.701765
2.730834
2.928848
2.971643
2.868776
2.655974
2.881078
3.225018
2.424849
2.362291
2.372499
1.873342
2.267145
2.187835
2.353653
3.219389
2.731619
2.633987
2.290571
2.165455
2.583993
2.382184
2.343444
2.743922
2.589489
1.851094
2.233248
2.251701
2.764076
2.329572
2.168596
1.861694
1.968881
1.958280
1.955924
1.813663
2.231023
2.650346
2.927932
1.860647
2.173046
2.056175
2.370012
1.514222
0.858931
0.759205
0.639716
0.756064
0.871757
1.319349
1.991129
1.812224
2.829121
1.850963
1.965871
1.809344
2.082742
1.541182
0.786427
1.159551
-0.131791
0.134801
0.739704
1.238337
1.315161
2.091249
2.428513
1.770213
1.730034
1.443026
1.778458
1.857506
1.112436
1.152222
0.736563
0.997659
0.973578
0.713399
1.582800
1.946894
2.035758
1.884728
1.460825
1.057076
1.242395
1.451794
1.629261
1.306523
1.110865
1.202216
1.326678
1.452187
1.336494
1.255090
1.624680
0.283736
0.143177
0.083105
0.129435
0.158358
0.282035
0.512506
0.635005
0.587628
0.379144
0.231910
0.150375
0.012957
0.591162
-0.971648
0.077622
0.070873
-0.073605
-0.086783
-0.138531
-0.159102
-0.157977
-0.271598
-0.235117
-0.160227
-0.057694
0.171316
-0.634641
0.009161
0.742316
0.499002
0.323990
0.301490
0.178066
0.417201
0.495306
0.350668
0.639462
0.435522
0.501091
0.879562
-0.048052
-0.008196
0.554929
0.530983
0.302294
0.426040
0.779279
0.489681
1.483507
0.779761
0.936613
0.908650
0.683978
0.782011
0.205708
0.031017
0.600570
0.557822
0.463164
0.776547
0.081480
0.722227
0.881490
0.455128
0.589963
-0.212618
-0.208440
1.084787
0.274491
0.054320
0.615355
0.481806
0.656336
-0.139174
0.048052
0.548661
0.401452
0.512341
0.751958
0.363846
0.316275
1.251121
0.357096
0.000643
0.678675
0.366578
0.663408
-0.223707
0.498680
0.109764
0.260670
0.384256
0.390363
0.422344
0.634641
1.908100
0.128728
0.025071
0.665657
0.472646
1.171570
1.030628
0.152192
0.220493
0.395666
0.481485
0.548983
0.104782
0.342150
0.676586
0.098675
0.020571
0.653283
0.492574
1.069198
0.081319
0.432147
0.357096
0.441629
0.517001
0.528733
0.332829
0.350667
0.106389
0.113621
0.023946
0.665657
0.444522
0.755333
0.635765
0.602338
0.253760
0.281402
0.320615
0.403862
0.544161
1.026932
1.536059
0.020892
0.015910
0.563929
0.513787
0.769797
0.322865
0.151227
0.660997
0.437611
0.427808
0.411094
0.676747
-1.189570
1.178963
0.264688
0.077944
0.569071
0.534197
0.494984
1.193105
-0.216636
-0.055284
0.947863
0.801939
0.033267
-0.587231
0.655212
1.077716
0.076498
0.008839
0.628212
0.548661
0.406916
0.347293
0.678996
1.009254
1.959206
1.634252
0.649747
0.651837
0.650872
0.647980
0.202976
0.042749
0.686711
0.499324
0.442593
0.278670
0.277706
0.194940
0.233832
0.490484
0.279955
0.337650
0.408201
0.818813
0.289759
0.084854
0.607641
0.430379
0.176941
0.167620
0.016553
-0.069266
-0.128085
-0.146085
-0.061712
0.003696
0.236242
0.597678
0.113782
-3.751798
-1.688633
-1.421824
-1.667438
-1.720052
-1.733517
-1.813560
-1.858445
-1.936243
-1.734266
-1.710078
-1.610835
-1.988359
-3.208952
-1.731772
-1.137808
-1.502864
-1.832512
-1.833758
-1.707335
-1.644248
-1.818797
-1.515082
-1.406363
-1.603105
-1.772666
-1.621806
-2.023019
-1.809321
-1.409605
-1.542511
-1.907817
-1.597868
-1.227326
-1.519072
0.669269
-0.554566
-1.212116
-0.710912
-1.464713
-1.561961
-1.679407
-1.701600
-1.287920
-1.415091
-1.712572
-1.168479
-1.193414
-0.668771
-1.573930
-1.995590
-1.891359
-1.876398
-1.382176
-1.657215
-1.839743
-1.719554
-1.218350
-1.549992
-1.633027
-1.486407
-2.315762
-2.452409
-2.002322
-1.781893
-1.689132
-2.037232
-0.981213
-1.481170
-2.000078
-1.816303
-1.119605
-1.677662
-1.061006
-1.195160
-1.923028
-2.493552
-1.483664
-1.436785
-1.473440
-1.921781
-1.226578
-0.235890
-2.046708
-1.790620
-1.218100
-2.048204
0.387249
0.248358
-1.784137
-1.788625
-1.429803
-1.336046
-1.355994
-1.932004
-1.377438
-1.005899
-1.913552
-1.790869
-1.158255
-2.115530
-0.660043
-1.519820
-1.978634
-1.816303
-1.440276
-1.413096
-1.418582
-2.013793
-1.874902
-1.834506
-1.979631
-1.714317
-1.161247
-1.785633
-1.277696
-1.138556
-2.494300
-2.142959
-1.558221
-1.529545
-1.443268
-1.984868
-1.572933
-1.542262
-2.340448
-1.743492
-1.237550
-1.590637
-1.701351
-1.362477
-1.395890
-2.241205
-1.702598
-1.449502
-1.573681
-1.664446
-1.788126
-1.391901
-1.931755
-1.700104
-1.276200
-1.535280
-1.706587
-0.886707
-1.375942
-1.463466
-0.530129
-0.226913
-2.474601
-1.841738
-1.117361
-1.585899
-1.798350
-1.855951
-1.190920
-1.454240
-1.757456
-1.686888
-1.190671
-0.415426
-0.561797
-0.874239
-1.294403
-1.308865
-1.587146
-1.545504
-1.669932
-1.649485
-0.997670
-1.124093
-1.272210
-1.380680
-1.271961
-1.235555
-1.323079
-1.215357
-1.348762
-1.294403
-1.376690
-1.554481
-1.579167
-2.286338
-0.640594
-0.816140
-0.924859
-0.984205
-1.069235
-1.109631
-1.150774
-1.252511
-1.126338
-1.051032
-0.948797
-0.815392
-2.089348
0.206125
-0.260240
-0.439814
-0.351851
-0.455623
-0.459880
-0.425830
-0.415696
-0.273415
-0.366039
-0.433734
-0.545208
-0.350838
0.386712
-0.406575
0.167211
-0.027564
-0.327125
-0.460893
-0.490079
-0.005067
-0.112082
-0.234703
-0.172480
-0.503659
-0.445895
-0.291250
-0.458664
-0.295304
-0.026551
-0.349217
-0.812745
-0.198221
0.920976
1.399502
-0.316788
-0.317801
1.770000
0.653236
-0.344555
-0.567908
-0.634995
-0.211800
0.034861
-0.618780
0.013782
1.585967
1.696833
1.265125
-0.202071
-0.839904
1.326740
1.063053
1.000426
0.025740
-0.604188
-0.187884
-0.058777
-0.356513
0.984414
1.196417
1.101158
0.553112
-0.974280
-1.424431
-0.081883
1.676970
2.024363
1.125074
-0.355297
-0.216259
-0.168629
0.149577
1.444091
0.776871
0.950972
-1.639880
-2.039564
-1.807293
-1.938021
-0.355702
1.568334
1.040151
-0.221326
-0.167008
-0.183628
0.835850
0.077424
-0.840106
-0.621618
-1.961532
-1.758042
-1.412068
-1.542391
-1.117777
-0.620605
0.727619
-0.230649
-0.235716
-0.114919
0.281116
0.893209
0.651817
-0.414682
-1.912686
-1.658324
-1.361803
-1.683051
-0.987252
0.285981
0.782748
-0.471838
-0.263078
-0.057561
-0.193154
0.526359
1.428890
0.812542
-1.579076
-2.088815
-1.850261
-1.737977
0.271185
1.929103
1.259045
-0.395022
-0.221123
-0.102759
-0.457650
-0.037496
1.416324
1.745273
0.672693
-0.991508
-1.044813
0.180182
2.201910
1.462535
1.932751
-0.383267
-0.226596
-0.027362
-0.430086
-0.435964
0.701879
1.628124
1.137437
-0.868279
-0.767142
0.706541
1.274246
2.071384
0.223353
-0.628306
-0.159103
-0.005878
-0.368471
-0.647764
-0.461501
0.276657
0.949553
0.165184
0.636008
0.403129
0.895843
0.097894
-0.211597
-0.498186
-0.222137
0.258416
-0.070938
-0.213219
-0.219907
-0.402724
-0.272401
0.171872
0.211192
-0.173088
-0.396846
-0.262065
0.213421
-0.038712
0.087963
0.121000
-0.401711
-0.556558
-0.500213
-0.442449
-0.498794
-0.471027
-0.485012
-0.509536
-0.567705
-0.416709
0.177547
0.766534
-1.487653
0.189465
0.312114
0.131192
0.040578
-0.018916
0.063155
0.202584
0.234620
0.183668
0.107394
0.193431
-0.050341
-0.709045
-0.373744
1.250288
1.169437
1.063873
1.101095
1.156623
1.050449
1.136791
1.130690
1.089196
1.201777
1.300323
1.136791
0.558327
0.061324
1.345783
1.044652
0.948241
1.057771
1.070585
2.065812
2.222327
2.398368
2.333077
1.303374
1.212456
1.327172
0.855187
0.075969
1.428159
1.139842
1.246932
1.909908
2.256803
3.202298
1.413820
1.565453
2.260463
1.663389
1.290255
1.596573
1.150216
0.130887
1.406802
1.246932
1.907467
2.382808
1.864143
1.603590
0.933597
0.969293
1.303679
1.591081
2.387689
1.564232
1.277746
0.163837
1.328393
1.208794
1.826921
1.361343
1.304290
1.124588
0.744437
0.727961
0.749623
1.140453
1.134961
2.589358
1.265848
0.199228
1.380564
1.455618
1.706408
1.117570
1.224049
1.029397
0.791422
0.914071
0.931156
1.178895
0.821321
1.659423
1.365919
0.190381
1.348529
1.263407
2.023403
1.581928
1.488568
1.126113
0.782879
0.900952
0.788676
1.196285
0.748708
1.635930
1.206354
0.218450
1.303375
1.255474
1.876652
1.718001
1.678339
1.311612
1.050144
1.087976
1.197201
1.693594
2.022488
2.424911
1.159674
0.113191
1.372937
1.220388
1.406497
2.135069
1.334494
1.419311
1.721662
1.358902
1.529146
2.069473
2.700109
1.734477
0.963801
0.187635
1.440363
1.249067
1.236558
1.653016
1.734171
1.023295
1.120621
1.862617
1.422668
2.826113
1.705798
1.428464
1.058076
0.192211
1.450736
1.234423
0.986074
1.222219
1.396124
1.823870
2.449929
1.746680
1.368665
1.233812
1.201472
1.296967
1.069975
0.119293
1.209405
1.238084
1.155097
1.061738
1.076077
0.832610
1.040991
1.141368
1.020244
1.139843
1.198421
1.174623
0.809422
0.111971
1.893432
1.711289
1.566673
1.578267
1.446465
1.386361
1.300323
1.241135
1.321985
1.351580
1.553554
1.711594
1.117875
-1.008833
0.300052
0.285616
0.239629
0.245816
0.274274
0.208490
0.308094
0.293865
0.188692
0.229524
0.126001
0.373466
-1.007802
-0.374497
0.606702
0.064135
-0.188692
-0.299227
-0.072384
0.571026
0.328716
0.430177
0.491837
0.048875
-0.194673
0.446675
-0.401718
-0.262932
0.500086
-0.293865
-0.521327
0.063310
0.487094
0.446675
-1.538202
-0.415947
-0.602784
0.443375
0.360887
0.023715
-0.191579
-0.386458
0.354494
-0.453892
0.263138
0.402337
-0.392232
-1.505207
-1.624196
-1.630383
-1.865887
-0.389964
-0.008455
1.039560
0.072177
-0.335315
0.310569
0.078776
0.792095
-0.322736
-0.817872
-0.339852
-0.809211
-1.612442
-0.960783
-0.809417
-0.451211
0.789208
0.684860
-0.294071
0.111566
0.538237
0.666919
-0.458017
-0.242310
-1.431792
-2.262656
-1.948376
-1.792885
-0.580512
-1.077917
-0.369136
1.536965
-0.331809
0.056505
0.760336
0.064547
-0.585667
0.041038
-1.781955
-1.573466
-1.291768
-1.766901
-0.758893
-0.309331
-0.049905
1.331775
-0.386046
0.026396
0.684447
0.346864
-0.385839
0.537205
-1.477986
-1.447671
-1.162261
-1.670596
-0.478639
-0.436570
-0.598866
1.044097
-0.375322
0.094243
0.379447
0.774566
-0.355319
0.533081
-0.866128
-1.707510
-1.530984
-1.385186
-0.347070
-0.502354
-0.250352
0.980787
-0.308094
0.242722
-0.147242
0.456161
-0.251796
-0.451418
0.260870
-0.633305
-0.912940
-0.201478
-0.715381
-0.385427
0.380890
0.289740
-0.313250
0.369548
-0.406049
-0.195085
0.530813
-1.082247
-0.013404
0.098367
-0.753325
-0.480907
-0.562158
-0.153635
0.465441
-0.385633
-0.235917
0.531225
-0.105997
-0.507510
-0.203540
0.304176
0.539680
-0.092799
0.132600
0.341090
0.235092
-0.137343
-0.151160
-0.342946
-0.079395
0.734353
0.261694
0.028459
-0.033820
-0.142292
0.313662
0.365630
0.451005
0.157553
-0.213851
-0.211995
0.233855
0.057536
-0.085375
1.045334
0.358412
0.296958
0.265613
0.129301
0.190548
-0.078776
-0.067847
0.112597
0.152810
0.271799
0.789414
-0.487919
0.840124
1.252605
1.417369
1.444257
1.466855
1.381613
1.604445
1.627042
1.500609
1.533504
1.307526
1.384473
0.808086
1.301234
1.551811
0.864152
1.007748
1.153060
1.242879
1.108437
1.093848
1.774357
1.783510
1.355296
1.072109
1.005745
0.805798
1.254035
1.015757
0.397893
0.865010
1.038927
0.822389
0.467117
-0.644466
0.228552
0.260018
-0.063216
0.497438
0.903054
0.875307
1.228291
1.265477
0.397893
0.986008
0.428214
-0.221687
-1.575840
-1.107007
0.333246
1.246026
0.249720
-1.297801
-0.451384
0.598127
0.838121
1.258326
0.419061
0.575815
-0.647327
-1.070392
-1.029488
0.546352
1.209412
2.124194
1.083551
-0.665634
-0.939954
-0.033468
0.642178
1.251461
0.449382
0.025744
-0.671927
-1.437392
-0.991443
0.984292
1.701701
1.426236
1.524637
-0.062359
-0.161045
0.404472
0.138733
1.227719
0.423065
-1.272056
-0.469977
-0.328097
-0.983148
1.083265
1.232868
1.167363
1.061811
-0.044624
-0.274606
-0.398751
0.314081
1.262045
0.443947
-0.450240
-0.609568
-2.209151
-1.383044
1.020048
1.072967
0.933661
0.963696
-0.169340
-0.777479
-1.484018
0.513742
1.252605
0.438226
0.707111
-0.528045
-1.387906
-1.087841
0.881600
1.585565
1.458274
1.509190
-0.606708
-0.280899
-0.152178
0.485138
1.287503
0.480561
0.891326
0.118710
-0.485138
-1.157351
-0.051775
2.105887
2.021502
0.492575
-0.847275
-0.811805
0.241997
0.589259
1.268910
0.454245
0.859861
0.937666
0.301781
0.273176
-1.908514
-0.570094
0.488570
-1.236872
-0.166194
-0.028319
0.776621
1.131893
1.107007
0.568950
0.985436
1.270626
1.498034
0.920789
-0.532908
-0.091249
-0.410479
-0.037758
1.120165
1.126744
0.861005
1.517486
1.449120
0.828968
1.261186
1.430527
1.494030
1.851876
1.564111
2.027509
1.907083
1.651928
1.608449
1.386475
1.003457
1.700557
1.302663
1.479727
2.133061
2.326716
2.363616
2.286383
2.558987
2.554696
2.546687
2.511217
2.433984
2.074994
1.847299
1.433960
-3.635113
-2.906406
-2.818073
-3.134496
-3.190758
-3.311880
-3.407739
-3.511482
-3.567027
-3.426911
-3.310805
-3.075907
-2.782238
-3.642997
-3.412219
-2.855700
-2.919306
-3.101707
-3.144889
-3.430316
-3.588348
-3.225339
-3.393584
-3.262607
-3.281241
-3.043834
-2.796751
-3.119624
-3.027529
-3.163882
-3.149547
-3.391075
-3.436408
-3.189504
-2.715047
-1.524425
-1.628885
-0.726915
-2.367088
-3.212796
-3.080028
-3.344491
-2.979151
-3.112817
-3.110308
-3.557530
-2.933282
-3.105292
-2.196334
-2.765395
-3.088807
-1.450963
-2.330715
-2.686378
-3.273896
-3.408098
-3.071248
-3.075190
-3.165135
-3.465613
-2.741923
-3.521336
-3.402364
-3.801567
-3.858904
-3.369037
-2.649468
-1.770254
-2.531571
-3.629020
-3.092211
-2.985960
-3.364199
-2.468501
-2.636747
-3.515245
-4.319742
-3.871804
-3.715025
-3.684028
-3.610566
-1.681383
0.331116
-3.667544
-3.052793
-2.986856
-3.096333
-0.373581
-1.536072
-3.848691
-4.028045
-3.699258
-3.549467
-3.519007
-3.901188
-2.236648
-0.379852
-3.702483
-3.051001
-2.921995
-3.385701
-1.497549
-1.867368
-3.904055
-4.060475
-3.911402
-3.756414
-3.735989
-3.953150
-2.258328
-1.745707
-3.754086
-3.057989
-2.921457
-3.286796
-2.553251
-1.708439
-3.657510
-4.115304
-3.928423
-3.937920
-3.784904
-3.649089
-0.900178
-0.893548
-3.717355
-2.962488
-3.015883
-3.080923
-3.068023
-2.375330
-2.963563
-3.321556
-3.720938
-3.742797
-3.649985
-1.704855
-2.109613
-2.552176
-3.524741
-2.925937
-3.125717
-3.099916
-3.439453
-2.425857
-2.041167
-2.549489
-1.374814
-0.473919
-2.380347
-1.413157
-2.306169
-3.241823
-3.415624
-2.922174
-3.124821
-3.083969
-3.319943
-3.331769
-2.792092
-1.576207
1.107305
0.161437
-1.943159
-2.734577
-3.452175
-3.053868
-3.041863
-2.992052
-3.110487
-3.017853
-3.170331
-3.240747
-3.272640
-3.464179
-3.050643
-3.248452
-3.445187
-3.440528
-3.151339
-2.959621
-2.890818
-3.301309
-1.865038
-2.173578
-2.422453
-2.378735
-2.443238
-2.490182
-2.525300
-2.488748
-2.459901
-2.480685
-2.221060
-1.888689
-3.049747
0.327949
-0.079256
0.016004
-0.233705
-0.309659
-0.270793
-0.038612
-0.113550
-0.170452
-0.006351
-0.075954
-0.202714
-0.036072
-0.380787
0.574609
0.283748
-0.064523
-0.345477
-0.144033
-0.118377
-0.261140
0.146065
0.142001
0.188488
0.150892
0.102881
0.241072
-0.037342
-0.052838
-0.370880
-0.510595
-0.495353
-0.747094
-0.637862
-1.211456
-1.313828
-1.162428
-0.868265
-0.766654
-0.432100
0.205254
-0.378246
0.060713
-0.394758
-0.167658
-0.230657
-0.010415
-0.684095
-1.816294
-0.986387
-0.396537
-0.679015
0.463599
0.089163
0.530663
-0.184678
0.006097
-0.332521
-0.076208
-0.398061
-0.256567
0.432354
0.118377
-0.407460
-0.335824
-0.469696
-0.544380
0.708990
0.396282
0.050805
-0.121171
-0.319566
-0.229132
0.024387
-0.131078
0.515929
-0.771734
-0.878172
-0.924405
-0.771734
-0.580198
0.965811
1.229745
0.079256
-0.093228
-0.275111
-0.273841
0.006605
0.435148
-0.256059
-0.586548
-0.444802
-0.499163
-0.416097
-0.490273
1.007218
0.526344
-0.119139
-0.071382
-0.196363
-0.329727
-0.843878
-0.270285
-0.215923
-0.767924
-0.659455
-0.717373
-0.450136
-0.400855
0.374944
0.286797
-0.153940
-0.036072
-0.306103
-0.354114
-0.568259
-0.001016
0.140223
-0.643451
-0.558098
-0.644721
-0.431592
-0.171468
0.852769
0.847688
-0.210843
0.038358
-0.413048
-0.251233
-0.456233
0.242088
0.262410
-0.180105
0.062999
0.133872
0.036834
-0.100341
0.692986
0.228370
-0.254027
0.152417
-0.338110
-0.177565
-0.571307
-0.379517
-0.379517
0.498909
0.542348
0.928469
0.049281
0.519231
0.206016
0.131586
-0.329473
0.160799
-0.275873
-0.281462
-0.580706
-0.529647
-0.256060
0.750142
0.809584
-0.006351
0.107708
0.274857
-0.164102
0.173246
0.018544
0.502211
0.038866
-0.069095
-0.392980
-0.207032
-0.149368
-0.137683
0.023878
0.082813
-0.207032
-0.217955
-0.178581
0.092974
0.361989
0.662503
0.389170
0.034040
-0.154957
-0.242088
-0.312199
-0.254535
-0.310167
-0.318804
-0.303562
-0.347509
-0.135651
0.538791
0.162831
-2.371651
-0.244947
0.078515
-0.255044
-0.255044
-0.377605
-0.102714
0.319458
0.247733
0.004526
-0.231542
-0.241117
-0.328511
-2.147770
-0.043697
0.516182
0.083216
-0.538466
-0.579900
0.307794
1.323794
0.833551
1.477169
1.874446
0.707161
-0.140492
-0.105500
-0.474574
-0.119949
0.076078
-0.505562
-1.247715
0.490416
1.329538
1.682249
0.573981
1.382986
1.932766
2.435021
1.852163
-0.403719
-0.199509
-0.252781
-0.333037
-1.229610
-0.015842
1.607389
0.458906
-0.645706
-0.730663
-1.334413
-0.624641
-0.162776
1.509898
1.983601
-0.065981
-0.171654
-0.228931
-0.332689
1.310215
0.737278
0.073641
0.294041
-0.350447
-1.114710
-0.235372
-0.845912
0.381609
2.757962
0.697238
-0.081301
-0.504866
0.653540
1.496493
-0.089483
-0.548911
-1.292457
-2.753435
-2.811234
-2.271201
-0.452465
0.226842
2.252398
1.417977
-0.138229
-0.699849
0.291255
0.764263
-0.140666
-0.932610
-2.460090
-2.309153
-1.679986
-2.314202
-1.234136
0.034470
0.777668
0.985185
-0.263053
-0.776275
-0.042304
0.477534
-0.794903
0.274891
-1.550287
-1.187654
-0.765133
-1.558295
0.395885
0.092965
-0.365941
0.192023
-0.225275
-0.775927
-0.777842
-0.950193
0.249822
1.683119
0.403719
-0.658241
-0.411205
0.081823
1.301510
0.484497
-0.203165
-0.418865
-0.165561
-0.651277
-1.243537
-0.808482
-0.389617
0.737453
2.314550
1.971763
1.550984
2.093976
1.151269
0.025765
0.098362
-0.466044
-0.151634
-0.235372
-1.149702
-1.282360
0.211870
-0.220226
0.423043
1.713410
0.526279
0.356018
0.586515
0.143278
-0.322940
-0.877945
-0.000348
0.220574
-0.302920
-1.361049
-1.184172
0.104455
0.619070
0.410508
0.154768
0.461169
0.736234
-0.564580
-1.093819
-0.368552
-0.016713
0.890479
0.640310
-0.053446
-0.591042
-0.922164
-0.402674
-0.004701
-0.208214
-0.471789
-0.673561
-0.343831
0.374820
0.477185
1.327102
2.609809
1.715500
1.364009
1.240056
0.870111
0.592957
0.179489
0.279591
0.650929
0.893091
1.436257
2.205742
0.648144
-0.714219
-0.153009
-0.006553
-0.126976
-0.134237
-0.102891
-0.110152
-0.239254
-0.254838
-0.107850
-0.111392
-0.084119
-0.056847
-1.250813
-0.494268
-0.212335
-0.370834
-0.437598
-0.487362
-0.577680
-0.609556
-0.811620
-0.666758
-0.491789
-0.492675
-0.481695
-0.314873
-0.875551
-0.476913
-0.149290
-0.208085
-0.264932
-0.434411
-0.655778
-0.363750
-0.259619
-0.023908
-0.374199
-0.441317
-0.140967
-0.222784
-0.336124
-0.369949
-0.173375
-0.204189
-0.269182
-0.545803
0.173729
0.237129
0.097579
0.175677
0.651351
0.286183
-0.453183
0.003188
-0.261390
-0.412097
-0.194803
-0.208439
-0.467704
0.115288
0.129101
-0.194626
-0.152123
-0.276620
-0.124497
-0.253421
-0.241379
-0.349583
-0.123611
-0.415285
-0.218002
-0.213752
-0.409263
0.129101
-0.102006
-0.053128
-0.563335
-0.503832
-0.358969
0.138310
-0.148227
-0.856779
-0.362156
-0.366584
-0.182938
-0.258911
-0.334884
-0.107673
-0.080223
-0.423608
-0.549168
-0.580513
-0.534115
-0.064639
0.369772
-0.202418
-0.383762
-0.379158
-0.199407
-0.094745
-0.015761
0.637891
0.024793
-0.450880
-0.593441
-0.589368
-0.481695
-0.220305
0.328686
0.243150
-0.374730
-0.395804
-0.169124
-0.072077
-0.299997
0.351885
-0.240139
-0.165405
-0.507728
-0.527031
-0.342676
-0.317175
-0.244743
-0.534823
-0.418649
-0.375616
-0.176739
-0.156020
-0.354896
-0.396690
-0.439901
-0.204012
0.029220
-0.041440
0.003896
-0.601233
-0.405545
-0.343385
-0.342145
-0.337363
-0.175677
-0.144508
-0.179750
-0.256609
-0.437421
0.277506
0.146988
0.399523
0.272193
-0.373668
-0.691905
0.003188
-0.323550
-0.304247
-0.075973
-0.196220
-0.128570
-0.142737
-0.231284
-0.454599
-0.430692
0.170187
-0.126445
-0.279808
-0.134237
-0.154249
-0.202418
-0.236597
-0.072608
-0.138841
-0.182406
-0.090495
-0.165405
-0.050117
-0.287777
-0.156374
-0.171250
-0.243858
-0.267766
-0.143977
-0.223846
-0.621245
-0.153363
-0.199939
-0.244921
-0.306372
-0.340728
-0.287600
-0.336478
-0.409618
-0.346927
-0.351885
-0.276089
-0.100235
-1.090897
-0.504851
-0.123738
0.080648
-0.216905
-0.257957
-0.310946
-0.325503
-0.367429
-0.453317
-0.343263
-0.250678
-0.126650
-0.403240
-1.211758
-0.966320
-1.097919
-0.833557
-0.866748
-0.882470
-0.829772
-1.359370
-1.545123
-1.459816
-1.157022
-1.131984
-0.678375
-0.991359
-1.424879
-0.885381
-0.928471
-0.657995
-0.779112
-1.216999
-1.457487
-1.847917
-0.483015
-0.457976
-0.950889
-1.116552
-1.287456
-0.938079
-0.970978
-0.824240
-0.979422
-0.690021
-1.219037
-1.909931
-1.538426
-1.097337
-1.703798
-1.302014
-0.956712
-0.877229
-1.563174
-1.866551
-1.271734
-0.866747
-0.928471
-0.886546
-1.921286
-1.086856
-2.284639
-1.819093
-1.762610
-1.396928
-1.307254
-1.316280
-1.017271
-1.840347
-1.437398
-0.962826
-0.864127
-1.209138
-1.361117
-1.922451
-1.610631
-1.701470
-0.950598
-0.738060
-0.753783
-1.516590
-0.590448
-0.283578
-1.686620
-0.969523
-0.882470
-1.385865
0.314440
-1.781535
-1.530565
-1.194289
-0.823949
-0.734566
-0.687983
-1.514552
-0.940408
0.599182
-1.678178
-0.906635
-0.912167
-1.466804
-0.864419
-2.739994
-1.716318
-1.257468
-0.943902
-0.720009
-0.837924
-1.525907
-0.904306
0.053862
-1.674101
-0.946813
-0.881305
-1.111312
-0.954093
-2.103253
-2.361211
-1.423423
-0.922648
-0.914787
-0.923813
-1.966705
-0.479521
0.098117
-1.719521
-0.832101
-0.964574
-0.927015
-1.515135
-0.811138
-2.257562
-2.223206
-2.061327
-1.903235
-2.256688
-1.427790
-0.939535
-1.261544
-1.164301
-0.828898
-0.986701
-0.790467
-1.028626
-0.840544
-0.793670
-1.336078
0.330453
1.019018
-0.141207
-0.499610
-0.778239
-1.320647
-1.081033
-0.772124
-0.872571
-0.675172
-0.805607
-0.727870
-0.941864
-0.505724
1.821131
1.869752
-0.120827
-0.864418
-0.920901
-0.821911
-0.900812
-0.719427
-0.757858
-0.563080
-0.670514
-0.460596
-0.454773
-0.541244
-0.456520
-0.465254
-0.589284
-0.678666
-0.525231
-0.868786
-0.869368
-1.624897
-0.648969
-0.472242
-0.661779
-0.639652
-0.723794
-0.641399
-0.656247
-0.581423
-0.558422
-0.670514
-0.523775
-0.513003
-1.971363
-0.127816
0.530398
0.434351
0.419674
0.488412
0.609354
0.681436
0.733826
0.740328
0.686824
0.508662
0.455715
0.554921
0.356509
0.131717
0.861642
0.689239
0.770982
0.686638
0.749989
0.582788
0.594306
0.575357
0.611584
0.838791
0.653198
0.790489
0.492685
-0.027681
0.506433
0.388649
0.386420
0.549533
0.756120
0.433793
-0.559751
0.102922
0.896197
1.352469
0.717663
0.744601
0.318425
0.033440
0.598951
0.440296
0.580930
0.572942
0.002601
-0.880591
-0.139334
0.366170
0.528912
0.338860
0.366913
0.791046
0.286842
0.005759
0.642794
0.297432
0.393851
-0.531513
-0.677163
0.252845
0.521481
0.583717
0.941155
0.058149
-0.296131
0.404440
0.338303
0.034555
0.663416
0.451257
0.361897
-0.308021
0.315081
0.589848
0.404998
0.377874
0.464633
0.691283
0.169245
0.787330
0.249687
0.023780
0.585389
0.189309
1.602156
1.343366
0.601180
0.189680
0.106266
0.084529
0.207886
0.603781
0.321955
0.271609
0.159212
0.015791
0.668618
0.255260
-0.008917
-0.116483
0.460731
0.250058
0.131160
0.143236
0.210487
0.369514
0.036227
0.385119
0.119084
0.001672
0.672519
0.435651
0.245042
0.078584
0.070782
0.643723
0.476708
0.418931
0.697042
0.481167
-0.209559
0.033626
-0.028053
0.054433
0.663044
0.329386
0.797548
0.075241
0.304677
0.862757
0.509405
0.317868
0.997632
-0.115926
-0.558451
0.719150
0.335331
0.057963
0.613070
0.407784
0.452929
0.859041
0.528912
0.186522
-0.327528
-0.826530
-0.692583
0.099578
0.528169
0.483025
0.346292
0.046816
0.697785
0.477823
0.539687
0.738656
0.958061
0.730111
0.122614
-0.133761
0.086201
0.746087
0.602666
0.594864
0.275510
0.257304
0.808323
0.675677
0.716177
0.765408
0.963077
0.769867
0.632205
0.468348
0.782686
0.841020
0.758721
0.761879
0.578701
0.503460
1.372348
1.110585
1.116902
1.120803
1.276486
1.307139
1.276114
1.300266
1.314013
1.187684
1.140496
1.201431
0.680508
-0.691910
0.048427
-0.320942
-0.574955
-0.743307
-0.773231
-0.483126
-0.311120
-0.515106
-0.375537
-0.538177
-0.513964
-0.254469
0.187540
-1.175950
0.465766
0.142082
-0.177489
-0.370968
-0.398608
-0.485639
-0.290104
-0.251271
-0.197819
-0.034036
0.304724
0.160357
1.300444
-1.199021
-0.076752
-0.159443
-0.519446
-0.670895
-0.114214
-0.581807
-1.571360
-0.780311
-0.723204
-0.043858
0.235510
0.172007
1.285139
-1.075898
0.007081
-0.158072
-0.561021
-0.032665
-1.806184
-2.018166
-1.800702
-2.148827
-2.600430
-1.255443
-0.704702
0.627722
1.500775
-1.046660
0.071955
-0.277998
-0.334191
-1.366916
-0.919196
-1.700194
-1.835880
-1.799103
-1.963115
-2.455149
-0.989324
0.297414
1.830626
-1.114275
0.034721
-0.246017
0.077209
-1.572959
-1.228260
-2.175553
-1.947353
-1.832225
-1.865347
-2.112050
-0.915998
-0.439040
1.498948
-1.053969
0.046828
-0.464852
-0.409344
-0.459827
-2.087152
-1.804357
-1.436816
-1.286281
-1.611563
-2.296849
-0.784423
-0.378963
1.384734
-1.076812
0.028554
-0.469878
0.113072
-1.391130
-1.836337
-1.879510
-1.337449
-1.284682
-1.696310
-1.757529
-0.815261
-0.798814
0.984984
-1.103767
0.071041
-0.552569
0.156702
-0.581579
-1.710016
-1.758443
-1.590091
-1.397297
-1.797047
-1.912860
-0.159443
-0.506426
0.830109
-1.045517
0.111701
-0.310434
-0.247845
-0.455030
-1.050543
-2.278574
-2.328601
-1.827657
-1.863292
-0.961227
-1.707275
-0.380105
1.274403
-1.023588
0.018503
-0.172464
-0.783967
0.131118
-0.840160
-1.384277
-1.318718
-1.632350
-1.264809
-1.353211
-0.304724
-0.036549
1.182117
-0.928105
0.177032
0.125636
-0.430588
-0.640057
-0.072640
0.095940
-0.150534
-0.608305
0.367998
0.258353
0.217464
-0.180459
1.444811
-0.873282
0.066473
0.014391
-0.063503
-0.378278
-0.376907
-0.503685
-0.573356
-0.275942
-0.433329
-0.222261
-0.029924
-0.016675
1.766209
-1.279657
0.837191
-0.053681
-0.164469
-0.387415
-0.478329
-0.392212
-0.420994
-0.459370
-0.346983
-0.415283
-0.208784
0.475360
1.612020
-1.013301
-1.096643
-0.800595
-0.776181
-0.703221
-0.766079
-0.815748
-0.931642
-0.782074
-0.744191
-0.794702
-0.823324
-1.064373
-1.712873
-0.828375
-1.615781
-1.612695
-1.655628
-1.461443
-1.398866
-1.806599
-1.830451
-1.896677
-1.701369
-1.541137
-1.435626
-1.389044
-1.647491
-0.991693
-1.607924
-1.496520
-1.552643
-1.579581
-1.950274
-2.416094
0.058368
-0.688348
-0.545515
-1.806880
-1.827084
-1.388483
-1.581265
-1.016668
-1.507744
-1.345549
-1.511953
-2.140811
-2.559208
-1.035469
-0.769446
-0.368728
0.769166
-1.094398
-2.554999
-2.073745
-1.528229
-1.084577
-1.428891
-1.392692
-1.991524
-1.598663
-2.777526
-1.946065
-2.413288
-2.141373
-1.883768
-0.524469
-1.842518
-2.626276
-1.715960
-1.078403
-1.328712
-1.423559
-1.438432
-2.389717
-1.594174
-2.328262
-1.551800
-1.443203
-1.498765
-1.736445
0.407453
1.370523
-1.713996
-1.107868
-1.276798
-1.631776
1.091312
0.148726
-1.531596
-1.811089
-1.643842
-1.590245
-1.463126
-1.882365
-1.223200
0.684139
-1.621954
-1.054832
-1.293354
-1.706981
-1.603153
-0.558143
-1.126389
-1.630653
-1.611291
-1.556571
-1.503815
-1.904534
-1.132281
-1.372768
-1.645245
-1.064092
-1.399988
-1.270063
-1.344987
0.006454
-1.424682
-2.098158
-1.449657
-1.545908
-1.664608
-2.400099
0.587327
-0.186048
-1.584071
-1.044729
-1.476035
-1.294196
-1.474912
-2.177292
-1.729430
-1.299527
-1.742619
-1.975810
-2.221067
-0.597710
-2.516556
-1.481086
-1.328151
-1.034628
-1.536928
-1.502693
-1.357896
-1.681164
-1.364631
-1.304859
1.132281
0.896565
-0.917892
-1.726905
-1.403075
-1.150240
-1.347794
-1.047536
-1.456111
-1.469580
-1.255752
-1.297003
-1.575653
-0.310641
2.426477
0.311202
-1.387922
-1.396901
-1.360982
-1.116848
-1.337972
-0.898529
-1.626725
-1.737568
-1.572566
-1.537770
-1.303737
-1.472667
-1.404478
-1.413738
-1.373049
-1.461723
-1.519249
-1.608204
-1.374452
-0.848861
-1.758053
-1.652542
-1.573408
-1.508025
-1.556852
-1.461443
-1.409248
-1.444325
-1.478560
-1.503535
-1.579862
-1.526265
-1.741496
-0.281082
0.306820
0.606218
0.591972
0.606098
0.638899
0.712282
0.732873
0.745921
0.738619
0.714557
0.641054
0.237028
-0.738140
0.427968
0.464959
0.634231
0.495246
0.589099
0.635547
0.678045
0.797517
0.720902
0.631717
0.509491
0.667510
0.403307
-0.085594
0.580361
0.398399
0.598078
0.585628
0.558214
0.744365
0.397561
0.326093
-0.164005
-0.295328
-0.107740
0.283237
0.335790
0.179327
0.518589
0.414081
0.568988
0.548278
1.045080
-0.383555
-0.694326
0.233557
0.126295
-0.586466
0.418032
1.381229
0.444608
0.111092
0.513562
0.349796
0.655419
0.947515
2.129664
1.216746
0.343931
0.150238
0.175018
0.352310
1.174009
2.049099
1.165031
0.215839
0.489021
0.302391
0.647040
1.579232
1.512194
0.719226
0.277012
0.515956
0.555101
0.543848
0.389900
0.827205
0.180884
0.444009
0.431919
0.291018
0.543609
0.196087
-0.148442
0.085234
0.656736
0.580720
0.640456
0.516674
0.319988
0.153829
1.036341
0.554862
0.472979
0.276174
0.647878
2.214181
2.151213
0.625731
0.649913
0.554263
0.628844
0.609570
0.417553
0.760646
1.609758
0.327530
0.449636
0.324418
0.579044
1.498188
1.921726
1.101943
0.502548
0.537983
0.691812
0.627886
0.597000
1.144919
1.788368
0.347522
0.528765
0.385590
0.676369
0.337825
0.645962
0.157540
0.200516
0.529364
0.579163
0.452988
0.629921
1.410798
0.855457
0.060215
0.540018
0.402948
0.564559
0.631956
0.559052
0.591134
0.182919
0.442214
0.336628
0.506977
1.137976
1.107689
0.488422
0.046089
0.621900
0.469149
0.772018
0.672299
0.676608
0.323101
0.521463
-0.145928
-0.105825
0.560728
0.473817
0.631357
0.541574
0.396604
0.693009
0.560967
0.886462
0.829480
0.830078
0.810685
0.934586
1.036940
1.039094
0.747118
0.784827
0.755618
0.617351
0.426890
-0.174180
0.235113
0.610887
0.602866
0.633752
0.579523
0.708931
0.773335
0.738260
0.639857
0.584909
0.573298
0.559531
-0.198841
0.315716
1.407042
1.765968
1.594864
1.482605
1.520604
1.638292
1.708426
1.738608
1.634166
1.422458
1.240281
1.082206
0.318104
1.666085
2.329001
2.378508
2.235850
2.084940
2.026314
2.318796
1.950968
2.208925
1.970510
1.565117
1.417030
1.495416
1.116948
1.638509
1.972681
1.860639
1.915357
2.086895
2.468185
1.593344
2.150081
2.151601
0.819471
-0.119859
0.830111
1.238544
1.215093
1.453943
1.792458
1.783339
1.807440
2.922868
2.472528
1.875838
0.930862
1.124113
-0.211056
-1.428321
-0.789072
1.587481
1.364700
1.442869
1.838491
1.823074
2.429318
2.288180
2.594559
2.391754
1.742951
1.047899
0.377165
0.672905
0.411907
0.539800
1.511267
1.416813
1.785510
1.619835
3.629646
2.586525
1.990703
2.310111
1.699524
1.154512
0.718938
1.342118
1.086983
-0.816215
1.722975
1.421590
1.836103
1.672816
2.491854
2.904195
2.051502
1.861073
1.674553
1.204019
0.798626
1.073738
0.305293
0.568245
1.471748
1.430927
1.783773
1.424196
1.678462
2.318362
1.956613
1.954441
1.673033
1.132365
0.848134
0.810569
0.276197
1.292828
0.805792
1.404653
1.855862
1.429190
1.772916
1.684976
2.296214
2.194377
1.724061
1.215745
1.084812
1.427018
0.170235
-0.267946
0.878532
1.455029
1.961390
1.512787
1.505187
2.107957
1.543837
1.881267
1.912317
0.932165
1.333432
0.740651
0.662048
0.977547
1.522992
1.424195
1.931426
1.760322
1.466102
2.031090
2.557211
1.639594
1.559905
0.765187
0.642288
0.459026
0.545229
1.641548
1.432664
1.445692
2.036736
1.873016
1.702347
2.000691
2.269506
1.412687
1.000346
-0.070569
0.594953
0.813609
1.380551
1.606156
1.335387
1.639594
2.046941
1.998737
1.939025
1.874535
2.020451
2.011548
2.099488
2.182000
1.642200
1.477177
1.253092
1.357100
1.133884
0.807529
2.054976
2.148127
2.092974
2.110780
2.115991
2.069089
2.058233
2.126196
2.009811
1.946625
1.849782
2.022622
1.407693
0.284628
1.170996
0.688656
0.362589
0.400867
0.369613
0.488310
0.447925
0.490944
0.527818
0.452490
0.564340
0.924471
0.956603
1.004714
1.737970
1.372571
1.348165
1.146941
0.969597
0.832989
1.460892
1.586789
1.045626
1.059147
1.177318
1.468091
1.721113
0.776626
1.390306
1.098303
1.024029
0.717628
0.941327
1.264936
3.785852
3.182356
1.694600
0.976972
0.457934
1.089875
1.368357
0.828951
1.305672
1.024907
0.550995
1.251591
2.286331
1.265989
2.486852
2.346382
1.636656
1.798548
0.733080
0.611046
1.369937
0.788741
1.286358
0.909370
0.814904
0.701123
1.355188
1.685820
1.829978
1.813648
1.921284
1.187677
0.448276
0.332915
1.201373
0.744669
1.287938
0.865473
0.589976
0.093589
0.904454
1.391184
1.514797
1.630334
1.729717
1.492498
0.438794
0.528695
1.083202
0.731500
1.359578
0.818591
0.677594
0.323257
0.692343
1.026487
1.200846
1.209977
1.334293
0.969070
0.712887
0.367681
1.454044
0.785756
1.415766
1.143605
0.550117
-0.621581
0.268123
0.803315
0.879169
0.942908
0.991194
0.256359
0.323082
0.671624
1.443509
0.835272
1.398383
1.234208
0.611397
-1.460892
-0.074625
0.496563
0.679526
0.693046
0.578914
0.655646
-0.234761
-0.458460
1.545174
0.837379
1.424370
1.226658
1.173630
0.512717
0.608237
0.321326
0.214920
0.420533
0.222119
0.413861
0.988209
1.724976
1.628052
0.822630
1.225253
1.244216
1.316734
1.908290
0.441077
-0.050920
-0.014749
1.214718
0.191567
0.094115
1.244041
1.613654
1.514271
0.852655
1.265287
1.161866
1.204358
1.284777
1.618570
0.880047
0.930616
1.269150
0.861961
0.906385
1.364143
1.332888
1.368006
0.712888
1.068102
1.064766
1.094967
1.127802
1.159583
1.303390
1.326918
1.379068
1.250362
1.171172
1.176615
0.964154
1.138688
-0.025285
1.422438
1.447899
1.357471
1.292152
1.351852
1.442280
1.538326
1.466511
1.454922
1.366952
1.239651
1.240529
1.154667
0.218507
0.823256
0.542732
0.247266
0.222041
0.272330
0.503530
0.718662
0.753206
0.672230
0.426410
0.377567
0.735211
0.237305
0.415484
1.314897
1.103459
0.779716
0.748225
1.094622
0.926726
1.169333
1.024732
0.784536
1.193272
1.279871
1.190380
1.162424
0.307998
0.848481
0.643310
0.314746
0.860370
1.207571
1.501591
1.089963
0.891379
1.569875
1.388964
0.844464
0.968338
0.845268
0.297555
0.933152
0.767184
0.619691
1.729578
1.759783
0.102666
0.589326
0.483446
0.089009
1.414831
1.360044
1.158889
1.046422
0.332901
0.946006
0.764292
1.234724
1.925270
1.028910
0.749350
0.125802
0.228789
0.196977
0.488587
1.472993
1.099924
1.303489
0.347201
0.983762
0.774896
1.081930
0.599448
1.077592
-0.125159
-0.224773
-0.102827
0.120982
0.055430
0.721394
0.583542
1.014289
0.343506
1.002882
0.698418
0.379977
-0.450349
0.057519
-0.276668
-0.008194
-0.022493
0.171431
-0.071015
1.046583
0.440227
1.126917
0.357644
1.005774
0.591896
1.326143
0.293538
0.256424
-0.165808
-0.069408
0.071818
0.151509
0.181875
1.507857
0.505779
0.939579
0.355234
0.978460
0.783090
1.147321
0.675925
1.067952
-0.143315
-0.063785
0.276829
0.115519
0.946649
0.703238
0.114073
1.087553
0.335311
0.993724
0.752081
0.857318
1.377557
1.332891
0.986172
0.041934
0.395722
0.709504
1.492433
1.616629
0.790320
0.924798
0.331455
0.890415
0.682512
0.586755
1.068916
2.060712
1.033408
-0.134157
-0.198263
0.566511
1.619039
0.857478
0.907125
0.865672
0.448260
1.038710
0.897645
0.601536
0.909374
1.110047
1.170779
1.014610
0.713360
0.524416
1.030677
0.939258
1.106351
1.015574
0.557995
1.044334
0.928493
0.783732
0.767023
0.809921
0.645398
0.763970
0.687332
0.680906
0.878365
0.891540
1.176241
1.347512
0.250962
0.941346
0.902144
0.796907
0.744369
0.707416
0.785660
0.874348
0.948898
0.839644
0.738264
0.850409
1.236652
1.047386
-1.163448
-0.636350
-0.510038
-0.553439
-0.486092
-0.538173
-0.490881
-0.656105
-0.616894
-0.590853
-0.541166
-0.534881
-0.840484
-1.097299
-1.024266
-0.681846
-0.628567
-0.652513
-0.661493
-0.903341
-0.925790
-0.977871
-0.977572
-0.888375
-0.779723
-0.675560
-0.727941
-1.573214
-0.592649
-0.712676
-0.591153
-0.733329
-0.545058
-0.483398
-0.242747
0.456460
0.362773
0.219101
-0.561221
-0.335835
-0.549548
-0.988946
-0.584867
-0.647125
-0.621683
-0.709383
-0.122421
0.339127
0.713573
1.414875
1.308917
2.137727
0.761165
-0.540269
-0.703696
-0.869518
-0.644731
-0.671370
-0.578881
-0.872212
0.023945
0.546554
1.244563
0.755179
0.632159
1.186795
1.376263
0.312787
-1.313706
-0.890470
-0.668975
-0.571397
-0.942851
-0.753682
-0.538772
1.010197
0.625574
0.452269
0.331045
0.550445
1.019476
1.545976
0.167019
-1.516045
-0.656404
-0.646826
-1.170632
-0.141278
0.374746
0.813246
0.618690
0.418446
0.467534
0.586663
0.922797
1.412481
0.565112
-1.817458
-0.660595
-0.654309
-1.187394
-0.727941
0.754281
0.883586
0.779124
0.457956
0.530391
0.557928
0.888076
1.189489
-0.488786
-1.818356
-0.630064
-0.647125
-0.844376
-0.846770
0.624976
0.836593
0.897953
0.765056
0.626771
0.856348
0.808757
1.884505
0.215209
-1.652534
-0.586962
-0.616295
-0.724948
-0.892266
-0.502555
0.075129
0.869518
1.008102
0.677057
0.853654
1.068564
-0.121523
-1.021871
-1.278086
-0.607017
-0.698608
-0.675560
-0.838090
-0.759369
-1.051803
0.307100
1.239774
1.285570
0.365766
-0.201740
-0.788104
-0.923096
-1.028756
-0.585166
-0.718961
-0.574990
-0.616595
-0.630064
-0.583071
-0.148761
0.605520
0.055673
-0.465140
-0.634853
-0.678254
-0.646826
-0.803967
-0.509439
-0.570500
-0.544159
-0.630064
-0.637846
-0.782417
-0.758172
-0.583670
-0.713873
-0.574092
-0.666581
-0.712975
-0.566309
-0.795886
-0.503453
-0.299318
-0.185577
-0.161931
-0.261903
-0.236461
-0.340324
-0.331046
-0.324161
-0.229277
-0.336433
-0.313984
-0.167020
-1.178115
0.805759
0.425998
-0.016492
-0.324984
-0.446466
-0.576342
-0.820337
-1.090985
-1.146646
-1.009702
-0.843308
-0.441459
0.013400
0.778370
-0.065674
0.542326
0.125900
-0.069797
-0.468112
-1.318488
-1.043275
-0.035635
0.021352
-0.660864
-1.238678
-0.908099
0.123691
0.433360
-0.014578
0.027683
-0.095566
-0.406708
-1.053730
-0.414512
-0.263138
1.520369
1.991279
0.447349
-0.322480
-0.877617
-0.458099
0.508753
0.242081
-0.037843
-0.273151
-1.041361
-0.212484
0.257690
0.120599
2.422135
2.539937
1.439675
1.034293
-0.398315
-0.716230
0.310700
0.204090
-0.165069
-0.612271
-0.924296
-0.512140
0.937549
1.053877
0.654974
0.643930
0.817981
0.625523
-0.752454
-0.680890
-0.083786
0.087467
-0.106610
-0.600196
-0.487991
-0.490788
0.175082
-0.297448
-0.020615
0.209097
0.186420
0.516263
-0.017228
-0.741410
-0.140625
0.112794
-0.037107
-0.137533
-0.099984
-0.701799
-0.823871
-0.859505
-0.416574
-0.352520
-0.511698
-0.668079
0.111027
0.247824
-0.124574
0.143128
0.054630
0.132084
0.738465
-0.562205
-1.711502
-1.390788
-1.138989
-1.048871
-1.153566
-1.913088
-0.463841
0.027683
0.387860
0.195402
0.124574
0.403616
1.006168
-0.858180
-1.541721
-2.064610
-1.799558
-1.716950
-1.800293
-1.100114
-0.498887
0.105432
0.896760
0.255186
0.172578
0.174051
0.898085
0.836240
-0.450736
-1.151358
-1.096875
-0.662925
-0.783229
-0.187893
0.706070
1.323053
0.977896
0.204679
0.000295
0.061698
0.253861
1.181250
0.626996
-0.346188
-0.889987
0.621253
0.262402
0.211158
0.437189
0.644960
0.736993
0.151816
-0.098511
-0.168308
0.001472
0.475327
0.822251
0.896907
1.413170
1.723134
1.236174
0.495353
0.245026
0.067294
0.623020
0.267408
0.080252
0.032542
0.198789
0.356054
0.687222
0.876881
1.297725
1.275932
0.799869
0.408033
0.186420
0.034162
0.712991
-0.883360
-0.107935
-0.236486
-0.217048
-0.208066
-0.109408
0.260487
0.308933
0.292735
0.214987
-0.058901
-0.323953
-0.104106
-0.179646
-0.097598
-0.671049
-0.597486
-0.776417
-0.711837
-0.679061
-0.657454
-0.825216
-0.814534
-0.717421
-0.686587
-0.685373
-0.915045
-0.338438
-1.058529
-2.041068
-2.013391
-2.081369
-2.032328
-1.976488
-2.594611
-2.724985
-2.328521
-2.072629
-1.905838
-1.911908
-2.204946
-1.371233
-1.363463
-2.190622
-1.925018
-1.904382
-2.227282
-2.605293
-2.303758
-0.138386
-0.513241
-1.226292
-1.493595
-1.999553
-1.879618
-1.156371
-1.336272
-2.110504
-1.897341
-2.341146
-2.834237
-1.876219
-1.322191
-1.773279
-1.424159
-0.335525
-0.970885
-1.544579
-2.641954
-1.081351
-1.441154
-2.018975
-2.032328
-2.888620
-1.237460
-2.439474
-2.435346
-2.502111
-2.301331
-2.056849
-1.730064
-0.815505
-2.863128
-1.284074
-1.442125
-1.956337
-2.269283
-1.754828
-1.812853
-2.098850
-2.378049
-1.703115
-1.507919
-1.606003
-2.146193
-0.157566
0.855806
-1.682965
-1.458391
-1.896127
-2.601651
-0.602342
-1.680051
-1.794644
-1.905110
-1.466160
-1.436541
-1.553805
-2.042282
-1.455963
-0.270216
-1.759684
-1.464218
-1.877918
-2.651665
-1.896856
-1.710399
-2.011206
-1.846357
-1.549192
-1.422945
-1.695347
-2.080156
-1.996154
-1.204927
-1.686121
-1.461062
-1.970661
-2.268555
-1.800714
-1.070668
-2.699979
-1.849756
-1.398181
-1.508890
-1.435813
-2.572518
-0.737814
-1.276305
-1.824264
-1.377545
-2.010720
-2.114631
-2.379506
-1.411049
-1.671554
-2.253988
-1.760898
-2.135753
-2.236993
-1.607459
-0.629291
-2.135510
-1.273877
-1.415176
-2.106619
-2.066075
-2.124342
-1.457663
-0.790255
-1.089606
-0.636089
-0.182572
-1.136462
-0.077933
-1.086935
-2.127741
-1.139619
-1.376331
-2.048594
-1.960707
-1.971632
-1.808240
-1.453536
-0.851922
0.533392
-0.630747
-1.170695
-1.333116
-1.873063
-2.018247
-1.173608
-1.127722
-2.011691
-1.805084
-1.694375
-1.493595
-1.410321
-1.591193
-1.546278
-1.689520
-1.619599
-1.812610
-1.678109
-2.087197
-1.244015
-0.555971
-0.922571
-1.052460
-1.035222
-1.058529
-1.067755
-0.924757
-1.021141
-1.002447
-0.893923
-0.994435
-1.096889
-1.113884
-0.989579
0.168144
0.075898
-0.008466
-0.178361
-0.220689
-0.056340
0.111804
0.116183
0.120270
0.184199
-0.051961
-0.143915
-0.052837
-0.667029
-0.317605
-0.838676
-0.993100
-0.983466
-0.909903
-0.824664
-1.135263
-1.607292
-1.290271
-0.943182
-0.780000
-0.835465
-0.774162
-1.275967
-0.933257
-0.794304
-0.873122
-0.855607
-1.017913
-1.390690
-2.464066
-3.164958
-3.249905
-3.074463
-1.638235
-1.031341
-0.536542
-0.813863
-0.914282
-0.917785
-0.783211
-0.752268
-1.908550
-2.699059
-3.815931
-2.597472
-2.243669
-3.171088
-1.810758
-2.065017
-0.680165
-0.778833
-0.969454
-0.869327
-0.774454
-1.403826
-1.998751
-2.625788
-2.179740
-1.505121
-1.227217
-1.444986
-1.926940
-2.674538
-2.043706
-0.535083
-0.959237
-0.798099
-0.657979
-2.151132
-2.444800
-1.586274
-1.515046
-1.164163
-1.058489
-0.860861
-1.250570
-1.492568
-3.402869
-0.500928
-1.004484
-0.757815
-1.077172
-1.827397
-3.090519
-0.916618
-1.271588
-1.207658
-1.191311
-1.058197
-1.291730
-1.186348
-1.809006
-0.203758
-0.995727
-0.809776
-0.792553
-1.291438
-3.059576
-0.608646
-1.235682
-1.120083
-1.057321
-0.907276
-1.137014
-1.127965
-2.131574
-0.285786
-0.952523
-0.920704
-0.610105
-1.089432
-2.960324
-1.979194
-1.081550
-1.051483
-0.884799
-0.922456
-1.592988
-2.388460
-3.298072
-0.645427
-0.895599
-0.965659
-0.889177
-1.196565
-1.984156
-2.513401
-2.141207
-1.308369
-1.406161
-1.541610
-2.142667
-2.923251
-1.802292
-0.804522
-0.940555
-0.910779
-1.030173
-0.918369
-1.407329
-1.695158
-1.551828
-1.441191
-2.693805
-2.242502
-2.785466
-1.940368
-0.606018
-0.900854
-0.910487
-0.739132
-0.911655
-0.865532
-0.869619
-0.818825
-1.759964
-3.056073
-3.226844
-2.048669
-1.504537
-0.630247
-0.658272
-0.850936
-0.612149
-0.392336
-0.761318
-0.873998
-0.751977
-0.605143
-0.355846
-0.622950
-0.572740
-0.687755
-0.819117
-0.781752
-0.613316
-0.579454
-0.503848
-1.104612
-0.864364
-1.006236
-1.003900
-1.064911
-0.784087
-0.709065
-0.729207
-0.776498
-0.921580
-0.991932
-0.769491
-0.935592
-1.416454
-1.114229
-0.989819
-1.206778
-1.221646
-1.143966
-1.425254
-1.534492
-1.387627
-1.265342
-1.119691
-1.058396
-0.991943
-0.755564
-0.317397
-0.009710
-0.180546
-0.290088
-0.305867
0.185704
-1.103912
-2.273063
-2.453609
-1.559070
-0.175085
0.070701
0.077984
0.959475
0.182367
0.362003
-0.073129
-0.037930
-0.553473
-2.425085
-1.988133
-1.207385
-1.219219
-1.927446
-2.093730
-1.419185
0.225455
0.828692
0.084053
0.317397
0.061598
-0.112879
-2.090393
-1.417668
-0.302832
-2.357419
-1.732638
-1.224073
-1.197067
-2.123467
-0.821410
0.957957
0.117431
0.412981
0.280985
-0.971309
-1.844303
-2.326772
-2.716084
-2.070972
-1.578490
-2.113151
-1.474108
-1.343932
-2.012409
0.762543
0.146864
0.648753
0.259440
-1.898922
-1.302968
-1.392482
0.085267
-0.118038
0.051281
0.235772
-0.404484
-1.573028
-0.810486
1.025624
0.081322
0.638133
0.244875
0.015779
-0.392347
0.460014
0.057957
-0.144134
-0.094066
-0.002124
0.531322
-1.237122
-0.602327
0.963116
0.157485
0.632974
0.168105
-1.981458
-0.881491
0.407822
0.122590
0.098011
0.065543
0.110452
0.043392
-1.397034
-0.397202
0.960385
0.145651
0.469117
0.223635
-1.706542
-2.082503
-1.543292
-0.050068
0.037930
0.114396
0.098921
-1.752058
-2.395045
-1.505969
0.739178
0.128962
0.418443
0.085873
-0.811093
-1.938976
-2.407183
-1.806373
-2.400507
-2.406273
-2.283076
-1.776333
-1.213454
-1.691674
1.246831
0.144740
0.363824
-0.047336
-0.180850
-2.025153
-1.748416
-1.527209
-1.974175
-1.590628
-1.256541
-1.281120
-2.363184
-0.598079
0.797438
0.124107
0.355024
-0.061295
-0.285840
-0.371106
-1.831255
-1.097236
-0.086480
-0.865712
-1.315106
-1.652529
-0.989212
0.110452
0.483985
0.028220
-0.302225
-0.664228
-0.852361
-0.857519
-0.602327
-1.084188
-2.114365
-1.892853
-0.997101
-0.561666
-0.487627
-0.547404
-0.036716
-1.001349
-0.604451
-0.868140
-1.042921
-1.111194
-1.113318
-1.252597
-1.393089
-1.348484
-1.270500
-1.155800
-0.957351
-1.010756
-0.617195
0.280280
0.406858
0.216765
0.178340
0.165004
0.166134
0.265814
0.344700
0.392618
0.345830
0.202977
0.153024
0.636507
0.290000
0.891924
1.329071
1.072750
0.900061
0.995899
0.937357
1.144628
1.633763
1.494075
1.297878
1.285899
1.146211
1.361845
0.856663
0.602377
0.818237
0.685782
0.767154
1.219445
1.675127
1.782492
0.695728
0.847622
1.652297
1.560302
1.370661
1.448416
0.556718
0.552423
0.951597
0.947980
1.258548
2.070457
1.608899
0.912719
0.917918
1.014208
0.537731
1.141916
1.494527
2.045820
0.939617
0.571184
0.952049
0.977364
1.766670
1.400271
1.345345
0.955891
1.389874
1.217637
1.147567
0.646905
1.334495
1.822952
1.169040
0.589945
0.956117
1.001776
1.462204
1.347606
1.064161
1.041332
0.548129
0.431270
0.592657
0.962672
0.561012
0.680810
1.273693
0.609158
1.071846
1.316639
0.886047
1.370661
1.046756
0.710872
0.419516
0.298137
0.452743
1.173787
1.362524
-0.132907
1.191191
0.533889
1.031612
1.281152
1.319352
1.904550
0.978043
0.634247
0.357357
0.205916
0.456812
1.042462
1.002228
0.396687
1.099196
0.610966
0.996351
1.111402
1.334270
1.539733
1.021667
0.822984
0.502696
0.492073
0.681262
1.461526
0.416126
0.599664
1.283186
0.536827
0.973748
1.078627
1.453615
1.011495
1.549679
1.115922
1.393942
1.490232
1.672866
1.233007
0.897801
1.310536
0.932158
0.582486
0.898479
0.953405
1.029804
1.269850
0.656851
1.007200
0.480997
0.537279
0.117989
0.491847
1.126545
1.675127
0.823662
0.552650
0.903226
0.839258
0.893280
0.994317
1.330427
0.681262
-0.186477
-0.036843
0.662727
0.768510
1.173786
1.316187
0.652556
0.831573
0.936453
0.895767
0.787045
0.721269
0.808970
0.790888
0.707482
0.741613
0.784107
0.892376
0.838581
1.145081
0.732119
0.977817
0.869547
0.671542
0.565985
0.518066
0.519875
0.504504
0.539540
0.516032
0.488456
0.490264
0.479867
0.938261
0.835642
-0.990089
-0.420806
-0.200987
-0.314518
-0.234666
-0.298222
-0.286633
-0.294238
-0.332806
-0.328641
-0.382600
-0.251324
-0.566204
-1.133677
-0.667785
-1.178401
-0.935224
-1.126796
-1.095290
-1.088771
-1.333577
-1.292837
-1.037529
-0.995340
-1.141644
-1.070845
-1.229281
-1.499256
-0.655472
-1.300804
-0.799241
-1.074829
-1.069578
-1.340277
-1.413429
0.789282
0.903356
-0.527093
-0.859175
-1.064870
-1.394236
-0.969990
-0.642073
-1.303520
-1.010006
-1.271833
-1.518450
-0.873661
-0.950796
-0.402518
-0.802500
-1.049841
-1.046401
-0.782039
-1.710926
-1.145627
-0.670501
-1.265133
-1.235438
-1.825543
-0.619258
-1.919518
-2.609393
-2.298678
-2.323304
-2.055864
-1.293380
-0.616904
-1.482598
-1.277265
-0.723735
-1.220409
-1.379931
-1.241413
-0.592460
-1.912276
-2.709887
-1.949033
-1.755107
-1.729033
-1.889642
-0.346024
0.905891
-1.220952
-0.791817
-1.233627
-1.804720
0.111901
-0.595719
-2.553624
-2.131551
-1.679058
-1.521347
-1.685939
-2.134629
-1.293561
0.308180
-1.448557
-0.760854
-1.280886
-1.675980
-1.040788
-1.033002
-2.528455
-2.009691
-1.480244
-1.365808
-1.705313
-2.291979
-1.076459
-0.345843
-1.545067
-0.769546
-1.227108
-1.294104
-1.232359
0.246798
-2.598710
-2.301756
-1.699519
-1.639404
-1.680869
-2.212308
-0.702912
-0.550633
-1.640852
-0.659274
-1.301709
-1.235981
-1.416145
-0.451950
-1.035175
-2.126662
-2.230415
-2.230958
-2.327468
-0.747998
-1.148886
-1.251553
-0.965282
-0.705628
-1.265676
-1.072113
-1.186187
-0.953512
-0.227967
-0.160790
-0.161695
-0.910056
-0.227604
-0.635373
-0.992985
-1.381742
-1.048936
-0.684624
-1.206285
-0.912047
-1.135125
-0.929249
-0.675027
-0.064280
0.748179
-0.137975
-0.253316
-0.783669
-0.974154
-1.250285
-1.035537
-0.455028
-0.835998
-0.779685
-0.783307
-0.761760
-0.544295
-0.482913
-0.771175
-0.827126
-0.717036
-0.744739
-0.665069
-0.969265
-0.766467
-0.868229
-0.567110
-0.613645
-0.686797
-0.672130
-0.722286
-0.667241
-0.569464
-0.469151
-0.536871
-0.652213
-0.685348
-0.649858
-1.361643
-3.315117
-1.839432
-1.770079
-2.104280
-2.173456
-2.220516
-1.959560
-2.035105
-2.147449
-1.948414
-2.133118
-2.061642
-2.272531
-3.659579
-1.698250
-1.099908
-1.192614
-1.387048
-1.357680
-1.453039
-1.888969
-1.550699
-1.595106
-1.443309
-1.248167
-0.804983
-0.711216
-2.406459
-1.782464
-1.476570
-1.370949
-1.518677
-1.833593
-1.546099
-1.833239
0.101375
0.290325
-0.767654
-1.479931
-1.693827
-0.458221
-1.712403
-1.669412
-1.279481
-0.936612
-1.490015
-1.677374
-1.138299
-0.871682
-0.992872
-0.682555
-1.790248
-1.289566
-2.179294
-0.837006
-1.450916
-1.723726
-1.173861
-1.328311
-1.887023
-1.298942
-1.254713
-2.266338
-1.704796
-1.304250
-1.670827
-2.496157
-0.385331
-1.292927
-1.182353
-1.834831
-1.052671
-1.609967
-1.515492
-0.910781
-1.500454
-2.258908
-1.441009
-1.297527
-1.138654
-1.992998
-0.534297
0.168958
-1.213668
-1.869331
-1.006495
-1.926830
0.099075
0.394884
-2.153110
-1.546276
-1.037456
-1.011979
-0.961557
-1.841908
-0.920689
-0.098190
-1.289920
-1.833770
-1.076732
-1.883838
-0.924935
-0.636202
-1.694181
-1.514253
-1.034979
-1.063463
-1.015164
-1.917099
-1.446316
-0.464237
-1.634382
-1.751149
-1.059040
-1.450209
-1.466132
0.099606
-1.936206
-1.788656
-1.136354
-1.149799
-1.237552
-2.159302
-0.878051
0.048830
-1.680381
-1.738233
-1.161653
-1.211898
-1.752918
-0.992518
-0.945634
-2.359929
-2.018120
-1.757341
-2.256784
-1.260728
-1.892684
-0.749431
-1.242505
-1.648889
-1.259666
-1.102916
-1.586083
-1.310973
-1.704796
-0.700778
-0.436637
-0.113936
-1.381741
-2.229893
-1.321942
-0.607365
-1.644820
-1.689758
-1.114062
-1.001364
-1.336273
-1.539199
-1.421194
-1.011095
0.602588
0.134282
-0.648056
-1.523807
-0.797022
-0.679725
-1.509654
-1.070363
-0.693701
-0.786230
-0.996764
-0.989334
-0.783399
-1.087170
-1.387048
-1.085932
-1.013395
-0.829929
-0.673355
-0.625233
-1.156522
-2.168679
-0.823383
-1.082216
-1.339634
-1.473208
-1.584668
-1.530530
-1.503108
-1.520269
-1.499215
-1.600590
-1.363164
-0.564019
-2.339937
-2.628343
-1.937970
-1.784649
-2.091929
-2.159034
-2.160733
-1.986813
-2.020577
-2.046910
-1.956233
-2.062412
-1.996581
-2.410890
-2.972361
-2.039052
-1.551481
-1.451248
-1.567407
-1.661694
-1.658721
-2.063686
-1.785286
-1.873838
-1.895074
-1.722428
-1.349954
-1.623257
-2.501354
-1.909939
-1.747699
-1.653200
-1.881484
-1.959206
-1.402406
-1.012943
0.229346
0.412185
0.079209
-0.679543
-1.479916
-1.448912
-1.854302
-1.799514
-1.687602
-1.626230
-1.963241
-1.158408
-0.386490
-0.944777
-1.622832
-1.754069
-1.577176
-0.692284
-0.807169
-1.535554
-1.857700
-1.816502
-1.558913
-1.799089
-1.917372
-0.251006
-0.661917
-1.999342
-2.558053
-2.347183
-2.177510
-2.002527
0.088765
-0.915047
-1.786135
-1.871078
-1.565921
-2.048609
-0.890413
-0.306856
-1.776579
-2.678885
-2.554443
-2.552532
-2.347607
-2.501141
-0.595662
1.039063
-2.033319
-1.905905
-1.650439
-2.198108
-0.076873
-0.276276
-2.793345
-2.414712
-2.340175
-2.164768
-2.102335
-2.593304
-1.813742
0.122318
-2.122084
-1.879997
-1.651501
-2.430851
-1.145666
-1.558913
-2.630679
-2.235695
-2.112528
-2.021639
-2.030771
-2.254807
-2.098513
-0.344018
-2.479693
-1.863008
-1.622620
-2.204479
-1.815228
-0.339984
-1.991060
-1.960480
-1.682717
-1.703103
-1.496905
-2.085134
-0.923541
0.218303
-2.567821
-1.806522
-1.676772
-1.974071
-2.427666
-0.227222
-0.606067
-2.088531
-2.056253
-2.189826
-1.756830
-1.124006
-0.048205
-1.157771
-1.989361
-1.760015
-1.640458
-1.684628
-2.276892
-1.593739
-0.743675
-0.601820
-0.513479
-0.649388
-0.331914
0.166912
-0.968348
-2.049245
-1.928627
-1.679957
-1.427039
-1.429375
-1.837526
-2.014419
-1.708837
-0.807381
0.207261
-0.204287
-0.587592
-1.037789
-1.582272
-1.646617
-1.726463
-1.458043
-1.196632
-1.071766
-1.283486
-1.331479
-1.493719
-1.837738
-1.822023
-1.882758
-1.727737
-1.576539
-1.218717
-1.301324
-1.345494
-1.901233
-0.413884
-1.022924
-1.203215
-1.295378
-1.356537
-1.489685
-1.628991
-1.621558
-1.423217
-1.430225
-1.174335
-0.712670
-1.847294
-0.677230
-0.149644
0.064906
-0.136122
-0.173759
-0.292978
-0.217254
-0.252637
-0.232129
-0.188858
-0.236411
-0.136573
-0.414677
-1.495315
-0.088570
-0.034031
-0.106374
-0.343686
-0.227396
-0.003155
-0.030650
-0.405437
-0.309881
0.199000
-0.036735
-0.182097
-0.462004
-0.899893
-0.142658
-0.045750
0.133192
-0.125755
-0.014424
-0.081809
-1.015507
-0.736502
-1.237720
-0.697513
-0.087893
0.378618
0.143559
-0.418508
-0.170153
-0.189534
-0.071667
-0.179393
0.137249
-0.664609
-0.732896
0.528262
0.087893
-0.027946
-0.456144
0.474625
0.298161
-0.452764
-0.175336
-0.177590
-0.112459
-0.084287
1.275807
1.269271
0.293203
0.606239
1.056299
0.778871
0.401380
0.626072
0.428199
-0.334220
-0.219733
-0.118544
-0.057243
0.328586
1.002661
0.665286
1.162672
0.891780
0.762644
0.877356
0.761743
0.950150
0.926712
-0.512486
-0.192239
-0.128910
-0.076400
0.786984
1.172814
0.323628
0.760391
0.465159
0.524205
0.598126
0.654017
0.903950
1.348600
-0.695710
-0.217480
-0.099162
-0.195168
1.267694
2.007350
0.602859
0.655144
0.531417
0.447806
0.720726
0.997703
1.211126
1.525965
-0.799830
-0.192464
-0.153025
-0.319571
-0.064681
1.847114
0.850989
1.031508
0.969081
0.980800
1.298569
0.734924
0.881864
1.451368
-0.825522
-0.200577
-0.240242
-0.075048
-0.477780
-0.040566
-0.358109
0.334896
1.396829
1.373616
0.956010
-0.213423
-0.259173
-0.354278
-0.555532
-0.167674
-0.180069
0.001577
-0.283287
-0.760391
-0.654919
-0.511810
-0.125530
-0.284639
-0.242946
-0.548545
-0.148067
-0.046426
-0.482287
-0.186604
-0.074822
0.036059
-0.034256
-0.083837
-0.214550
-0.839945
-1.498920
-1.482469
-0.469216
-0.190661
0.154602
-0.020734
-0.215226
-0.001127
0.121248
0.192013
0.045299
0.024340
0.019607
-0.009465
0.054088
0.038313
-0.042144
0.124628
0.062427
0.132742
-0.298387
-0.210944
0.002704
0.192013
0.039214
0.011043
-0.077977
-0.093978
-0.028622
-0.030875
-0.073245
-0.080231
0.011043
0.162490
-0.780899
-1.184033
-0.152642
-0.518244
-0.593008
-0.446313
-0.476048
-0.553077
-0.382595
-0.403268
-0.478314
-0.535802
-0.609433
-0.518528
-1.712189
-0.372966
-0.551095
-0.307548
-0.419410
-0.388825
-0.429605
-0.555626
-0.434702
0.051258
-0.015009
-0.347196
-0.229670
-0.178129
-0.229387
-0.723843
-0.506067
-0.460190
-0.627274
-0.317743
-0.033417
-0.537501
-1.736827
-0.853263
-0.337850
-0.175863
0.198236
0.116960
-0.086091
-0.817297
-0.425640
-0.533253
-0.473783
-0.593574
-2.740465
-3.887116
-1.611089
-1.632612
-3.087094
-1.813006
-1.540857
0.077878
-0.118091
-0.825793
-0.411197
-0.579980
-0.487093
-2.340312
-2.784927
-0.338416
-0.257423
-0.169350
-0.019540
-1.901362
-2.416775
-0.450278
0.120641
-0.869121
-0.314345
-0.151226
-0.475199
-3.335455
-0.609150
-0.669753
-0.816164
-0.943601
-0.856661
-0.231369
-2.171812
-1.014966
-0.049842
-0.930291
-0.516545
0.023222
0.534670
0.478314
-0.157739
-0.978151
-0.984381
-0.983248
-1.049516
-0.540900
-0.196820
-0.867139
-0.258272
-0.923495
-0.427905
-0.130552
-0.868272
-3.016013
-0.544015
-0.973053
-0.909052
-0.832306
-0.960593
-0.436968
-1.319966
-0.226272
-0.348328
-0.921512
-0.442632
-0.376364
-0.048426
-2.954277
-1.289098
-0.735171
-0.615663
-0.607167
-0.408365
-0.630389
-2.767935
0.348611
-0.517678
-0.872237
-0.426773
-0.438667
0.073631
-3.400872
-2.270363
-1.014400
-0.381745
-0.451977
-0.350594
-2.179458
-3.841238
-0.663240
-0.254308
-0.812199
-0.479163
-0.658708
-0.323973
0.432720
-2.964471
-1.301558
0.422525
0.206448
-1.381985
-2.965887
-1.408888
-0.132818
-0.258556
-0.795491
-0.359372
-0.502669
-0.420826
-0.160004
0.402418
-0.059754
-1.015816
-0.903388
-0.504085
-0.872519
-0.090339
-0.225989
-0.177562
-0.473217
-0.224289
0.178979
-0.090622
0.081276
0.169633
0.223157
0.090339
0.146411
0.038798
0.169067
0.054373
-0.091471
0.240714
-0.323407
-0.086374
-0.427906
-0.552228
-0.507766
-0.520510
-0.342098
-0.392223
-0.388259
-0.334169
-0.529856
-0.495589
-0.312646
-0.871953
-1.716338
-1.132806
-1.199375
-1.406063
-1.376513
-1.255877
-1.109588
-1.022237
-1.000155
-1.008436
-1.187035
-1.315789
-1.379111
-2.972215
-1.800767
-1.234121
-1.456558
-1.779173
-1.720722
-1.448115
-1.081175
-1.095625
-0.861498
-0.835844
-1.487569
-1.682242
-1.468897
-2.435444
-1.878377
-1.417753
-1.646035
-1.981315
-1.427495
-1.015742
-1.943971
-2.634176
-2.443399
-2.006319
-1.340306
-0.962325
-1.422786
-1.897211
-1.798819
-1.590832
-1.827394
-1.169662
-1.077603
-3.086844
-3.700251
-1.929359
-1.950953
-3.461091
-3.255052
-2.583681
-0.594898
-1.882436
-1.818465
-1.674449
-1.435938
-0.638898
-2.644243
-2.746369
-1.878377
-2.571017
-2.464345
-1.969138
-1.312866
-4.145612
-0.481893
-1.543747
-1.867985
-1.543584
-0.893158
-0.843313
-2.848982
-1.322608
-2.750103
-3.404588
-3.400366
-3.008585
-1.711955
-1.819276
-1.939100
-1.116407
-1.916369
-1.567939
-0.756611
-1.336409
-1.467274
-1.786479
-3.253428
-3.418064
-3.058105
-3.217870
-1.928384
-0.308165
-1.216910
-1.127448
-1.937964
-1.592618
-1.106666
-0.966222
-1.884384
-1.087831
-2.984393
-3.032939
-2.731107
-3.020275
-1.780797
-0.746707
-1.528160
-1.407037
-1.891690
-1.642788
-1.249220
-0.737615
-0.790545
-0.771386
-2.471975
-2.998193
-2.766339
-2.418233
-1.305073
-1.306372
-1.939912
-1.899646
-1.800280
-1.699128
-1.605769
-1.057794
-2.191575
-1.705298
-1.095300
-1.429443
-1.277309
-1.090105
-0.754013
-4.066217
-1.571348
-1.785667
-1.781771
-1.525562
-1.808885
-1.789889
-0.882280
-2.900451
-1.910524
-0.759371
-1.924163
-1.070459
-3.930644
-1.528647
-0.971742
-2.012975
-1.616323
-1.276173
-1.465975
-1.925137
-1.466300
-0.468417
-1.225840
-1.359140
-1.619083
-1.194342
-1.140924
-1.239966
-1.321959
-1.750759
-1.371317
-0.641171
-0.772523
-1.082961
-0.961676
-0.809054
-0.492122
-0.326187
-0.413701
-0.637762
-0.926605
-0.931476
-0.607400
-1.046429
-1.657563
-1.271302
-1.559496
-1.842170
-1.779822
-1.836812
-1.696530
-1.672013
-1.647009
-1.699777
-1.839896
-1.739719
-1.133131
-2.049994
0.822675
1.331115
1.236324
1.042889
0.923823
0.795509
0.687425
0.616524
0.650240
0.712471
0.786839
1.083156
0.872382
0.714398
0.786454
1.417620
1.351537
1.251930
1.039229
0.888566
0.668158
0.958695
0.838666
0.648121
0.714397
1.200103
1.038843
0.914768
1.207617
1.242682
1.060614
0.878354
0.648314
1.102230
2.639302
3.478545
3.771202
3.236367
1.725690
0.853886
0.782601
1.097028
1.345564
1.246150
0.892419
0.421741
1.486980
3.845378
4.680575
2.646045
2.308691
3.236175
3.421132
3.062584
0.656598
0.946557
1.340748
1.162148
0.721526
0.812849
3.381058
3.707045
1.948409
1.082000
0.901089
1.275049
2.430454
4.258449
1.922785
1.007632
1.278903
1.146350
0.489751
1.988098
3.866763
2.013915
1.170048
1.032871
0.975072
0.982393
1.231507
2.352233
2.470914
0.927869
1.302022
1.078147
0.804372
2.424482
2.416583
1.177369
1.077762
1.046357
1.134983
1.140763
0.959466
1.577146
2.968565
0.654864
1.328995
1.097221
0.586469
2.316590
2.906141
0.917658
1.076220
0.965438
1.014953
0.991255
0.752160
1.580807
3.413618
0.583579
1.310307
1.197791
0.545624
1.249232
2.687275
1.577146
1.059651
0.952145
0.971218
0.998384
1.286031
2.048980
2.604815
0.843867
1.342674
1.248847
0.748306
0.546202
3.306882
2.961821
1.573871
1.001852
0.927676
1.752470
2.370151
5.127942
1.720295
1.118221
1.399510
1.250196
1.089899
0.634635
1.042311
3.028290
2.999776
2.171514
2.792662
3.537886
4.506408
1.938391
0.429255
1.259058
1.422437
1.374849
1.150781
0.824023
0.829033
1.044431
2.099265
3.141962
3.698375
2.793625
1.594486
0.868721
0.833656
1.179295
1.580229
1.297206
1.358280
1.099725
1.091441
1.111285
1.056761
1.087395
0.961200
1.105120
1.099533
1.315894
1.019770
1.310499
0.720177
2.450106
1.873656
1.745534
1.658065
1.657102
1.462704
1.360785
1.450951
1.512797
1.538421
1.804489
1.917391
0.998577
1.512534
0.718950
0.805449
0.832330
0.896930
0.923590
0.883453
0.852764
0.818999
0.827935
0.880303
0.854888
0.698369
1.160310
1.053303
0.340432
0.445169
0.490945
0.503104
0.547416
0.678813
0.540384
0.460037
0.582279
0.483255
0.384817
0.340139
0.755937
1.117463
0.540385
0.695146
0.714189
0.701298
0.705327
0.797539
1.525498
1.011920
0.846392
0.677714
0.690971
0.521708
0.863311
1.097615
0.545365
0.650029
0.651274
0.538846
1.071833
1.386044
1.346200
0.918317
1.030011
0.723271
0.634428
0.502811
0.763848
1.093293
0.590556
0.675664
0.522440
0.840386
1.171370
0.837530
1.036603
0.991706
0.827056
0.846172
0.840313
0.708769
0.690971
1.087580
0.620072
0.685405
0.655522
1.336605
1.050446
1.064655
1.049421
1.051765
1.028913
0.954571
1.116218
1.370883
0.688774
1.072566
0.582572
0.609891
1.094758
1.543296
0.939923
1.033966
1.021588
0.994123
0.972955
0.999396
0.856207
1.224544
0.688188
1.102741
0.604618
0.609672
0.711040
1.417612
0.877081
1.040339
1.040192
1.021003
1.015070
0.970831
1.019538
0.928131
0.723198
1.075715
0.603520
0.681303
0.484720
1.616099
0.976178
0.973248
1.016535
0.970612
0.996832
0.779302
1.240291
1.191878
0.666435
1.108967
0.593559
0.671416
0.557743
0.801934
1.240071
1.109700
0.977643
0.981085
0.882134
0.893414
0.725835
0.553641
0.786040
1.091169
0.554593
0.646293
0.617875
0.614872
0.877447
0.985700
1.215389
1.294930
0.967902
0.717998
0.682255
0.512259
0.780327
1.065607
0.481058
0.602348
0.656254
0.645487
0.553275
0.810210
1.218392
1.185945
0.783110
0.739531
0.598539
0.449930
0.827935
1.031916
0.501492
0.538407
0.585429
0.607401
0.595976
0.614359
0.659184
0.573783
0.618095
0.556937
0.515042
0.401150
0.822222
1.252230
0.459305
0.584256
0.627396
0.643949
0.667900
0.694633
0.670463
0.675297
0.675077
0.682548
0.655229
0.444729
0.859209
-1.649458
-1.771316
-1.861026
-2.097672
-2.100366
-2.137057
-2.219026
-2.440019
-2.503641
-2.246797
-2.267667
-2.096663
-2.322201
-2.324052
-1.729742
-2.129652
-2.269351
-2.393397
-2.430425
-2.716219
-2.980132
-2.476206
-2.514245
-2.466107
-2.447593
-2.267331
-2.061485
-2.866858
-2.138404
-2.476711
-2.428911
-2.502463
-2.869383
-2.498928
-2.760316
-1.221272
-1.953092
-1.949558
-1.846383
-2.637281
-2.037922
-2.578708
-2.030011
-2.388179
-2.279954
-2.712012
-2.815860
-2.788930
-3.547512
-2.883521
-2.881333
-2.642330
-1.795721
-2.308568
-2.252519
-2.583084
-2.104742
-2.267499
-2.477552
-3.094753
-2.729347
-3.098961
-3.736022
-3.598342
-3.345875
-3.212739
-2.751228
-1.728564
-2.258579
-2.362091
-2.158096
-2.163819
-2.857769
-2.509364
-1.962013
-3.387279
-4.082744
-2.849690
-2.481424
-2.423524
-3.648331
-1.453206
0.104858
-2.463246
-2.264133
-2.193947
-2.878640
-0.521767
-1.766098
-3.489613
-3.043249
-2.317488
-2.221887
-2.118038
-3.551552
-3.389804
-1.617478
-2.584599
-2.202868
-2.219531
-2.923579
-1.720990
-3.129256
-3.298074
-2.992755
-2.280291
-2.188056
-2.161799
-3.822534
-3.527147
-2.704942
-2.592510
-2.163146
-2.200848
-2.618093
-2.582242
-2.447593
-4.107991
-3.698488
-2.719249
-2.627182
-2.830166
-4.138961
-2.955390
-1.689179
-2.876452
-2.077138
-2.312944
-2.490681
-2.804414
-1.933063
-2.449612
-3.877235
-3.407477
-3.577977
-3.941530
-2.918699
-2.995112
-2.040615
-2.439346
-2.048357
-2.370001
-2.449781
-2.690973
-2.253192
-1.951241
-1.608390
-1.710387
-2.843127
-2.744327
-2.487146
-2.083029
-2.088415
-2.700903
-2.139582
-2.354853
-2.485631
-2.630716
-2.702081
-2.192432
-1.301389
-0.643457
-1.923638
-2.071079
-2.295944
-2.204214
-2.442207
-2.616578
-1.756673
-2.106929
-2.391040
-2.488830
-2.517611
-2.285003
-2.267163
-2.404169
-2.231312
-2.350645
-2.505997
-2.312270
-2.350309
-2.243599
-1.571866
-1.881728
-2.257737
-2.473513
-2.475365
-2.595876
-2.601430
-2.553461
-2.489671
-2.462236
-2.520640
-2.414099
-2.150017
-2.068891
-0.876026
-1.122879
-1.093883
-1.219053
-1.230144
-1.102598
-1.009117
-1.025753
-0.953504
-0.968556
-1.116382
-1.197505
-1.399201
-0.581957
-0.949860
-0.945265
-0.652464
-0.695402
-0.864143
-0.771612
-0.850041
-0.879195
-0.900743
-0.950652
-0.672111
-0.678290
-0.614755
-0.708711
-0.897415
-0.998818
-0.916745
-1.087704
-0.907397
-0.634877
0.409256
-0.298029
0.664030
1.455765
0.046740
-1.258980
-0.684152
-0.590989
-0.821205
-0.864935
-0.871589
-0.746737
-0.953504
0.479445
0.561043
-0.460115
0.244634
1.581092
0.606833
-1.275616
-1.059501
-0.502895
-0.842753
-0.720753
-0.904387
-0.791418
-1.833173
-1.588223
-1.044133
-1.121294
-0.999611
-0.765433
-0.874441
-0.625846
-1.238700
-0.406245
-0.831820
-0.685895
-0.700155
-1.485077
-1.698656
-1.235372
-1.362126
-1.577132
-1.475253
-1.339627
-0.963169
-0.290107
-0.436666
-0.792210
-0.859706
-0.681459
-0.773038
-0.637095
-0.581165
-1.102598
-1.576815
-1.572537
-1.518350
-1.375276
-0.964753
-0.975369
-0.795854
-0.526978
-0.836415
-0.675121
-0.730576
-1.929823
-2.333058
-1.258029
-1.574121
-1.425978
-1.304611
-1.392388
-1.353728
-1.183086
-0.617924
-0.488477
-0.847348
-0.612378
-0.614280
-1.503931
-2.043426
-1.429147
-1.456082
-1.492207
-1.397141
-1.352936
-1.229193
-1.254227
-1.030031
-0.771454
-0.817085
-0.671636
-0.893613
-0.836098
-0.433180
0.629807
-0.845922
-1.678059
-1.639241
-1.360859
-0.261271
-0.789041
-0.048959
-0.387232
-0.850041
-0.793161
-0.774306
-0.834989
-0.406721
0.637887
0.758462
-0.728675
-0.183000
-0.488952
0.279650
-0.285037
-0.526820
-0.676547
-0.789992
-0.766225
-0.773514
-0.852101
-0.775098
-0.790467
-0.678290
0.510025
0.429219
-0.660545
-0.550111
-0.487684
-0.677181
-0.855587
-0.657376
-0.557240
-0.551220
-0.716950
-0.583225
-0.566589
-0.728675
-0.901693
-0.865410
-0.593999
-0.643116
-0.587820
-0.549002
-0.536484
-0.478970
-0.352375
-0.535692
-0.653731
-0.648820
-0.526186
-0.562152
-0.648503
-0.628698
-0.574669
-0.705859
-0.531098
-0.253824
-0.264915
-0.279134
-0.045056
0.005435
0.055069
0.076882
0.062077
-0.046057
-0.071303
-0.029036
-0.012516
-0.014089
-0.009583
0.039835
-0.529517
-0.238297
-0.317324
-0.394063
-0.400642
-0.389199
-0.398068
-0.228571
-0.170784
-0.160200
-0.269622
-0.362595
-0.490182
-0.465223
-0.358947
-0.447987
-0.413730
-0.411084
-0.362523
-0.120865
0.002575
-0.192812
-0.356587
-0.384980
0.007724
0.087752
-0.083032
-0.435114
-0.321901
-0.394778
-0.384694
-0.411727
-0.294581
-0.050420
-0.459287
-0.542462
-0.279777
-0.151618
0.146325
0.053853
-0.065367
-0.368531
-0.405219
-0.422670
-0.410440
-0.455925
-0.170641
-0.109851
-0.568280
-0.137028
-0.263042
-0.349221
-0.149114
0.130591
-0.322616
-0.328409
-0.414231
-0.419022
-0.409868
-0.477452
-0.029251
-0.392561
-0.226425
-0.268048
-0.495260
-0.508849
-0.452135
-0.182370
-0.115358
-0.397924
-0.614409
-0.401500
-0.394349
-0.434828
-0.097979
-0.364883
-0.200107
-0.412085
-0.587804
-0.601249
-0.494474
-0.389414
-0.127373
-0.409653
-0.582297
-0.401500
-0.373608
-0.458071
-0.322688
-0.492757
-0.433683
-0.476165
-0.617055
-0.618557
-0.506274
-0.514069
-0.195386
-0.397853
-0.424744
-0.422670
-0.360664
-0.423885
-0.056928
-0.301161
-0.497620
-0.510493
-0.567493
-0.540459
-0.512782
-0.358733
-0.388770
-0.282352
-0.409296
-0.404719
-0.375325
-0.386768
-0.224995
-0.184373
-0.245592
-0.103844
-0.087824
-0.097193
0.024316
-0.316108
-0.541890
-0.390487
-0.483746
-0.415089
-0.384980
-0.402502
-0.278633
-0.121938
-0.010442
0.019310
0.350151
0.294939
0.162703
-0.072018
-0.183801
-0.204255
-0.244948
-0.387268
-0.330483
-0.430680
-0.225925
-0.098551
-0.005364
0.009941
-0.082817
-0.176005
-0.052208
0.013660
-0.118648
-0.324476
-0.253959
-0.362380
-0.365241
-0.399855
-0.340281
-0.318969
-0.327766
-0.228356
-0.280349
-0.254675
-0.281637
-0.369747
-0.489968
-0.420596
-0.212694
-0.170498
-0.183157
-0.172358
-0.133524
-0.114357
-0.126658
-0.174217
-0.200822
-0.210119
-0.167065
-0.107062
-0.163132
-0.114643
-0.319398
0.988780
0.285718
0.384305
0.272502
0.241314
0.246336
0.169422
0.161493
0.165986
0.181580
0.225191
0.270388
0.339373
0.270124
0.479721
-0.455933
-0.768610
-0.813278
-0.662094
-0.451704
-0.745351
-1.201813
-1.248595
-0.675309
-0.612404
-0.650464
-0.431088
0.059998
0.053126
-0.605267
-0.802442
-0.675838
-1.032655
-1.546736
-2.231560
-1.666996
-1.705057
-1.518455
-1.575810
-1.452378
-0.539190
-0.319550
0.051540
-0.779711
-0.757774
-0.759095
-2.077204
-1.702414
-0.725264
-1.587968
-1.358548
-0.808257
-0.902615
-1.606734
-1.118820
-0.411265
0.009780
-0.739272
-0.793720
-1.282691
-1.304364
-1.573695
-2.700709
-2.187156
-2.055002
-2.274114
-1.406124
-1.126485
-1.147101
-0.444039
-0.015066
-0.660772
-0.662623
-1.494403
-0.781033
-1.952714
-1.885580
-1.463743
-1.368856
-1.370178
-1.601976
-0.682181
-0.207747
-0.000000
-0.062377
-0.536019
-0.733722
-0.301312
-0.330122
-1.697921
-1.703471
-1.680212
-1.623650
-1.620214
-1.660917
-1.572110
-0.011365
0.233385
0.009251
-0.520424
-0.551613
-1.294321
-1.202077
-1.905668
-1.982053
-1.866286
-1.842497
-1.645059
-2.046808
-1.500746
0.019030
0.331972
0.010044
-0.615575
-0.517517
-0.930896
-0.685617
-2.515693
-2.218874
-1.995004
-1.929191
-1.885051
-2.503798
-1.684176
-1.003317
0.124225
0.054448
-0.762003
-0.690375
-0.922703
-1.294849
-1.247802
-2.373759
-2.546353
-2.445386
-2.665820
-1.824525
-1.309122
-0.623241
0.021409
0.034360
-0.733722
-0.790019
-0.562449
-0.899443
-0.237085
-0.546327
-0.497694
-0.688261
-0.813543
-1.034241
-0.461483
-0.109952
-0.248451
0.054448
-0.631698
-0.887814
-0.758831
-0.422366
-0.779183
-0.345452
0.947283
-0.076121
-0.798741
-0.763588
-0.536811
-0.386948
-0.421837
0.190038
-0.559806
-0.843674
-0.915566
-0.633549
-0.169158
-0.003436
-0.236821
-0.119203
-0.305012
-0.447475
-0.647028
-0.727907
-0.353910
-0.379812
-1.033712
-1.082609
-1.133092
-1.024197
-1.091067
-0.806407
-0.765967
-0.748787
-0.890193
-0.954155
-1.055650
-0.943054
-0.669494
-1.189229
-0.979259
-0.753736
-0.693517
-0.682750
-0.811164
-0.610766
-0.599201
-0.641075
-0.567895
-0.692720
-0.796408
-1.499896
-1.821131
-0.530606
-1.034095
-1.004583
-1.148750
-1.035889
-1.012360
-0.876767
-0.250647
-0.391026
-0.807774
-1.161911
-1.080754
-1.320435
-1.541172
-0.644265
-1.144164
-0.989628
-1.114054
-1.277164
-1.171283
-2.027711
-0.765102
-1.287932
-1.870582
-1.431102
-1.383246
-1.208172
-1.351741
-0.557526
-1.093715
-0.928611
-1.395210
-0.841872
-1.869585
-2.407969
-1.028312
-0.797804
-1.805976
-1.159119
-0.243868
-1.375469
-1.541770
-0.587236
-1.148351
-1.063207
-1.471182
0.099501
-0.608971
-1.255629
-1.239877
-0.758522
-1.362907
-0.879957
0.128614
-0.576070
-1.488131
-0.672979
-1.232299
-1.486336
-0.234097
-0.445462
-1.105879
-1.460414
-0.716648
-0.838482
-0.922230
-1.750543
0.084147
1.474372
-1.256028
-0.701294
-1.299896
-1.935587
0.782251
0.559320
-1.943763
-0.841074
-0.601394
-0.560716
-0.777266
-1.529606
-0.228115
1.011761
-1.192020
-0.634494
-1.222728
-1.817940
0.001994
0.547157
-1.569686
-1.011163
-0.736389
-0.789030
-0.865002
-1.583445
-0.188634
0.334795
-1.477164
-0.636887
-1.130605
-1.304084
-0.742969
0.959120
-0.953736
-1.473176
-0.795411
-0.837684
-0.987634
-1.812756
1.086936
1.771281
-1.533195
-0.574475
-1.083147
-0.904284
-1.587632
-0.496309
-1.262209
-1.482149
-0.605183
-0.382850
-1.656226
-1.094513
-0.657825
-0.913656
-1.599197
-0.561713
-1.018342
-0.877166
-1.164902
-1.585439
-1.226517
-1.171681
-0.999997
-0.873975
-1.352937
-0.753537
-0.897903
-1.140575
-1.383446
-0.597406
-1.054832
-0.774275
-0.931602
-1.011363
-1.277962
-1.275769
-0.646658
-1.339179
-1.075171
-0.895311
-0.804185
-1.033696
-0.972878
-0.325423
-0.886737
-0.677765
-0.729210
-0.683348
-0.591823
-0.624724
-0.256430
-0.208374
-0.560916
-0.629510
-0.787634
-1.064802
-0.874773
-0.978462
-1.036487
-0.646060
-0.534595
-0.507077
-0.608572
-0.574076
-0.471982
-0.466399
-0.561713
-0.623727
-0.674973
-0.835292
-1.549148
-0.796868
-0.133800
0.109051
-0.193868
-0.205469
-0.183040
-0.128386
-0.018820
-0.130190
-0.122456
-0.202633
-0.169892
-0.176079
-1.843548
-0.866475
-0.604547
-0.385415
-0.459920
-0.434398
-0.203664
-0.172212
-0.453991
-0.026296
0.352417
-0.188454
-0.418672
-0.540612
-1.506857
-0.847140
-0.534167
-0.374330
-0.415578
-0.316582
-0.209851
-2.057524
-3.250893
-2.445260
-1.865719
0.086622
0.023718
-0.350612
-1.081483
-0.863897
-0.623109
-0.389025
-0.153135
-1.187440
-2.885329
-3.985631
-1.667468
-1.174292
-2.149044
-1.700983
-1.476694
-0.191290
-1.054413
-0.882717
-0.546800
-0.348034
-0.566393
-2.362247
-2.406847
-0.685498
-0.361440
-0.180204
-0.216039
-1.283342
-2.840987
-0.989447
-0.589853
-0.921903
-0.505551
-0.087137
-1.268132
-2.634487
-0.851007
-0.817235
-0.767221
-0.688333
-0.588048
-0.651983
-1.529544
-2.775505
-0.505036
-0.907466
-0.378712
-0.100027
-1.327427
-1.624673
-0.349065
-0.919325
-0.774697
-0.868796
-0.816204
-0.706380
-0.561494
-1.161659
-0.556596
-0.935824
-0.526949
-0.007992
-0.603001
-2.848722
-0.175048
-0.907208
-0.807438
-0.774697
-0.850233
-0.480802
-0.466881
-1.141293
-0.476677
-0.983260
-0.521277
-0.079919
-0.108793
-3.326945
-0.607641
-0.572580
-0.671834
-0.709473
-0.618211
-0.434398
-2.199058
-1.622353
-0.611508
-0.891482
-0.644507
-0.342620
-0.174275
-1.788120
-2.275883
-1.080452
-0.611508
-0.358346
-0.775471
-2.284906
-3.155764
-0.863124
-0.570775
-0.903341
-0.664358
-0.388767
-0.352158
-0.334370
-1.669531
-1.884281
-0.414547
-1.358363
-1.611267
-2.448869
-0.785783
-0.250584
-0.981455
-0.860546
-0.540097
-0.407071
-0.397274
-0.242592
-0.158291
-1.101334
-1.835298
-1.166300
-1.031985
-0.661264
-0.270177
-0.407328
-1.055702
-0.682146
-0.116527
-0.086622
-0.148494
-0.035835
-0.030679
0.109566
-0.013921
0.153908
0.028101
-0.116011
-0.119621
-0.271982
-0.878850
-1.126341
-0.436460
-0.194899
-0.459662
-0.479513
-0.503231
-0.346487
-0.283841
-0.183813
-0.303434
-0.397532
-0.413774
-0.204180
-1.820603
0.693464
0.737214
0.656247
0.680596
0.625959
0.531926
0.516089
0.563996
0.679013
0.701185
0.623979
0.561423
0.393352
0.648923
1.226578
1.041482
0.924487
0.779776
0.850448
0.802938
0.660998
0.747706
0.679409
0.653871
0.861535
0.821348
0.735432
0.818576
0.925873
0.610122
0.545388
0.423443
0.682180
0.503816
0.020390
-0.025537
-0.319314
-0.243494
0.081957
0.328223
0.800958
0.593097
0.954775
0.604975
0.544992
0.645557
0.980906
0.323273
-1.706044
-0.632492
-0.155005
-0.155203
0.323669
0.087500
0.778390
0.653871
1.011986
0.724742
0.623187
0.478674
-0.500648
-0.212216
0.345247
0.692474
0.748498
0.546576
0.313969
0.132437
-0.045927
0.625563
0.952597
0.718209
0.693662
0.405824
-0.737610
0.429184
0.661394
0.471745
0.500252
0.406022
0.528363
0.393154
0.914192
0.514902
0.974175
0.679211
0.586366
0.164507
-0.337526
0.802739
0.494907
0.310802
0.486593
0.389789
0.621208
-0.503222
-0.706332
0.796405
0.967247
0.703560
0.437102
-0.857773
-2.085737
0.269823
0.356729
0.287442
0.406022
0.275565
0.752259
-0.445417
-1.279236
0.909046
1.009809
0.543210
0.695048
-0.247652
-1.119282
-0.253194
0.583595
0.534104
0.516683
0.818973
0.527571
-0.424630
-0.530343
0.904096
0.933197
0.557859
0.591316
0.352572
-0.065526
-0.143919
-0.078195
0.728702
0.752853
0.755030
-0.262103
-0.161933
0.766710
0.893209
0.943491
0.575280
0.491146
0.449771
0.151442
-0.338714
-0.394540
-0.403448
-0.470954
0.308426
-0.120164
0.474913
1.015748
0.670104
0.910629
0.633283
0.472339
0.339902
0.600025
0.533312
0.602599
-0.544398
-1.109186
-0.112641
0.776015
0.675449
0.746320
0.635263
0.894396
0.597452
0.615863
0.441853
0.544002
0.702372
0.742955
0.871631
1.193915
0.958536
0.809074
0.568352
0.630116
0.595670
1.110572
1.189361
0.852824
0.773045
0.777796
0.696433
0.725534
0.746122
0.673074
0.755822
0.720189
0.620812
0.921319
0.770867
0.926655
1.272721
1.510765
1.471384
1.566866
1.642547
1.742099
1.700738
1.850121
1.802160
1.731319
1.515495
1.233781
0.715342
0.966036
1.035007
1.426944
1.320462
1.439484
1.678958
1.601076
1.642767
1.460274
1.334652
1.255781
1.345982
1.352362
0.928525
1.239831
1.226850
1.376013
1.173719
1.272611
1.091988
1.424084
2.752026
2.039324
1.196710
0.739872
0.858894
1.525835
1.420673
1.105849
1.139509
1.318482
1.304732
0.768143
0.816543
1.259961
2.249867
2.052194
1.020817
0.418007
-0.105931
1.298241
1.474135
1.073398
1.119489
1.453894
1.207270
-0.530429
0.411077
1.571266
1.278001
1.425954
1.292411
1.172509
0.388637
1.113549
1.723179
1.061078
1.224760
1.475124
0.699392
-0.568269
1.829110
1.105958
1.012677
0.852074
0.887275
1.016307
1.982563
2.398480
1.929432
1.041937
1.283831
1.493825
0.844924
1.942412
1.771469
1.023237
0.818414
0.877814
0.866044
1.397353
2.204327
2.403980
2.168246
1.056788
1.289221
1.709978
0.596650
0.213624
2.362509
1.238291
0.837114
0.888705
0.699942
1.788080
1.499325
1.643097
2.196076
1.061408
1.198690
1.749249
1.590296
0.982206
2.706265
1.409563
1.146549
1.041387
1.183510
1.598766
3.221623
3.233723
1.963863
1.106948
1.209250
1.574456
1.660367
1.865521
2.239417
1.797210
1.542776
1.294941
1.191760
2.046254
0.920495
1.951102
1.890491
1.097598
1.222010
1.366993
1.212440
1.229930
1.076698
1.961442
2.043834
1.968373
1.599537
1.077798
1.168770
1.628687
1.572146
1.237741
1.268541
1.437504
1.228280
1.343342
1.486125
1.737149
2.026563
1.936582
1.450264
1.503835
1.650797
1.652117
1.617357
1.416603
1.371283
1.666748
1.449384
1.668398
1.675548
1.587766
1.598106
1.700518
1.749139
1.728789
1.683688
1.704148
1.745179
1.340702
1.649917
1.839230
1.651237
1.713828
1.728899
1.905122
1.940982
1.929762
1.860571
1.679178
1.727359
1.957812
1.375023
0.400212
0.963219
1.376468
1.349879
1.334611
1.292926
1.258960
1.191887
1.223451
1.345590
1.362230
1.352452
1.208183
0.208254
0.698526
1.110918
1.550756
1.611311
1.618002
1.381957
1.088789
1.081755
1.005418
1.316256
1.643905
1.690393
1.434621
0.798194
1.119495
1.168557
1.456750
1.508385
1.460010
1.254672
0.965621
0.318900
1.079697
1.669979
1.601019
1.379899
1.681644
0.895630
1.097709
1.207325
1.521251
1.438052
1.298759
0.282361
-0.407074
0.459738
0.825811
1.066660
1.478365
0.777608
1.393108
0.932512
1.060656
1.343874
1.535661
1.133733
0.596972
0.397810
0.811231
1.755751
1.687477
1.326549
0.727689
1.279889
1.068547
0.757881
1.067346
1.310423
1.414379
0.806942
0.788415
0.425257
1.745287
1.638415
1.631897
1.667921
1.124299
1.150716
0.672281
0.660958
1.053279
1.311796
1.375095
1.519535
1.348335
1.487628
1.687648
1.602734
1.603763
1.520565
1.390877
0.758567
0.771947
0.927023
1.067174
1.281947
1.273885
1.268739
1.060999
1.411634
1.586781
1.577174
1.577003
1.543723
1.496720
1.126700
0.863380
1.006276
1.063572
1.260333
1.437538
0.898032
0.801453
0.728890
1.865025
1.754722
1.620575
1.803269
1.096508
0.187841
0.665590
0.764914
1.076095
1.239576
1.530514
0.959616
0.432119
0.437608
0.714137
1.531372
1.758496
1.265651
0.540534
-0.121625
0.937659
0.804026
1.088789
1.205953
1.423642
1.396882
0.994954
0.875560
1.130817
1.405802
1.115035
1.040585
0.813632
0.831130
1.360171
0.789273
1.098567
1.198234
1.447487
1.503239
1.406831
0.781897
0.853945
0.598688
0.453390
0.885338
0.970938
1.213330
1.529657
0.997356
0.867669
1.108688
1.447658
1.414551
1.341816
1.252098
1.166155
1.133219
1.494147
1.457780
1.413693
1.347992
1.467558
0.891685
0.712078
1.446629
1.784914
1.751977
1.776680
1.701029
1.666034
1.701029
1.689192
1.738254
1.746488
1.710464
1.840494
0.756508
-0.115081
-0.202413
-0.436232
-0.594765
-0.615630
-0.633483
-0.460109
-0.477963
-0.542709
-0.480974
-0.649401
-0.561638
-0.498613
0.322012
-0.413216
-0.019574
-0.362021
-0.298350
-0.426983
-0.478823
-0.716299
-0.409774
-0.484846
-0.488933
-0.314913
-0.475381
-0.326314
0.006238
-0.585945
-0.220052
-0.430855
-0.581858
-0.617351
-0.482910
-1.205662
-2.003270
-1.621889
-0.809224
0.192304
-0.526576
-0.236185
-0.119598
-0.429994
-0.225430
-0.386113
-0.558842
-0.556046
-0.810299
-2.589000
-1.216847
-0.664243
-0.094431
0.191873
-0.280066
-0.303513
-0.214244
-0.469359
-0.156381
-0.568091
-0.613048
-1.258147
-0.841489
-0.530878
-0.593474
-0.201768
-0.214459
-1.055088
-0.875476
-0.802986
-0.269096
-0.495816
-0.114436
-0.465487
-0.972703
-1.235562
-0.631763
-0.661662
-0.407408
-0.500764
-0.471509
-0.748994
-0.537977
-0.391275
-0.425907
-0.469789
-0.156166
-0.461615
0.685539
0.655209
-0.690917
-0.794382
-0.601003
-0.671127
-0.353417
-0.725333
0.144981
0.650692
-0.534750
-0.485707
-0.051410
-0.641873
-0.554325
-0.249737
-0.576265
-0.764482
-0.512594
-0.604444
-0.357719
-0.740820
0.536041
0.959582
-0.503775
-0.449999
-0.101529
-0.619717
-0.991633
-0.478393
-0.782766
-0.762761
-0.445052
-0.506572
-0.441825
-0.743402
-0.604229
-0.315558
-0.799114
-0.442470
-0.182194
-0.598636
-0.451935
-0.800404
-0.482050
-0.580137
-0.355353
-0.215105
-0.289746
-1.009701
-1.058530
-0.571318
-0.376218
-0.420745
-0.164555
-0.365248
-0.805352
-0.886016
-0.805567
-0.405688
-1.752673
-1.922821
-1.513047
-0.612403
-0.542924
-0.496462
-0.171223
-0.510013
-0.192734
-0.501624
-0.493020
-0.719095
-0.392351
-0.801480
-1.320097
-1.449806
-0.958722
-0.260062
-0.463766
-0.455807
-0.124976
-0.602723
-0.003657
-0.324163
-0.324163
-0.383747
-0.333412
-0.436447
-0.296199
-0.379014
-0.205855
-0.292757
-0.299856
-0.111209
0.163480
0.284368
0.497322
0.182839
0.097227
0.018714
0.161974
0.118308
0.146701
0.146701
0.164985
0.065392
0.141754
0.328465
0.832025
-2.005495
-1.050762
-1.211044
-1.364367
-1.407279
-1.368543
-1.343027
-1.253956
-1.316816
-1.233544
-1.289678
-1.348827
-1.068855
-1.485913
-1.486377
-0.328450
-0.833651
-0.909965
-0.901615
-0.762673
-0.620483
-0.185797
-0.055670
-0.501954
-0.614916
-0.738781
-0.616540
-0.734606
-1.761245
-0.699580
-1.091818
-1.133107
-0.843857
-0.153323
-1.504006
-3.586277
-3.416950
-1.791631
-0.606102
-0.658060
-0.668266
-0.904630
-1.657328
-0.566901
-0.943830
-0.976536
-0.286930
-3.711765
-4.907501
-4.162457
-3.805476
-4.541242
-3.674653
-1.882790
-0.639504
-0.816022
-1.730395
-0.637416
-0.986974
-0.396413
-2.973912
-4.339208
-2.406315
-2.507448
-2.250673
-2.494227
-3.118189
-2.953964
-0.641824
-0.453243
-1.739673
-0.671050
-0.855919
-0.266518
-4.362636
-2.432527
-2.632473
-2.404460
-2.230028
-2.236291
-2.415361
-2.827084
-2.237451
-0.487572
-1.738745
-0.698189
-0.798162
-1.867712
-4.229724
-1.709519
-2.365027
-2.063716
-1.991809
-2.068819
-2.348094
-1.688178
-2.138638
-0.342368
-1.781193
-0.653189
-0.977928
-0.393398
-4.454491
-1.781193
-2.356676
-2.066035
-1.943562
-2.118922
-2.216343
-2.268301
-1.911320
-0.470871
-1.682612
-0.610045
-1.016433
0.041752
-4.363332
-2.484485
-2.556623
-2.253224
-2.015469
-2.172039
-2.323042
-3.047443
-1.753358
-0.769631
-1.693282
-0.548113
-1.047515
-0.401285
-2.284306
-3.974804
-2.692781
-2.687447
-2.477062
-2.660771
-2.911516
-3.091514
-0.986510
-0.800713
-1.679828
-0.582442
-1.002979
-0.930377
-0.362548
-2.624122
-3.913800
-3.044659
-2.647318
-3.081076
-3.210739
-0.908805
-0.718137
-0.829244
-1.621839
-0.530252
-0.804657
-0.981407
-0.792363
-0.428423
-1.321919
-1.632740
-1.509572
-1.508412
-0.681952
-0.690998
-0.690070
-0.715121
-1.445088
-0.464145
-0.844785
-0.734374
-0.837594
-0.706307
-0.791667
-0.802569
-0.774966
-0.878187
-0.842697
-0.834579
-0.587545
-0.513783
-1.758693
-0.641360
-0.761513
-0.887929
-0.839218
-0.921099
-0.917851
-1.000892
-0.963083
-0.919939
-0.961227
-0.842002
-0.555999
-0.983727
-0.329549
0.163426
0.267882
0.219879
0.216643
0.275792
0.397148
0.419801
0.409014
0.393552
0.221317
0.217542
0.102119
0.263028
-0.039193
0.523538
0.447129
0.407935
0.409913
0.627095
0.391934
0.405239
0.475535
0.476794
0.487581
0.362449
0.406137
0.507177
-0.179067
0.445691
0.435623
0.271837
0.435982
0.383844
-0.142031
-1.080336
-0.530909
-0.213766
0.332066
0.460073
0.617027
0.661434
-0.145088
0.508616
0.468164
0.535764
0.233363
-0.837625
-1.280798
-0.654422
-0.068499
-0.389417
-0.739282
-0.268781
0.797892
0.492435
-0.117580
0.507537
0.342493
0.435263
-0.784048
-0.862256
0.111647
0.092770
0.523358
0.754564
-0.344650
-0.704403
0.202799
0.602644
-0.138435
0.530729
0.667907
0.262308
-0.859199
0.383484
0.463130
0.443174
0.325593
0.281366
0.418003
-0.146166
-0.019597
0.642557
-0.119738
0.423936
0.579092
1.160701
1.138407
0.307615
0.056813
0.073533
0.048003
0.122255
0.434184
0.508256
0.732630
0.395530
-0.153178
0.516526
0.544393
0.442275
-0.080185
0.536842
0.122974
0.170617
0.129266
0.149223
0.493334
0.313907
1.100473
0.380428
-0.147964
0.502863
0.486682
0.492075
0.170258
0.268781
0.547090
0.554281
0.535943
0.703324
0.525875
0.674559
1.249156
0.229587
-0.113805
0.509335
0.313907
0.866750
-0.093129
-0.173314
0.352561
0.521560
0.345909
0.697212
-0.173494
-0.420880
0.598149
0.731012
-0.093309
0.531449
0.397867
0.305098
0.359753
-0.209991
-0.729213
-1.118092
-0.717527
-1.118092
-0.600846
0.206215
0.424116
0.660535
-0.161808
0.550866
0.410452
0.432926
0.500525
0.574957
-0.290355
-1.427145
-0.790161
-0.553383
0.261949
0.467984
0.549967
0.743776
-0.069577
0.661254
0.708718
0.659816
0.720404
0.838524
0.619184
0.604262
0.478232
0.611633
0.793218
0.737664
0.672761
0.877178
0.154796
0.935249
0.895876
0.825220
0.798252
0.938305
1.108023
1.105866
1.066313
1.040604
0.883470
0.873582
0.992601
0.681930
-2.296811
-0.277445
-0.393035
-0.504445
-0.505022
-0.492771
-0.582130
-0.538748
-0.490033
-0.498104
-0.477638
-0.562384
-0.948645
-2.030175
-0.833920
0.483547
-0.078838
-0.266635
-0.401538
-0.350085
0.133606
0.020610
0.101465
0.244872
-0.274850
-0.593372
-0.242854
-0.888833
-0.357724
0.416384
-0.115878
-0.581265
-0.001729
0.201778
0.045112
-0.434400
-0.542495
-0.454145
0.068604
0.474899
-0.312612
-0.163728
-0.366083
0.301082
-0.547107
-0.097862
0.388999
-0.538315
-1.297144
0.151334
-0.300217
0.007206
-0.824984
-0.652608
0.614414
-0.163152
-0.381216
0.313909
-0.261735
0.431373
-1.234593
-0.355705
0.471296
-0.454866
-0.687054
0.324286
-0.161422
-1.381459
0.431805
0.351814
-0.336537
0.315639
0.539180
0.473602
-1.193373
0.121211
-1.071730
-1.689171
-1.649968
-1.479033
0.216335
-0.764739
0.378766
0.495942
-0.303820
0.129138
0.696855
-0.123517
0.164882
0.114293
-1.640744
-1.677208
-1.525442
-1.681388
-0.433102
-0.563105
0.296902
0.644393
-0.334808
0.181600
0.557916
0.720348
-0.488015
0.468990
-1.231567
-1.469376
-1.247853
-1.514633
-0.091233
-0.695414
-0.300506
0.464522
-0.319098
0.199760
0.182897
0.539468
0.534423
0.716168
-0.722653
-1.286191
-1.201877
-0.729716
-0.059380
-0.445065
0.139083
0.183618
-0.314918
0.249917
-0.271391
0.715159
-0.620035
-0.797168
-0.026519
0.117320
-0.485997
0.231612
-1.119436
-1.630655
0.697143
0.156378
-0.340573
0.309585
-0.473170
-0.251358
0.461495
-1.509156
-0.852080
-0.813310
-1.361425
-0.927458
-1.711510
-0.079847
0.151334
-0.418689
-0.322412
0.374875
-0.284074
-0.499545
-0.442182
0.429931
0.716744
0.079414
-0.089359
0.274562
0.443768
0.011530
-0.536297
-0.320106
-0.418834
0.667597
0.263320
0.129570
0.100312
0.170358
0.658085
0.970408
0.922846
0.678407
0.269230
-0.015854
0.276436
0.068604
-0.456451
0.921838
0.159405
0.041220
0.111843
0.082297
0.269662
0.187509
0.114005
0.174970
0.052030
0.033293
0.137497
-0.417104
-1.031811
-0.694083
-0.424145
-0.473766
-0.460330
-0.548579
-0.357729
-0.308413
-0.524761
-0.537586
-0.538349
-0.690113
-0.732864
-0.788286
-0.687059
0.205660
-0.235127
-0.175276
-0.256960
-0.398800
-0.307803
-1.365416
-1.264037
-0.108097
-0.152833
-0.328262
-0.308108
-0.724008
-0.521707
0.040002
-0.529494
-0.276809
-0.156344
0.352385
-0.617590
-4.213812
-3.701571
0.655607
1.913384
0.632858
-0.305818
-0.893635
-0.316200
0.039849
-0.523081
-0.160619
0.935011
1.145251
-0.509798
-3.448122
-2.749459
1.444046
1.955066
0.196346
0.036949
-0.668127
-0.353149
-0.115121
-0.436054
-0.332537
-0.498653
1.001275
0.520944
-0.960967
-0.697136
0.064278
-0.398647
-1.999038
-0.461093
-0.034811
-0.396662
-0.137717
-0.346431
-0.412388
-1.433359
-0.546289
-0.709656
-0.575909
-0.626140
-0.699426
-0.174818
-0.551174
0.968754
0.057560
-0.450864
-0.143977
-0.454986
0.846915
1.182200
-0.626293
-0.854244
-0.640492
-0.651027
-0.718053
-0.170849
1.117311
1.226325
-1.145557
-0.403075
-0.153596
-0.735306
0.395288
-0.103670
-0.684922
-0.573008
-0.521249
-0.598047
-0.706144
-0.601864
0.161535
0.803707
-1.171513
-0.336506
-0.046567
-0.629194
-0.608429
-1.708641
-1.349843
-0.282305
-0.267953
-0.392387
-0.442924
-1.010893
-2.194163
-0.492240
-1.491225
-0.308413
-0.034048
-0.739429
-0.881116
-2.433717
-2.181490
0.729657
0.846152
0.061683
-0.047178
-2.235996
-1.824066
-0.589650
-1.153344
-0.300932
0.026414
-0.557281
-0.690877
-0.838823
-1.814906
1.033032
3.196200
0.800195
0.556671
-1.702075
-0.343377
-0.341392
-0.618659
-0.070843
0.329331
-0.351316
-0.164436
-0.238639
0.168253
1.406487
3.865092
1.921171
0.483995
0.314826
-0.255281
-0.458803
-0.455902
0.132221
0.528425
-0.015115
-0.028857
-0.046720
0.133748
0.327040
0.488270
0.670723
0.470101
0.209782
0.134511
0.020001
-0.585680
-0.198484
0.465521
0.105960
0.017406
0.165047
0.084279
0.047483
0.072981
0.117716
0.216653
0.116953
-0.023818
0.200316
-0.729047
-1.017387
-0.178208
-0.196226
-0.123493
-0.018458
0.072733
0.131843
0.117999
0.130524
0.141511
0.071195
-0.099102
-0.114923
-0.492872
-0.161288
-0.190293
-0.387838
-0.448046
-0.230945
-0.014723
-0.081743
-0.585162
-0.420579
0.218639
0.318181
-0.076469
-0.027248
-0.163705
-0.468921
-0.265443
-0.202818
-0.117560
0.147005
-0.542094
-1.183509
0.255116
-0.761831
-0.861373
-0.258851
-0.215783
0.334441
-0.016041
-0.540336
-0.164364
0.047683
0.198863
-0.560991
-1.386547
-0.742495
-0.324992
-0.668443
-0.838300
-1.155602
-1.349851
-0.011207
0.196885
-0.550663
-0.061307
-0.036696
-0.230066
-0.956520
-1.590684
-1.126597
-0.276870
0.043948
-0.187217
-0.405417
-0.383003
-0.633944
0.100860
-0.514846
0.107672
0.150301
-0.624276
-1.321065
-0.687340
-0.302359
0.004834
0.029665
0.145686
-0.181723
-0.378828
0.586261
-0.068119
-0.475513
0.173373
-0.315763
-0.167221
0.595929
0.153157
-0.013624
0.025490
-0.052298
0.013184
0.051419
-0.672179
-0.502541
0.385640
-0.510232
0.190733
-0.117999
-0.295987
0.131184
0.312028
0.194468
0.077568
0.029225
0.047463
0.298844
-0.760293
-0.994095
0.471118
-0.509792
0.001319
0.117340
-0.472876
0.810394
-0.713049
0.039553
0.164803
0.122175
0.359491
-0.478589
-0.723377
-0.720521
0.112067
-0.596369
-0.143269
0.037355
-0.191172
-1.090560
-0.775016
-0.911253
-0.089653
-0.134260
-0.591974
-0.896531
-2.542808
-0.091411
0.158871
-0.566704
-0.221716
-0.222375
0.017140
-0.054056
-1.281951
-1.569368
-1.269426
-1.151647
-2.265059
-2.287912
-0.608455
0.390035
-0.132502
-0.740956
-0.298184
-0.331365
-0.181504
-0.173373
-0.177109
-0.591535
-1.009696
-1.881177
-1.296894
-0.560112
-0.186997
0.152498
-0.283462
-0.639657
-0.142390
-0.269399
-0.121955
-0.081962
0.212047
0.131623
-0.125690
0.073173
0.106793
0.086137
-0.150301
0.103936
-0.423875
0.245667
0.125251
0.265224
0.145466
0.167221
0.105474
0.241053
0.172494
0.076469
0.098223
0.208971
0.070536
0.254676
0.238196
1.752907
1.561195
1.580072
1.416371
1.373543
1.336399
1.329599
1.298239
1.333760
1.360350
1.390390
1.496649
1.424389
1.681053
1.607068
1.046243
1.074356
1.079633
1.102164
1.077806
0.585588
0.527536
0.403112
0.751521
1.158084
1.392623
1.139511
1.555613
1.433929
1.120939
1.206798
1.274288
0.917353
0.555141
0.767556
1.532677
0.985655
0.951555
0.360283
0.865493
1.439206
1.460925
1.446006
1.113023
1.277028
1.009302
0.410622
1.018943
1.903008
0.480852
0.849458
1.640864
1.032035
0.699356
1.015797
1.422156
1.431493
1.161128
1.309301
0.768165
1.517048
0.671650
0.639681
0.719654
0.939579
0.985452
0.834843
2.070768
0.618165
1.340357
1.421344
1.251250
1.051724
0.860317
1.037109
0.833422
1.200709
1.459808
1.537549
1.454937
0.785012
1.476757
1.407237
1.251757
1.401656
1.264951
1.049390
1.308388
0.122699
1.120634
1.424896
1.497867
1.448340
1.589916
0.900303
0.455581
1.446311
1.115560
1.417589
1.295803
0.921514
0.872089
0.970330
1.073544
1.427231
1.476047
1.480715
1.621073
0.864478
1.025235
1.654564
1.094755
1.415559
1.209538
1.036095
0.629025
0.900912
0.622631
1.401858
1.516236
1.499693
1.476249
0.499018
1.284639
1.204667
1.038936
1.461940
1.134640
1.191067
0.578179
0.670736
0.684032
0.871379
1.121751
0.795872
0.695906
1.302501
1.591946
0.757813
1.180918
1.500201
1.098307
1.179802
1.112109
0.969011
1.170364
0.901318
1.014579
2.014544
1.148645
1.837345
1.402772
1.203753
1.363800
1.463766
1.154836
1.149254
1.212989
1.179802
0.916338
1.069586
1.730376
1.881289
1.160316
1.084099
1.143977
1.233997
1.540898
1.436060
0.971954
1.055479
0.983118
1.005344
0.984944
0.850168
1.082170
1.092116
0.968402
0.950032
1.103686
1.045127
1.542826
1.570837
1.221006
1.317928
1.196345
1.159707
1.134234
1.231460
1.243131
1.241507
1.251250
1.169349
1.278652
1.265458
1.818468
1.337943
0.723232
1.016693
1.111679
1.035379
1.101737
1.098743
1.163304
1.044482
1.040769
1.013339
1.018969
0.902064
1.742920
0.885654
1.131802
1.370763
1.396037
1.331595
1.271106
1.141863
0.919312
0.821811
1.124615
1.203790
1.375435
1.379148
1.187500
1.387772
1.223074
1.333871
1.254816
1.307639
1.355431
1.729984
-0.201470
0.679632
1.259847
1.214211
1.568161
1.344172
1.590559
1.543486
1.308837
1.268950
1.595470
0.961594
1.154201
2.022966
0.390243
0.903621
1.964034
0.949257
0.816541
1.848566
1.599543
1.566963
1.365133
1.221637
1.285599
0.178951
0.829237
0.818218
0.664300
0.549311
0.789351
0.375870
0.942669
1.400229
1.724833
1.599423
1.327163
1.383220
0.663462
0.751500
0.971177
0.622138
0.664899
0.736887
0.715686
0.990461
1.319976
0.489421
1.691055
1.583972
1.285719
1.428976
0.142778
0.007187
0.867328
0.843371
1.000403
1.102576
1.068558
1.144379
0.494213
0.418032
1.226668
1.555224
1.166298
1.284282
0.130201
0.195960
1.143660
1.163424
1.448021
1.566125
1.342375
1.552589
0.834268
0.634954
1.186781
1.533664
1.190853
1.162585
0.705984
1.129526
1.544324
1.463233
1.396875
1.462395
1.565286
1.632483
1.131443
0.962672
1.127969
1.533424
1.233016
0.964709
1.165340
1.515218
1.683868
1.739087
1.353275
1.322013
2.019013
1.745675
1.551751
1.379986
1.461676
1.543845
1.381783
1.177798
1.093353
0.780128
2.033626
2.304449
1.931933
1.138749
2.620429
2.428541
1.302728
0.987467
1.443949
1.568879
1.474253
1.379747
1.200675
1.102935
0.911886
2.247074
2.768716
2.548201
2.345174
1.840062
1.172647
1.112278
1.489226
1.631644
1.717526
1.559537
1.550194
1.434366
1.484075
1.337704
1.161986
1.148571
1.479284
1.565286
1.645658
1.928579
1.979845
1.729025
1.128568
0.779050
0.812229
0.791626
0.805521
0.730179
0.644417
0.738085
0.766233
0.757729
0.910329
1.189536
1.698002
-0.429829
0.807263
0.603486
0.396101
0.404729
0.348726
0.329588
0.320489
0.298684
0.330843
0.339000
0.515010
0.872521
-0.907347
0.405357
1.074572
0.827499
0.637527
0.787967
0.819969
0.253191
0.198600
0.597682
0.895895
1.072219
1.070337
0.965860
0.290997
0.057572
0.703570
0.574308
0.514226
0.403945
0.403788
0.203463
1.340157
2.406101
1.610917
1.295605
1.284624
1.096691
0.196404
0.096319
0.781222
0.670157
0.363315
0.514383
0.152950
0.776986
1.834773
1.363060
-0.265270
-0.425750
0.131302
1.107515
0.452418
0.062906
0.795654
0.589211
0.162205
0.841304
0.414612
0.541208
1.053395
1.026412
1.090887
0.269506
0.035610
1.010098
0.539012
0.048317
0.874874
0.268721
0.808204
1.073474
0.462144
0.894954
0.644116
0.576034
0.928054
0.985626
0.472498
0.938878
0.017413
0.069024
0.854481
0.127223
1.574209
1.378904
0.633292
0.334764
0.541051
0.493205
0.461674
0.635959
0.464968
-0.515795
-0.232798
0.044552
0.858560
0.274839
0.966958
0.360648
0.351550
0.312332
0.378689
0.373355
0.463400
0.505755
-0.459164
-0.530070
-0.325980
0.032629
0.866560
0.461831
0.636429
0.423868
0.101810
0.875816
0.841931
0.743416
1.172931
0.791105
-1.201638
-0.758789
-0.134596
0.051140
0.719414
0.573053
0.716120
-0.022746
-0.272643
0.486616
0.660587
0.522854
0.933074
-0.131302
-1.495303
0.179461
0.555169
0.104320
0.680040
0.554071
0.874718
1.720571
0.534776
0.135694
-0.046434
-0.797694
-0.515638
-1.296075
0.196560
0.616977
0.448183
0.031374
0.809616
0.580426
0.540110
0.997391
1.191599
0.824518
-0.492421
-0.249740
0.023688
0.235935
0.570072
0.917700
0.253034
0.353746
0.707492
0.714238
0.597682
0.631880
0.875188
0.568817
0.206600
0.301037
0.497911
0.738710
0.785614
0.762084
0.368963
-0.041885
0.873933
0.640822
0.582308
0.570229
0.452262
0.493362
0.539796
0.624036
0.552346
0.526462
0.525521
0.726787
-0.193894
-1.197125
0.036799
0.259913
0.211014
0.209356
0.210848
0.438935
0.495791
0.422690
0.376775
0.199410
0.193775
-0.119845
-1.074131
-0.542701
0.348761
0.076913
0.121006
0.161949
0.195929
-0.011603
0.215986
-0.217313
0.015250
0.093323
0.106584
0.179850
-0.884500
-0.508554
0.130951
-0.016742
-0.003315
-0.040280
-0.048236
-1.708664
-3.469542
-3.189074
-2.778484
-0.641661
-0.284611
0.161120
-0.563753
-0.484519
0.086361
0.121503
0.230905
-0.142554
-1.975041
-3.980748
-2.253188
-1.417422
-2.242414
-0.733492
0.016410
0.407606
-0.726199
-0.476728
0.061995
0.051054
0.012929
-0.142554
-0.954120
-1.051090
-0.918979
-0.555631
-0.286269
-0.755207
0.042103
-0.015913
-0.404291
-0.503416
0.012929
0.004641
-0.096141
-0.744598
-0.569555
-0.807753
-0.499438
-0.493802
-0.478220
-0.867095
-0.484188
-0.819522
0.157970
-0.518169
0.024201
-0.112054
0.468440
-0.188470
-0.876709
-0.683266
-0.590109
-0.572870
-0.438272
-0.583313
-0.357546
0.825158
-0.090837
-0.533750
0.032821
-0.025859
0.652103
0.622598
-0.140897
-0.559774
-0.596076
-0.588285
-0.397992
-0.431641
0.534082
1.390237
-0.310968
-0.535905
0.033484
0.055033
0.296215
0.924449
-0.224606
-0.329035
-0.367989
-0.345943
-0.163606
-0.577014
0.651938
1.218177
-0.426171
-0.441256
-0.001989
-0.022046
-0.018731
-0.404291
-1.267905
-0.777087
-0.247647
-0.342959
-0.330362
-0.896601
-0.543198
0.035307
-0.524468
-0.401307
0.109071
0.025693
-0.213666
-0.627239
-1.115902
-0.982299
-2.001232
-2.897666
-1.891994
-0.488995
-0.060171
0.056359
-0.621438
-0.443245
0.145372
0.034810
0.010443
0.007957
-0.172889
-0.776756
-2.210588
-1.910229
-1.031861
-0.193940
-0.045916
0.051386
-0.367989
-0.354894
0.407275
0.224274
0.183166
0.222617
0.365669
0.455677
0.706639
0.674647
0.457169
0.279970
0.155815
0.336826
-0.048071
-0.752389
0.413905
0.448052
0.313951
0.302348
0.367823
0.573201
0.649948
0.652103
0.543530
0.318095
0.316603
0.562095
-0.636356
-0.249661
0.493363
0.304235
0.091584
0.074334
0.076529
0.168427
0.277262
0.400210
0.303608
0.124830
0.182227
0.032933
-0.016310
0.980139
1.077369
0.978884
0.955047
1.082701
1.190908
0.803871
0.976689
0.823944
0.850917
1.149507
1.285315
1.070155
1.009621
0.908628
0.729223
0.687195
0.739887
0.904237
0.999271
0.696604
0.463880
0.363514
1.136020
0.663044
0.679040
1.123474
0.861581
0.838372
0.783170
0.834608
0.896396
0.840567
0.240252
0.018191
0.024464
0.128281
-0.131417
0.631680
0.832726
0.837117
0.992371
0.820808
0.857818
0.828335
0.989235
0.645480
-0.005959
-0.175327
-0.267539
0.140513
0.143022
0.167800
0.921174
0.543860
1.122847
0.801048
1.057295
0.855936
0.529118
0.588711
0.083116
-0.211710
0.257188
0.219237
0.311449
-0.154000
0.415892
0.591847
1.284688
0.723578
1.144489
0.972611
0.706641
0.622898
0.137376
0.218296
0.122949
0.154313
0.375119
0.154627
0.138004
0.837744
1.319189
0.732360
1.063568
0.842135
0.696291
0.247465
0.128281
0.297021
0.232411
0.181286
0.386096
0.069629
-0.105071
0.660222
1.193417
0.827394
0.960379
0.800107
0.830844
0.444748
0.053006
0.030110
0.375746
0.468271
0.376060
-0.082489
-0.242133
0.487404
1.188399
0.844958
0.852799
0.817671
0.785993
0.188814
0.667122
-0.179405
-0.042028
-0.217983
-0.113539
0.859386
0.637012
0.481444
1.040986
0.829590
0.765920
0.713228
0.680295
0.611920
0.583692
0.676531
0.781602
0.460744
0.035128
0.669317
0.956616
0.906119
0.965084
0.832099
0.805753
0.775329
0.697545
0.738319
1.016835
0.838999
1.188085
0.272557
0.705700
0.456666
0.986725
0.949402
0.852172
1.017463
0.900160
0.804498
0.616939
0.534450
0.812966
0.790698
0.789129
0.616311
0.732673
0.815789
0.913960
0.811712
1.032517
0.640776
1.033145
0.831472
0.630112
0.658026
0.682490
0.715737
0.799793
0.880400
0.804184
0.665867
0.675590
0.899532
1.256146
2.942554
2.014259
1.978810
2.158702
2.226955
2.179601
1.893891
1.567440
1.648656
1.662941
1.843627
2.009498
2.001032
1.597334
3.800479
1.320882
1.279878
1.411886
1.583577
1.100779
0.731472
0.025132
0.156612
0.800783
0.800783
0.903427
1.295221
1.050515
3.541224
1.605006
1.465854
1.614529
1.137816
0.130686
0.466925
3.513975
3.341491
1.446013
0.296821
0.863216
1.439134
1.385167
3.544927
1.347337
1.229349
1.490986
-0.013756
2.019815
3.994128
5.443315
5.342258
5.347021
3.381437
1.231730
1.191783
1.124589
3.474293
1.302893
1.471674
0.494438
1.416913
4.320314
4.503116
4.554173
4.348620
5.131943
5.485907
2.036746
0.635706
0.694435
3.409480
1.396543
1.411357
0.525390
3.762120
4.687769
4.400472
4.306029
4.205236
4.172432
5.450193
4.434334
3.044140
0.642584
3.350750
1.343633
1.358712
2.090449
3.770057
4.529305
4.077196
3.845717
4.026402
3.933547
4.712108
3.725877
3.086468
0.580416
3.415829
1.353686
1.649978
0.537030
4.126930
4.384863
4.009207
3.891484
3.946509
3.948890
4.323488
3.342020
1.946535
0.947607
3.436993
1.275380
1.695745
0.406079
3.707624
4.441476
4.322430
3.848362
3.661592
4.070053
4.668987
4.337510
2.731975
1.131731
3.545192
1.194693
1.485430
1.130409
1.183053
4.006826
5.309719
5.608657
5.123214
5.470299
4.783006
1.348131
1.807384
1.151572
3.483288
1.439135
1.301835
1.616910
1.419558
1.844156
5.129298
4.860253
4.109206
4.156295
2.159496
1.624582
2.092565
1.262946
3.376940
1.446542
1.116123
1.365062
1.478552
1.604212
2.284891
2.836207
2.017699
2.198913
1.444690
1.660031
1.451304
1.275116
3.523234
1.767702
1.642307
1.480404
1.701036
1.638867
1.839394
1.995212
1.975636
1.969286
1.494689
1.522202
1.640190
1.448923
4.512904
1.681989
1.642836
1.600773
1.768760
1.667703
1.638338
1.600508
1.589133
1.676433
1.697861
1.567440
1.678814
1.455008
-0.292418
-0.269924
-0.319683
-0.360410
-0.355128
-0.378985
-0.433174
-0.472708
-0.507812
-0.441354
-0.371487
-0.323091
-0.440672
-0.255269
-0.325818
-0.559105
-0.544109
-0.504574
-0.485318
-0.501507
-0.711278
-0.757799
-0.800060
-0.757969
-0.615509
-0.497758
-0.571204
-0.273333
-0.360070
-0.502189
-0.585177
-0.612612
-0.730363
-0.944054
-1.318096
-1.010512
-1.268167
-1.115653
-0.923946
-0.859532
-0.605455
-0.368931
-0.343199
-0.571203
-0.607841
-0.701224
-1.028575
-1.635735
-1.895945
-1.476234
-1.504351
-1.282993
-1.248911
-1.179385
-0.869415
-0.538656
-0.340132
-0.563024
-0.546154
-0.869245
-1.517643
-1.312303
-0.624200
-1.373649
-1.208354
-1.165412
-0.628290
-1.100317
-0.895488
-0.647375
-0.370635
-0.525023
-0.741440
-0.889523
-1.158766
-0.638003
-1.230678
-0.889864
-0.805683
-0.880492
-1.204435
-0.564217
0.405227
-0.784723
-0.417837
-0.599150
-0.812840
-0.580235
-0.871971
-0.793414
-0.852204
-0.638173
-0.514799
-0.545472
-1.236642
-0.918322
-0.070037
-0.688443
-0.356661
-0.559956
-0.953085
-0.997903
-1.915542
-0.802957
-0.794266
-0.629994
-0.523149
-0.628801
-1.097761
-0.924968
-0.955471
-0.546324
-0.365011
-0.605114
-0.756606
-0.786257
-1.436018
-0.704802
-1.086003
-0.749619
-0.699009
-0.843173
-1.079186
-0.524853
-0.160523
-0.731386
-0.333656
-0.614487
-0.656407
-0.816078
-0.853397
-1.210399
-0.760696
-0.862259
-0.987848
-1.090263
-0.738032
-1.036584
-0.863622
-0.671403
-0.335020
-0.542575
-0.685376
-0.807558
-0.739906
-0.918152
-0.977283
-0.251180
-0.666802
-0.378814
-0.607841
-0.593016
-0.667654
-0.517525
-0.336383
-0.500314
-0.602218
-0.750642
-0.667483
-0.542746
-0.095769
0.450556
-0.594890
-0.555697
-0.312015
-0.577679
-0.628290
-0.310140
-0.400286
-0.527750
-0.590971
-0.605455
-0.599150
-0.630676
-0.724399
-0.567284
-0.499803
-0.622496
-0.661519
-0.559446
-0.591993
-0.217439
-0.203466
-0.290544
-0.415281
-0.444762
-0.390913
-0.486512
-0.528602
-0.537634
-0.537463
-0.489919
-0.441013
-0.408465
-0.414088
-0.038171
1.986871
1.494339
1.473354
1.586195
1.610391
1.588029
1.536769
1.511655
1.484248
1.464180
1.511655
1.521059
1.517274
2.038476
2.000633
1.233681
1.259139
1.349045
1.362806
1.279322
1.327715
1.194462
1.240103
1.278405
1.249277
1.234943
1.137812
1.683898
1.947079
1.377599
1.473812
1.508903
1.363265
1.350192
1.300652
0.834037
1.204095
1.095612
1.198132
1.385168
1.212925
1.645711
1.935153
1.414984
1.402484
1.338954
1.245722
1.100428
1.257993
1.589635
1.663945
1.411887
1.160518
1.342853
1.176802
1.550416
1.917722
1.418309
1.376453
1.191939
1.063044
1.485051
2.096501
2.250511
2.118175
2.068406
1.689632
1.138959
1.251227
1.507871
1.909351
1.380352
1.411887
1.370031
1.533902
1.986527
2.200168
2.108313
2.075172
1.980335
2.201200
1.325995
0.995959
1.505004
1.889626
1.320376
1.397438
1.123363
1.023825
2.245121
2.075286
2.145812
2.109116
2.013017
2.020472
1.616584
1.267281
1.429662
1.906140
1.344343
1.441932
1.445946
1.674609
2.133886
2.105102
2.189274
2.167142
2.052695
1.944900
1.582525
1.325766
1.442850
1.913708
1.380925
1.373700
1.296065
1.176229
1.999715
2.181820
2.024600
1.993752
1.985725
1.986183
1.127262
1.031737
1.517619
1.934694
1.395718
1.367164
1.323816
0.922107
1.278290
2.277918
2.329523
2.224021
2.231933
1.491702
0.937130
1.224507
1.634244
1.911529
1.429318
1.439983
1.413034
1.374044
1.259713
1.650986
1.478973
1.265446
1.411773
0.880365
1.205586
1.294115
1.600644
1.868526
1.353747
1.401911
1.409250
1.288611
1.332188
1.405236
1.145496
1.206503
1.479890
1.323702
1.432070
1.175426
1.539292
1.912332
1.351912
1.328518
1.380352
1.329665
1.331156
1.392393
1.326913
1.352371
1.421864
1.345261
1.378173
1.237810
1.553512
2.349820
1.403401
1.457184
1.496403
1.564750
1.527251
1.465326
1.438492
1.461886
1.467391
1.507527
1.517045
1.329435
1.867494
-0.306928
0.418779
0.335288
0.154789
0.156910
0.185535
0.214160
0.265315
0.335818
0.265580
0.138621
0.248352
0.312494
-0.872280
0.535931
0.934302
0.723057
0.542292
0.515523
0.755923
0.606435
0.418514
0.704768
0.765465
0.565617
0.614651
0.686215
0.088527
0.430971
0.928470
0.543618
0.282278
0.518173
0.868569
0.378492
0.604844
0.684889
0.846040
0.626048
0.899050
0.707684
0.266110
0.386973
0.803632
0.412418
0.632409
0.785609
-0.313289
-0.179704
0.254183
0.109731
-0.191896
-0.549979
-0.182620
0.753537
0.328397
0.403406
0.833052
0.622868
0.690721
0.233244
-0.288639
0.574364
-0.145248
-0.110261
0.106550
0.039492
-0.801511
0.454826
0.463042
0.430971
0.843124
0.976709
0.865388
-0.545473
0.420634
-0.343770
-0.574099
-0.543883
-0.306398
0.221052
0.151079
1.051454
0.580725
0.429381
0.881292
0.924759
1.193255
0.489812
0.351721
-0.666866
-0.734984
-0.628964
-0.666336
-0.231919
0.302952
1.055960
0.522679
0.377696
0.837823
0.844715
0.555280
0.081636
0.478680
-0.486367
-0.621808
-0.500945
-0.615446
0.090912
-0.086937
0.725177
0.399165
0.428851
0.735514
0.808138
0.637711
0.145778
0.747706
-0.190571
-0.306928
-0.270616
-0.071564
0.313819
0.150814
0.941723
0.491668
0.398370
0.737900
0.597158
0.693106
-0.484246
-0.226618
0.670577
0.338734
0.188981
0.502270
0.216281
-0.053805
0.795150
0.564292
0.425405
0.764670
0.465163
0.516848
0.915483
-0.205149
-0.429116
1.187690
0.640361
-0.047179
-0.170692
0.640096
0.932181
0.371335
0.457476
1.005070
0.635325
0.465428
0.692311
1.120102
0.997648
1.458305
0.843654
0.351722
0.727297
0.817679
0.766260
0.296061
0.694696
0.998444
0.844715
0.799126
0.769970
0.844185
0.797801
0.915218
0.767585
0.755128
0.798596
0.904086
0.724647
0.464103
0.032071
0.574098
0.241196
0.116357
0.152139
0.111586
0.213895
0.191631
0.162476
0.121923
0.108670
0.174668
0.419309
-0.444489
-1.373081
-0.740612
-0.666628
-0.763589
-0.799432
-0.835735
-0.752713
-0.764814
-0.844313
-0.700020
-0.755011
-0.736783
-0.814444
-1.162616
-0.777375
-0.485419
-0.544852
-0.561548
-0.530453
-0.636758
-0.808010
-0.785187
-0.894096
-0.710130
-0.460910
-0.437168
-0.433492
-0.855955
-0.789935
-0.448656
-0.511306
-0.586363
-0.624657
-0.790242
-1.563174
-2.188444
-2.350966
-1.987782
-1.228788
-0.549447
-0.229153
-0.626189
-0.750262
-0.456775
-0.427211
-0.462595
-0.742910
-2.095006
-3.217796
-2.049972
-1.588755
-1.546019
-1.849157
-1.951173
-0.098340
-0.519424
-0.770176
-0.377429
-0.422003
-0.593715
-2.296281
-2.178488
-1.110689
-1.097975
-0.962566
-0.838952
-1.309819
-2.512414
-1.275661
-0.459991
-0.774924
-0.395810
-0.663870
-1.328048
-2.459415
-1.164913
-1.095831
-0.886131
-0.827770
-0.793305
-0.979722
-1.007600
-0.251364
-0.835889
-0.806938
-0.394738
-0.758534
-1.033947
-1.386867
-0.880004
-0.789935
-0.809848
-0.740612
-0.602600
-0.870047
-1.057536
-1.449670
-0.674746
-0.779519
-0.401478
-0.715338
-1.368639
-2.805902
-0.668006
-0.754705
-0.750569
-0.669538
-0.603365
-0.737855
-1.129989
-2.194878
-0.626648
-0.729890
-0.454017
-0.559097
-0.934535
-2.135445
-1.150821
-0.704156
-0.568288
-0.575181
-0.505638
-0.804028
-1.030883
-1.274129
-0.871273
-0.761751
-0.481130
-0.517127
-0.636299
-1.800599
-2.029446
-1.282860
-0.713806
-1.000707
-1.224806
-1.373081
-2.909756
-0.921208
-0.817201
-0.769869
-0.445440
-0.518352
-0.683018
-0.655446
-1.950254
-1.365576
-0.455243
-1.537441
-1.341374
-2.227198
-0.786106
0.030789
-0.747658
-0.723303
-0.379726
-0.496907
-0.564305
-0.631856
-0.487410
-0.453252
-0.693893
-1.967409
-1.313342
-0.691289
-0.225171
-0.389836
-0.539337
-0.779366
-0.379267
-0.491240
-0.502728
-0.553276
-0.606429
-0.664024
-0.668159
-0.446665
-0.589120
-0.472705
-0.497060
-0.315086
-0.448350
-0.992895
-0.766959
-0.886896
-0.963179
-0.963638
-1.072088
-1.054013
-0.938517
-1.036245
-1.007754
-1.041606
-1.019855
-0.827311
-0.855189
-1.124705
-1.192103
-0.861107
-0.812503
-0.791927
-0.718372
-0.562029
-0.674305
-0.588761
-0.568509
-0.680299
-0.808291
-1.270194
-1.421030
-0.853979
-0.885572
-1.144795
-1.256909
-0.994607
-0.533676
-0.987479
-1.231959
-1.449058
-1.131186
-0.835671
-1.051637
-1.192751
-1.135560
-1.048720
-0.886544
-1.022312
-1.095218
-1.028793
-1.233255
-2.629334
-3.610170
-4.050688
-3.348841
-1.917280
-1.487618
-0.859811
-0.973059
-1.136694
-0.831135
-0.869046
-0.725825
-1.042888
-2.995001
-3.975675
-2.508147
-1.955516
-2.382910
-1.716382
-0.733440
-0.901773
-1.057793
-1.153382
-0.868560
-0.755798
-0.571101
-0.568995
-1.463639
-1.900755
-2.186062
-1.578508
-1.199556
-0.334560
-0.638985
-1.024580
-0.773458
-1.192103
-0.828381
-0.556196
-0.124427
-0.926885
-0.472758
-1.214623
-0.836643
-0.831783
-0.927533
-1.133292
-0.009235
-0.585359
-0.443758
-1.193399
-0.844258
-0.554252
0.232167
0.238485
-0.939847
-1.106884
-1.028793
-0.992501
-0.859487
-0.626996
-0.314308
0.595890
-0.725339
-1.204902
-0.757904
-0.733440
0.444730
1.352498
0.053465
-1.035273
-0.951674
-0.976300
-0.766005
-0.529626
0.136740
1.058765
-0.937902
-1.203120
-0.811045
-0.946651
-0.118271
1.113203
-0.202032
-0.864996
-0.630561
-0.578716
-0.508888
-0.922349
1.116442
0.973383
-1.140259
-1.134102
-0.870990
-0.993473
-0.736518
-1.285261
-1.207819
-1.151438
-1.207009
-1.407583
-1.275541
-0.855761
-1.141555
-1.036569
-0.735546
-1.109314
-0.822548
-0.985211
-1.209439
-1.549021
-1.394783
-1.260473
-2.969403
-3.617461
-2.854697
-1.768713
-0.544693
-0.970791
-0.920081
-1.121627
-0.914896
-1.036407
-1.065894
-1.102995
-1.259177
-1.897839
-4.110147
-3.836181
-2.976531
-1.529903
-1.055687
-0.822710
-0.768111
-1.069296
-0.945031
-1.042564
-1.105101
-0.992987
-0.828380
-0.911980
-0.924131
-0.958154
-0.933690
-0.900639
-1.042564
-1.050664
-0.850414
-1.029764
-1.244596
-1.096190
-1.149331
-1.139449
-1.006434
-0.824654
-0.670092
-0.734250
-0.899505
-1.092464
-1.096028
-0.936444
-1.065732
-3.113814
-1.567135
-1.227368
-1.454334
-1.454334
-1.531288
-1.592851
-1.519014
-1.660259
-1.606878
-1.457257
-1.333545
-1.477518
-2.744045
-0.727070
-0.808894
-1.042484
-1.253084
-1.158207
-0.891887
-0.684014
-0.938839
-1.079695
-0.824675
-0.877471
-1.003325
-0.829156
-0.913707
-0.749279
-1.023001
-0.953646
-1.097228
-0.891108
-1.034690
-2.045030
-1.198924
-1.723966
-1.582136
-1.418876
-1.187625
-0.920137
-0.940008
-0.668428
-1.032353
-0.789412
-0.835779
-1.295751
-2.151792
-1.496026
-1.232434
-1.197755
-0.903771
-2.452788
-1.905927
-1.030210
-1.119828
-0.660441
-0.974102
-0.789022
-0.915266
-1.871055
-2.016001
-1.213926
-1.121971
-0.825454
-1.042289
-1.478102
-1.201652
-0.971179
-1.145154
-0.763501
-0.860132
-0.926566
-1.386926
-1.856638
-1.102098
-0.923254
-0.783957
-0.776359
-0.716354
-0.878835
-1.363938
-0.670767
-1.439917
-0.722394
-0.822726
-1.342312
-1.382056
-0.472634
-1.288347
-0.636088
-0.624399
-0.647388
-0.548224
-0.897148
-0.565174
-0.542575
-1.350105
-0.675053
-0.830909
-1.158791
-1.364912
-1.535964
-1.434462
-0.740902
-0.676221
-0.686936
-0.522703
-0.952866
-0.305868
-0.698820
-1.277048
-0.701159
-0.844936
-1.037029
-1.295361
-1.283087
-0.877666
-1.122360
-0.879029
-0.851170
-0.827402
-0.988323
-0.596930
-0.318726
-1.373678
-0.666286
-0.968063
-0.887796
-1.046770
-2.185690
-1.613308
-0.837143
-1.029431
-0.646609
-1.360625
-1.306465
-2.082630
-1.084954
-1.171260
-0.622841
-1.017742
-0.847858
-0.915071
-0.746552
-1.786698
-1.945866
-0.555433
0.651090
-1.635712
-1.521742
-0.874938
-0.469322
-1.162298
-0.662974
-0.960464
-0.843377
-0.996701
-0.882731
-1.156453
-1.018327
0.724732
0.575500
-0.986765
-0.786685
-0.830130
-0.798763
-0.884874
-0.798763
-0.898316
-0.997090
-1.129763
-1.188404
-1.215874
-1.289126
-1.213926
-0.970985
-1.155674
-1.079889
-1.204184
-1.064888
-1.004689
-1.582331
-0.985206
-0.846105
-1.000403
-1.008975
-1.173208
-1.297698
-1.309972
-1.331012
-1.307634
-1.177690
-0.936307
-0.705250
-1.815531
1.123795
1.495460
1.445344
1.585364
1.624768
1.764597
1.738200
1.783343
1.949378
1.800941
1.803237
1.526640
1.627638
1.876307
2.494730
2.363700
1.838433
1.896966
2.039281
2.310331
2.545611
2.406547
2.321809
2.240130
2.325825
1.694779
1.965254
2.862569
2.414007
2.097049
1.622282
1.775692
2.291011
2.118282
1.489530
0.044378
-0.309881
0.327096
1.439605
2.267675
1.664173
2.319322
2.247590
1.997581
1.543855
2.084616
2.191926
0.738166
0.224568
1.188449
1.303220
0.706604
0.930215
2.177197
2.164190
2.447674
2.222723
2.010589
1.914181
2.439831
1.149810
1.274718
1.925276
1.593589
1.501390
1.769188
1.486470
0.512642
1.696883
2.491095
2.353370
2.036412
2.242425
2.138558
1.206812
1.578860
1.608892
1.039630
0.963116
1.149236
2.083851
0.879142
0.522206
2.987287
2.330607
2.027613
2.135115
-0.564288
0.233941
1.843980
1.074444
0.800142
0.832469
0.867666
2.003894
1.193614
-0.157044
3.030134
2.284891
2.093032
2.269588
0.628752
1.184241
1.698413
1.238757
0.912043
0.825774
1.119778
1.931780
0.517042
-0.486627
2.832155
2.355283
2.005615
2.054393
1.831929
0.638316
2.133393
1.733801
1.358501
1.426216
1.687510
1.732462
0.213282
-0.741800
2.967775
2.310140
2.009441
1.878603
2.407887
0.711769
1.330573
2.214115
2.184849
1.634907
2.357770
1.377438
1.423920
1.255399
2.261171
2.222914
2.007528
1.605258
1.952821
1.741261
1.259224
1.105623
0.442823
0.001530
0.235662
1.000799
1.644279
1.573696
2.228653
2.248929
1.993373
1.711803
1.843406
1.813949
2.095328
1.882046
-0.355023
-0.752320
1.300542
2.017858
1.658435
1.657861
2.120004
2.215263
1.906913
1.675459
1.751016
1.675650
1.743173
2.077347
2.186953
1.743556
1.891227
1.741452
1.501199
1.797307
2.297707
2.469671
1.764597
1.477671
1.758476
1.799220
1.962959
2.054393
1.978070
1.919538
1.942300
1.931397
1.613292
1.473080
2.721975
2.641896
3.659559
3.362782
3.113400
2.970108
2.763701
2.250204
2.185495
2.242223
2.230313
2.524634
2.938919
3.451311
2.795504
2.407618
3.493428
2.781751
2.149150
1.713500
1.634179
2.384410
2.181566
2.326086
2.512233
1.693117
1.601640
2.821657
2.341804
2.672962
3.135379
2.319579
1.477502
1.894611
2.308405
2.261623
1.318370
1.731181
1.719639
2.552629
2.345610
2.213245
2.613410
2.531265
2.571784
1.448401
1.596852
2.198142
1.423230
1.191284
2.361695
1.195336
1.384552
1.419546
2.688555
2.824849
2.423334
2.592659
2.400865
1.702940
1.957847
1.841199
2.284830
2.233627
1.985842
1.203440
1.817746
2.138713
2.445804
2.929096
2.647544
2.608744
2.240627
2.213122
2.150869
1.508936
2.134293
1.604096
0.824887
1.086178
1.291356
2.593272
1.234628
2.743073
3.262464
2.608130
2.131223
2.404671
2.217543
1.281902
2.189547
0.558192
0.717325
1.128663
0.421775
1.475415
1.544790
3.498216
3.098051
2.530405
2.234487
2.667313
3.066864
1.558296
1.682680
0.420424
0.484028
0.759686
0.175586
1.319475
1.673962
2.789364
3.115856
2.566996
2.265921
2.424317
2.851863
1.643020
1.701467
0.837288
0.050466
0.245084
0.650283
1.590835
2.162779
3.376780
3.275234
2.624829
2.485956
1.951339
2.776226
2.560979
1.376817
1.724182
1.496289
1.205037
1.976756
1.843777
3.737530
3.521178
2.998839
2.562576
2.627407
1.723323
1.929238
2.633178
2.163885
0.876334
0.446824
0.670788
0.870809
3.241467
2.442735
2.988157
2.220244
2.559138
2.797100
2.010523
1.499849
2.300302
2.805694
2.642142
2.153939
2.169655
2.907117
2.900732
2.339470
2.109121
2.216560
2.892015
3.124574
2.626916
2.329402
2.320070
2.567610
3.009399
3.487411
3.370640
2.938674
2.500199
2.237311
2.537404
2.617093
2.179110
3.840916
2.935604
2.794153
2.759158
2.610708
2.861563
2.655280
2.753387
2.862177
2.736442
2.742459
3.329629
1.625829
1.688858
1.939045
1.607904
1.587157
1.582885
1.567223
1.602615
1.560104
1.591021
1.566816
1.542001
1.582072
1.686824
1.775508
2.386125
2.556170
2.332834
2.464436
2.407890
2.183332
1.934366
1.990099
1.849547
1.922569
2.283406
2.439010
2.548645
2.012473
2.289509
2.075122
2.112141
2.258998
2.176823
2.208757
2.113361
2.668653
2.183942
1.952469
1.793815
2.309849
2.642617
1.865616
2.215266
2.106853
2.253710
2.311476
2.401787
3.154583
3.513794
3.214181
3.591901
3.415753
2.806763
2.410127
2.506337
1.966911
2.186383
2.109497
2.128210
2.280559
2.554340
3.456230
2.848054
2.707706
2.702011
3.064882
2.926975
3.160686
2.365175
2.042780
2.197977
2.205096
2.135736
2.470334
3.003658
3.156007
2.597258
2.577324
2.553119
2.567154
2.955859
3.331544
2.979249
1.994980
2.196960
2.250659
2.058442
1.354260
2.492098
2.490064
2.487827
2.440841
2.440434
2.533186
2.769541
2.757947
1.966301
1.988472
2.175806
2.243133
1.975250
1.806425
3.243470
2.333240
2.445519
2.338529
2.321240
2.500845
2.556170
2.397109
2.427213
1.860327
2.256354
2.190655
1.995794
2.172348
3.485113
2.596241
2.533186
2.459554
2.408093
2.460571
2.852123
3.298389
2.113971
2.048272
2.198384
2.188214
2.174382
2.418873
2.259202
2.919042
2.622277
2.590953
2.538271
2.768931
3.605122
3.565254
3.025422
2.118650
2.221572
2.121497
2.235200
2.198994
2.574680
2.484573
2.800254
1.585733
2.433722
2.384498
2.832392
3.203604
2.829545
1.969352
2.248828
2.048476
2.169501
2.172755
2.296018
2.519354
2.394872
2.268151
2.376158
2.435756
2.494133
2.672721
2.534203
1.915450
2.515286
2.241912
2.172959
2.248828
2.332427
2.469928
2.336088
2.439214
2.335071
2.410737
2.487217
2.450197
2.411551
2.004947
1.941689
2.048272
1.688452
1.708589
1.612379
1.750286
1.807849
1.896737
1.827986
1.825342
1.674824
1.642889
1.834902
1.590004
0.911590
0.935158
0.964735
0.971837
0.984713
1.027870
1.119645
1.135019
1.121908
1.144696
1.064861
0.969964
0.991347
1.213996
1.120035
1.252470
1.319663
1.431026
1.450224
1.464896
1.334490
1.309595
1.396064
1.427124
1.507740
1.471373
1.423925
1.323174
1.059944
1.160226
1.153593
1.308191
1.255748
1.231009
1.391304
1.215089
1.650788
1.977309
1.704090
1.391070
1.395206
1.159290
1.112934
1.248334
1.297031
1.380378
1.248490
1.600842
1.582113
1.057915
1.410736
1.714781
1.468096
0.920486
1.382797
1.246305
1.107549
1.290398
1.231321
1.138219
0.398162
0.845958
1.453112
1.357044
1.447727
1.372964
0.888177
0.577109
1.129946
1.289149
1.097248
1.282125
1.150237
0.945459
0.814898
1.158353
1.309674
1.259103
1.185511
1.121908
1.153046
1.329262
1.829969
1.210718
1.094984
1.295002
1.127215
1.374369
1.665382
1.346509
1.242637
1.256606
1.171074
1.216103
1.317790
1.263474
0.785164
1.149925
1.103881
1.265425
1.127215
0.247700
0.002576
1.164518
1.273775
1.255201
1.172557
1.168108
1.247709
0.570163
0.426803
1.207753
1.113402
1.283452
1.227419
0.733579
0.170674
1.061037
1.405039
1.431417
1.298904
1.310844
1.272917
0.745051
0.826135
1.189257
1.097638
1.254733
1.194642
1.282984
1.250675
1.289695
1.504072
1.354234
1.208143
1.358683
1.012574
0.804128
1.387090
1.297109
1.106378
1.245446
1.275024
1.275570
1.329106
1.295158
1.416355
1.969037
1.721024
1.547462
1.009062
1.193393
1.225390
1.316151
1.108642
1.277911
1.255826
1.310142
1.296563
1.366175
1.523426
2.118172
1.757313
1.413701
1.406756
1.299762
1.381549
1.199793
1.185199
1.242715
1.252782
1.269249
1.308815
1.344948
1.205021
1.065641
1.096467
1.236706
1.308737
1.368048
1.339719
1.187306
1.227575
1.370701
1.294534
1.306162
1.317243
1.340109
1.260430
1.235379
1.265347
1.305225
1.318726
1.294924
1.294143
1.339953
