4.280182
4.280182
4.280182
4.280182
4.280182
4.280182
4.280182
4.280182
4.280182
4.280182
4.280182
4.280182
4.280182
4.280182
4.280182
4.280182
4.280182
4.280182
4.280182
4.280182
4.280182
4.280182
4.280182
4.280182
4.280182
4.280182
4.280182
4.280182
4.280182
4.280182
4.280182
4.280182
4.280182
4.280182
4.280182
4.280182
4.280182
4.280182
4.280182
4.280182
4.280182
4.280182
4.280182
4.280182
4.280182
4.280182
4.280182
4.280182
4.280182
0.267039
0.038126
0.038126
0.038126
0.038126
0.038126
0.278920
0.038126
0.038126
0.038126
0.038126
0.038126
0.038126
0.038126
0.038126
0.038126
0.038126
0.038126
0.038126
0.038126
0.038126
0.038126
0.038126
0.038126
0.038126
0.038126
0.038126
0.038126
0.038126
0.038126
0.038126
0.038126
0.038126
0.038126
0.038126
0.038126
0.038126
0.038126
0.379251
0.755017
0.038126
0.038126
0.262550
0.064106
0.038126
0.368479
0.720165
0.043142
0.312293
0.418044
0.759586
1.000489
1.199886
1.224391
1.093342
0.623778
0.915249
0.934456
1.050689
0.988506
1.128683
1.011627
0.860485
1.002392
1.228176
0.814112
0.816405
1.067928
0.741569
1.167421
1.021988
1.150182
0.951586
0.841754
0.977086
0.707395
0.813074
0.979530
0.979335
0.391159
0.711483
0.803514
-0.100034
0.028204
1.011065
0.999753
0.763155
0.423516
-0.523571
0.073257
0.678737
0.919618
0.762116
0.834508
0.916741
0.576757
0.806823
0.643525
0.551481
0.585278
0.680649
0.484494
0.396510
0.346269
0.510398
0.018062
-0.279484
-0.279484
-0.279484
-0.279484
-0.279484
-0.078928
-0.239262
-0.279484
-0.279484
-0.279484
-0.248723
-0.250544
-0.269264
-0.279484
-0.279484
-0.279484
-0.279484
-0.279484
-0.279484
-0.279484
-0.279484
-0.279484
-0.279484
-0.279484
-0.279484
-0.279484
-0.279484
-0.131951
-0.279484
-0.279484
-0.253934
-0.253934
-0.279484
-0.172022
0.235720
0.370504
0.356439
0.220947
0.080243
0.190539
0.580421
4.453857
4.453857
4.453857
4.453857
4.453857
4.453857
4.453857
4.453857
4.453857
4.453857
4.453857
4.453857
4.453857
4.453857
4.453857
4.453857
4.453857
4.453857
4.453857
4.453857
4.453857
4.453857
4.453857
4.453857
4.453857
4.453857
4.453857
4.453857
4.453857
4.453857
4.453857
4.453857
4.453857
4.453857
4.453857
4.453857
4.453857
4.453857
4.453857
4.377914
4.453857
4.453857
4.453857
4.453857
4.453857
4.453857
4.453857
4.453857
4.453857
4.045897
4.045897
4.045897
4.045897
4.045897
4.045897
4.045897
4.045897
4.045897
4.045897
4.006798
3.897565
4.036478
4.045897
4.045897
4.045897
3.985745
3.939705
3.697673
3.784564
4.011359
4.045897
4.035718
3.575417
3.700019
3.699193
3.807468
3.985447
4.045897
4.045897
3.873768
3.638115
3.619904
3.917825
4.045897
4.045897
4.045897
4.045897
3.876379
3.891913
4.031223
4.045897
4.045897
4.045897
4.045897
4.045897
4.045897
4.045897
4.039882
0.527227
0.030748
0.030748
0.030748
0.030748
0.030748
0.139058
0.071043
0.030748
0.030748
0.030748
0.030748
0.030748
0.059883
0.030748
0.030748
0.030748
0.030748
0.030748
0.030748
0.030748
0.030748
0.030748
0.030748
0.030748
0.030748
0.030748
0.030748
0.030748
0.030748
0.030748
0.030748
0.030748
0.030748
0.030748
0.030748
0.030748
0.030748
0.030748
0.030748
0.030748
0.030748
0.152127
0.030748
0.030748
0.030748
0.030748
0.030748
0.241376
0.006559
0.006559
0.006559
0.006559
0.006559
0.006559
0.006559
0.006559
0.006559
0.006559
0.073643
0.180269
0.006559
0.006559
0.006559
0.006559
0.006559
0.126816
0.222789
0.073364
0.006559
0.006559
0.006559
0.279126
0.249166
0.033821
0.303689
0.034844
0.006559
0.006559
0.086110
0.172221
0.170313
0.295222
0.006559
0.006559
0.006559
0.006559
0.006559
0.231954
0.006559
0.006559
0.006559
0.006559
0.006559
0.006559
0.006559
0.006559
0.006559
4.352305
4.318772
4.173959
4.270832
4.352305
4.352305
4.352305
4.352305
4.352305
4.352305
4.352305
4.352305
4.352305
4.352305
4.352305
4.352305
4.352305
4.318772
4.182652
4.224672
4.352305
4.352305
4.352305
4.290786
4.290041
4.345557
4.236802
4.352305
4.352305
4.352305
4.344853
4.344936
4.314425
4.352305
4.352305
4.352305
4.318565
4.352305
4.352305
4.352305
4.352305
4.352305
4.352305
4.321256
4.352305
4.352305
4.352305
4.352305
4.352305
2.542089
2.542089
2.542089
2.542089
2.542089
2.542089
2.542089
2.542089
2.542089
2.542089
2.542089
2.542089
2.542089
2.542089
2.542089
2.542089
2.542089
2.542089
2.542089
2.542089
2.542089
2.542089
2.542089
2.542089
2.542089
2.542089
2.542089
2.542089
2.542089
2.542089
2.542089
2.542089
2.542089
2.542089
2.542089
2.542089
2.542089
2.542089
2.241328
1.496384
2.542089
2.542089
2.542089
2.542089
2.542089
2.505644
2.503746
2.542089
2.542089
0.174714
-0.094936
-0.094936
-0.094936
-0.094936
-0.094936
0.004175
0.056362
-0.094936
-0.094936
-0.094936
-0.094936
-0.094936
-0.094936
-0.034625
-0.094936
-0.094936
-0.094936
-0.094936
-0.045380
-0.050781
-0.094936
-0.094936
-0.094936
-0.094936
0.058994
-0.094936
-0.094936
-0.094936
-0.094936
-0.094936
-0.094936
-0.043747
-0.094936
-0.094936
-0.094936
-0.094936
-0.094936
0.011254
0.150118
-0.094936
-0.094936
-0.094936
-0.094936
-0.094936
-0.094936
-0.094936
-0.094936
0.089309
1.540896
1.547766
1.547766
1.547766
1.547766
1.547766
1.547766
1.547766
1.547766
1.547766
1.534025
1.534295
1.547766
1.547766
1.547766
1.547766
1.547766
1.534834
1.536315
1.547766
1.547766
1.547766
1.547766
1.389748
1.547766
1.547766
1.528798
1.406318
1.547766
1.547766
1.547766
1.547766
1.547766
1.547766
1.547766
1.547766
1.547766
1.547766
1.472381
1.141823
1.547766
1.547766
1.547766
1.547766
1.547766
1.534834
1.400956
1.547766
1.547766
3.549843
3.549843
3.549843
3.549843
3.549843
3.549843
3.549843
3.549843
3.549843
3.549843
3.549843
3.493390
3.497624
3.549843
3.549843
3.549843
3.549843
3.549843
3.549843
3.549843
3.549843
3.549843
3.549843
3.408710
3.549843
3.549843
3.549843
3.549843
3.549843
3.549843
3.260962
3.549843
3.549843
3.540846
3.541552
3.549843
3.549843
3.408710
3.297833
3.437907
3.451227
3.542169
3.549843
3.549843
3.549843
3.433144
3.446243
3.549843
3.549843
-0.512473
-0.512473
-0.512473
-0.512473
-0.512473
-0.512473
-0.512473
-0.512473
-0.512473
-0.512473
-0.512473
-0.512473
-0.512473
-0.512473
-0.512473
-0.512473
-0.512473
-0.512473
-0.512473
-0.512473
-0.512473
-0.512473
-0.512473
-0.512473
-0.512473
-0.512473
-0.512473
-0.512473
-0.512473
-0.512473
-0.512473
-0.512473
-0.512473
-0.512473
-0.512473
-0.512473
-0.512473
-0.512473
-0.512473
-0.512473
-0.512473
-0.512473
-0.512473
-0.512473
-0.512473
-0.512473
-0.512473
-0.512473
-0.512473
4.706289
4.706289
4.706289
4.706289
4.706289
4.706289
4.706289
4.706289
4.706289
4.706289
4.706289
4.706289
4.706289
4.706289
4.706289
4.706289
4.706289
4.706289
4.706289
4.706289
4.706289
4.706289
4.706289
4.706289
4.706289
4.706289
4.706289
4.706289
4.706289
4.706289
4.706289
4.706289
4.706289
4.706289
4.706289
4.706289
4.706289
4.706289
4.706289
4.706289
4.706289
4.706289
4.706289
4.706289
4.706289
4.706289
4.706289
4.706289
4.706289
0.272611
0.302260
0.012606
0.001984
0.001984
0.054511
0.201292
0.419568
0.432992
0.012956
0.012490
0.012606
0.062098
0.323504
0.127931
0.184484
0.049258
0.143747
0.248975
0.147541
0.001984
0.225571
0.218042
0.056086
0.227030
0.584851
0.336810
0.001984
0.182091
0.314808
0.001984
0.415833
0.954228
0.209813
0.001984
0.299692
0.574521
0.010855
0.040504
0.001984
0.001984
0.001984
0.146432
0.289887
0.001984
0.001984
0.001984
0.001984
0.007237
0.052002
-0.006243
-0.006243
-0.006243
-0.006243
-0.006243
-0.006243
-0.006243
-0.006243
-0.006243
-0.006243
-0.006243
-0.006243
-0.006243
-0.006243
-0.006243
-0.006243
-0.006243
-0.006243
-0.006243
-0.006243
-0.006243
-0.006243
-0.006243
-0.006243
-0.006243
-0.006243
-0.006243
-0.006243
-0.006243
-0.006243
-0.006243
-0.006243
-0.006243
-0.006243
-0.006243
-0.006243
-0.006243
-0.006243
-0.006243
-0.006243
-0.006243
-0.006243
-0.006243
-0.006243
-0.006243
-0.006243
-0.006243
-0.006243
1.615448
1.615448
1.615448
1.615448
1.615448
1.615448
1.615448
1.615448
1.615448
1.615448
1.615448
1.615448
1.615448
1.615448
1.615448
1.615448
1.615448
1.615448
1.615448
1.615448
1.615448
1.615448
1.615448
1.615448
1.615448
1.615448
1.615448
1.615448
1.615448
1.615448
1.615448
1.615448
1.615448
1.615448
1.615448
1.615448
1.615448
1.615448
1.615448
1.615448
1.615448
1.615448
1.615448
1.615448
1.615448
1.591886
1.593433
1.615448
1.615448
1.828453
0.219289
-0.195963
-0.207809
-0.207809
-0.207809
0.665032
-0.109535
-0.207809
-0.207809
-0.207809
-0.207809
-0.207809
-0.131471
-0.207809
-0.207809
-0.207809
-0.207809
-0.207809
-0.207809
-0.207809
-0.207809
-0.207809
-0.207809
-0.207809
-0.207809
-0.207809
-0.207809
-0.207809
-0.207809
-0.207809
-0.207809
-0.207809
-0.207809
-0.207809
-0.207809
-0.207809
-0.207809
-0.207809
-0.133226
-0.207809
-0.207809
0.056303
-0.207809
-0.207809
-0.207809
-0.207809
-0.207809
-0.149970
1.760657
0.894738
0.992724
0.799721
0.510597
0.677225
1.585121
0.477702
-0.015196
-0.015196
-0.000873
-0.000524
-0.015196
0.296519
-0.015196
-0.015196
-0.010422
0.012576
0.003493
0.099092
-0.015196
-0.015196
0.062122
0.272124
0.100722
0.027771
0.722113
0.037203
0.019970
-0.015196
0.124709
0.151316
0.063111
0.412786
0.007860
0.294132
-0.015196
0.172858
0.311190
0.221239
0.258326
0.368421
1.235097
0.180718
0.248603
0.435084
0.541279
0.310725
0.979798
0.005673
0.005673
0.005673
0.005673
0.005673
0.005673
0.005673
0.005673
0.005673
0.005673
0.020971
0.022118
0.005673
0.005673
0.005673
0.005673
0.005673
0.022883
0.019824
0.061765
0.065972
0.005673
0.005673
0.249484
0.005673
0.005673
0.097078
0.083756
0.005673
0.005673
0.005673
0.005673
0.005673
0.005673
0.005673
0.005673
0.005673
0.005673
0.137745
0.144183
0.005673
0.005673
0.005673
0.005673
0.005673
0.005673
0.005673
0.005673
0.005673
4.024626
4.024626
4.024626
4.024626
4.024626
4.024626
4.024626
4.024626
4.024626
4.024626
3.443359
2.843580
4.024626
4.024626
4.024626
4.024626
4.024626
4.024626
4.024626
4.024626
3.871048
4.024626
3.292660
2.863737
4.024626
4.024626
4.024626
3.358479
4.024626
4.024626
4.024626
4.024626
4.024626
4.024626
4.024626
4.024626
4.024626
4.024626
3.345498
3.195394
4.024626
4.024626
4.024626
4.024626
4.024626
3.386955
3.200101
4.024626
4.024626
0.000781
0.000781
0.000781
0.000781
0.000781
0.000781
0.042415
0.000781
0.000781
0.000781
0.000781
0.000781
0.000781
0.046578
0.000781
0.000781
0.000781
0.000781
0.000781
0.000781
0.000781
0.000781
0.000781
0.000781
0.000781
0.000781
0.000781
0.000781
0.000781
0.000781
0.000781
0.000781
0.000781
0.000781
0.000781
0.000781
0.000781
0.000781
0.000781
0.000781
0.000781
0.000781
0.000781
0.000781
0.000781
0.000781
0.000781
0.000781
0.084466
-0.006734
-0.006734
-0.006734
-0.006734
-0.006734
-0.006734
-0.006734
0.018517
-0.006734
-0.006734
0.113678
0.428867
0.423619
0.096349
-0.006734
-0.006734
-0.006734
0.151505
0.095062
0.288651
0.259340
-0.006734
0.192203
0.504223
0.023864
0.198045
0.143583
0.501896
-0.006734
0.202353
0.549427
0.001485
0.176508
0.035648
0.227307
-0.006734
-0.006734
-0.006734
-0.006734
-0.006734
0.012675
0.111004
-0.006734
-0.006734
-0.006734
-0.001881
0.049709
0.088130
0.298157
-0.016111
-0.016111
-0.016111
-0.016111
-0.016111
-0.016111
-0.016111
-0.016111
-0.016111
-0.016111
-0.016111
-0.016111
-0.016111
-0.016111
-0.016111
-0.016111
0.016827
0.018618
-0.016111
0.199423
0.018618
-0.016111
-0.016111
0.078051
0.015037
-0.016111
0.172810
0.165888
-0.016111
0.003342
0.002745
-0.016111
-0.016111
-0.016111
-0.016111
-0.016111
-0.016111
-0.016111
-0.016111
-0.016111
-0.016111
-0.016111
-0.016111
-0.016111
-0.016111
-0.016111
-0.016111
-0.016111
-0.016111
4.306988
4.306988
4.306988
4.306988
4.306988
4.306988
4.306988
4.306988
4.306988
4.306988
4.306988
4.306988
4.306988
4.306988
4.306988
4.306988
4.306988
4.306988
4.306988
4.306988
4.306988
4.306988
4.306988
4.306988
4.306988
4.306988
4.306988
4.306988
4.306988
4.306988
4.286859
4.288560
4.306988
4.306988
4.306988
4.306988
4.306988
4.300609
4.300751
4.306988
4.306988
4.306988
4.189510
4.306988
4.306988
4.306988
4.306988
4.291040
4.290828
0.947054
1.162267
1.024299
1.082298
1.131840
0.969809
0.972425
1.318740
1.776127
1.534498
1.426695
1.492846
1.351281
1.295549
1.295070
1.776127
0.641454
0.543154
1.714096
1.467933
1.508822
1.285697
1.776127
1.314926
1.374385
1.770853
1.463007
1.758080
1.315383
1.776127
1.246639
1.136853
1.601106
0.891758
1.632013
1.302393
1.768760
1.286417
1.006470
0.612814
0.304838
1.241408
1.150715
1.292389
1.253636
1.344568
1.098362
1.364664
1.332123
1.476341
1.476341
1.476341
1.476341
1.456458
1.476341
1.476341
1.476341
1.476341
1.308517
-0.021625
-0.718938
0.510983
1.476341
1.476341
1.338797
0.793558
0.628437
0.711374
0.378663
0.589424
1.476341
0.260170
-1.080238
1.253260
1.407855
-0.052216
-0.960394
1.476341
1.138276
0.030669
1.013415
1.180408
0.318104
-0.381288
1.476341
1.476341
1.280759
-1.580098
-2.817842
0.681562
1.476341
1.476341
1.476341
1.476341
0.073918
-0.777859
1.311662
1.476341
0.046438
0.046438
0.046438
0.046438
0.046438
0.046438
0.046438
0.046438
0.046438
0.046438
0.046438
0.046438
0.046438
0.046438
0.046438
0.046438
0.046438
0.046438
0.046438
0.046438
0.046438
0.046438
0.046438
0.046438
0.046438
0.046438
0.046438
0.046438
0.046438
0.046438
0.046438
0.046438
0.046438
0.046438
0.046438
0.046438
0.046438
0.046438
0.180448
0.068940
0.046438
0.046438
0.046438
0.046438
0.046438
0.046438
0.067937
0.046438
0.046438
-0.091415
-0.091415
-0.091415
-0.091415
-0.091415
-0.091415
-0.091415
-0.091415
-0.091415
-0.091415
0.300466
0.634046
-0.068354
-0.091415
-0.091415
-0.091415
-0.091415
0.304560
0.657885
-0.064985
-0.091415
-0.091415
-0.091415
-0.091415
-0.091415
-0.091415
-0.091415
-0.091415
-0.091415
-0.091415
-0.091415
-0.091415
-0.091415
-0.091415
-0.091415
-0.091415
-0.091415
-0.091415
0.393072
1.527360
-0.091415
-0.091415
-0.091415
-0.091415
-0.091415
0.046847
0.294817
-0.091415
-0.091415
3.636422
3.127690
3.471652
3.329336
3.058329
3.039167
3.001792
3.540364
2.648300
2.754188
2.921702
3.165664
2.805585
2.362372
3.123948
2.826193
3.140814
3.527739
4.041062
3.493907
2.654986
3.218109
3.282181
3.183428
3.757929
4.068307
3.850294
3.370754
3.208379
2.338270
2.744607
3.810274
3.771003
3.054886
1.673151
3.292959
2.573399
2.166414
3.512120
3.935523
2.767910
2.710425
3.339666
2.482282
2.585625
2.804836
3.015165
2.657381
2.797002
2.664820
2.920269
2.543499
1.845302
1.525447
2.250590
3.400234
2.729346
1.947893
0.326260
-0.589322
-0.351757
-0.185122
2.028612
2.323334
0.338344
-1.090675
-1.060103
-0.739402
-0.730581
0.290371
2.031633
-0.153946
-1.103121
-1.103121
-0.991830
-0.849243
-0.202160
2.213251
-0.050872
-1.040044
-1.025182
-1.082579
-0.955338
-0.164822
2.412874
0.958600
-0.589564
-0.765624
-0.728285
-0.438638
1.527984
3.022618
2.422662
1.557952
0.812146
0.573130
1.258155
3.506570
-0.012510
-0.012510
-0.012510
-0.012510
-0.012510
-0.012510
-0.012510
-0.012510
-0.012510
-0.012510
-0.012510
-0.012510
-0.012510
-0.012510
-0.012510
-0.012510
-0.012510
-0.012510
-0.012510
-0.012510
-0.012510
-0.012510
-0.012510
-0.012510
-0.012510
-0.012510
-0.012510
-0.012510
-0.012510
-0.012510
-0.012510
-0.012510
-0.012510
-0.012510
-0.012510
-0.012510
-0.012510
-0.012510
0.088543
0.074939
-0.012510
-0.012510
-0.012510
-0.012510
-0.012510
0.064251
0.076883
-0.012510
-0.012510
-0.002254
-0.002254
-0.002254
-0.002254
-0.002254
-0.002254
-0.002254
-0.002254
-0.002254
-0.002254
-0.002254
-0.002254
-0.002254
-0.002254
-0.002254
-0.002254
-0.002254
-0.002254
-0.002254
-0.002254
-0.002254
-0.002254
-0.002254
-0.002254
-0.002254
-0.002254
-0.002254
-0.002254
-0.002254
-0.002254
-0.002254
-0.002254
-0.002254
-0.002254
-0.002254
-0.002254
-0.002254
-0.002254
-0.002254
-0.002254
-0.002254
-0.002254
-0.002254
-0.002254
-0.002254
-0.002254
-0.002254
-0.002254
-0.002254
1.073204
0.923881
1.081975
1.307394
1.348328
1.179500
1.024034
0.573419
0.635876
0.647109
0.962595
1.457272
1.298566
0.720780
0.582450
0.465401
0.278844
0.343096
0.702367
0.619591
0.382107
0.522713
-0.103244
-0.443990
0.372410
0.600955
0.133889
-0.034532
0.457425
-0.018173
-0.171807
0.334325
0.512239
0.067342
-0.084442
0.497619
0.471304
0.800558
0.886943
1.085732
0.578119
0.377961
0.797283
0.787623
1.123095
1.371331
1.447445
1.123595
0.539886
3.852389
3.871617
3.871617
3.871617
3.871617
3.871617
3.871617
3.871617
3.871617
3.871617
3.871617
3.871617
3.871617
3.871617
3.871617
3.871617
3.871617
3.871617
3.871617
3.871617
3.871617
3.871617
3.871617
3.822226
3.868450
3.871617
3.672243
3.595668
3.871617
3.871617
3.188211
3.596159
3.833160
2.891224
2.422084
3.871617
3.871617
3.710060
3.370128
3.623531
3.149377
3.584395
3.871617
3.871617
3.871617
3.699767
3.628055
3.871617
3.871617
-0.012273
-0.012273
-0.012273
-0.012273
-0.012273
-0.012273
-0.012273
-0.012273
-0.012273
-0.012273
-0.012273
-0.012273
-0.012273
-0.012273
-0.012273
-0.012273
0.038198
-0.012273
-0.012273
0.058822
0.045242
-0.012273
-0.012273
0.447770
-0.012273
-0.012273
0.061291
0.065575
-0.012273
-0.012273
-0.012273
-0.012273
-0.012273
-0.012273
-0.012273
-0.012273
-0.012273
-0.012273
-0.012273
-0.012273
-0.012273
-0.012273
-0.012273
-0.012273
-0.012273
-0.012273
-0.012273
-0.012273
-0.012273
4.531098
4.531098
4.531098
4.531098
4.531098
4.531098
4.531098
4.531098
4.531098
4.531098
4.531098
4.531098
4.531098
4.531098
4.531098
4.531098
4.531098
4.531098
4.531098
4.531098
4.531098
4.531098
4.531098
4.531098
4.531098
4.531098
4.531098
4.531098
4.531098
4.531098
4.531098
4.531098
4.531098
4.531098
4.531098
4.531098
4.531098
4.531098
4.531098
4.512354
4.531098
4.531098
4.531098
4.531098
4.531098
4.531098
4.513533
4.531098
4.531098
-0.003448
-0.003448
-0.003448
-0.003448
-0.003448
-0.003448
-0.003448
-0.003448
-0.003448
-0.003448
-0.003448
-0.003448
-0.003448
-0.003448
-0.003448
-0.003448
0.070262
0.063796
-0.003448
-0.003448
-0.003448
-0.003448
-0.003448
0.058624
0.072202
-0.003448
0.216462
-0.003448
-0.003448
-0.003448
-0.003448
-0.003448
-0.003448
0.735742
0.214953
-0.003448
-0.003448
-0.003448
-0.003448
-0.003448
0.101298
-0.003448
-0.003448
-0.003448
-0.003448
-0.003448
-0.003448
-0.003448
-0.003448
3.117474
2.991680
3.343442
3.614896
3.717452
3.419681
3.076129
3.270025
3.094969
3.630804
3.866301
3.736952
3.784088
3.323246
3.281827
3.708106
4.210146
4.256659
4.256659
4.149632
3.971350
3.289891
3.735156
4.186395
4.256659
4.256659
4.256659
4.222938
3.258149
3.036104
3.932131
4.256659
4.256659
4.256659
3.811358
3.494673
3.339190
2.941318
3.706419
3.609361
3.772725
3.490971
3.520880
3.244551
3.081847
3.040392
2.737929
3.629191
3.134738
4.076010
4.076010
4.076010
4.076010
4.076010
4.076010
4.076010
4.076010
4.076010
4.076010
4.076010
4.076010
4.076010
4.076010
4.076010
4.076010
4.076010
4.076010
4.076010
4.076010
4.076010
4.076010
4.076010
4.076010
4.076010
4.076010
4.076010
4.076010
4.076010
4.076010
4.076010
4.076010
4.076010
4.076010
4.076010
4.076010
4.076010
4.076010
4.076010
4.076010
4.076010
4.076010
4.076010
4.076010
4.076010
4.076010
4.076010
4.076010
4.043823
4.530745
4.530745
4.530745
4.530745
4.530745
4.530745
4.530745
4.530745
4.530745
4.366313
3.431327
3.334002
3.897216
4.530745
4.530745
4.530745
3.547762
4.024020
4.381127
3.346199
3.946891
4.530745
4.234472
3.150807
4.530745
4.530745
3.969950
3.095601
4.530745
4.187760
1.920733
4.158380
4.530745
3.178212
3.223443
4.530745
4.530745
4.073201
3.381701
3.016793
3.521098
4.473268
4.530745
4.530745
4.530745
4.181637
3.769078
4.530745
4.321873
0.981791
-0.573361
-0.642853
-1.033578
-1.022346
-0.551064
0.415456
0.706369
-1.063953
-1.063953
-0.364278
0.406880
-0.410587
-0.604456
0.344636
-1.063953
-0.188778
1.588072
1.916608
0.095994
-0.825047
0.457560
-1.063953
-0.008465
0.175389
-0.179705
0.329200
-0.498171
0.401735
-1.063953
-0.994738
-0.983783
-1.063953
-0.682966
-0.878771
0.429454
-1.063953
-0.965193
-1.063953
-1.063953
-1.056262
-1.055045
1.316690
-1.021627
-0.943283
-0.634388
-0.421874
-0.656132
-0.822336
1.363104
1.363104
1.363104
1.363104
1.363104
1.363104
1.363104
1.363104
1.363104
1.363104
1.363104
1.363104
1.363104
1.363104
1.363104
1.363104
1.363104
1.363104
1.363104
1.363104
1.363104
1.363104
1.352384
1.352652
1.363104
1.363104
1.363104
1.363104
1.363104
1.363104
1.363104
1.363104
1.363104
1.359531
1.359620
1.363104
1.363104
1.363104
1.363104
1.363104
1.363104
1.363104
1.363104
1.363104
1.363104
1.363104
1.363104
1.363104
1.363104
0.008522
0.008522
0.008522
0.008522
0.008522
0.008522
0.008522
0.008522
0.008522
0.008522
0.008522
0.008522
0.008522
0.008522
0.008522
0.008522
0.008522
0.008522
0.008522
0.008522
0.008522
0.008522
0.008522
0.008522
0.008522
0.008522
0.008522
0.008522
0.008522
0.008522
0.008522
0.008522
0.008522
0.008522
0.008522
0.008522
0.008522
0.008522
0.008522
0.008522
0.008522
0.008522
0.008522
0.008522
0.008522
0.008522
0.008522
0.008522
0.008522
1.523407
1.523407
1.523407
1.523407
1.523407
1.523407
1.523407
1.678758
1.764201
1.740413
1.593477
1.523407
1.537001
1.691866
1.319995
1.197171
1.319024
1.477935
1.607070
1.702708
1.530204
1.260687
1.235280
1.470976
1.691623
1.748989
1.592830
1.207447
1.241106
1.092309
0.811141
0.673914
0.705874
1.062938
0.559343
1.137296
1.017223
0.766073
1.965590
1.826988
0.569214
0.593650
1.144902
0.863572
0.884285
-0.214012
0.271540
0.633944
0.988742
3.751861
3.423452
3.641887
3.408580
3.356266
3.512964
3.613304
3.696347
2.731582
2.550731
2.437663
2.322065
2.936658
2.713195
3.760052
2.968651
2.940244
3.363614
3.311053
3.617488
3.096098
3.756994
3.239753
3.441207
3.823688
3.845837
3.781710
3.720359
3.803261
2.949912
3.106681
3.760650
3.689139
3.785507
3.446797
3.748556
2.639153
2.375751
3.363473
3.726723
3.374126
2.907442
3.653946
2.855232
2.719699
2.039713
2.424655
2.529706
2.896613
3.881228
3.881228
3.881228
3.881228
3.881228
3.881228
3.860710
3.881228
3.881228
3.881228
3.881228
3.881228
3.862645
3.772830
3.881228
3.881228
3.881228
3.881228
3.881228
3.881228
3.822556
3.881228
3.881228
3.617977
3.881228
3.881228
3.875034
3.875507
3.881228
3.881228
3.881228
3.881228
3.881228
3.881228
3.870259
3.881228
3.881228
3.881228
3.881228
3.881228
3.881228
3.840192
3.881228
3.848321
3.881228
3.850257
3.852623
3.881228
3.443380
3.358314
3.358314
3.358314
3.358314
3.358314
3.358314
3.358314
3.358314
3.358314
3.358314
3.358314
3.358314
3.358314
3.358314
3.358314
3.358314
3.358314
3.358314
3.358314
3.343678
3.342907
3.358314
3.328656
3.328463
3.358314
3.358314
3.345372
3.344756
3.358314
3.358314
3.358314
3.358314
3.358314
3.358314
3.358314
3.358314
3.358314
3.358314
3.358314
3.358314
3.358314
3.358314
3.358314
3.358314
3.358314
3.358314
3.358314
3.358314
3.358314
3.777039
3.777039
3.777039
3.777039
3.777039
3.777039
3.777039
3.777039
3.777039
3.777039
3.770902
3.398005
3.557555
3.777039
3.777039
3.777039
3.777039
3.777039
3.777039
3.777039
3.777039
3.777039
3.611352
3.616875
3.777039
3.777039
3.777039
3.777039
3.777039
3.777039
3.777039
3.777039
3.777039
3.777039
3.777039
3.777039
3.777039
3.777039
3.777039
3.777039
3.777039
3.777039
3.777039
3.777039
3.777039
3.777039
3.777039
3.777039
3.777039
1.378333
0.608783
0.716630
0.432822
-0.112434
0.528457
1.338600
0.385234
-0.269302
-0.269302
-0.269302
-0.269302
-0.269302
-0.251242
-0.096323
-0.269302
-0.269302
-0.269302
-0.269302
-0.269302
-0.269302
-0.158646
-0.269302
-0.269302
-0.269302
-0.269302
-0.269302
-0.269302
-0.154002
-0.269302
-0.269302
-0.269302
-0.269302
-0.269302
-0.269302
-0.044893
-0.269302
-0.269302
-0.269302
-0.269302
-0.269302
-0.269302
0.682688
-0.269302
-0.269302
-0.269302
-0.269302
-0.269302
-0.130322
-0.002689
-0.002689
-0.002689
-0.002689
-0.002689
-0.002689
-0.002689
-0.002689
-0.002689
-0.002689
-0.002689
-0.002689
-0.002689
-0.002689
-0.002689
-0.002689
-0.002689
-0.002689
-0.002689
-0.002689
-0.002689
-0.002689
-0.002689
-0.002689
-0.002689
-0.002689
-0.002689
-0.002689
-0.002689
-0.002689
-0.002689
-0.002689
-0.002689
-0.002689
-0.002689
-0.002689
-0.002689
-0.002689
-0.002689
-0.002689
-0.002689
-0.002689
-0.002689
-0.002689
-0.002689
-0.002689
-0.002689
-0.002689
-0.002689
0.068583
0.008902
-0.017623
0.249489
0.144706
-0.017623
-0.010991
0.120225
0.129264
0.288686
0.463778
0.158105
0.012172
0.028069
-0.017623
0.238770
0.585865
0.095744
-0.017623
-0.017623
0.117818
-0.017623
0.059817
0.144297
0.008902
-0.017623
-0.017623
0.010174
-0.017623
0.349457
0.155153
0.199210
0.241223
0.179952
0.399418
0.094836
0.856883
0.517554
-0.017623
0.126311
0.795975
0.773902
0.106145
0.825998
0.987827
1.253712
1.442521
1.251714
0.572012
0.166825
0.460327
0.419288
0.566117
0.585276
0.605324
0.156670
0.022090
0.001309
-0.033920
0.553397
0.624535
-0.033920
0.019054
0.074174
-0.026173
-0.033920
0.351867
0.513458
-0.033920
-0.028162
0.088621
0.167610
0.198023
-0.005392
0.052764
0.004816
0.224877
0.020519
-0.009736
0.013767
-0.014029
0.121546
0.009003
0.295805
0.107256
0.428448
0.359666
0.624797
2.497564
0.091029
0.224301
0.012563
0.810519
0.877364
0.931437
1.494728
0.966875
0.606476
-0.234802
-0.234802
-0.234802
-0.234802
-0.234802
-0.234802
-0.234802
-0.234802
-0.234802
-0.234802
0.383722
0.556033
-0.130732
-0.234802
-0.234802
-0.234802
-0.234802
0.261811
0.383722
-0.075079
-0.234802
-0.234802
-0.234802
0.316820
-0.026662
-0.234802
0.319198
0.195008
-0.234802
-0.234802
0.271277
0.136332
0.104615
0.118640
0.074485
-0.234802
-0.234802
-0.234802
1.155775
2.304364
0.040637
-0.234802
-0.234802
-0.234802
-0.234802
0.173550
0.496366
-0.234802
-0.234802
-0.004174
-0.004174
-0.004174
-0.004174
-0.004174
-0.004174
-0.004174
-0.004174
-0.004174
-0.004174
-0.004174
-0.004174
-0.004174
-0.004174
-0.004174
-0.004174
-0.004174
-0.004174
-0.004174
-0.004174
-0.004174
-0.004174
-0.004174
-0.004174
-0.004174
-0.004174
-0.004174
-0.004174
-0.004174
-0.004174
-0.004174
-0.004174
-0.004174
-0.004174
-0.004174
-0.004174
-0.004174
-0.004174
0.051553
0.047378
-0.004174
-0.004174
-0.004174
-0.004174
-0.004174
0.027829
0.026437
-0.004174
-0.004174
1.635172
1.610916
1.616028
1.756822
1.841578
1.662959
1.343174
1.638053
2.031349
1.921966
1.494005
1.878566
1.565564
2.001517
1.645116
2.123075
2.093708
1.862674
1.860723
1.906167
1.314364
1.717140
1.873640
2.089619
1.727641
1.887302
1.901706
2.107741
1.599114
2.088689
1.986462
2.119451
2.184040
2.212291
1.977169
1.554598
2.097797
1.815835
1.471887
2.036925
1.863789
1.937579
1.529878
1.869737
1.835723
1.322542
1.471980
1.948545
1.622254
0.535035
0.769668
0.604784
0.390601
0.400659
0.522692
0.554637
0.709647
0.902092
0.694356
0.492258
0.354971
0.572360
0.523945
0.865025
0.494358
0.707731
1.269885
0.777259
0.455191
0.121701
0.916093
0.180949
0.391780
0.850471
1.418299
0.805593
0.030545
0.837427
0.129955
0.801540
1.242029
1.279317
1.170328
0.211052
1.004264
0.844170
0.615580
0.512670
0.921804
1.683366
0.797118
0.548410
1.180902
1.091367
0.678402
0.981383
1.041994
0.808946
-0.002309
-0.002309
-0.002309
-0.002309
-0.002309
-0.002309
-0.002309
-0.002309
-0.002309
-0.002309
0.492546
0.902210
-0.002309
-0.002309
-0.002309
-0.002309
0.093159
0.565199
0.875819
0.381236
0.079443
-0.002309
-0.002309
0.296225
0.236745
-0.002309
0.814754
0.204515
-0.002309
0.241000
0.734813
0.037209
-0.002309
0.323068
0.165450
-0.002309
0.113710
0.354619
0.300978
0.563479
-0.002309
-0.002309
-0.002309
-0.002309
-0.002309
0.059164
0.072653
-0.002309
-0.002309
-0.093720
-0.222466
-0.222466
-0.222466
-0.222466
-0.222466
0.070116
-0.222466
-0.222466
-0.222466
-0.222466
-0.222466
-0.222466
-0.222466
-0.222466
-0.222466
-0.222466
-0.222466
-0.222466
-0.222466
-0.222466
-0.222466
-0.222466
-0.222466
-0.222466
-0.222466
-0.222466
-0.222466
-0.222466
-0.222466
-0.222466
-0.222466
-0.222466
-0.222466
-0.222466
-0.222466
-0.222466
-0.222466
-0.222466
-0.222466
-0.222466
-0.222466
-0.222466
-0.222466
-0.222466
-0.222466
-0.222466
-0.222466
-0.222466
3.835550
3.835550
3.835550
3.835550
3.835550
3.835550
3.835550
3.835550
3.835550
3.835550
3.835550
3.835550
3.835550
3.835550
3.835550
3.835550
3.835550
3.835550
3.835550
3.835550
3.835550
3.835550
3.835550
3.835550
3.835550
3.835550
3.835550
3.835550
3.835550
3.835550
3.835550
3.835550
3.835550
3.835550
3.835550
3.835550
3.835550
3.835550
3.835550
3.835550
3.835550
3.835550
3.835550
3.835550
3.835550
3.835550
3.835550
3.835550
3.835550
-0.009482
-0.009482
-0.009482
0.237565
0.569650
-0.003651
-0.009482
-0.009482
-0.009482
0.962381
1.498716
0.995645
0.097612
-0.009482
-0.009482
-0.003600
0.471328
0.179759
-0.009482
0.037574
0.421787
-0.009482
0.174181
0.310432
-0.009482
-0.009482
0.022971
0.308708
-0.009482
-0.009482
-0.009482
-0.009482
-0.009482
-0.009482
-0.009482
-0.009482
-0.009482
-0.009482
0.066985
0.066326
-0.009482
-0.009482
-0.009482
-0.009482
-0.009482
0.043254
0.037980
-0.009482
-0.009482
-0.034745
-0.034745
-0.034745
-0.034745
-0.034745
-0.034745
-0.034745
-0.034745
-0.034745
-0.034745
-0.034745
-0.034745
-0.034745
-0.034745
-0.034745
-0.034745
-0.034745
-0.034745
-0.034745
-0.034745
-0.034745
-0.034745
-0.034745
-0.034745
-0.034745
-0.034745
-0.034745
-0.034745
-0.034745
-0.034745
-0.034745
-0.034745
-0.034745
-0.034745
-0.034745
-0.034745
-0.034745
-0.034745
-0.034745
-0.034745
-0.034745
-0.034745
-0.034745
-0.034745
-0.034745
-0.034745
-0.034745
-0.034745
-0.034745
2.465327
2.847174
2.847174
2.847174
2.847174
2.847174
2.623556
2.847174
2.847174
2.847174
2.847174
2.847174
2.721389
2.665152
2.847174
2.847174
2.847174
2.847174
2.847174
2.847174
2.801835
2.847174
2.847174
2.847174
2.847174
2.847174
2.847174
2.847174
2.847174
2.847174
2.847174
2.847174
2.847174
2.847174
2.830869
2.840228
2.847174
2.847174
2.847174
2.847174
2.847174
2.829039
2.361879
2.782784
2.832948
2.713985
2.707205
2.830744
2.681541
-0.008941
-0.008941
-0.008941
-0.008941
-0.008941
-0.008941
-0.008941
-0.008941
-0.008941
-0.008941
-0.008941
-0.008941
-0.008941
-0.008941
-0.008941
-0.008941
-0.008941
-0.008941
-0.008941
-0.008941
-0.008941
-0.008941
-0.008941
-0.008941
-0.008941
-0.008941
-0.008941
-0.008941
-0.008941
-0.008941
-0.008941
-0.008941
-0.008941
-0.008941
-0.008941
-0.008941
-0.008941
-0.008941
-0.008941
-0.008941
-0.008941
-0.008941
-0.008941
-0.008941
-0.008941
-0.008941
-0.008941
-0.008941
-0.008941
2.116559
2.031004
1.857025
1.847959
1.909546
1.878766
1.964014
2.123089
2.123089
2.110900
2.062450
2.010005
2.001401
2.123089
2.123089
2.123089
2.110593
2.066931
2.112693
2.116431
2.123089
2.123089
2.123089
2.123089
2.123089
2.087059
2.116841
2.123089
2.123089
2.123089
2.028622
2.019890
2.033974
2.036510
2.033206
2.123089
2.123089
2.026241
1.995767
2.035792
1.944142
1.934872
2.059992
1.669038
1.546300
1.648040
1.638667
1.529809
1.534597
3.926942
3.926942
3.926942
3.926942
3.926942
3.926942
3.926942
3.926942
3.926942
3.926942
3.710609
3.631554
3.926942
3.926942
3.926942
3.926942
3.717216
3.618432
3.589114
3.632472
3.841464
3.926942
3.926942
3.776908
3.926942
3.926942
3.821139
3.830911
3.926942
3.926942
3.016829
3.491936
3.913728
3.458488
3.871884
3.926942
3.926942
3.741212
3.277621
3.865139
3.623020
3.926942
3.926942
3.926942
3.926942
3.926942
3.914829
3.914417
3.768787
-0.004885
-0.004885
-0.004885
-0.004885
-0.004885
-0.004885
-0.004885
-0.004885
-0.004885
-0.004885
-0.004885
-0.004885
-0.004885
-0.004885
-0.004885
-0.004885
-0.004885
-0.004885
-0.004885
-0.004885
-0.004885
-0.004885
-0.004885
-0.004885
-0.004885
-0.004885
-0.004885
-0.004885
-0.004885
-0.004885
-0.004885
-0.004885
-0.004885
-0.004885
-0.004885
-0.004885
-0.004885
-0.004885
-0.004885
-0.004885
-0.004885
-0.004885
-0.004885
-0.004885
-0.004885
-0.004885
-0.004885
-0.004885
-0.004885
-0.102193
-0.181481
-0.181481
-0.181481
-0.181481
-0.181481
-0.164069
-0.181481
-0.181481
-0.181481
-0.181481
-0.181481
-0.181481
-0.181481
-0.181481
-0.181481
-0.181481
-0.181481
-0.181481
-0.181481
-0.181481
-0.181481
-0.181481
-0.181481
-0.181481
-0.141837
-0.181481
-0.181481
-0.181481
-0.181481
-0.181481
-0.181481
-0.181481
-0.181481
-0.181481
-0.181481
-0.181481
-0.181481
-0.042183
-0.052962
-0.181481
-0.181481
-0.164069
-0.181481
-0.181481
-0.181481
-0.181481
-0.181481
-0.181481
1.331386
1.331386
1.331386
1.286378
1.295659
1.317129
1.317184
1.213509
1.038492
0.855722
1.038380
1.254975
1.250987
1.170607
1.159108
0.740566
0.160928
0.640692
1.081580
0.546893
0.448846
1.179366
0.125015
-1.109833
0.020165
1.058526
-0.193355
-0.555932
1.126215
0.335143
-0.259180
0.428588
1.233021
0.168196
0.116218
1.135775
0.951533
0.794090
1.186858
1.297560
1.293628
1.171613
1.268375
1.260100
1.161885
1.150107
1.260193
1.304884
1.182460
-0.016350
-0.016350
-0.016350
-0.016350
-0.016350
-0.016350
-0.016350
-0.016350
-0.016350
-0.016350
0.296403
0.052951
-0.016350
-0.016350
-0.016350
-0.016350
-0.016350
0.225182
-0.016350
-0.016350
-0.016350
-0.016350
0.246176
0.224439
-0.016350
-0.016350
-0.016350
0.399580
-0.016350
-0.016350
-0.016350
-0.016350
-0.016350
-0.016350
0.269772
-0.016350
-0.016350
-0.016350
0.408994
1.149381
-0.016350
-0.016350
-0.016350
-0.016350
-0.016350
0.350035
0.930206
-0.016350
-0.016350
0.003264
0.003264
0.003264
0.003264
0.003264
0.003264
0.003264
0.003264
0.003264
0.003264
0.163650
0.231709
0.003264
0.003264
0.003264
0.003264
0.177508
0.485038
0.397269
0.683795
0.169933
0.003264
0.003264
0.244336
0.289236
0.077483
0.473150
0.157737
0.003264
0.003264
0.063563
0.054755
0.003264
0.011949
0.003264
0.003264
0.003264
0.003264
0.398932
0.379962
0.003264
0.003264
0.003264
0.003264
0.003264
0.003264
0.003264
0.003264
0.003264
0.063325
0.080411
0.001141
-0.009413
0.034230
-0.004507
0.089824
-0.009413
-0.009413
-0.009413
0.486915
0.652329
0.075248
0.086658
-0.009413
-0.009413
0.044555
1.564347
2.147276
0.352764
-0.009413
-0.009413
0.044555
0.175170
0.869715
1.833334
0.734879
-0.009413
-0.009413
-0.009413
0.065892
0.577081
1.081225
0.391500
-0.009413
-0.009413
-0.009413
-0.009413
0.436027
0.690638
0.006418
0.020024
0.096214
-0.009413
-0.009413
0.107310
0.123226
0.012551
0.027441
1.270913
1.270913
1.270913
1.270913
1.270913
1.270913
1.270913
1.270913
1.270913
1.270913
1.270913
1.270913
1.270913
1.270913
1.270913
1.270913
1.270913
1.240999
1.225835
1.270913
1.081087
1.270913
0.996637
1.020376
1.046375
0.942239
1.270913
0.963965
1.270913
1.270913
1.270913
1.159857
1.100414
1.270913
0.954536
1.270913
1.270913
1.270913
0.922250
0.727158
1.270913
1.270913
1.270913
1.270913
1.270913
0.932617
0.739013
1.270913
1.270913
3.712964
2.584390
2.267585
2.147645
2.006890
2.386741
2.916699
2.512052
0.633910
-0.155054
-0.412974
-0.229142
-0.430591
1.223718
2.210330
-0.216834
-0.946371
-1.388003
-1.648759
-1.293945
0.083560
2.059258
-0.708059
-0.956929
-1.897689
-2.019982
-1.671805
-0.579672
2.115910
-0.142324
-0.454242
-1.753194
-2.199894
-1.260280
-0.147573
2.316334
0.411526
-0.264497
-1.880314
-2.267948
-0.772434
0.780698
2.854075
1.257926
0.712825
0.194993
0.120905
0.644106
1.844174
2.929717
2.929717
2.912775
2.912332
2.929717
2.929717
2.929717
2.929717
2.817765
2.929717
2.929717
2.929717
2.929717
2.929717
2.929717
2.912000
2.673406
2.764207
2.921597
2.837808
2.929717
2.929717
2.929717
2.204633
2.372321
2.728625
1.846484
2.618039
2.929717
2.929717
1.407720
1.308761
1.778678
0.585375
2.063817
2.864753
2.665507
2.077511
1.128560
0.676988
0.211390
2.294881
2.435070
1.956221
2.219841
2.288532
1.518527
1.565515
2.111469
2.648290
2.792622
2.789036
2.152317
1.896374
2.272668
2.563685
2.636860
2.802147
2.393355
2.011346
1.837879
1.015142
1.466291
2.926084
2.626214
2.696027
2.926084
2.692777
1.576669
0.748218
2.926084
2.570184
2.748358
2.926084
2.878123
2.493424
1.178076
2.926084
2.675968
2.825006
1.521985
1.054475
2.383494
1.450827
2.848539
2.926084
2.220224
0.392206
0.152176
1.336975
1.730526
1.898727
2.295976
2.335421
2.178987
2.412069
2.122061
1.908924
1.306527
1.306527
1.306527
1.306527
1.306527
1.306527
1.306527
1.306527
1.306527
1.249990
0.600987
0.665390
1.123532
1.306527
1.306527
1.306527
0.876353
0.561520
0.877746
0.814053
1.233548
1.306527
1.113645
0.046322
0.883946
1.306527
0.720207
0.832981
1.306527
1.306527
0.597081
0.814544
1.216067
0.416463
0.854967
1.306527
1.306527
1.271130
0.613633
-0.063256
0.981834
1.286452
1.306527
1.306527
1.306527
1.133474
0.951408
1.306527
1.306527
-0.123140
-0.218296
-0.015258
-1.075586
-1.647789
-0.900532
-0.435958
0.142005
-0.364733
-2.192768
-3.153065
-4.240933
-3.406626
-2.343447
0.698634
-1.973080
-2.767376
-1.619679
-2.382321
-2.268424
-3.831693
0.659951
-3.043410
-3.662653
-0.101298
0.056156
-1.132566
-3.319193
0.679704
-2.263993
-3.433279
-1.005565
-0.736621
-1.028800
-3.690763
0.404999
-0.908193
-2.890199
-3.317040
-3.513366
-2.755473
-2.485453
-1.246209
-0.848744
-1.216643
-3.642141
-4.312918
-2.281529
-2.056144
3.668213
3.668213
3.668213
3.668213
3.668213
3.668213
3.668213
3.668213
3.668213
3.668213
3.668213
3.668213
3.668213
3.668213
3.668213
3.668213
3.668213
3.668213
3.668213
3.668213
3.668213
3.668213
3.668213
3.668213
3.668213
3.668213
3.668213
3.668213
3.668213
3.668213
3.668213
3.668213
3.668213
3.668213
3.668213
3.668213
3.668213
3.668213
3.668213
3.668213
3.668213
3.668213
3.668213
3.668213
3.668213
3.668213
3.668213
3.668213
3.668213
-1.310693
-2.180140
-2.167597
-2.073779
-2.141007
-2.191428
-2.390352
-1.120297
-2.801496
-3.231955
-2.551900
-2.358996
-2.479404
-3.366662
-1.138359
-2.822065
-2.303307
-2.079799
-2.083562
-2.243103
-2.800994
-1.098724
-2.570212
-2.681590
-2.499472
-2.345701
-2.181143
-0.812253
-1.242963
-2.854927
-1.882130
-2.151292
-2.607840
-2.074030
-1.100731
-1.359107
-2.688112
-2.831347
-1.978707
-2.440522
-2.644965
-2.486679
-1.332266
-2.418949
-2.731759
-3.012963
-2.297287
-2.889293
-3.259047
-0.018453
-0.018453
-0.018453
-0.018453
-0.018453
-0.018453
-0.018453
-0.018453
-0.018453
-0.018453
-0.018453
-0.018453
-0.018453
-0.018453
-0.018453
-0.018453
-0.018453
-0.018453
-0.018453
-0.018453
-0.018453
-0.018453
-0.018453
-0.018453
-0.018453
-0.018453
-0.018453
-0.018453
-0.018453
-0.018453
-0.018453
-0.018453
-0.018453
-0.018453
-0.018453
-0.018453
-0.018453
-0.018453
-0.018453
-0.018453
-0.018453
-0.018453
-0.018453
-0.018453
-0.018453
-0.018453
-0.018453
-0.018453
-0.018453
3.633991
3.626948
3.627486
3.633991
3.633991
3.633991
3.633991
3.633991
3.633991
3.633991
3.633991
3.633991
3.633991
3.633991
3.633991
3.633991
3.285177
2.847309
3.432285
3.281454
3.633991
3.633991
3.633991
2.178483
2.800830
3.567593
2.148335
3.228559
3.633991
3.633991
2.495624
2.610160
2.991276
1.686062
3.353370
3.626634
3.626634
3.526184
3.450768
3.494241
3.222862
3.633991
3.627352
3.615911
3.633991
3.633991
3.633991
3.633991
3.633991
4.582145
4.869678
4.869678
4.869678
4.869678
4.869678
4.813418
4.869678
4.869678
4.869678
4.174493
4.631462
4.864812
4.869678
4.869678
4.869678
4.869678
4.448021
4.864812
4.653183
4.153247
4.869678
4.616506
4.637337
4.869678
4.869678
4.423215
3.943339
4.869678
4.869678
4.869678
4.869678
4.869678
4.187906
4.219241
4.869678
4.869678
4.869678
3.750759
2.413089
4.507368
4.869678
4.791638
4.864812
4.869678
4.398764
4.172357
4.869678
4.775673
-0.081275
-0.730132
-0.730132
-0.730132
-0.730132
-0.730132
0.017063
-0.730132
-0.730132
-0.730132
-0.730132
-0.730132
-0.730132
-0.390661
-0.730132
-0.730132
-0.730132
-0.730132
-0.730132
-0.730132
-0.444545
-0.730132
-0.629548
0.074315
-0.554110
-0.730132
-0.720777
-0.719355
-0.730132
-0.730132
-0.730132
-0.730132
-0.730132
-0.690692
-0.695032
-0.730132
-0.730132
-0.730132
-0.730132
-0.730132
-0.730132
-0.328844
-0.080303
0.180363
0.189493
-0.388865
-0.645938
0.019832
1.133366
-0.004470
-0.004470
-0.004470
-0.004470
-0.004470
-0.004470
-0.004470
-0.004470
-0.004470
-0.004470
-0.004470
-0.004470
-0.004470
-0.004470
-0.004470
-0.004470
-0.004470
-0.004470
-0.004470
-0.004470
0.229403
-0.004470
0.157809
0.158870
-0.004470
-0.004470
-0.004470
0.246904
-0.004470
-0.004470
-0.004470
-0.004470
-0.004470
-0.004470
0.072806
-0.004470
-0.004470
-0.004470
0.367666
0.348272
-0.004470
-0.004470
-0.004470
-0.004470
-0.004470
0.286299
0.271905
-0.004470
-0.004470
-0.011869
-0.011869
-0.011869
-0.011869
-0.011869
-0.011869
-0.011869
-0.011869
-0.011869
-0.011869
0.034181
0.035802
-0.011869
-0.011869
-0.011869
-0.011869
-0.011869
-0.011869
-0.011869
-0.011869
0.226489
-0.011869
-0.011869
-0.011869
-0.011869
-0.011869
-0.011869
0.231354
-0.011869
-0.011869
0.054287
-0.011869
-0.011869
0.230186
0.159749
-0.011869
-0.011869
-0.011869
0.443055
0.620252
0.099041
-0.011869
-0.011869
-0.011869
-0.011869
0.315412
0.300364
-0.011869
-0.011869
1.095845
-0.025207
-0.025207
-0.025207
-0.025207
-0.025207
0.300510
0.062439
-0.025207
-0.025207
-0.025207
-0.025207
-0.025207
-0.025207
-0.025207
-0.025207
-0.025207
-0.025207
-0.025207
-0.025207
-0.025207
-0.025207
-0.025207
-0.025207
-0.025207
-0.025207
-0.025207
-0.025207
-0.025207
-0.025207
-0.025207
-0.025207
-0.025207
-0.025207
-0.025207
0.056121
-0.025207
-0.025207
0.174884
0.951127
0.098313
-0.025207
0.709795
0.034583
0.025343
0.012841
0.121345
-0.025207
0.298268
0.212381
0.205419
0.324815
0.090776
-0.129672
0.080720
0.562279
0.250006
-0.129672
-0.129672
-0.129672
-0.129672
-0.129672
-0.119837
0.263377
-0.129672
-0.129672
-0.129672
-0.129672
-0.129672
-0.129672
0.372827
-0.129672
-0.129672
-0.129672
-0.129672
-0.129672
-0.129672
0.245365
-0.129672
-0.129672
-0.129672
-0.129672
-0.129672
-0.129672
0.107240
-0.129672
-0.129672
-0.129672
-0.129672
-0.109782
-0.111992
0.064421
-0.129672
-0.129672
-0.129672
-0.129672
-0.110003
-0.080168
3.355941
3.355941
3.355941
3.355941
3.355941
3.355941
3.355941
3.355941
3.355941
3.355941
3.317698
3.270861
3.355941
3.355941
3.355941
3.355941
3.201844
2.977650
3.110691
2.696091
3.093998
3.355941
3.355941
2.378718
2.900174
3.283369
2.229435
2.846498
3.355941
3.355941
2.864135
2.799122
2.753050
2.103188
3.162656
3.355941
3.355941
3.335695
2.433383
2.932478
3.135661
3.355941
3.355941
3.355941
3.355941
3.355941
3.355941
3.355941
3.355941
0.000157
0.000157
0.000157
0.000157
0.000157
0.000157
0.000157
0.000157
0.000157
0.009350
0.156911
0.137582
0.000157
0.000157
0.000157
0.000157
0.009114
0.010057
0.000157
0.000157
0.000157
0.000157
0.000157
0.000157
0.000157
0.000157
0.000157
0.000157
0.000157
0.000157
0.000157
0.000157
0.000157
0.000157
0.000157
0.000157
0.000157
0.000157
0.119667
0.106781
0.000157
0.000157
0.000157
0.000157
0.000157
0.116603
0.142846
0.000157
0.000157
-0.001397
-0.001397
-0.001397
-0.001397
-0.001397
-0.001397
-0.001397
-0.001397
-0.001397
-0.001397
-0.001397
-0.001397
-0.001397
-0.001397
-0.001397
-0.001397
-0.001397
-0.001397
-0.001397
-0.001397
-0.001397
-0.001397
-0.001397
0.025678
0.023058
-0.001397
-0.001397
-0.001397
-0.001397
-0.001397
0.025096
0.023640
-0.001397
-0.001397
-0.001397
-0.001397
-0.001397
-0.001397
-0.001397
-0.001397
-0.001397
-0.001397
-0.001397
-0.001397
-0.001397
-0.001397
-0.001397
-0.001397
-0.001397
-0.000652
-0.000652
-0.000652
-0.000652
-0.000652
-0.000652
-0.000652
-0.000652
-0.000652
-0.000652
-0.000652
-0.000652
-0.000652
-0.000652
-0.000652
-0.000652
-0.000652
-0.000652
-0.000652
-0.000652
-0.000652
-0.000652
-0.000652
-0.000652
-0.000652
-0.000652
-0.000652
-0.000652
-0.000652
-0.000652
-0.000652
-0.000652
-0.000652
-0.000652
-0.000652
-0.000652
-0.000652
-0.000652
0.361843
0.611689
-0.000652
-0.000652
-0.000652
-0.000652
-0.000652
0.267573
0.547656
-0.000652
0.095159
2.280307
2.494126
1.950709
1.985772
2.155809
1.681027
2.092069
2.067827
2.137532
2.041024
2.369207
2.352651
1.908917
1.594154
1.760139
1.718308
2.634568
2.775393
2.775393
2.598894
2.301376
1.512290
1.814855
2.732262
2.734098
2.775393
2.770346
2.770690
1.936256
1.505866
2.593005
2.775393
2.775393
2.775393
2.592814
2.289866
1.842194
1.849727
2.470954
2.726145
2.601570
2.324624
1.708749
2.575646
2.466557
2.144950
2.464339
2.437956
2.033529
-0.005218
-0.005218
-0.005218
-0.005218
-0.005218
-0.005218
-0.005218
-0.005218
-0.005218
-0.005218
-0.005218
-0.005218
-0.005218
-0.005218
-0.005218
-0.005218
-0.005218
-0.005218
-0.005218
-0.005218
-0.005218
-0.005218
-0.005218
-0.005218
-0.005218
-0.005218
-0.005218
-0.005218
-0.005218
-0.005218
-0.005218
-0.005218
-0.005218
-0.005218
-0.005218
-0.005218
-0.005218
-0.005218
0.138663
0.124433
-0.005218
-0.005218
-0.005218
-0.005218
-0.005218
0.135501
0.138663
-0.005218
-0.005218
3.833599
3.833599
3.833599
3.833599
3.833599
3.833599
3.833599
3.833599
3.833599
3.833599
3.833599
3.833599
3.833599
3.833599
3.833599
3.833599
3.833599
3.833599
3.833599
3.833599
3.833599
3.833599
3.833599
3.833599
3.833599
3.833599
3.833599
3.833599
3.833599
3.833599
3.833599
3.833599
3.833599
3.833599
3.833599
3.833599
3.833599
3.833599
3.833599
3.833599
3.833599
3.833599
3.833599
3.833599
3.833599
3.833599
3.833599
3.833599
3.833599
2.853151
2.411930
2.664260
2.740079
2.815479
2.737089
2.820314
2.909100
2.711071
2.855303
2.081909
1.874741
2.909100
2.826574
2.909100
2.905355
2.622787
2.301904
2.508569
2.552083
2.837892
2.909100
2.740135
2.815367
2.905802
2.882271
2.823751
2.869528
2.896189
2.455527
2.626588
2.909100
2.880594
2.909100
2.346004
2.833225
2.302072
2.789153
2.905020
2.909100
2.883669
2.613705
2.885625
2.559656
2.788986
2.882104
2.909100
2.909100
2.825400
1.603553
1.574000
1.480455
1.424961
1.423710
1.451890
1.589907
1.603553
1.603553
1.529528
1.184457
1.014888
1.348534
1.603553
1.603553
1.603553
1.068524
0.889670
1.057563
1.000677
1.389453
1.603553
1.169498
0.166965
1.264638
1.603553
1.086955
1.027525
1.603553
1.403119
0.208004
0.969831
1.499733
0.777351
1.330831
1.603553
1.583992
1.268252
0.621751
0.629443
1.046016
1.525572
1.562695
1.343205
1.225113
1.113117
1.090830
1.162655
1.387051
1.818219
1.864888
1.861629
1.863324
1.860000
1.836078
1.860195
1.444733
1.390241
1.034159
0.495570
0.534483
1.322323
1.268484
1.537354
1.373164
0.722334
1.056907
0.926480
1.037678
1.297489
1.510370
1.571574
1.636234
1.436064
1.364495
1.681209
1.929156
1.589108
1.847289
2.069686
2.137083
2.177039
1.995510
1.777220
1.680622
1.872514
1.869320
1.864888
1.864888
1.864888
1.695744
1.967874
1.879749
1.864888
1.864888
1.864888
1.864888
1.911818
-0.004593
-0.004593
-0.004593
-0.004593
-0.004593
-0.004593
-0.004593
-0.004593
-0.004593
-0.004593
-0.004593
-0.004593
-0.004593
-0.004593
-0.004593
-0.004593
-0.004593
-0.004593
-0.004593
-0.004593
-0.004593
-0.004593
-0.004593
-0.004593
-0.004593
-0.004593
-0.004593
-0.004593
-0.004593
-0.004593
-0.004593
-0.004593
-0.004593
-0.004593
-0.004593
-0.004593
-0.004593
-0.004593
-0.004593
-0.004593
-0.004593
-0.004593
-0.004593
-0.004593
-0.004593
-0.004593
-0.004593
-0.004593
-0.004593
0.006879
0.006879
0.006879
0.006879
0.006879
0.006879
0.006879
0.006879
0.006879
0.006879
0.006879
0.006879
0.006879
0.006879
0.006879
0.006879
0.006879
0.006879
0.006879
0.006879
0.006879
0.006879
0.006879
0.006879
0.006879
0.006879
0.006879
0.006879
0.006879
0.006879
0.006879
0.006879
0.006879
0.006879
0.006879
0.006879
0.006879
0.006879
0.029113
0.403789
0.006879
0.006879
0.006879
0.006879
0.006879
0.011062
0.018437
0.006879
0.006879
1.098986
0.268442
0.104926
-0.214806
-0.339585
-0.139715
0.462614
0.569328
0.012627
-0.233393
-0.155322
-0.070398
-0.215886
-0.122097
0.410802
-0.225943
0.283006
1.320572
1.021437
0.829203
-0.200317
0.314443
-0.081684
0.810356
1.367764
0.549661
1.366162
-0.142509
0.323606
-0.158115
0.190856
1.159886
0.889209
1.322769
0.167576
0.388081
-0.131558
0.178490
0.599386
0.196555
0.393370
0.197486
0.662744
-0.211379
-0.213689
0.167465
0.169811
-0.151709
-0.032107
-0.230571
-0.471069
-0.471069
-0.471069
-0.471069
-0.471069
-0.229230
-0.471069
-0.471069
-0.471069
-0.471069
-0.471069
-0.471069
-0.471069
-0.471069
-0.471069
-0.471069
-0.471069
-0.471069
-0.471069
-0.471069
-0.471069
-0.471069
-0.471069
-0.471069
-0.471069
-0.471069
-0.471069
-0.471069
-0.471069
-0.471069
-0.471069
-0.471069
-0.471069
-0.471069
-0.471069
-0.471069
-0.471069
-0.471069
-0.471069
-0.471069
-0.471069
-0.471069
-0.471069
-0.471069
-0.471069
-0.471069
-0.471069
-0.471069
-0.482040
-0.482040
-0.482040
-0.482040
-0.482040
-0.482040
-0.482040
-0.482040
-0.482040
-0.482040
-0.482040
-0.482040
-0.482040
-0.482040
-0.482040
-0.482040
-0.482040
-0.482040
-0.482040
-0.482040
-0.482040
-0.482040
-0.482040
-0.482040
-0.482040
-0.482040
-0.482040
-0.482040
-0.482040
-0.482040
-0.482040
-0.482040
-0.482040
-0.482040
-0.482040
-0.482040
-0.482040
-0.482040
-0.482040
-0.482040
-0.482040
-0.482040
-0.482040
-0.482040
-0.482040
-0.482040
-0.482040
-0.482040
-0.482040
1.227142
1.233865
1.299868
1.299868
1.293256
1.290562
1.271311
1.206530
1.218531
1.299868
1.200696
1.081524
1.292201
1.105803
1.299868
1.299868
1.113887
0.876542
0.845652
1.059606
1.121526
1.299868
1.253866
1.027855
1.185446
1.299868
0.930017
1.111803
1.299868
1.171917
0.680533
0.603529
0.779815
0.634197
1.175612
1.211641
1.086580
0.714784
0.584695
1.032188
0.985242
0.805511
1.149694
0.919961
0.810872
0.596779
0.761092
0.930600
1.079746
3.492838
3.492838
3.492838
3.492838
3.492838
3.492838
3.492838
3.492838
3.492838
3.492838
3.451140
3.450740
3.492838
3.492838
3.492838
3.492838
3.492838
3.459961
3.463970
3.492838
3.492838
3.492838
3.492838
3.492838
3.492838
3.492838
3.492838
3.492838
3.492838
3.492838
3.492838
3.426122
3.391000
3.492838
3.492838
3.492838
3.492838
3.492838
3.121731
3.304438
3.492838
3.492838
3.492838
3.492838
3.492838
3.393967
3.492838
3.492838
3.492838
-0.161864
-0.341871
-0.341871
-0.341871
-0.341871
-0.341871
-0.170194
-0.341871
-0.341871
-0.341871
-0.341871
-0.341871
-0.341871
-0.341871
-0.341871
-0.341871
-0.341871
-0.341871
-0.341871
-0.341871
-0.341871
-0.341871
-0.341871
-0.341871
-0.341871
-0.341871
-0.341871
-0.341871
-0.341871
-0.341871
-0.341871
-0.341871
-0.341871
-0.341871
-0.341871
-0.341871
-0.341871
-0.341871
-0.341871
-0.341871
-0.341871
-0.341871
-0.341871
-0.341871
-0.341871
-0.341871
-0.341871
-0.341871
-0.341871
-0.005721
-0.005721
-0.005721
-0.005721
-0.005721
-0.005721
-0.005721
-0.005721
-0.005721
-0.005721
0.147498
0.115179
-0.005721
-0.005721
-0.005721
-0.005721
-0.005721
0.130749
0.106981
-0.005721
-0.005721
-0.005721
-0.005721
-0.005721
-0.005721
-0.005721
-0.005721
-0.005721
-0.005721
-0.005721
-0.005721
-0.005721
-0.005721
-0.005721
-0.005721
-0.005721
-0.005721
-0.005721
-0.005721
-0.005721
-0.005721
-0.005721
-0.005721
-0.005721
-0.005721
-0.005721
-0.005721
-0.005721
-0.005721
0.922680
0.782025
0.835675
0.723573
0.513646
1.128062
1.253608
0.584582
0.508012
0.310697
0.013893
0.013893
0.400392
1.098228
0.449688
0.419278
0.044239
0.013893
0.013893
0.013893
0.262169
0.435027
0.029130
0.013893
0.013893
0.013893
0.013893
0.013893
0.259480
0.336562
0.091103
0.013893
0.013893
0.013893
0.059604
0.066326
0.557757
0.603468
0.078234
0.013893
0.153716
0.463325
0.461404
0.124586
0.373823
0.321325
0.124650
0.443414
0.696940
-0.005323
-0.005323
-0.005323
-0.005323
-0.005323
-0.005323
-0.005323
-0.005323
-0.005323
-0.005323
-0.005323
-0.005323
-0.005323
-0.005323
-0.005323
-0.005323
-0.005323
-0.005323
-0.005323
-0.005323
-0.005323
-0.005323
-0.005323
-0.005323
-0.005323
-0.005323
-0.005323
-0.005323
-0.005323
-0.005323
-0.005323
-0.005323
-0.005323
-0.005323
-0.005323
-0.005323
-0.005323
-0.005323
0.225862
0.187728
-0.005323
-0.005323
-0.005323
-0.005323
-0.005323
0.240162
0.218712
-0.005323
-0.005323
-0.001801
-0.001801
-0.001801
-0.001801
-0.001801
-0.001801
-0.001801
-0.001801
-0.001801
-0.001801
-0.001801
0.248341
0.049796
-0.001801
-0.001801
-0.001801
-0.001801
-0.001801
-0.001801
-0.001801
-0.001801
-0.001801
-0.001801
-0.001801
-0.001801
-0.001801
-0.001801
-0.001801
-0.001801
-0.001801
-0.001801
-0.001801
-0.001801
-0.001801
-0.001801
-0.001801
-0.001801
-0.001801
-0.001801
-0.001801
-0.001801
-0.001801
-0.001801
0.033062
0.177395
0.102323
0.103718
0.039802
0.008193
4.389316
4.245730
4.682542
4.619422
4.551632
4.582730
4.637075
4.383004
4.123749
4.204779
3.888049
3.979907
3.902110
4.076332
4.585501
4.373458
4.353753
4.649443
4.717489
4.382798
3.938494
4.717489
4.441402
4.507397
4.717489
4.717489
4.717489
4.393113
4.569952
3.971439
4.244755
4.717489
4.717489
4.599716
3.314887
4.381721
4.169421
3.891590
4.219558
4.133756
3.675698
4.210116
4.310903
3.785568
4.410202
4.448536
4.123390
4.493438
4.061399
1.803279
1.401140
1.850536
1.578319
1.063405
1.868273
1.354734
1.069427
-0.119582
-0.119582
-0.119582
-0.119582
-0.119582
0.262791
0.904683
-0.119582
-0.119582
-0.119582
-0.119582
-0.119582
-0.056747
0.978186
-0.119582
-0.119582
-0.119582
-0.119582
-0.119582
-0.119582
0.821101
-0.119582
-0.119582
-0.119582
-0.119582
-0.119582
-0.119582
0.942973
-0.119582
-0.119582
0.440233
1.500824
-0.119582
0.418241
0.717948
0.149428
0.271038
0.246559
0.550717
0.318361
0.462945
3.064663
3.169175
3.255829
3.167060
3.243465
3.197936
3.014708
2.259401
2.156568
2.464020
2.814580
2.765105
2.289884
1.307216
2.021355
1.725001
2.238294
3.100184
3.261280
2.641601
1.171719
2.024560
1.370494
2.397231
3.177417
3.334327
2.901452
1.304381
2.107332
1.564472
2.375033
3.213221
3.341828
2.997067
1.083059
2.133694
2.074821
2.483339
3.014032
3.224996
2.585125
1.550539
2.339665
2.670885
2.944168
2.948377
3.270918
2.979994
2.383276
1.350096
1.350096
1.350096
1.350096
1.350096
1.350096
1.350096
1.350096
1.350096
1.350096
1.263864
1.270661
1.350096
1.350096
1.350096
1.350096
1.329806
1.331405
1.350096
1.276632
1.199321
1.350096
1.350096
1.311865
1.350096
1.350096
1.288177
1.213489
1.350096
1.350096
1.350096
1.350096
1.350096
1.324733
1.326732
1.350096
1.350096
1.350096
1.206668
1.192325
1.350096
1.350096
1.350096
1.350096
1.350096
1.229206
1.222035
1.350096
1.350096
0.034180
0.034180
0.034180
0.087044
0.090820
0.034180
0.034180
0.034180
0.034180
0.199929
1.448668
1.877672
0.826265
0.087280
0.034180
0.139907
1.195562
0.668108
0.450833
1.724038
1.212750
0.034180
0.616936
1.401115
0.041103
0.034180
0.436673
1.567375
0.034180
0.090820
2.039881
0.286186
0.034180
1.075321
1.521906
0.034180
0.034180
0.922749
2.138055
1.729780
1.632078
0.312972
0.034180
0.034180
0.045154
1.355646
1.338222
0.355530
0.073828
3.135732
3.452015
3.284507
3.426836
3.603202
3.593590
3.411420
3.579983
3.603202
3.603202
3.603202
3.603202
3.603202
3.603202
3.603202
3.603202
3.343082
3.048510
3.336109
3.155219
3.515302
3.603202
3.603202
3.151563
3.121672
3.480926
2.792460
3.415415
3.603202
3.603202
3.397322
3.375724
3.440594
3.351374
3.603202
3.590538
3.603202
3.603202
3.603202
3.603202
3.603202
3.603202
3.559931
3.603202
3.603202
3.603202
3.603202
3.603202
3.531246
1.252764
1.403067
1.447648
1.447648
1.447648
1.447648
1.325062
1.401946
1.366077
1.447648
1.147806
1.093697
1.349824
1.348397
1.447648
1.447648
1.219137
0.834539
0.877974
0.845086
1.342487
1.447648
1.396647
0.785754
1.320094
1.447648
1.027156
1.179013
1.447648
1.447648
1.011056
0.994242
1.219035
1.098588
1.096831
1.447648
1.447648
1.407754
0.404239
0.162837
0.927931
1.202501
1.309318
1.228002
1.355377
1.151322
1.103123
1.213099
1.034417
4.229754
4.229754
4.229754
4.229754
4.229754
4.229754
4.229754
4.229754
4.229754
4.229754
4.131306
3.966690
4.229754
4.229754
4.229754
4.229754
4.229754
4.130069
3.969782
4.229754
4.229754
4.229754
4.229754
4.229754
4.229754
4.229754
4.229754
4.229754
4.229754
4.229754
4.229754
4.229754
4.229754
4.229754
4.229754
4.229754
4.229754
4.229754
4.229754
4.229754
4.229754
4.229754
4.229754
4.229754
4.229754
4.229754
4.229754
4.229754
4.229754
-0.307302
-0.364765
-0.312953
-0.237581
-0.139443
-0.351680
-0.417072
-0.610904
-1.273588
-1.229673
-1.098128
-1.165503
-1.078863
-1.434476
-0.383699
-1.006829
-1.230664
-1.254456
-0.867419
-0.940544
-1.429090
-0.479987
-1.155788
-1.182190
-0.891211
-0.645071
-1.045126
-1.628440
-0.291574
-1.247021
-1.439696
-1.141150
-0.980890
-1.328836
-1.630687
-0.249311
-1.020476
-0.928054
-1.312843
-1.359731
-1.185065
-1.168940
-0.916753
-0.909781
-0.731314
-1.128858
-1.122778
-0.925477
-1.203899
0.954102
1.125010
1.210382
1.182584
1.216090
1.216090
1.107585
1.142271
1.177671
1.216090
0.964365
1.144000
1.205059
1.184230
1.216090
1.216090
1.216090
1.216090
1.216090
1.216090
1.216090
1.216090
1.216090
1.216090
1.216090
1.216090
1.216090
1.164499
1.216090
1.216090
1.216090
1.216090
1.216090
1.202753
1.184450
1.216090
1.216090
1.193259
0.939338
0.602488
1.111454
1.168094
0.997927
1.069742
1.207803
1.012553
0.690549
1.080582
0.615496
-0.029227
-0.029227
-0.029227
0.044853
0.005087
-0.029227
-0.029227
-0.029227
-0.019052
0.004516
-0.005710
-0.029227
-0.029227
0.191403
-0.029227
0.042724
0.041582
-0.029227
-0.029227
-0.029227
0.249027
-0.029227
-0.029227
-0.008877
-0.009085
-0.029227
-0.019052
0.020558
-0.029227
-0.029227
0.575559
0.579037
-0.019052
0.404869
0.049421
0.161969
0.221305
0.158542
1.271453
0.765457
0.449930
0.138452
0.377875
1.246535
0.810725
0.130561
0.127602
0.432176
0.919379
0.536628
0.257590
0.015502
0.108656
0.139661
0.015502
0.202518
0.526293
0.246830
0.149854
0.744596
0.134847
0.015502
0.209597
0.015502
0.015502
0.035605
0.015502
0.015502
0.015502
0.118566
0.015502
0.015502
0.015502
0.015502
0.015502
0.015502
0.015502
0.015502
0.077511
0.077511
0.015502
0.015502
0.015502
0.087845
0.015502
0.015502
0.015502
0.015502
0.077511
0.056841
0.543140
0.015502
0.015502
0.015502
0.015502
0.075812
0.015502
0.584266
0.071764
-0.106012
-0.106012
-0.106012
-0.106012
-0.087538
0.011983
-0.081786
0.028279
-0.002745
-0.106012
-0.106012
0.227667
0.491587
0.192373
0.061263
-0.106012
-0.106012
-0.106012
-0.062963
0.259824
0.196600
-0.101829
0.014074
0.159738
0.044793
-0.080304
0.017778
0.096601
-0.096470
-0.019041
-0.020261
-0.024575
-0.034902
-0.043442
-0.052418
-0.106012
-0.106012
-0.106012
-0.106012
-0.106012
-0.106012
0.583787
0.156165
-0.083790
-0.087843
-0.106012
-0.010065
0.154552
-0.006979
-0.006979
-0.006979
-0.006979
-0.006979
-0.006979
-0.006979
-0.006979
-0.006979
-0.006979
-0.006979
-0.006979
-0.006979
-0.006979
-0.006979
-0.006979
-0.006979
-0.006979
-0.006979
-0.006979
-0.006979
-0.006979
-0.006979
-0.006979
-0.006979
0.028513
-0.001396
-0.006979
-0.006979
-0.006979
-0.006979
-0.006979
0.025124
-0.001662
-0.006979
-0.006979
-0.006979
-0.006979
-0.006979
-0.006979
-0.006979
-0.006979
-0.006979
-0.006979
-0.006979
-0.006979
-0.006979
-0.006979
0.071184
-0.003503
-0.003503
-0.003503
-0.003503
-0.003503
-0.003503
-0.003503
-0.003503
-0.003503
-0.003503
-0.003503
-0.003503
-0.003503
-0.003503
-0.003503
-0.003503
0.000438
0.001478
-0.003503
0.004378
0.006458
-0.003503
-0.003503
0.002518
0.001642
-0.003503
0.008538
0.006787
-0.003503
-0.003503
-0.003503
-0.003503
-0.003503
0.128727
0.126100
-0.003503
-0.003503
-0.003503
-0.003503
-0.003503
-0.003503
-0.003503
-0.003503
-0.003503
-0.003503
-0.003503
-0.003503
-0.003503
-0.003503
-0.005905
-0.005905
0.007919
0.007462
-0.005905
0.040787
-0.005905
-0.005905
-0.005905
-0.005905
-0.005905
-0.005905
-0.005905
-0.005905
-0.005905
-0.005905
-0.005905
-0.005905
-0.005905
0.095537
0.094804
-0.005905
0.339711
1.165255
0.133440
-0.005905
0.391623
0.757244
-0.005905
-0.005905
0.034379
0.030259
-0.005905
0.062577
0.055573
-0.005905
-0.005905
-0.005905
0.648386
1.376928
-0.005905
-0.005905
-0.005905
-0.005905
-0.005905
0.187457
0.436072
-0.005905
-0.005905
0.038091
0.038091
0.038091
0.038091
0.038091
0.038091
0.038091
0.038091
0.038091
0.038091
0.038091
0.038091
0.038091
0.038091
0.038091
0.038091
0.038091
0.038091
0.038091
0.038091
0.038091
0.038091
0.038091
0.038091
0.038091
0.038091
0.038091
0.038091
0.038091
0.038091
0.038091
0.038091
0.038091
0.038091
0.038091
0.038091
0.038091
0.038091
0.038091
0.038091
0.038091
0.038091
0.038091
0.038091
0.038091
0.038091
0.038091
0.038091
0.038091
1.867815
1.867815
1.867815
1.867815
1.867815
1.867815
1.753657
1.867815
1.867815
1.786425
1.777969
1.725963
1.776489
1.596726
1.867815
1.852594
1.766905
1.867815
1.867815
1.867815
1.810102
1.867815
1.775220
1.789596
1.867815
1.867815
1.867815
1.867815
1.867815
1.785368
1.781140
1.867815
1.867815
1.827120
1.864009
1.867815
1.867815
1.689743
1.683577
1.856399
1.814083
1.742946
1.867815
1.867815
1.867815
1.811370
1.855448
1.858302
1.604125
-0.007619
-0.007619
-0.007619
-0.007619
-0.007619
-0.007619
-0.007619
-0.007619
-0.007619
-0.007619
-0.007619
-0.007619
-0.007619
-0.007619
-0.007619
-0.007619
-0.007619
-0.007619
-0.007619
-0.007619
-0.007619
-0.007619
-0.007619
-0.007619
-0.007619
-0.007619
-0.007619
-0.007619
-0.007619
-0.007619
0.470377
-0.007619
-0.007619
-0.007619
0.146573
-0.007619
-0.007619
-0.007619
0.123172
0.202808
-0.007619
-0.007619
-0.007619
-0.007619
-0.007619
0.121903
0.205167
-0.007619
0.092032
-0.013819
-0.013819
-0.013819
-0.013819
-0.013819
-0.013819
-0.013819
-0.013819
-0.013819
-0.013819
-0.013819
-0.013819
-0.013819
-0.013819
-0.013819
-0.013819
-0.013819
-0.013819
-0.013819
-0.013819
-0.013819
-0.013819
-0.013819
-0.013819
-0.013819
-0.013819
-0.013819
-0.013819
-0.013819
-0.013819
-0.013819
-0.013819
-0.013819
-0.013819
-0.013819
-0.013819
-0.013819
-0.013819
0.006842
0.007513
-0.013819
-0.013819
-0.013819
-0.013819
-0.013819
-0.013819
-0.013819
-0.013819
-0.013819
0.377748
0.822061
0.388212
0.339508
0.843263
0.777137
0.446723
0.555583
1.246322
0.649321
0.796147
1.600019
1.021481
1.864690
0.350246
1.083992
0.667182
2.394742
3.028340
1.105249
1.284070
0.460968
1.412652
1.595801
1.341102
0.615409
1.615633
0.634474
0.301486
1.503158
0.962751
1.570654
1.624618
1.435552
0.462776
0.429247
1.325652
1.143325
0.377036
0.383720
0.768426
1.180470
0.645322
1.457631
1.198439
1.001813
1.146448
1.210164
1.297876
1.891536
0.232310
0.365677
0.188538
0.033969
0.237782
1.513548
-0.530962
-1.452678
-1.546149
-1.546149
-1.546149
-1.546149
-0.893903
-0.846940
-1.546149
-1.546149
-1.546149
-1.546149
-1.546149
-1.440823
-0.869737
-1.546149
-1.546149
-1.546149
-1.546149
-1.546149
-1.546149
-1.008120
-1.546149
-1.546149
-1.546149
-1.546149
-1.546149
-1.520616
-0.868370
-1.546149
-1.546149
-1.546149
-1.546149
-1.546149
-1.260492
0.600723
-1.139664
-1.146503
-1.323756
-1.340627
-1.161322
-0.082984
2.160980
2.464852
1.716479
2.184312
2.926532
2.472363
2.485707
3.422651
5.013282
4.710530
4.376295
4.943448
5.420229
5.197380
3.503673
4.498067
2.980467
0.731673
-0.019017
1.370658
4.095755
3.491607
4.254123
0.933109
-0.103395
-0.103395
-0.103395
3.081225
3.231123
4.790673
1.446806
-0.103395
-0.103395
0.459922
5.347357
2.758017
4.198350
2.825135
0.995353
1.152203
1.582162
3.756007
3.649256
4.679607
3.778939
3.386535
3.753530
3.649336
5.349435
3.595591
3.595591
3.595591
3.595591
3.595591
3.595591
3.595591
3.595591
3.595591
3.595591
3.585867
3.587340
3.595591
3.595591
3.595591
3.595591
3.595591
3.586161
3.587045
3.595591
3.595591
3.558021
3.595591
3.595591
3.409999
2.973448
3.527670
3.595591
3.595591
3.558266
3.595591
3.458668
3.212178
3.548591
3.595591
3.595591
3.379452
3.523103
3.471192
3.467852
3.595591
3.595591
3.595591
3.538720
3.582773
3.595591
3.595591
3.595591
3.595591
0.006396
0.006396
0.006396
0.006396
0.006396
0.006396
0.006396
0.006396
0.006396
0.006396
0.006396
0.006396
0.006396
0.006396
0.006396
0.006396
0.006396
0.006396
0.006396
0.006396
0.006396
0.006396
0.006396
0.006396
0.006396
0.006396
0.006396
0.006396
0.006396
0.006396
0.006396
0.006396
0.006396
0.006396
0.006396
0.006396
0.006396
0.006396
0.150007
0.116866
0.006396
0.006396
0.006396
0.006396
0.006396
0.125151
0.126532
0.006396
0.006396
-0.008909
-0.008909
-0.008909
-0.008909
-0.008909
-0.008909
-0.008909
-0.008909
-0.008909
-0.008909
-0.008909
-0.008909
-0.008909
-0.008909
-0.008909
-0.008909
-0.008909
-0.008909
-0.008909
-0.008909
-0.008909
-0.008909
-0.008909
0.514815
-0.008909
-0.008909
-0.008909
-0.008909
-0.008909
-0.008909
0.731703
-0.002423
-0.008909
-0.008909
-0.008909
-0.008909
-0.008909
-0.002637
-0.002138
-0.008909
-0.008909
-0.008909
-0.008909
-0.008909
-0.008909
-0.008909
-0.008909
-0.008909
-0.008909
0.104030
-0.005051
-0.005051
-0.005051
-0.005051
-0.005051
0.122332
0.106226
-0.005051
-0.005051
0.044731
0.054101
-0.005051
-0.005051
-0.005051
-0.005051
-0.005051
0.055273
0.040631
-0.005051
-0.005051
-0.005051
-0.005051
-0.005051
-0.005051
-0.005051
-0.005051
-0.005051
-0.005051
-0.005051
-0.005051
-0.005051
-0.005051
-0.005051
-0.005051
-0.005051
-0.005051
-0.005051
-0.005051
-0.005051
-0.005051
-0.005051
0.038581
-0.005051
-0.005051
-0.005051
-0.005051
-0.005051
0.131850
-0.126059
-0.126059
-0.117146
-0.037625
0.104711
0.145112
0.045844
-0.126059
-0.126059
0.301111
0.408864
0.456576
0.451132
0.016331
-0.126059
-0.126059
1.387180
0.889616
-0.045417
0.476696
0.127767
-0.126059
-0.126059
0.370064
0.027165
-0.126059
-0.082563
-0.126059
-0.126059
-0.126059
0.684944
0.948323
0.021508
1.270888
0.217214
-0.126059
-0.126059
0.991339
1.404952
1.040812
2.522510
0.468424
-0.096172
0.255426
0.347596
0.254946
0.471520
0.306021
0.089501
2.318580
2.318580
2.318580
2.309285
2.251650
2.289320
2.318580
2.318580
2.110192
1.763886
1.860249
2.002789
1.557588
2.019829
2.318580
2.027623
1.386476
2.199842
2.318580
2.149730
2.032689
2.318580
2.276484
2.039131
2.276902
2.318580
2.310687
2.244224
2.318580
2.318580
2.291139
2.295073
2.318580
2.318580
2.318580
2.318580
2.318580
2.290672
2.228168
2.299991
2.249830
2.297925
2.162246
2.227430
2.311597
2.141444
2.187695
2.123297
2.201563
0.881463
0.997785
0.979144
0.974365
0.881463
0.881463
0.881463
1.148373
1.253883
1.042185
1.131697
0.881463
0.881463
0.881463
0.881463
0.886174
2.186050
1.768112
0.902748
0.881463
0.881463
0.881463
1.536553
4.048893
1.982012
0.901935
0.881463
0.881463
0.881463
0.881463
3.865734
2.405848
1.017273
0.881463
0.881463
0.953283
0.950199
1.322279
1.892805
1.126071
0.881463
0.881463
1.012257
1.278896
1.140645
1.228327
1.163896
0.881463
1.088754
0.189607
1.498589
1.897270
1.940148
2.030964
2.261219
1.036706
0.026670
0.572680
0.949235
1.053601
0.876686
0.820429
0.787928
0.014664
0.676788
0.594805
1.040394
1.274594
0.653977
0.015951
0.040906
0.426208
0.497043
0.994772
0.959698
0.623876
-0.088415
-0.126576
0.528687
0.659722
1.535379
2.160884
0.314811
0.076923
0.002916
0.527143
0.755426
0.912103
0.666497
1.080528
0.339337
0.565391
0.916391
0.961670
1.065606
1.020499
1.004033
0.785870
2.108399
2.108399
2.108399
2.108399
2.108399
2.108399
2.108399
2.108399
2.108399
2.108399
2.108399
2.108399
2.108399
2.108399
2.108399
2.108399
2.108399
2.108399
2.108399
2.108399
2.108399
2.108399
2.108399
2.108399
2.108399
2.108399
2.108399
2.108399
2.108399
2.108399
2.108399
2.108399
2.108399
2.108399
2.108399
2.108399
2.108399
2.108399
2.108399
2.108399
2.108399
2.108399
2.108399
2.108399
2.108399
2.108399
2.108399
2.108399
2.108399
-0.015912
-0.015912
-0.015912
-0.015912
-0.015912
-0.015912
-0.015912
-0.015912
-0.015912
-0.015912
0.356341
0.241368
-0.015912
-0.015912
-0.015912
-0.015912
-0.015912
0.121518
-0.015912
0.018221
0.042409
-0.015912
0.988568
2.038151
-0.015912
-0.015912
0.024958
0.563191
-0.015912
-0.015912
-0.015912
-0.015912
-0.015912
0.101115
0.451810
-0.015912
-0.015912
-0.015912
1.115347
2.287731
-0.015912
-0.015912
-0.015912
-0.015912
-0.015912
0.311045
0.585647
-0.015912
-0.015912
4.755556
4.755556
4.755556
4.755556
4.755556
4.755556
4.755556
4.755556
4.755556
4.755556
4.654008
4.747563
4.755556
4.755556
4.755556
4.755556
4.755556
4.691183
4.755556
4.549026
4.470652
4.755556
4.755556
4.673481
4.755556
4.755556
4.624128
4.560560
4.755556
4.755556
4.706311
4.707598
4.755556
4.600095
4.755556
4.755556
4.755556
4.755556
4.500854
3.933030
4.742682
4.755556
4.737854
4.581588
4.721117
4.729270
4.728144
4.708349
4.709637
0.556011
-0.232966
-0.038253
-0.032347
-0.186275
-0.042754
0.396387
-0.232966
-0.232966
-0.232966
-0.232966
-0.232966
-0.232966
-0.232966
-0.232966
-0.232966
-0.232966
-0.232966
-0.232966
-0.232966
-0.232966
-0.232966
-0.232966
-0.197948
-0.201956
-0.232966
-0.232966
-0.232966
-0.232966
-0.232966
-0.232966
-0.232966
-0.232966
-0.232966
-0.232966
-0.221575
-0.232966
-0.232966
-0.232966
-0.232966
-0.232966
-0.232966
0.027635
-0.232966
-0.232966
-0.198791
-0.232966
-0.179735
0.180509
-0.011896
-0.011896
-0.011896
-0.011896
-0.011896
-0.011896
-0.011896
-0.011896
-0.011896
-0.011896
-0.011896
-0.011896
-0.011896
-0.011896
-0.011896
-0.011896
-0.011896
-0.011896
-0.011896
0.626589
0.792159
-0.011896
0.395198
0.372993
-0.011896
-0.011896
0.215531
0.487719
-0.011896
-0.011896
-0.011896
-0.011896
-0.011896
-0.011896
-0.011896
-0.011896
-0.011896
-0.011896
-0.011896
-0.011896
-0.011896
-0.011896
-0.011896
-0.011896
-0.011896
-0.011896
-0.011896
-0.011896
-0.011896
4.039160
4.039160
4.039160
4.039160
4.039160
4.039160
4.039160
4.039160
4.039160
4.039160
3.898111
3.643264
4.004522
4.039160
4.039160
4.039160
3.899601
3.814029
3.460087
3.814063
3.900607
4.039160
3.914823
3.313489
3.864859
3.607516
3.492436
3.702070
4.039160
4.039160
3.979488
3.907715
3.740453
3.889442
3.977928
4.039160
4.039160
4.039160
3.282422
2.708688
4.039160
4.039160
4.039160
4.039160
4.039160
3.935419
3.948386
4.039160
4.039160
-0.008967
-0.008967
-0.008967
-0.008967
-0.008967
-0.008967
-0.008967
-0.008967
-0.008967
-0.008967
-0.008967
-0.008967
0.079737
-0.008967
-0.008967
-0.008967
-0.008967
-0.008967
-0.008967
0.342377
0.232847
-0.008967
-0.008967
-0.008967
-0.008967
-0.008967
0.209514
0.196787
-0.008967
-0.008967
-0.008967
-0.008967
-0.008967
-0.008967
-0.008967
-0.008967
-0.008967
-0.008967
-0.008967
-0.008967
-0.008967
-0.008967
-0.008967
-0.008967
-0.008967
-0.008967
-0.008967
-0.008967
-0.008967
2.969322
2.969322
2.969322
2.969322
2.969322
2.969322
2.969322
2.969322
2.969322
2.969322
2.969322
2.969322
2.969322
2.969322
2.969322
2.969322
2.969322
2.969322
2.969322
2.969322
2.969322
2.969322
2.969322
2.969322
2.969322
2.969322
2.969322
2.969322
2.969322
2.969322
2.969322
2.969322
2.969322
2.969322
2.969322
2.969322
2.969322
2.969322
2.969322
2.969322
2.969322
2.969322
2.969322
2.969322
2.969322
2.969322
2.969322
2.969322
2.969322
1.754935
1.754935
1.754935
1.754935
1.754935
1.754935
1.754935
1.754935
1.754935
1.754935
0.643770
-0.208553
1.047422
1.754935
1.754935
1.754935
0.832638
-1.793081
-2.447684
-1.474166
1.346129
1.754935
1.754935
0.176929
-1.197969
-0.890964
-1.393593
0.848013
1.754935
1.754935
0.372203
-1.634498
-1.347264
-1.410016
1.257577
1.754935
1.754935
1.636710
-0.394451
-0.580989
0.494213
1.754935
1.754935
1.754935
1.754935
1.754935
1.754935
1.754935
1.754935
-0.009925
-0.009925
-0.009925
-0.009925
-0.009925
-0.009925
-0.009925
-0.009925
-0.009925
-0.009925
-0.009925
-0.009925
-0.009925
-0.009925
-0.009925
-0.009925
-0.009925
-0.009925
-0.009925
-0.009925
-0.009925
-0.009925
-0.009925
-0.009925
-0.009925
-0.009925
-0.009925
-0.009925
-0.009925
-0.009925
-0.009925
-0.009925
-0.009925
-0.009925
-0.009925
-0.009925
-0.009925
-0.009925
1.113136
0.762660
-0.009925
-0.009925
-0.009925
-0.009925
-0.009925
0.455852
0.167169
-0.009925
-0.009925
0.128612
-0.007149
-0.007149
-0.007149
-0.007149
-0.007149
-0.007149
-0.007149
-0.007149
-0.007149
-0.007149
-0.007149
-0.007149
-0.007149
-0.007149
-0.007149
-0.007149
-0.007149
-0.007149
-0.007149
-0.007149
-0.007149
0.213948
0.191968
-0.007149
-0.007149
-0.007149
0.322557
-0.007149
-0.007149
-0.007149
-0.007149
-0.007149
-0.007149
-0.007149
-0.007149
-0.007149
-0.007149
-0.007149
-0.007149
-0.007149
-0.007149
-0.007149
-0.007149
-0.007149
-0.007149
-0.007149
-0.007149
-0.007149
1.104143
0.624253
0.442008
0.717349
0.938500
1.023040
1.208795
0.591051
0.262250
0.772344
0.657528
1.155994
2.090910
1.934627
0.655992
1.034887
0.447274
-0.249745
-0.249745
0.458755
2.141005
0.492615
1.206966
0.249306
-0.212886
-0.249745
-0.249745
0.782583
0.313589
0.715302
0.220638
-0.249745
-0.249745
-0.083078
1.247847
0.457073
-0.000878
1.011924
0.685903
0.349716
0.718008
1.281780
1.865664
0.864490
0.570793
1.359373
1.440184
0.916560
2.076064
-0.007653
-0.007653
-0.007653
-0.007653
-0.007653
-0.007653
-0.007653
-0.007653
-0.007653
-0.007653
0.017501
0.057106
-0.007653
-0.007653
-0.007653
-0.007653
0.115657
0.194063
0.182503
0.365702
0.062565
-0.007653
-0.007653
0.763891
0.259732
-0.007653
0.315875
0.060852
-0.007653
-0.007653
0.132515
0.129679
-0.007653
-0.007653
-0.007653
-0.007653
-0.007653
-0.007653
0.040836
0.030346
-0.007653
-0.007653
-0.007653
-0.007653
-0.007653
-0.007653
-0.007653
-0.007653
-0.007653
0.043247
-0.005121
-0.005121
-0.005121
-0.005121
-0.005121
-0.005121
-0.005121
-0.005121
-0.005121
-0.005121
-0.005121
-0.005121
-0.005121
-0.005121
-0.005121
-0.005121
-0.005121
-0.005121
-0.005121
-0.005121
-0.005121
-0.005121
-0.005121
-0.005121
-0.005121
-0.005121
-0.005121
-0.005121
-0.005121
-0.005121
-0.005121
-0.005121
-0.005121
-0.005121
-0.005121
-0.005121
-0.005121
-0.005121
-0.005121
-0.005121
-0.005121
-0.005121
-0.005121
-0.005121
-0.005121
-0.005121
-0.005121
-0.005121
4.495583
4.495583
4.495583
4.495583
4.495583
4.495583
4.495583
4.495583
4.495583
4.495583
4.495583
4.495583
4.495583
4.495583
4.495583
4.495583
4.495583
4.495583
4.495583
4.390861
4.400295
4.495583
4.495583
4.495583
4.495583
4.495583
4.396521
4.406899
4.495583
4.495583
4.495583
4.495583
4.495583
4.495583
4.495583
4.495583
4.495583
4.495583
4.495583
4.495583
4.495583
4.495583
4.495583
4.495583
4.495583
4.495583
4.495583
4.495583
4.495583
4.161766
4.161766
4.161766
4.161766
4.161766
4.161766
4.161766
4.161766
4.161766
4.161766
3.828733
3.388743
3.963934
4.161766
4.161766
4.161766
4.161766
4.021707
4.022351
3.994911
3.906289
4.161766
3.609060
2.990249
4.161766
4.161766
3.806183
2.976127
4.161766
4.100904
3.561612
4.161766
4.161766
3.767003
2.791227
4.161766
4.161766
4.161766
3.100520
1.888118
4.021836
4.161766
4.161766
4.161766
4.161766
3.730203
3.272778
4.161766
4.161766
0.000991
0.000991
0.000991
0.000991
0.000991
0.000991
0.000991
0.000991
0.000991
0.000991
0.000991
0.000991
0.000991
0.000991
0.000991
0.000991
0.000991
0.000991
0.000991
0.000991
0.000991
0.000991
0.000991
0.000991
0.000991
0.000991
0.000991
0.000991
0.000991
0.000991
0.000991
0.000991
0.000991
0.000991
0.000991
0.000991
0.000991
0.000991
0.000991
0.000991
0.000991
0.000991
0.000991
0.000991
0.000991
0.000991
0.000991
0.000991
0.000991
2.745622
2.745622
2.745622
2.745622
2.745622
2.745622
2.745622
2.745622
2.745622
2.745622
2.722912
2.725122
2.615541
2.745622
2.745622
2.745622
2.677492
2.684121
2.745622
2.580514
2.687313
2.745622
2.745622
2.745622
2.745622
2.745622
2.709614
2.691241
2.745622
2.745622
2.745622
2.745622
2.745622
2.745622
2.745622
2.745622
2.745622
2.745622
2.422976
2.218750
2.453420
2.745622
2.745622
2.745622
2.745622
2.521468
2.583624
2.697011
2.745622
3.927640
3.927640
3.927640
3.927640
3.927640
3.927640
3.927640
3.927640
3.927640
3.927640
3.848415
3.888027
3.927640
3.927640
3.927640
3.927640
3.877001
3.802268
3.891294
3.927640
3.927640
3.927640
3.927640
3.927640
3.927640
3.927640
3.927640
3.927640
3.927640
3.927640
3.915634
3.915756
3.927640
3.902321
3.901667
3.927640
3.927640
3.916859
3.828118
3.670116
3.927640
3.927640
3.927640
3.927640
3.927640
3.927640
3.927640
3.927640
3.927640
2.287530
2.466306
2.466306
2.466306
2.466306
2.466306
2.262109
2.251700
2.466306
2.466306
2.466306
2.466306
2.466306
2.324392
2.466306
2.466306
2.466306
2.466306
2.452393
2.453732
2.466306
2.466306
2.466306
2.466306
2.466306
2.157468
2.307696
2.466306
2.466306
2.466306
2.466306
2.466306
2.326075
2.406187
2.466306
2.362593
2.466306
2.466306
2.466306
2.466306
2.466306
2.408214
2.051247
2.438480
2.436522
2.462115
2.466306
2.356306
1.860585
-0.578203
-0.675670
0.059935
0.395806
0.337041
0.622506
-0.337710
-0.978523
-1.443709
-1.443709
-1.443709
-1.443709
-1.443709
-0.629946
-0.951522
-1.443709
-1.443709
-1.443709
-1.443709
-1.443709
-0.953696
-1.037120
-1.443709
-1.443709
-1.443709
-1.443709
-1.443709
-1.443709
-1.178891
-1.443709
-1.443709
-1.443709
-1.443709
-1.443709
-1.219684
-1.072897
-1.443709
-1.443709
-1.443709
-1.123972
-1.443709
-0.679348
-1.082176
-1.443709
-1.443709
-1.443709
-1.443709
-1.443709
-1.042303
-0.006316
-0.006316
-0.006316
-0.006316
-0.006316
-0.006316
-0.006316
-0.006316
-0.006316
-0.006316
0.352528
0.486686
0.211909
-0.006316
-0.006316
-0.006316
0.395070
0.477902
0.525162
0.733296
0.127044
-0.006316
-0.006316
0.456994
0.059892
-0.006316
0.394271
0.380913
-0.006316
-0.006316
0.052124
0.048494
-0.006316
0.221637
0.103305
-0.006316
-0.006316
-0.006316
-0.006316
-0.006316
-0.006316
-0.006316
-0.006316
-0.006316
-0.006316
-0.006316
-0.006316
-0.006316
-0.006316
0.008668
0.008668
0.008668
0.008668
0.008668
0.008668
0.008668
0.008668
0.008668
0.008668
0.008668
0.008668
0.008668
0.008668
0.008668
0.008668
0.030131
0.028067
0.008668
0.058198
0.008668
0.008668
0.008668
0.025178
0.024352
0.046589
0.050149
0.008668
0.008668
0.008668
0.008668
0.008668
0.029409
0.008668
0.008668
0.008668
0.008668
0.008668
0.008668
0.008668
0.008668
0.008668
0.008668
0.008668
0.008668
0.008668
0.008668
0.008668
0.008668
1.249387
1.241233
1.359693
1.363053
1.471738
1.446452
1.281158
-0.070357
-0.760743
-0.189357
0.997733
1.279866
-0.158456
-0.613284
-0.071485
-0.555453
0.409593
1.231481
1.395341
0.039126
-1.099367
-0.059923
-0.629687
-0.806731
-0.222491
0.737620
-1.039891
-2.125159
-0.053367
-0.456803
-1.044896
-1.464171
-0.716940
-1.722522
-1.654679
-0.010810
-0.353265
-0.120528
-2.156484
-2.085327
-1.185939
-0.306407
-0.173660
-0.436076
0.045965
-0.881012
-0.683030
-0.347319
-0.245285
0.556773
0.044834
0.062519
-0.042468
-0.197323
0.109461
0.594336
0.446795
-0.182221
-0.716146
-0.876509
-0.876509
-0.558193
0.651907
0.385482
-0.553847
-0.876509
-0.876509
-0.876509
-0.849402
0.240307
0.329374
-0.742393
-0.876509
-0.876509
-0.876509
-0.876509
-0.623509
0.391247
-0.381781
-0.845745
-0.876509
-0.876509
-0.876509
-0.607718
0.505657
-0.359966
-0.350845
-0.667310
-0.876509
-0.693342
0.115915
1.584695
0.654101
0.795833
0.885717
0.388493
0.540466
1.473169
0.033486
-0.126235
-0.126235
-0.126235
-0.126235
-0.126235
-0.077379
-0.126235
-0.126235
-0.126235
-0.126235
-0.126235
-0.126235
-0.126235
-0.126235
-0.126235
-0.126235
-0.126235
-0.126235
-0.126235
-0.041821
-0.126235
0.223899
0.609880
-0.097615
-0.126235
-0.126235
0.006745
-0.126235
-0.126235
0.185402
0.042207
0.131053
0.333752
0.364251
-0.126235
-0.126235
-0.126235
-0.091304
-0.056758
-0.071598
-0.126235
-0.062925
-0.126235
-0.126235
-0.126235
-0.126235
-0.126235
-0.126235
3.587372
3.518331
3.546726
3.474746
3.434061
3.336891
3.553596
3.587372
3.587372
3.535161
2.861997
2.528621
3.492607
3.553596
3.587372
3.587372
3.539742
3.289681
3.194725
3.587372
3.587372
3.587372
3.587372
3.587372
3.587372
3.587372
3.587372
3.587372
3.587372
3.587372
3.587372
3.587372
3.587372
3.587372
3.587372
3.587372
3.587372
3.587372
3.583021
3.563977
3.587372
3.587372
3.574319
3.368340
3.317236
3.080381
3.088586
3.161101
3.357730
0.002385
0.002385
0.002385
0.002385
0.002385
0.002385
0.002385
0.002385
0.002385
0.002385
0.002385
0.011986
0.011092
0.002385
0.002385
0.002385
0.002385
0.002385
0.002385
0.002385
0.002385
0.002385
0.002385
0.002385
0.002385
0.002385
0.002385
0.002385
0.002385
0.002385
0.002385
0.002385
0.002385
0.002385
0.002385
0.002385
0.002385
0.002385
0.325471
0.651061
0.002385
0.002385
0.002385
0.002385
0.002385
0.363039
0.618920
0.002385
0.002385
1.686516
1.686516
1.686516
1.686516
1.686516
1.686516
1.686516
1.686516
1.686516
1.686516
1.686516
1.686516
1.686516
1.686516
1.686516
1.686516
1.686516
1.686516
1.686516
1.686516
1.686516
1.686516
1.686516
1.686516
1.686516
1.686516
1.686516
1.686516
1.686516
1.686516
1.686516
1.686516
1.686516
1.686516
1.686516
1.686516
1.686516
1.686516
1.476648
1.187787
1.686516
1.686516
1.686516
1.686516
1.686516
1.556253
1.396430
1.686516
1.686516
1.485357
1.467157
1.509623
1.509623
1.509623
1.509623
1.497062
1.501249
1.502201
1.509623
1.509623
1.509623
1.509623
1.509623
1.509623
1.509623
1.509623
1.509623
1.509623
1.509623
1.509623
1.509623
1.430067
1.439107
1.509623
1.509623
1.509623
1.411557
1.509623
1.509623
1.509623
1.509623
1.509623
1.509623
1.134561
1.509623
1.509623
1.509623
1.481169
1.410059
1.509623
1.509623
1.509623
1.509623
1.509623
1.471272
1.403112
1.509623
1.472414
-1.768812
-1.419399
-1.478877
-1.530543
-0.346529
-1.629432
-1.286027
-1.845952
-2.447091
-1.826847
-3.319302
1.407023
-2.899357
-2.015852
-2.171334
-1.636881
-2.422339
-3.309088
0.666384
-2.020178
-2.844326
-2.091551
-2.024384
-1.413632
-3.123448
-0.668667
-0.472452
-2.458146
-2.076531
-1.867821
-1.422523
-2.591639
-0.053469
0.031361
-3.081994
-2.198489
-2.211946
-0.320936
-2.781364
0.717811
-0.902970
-2.163764
-1.806902
-1.306693
-0.420906
-1.090773
1.009909
0.131571
0.043256
4.237859
4.286192
4.559825
4.408865
4.448076
4.559145
4.270548
4.547022
4.606158
4.565587
4.595795
4.589074
4.684379
4.583992
4.684379
4.684379
4.684379
4.600116
4.494728
4.592555
4.604558
4.684379
4.503971
4.459479
4.657572
4.684379
4.684379
4.075456
4.684379
4.362173
4.365774
4.639567
4.684379
4.660053
4.386419
4.684379
4.638087
4.684379
4.670615
4.662933
4.675297
4.395181
4.684379
4.648049
4.684379
4.593315
4.509292
4.684379
4.600116
-0.057096
-0.057096
-0.057096
-0.057096
-0.057096
-0.057096
-0.057096
-0.057096
-0.057096
-0.057096
0.032503
0.027065
-0.057096
-0.057096
-0.057096
-0.057096
-0.057096
-0.038744
0.065994
0.017055
-0.046468
-0.057096
-0.057096
-0.057096
0.064511
0.395099
0.220969
-0.044861
-0.057096
-0.046468
0.027189
0.454976
0.834504
0.366181
-0.057096
-0.051782
-0.014521
-0.048569
0.136128
0.435882
-0.010196
-0.057096
-0.050979
-0.043378
-0.057096
0.101957
0.205027
-0.057096
-0.057096
-0.297672
-0.297672
-0.297672
-0.297672
-0.297672
-0.297672
-0.297672
-0.297672
-0.297672
-0.297672
-0.297672
-0.297672
-0.297672
-0.297672
-0.297672
-0.297672
-0.297672
-0.297672
-0.297672
-0.297672
-0.297672
-0.297672
-0.297672
-0.297672
-0.297672
-0.297672
-0.297672
-0.297672
-0.297672
-0.297672
-0.297672
-0.297672
-0.297672
-0.297672
-0.297672
-0.297672
-0.297672
-0.297672
-0.297672
-0.297672
-0.297672
-0.297672
-0.297672
-0.297672
-0.297672
-0.297672
-0.297672
-0.297672
-0.297672
0.262645
-0.002039
0.318123
-0.292168
-0.573006
0.099389
-1.047406
0.792955
0.183448
0.456640
-1.948141
-3.324412
0.058928
-1.143777
0.815028
-0.114680
-1.051131
-0.703290
-1.381134
-1.947788
-1.618138
0.841297
-1.515142
-1.494911
0.651105
0.443388
0.196072
-2.226038
0.456914
-1.561485
-0.720344
2.182832
2.117866
1.631037
-2.426501
0.546737
-0.647733
-0.507727
1.770926
2.147232
1.816524
-0.726735
0.750769
0.244846
0.068219
1.009807
1.032586
1.065363
-0.987107
-0.002004
-0.002004
-0.002004
-0.002004
-0.002004
-0.002004
-0.002004
-0.002004
-0.002004
-0.002004
-0.002004
-0.002004
-0.002004
-0.002004
-0.002004
-0.002004
-0.002004
-0.002004
-0.002004
-0.002004
-0.002004
-0.002004
-0.002004
-0.002004
-0.002004
-0.002004
-0.002004
-0.002004
-0.002004
-0.002004
-0.002004
-0.002004
-0.002004
-0.002004
-0.002004
-0.002004
-0.002004
-0.002004
-0.002004
-0.002004
-0.002004
-0.002004
-0.002004
-0.002004
-0.002004
-0.002004
-0.002004
-0.002004
-0.002004
-0.158834
-0.158834
-0.158834
-0.158834
-0.158834
-0.158834
-0.158834
-0.158834
-0.158834
-0.158834
-0.158834
-0.124148
-0.158834
-0.158834
-0.158834
-0.158834
-0.158834
-0.158834
-0.128099
-0.158834
-0.158834
-0.158834
-0.158834
-0.158834
-0.153401
0.020362
-0.158834
-0.158834
-0.158834
-0.158834
-0.158834
-0.154059
-0.124806
-0.158834
-0.158834
-0.158834
-0.158834
-0.158834
-0.158834
-0.158834
-0.158834
-0.158834
-0.158834
-0.158834
-0.158834
-0.158834
-0.158834
-0.158834
-0.158834
-0.001421
-0.001421
-0.001421
-0.001421
-0.001421
-0.001421
-0.001421
-0.001421
-0.001421
-0.001421
-0.001421
-0.001421
-0.001421
-0.001421
-0.001421
-0.001421
-0.001421
-0.001421
-0.001421
-0.001421
-0.001421
-0.001421
-0.001421
-0.001421
-0.001421
-0.001421
-0.001421
-0.001421
-0.001421
-0.001421
-0.001421
-0.001421
-0.001421
-0.001421
-0.001421
-0.001421
-0.001421
-0.001421
-0.001421
-0.001421
-0.001421
-0.001421
-0.001421
-0.001421
-0.001421
-0.001421
-0.001421
-0.001421
-0.001421
0.004401
0.004401
0.004401
0.004401
0.004401
0.004401
0.004401
0.004401
0.004401
0.004401
0.004401
0.004401
0.004401
0.004401
0.004401
0.004401
0.004401
0.004401
0.004401
0.004401
0.004401
0.004401
0.004401
0.004401
0.004401
0.004401
0.004401
0.004401
0.004401
0.004401
0.004401
0.004401
0.004401
0.004401
0.004401
0.004401
0.004401
0.004401
0.004401
0.004401
0.004401
0.004401
0.004401
0.004401
0.004401
0.004401
0.004401
0.004401
0.004401
0.557678
-0.080485
-0.102112
-0.078168
-0.060325
-0.111999
0.251264
-0.045495
0.635459
0.319931
0.023327
0.094697
0.147375
0.672457
0.102885
0.048275
-0.096860
-0.111999
-0.111999
-0.068204
0.192561
0.117483
-0.111999
0.045572
-0.111999
-0.111999
-0.060634
-0.059012
-0.033600
-0.111999
0.247865
-0.111999
-0.111999
-0.010505
0.266867
0.004094
0.304174
0.158112
0.060943
-0.099486
-0.083343
0.456724
0.459505
0.862083
0.807011
0.676242
0.548640
0.550880
1.077121
-0.792080
-0.817715
-0.913966
-0.899012
-0.865900
-0.975680
-0.858186
0.790300
1.655844
1.955633
1.937118
1.848938
2.108732
1.580955
0.295991
0.989803
1.097091
1.138748
1.577632
1.394151
1.148362
0.247451
0.868630
0.371236
0.694049
0.910880
0.668058
0.548546
0.282343
1.026832
0.392836
0.826141
0.774396
0.588067
0.776414
0.259675
0.955623
1.168775
1.347984
2.072415
0.359605
1.194885
0.303943
1.220164
1.559118
1.843716
1.713048
1.520547
1.046533
-0.013281
-0.013281
-0.013281
-0.013281
-0.013281
-0.013281
-0.013281
-0.013281
-0.013281
-0.013281
-0.013281
-0.013281
-0.013281
-0.013281
-0.013281
-0.013281
-0.013281
-0.013281
-0.013281
-0.013281
-0.013281
-0.013281
-0.013281
-0.013281
-0.013281
-0.013281
-0.013281
-0.013281
-0.013281
-0.013281
-0.013281
-0.013281
-0.013281
-0.013281
-0.013281
-0.013281
-0.013281
-0.013281
0.014770
0.010798
-0.013281
-0.013281
-0.013281
-0.013281
-0.013281
0.007819
0.008812
-0.013281
-0.013281
-0.016477
-0.016477
-0.016477
-0.016477
-0.016477
-0.016477
-0.016477
-0.016477
-0.016477
-0.016477
0.197094
0.402819
0.064495
-0.016477
-0.016477
-0.016477
0.196467
0.645944
0.189405
0.105923
0.090230
-0.016477
-0.016477
0.303645
-0.016477
-0.016477
0.100692
0.087092
-0.016477
-0.016477
0.416472
0.026520
-0.016477
0.377241
0.316408
-0.016477
-0.016477
0.001098
0.096978
0.068889
0.036877
-0.016477
-0.016477
-0.016477
-0.016477
0.077258
0.066378
-0.016477
-0.016477
-0.010200
-0.010200
-0.010200
-0.010200
-0.010200
-0.010200
-0.010200
-0.010200
-0.010200
-0.010200
-0.010200
-0.010200
-0.010200
-0.010200
-0.010200
-0.010200
-0.010200
-0.010200
-0.010200
-0.010200
-0.010200
-0.010200
-0.010200
-0.010200
-0.010200
-0.010200
-0.010200
-0.010200
-0.010200
-0.010200
-0.010200
-0.010200
-0.010200
-0.010200
-0.010200
-0.010200
-0.010200
-0.010200
-0.010200
0.057800
-0.010200
-0.010200
-0.010200
-0.010200
-0.010200
-0.010200
0.047000
-0.010200
-0.010200
2.156566
2.317833
2.305269
2.312143
2.324313
2.324313
2.298394
2.324313
2.324313
2.324313
2.208864
2.144922
2.324313
2.324313
2.324313
2.324313
2.281981
1.344376
1.181102
1.943561
2.324313
2.324313
2.324313
1.993391
1.642504
1.875508
1.426078
2.324313
2.324313
2.324313
2.134660
1.680165
1.469955
1.644248
2.324313
2.324313
2.324313
2.324313
1.502715
1.017796
2.307078
2.324313
2.324313
2.324313
2.324313
1.984478
1.841136
2.324313
2.312768
0.316382
-0.007624
-0.007624
-0.007624
-0.007624
-0.007624
-0.007624
-0.007624
-0.007624
-0.007624
-0.007624
-0.007624
-0.007624
-0.007624
-0.007624
-0.007624
-0.007624
-0.007624
-0.007624
-0.007624
-0.007624
-0.007624
-0.007624
-0.007624
-0.007624
-0.007624
-0.007624
-0.007624
-0.007624
-0.007624
-0.007624
-0.007624
-0.007624
-0.007624
-0.007624
-0.007624
-0.007624
-0.007624
-0.007624
-0.007624
-0.007624
-0.007624
-0.007624
-0.007624
-0.007624
-0.007624
-0.007624
-0.007624
-0.007624
-0.134583
-0.134583
-0.134583
-0.134583
-0.134583
-0.134583
-0.134583
-0.134583
-0.134583
-0.134583
-0.134583
-0.134583
-0.134583
-0.134583
-0.134583
-0.134583
-0.134583
-0.134583
-0.134583
-0.134583
-0.134583
-0.134583
-0.134583
-0.134583
-0.134583
-0.134583
-0.134583
-0.134583
-0.134583
-0.134583
-0.134583
-0.134583
-0.134583
-0.134583
-0.134583
-0.134583
-0.134583
-0.134583
-0.134583
-0.134583
-0.134583
-0.134583
-0.134583
-0.134583
-0.134583
-0.134583
-0.134583
-0.134583
-0.134583
-0.004861
-0.004861
-0.004861
-0.004861
-0.004861
-0.004861
-0.004861
-0.004861
-0.004861
-0.004861
-0.004861
-0.004861
-0.004861
-0.004861
-0.004861
-0.004861
-0.004861
-0.004861
-0.004861
-0.004861
-0.004861
-0.004861
-0.004861
-0.004861
-0.004861
-0.004861
-0.004861
-0.004861
-0.004861
-0.004861
-0.004861
-0.004861
-0.004861
-0.004861
-0.004861
-0.004861
-0.004861
-0.004861
-0.004861
-0.004861
-0.004861
-0.004861
-0.004861
-0.004861
-0.004861
-0.004861
-0.004861
-0.004861
0.015444
0.778003
0.594911
0.806340
0.666888
0.368058
0.736714
0.923672
0.754967
0.726112
1.119239
0.669041
-0.058029
0.914665
0.617947
1.186594
1.384671
0.803311
0.359449
0.476144
0.891111
1.140920
1.165829
1.006729
-0.042964
1.087754
1.484866
0.580284
0.493242
1.044791
1.233702
0.224461
1.078388
1.467091
1.278578
0.849742
0.541466
0.742333
1.219952
0.823597
0.453227
0.954002
0.428876
0.509144
0.033119
0.352794
-0.317204
-0.772663
0.060140
-0.149216
3.639015
3.579076
3.639015
3.639015
3.558467
3.493889
3.613438
3.639015
3.371754
3.387929
3.447704
3.526117
3.226382
3.243912
3.639015
3.438672
3.336119
2.838998
3.104493
3.363297
3.514170
3.596278
3.156057
3.105725
3.216858
3.639015
3.200149
3.394908
3.610729
2.881325
3.065533
3.372821
3.618077
3.153717
3.081421
3.588888
3.203351
3.007072
3.423564
3.639015
3.581745
3.441628
3.580800
3.328442
3.419664
3.174203
3.331727
3.549189
3.470324
1.372896
1.372896
1.372896
1.372896
1.372896
1.372896
1.372896
1.372896
1.372896
1.372896
1.372896
1.372896
1.372896
1.372896
1.372896
1.372896
1.372896
1.372896
1.372896
1.372896
1.372896
1.372896
1.372896
1.372896
1.372896
1.372896
1.372896
1.372896
1.372896
1.372896
1.372896
1.372896
1.372896
1.372896
1.372896
1.372896
1.372896
1.372896
1.299262
1.302825
1.372896
1.372896
1.372896
1.372896
1.372896
1.289761
1.290948
1.372896
1.372896
4.163484
4.163484
4.163484
4.163484
4.163484
4.163484
4.163484
4.163484
4.163484
4.163484
4.127706
4.126745
4.163484
4.163484
4.163484
4.163484
4.163484
4.163484
4.163484
4.032856
3.777283
4.163484
3.750069
3.431584
4.163484
4.163484
3.698362
2.946051
4.163484
4.050625
3.714331
4.163484
4.163484
3.805218
3.255692
4.163484
4.163484
4.163484
3.804297
3.645695
4.163484
4.163484
4.163484
4.163484
4.163484
3.922719
3.920158
4.163484
4.163484
0.013870
0.013870
0.013870
0.013870
0.013870
0.013870
0.013870
0.013870
0.013870
0.013870
0.246959
1.301940
0.455337
0.013870
0.013870
0.013870
0.155009
0.013870
0.087356
0.316770
0.150003
0.013870
0.536723
1.108397
0.013870
0.013870
0.020209
0.607315
0.013870
0.196529
1.187808
0.023240
0.013870
0.022781
0.382724
0.013870
0.013870
0.027236
0.034401
0.020117
0.013870
0.013870
0.013870
0.013870
0.013870
0.022781
0.023332
0.013870
0.013870
0.310344
0.515718
0.511699
0.740085
0.905476
0.568940
-0.039693
0.573450
1.229841
1.568777
1.001427
0.272675
1.579734
0.803310
0.762085
1.533363
1.604134
1.199833
0.858180
1.540012
1.154966
0.780500
1.420269
1.237040
1.372539
0.893566
1.460887
0.949216
0.794088
1.546777
1.604134
1.462737
1.229841
1.604134
1.158377
0.791515
1.417436
1.604134
1.161817
0.992176
1.574646
1.065346
0.215289
0.637542
0.916346
0.880498
0.903106
0.788393
0.389643
-0.059773
-1.693802
-1.641674
-1.436291
-1.617000
-1.709093
-1.278518
0.557766
-2.684575
-3.380306
-2.785008
-1.867908
-3.893242
-2.256433
0.979652
-2.776320
-2.707511
-3.212107
-2.683185
-2.980660
-3.530086
1.029696
-1.773731
-3.721568
-3.159632
-2.937916
-3.125228
-3.855362
0.788866
-1.795624
-2.786745
-3.823391
-3.057809
-3.199944
-1.258362
0.774618
-2.409341
-2.142795
-4.992094
-2.907334
-3.318448
-1.639241
0.785043
-2.735313
-2.764504
-3.543639
-2.620632
-3.035221
-2.403433
2.077830
1.303823
1.142213
0.811603
0.470634
0.991106
2.178157
1.823788
-0.165740
-0.282583
-0.382041
-0.382041
-0.359875
0.930837
1.722591
-0.329161
-0.382041
-0.382041
-0.382041
-0.382041
-0.130824
1.866816
-0.382041
-0.382041
-0.382041
-0.382041
-0.382041
-0.382041
1.759752
-0.314746
-0.382041
-0.382041
-0.382041
-0.382041
-0.202973
1.511143
-0.189862
-0.305112
-0.352197
0.324453
-0.292507
0.750899
1.218998
0.414204
0.449916
0.054474
0.142052
0.574076
1.500711
0.203885
-0.003029
-0.003029
-0.003029
-0.003029
-0.003029
0.225686
-0.003029
-0.003029
-0.003029
0.242022
0.314240
-0.003029
-0.003029
-0.003029
-0.003029
-0.003029
-0.003029
-0.003029
0.668023
1.742519
-0.003029
0.732126
1.518131
-0.003029
-0.003029
0.746137
3.159383
-0.003029
-0.003029
0.505196
-0.003029
-0.003029
0.772157
1.716877
-0.003029
-0.003029
-0.003029
0.435089
0.430166
-0.003029
-0.003029
0.168615
-0.003029
-0.003029
0.430166
0.489238
-0.003029
0.107704
4.164952
4.164952
4.164952
4.164952
4.164952
4.164952
4.132950
4.164952
4.164952
4.164952
4.164952
4.164952
4.164952
4.164952
4.164952
4.164952
4.164952
4.164952
4.164952
4.164952
4.164952
4.164952
4.164952
4.164952
4.164952
4.164952
4.164952
4.164952
4.164952
4.164952
4.164952
4.164952
4.164952
4.164952
4.164952
4.164952
4.164952
4.164952
4.164952
4.164952
4.164952
4.164952
4.164952
4.164952
4.164952
4.164952
4.164952
4.164952
4.164952
-0.010518
-0.010518
-0.010518
-0.010518
-0.010518
-0.010518
-0.010518
-0.010518
-0.010518
-0.010518
-0.010518
-0.010518
-0.010518
-0.010518
-0.010518
-0.010518
-0.010518
-0.010518
-0.010518
0.017431
0.299175
-0.010518
0.246432
0.246432
-0.010518
-0.010518
0.027348
0.366568
-0.010518
-0.010518
-0.010518
-0.010518
-0.010518
-0.010518
-0.010518
-0.010518
-0.010518
-0.010518
-0.010518
-0.010518
-0.010518
-0.010518
-0.010518
-0.010518
-0.010518
-0.010518
-0.010518
-0.010518
-0.010518
-0.013205
-0.013205
-0.013205
-0.013205
-0.013205
-0.013205
-0.013205
-0.013205
-0.013205
-0.013205
-0.013205
-0.013205
-0.013205
-0.013205
-0.013205
-0.013205
-0.013205
-0.013205
-0.013205
-0.013205
-0.013205
-0.013205
0.285163
0.294977
-0.013205
-0.013205
-0.013205
-0.013205
-0.013205
-0.013205
-0.013205
-0.013205
-0.013205
-0.013205
-0.013205
-0.013205
-0.013205
-0.013205
0.121584
0.159772
-0.013205
-0.013205
-0.013205
-0.013205
-0.013205
0.084942
0.146686
-0.013205
-0.013205
5.370552
5.370552
5.370552
5.370552
5.370552
5.370552
5.370552
5.370552
5.370552
5.370552
5.370552
5.370552
5.370552
5.370552
5.370552
5.370552
5.312220
5.318526
5.370552
5.355968
5.357545
5.370552
5.370552
5.197986
5.232801
5.370552
5.162842
5.177819
5.370552
5.370552
5.117911
5.189643
5.370552
5.117582
5.119290
5.370552
5.370552
5.370552
4.843462
4.883400
5.370552
5.370552
4.943112
5.370552
5.370552
5.116203
5.110422
5.370552
5.370552
0.167353
0.034996
-0.012985
-0.012985
-0.012985
-0.012985
-0.012985
0.088962
-0.012985
-0.012985
-0.012985
-0.012985
-0.012985
-0.012985
-0.012985
-0.012985
-0.012985
-0.012985
-0.012985
-0.012985
-0.012985
-0.012985
-0.012985
-0.012985
-0.012985
-0.012985
-0.012985
-0.012985
-0.012985
0.015109
0.015398
-0.012985
-0.012985
-0.012985
-0.012985
-0.012985
0.009316
0.009895
-0.012985
-0.012985
-0.012985
-0.012985
-0.012985
-0.012985
-0.012985
-0.012985
-0.012985
-0.012985
-0.012985
-0.007310
-0.007310
-0.007310
-0.007310
-0.007310
-0.007310
-0.007310
-0.007310
-0.007310
-0.007310
-0.007310
-0.007310
-0.007310
-0.007310
-0.007310
-0.007310
-0.007310
-0.007310
-0.007310
-0.007310
-0.007310
-0.007310
-0.007310
-0.007310
-0.007310
-0.007310
-0.007310
-0.007310
-0.007310
-0.007310
-0.007310
-0.007310
-0.007310
-0.007310
-0.007310
-0.007310
-0.007310
-0.007310
-0.007310
-0.007310
-0.007310
-0.007310
-0.007310
-0.007310
-0.007310
-0.007310
-0.007310
-0.007310
-0.007310
3.092182
3.092182
3.092182
3.092182
3.092182
3.092182
3.092182
3.092182
3.092182
3.092182
3.092182
3.092182
3.092182
3.092182
3.092182
3.092182
3.092182
3.092182
3.092182
3.092182
3.092182
3.092182
3.092182
3.092182
3.092182
3.092182
3.092182
3.092182
3.092182
3.092182
3.015662
3.092182
3.092182
3.092182
3.092182
3.092182
3.092182
3.092182
3.092182
3.092182
3.092182
3.092182
3.092182
3.092182
3.092182
3.092182
3.092182
3.092182
3.092182
1.833408
2.099157
2.093008
2.048824
2.105830
2.120224
1.970084
2.120224
2.120224
2.120224
2.037861
1.971847
2.066841
2.062646
2.120224
2.120224
1.994058
1.859456
1.583531
1.992295
2.088957
2.120224
1.903307
1.648377
1.428004
0.699131
1.519256
1.580814
2.120224
2.067508
2.072251
1.804977
1.279413
1.961242
1.643015
2.120224
2.120224
2.120224
1.915580
1.457556
2.065697
2.120224
1.929879
1.978115
2.076779
1.949302
1.546735
1.938340
1.866892
1.757377
1.844740
1.844740
1.844740
1.844740
1.844740
1.752523
1.844740
1.844740
1.844740
1.844740
1.844740
1.844740
1.844740
1.844740
1.844740
1.844740
1.844740
1.844740
1.844740
1.844740
1.844740
1.844740
1.844740
1.844740
1.844740
1.844740
1.844740
1.844740
1.844740
1.844740
1.844740
1.844740
1.844740
1.844740
1.844740
1.823271
1.823042
1.844740
1.844740
1.844740
1.844740
1.844740
1.826954
1.828552
1.844740
1.844740
1.844740
1.844740
2.670989
2.670989
2.670989
2.670989
2.670989
2.670989
2.670989
2.670989
2.670989
2.670989
2.670989
2.670989
2.670989
2.670989
2.670989
2.670989
2.670989
2.670989
2.670989
2.670989
2.670989
2.670989
2.658998
2.658531
2.670989
2.670989
2.670989
2.670989
2.670989
2.670989
2.670989
2.670989
2.670989
2.670989
2.670989
2.670989
2.670989
2.670989
2.670989
2.670989
2.670989
2.670989
2.670989
2.670989
2.670989
2.670989
2.670989
2.670989
2.670989
0.494345
0.189317
0.130365
0.197862
0.373241
0.262829
0.100053
0.220632
0.130030
0.313572
0.252948
0.225357
0.419687
0.216431
0.050313
0.062485
0.050313
0.050313
0.050313
0.050313
0.050313
0.050313
0.050313
0.050313
0.050313
0.050313
0.050313
0.050313
0.050313
0.128694
0.128026
0.050313
0.050313
0.050313
0.196382
0.088262
0.177288
0.579218
0.162490
0.050313
0.115471
0.117619
0.219056
0.135329
0.556305
0.481647
0.457684
0.325410
0.375246
-0.092652
-0.070504
0.075882
0.233415
0.003325
0.169854
-0.092652
-0.092652
-0.092652
-0.092652
-0.092652
-0.092652
-0.092652
-0.092652
-0.092652
-0.092652
-0.092652
-0.092652
-0.092652
-0.092652
-0.092652
-0.092652
-0.092652
-0.092652
-0.092652
-0.092652
-0.092652
-0.092652
-0.092652
-0.092652
-0.092652
-0.092652
-0.092652
-0.092652
-0.092652
-0.092652
-0.092652
-0.092652
-0.092652
-0.092652
-0.092652
-0.092652
-0.092652
-0.092652
-0.092652
-0.092652
-0.092652
-0.092652
-0.092652
0.084443
0.084443
0.084443
0.084443
0.084443
0.084443
0.084443
0.084443
0.084443
0.084443
0.084443
0.084443
0.084443
0.084443
0.084443
0.084443
0.084443
0.084443
0.084443
0.084443
0.084443
0.084443
0.084443
0.084443
0.084443
0.084443
0.084443
0.084443
0.084443
0.084443
0.084443
0.084443
0.084443
0.084443
0.084443
0.084443
0.084443
0.084443
0.257749
0.254283
0.084443
0.084443
0.084443
0.084443
0.084443
0.084443
0.084443
0.084443
0.084443
2.089004
1.670819
1.359029
1.605783
2.018049
2.426690
2.546774
0.774664
-0.296696
-0.222485
-0.314157
-0.523768
0.211904
1.631900
0.704819
-0.284414
-0.523768
-0.523768
-0.523768
-0.523768
0.462727
1.119305
-0.412784
-0.523768
-0.523768
-0.523768
-0.523768
-0.523768
1.050421
-0.279308
-0.323332
-0.523768
-0.523768
-0.465760
0.890457
1.399057
0.389182
1.180864
-0.523768
-0.523768
-0.296474
1.879097
2.586654
1.094223
1.574559
1.164660
1.015498
0.945061
2.079904
1.646473
1.646473
1.646473
1.646473
1.646473
1.646473
1.646473
1.646473
1.646473
1.646473
1.646473
1.646473
1.646473
1.646473
1.646473
1.646473
1.646473
1.646473
1.646473
1.646473
1.646473
1.646473
1.646473
1.646473
1.646473
1.646473
1.646473
1.646473
1.646473
1.646473
1.646473
1.646473
1.646473
1.646473
1.646473
1.646473
1.646473
1.646473
1.646473
1.646473
1.646473
1.646473
1.646473
1.646473
1.646473
1.646473
1.646473
1.646473
1.646473
-0.009025
-0.009025
-0.009025
-0.009025
-0.009025
-0.009025
-0.009025
-0.009025
-0.009025
-0.009025
-0.009025
-0.009025
-0.009025
-0.009025
-0.009025
-0.009025
-0.009025
-0.009025
-0.009025
-0.009025
-0.009025
-0.009025
-0.009025
-0.009025
-0.009025
-0.009025
-0.009025
-0.009025
-0.009025
-0.009025
-0.009025
-0.009025
-0.009025
-0.009025
-0.009025
-0.009025
-0.009025
-0.009025
-0.009025
0.324585
-0.009025
-0.009025
-0.009025
-0.009025
-0.009025
-0.009025
0.302780
-0.009025
-0.009025
-0.005930
-0.005930
-0.005930
-0.005930
-0.005930
-0.005930
-0.005930
-0.005930
-0.005930
-0.005930
0.524770
0.707243
0.115298
-0.005930
-0.005930
-0.005930
0.169447
0.836346
0.952227
0.610319
0.073495
-0.005930
-0.005930
0.741852
0.273224
-0.005930
0.467558
0.106305
-0.005930
-0.005930
0.368739
0.265933
-0.005930
-0.005930
-0.005930
-0.005930
-0.005930
-0.005930
-0.005930
-0.005930
-0.005930
-0.005930
-0.005930
-0.005930
-0.005930
-0.005930
-0.005930
-0.005930
0.015700
0.045489
-0.006855
-0.006855
-0.006855
-0.006855
-0.006855
-0.006855
0.146542
-0.006855
-0.006855
-0.006855
-0.006855
-0.006855
-0.006855
-0.006855
-0.006855
-0.006855
-0.006855
-0.006855
-0.006855
-0.006855
-0.006855
-0.006855
0.000623
-0.006855
-0.006855
0.268210
0.095340
0.008101
-0.006855
0.052707
0.043516
0.019629
0.101468
0.014332
0.089317
-0.006855
0.047151
0.046112
-0.006855
-0.006855
-0.006855
0.053850
-0.006855
-0.006855
-0.006855
-0.006855
-0.006855
-0.006855
0.407017
0.150629
0.507233
0.204002
0.182212
0.380672
1.213002
0.766051
-0.871810
-0.871810
-0.871810
-0.871810
-0.871810
0.711007
0.493567
-0.871810
-0.871810
-0.486810
-0.643361
-0.756409
-0.346355
0.204230
-0.871810
-0.856853
-0.381659
-0.625823
-0.754131
-0.609044
0.355769
-0.833090
-0.871810
-0.778122
-0.842959
-0.871810
-0.673047
0.803404
-0.750942
-0.750942
-0.871810
-0.871810
-0.871810
0.260108
0.389555
-0.729153
-0.744261
-0.871810
-0.871810
-0.871810
0.490303
2.773654
2.773654
2.773654
2.773654
2.773654
2.773654
2.773654
2.773654
2.773654
2.773654
2.773654
2.773654
2.773654
2.773654
2.773654
2.773654
2.773654
2.773654
2.773654
2.700260
2.704535
2.773654
2.693177
2.463062
2.773654
2.773654
2.709523
2.708811
2.773654
2.773654
2.773654
2.773654
2.773654
2.773654
2.773654
2.773654
2.773654
2.773654
2.773654
2.773654
2.773654
2.773654
2.773654
2.773654
2.773654
2.773654
2.773654
2.773654
2.773654
0.237161
0.237161
0.237161
0.237161
0.237161
0.237161
0.237161
0.237161
0.237161
0.237161
0.237161
0.237161
0.237161
0.237161
0.237161
0.237161
0.244596
0.243770
0.237161
0.237161
0.237161
0.237161
0.237161
0.244114
0.244734
0.237161
0.237161
0.237161
0.237161
0.237161
0.237161
0.237161
0.237161
0.237161
0.237161
0.237161
0.237161
0.237161
0.311511
0.303250
0.237161
0.237161
0.237161
0.237161
0.237161
0.306692
0.312888
0.237161
0.237161
3.670590
3.670590
3.670590
3.670590
3.670590
3.670590
3.670590
3.670590
3.670590
3.670590
3.670590
3.595539
3.642175
3.670590
3.670590
3.670590
3.670590
3.670590
3.583185
3.638160
3.670590
3.670590
3.612594
3.615683
3.670590
3.670590
3.670590
3.565580
3.670590
3.670590
3.670590
3.670590
3.660810
3.661118
3.670590
3.670590
3.670590
3.670590
3.670590
3.659059
3.659780
3.670590
3.670590
3.670590
3.670590
3.670590
3.670590
3.670590
3.670590
4.214205
4.214205
4.214205
4.214205
4.214205
4.214205
4.214205
4.214205
4.214205
4.178359
3.996349
4.014388
4.214205
4.214205
4.214205
4.214205
4.177896
4.214205
4.214205
4.214205
3.873660
4.214205
3.587868
3.359604
4.214205
4.214205
4.214205
3.810292
4.214205
4.214205
4.079780
4.214205
4.214205
4.214205
3.712927
4.214205
4.214205
4.078045
4.095217
4.103716
4.214205
4.214205
4.214205
4.214205
4.214205
4.108572
4.094003
4.214205
4.214205
4.717395
4.717395
4.717395
4.717395
4.717395
4.717395
4.717395
4.717395
4.717395
4.717395
4.717395
4.717395
4.717395
4.717395
4.717395
4.717395
4.717395
4.717395
4.666163
4.668532
4.717395
4.717395
4.717395
4.717395
4.717395
4.687485
4.692519
4.717395
4.717395
4.717395
4.717395
4.717395
4.717395
4.717395
4.717395
4.717395
4.717395
4.717395
4.592623
4.600520
4.717395
4.717395
4.717395
4.717395
4.717395
4.717395
4.717395
4.717395
4.717395
-0.125185
-0.134223
-0.134223
-0.134223
-0.134223
-0.134223
-0.134223
-0.105704
-0.134223
-0.134223
-0.134223
-0.134223
-0.134223
-0.117955
-0.134223
-0.134223
-0.134223
-0.134223
-0.134223
-0.134223
-0.111328
-0.134223
-0.134223
0.590579
0.130072
-0.134223
0.337866
1.103973
-0.134223
-0.134223
1.941441
0.767847
-0.134223
0.729957
0.210204
-0.134223
-0.134223
-0.134223
-0.065940
-0.134223
-0.134223
-0.134223
-0.134223
-0.134223
-0.134223
-0.134223
-0.134223
-0.134223
-0.134223
1.646756
1.678690
1.810574
1.816305
1.816305
1.816305
1.801951
1.557989
1.626004
1.791492
1.816305
1.816305
1.816305
1.802118
1.816305
1.810574
1.743756
1.816305
1.816305
1.793077
1.779419
1.816305
1.816305
1.708289
1.775747
1.816305
1.802368
1.788598
1.770127
1.778501
1.804844
1.816305
1.816305
1.816305
1.816305
1.654127
1.517320
1.701529
1.816305
1.816305
1.783257
1.665839
1.606114
1.279394
1.561383
1.788988
1.757637
1.639523
1.410166
3.934006
3.934006
3.918958
3.887670
3.856629
3.878831
3.877392
3.855684
3.738097
3.212782
1.349366
0.513474
1.839118
3.527017
3.863495
3.553947
1.933474
2.787333
3.391217
2.442139
3.045735
3.881380
2.862736
1.447135
3.860412
3.934006
3.064072
1.566654
3.934006
3.202010
0.598745
2.787909
3.803592
1.473942
1.042819
3.934006
3.934006
2.691002
0.409045
0.167581
0.772904
3.277413
3.576848
3.410911
3.700396
2.602977
1.986306
3.127881
3.378842
1.375019
0.976176
0.904331
1.062029
1.157404
1.040744
0.766441
1.058528
1.174038
1.258961
1.601827
1.587107
0.991114
0.731859
1.270726
1.722152
2.268242
2.017249
1.560624
1.258742
1.371955
1.370368
1.892874
2.385121
2.191691
2.254563
1.782726
1.487958
1.346839
1.685984
2.197929
1.423171
1.076530
2.016319
1.555644
1.263393
1.473567
1.304104
0.568032
0.522506
1.211247
0.855249
0.819518
0.734595
0.618209
1.031387
1.199537
0.771037
0.460401
-0.005981
-0.005981
-0.005981
-0.005981
-0.005981
-0.005981
0.012015
-0.005981
-0.005981
-0.005981
-0.005981
-0.005981
-0.005981
-0.005981
-0.005981
-0.005981
-0.005981
0.824999
1.124271
0.266141
-0.005981
-0.005981
-0.005981
0.329906
2.005494
2.470681
1.540931
-0.005981
-0.005981
-0.005981
0.088679
1.458078
1.994780
0.874358
-0.005981
-0.005981
-0.005981
-0.005981
-0.005981
0.352115
-0.005981
-0.005981
-0.005981
-0.005981
-0.005981
-0.005981
-0.005981
-0.005981
-0.005981
-0.241830
-0.241830
-0.241830
-0.015943
-0.054359
-0.241830
-0.241830
-0.241830
-0.241830
-0.241830
1.625677
3.028060
-0.241830
-0.241830
-0.241830
-0.241830
-0.241830
0.166438
0.614659
-0.241830
-0.200725
-0.241830
-0.157314
-0.161156
-0.241830
-0.241830
-0.241830
-0.214362
-0.241830
0.054647
0.394726
-0.241830
-0.241830
-0.241830
-0.200725
-0.241830
0.011813
0.457057
0.026411
-0.019208
-0.241830
-0.214362
-0.241830
-0.241830
-0.241830
-0.042930
-0.052054
-0.241830
-0.241830
-0.075258
-0.075258
-0.075258
-0.075258
-0.075258
-0.075258
0.017641
-0.075258
-0.075258
-0.075258
-0.075258
-0.075258
-0.075258
-0.075258
-0.075258
-0.075258
-0.075258
-0.075258
-0.075258
-0.075258
-0.075258
-0.075258
-0.075258
-0.075258
-0.075258
-0.075258
-0.075258
-0.075258
-0.075258
-0.075258
-0.075258
-0.075258
-0.075258
-0.075258
-0.061986
-0.075258
-0.075258
-0.075258
-0.075258
-0.075258
-0.075258
-0.075258
-0.075258
-0.075258
-0.075258
-0.075258
-0.075258
-0.075258
0.183693
-0.225309
-0.225046
-0.241060
-0.241060
-0.241060
-0.241060
-0.241060
-0.229509
-0.228591
-0.241060
-0.241060
-0.241060
-0.241060
-0.241060
-0.241060
-0.241060
-0.241060
-0.241060
-0.241060
-0.241060
-0.241060
-0.241060
-0.216777
-0.241060
-0.241060
-0.241060
-0.241060
-0.241060
-0.241060
-0.188556
-0.241060
-0.241060
-0.241060
-0.241060
-0.241060
-0.241060
-0.241060
-0.241060
-0.241060
-0.241060
-0.241060
-0.241060
-0.162304
-0.160991
-0.241060
-0.241060
-0.241060
-0.241060
-0.185931
3.636268
3.636268
3.636268
3.636268
3.636268
3.636268
3.624730
3.636268
3.636268
3.564925
3.549733
3.318204
3.536849
3.622038
3.636268
3.636268
3.406982
3.003729
3.104590
2.953699
3.437238
3.636268
3.636268
3.009081
3.516081
3.636268
3.050522
3.112571
3.636268
3.636268
2.530221
3.021388
3.461756
2.416508
3.269616
3.636268
3.636268
3.515311
3.468775
3.511754
3.343203
3.636268
3.636268
3.636268
3.636268
3.636268
3.636268
3.636268
3.636268
-0.009903
-0.009903
-0.009903
-0.009903
-0.009903
-0.009903
0.018026
-0.009903
-0.009903
-0.009903
-0.009903
-0.009903
-0.009903
-0.009903
-0.009903
-0.009903
-0.009903
-0.009903
-0.009903
-0.009903
-0.009903
-0.009903
-0.009903
-0.009903
-0.009903
-0.009903
-0.009903
-0.009903
-0.009903
-0.009903
-0.009903
-0.009903
-0.009903
-0.009903
-0.009903
-0.009903
-0.009903
-0.009903
-0.009903
-0.009903
-0.009903
-0.009903
-0.009903
-0.009903
-0.009903
-0.009903
-0.009903
-0.009903
-0.009903
0.669935
0.112741
0.000861
0.000861
0.000861
0.000861
0.128293
0.141747
0.000861
0.000861
0.060380
0.000861
0.000861
0.000861
0.000861
0.000861
0.000861
0.058873
0.000861
0.000861
0.000861
0.000861
0.160151
0.157999
0.000861
0.000861
0.000861
0.155846
0.000861
0.000861
0.000861
0.000861
0.000861
0.000861
0.372180
0.040092
0.000861
0.000861
0.330205
1.194894
0.000861
0.000861
0.406244
0.000861
0.000861
0.330205
0.897623
0.000861
0.058981
4.390472
4.390569
4.394466
4.394466
4.394466
4.394466
4.394466
4.389944
4.390184
4.394466
4.222754
3.828571
4.382775
4.394466
4.394466
4.394466
4.177673
3.652914
3.208502
3.889818
4.304833
4.394466
4.394466
4.108872
4.187151
4.350780
3.849404
4.157947
4.394466
4.394466
4.006345
3.960254
4.091263
4.308586
4.394466
4.394466
4.394466
4.394466
4.394466
4.394466
4.394466
4.394466
4.394466
4.394466
4.394466
4.394466
4.394466
4.394466
4.394466
0.020027
0.020027
0.020027
0.020027
0.020027
0.020027
0.020027
0.020027
0.020027
0.020027
0.020027
0.020027
0.020027
0.020027
0.020027
0.020027
0.020027
0.020027
0.020027
0.188707
0.186458
0.020027
0.031915
0.462558
0.020027
0.020027
0.283971
0.755740
0.020027
0.029345
0.812020
0.027953
0.020027
0.201720
0.299715
0.020027
0.020027
0.020027
0.183888
0.020027
0.020027
0.020027
0.020027
0.020027
0.020027
0.020027
0.020027
0.020027
0.055691
0.179327
0.179327
0.179327
0.179327
0.179327
0.179327
0.179327
0.179327
0.179327
0.179327
0.179327
0.179327
0.179327
0.179327
0.179327
0.179327
0.179327
0.179327
0.179327
0.179327
0.179327
0.179327
0.179327
0.179327
0.179327
0.179327
0.179327
0.179327
0.179327
0.179327
0.276679
0.179327
0.179327
0.179327
0.179327
0.179327
0.179327
0.273434
0.618160
0.442926
0.179327
0.179327
0.179327
0.179327
0.179327
0.731637
0.497793
0.179327
0.179327
3.560092
3.564251
3.591286
3.591286
3.591286
3.591286
3.591286
3.499530
3.437483
3.591286
3.591286
3.591286
3.591286
3.591286
3.591286
3.591286
3.591286
3.591286
3.591286
3.591286
3.591286
3.591286
3.513875
3.288306
3.521769
3.591286
3.466512
3.299170
3.569005
3.462734
2.966312
3.471774
3.591286
3.422883
3.420422
3.389568
3.361430
3.591286
3.591286
3.591286
3.591286
3.569005
3.371318
3.343138
3.591286
3.591286
3.591286
3.591286
3.370979
2.073013
2.188042
2.188042
2.188042
2.188042
2.188042
2.188042
2.085225
2.188042
2.079552
1.073593
0.625758
1.604179
2.188042
2.188042
2.188042
1.134411
0.284753
0.575906
0.214560
1.723187
2.188042
2.188042
0.404418
0.844157
1.108603
0.151977
1.424319
2.188042
2.188042
0.409676
0.437872
0.711000
0.029337
1.655795
2.151717
2.188042
1.965214
0.492497
0.578397
1.446252
2.188042
2.140716
2.188042
2.188042
2.115185
2.059175
2.188042
2.188042
3.985799
3.985799
3.985799
3.985799
3.985799
3.985799
3.985799
3.985799
3.985799
3.985799
3.796186
3.421577
3.958396
3.985799
3.985799
3.985799
3.833559
3.552798
3.193560
3.518814
3.803111
3.985799
3.985799
3.495340
3.890428
3.936493
3.506242
3.770109
3.985799
3.985799
3.947935
3.422755
3.510171
3.363038
3.899906
3.985799
3.985799
3.985799
3.566745
3.712061
3.806794
3.985799
3.985799
3.985799
3.985799
3.985799
3.985799
3.985799
3.985799
3.836135
3.967024
3.967024
3.967024
3.967024
3.967024
3.967024
3.780570
3.967024
3.967024
3.953935
3.967024
3.967024
3.967024
3.967024
3.967024
3.967024
3.954676
3.967024
3.967024
3.967024
3.967024
3.967024
3.967024
3.967024
3.967024
3.967024
3.967024
3.967024
3.967024
3.967024
3.967024
3.967024
3.967024
3.967024
3.967024
3.967024
3.967024
3.967024
3.967024
3.967024
3.967024
3.967024
3.967024
3.967024
3.967024
3.967024
3.967024
3.967024
2.457819
2.467438
2.488512
2.494072
2.494072
2.494072
2.494072
2.446504
2.476390
2.488178
2.494072
2.494072
2.494072
2.494072
2.494072
2.494072
2.494072
2.494072
2.494072
2.494072
2.494072
2.494072
2.494072
2.494072
2.494072
2.494072
2.494072
2.494072
2.494072
2.494072
2.494072
2.494072
2.494072
2.494072
2.494072
2.494072
2.494072
2.494072
2.379308
2.385981
2.494072
2.494072
2.494072
2.460933
2.481756
2.491292
2.494072
2.494072
2.460877
-0.025080
-0.025080
-0.025080
-0.025080
-0.025080
-0.025080
-0.025080
-0.025080
-0.025080
-0.025080
-0.025080
-0.025080
-0.025080
-0.025080
-0.025080
-0.025080
-0.025080
-0.025080
-0.025080
-0.025080
-0.025080
-0.025080
-0.025080
-0.025080
-0.025080
-0.025080
-0.025080
-0.025080
-0.025080
-0.025080
-0.025080
-0.025080
-0.025080
-0.025080
-0.025080
-0.025080
-0.025080
-0.025080
-0.025080
-0.025080
-0.025080
-0.025080
-0.025080
-0.025080
-0.025080
-0.025080
-0.025080
-0.025080
-0.025080
4.278367
4.464265
4.464265
4.464265
4.464265
4.464265
4.444245
4.456966
4.464265
4.464265
4.367333
3.532231
4.197535
4.464265
4.464265
4.464265
4.464265
4.385101
4.069571
4.207336
4.390690
4.464265
4.424224
4.239202
4.464265
4.464265
4.329169
4.024692
4.464265
4.464265
3.874079
4.435903
4.464265
4.162874
3.734270
4.464265
4.464265
4.359992
4.000292
4.135054
4.230277
4.464265
4.443911
4.464265
4.464265
4.203416
4.108527
4.464265
4.332464
0.176441
-0.002812
-0.002812
-0.002812
-0.002812
-0.002812
0.005678
-0.002812
-0.002812
-0.002812
-0.002812
-0.002812
-0.002812
-0.002812
-0.002812
-0.002812
-0.002812
-0.002812
-0.002812
-0.002812
-0.002812
-0.002812
-0.002812
-0.002812
-0.002812
-0.002812
-0.002812
-0.002812
-0.002812
-0.002812
-0.002812
-0.002812
-0.002812
-0.002812
-0.002812
-0.002812
-0.002812
-0.002812
-0.002812
-0.002812
-0.002812
-0.002812
-0.002812
-0.002812
-0.002812
-0.002812
-0.002812
-0.002812
-0.002812
1.439601
1.668554
1.668554
1.664624
1.659029
1.635450
1.569396
1.567686
1.532686
1.619484
1.359369
1.324369
1.646330
1.629763
1.538943
1.504915
1.473737
1.471148
1.534474
1.501617
1.338841
1.520450
1.385877
1.387479
1.485835
1.546911
1.507643
1.167527
1.526768
1.454766
1.455906
1.425885
1.555819
1.347579
1.304257
1.623182
1.520434
1.588106
1.344204
1.360972
1.471040
1.583159
1.555973
1.668554
1.668554
1.442930
1.370342
1.646623
1.526892
-0.221223
-0.221223
-0.221223
-0.221223
-0.221223
-0.221223
-0.221223
-0.221223
-0.221223
-0.221223
-0.221223
-0.221223
-0.221223
-0.221223
-0.221223
-0.221223
-0.221223
-0.221223
-0.221223
-0.221223
-0.221223
-0.221223
-0.221223
-0.221223
-0.221223
-0.221223
-0.221223
-0.221223
-0.221223
-0.221223
-0.221223
-0.221223
-0.221223
-0.221223
-0.221223
-0.221223
-0.221223
-0.221223
-0.181982
-0.179263
-0.221223
-0.221223
-0.221223
-0.221223
-0.221223
-0.177709
-0.188587
-0.221223
-0.221223
0.131740
-0.000288
-0.000288
-0.000288
-0.000288
-0.000288
0.008342
-0.000288
-0.000288
-0.000288
-0.000288
-0.000288
-0.000288
-0.000288
-0.000288
-0.000288
-0.000288
-0.000288
-0.000288
-0.000288
-0.000288
-0.000288
-0.000288
-0.000288
-0.000288
-0.000288
-0.000288
-0.000288
-0.000288
-0.000288
-0.000288
-0.000288
-0.000288
-0.000288
-0.000288
-0.000288
-0.000288
-0.000288
0.029742
0.044930
-0.000288
-0.000288
-0.000288
-0.000288
-0.000288
0.033539
0.044354
-0.000288
-0.000288
-0.003093
-0.003093
-0.003093
-0.003093
-0.003093
-0.003093
-0.003093
-0.003093
-0.003093
-0.003093
0.556650
1.147658
-0.003093
-0.003093
-0.003093
-0.003093
0.079204
0.835614
1.097231
0.226654
0.136423
-0.003093
-0.003093
0.134069
-0.003093
-0.003093
0.326433
0.301085
-0.003093
-0.003093
-0.003093
-0.003093
-0.003093
-0.003093
-0.003093
-0.003093
-0.003093
-0.003093
-0.003093
-0.003093
-0.003093
-0.003093
-0.003093
-0.003093
-0.003093
-0.003093
-0.003093
-0.003093
-0.003093
4.990034
4.990034
4.990034
4.990034
4.990034
4.990034
4.990034
4.990034
4.990034
4.990034
4.856470
4.866878
4.990034
4.990034
4.990034
4.990034
4.990034
4.990034
4.990034
4.990034
4.747394
4.990034
4.935037
4.939322
4.990034
4.990034
4.990034
4.782903
4.990034
4.990034
4.990034
4.990034
4.990034
4.990034
4.990034
4.990034
4.990034
4.990034
4.686020
4.725151
4.990034
4.990034
4.990034
4.990034
4.990034
4.746221
4.752241
4.990034
4.990034
1.844734
1.844734
1.844734
1.844734
1.844734
1.844734
1.844734
1.844734
1.844734
1.844734
1.805709
1.844734
1.822120
1.820699
1.844734
1.844734
1.745230
1.684633
1.835689
1.468764
1.522731
1.844734
1.730454
1.521097
0.987725
1.179226
0.709482
1.092888
1.826643
1.385860
0.704273
0.557503
0.358092
0.406992
0.374668
1.812411
1.335492
1.073400
-1.046617
-0.924925
0.446964
1.224337
1.844734
1.720058
1.678855
0.936149
1.022890
1.457469
1.702819
1.475717
1.475717
1.475717
1.475717
1.475717
1.475717
1.475717
1.475717
1.475717
1.475717
1.455869
1.458274
1.475717
1.475717
1.475717
1.475717
1.475717
1.475717
1.475717
1.475717
1.466896
1.475717
1.475717
1.475717
1.475717
1.475717
1.475717
1.465843
1.475717
1.475717
1.475717
1.475717
1.475717
1.475717
1.475717
1.475717
1.475717
1.475717
1.475717
1.475717
1.475717
1.475717
1.475717
1.475717
1.475717
1.475717
1.475717
1.475717
1.475717
1.030458
1.465832
0.688024
0.576413
0.495317
0.453528
1.156757
0.549260
0.615203
0.259114
0.240857
0.271786
0.450683
0.592291
0.224721
0.224721
0.224721
0.224721
0.321126
0.521280
0.309024
0.224721
0.224721
0.224721
0.224721
0.224721
0.234444
0.234548
0.224721
0.224721
0.224721
0.224721
0.224721
0.224721
0.276492
0.224721
0.259683
0.260356
0.508867
0.339228
0.276492
0.509850
0.224721
0.256994
0.282543
0.525314
0.357381
0.278199
0.371139
4.085037
4.085037
4.085037
4.085037
4.085037
4.085037
4.085037
4.085037
4.085037
4.085037
4.068071
4.053326
4.085037
4.085037
4.085037
4.085037
4.085037
4.085037
4.085037
4.085037
4.085037
4.085037
4.085037
4.085037
4.085037
4.085037
4.085037
4.085037
4.085037
4.085037
4.085037
4.085037
4.085037
4.085037
4.085037
4.085037
4.085037
4.085037
3.852641
3.903083
4.085037
4.085037
4.085037
4.085037
4.085037
3.779313
3.800150
4.085037
4.085037
4.744860
4.744860
4.744860
4.744860
4.744860
4.744860
4.744860
4.744860
4.744860
4.744860
4.744860
4.744860
4.744860
4.744860
4.744860
4.744860
4.744860
4.744860
4.744860
4.744860
4.744860
4.744860
4.744860
4.744860
4.744860
4.744860
4.744860
4.744860
4.744860
4.744860
4.744860
4.744860
4.744860
4.744860
4.744860
4.744860
4.744860
4.744860
4.744860
4.701959
4.744860
4.744860
4.744860
4.744860
4.744860
4.744860
4.701096
4.744860
4.744860
3.948467
3.948467
3.948467
3.948467
3.948467
3.948467
3.831695
3.948467
3.948467
3.948467
3.948467
3.948467
3.948467
3.948467
3.948467
3.948467
3.948467
3.948467
3.948467
3.948467
3.812283
3.948467
3.930030
3.930920
3.948467
3.948467
3.948467
3.826524
3.948467
3.948467
3.948467
3.948467
3.948467
3.936176
3.871919
3.948467
3.948467
3.948467
3.717805
3.699325
3.948467
3.948467
3.948467
3.948467
3.948467
3.760403
3.727385
3.948467
3.834154
0.000317
0.000317
0.000317
0.000317
0.000317
0.000317
0.000317
0.000317
0.000317
0.000317
0.000317
0.000317
0.000317
0.000317
0.000317
0.000317
0.000317
0.000317
0.000317
0.000317
0.000317
0.000317
0.000317
0.000317
0.000317
0.000317
0.000317
0.000317
0.000317
0.000317
0.000317
0.000317
0.000317
0.000317
0.000317
0.000317
0.000317
0.000317
0.282334
0.269868
0.000317
0.000317
0.000317
0.000317
0.000317
0.070570
0.063915
0.000317
0.000317
-0.295011
-0.295011
-0.295011
-0.177367
0.138952
-0.111642
-0.218182
-0.295011
-0.295011
-0.295011
0.799622
1.445886
-0.295011
-0.295011
-0.295011
-0.295011
-0.295011
0.102879
0.444468
-0.295011
-0.264400
-0.295011
0.056421
-0.295011
-0.295011
-0.254196
-0.256597
-0.110142
-0.295011
0.906823
0.351133
-0.295011
-0.295011
-0.295011
0.672434
-0.295011
0.503770
0.762408
-0.174366
-0.295011
-0.295011
-0.040695
-0.295011
-0.203177
-0.126288
-0.180248
-0.214581
-0.268001
-0.123827
0.736946
-0.071566
-0.071566
-0.071566
-0.071566
-0.071566
0.782769
-0.071566
-0.071566
-0.071566
-0.071566
-0.071566
-0.071566
-0.071566
-0.071566
-0.071566
-0.071566
-0.071566
-0.071566
-0.071566
-0.071566
-0.071566
-0.071566
-0.071566
-0.071566
-0.071566
-0.071566
-0.071566
-0.071566
-0.071566
-0.071566
-0.071566
-0.071566
-0.071566
-0.071566
-0.071566
-0.071566
-0.071566
-0.071566
-0.071566
-0.071566
-0.071566
0.173705
-0.071566
-0.071566
-0.071566
-0.071566
-0.071566
0.138602
-0.078989
-0.078989
-0.078989
-0.078989
-0.078989
-0.078989
-0.078989
-0.078989
-0.078989
-0.078989
-0.078989
-0.078989
-0.078989
-0.078989
-0.078989
-0.078989
-0.078989
-0.078989
-0.078989
-0.078989
-0.078989
-0.078989
-0.078989
-0.078989
-0.078989
-0.078989
-0.078989
-0.078989
-0.078989
-0.078989
-0.078989
-0.078989
-0.078989
-0.078989
-0.078989
-0.078989
-0.078989
-0.078989
-0.078989
-0.078989
-0.078989
-0.078989
-0.078989
-0.078989
-0.078989
-0.078989
-0.078989
-0.078989
-0.078989
1.879285
1.879285
1.879285
1.879285
1.879285
1.879285
1.879285
1.784075
1.879285
1.879285
1.879285
1.879285
1.879285
1.879285
1.711167
1.879285
1.879285
1.879285
1.879285
1.879285
1.879285
1.654273
1.879285
1.873599
1.874160
1.879285
1.811061
1.817787
1.799930
1.879285
1.874000
1.874120
1.879285
1.815865
1.817306
1.844051
1.879285
1.879285
1.682540
0.759833
1.879285
1.879285
1.863189
1.879285
1.879285
1.831720
1.615517
1.879285
1.879285
0.265924
0.265924
0.265924
0.265924
0.265924
0.265924
0.265924
0.265924
0.265924
0.265924
0.265924
0.265924
0.265924
0.265924
0.265924
0.265924
0.265924
0.265924
0.265924
0.265924
0.265924
0.265924
0.265924
0.265924
0.265924
0.265924
0.265924
0.265924
0.265924
0.265924
0.265924
0.265924
0.265924
0.265924
0.265924
0.265924
0.265924
0.265924
0.265924
0.265924
0.265924
0.265924
0.265924
0.265924
0.265924
0.265924
0.265924
0.265924
0.265924
1.058950
1.082130
0.651800
0.243548
0.103614
0.331328
0.124794
1.130529
0.779981
0.428085
0.616745
-0.212492
0.098962
-0.354466
0.811934
0.514764
0.839725
1.779269
1.365752
0.803609
-0.219511
0.926566
0.397071
-0.141566
1.824689
1.974947
1.422068
-0.491339
0.912569
0.875677
-0.167561
1.289235
1.800530
1.338124
0.398785
1.061113
1.413335
0.595402
0.014201
0.809771
0.808465
0.599850
0.274236
0.502562
0.137118
-0.459712
-0.599932
-0.118101
-0.756556
0.656340
0.445691
0.127609
-0.014476
-0.014476
0.006269
0.260803
0.879585
1.010556
0.146246
0.565492
0.714018
0.426427
0.188136
0.322015
0.281663
0.115640
0.408645
0.453100
1.385461
1.027655
0.162204
0.147956
0.152857
0.064517
-0.014476
1.314960
1.429461
0.340310
0.313637
0.451904
0.395309
-0.014476
1.283500
0.557969
0.238576
0.201473
0.067709
1.307836
0.785944
0.183976
-0.014476
0.193095
0.192354
-0.014476
0.337745
0.252254
-0.014476
0.451505
-0.008117
-0.008117
-0.008117
-0.008117
-0.008117
-0.008117
-0.008117
-0.008117
-0.008117
-0.008117
0.969358
1.144536
0.303534
-0.008117
-0.008117
-0.008117
-0.008117
-0.008117
-0.008117
0.577326
0.988560
-0.008117
0.613913
1.077845
-0.008117
-0.008117
0.288693
1.060279
-0.008117
-0.008117
0.365864
-0.008117
-0.008117
0.475684
0.888008
-0.008117
-0.008117
0.396393
1.024722
0.587684
0.087832
-0.008117
0.143256
-0.008117
-0.008117
1.162587
0.628147
0.092193
0.031619
0.075755
-0.012858
0.046565
0.211454
0.317905
0.200334
0.094810
-0.012858
-0.012858
-0.012858
-0.012858
-0.012858
-0.012858
-0.012858
-0.012858
-0.012858
-0.012858
0.043438
-0.001043
-0.002201
-0.012858
-0.012858
-0.012858
-0.012858
0.043785
-0.000463
-0.001390
-0.012858
-0.012858
-0.012858
-0.012858
-0.012858
0.046218
-0.012858
-0.012858
-0.012858
-0.012858
-0.012858
-0.012858
0.109115
-0.012858
-0.012858
-0.012858
-0.012858
-0.012858
-0.012858
0.109868
-0.012858
0.105293
3.344576
3.344576
3.344576
3.344576
3.344576
3.344576
3.344576
3.344576
3.344576
3.344576
2.631347
1.991293
3.274371
3.265345
3.344576
3.344576
3.344576
2.858932
2.699237
3.344576
3.344576
3.344576
3.344576
3.108504
3.344576
3.344576
3.275336
3.277534
3.344576
3.344576
3.344576
3.344576
3.344576
3.344576
3.344576
3.344576
3.344576
3.236376
3.305616
3.309474
3.325096
3.327025
3.344576
3.344576
3.344576
3.313331
3.312559
3.328953
3.328568
1.215153
1.372134
1.265283
1.082505
1.076744
1.214408
1.185029
1.423669
2.126002
2.126002
2.126002
2.126002
2.126002
1.518654
1.633159
2.126002
2.119495
2.126002
2.126002
2.037493
1.518024
1.685754
2.126002
1.955520
1.960909
2.126002
2.097798
2.069881
1.619889
2.126002
1.943282
2.025971
2.126002
1.715791
1.518454
1.394634
2.080458
2.089601
2.087021
2.126002
2.093327
1.435076
1.283999
1.577526
1.553679
1.807968
1.984956
1.712524
1.148141
4.409675
4.409675
4.409675
4.409675
4.409675
4.409675
4.409675
4.409675
4.409675
4.409675
4.409675
4.409675
4.409675
4.409675
4.409675
4.409675
4.409675
4.409675
4.409675
4.409675
4.409675
4.409675
4.409675
4.409675
4.409675
4.409675
4.409675
4.409675
4.409675
4.409675
4.409675
4.409675
4.409675
4.409675
4.409675
4.409675
4.409675
4.409675
4.409675
4.338252
4.409675
4.409675
4.409675
4.409675
4.409675
4.409675
4.346456
4.409675
4.409675
2.263638
2.437465
2.387084
2.371547
2.446904
2.446904
2.446904
2.112574
2.437582
2.446904
2.446904
2.446904
2.446904
2.422976
2.388638
2.446904
2.401845
2.446904
2.446904
2.370925
2.330761
2.394465
2.446904
2.369061
2.413576
2.446904
2.407750
2.021173
2.345133
2.446904
2.446904
2.446904
2.446904
2.446904
2.350765
2.195389
2.446904
2.446904
2.353368
2.358806
2.446904
2.440223
2.087403
2.446904
2.446904
2.355543
2.359894
2.446904
2.376907
-0.005396
-0.005396
-0.005396
-0.005396
-0.005396
-0.005396
-0.005396
-0.005396
-0.005396
-0.005396
0.566291
0.630267
0.035160
-0.005396
-0.005396
-0.005396
-0.005396
0.480200
0.526092
0.030891
-0.005396
-0.005396
0.222461
0.312287
-0.005396
-0.005396
-0.005396
-0.005396
-0.005396
-0.005396
-0.005396
-0.005396
-0.005396
0.016305
0.013341
-0.005396
-0.005396
-0.005396
1.133176
2.090256
0.078917
-0.005396
-0.005396
-0.005396
-0.005396
0.424170
0.384979
-0.005396
-0.005396
-0.007578
-0.007578
-0.007578
-0.007578
-0.007578
-0.007578
-0.007578
-0.007578
-0.007578
-0.007578
-0.007578
-0.007578
-0.007578
-0.007578
-0.007578
-0.007578
-0.007578
-0.007578
-0.007578
-0.007578
-0.007578
-0.007578
-0.007578
-0.007578
-0.007578
-0.007578
-0.007578
-0.007578
-0.007578
-0.007578
-0.007578
-0.007578
-0.007578
-0.007578
-0.007578
-0.007578
-0.007578
-0.007578
-0.007578
-0.007578
-0.007578
-0.007578
-0.007578
-0.007578
-0.007578
-0.007578
-0.007578
-0.007578
-0.007578
4.488252
4.578415
4.578415
4.578415
4.578415
4.578415
4.578415
4.578415
4.578415
4.578415
4.578415
4.578415
4.578415
4.578415
4.578415
4.578415
4.578415
4.578415
4.578415
4.578415
4.578415
4.578415
4.578415
4.578415
4.578415
4.578415
4.578415
4.578415
4.578415
4.578415
4.578415
4.578415
4.578415
4.578415
4.578415
4.578415
4.578415
4.578415
4.313877
3.207991
4.578415
4.578415
4.578415
4.578415
4.578415
4.320890
3.982865
4.578415
4.578415
5.069063
5.069063
5.069063
5.069063
5.069063
5.069063
5.069063
5.069063
5.069063
5.069063
5.069063
5.069063
5.069063
5.069063
5.069063
5.069063
5.069063
5.069063
5.069063
5.069063
5.069063
5.069063
5.069063
5.069063
5.069063
5.069063
5.069063
5.069063
5.069063
5.069063
5.069063
5.069063
5.069063
5.069063
5.069063
5.069063
5.069063
5.069063
5.069063
5.069063
5.069063
5.069063
5.069063
5.069063
5.069063
5.069063
5.069063
5.069063
5.069063
-0.072798
-0.072798
-0.072798
-0.072798
-0.072798
-0.072798
-0.072798
-0.072798
-0.072798
-0.072798
-0.072798
-0.072798
-0.072798
-0.072798
-0.072798
-0.072798
-0.072798
-0.072798
-0.072798
-0.003551
0.109768
-0.072798
-0.072798
-0.072798
-0.072798
-0.072798
-0.072798
0.079012
-0.072798
-0.072798
-0.072798
-0.072798
-0.072798
-0.072798
0.008053
-0.072798
-0.072798
-0.072798
-0.000254
0.099495
-0.072798
-0.072798
-0.072798
-0.072798
-0.072798
-0.003741
0.107865
-0.072798
-0.072798
3.353405
3.353405
3.353405
3.353405
3.353405
3.353405
3.353405
3.353405
3.353405
3.353405
2.930119
2.885525
3.353405
3.353405
3.353405
3.353405
3.274934
3.286149
3.353405
3.171696
2.920435
3.353405
2.627641
1.780112
3.353405
3.353405
3.180041
2.563524
3.353405
3.353405
2.988571
3.333424
3.353405
3.184060
2.985623
3.353405
3.353405
3.332046
2.378906
2.056446
3.353405
3.353405
3.353405
3.353405
3.353405
2.908415
2.733788
3.353405
3.353405
0.190996
0.551267
0.417223
0.177983
-0.174816
0.120931
-0.199952
0.223555
-0.020831
0.050075
0.250571
-0.166404
0.070956
-0.041267
-0.264277
-0.281596
0.304901
0.173727
-0.143692
-0.042603
-0.146117
-0.281596
-0.281596
-0.190353
-0.181892
-0.270611
-0.173183
-0.248938
-0.281596
-0.281596
-0.281596
-0.281596
-0.231125
-0.281596
-0.281596
-0.281596
-0.281596
-0.218508
-0.281596
-0.205890
-0.281596
-0.281596
-0.281596
-0.281596
-0.281596
-0.281596
-0.281596
-0.281596
-0.281596
-0.118955
-0.196495
-0.196495
-0.196495
-0.196495
-0.196495
-0.076324
-0.196495
-0.196495
-0.196495
-0.196495
-0.196495
-0.196495
-0.196495
-0.196495
-0.196495
-0.196495
-0.196495
-0.196495
-0.121996
-0.190414
-0.196495
-0.196495
0.064160
0.048835
-0.196495
-0.129294
-0.191265
-0.196495
-0.196495
-0.183845
-0.186035
-0.196495
-0.196495
-0.196495
-0.196495
-0.196495
-0.196495
-0.196495
-0.196495
-0.196495
-0.196495
-0.149971
-0.196495
-0.196495
-0.196495
-0.196495
-0.196495
-0.104055
1.207416
1.207416
1.207416
1.207416
1.207416
1.207416
1.207416
1.207416
1.207416
1.207416
1.207416
1.207416
1.207416
1.207416
1.207416
1.207416
1.207416
1.207416
1.207416
1.083493
1.076434
1.207416
0.949298
0.848456
1.207416
1.207416
1.097611
0.814244
1.207416
1.092382
1.069263
1.207416
1.207416
1.207416
1.103362
1.207416
1.207416
1.207416
0.903396
0.971072
1.207416
1.207416
1.207416
1.207416
1.207416
0.894320
0.958000
1.207416
1.207416
1.257502
1.257502
1.257502
1.257502
1.257502
1.257502
1.257502
1.257502
1.257502
1.257502
1.257502
1.257502
1.257502
1.257502
1.257502
1.257502
0.996165
0.502397
0.684430
0.783596
1.257502
1.257502
1.238248
0.697709
0.390671
0.564332
0.291154
1.212585
1.257502
1.257502
0.764086
0.295021
0.254274
0.121201
1.190422
1.257502
1.257502
1.216995
0.567879
0.049455
0.659583
1.257502
1.257502
1.252197
1.251558
1.021412
0.893340
1.216037
1.257502
-0.015301
-0.015301
-0.015301
-0.015301
-0.015301
-0.015301
-0.015301
-0.015301
-0.015301
-0.015301
-0.015301
-0.015301
-0.015301
-0.015301
-0.015301
-0.015301
-0.015301
-0.015301
-0.015301
-0.015301
-0.015301
-0.015301
-0.015301
-0.015301
-0.015301
-0.015301
-0.015301
-0.015301
-0.015301
-0.015301
-0.015301
-0.015301
-0.015301
-0.015301
-0.015301
-0.015301
-0.015301
-0.015301
-0.015301
-0.015301
-0.015301
-0.015301
-0.015301
-0.015301
-0.015301
-0.015301
-0.015301
-0.015301
-0.015301
2.426998
1.894938
2.213900
2.155877
2.050927
2.191709
2.150623
1.793643
0.832386
1.318922
0.781184
0.088437
0.958417
1.259169
2.125234
1.308544
1.265043
1.333085
1.479186
0.833170
1.043331
2.262263
0.989452
0.741502
2.029813
2.052624
1.005639
0.108409
2.216021
1.125893
0.628426
1.641538
2.142563
0.719441
0.095420
2.091915
1.149716
1.608382
0.917234
0.537215
1.113134
1.258093
1.889815
1.017778
1.620131
1.513255
0.987168
1.427918
0.908031
0.056095
-0.004431
-0.004431
-0.004431
-0.004431
-0.004431
0.148427
-0.004431
-0.004431
0.022153
0.345908
0.352238
0.423128
0.047076
-0.004431
-0.004431
0.059181
0.114723
-0.004431
0.355561
0.360941
-0.004431
0.008861
0.192694
-0.004431
-0.004431
-0.004431
0.048737
-0.004431
0.007200
0.734383
0.308287
-0.004431
0.708906
0.338313
-0.004431
-0.004431
0.879210
0.879526
-0.004431
1.163207
0.729200
-0.004431
0.002215
0.000000
0.145460
0.281070
0.055423
0.217973
-0.022675
-0.022675
-0.022675
-0.022675
-0.022675
-0.022675
-0.022675
-0.022675
-0.022675
-0.022675
-0.022675
-0.022675
-0.022675
-0.022675
-0.022675
-0.022675
-0.022675
0.019841
-0.022675
-0.022675
-0.022675
-0.022675
-0.022675
0.010004
0.005724
-0.022675
-0.022675
-0.022675
-0.022675
-0.022675
0.262601
0.305229
-0.008670
0.159506
-0.022675
-0.022675
-0.022675
-0.022675
0.052353
-0.007336
0.082365
-0.022675
-0.022675
-0.022675
-0.022675
-0.022675
-0.022675
-0.022675
-0.022675
2.265341
2.265933
2.300847
2.300847
2.300847
2.300847
2.300847
2.261791
2.268300
2.300847
2.300847
2.300847
2.300847
2.300847
2.300847
2.300847
2.300847
2.300847
2.300847
2.300847
2.300847
2.300847
2.300847
2.300847
2.300847
2.300847
2.300847
2.300847
2.300847
2.300847
2.300847
2.300847
2.300847
2.239980
2.240994
2.300847
2.300847
2.300847
2.300847
2.300847
2.169223
2.245052
2.300847
2.300847
2.300847
2.300847
2.300847
2.300847
2.250124
-0.004614
-0.004614
-0.004614
-0.004614
-0.004614
-0.004614
-0.004614
-0.004614
-0.004614
-0.004614
-0.004614
-0.004614
-0.004614
-0.004614
-0.004614
-0.004614
-0.004614
-0.004614
-0.004614
-0.004614
-0.004614
-0.004614
0.190482
0.187845
-0.004614
-0.004614
-0.004614
-0.004614
-0.004614
-0.004614
-0.004614
-0.004614
-0.004614
-0.004614
-0.004614
-0.004614
-0.004614
-0.004614
-0.004614
-0.004614
-0.004614
-0.004614
-0.004614
-0.004614
-0.004614
-0.004614
-0.004614
-0.004614
-0.004614
3.980738
3.980738
3.980738
3.980738
3.980738
3.980738
3.980738
3.980738
3.980738
3.980738
3.782869
3.782869
3.980738
3.980738
3.980738
3.980738
3.980738
3.980738
3.980738
3.500081
3.101980
3.980738
3.616659
2.873826
3.980738
3.980738
3.320625
2.182109
3.980738
3.980738
3.630345
3.980738
3.980738
3.623035
3.623584
3.980738
3.980738
3.980738
3.815847
3.809251
3.980738
3.980738
3.980738
3.980738
3.980738
3.791663
3.802656
3.980738
3.980738
-0.042093
-0.042093
-0.042093
-0.042093
-0.042093
-0.042093
-0.042093
-0.042093
-0.042093
-0.042093
-0.042093
-0.042093
-0.042093
-0.042093
-0.042093
-0.042093
-0.042093
-0.042093
-0.042093
-0.042093
0.118057
-0.042093
-0.042093
-0.010228
-0.012284
-0.042093
-0.042093
0.095597
-0.042093
-0.042093
-0.042093
-0.042093
-0.042093
-0.042093
-0.042093
-0.042093
-0.042093
-0.042093
-0.042093
-0.042093
-0.042093
-0.042093
-0.042093
-0.042093
-0.042093
-0.042093
-0.042093
-0.042093
-0.042093
-0.016969
-0.016969
-0.016969
-0.016969
-0.016969
-0.016969
-0.016969
-0.016969
-0.016969
-0.016969
-0.016969
-0.016969
-0.016969
-0.016969
-0.016969
-0.016969
-0.016969
-0.016969
-0.016969
-0.016969
-0.016969
-0.016969
0.076489
0.070220
-0.016969
-0.016969
-0.016969
-0.016969
-0.016969
-0.016969
-0.016969
-0.016969
-0.016969
-0.016969
-0.016969
-0.016969
-0.016969
-0.016969
0.063572
0.651865
-0.016969
-0.016969
-0.016969
-0.016969
-0.016969
0.050655
0.191032
-0.016969
-0.016969
0.971435
-0.056345
-0.011588
-0.035971
-0.178427
-0.178427
0.326265
0.367563
-0.178427
-0.178427
-0.178427
-0.178427
-0.178427
0.096929
0.180074
-0.178427
-0.178427
-0.178427
-0.178427
-0.178427
-0.145147
0.232411
-0.178427
-0.121313
-0.124059
0.031028
-0.178427
-0.178427
0.247898
-0.178427
-0.070898
-0.078916
-0.108133
-0.178427
-0.178427
0.422480
-0.178427
-0.178427
0.043989
0.357403
-0.178427
0.098138
0.703603
-0.106924
-0.063814
-0.145367
-0.158657
-0.029051
0.272061
-0.033652
-0.066656
-0.066656
-0.066656
-0.066656
-0.066656
0.052225
-0.066656
-0.066656
-0.066656
0.514740
1.319789
0.014108
-0.066656
-0.066656
-0.066656
0.170199
0.454814
1.029738
0.479017
0.698917
-0.066656
0.516940
2.654915
-0.066656
-0.066656
0.706424
1.462290
-0.066656
-0.066656
1.092835
0.154862
-0.066656
0.019803
0.017732
-0.066656
-0.066656
-0.066656
0.070539
0.067950
-0.066656
-0.066656
-0.066656
-0.066656
-0.066656
0.065362
0.065362
-0.066656
-0.066656
0.989610
1.202072
1.206643
1.206643
1.206643
1.206643
1.066615
1.192949
1.206643
1.206643
1.152851
1.154482
1.206643
1.206643
1.206643
1.206643
1.206643
1.161939
1.162942
1.165864
1.168893
1.206643
1.206643
1.184685
1.186316
1.206643
1.105726
1.111391
1.206643
1.206643
1.162100
1.163982
1.206643
1.176960
1.178680
1.206643
1.206643
1.206643
0.948920
0.649057
1.206643
1.206643
1.111140
1.206643
1.206643
1.031016
0.921370
1.206643
1.118812
-0.008221
-0.008221
-0.008221
-0.008221
-0.008221
-0.008221
-0.008221
-0.008221
-0.008221
-0.008221
-0.008221
-0.008221
-0.008221
-0.008221
-0.008221
-0.008221
-0.008221
-0.008221
-0.008221
-0.008221
-0.008221
-0.008221
-0.008221
-0.008221
-0.008221
-0.008221
-0.008221
-0.008221
-0.008221
-0.008221
-0.008221
-0.008221
-0.008221
-0.008221
-0.008221
-0.008221
-0.008221
-0.008221
-0.008221
-0.008221
-0.008221
-0.008221
-0.008221
-0.008221
-0.008221
-0.008221
-0.008221
-0.008221
-0.008221
2.510503
2.510503
2.510503
2.510503
2.510503
2.510503
2.510503
2.510503
2.510503
2.510503
2.510503
2.510503
2.510503
2.510503
2.510503
2.510503
2.476151
2.438344
2.510503
2.430279
2.414884
2.510503
2.483797
1.893673
2.358225
2.510503
2.338047
2.375121
2.510503
2.510503
1.572743
2.143003
2.400117
1.510742
2.267318
2.510503
2.510503
2.399035
2.400117
2.449375
2.183115
2.510503
2.510503
2.510503
2.510503
2.510503
2.510503
2.510503
2.510503
3.324687
3.700923
3.700923
3.666130
3.666958
3.700923
3.589732
3.310420
3.700923
3.569482
2.231461
1.463847
2.876379
3.640541
3.694388
3.623605
2.734076
3.346732
3.617898
2.868509
2.672084
3.700923
2.941961
2.342515
3.700923
3.700923
3.602803
2.187694
3.700923
3.499159
2.912277
3.682054
3.700923
3.610580
2.677468
3.667557
3.700923
3.524288
2.859166
3.298730
3.658168
3.700923
3.163147
3.667557
3.693191
3.233194
3.282852
3.693928
3.520284
0.083525
0.083525
0.083525
0.083525
0.083525
0.083525
0.083525
0.083525
0.083525
0.083525
0.083525
0.083525
0.083525
0.083525
0.083525
0.083525
0.083525
0.083525
0.083525
0.083525
0.083525
0.083525
0.083525
0.083525
0.083525
0.083525
0.083525
0.083525
0.083525
0.083525
0.083525
0.083525
0.083525
0.083525
0.083525
0.083525
0.083525
0.083525
0.244256
0.234279
0.083525
0.083525
0.083525
0.083525
0.083525
0.083525
0.083525
0.083525
0.083525
0.004896
0.004896
0.004896
0.004896
0.004896
0.004896
0.004896
0.004896
0.004896
0.004896
0.004896
0.004896
0.004896
0.004896
0.004896
0.004896
0.004896
0.004896
0.004896
0.004896
0.004896
0.004896
0.004896
0.004896
0.004896
0.053648
0.004896
0.004896
0.004896
0.004896
0.004896
0.020626
0.194385
0.004896
0.004896
0.004896
0.004896
0.004896
0.004896
0.004896
0.004896
0.004896
0.004896
0.004896
0.004896
0.004896
0.004896
0.004896
0.059899
-0.005247
-0.005247
-0.005247
-0.005247
-0.005247
-0.005247
-0.005247
-0.005247
-0.005247
-0.005247
-0.005247
-0.005247
-0.005247
-0.005247
-0.005247
-0.005247
-0.005247
-0.005247
-0.005247
-0.005247
-0.005247
-0.005247
0.106920
0.096789
-0.005247
-0.005247
-0.005247
-0.005247
-0.005247
-0.005247
-0.005247
-0.005247
-0.005247
-0.005247
-0.005247
-0.005247
-0.005247
-0.005247
-0.005247
-0.005247
-0.005247
-0.005247
-0.005247
-0.005247
-0.005247
-0.005247
-0.005247
-0.005247
-0.005247
4.830315
4.830315
4.830315
4.830315
4.830315
4.830315
4.830315
4.830315
4.830315
4.830315
4.745310
4.696395
4.830315
4.830315
4.830315
4.830315
4.695600
4.251636
4.245471
4.578830
4.806206
4.830315
4.830315
4.768277
4.768277
4.830315
4.733778
4.804466
4.830315
4.830315
4.767879
4.618896
4.617952
4.418862
4.813811
4.830315
4.830315
4.830315
4.814607
4.726917
4.726917
4.830315
4.830315
4.830315
4.830315
4.830315
4.830315
4.830315
4.830315
-0.004934
-0.004934
-0.004934
-0.004934
-0.004934
-0.004934
-0.004934
-0.004934
-0.004934
-0.004934
-0.004934
-0.004934
-0.004934
-0.004934
-0.004934
-0.004934
-0.004934
-0.004934
-0.004934
-0.004934
-0.004934
-0.004934
-0.004934
0.422305
0.292766
-0.004934
-0.004934
-0.004934
-0.004934
-0.004934
0.213081
0.132318
0.011513
0.219660
0.192436
-0.004934
-0.004934
-0.004934
0.006295
0.004934
0.226466
0.210585
-0.004934
-0.004934
-0.004934
0.006636
0.005842
-0.004934
-0.004934
0.020390
0.020390
0.020390
0.020390
0.020390
0.020390
0.020390
0.020390
0.020390
0.020390
0.020390
0.020390
0.020390
0.020390
0.020390
0.020390
0.020390
0.020390
0.020390
0.020390
0.020390
0.020390
0.020390
0.020390
0.020390
0.020390
0.020390
0.020390
0.020390
0.020390
0.020390
0.020390
0.020390
0.020390
0.020390
0.020390
0.020390
0.020390
0.020390
0.020390
0.020390
0.020390
0.020390
0.020390
0.020390
0.020390
0.020390
0.020390
0.020390
0.202853
0.028334
0.039968
0.028334
0.028334
0.028334
0.189941
0.028334
0.028334
0.028334
0.028334
0.028334
0.028334
0.028334
0.028334
0.028334
0.028334
0.028334
0.028334
0.028334
0.028334
0.028334
0.028334
0.028334
0.028334
0.028334
0.028334
0.028334
0.028334
0.028334
0.028334
0.028334
0.028334
0.028334
0.028334
0.028334
0.028334
0.028334
0.028334
0.028334
0.028334
0.028334
0.084180
0.028334
0.028334
0.028334
0.028334
0.028334
0.028334
3.152753
3.152753
3.152753
3.152753
3.152753
3.152753
3.152753
3.152753
3.152753
3.152753
2.732849
1.931751
3.152753
3.152753
3.152753
3.152753
3.127281
1.858191
0.944089
2.541229
3.028326
3.152753
3.152753
2.817949
3.088532
3.152753
2.391793
2.784063
3.152753
3.137315
2.939443
2.960323
3.146578
3.135694
3.144648
3.152753
3.130175
2.906137
3.063601
3.049707
3.144648
3.152753
3.152753
3.152753
3.152753
3.152753
3.152753
3.152753
3.152753
0.040310
0.040310
0.040310
0.040310
0.040310
0.040310
0.040310
0.040310
0.040310
0.040310
0.040310
0.040310
0.040310
0.040310
0.040310
0.040310
0.040310
0.040310
0.040310
0.040310
0.040310
0.040310
0.040310
0.040310
0.040310
0.040310
0.040310
0.040310
0.040310
0.040310
0.040310
0.040310
0.040310
0.040310
0.040310
0.040310
0.040310
0.040310
0.040310
0.040310
0.040310
0.040310
0.040310
0.040310
0.040310
0.040310
0.040310
0.040310
0.040310
0.434509
-0.090249
0.586396
0.625100
0.548099
0.765224
0.559009
0.092179
-0.863711
0.001670
0.033175
-0.325594
0.175451
-0.204508
0.546281
-0.416845
0.173930
0.818883
0.544314
0.183058
-0.710302
0.718875
-0.029724
-0.459372
0.833022
1.137204
0.433952
0.014955
0.588511
-0.428015
0.055107
0.507650
0.742105
0.579493
0.132293
0.365597
-0.637940
-0.570736
0.350791
0.253640
-0.142276
-0.332942
0.347748
-0.677127
-0.327598
-0.151627
-0.066277
0.022562
-0.341217
1.899199
1.672596
1.666992
1.671227
1.602438
1.527257
1.766631
1.899199
1.542146
1.385546
0.729537
0.364659
1.053041
1.545206
1.863493
1.366886
0.998082
0.730906
0.726206
0.988888
1.232498
1.849470
0.820576
0.561587
1.390763
1.539524
1.138979
0.752704
1.871745
0.999219
0.412180
1.133672
1.370463
0.819246
0.532571
1.846525
1.211126
0.731216
0.531408
0.621608
0.626592
1.313115
1.877375
1.513323
1.491164
0.607997
0.478657
1.096417
1.707707
0.000777
0.000777
0.000777
0.000777
0.000777
0.000777
0.000777
0.000777
0.000777
0.000777
0.000777
0.000777
0.000777
0.000777
0.000777
0.000777
0.000777
0.000777
0.000777
0.000777
0.000777
0.000777
0.000777
0.000777
0.000777
0.000777
0.000777
0.000777
0.000777
0.000777
0.000777
0.000777
0.000777
0.000777
0.000777
0.000777
0.000777
0.000777
0.000777
0.000777
0.000777
0.000777
0.062544
0.000777
0.000777
0.000777
0.000777
0.000777
0.000777
1.217979
1.217979
1.217979
1.217979
1.217979
1.217979
1.217979
1.217979
1.217979
1.217979
0.979169
1.010087
1.217979
1.217979
1.217979
1.217979
1.217979
1.217979
1.217979
1.217979
0.934056
1.217979
1.042014
1.064795
1.217979
1.217979
1.217979
0.984668
1.217979
1.217979
1.217979
1.217979
1.217979
1.217979
1.217979
1.217979
1.217979
1.217979
0.703944
0.682706
1.217979
1.217979
1.217979
1.217979
1.217979
0.829885
0.800848
1.217979
1.217979
-0.004999
0.078116
-0.004999
-0.004999
-0.004999
-0.004999
-0.004999
-0.004999
0.111237
-0.004999
-0.004999
0.038225
0.035361
-0.004999
-0.004999
-0.004999
-0.004999
-0.004999
-0.004999
-0.004999
-0.004999
-0.004999
-0.004999
-0.004999
-0.004999
-0.004999
-0.004999
-0.004999
-0.004999
-0.004999
0.271063
0.003333
-0.004999
0.143734
0.220756
-0.004999
0.072804
0.913960
1.289074
1.197261
1.764489
0.538481
-0.004999
-0.004999
0.193832
1.504362
1.600185
1.048840
0.221954
3.306155
3.392366
3.392366
3.392366
3.392366
3.392366
3.358107
3.392366
3.392366
3.325276
3.221935
3.386657
3.386544
3.392366
3.392366
3.392366
3.313142
3.291768
3.392366
3.392366
3.392366
3.392366
3.392366
3.392366
3.392366
3.392366
3.392366
3.301046
3.392366
3.392366
3.392366
3.392366
3.392366
3.392366
3.173965
3.392366
3.392366
3.232491
2.948726
2.577322
3.064012
3.310851
3.392366
3.296426
3.253602
2.631829
2.002505
3.139405
3.332864
1.533720
1.533720
1.533720
1.533720
1.533720
1.533720
1.533720
1.533720
1.533720
1.533720
1.533720
1.533720
1.533720
1.533720
1.533720
1.533720
1.533720
1.533720
1.533720
1.533720
1.533720
1.533720
1.521727
1.522382
1.533720
1.533720
1.533720
1.461302
1.533720
1.533720
1.533720
1.533720
1.533720
1.533720
1.533720
1.533720
1.533720
1.533720
1.495709
1.439675
1.533720
1.533720
1.506500
1.533720
1.533720
1.497019
1.446229
1.533720
1.513447
1.370544
1.370544
1.370544
1.370544
1.370544
1.370544
1.370544
1.370544
1.370544
1.303917
0.996635
1.222993
1.279957
1.328538
1.370544
1.343893
1.291826
1.312565
1.370544
1.332244
1.189061
1.370544
1.081574
0.888884
1.310535
1.370544
1.283928
1.223434
1.370544
0.911122
0.717064
1.320243
1.370544
1.286090
1.224052
1.370544
1.370544
1.242584
0.751039
0.946907
1.234333
1.360484
1.370544
1.370544
1.348659
0.792251
0.890869
1.274971
1.370544
0.620498
0.361961
0.200221
0.078024
0.070591
0.123259
0.511255
0.314857
0.291752
0.195973
0.744054
0.988999
0.141182
0.261893
0.114891
0.087836
0.264229
0.535508
0.260576
0.152353
0.447460
0.156048
0.212113
0.286697
0.128525
0.048845
0.183741
0.526291
0.196865
0.478041
0.503058
0.140078
0.048845
0.315409
0.674312
0.145472
0.187988
0.459480
1.098326
0.901971
0.196356
0.179154
0.393349
0.438073
0.315707
0.762275
0.991038
0.214534
0.617907
-0.275713
-0.275713
-0.275713
-0.275713
-0.275713
-0.275713
-0.275713
-0.275713
-0.275713
-0.275713
-0.275713
-0.275713
-0.275713
-0.275713
-0.275713
-0.275713
-0.275713
-0.275713
-0.275713
-0.275713
-0.275713
-0.275713
-0.275713
-0.275713
-0.275713
-0.275713
-0.275713
-0.275713
-0.275713
-0.275713
-0.275713
-0.275713
-0.275713
-0.275713
-0.275713
-0.275713
-0.275713
-0.275713
-0.275713
-0.275713
-0.275713
-0.275713
-0.275713
-0.275713
-0.275713
-0.275713
-0.275713
-0.275713
-0.275713
0.758771
0.950973
0.701812
0.859866
1.127597
0.832609
0.653489
0.863845
1.198522
1.198522
0.987047
0.750994
1.157689
1.076100
0.982626
1.198522
0.855886
1.058310
1.062108
0.857187
1.024629
0.957788
1.066815
0.303259
1.155946
1.198522
0.936071
0.814845
1.002132
1.198522
0.346121
0.894405
1.198522
0.831465
0.883742
1.015761
1.198522
0.943847
0.896746
1.053031
0.938463
1.122525
0.885276
1.198522
1.198522
1.186584
1.185726
1.198522
0.914562
4.644259
4.644259
4.644259
4.644259
4.644259
4.644259
4.644259
4.644259
4.644259
4.644259
4.622224
4.624348
4.570766
4.644259
4.644259
4.570191
4.246397
4.644259
4.644259
4.126003
3.843225
4.644259
4.132065
3.508459
4.644259
4.644259
4.434001
4.000831
4.644259
4.644259
4.603110
4.609304
4.644259
4.446213
4.468867
4.644259
4.644259
4.600455
4.552846
4.602314
4.574173
4.577005
4.644259
4.644259
4.644259
4.591694
4.593818
4.644259
4.570191
0.066759
0.066759
0.066759
0.066759
0.066759
0.066759
0.066759
0.066759
0.066759
0.066759
0.066759
0.330166
0.293624
0.066759
0.066759
0.066759
0.066759
0.066759
0.066759
0.066759
0.066759
0.066759
0.066759
0.066759
0.066759
0.066759
0.066759
0.066759
0.066759
0.066759
0.066759
0.066759
0.066759
0.066759
0.066759
0.066759
0.066759
0.066759
0.066759
0.066759
0.066759
0.066759
0.066759
0.066759
0.066759
0.066759
0.066759
0.066759
0.066759
0.376410
0.010231
0.016828
0.016693
0.010231
0.010231
0.241113
0.010231
0.010231
0.010231
0.010231
0.010231
0.010231
0.010231
0.010231
0.010231
0.010231
0.010231
0.010231
0.010231
0.010231
0.010231
0.010231
0.010231
0.010231
0.010231
0.010231
0.010231
0.010231
0.010231
0.010231
0.010231
0.010231
0.010231
0.010231
0.010231
0.010231
0.010231
0.010231
0.010231
0.010231
0.010231
0.077993
0.010231
0.010231
0.010231
0.010231
0.010231
0.010231
4.804219
4.804219
4.804219
4.804219
4.804219
4.804219
4.804219
4.804219
4.804219
4.804219
4.646676
4.370279
4.804219
4.804219
4.804219
4.804219
4.804219
4.606773
4.108784
4.653633
4.804219
4.804219
4.804219
4.804219
4.804219
4.804219
4.753949
4.804219
4.804219
4.804219
4.804219
4.769882
4.804219
4.804219
4.804219
4.804219
4.804219
4.804219
4.804219
4.804219
4.804219
4.804219
4.804219
4.804219
4.804219
4.797262
4.797890
4.769433
4.726794
2.549360
2.826136
2.826136
2.826136
2.826136
2.826136
2.826136
2.826136
2.826136
2.826136
2.547868
2.631104
2.826136
2.826136
2.826136
2.826136
2.814672
2.730825
2.783908
2.798730
2.718309
2.826136
2.786011
2.788147
2.826136
2.826136
2.799544
2.772070
2.826136
2.826136
2.722345
2.826136
2.826136
2.393640
2.458797
2.826136
2.826136
2.643213
2.593929
2.562826
2.642128
2.826136
2.826136
2.826136
2.782924
2.617604
2.642162
2.826136
2.826136
1.297472
1.695863
1.885522
1.822722
1.663114
1.685337
1.395540
1.951471
1.126347
1.043483
1.004796
1.025669
1.050861
1.251316
1.664823
1.043483
1.142272
1.488480
1.182489
1.085680
1.349115
1.488030
1.105833
1.406426
1.567475
1.869237
1.902526
1.323113
1.356043
1.043483
1.237011
1.473545
2.262590
1.148929
1.009834
1.547321
0.999398
1.066156
1.098816
1.075603
1.136154
1.280197
1.725734
1.027379
0.748199
1.204711
1.312137
0.821975
1.095127
0.004969
-0.298775
-0.286369
-0.425049
-0.445320
-0.376749
-0.068750
-0.427838
-0.445320
-0.445320
-0.358945
-0.365237
-0.445320
-0.445320
-0.445320
-0.445320
-0.445320
0.101427
0.060956
-0.438563
-0.445320
-0.445320
-0.445320
-0.445320
-0.445320
-0.445320
-0.445320
-0.445320
-0.445320
-0.445320
-0.445320
-0.445320
-0.445320
-0.445320
-0.445320
-0.445320
-0.445320
-0.445320
-0.445320
-0.445320
-0.445320
-0.445320
-0.209361
-0.445320
-0.445320
-0.445320
-0.445320
-0.445320
-0.445320
-0.007205
-0.007205
-0.007205
-0.007205
-0.007205
-0.007205
-0.007205
-0.007205
-0.007205
-0.007205
-0.007205
-0.007205
-0.007205
-0.007205
-0.007205
-0.007205
-0.007205
-0.007205
-0.007205
-0.007205
-0.007205
-0.007205
-0.007205
-0.007205
-0.007205
-0.007205
-0.007205
-0.007205
-0.007205
-0.007205
-0.007205
-0.007205
-0.007205
-0.007205
-0.007205
-0.007205
-0.007205
-0.007205
0.270477
0.270477
-0.007205
-0.007205
-0.007205
-0.007205
-0.007205
-0.007205
-0.007205
-0.007205
-0.007205
0.545377
0.323721
0.907041
0.641628
0.465790
0.760748
0.625721
0.159514
-0.436401
-0.756785
-0.916794
-0.833921
-0.959665
-0.711671
0.534764
-0.481410
-0.758897
1.005978
1.516803
0.704708
-1.441596
0.477707
-0.607545
0.335639
1.516803
1.516803
1.516803
-0.368522
0.573514
-0.761453
-0.222621
1.470907
1.516803
1.053725
-1.340052
0.550645
-0.062794
-0.653989
0.085377
0.327451
-0.513720
-0.919167
-0.017029
-0.417782
-0.021618
-0.508661
-0.772901
-0.211929
-0.508478
0.044171
0.044171
0.044171
0.044171
0.044171
0.044171
0.044171
0.044171
0.044171
0.044171
0.044171
0.044171
0.044171
0.044171
0.044171
0.044171
0.044171
0.044171
0.044171
0.044171
0.044171
0.044171
0.044171
0.044171
0.044171
0.044171
0.044171
0.044171
0.044171
0.044171
0.044171
0.044171
0.044171
0.044171
0.044171
0.044171
0.044171
0.044171
0.044171
0.044171
0.044171
0.044171
0.044171
0.044171
0.044171
0.044171
0.044171
0.044171
0.044171
0.730272
0.739022
0.921227
0.926399
0.889838
0.640002
0.167927
1.104175
0.791880
1.319612
1.691638
1.698936
1.760509
-0.004216
1.293714
1.205499
2.058562
2.104902
2.077162
2.315626
0.651374
1.365490
1.256267
1.386428
1.770641
1.664323
1.735072
0.930863
1.301756
1.164048
1.912388
2.284556
2.105858
2.114574
1.003383
1.198165
0.758188
1.470711
2.345633
2.034153
1.914938
0.593698
0.672701
0.326466
0.441571
0.203107
0.006908
0.323597
-0.395833
-0.027703
-0.139304
-0.335722
-0.355678
-0.352396
-0.355285
-0.104642
-0.660808
-0.545137
0.019826
1.515933
2.074594
0.397430
-0.562731
-0.501941
-0.410822
-0.105561
-1.800975
-2.556053
0.075626
-0.209022
-0.477389
-0.416337
-1.191766
-1.563068
-1.497421
-1.838263
-0.875213
-0.286486
-0.363819
-0.728294
-1.322536
-1.706311
-0.991672
-0.279002
-0.517303
-0.298434
-0.721335
-0.880859
-0.337166
-1.378336
-0.246704
-0.645578
-0.318259
0.244209
-0.267579
-1.109969
0.165301
-0.388634
-0.342548
-0.329520
-0.387713
-0.353639
-0.387713
-0.365131
-0.344553
-0.387713
-0.387713
-0.387713
-0.387713
-0.387713
-0.387713
-0.387713
-0.387713
-0.387713
-0.387713
-0.387713
-0.387713
-0.387713
-0.387713
-0.387713
-0.387713
-0.387713
-0.387713
-0.387713
-0.387713
-0.387713
-0.387713
-0.387713
-0.387713
-0.387713
-0.387713
-0.387713
-0.387713
-0.387713
-0.387713
-0.387713
-0.387713
-0.217341
-0.387713
-0.387713
-0.387713
-0.387713
-0.387713
-0.387713
-0.387713
-0.387713
-0.387713
-0.012495
-0.012495
-0.012495
-0.012495
-0.012495
-0.012495
-0.012495
-0.012495
-0.012495
-0.012495
-0.012495
-0.012495
-0.012495
-0.012495
-0.012495
-0.012495
-0.012495
-0.012495
-0.012495
-0.012495
-0.012495
-0.012495
-0.012495
-0.012495
-0.012495
-0.012495
-0.012495
-0.012495
-0.012495
-0.012495
-0.012495
-0.012495
-0.012495
-0.012495
-0.012495
-0.012495
-0.012495
-0.012495
-0.012495
-0.012495
-0.012495
-0.012495
-0.012495
-0.012495
-0.012495
-0.012495
-0.012495
-0.012495
-0.012495
0.005884
0.005884
0.005884
0.005884
0.005884
0.005884
0.005884
0.005884
0.005884
0.005884
0.444810
0.481934
0.005884
0.005884
0.005884
0.005884
0.005884
0.155032
0.228890
0.126489
0.117387
0.005884
0.005884
0.022463
0.005884
0.005884
0.090080
0.093494
0.005884
0.005884
0.005884
0.005884
0.005884
0.005884
0.005884
0.005884
0.005884
0.005884
0.005884
0.005884
0.005884
0.005884
0.005884
0.005884
0.005884
0.005884
0.005884
0.005884
0.005884
-0.006538
-0.006538
-0.006538
-0.006538
-0.006538
-0.006538
-0.006538
-0.006538
-0.006538
-0.006538
-0.006538
-0.006538
-0.006538
-0.006538
-0.006538
-0.006538
-0.006538
-0.006538
-0.006538
-0.006538
-0.006538
-0.006538
0.104410
0.095164
-0.006538
-0.006538
-0.006538
-0.006538
-0.006538
-0.006538
-0.006538
-0.006538
-0.006538
-0.006538
-0.006538
-0.006538
-0.006538
-0.006538
0.316399
0.282851
-0.006538
-0.006538
-0.006538
-0.006538
-0.006538
0.114712
0.105202
-0.006538
-0.006538
1.276581
1.276581
1.276581
1.276581
1.276581
1.276581
1.276581
1.265998
1.171541
1.276581
1.165454
1.165976
1.276581
1.276581
1.276581
1.259513
1.276581
1.276581
1.276581
1.276581
1.276581
1.276581
1.144287
1.144908
1.276581
1.239614
1.276581
1.276581
1.240856
1.228806
1.276581
1.276581
1.242446
1.276581
1.276581
1.263066
1.057110
1.257327
0.956020
0.248290
1.276581
1.276581
1.276581
1.165206
1.260309
1.067221
0.642042
1.276581
1.276581
0.017216
0.017216
0.017216
0.017216
0.017216
0.017216
0.017216
0.017216
0.017216
0.017216
0.017216
0.017216
0.017216
0.017216
0.017216
0.017216
0.017216
0.017216
0.017216
0.027546
0.123104
0.017216
0.017216
0.017216
0.017216
0.017216
0.026965
0.119622
0.017216
0.017216
0.017216
0.017216
0.017216
0.017216
0.017216
0.017216
0.017216
0.017216
0.058534
0.059463
0.017216
0.017216
0.017216
0.017216
0.017216
0.056213
0.060391
0.017216
0.017216
2.296005
1.035586
1.496414
1.321970
0.864255
1.249336
1.267806
0.182870
-0.028431
-0.028431
-0.028431
-0.028431
-0.028431
0.005603
-0.028431
-0.028431
-0.028431
-0.028431
-0.028431
-0.028431
-0.028431
-0.028431
-0.028431
0.066864
0.065702
-0.028431
-0.028431
-0.028431
-0.028431
-0.028431
-0.028431
-0.028431
-0.028431
-0.028431
-0.028431
0.042791
-0.028431
-0.028431
-0.028431
-0.028431
-0.028431
0.053915
1.303956
0.005769
-0.028431
-0.028431
-0.028431
-0.028431
0.430612
-0.115808
-0.115808
-0.115808
-0.115808
-0.115808
-0.115808
-0.115808
-0.115808
-0.115808
-0.115808
-0.115808
-0.115808
-0.115808
-0.115808
-0.115808
-0.115808
-0.115808
-0.115808
-0.115808
-0.115808
-0.115808
-0.115808
-0.115808
-0.115808
-0.115808
-0.115808
-0.115808
-0.115808
-0.115808
-0.115808
-0.115808
0.002037
0.166112
-0.115808
-0.115808
-0.115808
-0.115808
-0.115808
0.180686
0.210618
-0.104682
-0.115808
-0.115808
-0.115808
-0.115808
-0.115808
-0.115808
-0.115808
-0.115808
-0.009424
-0.009424
-0.009424
-0.009424
-0.009424
-0.009424
-0.009424
-0.009424
-0.009424
-0.009424
-0.009424
-0.009424
-0.009424
-0.009424
-0.009424
-0.009424
-0.009424
-0.009424
-0.009424
-0.009424
-0.009424
-0.009424
-0.009424
-0.009424
-0.009424
-0.009424
-0.009424
-0.009424
-0.009424
-0.009424
-0.009424
-0.009424
-0.009424
-0.009424
-0.009424
-0.009424
-0.009424
-0.009424
-0.009424
-0.009424
-0.009424
-0.009424
-0.009424
-0.009424
-0.009424
-0.009424
-0.009424
-0.009424
-0.009424
1.532688
0.877533
0.386343
-0.252350
-0.614916
-0.017819
1.886816
-0.183731
-0.689258
-0.689258
-0.339142
-0.001888
-0.512371
-0.360206
-0.689258
-0.689258
-0.689258
-0.301145
0.088267
0.123609
-0.549129
-0.689258
-0.689258
-0.689258
-0.689258
-0.689258
-0.528951
-0.528951
-0.689258
-0.689258
-0.689258
-0.689258
-0.689258
-0.689258
-0.689258
-0.689258
-0.689258
-0.523758
-0.689258
-0.689258
-0.689258
-0.689258
-0.689258
-0.689258
-0.689258
-0.689258
-0.689258
-0.689258
-0.689258
-0.249871
-0.249871
-0.249871
-0.249871
-0.249871
-0.249871
-0.249871
-0.249871
-0.249871
-0.105956
0.375125
0.159754
-0.249871
-0.249871
-0.249871
-0.249871
0.195801
0.035774
-0.249871
-0.156750
-0.156750
-0.157023
-0.249871
-0.073550
-0.249871
-0.249871
-0.147738
-0.170768
-0.249871
-0.249871
-0.249871
-0.249871
-0.249871
-0.114240
-0.113329
-0.249871
-0.249871
-0.249871
-0.249871
0.005462
-0.249871
-0.249871
-0.249871
-0.249871
-0.249871
-0.249871
-0.249871
-0.249871
-0.249871
1.929142
1.929142
1.929142
1.929142
1.929142
1.929142
1.929142
1.929142
1.929142
1.929142
1.929142
1.929142
1.929142
1.929142
1.929142
1.824265
1.716607
1.929142
1.929142
1.769547
1.382994
1.929142
1.497573
1.096887
1.929142
1.929142
1.737402
1.323393
1.929142
1.929142
0.771780
1.401751
1.929142
1.323716
1.562995
1.929142
1.929142
1.625831
0.759070
1.718936
1.754768
1.918761
1.929142
1.929142
1.929142
1.588285
1.756126
1.929142
1.929142
0.118300
-0.004494
-0.004494
-0.004494
-0.004494
-0.004494
-0.004494
-0.004494
-0.004494
-0.004494
-0.004494
-0.004494
-0.004494
-0.004494
-0.004494
-0.004494
-0.004494
-0.004494
-0.004494
-0.004494
-0.004494
-0.004494
-0.004494
-0.004494
-0.004494
0.017764
0.018620
-0.004494
-0.004494
-0.004494
-0.004494
-0.004494
0.016266
0.015624
-0.004494
-0.004494
-0.004494
-0.004494
0.332162
0.972087
-0.004494
-0.004494
0.128734
-0.004494
-0.004494
0.005886
0.005565
-0.004494
-0.004494
-0.016552
-0.016552
-0.016552
-0.016552
-0.016552
-0.016552
-0.016552
-0.016552
-0.016552
-0.016552
-0.016552
-0.016552
-0.016552
-0.016552
-0.016552
-0.016552
-0.016552
-0.016552
-0.016552
-0.016552
-0.016552
-0.016552
-0.016552
-0.016552
-0.016552
-0.016552
-0.016552
0.010507
-0.016552
-0.016552
-0.016552
-0.016552
0.176607
0.105000
0.080171
-0.016552
-0.016552
-0.016552
-0.016552
0.151706
-0.016552
0.147676
-0.016552
-0.016552
-0.016552
-0.016552
-0.016552
-0.016552
-0.016552
4.880896
4.880896
4.880896
4.880896
4.880896
4.880896
4.880896
4.880896
4.880896
4.880896
4.614815
4.647643
4.880896
4.880896
4.880896
4.880896
4.880896
4.880896
4.880896
4.880896
4.398043
4.880896
4.277097
4.351592
4.880896
4.880896
4.880896
4.464231
4.880896
4.880896
4.880896
4.880896
4.880896
4.880896
4.592819
4.880896
4.880896
4.880896
4.688179
4.709378
4.880896
4.880896
4.880896
4.880896
4.880896
4.744067
4.738286
4.880896
4.880896
2.290531
2.251513
2.149655
2.259214
2.393176
2.335641
2.058305
2.542848
2.826687
2.588574
2.155713
2.606680
2.576492
2.742490
2.553424
2.656856
2.138361
2.478331
2.726061
2.146404
2.705012
2.646417
2.389787
2.216773
2.783767
2.826687
2.641967
2.422131
2.626223
2.798450
2.004672
2.366000
2.694573
2.128127
2.578409
2.589122
2.826687
2.416415
1.420497
1.678461
1.544157
2.564445
2.419017
2.586794
2.629303
2.516117
2.566703
2.536345
2.385851
-0.003480
-0.003480
-0.003480
-0.003480
-0.003480
-0.003480
-0.003480
-0.003480
-0.003480
-0.003480
-0.003480
-0.003480
-0.003480
-0.003480
-0.003480
-0.003480
-0.003480
-0.003480
-0.003480
0.648754
0.778860
-0.003480
-0.003480
0.171155
0.107451
-0.003480
0.941280
0.924164
-0.003480
-0.003480
1.503249
0.604297
0.004261
1.221732
1.079837
-0.003480
-0.003480
0.174706
2.450068
2.087022
0.556004
-0.003480
-0.003480
-0.003480
-0.003480
0.408996
0.341670
-0.003480
-0.003480
1.201642
1.160306
1.267332
1.168545
1.117367
1.200772
0.940119
1.162915
1.028193
0.727165
0.671546
0.792992
0.820184
0.571936
1.177701
1.045314
0.843072
1.263212
1.267332
1.235517
0.130327
1.162915
0.842660
0.949824
1.267332
1.267332
1.221189
0.402699
1.110592
0.811806
0.326572
1.168637
1.267332
1.021693
0.443257
1.091411
1.012126
0.475576
0.126390
0.519613
0.265460
0.583243
0.975413
0.706108
1.064769
0.530233
0.555273
0.742592
0.229845
4.489438
4.489438
4.489438
4.489438
4.489438
4.489438
4.489438
4.489438
4.489438
4.489438
4.489438
4.489438
4.489438
4.489438
4.489438
4.489438
4.489438
4.489438
4.489438
4.489438
4.489438
4.489438
4.489438
4.489438
4.489438
4.489438
4.489438
4.489438
4.489438
4.489438
4.489438
4.489438
4.489438
4.482938
4.483759
4.489438
4.489438
4.319880
4.288747
4.449683
4.341298
4.480543
4.489438
4.489438
4.489438
4.429566
4.427171
4.489438
4.456936
1.328121
1.328121
1.328121
1.328121
1.321862
1.328121
1.328121
1.328121
1.328121
1.137438
0.476089
0.492610
0.996136
1.328121
1.328121
1.249119
0.882273
-0.033916
-0.170778
0.407494
1.191914
1.328121
0.961602
0.338681
0.434349
0.287007
0.128929
1.191041
1.328121
1.285072
0.199562
-0.032169
0.149016
-0.443302
0.860621
1.328121
1.328121
1.102249
-0.540535
-1.192096
0.187080
1.172700
1.328121
1.328121
1.328121
0.532420
0.075873
1.272117
1.328121
0.033203
0.033203
0.033203
0.033203
0.033203
0.033203
0.033203
0.033203
0.033203
0.033203
0.033203
0.033203
0.033203
0.033203
0.033203
0.033203
0.033203
0.033203
0.033203
0.033203
0.033203
0.033203
0.033203
0.033203
0.033203
0.033203
0.033203
0.033203
0.033203
0.033203
0.033203
0.033203
0.033203
0.033203
0.033203
0.033203
0.033203
0.033203
0.033203
0.033203
0.033203
0.033203
0.033203
0.033203
0.033203
0.033203
0.033203
0.033203
0.033203
-0.007254
-0.007254
-0.007254
-0.007254
-0.007254
-0.007254
-0.007254
-0.007254
-0.007254
-0.007254
0.162453
0.157310
-0.007254
-0.007254
-0.007254
0.111839
0.129432
-0.007254
-0.007254
-0.007254
0.301304
-0.007254
0.269907
0.260975
-0.007254
-0.007254
-0.007254
0.155470
-0.007254
-0.007254
-0.007254
-0.007254
-0.007254
-0.007254
-0.007254
-0.007254
-0.007254
-0.007254
-0.007254
-0.007254
-0.007254
-0.007254
0.186001
-0.007254
-0.007254
-0.007254
-0.007254
-0.007254
-0.007254
-1.604563
-1.604563
-1.591733
-1.249383
-1.113125
-1.366802
-1.604563
-1.604563
-1.540413
-0.983850
-1.126279
-0.997005
-0.138532
-1.222099
-1.604563
-0.977841
-1.080806
-1.468467
-0.978816
-0.095169
-0.181731
-1.604563
-0.930419
-1.344390
-1.394573
-1.457911
-0.743978
-0.473411
-1.604563
-0.998304
-1.210243
0.767039
1.100295
-0.702402
-0.819983
-1.604563
-1.544473
-0.726438
1.441183
1.318242
0.174748
-1.144307
-1.582963
-1.584424
-1.448329
-1.088277
-1.243374
-1.176788
-1.591733
3.460078
3.460078
3.460078
3.456393
3.456204
3.460078
3.460078
3.460078
3.460078
3.460078
2.575560
1.493911
3.460078
3.460078
3.460078
3.460078
3.460078
3.120802
2.662765
3.323744
3.083624
3.460078
3.139981
2.990845
3.460078
3.460078
3.260821
2.959431
3.460078
3.064398
1.965506
3.460078
3.460078
3.022638
1.520271
3.460078
2.933260
1.533545
2.912522
3.176403
3.200306
2.744348
3.460078
3.460078
3.368527
2.453587
2.858716
3.356717
3.460078
5.002985
5.002985
5.002985
5.002985
5.002985
5.002985
5.002985
5.002985
5.002985
5.002985
4.721210
4.552277
5.002985
5.002985
5.002985
5.002985
5.002985
4.879517
4.835202
4.853552
4.827314
5.002985
4.917532
4.777850
5.002985
5.002985
4.836571
4.811319
5.002985
5.002985
5.002985
5.002985
5.002985
5.002985
5.002985
5.002985
5.002985
5.002985
4.727564
4.732001
5.002985
5.002985
5.002985
5.002985
5.002985
4.858044
4.865439
5.002985
5.002985
1.351700
1.351700
1.351700
1.351700
1.351700
1.351700
1.351700
1.351700
1.351700
1.351700
1.142371
0.957011
1.351700
1.351700
1.351700
1.351700
1.051215
0.570610
0.264327
-0.003419
1.041404
1.351700
1.325502
0.044147
0.515574
0.977301
-0.599744
0.723937
1.351700
1.351700
0.441103
0.052843
0.819701
-0.002230
1.103687
1.351700
1.351700
1.220298
0.617359
0.924495
1.220298
1.351700
1.351700
1.351700
1.351700
1.250622
1.229589
1.351700
1.351700
-0.015451
-0.015451
-0.015451
-0.015451
-0.015451
-0.015451
-0.015451
-0.015451
-0.015451
-0.015451
-0.015451
-0.015451
0.052092
-0.015451
-0.015451
-0.015451
-0.015451
-0.015451
-0.015451
-0.015451
-0.015451
-0.015451
0.475894
0.444992
-0.015451
-0.015451
-0.015451
-0.015451
-0.015451
-0.015451
-0.015451
-0.015451
-0.015451
-0.015451
-0.015451
-0.015451
-0.015451
-0.015451
0.153010
0.142415
-0.015451
-0.015451
-0.015451
-0.015451
-0.015451
-0.015451
-0.015451
-0.015451
-0.015451
2.737523
2.737523
2.737523
2.737523
2.737523
2.737523
2.737523
2.724516
2.737523
2.720282
2.720384
2.737523
2.737523
2.737523
2.737523
2.737523
2.513088
2.678762
2.737523
2.688836
2.733238
2.737523
2.348255
1.575688
2.358381
2.691718
2.076867
2.101606
2.737523
2.345119
1.337710
2.214844
2.606917
1.991888
2.341726
2.737523
2.737523
2.708066
2.702404
2.737523
2.661317
2.737523
2.737523
2.737523
2.737523
2.737523
2.737523
2.737523
2.737523
5.197794
2.752007
2.605277
2.335428
1.877672
2.408089
4.053941
2.367326
-0.374408
-0.374408
-0.205390
-0.374408
-0.374408
0.788833
1.188013
-0.374408
-0.374408
-0.374408
-0.374408
-0.374408
-0.133143
1.230433
-0.374408
-0.374408
-0.374408
-0.374408
-0.374408
-0.374408
1.291412
-0.374408
-0.374408
-0.374408
-0.374408
-0.374408
-0.363720
1.738398
-0.374408
-0.374408
-0.374408
-0.374408
-0.374408
0.418899
4.141847
0.623129
0.432570
0.158496
0.043083
0.327099
2.470062
1.657505
1.657505
1.657505
1.657505
1.657505
1.657505
1.657505
1.657505
1.657505
1.657505
1.657505
1.657505
1.657505
1.657505
1.657505
1.657505
1.617079
1.657505
1.657505
1.657505
1.657505
1.657505
1.543360
1.544882
1.657505
1.657505
1.657505
1.657505
1.657505
1.657505
1.657505
1.657505
1.657505
1.657505
1.641334
1.657505
1.657505
1.657505
1.545199
1.556360
1.657505
1.657505
1.657505
1.657505
1.657505
1.557058
1.548687
1.657505
1.657505
-0.004979
-0.004979
-0.004979
-0.004979
-0.004979
-0.004979
-0.004979
-0.004979
-0.004979
-0.004979
0.070971
0.252405
-0.004979
-0.004979
-0.004979
-0.004979
-0.004979
0.074346
0.244810
0.196203
0.140169
-0.004979
-0.004979
0.081097
-0.004979
-0.004979
0.201604
0.135106
-0.004979
-0.004979
-0.004979
-0.004979
-0.004979
-0.004979
-0.004979
-0.004979
-0.004979
-0.004979
0.620338
0.349452
-0.004979
-0.004979
-0.004979
-0.004979
-0.004979
-0.004979
-0.004979
-0.004979
-0.004979
0.798656
0.798656
0.798656
0.798656
0.798656
0.798656
0.798656
0.798656
0.798656
0.907629
1.135283
0.968124
0.798656
0.798656
0.798656
0.798656
0.954477
0.899481
0.798656
0.798656
0.798656
0.798656
0.798656
0.798656
0.798656
0.798656
0.798656
0.798656
0.798656
0.798656
0.798656
0.798656
0.798656
0.798656
0.798656
0.798656
0.798656
0.798656
0.798656
0.798656
0.798656
0.798656
0.798656
0.798656
0.798656
0.798656
0.798656
0.798656
0.798656
0.112372
0.112372
0.112372
0.112372
0.112372
0.112372
0.112372
0.112372
0.112372
0.112372
0.382745
0.524356
0.112372
0.112372
0.112372
0.112372
0.297911
0.685333
0.586045
0.333526
0.218226
0.112372
0.112372
0.799783
0.375140
0.112372
0.695299
0.537204
0.112372
0.112372
0.959107
0.532528
0.185208
1.094199
0.523033
0.112372
0.112372
0.112372
0.336927
0.555248
0.480380
0.112372
0.112372
0.112372
0.112372
0.112372
0.112372
0.112372
0.112372
0.635795
-0.131682
-0.131682
-0.131682
-0.131682
-0.131682
0.283644
0.289033
-0.131682
-0.131682
-0.131682
-0.131682
-0.131682
-0.057284
-0.131682
-0.131682
-0.131682
-0.131682
-0.131682
-0.131682
-0.131682
-0.131682
-0.131682
-0.131682
-0.131682
-0.131682
-0.131682
-0.131682
-0.123570
-0.131682
-0.131682
-0.131682
-0.131682
-0.131682
-0.131682
0.048228
-0.131682
-0.131682
-0.131682
-0.060840
-0.131682
-0.131682
0.299479
-0.131682
-0.131682
-0.131682
-0.131682
-0.131682
0.133071
-0.833332
-0.015947
-0.298250
0.025645
0.163994
0.129299
-0.083828
-2.084730
-1.853716
-2.084730
-1.921383
-0.866518
-1.750492
-2.037320
-1.807384
-1.377464
-1.890351
-3.061799
-3.074298
-2.688556
-1.737777
-2.001763
-2.121149
-2.235579
-1.991850
-2.206055
-2.312511
-2.416597
-1.907375
-1.420349
-2.077403
-2.331475
-2.172007
-2.671747
-1.832812
-1.998746
-1.790359
-1.573137
-1.796393
-2.553439
-1.715797
-2.180195
-0.983318
-0.775147
-0.499956
0.026722
-0.330789
-0.825143
-0.390914
-0.222488
-0.222488
-0.222488
-0.222488
-0.222488
-0.222488
-0.222488
-0.222488
-0.222488
-0.222488
-0.222488
-0.222488
-0.222488
-0.222488
-0.222488
-0.222488
-0.222488
-0.222488
-0.222488
-0.222488
-0.222488
-0.222488
-0.222488
-0.222488
-0.222488
-0.222488
-0.191477
-0.194213
-0.222488
-0.222488
-0.222488
-0.222488
-0.222488
-0.082939
-0.222488
-0.222488
-0.222488
-0.222488
-0.222488
-0.222488
-0.222488
-0.222488
-0.222488
-0.222488
-0.222488
-0.222488
-0.222488
-0.222488
-0.222488
1.450656
1.450656
1.450656
1.450656
1.450656
1.450656
1.450656
1.450656
1.450656
1.450656
1.189071
0.828107
1.450656
1.450656
1.450656
1.450656
1.450656
1.348031
1.237304
1.384324
1.383140
1.450656
1.314628
1.169077
1.450656
1.450656
1.383140
1.394985
1.450656
1.450656
1.450656
1.450656
1.450656
1.450656
1.450656
1.450656
1.450656
1.450656
1.156000
0.996543
1.450656
1.450656
1.450656
1.450656
1.450656
1.181917
1.102532
1.450656
1.450656
3.423489
3.423489
3.423489
3.186441
3.041536
3.403110
3.402735
3.423489
3.423489
3.326469
2.484673
2.225620
2.934222
3.304214
3.423489
3.302131
2.864667
3.383481
3.410611
2.821283
2.839453
3.423489
2.855957
2.577733
3.423489
3.423489
3.205986
1.932977
3.423489
3.316175
3.102965
3.339555
3.423489
3.376271
2.713969
3.423489
3.423489
3.341931
3.096089
2.949976
3.423489
3.423489
3.285711
3.322385
3.414654
2.949142
2.634870
3.361976
3.258622
-0.174342
-0.174342
-0.174342
-0.174342
-0.174342
-0.174342
-0.174342
-0.174342
-0.174342
-0.174342
-0.174342
-0.174342
-0.174342
-0.174342
-0.174342
-0.174342
-0.174342
-0.174342
-0.174342
-0.174342
-0.174342
-0.174342
-0.174342
-0.174342
-0.174342
-0.174342
-0.174342
-0.174342
-0.174342
-0.174342
-0.174342
-0.174342
-0.174342
-0.174342
-0.174342
-0.174342
-0.174342
-0.174342
-0.174342
-0.174342
-0.174342
-0.174342
-0.174342
-0.174342
-0.174342
-0.174342
-0.174342
-0.174342
-0.174342
3.739669
3.739669
3.739669
3.739669
3.739669
3.739669
3.739669
3.739669
3.739669
3.739669
3.739669
3.739669
3.668737
3.686470
3.739669
3.627840
2.689961
3.579968
3.739669
3.072724
3.043111
3.739669
2.988055
1.677226
3.472695
3.739669
2.439879
1.762071
3.739669
3.102723
1.466675
3.240135
3.739669
1.959620
1.652624
3.739669
3.633482
3.330972
3.486433
3.725791
3.516641
3.573309
3.739669
3.739669
3.739669
3.635269
3.678445
3.739669
3.730417
4.301323
4.301323
4.301323
4.238008
4.213363
4.301323
4.301323
4.140550
3.731404
4.216007
4.301323
4.301323
4.136703
3.309515
3.989915
3.785743
4.118109
4.292788
4.173690
4.252754
3.388138
3.813714
3.924275
3.433340
3.856432
3.527993
4.107089
3.527111
3.964950
4.140670
2.687661
3.129907
2.835570
3.431257
2.665380
3.801732
3.456142
4.174932
4.214845
4.037963
4.043893
3.668569
3.894461
3.187332
3.857995
4.261210
4.301323
4.007507
3.796683
0.832739
0.973968
1.035585
1.053763
1.032409
1.070956
0.903408
0.731005
1.070956
1.070956
1.020947
0.936370
0.955972
1.070956
1.025474
1.070956
1.070956
1.070956
1.070956
1.070956
0.727830
1.058253
0.732283
0.741555
1.070956
1.070956
1.070956
0.669608
1.070956
1.003572
1.002623
1.070956
1.070956
1.070956
0.940641
1.070956
1.070956
1.070956
0.858108
0.657598
1.070956
1.070956
0.734765
1.070956
1.070956
0.901036
0.697970
1.070956
0.983459
-0.037172
-0.049793
-0.049793
-0.049793
-0.049793
-0.049793
-0.049793
-0.049793
-0.049793
-0.049793
-0.049793
-0.049793
-0.049793
-0.049793
-0.049793
-0.049793
-0.033559
-0.036033
-0.049793
-0.049793
-0.049793
-0.049793
-0.049793
0.066771
-0.049793
-0.049793
-0.049793
-0.049793
-0.049793
-0.049793
0.215260
-0.049793
-0.049793
-0.049793
0.164773
-0.049793
-0.049793
-0.049793
-0.049793
-0.049793
-0.049793
-0.049793
-0.049793
-0.049793
-0.049793
-0.049793
-0.049793
-0.049793
-0.049793
2.355423
2.355423
2.338760
2.324315
2.355423
2.355423
2.334595
2.355423
2.355423
2.355423
2.355423
2.355423
2.355423
2.355423
2.355423
2.355423
2.355423
2.355423
2.355423
2.299798
2.326574
2.355423
2.355423
2.355423
2.355423
2.355423
2.292026
2.322844
2.355423
2.355423
2.342926
2.343983
2.355423
2.355423
2.355423
2.355423
2.355423
2.355423
2.355423
2.355423
2.355423
2.355423
2.355423
2.355423
2.355423
2.355423
2.355423
2.355423
2.355423
-0.331528
-0.331528
-0.331528
-0.331528
-0.331528
-0.331528
-0.331528
-0.331528
-0.331528
-0.331528
0.109750
0.160019
-0.331528
-0.331528
-0.331528
-0.331528
-0.145855
-0.331528
-0.331528
0.189487
0.494024
-0.331528
0.254168
0.769439
-0.331528
-0.331528
-0.015551
0.113118
-0.331528
-0.331528
-0.293641
-0.331528
-0.331528
-0.090831
0.241985
-0.331528
-0.331528
-0.331528
-0.148182
-0.266500
-0.331528
-0.331528
-0.331528
-0.331528
-0.331528
-0.282497
-0.298544
-0.331528
-0.331528
-0.005809
0.141998
0.155171
0.100819
0.011306
0.102116
-0.005809
-0.005809
-0.005809
-0.005809
0.117415
0.315372
-0.005809
-0.005809
-0.005809
-0.005809
0.294264
1.210508
1.250701
0.432683
-0.000674
-0.005809
-0.005809
0.537963
0.548647
0.335235
0.477440
-0.000934
-0.005809
-0.005809
0.372005
0.493984
0.184421
0.489887
-0.005809
-0.005809
-0.005809
-0.005809
0.314283
0.430972
0.057567
-0.005809
-0.005809
-0.005809
-0.005809
-0.005809
-0.005809
-0.005809
-0.005809
-0.003406
-0.003406
-0.003406
-0.003406
-0.003406
-0.003406
-0.003406
-0.003406
-0.003406
-0.003406
-0.003406
-0.003406
-0.003406
-0.003406
-0.003406
-0.003406
-0.003406
-0.003406
-0.003406
-0.003406
-0.003406
-0.003406
-0.003406
-0.003406
-0.003406
-0.003406
-0.003406
-0.003406
-0.003406
-0.003406
-0.003406
-0.003406
-0.003406
-0.003406
-0.003406
-0.003406
-0.003406
-0.003406
-0.003406
-0.003406
-0.003406
-0.003406
-0.003406
-0.003406
-0.003406
-0.003406
-0.003406
-0.003406
-0.003406
0.024924
0.024924
0.024924
0.024924
0.024924
0.024924
0.024924
0.024924
0.024924
0.082324
0.239695
0.498821
0.088298
0.024924
0.024924
0.024924
0.161696
0.297988
0.538129
0.434451
0.149063
0.024924
0.024924
0.380244
0.024924
0.024924
0.364108
0.352676
0.024924
0.024924
0.220264
0.024924
0.024924
0.097430
0.090632
0.024924
0.024924
0.024924
0.024924
0.024924
0.024924
0.024924
0.024924
0.024924
0.024924
0.024924
0.024924
0.024924
0.024924
4.638909
4.638909
4.638909
4.638909
4.638909
4.638909
4.638909
4.638909
4.638909
4.638909
4.112108
4.441407
4.635467
4.638909
4.638909
4.638909
4.627009
4.285300
4.635127
4.548297
4.563172
4.638909
4.263412
3.593765
4.638909
4.638909
4.350157
3.846519
4.638909
4.638909
4.523306
4.638909
4.638909
4.457727
4.469840
4.638909
4.638909
4.638909
3.596358
2.993309
4.638909
4.638909
4.638909
4.638909
4.638909
4.203911
3.674560
4.638909
4.638909
3.313955
3.313955
3.313955
3.313955
3.313955
3.313955
3.313955
3.313955
3.313955
3.313955
3.313955
3.313955
3.313955
3.313955
3.313955
3.313955
3.313955
3.313955
3.313955
3.313955
3.313955
3.313955
3.220282
3.132446
3.313955
3.313955
3.313955
3.313955
3.313955
3.313955
3.313955
3.313955
3.313955
3.313955
3.313955
3.313955
3.313955
3.313955
3.256117
3.261146
3.313955
3.313955
3.313955
3.313955
3.313955
3.261775
3.258003
3.313955
3.313955
3.178773
3.178773
3.178773
3.178773
3.178773
3.178773
3.178773
3.178773
3.178773
3.178773
3.178773
3.178773
3.178773
3.178773
3.178773
3.178773
3.178773
3.178773
3.178773
3.178773
3.178773
3.178773
3.178773
3.178773
3.178773
3.178773
3.178773
3.178773
3.178773
3.178773
3.178773
3.178773
3.178773
3.178773
3.178773
3.178773
3.178773
3.178773
3.178773
3.178773
3.178773
3.178773
3.178773
3.178773
3.178773
3.178773
3.178773
3.178773
3.178773
0.115031
0.111236
0.002889
0.156829
0.139158
0.047745
0.002889
0.116163
0.203895
0.415946
0.254925
0.143066
0.215562
0.426367
0.002889
0.347074
0.458197
0.166741
0.002889
0.076291
0.563260
0.002889
0.427840
0.459726
0.127604
0.002889
0.333085
0.142217
0.002889
0.545476
0.623919
0.237594
0.226097
0.589709
0.256568
0.002889
0.317227
1.092424
0.823736
0.284603
0.508208
0.812578
0.099455
0.145898
0.356306
0.914752
0.550573
0.449192
0.259173
1.676990
1.983776
1.956904
2.086130
2.216997
2.009220
1.513535
1.814241
2.140058
2.241164
2.028372
1.871969
2.161701
1.721281
1.862454
2.143949
2.241164
1.978092
1.815609
2.182829
2.095219
1.904374
2.183437
2.241164
2.161701
2.097681
2.241164
2.202436
1.962679
2.170882
2.241164
2.202436
2.151700
2.241164
2.224567
2.007123
2.204017
2.241164
2.241164
2.241164
2.238398
1.980402
2.116255
2.172949
2.232866
2.215569
2.206297
2.128111
1.981132
-0.171763
-0.172831
-0.211989
-0.211989
-0.211989
-0.211989
-0.211989
-0.050491
-0.064789
-0.211989
-0.211989
-0.211989
-0.211989
-0.211989
-0.180663
-0.196148
-0.158354
-0.159778
-0.211989
-0.180129
-0.211989
-0.211989
-0.211989
0.094099
0.074164
-0.211989
-0.074045
0.151887
-0.171763
-0.172831
0.074342
0.050609
-0.211989
-0.152599
-0.153904
-0.000356
-0.016909
-0.211989
-0.211989
-0.211989
-0.211989
-0.211989
-0.163397
-0.164465
-0.211989
-0.211989
-0.211989
-0.211989
-0.138241
0.019312
-0.027455
-0.028060
-0.018101
-0.019312
-0.036808
-0.036808
-0.036808
-0.036808
-0.036808
1.035572
1.443264
-0.036808
-0.036808
-0.036808
-0.036808
-0.036808
0.814560
1.197824
-0.036808
-0.036808
-0.036808
-0.036808
-0.036808
-0.036808
-0.005172
-0.016726
-0.036808
-0.036808
-0.036808
0.064428
0.348987
0.614290
0.191412
-0.036808
-0.036808
-0.036808
0.061787
3.039152
3.483818
0.175291
-0.036808
0.174136
-0.036808
-0.036808
1.108087
1.572615
0.218591
-0.008693
1.423045
1.533650
1.533650
1.533650
1.533650
1.533650
1.533650
1.462355
1.533650
1.533650
1.533650
1.533650
1.533650
1.533650
1.533650
1.533650
1.533650
1.533650
1.533650
1.533650
1.533650
1.533650
1.533650
1.533650
1.533650
1.533650
1.533650
1.533650
1.533650
1.533650
1.533650
1.533650
1.533650
1.533650
1.533650
1.533650
1.533650
1.533650
1.533650
1.533650
1.533650
1.533650
1.533650
1.533650
1.533650
1.533650
1.533650
1.533650
1.533650
4.718077
4.718077
4.718077
4.718077
4.718077
4.718077
4.718077
4.718077
4.718077
4.718077
4.718077
4.718077
4.718077
4.718077
4.718077
4.718077
4.709776
4.711342
4.718077
4.636635
4.718077
4.718077
4.718077
3.767006
4.285573
4.718077
3.933454
4.194655
4.718077
4.718077
3.422914
4.248806
4.589179
4.108867
4.482756
4.718077
4.718077
4.718077
4.638162
4.695876
4.696424
4.718077
4.718077
4.718077
4.718077
4.718077
4.718077
4.718077
4.718077
2.867527
2.867527
2.867527
2.867527
2.867527
2.867527
2.867527
2.867527
2.867527
2.867527
2.867527
2.867527
2.867527
2.867527
2.867527
2.867527
2.867527
2.867527
2.867527
2.867527
2.867527
2.867527
2.867527
2.867527
2.867527
2.867527
2.867527
2.867527
2.867527
2.867527
2.867527
2.867527
2.867527
2.867527
2.867527
2.867527
2.867527
2.867527
2.867527
2.867527
2.867527
2.867527
2.867527
2.867527
2.867527
2.867527
2.867527
2.867527
2.867527
0.706684
0.461116
0.733941
0.181313
-0.085470
0.374030
0.757685
0.258517
-0.606602
-1.010090
-1.424842
-1.146562
-1.457227
-0.507645
0.476641
-0.924621
-1.598990
0.038614
0.899589
-0.645497
-1.658093
0.432220
-1.379203
-1.027911
0.818287
1.111367
0.184990
-1.476195
0.442898
-0.985644
-1.259733
0.252265
1.003558
-0.206486
-1.458538
0.336026
-0.701275
-1.216928
-2.079659
-1.484507
-1.054488
-0.483198
0.046435
-0.771735
-0.571993
-1.706776
-1.932252
-0.955881
-0.910220
3.988131
3.988131
3.988131
3.988131
3.988131
3.988131
3.988131
3.988131
3.988131
3.988131
3.818862
3.373561
3.988131
3.988131
3.988131
3.988131
3.988131
3.564811
3.197423
3.900602
3.939019
3.988131
3.988131
3.825486
3.988131
3.988131
3.932542
3.943876
3.988131
3.988131
3.988131
3.975620
3.948880
3.866944
3.988131
3.988131
3.988131
3.988131
3.988131
3.988131
3.988131
3.988131
3.988131
3.988131
3.988131
3.988131
3.988131
3.988131
3.988131
5.127530
5.127530
5.154388
5.154388
5.154388
5.154388
5.117749
5.110886
5.116938
5.154388
5.154388
5.119802
5.122396
5.093431
5.154388
5.154388
5.117749
5.154388
5.154388
5.085217
5.090405
5.154388
5.154388
5.062898
5.154388
5.154388
5.154388
5.154388
5.154388
5.154388
5.049874
5.100672
5.154388
5.116020
5.116020
5.154388
5.154388
5.067383
5.079488
5.154388
5.083595
5.092890
5.154388
5.154388
5.154388
5.154388
5.154388
5.154388
5.039282
2.141100
1.327400
1.517945
1.489779
1.533481
2.022623
2.275013
1.220951
1.220951
1.220951
1.220951
1.220951
1.220951
1.220951
1.220951
1.220951
1.220951
1.220951
1.220951
1.220951
1.220951
1.220951
1.220951
1.220951
1.220951
1.220951
1.220951
1.220951
1.220951
1.220951
1.220951
1.220951
1.220951
1.220951
1.220951
1.220951
1.220951
1.220951
1.749786
1.930007
1.220951
1.220951
1.877685
1.220951
1.220951
1.533682
1.527667
1.220951
1.347246
-0.009215
-0.009215
-0.009215
-0.009215
-0.009215
-0.009215
-0.009215
-0.009215
-0.009215
-0.009215
-0.009215
-0.009215
-0.009215
-0.009215
-0.009215
-0.009215
-0.009215
-0.009215
-0.009215
-0.009215
-0.009215
-0.009215
-0.009215
-0.009215
-0.009215
-0.009215
-0.009215
-0.009215
-0.009215
-0.009215
-0.009215
-0.009215
-0.009215
-0.009215
-0.009215
-0.009215
-0.009215
-0.009215
-0.009215
-0.009215
-0.009215
-0.009215
-0.009215
-0.009215
-0.009215
-0.009215
-0.009215
-0.009215
-0.009215
-0.007575
-0.007575
-0.007575
-0.007575
-0.007575
-0.007575
-0.007575
-0.007575
-0.007575
-0.007575
-0.007575
-0.007575
-0.007575
-0.007575
-0.007575
-0.007575
-0.007575
-0.007575
-0.007575
-0.007575
-0.007575
-0.007575
-0.007575
-0.007575
-0.007575
-0.007575
-0.007575
-0.007575
-0.007575
-0.007575
-0.007575
-0.007575
-0.007575
-0.007575
-0.007575
-0.007575
-0.007575
-0.007575
-0.007575
-0.007575
-0.007575
-0.007575
-0.007575
-0.007575
-0.007575
-0.007575
-0.007575
-0.007575
-0.007575
-0.019518
-0.019518
-0.019518
-0.019518
-0.019518
-0.019518
-0.019518
-0.019518
-0.019518
-0.019518
0.167931
0.426751
-0.019518
-0.019518
-0.019518
-0.019518
-0.019518
0.944393
2.047247
0.084255
-0.019518
-0.019518
-0.019518
-0.013270
0.936277
2.400565
0.612268
-0.019518
-0.019518
-0.019518
-0.013527
0.628371
1.419585
0.398602
-0.019518
-0.019518
-0.019518
-0.019518
-0.019518
-0.019518
-0.019518
-0.019518
-0.019518
-0.019518
-0.019518
-0.019518
-0.019518
-0.019518
-0.019518
1.226151
1.226151
1.226151
1.226151
1.226151
1.226151
1.226151
1.226151
1.226151
0.981422
1.093165
1.226151
1.146196
1.131601
1.226151
1.153811
0.447939
0.981543
1.226151
1.044304
1.061467
1.226151
0.938151
0.536414
1.138068
1.226151
1.184270
1.007651
1.226151
1.207658
0.670035
1.108697
1.226151
0.955043
0.797611
1.226151
1.226151
0.955435
0.231614
-0.513691
0.428509
1.226151
1.226151
1.226151
1.226151
0.416573
-0.023267
1.046842
1.226151
3.467105
3.467105
3.467105
3.467105
3.467105
3.467105
3.467105
3.467105
3.467105
3.467105
3.372624
3.375795
3.467105
3.467105
3.467105
3.467105
3.467105
3.467105
3.467105
3.467105
3.467105
3.467105
3.449390
3.449984
3.467105
3.467105
3.467105
3.467105
3.467105
3.467105
3.406469
3.467105
3.467105
3.467105
3.467105
3.467105
3.467105
3.467105
3.467105
3.467105
3.467105
3.467105
3.467105
3.467105
3.467105
3.467105
3.467105
3.467105
3.467105
0.016038
0.016038
0.016038
0.016038
0.016038
0.016038
0.016038
0.016038
0.016038
0.173444
1.230040
1.079409
0.155297
0.016038
0.016038
0.022882
0.215094
0.239876
0.016038
0.216442
0.344779
0.016038
0.319754
0.604391
0.016038
0.016038
0.137635
0.362338
0.016038
0.016038
0.979656
0.149802
0.016038
0.357499
0.336172
0.016038
0.016038
0.410002
0.790174
0.793700
0.428286
0.016038
0.192731
0.195461
0.019010
0.464579
0.511068
0.154157
0.159583
1.625135
1.625135
1.625135
1.625135
1.625135
1.625135
1.625135
1.625135
1.625135
1.625135
1.396114
1.194728
1.610798
1.625135
1.625135
1.625135
1.300755
0.000410
-0.171410
0.398597
1.529559
1.625135
1.625135
0.424132
0.031328
0.729952
-0.260687
1.210778
1.625135
1.625135
0.938578
-0.050153
0.254146
0.358580
1.557966
1.625135
1.625135
1.625135
0.897162
0.649677
1.327521
1.625135
1.625135
1.625135
1.625135
1.625135
1.625135
1.625135
1.625135
-0.509278
-0.509278
-0.385487
-0.253341
-0.509278
-0.509278
-0.389664
-0.509278
-0.509278
-0.509278
-0.509278
-0.509278
-0.509278
-0.509278
-0.509278
-0.509278
-0.509278
-0.509278
-0.509278
-0.509278
-0.509278
-0.509278
-0.509278
-0.079553
-0.123601
-0.509278
-0.275366
-0.509278
-0.509278
-0.509278
0.259417
0.252708
-0.168789
0.764834
0.156131
-0.509278
-0.509278
-0.318401
0.566616
0.831603
0.028290
-0.380297
-0.436750
-0.509278
-0.509278
-0.509278
-0.509278
-0.509278
-0.187142
2.372519
2.372519
2.372519
2.372519
2.372519
2.372519
2.372519
2.372519
2.372519
2.372519
2.372519
2.372519
2.372519
2.372519
2.372519
2.372519
2.372519
2.372519
2.372519
2.372519
2.372519
2.372519
2.372519
2.372519
2.372519
2.372519
2.372519
2.372519
2.372519
2.372519
2.372519
2.372519
2.372519
2.372519
2.372519
2.372519
2.372519
2.372519
2.372519
2.372519
2.372519
2.372519
2.372519
2.372519
2.372519
2.372519
2.372519
2.372519
2.303053
-0.518764
-0.518764
-0.518764
-0.518764
-0.518764
-0.518764
-0.518764
-0.518764
-0.518764
-0.518764
-0.518764
-0.518764
-0.518764
-0.518764
-0.518764
-0.518764
-0.518764
-0.518764
-0.518764
-0.518764
-0.518764
-0.518764
-0.518764
-0.518764
-0.518764
-0.518764
-0.518764
-0.518764
-0.518764
-0.518764
-0.518764
-0.518764
-0.518764
-0.518764
-0.518764
-0.518764
-0.518764
-0.518764
-0.518764
-0.518764
-0.518764
-0.518764
-0.518764
-0.518764
-0.518764
-0.518764
-0.518764
-0.518764
-0.518764
0.898149
1.055661
1.301478
1.584316
1.934946
1.537511
0.945308
0.898149
0.921728
1.169315
1.373750
1.510983
1.598582
0.939649
0.898149
0.898149
0.898149
0.898149
0.898149
0.898149
0.898149
0.898149
0.898149
0.898149
0.898149
0.898149
0.898149
0.898149
0.898149
0.898149
0.898149
1.747370
2.138792
0.945308
0.898149
0.898149
0.898149
0.935994
2.007807
2.494255
1.063442
0.898149
0.970892
0.997655
1.099637
1.190654
1.355004
1.101405
1.023474
2.436356
2.436356
2.436356
2.436356
2.436356
2.436356
2.436356
2.436356
2.436356
2.436356
2.436356
2.436356
2.436356
2.436356
2.436356
2.436356
2.436356
2.436356
2.436356
2.436356
2.436356
2.436356
2.436356
2.436356
2.436356
2.436356
2.436356
2.436356
2.436356
2.436356
2.436356
2.436356
2.436356
2.436356
2.436356
2.436356
2.436356
2.436356
2.341313
2.294262
2.436356
2.436356
2.436356
2.436356
2.436356
2.351664
2.336608
2.436356
2.436356
1.133493
1.580896
1.457163
1.521019
1.744989
1.586391
1.087037
0.959925
1.976159
2.015193
1.904187
1.850752
1.955379
1.369621
0.942430
1.963874
2.015193
2.015193
1.950389
1.993307
1.522408
0.902922
1.862121
1.823467
2.015193
2.015193
1.968453
1.034835
0.919692
1.859469
1.719314
2.015193
2.015193
2.015193
1.327114
1.004580
2.015193
2.015193
2.015193
2.015193
2.015193
1.588349
1.029308
1.971233
2.015193
2.015193
2.015193
1.970759
1.423971
-0.004160
-0.004160
-0.004160
-0.004160
-0.004160
-0.004160
-0.004160
-0.004160
-0.004160
-0.004160
-0.004160
-0.004160
-0.004160
-0.004160
-0.004160
-0.004160
0.250004
0.012714
-0.004160
0.203249
0.565337
-0.004160
0.556373
2.309568
0.205534
-0.004160
1.077884
3.181507
-0.004160
0.044470
1.795263
0.398765
-0.004160
1.410676
1.702924
-0.004160
-0.004160
-0.004160
0.091459
0.091459
0.034744
0.034744
-0.004160
-0.004160
-0.004160
0.078511
0.078511
-0.004160
0.029588
1.466703
1.467007
1.474187
1.474187
1.474187
1.436542
1.433905
1.461166
1.351029
1.381981
1.319367
1.459219
1.326710
1.102847
1.461713
1.272047
1.211219
1.082057
1.168158
1.063640
1.163249
1.416482
1.211056
0.788521
0.938108
1.141161
0.709397
1.139620
1.469198
1.326791
0.784870
0.856287
0.803348
0.676985
0.916994
1.412527
1.329022
1.464087
1.378695
1.035588
1.335878
1.326913
1.430741
1.333931
1.448976
1.401656
1.429646
1.448205
1.416868
0.738993
1.066949
1.099636
1.212492
1.234233
1.153790
1.191995
0.773590
1.200727
1.246119
0.505518
-0.190782
0.928017
1.260794
1.027865
1.273286
0.991601
0.330897
0.187508
0.641631
1.203547
1.134020
1.273286
1.153214
1.158368
1.221498
1.037295
1.210824
1.109460
1.273286
1.196058
1.112735
1.273286
1.205973
1.273286
1.001395
1.273286
1.273286
1.029260
1.029169
1.246907
1.273286
0.736567
1.186658
1.125652
0.993905
0.914069
1.119799
1.043663
4.223102
4.224349
4.232250
4.232250
4.232250
4.232250
4.232250
4.226013
4.225846
4.232250
4.209381
4.073207
4.206054
4.131502
4.232250
4.232250
4.195660
4.006679
3.988467
4.085099
4.151917
4.232250
4.232250
3.774247
3.987469
4.232250
3.737241
4.090462
4.232250
4.232250
3.874247
3.527970
3.845307
3.614539
4.195327
4.232250
4.232250
4.232250
3.974953
4.023269
4.122811
4.232250
4.232250
4.232250
4.232250
4.232250
4.232250
4.232250
4.221647
3.652276
3.562196
3.695056
3.642348
3.623904
3.701998
3.478452
3.654859
3.536044
3.643236
3.560340
3.264553
3.604896
3.094765
3.709101
3.668420
3.672294
3.709101
3.709101
3.709101
3.533945
3.709101
3.619828
3.709101
3.709101
3.709101
3.709101
3.709101
3.709101
3.581003
3.681011
3.709101
3.709101
3.709101
3.562438
3.667855
3.515986
3.215033
3.527892
3.709101
3.684240
3.280051
3.669469
3.545811
3.506219
3.373440
3.688518
3.685370
3.422274
-0.115996
-0.115996
-0.115996
-0.115996
-0.115996
-0.115996
-0.115996
-0.115996
-0.115996
-0.115996
-0.115996
-0.115996
-0.115996
-0.115996
-0.115996
-0.115996
-0.115996
-0.115996
-0.115996
-0.115996
-0.115996
-0.115996
-0.115996
-0.115996
-0.115996
-0.115996
-0.115996
-0.115996
-0.115996
-0.115996
-0.115996
-0.115996
-0.115996
-0.115996
-0.115996
-0.115996
-0.115996
-0.115996
-0.115996
-0.115996
-0.115996
-0.115996
-0.115996
-0.115996
-0.115996
-0.115996
-0.115996
-0.115996
-0.115996
0.000470
0.000470
0.000470
0.000470
0.000470
0.000470
0.000470
0.000470
0.000470
0.000470
0.077012
0.115519
0.181678
0.000470
0.000470
0.000470
0.000470
0.000470
0.000470
0.205679
0.000470
0.000470
0.323650
0.317702
0.000470
0.000470
0.000470
0.120214
0.000470
0.000470
0.000470
0.000470
0.000470
0.000470
0.000470
0.000470
0.000470
0.000470
0.000470
0.000470
0.000470
0.000470
0.000470
0.000470
0.000470
0.000470
0.000470
0.000470
0.000470
-0.009552
-0.009552
-0.009552
-0.009552
-0.009552
-0.009552
-0.009552
-0.009552
-0.009552
-0.009552
-0.009552
-0.009552
-0.009552
-0.009552
-0.009552
-0.009552
-0.009552
-0.009552
-0.009552
-0.009552
-0.009552
-0.009552
-0.009552
-0.009552
-0.009552
-0.009552
-0.009552
-0.009552
-0.009552
-0.009552
-0.009552
-0.009552
-0.009552
-0.009552
-0.009552
-0.009552
-0.009552
-0.009552
0.015920
0.015920
-0.009552
-0.009552
-0.009552
-0.009552
-0.009552
-0.009552
-0.009552
0.007430
0.007430
-0.031910
-0.031910
-0.031910
-0.031910
-0.031910
-0.031910
-0.031910
-0.031910
-0.031910
-0.031910
-0.031910
-0.031910
-0.031910
-0.031910
-0.031910
-0.031910
-0.031910
-0.031910
-0.031910
-0.031910
-0.031910
-0.031910
-0.031910
-0.031910
-0.031910
-0.031910
-0.031910
-0.031910
-0.031910
-0.031910
-0.031910
-0.031910
-0.031910
-0.031910
-0.031910
-0.031910
-0.031910
-0.031910
-0.031910
-0.031910
-0.031910
-0.031910
0.105652
-0.031910
-0.031910
-0.031910
-0.031910
-0.031910
-0.031910
0.105224
0.054749
0.002646
0.002646
0.002646
0.002646
0.002646
0.092198
0.048779
0.002646
0.002646
0.002646
0.002646
0.002646
0.002646
0.002646
0.002646
0.002646
0.002646
0.002646
0.002646
0.002646
0.002646
0.002646
0.002646
0.002646
0.002646
0.002646
0.002646
0.002646
0.002646
0.002646
0.002646
0.002646
0.002646
0.002646
0.002646
0.002646
0.002646
0.002646
0.002646
0.002646
0.033989
0.031140
0.002646
0.002646
0.002646
0.002646
0.141045
-0.016369
-0.016369
-0.016369
-0.016369
-0.016369
-0.016369
-0.016369
-0.016369
-0.016369
-0.016369
-0.016369
-0.016369
-0.016369
-0.016369
-0.016369
-0.016369
-0.016369
-0.016369
-0.016369
-0.016369
-0.016369
-0.016369
-0.016369
-0.016369
-0.016369
-0.016369
-0.016369
-0.016369
-0.016369
-0.016369
-0.016369
-0.016369
-0.016369
-0.016369
-0.016369
-0.016369
-0.016369
-0.016369
-0.016369
-0.016369
-0.016369
-0.016369
-0.016369
-0.016369
-0.016369
-0.016369
-0.016369
-0.016369
-0.016369
-0.065707
0.146961
-0.108020
-0.123566
-0.123566
-0.083065
0.028426
0.723686
0.705876
-0.109227
-0.123566
-0.123566
-0.083769
0.182330
0.704618
0.217750
0.133427
0.365415
0.166230
0.218001
-0.051872
0.752716
0.000302
0.498691
0.743811
1.152444
1.004477
-0.123566
0.988980
0.390923
0.771029
1.744765
1.530336
0.863201
-0.118384
1.516953
1.334573
0.054991
0.096649
-0.095140
-0.024552
0.316059
0.914720
1.520525
0.298048
-0.066563
-0.100422
0.322398
1.082862
-0.277871
-0.277871
-0.277871
-0.277871
-0.277871
-0.277871
-0.219010
-0.277871
-0.277871
-0.277871
-0.277871
-0.277871
-0.277871
-0.277871
-0.277871
-0.277871
-0.277871
-0.277871
-0.277871
-0.277871
-0.277871
-0.277871
-0.277871
-0.277871
-0.277871
-0.277871
-0.277871
-0.277871
-0.277871
-0.277871
-0.277871
-0.277871
-0.277871
-0.277871
-0.277871
-0.277871
-0.277871
-0.277871
-0.277871
-0.277871
-0.277871
-0.277871
-0.277871
-0.277871
-0.277871
-0.277871
-0.277871
-0.277871
-0.277871
-0.126454
-0.126454
-0.126454
-0.126454
-0.126454
-0.126454
-0.126454
-0.126454
-0.126454
-0.126454
-0.126454
-0.126454
-0.126454
-0.126454
-0.126454
-0.126454
-0.126454
-0.126454
-0.126454
-0.116413
-0.045706
-0.126454
-0.126454
-0.126454
-0.126454
-0.126454
-0.116413
-0.041824
-0.126454
-0.126454
-0.126454
-0.126454
-0.126454
0.025001
0.022051
-0.126454
-0.126454
-0.126454
-0.076245
-0.081422
-0.126454
-0.126454
-0.126454
-0.126454
-0.126454
-0.076245
-0.078316
-0.126454
-0.126454
0.074945
0.074945
0.074945
0.074945
0.074945
0.074945
0.100871
0.074945
0.074945
0.074945
0.142354
0.139657
0.074945
0.074945
0.074945
0.074945
0.074945
0.074945
0.074945
0.099005
0.097898
0.074945
0.142354
0.139657
0.074945
0.074945
0.102323
0.098728
0.074945
0.074945
0.074945
0.074945
0.074945
0.074945
0.074945
0.074945
0.074945
0.074945
0.074945
0.074945
0.074945
0.074945
0.074945
0.074945
0.074945
0.074945
0.074945
0.074945
0.074945
1.125668
1.125668
1.125668
1.125668
1.125668
1.125668
1.125668
1.125668
1.125668
1.125668
1.028013
1.002180
0.985049
1.125668
1.125668
1.125668
0.937972
0.971249
0.969651
0.691540
0.988278
1.125668
1.118700
0.475495
1.095994
1.125668
0.355440
0.054861
1.125668
1.125668
-0.263835
0.318730
0.984539
-0.202754
0.326242
1.125668
1.125668
0.718120
-0.315161
-0.961255
-0.018491
1.056735
1.125668
1.125668
1.125668
0.583857
-0.174508
0.953336
1.125668
4.006391
1.800738
1.782408
1.812656
1.830196
1.806916
1.774824
1.780504
-1.351227
-1.455384
-1.544402
-1.524607
-1.395326
-1.380099
1.787503
-1.298549
-1.484198
-1.578399
-1.529116
-1.421621
-1.325048
1.805218
-1.352399
-1.604226
-1.491488
-1.449440
-1.500098
-1.392838
1.781558
-1.408181
-1.574621
-1.400479
-1.305313
-1.446189
-1.377288
1.776785
-1.378196
-1.384871
-1.389791
-1.424960
-1.410523
-1.376059
1.777254
-1.398284
-1.429586
-1.496672
-1.612103
-1.491225
-1.479160
-0.032180
-0.032180
-0.032180
-0.032180
-0.032180
-0.032180
-0.032180
-0.032180
-0.032180
-0.032180
-0.032180
-0.032180
-0.032180
-0.032180
-0.032180
-0.032180
-0.032180
-0.032180
-0.032180
-0.032180
-0.032180
-0.032180
-0.032180
-0.032180
-0.032180
-0.032180
-0.032180
-0.032180
-0.032180
-0.032180
-0.032180
-0.032180
-0.032180
-0.032180
-0.032180
-0.032180
-0.032180
-0.032180
-0.032180
-0.032180
-0.032180
-0.032180
-0.032180
-0.032180
-0.032180
-0.032180
-0.032180
-0.032180
-0.032180
-0.004301
-0.004301
-0.004301
-0.004301
-0.004301
-0.004301
-0.004301
-0.004301
-0.004301
-0.004301
-0.004301
-0.004301
-0.004301
-0.004301
-0.004301
-0.004301
-0.004301
-0.004301
-0.004301
-0.004301
-0.004301
-0.004301
-0.004301
-0.004301
0.036884
0.138126
-0.004301
-0.004301
-0.004301
-0.004301
-0.004301
0.034860
0.129525
-0.004301
-0.004301
-0.004301
-0.004301
-0.004301
-0.004301
0.318246
-0.004301
-0.004301
-0.004301
-0.004301
-0.004301
-0.004301
-0.004301
-0.004301
-0.004301
0.403206
-0.088664
0.061975
0.044701
-0.056899
0.386668
0.198860
-0.180521
-0.180521
-0.180521
-0.180521
-0.180521
-0.180521
-0.180521
-0.180521
-0.180521
-0.180521
-0.180521
-0.180521
-0.180521
-0.180521
-0.180521
-0.180521
-0.180521
-0.180521
-0.180521
-0.180521
-0.180521
-0.180521
-0.180521
-0.180521
-0.180521
-0.180521
-0.180521
-0.180521
-0.180521
-0.180521
-0.180521
-0.180521
-0.042981
-0.180521
-0.180521
-0.180521
-0.180521
-0.180521
-0.180521
-0.064267
-0.180521
-0.180521
1.566003
1.626551
1.626551
1.626551
1.626551
1.626551
1.592037
1.626551
1.449098
1.303428
0.438857
0.186034
1.142834
1.456374
1.626551
1.546364
0.539430
0.541923
1.111627
0.868014
0.872610
1.626551
1.068057
-0.108069
1.187405
1.589306
0.696701
0.216834
1.626551
1.404815
0.338284
0.889960
1.327189
0.245276
0.440401
1.626551
1.476336
1.077538
0.282265
0.216647
0.734691
1.449437
1.578113
1.502166
1.558829
1.149177
0.981425
1.504574
1.556234
1.751732
1.751732
1.751732
1.751732
1.751732
1.751732
1.751732
1.751732
1.751732
1.751732
1.751732
1.751732
1.751732
1.751732
1.751732
1.751732
1.751732
1.751732
1.751732
1.751732
1.751732
1.751732
1.751732
1.689125
1.688855
1.751732
1.580374
1.575584
1.751732
1.751732
1.740701
1.740904
1.751732
1.674519
1.675936
1.751732
1.751732
1.751732
1.751732
1.485081
1.751732
1.751732
1.751732
1.751732
1.751732
1.751732
1.751732
1.751732
1.751732
-0.012869
-0.012869
-0.012869
-0.012869
-0.012869
-0.012869
-0.012869
-0.012869
-0.012869
-0.012869
-0.012869
-0.012869
-0.012869
-0.012869
-0.012869
-0.012869
-0.012869
-0.012869
-0.012869
-0.012869
-0.012869
-0.012869
-0.012869
-0.012869
-0.012869
-0.012869
-0.012869
-0.012869
-0.012869
-0.012869
-0.012869
-0.012869
-0.012869
-0.012869
-0.012869
-0.012869
-0.012869
-0.012869
-0.012869
-0.012869
-0.012869
-0.012869
-0.012869
-0.012869
-0.012869
-0.012869
-0.012869
-0.012869
-0.012869
4.642529
4.612226
4.642529
4.642529
4.642529
4.642529
4.642529
4.642529
4.569802
4.642529
4.527378
4.642529
4.642529
4.642529
4.642529
4.600105
4.642529
4.527378
4.642529
4.642529
4.642529
4.642529
4.642529
4.642529
4.642529
4.642529
4.642529
4.642529
4.642529
4.642529
4.642529
4.636322
4.636689
4.642529
4.642529
4.642529
4.594044
4.642529
4.642529
4.642529
4.642529
4.642529
4.642529
4.594044
4.642529
4.642529
4.642529
4.605284
4.607488
-0.227448
-0.227448
-0.227448
-0.227448
-0.227448
-0.227448
-0.227448
-0.227448
-0.227448
-0.087552
0.541006
0.387451
-0.075760
-0.227448
-0.227448
-0.227448
0.309571
0.103162
-0.227448
0.301766
0.685908
-0.227448
-0.227448
0.307026
-0.227448
-0.227448
0.182315
0.674540
-0.227448
-0.227448
-0.227448
-0.227448
-0.227448
-0.096799
-0.099344
-0.227448
-0.227448
-0.227448
0.921331
0.487474
-0.201828
-0.227448
-0.227448
-0.227448
-0.227448
0.057604
0.033171
-0.227448
-0.227448
0.001706
0.001706
0.001706
0.001706
0.001706
0.001706
0.001706
0.001706
0.001706
0.001706
0.001706
0.001706
0.001706
0.001706
0.001706
0.001706
0.001706
0.001706
0.001706
0.001706
0.001706
0.001706
0.001706
0.001706
0.001706
0.001706
0.001706
0.001706
0.001706
0.001706
0.001706
0.001706
0.001706
0.001706
0.001706
0.001706
0.001706
0.001706
0.001706
0.001706
0.001706
0.001706
0.001706
0.001706
0.001706
0.001706
0.001706
0.001706
0.001706
0.563429
-0.123347
-0.083191
-0.101992
-0.086506
-0.115848
-0.032059
0.458883
-0.141604
-0.141604
-0.141604
-0.141604
-0.141604
-0.141604
-0.031788
-0.141604
-0.015106
-0.090092
-0.141604
-0.127748
-0.141604
-0.141604
-0.141604
-0.073356
-0.141604
-0.141604
-0.141604
-0.141604
-0.000598
-0.141604
-0.141604
-0.141604
-0.141604
-0.141604
-0.141604
0.253486
-0.141604
-0.141604
-0.086832
-0.090092
-0.141604
-0.141604
0.362760
-0.141604
-0.141604
-0.141604
-0.141604
-0.141604
0.011248
0.155622
0.064664
0.064664
0.064664
0.064664
0.064664
0.064664
0.064664
0.064664
0.064664
0.064664
0.064664
0.064664
0.064664
0.064664
0.064664
0.064664
0.064664
0.064664
0.064664
0.064664
0.064664
0.064664
0.064664
0.064664
0.064664
0.064664
0.064664
0.064664
0.064664
0.064664
0.064664
0.064664
0.064664
0.064664
0.064664
0.064664
0.064664
0.064664
0.064664
0.064664
0.064664
0.064664
0.064664
0.064664
0.064664
0.064664
0.064664
0.064664
0.049353
0.049353
0.049353
0.049353
0.049353
0.049353
0.049353
0.049353
0.049353
0.049353
0.221892
0.431610
0.049353
0.049353
0.049353
0.049353
0.049353
0.195128
0.402473
0.068866
0.049353
0.049353
0.049353
0.049353
0.049353
0.049353
0.049353
0.049353
0.049353
0.049353
0.049353
0.049353
0.049353
0.049353
0.049353
0.049353
0.049353
0.049353
0.315149
0.356152
0.049353
0.049353
0.049353
0.049353
0.049353
0.049353
0.049353
0.049353
0.049353
4.289500
4.289500
4.289500
4.289500
4.289500
4.289500
4.289500
4.289500
4.289500
4.289500
4.289500
4.289500
4.289500
4.289500
4.289500
4.289500
4.289500
4.289500
4.289500
4.289500
4.289500
4.289500
4.289500
4.261441
4.289500
4.289500
4.289500
4.289500
4.289500
4.289500
4.289500
4.289500
4.289500
4.289500
4.289500
4.289500
4.289500
4.289500
4.289500
4.289500
4.289500
4.289500
4.289500
4.289500
4.289500
4.289500
4.289500
4.289500
4.289500
1.563698
1.631228
1.631228
1.631228
1.631228
1.631228
1.608321
1.631228
1.604216
1.631228
0.986438
0.832443
1.427526
1.627891
1.631228
1.631228
0.777811
-0.033632
0.265723
0.190593
1.208465
1.631228
1.603739
0.516192
0.771614
1.298531
0.285029
0.937499
1.631228
1.631228
0.621194
0.282884
0.946026
0.363601
1.323186
1.631228
1.631228
1.427712
-0.107465
0.425517
0.851087
1.578316
1.631228
1.631228
1.626647
1.151184
1.212093
1.403136
1.594153
-0.124324
-0.124324
-0.124324
-0.124324
-0.124324
-0.124324
-0.124324
-0.124324
-0.124324
-0.124324
-0.000606
0.125537
-0.124324
-0.124324
-0.124324
-0.124324
-0.124324
-0.018800
0.118563
-0.124324
-0.124324
-0.124324
-0.124324
-0.124324
-0.124324
-0.124324
-0.124324
-0.124324
-0.124324
-0.124324
-0.124324
-0.124324
-0.124324
-0.124324
-0.124324
-0.124324
-0.124324
-0.124324
-0.124324
-0.124324
-0.124324
-0.124324
-0.124324
-0.124324
-0.124324
-0.124324
-0.124324
-0.124324
-0.124324
1.452312
1.024451
0.766804
0.466532
0.280936
0.708020
1.858931
1.646800
1.004551
-0.258142
0.053562
0.531738
-0.076073
1.003916
1.755900
0.508239
-0.392999
-0.004799
0.549804
-0.345577
0.201263
1.862530
0.288557
-0.311139
0.183833
1.132210
-0.302036
-0.251790
1.550897
0.265410
-0.392999
-0.156311
0.127871
-0.392999
-0.249038
1.344694
0.547334
-0.353481
-0.392999
-0.392999
-0.312268
0.141703
1.568751
0.683321
0.075580
0.028016
0.024911
0.336615
0.864119
1.245704
1.081647
0.961516
0.772259
0.613070
0.647097
0.778035
0.985738
-0.159888
-0.129610
-0.148732
-0.393466
-0.681241
-0.359532
0.525569
-0.144167
0.063373
1.015410
1.448260
0.404762
-0.539589
0.503303
-0.293551
-0.235767
1.330737
1.467567
1.087959
-0.651965
0.560201
-0.667150
-0.792266
1.209371
1.429139
0.532323
-1.270508
0.875878
-0.084567
-0.535863
0.250697
0.869846
0.158397
0.078721
0.830508
0.261922
0.013532
-0.382100
-0.536259
-0.056945
0.157419
1.640265
1.640265
1.640265
1.640265
1.640265
1.640265
1.640265
1.640265
1.640265
1.274407
-0.439165
-0.382119
0.734562
1.563028
1.640265
1.601240
-0.521213
-0.629784
0.378325
-0.683274
0.294381
1.640265
1.379625
-0.257591
0.515725
1.276372
-0.133064
-0.135774
1.640265
1.640265
0.164060
-0.078863
0.682224
-0.388047
0.916746
1.640265
1.640265
1.208823
-0.628396
-0.847335
0.414843
1.640265
1.640265
1.640265
1.640265
1.191208
1.048862
1.640265
1.640265
1.154157
1.154157
1.154157
1.154157
1.154157
1.154157
1.154157
1.154157
1.154157
1.154157
1.154157
1.154157
1.154157
1.154157
1.154157
1.154157
1.154157
1.154157
1.154157
1.154157
1.154157
1.154157
1.042329
1.035340
1.154157
1.154157
1.154157
1.017592
1.154157
1.154157
1.154157
1.154157
1.154157
1.154157
1.154157
1.154157
1.154157
1.154157
0.935330
0.901358
1.154157
1.154157
1.154157
1.154157
1.154157
0.943082
0.898986
1.154157
1.154157
-0.276848
-0.235868
-0.233819
-0.276848
-0.276848
-0.276848
-0.276848
-0.259285
-0.083540
-0.235458
-0.276848
-0.276848
-0.276848
-0.276848
-0.192137
-0.242249
-0.276848
-0.137165
0.000527
-0.276848
-0.276848
-0.123876
-0.276848
-0.276848
0.041448
0.536426
-0.276848
-0.276848
-0.251558
-0.276848
-0.276848
-0.107543
0.035711
-0.276848
-0.276848
-0.276848
0.009133
-0.221525
-0.276848
0.298568
-0.265140
-0.264554
-0.276848
0.052630
-0.027808
-0.207358
0.128443
0.190615
-0.144483
0.190534
0.091014
0.032403
0.032403
0.032403
0.032403
0.032403
0.032403
0.032403
0.032403
0.234787
0.287693
0.032403
0.032403
0.032403
0.032403
0.032403
0.032403
0.032403
0.032403
0.032403
0.032403
0.032403
0.032403
0.032403
0.032403
0.032403
0.032403
0.032403
0.046859
0.168210
0.032403
0.032403
0.032403
0.233016
0.032403
0.032403
0.141757
0.422714
0.631932
0.032403
0.032403
0.065445
0.068985
0.032403
0.450004
0.602922
0.032403
0.133595
3.849126
3.849126
3.849126
3.849126
3.849126
3.849126
3.849126
3.849126
3.849126
3.849126
3.849126
3.849126
3.849126
3.849126
3.849126
3.849126
3.849126
3.849126
3.849126
3.849126
3.849126
3.849126
3.849126
3.849126
3.849126
3.849126
3.849126
3.849126
3.849126
3.849126
3.849126
3.849126
3.849126
3.849126
3.849126
3.849126
3.849126
3.849126
3.849126
3.849126
3.849126
3.849126
3.849126
3.849126
3.849126
3.849126
3.849126
3.849126
3.849126
1.374924
1.374924
1.374924
1.374924
1.374924
1.374924
1.374924
1.374924
1.374924
1.374924
1.374924
1.374924
1.374924
1.374924
1.374924
1.374924
1.374924
1.374924
1.374924
1.374924
1.374924
1.374924
1.374924
1.374924
1.374924
1.374924
1.374924
1.374924
1.374924
1.374924
1.374924
1.374924
1.374924
1.374924
1.374924
1.374924
1.374924
1.374924
1.374924
1.374924
1.374924
1.374924
1.374924
1.374924
1.374924
1.374924
1.374924
1.374924
1.374924
0.154934
0.088166
0.019146
0.128173
0.252485
0.019146
0.055506
0.019146
0.019146
0.030622
0.857099
1.354830
0.535808
0.232321
0.019146
0.019146
0.029979
0.028262
0.019146
0.199554
0.188292
0.019146
0.145281
0.126511
0.019146
0.019146
0.019146
0.019146
0.019146
0.376315
0.477567
0.019146
0.019146
0.174080
0.510173
0.019146
0.084144
0.556508
0.286647
0.289275
0.270398
0.164319
0.488185
0.471721
0.330891
0.485986
0.527120
0.292975
0.707474
0.557227
-0.037304
-0.025970
-0.011010
-0.037304
-0.037304
0.053365
0.085488
-0.037304
-0.037304
-0.037304
-0.037304
-0.037304
-0.037304
-0.037304
-0.037304
-0.037304
-0.037304
-0.037304
-0.037304
-0.037304
-0.037304
-0.037304
-0.037304
-0.037304
-0.037304
-0.037304
-0.037304
-0.037304
-0.037304
-0.037304
-0.037304
-0.037304
-0.037304
-0.037304
-0.037304
-0.037304
-0.037304
0.593365
1.896734
-0.037304
-0.037304
0.072794
-0.037304
-0.037304
0.377508
1.084274
-0.037304
-0.037304
1.233089
1.233089
1.233089
1.233089
1.233089
1.233089
1.233089
1.233089
1.233089
1.101074
0.493784
0.217977
0.448754
1.130027
1.233089
1.061242
0.526320
1.115128
1.233089
0.562543
0.332201
1.233089
0.484414
-0.142511
1.233089
1.233089
0.791528
-0.334096
1.233089
0.680556
-0.114403
1.145642
1.233089
0.383323
-0.089290
1.233089
1.233089
0.793986
0.313360
0.326953
0.564335
1.098745
1.233089
1.233089
1.210204
0.596027
0.295825
1.079084
1.123422
0.524969
0.607859
0.768767
0.655011
0.689670
0.895502
0.532103
0.649965
1.196474
1.024500
0.040018
-0.112608
0.662840
0.911057
1.008980
1.510599
0.329820
-0.334621
0.022271
0.077148
0.506282
1.082335
1.413129
0.620003
0.775970
0.818668
0.725269
0.779763
1.027006
1.502213
0.369002
0.564709
0.770646
0.616454
0.742738
0.721858
1.154263
0.653549
-0.079654
0.354735
0.402444
0.606884
0.278770
0.730314
0.932006
0.748549
0.831647
0.753803
0.372030
-0.001982
-0.001982
-0.001982
-0.001982
-0.001982
-0.001982
-0.001982
-0.001982
-0.001982
-0.001982
-0.001982
-0.001982
-0.001982
-0.001982
-0.001982
-0.001982
-0.001982
-0.001982
-0.001982
-0.001982
-0.001982
-0.001982
-0.001982
-0.001982
-0.001982
-0.001982
-0.001982
-0.001982
-0.001982
-0.001982
-0.001982
-0.001982
-0.001982
-0.001982
-0.001982
-0.001982
-0.001982
-0.001982
-0.001982
-0.001982
-0.001982
-0.001982
0.008202
-0.001982
-0.001982
-0.001982
-0.001982
-0.001982
-0.001982
1.781567
1.781567
1.781567
1.781567
1.781567
1.781567
1.781567
1.781567
1.781567
1.725651
1.620033
1.704350
1.708344
1.781567
1.781567
1.781567
1.734083
1.737633
1.781567
1.781567
1.781567
1.781567
1.742958
1.599460
1.781567
1.781567
1.781567
1.781567
1.781567
1.781567
1.781567
1.781567
1.781567
1.781567
1.773484
1.781567
1.781567
1.781567
1.781567
1.765401
1.781567
1.781567
1.781567
1.781567
1.781567
1.781567
1.781567
1.781567
1.781567
0.684255
0.218539
0.284512
0.180248
0.101796
0.261765
0.270163
-0.050829
-0.579812
-0.628610
-0.606460
-0.556507
-0.676772
-0.380796
0.020857
-0.504146
-0.744636
-0.405892
-0.360536
-1.036035
-0.602957
0.141579
-0.588190
-0.973165
-0.186477
0.317390
-0.861458
-0.937502
0.126872
-0.667637
-1.017546
-0.814312
-0.333390
-0.987116
-0.751562
0.058550
-0.576269
-0.826909
-1.601158
-1.548618
-1.312646
-0.572030
-0.075905
-0.692932
-0.683697
-1.074902
-1.221318
-0.898077
-0.868742
0.007223
0.007223
0.007223
0.007223
0.007223
0.007223
0.007223
0.007223
0.007223
0.007223
0.007223
0.007223
0.007223
0.007223
0.007223
0.007223
0.007223
0.007223
0.007223
0.007223
0.007223
0.007223
0.015754
0.014707
0.007223
0.007223
0.007223
0.007223
0.007223
0.007223
0.007223
0.007223
0.007223
0.007223
0.007223
0.007223
0.007223
0.007223
0.007223
0.007223
0.007223
0.007223
0.007223
0.007223
0.007223
0.007223
0.007223
0.007223
0.007223
1.426627
1.426627
1.426627
1.426627
1.426627
1.426627
1.426627
1.426627
1.426627
1.426627
1.426627
1.426627
1.426627
1.426627
1.426627
1.426627
1.426627
1.426627
1.426627
1.426627
1.426627
1.426627
1.426627
1.426627
1.426627
1.426627
1.426627
1.426627
1.426627
1.426627
1.426627
1.426627
1.426627
1.426627
1.426627
1.426627
1.426627
1.426627
1.426627
1.426627
1.426627
1.426627
1.426627
1.426627
1.426627
1.426627
1.426627
1.426627
1.426627
-0.013141
-0.013141
-0.013141
-0.013141
0.102180
0.017672
-0.013141
-0.013141
-0.013141
-0.013141
0.114490
0.089568
0.198696
-0.013141
-0.013141
-0.013141
-0.013141
-0.013141
-0.013141
-0.013141
-0.013141
-0.013141
0.484618
0.387423
-0.013141
-0.013141
-0.013141
-0.013141
-0.013141
-0.013141
-0.013141
-0.013141
-0.013141
-0.013141
-0.013141
-0.013141
-0.013141
0.127253
0.417556
0.519962
-0.013141
-0.013141
-0.013141
-0.013141
-0.013141
0.260699
0.457657
-0.013141
-0.013141
0.687864
0.860079
1.371022
1.225124
1.151511
1.257903
1.149589
1.038657
1.065271
1.157411
0.816495
0.362824
0.452776
1.017213
1.394753
1.144385
1.013269
1.420373
1.383683
1.055759
0.083622
1.337514
0.286726
0.655615
1.420373
1.420373
1.420373
-0.031155
1.397603
0.805193
0.731978
1.420373
1.420373
0.960338
-0.616208
1.362206
1.188831
0.156306
-0.273999
-0.612727
-0.140529
0.296338
1.053307
1.013501
1.161189
-0.036856
-0.676529
0.942408
0.801249
1.408715
1.408715
1.408715
1.408715
1.408715
1.408715
1.408715
1.408715
1.408715
1.408715
1.172992
1.128233
1.408715
1.408715
1.408715
1.408715
1.216235
1.126121
1.272057
1.252369
1.062358
1.408715
1.302839
1.076365
1.306943
1.317531
1.048201
0.909522
1.408715
1.408715
1.365175
1.365888
1.377963
1.149824
1.296861
1.408715
1.408715
1.408715
1.260845
1.264117
1.336416
1.408715
1.408715
1.408715
1.408715
1.283091
1.296415
1.408715
1.408715
-0.012571
-0.012571
-0.012571
-0.012571
-0.012571
-0.012571
-0.012571
-0.012571
-0.012571
-0.012571
-0.012571
-0.012571
-0.012571
-0.012571
-0.012571
-0.012571
-0.012571
-0.012571
-0.012571
-0.012571
-0.012571
-0.012571
-0.012571
-0.012571
-0.012571
-0.012571
-0.012571
-0.012571
-0.012571
-0.012571
-0.012571
-0.012571
-0.012571
-0.012571
-0.012571
-0.012571
-0.012571
-0.012571
-0.012571
-0.012571
-0.012571
-0.012571
-0.012571
-0.012571
-0.012571
-0.012571
-0.012571
-0.012571
-0.012571
-0.124005
-0.124005
-0.124005
-0.124005
-0.124005
-0.124005
-0.124005
-0.124005
-0.124005
-0.124005
0.066682
-0.090387
-0.084476
-0.124005
-0.124005
-0.124005
-0.003571
0.069021
-0.081890
-0.090017
-0.124005
-0.124005
-0.124005
0.369243
-0.124005
-0.124005
0.339012
0.567133
-0.124005
-0.124005
0.489677
-0.016624
-0.124005
0.411604
0.170553
-0.124005
-0.124005
-0.109966
0.521878
2.905180
0.291725
-0.124005
-0.124005
-0.124005
-0.124005
0.367334
1.062536
-0.101346
-0.124005
-0.002747
-0.002747
-0.002747
-0.002747
-0.002747
-0.002747
-0.002747
-0.002747
-0.002747
-0.002747
-0.002747
-0.002747
-0.002747
-0.002747
-0.002747
-0.002747
-0.002747
-0.002747
-0.002747
-0.002747
-0.002747
-0.002747
-0.002747
-0.002747
-0.002747
-0.002747
-0.002747
-0.002747
-0.002747
-0.002747
-0.002747
-0.002747
-0.002747
-0.002747
-0.002747
-0.002747
-0.002747
-0.002747
-0.002747
-0.002747
-0.002747
-0.002747
-0.002747
-0.002747
-0.002747
-0.002747
-0.002747
-0.002747
-0.002747
0.036110
0.036110
0.036110
0.036110
0.036110
0.036110
0.036110
0.036110
0.036110
0.036110
0.036110
0.036110
0.036110
0.036110
0.036110
0.036110
0.036110
0.036110
0.036110
0.036110
0.036110
0.036110
0.036110
0.036110
0.036110
0.036110
0.036110
0.036110
0.036110
0.036110
0.036110
0.036110
0.036110
0.036110
0.036110
0.036110
0.036110
0.036110
0.036110
0.036110
0.036110
0.036110
0.036110
0.036110
0.036110
0.036110
0.036110
0.036110
0.036110
-0.006108
-0.006108
-0.006108
-0.006108
-0.006108
-0.006108
-0.006108
-0.006108
-0.006108
-0.006108
1.345367
2.814821
0.033597
-0.006108
-0.006108
-0.006108
-0.006108
0.792787
2.045210
0.529284
0.180261
-0.006108
0.355072
0.788595
-0.006108
-0.006108
0.592405
1.365190
-0.006108
-0.006108
-0.006108
-0.006108
-0.006108
-0.006108
-0.006108
-0.006108
-0.006108
-0.006108
-0.006108
-0.006108
-0.006108
-0.006108
-0.006108
-0.006108
-0.006108
-0.006108
-0.006108
-0.006108
-0.006108
-0.004241
-0.004241
-0.004241
-0.004241
-0.004241
-0.004241
-0.004241
-0.004241
-0.004241
-0.004241
-0.004241
-0.004241
-0.004241
-0.004241
-0.004241
-0.004241
-0.004241
-0.004241
-0.004241
-0.004241
-0.004241
-0.004241
-0.004241
-0.004241
-0.004241
-0.004241
-0.004241
-0.004241
-0.004241
-0.004241
-0.004241
-0.004241
-0.004241
-0.004241
-0.004241
-0.004241
-0.004241
-0.004241
-0.004241
-0.004241
-0.004241
-0.004241
-0.004241
-0.004241
-0.004241
-0.004241
-0.004241
-0.004241
-0.004241
3.490317
3.490317
3.490317
3.490317
3.490317
3.490317
3.490317
3.490317
3.490317
3.490317
2.851465
2.528411
3.293597
3.490317
3.490317
3.490317
2.951404
1.885010
1.958253
2.117562
2.927228
3.490317
3.207569
1.400052
2.692570
3.449371
1.825978
2.517770
3.490317
3.490317
2.231375
2.408619
2.876168
1.762097
2.973663
3.490317
3.490317
3.385978
1.928512
1.460587
2.784124
3.490317
3.490317
3.490317
3.490317
3.319202
3.329993
3.490317
3.490317
4.227680
4.227680
4.227680
4.227680
4.227680
4.227680
4.227680
4.227680
4.227680
4.227680
4.227680
4.227680
4.227680
4.227680
4.227680
4.227680
4.227680
4.227680
4.227680
4.227680
4.227680
4.227680
4.227680
4.227680
4.227680
4.227680
4.227680
4.227680
4.227680
4.227680
4.227680
4.227680
4.227680
4.227680
4.227680
4.227680
4.227680
4.227680
4.217762
4.218462
4.227680
4.227680
4.227680
4.227680
4.227680
4.227680
4.227680
4.227680
4.227680
0.365063
0.362613
0.360980
0.386706
0.357305
0.430399
0.373639
0.362613
0.362613
0.349546
0.372822
0.338929
1.172573
0.815880
0.373639
0.373639
0.373639
0.373639
0.373639
0.444691
1.055172
0.373639
0.379764
0.373639
0.373639
0.373639
0.373639
0.334029
0.373639
0.476338
0.373639
0.324229
0.425499
0.344238
0.434074
0.373639
0.373639
0.359347
1.845939
0.965132
0.439587
0.953494
0.539837
0.453471
0.359347
0.698684
0.539224
0.403040
0.573117
-0.019975
-0.019975
-0.019975
-0.019975
-0.019975
-0.019975
-0.019975
-0.019975
-0.019975
-0.019975
-0.019975
-0.019975
-0.019975
-0.019975
-0.019975
-0.019975
-0.019975
-0.019975
-0.019975
-0.019975
-0.019975
-0.019975
-0.019975
-0.019975
-0.019975
-0.019975
-0.019975
-0.019975
-0.019975
-0.019975
-0.019975
-0.019975
-0.019975
-0.019975
-0.019975
-0.019975
-0.019975
-0.019975
-0.019975
-0.019975
-0.019975
-0.019975
-0.019975
-0.019975
-0.019975
-0.019975
-0.019975
-0.019975
-0.019975
1.210652
1.552115
1.585387
1.618006
1.637607
1.586267
1.297978
1.540354
1.637607
1.536283
0.593515
-0.108259
0.890298
1.407368
1.631902
1.637607
0.867957
0.040710
-0.697980
-0.516341
1.130538
1.637607
1.472178
1.295038
1.390179
1.257192
1.326751
1.278603
1.637607
1.637607
1.637607
1.637607
1.637607
1.637607
1.637607
1.637607
1.637607
1.637607
1.637607
1.637607
1.637607
1.637607
1.637607
1.637607
1.637607
1.627957
1.627454
1.637607
1.606245
-0.004389
-0.004389
-0.004389
-0.004389
-0.004389
-0.004389
-0.004389
-0.004389
-0.004389
-0.004389
-0.004389
-0.004389
-0.004389
-0.004389
-0.004389
-0.004389
-0.004389
-0.004389
-0.004389
0.076366
-0.004389
-0.004389
-0.004389
-0.004389
0.015800
0.066710
0.158688
-0.004389
-0.004389
-0.004389
-0.004389
0.250540
0.309977
0.083513
-0.004389
-0.004389
-0.004389
-0.004389
-0.004389
-0.004389
-0.004389
-0.004389
-0.004389
-0.004389
-0.004389
-0.004389
-0.004389
-0.004389
-0.004389
0.910936
0.183138
-0.013523
0.067683
0.186061
0.337736
1.124110
-0.013523
0.006728
0.392236
0.536436
0.219223
0.709721
1.111539
0.199516
-0.013523
0.132988
-0.013523
-0.013523
0.022357
0.462161
0.352822
-0.013523
-0.013523
-0.013523
-0.013523
-0.013523
-0.013523
0.115048
0.037103
0.037103
-0.013523
-0.013523
-0.013523
0.215621
0.007135
-0.013523
-0.013523
-0.013523
-0.013523
-0.013523
0.629874
1.045826
0.967610
0.679753
0.555531
0.522913
0.673365
2.104360
1.202648
1.202648
1.202648
1.202648
1.202648
1.202648
1.202648
1.202648
1.202648
1.202648
1.202648
1.202648
1.202648
1.202648
1.202648
1.202648
1.202648
1.202648
1.202648
1.202648
1.202648
1.202648
1.192921
1.192197
1.202648
1.202648
1.202648
1.070711
1.202648
1.202648
1.202648
1.202648
1.202648
1.202648
1.202648
1.202648
1.202648
1.202648
0.712876
-0.072876
1.202648
1.202648
1.202648
1.202648
1.202648
0.830326
0.246464
1.202648
1.202648
0.334248
0.028752
0.028752
0.028752
0.028752
0.028752
0.200832
0.028752
0.028752
0.028752
0.028752
0.028752
0.028752
0.028752
0.028752
0.028752
0.028752
0.028752
0.028752
0.028752
0.028752
0.028752
0.028752
0.028752
0.028752
0.028752
0.028752
0.028752
0.028752
0.028752
0.028752
0.028752
0.028752
0.028752
0.028752
0.028752
0.028752
0.028752
0.028752
0.055327
0.028752
0.028752
0.028752
0.028752
0.028752
0.028752
0.065564
0.028752
0.028752
-0.009675
-0.009675
-0.009675
-0.009675
-0.009675
-0.009675
-0.009675
-0.009675
-0.009675
-0.009675
-0.009675
-0.009675
-0.009675
-0.009675
-0.009675
-0.009675
-0.009675
-0.009675
-0.009675
-0.009675
-0.009675
-0.009675
0.138679
0.128543
-0.009675
-0.009675
-0.009675
-0.009675
-0.009675
-0.009675
-0.009675
-0.009675
-0.009675
-0.009675
-0.009675
-0.009675
-0.009675
-0.009675
0.423408
1.202754
-0.009675
-0.009675
-0.009675
-0.009675
-0.009675
0.153729
0.410098
-0.009675
-0.009675
-0.006119
-0.006119
-0.006119
-0.006119
-0.006119
-0.006119
-0.006119
-0.006119
-0.006119
-0.006119
-0.006119
-0.006119
-0.006119
-0.006119
-0.006119
-0.006119
-0.006119
-0.006119
-0.006119
-0.006119
-0.006119
-0.006119
-0.006119
-0.006119
-0.006119
-0.006119
-0.006119
-0.006119
-0.006119
-0.006119
-0.006119
-0.006119
-0.006119
-0.006119
-0.006119
-0.006119
-0.006119
-0.006119
-0.006119
-0.006119
-0.006119
-0.006119
0.050310
-0.006119
-0.006119
-0.006119
-0.006119
-0.006119
-0.006119
0.087674
0.087674
0.087674
0.087674
0.087674
0.087674
0.087674
0.087674
0.087674
0.087674
0.087674
0.087674
0.087674
0.087674
0.087674
0.087674
0.087674
0.087674
0.087674
0.087674
0.087674
0.087674
0.087674
0.087674
0.087674
0.087674
0.087674
0.087674
0.087674
0.087674
0.087674
0.087674
0.087674
0.087674
0.087674
0.087674
0.087674
0.087674
0.087674
0.087674
0.087674
0.087674
0.087674
0.087674
0.087674
0.087674
0.087674
0.087674
0.087674
-0.289992
-0.576760
-0.876314
-0.811671
-0.669708
-0.849156
-0.578344
-0.871123
-0.828447
-0.778776
-0.876314
-0.876314
-0.876314
-0.672222
-0.876314
-0.876314
-0.876314
-0.876314
-0.876314
-0.876314
-0.482773
-0.876314
-0.876314
-0.876314
-0.876314
-0.876314
-0.876314
-0.848555
-0.876314
-0.876314
-0.876314
-0.876314
-0.876314
-0.876314
-0.788502
-0.876314
-0.876314
-0.763694
-0.790032
-0.876314
-0.674790
-0.742711
-0.528564
-0.568126
-0.712712
-0.813310
-0.876314
-0.599000
-0.394688
-0.012479
-0.012479
-0.012479
-0.012479
-0.012479
-0.012479
-0.012479
-0.012479
-0.012479
-0.012479
-0.012479
-0.012479
-0.012479
-0.012479
-0.012479
-0.012479
-0.012479
-0.012479
-0.012479
-0.012479
-0.012479
-0.012479
-0.012479
-0.012479
-0.012479
-0.012479
-0.012479
-0.012479
-0.012479
-0.012479
-0.012479
-0.012479
-0.012479
-0.012479
-0.012479
-0.012479
-0.012479
-0.012479
-0.012479
-0.012479
-0.012479
-0.012479
-0.012479
-0.012479
-0.012479
-0.012479
-0.012479
-0.012479
-0.012479
0.635165
0.067928
-0.151613
-0.180102
-0.180102
-0.180102
0.191453
0.088983
-0.180102
-0.180102
0.390295
1.311771
0.056443
-0.180102
-0.180102
-0.180102
-0.180102
0.121567
0.305853
0.079457
-0.180102
-0.180102
-0.180102
-0.180102
-0.180102
-0.180102
-0.180102
-0.180102
-0.180102
-0.180102
-0.180102
-0.180102
-0.180102
-0.180102
-0.180102
-0.180102
-0.180102
-0.180102
-0.173158
-0.174226
-0.180102
-0.180102
-0.180102
-0.180102
-0.180102
-0.168885
-0.169508
-0.180102
-0.180102
-0.010510
-0.010510
-0.010510
-0.010510
-0.010510
-0.010510
-0.010510
-0.010510
-0.010510
-0.010510
-0.010510
-0.010510
-0.010510
-0.010510
-0.010510
-0.010510
-0.010510
-0.010510
-0.010510
-0.010510
-0.010510
-0.010510
0.055362
0.054961
-0.010510
-0.010510
-0.010510
0.399185
-0.010510
-0.010510
-0.010510
-0.010510
-0.010510
-0.010510
-0.010510
-0.010510
-0.010510
-0.010510
-0.010510
-0.010510
-0.010510
-0.010510
-0.010510
-0.010510
-0.010510
-0.010510
-0.010510
-0.010510
-0.010510
-0.018812
-0.018812
-0.018812
-0.018812
-0.018812
-0.018812
-0.018812
-0.018812
-0.018812
-0.018812
-0.018812
-0.018812
-0.018812
-0.018812
-0.018812
-0.018812
-0.018812
-0.018812
-0.018812
0.284741
0.236791
-0.018812
-0.018812
0.001601
-0.018812
-0.018812
0.139689
0.141290
-0.018812
-0.018812
-0.018812
-0.018812
-0.018812
-0.018812
-0.018812
-0.018812
-0.018812
-0.018812
-0.018812
-0.018812
-0.018812
-0.018812
-0.018812
-0.018812
-0.018812
-0.018812
-0.018812
-0.018812
-0.018812
2.575705
2.575705
2.575705
2.575705
2.575705
2.575705
2.575705
2.575705
2.575705
2.575705
2.514629
2.516654
2.575705
2.575705
2.575705
2.575705
2.575705
2.575705
2.575705
2.433195
2.437919
2.575705
2.501057
2.503531
2.575705
2.575705
2.575705
2.575705
2.575705
2.575705
2.575705
2.575705
2.575705
2.575705
2.575705
2.575705
2.575705
2.575705
2.447105
2.140153
2.575705
2.575705
2.575705
2.575705
2.575705
2.524865
2.531164
2.575705
2.423860
-0.008153
-0.008153
-0.008153
-0.008153
-0.008153
-0.008153
-0.008153
-0.008153
-0.008153
-0.008153
-0.008153
-0.008153
-0.008153
-0.008153
-0.008153
-0.008153
0.072662
0.241234
-0.008153
-0.008153
-0.008153
-0.008153
-0.008153
-0.008153
-0.008153
-0.008153
-0.008153
-0.008153
-0.008153
-0.008153
0.045724
0.045724
-0.008153
-0.008153
-0.008153
-0.008153
-0.008153
-0.008153
-0.008153
-0.008153
-0.008153
-0.008153
-0.008153
-0.008153
-0.008153
-0.008153
-0.008153
-0.008153
-0.008153
-0.053794
-0.053794
-0.053794
-0.053794
-0.053794
-0.053794
-0.053794
-0.053794
-0.053794
-0.053794
-0.053794
-0.053794
-0.053794
-0.053794
-0.053794
-0.053794
-0.053794
-0.053794
-0.053794
-0.053794
-0.053794
-0.053794
-0.053794
-0.053794
-0.053794
-0.053794
-0.053794
-0.053794
-0.053794
-0.053794
-0.053794
-0.053794
-0.053794
-0.053794
-0.053794
-0.053794
-0.053794
-0.053794
-0.053794
-0.053794
-0.053794
-0.053794
-0.053794
-0.053794
-0.053794
-0.053794
-0.053794
-0.053794
-0.053794
-0.010469
-0.010469
-0.010469
-0.010469
-0.010469
-0.010469
-0.010469
-0.010469
-0.010469
-0.010469
-0.010469
-0.010469
-0.010469
-0.010469
-0.010469
-0.010469
-0.010469
-0.010469
-0.010469
-0.010469
-0.010469
-0.010469
0.191088
0.454226
-0.010469
-0.010469
-0.010469
0.346894
-0.010469
-0.010469
0.114917
-0.010469
-0.010469
-0.010469
-0.010469
-0.010469
-0.010469
-0.010469
-0.010469
-0.010469
-0.010469
-0.010469
-0.010469
-0.010469
-0.010469
-0.010469
-0.010469
-0.010469
-0.010469
2.373970
2.373970
2.373970
2.373970
2.373970
2.373970
2.373970
2.373970
2.373970
2.373970
2.180107
2.129510
2.153393
2.373970
2.373970
2.373970
2.373970
2.196457
2.338672
2.244777
2.286381
2.373970
2.224193
1.619599
2.373970
2.271141
2.285213
1.588096
2.373970
2.227347
1.158796
2.294556
2.320716
2.237157
1.841607
2.373970
2.373970
2.287082
2.294556
2.373970
2.325095
2.329300
2.373970
2.373970
2.373970
2.373970
2.373970
2.373970
2.373970
-0.004535
-0.004535
-0.004535
-0.004535
-0.004535
-0.004535
-0.004535
-0.004535
-0.004535
-0.004535
-0.004535
-0.004535
-0.004535
-0.004535
-0.004535
-0.004535
-0.004535
-0.004535
-0.004535
-0.004535
-0.004535
-0.004535
-0.004535
-0.004535
-0.004535
-0.004535
-0.004535
-0.004535
-0.004535
-0.004535
-0.004535
-0.004535
-0.004535
-0.004535
-0.004535
-0.004535
-0.004535
-0.004535
-0.004535
-0.004535
-0.004535
-0.004535
-0.004535
-0.004535
-0.004535
0.056131
0.083094
-0.004535
-0.004535
3.721448
3.777386
3.777386
3.589821
3.658885
3.777386
3.777386
3.554533
3.639585
3.773502
3.375718
3.714824
3.777386
3.751543
3.686159
3.660562
3.732488
3.500026
3.651402
3.550280
3.665919
3.755142
3.738458
3.707259
3.611371
3.629485
3.374205
3.777386
3.777386
3.777386
3.652384
3.382220
3.428999
3.300030
3.768963
3.594565
3.636805
3.737273
2.456172
0.222690
3.258158
3.759272
3.655246
3.370648
3.596077
3.239389
2.681397
3.544842
3.417181
-0.060641
-0.060641
-0.060641
-0.060641
-0.060641
-0.060641
-0.060641
-0.060641
-0.060641
-0.060641
-0.060641
-0.060641
-0.060641
-0.060641
-0.060641
-0.060641
-0.060641
-0.060641
-0.060641
-0.060641
-0.060641
-0.060641
-0.060641
-0.060641
-0.060641
-0.060641
-0.060641
-0.060641
-0.060641
-0.060641
1.208685
1.017506
-0.060641
1.076849
0.501772
-0.060641
-0.060641
0.679718
1.741142
-0.060641
0.629792
0.106914
-0.060641
-0.060641
-0.060641
-0.060641
-0.060641
-0.060641
-0.060641
0.603524
-0.069909
-0.149006
-0.149006
-0.149006
-0.149006
-0.149006
0.742762
-0.019748
0.183011
-0.004541
-0.149006
0.196475
-0.004541
-0.044195
-0.149006
0.144518
0.078727
-0.149006
0.075718
0.292838
-0.108613
-0.005491
2.490393
0.894883
-0.132215
2.258171
3.211770
-0.074873
-0.149006
2.796854
2.529677
0.256616
2.579786
0.760450
0.067111
-0.149006
0.059877
2.123526
1.125257
0.333179
-0.149006
0.290304
-0.132955
-0.149006
0.123028
0.421780
-0.149006
-0.149006
4.268202
4.222395
4.300985
4.300985
4.300985
4.300985
4.300985
4.264052
4.224942
4.300985
4.300985
4.300985
4.300985
4.300985
4.300985
4.300985
4.300985
4.300985
4.300985
4.300985
4.300985
4.300985
4.300985
4.147707
4.161429
4.300985
3.886753
4.269763
4.300985
4.300985
3.703690
3.061040
3.255770
3.032118
4.239773
4.240841
4.264751
4.214055
3.172989
3.308479
3.869663
4.256452
3.827142
3.626743
4.069651
4.250783
4.273049
4.009917
3.785731
3.178226
3.224632
3.304908
3.339874
3.339874
3.336142
3.336466
2.942388
2.989482
2.987657
3.172832
3.339874
3.243778
3.172345
3.171168
3.042662
3.228931
3.295578
3.339874
3.300973
3.339874
3.096287
3.239803
3.142855
3.191126
3.339874
3.298701
3.339874
3.051586
3.256312
3.171858
3.175143
3.339874
3.339874
3.339874
2.953908
3.011427
3.316022
3.339874
3.339874
3.280164
3.285356
2.785892
2.470669
2.979707
3.305151
3.133444
2.875376
2.722247
-0.003642
-0.003642
-0.003642
-0.003642
-0.003642
-0.003642
-0.003642
-0.003642
-0.003642
-0.003642
-0.003642
-0.003642
-0.003642
-0.003642
-0.003642
-0.003642
-0.003642
-0.003642
-0.003642
-0.003642
-0.003642
-0.003642
-0.003642
-0.003642
-0.003642
-0.003642
-0.003642
-0.003642
-0.003642
-0.003642
0.076849
-0.003642
-0.003642
-0.003642
-0.003642
-0.003642
-0.003642
0.069619
0.112997
0.094682
0.078295
-0.003642
-0.003642
-0.003642
-0.003642
0.096610
0.101430
-0.003642
-0.003642
0.912098
0.484891
0.689983
1.022190
1.021669
1.080989
0.099089
0.477681
0.843487
1.763539
1.284520
0.874708
1.480172
0.419178
0.693775
1.471772
0.890839
-0.307155
-0.902510
-1.080692
0.354284
1.057722
1.675303
-0.501840
-1.381008
-1.901730
-1.435200
-0.040439
0.692436
1.389334
0.321948
-0.888683
-1.061513
-0.667535
0.544880
0.341870
0.937224
1.901432
1.774615
2.369003
1.642372
0.898941
0.430626
0.367664
0.730794
1.528044
1.897195
1.409701
-0.063483
2.430758
1.731340
1.586174
0.892948
0.828046
1.640807
3.175404
-0.048441
-0.189532
-0.189532
0.100096
0.127217
-0.189532
0.935745
-0.189532
-0.189532
-0.189532
0.058239
0.101585
-0.189532
0.024064
-0.189532
-0.189532
-0.189532
-0.189532
-0.189532
-0.189532
-0.189532
-0.189532
-0.189532
-0.189532
-0.189532
-0.189532
-0.189532
-0.189532
-0.189532
-0.189532
-0.189532
-0.189532
-0.189532
-0.189532
0.576356
1.393114
0.752249
0.369109
-0.025083
-0.132390
0.210225
1.634693
0.000181
0.000181
0.000181
0.000181
0.000181
0.000181
0.000181
0.000181
0.000181
0.000181
0.000181
0.000181
0.000181
0.000181
0.000181
0.000181
0.000181
0.000181
0.000181
0.000181
0.000181
0.000181
0.000181
0.000181
0.000181
0.000181
0.000181
0.000181
0.000181
0.000181
0.000181
0.000181
0.000181
0.000181
0.000181
0.000181
0.000181
0.000181
0.000181
0.000181
0.000181
0.000181
0.000181
0.000181
0.000181
0.000181
0.000181
0.000181
0.000181
-0.009675
-0.009675
-0.009675
-0.009675
-0.009675
-0.009675
-0.009675
-0.009675
-0.009675
-0.009675
-0.009675
0.115859
-0.009675
-0.009675
-0.009675
-0.009675
-0.009675
-0.009675
0.144057
0.017225
-0.009675
-0.009675
-0.009675
-0.009675
-0.009675
-0.009675
-0.009675
-0.009675
-0.009675
-0.009675
-0.009675
-0.009675
-0.009675
-0.009675
-0.009675
-0.009675
-0.009675
-0.009675
-0.009675
-0.009675
-0.009675
-0.009675
-0.009675
-0.009675
-0.009675
-0.009675
-0.009675
-0.009675
-0.009675
0.354731
-0.077332
-0.077332
-0.077332
-0.077332
-0.067962
0.052808
-0.020764
-0.077332
-0.077332
-0.077332
-0.077332
-0.077332
-0.077332
-0.077332
-0.077332
-0.077332
-0.077332
-0.077332
-0.077332
-0.077332
-0.077332
-0.077332
-0.077332
-0.077332
-0.077332
-0.077332
-0.077332
-0.077332
-0.077332
-0.077332
-0.077332
-0.077332
-0.077332
-0.077332
-0.077332
-0.077332
-0.077332
-0.077332
-0.077332
-0.077332
-0.077332
0.019839
-0.077332
-0.077332
-0.077332
-0.077332
-0.077332
-0.037075
3.756808
3.756808
3.756808
3.756808
3.756808
3.756808
3.756808
3.756808
3.756808
3.756808
3.756808
3.756808
3.756808
3.756808
3.756808
3.756808
3.756808
3.756808
3.756808
3.756808
3.756808
3.756808
3.756808
3.756808
3.756808
3.756808
3.756808
3.756808
3.756808
3.756808
3.756808
3.756808
3.756808
3.756808
3.756808
3.756808
3.756808
3.756808
3.756808
3.756808
3.756808
3.756808
3.756808
3.756808
3.756808
3.756808
3.756808
3.756808
3.756808
-0.006106
-0.006106
-0.006106
-0.006106
-0.006106
-0.006106
-0.006106
-0.006106
-0.006106
-0.006106
-0.006106
-0.006106
-0.006106
-0.006106
-0.006106
-0.006106
-0.006106
-0.006106
-0.006106
-0.006106
-0.006106
-0.006106
-0.006106
-0.006106
-0.006106
-0.006106
-0.006106
-0.006106
-0.006106
-0.006106
-0.006106
-0.006106
-0.006106
-0.006106
-0.006106
-0.006106
-0.006106
-0.006106
0.231824
0.179706
-0.006106
-0.006106
-0.006106
-0.006106
-0.006106
0.206898
0.200100
-0.006106
-0.006106
-0.005126
-0.005126
-0.005126
-0.005126
-0.005126
-0.005126
-0.005126
-0.005126
-0.005126
-0.005126
-0.005126
-0.005126
-0.005126
-0.005126
-0.005126
-0.005126
-0.005126
-0.005126
-0.005126
0.460662
0.376044
-0.005126
-0.005126
-0.005126
-0.005126
-0.005126
0.275274
0.174083
-0.005126
-0.005126
-0.005126
-0.005126
-0.005126
-0.005126
-0.005126
-0.005126
-0.005126
-0.005126
-0.005126
-0.005126
-0.005126
-0.005126
-0.005126
-0.005126
-0.005126
-0.005126
-0.005126
-0.005126
-0.005126
3.031538
4.031093
4.147631
4.147631
4.147631
4.147631
3.698183
3.587812
4.147631
4.147631
4.147631
4.147631
4.147631
4.083243
4.131315
4.147631
4.058479
4.147631
4.147631
4.147631
4.147631
4.147631
4.147631
4.049739
4.147631
4.147631
4.147631
4.147631
4.117914
4.147631
4.147631
4.147631
4.147631
4.127236
4.125294
3.958985
4.147631
4.147631
4.078290
4.064258
3.814041
4.015554
3.408198
4.059207
4.116748
4.043378
4.025849
4.109756
3.805543
-0.011750
-0.011750
-0.011750
-0.011750
-0.011750
-0.011750
-0.011750
-0.011750
-0.011750
0.068764
1.027594
2.873551
0.806346
-0.011750
-0.011750
-0.011750
0.350565
1.792481
3.087789
1.177207
-0.011750
-0.011750
-0.011750
0.192540
-0.011750
-0.011750
-0.011750
-0.011750
-0.011750
-0.011750
-0.011750
-0.011750
-0.011750
-0.011750
-0.011750
-0.011750
-0.011750
-0.011750
-0.007277
0.061487
-0.011750
-0.011750
-0.011750
-0.011750
-0.011750
-0.004006
-0.004540
-0.011750
-0.011750
3.661155
3.661155
3.661155
3.661155
3.661155
3.661155
3.661155
3.661155
3.661155
3.661155
3.661155
3.661155
3.661155
3.661155
3.661155
3.661155
3.661155
3.661155
3.661155
3.616117
3.624305
3.661155
3.661155
3.304125
3.547741
3.661155
3.336225
3.308752
3.661155
3.661155
3.219658
3.306459
3.616936
3.456518
3.579677
3.661155
3.661155
3.661155
3.083274
2.718014
3.627090
3.661155
3.661155
3.661155
3.661155
3.645392
3.645392
3.661155
3.661155
4.561810
4.561810
4.561810
4.561810
4.561810
4.561810
4.561810
4.561810
4.561810
4.138838
4.142619
4.217009
4.555930
4.555777
4.561810
4.233850
3.833370
4.435484
4.479362
4.430290
3.325620
4.561810
3.816147
3.452940
4.561810
4.561810
4.469242
3.365908
4.561810
4.561810
4.561810
4.561810
4.561810
4.561810
4.561810
4.561810
4.561810
4.561810
4.561810
4.561810
4.561810
4.561810
4.561810
4.561810
4.561810
4.561810
4.561810
4.561810
4.561810
0.967343
0.261509
0.353505
0.331171
0.160296
0.343668
0.588411
0.431704
-0.001361
-0.001361
-0.001361
-0.001361
-0.001361
-0.001361
0.007795
-0.001361
-0.001361
-0.001361
-0.001361
-0.001361
-0.001361
0.008228
-0.001361
-0.001361
-0.001361
-0.001361
-0.001361
-0.001361
0.110060
-0.001361
-0.001361
-0.001361
-0.001361
-0.001361
-0.001361
0.356784
-0.001361
-0.001361
-0.001361
-0.001361
-0.001361
-0.001361
0.814842
-0.001361
-0.001361
-0.001361
-0.001361
-0.001361
0.191662
-0.012417
-0.012417
-0.012417
-0.012417
-0.012417
-0.012417
-0.012417
-0.012417
-0.012417
-0.012417
-0.012417
-0.012417
-0.012417
-0.012417
-0.012417
-0.012417
-0.012417
-0.012417
-0.012417
-0.012417
-0.012417
-0.012417
-0.012417
-0.012417
-0.012417
-0.012417
-0.012417
-0.012417
-0.012417
-0.012417
-0.012417
-0.012417
-0.012417
-0.012417
-0.012417
-0.012417
-0.012417
-0.012417
-0.012417
-0.012417
-0.012417
-0.012417
-0.012417
-0.012417
-0.012417
-0.012417
-0.012417
-0.012417
-0.012417
1.642000
1.393110
1.393110
1.393110
1.393110
1.393110
1.513248
1.393110
1.393110
1.393110
1.393110
1.393110
1.393110
1.393110
1.393110
1.393110
1.393110
1.393110
1.393110
1.393110
1.393110
1.393110
1.393110
1.393110
1.393110
1.393110
1.393110
1.393110
1.393110
1.393110
1.393110
1.393110
1.393110
1.393110
1.393110
1.393110
1.393110
1.393110
1.393110
1.393110
1.438856
1.437541
1.601686
1.405077
1.393110
1.393110
1.393110
1.405331
1.734809
1.086689
1.086689
1.086689
1.086689
1.086689
1.086689
1.086689
1.086689
1.086689
1.086689
0.554278
0.031589
1.086689
1.086689
1.086689
1.086689
0.993647
0.939541
0.737163
0.958085
0.842426
1.086689
0.735764
-0.000575
1.086689
1.086689
0.905603
0.468608
1.086689
1.032308
0.297969
1.086689
1.086689
0.820883
0.462910
1.086689
1.086689
1.086689
0.706699
0.509094
1.086689
1.086689
1.086689
1.086689
1.086689
0.789669
0.602661
1.086689
1.086689
3.987688
3.987688
3.987688
3.987688
3.987688
3.987688
3.987688
3.987688
3.987688
3.987688
3.987688
3.987688
3.987688
3.987688
3.987688
3.987688
3.987688
3.987688
3.987688
3.987688
3.987688
3.987688
3.987688
3.987688
3.987688
3.987688
3.987688
3.987688
3.987688
3.987688
3.987688
3.987688
3.987688
3.987688
3.987688
3.987688
3.987688
3.987688
3.987688
3.987688
3.987688
3.987688
3.987688
3.987688
3.987688
3.987688
3.987688
3.987688
3.987688
-0.008634
-0.008634
-0.008634
-0.008634
-0.008634
-0.008634
-0.008634
-0.008634
-0.008634
-0.008634
-0.008634
-0.008634
-0.008634
-0.008634
-0.008634
-0.008634
-0.008634
-0.008634
-0.008634
0.098701
0.091406
-0.008634
-0.008634
-0.008634
-0.008634
-0.008634
0.092448
0.079943
-0.008634
-0.008634
-0.008634
-0.008634
-0.008634
-0.008634
-0.008634
-0.008634
-0.008634
-0.008634
0.134479
0.124753
-0.008634
-0.008634
-0.008634
-0.008634
-0.008634
0.126143
0.109469
-0.008634
-0.008634
-0.092440
-0.092440
-0.092440
-0.092440
-0.092440
-0.092440
-0.092440
-0.092440
-0.092440
-0.092440
-0.092440
-0.092440
-0.092440
-0.092440
-0.092440
-0.092440
0.094260
-0.092440
-0.092440
0.034089
0.158495
-0.092440
0.302979
1.753458
-0.092440
-0.092440
0.118038
0.561618
-0.092440
-0.092440
1.001257
-0.092440
-0.092440
0.588853
0.652543
-0.092440
-0.092440
-0.092440
-0.092440
-0.092440
-0.092440
-0.092440
-0.092440
-0.092440
-0.092440
-0.092440
-0.092440
-0.092440
-0.092440
-0.000845
-0.000845
-0.000845
-0.000845
-0.000845
-0.000845
-0.000845
-0.000845
-0.000845
-0.000845
0.030576
0.024748
-0.000845
-0.000845
-0.000845
-0.000845
0.311164
0.670641
0.027535
0.589387
0.383042
-0.000845
-0.000845
0.538793
0.448586
-0.000845
0.880279
0.682719
-0.000845
-0.000845
0.266398
0.277547
0.030576
1.214671
0.354916
-0.000845
-0.000845
-0.000845
-0.000845
0.023988
0.027535
-0.000845
-0.000845
-0.000845
-0.000845
-0.000845
-0.000845
-0.000845
-0.000845
-0.441605
-0.441605
-0.441605
-0.441605
-0.441605
-0.441605
-0.441605
-0.427142
-0.441605
-0.441605
-0.441605
-0.441605
-0.441605
-0.278655
-0.441605
0.121546
-0.061085
-0.441605
-0.441605
-0.412963
0.558557
-0.441605
-0.197832
-0.208722
-0.345185
-0.441605
-0.387553
-0.234812
-0.441605
-0.441605
-0.059667
-0.026827
-0.316996
0.617090
-0.109806
-0.011967
-0.441605
-0.297655
-0.158073
-0.237307
-0.036583
-0.178491
2.138603
1.251366
0.493502
-0.131529
-0.221483
0.415855
1.839983
-0.011299
-0.011299
-0.011299
-0.011299
-0.011299
-0.011299
-0.011299
-0.011299
-0.011299
-0.011299
1.009374
0.925061
-0.011299
-0.011299
-0.011299
-0.011299
0.171863
0.320666
-0.011299
0.362492
0.362228
-0.011299
0.307054
0.707143
-0.011299
-0.011299
0.118936
0.673114
-0.011299
0.156732
0.675031
0.149662
-0.011299
0.697893
0.658974
-0.011299
-0.011299
0.198161
0.188911
-0.011299
0.383306
0.228292
-0.011299
-0.011299
-0.011299
-0.011299
-0.011299
-0.011299
0.158912
1.186688
1.002248
1.052089
1.115700
1.129660
1.247235
1.211656
1.309182
1.559408
1.628164
0.626332
0.185670
1.391121
1.399104
1.521332
1.628164
1.429897
-0.419629
-1.238572
0.481405
1.525285
1.484372
1.328607
1.240464
0.637662
-0.467295
0.237005
1.449474
1.448680
1.598657
1.404665
0.387795
-0.638532
0.479192
1.559900
1.239953
1.275456
1.433018
-0.444427
-1.189620
0.601648
1.136242
1.006882
0.978983
1.191795
0.844346
0.726449
1.113185
0.798288
4.959666
4.959666
4.959666
4.795726
4.703248
4.959666
4.959666
4.959666
4.959666
4.727381
4.757631
4.732410
4.541635
4.699494
4.959666
4.902242
4.868389
4.959666
4.959666
4.924987
4.170068
4.959666
4.959666
4.959666
4.959666
4.959666
4.959666
4.913427
4.959666
4.913427
4.916317
4.959666
4.959666
4.959666
4.916354
4.959666
4.927876
4.922923
4.959666
4.959666
4.959666
4.936847
4.959666
4.959666
4.922059
4.713531
4.758682
4.959666
4.959666
0.201660
-0.005622
-0.005622
-0.005622
-0.005622
-0.005622
-0.005622
-0.005622
-0.005622
-0.005622
-0.005622
-0.005622
-0.005622
-0.005622
-0.005622
-0.005622
-0.005622
-0.005622
-0.005622
-0.005622
-0.005622
-0.005622
-0.005622
-0.005622
-0.005622
-0.005622
-0.005622
-0.005622
-0.005622
-0.005622
-0.005622
-0.005622
-0.005622
-0.005622
-0.005622
-0.005622
-0.005622
-0.005622
-0.005622
-0.005622
-0.005622
-0.005622
0.004945
-0.005622
-0.005622
-0.005622
-0.005622
-0.005622
-0.005622
-0.161950
-0.161950
-0.161950
-0.161950
-0.161950
-0.161950
-0.087995
-0.161950
-0.161950
-0.161950
-0.161950
0.132714
-0.161950
-0.161950
-0.161950
-0.161950
-0.161950
-0.161950
-0.161950
-0.161950
-0.161950
-0.161950
-0.161950
-0.058817
-0.161950
-0.161950
-0.161950
-0.161950
-0.161950
-0.161950
-0.161950
-0.161950
-0.161950
-0.161950
-0.161950
-0.161950
-0.161950
-0.161950
-0.161950
-0.161950
-0.161950
-0.161950
-0.161950
-0.161950
-0.161950
-0.161950
-0.161950
-0.161950
-0.068928
3.649800
3.649800
3.649800
3.649800
3.649800
3.649800
3.649800
3.649800
3.649800
3.649800
3.649800
3.649800
3.649800
3.649800
3.649800
3.649800
3.649800
3.649800
3.649800
3.649800
3.649800
3.649800
3.649800
3.649800
3.649800
3.649800
3.649800
3.649800
3.649800
3.649800
3.649800
3.649800
3.649800
3.649800
3.649800
3.649800
3.649800
3.649800
3.625555
2.734578
3.649800
3.649800
3.649800
3.649800
3.649800
3.624278
3.182120
3.649800
3.649800
3.951567
3.951567
3.951567
3.951567
3.951567
3.951567
3.951567
3.951567
3.951567
3.951567
3.907378
3.911422
3.951567
3.951567
3.951567
3.934779
3.937307
3.951567
3.951567
3.884418
3.526868
3.951567
3.869039
3.875284
3.951567
3.951567
3.886584
3.522067
3.951567
3.951567
3.951567
3.951567
3.951567
3.951567
3.951567
3.951567
3.951567
3.951567
3.707268
3.874562
3.951567
3.951567
3.951567
3.951567
3.951567
3.711203
3.864815
3.951567
3.951567
4.674629
4.674629
4.674629
4.674629
4.674629
4.674629
4.674629
4.674629
4.674629
4.674629
4.674629
4.674629
4.674629
4.674629
4.674629
4.674629
4.674629
4.674629
4.674629
4.674629
4.674629
4.674629
4.674629
4.674629
4.674629
4.674629
4.674629
4.674629
4.674629
4.674629
4.674629
4.674629
4.674629
4.674629
4.674629
4.674629
4.674629
4.674629
4.674629
4.674629
4.674629
4.674629
4.674629
4.674629
4.674629
4.674629
4.674629
4.674629
4.674629
0.890385
0.430951
0.458694
0.168003
-0.227251
0.339027
0.553886
0.544330
-0.204008
-0.409003
-0.456290
-0.517018
-0.352714
0.044451
0.310359
-0.415168
-0.334218
-0.115413
-0.321641
-0.275093
-0.353947
0.304378
-0.517018
-0.421765
0.162208
0.278607
0.136437
-0.517018
0.181135
-0.517018
-0.356721
0.155549
0.320408
0.362085
-0.407523
0.124415
-0.450063
-0.387547
-0.348706
-0.314489
-0.142541
-0.324045
0.275402
0.293034
0.237670
0.102158
0.056905
0.185697
0.181443
4.549817
4.549817
4.549817
4.549817
4.549817
4.549817
4.549817
4.549817
4.549817
4.549817
4.549817
4.549817
4.549817
4.549817
4.549817
4.549817
4.549817
4.549817
4.549817
4.549817
4.549817
4.549817
4.549817
4.549817
4.549817
4.549817
4.549817
4.549817
4.549817
4.549817
4.549817
4.549817
4.549817
4.542293
4.542345
4.549817
4.549817
4.549817
4.456937
4.549817
4.549817
4.549817
4.549817
4.549817
4.549817
4.493258
4.549817
4.549817
4.549817
-0.010713
-0.010713
-0.010713
-0.010713
-0.010713
-0.010713
-0.010713
-0.010713
-0.010713
-0.010713
-0.010713
-0.010713
-0.010713
-0.010713
-0.010713
-0.010713
-0.010713
-0.010713
-0.010713
-0.010713
-0.010713
-0.010713
-0.010713
-0.010713
-0.010713
-0.010713
-0.010713
-0.010713
-0.010713
-0.010713
-0.010713
-0.010713
-0.010713
-0.010713
-0.010713
-0.010713
-0.010713
-0.010713
-0.010713
-0.010713
-0.010713
-0.010713
-0.010713
-0.010713
-0.010713
-0.010713
-0.010713
-0.010713
-0.010713
0.463863
-0.087895
-0.087895
-0.087895
-0.087895
-0.087895
0.395149
-0.087895
-0.087895
-0.087895
-0.087895
-0.087895
-0.087895
-0.046550
-0.087895
-0.087895
-0.087895
-0.087895
-0.087895
-0.087895
-0.087895
-0.087895
-0.087895
-0.087895
-0.087895
-0.087895
-0.087895
-0.087895
-0.087895
-0.087895
-0.087895
-0.087895
-0.087895
-0.087895
-0.087895
-0.087895
-0.087895
-0.087895
-0.087895
-0.087895
-0.087895
-0.087895
0.147486
-0.087895
-0.087895
-0.087895
-0.087895
-0.087895
0.319652
0.002817
0.002817
0.002817
0.002817
0.002817
0.002817
0.002817
0.002817
0.002817
0.021932
0.496189
0.538746
0.002817
0.002817
0.002817
0.002817
0.185719
0.019920
0.002817
0.263387
0.768128
0.002817
0.316708
0.726728
0.002817
0.002817
0.165799
0.644785
0.002817
0.002817
0.727684
0.220327
0.002817
0.187932
0.171735
0.002817
0.002817
0.215599
0.409014
0.035011
0.032194
0.002817
0.002817
0.002817
0.002817
0.002817
0.002817
0.002817
0.002817
-0.005586
-0.005586
-0.005586
-0.005586
-0.005586
-0.005586
-0.005586
-0.005586
-0.005586
-0.005586
-0.005586
-0.005586
-0.005586
-0.005586
-0.005586
-0.005586
-0.005586
-0.005586
-0.005586
-0.005586
-0.005586
-0.005586
-0.005586
-0.005586
-0.005586
-0.005586
-0.005586
-0.005586
-0.005586
-0.005586
-0.005586
-0.005586
-0.005586
-0.005586
-0.005586
-0.005586
-0.005586
-0.005586
0.037473
0.887552
-0.005586
-0.005586
-0.005586
-0.005586
-0.005586
0.040109
0.194270
-0.005586
-0.005586
0.515815
-0.009353
-0.009353
-0.009353
-0.009353
-0.009353
0.133094
-0.009353
-0.009353
-0.009353
-0.009353
-0.009353
-0.009353
-0.009353
-0.009353
-0.009353
-0.009353
-0.009353
-0.009353
-0.009353
-0.009353
-0.009353
-0.009353
-0.009353
-0.009353
-0.009353
-0.009353
-0.009353
-0.009353
-0.009353
-0.009353
-0.009353
-0.009353
-0.009353
-0.009353
-0.009353
-0.009353
-0.009353
-0.009353
-0.009353
-0.009353
-0.009353
0.031836
-0.009353
-0.009353
-0.009353
-0.009353
-0.009353
-0.009353
4.824668
4.824668
4.824668
4.824668
4.824668
4.824668
4.824668
4.824668
4.824668
4.824668
4.824668
4.824668
4.824668
4.824668
4.824668
4.824668
4.824668
4.824668
4.824668
4.824668
4.824668
4.824668
4.824668
4.824668
4.824668
4.824668
4.824668
4.824668
4.824668
4.824668
4.824668
4.824668
4.824668
4.824668
4.824668
4.824668
4.824668
4.824668
4.824668
4.757777
4.824668
4.824668
4.824668
4.824668
4.824668
4.824668
4.824668
4.824668
4.824668
-0.011991
-0.011991
-0.011991
-0.011991
-0.011991
-0.011991
-0.011991
-0.011991
-0.011991
-0.011991
-0.011991
-0.011991
-0.011991
-0.011991
-0.011991
-0.011991
-0.011991
-0.011991
-0.011991
-0.011991
-0.011991
-0.011991
-0.011991
-0.011991
-0.011991
-0.011991
-0.011991
-0.011991
-0.011991
-0.011991
-0.011991
-0.011991
-0.011991
-0.011991
-0.011991
-0.011991
-0.011991
-0.011991
-0.011991
-0.011991
-0.011991
-0.011991
-0.011991
-0.011991
-0.011991
-0.011991
-0.011991
-0.011991
-0.011991
-0.006571
-0.006571
-0.006571
-0.006571
-0.006571
-0.006571
-0.006571
-0.006571
-0.006571
-0.006571
-0.006571
-0.006571
-0.006571
-0.006571
-0.006571
-0.006571
-0.006571
-0.006571
-0.006571
-0.006571
-0.006571
-0.006571
0.021477
0.142165
-0.006571
-0.006571
-0.006571
-0.006571
-0.006571
-0.006571
0.156911
-0.006571
-0.006571
-0.006571
-0.006571
-0.006571
-0.006571
-0.006571
-0.006571
-0.006571
-0.006571
-0.006571
-0.006571
-0.006571
-0.006571
-0.006571
-0.006571
-0.006571
-0.006571
0.718652
1.298139
0.484537
0.606112
0.468177
0.405732
0.646209
0.934589
1.698043
1.592186
0.958862
0.485071
0.932397
1.347325
0.509504
1.137749
0.936354
0.121522
-0.000535
0.198509
0.476196
0.733354
1.300705
0.011976
-0.000535
-0.000535
-0.000535
0.158786
0.781097
2.233156
0.756664
-0.000535
-0.000535
0.150018
1.821490
0.853111
2.187872
2.034594
0.524527
0.355797
1.381862
2.087950
0.741106
2.102278
1.391058
1.225696
1.348020
1.018901
1.428482
0.423465
0.145260
0.052917
0.005148
-0.004301
0.005670
0.025090
0.045488
-0.004301
-0.004301
-0.004301
-0.004301
-0.004301
-0.004301
-0.004301
-0.004301
-0.004301
-0.004301
-0.004301
-0.004301
-0.004301
-0.004301
-0.004301
-0.004301
-0.004301
-0.004301
-0.004301
-0.004301
-0.004301
-0.004301
-0.004301
-0.004301
-0.004301
-0.004301
-0.004301
-0.004301
-0.004301
-0.004301
-0.004301
-0.004301
-0.004301
-0.004301
-0.004301
-0.004301
-0.004301
-0.004301
-0.004301
-0.004301
-0.004301
4.261821
4.261821
4.261821
4.261821
4.261821
4.261821
4.261821
4.261821
4.261821
4.261821
4.261821
4.040860
4.098125
4.261821
4.261821
4.261821
4.261821
4.261821
4.261821
4.170879
4.189352
4.261821
3.740041
3.699259
4.261821
4.261821
4.261821
3.811090
4.261821
4.202851
4.201430
4.261821
4.261821
4.186794
3.526327
4.261821
4.261821
4.207256
3.826436
3.384751
4.261821
4.261821
4.261821
4.261821
4.261821
3.855234
3.543758
4.261821
4.261821
3.979735
3.979735
3.979735
3.979735
3.979735
3.979735
3.979735
3.972839
3.972796
3.979735
3.979735
3.979735
3.979735
3.979735
3.979735
3.979735
3.979735
3.979735
3.979735
3.979735
3.979735
3.979735
3.979735
3.979735
3.979735
3.901901
3.975880
3.979735
3.979735
3.979735
3.979735
3.979735
3.850239
3.926489
3.979735
3.979735
3.979735
3.979735
3.614207
3.011146
3.979735
3.979735
3.979735
3.979735
3.979735
3.979735
3.979735
3.979735
3.979735
-0.006532
-0.006532
-0.006532
-0.006532
-0.006532
-0.006532
-0.006532
-0.006532
-0.006532
-0.006532
-0.006532
-0.006532
-0.006532
-0.006532
-0.006532
-0.006532
-0.006532
-0.006532
-0.006532
-0.006532
-0.006532
-0.006532
-0.006532
-0.006532
-0.006532
-0.006532
-0.006532
-0.006532
-0.006532
-0.006532
-0.006532
-0.006532
-0.006532
-0.006532
-0.006532
-0.006532
-0.006532
-0.006532
-0.006532
-0.006532
-0.006532
-0.006532
0.021834
0.019968
-0.006532
-0.006532
-0.006532
-0.006532
0.260953
-0.040841
-0.040841
-0.040841
-0.040841
-0.040841
-0.040841
-0.040841
-0.040841
-0.040841
-0.040841
-0.040841
-0.040841
-0.040841
-0.040841
-0.040841
-0.040841
-0.040841
-0.040841
-0.040841
-0.040841
-0.040841
-0.040841
-0.040841
-0.040841
-0.040841
-0.040841
-0.040841
-0.040841
-0.040841
-0.040841
-0.040841
-0.040841
-0.040841
-0.040841
-0.040841
-0.040841
-0.040841
-0.040841
0.125983
0.587241
-0.040841
-0.040841
-0.040841
-0.040841
-0.040841
0.162840
0.291393
-0.040841
-0.040841
0.189631
0.189631
0.189631
0.605540
0.952294
0.274350
0.189631
0.189631
0.189631
0.357049
3.249591
4.253750
0.340598
0.189631
0.189631
0.206674
0.347641
0.997855
1.335694
0.329318
0.189631
0.189631
0.189631
0.189631
0.189631
0.189631
0.189631
0.189631
0.189631
0.206674
0.334244
0.189631
0.189631
0.237507
0.189631
0.189631
0.189631
0.852159
0.732469
1.119810
0.708433
0.237113
0.189631
0.265435
0.422558
0.670014
0.882845
0.464030
0.255337
0.013706
-0.160260
-0.160260
-0.160260
-0.160260
-0.160260
-0.040437
-0.160260
-0.160260
-0.160260
-0.160260
-0.160260
-0.160260
-0.160260
-0.160260
-0.160260
-0.160260
-0.160260
-0.160260
-0.160260
-0.160260
-0.160260
-0.160260
-0.160260
-0.160260
-0.160260
-0.160260
-0.160260
-0.160260
-0.160260
-0.160260
-0.160260
-0.160260
-0.160260
-0.160260
-0.160260
-0.160260
-0.160260
-0.160260
-0.160260
-0.160260
-0.160260
-0.160260
-0.160260
-0.160260
-0.160260
-0.160260
-0.160260
-0.160260
-0.010272
-0.010272
-0.010272
-0.010272
-0.010272
-0.010272
-0.010272
-0.010272
-0.010272
-0.010272
-0.010272
-0.010272
-0.010272
-0.010272
-0.010272
-0.010272
-0.010272
-0.010272
-0.010272
-0.010272
-0.010272
-0.010272
-0.010272
-0.010272
-0.010272
-0.010272
-0.010272
-0.010272
-0.010272
-0.010272
-0.010272
-0.010272
-0.010272
-0.010272
-0.010272
-0.010272
-0.010272
-0.010272
-0.010272
-0.010272
-0.010272
-0.010272
-0.010272
-0.010272
-0.010272
-0.010272
-0.010272
-0.010272
-0.010272
1.151141
1.231278
1.231278
1.231278
1.231278
1.231278
1.231278
0.986971
1.231278
1.051329
-0.387638
-1.271549
0.309098
1.231278
1.077581
1.231278
-0.307799
-1.313309
-1.015713
-1.703491
0.047497
1.123942
1.053738
-0.962397
-0.178704
-0.186363
-1.045402
-0.555922
1.069597
1.231278
-0.898228
-0.773030
-0.257433
-1.318235
0.417869
1.035578
1.231278
0.862585
-1.014901
-0.750188
0.253509
1.231278
1.047730
1.231278
1.231278
1.026430
0.921855
1.231278
1.231278
0.337553
0.296269
0.084438
-0.031598
-0.165069
-0.000334
-0.176693
-0.238018
-0.238018
-0.238018
-0.238018
-0.238018
-0.238018
-0.238018
-0.238018
-0.238018
-0.238018
-0.238018
-0.238018
-0.238018
-0.238018
-0.238018
-0.238018
-0.238018
-0.238018
-0.238018
-0.238018
-0.238018
-0.238018
-0.238018
-0.238018
-0.238018
-0.238018
-0.238018
-0.238018
-0.238018
-0.238018
-0.238018
-0.071278
0.603695
-0.238018
-0.238018
-0.238018
-0.238018
-0.238018
-0.238018
-0.238018
-0.238018
-0.238018
1.221720
1.221720
1.221720
1.221720
1.221720
1.221720
1.221720
1.221720
1.221720
1.221720
1.221720
1.221720
1.221720
1.221720
1.221720
1.174848
0.996277
1.151100
1.221720
0.795902
0.739157
1.221720
0.938463
0.623900
1.034230
1.221720
0.749826
0.819494
1.221720
1.221720
1.037261
1.072552
1.221720
0.658296
0.843824
1.221720
1.221720
1.092684
1.023930
1.166453
1.032966
1.173915
1.221720
1.221720
1.221720
1.163654
1.164354
1.221720
1.202190
1.232458
0.852244
0.769102
0.677924
0.617016
0.695570
1.152215
1.368654
0.979081
0.785538
0.357590
0.166856
1.003462
1.125254
1.493984
1.287156
1.278344
0.473560
0.433450
1.272728
1.681500
1.553910
1.511106
1.351989
0.557205
0.674317
0.964334
1.802721
1.486656
1.123405
1.316102
0.801975
0.727485
1.284462
1.739485
1.454513
0.934611
0.763920
0.488536
-0.560470
1.209515
1.090371
1.369202
1.125961
0.899660
0.535335
0.179297
0.802341
0.962005
0.598368
-0.006643
-0.006643
-0.006643
-0.006643
-0.006643
0.520784
-0.006643
-0.006643
-0.006643
-0.006643
-0.006643
-0.006643
-0.006643
-0.006643
-0.006643
-0.006643
-0.006643
-0.006643
-0.006643
-0.006643
-0.006643
-0.006643
-0.006643
-0.006643
-0.006643
-0.006643
-0.006643
-0.006643
-0.006643
-0.006643
-0.006643
-0.006643
-0.006643
-0.006643
-0.006643
-0.006643
-0.006643
-0.006643
-0.006643
-0.006643
-0.006643
0.202145
-0.006643
-0.006643
-0.006643
-0.006643
-0.006643
0.348059
1.490084
1.535217
1.535217
1.535217
1.535217
1.535217
1.535217
1.535217
1.535217
1.535217
1.535217
1.535217
1.535217
1.535217
1.535217
1.535217
1.511551
1.474230
1.535217
1.535217
1.535217
1.535217
1.532588
1.474685
1.481007
1.535217
1.531020
1.531425
1.535217
1.532790
1.530413
1.532840
1.535217
1.535217
1.535217
1.535217
1.535217
1.535217
1.426088
1.349020
1.535217
1.535217
1.535217
1.535217
1.535217
1.435393
1.369045
1.535217
1.479995
1.035500
1.140452
1.140452
1.140452
1.140452
1.140452
1.140452
1.084254
1.118597
1.140452
0.762108
0.422156
1.124876
1.140452
1.140452
1.140452
1.086415
0.588967
0.322677
1.064886
1.140452
1.140452
1.083585
0.928885
0.865121
0.790859
1.012788
1.081132
1.140452
1.140452
1.043357
0.863492
0.791786
1.076294
1.140452
1.140452
1.124207
1.140452
0.881178
0.673471
1.105611
1.111821
1.136078
1.128410
1.140452
0.851827
0.627445
1.095970
1.058093
1.317248
1.317248
1.317248
1.317248
1.317248
1.317248
1.317248
1.317248
1.317248
1.317248
1.317248
1.317248
1.317248
1.317248
1.317248
1.317248
1.246526
1.317248
1.317248
1.317248
1.311808
1.317248
1.047753
0.848093
1.317248
1.317248
1.302183
1.298983
1.317248
1.317248
1.267031
1.269493
1.317248
1.300804
1.302281
1.317248
1.317248
1.300804
0.895528
0.528529
1.317248
1.317248
1.317248
1.317248
1.317248
1.144592
0.992958
1.317248
1.317248
3.710734
3.710734
3.710734
3.710734
3.710734
3.710734
3.710734
3.710734
3.710734
3.710734
3.710734
3.710734
3.710734
3.710734
3.710734
3.710734
3.710734
3.710734
3.710734
3.710734
3.710734
3.710734
3.710734
3.710734
3.710734
3.710734
3.710734
3.710734
3.710734
3.710734
3.710734
3.710734
3.710734
3.710734
3.710734
3.710734
3.710734
3.710734
3.568733
3.067937
3.710734
3.710734
3.710734
3.710734
3.710734
3.629374
3.492517
3.710734
3.710734
0.335914
0.120908
0.097159
0.097159
0.097159
0.097159
0.245563
0.097159
0.097159
0.097159
0.097159
0.097159
0.097159
0.097159
0.097159
0.097159
0.097159
0.097159
0.097159
0.097159
0.097159
0.097159
0.097159
0.097159
0.097159
0.097159
0.097159
0.097159
0.097159
0.097159
0.097159
0.097159
0.097159
0.097159
0.097159
0.097159
0.097159
0.097159
0.097159
0.097159
0.097159
0.097159
0.097159
0.097159
0.097159
0.097159
0.097159
0.097159
0.097159
2.287771
2.624421
2.571893
2.602497
2.633881
2.633881
2.600271
2.463609
2.633881
2.633881
2.633881
2.633881
2.633881
2.633881
2.633881
2.633881
2.633881
2.633881
2.633881
2.633881
2.618189
2.633881
2.633881
2.633881
2.633881
2.633881
2.633881
2.484420
2.633881
2.633881
2.633881
2.633881
2.633881
2.633881
2.633881
2.633881
2.633881
2.633881
2.478670
2.501187
2.633881
2.633881
2.586806
2.633881
2.633881
2.538432
2.531532
2.633881
2.559094
0.387663
0.186978
0.324277
0.313144
-0.003105
0.129650
0.097616
0.211817
-0.014464
-0.014464
-0.014464
-0.014464
-0.014464
-0.014464
-0.014464
-0.014464
-0.014464
-0.014464
-0.014464
-0.014464
-0.014464
-0.014464
-0.014464
-0.014464
-0.014464
-0.014464
-0.014464
-0.014464
-0.014464
-0.014464
-0.014464
-0.014464
-0.014464
-0.014464
-0.014464
-0.014464
-0.014464
-0.014464
-0.014464
-0.014464
-0.014464
-0.014464
0.062780
-0.014464
-0.014464
-0.014464
-0.014464
-0.014464
-0.008330
1.872719
1.872719
1.872719
1.872719
1.872719
1.872719
1.872719
1.872719
1.872719
1.872719
1.466100
1.666427
1.872719
1.872719
1.872719
1.872719
1.872719
1.682930
1.872719
1.734503
1.570361
1.872719
1.619816
1.300452
1.872719
1.872719
1.593945
1.141523
1.872719
1.872719
1.822958
1.872719
1.872719
1.644905
1.636681
1.872719
1.872719
1.872719
1.346143
0.931634
1.872719
1.872719
1.872719
1.872719
1.872719
1.522189
1.416506
1.872719
1.872719
0.002991
0.002991
0.002991
0.002991
0.002991
0.002991
0.002991
0.002991
0.002991
0.002991
0.002991
0.002991
0.002991
0.002991
0.002991
0.002991
0.002991
0.002991
0.002991
0.002991
0.695984
0.002991
0.002991
0.002991
0.002991
0.002991
0.002991
0.678767
0.002991
0.002991
0.002991
0.002991
0.002991
0.002991
0.002991
0.002991
0.002991
0.002991
0.154736
0.148900
0.002991
0.002991
0.002991
0.002991
0.002991
0.150359
0.144522
0.002991
0.002991
-0.012214
-0.012214
-0.012214
-0.012214
-0.012214
-0.012214
-0.012214
-0.012214
-0.012214
-0.012214
-0.012214
-0.012214
-0.012214
-0.012214
-0.012214
-0.012214
-0.012214
-0.012214
-0.012214
0.010963
0.503136
-0.012214
0.287622
0.258190
-0.012214
-0.012214
0.010743
0.430808
-0.012214
-0.012214
-0.012214
-0.012214
-0.012214
-0.012214
-0.012214
-0.012214
-0.012214
-0.012214
0.080496
0.083145
-0.012214
-0.012214
-0.012214
-0.012214
-0.012214
0.079613
0.064603
-0.012214
-0.012214
1.596858
0.900475
0.252378
0.332063
0.483846
0.523359
0.971914
0.248882
0.147166
0.119659
0.132786
0.073154
0.222167
0.712544
0.058246
0.333778
0.145978
0.089645
0.074078
0.074539
0.479691
0.175266
0.170187
0.149277
0.128564
0.030673
0.030673
0.107719
0.030673
0.061083
0.317749
0.188261
0.048879
0.722702
0.641500
0.110094
0.068141
0.800672
1.021453
1.595934
1.444811
0.836952
1.075082
0.914921
0.544335
0.838799
1.197182
0.560562
1.462423
0.616005
0.567170
0.317347
0.150568
0.109168
0.447926
0.968739
0.042294
0.571964
0.275378
0.381052
0.651148
0.135942
0.264652
0.128182
0.419364
-0.014423
-0.014423
-0.014423
0.061105
0.328032
0.116075
0.869606
0.190506
-0.014423
-0.014423
-0.014423
0.368214
0.269812
1.707035
0.986331
-0.014423
-0.014423
0.103886
2.061313
0.026083
0.888336
1.700860
0.636157
0.198306
0.562985
0.928111
-0.014423
0.101977
0.555794
1.382253
1.295715
0.325635
0.078047
0.167002
0.424423
0.522446
0.227494
-0.096306
0.134230
0.058775
-0.133248
-0.133248
-0.133248
-0.133248
-0.133248
-0.133248
-0.133248
-0.133248
-0.133248
-0.036992
-0.038758
-0.106510
-0.107001
-0.133248
-0.133248
-0.133248
-0.051121
-0.052887
-0.110435
-0.110926
-0.133248
-0.133248
-0.133248
-0.133248
-0.133248
-0.033165
-0.133248
-0.133248
-0.133248
-0.133248
-0.133248
-0.133248
-0.133248
-0.133248
-0.133248
-0.125203
-0.133248
-0.133248
-0.133248
-0.133248
-0.133248
-0.026296
4.706838
4.731160
4.731160
4.731160
4.731160
4.731160
4.731160
4.731160
4.731160
4.731160
4.731160
4.731160
4.731160
4.731160
4.731160
4.731160
4.709032
4.708078
4.731160
4.731160
4.731160
4.731160
4.731160
4.573256
4.573018
4.731160
4.437433
4.467573
4.731160
4.731160
4.253013
4.262265
4.731160
4.556755
4.593524
4.731160
4.731160
4.663201
4.522179
4.248053
4.731160
4.731160
4.731160
4.731160
4.731160
4.641740
4.462900
4.731160
4.731160
1.308377
1.140893
1.222228
1.175764
1.066406
1.016930
1.216842
1.293384
1.134960
1.363194
1.177818
1.092673
1.085370
1.179552
1.429649
1.344138
1.057391
0.571394
0.783219
0.591180
1.270061
1.455870
1.083864
0.531891
0.932583
1.408585
0.672674
1.056592
1.380469
1.264424
0.296468
0.596931
1.203355
0.377027
1.133134
1.263968
1.045661
0.738421
-0.097880
0.399437
0.240009
0.928931
0.628926
0.169173
0.518974
0.393070
0.579062
0.575821
0.107944
-0.007151
-0.007151
-0.007151
-0.007151
-0.007151
-0.007151
-0.007151
-0.007151
-0.007151
-0.007151
-0.007151
-0.007151
-0.007151
-0.007151
-0.007151
-0.007151
-0.007151
-0.007151
-0.007151
-0.007151
-0.007151
-0.007151
-0.007151
-0.007151
-0.007151
-0.007151
-0.007151
-0.007151
-0.007151
-0.007151
-0.007151
-0.007151
-0.007151
-0.007151
-0.007151
-0.007151
-0.007151
-0.007151
0.173318
0.173318
-0.007151
-0.007151
0.068921
-0.007151
-0.007151
0.186079
0.147797
-0.007151
-0.007151
3.772628
3.772628
3.772628
3.772628
3.772628
3.772628
3.772628
3.772628
3.772628
3.772628
3.772628
3.772628
3.772628
3.772628
3.772628
3.772628
3.772628
3.772628
3.772628
3.772628
3.772628
3.772628
3.772628
3.772628
3.772628
3.772628
3.772628
3.772628
3.772628
3.772628
3.772628
3.772628
3.772628
3.772628
3.772628
3.772628
3.772628
3.772628
3.685895
3.694011
3.772628
3.772628
3.772628
3.772628
3.772628
3.690669
3.693216
3.772628
3.772628
-0.009620
-0.009620
-0.009620
-0.009620
-0.009620
-0.009620
-0.009620
-0.009620
-0.009620
-0.009620
1.224194
3.045371
0.020450
-0.009620
-0.009620
-0.009620
-0.009620
0.408520
1.000562
0.338918
0.844692
-0.009620
0.865668
1.347628
-0.009620
-0.009620
0.388123
1.058967
-0.009620
-0.009620
0.539682
-0.009620
-0.009620
-0.009620
0.151243
-0.009620
-0.009620
0.064661
0.768939
0.585628
-0.009620
-0.009620
-0.009620
-0.009620
-0.009620
0.685774
0.455097
-0.009620
-0.009620
-0.004894
-0.004894
-0.004894
-0.004894
-0.004894
-0.004894
-0.004894
-0.004894
-0.004894
-0.004894
-0.004894
-0.004894
-0.004894
-0.004894
-0.004894
-0.004894
-0.004894
-0.004894
-0.004894
-0.004894
-0.004894
-0.004894
-0.004894
-0.004894
-0.004894
-0.004894
-0.004894
-0.004894
-0.004894
-0.004894
-0.004894
-0.004894
-0.004894
-0.004894
-0.004894
-0.004894
-0.004894
-0.004894
0.108882
0.090531
-0.004894
-0.004894
-0.004894
-0.004894
-0.004894
0.107659
0.118669
-0.004894
-0.004894
5.306791
5.306791
5.306791
5.306791
5.306791
5.306791
5.306791
5.306791
5.306791
5.306791
4.957798
4.363265
5.233615
5.306791
5.306791
5.306791
5.299286
4.411537
3.527456
4.984578
5.276855
5.306791
5.306791
5.296983
5.298433
5.306791
5.262655
5.269180
5.306791
5.306791
5.306791
5.306791
5.306791
5.306791
5.306791
5.306791
5.306791
5.306791
5.306791
5.306791
5.306791
5.306791
5.306791
5.306791
5.306791
5.306791
5.306791
5.306791
5.306791
-0.017666
0.008125
-0.017666
-0.017666
-0.017666
-0.017666
-0.017666
-0.017666
0.004823
-0.017666
0.008335
0.009698
-0.017666
0.042513
-0.017666
-0.017666
-0.017666
0.005399
0.046078
0.133043
0.105994
-0.017666
-0.017666
0.396717
-0.017666
-0.017666
0.123660
0.082195
-0.017666
-0.017666
-0.017666
-0.017666
-0.017666
-0.017666
-0.017666
-0.017666
-0.017666
-0.017666
0.069981
0.064792
-0.017666
-0.000472
-0.017666
-0.017666
-0.017666
-0.017666
-0.017666
0.025005
0.012319
4.165281
4.165281
4.165281
4.165281
4.165281
4.165281
4.165281
4.165281
4.165281
4.165281
4.077898
4.092736
4.165281
4.165281
4.165281
4.165281
4.165281
4.165281
4.165281
3.998808
3.978224
4.165281
3.895187
3.724467
4.165281
4.165281
3.974626
3.795563
4.165281
4.165281
3.948696
4.165281
4.165281
3.735109
3.909726
4.165281
4.165281
4.117618
2.960848
2.523081
3.820444
4.135904
4.004754
4.047321
4.165281
3.661215
3.536160
4.122963
3.708529
0.734758
-0.286074
-0.286074
-0.286074
-0.286074
-0.286074
0.100526
-0.286074
-0.286074
-0.286074
0.238226
0.400771
-0.286074
-0.286074
-0.286074
-0.286074
-0.286074
0.253095
0.327632
-0.276352
-0.286074
-0.286074
-0.286074
-0.042447
-0.159304
-0.286074
0.057507
-0.286074
-0.286074
-0.286074
-0.151234
-0.012073
-0.102496
0.149773
-0.286074
-0.286074
-0.286074
-0.286074
0.264851
2.357096
0.478422
-0.286074
0.238925
-0.258878
-0.264724
0.060367
0.940703
-0.101797
0.119399
1.102216
-0.008075
-0.008075
-0.008075
-0.008075
-0.008075
0.273753
-0.008075
-0.008075
-0.008075
-0.008075
-0.008075
-0.008075
-0.008075
-0.008075
-0.008075
-0.008075
-0.008075
-0.008075
-0.008075
-0.008075
-0.008075
-0.008075
-0.008075
-0.008075
-0.008075
-0.008075
-0.008075
-0.008075
-0.008075
-0.008075
-0.008075
-0.008075
-0.008075
-0.008075
-0.008075
-0.008075
-0.008075
-0.008075
-0.008075
-0.008075
-0.008075
-0.008075
-0.008075
-0.008075
-0.008075
-0.008075
-0.008075
-0.008075
0.003075
0.003075
0.003075
0.003075
0.003075
0.003075
0.003075
0.003075
0.003075
0.003075
0.003075
0.003075
0.003075
0.003075
0.003075
0.003075
0.003075
0.003075
0.003075
0.003075
0.003075
0.003075
0.003075
0.003075
0.003075
0.003075
0.003075
0.003075
0.003075
0.003075
0.003075
0.003075
0.003075
0.003075
0.003075
0.003075
0.003075
0.003075
0.003075
0.003075
0.003075
0.003075
0.003075
0.003075
0.003075
0.003075
0.003075
0.003075
0.003075
-0.008098
-0.008098
-0.008098
-0.008098
-0.008098
-0.008098
-0.008098
-0.008098
-0.008098
-0.008098
0.583977
1.246188
-0.008098
-0.008098
-0.008098
-0.008098
0.206057
0.102079
0.342328
-0.008098
-0.008098
-0.008098
0.312784
0.377671
-0.008098
-0.008098
-0.008098
0.131272
-0.008098
0.318383
0.420362
-0.008098
-0.008098
-0.008098
0.331180
-0.008098
-0.008098
-0.008098
-0.008098
-0.008098
-0.008098
-0.008098
-0.008098
-0.008098
-0.008098
-0.008098
-0.008098
-0.008098
-0.008098
0.039881
0.039881
0.039881
0.069154
0.066744
0.039881
0.039881
0.039881
0.039881
0.039881
0.192792
0.237563
0.304100
0.140444
0.039881
0.039881
0.039881
0.039881
0.039881
0.039881
0.039881
0.039881
0.039881
0.443855
0.039881
0.039881
0.039881
0.039881
0.039881
0.039881
0.742444
0.039881
0.039881
0.110137
0.455633
0.039881
0.039881
0.039881
0.039881
0.086718
0.154771
0.117576
0.039881
0.039881
0.039881
0.442822
0.707867
0.172128
0.039881
-0.146050
-0.146050
-0.146050
-0.146050
-0.146050
-0.146050
-0.146050
-0.146050
-0.146050
-0.146050
-0.146050
-0.146050
-0.146050
-0.146050
-0.146050
-0.146050
-0.146050
0.664956
0.721344
0.008024
-0.146050
-0.146050
-0.146050
-0.146050
-0.054180
-0.146050
-0.146050
-0.146050
-0.146050
-0.146050
-0.146050
-0.146050
-0.146050
-0.146050
-0.146050
-0.146050
-0.146050
-0.146050
-0.146050
-0.146050
-0.146050
-0.146050
-0.146050
-0.146050
-0.146050
-0.146050
-0.146050
-0.146050
-0.146050
-0.000869
-0.000869
-0.000869
-0.000869
-0.000869
-0.000869
-0.000869
-0.000869
-0.000869
-0.000869
-0.000869
-0.000869
-0.000869
-0.000869
-0.000869
-0.000869
-0.000869
-0.000869
-0.000869
-0.000869
-0.000869
-0.000869
-0.000869
-0.000869
-0.000869
-0.000869
-0.000869
-0.000869
-0.000869
-0.000869
-0.000869
-0.000869
-0.000869
-0.000869
-0.000869
-0.000869
-0.000869
-0.000869
-0.000869
-0.000869
-0.000869
-0.000869
-0.000869
-0.000869
-0.000869
-0.000869
-0.000869
-0.000869
-0.000869
1.072321
0.107657
0.619506
1.283469
1.068076
0.588747
0.859331
-0.010253
-0.010253
-0.010253
-0.010253
-0.010253
-0.010253
-0.010253
-0.010253
-0.010253
-0.010253
-0.010253
-0.010253
-0.010253
-0.010253
-0.010253
-0.010253
-0.010253
-0.010253
-0.010253
-0.010253
-0.010253
-0.010253
-0.010253
-0.010253
-0.010253
-0.010253
-0.010253
-0.010253
-0.010253
-0.010253
-0.010253
-0.010253
-0.010253
-0.010253
-0.010253
0.455218
-0.010253
-0.010253
-0.010253
-0.010253
-0.010253
0.045017
-0.992171
-1.171870
-1.171870
-1.171870
-1.171870
-1.171870
-1.125125
-1.171870
-1.171870
-1.171870
-1.171870
-1.171870
-1.171870
-1.171870
-1.171870
-1.171870
-1.171870
-1.171870
-1.171870
-1.171870
-1.171870
-1.171870
-1.171870
-1.171870
-1.171870
-1.171870
-1.171870
-1.171870
-1.171870
-1.171870
-1.171870
-1.171870
-1.171870
-1.171870
-1.171870
-1.124890
-1.171870
-1.171870
-1.171870
-1.171870
-1.171870
-1.146313
-0.835963
-1.159091
-1.159185
-1.171870
-1.171870
-1.127145
-0.553519
1.175796
1.251588
1.240091
1.243762
1.229737
1.124092
0.984488
1.119133
1.112547
1.235469
0.924976
0.510061
0.846479
0.680130
1.065868
1.089924
0.969482
0.365884
0.216249
0.555501
0.895171
1.047254
0.935426
0.416622
0.394030
0.338592
0.486391
1.121725
1.069346
1.059894
0.554615
0.576401
0.650406
0.639440
1.194715
1.053131
0.944427
0.713026
1.102870
1.308540
0.939918
0.744022
0.835980
0.860487
0.958758
1.099811
1.114560
0.966309
0.551218
-0.009528
-0.009528
-0.009528
-0.009528
-0.009528
-0.009528
-0.009528
-0.009528
-0.009528
-0.009528
-0.009528
-0.009528
-0.009528
-0.009528
-0.009528
-0.009528
-0.009528
0.006778
-0.009528
-0.009528
-0.009528
-0.009528
-0.009528
0.003389
0.002494
-0.009528
0.071617
0.041308
-0.009528
-0.009528
0.003261
0.003005
-0.009528
0.020974
-0.009528
-0.009528
-0.009528
-0.009528
0.176933
0.303926
-0.009528
-0.009528
-0.009528
-0.009528
-0.009528
-0.009528
-0.009528
-0.009528
-0.009528
0.597077
-0.166524
-0.134899
-0.154400
-0.153524
-0.078149
0.506876
-0.166524
-0.166524
-0.166524
-0.166524
-0.166524
-0.166524
-0.166524
-0.166524
-0.166524
-0.166524
-0.166524
-0.166524
-0.102106
-0.110286
-0.166524
0.483504
0.439682
-0.166524
-0.166524
-0.111308
-0.108752
-0.166524
-0.166524
-0.166524
-0.166524
-0.166524
-0.166524
-0.166524
-0.166524
-0.166524
-0.166524
-0.166524
-0.166524
-0.166524
-0.166524
0.245696
-0.166524
-0.166524
-0.166524
-0.166524
-0.166524
0.118758
