1.312670
1.312670
1.312670
1.312670
1.312670
1.312670
1.312670
1.312670
1.312670
1.312670
1.312670
1.312670
1.312670
1.312670
1.312670
1.312670
1.312670
1.312670
1.312670
1.312670
1.312670
1.312670
1.254182
1.280832
1.252531
1.312670
1.312670
1.312670
1.312670
1.312670
1.312670
1.312670
1.312670
1.312670
1.312670
1.312670
1.290973
1.310311
1.290265
1.312670
1.312670
1.312670
1.312670
1.312670
1.312670
1.312670
1.312670
1.312670
1.312670
1.312670
1.256541
1.283662
1.262201
1.312670
1.312670
1.312670
1.312670
1.312670
1.312670
1.312670
1.312670
1.312670
1.312670
1.312670
1.312670
1.312670
1.312670
1.170628
1.235349
1.166619
1.312670
1.312670
1.312670
1.312670
1.312670
1.312670
1.312670
1.312670
1.312670
1.312670
1.312670
1.259977
1.306942
1.258259
1.312670
1.312670
1.295959
1.303573
1.295487
1.312670
1.312670
1.312670
1.312670
1.312670
1.312670
1.176356
1.242222
1.190102
1.312670
1.312670
1.306471
1.311996
1.306268
1.312670
1.312670
1.312670
1.312670
1.312670
1.312670
1.312670
1.312670
1.312670
1.312670
1.312670
1.296633
1.304382
1.298250
1.304314
1.308121
1.304079
1.312670
1.312670
1.312670
1.312670
1.312670
1.312670
1.312670
1.312670
1.312670
1.312670
1.312670
1.309570
1.312333
1.309469
1.312670
1.312670
1.312670
1.312670
1.312670
1.312670
1.312670
1.312670
1.312670
1.312670
1.312670
1.304651
1.308526
1.305460
1.312670
1.312670
1.312670
1.312670
1.312670
1.312670
1.312670
1.312670
1.312670
1.312670
1.312670
1.312670
1.312670
1.312670
1.312670
1.312670
1.312670
1.312670
1.312670
1.312670
1.312670
1.312670
1.312670
1.312670
1.312670
1.312670
1.312670
1.312670
1.312670
1.312670
1.312670
1.312670
1.312670
1.312670
1.312670
1.312670
1.312670
1.312670
1.312670
1.312670
1.312670
1.312670
1.312670
1.312670
1.312670
1.312670
1.312670
1.312670
1.582210
1.425861
1.230102
1.158321
1.127003
1.132031
1.151617
1.160571
1.121257
1.085438
1.092046
1.209319
1.482989
1.654853
1.189973
1.254428
1.141465
1.085390
1.006138
1.030321
1.051295
0.971325
0.913047
0.999865
1.045165
1.119198
1.426627
1.625547
1.069348
1.193373
1.054982
0.945179
0.949010
0.995890
0.876031
0.160419
0.446731
0.941252
1.075573
0.915154
1.217173
1.509231
1.055030
1.167036
1.120682
1.049332
0.874355
0.933926
0.757800
0.282002
0.442613
0.893318
1.119820
0.869758
1.194092
1.489885
1.079787
1.185568
1.132941
0.977837
0.433945
0.608060
0.856829
0.596519
0.509989
0.594700
0.662171
0.759093
1.007431
1.427058
1.092956
1.224308
1.227612
0.798072
0.521912
0.799269
0.653456
0.443666
0.437249
0.462007
0.577796
0.541498
0.809613
1.506358
1.105406
1.242553
1.397129
1.137634
1.025819
0.988851
0.559359
0.494665
0.545472
0.549878
0.702875
1.082373
1.409867
1.645084
1.101863
1.244899
1.289098
0.831928
0.739891
0.921044
0.508361
0.429205
0.457218
0.468567
0.709962
1.210277
1.530253
1.644462
1.093291
1.185759
1.226606
1.000487
0.796875
0.909647
0.518752
0.263853
0.238665
0.323903
0.812917
1.234939
1.359156
1.609026
1.086731
1.164785
1.128344
1.244229
1.175608
1.213102
0.824027
0.338699
0.330319
0.635307
1.127195
1.424233
1.453013
1.588674
1.078638
1.173884
1.047560
0.968260
1.061734
1.045070
0.755933
0.266870
0.471057
0.614333
1.138496
1.132414
1.289337
1.429453
1.016051
1.086539
0.964908
0.823165
0.864682
0.939049
0.820627
0.927748
1.013896
0.826038
0.969361
0.971995
1.158177
1.336889
1.040712
1.194906
1.054790
0.950159
0.953176
0.970128
0.954469
1.040329
1.038414
0.985403
0.970750
1.040808
1.245138
1.439892
1.534994
1.579145
1.411208
1.322762
1.300495
1.328173
1.304469
1.239775
1.230437
1.267453
1.304326
1.425765
1.581587
1.650687
1.010013
0.158429
-0.034263
0.002897
0.028869
0.128462
0.255925
0.331943
0.356916
0.198986
0.105387
-0.018080
0.278900
1.469019
0.420447
-0.187897
-0.497365
-0.575580
-0.485277
-0.160127
0.171116
0.059436
-0.129960
-0.292485
-0.405464
-0.628923
-0.345927
0.805633
0.246335
-0.394176
-0.787153
-0.734309
-0.267712
-0.116774
-0.659590
-1.279223
-1.620456
-1.386508
-0.666882
-0.376195
-0.405564
0.496466
0.119272
-0.678270
-0.997826
-0.485977
-0.232450
-0.870463
-1.279722
-0.756086
-1.009513
-1.415277
-1.022499
-0.354019
-0.130659
0.492370
0.115476
-0.701045
-0.664485
-0.062133
-0.393876
0.055341
0.129161
-0.101890
-0.305671
-0.206278
-0.130360
-1.018204
-0.360412
0.533726
0.099593
-0.677171
-0.448118
-0.425642
-0.648802
0.183303
0.145144
-0.164223
-0.136653
-0.020977
0.203981
-0.722422
-0.718127
0.752190
0.038559
-0.734410
-0.637314
-1.447942
-1.087330
-0.005394
-0.076318
-0.171815
0.004595
-0.067927
0.087006
-0.555002
-1.104212
0.668980
0.044852
-0.726418
-0.555402
-0.950777
-0.755587
0.281097
0.095098
-0.053243
0.050845
0.005993
0.188098
-0.681466
-1.701568
0.478285
0.068326
-0.785055
-0.674275
-0.471093
-0.580775
0.757085
0.426641
0.016083
0.063132
0.226257
0.420847
-0.668680
-1.715354
0.390380
0.115776
-0.709736
-0.840595
-0.388981
-0.518741
0.403765
0.723222
0.223060
-0.026771
0.414554
0.258622
-0.221462
-0.740403
0.293484
0.104088
-0.619433
-0.995329
-0.792647
-0.691955
-0.721723
-0.660689
-1.008914
-1.784679
-0.816322
-0.463401
-0.254526
-0.494867
0.196189
0.169018
-0.441625
-0.710735
-0.782058
-0.611542
-0.362809
-0.547611
-1.525159
-2.241887
-0.816921
-0.274005
-0.477786
-0.627825
0.214170
0.326349
-0.281297
-0.510650
-0.495467
-0.575481
-0.478085
-0.216567
-0.177509
-0.510351
-0.346727
-0.390779
-0.536323
-0.330344
0.564892
1.148564
0.388582
0.176311
0.318757
0.329545
0.360013
0.419049
0.434433
0.409559
0.435332
0.406363
0.261419
0.509352
1.523260
-0.307994
-0.307994
-0.307994
-0.307994
-0.307994
-0.307994
-0.307994
-0.307994
-0.307994
-0.307994
-0.307994
-0.307994
-0.307994
-0.307994
-0.307994
-0.307994
-0.307994
-0.307994
-0.307994
-0.307994
-0.307994
-0.307994
-0.307994
-0.307994
-0.307994
-0.307994
-0.307994
-0.307994
-0.307994
-0.307994
-0.307994
-0.307994
-0.307994
-0.307994
-0.307994
-0.307994
-0.307994
-0.307994
-0.307994
-0.307994
-0.307994
-0.307994
-0.307994
-0.307994
-0.307994
-0.307994
-0.307994
-0.307994
-0.307994
-0.307994
-0.307994
-0.307994
-0.307994
-0.307994
-0.307994
-0.307994
-0.307994
-0.307994
-0.307994
-0.307994
-0.307994
-0.307994
-0.307994
-0.307994
-0.307994
-0.307994
-0.307994
-0.307994
-0.307994
-0.307994
-0.307994
-0.307994
-0.307994
-0.307994
-0.307994
-0.307994
-0.307994
-0.307994
-0.307994
-0.307994
-0.307994
-0.307994
-0.307994
-0.307994
-0.307994
-0.307994
-0.307994
-0.307994
-0.307994
-0.307994
-0.307994
-0.307994
-0.307994
-0.307994
-0.307994
-0.307994
-0.307994
-0.307994
-0.307994
-0.307994
-0.307994
-0.307994
-0.307994
-0.307994
-0.307994
-0.307994
-0.307994
-0.307994
-0.307994
-0.307994
-0.307994
-0.307994
-0.307994
-0.307994
-0.307994
-0.307994
-0.307994
-0.307994
-0.307994
-0.307994
-0.307994
-0.307994
-0.307994
-0.307994
-0.307994
-0.307994
-0.307994
-0.307994
-0.307994
-0.307994
-0.307994
-0.307994
-0.307994
-0.307994
-0.307994
-0.307994
-0.307994
-0.307994
-0.307994
-0.307994
-0.307994
-0.307994
-0.307994
-0.307994
-0.307994
-0.307994
-0.307994
-0.307994
-0.307994
-0.307994
-0.307994
-0.307994
-0.307994
-0.307994
-0.307994
-0.307994
-0.307994
-0.307994
-0.307994
-0.307994
-0.307994
-0.307994
-0.307994
-0.307994
-0.307994
-0.307994
-0.307994
-0.307994
-0.307994
-0.307994
-0.307994
-0.307994
-0.307994
-0.307994
-0.307994
-0.307994
-0.307994
-0.307994
-0.307994
-0.307994
-0.307994
-0.307994
-0.307994
-0.307994
-0.307994
-0.307994
-0.307994
-0.307994
-0.307994
-0.307994
-0.307994
-0.307994
-0.307994
-0.307994
-0.307994
-0.307994
0.836970
0.836970
0.836970
0.836970
0.836970
0.836970
0.836970
0.836970
0.836970
0.836970
0.836970
0.836970
0.836970
0.836970
0.836970
0.836970
0.836970
0.836970
0.836970
0.836970
0.819155
0.812156
0.788828
0.811626
0.812475
0.836970
0.836970
0.836970
0.836970
0.836970
0.836970
0.836970
0.836970
0.798795
0.783950
1.113627
1.105462
1.271413
0.746836
0.836970
0.836970
0.836970
0.836970
0.836970
0.836970
0.836970
0.828062
0.831562
1.517319
1.463769
0.826366
1.208002
0.747260
0.831137
0.836970
0.836970
0.836970
0.836970
0.836970
0.835697
0.835909
0.951916
0.679183
0.700921
0.743337
0.774088
0.888399
0.760303
0.783738
0.791479
0.836970
0.836970
0.760621
0.718524
0.754153
0.724250
0.828805
0.836970
0.836970
0.828487
0.820003
1.598439
1.640219
0.654582
0.836970
0.836970
0.824245
2.228950
2.491610
0.562009
0.836970
0.836970
0.836970
0.836970
0.777588
0.645993
1.879020
0.607924
0.836970
0.836970
0.734642
0.610363
1.056153
0.628178
0.836970
0.836970
0.836970
0.836970
0.786071
0.678653
1.144166
0.658187
0.836970
0.836970
0.828487
0.782041
1.742123
0.678653
0.828805
0.836970
0.836970
0.815338
0.827320
1.730989
1.751560
0.666140
0.836970
0.836970
0.836970
0.767408
0.727537
0.956158
0.730718
0.742170
0.732627
0.765287
1.166540
0.598805
0.668367
0.783314
0.836970
0.836970
0.836970
0.836970
0.825093
0.796781
0.710783
2.309646
1.898319
0.744503
0.767302
0.817140
0.836970
0.836970
0.836970
0.836970
0.836970
0.836970
0.836970
0.835167
1.121792
2.485672
1.260597
0.674411
0.822442
0.836970
0.836970
0.836970
0.836970
0.836970
0.836970
0.836970
0.836970
0.808127
0.651082
0.530940
0.633374
0.786177
0.834637
0.836970
0.836970
0.836970
0.836970
0.836970
0.836970
0.836970
0.836970
0.836970
0.836970
0.836970
0.836970
0.836970
0.836970
0.836970
0.836970
0.836970
0.031987
0.006123
-0.009396
-0.006440
-0.006440
-0.006440
-0.002428
0.047084
0.031565
0.035577
0.002217
0.001161
0.084878
-0.015519
0.329059
0.145791
-0.013091
-0.006440
-0.004962
0.012035
0.002639
0.452997
0.368436
0.451625
0.167749
0.058380
0.394301
-0.025548
-0.055952
-0.038216
-0.010029
0.006017
0.020058
0.155292
-0.023120
-0.072843
-0.013196
0.340988
0.415520
0.152019
0.086989
-0.031143
-0.006440
-0.006440
-0.001795
0.120243
0.194669
-0.037899
-0.010874
0.006229
0.473161
0.461126
-0.078438
-0.028820
0.643232
-0.047823
-0.006440
-0.006440
0.002428
0.270257
-0.057218
-0.012140
-0.006440
-0.016997
-0.084033
-0.087411
0.239114
0.003167
0.921829
-0.075060
-0.006440
-0.006229
0.004856
0.480656
-0.033677
-0.006440
-0.006440
-0.006440
-0.006440
-0.012246
-0.042439
-0.007495
0.838746
-0.069464
-0.006440
-0.004962
0.018897
-0.046767
-0.025864
-0.006440
-0.006440
-0.006440
-0.006440
-0.006440
-0.006440
-0.028081
-0.140618
-0.032410
-0.006440
-0.004223
0.098918
0.339510
0.022381
-0.014041
-0.006440
-0.006440
-0.006440
-0.006440
-0.006440
-0.001584
0.054263
-0.016152
-0.006440
-0.007707
0.012140
0.347533
0.391239
-0.023542
-0.006440
-0.006440
-0.006440
-0.001795
0.051623
0.004962
0.613990
-0.040539
-0.006440
-0.006334
0.014252
0.248193
0.005173
-0.032621
-0.006440
-0.006440
-0.006440
0.007495
0.518239
0.042333
0.695489
-0.064608
-0.006440
-0.006968
-0.016574
-0.027448
0.816999
0.010451
-0.008551
0.071048
0.026603
-0.024598
-0.055107
0.510954
0.783639
-0.062602
0.004117
-0.008129
-0.006440
-0.024914
-0.108947
0.420693
-0.006756
0.667302
0.379521
-0.022381
0.059752
0.142624
-0.037899
-0.037688
0.138296
-0.018263
-0.006440
-0.006440
-0.016469
-0.068620
-0.033254
-0.104513
0.014780
-0.022592
-0.021536
-0.038110
0.163315
-0.016574
0.429772
-0.027026
-0.006440
-0.006440
-0.006440
-0.006440
-0.006440
-0.008551
-0.019530
-0.008973
-0.006440
-0.010662
-0.032621
-0.011507
-0.169547
-0.169547
-0.169547
-0.169547
-0.169547
-0.169547
-0.169547
-0.169547
-0.169547
-0.169547
-0.169547
-0.169547
-0.169547
-0.169547
-0.169547
-0.169547
-0.169547
-0.169547
-0.169547
-0.169547
-0.169547
-0.169547
-0.169547
-0.169547
-0.169547
-0.169547
-0.169547
-0.169547
-0.169547
-0.169547
-0.169547
-0.169547
-0.169547
-0.169547
-0.169547
-0.169547
-0.169547
-0.169547
-0.169547
-0.169547
-0.169547
-0.169547
-0.169547
-0.169547
-0.169547
-0.169547
-0.169547
-0.169547
-0.169547
-0.169547
-0.169547
-0.169547
-0.169547
-0.169547
-0.169547
-0.169547
-0.169547
-0.169547
-0.169547
-0.169547
-0.169547
-0.169547
-0.169547
-0.169547
-0.169547
-0.169547
-0.169547
-0.169547
-0.169547
-0.169547
-0.169547
-0.169547
-0.169547
-0.169547
-0.169547
-0.169547
-0.169547
-0.169547
-0.169547
-0.169547
-0.169547
-0.169547
-0.169547
-0.169547
-0.169547
-0.169547
-0.169547
-0.169547
-0.169547
-0.169547
-0.169547
-0.169547
-0.169547
-0.169547
-0.169547
-0.169547
-0.169547
-0.169547
-0.169547
-0.169547
-0.169547
-0.169547
-0.169547
-0.169547
-0.169547
-0.169547
-0.169547
-0.169547
-0.169547
-0.169547
-0.169547
-0.169547
-0.169547
-0.169547
-0.169547
-0.169547
-0.169547
-0.169547
-0.169547
-0.169547
-0.169547
-0.169547
-0.169547
-0.169547
-0.169547
-0.169547
-0.169547
-0.169547
-0.169547
-0.169547
-0.169547
-0.169547
-0.169547
-0.130063
-0.130063
-0.134999
-0.169547
-0.169547
-0.169547
-0.169547
-0.169547
-0.169547
-0.169547
-0.169547
-0.169547
-0.169547
-0.134709
-0.071782
0.169402
-0.160910
-0.169547
-0.169547
-0.169547
-0.169547
-0.169547
-0.169547
-0.169547
-0.169547
-0.169547
-0.169547
-0.114023
0.123604
-0.168095
-0.158442
-0.169547
-0.169547
-0.169547
-0.169547
-0.169547
-0.169547
-0.169547
-0.169547
-0.169547
-0.169547
-0.151039
-0.174990
-0.159749
-0.169547
-0.169547
-0.169547
-0.169547
-0.169547
-0.169547
-0.169547
-0.169547
-0.169547
-0.169547
-0.169547
-0.169547
-0.169547
-0.169547
-0.169547
-0.169547
-0.169547
-0.169547
-0.169547
1.173333
1.173333
1.173333
1.173333
1.173333
1.173333
1.173333
1.173333
1.173333
1.173333
1.173333
1.173333
1.173333
1.173333
1.173333
1.173333
1.173333
1.173333
1.173333
1.173333
1.173333
1.173333
1.173333
1.173333
1.173333
1.173333
1.173333
1.173333
1.173333
1.173333
1.173333
1.173333
1.173333
1.173333
1.136138
1.105499
1.113126
1.155538
1.173333
1.167134
1.165127
1.167402
1.173333
1.173333
1.173333
1.173333
1.117541
1.099478
1.051714
0.983479
0.916135
1.002433
1.149607
1.161960
1.165974
1.162897
1.173333
1.173333
1.173333
1.173333
1.070980
1.082308
1.013136
0.901953
0.942582
0.857801
0.911676
0.853609
0.933172
1.079811
1.173333
1.173333
1.043151
0.647654
0.530852
0.750409
1.102957
1.031243
1.049618
0.934153
0.570678
0.134909
0.264958
0.767668
1.173333
1.173333
0.804328
-0.130316
-0.024752
0.241811
1.155851
1.155137
1.162184
1.090871
0.281637
-0.318297
-0.179775
0.500704
1.173333
1.173333
0.817440
-0.359238
-0.264645
0.010971
1.173333
1.173333
1.142337
1.109558
0.386844
-0.211618
-0.188383
0.464668
1.173333
1.173333
1.056263
0.115108
0.411998
0.316513
0.962562
0.677357
0.553196
0.819313
0.669954
0.308262
0.451021
0.649394
1.173333
1.173333
1.173333
0.844422
0.915466
0.904941
0.786667
0.525099
0.396611
0.697917
0.941735
0.895932
0.939014
1.000471
1.173333
1.173333
1.173333
1.173333
1.173333
1.173333
0.983791
0.829615
0.798798
0.961670
1.118745
1.173333
1.173333
1.173333
1.173333
1.173333
1.173333
1.173333
1.173333
1.173333
1.173333
1.173333
1.173333
1.173333
1.173333
1.173333
1.173333
1.173333
1.173333
1.173333
1.173333
1.173333
1.173333
1.173333
1.173333
1.173333
1.173333
1.173333
1.173333
1.173333
1.173333
1.173333
1.173333
1.173333
1.173333
1.173333
1.173333
1.173333
1.173333
1.173333
1.173333
1.173333
1.173333
1.173333
1.173333
1.173333
4.314658
4.284731
4.328471
4.313507
4.313507
4.313507
4.313507
4.313507
4.313507
4.313507
4.313507
4.313507
4.313507
4.313507
4.320414
4.116677
4.348039
4.313507
4.313507
4.313507
4.313507
4.313507
4.313507
4.313507
4.313507
4.313507
4.313507
4.313507
4.354945
4.410195
4.343434
4.313507
4.313507
4.313507
4.313507
4.313507
4.313507
4.313507
4.313507
4.313507
4.313507
4.313507
4.313507
4.313507
4.313507
4.313507
4.313507
4.313507
4.313507
4.313507
4.313507
4.313507
4.313507
4.313507
4.314530
4.287928
4.313507
4.313507
4.313507
4.313507
4.313507
4.313507
4.313507
4.313507
4.313507
4.313507
4.313507
4.313507
4.320158
4.125758
4.313507
4.313507
4.313507
4.313507
4.313507
4.313507
4.313507
4.313507
4.313507
4.313507
4.313507
4.313507
4.353410
4.311972
4.313507
4.313507
4.313507
4.313507
4.313507
4.313507
4.313507
4.313507
4.313507
4.313507
4.313507
4.313507
4.331924
4.356480
4.313507
4.313507
4.313507
4.313507
4.313507
4.313507
4.313507
4.313507
4.313507
4.313507
4.313507
4.313507
4.313507
4.313507
4.313507
4.313507
4.313507
4.313507
4.313507
4.313507
4.313507
4.313507
4.313507
4.313507
4.313507
4.313507
4.313507
4.313507
4.313507
4.313507
4.313507
4.313507
4.313507
4.313507
4.313507
4.313507
4.313507
4.313507
4.313507
4.313507
4.313507
4.313507
4.313635
4.310310
4.315170
4.313507
4.313507
4.313507
4.313507
4.313507
4.313507
4.313507
4.313507
4.313507
4.313507
4.313507
4.314274
4.291637
4.317344
4.313507
4.313507
4.313507
4.313507
4.313507
4.313507
4.313507
4.313507
4.313507
4.314786
4.281533
4.319646
4.285882
4.336784
4.313507
4.313507
4.313507
4.313507
4.313507
4.313507
4.313507
4.313507
4.313507
4.321181
4.094807
4.322715
4.051067
4.359549
4.313507
4.313507
4.313507
4.313507
4.313507
4.313507
4.313507
4.313507
4.313507
4.359549
4.420938
-0.053324
-0.354383
-0.566988
-0.144891
-0.076745
-0.265496
-0.312857
-0.215327
-0.167145
-0.314283
-0.269947
-0.384805
-0.245057
0.004364
-0.522868
-0.915753
-1.313522
-1.000190
-1.307645
-1.632601
-1.081299
-0.697445
-0.653930
-1.138556
-1.547041
-1.796591
-1.498470
-0.262169
-0.832483
-1.599155
-2.000250
-2.249931
-2.454627
-2.457522
-1.515971
-1.290878
-0.676185
-0.742559
-1.632212
-2.354115
-2.755600
-1.385556
-0.674499
-1.307429
-2.197773
-2.417853
-2.446892
-3.147146
-2.401994
-1.090892
-1.065008
-1.019203
-1.574307
-2.308958
-2.676651
-1.726674
-0.624330
-1.538312
-2.491487
-2.216484
-3.216976
-2.386870
-2.078162
-1.514804
-1.049668
-0.668320
-1.411527
-1.998652
-2.803306
-1.801085
-0.641183
-1.753033
-2.196995
-1.870009
-2.317687
-2.346467
-1.888460
-1.695086
-1.173255
-1.633508
-0.908235
-2.142332
-2.122844
-1.298570
-0.643257
-1.848921
-1.894769
-1.983441
-1.447912
-1.482784
-1.700098
-0.800074
-0.358791
-1.564758
-1.110208
-1.064187
-1.840495
-0.697229
-0.655573
-1.731600
-1.843865
-1.291570
-1.829519
-1.775072
-1.650664
-0.971584
-0.790222
-1.837513
-1.102387
-1.567264
-1.479803
-0.791864
-0.590625
-1.544059
-2.107892
-1.438578
-1.541466
-1.538269
-2.201317
-2.224133
-2.079156
-2.283074
-1.539089
-2.014121
-1.668899
-1.189157
-0.633491
-1.298570
-1.991176
-1.402409
-1.694524
-1.761719
-1.151087
-1.193651
-1.425182
-1.111937
-2.137536
-1.884830
-2.188353
-1.442510
-0.691482
-1.303367
-1.827661
-1.649842
-1.138858
-1.935907
-1.746638
-1.340183
-1.080781
-1.691110
-1.610519
-2.108670
-2.150240
-1.153637
-0.775919
-1.380198
-1.542979
-1.442769
-1.327825
-1.241703
-0.776178
-0.667629
-0.675277
-0.543048
-1.317670
-1.915684
-1.995713
-0.746880
-0.916272
-1.858730
-1.920610
-1.403360
-1.512211
-1.591506
-1.614711
-1.089250
-0.868825
-1.428337
-1.639385
-1.926401
-1.820617
-0.888919
-0.275867
-0.489767
-0.957712
-0.487693
-0.299763
-0.316486
-0.224704
-0.266879
-0.230494
-0.266403
-0.364366
-0.571309
-0.712440
-0.034483
1.610985
-0.425102
-0.944838
-0.880551
-1.028468
-1.117891
-0.959665
-0.875571
-0.899432
-1.039241
-1.244726
-1.482644
-0.823447
1.639596
0.432052
-1.702840
-2.872275
-2.916523
-2.684281
-2.561036
-2.208328
-3.228457
-3.000269
-2.306786
-2.512386
-3.040810
-2.581075
0.882057
-0.293286
-1.544614
-2.913627
-2.782390
-1.961376
-2.189216
-2.116822
-3.280234
-3.045327
-1.864657
-1.941106
-2.196167
-2.744860
0.386762
-0.146295
-1.293723
-2.705710
-1.621526
-0.572439
-1.091365
-1.455771
-2.774282
-3.262280
-1.406774
-0.097762
-1.001711
-1.748593
0.230042
-0.048533
-1.317121
-2.150529
0.068688
-0.339966
-0.905803
-1.990217
-3.403594
-3.881863
-2.990423
0.244173
-0.870011
-0.292475
0.235370
-0.056873
-1.451948
-0.648773
1.132833
-0.331510
0.386646
-2.618372
-3.746340
-3.773560
-3.490584
-0.211161
0.130195
0.396839
0.412129
-0.057684
-1.646662
0.281123
1.159590
0.521358
0.392437
-4.220207
-4.282640
-3.991324
-4.220901
-1.631719
1.388241
0.259231
0.527613
-0.104596
-1.420326
0.084210
1.698438
1.152177
0.326298
-4.366038
-4.332911
-3.940127
-4.233412
-1.350480
2.278639
0.224018
0.898274
-0.102511
-1.331484
-1.383724
1.331831
0.311934
0.483597
-3.172279
-3.744024
-3.382166
-3.292628
-0.016448
1.203606
-0.389310
0.651321
-0.097994
-1.299399
-2.253734
0.276837
-0.052819
-0.288189
-1.467585
-3.017644
-3.023783
-1.997400
0.630934
0.185447
-0.275679
0.532130
-0.150465
-1.374457
-2.722852
-1.801297
-0.989549
-1.306812
0.236412
-1.506390
-2.087748
-0.546378
-0.154403
-1.114647
-1.710600
0.310776
-0.309850
-1.451833
-2.867410
-2.580148
-2.063539
-2.133154
-0.656649
-1.625696
-2.215858
-1.646430
-1.717087
-2.047207
-2.283735
0.465064
-0.040309
-1.663804
-3.203669
-3.121197
-3.076949
-2.622658
-2.047554
-2.560572
-2.937257
-2.802777
-2.802892
-3.186990
-2.808220
0.651205
1.042252
-0.478500
-1.339592
-1.250518
-1.315731
-1.486814
-1.446620
-1.388473
-1.534652
-1.609711
-1.646893
-1.538707
-1.251792
1.541139
1.259200
1.259200
1.259200
1.259200
1.259200
1.259200
1.092270
0.831309
0.825499
1.067829
1.259200
1.259200
1.259200
1.259200
1.259200
1.259200
1.259200
1.259200
1.259200
1.173479
0.546037
-0.449963
-0.694370
0.241811
0.976493
1.259200
1.259200
1.259200
1.259200
1.259200
1.259200
1.259200
1.200549
1.082727
0.378782
-0.895154
-1.223237
-0.276184
0.869902
1.241803
1.259200
1.259200
1.259200
1.259200
1.259200
1.259200
1.204996
0.947021
0.373849
-0.426983
-0.709268
-0.075951
0.843416
1.235279
1.240602
1.246152
1.259200
1.259200
1.259200
1.259200
1.195973
1.065622
0.844260
0.756851
0.644093
0.792457
1.053613
1.235539
1.234370
1.251411
1.259200
1.259200
1.259200
1.259200
1.239563
1.169422
1.152544
1.193766
1.259200
1.259200
1.259200
1.247418
1.243037
1.246931
1.259200
1.259200
1.259200
1.259200
1.259200
1.259200
1.259200
1.259200
1.259200
1.259200
1.259200
1.259200
1.259200
1.259200
1.259200
1.259200
1.259200
1.259200
1.259200
1.259200
1.259200
1.259200
1.259200
1.259200
1.259200
1.259200
1.259200
1.259200
1.259200
1.259200
1.259200
1.259200
1.259200
1.259200
1.259200
1.205061
1.166761
1.128071
1.167410
1.085194
1.091816
1.141768
1.259200
1.259200
1.259200
1.259200
1.259200
1.259200
1.132875
0.690962
0.228438
0.404262
0.862436
1.162314
1.035728
1.189092
1.259200
1.259200
1.259200
1.259200
1.259200
1.182503
0.584857
-0.506796
-1.257902
-0.701219
0.513872
0.977954
1.113725
1.148779
1.259200
1.241154
1.211845
1.210806
1.237454
1.208794
0.577035
-0.788043
-1.328141
-0.566876
0.487062
1.093698
1.132518
1.170461
1.259200
1.244951
1.207722
1.203081
1.246217
1.174031
0.602644
-0.263720
-0.501830
0.077931
0.739551
1.007360
1.082468
1.126123
1.259200
1.241057
1.209735
1.213305
1.238752
1.244043
1.086687
0.926313
0.885027
1.041733
1.175394
1.156407
1.063805
1.153323
1.099311
1.099311
1.099311
1.099311
1.099311
1.099311
1.099311
1.099311
1.099311
1.099311
1.099311
1.099311
1.099311
1.099311
1.099311
1.099311
1.099311
1.099311
1.099311
1.099311
1.099311
1.099311
1.099311
1.099311
1.099311
1.099311
1.099311
1.099311
1.099311
1.099311
1.099311
1.099311
1.099311
1.099311
1.099311
1.099311
1.099311
1.099311
1.099311
1.099311
1.099311
1.099311
1.099311
1.099311
1.099311
1.099311
1.099311
1.099311
1.099311
1.099311
1.099311
0.994908
0.994178
1.002209
1.099311
1.099311
1.099311
1.099311
1.099311
1.099311
1.099311
1.099311
1.099311
1.099311
1.099311
0.989798
0.913138
1.012431
1.099311
1.099311
1.099311
1.099311
1.065902
1.040612
1.043007
1.076007
1.099311
1.099311
1.099311
0.992718
1.033165
0.981913
1.079891
1.099311
1.099311
1.099311
1.064267
1.013453
1.026828
1.078460
1.099311
1.099311
1.099311
1.099311
1.077409
1.062077
1.081935
1.099311
1.099311
1.099311
1.065202
1.059244
0.982439
1.000486
1.029398
1.099311
1.099311
1.099311
1.040408
1.052410
1.045080
1.099311
1.099311
1.099311
1.099311
1.099311
1.020462
0.877568
0.948446
1.017746
1.090959
1.024083
0.984833
0.970144
1.068034
1.099311
1.099311
1.099311
1.099311
1.099311
1.022564
0.974729
0.602091
0.752986
0.838085
1.014329
0.934837
1.027412
1.064618
1.099311
1.099311
1.099311
1.099311
1.099311
1.099311
1.009773
0.726440
0.483845
0.818285
1.027470
1.062632
1.037633
1.099311
1.099311
1.099311
1.099311
1.099311
1.099311
1.099311
1.099311
0.769603
0.892258
0.807042
1.099311
1.099311
1.099311
1.099311
1.099311
1.099311
1.099311
1.099311
1.099311
1.099311
1.099311
1.048147
1.077584
1.053053
1.099311
1.099311
1.099311
1.099311
1.099311
1.099311
1.099311
1.099311
1.099311
1.099311
1.099311
1.099311
1.099311
1.099311
1.099311
1.099311
1.099311
1.099311
1.099311
-0.905466
-1.829333
-2.773882
-2.764749
-2.478148
-2.113651
-1.915152
-1.663872
-1.452211
-1.778567
-2.339145
-2.760720
-2.072823
-1.701208
-0.880218
-0.905064
-2.142392
-2.144406
-1.497203
-1.127334
-1.348127
-1.391507
-1.357125
-1.590006
-1.897693
-1.964844
-1.409101
-1.524332
-1.470074
-1.461613
-2.540464
-2.255071
-1.713699
-2.084105
-3.196531
-3.457078
-3.456004
-3.521409
-3.198277
-1.847732
-1.276276
-1.828796
-1.998151
-2.000837
-2.598617
-2.034144
-2.622791
-3.613809
-3.918407
-4.292305
-4.353950
-4.241001
-4.049083
-3.261802
-1.282587
-1.604511
-2.127216
-1.822080
-1.733710
-1.928716
-3.383346
-3.806264
-3.682975
-4.258461
-4.284515
-3.836885
-3.824664
-3.902693
-2.604661
-0.896468
-1.977603
-1.326370
-1.053065
-2.352844
-3.616764
-3.557939
-4.010538
-4.275383
-4.356904
-3.915989
-3.287857
-4.060096
-2.676915
-0.185471
-2.020042
-1.085701
-1.085566
-3.126560
-3.851390
-3.575801
-4.038339
-4.420429
-4.420429
-4.066811
-3.633954
-4.045994
-2.737217
-0.493964
-2.087059
-1.173803
-1.267277
-3.112727
-3.840511
-3.386838
-3.997108
-4.420429
-4.420429
-4.191846
-3.898530
-4.184863
-2.968217
-1.074553
-2.050395
-1.565160
-1.403863
-2.282872
-3.549613
-3.321298
-3.519394
-3.867775
-4.085345
-3.808413
-3.642147
-4.136514
-3.106146
-1.313612
-2.031055
-1.884531
-1.964978
-1.928582
-3.460570
-3.763422
-2.906841
-3.294303
-3.874221
-3.242463
-3.352993
-3.854882
-2.985677
-1.950742
-2.038845
-1.994524
-2.742858
-2.709685
-2.851509
-3.145228
-3.226346
-3.722594
-4.068826
-3.934523
-3.411818
-2.917585
-2.391120
-2.377018
-1.710072
-1.731829
-2.643205
-2.725264
-2.044351
-1.202543
-1.760570
-2.927255
-3.393016
-3.237225
-2.462569
-2.168715
-1.872712
-2.040322
-0.890290
-1.231418
-2.497890
-2.653278
-2.115531
-1.270501
-0.653649
-0.785803
-1.609077
-1.639429
-1.924956
-2.088670
-1.402385
-0.987391
-0.959187
-2.184562
-3.488236
-3.566400
-3.284768
-2.687660
-1.948996
-1.747543
-1.813216
-2.183488
-2.729025
-3.269861
-2.269442
-1.147345
-2.437645
-2.012064
-1.979553
-2.365377
-2.357543
-1.983469
-1.823852
-1.769406
-1.574633
-1.601366
-1.831490
-1.913551
-1.970837
-2.355780
-1.729550
-1.181856
-1.242765
-1.404244
-1.053476
-0.768025
-1.248053
-1.900331
-1.418932
-0.704570
-0.693406
-0.562285
-0.503138
-1.183521
-2.156993
-1.772344
-1.579333
-1.384169
-1.556615
-1.684701
-1.894358
-2.269410
-1.566114
-1.000499
-1.633388
-1.186067
-0.090385
-0.671765
-2.201744
-1.753248
-1.261665
-1.043880
-1.820131
-2.189993
-2.037133
-2.292521
-1.944887
-1.691849
-2.429518
-1.824440
-0.185665
-0.146887
-2.156013
-1.517836
-0.999520
-1.107139
-1.622910
-1.804169
-1.753052
-1.880844
-1.486990
-1.405125
-1.877417
-1.944789
-1.007941
-0.194479
-2.129182
-1.134754
-0.766263
-1.706832
-1.631038
-0.759212
-0.812973
-1.581977
-1.814059
-1.492572
-1.095095
-1.669718
-1.506183
-0.473369
-2.110870
-0.932637
-0.551611
-2.081003
-2.218881
-1.133383
-1.306906
-2.203899
-2.466142
-1.823068
-1.020867
-1.886132
-1.676671
-0.788687
-2.229261
-1.058275
-0.441347
-1.755500
-2.148669
-1.014502
-1.042705
-1.914139
-2.133491
-1.391611
-0.871140
-2.034978
-1.621245
-0.638079
-2.234353
-1.381917
-0.738941
-1.347153
-1.902192
-0.922355
-0.345969
-0.882793
-0.982383
-0.325502
-0.779776
-1.951840
-1.456340
-0.454959
-2.163651
-1.746883
-1.265092
-1.048874
-1.577571
-1.653169
-1.379175
-1.606067
-1.588636
-1.282621
-1.625260
-1.404733
-0.478951
-0.202411
-2.133099
-1.791635
-1.531350
-1.105768
-1.211038
-1.870464
-2.360677
-1.950077
-1.479156
-1.526846
-1.582565
-0.883283
-0.226892
-0.448006
-1.836582
-1.327470
-1.212604
-0.989923
-0.613304
-1.052399
-2.126146
-2.491896
-2.356466
-2.126636
-1.506575
-0.759604
-0.152567
-0.513812
-1.475435
-0.799948
-0.815323
-1.053183
-0.930679
-0.865559
-1.162467
-1.497762
-1.647881
-1.570128
-1.225922
-0.692427
-0.085390
-0.597048
-1.687638
-0.859977
-0.742467
-1.088631
-1.188809
-1.040257
-0.838042
-0.786827
-0.771159
-0.857333
-1.009998
-0.753532
-0.259990
-0.906981
-0.215224
-0.215224
-0.215224
-0.215224
-0.215224
-0.215224
-0.215224
-0.215224
-0.215224
-0.215224
-0.215224
-0.215224
-0.215224
-0.215224
-0.215224
-0.215224
-0.215224
-0.215224
-0.215224
-0.215224
-0.193534
-0.085147
-0.116843
-0.212577
-0.215224
-0.215224
-0.215224
-0.215224
-0.215224
-0.215224
-0.215224
-0.215224
-0.214772
-0.187143
0.004067
0.649609
0.458012
-0.196955
-0.214643
-0.215224
-0.215224
-0.215224
-0.215224
-0.215224
-0.215224
-0.215224
-0.213416
-0.095798
0.734821
-0.159191
-0.153058
-0.062359
-0.215805
-0.215224
-0.215224
-0.215224
-0.215224
-0.215224
-0.215224
-0.215224
-0.214901
-0.195858
-0.159901
-0.207865
-0.212319
-0.206509
-0.214062
-0.203475
-0.154801
-0.213545
-0.215224
-0.215224
-0.206186
-0.168745
-0.213933
-0.215224
-0.215224
-0.215224
-0.215224
-0.215224
-0.215224
-0.158287
0.262219
-0.215482
-0.215224
-0.215224
-0.179073
0.131239
-0.121233
-0.212577
-0.215224
-0.215224
-0.215224
-0.215224
-0.215224
-0.160740
0.203217
-0.212383
-0.215224
-0.215224
-0.208768
-0.116327
0.487513
-0.217096
-0.215224
-0.215224
-0.215224
-0.215224
-0.215224
-0.182818
0.035634
-0.213287
-0.215224
-0.215224
-0.215224
-0.180300
0.021238
-0.210705
-0.215224
-0.215224
-0.215224
-0.215224
-0.215224
-0.210705
-0.201667
-0.213416
-0.215224
-0.215224
-0.215224
-0.211351
-0.203604
-0.213674
-0.215224
-0.203475
-0.154349
-0.211221
-0.215159
-0.215224
-0.215224
-0.215224
-0.215224
-0.215224
-0.215224
-0.215224
-0.215224
-0.215224
-0.206638
-0.124073
0.214126
-0.200505
-0.215288
-0.215224
-0.215224
-0.215224
-0.215224
-0.215224
-0.215224
-0.215224
-0.215224
-0.215224
-0.180881
0.104707
-0.190951
-0.210899
-0.215095
-0.215224
-0.215224
-0.215224
-0.215224
-0.215224
-0.215224
-0.215224
-0.215224
-0.215224
-0.209091
-0.196826
-0.212771
-0.215224
-0.215224
-0.215224
-0.215224
-0.215224
-0.215224
-0.215224
-0.215224
-0.215224
-0.215224
-0.215224
-0.215224
-0.215224
-0.215224
-0.215224
-0.215224
-0.215224
-0.215224
-0.215224
1.622112
1.290710
1.417034
1.484582
1.566468
1.875097
2.332918
2.496088
2.460134
2.239296
1.715902
1.330063
1.265383
1.771160
0.808501
0.250792
0.563179
0.622606
0.946681
1.711806
2.234235
2.498257
2.594169
2.311085
1.645921
0.793801
0.217319
1.012157
0.485029
-0.016652
0.289759
0.692781
1.421637
2.073643
2.337545
2.623376
2.764014
2.859058
2.350510
1.421492
0.666995
0.815755
0.468642
-0.166906
0.417697
1.318689
2.306819
2.581589
2.481870
2.189364
2.602844
2.840744
2.849901
2.263539
1.303675
1.310013
0.394153
-0.198089
0.850192
2.018386
2.922124
2.686658
1.951561
1.650789
1.605604
1.875024
2.363089
2.597711
1.846034
1.775739
0.299832
-0.064921
1.221500
2.544092
2.948560
2.286914
1.360668
0.546479
0.282457
0.828696
1.706287
2.503390
2.346558
2.018795
0.265781
0.018025
1.453712
2.687092
2.869613
2.038580
0.701721
0.059402
-0.037040
0.253057
1.451977
2.577252
2.499510
2.159289
0.276264
-0.042221
1.329798
2.583807
2.946680
2.031471
0.757871
0.077235
-0.025593
0.328750
1.533622
2.670778
2.507631
2.142637
0.341281
-0.177605
1.076716
2.353980
3.009963
2.375572
1.327388
0.639475
0.559902
1.078548
1.995878
2.929450
2.413961
2.022338
0.416517
-0.148639
0.783367
1.880615
2.866963
2.812814
2.228235
2.004457
1.969779
2.246308
2.810862
2.858817
1.974599
1.719445
0.520694
-0.025063
0.480835
1.297747
2.095500
2.871108
2.968585
2.888025
2.924726
2.989238
2.910774
2.252213
1.363463
1.225452
0.676563
0.367669
0.638631
0.885375
1.626521
2.234886
2.713456
2.662367
2.553491
2.471363
2.266575
1.625365
0.772209
1.093079
1.085320
0.817634
1.262274
1.287288
1.513066
1.972165
2.112755
2.087452
1.911822
1.816682
1.695949
1.334666
0.913257
1.363439
1.795355
1.683105
1.971032
2.061546
2.138203
2.113502
2.147529
2.073884
1.957537
1.924546
1.936065
1.938427
1.765087
2.001227
0.561029
1.295058
1.387303
1.534729
1.520442
1.452630
1.332949
1.313590
1.336677
1.368460
1.384094
1.497976
1.422192
0.502121
0.451702
0.854848
1.212958
1.296093
1.419708
1.468160
1.206746
1.390305
1.372291
1.150944
1.350653
1.354794
1.193495
0.729369
0.379955
0.965418
1.054557
1.026811
1.175687
1.322079
1.153946
0.561236
2.090582
2.628007
1.404799
1.137381
1.016872
0.552436
0.455843
0.938914
1.038407
1.078887
0.403042
0.729369
1.827202
1.126614
0.752146
1.073917
0.243296
0.222175
0.749558
0.413188
0.421885
0.869342
0.977531
0.866132
0.571796
0.238016
0.293922
0.709181
0.617039
0.517443
0.830518
0.658969
0.619006
0.370224
0.437518
0.914481
0.991922
0.737341
0.594263
0.378920
0.547881
0.603477
0.672531
0.735374
0.663317
-0.184594
-0.372294
0.101563
0.449010
0.913135
0.796353
-0.083963
-0.300858
0.319908
0.398280
0.704833
0.788071
0.644682
0.557406
0.540945
0.298374
-0.027850
0.393311
0.819337
0.928354
0.842424
0.621594
0.023398
0.390412
0.693341
0.712701
0.649651
0.421885
0.583806
0.758151
0.041205
0.397141
0.921832
1.096590
0.806188
0.298581
0.526347
0.578630
0.635985
0.684437
0.646649
0.519307
0.158815
0.031370
0.243917
0.411118
0.898020
1.054039
1.023395
0.571900
1.043997
1.324978
1.090482
0.941606
1.229109
1.408941
0.826998
0.594159
0.347861
0.448389
0.894707
1.053522
1.346408
1.726571
1.740547
0.952373
0.855365
1.478202
1.145249
0.648202
0.724711
1.019357
0.597679
0.436793
1.019357
1.103837
1.240808
1.647370
1.195151
0.296199
0.623769
1.408009
1.024637
0.984778
1.307688
1.317213
0.725746
0.437829
0.942020
1.206954
1.212855
1.207678
1.229419
1.412668
1.392893
1.073710
1.310898
1.280770
1.314107
1.153428
0.725125
0.515373
1.051658
1.192873
1.354173
1.435651
1.415670
1.475614
1.487313
1.554090
1.512160
1.487002
1.468988
1.612791
0.784965
-1.687850
-1.687850
-1.687850
-1.687850
-1.687850
-1.687850
-1.687850
-1.687850
-1.687850
-1.687850
-1.687850
-1.687850
-1.687850
-1.687850
-1.687850
-1.687850
-1.687850
-1.687850
-1.687850
-1.687850
-1.687850
-1.687850
-1.687850
-1.687850
-1.687850
-1.687850
-1.687850
-1.687850
-1.687850
-1.687850
-1.687850
-1.687850
-1.687850
-1.687850
-1.687850
-1.687850
-1.687850
-1.687850
-1.687850
-1.687850
-1.687850
-1.687850
-1.687850
-1.687850
-1.687850
-1.687850
-1.687850
-1.687850
-1.687850
-1.687850
-1.687850
-1.687850
-1.687850
-1.687850
-1.687850
-1.687850
-1.687850
-1.687850
-1.687850
-1.687850
-1.687850
-1.687850
-1.687850
-1.687850
-1.687850
-1.687850
-1.687850
-1.687850
-1.687850
-1.687850
-1.687850
-1.687850
-1.687850
-1.687850
-1.687850
-1.687850
-1.687850
-1.687850
-1.687850
-1.687850
-1.687850
-1.687850
-1.687850
-1.687850
-1.687850
-1.687850
-1.687850
-1.687850
-1.687850
-1.687850
-1.687850
-1.687850
-1.687850
-1.687850
-1.687850
-1.687850
-1.687850
-1.687850
-1.687850
-1.687850
-1.687850
-1.687850
-1.687850
-1.687850
-1.687850
-1.687850
-1.687850
-1.687850
-1.687850
-1.687850
-1.687850
-1.687850
-1.687850
-1.687850
-1.687850
-1.687850
-1.687850
-1.687850
-1.687850
-1.687850
-1.687850
-1.687850
-1.687850
-1.687850
-1.687850
-1.687850
-1.687850
-1.687850
-1.687850
-1.687850
-1.687850
-1.687850
-1.687850
-1.687850
-1.687850
-1.687850
-1.687850
-1.687850
-1.687850
-1.687850
-1.687850
-1.687850
-1.687850
-1.687850
-1.687850
-1.687850
-1.687850
-1.687850
-1.687850
-1.687850
-1.687850
-1.687850
-1.687850
-1.687850
-1.687850
-1.687850
-1.687850
-1.687850
-1.687850
-1.687850
-1.687850
-1.687850
-1.687850
-1.687850
-1.687850
-1.687850
-1.687850
-1.687850
-1.687850
-1.687850
-1.687850
-1.687850
-1.687850
-1.687850
-1.687850
-1.687850
-1.687850
-1.687850
-1.687850
-1.687850
-1.687850
-1.687850
-1.687850
-1.687850
-1.687850
-1.687850
-1.687850
-1.687850
-1.687850
-1.687850
-1.687850
-1.687850
-1.687850
-1.687850
-1.687850
-1.687850
1.974256
-0.258004
-0.905509
-0.977153
-1.071920
-1.372094
-1.399755
-1.309521
-1.440109
-1.343529
-1.470942
-1.065118
-0.006348
0.642517
-0.924100
-1.461420
-1.565710
-1.837317
-2.046805
-2.335190
-2.182836
-1.333098
-1.390231
-1.327658
-1.771116
-1.599718
-1.131320
-2.143841
-1.709450
-2.061316
-2.001008
-2.111646
-1.526262
-0.520544
-0.124241
0.275235
0.212661
0.960828
0.023579
-0.697836
-0.351412
-2.455804
-1.718972
-1.994660
-1.992393
-1.452806
-0.670630
-0.915031
-0.483362
-0.503313
-0.506487
-0.469305
-1.942061
-2.342444
0.263899
-1.947050
-1.715344
-2.090335
-2.023679
-1.033832
-1.830062
-1.405648
-0.991662
-0.621659
-0.955841
-0.330101
-0.968991
-2.027761
0.248935
-1.949317
-1.629644
-2.100763
-2.184649
-0.588559
-2.216389
-1.251934
-1.233797
-1.402927
-1.525808
-1.179838
-0.849737
0.327380
1.512659
-1.909868
-1.734842
-1.953398
-1.663652
0.817543
-1.082349
-1.090511
-1.807845
-1.820540
-1.587023
-1.700834
-1.281407
-0.584024
-1.148551
-2.492531
-1.829157
-2.003729
-2.024587
-0.788071
-1.674988
-1.281860
-1.829609
-1.843665
-1.631459
-1.865430
-1.392044
-1.141296
-1.837771
-2.569615
-1.739830
-2.091242
-1.973802
-0.671083
-0.479280
-1.458700
-1.312242
-1.519915
-1.663199
-1.493161
0.311057
0.994382
0.557271
-2.327481
-1.728041
-2.093056
-1.957932
-1.226542
-0.546842
-0.634809
-0.715974
-0.244402
-0.408545
-0.191350
0.925008
-1.365293
-0.063027
-1.916216
-1.720786
-2.092149
-2.116180
-1.849107
-0.207221
-0.869236
-1.526262
-0.377258
-0.840216
-1.404288
-1.429680
0.091140
0.338716
-1.899892
-1.567071
-1.972441
-2.096230
-2.089882
-1.333098
-0.378165
-0.648412
0.492884
-0.283396
-1.313148
-1.159887
-0.654306
-1.056050
-2.216390
-0.970805
-1.600625
-1.718518
-1.752525
-1.831425
-1.712624
-2.162886
-1.763409
-1.785173
-1.841853
-1.699474
-1.354863
-1.204323
-1.819634
0.190896
-1.526715
-2.102577
-2.366024
-2.516564
-2.602716
-2.543770
-2.392323
-2.386428
-2.398671
-2.497519
-2.326574
-1.630098
-0.927274
-0.835833
-0.835833
-0.835833
-0.835833
-0.835833
-0.835833
-0.834580
-0.832811
-0.832368
-0.834137
-0.835833
-0.835833
-0.835833
-0.835833
-0.835833
-0.835833
-0.835833
-0.835833
-0.835833
-0.835833
-0.825365
-0.802954
-0.804797
-0.835464
-0.835833
-0.835833
-0.835833
-0.835833
-0.835833
-0.835833
-0.835833
-0.835833
-0.835833
-0.835833
-0.822490
-0.702695
-0.831778
-0.834432
-0.835833
-0.834580
-0.834064
-0.834137
-0.835833
-0.835833
-0.835833
-0.835833
-0.835833
-0.835833
-0.825512
-0.835317
-0.826028
-0.835833
-0.835833
-0.834137
-0.817034
-0.835464
-0.835833
-0.835833
-0.819541
-0.812832
-0.813791
-0.835833
-0.835833
-0.835833
-0.835833
-0.835833
-0.835833
-0.769190
-0.738744
-0.739187
-0.835833
-0.835833
-0.776194
-0.524589
-0.760713
-0.817182
-0.835833
-0.835833
-0.835833
-0.835833
-0.835833
-0.747664
0.148471
-0.741472
-0.835833
-0.835833
-0.765799
-0.252268
-0.599783
-0.831778
-0.835833
-0.835833
-0.835833
-0.835833
-0.835833
-0.759165
-0.826102
-0.762703
-0.835833
-0.835833
-0.791601
-0.817403
-0.793002
-0.820426
-0.835833
-0.835833
-0.835833
-0.835833
-0.835833
-0.835833
-0.835833
-0.835833
-0.835833
-0.835833
-0.835833
-0.835833
-0.835833
-0.835833
-0.835833
-0.835833
-0.835833
-0.835833
-0.835833
-0.835833
-0.835833
-0.835833
-0.835833
-0.835833
-0.835833
-0.835833
-0.835833
-0.835833
-0.834580
-0.834064
-0.834137
-0.835833
-0.835833
-0.835833
-0.835833
-0.835833
-0.835833
-0.835833
-0.835833
-0.835833
-0.835833
-0.803249
-0.788136
-0.772950
-0.835464
-0.835833
-0.835833
-0.835833
-0.835833
-0.835833
-0.835833
-0.835833
-0.835833
-0.835833
-0.835833
-0.791749
-0.345598
-0.826176
-0.834432
-0.835833
-0.835833
-0.835833
-0.835833
-0.835833
-0.833327
-0.832294
-0.832442
-0.835833
-0.835833
-0.797499
-0.833916
-0.799416
-0.835833
-0.835833
-0.835833
-0.835833
-0.835833
-0.835833
-0.832442
-0.798236
-0.835096
-0.835833
-0.835833
-0.835833
-0.835833
-0.835833
-0.835833
-0.835833
-0.835833
-0.835833
-0.835833
-0.835833
2.574278
3.022241
2.741182
2.853867
2.802260
2.668508
2.851254
2.792788
2.893552
2.944668
2.822021
2.854357
2.907760
2.552067
3.027957
2.607757
2.528550
2.313469
2.571501
2.831330
2.265129
2.459306
2.306774
2.250594
2.599591
2.873301
2.679450
2.695945
3.091812
2.535573
2.407700
2.515975
2.180044
2.240633
1.895066
2.655770
3.070418
2.231977
1.937526
2.267905
2.763882
2.788869
3.035143
2.604490
2.492296
2.164856
2.581953
2.215482
2.155874
2.574604
2.452284
1.630828
2.614289
2.830350
2.237530
2.968022
3.108633
2.586853
2.530837
1.694846
2.794911
2.673081
1.875795
2.215646
2.389572
2.278684
2.275908
2.615922
2.076504
2.914945
3.055393
2.635520
2.043515
2.585709
2.452447
2.139543
2.195069
2.742489
2.651361
2.596488
2.043516
2.291912
3.421211
2.870525
3.057353
2.610860
2.004321
3.192575
2.203398
1.797079
2.724851
2.471228
2.528387
2.454244
2.533776
1.485807
3.143091
2.584239
3.095241
2.571011
2.274765
2.055274
2.564969
2.054621
2.429747
2.579830
2.418968
2.432523
2.422398
1.720976
3.132476
2.320982
3.087402
2.580157
2.340906
2.078954
3.056210
2.077484
2.350541
2.795075
2.636173
2.812549
1.711014
2.457020
3.842391
2.287013
3.054250
2.495235
2.539002
1.988480
2.906290
1.737470
2.245205
2.134317
2.315266
1.802141
2.502584
2.169102
2.490989
3.033999
3.029917
2.565459
2.361483
2.739059
1.470619
2.468125
2.691535
2.704764
0.953085
3.973367
1.487277
2.363933
2.237530
3.049351
3.037429
2.609879
2.441015
2.278684
2.694475
1.768173
2.817285
2.575584
2.106390
2.728934
2.181514
2.350214
2.788379
2.896818
3.355233
2.510913
2.423541
2.362953
2.333557
2.712766
2.356257
2.102308
2.530184
2.298118
2.639439
2.641072
2.626047
2.760453
2.723544
3.130680
2.769598
2.846518
2.898124
2.819245
2.708356
2.981576
2.977167
2.848314
2.756697
2.747388
2.937319
2.896654
1.379568
1.042889
0.908937
0.882398
1.092893
1.194965
1.332639
1.422209
1.418083
1.352422
1.175384
1.159161
1.214505
1.414765
1.270052
0.805611
0.612836
0.838705
1.172916
1.221221
0.847201
0.195648
-0.013553
0.301482
0.718913
1.062793
1.316780
1.429087
1.172754
0.675058
0.716202
1.046975
1.290483
0.829440
-0.198682
-0.724334
-1.231173
-0.827498
0.283398
1.154468
1.468856
1.485038
1.102319
0.630394
0.665632
0.919699
0.984267
0.539083
-0.249495
-0.928923
-1.339233
-0.447490
-0.097945
0.879080
1.273855
1.464931
1.097020
0.790359
0.840202
0.950648
1.014205
0.582048
0.563034
0.669879
0.574887
0.599526
0.575859
0.598555
0.546244
1.191283
1.155479
1.030833
0.497251
-0.221702
-0.069059
0.942071
1.426660
1.259210
1.230890
1.263862
0.884178
0.011247
0.034550
0.658107
1.204674
1.158069
-0.170686
-0.878797
-0.811841
0.470388
1.356225
1.113526
1.052477
1.243230
0.942799
-0.405698
-0.347764
0.342343
1.206859
1.095604
-0.320011
-1.278750
-1.350642
0.555833
1.370991
1.169154
1.148683
1.277901
0.790359
-0.614009
-0.821187
0.273567
1.170044
0.987261
0.390689
-0.227082
0.163890
0.627845
1.456476
1.341296
1.327096
1.428723
0.863707
-0.340361
-0.328871
0.340604
1.128009
0.795295
0.620887
0.160572
0.348210
0.714867
0.972292
0.405658
0.249334
0.650258
1.004981
0.360225
0.376205
0.836480
1.086258
0.629261
0.439115
0.443242
0.716081
0.704672
-0.061696
-1.532615
-1.862498
-0.542320
0.657662
1.078612
1.083184
1.193792
1.047015
0.558341
0.253663
0.341089
0.714786
0.655922
-0.392469
-1.895227
-2.302908
-1.111989
0.625822
0.973708
1.110047
1.235907
1.006154
0.329438
-0.046120
0.104823
0.444051
0.611541
0.145401
-0.844975
-0.726195
-0.131322
0.566594
0.477347
0.723687
1.090830
1.096008
0.593700
0.224898
0.205236
0.484508
0.702326
0.999681
1.000814
0.907643
0.853309
0.751642
0.518815
0.733356
1.044588
-0.484763
-0.484763
-0.484763
-0.484763
-0.484763
-0.484763
-0.484763
-0.484763
-0.484763
-0.484763
-0.484763
-0.484763
-0.484763
-0.484763
-0.484763
-0.484763
-0.484763
-0.484763
-0.484763
-0.474236
-0.481028
-0.473896
-0.455813
-0.474490
-0.454879
-0.484763
-0.484763
-0.484763
-0.484763
-0.484763
-0.484763
-0.484763
-0.484763
-0.476952
-0.398168
-0.482046
-0.305375
-0.190594
-0.314289
-0.484763
-0.484763
-0.484763
-0.484763
-0.484763
-0.437390
-0.467953
-0.435862
-0.474236
-0.484084
-0.473557
-0.338655
0.816032
-0.402667
-0.481028
-0.473896
-0.484763
-0.484763
-0.468972
-0.444012
-0.078785
-0.472538
-0.484763
-0.484763
-0.484763
-0.326854
-0.474575
-0.308856
-0.398168
-0.482046
-0.484763
-0.484763
-0.459888
-0.302828
-0.464048
-0.434334
-0.484763
-0.484763
-0.484763
-0.484763
-0.484763
-0.474236
-0.357757
-0.428731
-0.354361
-0.484763
-0.459209
-0.375500
-0.454030
-0.481028
-0.473896
-0.484763
-0.484763
-0.484763
-0.484763
-0.484763
-0.112064
0.653369
-0.164191
-0.484763
-0.471604
-0.483914
-0.426099
-0.374566
-0.440277
-0.473896
-0.484763
-0.484763
-0.484763
-0.484763
0.080143
1.900339
-0.039222
-0.484763
-0.484763
-0.484763
-0.446899
-0.173190
-0.377453
-0.482046
-0.484763
-0.484763
-0.484763
-0.484763
0.008150
1.453270
-0.084558
-0.484763
-0.484763
-0.484763
-0.447918
-0.471859
-0.444861
-0.473557
-0.253163
-0.394687
-0.242891
-0.439767
-0.195688
-0.080737
-0.213771
-0.484763
-0.484763
-0.484763
-0.484763
-0.484763
-0.484763
-0.274218
-0.022413
1.738525
-0.130742
-0.428476
-0.127006
-0.356144
-0.436541
-0.484763
-0.468972
-0.479160
-0.447408
-0.477292
-0.463029
-0.291707
1.704566
1.480098
0.065116
-0.376095
-0.369218
-0.439852
-0.462605
-0.484763
-0.473047
-0.354870
-0.465067
-0.311573
-0.479330
-0.246881
0.086765
0.245438
0.125648
-0.229902
-0.471604
-0.411412
-0.482725
-0.484763
-0.468972
-0.483744
-0.446899
-0.483405
-0.462350
-0.447918
-0.429750
-0.400036
-0.399696
-0.438239
-0.448851
-0.484254
-0.476358
-1.640392
-1.370252
-1.035766
-0.922279
-0.949701
-0.953638
-0.799019
-0.379690
-0.490597
-0.770105
-0.822368
-0.920786
-0.988118
-1.551341
-1.577812
-1.187126
-1.054635
-1.038481
-1.183461
-0.650103
-0.359599
-0.076291
0.339780
-0.051584
-0.659198
-1.228258
-1.584599
-1.573740
-1.622473
-1.511566
-1.563151
-1.333735
-0.547069
0.419600
0.137378
-0.928117
-0.557386
1.390886
1.705552
0.259417
-1.422108
-1.653153
-1.692656
-1.674737
-1.651795
-0.777435
-0.262403
-0.852912
-1.757408
-1.139750
-1.088301
-1.668221
-0.675623
-0.310865
-0.441999
-1.345138
-1.710575
-1.669035
-1.456452
-0.903682
-1.755915
-1.151695
-1.296404
-1.498806
-1.615007
-1.724693
-1.603061
-1.138256
-0.110093
-0.995448
-1.710575
-1.466769
-0.873546
-1.401881
-1.377175
-1.702973
-1.862885
-1.617722
-1.710575
-1.710575
-1.686683
-1.298983
-2.495748
-1.339165
-1.710575
-1.355591
-1.374460
-1.605233
-1.621659
-1.710575
-1.710575
-1.710575
-1.710575
-1.710575
-1.706774
-1.733923
-1.706774
-1.710575
-1.710575
-1.500028
-1.740982
-1.500163
-1.722656
-1.980308
-1.664963
-1.710575
-1.710575
-1.672565
-1.900895
-1.658175
-1.671207
-1.710575
-1.710575
-1.656818
-1.799898
-1.595052
-1.033594
-0.718791
-1.725236
-1.925601
-1.910126
-1.737724
-0.935311
-1.155497
-1.589351
-1.710575
-1.710575
-1.710575
-1.710575
-1.641071
-1.129840
-0.595803
0.925130
0.217334
0.413220
1.084635
-0.115523
-0.904632
-1.570482
-1.710575
-1.707724
-1.721435
-1.748584
-1.674058
-0.931239
-0.357292
0.016562
0.601640
0.287517
-0.265254
-0.572590
-1.114365
-1.656818
-1.710575
-1.658718
-1.734874
-1.676637
-1.697407
-1.368215
-1.343645
-0.284666
-0.202673
-0.107785
-0.353491
-1.140700
-1.313101
-1.838450
-1.710167
-1.675823
-1.006715
-0.844360
-1.200701
-1.579441
-1.772748
-1.364279
-1.490390
-1.403103
-1.727815
-1.828405
-1.201787
-1.299255
-1.545504
0.143080
0.545576
0.283580
0.091631
-0.019684
-0.182582
-0.518426
-1.016218
-0.640600
-0.435890
-0.112129
0.262946
0.265661
-0.545440
-0.086239
-0.086239
-0.086239
-0.086239
-0.086239
-0.086239
-0.086239
-0.086239
-0.086239
-0.086239
-0.086239
-0.086239
-0.086239
-0.086239
-0.086239
-0.086239
-0.086239
-0.086239
-0.086239
-0.086239
-0.086239
-0.086239
-0.086239
-0.086239
-0.086239
-0.086239
-0.086239
-0.086239
-0.086239
-0.086239
-0.086239
-0.086239
-0.086239
-0.086239
-0.086239
-0.086239
-0.086239
-0.086239
-0.086239
-0.086239
-0.086239
-0.086239
-0.086239
-0.086239
-0.086239
-0.086239
-0.086239
-0.086239
-0.086239
-0.086239
-0.086239
-0.086239
-0.086239
-0.086239
-0.086239
-0.086239
-0.086239
-0.086239
-0.086239
-0.086239
-0.086239
-0.086239
-0.086239
-0.086239
-0.086239
-0.086239
-0.086239
-0.086239
-0.086239
-0.086239
-0.086239
-0.086239
-0.086239
-0.086239
-0.086239
-0.086239
-0.086239
-0.086239
-0.086239
-0.086239
-0.086239
-0.086239
-0.086239
-0.086239
-0.086239
-0.086239
-0.086239
-0.086239
-0.086239
-0.086239
-0.086239
-0.086239
-0.086239
-0.086239
-0.086239
-0.086239
-0.086239
-0.086239
-0.086239
-0.086239
-0.086239
-0.086239
-0.086239
-0.086239
-0.086239
-0.086239
-0.086239
-0.086239
-0.086239
-0.086239
-0.086239
-0.086239
-0.086239
-0.086239
-0.086239
-0.086239
-0.086239
-0.086239
-0.086239
-0.086239
-0.086239
-0.086239
-0.086239
-0.086239
-0.086239
-0.086239
-0.086239
-0.086239
-0.086239
-0.086239
-0.086239
-0.086239
-0.086239
-0.086239
-0.086239
-0.086239
-0.086239
-0.086239
-0.086239
-0.086239
-0.086239
-0.086239
-0.086239
-0.086239
-0.086239
-0.086239
-0.086239
-0.086239
-0.086239
-0.086239
-0.086239
-0.086239
-0.086239
-0.086239
-0.086239
-0.086239
-0.086239
-0.086239
-0.086239
-0.086239
-0.086239
-0.086239
-0.086239
-0.086239
-0.086239
-0.086239
-0.086239
-0.086239
-0.086239
-0.086239
-0.086239
-0.086239
-0.086239
-0.086239
-0.086239
-0.086239
-0.086239
-0.086239
-0.086239
-0.086239
-0.086239
-0.086239
-0.086239
-0.086239
-0.086239
-0.086239
-0.086239
-0.086239
-0.086239
-0.086239
-0.086239
-0.086239
-0.086239
-0.086239
-0.086239
-0.086239
1.068398
1.068398
1.068398
1.068398
1.068398
1.068398
1.066927
1.026851
0.981130
1.038954
1.068398
1.068398
1.068398
1.068398
1.068398
1.068398
1.068398
1.068398
1.068398
1.068398
1.066572
1.016625
0.954677
1.025330
1.068398
1.068398
1.068398
1.068398
1.068398
1.068398
1.068398
1.068398
1.068398
1.068398
1.067232
1.036232
1.019685
1.047303
1.068398
1.068398
1.068398
1.068398
1.068398
1.068398
1.068398
1.068398
1.068398
1.068398
1.068398
1.068398
1.068398
1.068398
1.068398
1.068398
1.068398
1.068398
1.068398
1.068398
1.068398
1.068398
1.068398
1.068398
1.068398
1.068398
1.068398
1.068398
1.068398
1.068398
1.068398
1.068398
1.068398
1.068398
1.068398
1.068398
1.068398
1.068398
1.068398
1.068398
1.068398
1.068398
1.068398
1.068398
1.068398
1.068398
1.068398
1.068398
1.068398
1.068398
1.066927
1.065085
1.067265
1.068398
1.068398
1.068398
1.068398
1.068398
1.068398
1.068398
1.068398
1.068398
1.041928
1.008765
1.046188
1.064088
1.066741
1.068398
1.068398
1.068398
1.068398
1.068398
1.068398
1.068398
1.068398
1.068398
1.023775
0.964312
1.028356
1.066556
1.067587
1.068398
1.068398
1.068398
1.068398
1.068398
1.068398
1.068398
1.068398
1.068398
1.032801
1.000754
1.040542
1.068398
1.068398
1.068398
1.068398
1.068398
1.068398
1.068398
1.068398
1.068398
1.068398
1.068398
1.059068
1.053659
1.061907
1.068398
1.068398
1.068398
1.068398
1.068398
1.068398
1.068398
1.068398
1.068398
1.068398
1.068398
1.068398
1.068398
1.068398
1.068398
1.061045
1.045951
1.049484
1.063868
1.068398
1.068398
1.068398
1.068398
1.068398
1.068398
1.068398
1.068398
1.068398
1.068398
1.059271
1.035133
1.032936
1.058375
1.068398
1.068398
1.068398
1.068398
1.068398
1.068398
1.068398
1.068398
1.068398
1.068398
1.062567
1.049044
1.044041
1.060183
1.068398
1.068398
1.068398
1.068398
-0.027561
0.185292
0.431851
0.394513
0.426264
0.395165
0.302054
0.286690
0.326356
0.352334
0.389020
0.395072
0.426544
-0.062757
-0.024209
0.435296
0.192555
0.047208
0.255777
0.205311
0.234268
0.549823
0.507457
0.426451
0.100654
0.390510
0.610346
-0.056705
-0.029982
0.021881
-0.037617
-0.030913
0.005866
0.139295
0.033241
0.903554
0.295256
-0.067599
-0.037151
0.046928
0.041993
-0.037617
-0.019460
0.000745
-0.018436
0.002328
-0.002980
-0.029423
-0.045904
-0.071882
-0.036220
-0.017784
-0.021043
-0.035103
0.501871
-0.059964
-0.018343
-0.018809
0.014153
-0.014246
-0.036407
-0.017784
-0.017784
-0.017784
-0.017784
-0.017784
-0.017784
-0.008101
0.445725
-0.039945
-0.017784
-0.018902
-0.019833
0.590606
-0.050466
-0.017784
-0.017784
-0.017784
-0.017784
-0.017784
-0.018343
-0.031099
-0.040317
0.342743
-0.017784
-0.020578
-0.038176
-0.045159
-0.027561
-0.017784
-0.017784
-0.017784
-0.017784
-0.017784
-0.017784
-0.017784
-0.026723
-0.034172
-0.017784
-0.020112
0.105775
0.317510
-0.054191
-0.017784
-0.017784
-0.017784
-0.017784
-0.017784
-0.017784
-0.023837
-0.015550
-0.025419
-0.017784
-0.022067
0.076258
0.593213
-0.058195
-0.017784
-0.017784
-0.017784
-0.017784
-0.017784
-0.017784
-0.023837
0.278776
0.025606
-0.017784
-0.020578
0.005121
0.168439
-0.026537
-0.030168
-0.040597
-0.022254
-0.041155
-0.041807
-0.021043
-0.027375
0.261550
-0.039852
-0.021043
-0.017412
-0.029703
0.035662
0.397958
-0.058474
-0.043390
1.039310
0.775339
0.009404
-0.044135
-0.030075
0.083800
-0.029051
-0.019647
0.136874
-0.005959
-0.039200
0.115272
0.480269
0.859884
0.913051
1.464644
0.588837
-0.022812
-0.030541
0.156148
-0.035289
-0.031006
0.063223
0.166111
-0.022440
0.001862
0.168252
0.548147
0.545447
0.699267
0.230451
0.086687
0.112106
0.237341
-0.049256
-0.020019
0.423750
0.286225
0.164714
0.210991
0.009032
0.224492
0.206428
0.234641
0.262016
0.180543
0.159034
0.544888
-0.049256
-1.932077
-1.932077
-1.932077
-1.932077
-1.932077
-1.932077
-1.932077
-1.932077
-1.932077
-1.932077
-1.932077
-1.932077
-1.932077
-1.932077
-1.932077
-1.932077
-1.932077
-1.932077
-1.932077
-1.932077
-1.782678
-1.469399
-1.439979
-1.585586
-1.913805
-1.932077
-1.932077
-1.932077
-1.932077
-1.932077
-1.932077
-1.932077
-1.782678
-1.624545
-1.380104
-0.535079
0.003678
-1.377116
-1.727630
-1.925986
-1.932077
-1.932077
-1.932077
-1.932077
-1.932077
-1.805662
-1.585011
-0.809629
-0.864677
-1.426763
-1.433313
-0.754581
-1.441013
-1.633738
-1.627532
-1.932077
-1.932077
-1.932077
-1.932077
-1.592366
-1.015570
-1.494567
-1.741191
-1.784861
-1.785206
-1.882890
-1.352523
-0.461529
-1.667755
-1.932077
-1.932077
-1.932077
-1.932077
-1.396883
-0.891109
-1.447679
-1.880362
-1.867836
-1.859791
-1.914034
-1.701887
-1.851516
-1.661664
-1.932077
-1.932077
-1.932077
-1.932077
-1.503761
-0.807446
-1.593745
-1.856573
-1.651551
-1.817499
-1.892199
-1.866686
-1.792561
-1.813362
-1.871168
-1.932077
-1.932077
-1.932077
-1.603858
-1.706829
-1.559843
-1.892774
-1.909897
-1.877144
-1.920010
-1.846920
-1.582943
-1.586160
-1.879213
-1.932077
-1.932077
-1.932077
-1.683040
-1.076364
-1.772680
-1.932077
-1.932077
-1.932077
-1.932077
-1.818074
-1.798767
-1.790378
-1.879213
-1.932077
-1.932077
-1.932077
-1.751074
-1.766589
-1.557200
-1.760268
-1.626039
-1.750385
-1.576622
-1.653045
-1.374473
-1.863353
-1.932077
-1.932077
-1.932077
-1.932077
-1.860595
-1.629027
-1.473881
-1.245645
-1.347811
-0.794114
-1.318276
-1.013272
-1.759349
-1.863353
-1.932077
-1.932077
-1.932077
-1.932077
-1.897141
-1.885189
-1.786126
-1.816465
-1.270698
-0.904785
-1.413777
-1.878178
-1.778771
-1.932077
-1.932077
-1.863124
-1.833014
-1.812443
-1.884040
-1.913805
-1.932077
-1.910242
-1.784861
-1.849103
-1.759923
-1.910012
-1.891624
-1.890590
-1.901623
-1.831405
-1.538468
-1.696946
-1.817729
-1.916218
-1.932077
-1.932077
-1.932077
-1.932077
-1.932077
-1.915298
-1.831520
-1.774978
-1.905645
0.059233
-0.335843
-0.327743
-0.397611
-0.466825
-0.497505
-0.553138
-0.638878
-0.637078
-0.588972
-0.532194
-0.436882
-0.392048
-0.547411
-0.632006
-0.628652
-0.634297
-0.635524
-0.637324
-0.638960
-0.641005
-0.642478
-0.642805
-0.641660
-0.639369
-0.636915
-0.637487
-0.639778
-0.643460
-0.643460
-0.643460
-0.643460
-0.643460
-0.643460
-0.643460
-0.643460
-0.632824
-0.620552
-0.635278
-0.643460
-0.643460
-0.643460
-0.643460
-0.643460
-0.643460
-0.643460
-0.643460
-0.643460
-0.643460
-0.643460
-0.611553
-0.434836
-0.632006
-0.643460
-0.643460
-0.643460
-0.643460
-0.643460
-0.643460
-0.643460
-0.643460
-0.643460
-0.643460
-0.643460
-0.640187
-0.641005
-0.641005
-0.639206
-0.634297
-0.640187
-0.643460
-0.643460
-0.624316
-0.602226
-0.628733
-0.643460
-0.643460
-0.643460
-0.643460
-0.643460
-0.643460
-0.624316
-0.546266
-0.633969
-0.643460
-0.643460
-0.586027
-0.267938
-0.622843
-0.643460
-0.643460
-0.643460
-0.643460
-0.643460
-0.643460
-0.623007
-0.517304
-0.635606
-0.643460
-0.643460
-0.637569
-0.639042
-0.639042
-0.643460
-0.643460
-0.643460
-0.643460
-0.643460
-0.624316
-0.586436
-0.597481
-0.631351
-0.643460
-0.643460
-0.643460
-0.643460
-0.643460
-0.643460
-0.643460
-0.643460
-0.643460
-0.643460
-0.586027
-0.226459
-0.351633
-0.628570
-0.643460
-0.643460
-0.643460
-0.643460
-0.643460
-0.643460
-0.642396
-0.614580
-0.585373
-0.623007
-0.637569
-0.634788
-0.635851
-0.640269
-0.643460
-0.643460
-0.643460
-0.643460
-0.643460
-0.643460
-0.596663
-0.397857
0.022744
-0.575555
-0.643460
-0.643460
-0.643460
-0.643460
-0.643460
-0.643460
-0.643460
-0.643460
-0.643460
-0.643460
-0.512313
0.373477
0.411274
-0.582345
-0.643460
-0.643460
-0.643460
-0.643460
-0.643460
-0.643460
-0.643460
-0.643460
-0.643460
-0.643460
-0.630042
-0.617689
-0.621616
-0.631679
-0.643460
-0.643460
-0.643460
-0.643460
-0.643460
-0.643460
-0.643460
-0.643460
-0.643460
-0.643460
-0.643460
-0.643460
-0.643460
-0.643460
-0.643460
-0.643460
-0.643460
-0.643460
2.935096
2.732915
2.602806
2.794998
2.758204
2.847724
2.786021
2.761111
2.792849
2.735570
2.820792
2.704845
2.945338
3.054077
2.393672
3.658343
3.669976
3.823097
3.530131
2.808654
3.522545
3.692103
3.471968
3.416966
3.129311
3.359056
3.536706
2.457398
2.777170
3.734461
3.613456
3.359435
3.387758
4.076234
4.774067
3.314168
3.538097
5.064504
3.860271
3.909583
3.216303
2.642636
2.770216
3.813614
3.272063
3.481831
4.310657
3.899848
4.036658
3.746221
2.851012
4.120868
3.403057
3.905917
3.753048
2.394430
2.755295
3.670988
3.137656
4.114672
3.638871
3.892008
4.433812
3.766325
3.347423
4.179537
4.350866
4.036152
4.647625
2.307312
2.813964
3.399896
3.544040
4.178905
4.318244
4.301933
2.941544
2.846207
3.148024
2.503676
3.835741
3.928803
3.143598
2.417696
2.894255
3.289639
4.500320
2.198066
2.999455
3.662895
3.213268
3.561995
3.683885
3.442507
3.577547
3.571731
3.628629
2.604577
2.806378
3.325169
3.887836
4.093809
4.335313
3.439725
3.359814
3.498774
3.741921
3.149162
3.619905
4.073705
3.735979
2.512021
2.759594
3.586651
3.315939
3.757980
4.174859
4.441019
3.065710
2.905509
3.078734
2.544011
4.614497
4.215573
3.596007
2.618738
2.769457
3.678700
3.261948
3.599295
3.886192
4.154754
4.352636
3.740910
3.596766
4.453789
4.144892
3.657205
4.493492
2.048864
2.783618
3.709173
3.538097
3.267259
4.189147
3.613330
3.956114
3.403057
3.278638
4.062452
3.726243
4.441145
3.299881
2.447789
2.865300
3.630906
3.503199
3.553649
3.085941
3.912997
3.982667
3.119575
4.346188
3.674907
3.916790
3.305570
3.268523
2.645670
2.396453
3.816396
3.662390
3.849777
3.732185
3.136771
3.278006
3.738255
3.517740
3.218326
3.143472
3.429610
3.875065
2.663625
2.726340
3.038652
2.834069
2.830402
2.916762
3.073676
2.973408
2.902726
2.864162
2.939015
3.018927
2.958361
2.826609
3.196578
-1.579181
-0.548852
0.425940
0.539013
0.567865
0.533343
0.515665
0.612560
0.667595
0.612727
0.643080
0.534677
-0.309366
-1.190264
0.070045
0.490315
0.719629
0.715126
0.723131
1.029661
1.356371
1.230123
1.443260
1.585518
1.250470
0.833869
0.432611
-0.111405
-0.100064
0.145593
0.368403
0.326043
0.467967
0.369237
0.416934
0.520334
0.349725
0.163105
0.730803
0.969289
0.240821
-0.089224
-0.344555
-0.304695
-0.053701
0.044029
0.202964
1.010816
1.458103
1.268815
1.082362
1.161246
0.474304
0.130084
0.199795
-0.064542
-0.253496
-0.186286
-0.074881
-0.243156
-0.402592
0.192457
0.548853
0.924260
0.859218
0.416101
-0.686107
-0.373573
0.014343
0.047864
-0.258166
-0.233483
0.005170
-0.220475
-0.384079
-0.198627
0.561694
0.478474
0.397589
0.460796
0.260668
-0.461629
-0.509994
-0.106235
-0.235818
-0.508660
-1.013818
-1.462106
-0.769828
0.134253
0.356896
0.246325
0.175780
0.025016
-0.136421
-0.791008
-1.171752
-0.335715
-0.294356
-0.417101
-0.459628
-1.129059
-1.257975
-0.199795
0.338717
0.307698
0.272008
0.258666
0.182451
-0.751983
-0.860552
-0.185119
-0.217473
-0.308364
-0.375574
-1.087532
-1.130726
0.007671
0.945440
0.808186
0.700116
0.778500
0.108236
-1.413407
-1.647725
-0.517332
-0.327043
-0.270674
0.002001
0.257332
0.727134
0.710956
0.980796
1.398065
1.217448
0.607223
-0.621232
0.093727
0.285850
-0.067376
-0.261501
-0.150764
0.120577
0.112239
0.052367
0.173278
0.081886
0.342720
0.198461
-0.089224
-0.013842
-0.148429
-0.331547
-0.393753
-0.188955
0.089057
0.344221
0.272341
0.408262
0.429610
0.031354
0.006838
0.288852
0.662092
0.783003
0.542849
-0.017011
-0.284182
-0.092559
0.175780
0.489981
0.476306
0.497987
0.697281
1.160079
1.382722
1.364543
1.183760
0.880565
0.603221
0.275344
-0.137922
-0.357396
0.557692
1.195101
1.316012
1.314844
1.204440
1.105543
1.030495
1.070688
1.163414
1.186929
1.171252
0.559860
-0.464798
-0.728815
-0.728815
-0.728815
-0.728815
-0.728815
-0.728815
-0.728815
-0.728815
-0.728815
-0.728815
-0.728815
-0.728815
-0.728815
-0.728815
-0.728815
-0.728815
-0.728815
-0.728815
-0.728815
-0.728815
-0.728815
-0.728815
-0.728815
-0.728815
-0.728815
-0.728815
-0.728815
-0.728815
-0.728815
-0.728815
-0.728815
-0.728815
-0.728815
-0.728815
-0.728815
-0.728815
-0.728815
-0.728815
-0.728815
-0.728815
-0.728815
-0.728815
-0.728815
-0.728815
-0.728815
-0.728815
-0.728815
-0.728815
-0.728815
-0.728815
-0.728815
-0.728815
-0.728815
-0.728815
-0.728815
-0.728815
-0.728815
-0.728815
-0.728815
-0.728815
-0.728815
-0.728815
-0.728815
-0.728815
-0.728815
-0.728815
-0.728815
-0.728815
-0.728815
-0.728815
-0.728815
-0.728815
-0.728815
-0.728815
-0.728815
-0.728815
-0.728815
-0.728815
-0.728815
-0.728815
-0.728815
-0.728815
-0.728815
-0.728815
-0.728815
-0.728815
-0.728815
-0.728815
-0.728815
-0.728815
-0.728815
-0.728815
-0.728815
-0.728815
-0.728815
-0.728815
-0.728815
-0.728815
-0.728815
-0.728815
-0.728815
-0.728815
-0.728815
-0.728815
-0.728815
-0.728815
-0.728815
-0.728815
-0.728815
-0.728815
-0.728815
-0.728815
-0.728815
-0.728815
-0.728815
-0.728815
-0.728815
-0.728815
-0.728815
-0.728815
-0.728815
-0.728815
-0.728815
-0.728815
-0.728815
-0.728815
-0.728815
-0.728815
-0.728815
-0.728815
-0.728815
-0.728815
-0.728815
-0.728815
-0.728815
-0.728815
-0.728815
-0.728815
-0.728815
-0.728815
-0.728815
-0.728815
-0.728815
-0.728815
-0.728815
-0.728815
-0.728815
-0.728815
-0.728815
-0.728815
-0.728815
-0.728815
-0.728815
-0.728815
-0.728815
-0.728815
-0.728815
-0.728815
-0.728815
-0.728815
-0.728815
-0.728815
-0.728815
-0.728815
-0.728815
-0.728815
-0.728815
-0.728815
-0.728815
-0.728815
-0.728815
-0.728815
-0.728815
-0.728815
-0.728815
-0.728815
-0.728815
-0.728815
-0.728815
-0.728815
-0.728815
-0.728815
-0.728815
-0.728815
-0.728815
-0.728815
-0.728815
-0.728815
-0.728815
-0.728815
-0.728815
-0.728815
-0.728815
-0.728815
-0.728815
-0.728815
3.449297
3.387041
3.458771
3.527794
3.508170
3.492606
3.510538
3.527794
3.504899
3.460576
3.460745
3.494974
3.510200
3.519166
3.334710
3.159220
3.345762
3.527794
3.482794
3.441515
3.485162
3.527794
3.475294
3.367135
3.317228
3.304202
3.332962
3.451835
3.403056
3.268619
3.387041
3.527794
3.504110
3.477380
3.499711
3.527794
3.500162
3.437399
3.322811
3.016944
2.918766
3.275217
3.512005
3.494185
3.509072
3.527794
3.527794
3.527794
3.495087
3.452793
3.427192
3.437173
3.435143
3.065158
2.768596
3.153749
3.527794
3.495087
3.469147
3.499034
3.527794
3.527794
3.452793
3.346496
3.287341
3.246457
3.329860
3.333920
3.119125
3.164238
3.527794
3.452793
3.383996
3.456741
3.459109
3.404635
3.427925
3.424034
3.387661
3.211100
3.120140
3.356759
3.285142
3.066512
3.527794
3.481779
3.432041
3.475237
3.321232
3.137847
3.335443
3.527794
3.527794
3.262472
3.014237
3.265066
3.258920
2.999237
3.527794
3.512794
3.499034
3.513583
3.332398
3.109482
3.276006
3.504786
3.514711
3.188938
2.907601
3.219558
3.346721
3.166381
3.527794
3.519899
3.510989
3.518433
3.468583
3.341759
3.247698
3.242002
3.220517
3.003974
2.909687
3.261570
3.439372
3.349090
3.527794
3.527794
3.527794
3.527794
3.527794
3.496215
3.243073
2.938334
2.844611
2.895138
3.140779
3.373902
3.404410
3.428489
3.511441
3.498471
3.513414
3.527794
3.482004
3.445688
3.373056
3.213073
3.134238
3.216682
3.401421
3.390481
3.265743
3.398376
3.408526
3.292924
3.391045
3.513414
3.399898
3.242904
3.269803
3.359353
3.418338
3.445914
3.441402
3.340462
3.251194
3.389522
3.176644
2.762054
2.975722
3.356195
3.330198
3.095215
2.901116
2.891473
3.043786
3.152509
3.174896
3.081512
3.057827
3.326477
3.099106
2.507785
2.686659
3.173261
3.283055
3.139764
2.874104
2.739611
2.837168
2.980346
3.057320
2.915777
2.849574
3.232472
0.904254
0.727936
1.129666
1.129666
1.129666
1.129666
1.129666
1.129666
1.129666
1.129666
1.129666
1.129666
1.129666
1.129666
0.855088
0.808420
1.129666
1.129666
1.129666
1.129666
1.129666
1.129666
1.129666
1.129666
1.129666
1.129666
1.129666
1.129666
1.062361
1.064352
1.129666
1.129666
1.129666
1.129666
1.129666
1.129666
1.129666
1.129666
1.129666
1.129666
1.129666
1.129666
1.129666
1.129666
1.129666
1.129666
1.129666
1.129666
1.129666
1.129666
1.129666
1.129666
1.129666
1.129666
1.129666
1.129666
1.129666
1.129666
1.129666
1.129666
1.129666
1.129666
1.129666
1.129666
1.129666
1.129666
1.129666
1.083722
1.077857
1.080464
1.129666
1.129666
1.068407
1.060587
1.064063
1.129666
1.129666
1.129666
1.129666
1.129666
1.129666
0.874856
0.883002
0.849766
1.129666
1.129666
1.034954
1.077096
1.018879
1.129666
1.129666
1.129666
1.129666
1.129666
1.129666
0.797631
0.916890
0.743866
1.129666
1.129666
1.065800
1.056242
1.058415
1.129666
1.129666
1.129666
1.129666
1.129666
1.129666
0.733874
0.679132
0.697234
1.129666
1.129666
1.129666
1.129666
1.129666
1.129666
1.129666
1.129666
1.129666
1.129666
1.129666
0.813959
0.954434
0.760376
1.129666
1.129666
1.129666
1.129666
1.129666
1.129666
1.099037
1.049182
1.045055
1.080464
1.129666
0.916781
0.884921
0.892162
1.129666
1.129666
1.129666
1.129666
1.129666
1.027568
0.415850
-0.081570
0.012672
0.636555
1.129666
1.129666
1.129666
1.129666
1.129666
1.129666
1.129666
1.129666
1.129666
0.971812
0.157709
-0.204666
-0.286671
0.383808
1.129666
1.129666
1.129666
1.129666
0.951212
0.960191
1.129666
1.129666
1.129666
1.023224
0.432504
-0.049058
0.029507
0.684345
1.129666
1.129666
1.129666
1.129666
0.993861
0.843466
1.129666
1.129666
1.129666
1.129666
1.129666
1.129666
1.129666
1.129666
1.129666
1.129666
1.129666
1.129666
-0.139381
-1.486580
-1.826192
-1.665617
-1.662757
-1.803243
-2.068744
-2.204159
-2.409005
-2.249471
-2.063737
-2.014135
-1.376974
-0.051943
-1.726597
-3.058973
-3.100840
-2.965294
-3.270905
-3.133605
-3.053577
-2.778716
-2.962499
-2.974331
-2.997734
-3.405736
-3.176317
-1.696367
-1.539303
-3.059363
-3.302045
-3.023543
-2.735485
-1.462072
-0.391359
0.205431
0.110907
-0.104276
-0.838757
-2.577250
-3.220458
-2.204419
-1.412599
-2.969325
-3.573006
-2.679901
-1.178109
0.749564
1.211654
1.535403
1.535403
1.389781
1.128181
-1.074548
-3.027964
-2.481296
-1.435223
-3.156293
-3.558899
-2.180690
-0.174551
1.422091
1.535403
1.535403
1.535403
1.535403
1.535403
-0.135285
-2.544160
-2.496703
-1.512454
-3.474516
-3.470681
-1.677059
0.426075
1.535403
1.535403
1.535403
1.535403
1.535403
1.535403
0.886864
-1.746880
-2.260848
-1.621215
-3.930105
-3.544857
-1.460901
0.718814
1.535403
1.535403
1.535403
1.535403
1.535403
1.535403
1.435157
-1.495292
-2.007504
-1.599958
-3.981658
-4.093019
-2.094748
0.284613
1.535403
1.535403
1.535403
1.535403
1.535403
1.535403
1.365662
-1.575124
-2.092667
-1.464282
-3.703936
-4.522150
-3.036220
-0.495375
1.471628
1.535403
1.535403
1.535403
1.535403
1.535403
0.701781
-2.050346
-2.507105
-1.418580
-3.300225
-4.374643
-3.612792
-1.600803
0.583398
1.179799
1.478909
1.457456
1.535403
1.127206
-0.721934
-3.443052
-2.961004
-1.536833
-3.122423
-3.819654
-3.927830
-3.517878
-1.717885
-0.567991
-0.133855
0.053828
0.201726
-0.572347
-2.997344
-4.493090
-2.842425
-1.721526
-3.248412
-3.385713
-3.620463
-4.151789
-4.095556
-3.710762
-3.446367
-3.174951
-2.854972
-3.156748
-4.070397
-4.303717
-2.472324
-1.590401
-2.830269
-2.734639
-2.620807
-3.101620
-3.884209
-4.223820
-4.417744
-4.241308
-3.897600
-3.415032
-3.417177
-3.402355
-1.939439
-0.218758
-1.069802
-0.931396
-0.694890
-0.785644
-1.148984
-1.603793
-1.965638
-1.803178
-1.558286
-1.159906
-1.205088
-1.305788
-0.429650
-0.561318
0.084505
-0.169585
-0.397968
-0.452450
-0.245744
-0.099084
0.130546
0.152319
0.091123
-0.119419
-0.205746
0.042972
-0.777519
-0.051317
1.183257
0.723421
0.461658
0.525156
0.777328
0.920918
0.742797
1.088201
1.077938
0.979717
0.864230
0.788070
-0.184740
-0.164693
0.803417
0.412164
0.366602
0.747305
0.787207
0.015539
-0.956504
-0.596616
-0.370151
0.713349
1.012425
1.044462
-0.089301
-0.181191
0.680737
0.408519
0.726011
0.835742
0.031078
-1.097601
-1.130693
-1.222008
-1.075636
-0.525924
0.618869
1.587268
0.352119
-0.209967
0.627694
0.783946
1.003888
-0.511152
-0.750758
-0.741550
-0.755362
-0.954874
-0.981155
-1.095011
-0.157499
1.156495
0.764762
-0.271834
0.780972
0.872095
0.419742
-0.542422
-0.470003
-0.959094
-1.318886
-1.325409
-1.225077
-0.586737
-1.017797
-0.550191
0.924179
-0.190783
0.832385
0.757664
-0.928879
-0.927729
-0.474415
-1.234669
-1.378356
-1.397540
-1.226037
-0.691096
-0.211118
-0.459644
0.896459
-0.250157
0.875453
0.793058
-0.058031
-0.953051
-0.651194
-1.225557
-1.377589
-1.397540
-1.215869
-0.802842
-0.688986
0.339074
0.800252
-0.194140
0.815312
0.877946
0.742413
-0.791236
-0.663472
-1.009931
-1.277257
-1.296825
-1.171171
-0.576569
-1.030458
-0.438062
0.617910
-0.145797
0.771572
0.731286
0.911518
0.311929
-0.779725
-0.696660
-1.005807
-1.046860
-0.842936
-1.162250
-0.503766
0.852240
0.164405
-0.156540
0.842840
0.523622
0.723229
1.014631
-0.307612
-0.650810
-1.274763
-1.169828
-0.677764
-0.691576
0.714021
1.141916
-0.164693
0.042684
1.054150
0.709609
0.508658
1.024223
1.430632
-0.370919
-0.769270
-0.623186
0.222148
1.035925
1.189012
0.904804
-0.058990
0.228767
1.461326
1.241384
0.990172
1.139997
1.199179
1.327998
1.100862
1.378548
1.311692
1.261047
1.284547
1.390154
0.192222
-0.146660
0.943747
0.825479
0.576953
0.538969
0.579926
0.700305
0.777615
0.822313
0.789126
0.613498
0.668364
0.967151
-0.032516
1.434758
1.434758
1.434758
1.434758
1.434758
1.434758
1.434758
1.434758
1.434758
1.434758
1.429266
1.411503
1.417015
1.425062
1.434758
1.434758
1.434758
1.434758
1.434758
1.420113
1.372213
1.219039
0.906554
0.780256
1.061116
1.345940
1.393457
1.422004
1.434758
1.434758
1.434758
1.434758
1.379838
1.132815
0.931761
0.783395
0.405930
0.202100
0.639535
1.244749
1.410074
1.415365
1.434758
1.434758
1.434758
1.403637
1.208718
0.874949
0.878872
0.966041
0.758107
0.536030
0.860424
1.337993
1.416331
1.429206
1.434758
1.434758
1.434758
1.312303
1.241128
1.119960
1.066025
1.336203
1.401705
1.183109
1.305906
1.418101
1.434758
1.434758
1.434758
1.434758
1.431097
1.314396
1.248853
1.314194
1.434758
1.434758
1.434758
1.434758
1.434758
1.434758
1.434758
1.434758
1.434758
1.434758
1.377061
1.173513
0.969844
1.237366
1.434758
1.434758
1.434758
1.434758
1.434758
1.388991
1.325118
1.372394
1.434758
1.434758
1.302224
0.857266
0.737808
0.980345
1.434758
1.434758
1.434758
1.434758
1.434758
1.308521
1.306509
1.313551
1.434758
1.434758
1.418544
1.020097
0.828900
1.097952
1.434758
1.434758
1.434758
1.434758
1.434758
1.419167
1.319586
1.400056
1.434758
1.434758
1.434758
1.403576
1.204413
1.365353
1.434758
1.434758
1.434758
1.434758
1.434758
1.434758
1.434758
1.434758
1.434758
1.434758
1.434758
1.434758
1.434758
1.434758
1.409129
1.320270
1.272652
1.362416
1.434758
1.434758
1.434758
1.434758
1.434758
1.434758
1.434758
1.434758
1.434758
1.434758
1.364066
1.216504
1.218113
1.294157
1.434758
1.434758
1.434758
1.434758
1.431097
1.425987
1.429769
1.434758
1.434758
1.434758
1.426027
1.352176
1.281725
1.394503
1.434758
1.418282
1.395288
1.412307
1.424659
1.424499
1.425062
1.434758
1.434758
1.434758
1.434758
1.434758
1.434758
1.434758
1.434758
1.389313
1.388589
1.391124
6.993508
3.160167
2.595922
2.464865
2.345732
2.268334
2.321079
2.207449
2.209168
2.197819
2.137393
2.181422
2.687420
6.113256
3.544394
-1.028967
-1.715328
-1.939030
-1.928251
-1.574751
-1.422825
-1.800291
-1.699158
-1.434294
-1.592640
-1.979277
-1.756145
2.937724
3.034155
-1.589087
-2.170528
-2.068825
-1.547691
-0.913620
-1.008213
-1.969528
-2.102880
-1.056370
-0.805838
-1.338552
-1.750872
2.515773
2.902983
-1.751560
-2.172823
-1.542303
-0.613091
-0.347423
-0.852505
-2.010466
-1.883991
-0.797009
0.148026
-0.303967
-1.109688
2.595119
2.884866
-1.813475
-1.987072
-1.036764
-0.358432
-0.591994
-1.252785
-2.134642
-2.370842
-1.591148
-0.544411
-0.569634
-1.466282
2.467272
2.859297
-1.813820
-1.880325
-1.368477
-1.260582
-1.380058
-1.958981
-2.701410
-3.217384
-2.687191
-1.662354
-1.669691
-2.055410
1.910594
2.831549
-1.834688
-1.966547
-1.962881
-2.341032
-2.419804
-2.541344
-3.286983
-3.537859
-3.223576
-2.328533
-1.744795
-1.596767
2.508091
2.839919
-1.840879
-1.982027
-2.007254
-2.480230
-2.586290
-3.010422
-3.401875
-3.507706
-3.284231
-2.333807
-1.469379
-0.813520
2.798411
2.879935
-1.845469
-2.112053
-1.883533
-1.910135
-2.268909
-2.703474
-2.931189
-2.988865
-2.569435
-1.712692
-0.898714
-1.019335
2.611858
2.901607
-1.809464
-2.293333
-1.973658
-1.422712
-1.056026
-1.453327
-1.818178
-1.566841
-1.045248
-0.053547
-0.207536
-0.646688
2.671597
2.918003
-1.724155
-2.316954
-2.152758
-1.366299
-0.866720
-0.960514
-1.237076
-0.922562
-0.169583
0.304883
0.029927
-1.077124
2.683866
2.946668
-1.556749
-2.153444
-2.219721
-1.924929
-1.467201
-1.615915
-1.608921
-1.286955
-0.888622
-0.662052
-1.386822
-1.673933
2.487223
3.230455
-1.242809
-1.844090
-2.003584
-2.027317
-1.994755
-1.883650
-1.818638
-1.653753
-1.598372
-1.746170
-2.053232
-1.863239
2.568631
6.714309
3.181952
2.594201
2.408565
2.339997
2.297114
2.306058
2.224993
2.165255
2.193919
2.237032
2.331284
2.676871
5.929914
0.140516
-0.272088
-0.421807
-0.554286
-0.583193
-0.675228
-0.787874
-0.943946
-0.911020
-0.816522
-0.737320
-0.519157
-0.307346
-1.364586
0.359068
-0.489084
-0.673543
-0.756764
-0.876799
-1.319995
-1.652748
-1.238718
-1.224070
-1.360568
-1.314939
-0.802652
-0.471584
-1.375605
0.171497
-0.735246
-0.997093
-1.194904
-1.556564
-1.351105
-0.566730
1.284866
1.439381
0.342216
-0.881206
-1.287069
-0.816652
-1.368994
0.140775
-0.833503
-1.069944
-1.352272
-1.160164
0.408067
1.813485
2.602787
2.926336
2.890689
1.968520
-0.055869
-1.173256
-1.638100
0.094628
-0.890410
-1.272421
-1.452603
0.137275
1.640692
1.478788
1.310921
1.357198
1.789634
2.205738
0.878614
-0.827929
-1.742191
0.055480
-0.933446
-1.480214
-0.859688
1.309754
1.681136
1.244033
1.196071
1.094184
1.213571
1.572768
2.068463
0.760264
-1.539713
0.014648
-0.963131
-1.333606
0.037592
1.596101
1.105721
1.184405
0.942002
0.897928
1.101702
1.495380
1.875577
0.544435
-1.517935
0.079721
-0.956001
-1.334642
-0.898447
1.500824
1.312606
1.138387
0.831300
0.784375
1.034167
1.448455
1.611526
0.064295
-1.560453
0.112517
-0.921261
-1.217589
-1.124387
0.864873
1.583398
1.450270
1.202164
1.126980
1.473344
1.921206
1.597138
0.047703
-1.541139
0.177460
-0.854762
-1.110387
-1.254792
-0.273514
1.605823
2.248515
2.224015
2.230756
2.223497
1.760857
0.327439
-0.482862
-1.595712
0.200145
-0.726302
-1.002537
-1.115702
-1.083684
0.130535
2.163739
2.270033
2.044740
1.468937
0.519157
-0.420770
-0.451881
-1.363549
0.314994
-0.495176
-0.703358
-0.797208
-0.837522
-0.667192
-0.329123
0.859170
0.703488
0.154516
-0.796041
-0.495046
-0.242792
-1.230292
0.491547
-0.294643
-0.338716
-0.565434
-0.423233
-0.488954
-0.450973
-0.414548
-0.282717
-0.306957
-0.417789
-0.280125
-0.136368
-1.131776
-0.282976
-1.109998
-1.147461
-1.165608
-1.219922
-1.281106
-1.325050
-1.247144
-1.207089
-1.221996
-1.231589
-1.157053
-0.958723
-1.751524
-1.053152
-0.867971
-0.587628
-0.448080
-0.386716
-0.462409
-0.588563
-0.631237
-0.617843
-0.555545
-0.546667
-0.585136
-0.837600
-1.007207
-1.185536
-1.052529
-0.949426
-0.896628
-0.755211
-0.686371
-0.744776
-0.806918
-0.659271
-0.374257
-0.396373
-0.676403
-0.986493
-1.188495
-1.245498
-1.245498
-1.245498
-1.198307
-0.894915
-1.009232
-0.717053
-0.854888
-0.053109
0.166648
0.207765
-0.447769
-1.009543
-1.245498
-1.245498
-1.245498
-1.245498
-1.067169
-0.988206
-0.868594
-0.901145
-0.762064
-0.067749
0.414751
0.676092
-0.290933
-0.962664
-1.245498
-1.245498
-1.245498
-1.151116
-0.845855
-0.888218
-0.880742
-1.123394
-0.994903
-0.774056
-0.118522
-0.141106
-0.041896
-0.785425
-1.183823
-1.245498
-1.245498
-0.920301
-0.758170
-0.615663
-0.963131
-1.107040
-1.226497
-1.221513
-1.033996
-0.329246
-0.470819
-0.561307
-1.086638
-1.245498
-1.245498
-0.942729
-0.871864
-0.779040
-1.072309
-1.186782
-1.245498
-1.245498
-1.245498
-0.855044
-0.778884
-0.790565
-1.207496
-1.245498
-1.245498
-1.157813
-0.969205
-0.954877
-1.112180
-1.235998
-1.245498
-1.245498
-1.245498
-1.103614
-1.038824
-1.117942
-1.245498
-1.245498
-1.245498
-1.207029
-0.851462
-0.690421
-0.514428
-0.791188
-0.826387
-0.786516
-0.839158
-0.959861
-1.164978
-1.156567
-1.245498
-1.245498
-1.245498
-1.233506
-0.774056
-0.321148
0.193592
0.501813
0.707708
0.908465
0.191567
-0.213216
-0.899587
-1.164822
-1.245498
-1.245498
-1.245498
-1.245498
-1.044898
-0.267727
0.360395
1.301099
1.462296
1.449525
1.094425
0.190789
-0.532183
-1.040381
-1.245498
-1.245498
-1.245498
-1.245498
-1.183044
-0.690109
-0.228167
0.273334
0.347313
0.278785
0.012460
-0.297941
-0.640893
-1.088351
-1.245498
-1.171207
-1.117319
-1.097851
-1.058448
-0.913916
-0.757391
-0.747891
-0.854888
-0.909399
-0.803180
-0.770162
-0.884324
-1.023561
-1.152985
-1.108442
-1.063899
-0.967648
-0.947245
-0.924351
-0.944753
-1.006117
-1.045832
-1.007363
-0.947245
-0.962820
-0.812525
-1.036176
-1.007207
2.993795
2.743988
2.832140
3.056904
3.051018
3.101481
2.941204
2.818492
2.919917
3.111498
3.154697
3.004438
3.180492
3.201904
2.993795
2.829887
2.938324
3.107115
3.054650
3.008570
2.974010
2.959986
2.983277
3.017085
3.015958
2.869956
3.039749
3.143303
2.993795
2.966623
2.997050
3.012452
2.999054
2.993795
2.993795
2.993795
2.993795
2.993795
2.993795
2.962741
3.010824
3.007819
2.993795
2.993795
2.993795
2.993795
2.993795
2.993795
2.993795
2.993795
2.993795
2.993795
2.993795
2.993795
2.993795
2.993795
2.993795
2.993795
2.993795
2.993795
2.993795
2.993795
2.993795
2.993795
2.993795
2.993795
2.853553
2.698159
3.286675
3.295190
2.993795
2.993795
2.993795
2.993795
2.993795
2.993795
2.993795
2.993795
2.993795
2.993795
2.492930
1.552556
3.645420
4.479235
2.993795
2.993795
2.919291
3.029982
3.055526
2.993795
2.993795
2.993795
2.993795
2.993795
2.869580
2.059807
3.298696
3.825105
2.993795
2.993795
2.727710
3.004438
3.270523
2.993795
2.993795
2.993795
2.993795
2.993795
2.993795
2.455115
3.103985
3.462103
2.993795
2.993795
2.927806
3.029982
3.023596
2.993795
2.993795
2.993795
2.993795
2.993795
2.993795
2.744239
3.064792
3.193389
2.993795
2.993795
2.993795
2.954352
2.938449
3.062664
3.055526
2.993795
2.936821
3.021467
3.041001
2.837525
3.015833
3.138044
2.993795
2.993795
2.993795
2.852926
2.698284
3.167970
3.299573
2.928056
2.795953
3.069175
3.227198
2.949593
3.017210
3.018713
2.993795
2.993795
2.993795
2.958859
2.821748
3.050768
3.153821
2.759014
2.858812
3.269396
3.109870
2.927054
3.009948
3.060785
2.993795
2.993795
2.993795
2.993795
2.962741
3.010824
2.999054
2.900383
3.002560
3.069551
2.992793
2.856683
3.069676
3.134913
2.993795
2.993795
2.993795
2.993795
2.993795
2.993795
2.962491
2.854179
2.938073
3.112750
3.010574
2.777421
3.096973
3.246732
-0.100973
-0.084307
-0.104110
-0.130186
-0.149204
-0.155086
-0.153714
-0.153910
-0.153224
-0.142636
-0.125285
-0.073720
0.012646
-0.126069
0.128912
0.228218
0.132147
-0.078621
-0.118422
-0.159008
-0.156655
-0.115285
-0.158615
-0.129892
-0.003235
0.107835
0.486238
-0.151655
-0.122246
-0.185868
-0.090287
-0.148812
-0.159008
-0.156067
-0.155478
-0.165282
-0.155086
-0.153714
-0.132245
-0.116266
0.232531
-0.129402
-0.102443
-0.134892
0.030096
-0.090287
-0.159792
-0.157439
-0.157439
-0.157439
-0.157439
-0.155478
-0.165282
-0.126265
0.198906
-0.158811
-0.110678
-0.115089
-0.020489
-0.157929
-0.155380
-0.157439
-0.157439
-0.157439
-0.157439
-0.157439
-0.157439
-0.118226
-0.222140
-0.131265
-0.049702
-0.018136
0.013822
-0.159694
-0.157439
-0.157439
-0.157439
-0.157439
-0.157439
-0.157439
-0.157439
-0.153518
0.053329
-0.165282
-0.036468
0.083719
-0.178124
-0.143028
-0.152734
-0.157439
-0.157439
-0.157439
-0.157439
-0.157439
-0.157439
-0.147636
-0.196652
-0.150577
-0.088523
0.022351
-0.089797
-0.042154
-0.148812
-0.157439
-0.157439
-0.157439
-0.157439
-0.157439
-0.157439
-0.157439
-0.157439
-0.157439
-0.109600
-0.078916
0.127539
0.047741
-0.157831
-0.157439
-0.157439
-0.157439
-0.157439
-0.157439
-0.157439
-0.140676
-0.141558
-0.146852
-0.069995
-0.154498
0.020391
-0.108227
-0.122246
-0.128618
-0.139793
-0.157439
-0.157439
-0.125775
-0.127441
-0.079896
0.083425
-0.130382
-0.078229
-0.131657
-0.178320
-0.144989
-0.079406
0.177143
-0.141166
-0.126755
-0.133323
-0.142538
0.215768
-0.099208
0.463200
-0.150479
-0.021371
-0.133715
-0.040291
-0.091856
-0.042546
-0.048428
-0.146459
0.070877
-0.004215
-0.138029
-0.220964
0.090777
0.175967
-0.131461
-0.009999
-0.027449
-0.136656
-0.162439
-0.166752
-0.164301
-0.142538
-0.165968
-0.031272
-0.158125
-0.149596
-0.136460
0.153028
-0.119501
-0.182927
-0.173516
-0.161164
-0.156067
-0.156459
-0.161360
-0.155772
-0.154498
-0.184202
-0.152635
-0.157439
-0.135284
0.071955
-0.160674
4.295816
5.272755
5.184055
5.232343
5.227783
5.227783
5.227783
5.227783
5.227783
5.227783
5.227783
5.228198
5.233379
4.962617
4.908423
5.298245
5.233379
5.229027
5.227783
5.227783
5.227783
5.227783
5.227783
5.227783
5.227783
5.232135
5.194003
5.259802
5.027484
5.262807
5.227783
5.227783
5.227783
5.227783
5.227783
5.227783
5.227783
5.227783
5.227783
5.235866
4.821692
5.267781
5.059503
5.253481
5.227783
5.227783
5.227783
5.227783
5.227783
5.227783
5.227783
5.227783
5.227783
5.236591
5.266434
5.242497
5.101884
5.247056
5.227783
5.227783
5.229027
5.230892
5.229027
5.229234
5.232654
5.232343
5.229649
5.229338
5.234001
5.040333
5.169134
5.239078
5.227991
5.227783
5.230270
5.083128
5.242601
5.233068
5.065513
5.104681
5.244777
5.157010
5.249336
4.985932
5.212136
5.208406
5.230063
5.227783
5.230892
5.241254
5.208613
5.162502
5.186128
5.014220
5.257315
5.237627
5.047586
5.056808
5.160119
5.238249
5.228405
5.227783
5.227783
5.228302
5.231721
5.237005
5.244881
5.083439
5.250372
5.231928
5.253585
5.060228
5.141881
5.240425
5.227783
5.227783
5.228405
5.229338
5.228819
5.203640
5.234519
5.194728
5.236695
5.227783
5.233586
5.198977
5.046965
5.249958
5.227783
5.227783
5.229027
5.155352
5.235969
5.232032
5.230270
5.232135
5.231721
5.236176
5.237316
5.137218
5.080330
5.250372
5.227783
5.227783
5.229959
5.236695
5.234001
5.132037
5.236902
5.227783
5.234415
4.920547
5.068103
5.254932
5.061057
5.256590
5.228612
5.227783
5.229856
5.160119
5.145197
5.252445
5.237109
5.232032
5.238042
5.115769
5.243223
5.236073
4.774338
5.185920
5.236902
5.227783
5.230996
5.141881
5.130069
5.051835
5.054944
5.125302
5.242290
5.241357
5.235140
5.181672
4.790503
5.294515
5.230270
5.227783
5.229856
5.239078
5.245295
5.252445
5.252756
5.243637
5.230892
5.227783
5.230063
5.159704
1.223585
0.636441
1.067648
1.354216
1.425646
1.540490
1.592649
1.666323
1.807402
1.784959
1.599769
1.304765
0.867599
1.272959
-0.183487
-1.233568
-0.473848
0.000696
-0.035134
0.027628
0.898942
1.960243
2.115175
1.250516
0.351033
-0.345229
-1.112920
-0.217616
-0.663527
-1.963726
-1.271334
-0.618255
-0.189601
0.912330
1.587929
1.980364
2.335035
2.059997
1.346710
-0.288116
-1.748278
-0.671885
-0.589466
-2.040031
-1.510309
-0.780073
-0.043182
0.439410
0.619802
1.244016
1.524161
1.217703
0.670027
-0.351730
-1.911644
-0.649519
-0.665229
-2.266159
-1.660365
-1.326898
-1.075000
-0.636905
0.071429
-0.219163
-0.436624
-0.331376
-0.374249
-0.955512
-1.666168
-0.659812
-0.752833
-2.377289
-1.537781
-1.086763
-1.008368
-1.662995
-2.000873
-1.951886
-1.915204
-2.347030
-1.932925
-1.969452
-2.933942
-1.359169
-0.707793
-2.394623
-2.190086
-2.828771
-2.922256
-3.006609
-2.314449
-2.040882
-1.982686
-2.554740
-2.792553
-3.117507
-3.154808
-1.402429
-0.713674
-2.463809
-2.160524
-2.570991
-3.002663
-3.333730
-2.612162
-2.279083
-2.234198
-2.724452
-2.995466
-2.888206
-2.894010
-1.089084
-0.674903
-2.268713
-1.583905
-1.102782
-1.184814
-1.695653
-2.081511
-2.389130
-2.516432
-2.267475
-1.626623
-1.237051
-2.240312
-0.646579
-0.642554
-2.108751
-1.324267
0.070269
1.340209
1.302598
0.895382
0.144407
0.224658
0.559439
0.509679
0.175516
-0.840126
-0.312881
-0.618564
-1.971232
-1.275203
-0.232165
0.843222
1.311730
1.438956
1.542270
2.134058
1.930449
1.373486
0.633577
-1.155948
-0.311023
-0.498303
-1.865830
-1.119653
-0.433374
0.178457
0.807778
1.664001
1.920311
2.353608
2.240157
1.535769
0.146806
-1.027870
-0.151062
-0.351807
-1.337578
-0.383072
0.206704
0.423004
0.505887
1.118879
1.569665
1.594043
1.064939
0.572750
0.267763
-0.479962
0.306921
0.664997
0.309630
1.119420
1.523929
1.702231
1.859020
2.011475
2.086077
2.187146
2.118193
1.894773
1.609443
1.165853
1.506284
0.960645
0.749264
0.553275
0.618514
0.659373
0.577417
0.449640
0.318075
0.298961
0.410615
0.586727
0.645918
0.817017
0.984244
0.892603
0.600182
0.437493
0.513350
0.443541
0.179255
0.102225
-0.119418
-0.226366
-0.182347
0.045209
0.249030
0.559748
0.831170
0.934940
0.791466
0.747718
0.811615
0.741092
0.426806
0.287714
0.021186
-0.086629
-0.039245
0.249862
0.462399
0.472847
0.757878
1.032442
0.979181
0.933174
1.047937
0.866847
0.645391
0.577060
0.505399
0.324004
0.417564
0.485640
0.581596
0.585198
0.595154
1.068120
0.957944
0.935416
1.055140
1.082765
1.005905
0.975936
0.953748
0.881662
0.924917
1.008334
0.948022
0.620910
0.656485
1.089187
0.927482
1.034583
1.047750
1.232169
1.209233
1.138914
1.175679
1.206175
1.169139
1.219597
1.121195
0.709900
0.791245
1.129078
0.910765
1.004240
1.079775
1.285838
1.286025
1.289083
1.294690
1.294690
1.264449
1.251367
1.231642
0.883497
0.842349
1.144776
0.912905
1.014043
1.042551
1.250280
1.257840
1.264262
1.294690
1.294690
1.284394
1.268679
1.186043
0.813263
0.856501
1.119071
0.923320
0.913942
0.878519
0.993605
0.996000
0.907384
0.985450
1.043163
1.114042
1.130301
0.990530
0.643658
0.692231
1.072435
0.965963
0.848957
0.886674
0.778910
0.809661
0.886810
0.782274
0.692503
0.895066
0.916235
0.735791
0.557964
0.598331
0.971162
0.914706
0.841771
0.738782
0.560105
0.508049
0.428505
0.255435
0.164831
0.210651
0.504974
0.459935
0.458967
0.633923
0.807079
0.642741
0.620638
0.583176
0.405485
0.393558
0.200050
-0.050577
-0.211246
-0.160515
0.299454
0.284809
0.314422
0.668819
0.500455
0.066564
-0.026928
0.051614
-0.074125
-0.198215
-0.314150
-0.550251
-0.681646
-0.545273
-0.307609
-0.245802
0.001563
0.467903
0.669091
0.336559
0.182228
0.286423
0.300457
0.193950
0.106048
-0.014458
-0.010873
0.096262
0.214524
0.167413
0.349352
0.562364
2.989868
2.993045
2.997280
3.002044
3.000985
3.000456
3.015807
3.058157
3.092566
3.062392
3.027983
3.016337
3.013160
2.998338
2.989868
3.005749
2.854615
2.977428
2.841249
2.949769
3.169853
2.228241
2.333055
2.730743
2.971473
2.709039
2.844822
3.011043
2.989868
3.002573
3.056039
3.036453
3.082772
2.977164
2.964988
2.022184
2.160746
2.503777
3.212732
3.065700
3.138091
3.031159
2.989868
2.989868
2.989868
2.989868
2.998338
3.060804
3.298490
3.936907
3.948156
3.575878
3.100771
3.116122
2.423048
3.065568
2.989868
2.989868
2.989868
2.989868
2.989868
2.989868
2.989868
2.991986
3.000191
2.991721
2.989868
3.069273
3.044526
3.069538
2.989868
2.989868
2.989868
2.989868
2.989868
2.989868
2.989868
2.989868
2.989868
2.989868
2.989868
3.022160
2.976237
2.926080
2.989868
2.989868
2.989868
2.989868
2.989868
2.989868
2.989868
2.989868
2.989868
2.989868
2.989868
3.000456
3.049952
3.040423
2.989868
2.989868
2.989868
2.989868
2.989868
2.989868
2.989868
2.989868
2.989868
2.989868
2.989868
2.989868
2.989868
2.989868
2.989868
2.989868
2.989868
2.989868
2.991457
2.993045
2.993045
2.991986
2.994103
2.999397
3.000456
3.000456
2.989868
2.989868
2.990927
2.990927
2.989868
2.989868
2.997809
2.919595
3.027983
3.104741
3.067156
3.161384
2.803266
3.018454
2.989868
2.989868
2.968561
2.996221
2.993045
2.993045
2.997280
3.027189
3.195528
2.007759
1.526299
2.360053
3.212997
3.028512
2.993574
2.997280
2.961282
3.022954
2.943946
3.026395
3.006808
2.970546
3.132268
2.276942
2.615341
2.992515
2.869702
3.055510
3.060274
2.882010
2.874599
3.098786
2.694481
2.918139
3.015013
3.030894
3.195792
3.786302
3.890852
3.491179
3.262890
2.817162
2.752315
2.372096
2.932829
2.446472
2.668278
2.776136
2.783680
2.813060
2.808163
2.903714
2.844689
2.712348
2.846674
2.882142
2.427151
3.177397
-0.293603
-0.293603
-0.293603
-0.293603
-0.293603
-0.293603
-0.293603
-0.293603
-0.293603
-0.293603
-0.293603
-0.293603
-0.293603
-0.293603
-0.293603
-0.293603
-0.293603
-0.293603
-0.293603
-0.293603
-0.271995
-0.293202
-0.223578
-0.254389
-0.293603
-0.293603
-0.293603
-0.293603
-0.293603
-0.293603
-0.293603
-0.293603
-0.293603
-0.293603
-0.307807
0.940228
0.243585
-0.306207
-0.293603
-0.293603
-0.293603
-0.293603
-0.293603
-0.293603
-0.293603
-0.287600
-0.296604
-0.272595
-0.066523
1.040963
1.119791
-0.268194
-0.296403
-0.273996
-0.293603
-0.293603
-0.293603
-0.293603
-0.290001
-0.302906
0.062622
-0.332616
-0.149552
0.194468
0.253388
-0.098835
0.031511
-0.330816
-0.288001
-0.293603
-0.293603
-0.293603
-0.298104
-0.019907
-0.178962
-0.223078
-0.293603
-0.293603
-0.294603
-0.184765
-0.171960
-0.136148
-0.304006
-0.293603
-0.293603
-0.293603
-0.251088
-0.211774
-0.244285
-0.293603
-0.293603
-0.293603
-0.284599
-0.275196
-0.266193
-0.251588
-0.277397
-0.275396
-0.293603
-0.293603
-0.296103
-0.179063
-0.306607
-0.293603
-0.293603
-0.293603
-0.293603
-0.293603
-0.293603
-0.300105
0.004201
-0.327414
-0.293603
-0.293603
-0.271095
-0.247586
-0.270094
-0.293603
-0.293603
-0.293603
-0.293603
-0.293603
-0.293603
-0.235082
-0.173961
-0.232481
-0.293603
-0.293603
-0.293603
-0.293603
-0.293603
-0.293603
-0.293603
-0.293603
-0.293603
-0.293603
-0.291602
-0.294603
-0.286600
-0.293603
-0.293603
-0.293603
-0.293603
-0.293603
-0.293603
-0.293603
-0.293603
-0.293603
-0.293603
-0.293603
-0.296103
-0.179063
-0.306607
-0.293603
-0.293603
-0.293603
-0.293603
-0.293603
-0.293603
-0.293603
-0.293603
-0.293603
-0.293603
-0.293603
-0.271095
-0.247586
-0.270094
-0.293603
-0.293603
-0.293603
-0.293603
-0.293603
-0.293603
-0.293603
-0.293603
-0.293603
-0.293603
-0.293603
-0.293603
-0.293603
-0.293603
-0.293603
-0.293603
-0.293603
-0.293603
-0.293603
-0.293603
-0.293603
-0.293603
-0.293603
-0.293603
-0.293603
-0.293603
-0.293603
-0.293603
-0.293603
2.410462
2.410462
2.410462
2.410462
2.410462
2.410462
2.410462
2.410462
2.410462
2.410462
2.410462
2.410462
2.410462
2.410462
2.410462
2.410462
2.410462
2.410462
2.410462
2.410462
2.410462
2.410462
2.410462
2.410462
2.410462
2.410462
2.410462
2.410462
2.410462
2.410462
2.410462
2.410462
2.410462
2.410462
2.410462
2.410462
2.410462
2.410462
2.410462
2.410462
2.410462
2.410462
2.410462
2.410462
2.410462
2.410462
2.410462
2.410462
2.410462
2.410462
2.410462
2.410462
2.410462
2.410462
2.410462
2.410462
2.410462
2.410462
2.410462
2.410462
2.410462
2.410462
2.410462
2.410462
2.410462
2.410462
2.410462
2.410462
2.410462
2.410462
2.410462
2.410462
2.410462
2.410462
2.410462
2.410462
2.410462
2.410462
2.410462
2.410462
2.410462
2.410462
2.410462
2.410462
2.410462
2.410462
2.410462
2.410462
2.410462
2.410462
2.410462
2.410462
2.410462
2.410462
2.410462
2.410462
2.410462
2.410462
2.410462
2.410462
2.410462
2.410462
2.410462
2.410462
2.410462
2.410462
2.410462
2.410462
2.410462
2.410462
2.410462
2.410462
2.410462
2.410462
2.410462
2.410462
2.410462
2.410462
2.410462
2.410462
2.410462
2.410462
2.410462
2.410462
2.410462
2.410462
2.410462
2.410462
2.410462
2.410462
2.410462
2.410462
2.410462
2.410462
2.410462
2.410462
2.410462
2.410462
2.410462
2.410462
2.410462
2.410462
2.410462
2.410462
2.410462
2.410462
2.410462
2.410462
2.410462
2.410462
2.410462
2.410462
2.410462
2.410462
2.410462
2.410462
2.410462
2.410462
2.410462
2.410462
2.410462
2.410462
2.410462
2.410462
2.410462
2.410462
2.410462
2.410462
2.410462
2.410462
2.410462
2.410462
2.410462
2.410462
2.410462
2.410462
2.410462
2.410462
2.410462
2.410462
2.410462
2.410462
2.410462
2.410462
2.410462
2.410462
2.410462
2.410462
2.410462
2.410462
2.410462
2.410462
2.410462
2.410462
2.410462
2.410462
2.121485
2.445803
2.586223
2.586223
2.586223
2.586223
2.586223
2.586223
2.586223
2.586223
2.586223
2.586223
2.517482
2.369815
2.279041
2.484776
2.586223
2.586223
2.586223
2.586223
2.578781
2.576562
2.580740
2.586223
2.586223
2.586223
2.564158
2.545488
2.502043
2.548132
2.586223
2.586223
2.586223
2.586223
2.575648
2.552930
2.577606
2.586223
2.586223
2.586223
2.586223
2.586223
2.511182
2.561841
2.586223
2.586223
2.586223
2.586223
2.582829
2.579956
2.582959
2.586223
2.586223
2.586223
2.586223
2.586223
2.528808
2.566998
2.586223
2.569479
2.564485
2.573885
2.586223
2.586223
2.586223
2.586223
2.545292
2.525642
2.546402
2.580740
2.561743
2.577835
2.586223
2.562428
2.511313
2.566835
2.586223
2.586223
2.586223
2.586223
2.528058
2.392533
2.505535
2.577606
2.575844
2.580479
2.586223
2.578585
2.572123
2.578879
2.586223
2.586223
2.586223
2.586223
2.567553
2.548360
2.562004
2.582959
2.554007
2.575648
2.586223
2.586223
2.586223
2.586223
2.586223
2.586223
2.586223
2.586223
2.586223
2.586223
2.586223
2.586223
2.539645
2.567716
2.586223
2.586223
2.586223
2.586223
2.586223
2.586223
2.586223
2.586223
2.586223
2.586223
2.586223
2.586223
2.508767
2.560470
2.586223
2.586223
2.586223
2.586223
2.586223
2.586223
2.560176
2.552408
2.567031
2.586223
2.586223
2.586223
2.510823
2.559360
2.586223
2.586223
2.586223
2.584363
2.583808
2.584852
2.549209
2.469696
2.556063
2.586223
2.586223
2.586223
2.493067
2.549209
2.586223
2.586223
2.586223
2.583580
2.577900
2.584069
2.574342
2.564289
2.574799
2.586223
2.582502
2.581393
2.375756
2.503185
2.586223
2.586223
2.586223
2.585375
2.584657
2.585407
2.586223
2.586223
2.586223
2.586223
2.517678
2.487453
2.272970
2.499399
2.586223
2.586223
2.586223
2.586223
2.586223
2.586223
2.586223
2.586223
2.586223
2.586223
2.494633
2.300095
2.634613
2.634613
2.634613
2.634613
2.634613
2.634613
2.634613
2.634613
2.634613
2.634613
2.634613
2.634613
2.634613
2.634613
2.634613
2.634613
2.634613
2.634613
2.634613
2.634613
2.634613
2.634613
2.634613
2.634613
2.634613
2.634613
2.634613
2.634613
2.634613
2.634613
2.634613
2.634613
2.634613
2.634613
2.634613
2.634613
2.634613
2.634613
2.634613
2.634613
2.634613
2.634613
2.634613
2.634613
2.634613
2.634613
2.634613
2.634613
2.634613
2.634613
2.634613
2.634613
2.634613
2.634613
2.634613
2.634613
2.634613
2.634613
2.634613
2.634613
2.634613
2.634613
2.634613
2.634613
2.634613
2.634613
2.634613
2.617454
2.597379
2.618999
2.634613
2.634613
2.606730
2.574108
2.609240
2.634613
2.634613
2.634613
2.634613
2.634613
2.634613
2.576189
2.578526
2.577883
2.634613
2.634613
2.564070
2.596414
2.564628
2.634613
2.634613
2.634613
2.634613
2.634613
2.634613
2.580156
2.570290
2.584060
2.634613
2.634613
2.607846
2.563513
2.613701
2.634613
2.634613
2.634613
2.634613
2.634613
2.634613
2.615910
2.587020
2.619449
2.634613
2.634613
2.634613
2.634613
2.634613
2.634613
2.634613
2.634613
2.634613
2.634613
2.634613
2.623760
2.628736
2.623846
2.634613
2.634613
2.634613
2.634613
2.634613
2.634613
2.634613
2.634613
2.634613
2.634613
2.634613
2.630495
2.623674
2.631395
2.634613
2.634613
2.634613
2.634613
2.634613
2.634613
2.565979
2.485679
2.572156
2.634613
2.634613
2.634613
2.634613
2.634613
2.634613
2.634613
2.634613
2.634613
2.634613
2.634613
2.460971
2.540585
2.462343
2.634613
2.634613
2.634613
2.634613
2.634613
2.634613
2.634613
2.634613
2.634613
2.634613
2.634613
2.568725
2.459598
2.583138
2.634613
2.634613
2.634613
2.634613
2.634613
2.634613
2.634613
2.634613
2.634613
2.634613
2.634613
2.634613
2.634613
2.634613
2.634613
2.634613
2.634613
2.634613
2.634613
1.348708
1.231276
1.258942
1.294586
1.320032
1.440291
1.581756
1.593772
1.564994
1.505823
1.442109
1.289537
1.318315
1.547728
1.315892
1.251773
1.246724
1.186847
1.377587
1.526725
1.485225
1.296908
1.343457
1.392935
1.441301
1.268939
1.200579
1.379101
1.785925
1.918504
1.900126
1.989084
2.204765
1.863675
1.165339
1.470785
1.540054
1.749473
1.760581
2.153874
2.009077
1.480681
1.954047
1.800364
1.933044
2.224253
1.771890
1.331542
1.489668
2.298469
1.919715
2.051789
1.602758
1.839946
2.131357
1.692625
2.032099
1.876701
2.138829
2.008573
1.434536
1.689697
2.695498
1.834594
1.545405
1.743617
1.718676
1.450187
1.799052
1.834393
1.978583
1.830051
1.921432
1.585593
1.621136
2.181945
1.620025
1.348304
1.499866
1.435142
1.458871
1.850447
1.819044
2.104094
1.895987
1.886697
1.555604
1.555099
1.998980
2.015035
1.512488
1.742506
1.875085
1.938497
1.869733
2.127419
2.223344
2.101468
1.896088
1.949705
1.548939
1.308016
1.612149
1.814804
1.988277
2.082586
2.045125
2.088948
1.898107
1.678792
1.299736
1.930722
1.927692
1.851053
1.721605
1.447259
1.475127
1.653144
1.851760
1.932337
1.916181
1.939506
1.593570
1.301049
1.198257
1.838129
1.933347
1.890029
1.886091
1.847418
1.356584
1.498553
1.446855
1.175437
1.123031
1.340630
1.355877
1.417976
1.940617
2.086120
1.984339
1.846307
1.917393
1.744223
1.376880
1.211283
0.808902
0.322309
0.512543
0.904019
1.251571
1.609423
1.833383
2.030888
1.841057
1.730288
1.894169
2.040985
1.669805
1.304381
1.129090
2.282717
2.368948
1.760480
1.579030
1.531067
1.980199
1.908103
2.339060
2.194768
2.206683
2.252828
2.295944
2.171746
2.591697
3.958176
3.300937
2.629562
2.001908
2.393485
2.389749
2.213953
2.864225
2.423575
2.263531
2.244044
2.333102
2.499003
2.400755
2.246265
2.255454
2.247275
2.364404
2.410953
2.233239
2.267469
2.670397
2.670397
2.670397
2.670397
2.670397
2.670397
2.670397
2.670397
2.670397
2.670397
2.670397
2.670397
2.670397
2.670397
2.670397
2.670397
2.670397
2.670397
2.670397
2.670397
2.670397
2.670397
2.670397
2.670397
2.670397
2.670397
2.670397
2.670397
2.670397
2.670397
2.670397
2.670397
2.670397
2.670397
2.670397
2.670397
2.670397
2.670397
2.670397
2.670397
2.670397
2.670397
2.670397
2.670397
2.670397
2.670397
2.670397
2.670397
2.670397
2.670397
2.670397
2.670397
2.670397
2.670397
2.670397
2.670397
2.670397
2.670397
2.670397
2.670397
2.670397
2.670397
2.670397
2.670397
2.670397
2.670397
2.670397
2.648299
2.630937
2.653824
2.670397
2.670397
2.670397
2.670397
2.670397
2.670397
2.670397
2.670397
2.670397
2.670397
2.670397
2.617520
2.469149
2.645932
2.670397
2.670397
2.670397
2.670397
2.670397
2.670397
2.670397
2.670397
2.670397
2.670397
2.670397
2.647510
2.645143
2.645932
2.670397
2.670397
2.670397
2.670397
2.670397
2.670397
2.670397
2.670397
2.670397
2.670397
2.670397
2.670397
2.670397
2.670397
2.670397
2.670397
2.670397
2.670397
2.670397
2.670397
2.670397
2.670397
2.670397
2.670397
2.670397
2.670397
2.670397
2.670397
2.670397
2.670397
2.670397
2.670397
2.670397
2.670397
2.670397
2.670397
2.670397
2.670397
2.670397
2.670397
2.670397
2.670397
2.670397
2.670397
2.670397
2.670397
2.670397
2.670397
2.616897
2.562068
2.607427
2.660802
2.670397
2.670397
2.670397
2.670397
2.670397
2.670397
2.670397
2.670397
2.670397
2.670397
2.542379
2.152551
2.494653
2.656233
2.670397
2.670397
2.670397
2.670397
2.670397
2.670397
2.670397
2.670397
2.670397
2.670397
2.614986
2.596004
2.596544
2.656233
2.670397
2.670397
2.670397
2.670397
2.670397
2.670397
2.670397
2.670397
2.670397
2.670397
2.670397
2.670397
2.670397
2.670397
2.670397
2.670397
2.670397
2.670397
4.420896
4.328940
4.330348
4.296129
4.311619
4.196711
4.157985
4.269655
4.295425
4.221354
4.231352
4.362315
4.448215
3.911691
4.043358
4.283315
4.450890
4.356963
4.410334
4.496234
4.503416
4.337812
4.264022
4.375411
4.410334
4.465113
4.325420
4.478913
4.260220
4.512851
4.403152
4.413573
4.431457
4.158408
4.441596
4.434837
4.452439
4.433006
4.413010
4.153056
4.504261
4.334432
4.188684
4.435681
4.400336
4.390197
4.400336
4.445398
4.391324
4.390197
4.390197
4.391464
4.408504
4.476097
4.218537
4.350063
4.300354
4.343304
4.418501
4.390197
4.390197
4.390197
4.390197
4.390197
4.390197
4.390197
4.412165
4.492010
4.587485
4.287821
4.218819
4.336826
4.421177
4.390197
4.390197
4.390197
4.390197
4.390197
4.390197
4.390197
4.430753
4.163759
3.493457
4.264445
4.285427
4.424275
4.406672
4.390197
4.390197
4.390197
4.390197
4.390197
4.390197
4.390197
4.405406
4.518624
4.711125
4.126019
4.279090
4.347528
4.419346
4.392450
4.391324
4.390197
4.390197
4.390197
4.390197
4.390197
4.390197
4.390197
4.425402
4.337108
4.224452
4.370341
4.439061
4.385972
4.408222
4.390197
4.390197
4.390197
4.390197
4.390197
4.390197
4.410334
4.432020
4.417093
4.166716
4.436526
4.442723
4.110951
4.500177
4.419487
4.394703
4.390197
4.390197
4.390197
4.421318
4.465676
4.105037
4.343022
4.266839
4.408362
4.419065
4.526933
3.916057
4.489334
4.546929
4.464550
4.421318
4.458072
4.534678
3.962809
4.585514
4.428359
4.275429
4.406250
4.435259
4.436104
4.605228
4.060115
3.418681
4.289088
4.537494
4.241350
3.756508
4.382733
4.515949
4.325983
4.166152
4.206708
4.419346
4.240928
4.353161
4.486095
4.628886
4.224734
4.319224
4.402589
4.621000
4.407377
4.369356
3.948023
3.869164
4.478350
4.435681
4.436949
4.435118
4.376256
4.245152
4.227268
4.266135
4.217129
4.313027
4.446806
4.572277
3.542744
-1.002172
-1.002172
-1.002172
-1.002172
-1.002172
-1.002172
-1.002172
-1.002172
-1.002172
-1.002172
-1.002172
-1.002172
-1.002172
-1.002172
-1.002172
-1.002172
-1.002172
-1.002172
-1.002172
-1.002172
-1.002172
-1.002172
-1.002172
-1.002172
-1.002172
-1.002172
-1.002172
-1.002172
-1.002172
-1.002172
-1.002172
-1.002172
-1.002172
-1.002172
-1.002172
-1.002172
-1.002172
-1.002172
-1.002172
-1.002172
-1.002172
-1.002172
-1.002172
-1.002172
-1.002172
-1.002172
-1.002172
-1.002172
-1.002172
-1.002172
-1.002172
-1.002172
-1.002172
-1.002172
-1.002172
-1.002172
-1.002172
-1.002172
-1.002172
-1.002172
-1.002172
-1.002172
-1.002172
-1.002172
-1.002172
-1.002172
-1.002172
-1.002172
-1.002172
-1.002172
-1.002172
-1.002172
-0.966435
-0.940445
-0.959938
-1.002172
-1.002172
-1.002172
-1.002172
-1.002172
-1.002172
-0.993238
-0.986740
-0.991614
-1.002172
-1.002172
-0.969684
-0.726022
-0.983762
-1.002172
-1.002172
-1.002172
-1.002172
-1.002172
-1.002172
-0.994050
-0.933135
-0.997570
-1.002172
-1.002172
-0.959938
-0.981596
-0.954523
-1.002172
-1.002172
-1.002172
-1.002172
-1.002172
-1.002172
-0.991614
-0.997028
-0.990260
-1.002172
-1.002172
-1.002172
-1.002172
-1.002172
-1.002172
-1.002172
-1.002172
-1.002172
-1.002172
-1.002172
-1.002172
-1.002172
-1.002172
-1.002172
-1.002172
-1.002172
-1.002172
-1.002172
-1.002172
-1.002172
-1.002172
-1.002172
-1.002172
-1.002172
-1.002172
-1.002172
-1.002172
-1.002172
-1.002172
-1.002172
-1.002172
-1.002172
-1.002172
-0.921764
-0.863285
-0.907144
-1.002172
-1.002172
-1.002172
-1.002172
-1.002172
-1.002172
-1.002172
-1.002172
-1.002172
-1.002172
-1.002172
-0.929074
-0.380834
-0.960750
-1.002172
-1.002172
-1.002172
-1.002172
-1.002172
-1.002172
-1.002172
-1.002172
-1.002172
-1.002172
-1.002172
-0.907144
-0.955876
-0.894961
-1.002172
-1.002172
-1.002172
-1.002172
-1.002172
-1.002172
-1.002172
-1.002172
-1.002172
-1.002172
-1.002172
-1.002172
-1.002172
-1.002172
-1.002172
-1.002172
-1.002172
-1.002172
-1.002172
-0.046395
0.125174
-0.071165
-0.088322
-0.071267
-0.049034
-0.023756
-0.020609
-0.019593
-0.006802
-0.028832
-0.037562
-0.029035
-0.102129
0.386994
0.776119
0.159691
0.102637
0.286286
0.429733
0.608611
0.605769
0.593383
0.756323
0.546278
0.530035
0.733785
-0.047308
-0.017258
0.187101
-0.181314
-0.042232
0.264764
0.105378
-0.213192
-0.243749
-0.212075
-0.067003
-0.162939
0.457347
0.662315
-0.135224
0.046192
0.175629
0.016852
0.456129
0.101723
-0.107916
0.187304
0.024466
0.274916
0.648610
0.393897
-0.087409
1.164838
0.030456
0.002030
0.162533
0.157356
0.417145
-0.169944
-0.104971
0.007411
-0.164767
-0.141417
-0.069846
-0.072790
0.152990
0.903729
0.526177
0.026598
0.352172
0.382628
-0.084668
-0.139793
0.074719
-0.133296
-0.134311
-0.132179
-0.138473
0.014822
0.107713
-0.208725
0.487498
0.086901
0.390547
0.413693
-0.132179
-0.015126
0.042334
-0.125478
-0.120199
-0.120199
-0.125275
-0.078170
0.843528
0.019796
0.594297
0.027004
0.294509
0.427906
-0.059186
0.014010
0.241922
-0.120403
-0.120199
-0.120199
-0.116748
-0.070556
0.459377
0.441916
0.537040
0.050151
0.206288
0.157762
-0.030050
0.152584
0.076241
-0.137458
-0.107611
-0.108423
-0.115631
-0.078475
0.078069
0.209232
0.379786
0.030557
0.122737
0.050252
0.332985
-0.150452
-0.163650
-0.109134
-0.015533
0.003147
-0.110047
-0.018984
-0.120402
0.348111
0.128829
0.109134
0.159894
-0.087510
0.034821
-0.097662
-0.069338
-0.111875
-0.072587
0.197862
-0.116342
-0.120199
-0.021928
0.920582
-0.107103
0.120809
0.198370
-0.138879
-0.137762
0.074617
0.345167
-0.048120
0.270043
0.560491
-0.090150
-0.066191
0.435926
0.324762
-0.136341
0.243648
0.338366
-0.083551
-0.127509
-0.154107
-0.067003
0.221821
0.075328
0.133194
0.104870
0.047511
-0.170249
0.243343
0.086596
-0.000711
0.040506
-0.155528
-0.123651
-0.124260
-0.146189
-0.176238
-0.186390
-0.182736
-0.179284
-0.158675
-0.141316
0.036852
-0.171975
-0.091667
-0.356023
-0.390338
-0.390338
-0.390338
-0.390338
-0.390338
-0.390338
-0.390338
-0.390338
-0.390338
-0.390338
-0.390338
-0.390338
-0.415757
-0.366190
-0.390338
-0.390338
-0.390338
-0.390338
-0.389067
-0.413771
-0.388670
-0.431485
-0.364919
-0.390338
-0.390338
-0.390338
-0.390338
-0.390338
-0.390338
-0.390338
-0.390338
-0.390338
-0.344584
-0.065056
-0.108427
0.149415
-0.339739
-0.356181
-0.390338
-0.390338
-0.390338
-0.390338
-0.390338
-0.390338
-0.390338
-0.390338
-0.373816
-0.375007
0.026610
0.820314
0.587175
-0.298115
-0.390338
-0.390338
-0.390338
-0.390338
-0.390338
-0.390338
-0.390338
-0.390338
-0.390338
-0.378979
-0.346888
-0.423065
-0.369606
-0.325441
-0.390338
-0.390338
-0.390338
-0.390338
-0.390338
-0.390338
-0.390338
-0.390338
-0.390338
-0.390338
-0.390338
-0.390338
-0.390338
-0.390338
-0.390338
-0.390338
-0.390338
-0.390338
-0.390338
-0.390338
-0.390338
-0.390338
-0.390338
-0.390338
-0.390338
-0.390338
-0.390338
-0.390338
-0.390338
-0.390338
-0.390338
-0.390338
-0.390338
-0.390338
-0.390338
-0.390338
-0.390338
-0.390338
-0.390338
-0.390338
-0.390338
-0.390338
-0.390338
-0.390338
-0.390338
-0.390338
-0.390338
-0.390338
-0.390338
-0.390338
-0.390338
-0.390338
-0.390338
-0.390338
-0.390338
-0.390338
-0.390338
-0.390338
-0.390338
-0.390338
-0.390338
-0.390338
-0.389385
-0.408449
-0.380091
-0.400267
-0.452296
-0.359835
-0.387081
-0.391847
-0.389544
-0.390338
-0.390338
-0.390338
-0.390338
-0.390338
-0.356023
-0.164666
-0.361186
-0.247993
0.514811
-0.212644
-0.359041
-0.371671
-0.388193
-0.390338
-0.390338
-0.390338
-0.390338
-0.390338
-0.377946
-0.349350
0.366508
2.042166
0.868212
0.253076
-0.329651
-0.391927
-0.388829
-0.390338
-0.390338
-0.390338
-0.390338
-0.390338
-0.390338
-0.368653
-0.301849
-0.491378
-0.270631
-0.350065
-0.352607
-0.390259
-0.391847
-0.389544
-0.390338
-0.390338
-0.390338
-0.390338
-0.390338
-0.390338
-0.390338
-0.390338
-0.390338
-0.390338
-0.390338
-0.387478
-0.371671
-0.388193
0.474152
0.754060
0.787183
0.644792
0.552048
0.408059
0.346915
0.227825
0.179549
0.286380
0.413693
0.604969
0.648295
0.590501
0.285999
0.244424
0.043326
-0.077363
-0.160589
-0.247241
-0.210692
-0.287370
-0.225845
0.187696
0.116806
0.040509
0.079266
-0.127085
0.184194
0.284629
0.266049
0.129370
-0.041118
-0.138964
-0.315695
0.157315
0.252039
0.263917
0.614335
0.073860
-0.012716
0.194169
0.247013
0.260719
0.204829
-0.086957
-0.364199
0.062819
0.429608
0.062591
-0.065104
0.448111
-0.027640
-0.159447
-0.285085
0.230794
0.267496
0.205590
-0.092820
-0.378591
0.358032
-0.411333
-0.518849
-0.500422
-0.462578
-0.477046
-0.325747
-0.176199
-0.359402
0.093125
0.279298
0.211073
-0.368387
-0.346077
-0.105689
-0.559587
-0.628954
-0.444684
-0.328031
-0.357651
-0.575425
-0.467985
0.320569
-0.012488
0.278994
0.328183
-0.290263
0.265288
-0.394733
-0.591796
-0.629411
-0.576414
-0.596288
-0.559967
-0.622634
-0.470954
0.613573
-0.028174
0.255998
0.319427
-0.039671
0.538266
-0.017513
-0.548698
-0.641061
-0.641366
-0.638092
-0.640224
-0.638548
-0.459989
0.226530
0.091145
0.274273
0.380114
0.200717
0.249907
0.197214
-0.482680
-0.643650
-0.643650
-0.643650
-0.643650
-0.641061
-0.556465
-0.021930
0.175361
0.220591
0.243739
0.207266
-0.043402
0.416816
-0.416282
-0.587684
-0.619284
-0.616238
-0.619284
-0.582734
-0.458847
-0.134167
0.349123
0.143837
0.208941
0.291253
0.198585
0.075840
0.018655
-0.456487
-0.269019
-0.336559
-0.269780
-0.403642
0.174752
0.376459
0.339300
0.093886
0.260948
0.200489
0.334579
0.258739
0.170488
-0.312040
0.544358
0.594080
0.268257
0.174143
0.276557
0.165615
0.047134
0.143380
0.311355
0.173001
0.256836
0.217088
0.235058
0.239170
0.139725
0.298944
0.307548
0.130131
0.127847
0.176427
-0.088023
0.066627
0.115511
0.161883
0.049570
0.037768
-0.056423
-0.056195
-0.071880
-0.066931
-0.029316
0.001904
-0.047971
0.029925
-0.096247
0.013832
0.013832
0.013832
0.013832
0.013832
0.013832
0.013832
0.013832
0.013832
0.013832
0.013832
0.013832
0.013832
0.013832
0.013832
0.013832
0.013832
0.013832
0.013832
0.013832
0.013832
0.013832
0.013832
0.013832
0.013832
0.013832
0.013832
0.013832
0.013832
0.013832
0.013832
0.013832
0.013832
0.013832
0.013832
0.013832
0.013832
0.013832
0.013832
0.013832
0.013832
0.013832
0.013832
0.013832
0.013832
0.013832
0.013832
0.013832
0.013832
0.013832
0.013832
0.013832
0.013832
0.013832
0.013832
0.013832
0.013832
0.013832
0.013832
0.013832
0.013832
0.013832
0.013832
0.013832
0.013832
0.013832
0.013832
0.013832
0.013832
0.013832
0.013832
0.013832
0.013832
0.013832
0.013832
0.013832
0.013832
0.013832
0.013832
0.013832
0.013832
0.013832
0.013832
0.013832
0.013832
0.013832
0.013832
0.013832
0.013832
0.013832
0.013832
0.013832
0.013832
0.013832
0.013832
0.013832
0.013832
0.013832
0.013832
0.013832
0.013832
0.013832
0.013832
0.013832
0.013832
0.013832
0.013832
0.013832
0.013832
0.013832
0.013832
0.013832
0.013832
0.013832
0.013832
0.013832
0.013832
0.013832
0.013832
0.013832
0.013832
0.013832
0.013832
0.013832
0.013832
0.013832
0.013832
0.013832
0.013832
0.013832
0.013832
0.013832
0.013832
0.013832
0.013832
0.013832
0.013832
0.013832
0.013832
0.013832
0.013832
0.013832
0.013832
0.013832
0.013832
0.013832
0.013832
0.013832
0.013832
0.013832
0.013832
0.013832
0.013832
0.013832
0.013832
0.013832
0.013832
0.013832
0.013832
0.013832
0.013832
0.013832
0.013832
0.013832
0.013832
0.013832
0.013832
0.013832
0.013832
0.013832
0.013832
0.013832
0.013832
0.013832
0.013832
0.013832
0.013832
0.013832
0.013832
0.013832
0.013832
0.013832
0.013832
0.013832
0.013832
0.013832
0.013832
0.013832
0.013832
0.013832
0.013832
0.013832
0.013832
0.013832
0.013832
0.013832
-0.818673
-0.210743
-0.473982
-0.583376
-0.550778
-0.588287
-0.498198
-0.390667
-0.438252
-0.473813
-0.547730
-0.633077
-0.684218
-0.896824
-0.762283
-0.095423
-0.571607
-0.764739
-0.710635
-0.640613
-0.543496
-0.725791
-0.740862
-0.584392
-0.660849
-0.688282
-0.615550
-0.862279
-0.742132
0.077558
-0.502431
-0.761352
-0.555096
-0.422418
-0.843397
-0.887087
-0.892844
-0.846361
-0.648487
-0.422334
-0.180855
-0.848393
-0.755510
0.012446
-0.441469
-0.352904
-0.136234
-0.645862
-0.778540
-0.795051
-0.783789
-0.790817
-0.775407
-0.236737
0.123872
-0.751954
-0.775322
-0.033529
-0.279157
0.002117
-0.024978
-0.265779
-0.527324
-0.542819
-0.538416
-0.488461
-0.724605
-0.476946
0.234282
-0.367637
-0.786330
-0.066042
0.071631
0.570167
0.178992
0.557128
-0.394223
-0.608946
-0.691161
-0.483550
-0.221497
-0.200837
0.812577
0.152745
-0.784043
-0.096100
0.285422
2.032586
2.244176
0.955839
-0.371193
-0.667538
-0.655261
-0.492186
0.162736
1.383845
1.966120
0.259344
-0.780657
-0.013886
0.148511
1.793055
2.362122
1.520417
-0.334700
-0.735443
-0.666014
-0.445448
0.431224
1.966882
2.405388
-0.053850
-0.775407
-0.051987
-0.213876
0.926120
1.589424
0.961088
-0.273907
-0.622070
-0.597770
-0.375850
0.035646
0.986997
1.738866
-0.556281
-0.771004
-0.060285
-0.364843
-0.123449
-0.305574
-0.429615
-0.394308
-0.316835
-0.314295
-0.449428
-0.681593
-0.406670
-0.048431
-0.722319
-0.765077
0.013801
-0.545359
-0.760505
-0.753054
-0.803687
-0.672618
-0.726637
-0.729093
-0.792002
-0.849832
-0.704538
-0.183988
-0.868036
-0.710635
0.082977
-0.499891
-0.780995
-0.763977
-0.536892
-0.590234
-0.663728
-0.664151
-0.719356
-0.737136
-0.387365
-0.457218
-0.838994
-0.634008
0.160619
-0.351126
-0.642306
-0.625711
-0.562462
-0.414883
-0.195757
-0.181786
-0.400912
-0.487360
-0.608184
-0.522244
-0.858807
-0.788531
-0.311839
-0.611317
-0.810799
-0.820367
-0.805888
-0.712074
-0.603189
-0.617498
-0.730955
-0.778709
-0.797845
-0.743063
-0.880737
0.006683
0.006683
0.006683
0.006683
0.006683
0.006683
0.006683
0.006683
0.006683
0.006683
0.006683
0.006683
0.006683
0.006683
0.006683
0.006683
0.006683
0.006683
0.006683
0.006683
0.006683
0.006683
0.006683
0.006683
0.006683
0.006683
0.006683
0.006683
0.006683
0.006683
0.006683
0.006683
0.006683
0.006683
0.006683
0.006683
0.006683
0.006683
0.006683
0.006683
0.006683
0.006683
0.006683
0.006683
0.006683
0.006683
0.006683
0.006683
0.006683
0.006683
0.006683
0.006683
0.006683
0.006683
0.006683
0.006683
0.006683
0.006683
0.006683
0.006683
0.006683
0.006683
0.006683
0.006683
0.006683
0.006683
0.006683
0.006683
0.006683
0.006683
0.006683
0.006683
0.006683
0.006683
0.006683
0.006683
0.006683
0.006683
0.006683
0.006683
0.006683
0.006683
0.006683
0.006683
0.006683
0.006683
0.006683
0.006683
0.006683
0.006683
0.006683
0.006683
0.006683
0.006683
0.006683
0.006683
0.006683
0.006683
0.006683
0.006683
0.006683
0.006683
0.006683
0.006683
0.006683
0.006683
0.006683
0.006683
0.006683
0.006683
0.006683
0.006683
0.006683
0.006683
0.006683
0.006683
0.006683
0.006683
0.006683
0.006683
0.006683
0.006683
0.006683
0.006683
0.006683
0.006683
0.006683
0.006683
0.006683
0.006683
0.006683
0.006683
0.006683
0.006683
0.006683
0.006683
0.006683
0.006683
0.006683
0.006683
0.006683
0.006683
0.006683
0.006683
0.006683
0.006683
0.006683
0.006683
0.006683
0.006683
0.006683
0.006683
0.006683
0.006683
0.006683
0.006683
0.006683
0.006683
0.006683
0.006683
0.006683
0.006683
0.006683
0.006683
0.006683
0.006683
0.006683
0.006683
0.006683
0.006683
0.006683
0.006683
0.006683
0.006683
0.006683
0.006683
0.006683
0.006683
0.006683
0.006683
0.006683
0.006683
0.006683
0.006683
0.006683
0.006683
0.006683
0.006683
0.006683
0.006683
0.006683
0.006683
0.006683
0.006683
0.006683
0.006683
-0.522802
-0.511550
-0.496939
-0.517596
-0.509199
-0.469228
-0.500466
-0.521626
-0.524313
-0.516756
-0.487702
-0.481152
-0.514909
-0.524313
-0.498954
-0.474854
-0.414480
-0.510458
-0.478969
-0.266355
-0.278111
-0.284661
-0.413976
-0.408937
-0.364013
-0.360570
-0.504916
-0.524313
-0.395922
-0.496099
-0.518519
-0.506344
-0.375013
0.130323
0.931319
0.660178
0.056596
0.264676
-0.247378
-0.387525
-0.490557
-0.524313
-0.307669
-0.485183
-0.516084
-0.426403
0.161560
1.694446
2.593772
0.357967
0.435640
1.201117
0.543626
0.438159
-0.328913
-0.516252
-0.298768
-0.476114
-0.493832
-0.247798
0.664628
0.547573
-0.221011
-0.330593
-0.404067
-0.191453
1.024107
1.671354
-0.085734
-0.507687
-0.277355
-0.476786
-0.521206
-0.267615
0.572344
-0.322028
-0.485519
-0.524313
-0.512221
-0.420861
-0.188010
0.533718
-0.302043
-0.517260
-0.271225
-0.475358
-0.524313
-0.467381
-0.464358
-0.463854
-0.524313
-0.524313
-0.508527
-0.464022
-0.465450
-0.484595
-0.473763
-0.524313
-0.257202
-0.464862
-0.521626
-0.510710
-0.460076
-0.516000
-0.524313
-0.524313
-0.507015
-0.453022
-0.491145
-0.451427
-0.505504
-0.524313
-0.287852
-0.435472
-0.518771
-0.456045
-0.200942
-0.117727
-0.396678
-0.513565
-0.516504
-0.410953
-0.021916
0.330677
-0.223026
-0.485351
-0.275172
-0.473007
-0.511550
-0.326646
0.834753
1.551023
0.091360
-0.467213
-0.523222
-0.144010
1.603253
1.957022
0.419686
-0.443953
-0.276432
-0.464610
-0.471076
-0.469144
0.029642
1.810409
0.386601
-0.442862
-0.524313
-0.116803
1.489809
1.085658
-0.242004
-0.490221
-0.266019
-0.462763
-0.479641
-0.516420
-0.417335
-0.405411
-0.385090
-0.493748
-0.524313
-0.420861
-0.286676
-0.370815
-0.457305
-0.524313
-0.280462
-0.481068
-0.522466
-0.521962
-0.524313
-0.524313
-0.524313
-0.524313
-0.524313
-0.518855
-0.519695
-0.518435
-0.524313
-0.524313
-0.514153
-0.511382
-0.524313
-0.524313
-0.524313
-0.524313
-0.524313
-0.524313
-0.524313
-0.524313
-0.524313
-0.524313
-0.524313
-0.524313
1.112845
1.112845
1.112845
1.112845
1.112845
1.112845
1.112845
1.112845
1.112845
1.112845
1.112845
1.112845
1.112845
1.112845
1.112845
1.112845
1.112845
1.112845
1.112845
1.112845
1.112845
1.112845
1.112845
1.112845
1.112845
1.112845
1.112845
1.112845
1.112845
1.112845
1.112845
1.112845
1.112845
1.112845
1.112845
1.112845
1.112845
1.112845
1.112845
1.112845
1.112845
1.112845
1.112845
1.112845
1.112845
1.112845
1.112845
1.112845
1.112845
1.112845
1.112845
1.112845
1.112845
1.112845
1.112845
1.112845
1.112845
1.112845
1.112845
1.112845
1.112845
1.112845
1.112845
1.112845
1.112845
1.112845
1.112845
1.112845
1.112845
1.112845
1.112845
1.112845
0.965698
1.003453
0.983123
1.112845
1.112845
1.112845
1.112845
1.112845
1.112845
1.095009
1.099585
1.097121
1.112845
1.112845
0.865986
0.920198
0.882443
1.112845
1.112845
1.112845
1.112845
1.112845
1.112845
1.042791
1.059659
1.049539
1.112845
1.112845
1.006357
1.009261
0.990868
1.112845
1.112845
1.112845
1.112845
1.112845
1.112845
1.014776
1.034490
1.019499
1.112845
1.112845
1.112845
1.112845
1.112845
1.112845
1.112845
1.112845
1.112845
1.112845
1.112845
1.053880
1.061244
1.051651
1.112845
1.112845
1.112845
1.112845
1.112845
1.112845
1.112845
1.112845
1.112845
1.112845
1.112845
1.099937
1.100289
1.098060
1.112845
1.112845
1.112845
1.112845
1.112845
1.112845
1.112845
1.112845
1.112845
1.112845
1.112845
1.112845
1.112845
1.112845
1.112845
1.112845
1.112845
1.112845
1.112845
1.112845
1.112845
1.112845
1.112845
1.112845
1.112845
1.112845
1.112845
1.112845
1.112845
1.112845
1.112845
1.112845
1.112845
1.099468
1.080605
1.071100
1.074327
1.094422
1.104983
1.112845
1.112845
1.112845
1.112845
1.112845
1.112845
1.112845
1.112845
1.090403
1.057929
1.040269
1.045461
1.080224
1.098881
1.112845
1.112845
1.112845
2.101154
2.101154
2.101154
2.101154
2.101154
2.101154
2.101154
2.101154
2.101154
2.101154
2.101154
2.101154
2.101154
2.101154
2.101154
2.101154
2.101154
2.101154
2.101154
2.101154
2.101154
2.099707
2.098347
2.099245
2.101154
2.101154
2.101154
2.101154
2.101154
2.101154
2.101154
2.101154
2.101154
2.101154
2.092473
2.079336
2.082316
2.095946
2.101154
2.101154
2.101154
2.101154
2.101154
2.101154
2.101154
2.101154
2.101154
2.101154
2.071291
2.054247
2.066748
2.098695
2.101154
2.101154
2.101154
2.101154
2.101154
2.101154
2.067877
2.036596
2.026844
2.042209
2.045248
2.082229
2.086396
2.101154
2.020130
1.692215
1.473971
1.707088
2.101154
2.093920
1.755616
1.305528
1.198402
1.663104
1.974583
2.101154
2.101154
2.101154
1.774686
0.593269
0.066005
0.808069
2.101154
2.076268
1.257116
0.222353
0.141068
1.218514
1.972066
2.101154
2.101154
2.101154
1.789443
0.754970
0.394153
0.962420
2.101154
2.087988
1.622389
1.001804
0.836862
1.392455
1.951752
2.101154
2.101154
2.101154
1.787100
1.044081
0.773403
1.314064
2.101154
2.101154
1.806458
1.082625
0.738302
1.265276
1.942000
2.101154
2.101154
2.101154
1.319736
-0.010128
-0.329797
0.818689
2.101154
2.101154
1.768348
0.963896
0.762407
1.342799
2.044582
2.101154
2.101154
2.101154
1.687729
0.979725
0.756069
1.269327
2.101154
2.101154
1.990557
1.726418
1.707667
1.860397
2.073085
2.082056
2.101154
2.101154
2.101154
2.024789
1.954385
1.963587
2.101154
2.101154
2.101154
2.101154
2.101154
2.051383
2.027365
2.049067
2.101154
2.101154
2.101154
2.101154
2.101154
2.101154
2.101154
2.101154
2.101154
2.101154
2.101154
2.074821
2.069613
2.076558
2.101154
2.101154
2.101154
2.101154
2.101154
2.101154
2.101154
2.101154
2.101154
2.101154
2.101154
2.101154
2.101154
2.101154
2.101154
2.101154
2.101154
2.101154
2.101154
2.101154
2.995362
3.356942
3.248844
3.247231
3.285056
3.263006
3.004146
2.937817
2.886905
2.991776
3.233427
3.307285
3.249562
2.665332
2.943374
2.681825
2.381554
2.341936
2.198881
2.026248
2.842089
2.679494
3.064379
2.776119
2.013699
1.775812
2.467960
3.203310
2.784544
2.664615
2.455053
2.158367
2.442325
3.083919
2.946960
2.383526
2.019794
2.505427
3.192913
2.505785
1.996848
3.071550
2.803367
2.624639
2.229177
2.345700
3.336326
2.213043
0.650737
3.519716
2.792791
2.156036
2.788488
3.230738
2.345521
2.614600
2.800499
2.520127
2.233121
3.050038
2.348210
2.723773
3.980610
2.365778
2.342115
2.816095
3.723900
1.665026
3.220879
2.370080
2.820756
2.441787
2.363806
2.984606
2.247821
3.261393
1.865087
2.298374
2.316839
1.969779
2.281702
3.123716
3.580487
2.460431
2.786516
2.278834
2.646151
3.429724
3.657033
2.337633
2.169661
2.517079
2.718933
2.543252
2.023917
3.457869
3.224105
2.555621
2.811255
2.486245
2.290665
3.075314
1.941993
3.033366
2.196192
2.505247
2.636650
2.426370
2.197268
2.664794
2.210892
3.024224
2.791357
2.557593
2.046146
3.225539
2.702082
3.201697
1.538464
2.057261
2.210892
1.703210
2.862525
3.512724
3.416458
2.555980
2.816454
2.599183
2.231149
2.755324
3.295633
2.839937
2.942837
2.378147
2.720905
2.866469
2.845674
2.430493
2.536081
2.519768
2.772354
2.720905
2.396433
2.018181
3.028705
2.124127
2.728255
3.755989
2.832946
2.868262
2.692760
2.875791
2.378865
2.848184
2.845674
2.559386
2.469753
2.267002
2.066762
3.031215
3.428648
2.702799
1.754480
2.820756
2.892642
2.422606
2.188663
3.097185
2.547196
2.599183
2.396253
2.368109
2.363089
1.848057
2.203363
2.455590
2.653680
2.150120
1.978384
2.003839
2.300167
3.080872
3.634446
3.529575
3.289896
3.308002
3.402476
3.354432
3.123178
3.089476
3.029781
3.235937
3.364471
3.456435
3.421119
3.593394
-0.153941
-0.153941
-0.153941
-0.153941
-0.153941
-0.153941
-0.153941
-0.153941
-0.153941
-0.153941
-0.153941
-0.153941
-0.153941
-0.153941
-0.153941
-0.153941
-0.153941
-0.153941
-0.153941
-0.153941
-0.134870
-0.106605
-0.109637
-0.138684
-0.153941
-0.153941
-0.153941
-0.153941
-0.153941
-0.153941
-0.153941
-0.153941
-0.119613
-0.022201
0.120200
0.503782
0.421725
0.090859
0.009487
-0.108170
-0.153941
-0.153941
-0.153941
-0.153941
-0.153941
-0.153941
-0.035209
0.741834
1.565919
1.768371
1.054998
1.768273
0.965606
-0.021028
-0.111691
-0.153941
-0.153941
-0.153941
-0.153941
-0.131056
0.041860
1.360044
0.443242
0.514051
0.355611
0.589359
1.227815
0.919248
-0.066799
-0.150421
-0.153941
-0.153941
-0.153941
-0.066310
0.484123
0.871618
0.501337
0.487938
0.303384
0.460064
0.801787
1.625872
0.053791
-0.129002
-0.153941
-0.153941
-0.153941
0.006064
1.069179
0.419085
0.901350
0.477277
0.453805
0.607257
0.943600
1.252364
0.457619
-0.149834
-0.153941
-0.153941
-0.153941
0.024353
1.321217
0.199420
0.764230
0.553368
0.480505
0.554932
0.992600
1.193878
-0.015942
-0.121960
-0.153941
-0.153941
-0.153941
-0.049879
0.878464
0.005673
0.576058
0.594054
0.608920
0.775576
0.646965
1.646215
0.267001
-0.152474
-0.153941
-0.153941
-0.153941
-0.132914
-0.138293
0.604519
-0.077264
0.098292
0.334779
0.428669
0.675426
0.203136
-0.115505
-0.143672
-0.153941
-0.153941
-0.153941
-0.153941
-0.140249
-0.121275
0.627600
0.025331
0.252135
0.099661
-0.155702
-0.145237
-0.142988
-0.153941
-0.153941
-0.153941
-0.153941
-0.153941
-0.153941
-0.138782
-0.175262
-0.129589
-0.157462
-0.150812
-0.147095
-0.153941
-0.153941
-0.153941
-0.153941
-0.153941
-0.153941
-0.153941
-0.153941
-0.153941
-0.153941
-0.153941
-0.153941
-0.153941
-0.153941
-0.153941
-0.153941
-0.153941
-0.153941
-0.153941
-0.153941
-0.153941
-0.153941
-0.153941
-0.153941
-0.153941
-0.153941
-0.153941
-0.153941
-0.153941
-0.153941
-0.153941
1.112666
1.112666
1.112666
1.112666
1.112666
1.112666
1.112666
1.112666
1.112666
1.112666
1.112666
1.112666
1.112666
1.112666
1.112666
1.112666
1.112666
1.112666
1.112666
1.112666
1.034211
0.852686
0.775827
0.910882
1.065397
1.112666
1.112666
1.112666
1.112666
1.112666
1.112666
1.112666
1.112666
1.051646
0.874663
0.749829
0.715421
0.780247
0.986697
1.112666
1.112666
1.112666
1.112666
1.112666
1.112666
1.112666
1.112666
1.003087
0.985776
0.785005
0.788381
0.925983
1.029546
1.112666
1.112666
1.112666
1.112666
1.112666
1.112666
1.112666
1.112666
1.058091
1.034027
1.074850
1.089277
1.078963
1.087742
0.885221
0.766005
0.947224
1.112666
1.112666
1.112666
1.112666
1.112666
1.112666
1.112666
1.112666
1.112666
1.112666
1.097012
0.633866
0.760296
0.675150
1.112666
1.112666
1.112666
1.029853
0.980865
1.048515
1.112666
1.112666
1.112666
1.112666
1.104869
0.753881
0.750996
0.829297
1.112666
1.112666
1.112666
0.854988
0.862262
0.884792
1.112666
1.112666
1.112666
1.112666
1.112666
1.034702
1.000325
1.058644
1.112666
1.112666
1.112666
0.842925
0.904651
0.872575
1.112666
1.112666
1.112666
1.112666
1.112666
1.112666
1.112666
1.112666
1.112666
1.112666
1.112666
1.015211
0.972240
1.045138
1.112666
1.112666
1.099590
1.091855
1.102537
1.112666
1.112666
1.112666
1.112666
1.112666
1.112666
1.112666
1.112666
1.112666
1.021135
0.966991
1.018281
1.100511
1.090013
1.112666
1.112666
1.112666
1.112666
1.112666
1.112666
1.112666
1.112666
1.112666
0.948298
1.027581
0.942405
1.095814
1.104562
1.112666
1.112666
1.112666
1.112666
1.112666
1.112666
1.112666
1.112666
1.112666
1.030804
0.994708
1.055943
1.112666
1.112666
1.112666
1.112666
1.112666
1.112666
1.112666
1.112666
1.112666
1.112666
1.112666
1.112666
1.112666
1.112666
1.112666
1.112666
1.112666
1.112666
1.112666
-0.738295
-0.738295
-0.738295
-0.738295
-0.738295
-0.738295
-0.738295
-0.738295
-0.738295
-0.738295
-0.738295
-0.738295
-0.738295
-0.738295
-0.738295
-0.736398
-0.735943
-0.736550
-0.738295
-0.738295
-0.736398
-0.703691
-0.694661
-0.691094
-0.712039
-0.700200
-0.711887
-0.722587
-0.738295
-0.735791
-0.718944
-0.735943
-0.738295
-0.736398
-0.693598
-0.583488
-0.278122
-0.558293
-0.519895
-0.619230
-0.550022
-0.711887
-0.738295
-0.737005
-0.736701
-0.701263
-0.670832
-0.628867
-0.526953
-0.078770
-0.006526
-0.124832
-0.439228
-0.655428
-0.645486
-0.722359
-0.738295
-0.738295
-0.738295
-0.690715
-0.323502
-0.320011
-0.029216
0.184631
0.157084
0.087724
-0.411454
-0.439380
-0.665900
-0.703919
-0.738295
-0.728809
-0.711356
-0.640706
-0.557838
-0.301268
0.098045
-0.219614
-0.087573
0.047201
0.015936
-0.450915
-0.290112
-0.669770
-0.738295
-0.716288
-0.558521
-0.329345
0.036956
0.007816
-0.252169
-0.197911
-0.176207
-0.146991
0.021476
0.101839
-0.281765
-0.666052
-0.738295
-0.709838
-0.519212
0.086055
0.706499
0.075734
-0.217945
-0.353705
-0.314168
-0.283434
-0.009106
-0.039612
-0.376926
-0.685403
-0.738295
-0.709838
-0.548732
-0.261276
0.073078
-0.095465
-0.036653
-0.206258
-0.275997
-0.079605
-0.124833
-0.302330
-0.517467
-0.710976
-0.738295
-0.717426
-0.606936
-0.573926
-0.610807
-0.572408
-0.227658
0.165659
0.215668
-0.055397
-0.435206
-0.479979
-0.668632
-0.710445
-0.738295
-0.729341
-0.707106
-0.681077
-0.435662
-0.667797
-0.627046
-0.540081
-0.038474
-0.539322
-0.310981
-0.636532
-0.489768
-0.703084
-0.738295
-0.737005
-0.725319
-0.684340
-0.614753
-0.702780
-0.731314
-0.687224
-0.679939
-0.677662
-0.706423
-0.693067
-0.641768
-0.717047
-0.730706
-0.713708
-0.687983
-0.569297
-0.596768
-0.701566
-0.720386
-0.685099
-0.673640
-0.723194
-0.721904
-0.686237
-0.684947
-0.704678
-0.728278
-0.640857
-0.553816
-0.594187
-0.610882
-0.672881
-0.653606
-0.721828
-0.729037
-0.708472
-0.667873
-0.611262
-0.399919
-0.698303
1.191968
0.232130
0.360712
0.448386
0.446788
0.390114
0.388942
0.422712
0.371258
0.418345
0.434644
0.384788
0.218174
1.235006
0.158091
-0.545755
-0.353468
-0.233089
-0.164270
-0.256099
-0.268669
-0.181315
-0.071908
-0.192607
-0.271652
-0.380846
-0.600512
0.312028
0.195377
-0.362097
-0.134441
0.017791
-0.094386
-0.064877
0.149569
-0.237989
0.288165
0.599020
0.237243
-0.196548
-0.608608
0.238096
0.294024
-0.202408
0.041014
0.042719
0.352935
0.460531
-0.067114
-0.233195
-0.042719
0.427293
0.902312
0.237456
-0.637478
0.301268
0.300735
-0.179717
0.040375
0.158091
0.715458
0.088207
-0.132736
-0.052520
-0.015980
-0.185469
0.003729
-0.029296
-0.359434
0.095238
0.249601
-0.218068
-0.025461
0.385533
0.503995
-0.160967
0.053265
0.140407
0.013742
-0.155321
-0.216576
0.106318
-0.080218
0.009588
0.270055
-0.211995
0.304038
1.178971
0.456163
0.120166
0.109300
0.088846
0.046234
-0.034196
0.085544
0.312880
0.192714
0.075211
0.275487
-0.207947
0.166081
0.467136
0.396826
-0.127410
-0.081815
0.023224
-0.047939
-0.090551
-0.063279
0.369234
0.050709
0.259828
0.299564
-0.205604
0.048258
0.344732
0.226164
-0.406839
-0.257164
-0.035261
-0.110685
-0.233834
-0.163311
0.152125
0.231171
0.173645
0.275701
-0.197827
0.035901
0.083627
0.179823
-0.220305
-0.270587
0.152551
0.291361
-0.088633
0.018750
-0.058165
-0.744434
0.277938
0.259615
-0.224779
0.034196
0.123788
-0.057633
0.240652
0.476297
1.154469
0.997763
0.711090
0.205497
-0.450836
-0.622563
0.444871
0.186748
-0.445297
-0.186961
-0.071056
-0.059231
-0.278683
0.201023
0.719399
0.393843
0.021838
-0.402045
-0.533823
-0.467029
0.381379
-0.071056
-0.634388
-0.487483
-0.424630
-0.414190
-0.456802
-0.397784
-0.381698
-0.379993
-0.544583
-0.574838
-0.618835
-0.825930
0.078193
0.545223
-0.228934
-0.035581
0.078513
0.123575
0.123895
0.035794
0.035155
0.030787
0.052413
0.024395
-0.020773
-0.353042
0.700437
1.264265
1.264265
1.264265
1.264265
1.264265
1.264265
1.264265
1.264265
1.264265
1.264265
1.264265
1.264265
1.264265
1.264265
1.264265
1.264265
1.264265
1.264265
1.264265
1.264265
1.264265
1.264265
1.264265
1.264265
1.264265
1.264265
1.264265
1.264265
1.264265
1.264265
1.264265
1.264265
1.264265
1.264265
1.264265
1.264265
1.264265
1.264265
1.264265
1.264265
1.264265
1.264265
1.264265
1.264265
1.264265
1.264265
1.264265
1.264265
1.264265
1.264265
1.264265
1.264265
1.264265
1.264265
1.264265
1.264265
1.264265
1.264265
1.264265
1.264265
1.264265
1.264265
1.264265
1.264265
1.264265
1.264265
1.264265
1.264265
1.264265
1.264265
1.264265
1.264265
1.264265
1.264265
1.264265
1.264265
1.264265
1.264265
1.264265
1.264265
1.264265
1.264265
1.264265
1.264265
1.264265
1.264265
1.264265
1.264265
1.264265
1.264265
1.264265
1.264265
1.264265
1.264265
1.264265
1.264265
1.264265
1.264265
1.264265
1.264265
1.264265
1.264265
1.264265
1.264265
1.264265
1.264265
1.264265
1.264265
1.264265
1.264265
1.264265
1.264265
1.264265
1.264265
1.264265
1.264265
1.264265
1.264265
1.264265
1.264265
1.264265
1.264265
1.264265
1.264265
1.264265
1.264265
1.264265
1.264265
1.264265
1.264265
1.264265
1.264265
1.243818
1.225643
1.247756
1.264265
1.264265
1.264265
1.264265
1.264265
1.264265
1.264265
1.264265
1.264265
1.264265
1.264265
1.167029
1.106901
1.178187
1.264265
1.264265
1.264265
1.264265
1.264265
1.264265
1.264265
1.264265
1.264265
1.264265
1.264265
1.157033
1.142342
1.150773
1.264265
1.264265
1.264265
1.264265
1.264265
1.264265
1.264265
1.264265
1.264265
1.264265
1.264265
1.229935
1.175915
1.230944
1.264265
1.264265
1.264265
1.264265
1.264265
1.264265
1.264265
1.264265
1.264265
1.264265
1.264265
1.264265
1.264265
1.264265
1.264265
1.264265
1.264265
1.264265
1.264265
2.775621
2.894680
2.785300
2.836007
2.921747
3.031470
2.793351
2.652622
2.595833
2.562342
2.440542
2.209533
2.291161
2.375787
3.172028
3.164919
3.023504
3.190444
3.072155
2.646369
2.671294
2.909926
2.481999
2.443026
2.528766
2.205935
2.080795
2.296300
2.949413
3.166118
3.321837
3.300424
2.970741
2.011415
2.682258
3.440982
2.124393
2.214158
2.527566
2.478059
2.411762
2.386751
2.913695
3.242521
3.079265
3.091085
2.813052
2.005590
2.219983
3.244577
2.248848
2.157627
2.379385
2.385381
2.385381
2.385381
2.981191
3.108558
3.111984
2.745985
2.895708
2.467523
2.530308
2.817420
2.570137
2.371676
2.356944
2.367736
2.382383
2.385381
3.135368
2.912924
3.790622
2.670009
1.952656
2.841061
3.124490
3.058022
2.975195
2.584869
1.930043
2.110260
2.357543
2.385381
3.177253
2.696134
3.811265
2.736734
1.758907
2.806713
3.229930
3.122948
3.013140
2.785385
1.805588
2.094585
2.385809
2.385381
3.092712
2.668382
2.677376
2.630180
2.683371
3.111899
3.209801
3.115839
3.063333
2.460928
1.950601
2.219297
2.385381
2.385381
3.070614
2.852538
2.974253
2.528680
2.313346
2.776306
3.149844
2.892624
2.833352
2.145464
2.032914
2.304352
2.385381
2.385381
3.019564
3.067273
3.139736
3.374771
2.001393
2.130817
2.982133
2.669410
2.510950
2.375273
2.361655
2.386666
2.385381
2.385381
2.955152
3.218966
3.108301
3.087402
2.929541
2.735192
3.005174
1.916082
2.101694
2.399514
2.423154
2.460414
2.396430
2.375787
3.045688
3.129030
2.871553
3.310188
3.231301
3.195583
3.005260
1.839336
2.164308
2.511806
2.596518
2.600287
2.228976
2.291504
3.211514
2.975109
2.772023
3.227532
3.423080
3.300766
2.917378
2.661530
2.412619
2.530051
2.408422
2.413818
2.281739
2.326022
3.085432
2.923203
2.619216
2.800461
2.903845
2.904616
2.798234
2.687740
2.502299
2.492962
2.488594
2.428465
2.042079
2.235743
0.540385
0.906416
1.087227
0.838663
0.790692
0.748462
0.845735
0.813857
0.838560
0.861213
0.787207
0.909183
0.956436
0.564985
0.543665
0.493337
0.466379
0.495182
0.506765
0.512095
0.503177
0.523370
0.520910
0.503177
0.504100
0.511582
0.553402
0.802992
0.549405
0.548585
0.548585
0.548585
0.548585
0.550840
0.556683
1.060987
1.125665
0.721606
0.565088
0.543665
0.574415
0.965251
0.573390
0.546535
0.548585
0.551352
0.570725
0.538437
1.053812
0.707051
1.518756
2.064164
1.308322
0.478269
0.528802
0.891246
0.592148
0.545920
0.548585
0.534747
1.174456
0.484112
0.734009
0.467609
0.397806
0.626896
1.119720
0.749179
0.552890
0.660208
0.542845
0.597785
0.546330
0.557503
0.485957
0.632328
0.507687
0.546022
0.539257
0.583743
0.701414
1.518141
1.423635
0.443726
0.571135
0.636531
0.530750
0.954181
1.073800
0.487494
0.547765
0.548585
0.547457
0.533825
0.484522
1.259634
0.899856
0.490979
0.589483
0.625051
0.534235
0.487084
0.701106
0.527675
0.555145
0.548585
0.548995
0.580463
0.531262
1.487699
0.382328
0.548585
0.567855
0.534235
0.546740
0.580360
1.051762
0.562218
0.751127
0.554017
0.563755
0.777059
0.837228
2.031261
0.394219
0.695776
0.639913
0.540180
0.547970
0.536285
0.478269
1.074415
1.040179
1.104447
1.015169
1.126485
1.973553
0.645858
0.498257
0.769782
0.588253
0.546432
0.551045
0.544997
0.681324
1.489851
1.326977
1.950490
1.548891
1.172508
1.638990
0.354961
0.802685
0.719556
0.681734
0.604755
0.619311
0.540282
0.511890
0.476527
1.114493
2.034336
0.912258
0.650676
0.458487
0.569393
0.763734
0.927941
0.576670
0.533312
0.750922
0.530340
0.547355
0.526547
0.423534
0.412669
0.774804
0.561603
0.634993
0.664001
0.711561
0.876383
0.540077
0.659183
0.603730
0.561705
0.546535
0.548585
0.546535
0.552275
0.499692
0.532082
0.531057
0.518757
0.880893
0.695059
1.450831
1.450831
1.450831
1.450831
1.450831
1.450831
1.450831
1.450831
1.450831
1.450831
1.450831
1.450831
1.450831
1.450831
1.450831
1.450831
1.450831
1.450831
1.450831
1.450831
1.450831
1.450831
1.450831
1.450831
1.450831
1.450831
1.450831
1.450831
1.450831
1.450831
1.450831
1.450831
1.450831
1.450831
1.450831
1.450831
1.450831
1.450831
1.450831
1.450831
1.450831
1.450831
1.450831
1.450831
1.450831
1.450831
1.450831
1.450831
1.450831
1.450831
1.450831
1.450831
1.450831
1.450831
1.450831
1.450831
1.450831
1.450831
1.450831
1.450831
1.450831
1.450831
1.450831
1.450831
1.450831
1.450831
1.450831
1.450831
1.450831
1.450831
1.450831
1.450831
1.450831
1.415330
1.359859
1.418658
1.450831
1.450831
1.450831
1.450831
1.450831
1.450831
1.450831
1.450831
1.450831
1.450831
1.450831
1.374652
1.450091
1.360969
1.450831
1.450831
1.450831
1.450831
1.450831
1.450831
1.450831
1.450831
1.450831
1.450831
1.450831
1.408673
1.356531
1.413481
1.450831
1.450831
1.450831
1.450831
1.450831
1.450831
1.450831
1.450831
1.450831
1.450831
1.450831
1.450831
1.450831
1.450831
1.450831
1.450831
1.450831
1.450831
1.450831
1.450831
1.450831
1.450831
1.450831
1.450831
1.450831
1.450831
1.450831
1.450831
1.450831
1.450831
1.450831
1.450831
1.450831
1.450831
1.450831
1.450831
1.450831
1.450831
1.450831
1.450831
1.450831
1.450831
1.450831
1.450831
1.450831
1.450831
1.450831
1.450831
1.450831
1.450831
1.450831
1.450831
1.450831
1.450831
1.450831
1.450831
1.450831
1.450831
1.450831
1.450831
1.450831
1.450831
1.450831
1.450831
1.450831
1.450831
1.450831
1.450831
1.450831
1.450831
1.450831
1.450831
1.450831
1.450831
1.450831
1.450831
1.450831
1.450831
1.450831
1.450831
1.450831
1.450831
1.450831
1.450831
1.450831
1.450831
1.450831
1.450831
1.450831
1.450831
1.450831
1.450831
1.664724
1.799437
1.991883
1.991883
1.991883
1.991883
1.991883
1.991883
1.991883
1.991883
1.991883
1.991883
1.991883
1.991883
1.248240
1.407281
1.991883
1.991883
1.991883
1.991883
1.991883
1.991883
1.991883
1.991883
1.991883
1.991883
1.991883
1.991883
2.427612
1.621151
1.991883
1.991883
1.991883
1.991883
1.991883
1.927855
1.833206
1.871332
1.970097
1.991883
1.991883
1.991883
2.453029
1.601543
1.991883
1.991883
1.991883
1.958477
1.917809
1.767362
1.664966
1.582299
1.749328
1.904738
1.991883
1.991883
2.629136
1.662545
1.991883
1.991883
1.905585
1.723547
1.732141
1.901954
2.252715
1.740371
1.410186
1.309000
1.578305
1.857534
2.568497
1.665450
1.991883
1.983532
1.757800
1.759737
1.681185
1.643664
1.817834
1.992125
1.690141
0.968406
1.179250
1.712291
2.569586
1.686147
1.991883
1.972639
2.158307
2.230929
1.494669
1.509193
1.306580
1.417811
1.978691
2.826908
2.670167
2.144751
2.450487
1.649110
1.991883
2.020932
1.819286
1.501810
1.450975
1.498179
1.513429
1.526864
1.548288
2.007134
1.853540
2.006044
2.426159
1.617520
1.991883
1.991883
1.935723
2.163754
1.992851
2.062931
1.981474
1.872542
1.823402
1.955573
1.823402
1.991883
2.477720
1.609895
1.991883
1.991883
2.456660
3.090039
2.732137
2.467311
2.527466
2.507616
2.881253
2.770385
2.199580
1.991883
2.592099
1.646932
1.991883
1.991883
1.991883
2.148866
2.950122
2.896625
3.054697
3.578539
3.364427
2.226087
1.991883
1.991883
2.522382
1.626598
1.991883
1.991883
1.991883
2.485709
3.467550
2.939471
2.553731
3.046225
2.417808
2.008465
1.901712
1.902559
2.442499
1.574674
1.991883
1.991883
1.991883
1.991883
1.991883
1.991883
1.991883
1.991883
1.991883
1.921319
1.856686
1.850998
2.937050
1.812508
1.991883
1.991883
1.991883
1.991883
1.991883
1.991883
1.991883
1.991883
1.991883
2.098395
2.324973
2.229718
-2.254416
-1.705563
-1.275369
-1.168554
-1.057067
-1.122047
-1.219082
-1.318834
-1.317639
-1.343826
-1.404894
-1.575385
-1.780757
-2.320157
-2.098812
-1.909087
-1.637214
-1.628739
-1.481827
-1.571474
-1.535506
-1.666553
-1.812160
-2.017315
-2.314941
-2.265934
-1.728382
-1.840304
-1.953748
-1.746094
-1.573321
-1.722514
-2.004819
-2.401110
-2.505861
-2.541067
-2.578882
-2.627345
-2.684393
-2.418061
-1.436841
-1.120851
-2.157924
-1.977001
-1.654057
-1.892897
-2.453703
-2.707972
-2.633756
-2.689717
-2.566059
-2.711123
-2.714166
-2.508794
-1.664815
-0.902983
-2.229424
-2.016120
-1.654926
-2.321569
-2.671788
-2.475870
-2.459679
-2.342107
-2.135105
-2.526832
-2.614088
-2.589965
-1.840195
-0.506692
-2.259632
-1.869317
-1.322094
-2.538025
-2.435882
-1.843781
-2.340694
-2.211277
-2.075884
-2.427080
-2.126629
-1.519207
-0.558633
0.542551
-2.288536
-1.700782
-0.810729
-2.358406
-2.020575
-0.938299
-2.043720
-2.125108
-1.956029
-1.987867
-0.805187
0.067371
0.378362
0.783020
-2.267781
-1.721428
-0.754333
-2.087402
-2.248331
-0.614811
-1.749245
-2.048936
-2.007535
-1.867144
-0.569064
-0.046073
-0.020646
0.460511
-2.235944
-1.916476
-0.963074
-1.137477
-2.217688
-1.245595
-1.846932
-1.796622
-1.934188
-2.031658
-1.178008
0.528425
1.491715
0.919718
-2.235617
-1.945163
-1.218104
-0.956445
-2.304183
-2.377313
-1.976458
-0.953729
-1.538332
-1.896917
-2.358949
-1.814660
-0.785737
-0.236884
-2.171615
-1.871816
-1.704585
-1.956029
-2.560735
-2.272780
-1.123785
-0.128547
-1.111724
-1.219517
-2.337977
-2.327654
-1.362625
-0.651865
-2.046436
-1.856712
-1.842151
-2.104245
-2.012208
-1.416195
-0.729667
-1.020556
-1.741965
-1.310032
-1.747941
-1.674159
-1.228101
-0.810403
-1.885073
-1.757504
-1.769348
-1.934297
-1.699478
-1.408046
-0.922434
-0.865495
-0.904831
-1.039246
-1.491172
-1.560064
-1.219842
-1.098250
-1.831177
-1.722514
-1.912347
-2.117067
-1.994496
-1.905828
-1.637432
-1.527357
-1.499648
-1.649384
-1.919519
-1.919193
-1.668835
-1.914412
1.281738
0.596205
0.191951
0.132631
0.000983
-0.085222
0.187962
0.470165
0.456116
0.121935
-0.230804
-0.100081
0.626212
1.354702
0.396507
0.011448
-0.117541
-0.315274
-0.458429
-0.226641
0.567702
1.202471
1.320244
0.731439
-0.144021
-0.506532
-0.313598
0.393038
0.306370
-0.103492
-0.367483
-0.361007
0.426167
1.293186
1.744156
1.877712
1.921942
1.796364
1.458657
0.752426
-0.092391
0.203168
0.360487
-0.289373
-0.515146
0.285383
1.445937
1.944953
1.986581
1.892109
1.738316
1.878926
1.944722
1.633032
0.809318
0.479878
0.344183
-0.347883
-0.092044
1.218313
1.940328
1.834928
1.389161
0.873379
0.490285
1.002079
1.691889
1.802319
1.303650
0.631994
0.309319
-0.249941
0.482654
1.391416
1.581055
1.078050
-0.220571
-0.908126
-1.071516
-0.530295
0.927437
1.753695
1.438652
0.736700
0.291223
-0.178885
0.799605
1.147430
1.011561
0.335163
-0.950333
-1.194319
-1.020291
-0.979877
0.237106
1.557119
1.498261
0.806196
0.264916
-0.275612
0.751039
1.565213
1.636328
0.741268
-0.764973
-1.206114
-1.103547
-0.895118
0.499478
1.701313
1.493289
0.840018
0.281914
-0.382110
0.231787
1.502713
1.965536
1.443162
0.082504
-0.757514
-0.758150
-0.175069
1.279483
1.950272
1.586547
0.937960
0.324351
-0.349849
-0.184724
1.052842
1.842097
1.935587
1.520752
1.031970
1.048274
1.437091
1.908875
1.899567
1.322441
0.708659
0.336956
-0.239650
-0.452473
0.106325
1.090538
1.765201
1.853198
1.515317
1.473805
1.835795
1.879678
1.335623
0.423392
0.241095
0.327185
-0.061459
-0.197733
-0.246530
0.182585
0.990573
1.465132
1.540699
1.539253
1.511097
1.177090
0.454612
-0.102625
0.233868
0.573252
0.363783
0.269426
0.226005
0.124479
0.186285
0.517112
0.854646
0.759711
0.408764
0.180735
0.189118
0.466696
0.898760
1.360658
0.982768
0.595281
0.532723
0.548333
0.526016
0.569032
0.619621
0.569263
0.530641
0.523414
0.633613
1.026766
1.528557
1.591922
1.589341
1.592502
1.593634
1.593634
1.585075
1.572170
1.587972
1.585075
1.568746
1.579386
1.582810
1.572170
1.587972
1.590211
1.586918
1.590579
1.586787
1.533667
1.423581
1.283209
1.100698
1.171464
1.156057
1.209967
1.400089
1.479572
1.562505
1.592238
1.590948
1.592423
1.509753
1.248682
1.074652
0.739891
0.383035
0.603417
0.814739
0.941179
1.171701
1.296983
1.509701
1.593634
1.593634
1.555973
1.252237
0.777052
0.632834
0.501653
0.252881
0.544792
0.976075
1.178917
1.136489
1.120687
1.436670
1.593634
1.593634
1.468669
0.981711
0.465494
0.381402
0.422118
0.454748
0.568864
0.823140
0.999751
0.827459
0.742657
1.335354
1.593634
1.593634
1.328402
0.637549
0.335708
0.398020
0.474711
0.645765
0.696647
0.701282
0.776156
0.631280
0.617849
1.247681
1.591922
1.589341
1.202804
0.410556
0.233366
0.450403
0.632018
0.853743
0.921901
0.860090
0.900174
0.942338
1.060061
1.402696
1.586787
1.573197
1.266590
0.661225
0.421960
0.497861
0.683295
0.923613
0.972809
0.895591
0.924087
1.074573
1.174466
1.491765
1.581967
1.550100
1.380653
0.970834
0.606366
0.605076
0.599071
0.760908
0.783241
0.754824
0.993220
1.046551
1.023691
1.384287
1.583995
1.553524
1.463744
1.130142
0.853374
0.904361
0.794723
0.700334
0.810236
0.924983
1.265089
1.315233
1.194218
1.433694
1.575436
1.534088
1.489053
1.296403
1.180971
1.283630
1.125033
1.002938
1.194218
1.301354
1.415153
1.430876
1.376860
1.508621
1.550838
1.486024
1.484681
1.427400
1.395375
1.420289
1.313390
1.284051
1.439751
1.454842
1.408622
1.409096
1.429875
1.538117
1.529716
1.400563
1.365062
1.385578
1.395507
1.423054
1.432641
1.473989
1.520709
1.479625
1.415917
1.373753
1.394111
1.537143
1.529084
1.374938
1.279627
1.291505
1.330614
1.387790
1.463902
1.525950
1.533877
1.479388
1.403407
1.333089
1.365009
1.516100
-0.200887
-0.200887
-0.200887
-0.200887
-0.200887
-0.200887
-0.200887
-0.200887
-0.200887
-0.200887
-0.200887
-0.200887
-0.200887
-0.200887
-0.200887
-0.200887
-0.200887
-0.200887
-0.200887
-0.200887
-0.200887
-0.200887
-0.200887
-0.200887
-0.200887
-0.200887
-0.200887
-0.200887
-0.200887
-0.200887
-0.200887
-0.200887
-0.200887
-0.200887
-0.200887
-0.200887
-0.200887
-0.200887
-0.200887
-0.200887
-0.200887
-0.200887
-0.200887
-0.200887
-0.200887
-0.200887
-0.200887
-0.200887
-0.200887
-0.200887
-0.200887
-0.200887
-0.200887
-0.200887
-0.200887
-0.200887
-0.200887
-0.200887
-0.200887
-0.200887
-0.200887
-0.200887
-0.200887
-0.200887
-0.200887
-0.200887
-0.200887
-0.200887
-0.200887
-0.200887
-0.200887
-0.200887
-0.200887
-0.200887
-0.200887
-0.200887
-0.200887
-0.200887
-0.200887
-0.200887
-0.200887
-0.200887
-0.200887
-0.200887
-0.200887
-0.200887
-0.196119
-0.183720
-0.196205
-0.180599
-0.202014
-0.200887
-0.200887
-0.200887
-0.200887
-0.200887
-0.200887
-0.200887
-0.200887
-0.200887
-0.181813
0.035634
-0.179299
0.078638
-0.202014
-0.200887
-0.200887
-0.200887
-0.200887
-0.200887
-0.200887
-0.200887
-0.200887
-0.200887
-0.200887
-0.207563
-0.205656
-0.208777
-0.206523
-0.200887
-0.200887
-0.200887
-0.200887
-0.200887
-0.200887
-0.200887
-0.200887
-0.200887
-0.200887
-0.200887
-0.200887
-0.200887
-0.200887
-0.200887
-0.200887
-0.200887
-0.200887
-0.200887
-0.200887
-0.200887
-0.200887
-0.200887
-0.200887
-0.200887
-0.200887
-0.200887
-0.200887
-0.200887
-0.200887
-0.200887
-0.200887
-0.200887
-0.200887
-0.200887
-0.200887
-0.200887
-0.200887
-0.200887
-0.200887
-0.200887
-0.200887
-0.200887
-0.200887
-0.200887
-0.200887
-0.200887
-0.200887
-0.200887
-0.200887
-0.200887
-0.200887
-0.200887
-0.200887
-0.200887
-0.200887
-0.200887
-0.200887
-0.200887
-0.200887
-0.200887
-0.200887
-0.200887
-0.200887
-0.200887
-0.200887
-0.200887
-0.200887
-0.200887
-0.200887
-0.200887
-0.200887
-0.200887
-0.200887
-0.200887
-0.200887
-0.200887
3.998964
4.106441
4.077862
4.062397
4.031240
4.076069
4.083130
4.055896
4.055896
4.055896
4.051526
4.015214
3.985403
4.178504
3.519742
4.177382
4.069233
4.057577
3.825252
4.015662
4.136925
3.997507
4.065871
4.140623
4.045698
3.784905
3.538907
4.426744
3.681911
4.513487
4.107337
4.093553
4.164943
4.128967
3.980023
3.492173
3.759801
4.361742
4.189935
4.417665
4.112268
4.202487
3.805527
4.364768
4.055896
4.055896
4.045810
3.973859
3.710714
3.056548
3.319133
3.071229
3.549105
4.961889
4.287325
4.068224
3.803509
4.332266
4.055896
4.050517
3.988205
3.495871
4.509901
4.148468
4.370820
4.002326
3.748258
4.016783
4.749400
4.282843
3.832760
4.301222
4.055896
4.043344
3.769888
3.827829
3.953014
3.535881
3.789052
3.975540
3.606262
3.186103
4.004903
4.986208
3.867951
4.278472
4.055896
4.074052
4.172900
4.058250
3.766189
4.017456
3.874899
3.945057
4.048275
4.404441
4.601576
4.815746
3.785690
4.310749
4.055896
4.044353
3.818863
3.563114
3.924659
4.013645
3.844304
3.810122
3.705334
4.333724
5.383505
4.364543
3.765853
4.339888
4.055896
4.060715
3.921970
3.512346
3.681575
4.021042
3.864701
3.674963
3.901124
3.821553
5.151179
4.273316
3.742990
4.361854
4.055896
4.070690
4.168193
3.829510
3.573201
4.369138
4.291472
3.646272
3.989325
5.713669
4.638448
4.078311
3.751172
4.373173
4.055896
4.055896
4.081785
3.964669
2.522748
3.849683
4.771478
3.696704
4.716898
4.990467
4.065086
4.092208
3.676756
4.399622
4.066991
4.081449
4.064077
4.312766
4.796134
3.715869
4.834238
5.024537
4.588800
4.089966
3.763388
4.292257
3.631254
4.205289
3.986075
4.140735
3.959178
4.036396
4.130088
4.633069
4.282843
4.079432
4.051974
3.940798
3.417981
4.517522
4.302455
4.176710
4.132666
4.072707
4.097699
4.098708
4.104087
4.062621
4.055896
4.055896
4.062621
4.128295
3.952566
4.306714
-0.004575
-0.004575
-0.004575
-0.004575
-0.004575
-0.004575
-0.004575
-0.004575
-0.004575
-0.004575
-0.004575
-0.004575
-0.004575
-0.004575
-0.004575
-0.004575
-0.004575
-0.004575
-0.004575
-0.004575
-0.004575
-0.004575
-0.004575
-0.004575
-0.004575
-0.004575
-0.004575
-0.004575
-0.004575
-0.004575
-0.004575
-0.004575
-0.004575
-0.004575
-0.004575
-0.004575
-0.004575
-0.004575
-0.004575
-0.004575
-0.004575
-0.004575
-0.004575
-0.004575
-0.004575
-0.004575
-0.004575
-0.004575
-0.004575
-0.004575
-0.004575
-0.004575
-0.004575
-0.004575
-0.004575
-0.004575
-0.004575
-0.004575
-0.004575
-0.004575
-0.004575
-0.004575
-0.004575
-0.004575
-0.004575
-0.004575
-0.004575
-0.004575
-0.004575
-0.004575
-0.004575
-0.004575
-0.004575
-0.004575
-0.004575
-0.004575
-0.004575
-0.004575
-0.004575
-0.004575
-0.004575
-0.004575
-0.004575
-0.004575
-0.004575
-0.004575
-0.004575
-0.004575
-0.004575
-0.004575
-0.004575
-0.004575
-0.004575
-0.004575
-0.004575
-0.004575
-0.004575
-0.004575
-0.004575
-0.004575
-0.004575
-0.004575
-0.004575
-0.004575
-0.004575
-0.004575
-0.004575
-0.004575
-0.004575
-0.004575
-0.004575
-0.004575
-0.004575
-0.004575
-0.004575
-0.004575
-0.004575
-0.004575
-0.004575
-0.004575
-0.004575
-0.004575
-0.004575
-0.004575
-0.004575
-0.004575
-0.004575
-0.004575
-0.004575
-0.004575
-0.004575
-0.004575
-0.004575
-0.004575
-0.004575
-0.004575
-0.004575
-0.004575
-0.004575
-0.004575
-0.004575
-0.004575
-0.004575
-0.004575
-0.004575
-0.004575
-0.004575
-0.004575
-0.004575
-0.004575
-0.004575
-0.004575
-0.004575
-0.004575
-0.004575
-0.004575
-0.004575
-0.004575
-0.004575
-0.004575
-0.004575
-0.004575
-0.004575
-0.004575
-0.004575
-0.004575
-0.004575
-0.004575
-0.004575
-0.004575
-0.004575
-0.004575
-0.004575
-0.004575
-0.004575
-0.004575
-0.004575
-0.004575
-0.004575
-0.004575
-0.004575
-0.004575
-0.004575
-0.004575
-0.004575
-0.004575
-0.004575
-0.004575
-0.004575
-0.004575
-0.004575
-0.004575
-0.004575
-0.004575
-0.004575
-0.004575
-0.958229
-0.958229
-0.958229
-0.958229
-0.958229
-0.958229
-0.958229
-0.958229
-0.958229
-0.958229
-0.958229
-0.958229
-0.958229
-0.958229
-0.958229
-0.958229
-0.958229
-0.958229
-0.958229
-0.958229
-0.958229
-0.958229
-0.958229
-0.958229
-0.958229
-0.958229
-0.958229
-0.958229
-0.958229
-0.958229
-0.958229
-0.958229
-0.958229
-0.958229
-0.958229
-0.958229
-0.958229
-0.958229
-0.958229
-0.958229
-0.958229
-0.958229
-0.958229
-0.958229
-0.958229
-0.958229
-0.958229
-0.958229
-0.958229
-0.958229
-0.958229
-0.958229
-0.958229
-0.958229
-0.958229
-0.958229
-0.958229
-0.958229
-0.958229
-0.958229
-0.958229
-0.958229
-0.958229
-0.958229
-0.958229
-0.958229
-0.958229
-0.958229
-0.958229
-0.958229
-0.958229
-0.958229
-0.958229
-0.958229
-0.958229
-0.958229
-0.958229
-0.958229
-0.958229
-0.958229
-0.958229
-0.958229
-0.958229
-0.958229
-0.958229
-0.958229
-0.958229
-0.958229
-0.958229
-0.958229
-0.958229
-0.958229
-0.958229
-0.958229
-0.958229
-0.958229
-0.958229
-0.958229
-0.958229
-0.958229
-0.958229
-0.958229
-0.958229
-0.958229
-0.958229
-0.958229
-0.958229
-0.958229
-0.958229
-0.958229
-0.958229
-0.958229
-0.958229
-0.958229
-0.958229
-0.958229
-0.958229
-0.958229
-0.958229
-0.958229
-0.958229
-0.958229
-0.958229
-0.958229
-0.958229
-0.958229
-0.958229
-0.958229
-0.958229
-0.958229
-0.958229
-0.958229
-0.958229
-0.958229
-0.958229
-0.958229
-0.958229
-0.958229
-0.958229
-0.958229
-0.958229
-0.958229
-0.958229
-0.958229
-0.958229
-0.958229
-0.958229
-0.958229
-0.958229
-0.958229
-0.958229
-0.958229
-0.958229
-0.958229
-0.958229
-0.958229
-0.958229
-0.958229
-0.958229
-0.958229
-0.958229
-0.958229
-0.958229
-0.958229
-0.958229
-0.958229
-0.958229
-0.958229
-0.958229
-0.958229
-0.958229
-0.958229
-0.958229
-0.958229
-0.958229
-0.958229
-0.958229
-0.958229
-0.958229
-0.958229
-0.958229
-0.958229
-0.958229
-0.958229
-0.958229
-0.958229
-0.958229
-0.958229
-0.958229
-0.958229
-0.958229
-0.958229
-0.958229
-0.958229
-0.958229
-0.958229
1.681759
1.438161
1.484086
1.807546
1.979761
1.896579
1.748653
1.647106
1.602279
1.679992
1.869497
1.841650
1.785599
1.839573
1.398851
1.142834
1.246578
1.726825
1.746933
1.173666
0.910173
0.785341
0.903057
1.060822
1.201130
1.412249
1.599939
1.706453
1.365702
1.111118
1.369070
1.480122
0.852450
0.178471
0.103290
0.192466
0.600852
0.657739
0.746652
0.759596
0.786535
1.447045
1.381966
1.274735
1.272968
0.797760
0.003725
-0.273738
-0.127029
0.801963
0.920228
1.190717
0.618978
0.206246
0.145944
0.813451
1.432333
1.271511
0.850970
0.377386
-0.316726
0.136295
0.845142
1.420154
1.667167
1.661435
1.066936
0.211667
-0.269654
0.361122
1.467106
1.027316
0.576659
0.312594
0.442704
1.073504
1.590147
1.936319
1.987260
1.803009
1.649136
0.647541
0.010197
0.345503
1.527385
0.873777
0.417484
0.244601
0.923810
1.643404
1.961324
2.027191
2.027191
1.935961
1.742539
1.129603
0.385840
0.557816
1.518190
0.941077
0.378270
0.222773
0.648568
1.370264
1.892185
2.027191
2.027191
1.859395
1.484301
0.974823
0.380085
0.707247
1.518548
1.179588
0.668677
0.004466
0.059824
0.736789
1.489412
1.915876
1.863646
1.399233
0.882828
0.231657
-0.003798
0.638561
1.466819
1.367040
1.099129
0.539188
0.011535
0.342852
1.276884
1.780631
1.709749
1.277625
0.360167
-0.026963
0.077545
0.799647
1.421634
1.345546
1.446066
1.104622
0.709300
0.456508
1.011028
1.573429
1.623343
0.881563
0.547069
0.425628
0.790643
1.322332
1.359565
1.108205
1.307430
1.596500
1.263200
0.983253
1.055831
1.150691
1.314165
1.064620
1.032020
1.129961
1.343372
1.606172
1.159933
0.814908
1.015733
1.550359
1.679204
1.356914
1.203972
1.306761
1.365487
1.336805
1.489746
1.443081
1.393071
1.477996
1.348818
1.113865
1.175696
1.624728
1.797444
1.800812
1.710513
1.620573
1.693270
1.846546
1.872315
1.645458
1.454138
1.547589
-0.142941
-0.142941
-0.142941
-0.142941
-0.142941
-0.142941
-0.142941
-0.142941
-0.142941
-0.142941
-0.142941
-0.142941
-0.142941
-0.142941
-0.142941
-0.142941
-0.142941
-0.142941
-0.142941
-0.142941
-0.142941
-0.142941
-0.142941
-0.142941
-0.142941
-0.142941
-0.142941
-0.142941
-0.142941
-0.142941
-0.142941
-0.142941
-0.142941
-0.142941
-0.142941
-0.142941
-0.142941
-0.142941
-0.142941
-0.142941
-0.142941
-0.142941
-0.142941
-0.142941
-0.142941
-0.142941
-0.142941
-0.142941
-0.142941
-0.142941
-0.142941
-0.142941
-0.142941
-0.142941
-0.142941
-0.142941
-0.142941
-0.142941
-0.142941
-0.142941
-0.142941
-0.142941
-0.142941
-0.142941
-0.142941
-0.142941
-0.142941
-0.142941
-0.142941
-0.142941
-0.142941
-0.142941
-0.142941
-0.142941
-0.142941
-0.142941
-0.142941
-0.142941
-0.142941
-0.142941
-0.142941
-0.142941
-0.142941
-0.142941
-0.142941
-0.142941
-0.142941
-0.142941
-0.142941
-0.142941
-0.142941
-0.142941
-0.142941
-0.142941
-0.142941
-0.142941
-0.142941
-0.142941
-0.142941
-0.142941
-0.142941
-0.142941
-0.142941
-0.142941
-0.142941
-0.142941
-0.142941
-0.142941
-0.142941
-0.142941
-0.142941
-0.142941
-0.142941
-0.142941
-0.142941
-0.142941
-0.142941
-0.142941
-0.142941
-0.142941
-0.142941
-0.142941
-0.142941
-0.142941
-0.142941
-0.142941
-0.142941
-0.142941
-0.142941
-0.142941
-0.142941
-0.142941
-0.142941
-0.142941
-0.142941
-0.142941
-0.142941
-0.142941
-0.142941
-0.142941
-0.142941
-0.142941
-0.142941
-0.142941
-0.142941
-0.142941
-0.142941
-0.142941
-0.142941
-0.142941
-0.142941
-0.142941
-0.142941
-0.142941
-0.142941
-0.142941
-0.142941
-0.142941
-0.142941
-0.142941
-0.142941
-0.142941
-0.142941
-0.142941
-0.142941
-0.142941
-0.142941
-0.142941
-0.142941
-0.142941
-0.142941
-0.142941
-0.142941
-0.142941
-0.142941
-0.142941
-0.142941
-0.142941
-0.142941
-0.142941
-0.142941
-0.142941
-0.142941
-0.142941
-0.142941
-0.142941
-0.142941
-0.142941
-0.142941
-0.142941
-0.142941
-0.142941
-0.142941
-0.142941
-0.142941
-0.142941
-0.953298
-1.584865
-1.594930
-1.594930
-1.594930
-1.594930
-1.594930
-1.594930
-1.594930
-1.594930
-1.594930
-1.594930
-1.381624
-0.662219
-1.506862
-1.330728
-1.594930
-1.594930
-1.553069
-1.525620
-1.546207
-1.594930
-1.594930
-1.594930
-1.594930
-1.594930
-1.276973
-1.329013
-1.594930
-1.594930
-1.594930
-1.448418
-1.316660
-1.249409
-1.592185
-1.594930
-1.594930
-1.336790
-0.714030
-0.543614
-1.019062
-1.574914
-1.594930
-1.594930
-1.455395
-0.932024
-0.051811
-0.841098
-1.241174
-1.562448
-1.594930
-1.060923
0.711514
1.395921
-0.891308
-1.383797
-1.594930
-1.560046
-1.146130
0.242928
0.906977
0.127183
-1.302593
-1.593100
-1.594930
-0.971826
0.917156
0.880557
0.255280
-1.398208
-1.594930
-1.369844
-0.596912
0.703965
0.612696
-0.309035
-1.221502
-1.546893
-1.594930
-1.162600
-0.842013
0.132673
-0.606519
-0.616813
-1.594930
-1.345482
0.077316
0.379947
0.164468
-0.608692
-1.354747
-1.594930
-1.594930
-1.594930
-1.153336
-0.904918
-0.184826
-1.179299
-1.594930
-1.296188
-0.715974
1.048113
0.836752
-1.073618
-1.489363
-1.594930
-1.594930
-1.504232
-0.906634
0.299886
-0.488486
-1.254441
-1.594930
-1.546893
-0.922303
0.480824
1.008654
-0.083835
-1.335074
-1.570568
-1.573999
-1.155051
0.511132
1.557987
-0.217308
-1.086885
-1.594930
-1.594930
-1.271026
-0.738048
0.136218
0.299886
-0.781281
-1.349943
-1.479413
-0.536637
1.720969
1.932215
-0.231605
-1.567137
-1.594930
-1.594930
-1.537286
-1.330728
-1.008769
-0.067594
-0.117690
-1.366527
-1.482844
-0.378117
1.228937
0.175562
-0.567175
-1.390774
-1.594930
-1.594930
-1.594930
-1.594930
-1.345139
-1.071788
-0.520968
-1.224590
-1.460427
-0.981662
-0.964049
-0.802326
-1.306710
-1.594930
-1.583378
-1.586809
-1.594930
-1.594930
-1.594930
-1.383569
-1.506862
-1.330728
-1.594930
-1.594930
-1.594930
-1.594930
-1.525162
-1.479413
-1.565765
-1.594472
-1.594930
-1.594930
-1.594930
-1.594930
-1.594930
-1.594930
-1.594930
-1.594930
-1.594930
-1.594930
-1.535456
-1.303279
-1.356928
-0.985398
-1.169741
-1.151053
-1.237384
-1.402633
-1.471597
-1.384859
-1.397860
-1.379070
-1.304621
-1.243986
-0.806235
-0.495136
-1.581492
-1.562499
-1.510700
-1.548990
-1.557725
-1.534365
-1.422743
-1.566054
-1.341185
-1.230783
-1.463370
-1.479113
-1.281363
-0.971991
-1.687730
-1.687730
-1.687730
-1.687730
-1.661729
-1.555694
-1.665995
-1.628923
-1.624353
-1.512223
-1.118145
-1.572351
-1.404461
-1.117739
-1.687730
-1.687730
-1.673003
-1.657260
-1.654213
-1.680418
-1.672698
-1.687730
-1.681839
-1.598352
-1.539240
-1.239416
-1.286746
-0.984382
-1.687730
-1.687730
-1.637556
-1.521669
-1.655838
-1.687730
-1.687730
-1.687730
-1.674730
-1.635931
-1.560569
-1.335701
-1.204782
-0.708629
-1.687730
-1.675949
-1.604040
-1.509380
-1.655534
-1.687730
-1.681839
-1.646088
-1.611759
-1.649541
-1.631462
-1.657667
-1.207016
-0.547342
-1.687730
-1.649948
-1.500035
-1.580882
-1.623743
-1.687730
-1.674730
-1.544420
-1.369421
-1.634306
-1.687730
-1.687730
-1.252620
-0.600258
-1.687730
-1.645479
-1.419290
-1.188429
-1.567679
-1.687730
-1.679605
-1.584945
-1.428837
-1.630041
-1.687730
-1.687730
-1.306856
-0.768147
-1.687730
-1.671480
-1.417868
-0.872253
-1.537412
-1.687730
-1.687730
-1.651166
-1.671277
-1.653909
-1.687730
-1.658276
-1.308176
-0.904246
-1.687730
-1.687730
-1.493535
-1.225095
-1.360483
-1.518724
-1.642838
-1.687730
-1.687730
-1.687730
-1.655331
-1.555694
-1.135412
-1.020337
-1.687730
-1.687730
-1.634916
-1.494957
-0.860370
-1.232611
-1.597946
-1.667011
-1.661222
-1.618157
-1.554678
-1.344943
-1.459206
-1.279636
-1.687730
-1.687730
-1.687730
-1.582101
-1.541881
-1.345959
-1.456057
-1.629330
-1.572757
-1.397961
-1.493434
-1.656448
-1.489473
-1.279433
-1.400297
-1.191680
-1.180406
-1.243072
-1.234033
-1.228954
-1.200008
-1.085136
-1.006625
-1.160905
-1.175632
-1.186093
-0.987734
-0.823704
-0.767030
-0.094355
-0.364319
-0.475331
-0.514434
-0.529568
-0.476753
-0.478581
-0.374374
-0.328161
-0.401797
-0.360764
-0.035650
-0.063479
2.565325
2.519966
2.623239
2.518245
2.529382
2.747066
2.788578
2.716793
2.824318
2.990871
2.903798
2.892559
3.029042
2.847909
2.334378
2.245178
2.805385
2.540722
1.999449
2.434614
3.251181
3.390194
2.761240
2.736738
2.445144
2.517435
3.157526
2.996946
2.335897
2.274338
2.784123
2.365664
2.005423
2.146461
3.312031
4.016921
2.756786
2.588815
2.321925
2.320305
2.893673
3.007476
2.259556
2.274439
2.493743
2.271604
2.903292
2.630833
2.893268
3.313954
2.688544
2.658879
2.557732
2.129553
2.703529
3.354454
2.252671
2.206603
2.469949
2.477948
3.103055
3.119355
2.722564
2.595092
2.655537
2.658879
2.378826
1.916729
2.877271
3.643315
2.327898
2.147879
2.606432
2.869880
2.898634
2.874132
2.645514
2.658879
2.658879
2.658879
2.389052
1.558918
2.654525
4.050535
2.384294
2.127224
2.864412
3.177371
2.605723
2.637718
2.658879
2.658879
2.658879
2.520776
2.224524
1.817405
2.845277
3.877704
2.404239
2.316862
2.895293
2.946221
2.658879
2.658879
2.658879
2.658879
2.627694
2.029014
1.519431
2.299448
4.130319
4.334333
2.434816
2.473493
2.887396
2.804473
2.658879
2.658879
2.658879
2.609874
2.288614
1.527025
1.237860
2.126212
4.689613
5.046918
2.447472
2.459926
2.911290
2.851048
2.668092
2.658879
2.627694
2.421857
1.601443
1.258819
2.564920
3.346151
3.795896
3.450234
2.356349
2.424084
3.014564
2.874233
2.647539
2.701909
2.541836
2.130869
1.664621
2.129249
3.081792
3.455601
3.299375
2.657967
2.322330
2.293069
2.980645
2.952296
2.705352
2.766404
2.526243
2.105355
2.135020
2.557124
2.764379
2.822394
2.954017
3.137479
2.228371
2.228675
2.905317
2.817433
2.842340
2.775314
2.735929
2.796475
2.613013
2.399582
2.144032
2.055946
2.784629
3.630152
2.291145
2.401202
2.786856
2.525434
2.598940
2.728436
2.762253
2.685507
2.611899
2.586587
2.374067
2.087535
2.446257
3.224755
2.195880
1.251441
1.210429
1.333366
1.781467
2.343717
1.679524
1.638805
1.544869
1.908701
2.519969
2.417733
1.500147
1.308076
1.456108
1.157895
1.236403
1.555512
1.640953
1.209159
1.304267
1.965531
1.379846
1.090616
1.057905
1.730983
2.079582
1.510497
1.661459
1.418319
1.757836
1.914462
1.263744
1.663510
1.016502
0.873157
1.014257
1.082805
1.011327
1.080754
2.288058
1.700811
1.639977
1.601992
1.664584
1.594766
1.282102
0.991310
1.130554
1.198614
1.177522
1.189825
1.245093
1.679524
1.660678
2.050679
1.635094
1.487941
1.328581
1.352993
1.562250
1.209355
1.184552
1.200664
1.200664
1.200664
1.186017
1.455229
2.189142
1.837711
1.566644
1.477786
1.048726
1.234450
1.480324
1.204179
1.372913
1.209452
1.242164
1.526023
1.164535
0.941607
0.777854
1.702568
1.559711
1.347623
1.147740
1.083683
1.097647
1.643590
2.094815
2.112294
1.946197
2.239039
2.081633
1.223123
1.116200
1.137975
1.586564
1.332976
1.173909
1.197930
1.254761
1.610878
2.432087
2.735573
2.625037
2.481887
1.325847
1.158676
1.157700
1.140709
1.592130
1.200762
1.179475
1.196563
1.185431
1.368812
1.032321
1.150767
0.960551
0.881457
0.970999
1.151353
1.203301
1.260424
1.688410
1.325066
1.348404
1.207695
1.146568
1.067083
1.544185
2.103701
1.568304
1.323113
1.154868
1.198223
1.286105
1.454253
1.730105
1.542330
1.556098
1.457084
1.204765
1.150376
0.926863
0.757836
0.908115
1.077532
1.204375
1.460795
1.510888
1.590470
1.810858
1.470853
1.455229
1.249390
1.189728
1.191681
1.182111
1.189630
1.172444
1.189044
1.203887
1.431013
1.657553
1.872376
2.224002
1.243433
1.099405
1.129187
1.184748
1.200664
1.200664
1.200664
1.200664
1.200664
1.167269
1.082707
1.179182
1.655600
0.792110
1.015331
1.159262
1.188165
1.197247
1.200664
1.200664
1.200664
1.200664
1.200664
1.195196
1.176838
1.058491
0.966312
-0.298895
-0.216981
0.083397
0.204538
0.147264
0.126991
0.010960
0.016894
-0.073591
-0.121800
0.016564
0.074992
-0.049527
-0.116361
-0.518019
-0.418058
-0.137045
0.020520
0.029008
-0.140589
-0.485468
-0.536561
-0.520739
-0.375700
0.030409
0.224151
0.059499
-0.200582
-0.522057
-0.472447
-0.229425
-0.077134
-0.328480
-0.469481
-0.512333
-0.521563
-0.502444
-0.444264
-0.259010
0.273349
0.215910
-0.100785
-0.519008
-0.454894
-0.144792
-0.022497
-0.456707
-0.515135
-0.481512
-0.515794
-0.441297
-0.168525
-0.471788
-0.426134
0.056285
-0.112323
-0.488599
-0.437836
-0.280436
-0.502526
-0.525848
-0.520903
-0.510932
-0.493132
-0.490577
-0.468657
-0.516865
-0.522057
-0.430337
-0.097160
-0.437589
-0.291561
-0.196297
-0.477886
-0.515135
-0.494533
-0.442945
-0.308867
-0.357900
-0.335814
-0.474343
-0.520079
-0.448219
-0.206021
-0.436188
-0.286534
-0.338451
-0.499312
-0.487446
-0.341912
-0.314965
-0.275326
-0.295022
-0.255054
-0.272854
-0.492061
-0.522057
-0.531287
-0.504751
-0.443522
-0.509531
-0.522881
-0.494368
-0.282908
0.065020
0.058345
0.068399
0.057686
-0.039721
-0.459015
-0.522057
-0.522057
-0.522057
-0.515135
-0.472612
-0.491401
-0.520079
-0.340924
0.393500
0.420365
0.378255
0.381633
-0.263789
-0.501950
-0.515135
-0.503762
-0.512498
-0.510108
-0.474837
-0.346198
-0.447560
-0.179403
0.551065
0.691571
0.429513
0.664212
-0.131853
-0.473436
-0.474178
-0.350648
-0.438660
-0.408251
-0.420530
-0.391770
-0.245165
0.749587
1.422863
1.195581
0.169514
0.877155
0.599109
-0.210636
-0.372321
-0.147017
-0.304746
-0.213026
-0.242693
-0.179650
0.028513
0.322299
1.852788
2.158770
1.657480
1.261673
0.673936
-0.037166
-0.043924
-0.069223
-0.158142
-0.035436
-0.064773
-0.047220
0.044253
0.353697
0.265520
0.301615
0.441956
0.559471
0.509366
0.464701
0.550570
0.285215
-0.142072
-0.396137
-0.521728
-0.534501
-0.535242
-0.521563
-0.409323
-0.329881
-0.242528
-0.345044
-0.482007
-0.368201
-0.076969
0.076887
0.034435
-0.322860
-0.457385
-0.621446
-0.637823
-0.628831
-0.576117
-0.594542
-0.620789
-0.568075
-0.591178
-0.624737
-0.561130
-0.501690
-0.244265
-0.441300
-0.613916
-0.638408
-0.635849
-0.632267
-0.632048
-0.635996
-0.630439
-0.596589
-0.631901
-0.616694
-0.590959
-0.614062
-0.615305
-0.630951
-0.638408
-0.637823
-0.634826
-0.619253
-0.635776
-0.637823
-0.636800
-0.635776
-0.637970
-0.548628
-0.331487
-0.566905
-0.637823
-0.637823
-0.637823
-0.637823
-0.637312
-0.636800
-0.622105
-0.591836
-0.574509
-0.581820
-0.619326
-0.542779
-0.062583
-0.561057
-0.637823
-0.637823
-0.637823
-0.637823
-0.572681
-0.505126
-0.558351
-0.468278
-0.458481
-0.407376
-0.559594
-0.528303
-0.498400
-0.488603
-0.637823
-0.637823
-0.637823
-0.637823
-0.497450
0.059440
-0.530862
-0.626053
-0.623640
-0.597174
-0.435817
-0.239440
-0.340626
-0.314598
-0.637823
-0.637823
-0.637823
-0.637823
-0.506662
-0.109521
-0.553526
-0.637823
-0.628904
-0.570415
-0.447076
-0.324541
-0.567417
-0.526329
-0.637823
-0.637823
-0.637823
-0.637823
-0.513607
-0.051251
-0.535760
-0.629416
-0.610553
-0.472372
-0.307214
-0.458920
-0.620935
-0.614135
-0.637823
-0.637823
-0.637823
-0.637823
-0.570561
-0.250114
-0.468132
-0.571438
-0.530642
-0.308164
-0.215459
-0.577799
-0.605581
-0.623347
-0.637823
-0.637823
-0.637823
-0.637823
-0.628611
-0.598855
-0.495622
-0.443786
-0.455996
-0.200106
-0.538465
-0.513242
-0.398676
-0.596223
-0.631901
-0.625760
-0.632779
-0.637823
-0.633875
-0.606970
-0.583502
-0.609676
-0.622105
-0.593957
-0.531373
-0.215898
-0.305825
-0.607702
-0.522966
-0.455411
-0.553526
-0.603461
-0.604046
-0.536857
-0.378497
-0.514631
-0.548043
-0.557693
-0.378278
-0.454168
-0.544533
-0.580212
-0.235492
-0.202372
-0.391877
-0.578749
-0.520334
-0.569830
-0.398018
-0.313136
-0.321617
-0.530788
-0.516020
-0.534590
-0.397799
-0.429602
-0.480707
-0.599659
-0.627442
-0.634533
-0.631243
-0.632121
-0.620496
-0.616548
-0.621958
-0.633291
-0.631390
-0.629489
-0.621666
-0.628392
-1.020868
0.548066
-0.071451
-0.094991
-0.177715
-0.136436
-0.069959
-0.254139
-0.542264
-0.273535
-0.056697
-0.284311
-0.028514
-0.443625
-0.016909
0.964337
-0.069461
-0.019230
-0.068301
-0.104109
0.043434
-0.532151
-1.070602
-1.406802
-0.018402
-0.200593
0.419090
0.363720
1.075907
1.288270
0.386100
0.563649
0.592163
0.340013
-0.276851
0.057028
-0.415443
-2.730880
-0.299729
0.998488
1.060987
1.119672
1.075907
1.210685
0.606752
0.957043
0.806350
0.716498
-0.520546
0.944444
0.622998
-1.671220
-0.800382
1.603416
1.103758
1.075907
1.075907
1.126304
0.886090
1.020868
0.964503
1.000311
0.457550
1.238702
1.113539
0.527012
-0.073109
1.202562
1.120004
1.075907
1.075907
1.079720
1.114367
0.845142
1.129619
1.075907
1.075907
1.075907
1.075907
1.133101
0.910293
0.763579
1.163438
1.075907
1.075907
1.075907
1.141887
0.804029
1.139566
1.075907
1.075907
1.075907
1.075907
1.075907
1.117849
0.886255
1.119672
1.075907
1.075907
1.075907
1.098784
0.972461
1.099779
1.075907
1.075907
1.075907
1.075907
1.075907
1.075907
1.075907
1.075907
1.075907
1.075907
1.090495
1.009595
1.196262
0.748327
0.489049
1.212509
1.079554
1.075907
1.265558
0.213855
1.283794
0.993017
1.094142
1.075907
1.138903
0.833538
1.386411
0.242369
-1.261082
1.294735
0.290445
0.013262
0.864372
-0.815302
1.094308
1.027168
1.115694
1.075907
1.198915
0.649689
1.259259
0.233417
-2.204863
0.913443
-1.969456
-2.032950
-0.423068
-0.294589
0.352944
1.104421
1.139566
1.075907
1.261414
0.464679
0.877966
0.329735
-1.136250
0.366704
-3.184286
-2.325550
-0.701909
0.265412
0.137265
0.780820
1.209525
0.758274
1.122988
0.095323
0.406159
0.085874
-0.318793
-0.056199
-1.772345
-1.073088
-0.400854
0.073772
-0.103943
0.243861
0.643886
0.450256
0.908967
0.058023
0.309012
0.118532
-0.017573
0.039455
-0.185838
-0.228609
-0.124666
0.113393
-0.013594
0.136768
-0.011605
-0.667776
0.153499
-0.436453
-0.668742
-0.660691
-0.601116
-0.614212
-0.646844
-0.633748
-0.650386
-0.653499
-0.555496
-0.142658
-0.374409
-0.262451
0.820416
0.306891
-0.018570
0.108630
0.348003
0.124732
-0.023186
0.072563
-0.001717
0.164663
0.313225
0.459854
0.929476
-0.751502
-0.155431
-0.390296
-0.444718
-0.385680
-0.378918
-0.828145
-0.878381
-0.901889
-0.776406
-0.211893
-0.233791
0.181838
0.282417
-0.809682
-0.311722
-0.421747
-0.406934
-0.699334
-0.943752
-0.924431
-0.965006
-0.965006
-0.927973
-0.967260
-0.753649
0.130743
0.520287
-0.817518
-0.267711
-0.190318
-0.359059
-0.831043
-0.951481
-0.965006
-0.965006
-0.965006
-0.965006
-0.965006
-0.841670
-0.140189
0.823851
-0.802061
-0.119901
0.121726
-0.145449
-0.862602
-0.965006
-0.965006
-0.965006
-0.965006
-0.965006
-0.965006
-0.936024
-0.617861
0.479712
-0.787999
-0.077930
-0.099399
-0.615178
-0.816552
-0.965006
-0.965006
-0.965006
-0.965006
-0.965006
-0.965006
-0.965006
-0.617432
0.432267
-0.784778
-0.073744
0.135573
0.192143
-0.794010
-0.965006
-0.965006
-0.965006
-0.965006
-0.965006
-0.965006
-0.965006
-0.651352
0.235294
-0.784778
-0.091992
0.017068
0.077394
-0.727028
-0.965006
-0.965006
-0.965006
-0.965006
-0.965006
-0.965006
-0.940854
-0.562366
0.281451
-0.787999
-0.139867
-0.135895
0.024045
-0.593924
-0.883855
-0.965006
-0.965006
-0.965006
-0.965006
-0.940854
-0.771790
-0.104873
0.460605
-0.797230
-0.228961
-0.414985
-0.372799
0.084156
-0.629562
-0.830721
-0.926041
-0.902962
-0.859059
-0.664555
-0.225955
-0.067089
0.310219
-0.776084
-0.178617
-0.381709
-0.519536
-0.067733
0.080936
-0.478102
-0.778445
-0.654358
-0.592421
-0.020610
-0.107879
-0.091563
0.555710
-0.625268
0.231537
-0.191606
-0.242486
-0.292293
-0.053886
-0.155968
-0.326857
-0.517389
-0.433233
-0.404036
-0.257084
0.214792
0.923572
-0.528982
0.646844
0.101224
-0.220159
-0.219729
-0.266638
-0.089094
-0.203413
-0.134714
-0.132997
-0.228209
0.037892
0.624409
0.352727
-0.665450
-1.101673
-1.376063
-1.563803
-1.562753
-1.428752
-1.247489
-1.175018
-1.172130
-1.276897
-1.379739
-1.439605
-1.483630
-1.425951
-0.599194
-1.260267
-1.514877
-1.556801
-1.575006
-1.536670
-1.487919
-1.449496
-1.451159
-1.462799
-1.465075
-1.533082
-1.537808
-1.554088
-1.057298
-1.366872
-1.588310
-1.588310
-1.588310
-1.588310
-1.588310
-1.588310
-1.588310
-1.581658
-1.580783
-1.573431
-1.572730
-1.576319
-1.122329
-1.448533
-1.588310
-1.588310
-1.588310
-1.588310
-1.588310
-1.588310
-1.588310
-1.588310
-1.588310
-1.575531
-1.481267
-1.463237
-1.181320
-1.459648
-1.588310
-1.588310
-1.581308
-1.576231
-1.582358
-1.588310
-1.588310
-1.588310
-1.577807
-1.563540
-1.427790
-1.153137
-1.267882
-1.482667
-1.588310
-1.588310
-1.575531
-1.543672
-1.582183
-1.588310
-1.588310
-1.588310
-1.569142
-1.521353
-1.445119
-1.264469
-1.317771
-1.497634
-1.588310
-1.588310
-1.581658
-1.580783
-1.580433
-1.588310
-1.588310
-1.588310
-1.578332
-1.577019
-1.489232
-1.425601
-1.290901
-1.496496
-1.588310
-1.588310
-1.588310
-1.588310
-1.588310
-1.588310
-1.588310
-1.588310
-1.588310
-1.588310
-1.517327
-1.370111
-1.224382
-1.477504
-1.588310
-1.588310
-1.588310
-1.588310
-1.588310
-1.588310
-1.588310
-1.588310
-1.588310
-1.588310
-1.551987
-1.532119
-1.155938
-1.463412
-1.588310
-1.588310
-1.588310
-1.560302
-1.515489
-1.522229
-1.567479
-1.588310
-1.567304
-1.541572
-1.549011
-1.575619
-1.136770
-1.439780
-1.588310
-1.588310
-1.539296
-1.442144
-1.305255
-1.398644
-1.566866
-1.588310
-1.542972
-1.423151
-1.497022
-1.579120
-0.962508
-1.395668
-1.588310
-1.588310
-1.498860
-1.219568
-1.406959
-1.512338
-1.560740
-1.588310
-1.555575
-1.511113
-1.547261
-1.576494
-0.704223
-1.345254
-1.588310
-1.588310
-1.541747
-1.506474
-1.447920
-1.541221
-1.558201
-1.576406
-1.581658
-1.580783
-1.548924
-1.533957
-0.854241
-1.388316
-1.588310
-1.588310
-1.588310
-1.578332
-1.564240
-1.506299
-1.492908
-1.576056
-1.588310
-1.588310
-1.530806
-1.387441
-0.976069
-0.919360
-1.372571
-1.558939
-1.582614
-1.488375
-1.172806
-0.985062
-1.031952
-1.080586
-1.239425
-1.445889
-1.723468
-2.047937
-0.944687
-1.091597
-1.744482
-1.869461
-1.824681
-1.562977
-1.519390
-1.560591
-1.610968
-1.472592
-1.571511
-1.623723
-1.791464
-2.082532
-0.971573
-1.107564
-1.768890
-1.761366
-1.760999
-1.223642
-1.853036
-1.967738
-2.046378
-1.924885
-1.681441
-1.302282
-1.524437
-1.934153
-1.049662
-1.201803
-1.682359
-1.397347
-1.006534
-0.564518
-1.613354
-1.789720
-2.012701
-1.963241
-1.505534
-0.945145
-1.447174
-1.610693
-1.098296
-1.236672
-1.549121
-1.205565
-0.526437
-0.347318
-1.421939
-1.689241
-1.968288
-1.976730
-1.689975
-1.297694
-1.670980
-1.189507
-1.110225
-1.183451
-1.662722
-1.840006
-1.393585
-1.094809
-1.839363
-2.002057
-2.073172
-2.041881
-1.982878
-1.596378
-1.581329
-0.821267
-1.063151
-1.081320
-1.703005
-2.043900
-1.762559
-1.316230
-1.992330
-2.094369
-2.082073
-2.017014
-1.825324
-0.836500
-0.838610
-0.675733
-1.048928
-1.086459
-1.681717
-1.813119
-1.400742
-1.005158
-1.929381
-2.090331
-2.084092
-2.007103
-1.616749
-0.573419
-0.849897
-1.031952
-1.058196
-1.237131
-1.699335
-1.707960
-1.259154
-0.580668
-1.653270
-1.862579
-1.966086
-1.996551
-1.705024
-1.412212
-1.729983
-1.651711
-1.051681
-1.312192
-1.809816
-1.836060
-1.488191
-0.732901
-0.844391
-1.535724
-1.856339
-1.933052
-1.192719
-1.224835
-1.667126
-1.948284
-0.986530
-1.257961
-1.812385
-1.790087
-1.525630
-0.926885
-0.447063
-1.707685
-2.022336
-1.765311
-0.708951
-0.621594
-1.354953
-2.000038
-0.861917
-1.042505
-1.803117
-1.882399
-1.552424
-1.169227
-0.744279
-1.413222
-1.434144
-1.379454
-1.024428
-1.123255
-1.647306
-1.975262
-0.788783
-1.076273
-1.784031
-1.910570
-1.808256
-1.564537
-1.190608
-0.821634
-0.807503
-1.179138
-1.601150
-1.755218
-1.863405
-1.730717
-1.280443
-1.692728
-2.039312
-2.052709
-2.034632
-2.032338
-1.870746
-1.641892
-1.636203
-1.849732
-2.034265
-2.072438
-1.972051
-1.772285
1.881088
1.881088
1.881088
1.881088
1.881088
1.881088
1.881088
1.881088
1.881088
1.881088
1.881088
1.881088
1.881088
1.881088
1.881088
1.881088
1.881088
1.881088
1.881088
1.881088
1.881088
1.881088
1.881088
1.881088
1.881088
1.881088
1.881088
1.881088
1.881088
1.881088
1.881088
1.881088
1.881088
1.881088
1.881088
1.881088
1.881088
1.881088
1.881088
1.881088
1.881088
1.881088
1.881088
1.881088
1.881088
1.881088
1.881088
1.881088
1.881088
1.881088
1.881088
1.881088
1.881088
1.881088
1.881088
1.881088
1.881088
1.881088
1.881088
1.881088
1.881088
1.881088
1.881088
1.881088
1.881088
1.881088
1.881088
1.881088
1.881088
1.881088
1.881088
1.881088
1.881088
1.881088
1.881088
1.881088
1.881088
1.881088
1.881088
1.881088
1.881088
1.881088
1.881088
1.881088
1.881088
1.881088
1.881088
1.881088
1.881088
1.881088
1.881088
1.881088
1.881088
1.881088
1.881088
1.881088
1.881088
1.881088
1.881088
1.881088
1.881088
1.881088
1.881088
1.881088
1.881088
1.881088
1.881088
1.881088
1.881088
1.881088
1.881088
1.881088
1.881088
1.881088
1.881088
1.881088
1.881088
1.881088
1.881088
1.881088
1.881088
1.881088
1.881088
1.881088
1.881088
1.881088
1.881088
1.881088
1.881088
1.881088
1.881088
1.881088
1.881088
1.881088
1.881088
1.881088
1.881088
1.881088
1.881088
1.881088
1.881088
1.881088
1.881088
1.881088
1.881088
1.881088
1.881088
1.881088
1.881088
1.881088
1.881088
1.881088
1.881088
1.881088
1.881088
1.881088
1.881088
1.881088
1.881088
1.881088
1.881088
1.881088
1.881088
1.881088
1.881088
1.881088
1.881088
1.881088
1.881088
1.881088
1.881088
1.881088
1.881088
1.881088
1.881088
1.881088
1.881088
1.881088
1.881088
1.881088
1.881088
1.881088
1.881088
1.881088
1.881088
1.881088
1.881088
1.881088
1.881088
1.881088
1.881088
1.881088
1.881088
1.881088
1.881088
1.881088
-0.239313
-0.239313
-0.239313
-0.239313
-0.239313
-0.239313
-0.239313
-0.239313
-0.239313
-0.239313
-0.239313
-0.242939
-0.236141
-0.243997
-0.239313
-0.239313
-0.239313
-0.239313
-0.239313
-0.239313
-0.239313
-0.239313
-0.239313
-0.239313
-0.239313
-0.234479
-0.233044
-0.235159
-0.239313
-0.239313
-0.239313
-0.239313
-0.239313
-0.239313
-0.239313
-0.239313
-0.239313
-0.239313
-0.239313
-0.227680
-0.203129
-0.230626
-0.239313
-0.239313
-0.239313
-0.239313
-0.239313
-0.239313
-0.239313
-0.239313
-0.239313
-0.239313
-0.239313
-0.235159
-0.222392
-0.236594
-0.239313
-0.239313
-0.239313
-0.239313
-0.239313
-0.239313
-0.239313
-0.239313
-0.239313
-0.239313
-0.239313
-0.239313
-0.239313
-0.239313
-0.239313
-0.239313
-0.239313
-0.239313
-0.239313
-0.239313
-0.239313
-0.239313
-0.239313
-0.239313
-0.239313
-0.239313
-0.239313
-0.239313
-0.239313
-0.239313
-0.239313
-0.239313
-0.239313
-0.239313
-0.239313
-0.239313
-0.239313
-0.239313
-0.239313
-0.239313
-0.239313
-0.239313
-0.239313
-0.239313
-0.239313
-0.239313
-0.239313
-0.239313
-0.239313
-0.239313
-0.239313
-0.239313
-0.239313
-0.239313
-0.239313
-0.239313
-0.239313
-0.239313
-0.239313
-0.239313
-0.239313
-0.239313
-0.239313
-0.239313
-0.239313
-0.239313
-0.239313
-0.239313
-0.239313
-0.239313
-0.239313
-0.239313
-0.239313
-0.239313
-0.239313
-0.239313
-0.239313
-0.239313
-0.239313
-0.239313
-0.239313
-0.250191
-0.229795
-0.253364
-0.239313
-0.239313
-0.239313
-0.239313
-0.239313
-0.239313
-0.317272
-0.171100
-0.340009
-0.239313
-0.239313
-0.232062
-0.214158
-0.236216
-0.239313
-0.239313
-0.239313
-0.239313
-0.239313
-0.239313
-0.096390
-0.138617
-0.099638
-0.239313
-0.239313
-0.191118
-0.121394
-0.200259
-0.239313
-0.239313
-0.239313
-0.239313
-0.239313
-0.239313
-0.060659
0.488296
-0.122376
-0.239313
-0.239313
-0.210230
-0.120865
-0.220277
-0.239313
-0.239313
-0.239313
-0.239313
-0.239313
-0.239313
-0.239313
-0.239313
-0.239313
-0.239313
-0.239313
-0.239313
-0.239313
-0.239313
1.829012
1.318670
0.962172
0.856186
0.863184
0.903728
1.028422
1.169466
1.228543
1.144465
0.980352
0.907245
1.156596
1.714657
1.987253
1.639089
1.280129
1.200200
1.258187
1.390194
1.599212
1.869487
1.927473
1.732345
1.481692
1.230864
1.328973
1.779817
2.043446
1.742297
1.412735
1.411504
1.684557
1.841531
1.855984
1.774086
1.704636
1.817689
1.881478
1.615036
1.463125
1.700170
2.064650
1.785092
1.473851
1.559687
1.952440
2.001319
1.680266
1.368674
1.218205
1.531134
1.955042
1.967279
1.737339
1.826164
2.059024
1.791105
1.602518
1.780239
1.982084
1.915025
1.729427
1.635818
1.657585
1.686666
1.828802
1.865689
1.908906
2.008457
2.026742
1.729708
1.650025
1.910594
1.936475
1.640566
1.545129
1.596469
1.613595
1.625269
1.577340
1.627344
1.856054
1.998752
2.008105
1.731818
1.716099
1.955605
1.858727
1.524171
1.476769
1.617920
1.669577
1.631001
1.632724
1.627274
1.467381
1.858410
2.014083
1.755343
1.600724
1.516189
1.322960
1.210117
1.363540
1.577094
1.607722
1.487495
1.449236
1.306749
1.276718
1.681849
2.031033
1.757664
1.349861
0.776081
0.494941
0.925108
1.274890
1.391249
1.367267
1.197282
1.270072
1.113203
1.202556
1.630157
2.033178
1.743070
1.350916
0.894234
0.670939
0.908968
1.050892
1.170697
1.079762
0.821689
0.914278
1.128570
1.346168
1.660609
2.002479
1.664232
1.388331
1.207268
0.985134
0.435548
0.378159
0.332269
0.258002
0.042233
0.287751
0.870674
1.360058
1.685752
1.934119
1.498923
1.200060
1.061512
0.815325
0.522650
-0.300657
-0.569314
-0.555353
-0.308393
0.139005
0.670025
0.960202
1.487565
1.856828
1.362379
1.065661
0.913891
0.761664
0.501130
0.514281
0.416278
0.309448
0.382449
0.466598
0.500954
0.668267
1.254389
1.930286
1.653190
1.499415
1.428524
1.346028
1.295742
1.177027
1.126003
1.106417
1.182337
1.270846
1.206143
1.237580
1.541964
1.346013
1.589087
1.734076
1.709065
1.677063
1.651813
1.646419
1.605228
1.566513
1.585891
1.640386
1.715658
1.710903
1.672029
1.571947
1.659204
1.739510
1.728802
1.714339
1.702833
1.699397
1.682856
1.664558
1.671030
1.695322
1.728243
1.729921
1.712581
1.743345
1.743345
1.743345
1.743345
1.743345
1.743345
1.694443
1.557364
1.405224
1.359437
1.475940
1.658805
1.743345
1.743345
1.743345
1.743345
1.731839
1.719213
1.671110
1.533512
1.404025
1.321802
1.181048
0.948961
1.033222
1.475940
1.723209
1.701115
1.743345
1.743345
1.710424
1.672429
1.463994
1.076171
1.120999
1.487527
1.445816
1.060989
0.761263
1.062068
1.306460
1.438744
1.743345
1.734715
1.671390
1.566633
1.189678
0.764299
1.214648
1.654570
1.660523
1.396034
0.892508
0.726544
0.959069
1.240937
1.743345
1.729441
1.666116
1.549214
1.103260
0.748358
1.285485
1.675665
1.589007
1.486168
1.206857
1.046167
1.134902
1.269224
1.743345
1.737592
1.637150
1.463075
0.988435
0.621068
1.240857
1.663999
1.583733
1.519769
1.266507
1.148806
1.279452
1.391680
1.743345
1.743345
1.572187
1.293595
0.921154
0.459139
0.866099
1.340739
1.432711
1.307099
1.012606
1.015763
1.397433
1.537188
1.743345
1.743345
1.617414
1.419007
1.216726
0.651592
0.382469
0.627660
0.873091
0.890031
0.992910
1.335706
1.566274
1.668314
1.743345
1.743345
1.712661
1.667275
1.601672
1.113208
0.231567
0.072195
0.659742
0.999462
1.354244
1.624006
1.719733
1.734555
1.743345
1.743345
1.743345
1.743345
1.724807
1.426439
0.697737
0.495656
1.093032
1.435628
1.610621
1.717416
1.718175
1.713181
1.508062
1.599994
1.743345
1.743345
1.735674
1.640586
1.384288
1.268585
1.494598
1.662360
1.717016
1.741188
1.654010
1.553649
1.346013
1.589087
1.743345
1.743345
1.743345
1.741427
1.719773
1.685733
1.685813
1.708426
1.732558
1.743345
1.627162
1.487047
-0.053332
-0.525845
-0.586065
-0.586065
-0.586065
-0.586065
-0.586065
-0.583408
-0.580161
-0.581440
-0.585081
-0.586065
-0.585179
-0.584392
-0.516398
-0.569337
-0.586065
-0.586065
-0.586065
-0.586065
-0.560383
-0.478515
-0.331998
-0.372736
-0.488847
-0.568550
-0.570715
-0.545131
-0.590788
-0.584884
-0.586065
-0.586065
-0.586065
-0.552412
-0.356795
0.508428
1.269250
1.488679
0.087674
-0.521318
-0.491503
-0.348529
-0.586065
-0.586065
-0.586065
-0.586065
-0.564811
-0.367816
0.654354
1.179805
1.516625
1.786140
0.047330
-0.539030
-0.528993
-0.316353
-0.586065
-0.586065
-0.586065
-0.586065
-0.489240
0.137562
0.249343
0.167377
0.458638
-0.014366
-0.481762
-0.547099
-0.524369
-0.359944
-0.586065
-0.586065
-0.586065
-0.583408
-0.564515
-0.543753
-0.297854
-0.475858
-0.559202
-0.315959
-0.210476
-0.173478
-0.506066
-0.590985
-0.586065
-0.586065
-0.586065
-0.573962
-0.514332
-0.570124
-0.598168
-0.586065
-0.572486
-0.563039
-0.472611
0.063369
-0.334754
-0.563236
-0.586065
-0.586065
-0.586065
-0.583998
-0.589607
-0.585179
-0.586065
-0.586065
-0.576422
-0.537751
-0.541588
-0.472217
-0.454308
-0.571207
-0.586065
-0.586065
-0.586065
-0.586065
-0.565696
-0.543163
-0.529387
-0.498982
-0.471725
-0.495341
-0.560776
-0.588525
-0.584294
-0.572879
-0.586065
-0.586065
-0.586065
-0.586065
-0.485304
0.003542
-0.242455
0.411308
0.679150
0.103811
-0.503705
-0.580751
-0.538046
-0.394383
-0.586065
-0.586065
-0.586065
-0.586065
-0.531257
-0.369390
-0.233304
0.721068
1.773545
0.523778
-0.450176
-0.543950
-0.375097
-0.292540
-0.581046
-0.583113
-0.586065
-0.586065
-0.567763
-0.521515
-0.351777
0.832948
0.655830
0.143761
-0.296575
-0.413571
-0.486780
-0.222480
-0.459524
-0.532241
-0.570518
-0.582129
-0.583998
-0.589607
-0.550051
-0.615289
-0.606925
-0.596790
-0.583998
-0.554676
-0.313696
-0.019778
0.116209
-0.282209
-0.467396
-0.575831
-0.586065
-0.586065
-0.586065
-0.586065
-0.586065
-0.586065
-0.586065
-0.510002
-0.026076
0.153995
-0.350798
-0.350798
-0.350798
-0.350798
-0.350798
-0.350798
-0.350798
-0.350798
-0.350798
-0.350798
-0.350798
-0.350798
-0.350798
-0.350798
-0.350798
-0.350798
-0.350798
-0.350798
-0.350798
-0.354604
-0.272589
-0.246710
-0.198662
-0.244712
-0.365070
-0.350798
-0.350798
-0.350798
-0.350798
-0.350798
-0.350798
-0.350798
-0.359552
-0.126447
0.475152
0.663253
0.928611
0.570487
-0.237291
-0.292950
-0.358886
-0.350798
-0.350798
-0.350798
-0.350798
-0.360313
-0.042530
1.064288
1.751517
1.500526
1.499384
1.179127
0.573627
0.244902
-0.359361
-0.350798
-0.350798
-0.350798
-0.351559
-0.222543
1.030606
0.982083
0.266595
-0.076116
0.007136
0.353462
1.078559
1.080082
-0.239194
-0.362216
-0.350798
-0.350798
-0.350989
0.009134
0.813486
0.414830
0.417685
0.035584
-0.164410
-0.164410
0.357744
1.280361
0.371635
-0.346992
-0.350798
-0.350798
-0.232153
0.980465
1.800612
0.173163
0.105515
-0.098760
-0.085916
0.079636
0.448702
0.906253
0.647745
-0.339952
-0.350798
-0.350798
-0.355936
-0.225683
1.056962
0.338810
0.219974
-0.034442
-0.119597
0.008373
0.344424
1.056866
0.477436
-0.337478
-0.350798
-0.350798
-0.353082
-0.245949
1.170850
0.819385
0.428341
0.205988
0.193429
0.395897
0.910819
1.537632
-0.060417
-0.350037
-0.350798
-0.350798
-0.350798
-0.267356
0.667059
1.157339
0.456314
0.467445
0.562495
1.227841
1.797282
1.394344
-0.330628
-0.356887
-0.350798
-0.350798
-0.350798
-0.367924
-0.437285
-0.143383
0.711396
1.908125
2.100603
1.936764
1.090072
-0.481146
-0.382767
-0.350798
-0.350798
-0.350798
-0.350798
-0.350798
-0.355365
-0.390759
-0.415687
0.026926
0.170023
0.256510
-0.492088
-0.377819
-0.350798
-0.350798
-0.351179
-0.342425
-0.351750
-0.350798
-0.350798
-0.350798
-0.359932
-0.410168
-0.433955
-0.436143
-0.364880
-0.350798
-0.350798
-0.350798
-0.346041
-0.306271
-0.348895
-0.350798
-0.350798
-0.350798
-0.350798
-0.350798
-0.350798
-0.350798
-0.350798
-0.350798
-0.350798
-0.350798
1.847429
1.847429
1.836607
1.842851
1.865327
1.847429
1.847429
1.832278
1.721642
1.688426
1.978045
1.966556
2.037483
1.944080
1.847429
1.847429
1.823454
1.837190
1.946827
1.847429
1.847429
1.794817
1.594273
1.623910
2.225873
2.686148
2.988586
2.551703
1.847429
1.847429
1.826534
1.838771
1.904370
1.847429
1.847429
1.761434
1.611089
1.781497
2.057629
2.031739
2.611641
3.224593
1.847429
1.847429
1.841186
1.844932
1.780415
1.712069
1.878147
1.935172
1.811383
1.964059
1.678020
1.381992
1.900291
3.186466
1.847429
1.847429
1.847429
1.834442
1.541744
1.377330
2.341753
2.852643
2.406936
1.967222
1.778334
1.577457
2.020168
2.411847
1.847429
1.847429
1.847429
1.592692
1.102530
1.400057
3.071917
3.570403
3.499559
2.330681
1.816211
1.739957
1.819874
1.926431
1.847429
1.847429
1.847429
1.368589
0.763546
2.678073
3.522286
4.112344
3.749718
1.973299
1.847429
1.652963
1.764848
2.360234
1.847429
1.847429
1.847429
1.479309
0.813911
1.388486
3.408320
4.152637
3.697439
1.887721
1.847429
1.590361
1.738208
2.994247
1.847429
1.847429
1.847429
1.762100
1.153145
0.878678
2.819011
3.683537
3.601288
2.024746
1.847429
1.705575
1.790488
1.909698
1.847429
1.847429
1.847429
1.847429
1.515355
1.317725
2.162271
2.622880
2.437654
1.933674
1.782496
1.706408
1.906701
2.083020
1.847429
1.847429
1.847429
1.847429
1.760019
1.706325
1.684098
1.697417
2.175424
2.202730
1.768760
1.612588
2.446728
2.820010
1.841019
1.870322
1.831362
1.844599
1.872487
1.847429
1.777918
1.633649
1.607926
2.049804
2.455303
2.171928
2.758324
2.669415
1.836940
1.935588
1.777418
1.895546
2.021666
1.847429
1.834859
1.658374
1.457082
2.084185
2.545959
2.351410
2.388288
2.003768
1.841602
1.798147
1.760602
2.087348
2.100918
1.847429
1.843933
1.726138
1.631069
1.977628
2.180253
2.046807
1.864828
1.852674
1.886092
1.541629
1.508711
1.418368
1.426209
1.474403
1.414774
1.362659
1.353837
1.415100
1.461742
1.535421
1.519820
1.542283
1.196268
0.498193
0.345198
0.246768
0.302233
0.475403
0.352468
0.057506
0.115257
0.360555
0.479733
0.470584
0.566154
0.815374
0.957259
0.315302
0.136576
0.032184
-0.131838
-0.351733
-0.723968
-0.920909
-1.035513
-0.853357
-0.272662
0.001879
0.349936
0.721110
0.839715
0.227082
0.156507
-0.070575
-0.854500
-1.500133
-1.230820
-0.967061
-1.144806
-1.457821
-1.138272
-0.522943
0.103494
0.717761
0.804673
0.217281
0.186975
-0.261390
-0.827299
-1.365517
-1.097021
-0.534951
-0.516572
-0.793400
-0.839715
-0.810309
-0.394127
0.638854
0.853602
0.291695
0.121220
-0.547612
-0.725030
-0.735159
-0.341686
-0.093202
-0.033572
0.068370
-0.341441
-1.183443
-0.926872
0.691948
0.855562
0.293574
-0.111172
-0.491332
-0.502114
-0.101533
0.001879
-0.076702
-0.096632
0.022055
-0.094999
-0.602831
-0.096387
0.861689
0.845760
0.324042
0.129306
0.075313
-0.132165
0.070085
0.074006
-0.057505
-0.078662
0.013151
-0.151606
-0.408013
0.148257
0.897630
0.835631
0.293084
0.300190
0.036840
-0.552431
-0.432927
-0.027364
0.043456
0.069105
0.029488
-0.640732
-1.154200
-0.508894
0.683943
0.843881
0.235496
0.215157
-0.179461
-0.849354
-0.803774
-0.630685
-0.262043
-0.340460
-0.643346
-1.019666
-0.999082
-0.706407
0.525476
0.825012
0.190325
0.084707
-0.073761
-0.369295
-0.541241
-1.154119
-0.873042
-1.010681
-1.557884
-0.990096
-0.579224
-0.112806
0.485369
0.837101
0.279034
0.135841
0.049828
0.092793
-0.066409
-0.666300
-0.883171
-0.956034
-0.977925
-0.519023
-0.126202
0.155527
0.507750
1.017869
0.503013
0.401070
0.272826
0.345689
0.456534
0.324124
0.151525
0.071229
0.202087
0.285405
0.328698
0.297249
0.624151
1.474975
1.070229
1.053238
0.961915
0.956361
0.991812
1.110417
1.081174
1.052503
1.059528
1.057404
1.049236
1.025384
1.062714
-1.064844
-1.064844
-1.064844
-1.064844
-1.064844
-1.064844
-1.064844
-1.064844
-1.015501
-0.988586
-1.014005
-1.064844
-1.064844
-1.064844
-1.064844
-1.064844
-1.064844
-1.064844
-1.064844
-1.064844
-1.064844
-1.064844
-0.957186
-0.683556
-1.005034
-1.064844
-1.064844
-1.064844
-1.064844
-1.064844
-1.064844
-1.064844
-1.064844
-1.064844
-1.064844
-1.064844
-1.021482
-0.966157
-1.019986
-1.038274
-1.023782
-1.037469
-1.064844
-1.064844
-1.064844
-1.064844
-1.064844
-1.064844
-1.064844
-1.064844
-1.064844
-1.064844
-1.064844
-1.006874
-0.859535
-1.032638
-1.064844
-1.064844
-1.064844
-1.064844
-1.064844
-1.064844
-1.064844
-1.064844
-1.064844
-1.064844
-1.064844
-1.041495
-1.011705
-1.040690
-1.064844
-1.064844
-1.064844
-1.064844
-1.064844
-1.064844
-1.064844
-1.064844
-1.064844
-1.064844
-1.064844
-1.064844
-1.064844
-1.064844
-1.064844
-1.064844
-1.064844
-1.064844
-1.064844
-1.064844
-1.064844
-1.064844
-1.064844
-1.064844
-1.064844
-1.064844
-1.064844
-1.064844
-1.064844
-1.064844
-1.064844
-1.064844
-1.064844
-1.064844
-1.064844
-1.064844
-1.064844
-1.064844
-1.064844
-1.064844
-1.064844
-1.064844
-1.064844
-1.064844
-1.064844
-1.064844
-1.064844
-1.064844
-1.064844
-1.064844
-1.064844
-1.064844
-1.064844
-1.064844
-1.064844
-1.064844
-1.064844
-1.064844
-1.064844
-1.064844
-1.064844
-1.064844
-1.064844
-1.034479
-1.017916
-1.033558
-1.061048
-1.039999
-1.031603
-1.045290
-1.064844
-1.064844
-1.064844
-1.064844
-1.064844
-1.064844
-1.064844
-0.998593
-0.830205
-1.028038
-1.056562
-0.994107
-0.913594
-1.041840
-1.064844
-1.064844
-1.064844
-1.064844
-1.064844
-1.061048
-1.036204
-0.961097
-0.921990
-0.998133
-1.061508
-1.040575
-1.023437
-1.047591
-1.064844
-1.064844
-1.064844
-1.064844
-1.064844
-1.056562
-0.985826
-0.801451
-0.743941
-1.018836
-1.064844
-1.064844
-1.064844
-1.064844
-1.064844
-1.064844
-1.064844
-1.064844
-1.064844
-1.061508
-1.037239
-0.982490
-0.968228
-1.030338
-1.064844
-1.064844
-1.064844
-1.064844
1.079455
0.675403
0.886844
0.959087
1.018995
1.163701
1.150486
1.066900
1.055887
1.062935
1.180330
1.030008
0.655910
1.300698
1.106766
0.675403
0.927811
0.806453
0.911182
1.144429
1.009194
0.496778
-0.115632
0.302516
0.687737
0.803259
0.652606
1.227244
1.369747
0.995649
0.984746
0.877043
1.027145
1.224380
1.666206
0.787510
0.141071
0.717581
-0.017951
-0.127856
0.582016
1.236384
1.352677
1.031550
0.978469
1.050381
1.232970
1.807497
1.870710
0.379274
0.130719
0.825724
0.495897
0.319365
0.157370
1.184294
1.349924
1.049390
1.150155
1.144539
1.100379
1.116567
0.485876
-0.017730
0.069489
0.434777
0.958096
1.409722
0.349980
1.214139
1.371288
1.091789
1.005009
0.280380
0.282033
0.682891
0.498540
0.213865
0.195584
0.325532
0.353174
0.193161
0.049447
1.076041
1.332524
1.076811
0.771873
-0.604702
-0.174440
0.405924
0.388635
0.075987
0.070370
0.246902
0.336875
-0.306041
0.870546
1.247947
1.388137
1.172731
0.988491
0.376410
1.066350
0.804250
0.501514
0.181047
0.213754
0.338968
0.345024
0.499752
1.899452
1.317987
1.369857
1.185395
1.029347
0.174109
0.900610
1.146961
0.612080
0.200429
0.231484
0.360442
0.197236
0.377622
1.423708
1.195087
1.360166
1.141455
0.984746
0.132041
0.412311
1.285390
0.753592
-0.341170
-0.422554
-0.052860
0.510103
0.980011
1.233411
1.231428
1.373160
1.078463
0.998842
0.760420
0.430372
0.814381
0.684653
-1.026594
-0.555035
0.004295
0.677384
1.358844
1.080446
1.199932
1.448376
1.114475
1.119430
1.044214
0.884311
0.313088
0.242938
-0.302076
0.332250
0.411981
0.950938
1.218433
1.156763
1.287262
1.291777
0.899509
1.108418
0.972853
1.042452
0.919662
0.824513
0.847529
1.064588
1.172731
1.259400
1.185726
1.141235
1.443421
1.377015
0.928142
1.155111
1.127249
1.196408
1.265898
1.358514
1.450139
1.406749
1.290346
1.201804
1.214689
1.337590
1.989976
3.465216
3.121345
2.784594
3.062114
3.092866
3.057721
3.122709
3.241927
3.089230
2.785503
2.845946
3.037422
2.891088
2.902601
3.904825
3.375840
2.925778
3.103924
3.308277
3.018184
2.556458
3.128313
3.350087
2.791260
2.892755
3.146946
2.442542
2.291511
3.986475
3.720619
2.989402
3.252834
3.404470
2.866548
2.178352
2.819284
3.239200
3.112104
3.146643
3.747280
3.058782
2.301964
4.027982
3.805602
3.231474
3.407046
2.632200
2.205013
2.494652
2.847157
3.086807
3.086807
3.086807
3.688504
3.281313
2.564032
4.041918
3.969357
3.480364
2.974405
2.433604
2.817770
2.330443
2.566911
3.086807
3.086807
3.086807
3.256469
3.259802
2.987887
3.981324
4.168408
3.567922
2.260911
2.525707
3.010004
2.407548
3.011216
3.052268
3.059691
3.113165
3.368265
3.492028
2.689613
3.886798
3.857561
2.724909
2.368162
3.081202
3.005005
3.096956
3.231323
2.969557
3.073324
3.322366
4.583780
3.627607
1.174917
3.809844
3.266165
2.363012
2.967285
3.086807
3.086807
3.174971
3.203753
3.126344
3.484909
3.590494
5.136851
3.111953
0.493083
3.811813
3.151188
2.393460
2.963498
3.086807
3.086807
3.103773
3.164215
3.420982
3.649573
2.989250
4.761775
3.440978
0.958445
3.866348
3.319639
2.350742
2.797016
3.063781
3.086807
3.165882
3.318730
3.374476
3.075294
3.049844
4.561057
3.074082
1.568323
3.938151
3.404773
2.382099
2.825344
2.943805
2.965922
3.447492
4.022377
3.000157
2.197439
3.874831
4.229154
2.070040
1.839480
4.051613
3.600492
2.554640
2.985918
2.859428
2.670223
3.319790
3.666842
3.259348
3.019396
3.555046
3.360994
2.010961
2.115486
4.170378
3.869226
2.829131
2.992431
3.054843
3.104985
3.098168
3.154369
3.169972
2.971375
3.171941
3.080141
2.330140
2.033987
4.019802
3.876497
3.118315
3.126950
3.120588
3.262681
3.162095
3.091957
3.119073
3.017881
3.216932
3.555955
2.501166
1.836905
-1.435498
-1.435498
-1.435498
-1.435498
-1.435498
-1.435498
-1.435498
-1.435498
-1.435498
-1.435498
-1.435498
-1.435498
-1.427650
-1.421546
-1.435498
-1.435498
-1.435498
-1.435498
-1.435498
-1.435498
-1.400183
-1.372715
-1.405087
-1.435498
-1.435498
-1.435498
-1.419584
-1.379909
-1.435498
-1.435498
-1.435498
-1.435498
-1.435498
-1.435498
-1.363886
-1.185348
-1.391354
-1.435498
-1.435498
-1.435498
-1.426124
-1.434844
-1.435498
-1.435498
-1.435498
-1.435498
-1.435498
-1.419802
-1.365412
-1.419039
-1.385468
-1.435498
-1.435498
-1.435498
-1.435498
-1.435498
-1.435498
-1.435498
-1.435498
-1.435498
-1.435498
-1.403670
-1.324320
-1.415878
-1.435498
-1.435498
-1.353096
-0.955473
-0.771594
-1.148289
-1.435498
-1.435498
-1.408030
-1.331732
-1.314183
-1.369445
-1.434190
-1.413262
-1.435498
-1.435498
-1.268404
-0.175486
1.030027
-1.018582
-1.435498
-1.435498
-1.379800
-1.129542
-1.012042
-1.366829
-1.435498
-1.435498
-1.435498
-1.435498
-1.337073
-1.030245
-1.290967
-0.962993
-1.435498
-1.435498
-1.402689
-1.367592
-1.392008
-1.357674
-1.435498
-1.435498
-1.435498
-1.435498
-1.435498
-1.415878
-1.400619
-1.418603
-1.435498
-1.435498
-1.435498
-1.435498
-1.435498
-1.435498
-1.435498
-1.435498
-1.435498
-1.435498
-1.435498
-1.395714
-1.296526
-1.410973
-1.435498
-1.435498
-1.435498
-1.435498
-1.435498
-1.435498
-1.423726
-1.414570
-1.425361
-1.435498
-1.435498
-1.412063
-1.433863
-1.407703
-1.435498
-1.435498
-1.435498
-1.435498
-1.435498
-1.353096
-1.233743
-1.225350
-1.393752
-1.435498
-1.435498
-1.435498
-1.435498
-1.435498
-1.435498
-1.435498
-1.435498
-1.435498
-1.435498
-1.268404
-0.774101
-1.109159
-1.379582
-1.435498
-1.435498
-1.435498
-1.435498
-1.435498
-1.435498
-1.435498
-1.435498
-1.435498
-1.435498
-1.337073
-1.391136
-1.316145
-1.391027
-1.435498
-1.435498
-1.435498
-1.435498
-1.435498
-1.435498
-1.435498
-1.435498
-1.435498
-1.435498
-1.435498
-1.435498
-1.435498
-1.435498
-1.435498
-1.435498
-1.435498
-1.435498
-1.435498
3.875879
3.875879
3.875879
3.875879
3.875879
3.875879
3.875879
3.875879
3.875879
3.875879
3.875879
3.875879
3.875879
3.875879
3.875879
3.875879
3.875879
3.875879
3.875879
3.875879
3.875879
3.875879
3.875879
3.867801
3.852427
3.868844
3.875879
3.875879
3.875879
3.875879
3.875879
3.875879
3.875879
3.875879
3.875879
3.875879
3.875879
3.846435
3.809434
3.851125
3.875879
3.875879
3.875879
3.875879
3.875879
3.875879
3.875879
3.875879
3.875879
3.875879
3.875879
3.867280
3.861547
3.869321
3.871970
3.874706
3.875879
3.875879
3.875879
3.875879
3.875879
3.875879
3.875879
3.875879
3.875879
3.875879
3.875879
3.870971
3.864805
3.871753
3.875879
3.875879
3.875879
3.874532
3.871970
3.874706
3.875879
3.875879
3.875879
3.875879
3.861070
3.785678
3.727702
3.835143
3.875879
3.875879
3.851646
3.800618
3.838313
3.856119
3.871189
3.875879
3.875879
3.875879
3.821898
3.568364
3.399255
3.719190
3.875879
3.875879
3.787546
3.656262
3.703339
3.751761
3.840615
3.875879
3.875879
3.875879
3.860114
3.732175
3.630075
3.788588
3.875879
3.875879
3.850082
3.764182
3.620955
3.631378
3.806394
3.875879
3.875879
3.875879
3.875879
3.855815
3.842439
3.863719
3.875879
3.875879
3.875879
3.855815
3.819509
3.825502
3.824286
3.763747
3.835230
3.873534
3.874532
3.871970
3.874706
3.875879
3.875879
3.875879
3.875879
3.875879
3.875879
3.875879
3.696738
3.434822
3.701862
3.867627
3.870971
3.864805
3.871753
3.875879
3.875879
3.875879
3.875879
3.875879
3.875879
3.875879
3.683622
3.462833
3.718886
3.874142
3.874446
3.873490
3.875010
3.875879
3.875879
3.875879
3.875879
3.875879
3.875879
3.875879
3.831452
3.801834
3.848953
3.875879
3.875879
3.875879
3.875879
3.875879
3.875879
3.875879
3.875879
3.875879
3.875879
3.875879
3.875879
3.875879
3.875879
3.875879
3.875879
3.875879
3.875879
3.875879
0.542964
0.335091
0.385979
0.431507
0.448305
0.412413
0.371658
0.349592
0.261192
0.196840
0.324464
0.381521
0.486808
0.741110
0.062011
-0.058003
0.079123
0.055616
0.037107
-0.049717
-0.028912
-0.100514
-0.467039
-0.661537
-0.453349
-0.235749
0.018508
0.309512
0.271820
0.284654
0.316223
0.125372
0.049626
-0.108305
-0.079799
-0.028956
-0.524996
-0.897240
-0.691394
-0.575839
-0.040260
0.531841
0.230299
0.301226
0.342252
0.058408
-0.365219
-0.232506
-0.358644
-0.266866
-0.641767
-0.902464
-0.829780
-1.066790
-0.332975
0.649197
0.222418
0.280511
0.364903
-0.153563
-0.963934
-0.326986
-0.246962
-0.338649
-0.439208
-0.612766
-0.799833
-1.165052
-0.457942
0.758403
0.241918
0.341891
0.480053
-0.395301
-0.876660
-0.056967
-0.208233
-0.335587
-0.365354
-0.357653
-0.167929
-0.354906
0.385258
1.070302
0.248718
0.401966
0.775876
0.114609
0.402326
0.515359
-0.038278
-0.269118
-0.242954
-0.121139
0.511756
1.242869
1.701666
1.336493
0.256914
0.401965
0.848604
0.660230
0.751558
0.943399
0.130911
-0.176710
-0.159642
-0.048636
0.825952
1.710448
2.013656
1.369547
0.263083
0.335587
0.682162
0.744578
0.467669
0.734670
0.095921
-0.174278
-0.192697
-0.164776
0.352969
0.962898
1.427640
1.142220
0.230659
0.329642
0.499012
0.423671
-0.223545
-0.196480
0.101685
0.046789
-0.072773
-0.160633
-0.265110
-0.443351
0.128705
0.770336
0.225301
0.320996
0.327661
0.047285
-0.555529
-0.931510
0.161083
0.363327
0.197020
0.118032
-0.577550
-0.791637
-0.051158
0.547377
0.195849
0.241693
0.231245
0.046474
-0.306135
-0.461680
-0.160408
0.334146
0.359679
0.118662
-0.301902
-0.208278
0.092858
0.471857
0.172792
0.174773
0.172837
0.052734
-0.030983
-0.206117
-0.172657
-0.007881
0.044673
0.011889
-0.050572
0.059984
0.212511
0.433128
0.942633
0.760339
0.697743
0.601642
0.608713
0.579126
0.594302
0.587457
0.567552
0.586376
0.573992
0.669733
0.732599
0.979335
-0.008808
-0.008808
-0.008808
-0.008808
-0.008808
-0.008808
-0.008808
-0.008808
-0.008808
-0.008808
-0.008808
-0.008808
-0.008808
-0.008808
-0.008808
-0.008808
-0.008808
-0.008808
-0.008808
-0.008808
-0.008808
-0.008808
-0.008808
-0.008808
-0.008808
0.000132
0.017681
-0.006490
-0.008808
-0.008808
-0.003444
0.007086
-0.007417
-0.008808
-0.008808
-0.008808
-0.008808
-0.008808
-0.008808
0.016622
0.085891
0.002384
-0.008808
-0.008808
0.004304
0.041654
-0.002649
-0.008808
-0.007020
0.023310
0.083639
0.035231
-0.005563
-0.000397
0.028807
-0.003708
-0.008808
-0.008808
-0.009006
-0.006424
-0.008212
-0.008808
-0.004437
0.073574
0.276149
0.139730
0.005563
-0.008940
-0.007218
-0.008410
-0.008808
-0.008808
-0.008808
-0.008808
0.026953
0.097149
0.000397
-0.009006
0.002848
-0.000265
-0.007417
-0.008808
-0.008808
-0.008808
-0.008808
-0.008808
-0.008808
-0.008808
0.103639
0.401774
0.038740
-0.008808
-0.008808
0.007285
0.038873
-0.004636
-0.008808
-0.008808
-0.008808
-0.008808
-0.008808
-0.008808
0.051058
0.251514
0.053972
0.004106
0.002848
0.065892
0.155955
0.010596
-0.008808
-0.008808
-0.008808
-0.008808
-0.008808
-0.008808
-0.009735
0.024171
0.120790
0.180457
0.177080
0.154233
0.048012
-0.002914
-0.008808
-0.008808
-0.008808
-0.008808
-0.008808
-0.008808
-0.008808
-0.009139
0.078077
0.460182
0.596932
0.191450
0.010397
-0.004834
0.001788
-0.007881
-0.008808
-0.008808
-0.008808
-0.008808
-0.008808
-0.008808
-0.010066
0.096420
0.367537
0.045628
-0.007218
0.003510
0.035429
-0.003775
-0.008808
-0.008808
-0.008808
-0.008808
-0.008808
-0.008808
-0.008808
-0.010198
0.007881
-0.004636
-0.008808
-0.000199
0.026423
-0.004304
-0.008808
-0.008808
-0.008808
-0.008808
-0.008808
-0.008808
-0.008808
-0.008808
-0.008808
-0.008808
-0.008808
-0.008940
-0.007218
-0.008410
-0.008808
-0.008808
-0.008808
-0.008808
-0.008808
-0.008808
-0.008808
-0.008808
-0.008808
-0.008808
-0.008808
-0.008808
-0.008808
-0.008808
-0.077778
-0.059085
-0.085762
-0.008172
-0.017002
-0.067821
0.005260
-0.155555
-0.025362
0.162225
0.038325
0.050443
-0.079468
-0.077778
-0.077778
-0.021229
0.202522
0.097504
0.271940
0.343518
0.331682
0.932204
0.806050
0.253623
-0.000751
0.276261
0.239626
-0.013527
-0.077778
0.002254
0.179978
0.020853
-0.003194
-0.005730
0.889652
4.616590
4.526037
0.552240
-0.046216
-0.013057
0.107461
0.283588
-0.077778
-0.007890
0.180917
-0.024987
-0.077778
-0.068760
0.789706
4.126065
3.713130
0.553461
-0.047343
-0.147101
0.027053
0.216331
-0.077778
-0.028086
0.114130
-0.097504
-0.068384
-0.074020
0.263392
0.693235
0.585868
0.166639
0.027898
0.425241
0.038889
-0.081159
-0.077778
-0.041519
0.006388
0.427683
0.052227
-0.069511
-0.059742
-0.046591
-0.053918
-0.066130
0.052979
0.485265
0.086326
0.040580
-0.077778
-0.011742
0.191532
0.026865
-0.030247
-0.070639
-0.077778
-0.074866
-0.056642
-0.075711
-0.023671
-0.028180
0.118639
0.552991
-0.077778
0.040861
0.334876
0.015123
-0.127187
-0.111594
-0.057112
-0.075523
-0.075711
-0.075993
-0.018035
-0.182045
0.082568
0.536647
-0.077778
0.070545
0.492779
0.372168
0.442994
0.428528
0.005260
-0.077778
-0.077778
-0.027053
-0.034474
1.207901
1.055822
1.057137
-0.077778
0.070545
0.602307
1.069348
2.308248
0.969590
0.085480
-0.077778
-0.063124
0.017754
1.042953
0.633399
1.287933
1.240215
-0.077778
0.044995
0.439707
0.893785
0.962545
1.177561
0.084541
-0.077778
-0.017378
0.250617
0.107367
0.142686
0.230139
0.575911
-0.077778
0.014372
0.320410
0.226757
0.432755
0.064815
0.005448
-0.074960
0.009769
0.399878
0.100228
0.151892
0.532701
0.424959
-0.077778
-0.017754
0.169270
0.142874
0.246390
0.278985
0.008924
-0.089613
-0.052415
0.003006
0.239533
0.326610
0.569242
0.616021
-0.077778
-0.057488
-0.042083
0.018599
0.019444
0.069230
0.193505
0.303971
0.263674
0.079374
-0.008078
0.114882
0.261889
0.433883
0.984683
0.983979
1.001580
0.982102
0.984683
0.984683
0.984683
0.984683
0.984683
0.984683
0.984683
0.984683
0.984683
0.984683
0.984683
0.981163
0.971659
0.981633
0.984683
0.984683
0.984683
0.984683
0.984683
0.984683
0.984683
0.984683
0.984683
0.984683
0.984683
0.984683
0.984683
0.984683
0.984683
0.993483
1.136047
1.609732
1.601049
1.287410
1.010145
0.984683
0.984683
0.984683
0.984683
0.984683
0.984683
0.984683
1.000524
1.103310
1.269458
2.100431
2.120613
1.878079
1.598233
1.051213
0.984683
0.984683
0.984683
0.984683
0.984683
0.984683
1.041709
1.431381
1.422581
0.304604
0.496800
1.411317
2.662822
1.388202
1.042999
0.984683
0.984683
0.984683
0.995243
1.086061
1.208912
1.601049
1.188261
1.587438
1.313459
0.854558
0.839656
2.332052
0.890345
0.988790
0.984683
0.984683
0.980459
1.064941
1.372948
0.883657
1.318973
1.020353
1.271687
1.228038
0.822642
1.218416
0.737222
0.971776
0.984683
0.984683
0.963563
0.800935
0.523905
1.050861
1.219825
1.163034
1.182981
1.139097
1.157871
1.433611
0.686650
0.969430
0.984683
0.984683
0.984683
0.984683
0.918154
0.956171
0.951243
0.855614
1.060834
1.294215
1.588611
1.565027
0.648633
0.984683
0.984683
0.984683
0.984683
0.984683
0.917098
0.849160
0.675620
0.909588
0.933173
1.147780
1.481249
-0.370899
0.749777
0.984683
0.984683
0.984683
0.984683
0.984683
0.945962
0.806919
1.067640
1.852617
1.071747
1.138745
-0.400116
0.719269
0.984683
0.984683
0.984683
0.984683
0.984683
0.984683
0.984683
0.935402
0.593955
0.356232
0.091757
0.110296
0.799058
0.984683
0.993483
1.025164
0.984683
0.984683
0.984683
0.984683
0.984683
0.984683
0.928362
0.776295
0.932351
0.971659
0.981633
0.984683
0.981163
1.069165
0.984683
0.984683
0.984683
0.984683
0.984683
0.984683
0.984683
0.984683
0.984683
0.984683
0.984683
0.984683
0.967083
0.919562
2.194358
2.286436
1.564460
1.332812
1.258611
1.142626
1.129379
1.303627
1.350689
1.215103
1.112902
1.327212
1.906171
1.995556
2.123281
2.226559
1.542491
1.462367
1.595261
1.883556
1.336473
1.030948
1.313535
1.105687
1.448582
1.873001
1.674307
1.794385
1.270673
1.407551
0.849915
0.677175
0.541266
0.576267
0.555051
1.125826
1.766062
1.566937
1.425536
0.432065
1.300504
1.027394
1.384828
1.383320
0.833331
0.776361
0.918624
0.203217
-0.065478
-0.119540
-0.279572
0.322003
1.469798
1.400336
0.980655
1.316873
1.397751
1.392689
1.126902
0.710883
0.887070
-0.036939
0.188248
0.202033
0.183940
0.047816
-0.277633
1.968095
1.270242
1.405936
1.349289
1.454075
0.931008
1.363935
0.451450
0.085185
0.202033
0.200740
0.202033
0.200740
0.125355
-0.071831
2.139004
1.036548
1.333243
1.438351
0.703776
1.626168
-0.237894
0.177048
0.202033
0.199233
0.249633
0.196002
0.193632
-0.077539
2.065773
1.309550
1.340566
1.417782
0.802638
1.741508
-0.154971
0.202033
0.202033
0.199663
0.218510
0.197617
0.200094
-0.028000
1.652230
1.280796
1.415197
1.332273
0.893531
1.540121
-0.126001
0.154863
0.202033
0.201386
0.198371
0.201171
0.152924
0.037585
2.384006
1.234057
1.471306
1.355320
1.004348
0.706791
1.624338
-0.063001
0.130309
0.181355
0.199448
0.133540
0.065478
1.590307
1.539368
1.157595
1.420797
1.536783
0.811684
0.997563
1.365120
2.431929
0.453173
-0.030477
0.129555
0.034139
2.401452
1.458921
1.288335
1.130026
1.502429
1.716200
1.085010
0.703129
1.210149
1.141979
1.915971
3.036304
2.864856
1.356504
1.476152
1.331089
1.212303
1.425213
1.572322
1.649538
1.255165
0.951039
0.909039
1.209180
0.712606
0.493989
0.842269
0.850023
0.994440
1.263027
1.203580
1.473029
2.313467
2.610378
1.968095
1.839617
1.944510
1.586860
1.716415
1.674630
1.730415
1.828632
1.708769
1.956894
2.394668
2.498807
1.958174
0.498141
0.624674
0.574787
0.516787
0.495598
0.394492
0.256335
0.292661
0.401879
0.496203
0.602878
0.239262
1.583055
0.616319
-0.168670
-0.029060
-0.026033
-0.024822
-0.019616
-0.017557
-0.020826
-0.019495
-0.019737
-0.022401
-0.015499
-0.132708
0.466174
0.073377
-0.041532
-0.003148
-0.003148
-0.003148
-0.003148
-0.003148
-0.003148
-0.003148
-0.003148
-0.003148
-0.003148
-0.047707
0.225580
0.157773
-0.043832
-0.003148
-0.003148
-0.003148
-0.003148
-0.003148
-0.003148
-0.003148
-0.003148
-0.003148
-0.003148
-0.010898
0.005570
0.177146
-0.043832
-0.003148
-0.003148
-0.003148
-0.003148
-0.003148
-0.003148
-0.003148
-0.003148
-0.003148
-0.003148
-0.003148
-0.003148
0.075799
-0.024580
-0.003148
-0.003148
-0.003148
-0.003148
-0.003148
-0.003148
-0.003148
-0.003148
-0.003148
-0.003148
-0.003148
-0.003148
0.041411
-0.017436
-0.003148
-0.003148
-0.003148
-0.003148
-0.003148
-0.003148
-0.003148
-0.003148
-0.003148
-0.003148
-0.003754
-0.006902
0.062843
-0.022037
-0.003148
-0.003148
-0.003148
-0.003148
-0.003148
-0.003148
-0.003148
-0.003148
-0.003148
-0.003148
-0.006660
0.023127
0.086454
-0.028334
-0.003148
-0.003148
-0.003148
-0.003148
-0.003148
-0.003148
-0.003148
-0.003148
-0.003148
-0.003148
-0.004117
-0.002058
0.110066
-0.034630
-0.003148
-0.003148
-0.003148
-0.003148
-0.003148
-0.003148
-0.003148
-0.003148
-0.003148
-0.003148
-0.006781
-0.025670
0.156199
-0.035841
-0.003148
-0.003148
-0.003148
-0.003148
-0.003148
-0.003148
-0.003148
-0.003148
-0.003148
-0.003148
-0.029060
0.124475
0.018405
-0.015378
-0.003148
-0.003148
-0.003148
-0.003148
-0.009808
-0.055335
-0.082458
-0.033419
-0.006539
-0.003148
-0.044922
0.164796
-0.032087
-0.042379
-0.003148
-0.003148
-0.003148
-0.003148
-0.041774
0.222674
0.405148
0.019131
-0.021553
-0.003148
-0.075920
0.227033
0.762104
-0.139126
-0.003148
-0.003148
-0.003148
-0.003148
-0.013804
-0.008597
0.003269
-0.014046
-0.006539
-0.003148
-0.128107
0.851828
-0.166940
-0.162461
-0.148277
-0.164048
-0.165821
-0.160035
-0.163581
-0.166567
-0.166194
-0.162461
-0.165447
-0.166940
-0.166940
-0.166940
-0.166940
-0.166474
-0.172073
-0.166567
-0.113191
0.065974
-0.094901
-0.161155
-0.131108
-0.017637
-0.143798
-0.166940
-0.165634
-0.159102
-0.166940
-0.166940
-0.166940
-0.166940
-0.161342
-0.226569
-0.166567
-0.164141
-0.160222
-0.190083
-0.157982
-0.166940
-0.103580
0.098261
-0.166940
-0.166940
-0.166940
-0.166940
-0.166940
-0.117670
0.038352
-0.135120
-0.023609
0.430275
-0.074372
-0.166940
-0.127282
-0.097514
-0.166940
-0.166661
-0.165261
-0.166381
-0.166940
-0.161808
-0.223396
-0.162835
-0.152010
-0.331175
-0.153690
-0.159102
-0.072039
0.175246
-0.166940
-0.153130
-0.108712
-0.157516
-0.166940
-0.166940
-0.166940
-0.166940
-0.166940
-0.166940
-0.104233
0.097328
0.090609
0.538241
-0.166940
-0.147531
-0.107126
-0.154063
-0.166940
-0.166940
-0.166940
-0.166940
-0.166940
-0.166940
-0.160408
-0.095181
0.562036
0.153317
-0.166940
-0.160595
-0.168807
-0.162555
-0.166940
-0.166940
-0.166940
-0.166940
-0.166940
-0.166940
-0.163021
-0.111325
-0.124762
0.202774
-0.166940
-0.166474
-0.172073
-0.166194
-0.164701
-0.166194
-0.166940
-0.166940
-0.166940
-0.166940
0.022022
0.802509
0.795417
0.235434
-0.166940
-0.166940
-0.166940
-0.149024
-0.092289
-0.155369
-0.166940
-0.163395
-0.145105
-0.156489
-0.105912
-0.195868
-0.184764
0.309619
-0.166940
-0.166940
-0.166940
-0.165074
-0.187470
-0.165447
-0.166847
0.006065
0.582752
0.059442
-0.145385
-0.213131
-0.071106
0.010358
-0.166940
-0.166940
-0.166940
-0.166940
-0.166847
-0.165727
-0.157702
-0.017263
0.096581
-0.111325
-0.164141
-0.166940
-0.044978
0.224702
-0.165821
-0.158169
-0.150984
-0.153130
-0.150610
-0.104979
0.015024
0.034153
-0.126535
-0.066814
-0.143238
-0.152570
-0.035833
0.128775
-0.113191
0.155556
0.345545
0.239353
0.196428
0.212852
0.338547
0.333508
0.354597
0.367381
0.282278
0.296555
0.509313
0.068213
-0.609373
-0.609373
-0.609373
-0.609373
-0.609373
-0.609373
-0.609373
-0.609373
-0.609373
-0.609373
-0.609373
-0.609373
-0.609373
-0.609373
-0.609373
-0.609373
-0.609373
-0.609373
-0.609373
-0.609373
-0.609373
-0.609373
-0.609373
-0.609373
-0.609373
-0.609373
-0.609373
-0.609373
-0.609373
-0.609373
-0.609373
-0.609373
-0.609373
-0.609373
-0.609373
-0.609373
-0.609373
-0.609373
-0.609373
-0.609373
-0.609373
-0.609373
-0.609373
-0.609373
-0.609373
-0.609373
-0.609373
-0.609373
-0.609373
-0.609373
-0.609373
-0.609373
-0.609373
-0.609373
-0.609373
-0.609373
-0.609373
-0.609373
-0.600021
-0.600513
-0.604943
-0.609373
-0.609373
-0.609373
-0.609373
-0.609373
-0.590669
-0.479426
-0.494193
-0.556213
-0.609373
-0.609373
-0.492306
-0.343326
-0.454569
-0.560643
-0.609373
-0.609373
-0.609373
-0.609373
-0.587223
-0.179498
0.320438
-0.442509
-0.609373
-0.609373
-0.335369
0.455143
0.320356
-0.488040
-0.609373
-0.609373
-0.609373
-0.609373
-0.605435
-0.275399
0.672132
-0.388447
-0.609373
-0.609373
-0.388611
0.700927
0.326098
-0.431598
-0.609373
-0.609373
-0.609373
-0.609373
-0.512733
-0.063743
0.447924
-0.327411
-0.609373
-0.609373
-0.548994
-0.211082
0.489189
-0.461870
-0.606256
-0.606420
-0.607897
-0.609373
-0.494931
0.411499
1.476097
-0.345459
-0.609373
-0.609373
-0.604123
-0.571964
-0.564745
-0.554244
-0.605682
-0.588454
-0.606994
-0.609373
-0.589028
-0.524136
-0.503627
-0.500264
-0.609373
-0.609373
-0.609373
-0.609373
-0.609373
-0.609373
-0.608717
-0.608635
-0.608225
-0.609373
-0.609373
-0.609373
-0.609373
-0.609373
-0.609373
-0.609373
-0.609373
-0.609373
-0.609373
-0.609373
-0.609373
-0.609373
-0.609373
-0.609373
-0.609373
-0.609373
-0.600021
-0.600513
-0.609373
-0.609373
-0.609373
-0.609373
-0.609373
-0.584434
-0.554572
-0.543087
-0.549158
-0.573769
-0.596083
-0.576722
-0.568765
-0.531848
-0.609373
-0.609373
-0.609373
-0.609373
-0.609373
-0.579840
-0.405100
-0.351612
-0.392384
-0.440212
-0.571800
-0.570077
-0.398209
-0.583367
4.240880
4.244812
3.682716
3.544002
3.658584
3.631771
3.610409
3.665198
3.514686
3.459451
3.582613
3.413511
3.215539
3.491716
3.919120
4.220948
3.775043
3.587976
3.844043
3.939230
3.783087
3.669846
3.584758
3.657690
3.727137
3.658584
3.526037
3.586099
3.690313
4.057298
3.578502
3.405467
3.848422
3.883369
3.858969
3.423700
3.430671
3.671365
3.690313
3.690313
3.690313
3.690313
3.708814
4.048271
3.581094
3.420303
4.041031
3.803376
3.628911
3.442022
3.479561
3.690313
3.690313
3.690313
3.690313
3.690313
3.762441
3.855751
3.600578
3.637670
3.960234
3.654741
3.579217
3.616487
3.614521
3.690313
3.690313
3.690313
3.690313
3.690313
3.807130
3.698089
3.745638
3.989639
3.565989
3.377134
3.587529
3.690313
3.690313
3.690313
3.690313
3.690313
3.690313
3.690313
3.849405
3.655009
3.873716
3.990533
3.432012
3.369715
3.612108
3.690313
3.690313
3.690313
3.690313
3.690313
3.690313
3.690313
3.905892
3.626855
3.656439
4.126833
3.695944
3.249056
3.579485
3.690313
3.690313
3.690313
3.690313
3.690313
3.690313
3.690313
3.906965
3.741080
3.504944
4.192973
3.799890
3.264161
3.342723
3.638832
3.690313
3.690313
3.690313
3.690313
3.690313
3.690313
3.852355
4.009302
3.457395
3.649557
4.296741
3.615951
3.219293
3.360688
3.690313
3.690313
3.690313
3.690313
3.690313
3.690313
3.756006
4.214424
3.493682
3.284628
3.983114
4.422226
3.203741
3.159946
3.671008
3.690313
3.721148
3.685844
3.658137
3.690313
3.759134
4.138810
3.517904
3.345226
3.832781
4.128800
3.545432
3.302325
3.675566
3.737862
3.757614
3.606209
3.625872
3.690313
4.009659
4.175902
3.570100
3.438536
3.683610
3.734734
3.607103
3.533098
3.633648
3.715875
3.691475
3.471606
3.357828
3.561609
4.190291
4.235785
3.660819
3.563486
3.611482
3.605941
3.596467
3.614431
3.597897
3.643837
3.748498
3.377402
3.186223
3.509770
3.073518
3.639717
3.343882
3.347363
3.291043
3.204508
2.787017
2.671847
2.663779
2.723895
3.163059
3.328695
3.637502
3.260036
3.080162
3.413807
3.286772
3.266680
2.933036
2.489442
2.736867
3.034600
2.709498
2.724686
2.650490
2.629766
3.384381
2.736392
2.938256
3.151985
3.226181
2.913102
3.075416
4.235816
4.037117
2.917216
3.136165
3.536254
3.921947
3.515846
2.549874
2.917374
2.915001
3.046465
3.180145
2.999638
3.723721
3.302433
2.811221
3.476138
3.668509
3.442916
3.363499
3.393082
2.824352
2.915792
2.946324
3.172551
3.035391
2.833528
3.212259
2.891745
3.729417
3.776244
3.674363
3.871797
3.171127
2.805842
3.990922
3.056748
2.952336
3.105158
3.375206
4.463467
4.328205
3.703472
3.306072
3.183151
3.115599
3.209254
3.466646
3.973994
3.708534
3.020362
3.000113
3.165590
3.120345
2.972269
3.270794
3.289461
3.107372
2.969264
3.015933
3.036815
2.670106
3.317779
3.439277
2.923227
2.958506
3.042194
2.911995
2.380600
1.340115
2.021801
2.602239
2.814385
2.835426
2.521873
2.394996
2.001710
2.087771
2.772779
2.946008
3.006124
2.811696
2.640207
1.884483
2.021959
2.048379
1.712836
1.727232
1.765675
2.217179
2.706967
2.644478
2.856783
2.927973
2.901079
2.883519
2.964201
3.194541
2.492764
2.731488
2.487385
2.380758
2.441823
2.311783
2.555886
3.410959
2.705069
2.812329
2.780847
2.689090
2.715352
2.920696
2.977806
2.245497
2.668999
2.645269
2.637359
2.700165
2.836375
2.779107
2.537218
2.731014
2.550349
2.481215
2.290584
2.495453
2.813753
2.709498
2.660773
2.693837
2.919430
3.042352
2.606985
2.235530
2.321275
2.414613
2.292640
2.405754
2.331083
2.343897
2.371582
2.524879
2.663620
2.671689
2.485012
2.400375
2.298810
2.509217
2.678333
1.734351
2.299285
2.572813
2.623279
2.621697
2.627234
2.641630
2.657134
2.655869
2.640049
2.623121
2.620273
2.634511
1.783868
1.596869
0.420162
0.325317
0.474935
0.492560
0.291489
0.096504
0.348791
0.295204
0.126934
0.129384
0.335829
0.284613
1.547866
1.282142
-0.150645
-0.205655
-0.171827
-0.280741
-0.392341
-0.869963
-0.508131
-0.499990
-0.508131
-0.620126
-0.590250
-0.366575
1.116085
1.122250
-0.010038
-0.042601
-0.117449
-0.304452
-0.684858
-1.379912
-1.243177
-1.112924
-1.021399
-0.549151
-0.406014
-0.577209
0.724455
1.193542
0.215930
0.171827
-0.080223
0.385148
-0.712521
-1.476021
-1.769960
-1.421880
-1.533560
0.020550
0.418898
-0.616649
0.561876
1.237091
0.342152
0.139580
0.375664
0.838585
-0.746902
-1.942024
-1.887489
-1.520598
-1.889149
-0.471299
0.667628
0.171748
0.390444
1.159635
0.349424
0.248651
1.145171
0.977533
-0.631192
-1.902743
-1.169594
-1.154814
-1.077199
-1.223971
0.711809
1.047876
0.396056
1.134817
0.289909
0.384911
1.475863
1.381413
-1.005907
-1.470725
-0.706988
-0.678693
-0.736390
-1.806713
0.614752
1.580192
0.422770
1.114741
0.468138
0.315280
1.668713
1.583195
-1.059732
-1.773991
-0.824517
-0.812345
-1.014759
-1.903059
1.032147
1.639312
0.434784
1.126834
0.426801
0.181391
1.107233
1.271630
-0.653085
-2.086584
-1.493251
-1.242861
-1.765534
-1.085498
0.826018
1.108418
0.549072
1.159556
0.380880
0.365310
0.530498
0.508367
-0.327926
-1.317788
-1.857850
-1.534350
-1.511824
-0.215930
0.419134
0.426564
0.941017
1.145171
0.274654
0.162501
0.168744
-0.201466
-0.310458
-0.408939
-1.439664
-1.519571
-0.427987
-0.328084
0.203916
-0.111917
1.093243
1.108181
0.073030
-0.065759
0.041494
-0.227944
-0.182497
-0.098559
-0.759311
-0.748878
-0.165109
-0.236480
0.000632
-0.001107
1.119563
1.128968
-0.538797
-0.674425
-0.541563
-0.594993
-0.554209
-0.690549
-0.712284
-0.638621
-0.663992
-0.672212
-0.533976
-0.553419
1.283960
1.465904
0.031615
0.077536
0.154597
0.196012
0.210792
0.015017
0.085518
0.134679
0.072398
0.170167
0.199806
0.014306
1.607539
1.388325
1.384685
1.390509
1.428367
1.428367
1.428367
1.428367
1.428367
1.428367
1.428367
1.428367
1.428367
1.428367
1.428367
1.262739
1.240236
1.274057
1.428367
1.428367
1.428367
1.428367
1.428367
1.428367
1.428367
1.428367
1.428367
1.428367
1.428367
1.170974
1.118721
1.193775
1.355563
1.348945
1.359534
1.428367
1.428367
1.428367
1.428367
1.428367
1.428367
1.428367
1.428367
1.215020
1.155255
1.180604
1.109687
1.081426
1.191293
1.428367
1.428367
1.428367
1.428367
1.428367
1.351923
1.344974
1.356093
1.298082
1.224253
0.960573
0.733062
0.738026
1.135598
1.414600
1.428367
1.428367
1.428367
1.424726
0.947369
0.835715
0.922152
1.360924
1.106642
0.210302
-0.245512
0.063703
1.013123
1.402290
1.428367
1.428367
1.428367
1.304767
0.164138
-0.111323
0.260536
1.390046
0.985789
-0.405481
-1.427175
-0.887571
0.529280
1.368668
1.428367
1.428367
1.428367
1.013454
-0.428844
-0.675912
0.135646
1.371249
1.188381
0.068567
-1.314198
-1.197250
0.085014
1.251786
1.428367
1.428367
1.428367
0.730746
-0.736835
-0.872018
0.230985
1.343087
1.303774
0.629384
-0.512469
-0.672139
0.280656
1.272932
1.428367
1.428367
1.428367
0.792397
-0.415045
-0.465941
0.505354
1.291165
1.265254
1.061107
0.789684
0.738556
1.050121
1.304767
1.342326
1.406526
1.404540
1.283819
0.999721
0.972585
1.278226
1.211314
1.169551
1.199665
1.351427
1.351493
1.047308
0.885949
0.957032
1.203206
1.314727
1.337627
1.426778
1.425488
1.427208
1.193841
1.137882
1.217105
1.428367
1.399907
1.020503
0.677567
0.767545
1.053099
1.264228
1.323629
1.428367
1.428367
1.428367
1.237523
1.185535
1.258404
1.428367
1.422013
1.342194
1.231235
1.240236
1.326210
1.357946
1.410993
1.428367
1.428367
1.428367
1.348382
1.314595
1.360726
1.428367
1.428367
1.428367
1.428367
1.422013
1.416850
1.423734
1.428367
1.428367
1.428367
1.428367
0.113784
0.116041
0.130716
0.130716
0.130716
0.130716
0.130716
0.130716
0.130716
0.130716
0.130716
0.130038
0.128609
0.128759
0.400876
0.166386
0.120556
0.119428
0.123943
0.130716
0.130716
0.130716
0.130716
0.130716
0.130716
0.112730
0.101893
0.108666
0.113784
0.099184
0.090831
0.102044
0.116041
0.120556
0.088273
0.041916
0.043722
0.081349
0.118675
0.105581
0.105205
0.121459
0.114009
0.073523
0.133124
0.376193
0.131619
0.058848
0.000677
-0.091132
-0.102044
-0.025737
0.084961
0.197992
0.587355
0.344436
0.346919
0.387105
0.607523
0.182490
0.029349
0.009331
0.301692
0.924040
1.262456
0.440761
0.138918
0.105205
0.158559
0.406144
0.235092
0.243069
0.114611
0.071039
0.138843
0.904624
0.476130
0.621445
1.134750
0.604814
0.156377
0.051097
0.127480
0.342479
0.144186
0.425559
0.123341
0.083983
0.427742
1.018257
1.235138
1.926268
1.948844
1.662429
0.746742
0.396662
0.091207
0.090304
0.211463
0.624229
0.105280
0.258722
1.303544
1.222270
1.730834
1.678684
1.291428
1.555267
1.204962
0.789863
0.281674
0.047109
0.306132
0.621520
0.120406
0.250294
0.645827
0.358584
0.928705
0.606469
0.325021
0.733949
0.202056
0.136284
0.558758
0.450694
0.319753
0.689625
0.680820
0.924040
0.181437
0.114762
0.160817
0.311324
0.154797
0.130716
0.111977
0.207324
1.033233
0.937661
0.346092
0.656965
0.793625
0.692108
0.387707
0.145766
0.107613
0.090530
0.099260
0.120782
0.139069
0.334728
0.645300
0.888144
0.308691
0.340749
0.663060
0.683604
0.212441
0.087445
0.080070
0.061407
0.060730
0.088197
0.111300
0.335481
0.908387
0.939467
0.193929
0.119277
0.205969
0.661103
0.678261
0.162172
0.218160
0.781961
0.587882
0.148927
0.182039
0.707535
0.916213
0.667801
0.564177
0.188510
0.130716
0.154797
0.353466
0.631604
0.265570
0.167439
0.320355
0.360089
0.435342
0.239081
0.143358
0.148776
1.058052
1.975404
2.508736
2.614226
2.690386
2.762836
2.759126
2.701866
2.701166
2.723426
2.759126
2.682756
2.147675
1.200713
0.371281
1.153743
2.150195
2.346825
2.435865
2.451895
2.389385
2.249385
2.274585
2.337165
2.390925
2.223905
1.345193
0.432881
0.247241
0.869892
1.756864
1.958114
1.981774
1.966864
1.950414
1.679024
1.577244
1.747344
1.845414
1.610494
0.767552
0.078681
0.153370
0.796392
1.637234
1.687004
1.651094
1.452993
1.371583
1.124483
1.073732
1.154793
1.326013
1.263993
0.311431
-0.129150
0.077840
0.651141
1.461253
1.458943
1.505073
1.109712
1.239353
1.443613
1.349673
1.216463
1.064422
1.077303
0.162540
-0.308560
0.072940
0.529901
1.171733
1.387193
1.305923
1.027532
1.533353
1.874464
1.950834
1.628204
1.019902
0.861142
0.319761
-0.165620
0.069510
0.421891
0.908952
1.309283
1.191613
1.320553
1.897144
2.303145
2.355295
1.983384
1.207573
0.765172
0.477681
-0.080150
0.078610
0.392561
0.828872
1.134493
1.282753
1.441513
2.020134
2.333035
2.323165
1.986464
1.305223
0.950882
0.652261
-0.061600
0.071610
0.500291
1.013392
1.149193
1.455793
1.458523
1.775694
2.005154
1.999764
1.593974
1.129452
1.016472
0.469001
-0.127400
0.071400
0.619431
1.309913
1.218703
1.511583
1.519353
1.587674
1.862354
1.809504
1.250833
1.007162
0.916792
0.050470
-0.286791
0.097790
0.714632
1.528033
1.562963
1.515153
1.686024
1.375293
1.682944
1.539024
1.061202
1.036002
0.888792
0.253961
-0.211960
0.077840
0.683552
1.568984
1.611614
1.644024
1.554633
1.603354
1.854444
1.753224
1.466853
1.273653
1.123222
0.511911
-0.219240
0.084420
0.859882
1.802574
1.974634
1.997804
1.882444
1.930674
2.056605
2.065565
1.896724
1.824064
1.727954
1.034672
0.076650
0.813962
1.519983
2.216135
2.343745
2.377205
2.408075
2.466526
2.537646
2.541286
2.492496
2.438385
2.325055
1.697434
0.885012
1.257306
1.257306
1.257306
1.257306
1.241936
1.229310
1.247315
1.257306
1.257306
1.257306
1.257306
1.257306
1.257306
1.257306
1.257306
1.257306
1.257306
1.257306
1.234690
1.234909
1.228871
1.229310
1.247315
1.257306
1.257306
1.257306
1.257306
1.257306
1.257306
1.257306
1.257306
1.257306
1.249291
1.237764
1.229859
1.234909
1.244241
1.257306
1.257306
1.257306
1.257306
1.257306
1.257306
1.257306
1.257306
1.257306
1.257306
1.257306
1.249291
1.237764
1.252475
1.257306
1.257306
1.257306
1.257306
1.257306
1.241936
1.229310
1.247315
1.257306
1.257306
1.257306
1.248084
1.228212
1.228915
1.249313
1.257306
1.257306
1.257306
1.257306
1.228542
1.223711
1.240245
1.257306
1.257306
1.257306
1.243736
1.225775
1.231550
1.246854
1.257306
1.257306
1.257306
1.257306
1.237171
1.223206
1.245251
1.257306
1.257306
1.257306
1.252497
1.239169
1.238774
1.253441
1.257306
1.257306
1.257306
1.257306
1.249577
1.245010
1.252760
1.257306
1.257306
1.257306
1.223492
1.168050
1.144973
1.166535
1.231330
1.257306
1.257306
1.257306
1.255703
1.253397
1.256339
1.257306
1.257306
1.257306
1.207551
1.167325
1.129449
1.175559
1.223338
1.257306
1.257306
1.257306
1.257306
1.257306
1.257306
1.257306
1.257306
1.257306
1.239674
1.199888
1.190666
1.197802
1.244746
1.257306
1.257306
1.257306
1.257306
1.257306
1.257306
1.257306
1.257306
1.257306
1.257306
1.257306
1.257306
1.257306
1.257306
1.257306
1.257306
1.257306
1.257306
1.257306
1.248084
1.240508
1.245163
1.246107
1.253309
1.257306
1.248084
1.228212
1.228915
1.249313
1.257306
1.257306
1.257306
1.235788
1.186099
1.171695
1.155974
1.154305
1.152966
1.158740
1.151297
1.131733
1.153954
1.212074
1.251311
1.257306
1.257306
1.225643
1.194003
1.164230
1.158982
1.147564
1.146312
1.152812
1.149826
1.137244
1.161375
1.216487
1.249467
1.257306
-0.620205
-0.620205
-0.620205
-0.620205
-0.620205
-0.620205
-0.620205
-0.620205
-0.620205
-0.620205
-0.620205
-0.620205
-0.620205
-0.620205
-0.620205
-0.620205
-0.620205
-0.620205
-0.620205
-0.620205
-0.561311
-0.428799
-0.583396
-0.620205
-0.620205
-0.620205
-0.620205
-0.620205
-0.620205
-0.620205
-0.620205
-0.620205
-0.620205
-0.620205
-0.544133
0.005544
-0.600573
-0.620205
-0.620205
-0.620205
-0.620205
-0.620205
-0.620205
-0.620205
-0.620205
-0.620205
-0.620205
-0.620205
-0.585850
-0.502417
-0.580942
-0.620205
-0.620205
-0.620205
-0.620205
-0.620205
-0.620205
-0.620205
-0.620205
-0.620205
-0.620205
-0.620205
-0.620205
-0.620205
-0.620205
-0.620205
-0.620205
-0.594030
-0.535136
-0.603845
-0.620205
-0.620205
-0.620205
-0.620205
-0.620205
-0.620205
-0.620205
-0.620205
-0.620205
-0.620205
-0.620205
-0.586395
-0.342094
-0.611480
-0.620205
-0.620205
-0.620205
-0.620205
-0.620205
-0.620205
-0.620205
-0.620205
-0.620205
-0.620205
-0.620205
-0.604936
-0.567854
-0.602755
-0.620205
-0.620205
-0.620205
-0.620205
-0.620205
-0.620205
-0.620205
-0.620205
-0.620205
-0.620205
-0.576580
-0.478423
-0.592939
-0.620205
-0.620205
-0.620205
-0.620205
-0.620205
-0.620205
-0.620205
-0.620205
-0.620205
-0.620205
-0.620205
-0.563855
-0.156687
-0.605663
-0.620205
-0.620205
-0.620205
-0.620205
-0.620205
-0.620205
-0.620205
-0.620205
-0.620205
-0.620205
-0.620205
-0.594757
-0.532954
-0.591121
-0.620205
-0.620205
-0.620205
-0.620205
-0.620205
-0.620205
-0.620205
-0.620205
-0.620205
-0.620205
-0.620205
-0.620205
-0.620205
-0.620205
-0.620205
-0.620205
-0.620205
-0.620205
-0.620205
-0.620205
-0.620205
-0.620205
-0.620205
-0.620205
-0.620205
-0.620205
-0.620205
-0.620205
-0.620205
-0.620205
-0.620205
-0.620205
-0.620205
-0.620205
-0.620205
-0.620205
-0.620205
-0.620205
-0.620205
-0.620205
-0.620205
-0.620205
-0.620205
-0.620205
-0.620205
-0.620205
-0.620205
-0.620205
-0.620205
-0.620205
-0.620205
-0.620205
-0.620205
-0.620205
-0.620205
-0.620205
-0.620205
2.605370
2.581077
2.497802
2.581813
2.715974
2.770632
2.643924
2.659475
2.587518
2.657175
2.892831
2.913350
2.831363
2.693982
2.832743
2.684044
2.570495
2.831179
2.965340
2.962303
2.801642
2.963776
2.753517
2.646225
2.815260
3.108610
3.270284
3.039506
2.250460
2.254785
2.401552
2.548043
2.136083
1.984439
2.305670
2.106453
2.240246
1.801049
1.224102
1.625020
2.558717
2.423728
2.368794
2.536265
2.720575
2.590647
1.764794
1.849634
2.240614
1.819636
2.477006
2.213837
1.980390
1.758721
2.378364
2.569667
2.303922
2.362536
2.198746
2.154118
1.947816
2.090074
1.907420
2.268035
2.170773
2.517401
2.565434
2.676590
1.952509
2.511880
2.304198
2.331619
1.960330
1.693389
2.839645
2.801366
2.668953
2.427685
2.115931
2.579421
2.879304
2.435966
1.584625
2.283770
2.230124
2.201047
1.959778
1.455525
2.340268
2.552184
2.841117
2.730973
2.713490
2.968285
2.833204
1.897390
1.331210
2.170313
2.237025
2.111698
2.048759
1.903372
1.864817
2.671714
2.711741
2.773484
2.758486
2.660948
2.367321
1.790651
1.897667
2.179699
2.227548
2.100196
2.176938
2.222947
2.008915
2.216598
2.089798
2.219542
2.247607
2.087866
1.872454
1.922603
2.168381
2.324257
2.238497
2.112250
2.285610
2.497249
1.648025
1.415958
1.539076
1.621248
1.476229
1.417798
1.441170
1.983611
2.631410
2.397411
2.315792
2.212733
2.232424
2.336312
2.157615
1.282349
1.578920
1.526654
1.458101
1.436385
1.563001
2.559913
2.618436
2.323337
2.307694
2.209696
2.134242
2.211629
2.124857
2.161755
1.560516
1.264129
1.453593
1.835095
2.347262
2.333183
2.279077
2.295364
2.308522
1.894262
1.731852
1.749059
1.997689
1.990604
1.820280
1.934934
1.927572
1.852670
1.863528
1.769027
1.925364
2.344869
1.834451
1.582968
1.627045
1.715473
1.859296
1.994929
2.150437
2.185404
2.169945
2.068358
1.846229
1.577724
1.367005
1.728999
3.219689
3.219689
3.219689
3.219689
3.219689
3.219689
3.219689
3.219689
3.219689
3.219689
3.219689
3.219689
3.219689
3.219689
3.219689
3.219689
3.219689
3.219689
3.219689
3.219689
3.219689
3.219689
3.219689
3.219689
3.219689
3.219689
3.219689
3.219689
3.219689
3.219689
3.219689
3.219689
3.219689
3.219689
3.219689
3.219689
3.219689
3.219689
3.219689
3.219689
3.219689
3.219689
3.219689
3.219689
3.219689
3.219689
3.219689
3.219689
3.219689
3.219689
3.219689
3.219689
3.219689
3.219689
3.219689
3.219689
3.219689
3.219689
3.219689
3.219689
3.219689
3.219689
3.219689
3.219689
3.219689
3.219689
3.219689
3.219689
3.219689
3.219689
3.219689
3.219689
3.219689
3.219689
3.219689
3.219689
3.219689
3.219689
3.219689
3.219689
3.219689
3.219689
3.219689
3.219689
3.219689
3.219689
3.219689
3.219689
3.219689
3.219689
3.219689
3.219689
3.219689
3.219689
3.219689
3.219689
3.219689
3.219689
3.219689
3.219689
3.219689
3.219689
3.219689
3.219689
3.219689
3.219689
3.219689
3.219689
3.219689
3.219689
3.219689
3.219689
3.219689
3.219689
3.219689
3.219689
3.219689
3.219689
3.219689
3.219689
3.219689
3.219689
3.219689
3.219689
3.219689
3.219689
3.219689
3.219689
3.219689
3.219689
3.219689
3.219689
3.219689
3.219689
3.219689
3.219689
3.219689
3.219689
3.219689
3.219689
3.219689
3.219689
3.219689
3.219689
3.219689
3.219689
3.219689
3.219689
3.219689
3.219689
3.219689
3.219689
3.219689
3.219689
3.219689
3.219689
3.219689
3.219689
3.219689
3.219689
3.219689
3.219689
3.219689
3.219689
3.219689
3.219689
3.219689
3.219689
3.219689
3.219689
3.219689
3.219689
3.219689
3.219689
3.219689
3.219689
3.219689
3.219689
3.219689
3.219689
3.219689
3.219689
3.219689
3.219689
3.219689
3.219689
3.219689
3.219689
3.219689
3.219689
3.219689
3.219689
3.219689
3.219689
3.219689
3.219689
3.050530
2.492429
2.690165
3.148379
3.332525
3.146567
2.542939
2.278837
2.286538
2.458227
2.578953
2.836712
1.908053
1.855278
-0.405892
-3.840796
-4.981912
-5.001846
-4.788480
-3.809538
-2.388917
-1.669094
-1.495367
-1.881779
-2.978955
-4.396859
-5.041257
-1.686534
-1.442592
-3.674997
-3.392548
-2.253922
-0.749723
0.327748
-0.321180
-1.132284
-0.556516
1.246894
2.378498
0.235109
-2.346335
-1.000912
-0.883358
-3.687908
-3.573750
-2.458001
-2.390503
-2.245542
-2.149052
-1.539082
-0.241451
1.094684
1.640101
0.336809
-2.468193
-1.512128
-1.008841
-3.985757
-3.533206
-1.959470
-1.273848
-1.847578
-2.207716
-2.032403
-2.502849
-1.583702
0.627184
0.262063
-2.160151
-1.085398
-0.963087
-4.237628
-3.107835
-1.731155
-0.926847
-1.278605
-2.114850
-2.580765
-2.471138
-2.862760
-2.344523
-1.074073
-2.546563
-1.936820
-0.945420
-4.607052
-3.788700
-2.566494
-1.409976
-1.639649
-1.829231
-2.472950
-2.666836
-3.093112
-2.837165
-2.662305
-3.296964
-1.504879
-0.819032
-4.241477
-4.262316
-4.127775
-3.350646
-3.303080
-3.058684
-2.722782
-2.694468
-2.887902
-2.327536
-1.986197
-2.736145
-0.858896
-0.889021
-3.961523
-3.770581
-2.395713
-1.762413
-2.715533
-3.040790
-2.480651
-2.385067
-2.445317
-2.115530
-2.391635
-3.390962
-1.414732
-0.872487
-3.707386
-3.863900
-2.678840
0.532280
2.527310
1.829457
1.124583
1.066145
0.806347
-0.246434
-1.804995
-3.744080
-1.697180
-0.894457
-3.596626
-3.461858
-2.899453
-1.211106
1.472943
3.376013
3.553138
2.850981
1.870907
1.449840
0.502155
-1.439647
-0.118688
-0.615859
-3.287224
-3.195717
-2.584616
-2.028100
-1.789366
-1.744066
-2.607945
-2.821990
-1.706693
-1.045081
-1.612242
-2.973067
-0.975092
0.257986
-1.995484
-2.115077
-2.120965
-2.309415
-2.489484
-2.191860
-1.707826
-1.541347
-2.077024
-3.038752
-3.325504
-3.162649
-0.385280
3.934567
2.741581
2.499224
2.702849
2.723234
2.405679
1.771699
1.420168
1.418129
1.975551
2.681558
3.142263
2.508737
2.503980
0.916232
0.860405
0.860452
1.012664
1.053102
1.066669
1.066669
1.066669
1.066669
1.028030
0.994978
0.928331
0.954919
0.998837
0.867649
0.836871
0.815397
0.948668
0.977529
0.944785
0.983472
0.906762
0.860878
0.774935
0.738166
0.591518
0.684161
0.834764
0.897623
0.792952
0.719036
0.703741
0.618911
0.541136
0.626487
0.510902
0.504888
0.558159
0.611121
0.432274
0.366597
0.588700
0.972510
0.916232
0.752869
0.629849
0.293557
0.155906
0.001231
0.145796
0.097829
0.341832
0.523686
0.354783
0.262684
0.389610
0.987733
0.884885
0.723842
0.607499
0.204204
-0.042688
-0.061960
0.167294
0.312356
0.464947
0.553589
0.544947
0.429125
0.586404
0.980678
0.884009
0.850958
0.543977
0.182020
-0.044440
0.194781
0.534861
0.737030
0.548949
0.429078
0.349124
0.530576
0.778297
0.963418
0.859742
0.822002
0.491440
0.250846
0.111419
0.568008
0.982809
1.066669
0.758717
0.307123
0.367165
0.538768
0.942915
0.966757
0.871958
0.870798
0.268461
-0.166631
-0.079669
0.658260
1.021448
1.066669
0.734970
0.305016
0.232899
0.553258
0.925371
0.974357
0.893717
0.802872
0.309491
0.162961
0.038639
0.452564
0.556241
0.546084
0.465799
0.422046
0.347941
0.465231
0.734260
0.978831
0.953072
0.802493
0.433718
0.074981
0.201103
0.501123
0.550014
0.516252
0.621373
0.545042
0.372895
0.387053
0.519377
0.962661
0.945922
0.846104
0.644055
0.519046
0.413475
0.585102
0.581811
0.575868
0.603024
0.609014
0.241944
0.253261
0.422472
0.920139
0.903803
0.890023
0.811893
0.605960
0.670216
0.811893
0.969527
0.981270
0.870206
0.740297
0.455760
0.339938
0.606481
0.797190
0.717308
0.711294
0.897552
0.809691
0.775953
0.895824
0.993676
0.995546
0.872195
0.749294
0.508605
0.586498
0.750099
0.832562
0.789401
0.745813
0.938156
0.972936
1.000305
1.031723
1.030161
1.017163
1.004236
0.999713
0.844731
0.852284
0.860641
1.180193
1.180193
1.180193
1.180193
1.180193
1.180193
1.180193
1.180193
1.180193
1.180193
1.180193
1.180193
1.180193
1.180193
1.180193
1.180193
1.180193
1.180193
1.180193
1.180193
1.180193
1.180193
1.180193
1.180193
1.180193
1.180193
1.180193
1.180193
1.180193
1.180193
1.180193
1.180193
1.180193
1.180193
1.180193
1.180193
1.180193
1.180193
1.180193
1.180193
1.180193
1.180193
1.180193
1.180193
1.180193
1.180193
1.180193
1.180193
1.180193
1.180193
1.180193
1.180193
1.180193
1.180193
1.180193
1.180193
1.180193
1.180193
1.180193
1.180193
1.180193
1.169692
1.174016
1.170515
1.180193
1.180193
1.180193
1.180193
1.180193
1.180193
1.180193
1.180193
1.180193
1.180193
1.180193
1.172945
1.178381
1.173110
1.180193
1.180193
1.180193
1.180193
1.180193
1.180193
1.180193
1.180193
1.180193
1.180193
1.180193
1.171833
1.171792
1.171463
1.180193
1.180193
1.180193
1.180193
1.180193
1.180193
1.180193
1.180193
1.180193
1.180193
1.180193
1.180193
1.180193
1.180193
1.180193
1.180193
1.180193
1.180193
1.180193
1.180193
1.180193
1.180193
1.180193
1.180193
1.180193
1.180193
1.180193
1.180193
1.180193
1.180193
1.180193
1.180193
1.180193
1.180193
1.180193
1.180193
1.180193
1.180193
1.180193
1.180193
1.180193
1.180193
1.180193
1.180193
1.180193
1.180193
1.180193
1.180193
1.180193
1.180193
1.180193
1.180193
1.180193
1.180193
1.180193
1.180193
1.180193
1.180193
1.180193
1.180193
1.180193
1.180193
1.180193
1.180193
1.180193
1.180193
1.180193
1.180193
1.180193
1.180193
1.180193
1.180193
1.180193
1.180193
1.180193
1.180193
1.180193
1.180193
1.180193
1.180193
1.180193
1.180193
1.180193
1.180193
1.180193
1.180193
1.180193
1.180193
1.180193
1.180193
1.180193
1.180193
1.180193
1.180193
1.180193
1.180193
1.180193
1.180193
1.180193
1.180193
1.180193
1.180193
1.180193
1.180193
0.223173
0.522335
0.552876
0.315319
0.298328
0.351593
0.315632
0.448743
0.353574
0.423309
0.274979
0.266953
0.653987
0.155835
0.537449
0.688802
0.181895
0.103299
0.243395
0.366395
0.473551
0.745612
0.711317
0.762602
0.294784
0.121437
0.541827
0.864755
0.152187
0.372545
0.043259
0.165112
0.083911
0.312192
-0.011779
-0.015323
-0.011362
-0.008235
0.353366
0.252151
0.548603
0.597073
0.302915
0.365666
0.106427
0.411947
0.035962
0.021160
0.045760
0.043259
0.043259
0.040548
0.017199
0.082660
1.246473
0.582480
0.265910
0.392663
0.133216
0.629804
0.144890
0.064106
0.043259
0.043259
0.043259
0.043259
0.043259
0.065149
1.504878
1.047275
0.271747
0.336792
0.696411
0.748426
0.776257
0.030959
0.043259
0.043259
0.043259
0.043259
0.043259
0.036170
0.545892
1.861580
0.272164
0.479597
1.077400
0.783763
0.705897
0.006150
0.043259
0.043259
0.043259
0.043259
0.043259
0.052848
0.132173
1.935276
0.272164
0.410175
0.863296
0.929799
0.013134
0.056809
0.043259
0.043259
0.043259
0.043259
0.043259
0.063481
0.597698
1.837709
0.274770
0.441759
0.450932
0.939598
0.311983
0.055454
0.045760
0.043259
0.043259
0.043259
0.043259
0.078908
0.718093
1.562105
0.303540
0.366291
0.232867
0.703083
0.492106
0.189817
0.093188
0.067859
0.054099
0.081722
0.076615
0.217023
1.277849
1.073647
0.332205
0.418931
0.154167
0.233388
0.697975
0.540785
0.446241
0.370148
0.282067
0.489813
0.207954
0.942829
1.104189
0.748218
0.356910
0.599992
0.114453
0.175849
0.343254
0.896131
0.994218
1.195710
1.189039
1.066455
0.765625
0.584982
0.401732
0.798147
0.411113
0.661596
0.332414
0.345235
0.404442
0.562987
0.807529
0.526087
0.806903
0.445928
0.320322
0.298849
0.562153
0.990987
0.013864
0.443948
0.046177
0.015323
0.035649
-0.006150
0.078699
0.041799
0.000000
0.007192
0.068276
0.020326
0.425498
0.346382
0.386901
0.050473
-0.108411
-0.118541
-0.203315
-0.170436
-0.004088
0.127427
0.007109
0.036611
0.001066
-0.023104
0.280268
0.684231
0.040876
0.178077
0.162083
0.106633
0.117119
0.000888
-0.007109
-0.010308
0.012440
-0.097214
0.023104
0.197449
0.204380
1.228239
0.045852
-0.114454
-0.098103
-0.053139
0.007642
0.134891
0.132936
-0.525170
-0.282401
0.061136
-0.133825
-0.127782
-0.019372
0.869951
0.041409
-0.062203
-0.054916
0.001599
0.339450
-0.647977
-0.155863
-0.788910
-1.073799
-0.583819
0.178611
0.236548
-0.130981
0.746078
0.042298
-0.073044
-0.057227
0.258764
-0.430622
-0.590039
-1.347847
-1.026702
-1.197138
-1.192518
-0.684054
0.051184
0.159950
0.578309
0.043897
-0.192118
-0.095082
0.265695
-0.581508
-1.093704
-1.353889
-1.345359
-1.309458
-1.387124
-1.097436
-0.251122
-0.154263
0.587372
0.085128
-0.099880
-0.135247
-0.100946
-0.652241
-1.511174
-1.251699
-1.382325
-1.293641
-1.317101
-1.211178
-0.300707
0.226951
0.780023
0.122984
-0.143955
-0.058826
0.304971
-0.542587
-1.733682
-1.565912
-1.466388
-1.390856
-1.465500
-1.192162
-0.122628
0.130626
0.654729
0.077131
-0.089572
-0.169369
0.314924
-0.368063
-1.786643
-1.638245
-1.588660
-1.440085
-1.593104
-1.005732
0.495490
0.067712
0.612609
0.082818
-0.020616
-0.030035
0.095615
0.304794
-0.626827
-1.725330
-1.718576
-1.223441
-1.042342
-0.185187
0.201004
0.106277
0.588972
0.090283
-0.103612
0.000178
-0.092949
0.455680
0.330208
-0.584707
-0.255921
0.319011
-0.070023
0.306749
0.387434
0.007109
0.933576
0.152841
-0.116942
0.044964
0.038566
-0.029325
0.205269
0.179677
0.406629
0.545785
0.542053
0.167236
-0.000356
0.127249
0.974807
-0.129560
-0.359355
-0.170791
-0.198694
-0.277425
-0.257876
-0.050651
0.014395
0.053850
-0.189986
-0.225530
-0.226063
-0.100058
0.892344
-0.148576
0.286488
0.143422
0.192295
0.199227
0.196205
0.229972
0.277602
0.188919
0.209179
0.196205
0.241169
0.522681
1.125871
-0.160726
-0.160726
-0.160726
-0.160726
-0.160726
-0.160726
-0.160726
-0.160726
-0.160726
-0.160726
-0.160726
-0.160726
-0.160726
-0.160726
-0.160726
-0.160726
-0.160726
-0.160726
-0.160726
-0.160726
-0.081576
0.013720
-0.000093
-0.083816
-0.142245
-0.160726
-0.160726
-0.160726
-0.160726
-0.160726
-0.160726
-0.160726
-0.157739
-0.030614
0.235209
1.234752
0.898459
0.472004
-0.047135
-0.158672
-0.160726
-0.160726
-0.160726
-0.160726
-0.160726
-0.160726
-0.153259
0.197500
1.728596
0.001680
0.034348
1.110427
0.053575
-0.155126
-0.160726
-0.160726
-0.160726
-0.160726
-0.160726
-0.160726
-0.160352
-0.148032
-0.285050
-0.113684
-0.150085
-0.245476
-0.131791
-0.159606
-0.160726
-0.160726
-0.160726
-0.160726
-0.160726
-0.160726
-0.160726
-0.160726
-0.160726
-0.160726
-0.160726
-0.160726
-0.160726
-0.160726
-0.160726
-0.160726
-0.160726
-0.160726
-0.160726
-0.160726
-0.160726
-0.160726
-0.160726
-0.160726
-0.160726
-0.160726
-0.160726
-0.160726
-0.160726
-0.160726
-0.160726
-0.160726
-0.160726
-0.160726
-0.160726
-0.160726
-0.160726
-0.160726
-0.160726
-0.160726
-0.160726
-0.160726
-0.160726
-0.160726
-0.160726
-0.160726
-0.160726
-0.160726
-0.160726
-0.160726
-0.160726
-0.160726
-0.160726
-0.160726
-0.160726
-0.160726
-0.160726
-0.160726
-0.160726
-0.160726
-0.160726
-0.160726
-0.160726
-0.157739
-0.084376
0.075789
0.114244
-0.022868
-0.137112
-0.160726
-0.160726
-0.160726
-0.160726
-0.160726
-0.160726
-0.160726
-0.160726
-0.153259
0.248276
1.663447
2.269016
0.710012
-0.086056
-0.160726
-0.160726
-0.160726
-0.160726
-0.160726
-0.160726
-0.160726
-0.160726
-0.160352
0.308198
2.930960
2.407901
0.359533
-0.119844
-0.160726
-0.160726
-0.160726
-0.160726
-0.160726
-0.160726
-0.160726
-0.160726
-0.160726
-0.137578
-0.326865
-0.241742
-0.118538
-0.155126
-0.160726
-0.160726
-0.160726
-0.160726
-0.160726
-0.160726
-0.160726
-0.160726
-0.160726
-0.160726
-0.160726
-0.160726
-0.160726
-0.160726
-0.160726
-0.160726
-0.160726
-0.438023
-0.438023
-0.438023
-0.438023
-0.438023
-0.438023
-0.438023
-0.438023
-0.438023
-0.438023
-0.438023
-0.438023
-0.438023
-0.438023
-0.438023
-0.438023
-0.438023
-0.438023
-0.438023
-0.438023
-0.362810
-0.355647
-0.357438
-0.438023
-0.438023
-0.438023
-0.438023
-0.438023
-0.438023
-0.438023
-0.438023
-0.438023
-0.438023
-0.430502
-0.350991
0.019519
-0.430860
-0.438023
-0.438023
-0.438023
-0.438023
-0.438023
-0.438023
-0.438023
-0.438023
-0.438023
-0.438023
-0.430143
-0.353677
-0.444470
-0.395044
-0.438023
-0.438023
-0.438023
-0.438023
-0.438023
-0.438023
-0.438023
-0.438023
-0.438023
-0.438023
-0.434083
-0.438739
-0.433725
-0.438023
-0.438023
-0.438023
-0.280077
-0.265034
-0.268795
-0.438023
-0.438023
-0.430502
-0.429785
-0.429964
-0.438023
-0.438023
-0.438023
-0.438023
-0.438023
-0.438023
-0.272555
0.505893
-0.422980
-0.438023
-0.438023
-0.430143
-0.393074
-0.437307
-0.438023
-0.438023
-0.438023
-0.438023
-0.438023
-0.438023
-0.355289
-0.453065
-0.347768
-0.438023
-0.438023
-0.434083
-0.438739
-0.433725
-0.438023
-0.438023
-0.438023
-0.438023
-0.438023
-0.355289
-0.347410
-0.349380
-0.438023
-0.438023
-0.438023
-0.438023
-0.438023
-0.438023
-0.438023
-0.438023
-0.438023
-0.438023
-0.438023
-0.351349
0.056409
-0.430143
-0.438023
-0.438023
-0.438023
-0.438023
-0.438023
-0.438023
-0.438023
-0.438023
-0.265034
-0.248559
-0.252678
-0.394686
-0.445902
-0.390746
-0.438023
-0.438023
-0.438023
-0.438023
-0.438023
-0.438023
-0.422980
-0.173347
0.189106
1.034708
-0.252320
-0.438023
-0.438023
-0.438023
-0.438023
-0.438023
-0.438023
-0.438023
-0.438023
-0.438023
-0.422264
-0.088106
1.302787
0.513056
-0.324130
-0.438023
-0.438023
-0.438023
-0.438023
-0.438023
-0.438023
-0.438023
-0.438023
-0.438023
-0.430143
-0.309445
-0.370332
-0.311236
-0.347768
-0.438023
-0.438023
-0.438023
-0.438023
-0.438023
-0.438023
-0.438023
-0.438023
-0.438023
-0.438023
-0.438023
-0.438023
-0.438023
-0.438023
-0.438023
-0.438023
-0.438023
-0.438023
-1.239188
-0.037745
0.560271
0.719683
0.821848
0.586190
0.296932
0.379972
0.592732
0.598017
0.523280
0.627584
0.637524
-0.423506
-0.905140
-0.143181
-0.016482
-0.075868
-0.169729
-0.305739
-0.697916
-1.219057
-1.371927
-1.553358
-1.016237
-0.237797
0.398594
0.103172
-0.738933
-0.402242
-0.211375
-0.641046
-0.943514
-0.800710
-0.961884
-0.732642
-1.606956
-1.346008
-0.174510
0.062029
0.261200
-0.569455
-0.816312
-0.444014
-0.333042
-1.187099
-1.838463
-1.907663
-1.382244
0.074233
-0.581785
0.306746
0.674514
-0.346001
-0.417340
-0.829271
-0.831536
-0.393057
-0.699174
-1.413573
-1.870924
-1.933959
-1.641431
-0.664448
-0.114621
0.157148
-0.257173
-0.324738
0.037746
-0.042275
-0.830781
-0.570084
-1.545053
-1.915590
-1.946541
-1.843999
-1.043163
-0.358331
-0.238678
-0.488176
-0.097635
1.735543
3.764118
1.138156
-0.773659
-0.488050
-1.005166
-1.656151
-1.891181
-1.808518
-1.075876
-0.775924
-0.397461
-0.046804
-0.475469
0.085934
0.888155
0.284602
-0.777559
-0.203575
0.005788
-0.221315
-1.585190
-1.539895
-1.128594
-0.782340
-0.267994
-0.001887
-0.354934
-0.787625
-0.302468
-0.678163
-0.744343
-0.234777
-0.352418
-1.251015
-1.771276
-1.231891
-0.609717
-0.615757
-0.135255
-0.304355
-0.071842
0.702446
1.094371
0.301965
-0.790267
-0.321467
-0.315302
-1.415964
-1.794804
-1.583177
-0.248492
-0.073100
-0.084298
0.027555
0.049824
0.034978
0.800962
-0.071087
-0.795048
-0.401236
-0.336187
-0.554609
-0.127329
-0.146327
-0.681811
-1.153506
0.093106
0.948925
-0.695651
-0.980128
-0.207349
-0.685838
-0.761329
-0.538378
-0.289509
-0.053221
-0.062657
-0.181934
-1.378218
-1.488435
0.469682
0.577634
-0.213388
-0.155512
0.174007
-0.597764
-1.257306
-1.221196
-0.466661
-0.215276
-0.367894
-0.592606
-0.577759
-0.608711
-0.546934
-0.568952
-0.186211
0.197787
0.447789
0.039004
-1.836953
-1.168101
-0.749628
-0.538252
-0.432187
-0.556873
-0.699552
-0.457099
-0.232135
-0.136387
-0.141923
-0.056241
0.127329
-0.312030
0.337046
0.348853
0.411823
0.346334
0.414027
0.417333
0.225117
-0.144831
-0.009760
0.425047
0.503917
0.530679
0.340667
0.382070
0.740054
0.308867
0.547838
0.581055
0.488332
0.310127
0.222126
0.291708
0.332166
-0.025660
0.264001
0.636626
0.457949
0.715495
0.377347
-0.022039
0.125153
0.128931
-0.115235
-0.271873
0.753277
1.934750
2.129485
1.335277
0.021410
-0.360660
-0.016687
0.374986
0.291866
-0.143571
-0.052423
-0.079185
0.586564
1.389431
1.100399
0.976348
1.060413
1.064506
0.844741
0.152072
-0.496518
0.034161
0.282263
-0.230155
-0.224015
-0.300052
-0.163564
0.010705
0.431029
0.489906
0.419537
0.495888
0.525641
0.283522
-0.400488
-0.069109
0.218663
-0.282105
-0.133339
-0.492582
-0.636153
-0.248574
0.069897
0.302570
0.441419
0.334213
-0.129088
-1.012714
-1.199892
-0.243851
0.188752
-0.451809
-0.358928
0.235665
0.493999
0.065016
0.016372
0.172852
0.197568
0.204967
0.141997
-0.230627
-0.616318
0.059507
0.207801
-0.410092
-0.406785
-0.449762
-0.363179
-0.524697
-0.329018
-0.152387
-0.094770
-0.278484
-0.699123
-0.173797
0.194420
0.246212
0.255343
-0.255500
-0.316109
-1.406591
-2.725653
-2.376956
-1.057894
-0.509112
-0.538236
-0.709671
-1.062617
-1.608723
-1.345982
0.052108
0.314377
-0.082176
-0.096816
-0.374986
-0.351215
-0.113031
-0.421741
-0.780354
-1.286633
-0.834509
-0.364596
0.329332
0.200716
0.349326
0.281790
-0.182298
0.096816
0.106419
0.090204
-0.215672
-0.130978
-0.218506
0.094297
-0.409934
-0.504547
-0.215987
-0.025030
0.408832
0.288717
-0.144831
-0.042190
0.150970
0.366485
-0.027392
-1.563858
-1.510176
-0.883153
-0.864892
-0.574285
0.152230
0.299737
0.467866
0.198670
-0.808691
-0.697077
-0.606400
-0.445827
-0.476053
-0.251722
-0.175056
-0.213153
-0.271873
-0.497462
-0.656461
-0.973830
-0.075249
-1.122911
-0.591130
0.111614
0.247314
0.276123
0.377662
0.483766
0.589398
0.568618
0.503444
0.363809
0.151600
-0.384589
-0.687002
1.694135
1.694135
1.694135
1.694135
1.694135
1.694135
1.694135
1.694135
1.694135
1.694135
1.694135
1.694135
1.694135
1.694135
1.694135
1.694135
1.694135
1.694135
1.694135
1.694135
1.694135
1.694135
1.694135
1.694135
1.694135
1.694135
1.694135
1.694135
1.694135
1.694135
1.694135
1.691441
1.679057
1.674473
1.546933
1.380430
1.418467
1.608290
1.694135
1.694135
1.694135
1.694135
1.694135
1.694135
1.694135
1.690959
1.606521
1.464063
1.252608
0.789208
0.962666
1.372027
1.528960
1.637723
1.694135
1.694135
1.694135
1.694135
1.694135
1.691562
1.528397
1.125429
0.882089
0.881848
1.022054
1.110030
1.250155
1.558030
1.694135
1.694135
1.694135
1.694135
1.694135
1.500170
1.182485
0.873886
1.002231
1.368287
1.457590
1.260851
0.904445
1.266239
1.578858
1.694135
1.694135
1.694135
1.694135
1.325345
0.570153
0.960013
1.413079
1.608572
1.694135
1.429364
0.828612
0.820892
1.488309
1.694135
1.694135
1.694135
1.694135
1.208982
0.498301
0.898132
1.441386
1.648097
1.694135
1.427273
0.923704
0.874892
1.490963
1.694135
1.694135
1.694135
1.694135
1.401499
0.686998
0.658209
1.062584
1.380028
1.345650
1.118393
0.859492
1.337367
1.599244
1.694135
1.694135
1.694135
1.694135
1.565469
1.227076
0.682053
0.900665
1.100420
1.025994
0.785750
1.098610
1.539816
1.694135
1.694135
1.694135
1.694135
1.694135
1.694135
1.539735
1.377294
1.259283
1.122776
1.258438
1.196035
1.420920
1.627711
1.694135
1.694135
1.694135
1.694135
1.694135
1.694135
1.694135
1.694135
1.614362
1.576968
1.587141
1.645001
1.663295
1.694135
1.694135
1.694135
1.694135
1.694135
1.694135
1.694135
1.694135
1.694135
1.694135
1.694135
1.694135
1.694135
1.694135
1.694135
1.694135
1.694135
1.694135
1.694135
1.694135
1.694135
1.694135
1.694135
1.694135
1.694135
1.694135
1.694135
1.694135
1.694135
1.694135
1.694135
-0.929689
-0.811338
-0.966105
-0.980453
-0.976495
-0.971448
-0.946610
-0.959277
-0.938199
-0.961553
-0.987083
-0.999948
-1.008260
-1.008260
-0.869227
-0.539507
-0.704367
-0.822916
-0.625499
-0.564542
-0.549600
-0.253821
-0.375834
-0.308049
-0.618671
-0.966698
-1.008260
-1.008260
-0.878331
-0.645983
-0.758397
-0.401365
0.068576
-0.281034
-0.648061
-0.704862
0.215723
-0.136856
-0.882487
-0.989260
-0.997375
-1.005786
-0.896242
-0.646676
-0.626786
0.173271
1.039925
0.647566
-0.594823
-0.895846
-0.911382
-0.952449
-0.962344
-1.008260
-0.978573
-0.886050
-0.905841
-0.617187
-0.293107
0.008807
0.314283
0.373756
-0.566719
-0.965115
-0.976594
-0.957001
-0.988766
-0.996484
-1.002817
-1.012218
-0.862102
-0.296867
0.689523
0.887732
0.295185
-0.538022
-0.894659
-0.995594
-0.913262
-0.470535
-0.526939
-0.934835
-1.008260
-1.008260
-0.851910
-0.318044
0.623223
2.530199
0.463508
-0.638660
-0.961553
-1.008260
-0.990844
-0.871206
-0.448962
-0.899112
-0.997870
-1.008260
-0.896737
-0.632723
-0.602443
-0.927710
-0.790953
-0.947699
-0.995594
-1.008260
-0.995198
-0.964620
-0.858342
-0.597989
-0.956308
-1.008260
-0.924345
-0.692195
-0.302310
0.118549
-0.533569
-0.929293
-1.008260
-1.008260
-0.972636
-0.858342
-0.973526
-1.015385
-0.984511
-1.008260
-0.931371
-0.755824
-0.459056
0.505763
0.539407
-0.767797
-0.923950
-0.982136
-0.976792
-1.013010
-0.998760
-1.008260
-1.003906
-1.007270
-0.911283
-0.749887
-0.666269
-0.265597
-0.558506
-0.633515
-0.252040
0.009104
-0.819156
-1.008260
-1.008260
-1.008260
-0.983323
-0.956407
-0.819749
-0.577605
-0.814999
-0.884268
-0.425411
-0.042353
1.451087
1.547074
-0.603531
-1.000047
-1.005489
-1.008260
-0.970459
-0.863191
-0.613822
0.009401
-0.747215
-0.905940
-0.729996
-0.259759
-0.241353
-0.385927
-0.548907
-0.878628
-0.994406
-0.997375
-0.999255
-1.009546
-0.273217
0.205036
-0.239968
-0.666071
-0.617781
-0.524960
-0.417494
-0.713768
-0.930382
-0.993713
-1.001927
-0.978573
-0.886050
-0.990943
1.184778
1.184778
1.184778
1.184778
1.184778
1.184778
1.184778
1.184778
1.184778
1.184778
1.184778
1.184778
1.184778
1.184778
1.184778
1.184778
1.184778
1.184778
1.184778
1.184778
0.690137
0.781455
0.801748
1.184778
1.184778
1.184778
1.184778
1.184778
1.184778
1.184778
1.184778
1.184778
1.184778
1.125080
0.489262
0.778350
0.616575
1.184778
1.184778
1.184778
1.184778
1.184778
1.184778
1.184778
1.184778
1.184778
1.184778
1.106712
0.862277
0.723025
1.030044
1.184778
1.184778
1.184778
1.184778
1.184778
1.184778
1.184778
1.184778
1.184778
1.184778
1.151103
1.137326
1.166104
1.184778
1.184778
1.184778
1.116552
1.129148
1.131947
1.184778
1.184778
1.184778
1.184778
1.184778
1.184778
1.184778
1.184778
1.184778
1.184778
1.184778
1.095559
1.135096
1.106405
1.184778
1.184778
1.184778
1.184778
1.184778
1.184778
1.184778
1.184778
1.184778
1.184778
1.184778
1.146292
1.130547
1.163436
1.184778
1.184778
1.184778
1.184778
1.184778
1.184778
1.184778
1.184778
1.184778
1.184778
1.184778
1.184778
1.184778
1.184778
1.184778
1.184778
1.184778
1.184778
1.184778
1.184778
1.184778
1.184778
1.184778
1.184778
1.184778
1.184778
1.184778
1.184778
1.184778
1.184778
1.184778
1.184778
1.184778
1.184778
0.818061
0.493461
0.580931
0.880996
1.184778
1.184778
1.184778
1.184778
1.184778
1.184778
1.184778
1.184778
1.184778
1.184778
0.389678
0.096260
0.191778
0.694510
1.184778
1.184778
1.184778
1.184778
1.184778
1.184778
1.184778
1.184778
1.184778
1.184778
0.565274
0.375289
0.358495
1.003279
1.184778
1.184778
1.184778
1.184778
1.184778
1.184778
1.184778
1.184778
1.184778
1.184778
1.006777
0.905094
1.045395
1.168772
1.184778
1.184778
1.184778
1.184778
1.184778
1.184778
1.184778
1.184778
1.184778
1.184778
1.184778
1.184778
1.184778
1.184778
1.184778
1.184778
1.184778
1.184778
-0.456828
-0.456828
-0.456828
-0.456828
-0.456828
-0.456828
-0.453516
-0.429192
-0.403648
-0.449156
-0.456828
-0.456828
-0.456828
-0.456828
-0.456828
-0.456828
-0.456828
-0.456828
-0.456828
-0.456828
-0.447762
-0.362847
-0.206532
-0.414633
-0.456828
-0.456828
-0.456828
-0.456828
-0.456828
-0.456828
-0.456828
-0.456828
-0.456828
-0.456828
-0.455608
-0.446803
-0.438956
-0.458746
-0.456828
-0.456828
-0.456828
-0.456828
-0.456828
-0.456828
-0.456828
-0.456828
-0.456828
-0.456828
-0.456828
-0.456828
-0.456828
-0.456828
-0.456828
-0.456828
-0.456828
-0.456828
-0.456828
-0.456828
-0.441920
-0.414458
-0.450551
-0.456828
-0.456828
-0.456828
-0.456828
-0.456828
-0.456828
-0.385602
-0.254394
-0.426838
-0.456828
-0.456828
-0.353083
-0.008195
-0.193367
-0.426838
-0.456828
-0.456828
-0.456828
-0.456828
-0.456828
-0.261892
0.491614
-0.291882
-0.456828
-0.456828
-0.279066
0.591174
0.635811
-0.291882
-0.456828
-0.456828
-0.456828
-0.456828
-0.456828
-0.430587
-0.385602
-0.464326
-0.456828
-0.456828
-0.428669
-0.353519
-0.390135
-0.464326
-0.456828
-0.456828
-0.456828
-0.456828
-0.455172
-0.351078
-0.168957
-0.414284
-0.456828
-0.456828
-0.443228
-0.390658
-0.445321
-0.456828
-0.456828
-0.456828
-0.456828
-0.456828
-0.452295
-0.158233
0.892472
-0.222835
-0.456828
-0.456828
-0.454998
-0.451859
-0.457352
-0.456828
-0.456828
-0.456828
-0.456828
-0.456828
-0.456218
-0.417946
-0.355960
-0.467465
-0.456828
-0.456828
-0.456828
-0.456828
-0.456828
-0.456828
-0.456828
-0.456828
-0.456828
-0.456828
-0.456828
-0.456828
-0.456828
-0.456828
-0.456828
-0.456828
-0.456828
-0.456828
-0.456828
-0.456828
-0.456828
-0.456828
-0.456828
-0.456828
-0.456828
-0.456828
-0.456828
-0.456828
-0.456828
-0.456828
-0.456828
-0.456828
-0.456828
-0.456828
-0.456828
-0.456828
-0.456828
-0.456828
-0.456828
-0.456828
-0.456828
-0.456828
-0.456828
-0.456828
-0.456828
-0.456828
-0.456828
-0.456828
-0.456828
-0.456828
-0.456828
-0.456828
-0.456828
-0.456828
-0.456828
-0.456828
1.743081
1.727782
1.682797
1.701044
1.666481
1.561317
1.614197
1.644199
1.592301
1.595529
1.560089
1.581213
1.725291
1.743959
1.738029
1.663498
1.559141
1.556720
1.393307
1.173716
1.148592
1.445100
1.528754
1.245895
1.261405
1.268844
1.545000
1.739046
1.727747
1.638865
1.567142
1.496295
1.330111
0.878717
0.531749
1.176874
1.081184
0.541048
1.201261
1.534684
1.582476
1.701851
1.704272
1.583283
1.465838
1.339760
1.019567
0.245137
0.026738
0.990091
1.135714
0.662459
1.147504
1.469697
1.682411
1.725010
1.689745
1.526157
1.379236
1.250562
1.023076
0.911701
1.078482
1.476645
1.587494
1.478926
1.295933
1.153399
1.466048
1.743959
1.678797
1.520788
1.512016
1.509594
1.470083
1.534719
1.628794
1.710273
1.743959
1.743959
1.630479
1.551737
1.618899
1.743959
1.668551
1.544684
1.642690
1.675393
1.575598
1.692166
1.720659
1.728800
1.743959
1.743959
1.743959
1.702728
1.560896
1.720870
1.653427
1.516823
1.606161
1.551948
1.237965
1.490435
1.706869
1.740520
1.736941
1.712799
1.740029
1.545947
1.315619
1.545070
1.646725
1.453907
1.469733
1.433274
1.126029
1.139644
1.545351
1.710062
1.710553
1.672376
1.702377
1.594301
1.471803
1.632233
1.662796
1.468961
1.422502
1.533140
1.408431
1.141433
1.448714
1.692798
1.730204
1.720659
1.643848
1.314531
1.351901
1.610197
1.669042
1.473101
1.373727
1.464610
1.434959
1.376569
1.527350
1.639040
1.589073
1.702483
1.374534
0.958054
1.139819
1.606898
1.571072
1.285090
1.126450
1.163329
1.209577
1.420502
1.580827
1.396676
1.253475
1.312180
1.085535
0.853452
1.045463
1.570616
1.520262
1.179576
0.925842
0.918368
0.909771
1.045919
1.262949
1.227438
1.105010
0.955809
0.817485
0.745165
0.954124
1.465873
1.637637
1.368990
1.080693
0.988196
0.963493
0.944299
0.961598
0.984337
1.000022
1.006408
0.989811
0.944369
1.027953
1.376885
-0.405822
-0.405822
-0.405822
-0.405822
-0.405822
-0.405822
-0.413191
-0.388013
-0.363362
-0.412489
-0.405822
-0.405822
-0.405822
-0.405822
-0.405822
-0.405822
-0.405822
-0.405822
-0.405822
-0.405822
-0.396347
0.198788
0.187208
-0.349677
-0.405822
-0.405822
-0.405822
-0.405822
-0.405822
-0.405822
-0.405822
-0.405822
-0.405822
-0.405822
0.263969
2.448266
1.617410
-0.118606
-0.405822
-0.405822
-0.405822
-0.405822
-0.405822
-0.405822
-0.405822
-0.405822
-0.405822
-0.405822
-0.339501
0.373188
0.097025
-0.364415
-0.405822
-0.405822
-0.405822
-0.405822
-0.405822
-0.405822
-0.405822
-0.405822
-0.405822
-0.405822
-0.409770
-0.348449
-0.375556
-0.404594
-0.405822
-0.405822
-0.405822
-0.405822
-0.405822
-0.405822
-0.405822
-0.405822
-0.405822
-0.405822
-0.405822
-0.405822
-0.405822
-0.405822
-0.405822
-0.405822
-0.410120
-0.388628
-0.405822
-0.405822
-0.405822
-0.405822
-0.405822
-0.405822
-0.405822
-0.405822
-0.405822
-0.405822
-0.405822
-0.405822
-0.361608
-0.253529
-0.405822
-0.405822
-0.405822
-0.405822
-0.405822
-0.405822
-0.405822
-0.405822
-0.405822
-0.405822
-0.405822
-0.405822
-0.407664
-0.378188
-0.405822
-0.405822
-0.405822
-0.405822
-0.405822
-0.405822
-0.405822
-0.405822
-0.405822
-0.405822
-0.405822
-0.405822
-0.405822
-0.405822
-0.405822
-0.405822
-0.405822
-0.405822
-0.405822
-0.405822
-0.405822
-0.405822
-0.405822
-0.405822
-0.405822
-0.405822
-0.405822
-0.405822
-0.405822
-0.405822
-0.405822
-0.405822
-0.405822
-0.405822
-0.405822
-0.405822
-0.405822
-0.405822
-0.405822
-0.405822
-0.405822
-0.405822
-0.405822
-0.405822
-0.405822
-0.405822
-0.405822
-0.405822
-0.405822
-0.405822
-0.405822
-0.405822
-0.405822
-0.405822
-0.405822
-0.405822
-0.405822
-0.405822
-0.405822
-0.405822
-0.405822
-0.405822
-0.405822
-0.405822
-0.405822
-0.405822
-0.405822
-0.405822
-0.405822
-0.405822
-0.405822
-0.405822
-0.405822
-0.405822
-0.405822
-0.405822
-0.405822
-0.405822
-0.405822
-0.405822
-0.405822
-0.405822
-0.405822
-0.405822
-0.330412
-0.330412
-0.330412
-0.330412
-0.330412
-0.330412
-0.330412
-0.330412
-0.330412
-0.330412
-0.330412
-0.330412
-0.330412
-0.330412
-0.330412
-0.330412
-0.330412
-0.330412
-0.330412
-0.330412
-0.330412
-0.330412
-0.330412
-0.330412
-0.330412
-0.330412
-0.330412
-0.330412
-0.330412
-0.330412
-0.330412
-0.330412
-0.330412
-0.330412
-0.330412
-0.330412
-0.330412
-0.330412
-0.330412
-0.330412
-0.330412
-0.330412
-0.330412
-0.330412
-0.330412
-0.330412
-0.330412
-0.330412
-0.330412
-0.330412
-0.330412
-0.330412
-0.330412
-0.330412
-0.330412
-0.330412
-0.330412
-0.330412
-0.330412
-0.330412
-0.330412
-0.330412
-0.330412
-0.330412
-0.330412
-0.330412
-0.330412
-0.330412
-0.330412
-0.330412
-0.330412
-0.330412
-0.330412
-0.270822
-0.154952
-0.270822
-0.330412
-0.330412
-0.330412
-0.330412
-0.330412
-0.330412
-0.330412
-0.330412
-0.330412
-0.330412
-0.330412
-0.232751
0.589647
-0.312204
-0.330412
-0.330412
-0.330412
-0.330412
-0.330412
-0.330412
-0.330412
-0.330412
-0.330412
-0.330412
-0.330412
-0.187782
0.324802
-0.227509
-0.330412
-0.330412
-0.330412
-0.330412
-0.330412
-0.330412
-0.330412
-0.330412
-0.330412
-0.330412
-0.330412
-0.235785
0.608131
-0.324618
-0.330412
-0.330412
-0.330412
-0.330412
-0.330412
-0.330412
-0.330412
-0.330412
-0.330412
-0.330412
-0.330412
-0.287926
-0.361310
-0.268615
-0.296295
-0.318825
-0.330412
-0.330412
-0.330412
-0.330412
-0.330412
-0.330412
-0.330412
-0.330412
-0.330412
-0.330412
-0.330412
-0.318181
-0.171413
-0.333631
-0.330412
-0.330412
-0.330412
-0.330412
-0.330412
-0.330412
-0.330412
-0.330412
-0.330412
-0.330412
-0.330412
-0.323331
-0.335562
-0.322044
-0.330412
-0.330412
-0.330412
-0.330412
-0.330412
-0.330412
-0.330412
-0.330412
-0.330412
-0.330412
-0.330412
-0.330412
-0.330412
-0.330412
-0.330412
-0.330412
-0.330412
-0.330412
-0.330412
-0.330412
-0.330412
-0.330412
-0.330412
-0.330412
-0.330412
-0.330412
-0.330412
-0.330412
-0.330412
-0.330412
-0.330412
-0.330412
-0.330412
-0.330412
-0.390735
-0.592588
-0.623642
-0.623642
-0.623642
-0.623642
-0.623642
-0.623642
-0.623642
-0.623642
-0.623642
-0.623642
-0.623642
-0.623642
-0.619989
-0.606288
-0.623642
-0.623642
-0.623642
-0.623642
-0.623642
-0.623642
-0.623642
-0.623642
-0.623642
-0.623642
-0.623642
-0.623642
-0.623642
-0.623642
-0.623642
-0.623642
-0.623642
-0.623642
-0.623642
-0.623642
-0.623642
-0.623642
-0.623642
-0.623642
-0.623642
-0.623642
-0.623642
-0.623642
-0.623642
-0.623642
-0.623642
-0.623642
-0.623642
-0.623642
-0.623642
-0.623642
-0.623642
-0.623642
-0.623642
-0.623642
-0.623642
-0.623642
-0.623642
-0.623642
-0.623642
-0.623642
-0.623642
-0.623642
-0.623642
-0.623642
-0.623642
-0.623642
-0.623642
-0.623642
-0.623642
-0.623642
-0.623642
-0.623642
-0.623642
-0.623642
-0.623642
-0.623642
-0.623642
-0.623642
-0.623642
-0.623642
-0.623642
-0.623642
-0.623642
-0.623642
-0.623642
-0.623642
-0.623642
-0.623642
-0.623642
-0.623642
-0.623642
-0.623642
-0.623642
-0.623642
-0.623642
-0.623642
-0.623642
-0.623642
-0.623642
-0.623642
-0.623642
-0.623642
-0.623642
-0.623642
-0.623642
-0.623642
-0.623642
-0.623642
-0.623642
-0.623642
-0.623642
-0.623642
-0.623642
-0.623642
-0.623642
-0.623642
-0.623642
-0.623642
-0.623642
-0.623642
-0.623642
-0.623642
-0.623642
-0.623642
-0.623642
-0.623642
-0.623642
-0.623642
-0.623642
-0.623642
-0.623642
-0.623642
-0.623642
-0.623642
-0.623642
-0.623642
-0.623642
-0.623642
-0.623642
-0.623642
-0.623642
-0.623642
-0.623642
-0.623642
-0.623642
-0.623642
-0.623642
-0.623642
-0.623642
-0.623642
-0.623642
-0.623642
-0.623642
-0.623642
-0.623642
-0.623642
-0.623642
-0.623642
-0.623642
-0.623642
-0.623642
-0.623642
-0.623642
-0.623642
-0.623642
-0.623642
-0.623642
-0.623642
-0.623642
-0.623642
-0.623642
-0.623642
-0.623642
-0.623642
-0.623642
-0.623642
-0.623642
-0.623642
-0.623642
-0.623642
-0.623642
-0.623642
-0.623642
-0.623642
-0.623642
-0.623642
-0.623642
-0.623642
-0.623642
-0.623642
-0.623642
-0.623642
-0.623642
-0.623642
-0.583678
-0.583678
-0.583678
-0.583678
-0.583678
-0.583678
-0.583678
-0.583678
-0.583678
-0.583678
-0.583678
-0.583678
-0.583678
-0.583678
-0.583678
-0.583678
-0.583678
-0.583678
-0.583678
-0.583678
-0.582425
-0.525355
-0.396990
-0.603804
-0.583678
-0.583678
-0.583678
-0.583678
-0.583678
-0.583678
-0.583678
-0.583678
-0.583678
-0.583678
-0.539220
-0.269968
0.042490
-0.453524
-0.583678
-0.583678
-0.583678
-0.583678
-0.583678
-0.583678
-0.583678
-0.583678
-0.583678
-0.583678
-0.566145
-0.466137
-0.388403
-0.547897
-0.583678
-0.583678
-0.583678
-0.583678
-0.583678
-0.583678
-0.583678
-0.583678
-0.583678
-0.583678
-0.583678
-0.571154
-0.567129
-0.581889
-0.583678
-0.583678
-0.583678
-0.583678
-0.583678
-0.583678
-0.583678
-0.583678
-0.583678
-0.583678
-0.583678
-0.583678
-0.583678
-0.583678
-0.583678
-0.582604
-0.537520
-0.588508
-0.583678
-0.583678
-0.583678
-0.583678
-0.583678
-0.583678
-0.583678
-0.583678
-0.583678
-0.583678
-0.583678
-0.543066
-0.343945
-0.562746
-0.583678
-0.583678
-0.583678
-0.577953
-0.337504
-0.609440
-0.583678
-0.583678
-0.583678
-0.583678
-0.583678
-0.479734
-0.255745
-0.506391
-0.583678
-0.583678
-0.583678
-0.380441
0.120493
-0.411929
-0.583678
-0.583678
-0.583678
-0.583678
-0.583678
-0.548612
-0.537341
-0.578668
-0.583678
-0.583678
-0.583678
-0.503528
-0.477766
-0.570975
-0.529827
-0.589313
-0.583678
-0.583678
-0.583678
-0.583678
-0.583678
-0.583678
-0.583678
-0.583678
-0.583678
-0.583678
-0.583678
-0.539220
-0.426599
-0.414076
-0.541903
-0.520077
-0.590923
-0.583678
-0.583678
-0.583678
-0.583678
-0.583678
-0.583678
-0.583678
-0.583678
-0.566145
-0.452540
-0.162625
-0.281239
-0.348060
-0.535373
-0.583678
-0.583678
-0.583678
-0.583678
-0.583678
-0.583678
-0.583678
-0.583678
-0.583678
-0.541098
-0.509879
-0.531885
-0.551385
-0.580457
-0.583678
-0.583678
-0.583678
-0.583678
-0.583678
-0.583678
-0.583678
-0.583678
-0.583678
-0.583678
-0.583678
-0.583678
-0.583678
-0.583678
-0.583678
-0.583678
-0.583678
1.316638
1.316638
1.316638
1.316638
1.316638
1.316638
1.316638
1.316638
1.316638
1.316638
1.316638
1.316638
1.316638
1.316638
1.316638
1.316638
1.316638
1.316638
1.316638
1.316638
0.991568
0.680753
0.777312
1.143838
1.316638
1.316638
1.316638
1.316638
1.316638
1.316638
1.316638
1.316638
1.274238
1.071008
0.684164
0.160190
0.559034
1.175425
1.316638
1.316638
1.316638
1.316638
1.316638
1.316638
1.316638
1.168237
1.009113
0.844750
0.337559
0.289889
0.660680
1.115967
1.242437
1.220689
1.257150
1.316638
1.316638
1.316638
1.274238
0.982552
0.633418
0.623244
0.855015
1.017916
1.234396
1.316638
1.256510
1.153524
1.268024
1.316638
1.316638
1.316638
1.282279
0.914199
0.637134
0.962905
1.237442
1.308536
1.309236
1.313805
1.226446
1.214932
1.247555
1.316638
1.316638
1.316638
1.222699
0.847888
0.815052
1.038294
1.313775
1.306008
1.306556
1.314323
1.316638
1.316638
1.316638
1.316638
1.316638
1.316638
1.250479
0.933998
0.698755
1.043563
1.267019
1.307500
1.308505
1.313349
1.302505
1.259495
1.255048
1.285478
1.316638
1.316638
1.239331
0.850629
0.668478
0.923246
1.276766
1.316638
1.316638
1.316638
1.287518
1.231228
1.207774
1.291174
1.316638
1.316638
1.277984
1.094097
0.954650
1.043259
1.059920
0.968053
0.924038
1.065616
1.194493
1.211185
1.238630
1.280452
1.316638
1.316638
1.316638
1.260805
1.249382
1.221877
0.984867
0.621630
0.542007
0.794735
1.164429
1.292422
1.300190
1.316638
1.316638
1.316638
1.316638
1.316638
1.316638
1.250783
0.985628
0.603323
0.485534
0.805883
1.165069
1.316638
1.316638
1.316638
1.316638
1.316638
1.316638
1.316638
1.316638
1.308048
1.186695
1.028425
0.973962
1.107926
1.250844
1.316638
1.316638
1.316638
1.316638
1.316638
1.316638
1.316638
1.316638
1.316638
1.316638
1.316638
1.316638
1.316638
1.316638
1.316638
1.316638
1.316638
-0.053610
-0.174174
-0.471252
-0.627283
-0.663218
-0.679839
-0.849682
-0.717764
-0.846053
-0.886788
-0.744335
-0.489864
-0.269805
-0.080649
0.705357
0.490917
-0.057356
-0.155328
-0.250960
-0.206597
-0.608789
-0.672465
-1.076061
-0.868527
-0.641446
-0.226145
-0.145145
1.009575
1.108719
0.871337
0.139292
0.117052
0.000937
0.012876
-0.559158
-1.145356
-1.070560
-0.990496
-0.711677
0.014749
-0.001053
1.246957
1.284180
0.896854
0.236680
0.627517
0.658067
-0.260792
-0.663686
-1.072315
-1.110591
-1.040711
0.091418
0.365320
0.120447
1.100642
1.303728
0.776407
0.479914
0.797360
0.522170
-0.066486
-0.657950
-1.190187
-1.098418
-0.611949
0.446554
0.041671
-0.164809
1.220621
1.279264
0.812459
1.023856
0.010418
-0.548038
0.046704
-1.040945
-0.864313
-0.783665
-0.300356
-0.123490
-0.796657
-0.846053
1.701705
1.233847
0.873912
1.380865
-0.412609
-0.274487
-0.418579
-0.816907
-0.596264
-0.460835
-0.126768
-0.706410
-0.578940
-0.255642
1.623397
1.278093
0.810235
0.828027
0.705357
0.439882
-0.303048
-0.793497
-0.623537
-0.331843
-0.186113
-1.128032
0.057121
0.585261
0.848629
1.294129
0.793029
0.523458
0.801222
-0.437424
0.312529
-0.811406
-0.845000
-0.422676
-0.665559
0.230593
-0.360404
-0.381356
1.097247
1.369043
0.765288
0.317094
0.160479
-0.563372
-0.433913
-0.074796
-1.094789
-0.799467
-0.750071
0.608320
0.003980
-0.109795
0.757562
1.412820
0.843010
0.041202
0.083458
0.086853
-0.643436
0.224389
-1.115976
-0.847809
-0.804734
0.344368
0.522404
0.367076
0.870049
1.327606
0.771608
0.110614
0.118808
-0.098090
-0.276360
0.265240
-0.863728
-0.348464
-0.254823
-0.070699
0.252365
0.141984
1.274582
0.729938
0.340037
-0.222048
-0.261495
-0.564075
-0.537855
-0.358882
-0.258685
-0.184825
-0.262197
-0.443979
-0.300824
-0.172535
1.414810
0.050332
-0.644724
-0.714018
-0.881052
-0.912305
-0.911134
-0.829432
-0.654205
-0.657950
-0.795019
-0.845351
-0.779334
-0.705825
0.753465
0.687642
1.153274
1.064373
0.955422
0.965691
0.845689
0.835224
0.888428
0.829747
0.810872
0.879822
0.830823
0.872193
1.176551
0.445583
0.526856
0.421818
0.442454
0.512675
0.406756
0.444116
0.572236
0.408419
0.428468
0.425436
0.421035
0.515316
0.925299
0.471990
0.459080
0.465535
0.466611
0.465437
0.505340
0.537712
0.489105
0.488811
0.583483
0.631308
0.480498
0.477369
0.749550
0.473750
0.473750
0.473750
0.473750
0.485486
0.861631
1.406287
0.820847
0.593948
1.030632
0.791703
0.729892
0.665539
0.676199
0.473750
0.473750
0.473750
0.478445
0.500156
0.994054
0.334676
0.629157
0.536343
0.815077
0.748768
1.209608
0.734391
0.786715
0.473750
0.473750
0.473750
0.482846
0.849894
0.396291
0.617323
0.989653
0.897719
0.729110
0.486171
0.376144
0.428761
0.884027
0.473750
0.473750
0.479618
0.502797
0.777032
0.449202
0.988675
0.917671
0.982904
0.943979
0.725687
0.457613
0.496831
0.793267
0.473750
0.473750
0.482552
0.935862
0.404311
0.467295
0.800602
0.881973
0.824075
0.821923
0.543580
0.603239
0.461623
0.506416
0.473750
0.473750
0.470816
0.660355
0.489203
0.497711
0.639035
0.717373
0.759819
0.688718
0.458297
0.993467
0.447637
0.521673
0.473750
0.473750
0.470816
0.457906
1.068285
0.827889
0.444801
0.438542
0.536441
0.438542
0.847058
0.565781
0.682458
0.609009
0.473750
0.473750
0.473750
0.466122
0.415363
0.996499
0.779869
0.458297
0.822608
0.490474
0.758450
0.602848
0.442160
0.827400
0.473750
0.473750
0.473750
0.473750
0.466415
0.414482
0.720014
0.447344
0.974591
1.055864
0.434434
0.444605
0.479227
0.993369
0.515414
0.548177
0.542700
0.540157
0.536539
0.529595
0.502406
0.519815
0.562456
0.454777
0.517272
0.538201
0.555121
1.046769
0.937916
1.398267
1.246284
1.231907
1.187896
1.146233
1.149460
1.125988
1.143299
1.238459
1.165891
1.196111
1.371861
1.586046
1.552673
0.711214
0.642856
0.681219
0.641908
0.916922
0.430202
0.110510
0.168923
0.426571
0.749261
0.707899
0.745315
1.447530
-1.579511
-0.311640
-0.010104
-0.013419
-0.048783
-0.787624
-0.766154
-0.500771
-0.653275
-0.884558
-1.041641
-0.555394
-0.357738
-1.417692
-0.209181
-0.159925
-0.078305
-0.202234
-0.420098
-0.403206
-1.025854
-1.547621
-1.454003
-1.068795
-0.473774
-0.293800
-0.135612
-0.268383
-0.289853
-0.112879
-0.066622
-0.136244
-1.005172
-1.435374
-0.616175
-0.024628
-0.082883
0.557763
-0.762207
-1.004383
-0.341478
-0.468880
-0.349687
-0.364843
-0.498403
-1.111736
-1.111578
-0.668431
-0.175870
-0.994911
-0.990490
-0.957337
-0.576391
-0.900503
-0.847616
-0.463039
-0.388523
-0.276434
-0.867508
-1.162413
-0.844616
-0.094092
-0.793466
-0.233335
-0.031732
-0.247070
-0.232072
-0.231756
-1.006277
-0.781467
-0.386471
-0.239176
-0.290958
-0.719582
-0.374789
0.287643
-0.146979
-0.206023
-0.234756
-0.325217
-0.223389
-0.284801
0.076726
-0.866718
-0.359001
-0.261752
-0.365158
-0.977387
-1.096265
-0.712004
-0.711214
-0.653749
-0.650749
-0.869876
-1.006751
-1.610770
-1.774799
-0.416467
-0.384419
-0.206497
0.073726
0.652170
-0.694322
-0.606861
-1.083003
-1.202986
-1.233771
-1.330705
-0.999489
0.175080
1.617085
-0.212969
-0.295695
-0.132928
-0.007262
0.541817
1.053955
-1.285711
-1.365595
-1.106526
-0.971230
-0.713898
-0.958916
0.044046
-0.156609
-0.285591
-0.347003
-0.137191
-0.142874
-0.272645
-0.988122
0.572287
-0.703321
-1.270871
-1.008488
-0.426097
0.771206
-0.670957
-0.501560
-0.443621
-0.623911
-0.349213
-0.314797
-0.332321
0.204129
-0.370526
0.971703
2.235155
0.815410
0.915028
-0.120141
0.070253
-0.088566
-0.462565
0.485615
0.395628
0.308798
0.416151
0.647118
1.115367
0.579549
0.188973
0.428307
0.520189
0.751787
0.561552
0.395943
0.235072
-0.722107
-0.437148
-0.605124
-0.578602
-0.548606
-0.549237
-0.234282
-0.151715
0.000000
-0.164345
-0.536292
-0.703321
-0.621543
-0.988596
-0.582209
-0.582209
-0.582209
-0.582209
-0.582209
-0.582209
-0.582209
-0.582209
-0.582209
-0.582209
-0.582209
-0.582209
-0.582209
-0.582209
-0.582209
-0.582209
-0.582209
-0.582209
-0.582209
-0.582209
-0.582209
-0.582209
-0.582209
-0.582209
-0.582209
-0.582209
-0.582209
-0.582209
-0.582209
-0.582209
-0.582209
-0.582209
-0.582209
-0.582209
-0.582209
-0.582209
-0.582209
-0.582209
-0.582209
-0.582209
-0.582209
-0.582209
-0.582209
-0.582209
-0.582209
-0.582209
-0.582209
-0.582209
-0.582209
-0.582209
-0.582209
-0.582209
-0.582209
-0.582209
-0.582209
-0.582209
-0.582209
-0.582209
-0.582209
-0.582209
-0.582209
-0.582209
-0.582209
-0.582209
-0.582209
-0.582209
-0.582209
-0.582209
-0.582209
-0.582209
-0.582209
-0.582209
-0.582209
-0.582209
-0.582209
-0.582209
-0.582209
-0.582209
-0.582209
-0.582209
-0.582209
-0.582209
-0.582209
-0.582209
-0.582209
-0.582209
-0.582209
-0.582209
-0.582209
-0.582209
-0.582209
-0.582209
-0.582209
-0.582209
-0.582209
-0.582209
-0.582209
-0.582209
-0.582209
-0.582209
-0.582209
-0.582209
-0.582209
-0.582209
-0.582209
-0.582209
-0.582209
-0.582209
-0.582209
-0.582209
-0.582209
-0.582209
-0.582209
-0.582209
-0.582209
-0.582209
-0.582209
-0.582209
-0.582209
-0.582209
-0.582209
-0.582209
-0.582209
-0.582209
-0.582209
-0.582209
-0.582209
-0.582209
-0.582209
-0.582209
-0.582209
-0.582209
-0.582209
-0.582209
-0.582209
-0.582209
-0.582209
-0.582209
-0.582209
-0.582209
-0.582209
-0.582209
-0.582209
-0.582209
-0.582209
-0.582209
-0.582209
-0.582209
-0.582209
-0.582209
-0.582209
-0.582209
-0.582209
-0.582209
-0.582209
-0.582209
-0.582209
-0.582209
-0.582209
-0.582209
-0.582209
-0.582209
-0.582209
-0.582209
-0.582209
-0.582209
-0.582209
-0.582209
-0.582209
-0.582209
-0.582209
-0.582209
-0.582209
-0.582209
-0.582209
-0.582209
-0.582209
-0.582209
-0.582209
-0.582209
-0.582209
-0.582209
-0.582209
-0.582209
-0.582209
-0.582209
-0.582209
-0.582209
-0.582209
-0.582209
-0.582209
-0.582209
-0.582209
-0.582209
-0.582209
-0.582209
2.947645
2.438642
2.590368
2.702558
2.717150
2.742942
2.759955
2.695898
2.731741
2.717876
2.741126
2.659268
2.734708
3.010552
2.927060
2.472365
2.565726
2.635777
2.606110
2.417027
2.442577
2.658966
2.625363
2.361870
2.418177
2.394201
2.433071
2.960360
2.907807
2.399953
2.636685
2.679854
2.378702
2.276622
3.056385
3.040159
3.030229
2.948251
2.258398
2.286007
2.325543
2.652245
2.925425
2.463284
2.612527
2.339650
2.483627
3.071158
2.965446
2.940743
2.918402
2.911863
3.031501
2.958362
2.320336
2.735677
2.921551
2.413939
2.526856
2.426533
3.064679
2.966293
2.603627
2.420841
2.298661
2.206511
2.822317
2.945829
2.647644
2.530428
2.896061
2.422718
2.380276
2.916707
2.993781
2.911682
2.548531
2.655333
2.679188
2.376341
2.354544
2.982399
2.954063
2.708371
2.917131
2.416300
2.495009
2.787503
2.929845
2.454444
2.664839
2.687482
2.646130
2.653275
2.381184
2.964659
2.667503
2.501427
2.927605
2.516866
2.349579
2.374221
2.923670
2.442395
2.498218
2.583889
2.467037
2.494585
2.109033
2.962176
2.910410
2.619853
2.929058
2.537875
2.485867
2.478117
2.964114
2.753537
2.328389
2.416300
2.386451
2.183928
2.431134
2.921793
2.294604
2.685727
2.911076
2.526311
2.704072
2.508147
2.924335
2.992509
2.912953
2.338136
2.385301
2.590610
3.061713
2.870934
2.397713
2.682034
2.914891
2.520196
2.824799
2.598965
2.130950
2.954608
2.944255
2.878200
3.022903
3.036041
2.933175
2.539328
2.211839
2.829764
2.863366
2.407945
2.658179
2.718118
2.613617
2.413939
2.704072
2.512325
2.697412
2.835213
2.592063
2.381668
2.490347
2.787806
2.912287
2.321850
2.414908
2.565120
2.572265
2.546230
2.467461
2.218015
2.175936
2.324816
2.470125
2.529096
2.473758
2.808210
2.933296
2.365261
2.529399
2.653880
2.610953
2.740096
2.706433
2.751418
2.712124
2.674344
2.660661
2.565968
2.403344
3.041248
3.038069
2.965287
3.062696
3.299572
3.385399
3.470251
3.358700
3.169369
3.206065
3.294818
3.339682
3.171564
3.292989
3.222401
2.828501
3.362601
3.486343
3.551444
3.556321
3.250807
3.186559
3.315421
3.385277
3.218500
3.277262
3.297134
3.315421
3.348338
3.005031
3.634467
3.808559
3.885851
3.525111
3.274458
3.297987
4.348877
4.397885
3.457450
3.652998
3.696155
3.440016
3.699203
3.024415
3.734070
3.779421
3.516821
3.578143
3.998499
3.848180
3.895605
3.450988
3.206065
4.186123
3.809534
3.152789
3.681891
3.023927
3.725414
3.472932
3.008200
4.113585
4.091640
3.554370
3.682013
3.694814
3.534498
3.355896
3.524258
3.129869
3.514505
2.996619
3.613986
3.411732
3.876586
4.131628
3.733704
3.602404
3.751016
4.055067
3.844523
3.733826
3.550347
4.426901
3.376987
3.053186
3.588628
3.538278
4.137114
4.429705
3.500119
3.893166
4.276339
4.105660
4.045679
3.741141
3.832332
3.357846
3.229228
3.046969
3.651657
3.490366
3.436724
4.857497
3.254343
3.803804
4.088958
3.990575
3.869637
3.557053
3.488294
3.570828
3.284455
2.992718
3.728950
3.573145
3.715539
4.678407
3.150595
3.417462
3.741628
3.679819
3.529866
3.238738
3.645683
4.049824
3.410635
3.000764
3.744310
3.778203
3.777471
4.211481
3.928765
3.427459
3.397468
3.592407
3.492439
3.226181
3.397224
3.351751
3.689206
3.029048
3.717246
3.841353
3.793320
3.349069
3.638612
4.390937
3.517674
3.220939
4.061406
3.390153
2.792902
3.153155
3.748577
2.942368
3.546690
3.628371
3.882560
3.679453
3.675064
3.864517
3.337365
3.152424
4.034585
3.611913
3.574242
3.615571
3.637515
2.963702
3.387837
3.364674
3.808559
3.795758
3.713467
3.612889
3.439041
3.521454
3.518528
3.629103
3.585336
3.469397
3.449159
3.264339
3.229107
3.289088
3.462692
3.517796
3.605939
3.514749
3.502192
3.522795
3.552785
3.637149
3.394055
3.255562
3.462204
3.598898
3.576295
3.589541
3.693077
3.715072
3.644347
3.561835
3.588751
3.528416
3.479444
3.602787
3.646534
3.578544
3.706383
3.525317
3.550715
3.678191
3.739680
3.677097
3.542027
3.378824
3.370196
3.195449
3.042333
3.251167
3.417285
3.379371
3.670231
3.637785
3.694535
3.728440
3.622899
3.376758
2.818978
2.417899
2.356227
2.170726
2.134330
2.522042
2.835809
2.950767
3.588022
3.667072
3.723518
3.623689
3.333497
2.898513
2.016151
1.718243
1.741818
1.461348
1.309568
2.015483
2.469788
2.684029
3.433448
3.695143
3.661360
3.521064
3.018272
2.476411
2.459702
2.739990
2.477869
2.381868
2.347599
2.530245
2.450284
2.844983
3.216351
3.663730
3.514624
3.313082
3.041604
2.517364
2.582256
2.869287
3.010677
3.152370
2.672606
2.149763
2.268428
3.151520
3.117190
3.629704
3.441954
3.152006
2.892559
2.187252
2.500594
3.019123
3.492021
3.594827
3.118101
2.139312
2.218544
2.922453
3.143985
3.693016
3.450764
3.080308
2.553820
1.518645
2.114218
2.905501
3.357193
3.408171
2.977745
2.226382
2.279851
2.680930
3.195814
3.670899
3.539536
3.329791
3.087357
2.165561
2.367832
2.551693
2.845287
2.879556
2.615188
2.524898
2.815211
3.162213
3.406349
3.664155
3.645623
3.533520
3.414855
2.916620
2.596048
2.458730
2.471004
2.374941
2.612636
2.946696
2.708030
2.879131
3.379432
3.662757
3.690829
3.652975
3.449306
3.356525
2.995487
2.752081
2.607532
2.419114
2.985826
3.264777
2.912671
2.970514
3.572285
3.470026
3.487099
3.564386
3.452223
3.370743
3.430167
3.419716
3.362237
2.841034
3.247460
3.413397
3.269334
3.252382
3.681593
3.204320
3.174669
3.335867
3.429134
3.354459
3.228564
3.165312
3.348505
3.257486
3.295218
3.383077
3.338540
3.282640
3.654190
3.489104
3.486309
3.545915
3.662271
3.705958
3.652428
3.525804
3.551445
3.565602
3.595435
3.685117
3.612326
3.410541
3.681776
1.129093
1.129093
1.129093
1.129093
1.129093
1.129093
1.129093
1.129093
1.129093
1.129093
1.129093
1.129093
1.129093
1.129093
1.129093
1.129093
1.129093
1.129093
1.129093
1.129093
1.129093
1.129093
1.129093
1.129093
1.129093
1.129093
1.129093
1.129093
1.129093
1.129093
1.129093
1.129093
1.129093
1.129093
1.129093
1.129093
1.129093
1.129093
1.129093
1.129093
1.129093
1.129093
1.129093
1.129093
1.129093
1.129093
1.129093
1.129093
1.129093
1.129093
1.129093
1.129093
1.129093
1.129093
1.129093
1.129093
1.129093
1.129093
1.129093
1.129093
1.129093
1.129093
1.129093
1.129093
1.129093
1.129093
1.129093
1.059622
1.029228
1.067582
1.129093
1.129093
1.129093
1.129093
1.098888
1.085673
1.102349
1.129093
1.129093
1.129093
1.129093
1.029952
0.944560
1.056727
1.129093
1.129093
1.129093
1.129093
1.028599
0.966364
1.046816
1.129093
1.129093
1.129093
1.129093
1.069029
1.076989
1.071924
1.129093
1.129093
1.129093
1.129093
0.975772
0.888870
1.004341
1.129093
1.129093
1.129093
1.129093
1.129093
1.129093
1.129093
1.129093
1.129093
1.129093
1.129093
1.014818
0.911335
0.956516
1.080954
1.129093
1.129093
1.129093
1.129093
1.129093
1.129093
1.129093
1.129093
1.129093
1.129093
1.089921
1.017524
0.902085
1.007329
1.088977
1.129093
1.129093
1.113990
1.107383
1.115721
1.129093
1.129093
1.129093
1.129093
1.129093
1.082086
0.966270
0.881508
1.031084
1.129093
1.129093
1.107540
1.088977
1.113361
1.129093
1.129093
1.129093
1.129093
1.129093
1.129093
1.008022
0.942672
1.032028
1.129093
1.129093
1.116035
1.117766
1.116665
1.129093
1.129093
1.129093
1.129093
1.129093
1.129093
1.079475
1.086051
1.081866
1.129093
1.129093
1.129093
1.129093
1.129093
1.129093
1.129093
1.129093
1.129093
1.129093
1.129093
1.129093
1.129093
1.129093
1.129093
1.129093
1.129093
1.129093
1.129093
-0.088601
-0.088601
-0.088601
-0.088601
-0.088601
-0.088601
-0.088601
-0.088601
-0.088601
-0.088601
-0.088601
-0.088601
-0.088601
-0.088601
-0.088601
-0.088601
-0.088601
-0.088601
-0.088601
-0.088601
-0.088601
-0.088601
-0.088601
-0.088601
-0.088601
-0.088601
-0.088601
-0.088601
-0.088601
-0.088601
-0.088601
-0.088601
-0.088601
-0.088601
-0.088601
-0.088601
-0.088601
-0.088601
-0.088601
-0.088601
-0.088601
-0.088601
-0.088601
-0.088601
-0.088601
-0.088601
-0.088601
-0.088601
-0.088601
-0.088601
-0.088601
-0.088601
-0.088601
-0.088601
-0.088601
-0.088601
-0.088601
-0.088601
-0.088601
-0.088601
-0.088601
-0.088601
-0.088601
-0.088601
-0.088601
-0.088601
-0.088601
-0.088601
-0.088601
-0.088601
-0.088601
-0.088601
-0.088601
-0.088601
-0.088601
-0.088601
-0.088601
-0.088601
-0.088601
-0.088601
-0.088601
-0.088601
-0.088601
-0.088601
-0.088601
-0.088601
-0.088601
-0.086163
-0.072755
-0.089210
-0.088601
-0.088601
-0.088601
-0.088601
-0.088601
-0.088601
-0.088601
-0.088601
-0.088601
-0.088601
-0.088601
-0.072755
0.089667
-0.094543
-0.088601
-0.088601
-0.088601
-0.088601
-0.088601
-0.088601
-0.088601
-0.088601
-0.088601
-0.088601
-0.088601
-0.067117
0.174840
-0.098962
-0.088601
-0.088601
-0.088601
-0.088601
-0.088601
-0.088601
-0.088601
-0.088601
-0.088601
-0.088601
-0.088601
-0.086468
-0.088601
-0.091800
-0.088601
-0.088601
-0.088601
-0.088601
-0.088601
-0.088601
-0.088601
-0.088601
-0.088601
-0.088601
-0.088601
-0.088601
-0.088601
-0.088601
-0.088601
-0.088601
-0.088601
-0.088601
-0.088601
-0.088601
-0.088601
-0.088601
-0.088601
-0.088601
-0.088601
-0.088601
-0.088601
-0.088601
-0.088601
-0.088601
-0.088601
-0.088601
-0.088601
-0.088601
-0.088601
-0.088601
-0.088601
-0.088601
-0.088601
-0.088601
-0.088601
-0.088601
-0.088601
-0.088601
-0.088601
-0.088601
-0.088601
-0.088601
-0.088601
-0.088601
-0.088601
-0.088601
-0.088601
-0.088601
-0.088601
-0.088601
-0.088601
-0.088601
-0.088601
-0.088601
-0.088601
-0.088601
-0.088601
-0.088601
3.477698
3.477698
3.477698
3.477698
3.477698
3.477698
3.477698
3.477698
3.477698
3.477698
3.477698
3.477698
3.477698
3.477698
3.477698
3.477698
3.477698
3.477698
3.477698
3.477698
3.477698
3.477698
3.453757
3.389115
3.303923
3.319485
3.408866
3.477698
3.477698
3.477698
3.477698
3.477698
3.477698
3.477698
3.477698
3.477698
3.497649
3.439292
3.375947
3.144313
3.342129
3.353801
3.477698
3.477698
3.477698
3.477698
3.477698
3.477698
3.477698
3.477698
3.490666
3.551119
3.625836
3.723996
2.964154
3.456650
3.477698
3.477698
3.477698
3.477698
3.477698
3.477698
3.477698
3.477698
3.477698
3.477698
3.477698
3.448769
3.354998
2.912679
3.477698
3.477698
3.477698
3.477698
3.477698
3.477698
3.477698
3.477698
3.477698
3.477698
3.477698
3.502438
3.143116
2.922356
3.477698
3.477698
3.477698
3.477698
3.477698
3.477698
3.477698
3.477698
3.477698
3.477698
3.477698
3.607780
3.554410
3.779660
3.477698
3.477698
3.477698
3.477698
3.477698
3.477698
3.477698
3.477698
3.477698
3.477698
3.477698
3.521790
3.656261
3.603091
3.477698
3.477698
3.477698
3.477698
3.477698
3.463333
3.403480
3.384925
3.427222
3.477698
3.477698
3.477698
3.477698
3.477698
3.477698
3.477698
3.477698
3.477698
3.477698
3.422633
3.251950
3.064508
3.396197
3.463333
3.468521
3.477698
3.477698
3.477698
3.477698
3.477698
3.477698
3.477698
3.477698
3.541342
3.402482
3.192196
3.555707
3.412657
3.485479
3.477698
3.477698
3.477698
3.477698
3.477698
3.477698
3.477698
3.477698
3.514009
3.668232
3.759409
3.420039
3.522888
3.481888
3.477698
3.468122
3.463333
3.116182
3.130746
3.335645
3.445577
3.477698
3.477698
3.477698
3.495854
3.540545
3.492362
3.472910
3.350808
3.244069
3.243870
2.948492
3.320383
3.440289
3.504931
3.477698
3.477698
3.477698
3.477698
3.477698
3.477698
3.481688
3.560994
3.123165
3.395399
1.488347
2.023166
1.467079
1.262151
1.246086
1.176073
1.270732
1.329791
1.423446
1.327509
1.125776
1.288167
1.766209
0.857226
1.273105
1.713083
1.254392
0.912634
0.940292
1.196702
1.496289
1.672371
1.983642
1.979351
1.605918
1.347591
1.401812
0.797710
0.586758
0.821900
0.529342
0.578817
1.186661
1.606557
1.819426
1.869540
2.478570
2.800156
2.224260
1.484239
1.329700
0.419257
0.553714
0.646730
0.548694
1.152066
2.201896
2.088798
1.800896
2.306231
2.119834
1.842794
2.113535
1.985467
2.067438
0.766674
0.551341
0.568593
0.800449
1.599437
2.285236
2.767294
2.002263
1.453021
1.021442
1.386660
2.125494
2.500296
2.517365
1.145767
0.585207
0.624458
1.028927
1.590765
2.068259
1.741562
0.842256
-0.107986
-0.191509
0.417979
1.333351
2.139003
2.013308
1.214228
0.567680
0.737099
1.075754
1.375706
1.685607
1.218701
-0.013875
-0.127703
0.014788
-0.067092
0.722768
1.901853
1.867440
1.212403
0.513824
0.720668
1.047274
1.666164
2.617775
1.550419
0.076768
-0.132176
-0.052761
-0.047832
0.835866
1.780722
1.946033
1.224908
0.530346
0.611678
0.845633
1.000629
2.867887
2.299841
0.877582
0.273571
0.415697
0.684065
1.900484
1.929694
1.765113
1.239696
0.568411
0.614417
0.688172
0.837874
2.078666
2.482769
2.314537
2.025905
2.142837
2.288704
2.543563
2.258764
2.275834
0.994422
0.625736
0.708711
0.509808
0.679409
1.464888
2.112257
1.886244
0.844538
0.775985
1.380087
1.847175
1.775428
1.953610
0.634955
0.823634
1.026097
0.676762
0.414327
1.077671
1.624813
1.730700
1.408110
0.971876
1.716095
1.814223
1.543299
1.362287
0.649560
1.503135
1.777345
1.423081
1.024910
1.103960
1.329882
1.312813
1.369042
1.350512
1.318563
1.288440
1.446814
1.744118
1.186205
1.628647
2.119560
1.652563
1.397431
1.334538
1.229655
1.189309
1.153709
1.216693
1.175799
1.250741
1.435678
2.057123
1.443071
1.212648
1.208856
1.232960
1.232960
1.203749
1.184211
1.163125
1.192529
1.157012
1.195972
1.205413
1.212841
1.221353
1.219186
1.106677
1.115614
1.232960
1.232960
1.209939
1.177827
1.174732
1.141343
1.098745
1.127260
1.177556
1.209591
1.193961
1.205258
0.916672
1.017846
1.232960
1.232960
1.221275
1.213460
0.929362
0.725236
0.790351
0.945225
1.199029
1.147146
1.149970
1.172952
0.816621
1.014866
1.222900
1.227156
1.220888
0.866182
0.501843
-0.184743
-0.282976
0.071962
0.746361
0.836237
1.069303
1.108418
0.856897
1.029491
1.221275
1.213460
0.942478
0.398657
-0.317061
-0.979195
-0.834960
-0.830898
-0.370066
0.329635
0.981709
1.160068
0.865950
0.995135
1.210365
1.036649
0.440287
-0.282937
-1.070077
-0.505750
-0.299960
-0.998733
-1.107257
0.122607
0.935669
1.220424
0.871405
0.991537
1.162854
0.905994
-0.159943
-1.149971
-1.003995
-0.109066
0.099316
-0.455067
-0.866802
-0.125470
0.846025
1.232960
0.911797
1.017575
1.134766
0.956909
-0.471201
-1.548048
-1.201079
-0.231789
-0.080861
-0.516777
-0.768569
-0.142881
0.990918
1.232960
0.905181
1.032973
1.158289
1.099210
0.003675
-1.692283
-1.666477
-0.886301
-0.656214
-0.889977
-0.826294
0.163347
1.108031
1.195083
0.885334
1.044000
1.192065
1.138789
0.669484
-0.737849
-1.380290
-1.107335
-0.768027
-0.750462
-0.504667
0.511089
1.059669
1.098243
0.898101
1.049532
1.214814
1.163899
1.140569
0.636831
-0.239489
-0.256473
0.128681
0.314043
0.561463
0.998578
0.958689
1.092246
0.852332
0.996953
1.175003
1.177943
1.183244
1.114724
0.860224
0.650411
0.905878
1.043497
1.142039
1.074526
1.007206
1.128575
0.799868
0.913964
1.126022
1.128382
1.122307
1.092052
0.949133
0.800952
0.767485
0.889938
1.055452
1.088415
1.037964
1.094451
0.841885
0.994516
1.175776
1.161809
1.155542
1.159720
1.043497
0.914583
0.951299
0.987668
1.151711
1.172759
1.035643
1.191175
-0.728729
-0.728729
-0.728729
-0.728729
-0.728729
-0.728729
-0.728729
-0.728729
-0.728729
-0.728729
-0.728729
-0.728729
-0.728729
-0.728729
-0.728729
-0.728729
-0.728729
-0.728729
-0.728729
-0.728729
-0.728729
-0.728729
-0.728729
-0.728729
-0.728729
-0.728729
-0.724607
-0.709439
-0.728729
-0.728729
-0.728729
-0.728729
-0.728729
-0.728729
-0.728729
-0.728729
-0.728729
-0.728729
-0.728729
-0.728729
-0.713726
-0.686687
-0.728729
-0.728729
-0.728729
-0.728729
-0.728729
-0.728729
-0.728729
-0.728729
-0.728729
-0.728729
-0.728729
-0.728729
-0.726008
-0.702102
-0.728729
-0.728729
-0.728729
-0.728729
-0.728729
-0.728729
-0.708120
-0.609610
-0.575646
-0.588506
-0.702020
-0.728729
-0.721227
-0.707708
-0.728729
-0.728729
-0.728729
-0.728729
-0.716363
-0.646129
-0.491645
-0.221998
-0.121922
-0.202873
-0.618430
-0.728729
-0.728399
-0.720238
-0.728729
-0.728729
-0.728729
-0.728729
-0.665171
-0.392805
-0.108650
0.121015
0.173362
0.057540
-0.582324
-0.728729
-0.728729
-0.728729
-0.728729
-0.728729
-0.728729
-0.728729
-0.659236
-0.346064
0.021433
0.240546
0.295778
0.116234
-0.584055
-0.728729
-0.728729
-0.728729
-0.728729
-0.728729
-0.728729
-0.728729
-0.725761
-0.579521
-0.254808
0.039651
0.124148
-0.088371
-0.627745
-0.728729
-0.728729
-0.728729
-0.728729
-0.728729
-0.728729
-0.728729
-0.728729
-0.725761
-0.646046
-0.559407
-0.534758
-0.582571
-0.727327
-0.728729
-0.728729
-0.728729
-0.728729
-0.728729
-0.728729
-0.728729
-0.728729
-0.728729
-0.728729
-0.728729
-0.728729
-0.728729
-0.728729
-0.728729
-0.728729
-0.728729
-0.728729
-0.728729
-0.728729
-0.728729
-0.728729
-0.728729
-0.728729
-0.728729
-0.728729
-0.728729
-0.728729
-0.728729
-0.728729
-0.728729
-0.728729
-0.728729
-0.728729
-0.728729
-0.728729
-0.728729
-0.728729
-0.728729
-0.728729
-0.728729
-0.728729
-0.728729
-0.718424
-0.680504
-0.728729
-0.728729
-0.728729
-0.728729
-0.728729
-0.728729
-0.728729
-0.728729
-0.728729
-0.728729
-0.728729
-0.728729
-0.691221
-0.623624
-0.175560
0.390017
0.615425
0.562687
0.649153
0.667024
0.595626
0.545429
0.654409
0.652920
0.668251
0.657388
0.502239
-0.184584
0.287082
0.768997
0.907938
0.879029
1.101808
1.224368
0.725107
0.322562
0.622872
1.112671
1.127739
0.984768
0.748234
0.528521
0.230927
0.610870
0.545078
0.595714
0.478323
0.385900
0.462992
1.052486
0.732290
0.182218
0.706885
1.208686
0.735970
0.343324
0.173984
0.521250
0.462029
0.513803
0.330621
0.185372
1.048895
1.315827
0.506182
-0.056067
-0.148403
0.175560
0.861858
0.313626
0.173546
0.468599
0.552963
-0.132722
-0.247309
-0.088919
0.547093
0.846965
0.878678
0.793701
0.226371
-0.001577
0.910216
0.502239
0.184321
0.493654
0.040473
-0.044591
-0.209376
0.293652
0.698650
0.580295
0.392470
0.479988
0.332461
0.954281
0.713981
0.484018
0.188701
0.556204
-0.115639
-0.257646
-0.005169
0.308983
0.121859
0.231890
0.218224
0.158215
0.512314
-0.248886
-0.240038
-0.008410
0.140343
0.489712
0.213406
-0.238373
-0.265881
0.001051
0.371971
0.208237
0.075078
0.126326
0.494180
-0.171005
-0.249587
-0.071924
0.105652
0.462204
0.410780
-0.155499
-0.172407
0.171005
1.128528
0.922919
0.684633
1.175134
0.732991
-0.107404
-0.179240
0.070259
0.123173
0.366277
0.440653
0.551649
0.448012
0.457298
1.006581
0.929664
0.387389
0.918013
0.959713
-0.111258
0.384761
0.504868
0.184321
0.459839
0.461591
0.742803
1.430765
1.762788
0.957610
0.092073
-0.214369
-0.240826
0.018309
0.571009
0.157163
0.672719
0.168377
0.501451
0.395799
0.335001
1.031724
1.479386
1.636812
-0.123085
-0.182832
-0.108280
0.527470
0.387477
0.733517
0.414372
0.408152
0.206047
0.416737
0.331234
0.349369
0.701716
0.491552
0.484719
0.437587
0.556642
0.541574
0.576441
0.346478
0.474732
-0.288220
0.450552
0.470176
0.441617
0.505744
0.455721
0.531762
0.726333
0.837942
0.664046
0.512226
0.440828
0.398077
-0.076129
0.995906
0.995906
0.995906
0.995906
0.995906
0.995906
0.995906
0.995906
0.995906
0.995906
0.995906
0.995906
0.995906
0.995906
0.995906
0.995906
0.995906
0.995906
0.995906
0.995906
0.995906
0.995906
0.995906
0.995906
0.995906
0.995906
0.995906
0.995906
0.995906
0.995906
0.995906
0.995906
0.995906
0.995906
0.995906
0.995906
0.995906
0.995906
0.995906
0.995906
0.995906
0.995906
0.995906
0.995906
0.995906
0.995906
0.995906
0.995906
0.995906
0.995906
0.995906
0.995906
0.995906
0.995906
0.995906
0.995906
0.995906
0.995906
0.995906
0.995906
0.995906
0.995906
0.995906
0.995906
0.995906
0.995906
0.995906
0.995906
0.995906
0.995906
0.995906
0.995906
0.995906
0.995906
0.995906
0.995906
0.995906
0.995906
0.995906
0.995906
0.995906
0.995906
0.995906
0.995906
0.995906
0.995906
0.995906
0.995906
0.995906
0.995906
0.995906
0.995906
0.995906
0.995906
0.995906
0.995906
0.995906
0.995906
0.995906
0.995906
0.995906
0.995906
0.995906
0.995906
0.995906
0.995906
0.995906
0.995906
0.995906
0.995906
0.995906
0.995906
0.995906
0.995906
0.995906
0.995906
0.995906
0.995906
0.995906
0.995906
0.995906
0.995906
0.995906
0.995906
0.995906
0.995906
0.995906
0.995906
0.995906
0.995906
0.995906
0.995906
0.995906
0.995906
0.995906
0.995906
0.995906
0.995906
0.995906
0.995906
0.995906
0.995906
0.995906
0.995906
0.995906
0.995906
0.995906
0.995906
0.995906
0.995906
0.995906
0.995906
0.995906
0.995906
0.995906
0.995906
0.995906
0.995906
0.995906
0.995906
0.995906
0.995906
0.995906
0.995906
0.995906
0.995906
0.995906
0.995906
0.995906
0.995906
0.995906
0.995906
0.995906
0.995906
0.995906
0.995906
0.995906
0.995906
0.995906
0.995906
0.995906
0.995906
0.995906
0.995906
0.995906
0.995906
0.995906
0.995906
0.995906
0.995906
0.995906
0.995906
0.995906
0.995906
0.995906
0.995906
1.202408
1.463871
1.261506
1.125591
1.111735
1.208441
1.294778
1.199769
1.181013
1.256794
1.143782
1.114563
1.282337
0.436211
1.366506
1.480837
1.267161
1.300905
1.286107
1.237283
0.925865
0.887032
0.948863
1.192040
1.354064
1.464343
1.626178
0.678446
0.840376
1.179787
1.120690
1.198073
0.916062
0.671188
0.151090
0.147320
0.140345
0.154295
0.299730
1.041610
1.731084
0.978836
0.903244
1.101462
1.224087
1.095052
0.158348
0.175408
0.231113
0.524999
1.244917
0.237805
0.507468
0.237428
1.522309
0.989675
0.861395
1.144159
1.056408
0.610488
0.224609
0.289268
0.876758
1.230873
1.461138
1.382718
0.653940
0.235071
0.446485
1.385734
0.806821
1.245483
0.956309
0.193976
0.288797
1.247180
1.193172
1.411466
1.570474
1.709499
1.317305
1.185914
0.272868
1.193925
0.793154
1.268387
0.810403
0.247325
0.351005
1.274796
1.413728
1.512789
1.465379
1.648422
1.314666
1.304769
0.286440
1.096749
0.813796
1.237377
1.040573
0.233281
0.308307
1.539935
1.401098
1.506286
1.548229
1.748521
1.331538
0.874307
0.282953
1.152925
0.830856
1.198827
1.063854
0.622741
0.278900
0.890519
1.319661
1.444643
1.506097
1.412125
0.864316
0.152127
0.267024
1.048773
0.868369
1.138504
1.109002
1.018894
0.224232
0.182949
0.532163
0.713603
0.748477
0.578724
0.164192
0.261180
0.945941
1.183463
0.882979
1.122952
1.153773
1.098351
0.790138
0.264573
0.900039
0.786933
0.185399
0.525847
0.234600
0.613127
1.757475
0.858378
0.926525
1.304581
1.206084
1.289123
1.211551
1.190910
0.450632
0.167114
0.244026
0.644514
0.925111
1.669912
1.484702
0.868087
1.423153
1.611851
1.335968
1.317871
1.447282
1.588570
1.714401
1.399967
1.576789
1.559540
1.557089
1.472826
1.686878
1.177431
0.642441
0.572881
0.504546
0.365897
0.247136
0.261840
0.328855
0.449690
0.449595
0.397944
0.307176
0.317733
0.716996
0.135633
1.352234
1.065526
1.057940
1.128086
1.110118
1.126797
1.133119
1.196262
1.155244
1.132049
1.118822
1.091858
1.160277
1.400570
1.038417
0.913225
0.992269
1.114835
1.097766
1.084005
1.091542
0.860099
0.831531
1.158162
1.207203
1.066377
1.078315
1.163535
1.031001
0.957646
1.149482
1.283280
1.119624
0.913808
0.034209
-1.216807
-0.990519
-0.056894
0.517616
0.953634
1.185466
1.191107
1.045006
1.017750
1.214716
1.166599
0.615017
-0.660460
-1.425079
-1.488221
-1.589123
-1.813126
-1.245376
0.330448
1.190450
1.252305
1.035158
1.030612
1.251600
0.998104
-0.480805
-1.250676
-0.907901
-0.377301
-0.621582
-1.141386
-1.408764
-0.324322
0.725717
1.235334
1.042039
1.021129
1.269081
0.726714
-0.389142
-0.886456
-0.383501
-0.352720
-0.424227
-0.697708
-0.936810
-1.151014
0.118140
1.332394
1.012936
1.045370
1.303242
0.475310
-0.389604
-0.314912
-0.293321
-0.278344
-0.428409
-0.639720
-1.045249
-0.789784
0.298622
1.388705
0.994068
1.051424
1.301491
0.710108
-0.464442
-0.835689
-0.481097
-0.394467
-0.515501
-0.720101
-1.239516
-0.871235
0.604294
1.466169
1.058986
1.022588
1.235869
0.802865
-0.580589
-1.325295
-0.920057
-0.712369
-0.740889
-1.039146
-1.386639
-0.796859
0.823799
1.381848
1.064408
1.028448
1.200881
1.065745
0.280192
-1.235747
-1.696591
-1.167426
-1.220454
-1.520510
-1.407962
0.529505
1.086995
1.314451
1.023099
0.942645
1.128232
1.155730
0.907852
-0.217779
-1.334486
-1.357681
-0.934719
-1.101900
0.075057
0.977316
1.146661
1.144619
0.955166
0.831604
1.001630
1.057746
0.922950
0.864792
0.251915
-0.157383
0.182499
0.734105
0.961974
0.992853
0.867977
0.976660
1.103626
1.035231
1.055995
1.084126
1.105936
1.028642
1.039851
1.129544
1.061612
1.113181
1.086120
1.048045
0.925236
1.014832
1.501545
1.390042
1.383453
1.376499
1.429309
1.451702
1.477280
1.460285
1.417979
1.422501
1.431935
1.360452
1.306841
1.498263
1.807322
1.809455
1.766789
1.785456
1.763856
1.721189
1.734256
1.739056
1.739056
1.741189
1.763589
1.830522
1.822922
1.679056
2.119853
2.337986
1.939455
2.070787
2.082787
1.690256
1.713989
1.742256
1.749722
1.741056
1.750922
2.121053
2.822916
1.375325
2.027987
1.520657
1.282659
1.353992
1.371058
1.612923
1.736389
1.768789
1.808122
1.790656
1.627190
1.307325
2.072520
1.265859
2.035054
1.642790
1.657323
1.740123
1.706789
1.739056
1.722923
1.967854
1.874122
1.637856
1.730523
1.613190
1.840655
1.401191
1.919188
1.615990
1.449991
1.663323
1.724656
1.739056
1.725856
1.633190
1.782389
1.961055
1.747056
1.925321
1.955055
1.462391
2.004254
1.626390
1.584790
1.748389
1.762522
1.752522
1.786789
2.223986
1.937855
1.952655
1.963321
1.726123
1.891988
1.457591
1.856122
1.604123
1.653456
1.710389
1.983988
1.655856
2.260386
1.837322
1.785056
1.877588
1.726656
1.699723
2.003587
1.404925
1.956521
1.608523
1.606390
1.695189
1.609990
1.598123
1.841189
1.791989
1.648123
1.841722
1.704523
1.262659
2.569317
1.229592
2.122520
1.641190
1.622123
1.739056
1.740123
1.653590
1.629723
1.709456
1.660790
1.899988
1.894388
1.164526
2.638117
1.075860
2.079587
1.640656
1.600523
1.738789
1.736389
1.751189
1.575457
1.309859
1.494524
1.298659
1.652256
1.692923
2.002121
1.144393
2.023721
1.766122
1.615190
1.749589
1.722256
1.688390
2.381185
1.767722
1.715723
1.845989
1.816255
1.227726
1.638523
1.337325
2.045454
1.855322
1.759989
1.849322
1.764256
1.683056
1.406925
2.171987
2.021321
1.476124
1.397058
1.587857
2.409452
1.297992
2.045054
2.062787
1.971721
2.029054
2.245453
2.113454
1.861588
1.425191
1.555990
1.805322
1.949455
2.016921
2.490518
1.150526
1.299992
0.959994
1.104660
1.135193
1.138793
1.221459
1.356925
1.436124
1.377325
1.313859
1.249592
1.001194
1.343858
1.367192
2.510477
2.532387
2.131388
2.169967
2.294124
2.294124
2.294124
2.530754
2.910789
2.657318
2.309333
2.666168
2.308130
2.165327
2.597172
2.476366
2.371712
2.304349
2.294124
2.294124
2.294124
3.131781
3.721121
2.786545
2.798144
3.063730
2.389584
2.169537
2.421118
2.221950
2.240509
2.294124
2.294124
2.294124
2.565553
3.407075
3.534498
3.572132
3.154894
2.734905
2.376352
2.182168
2.458322
2.325228
2.298936
2.294124
2.628190
2.942408
3.150168
2.373001
2.722790
3.312905
4.952301
5.328898
2.049762
1.499601
2.326431
2.237158
2.294124
2.356762
3.571359
3.295892
1.875769
2.179418
2.317581
2.294124
3.343407
5.970137
3.435945
1.808749
2.332875
2.254858
2.335883
2.958132
4.538671
2.943439
2.189127
2.328407
2.294124
2.294124
2.520959
5.690545
5.388786
1.581915
2.335797
2.290430
2.381765
3.681683
4.410819
2.483325
1.760547
2.294124
2.294124
2.294124
2.294124
5.479864
4.691699
2.011096
2.322822
2.293695
2.328150
3.761075
5.534425
2.757589
1.622900
2.294124
2.294124
2.294124
2.294124
5.116842
4.659650
2.020892
2.327634
2.262333
2.294124
3.363857
4.967681
2.866109
2.009979
2.357363
2.290000
2.294124
2.690827
5.015712
3.667763
1.940211
2.319729
2.221434
2.294124
2.729407
3.850864
4.157950
1.971400
1.649965
2.176497
2.788263
3.825946
4.218697
2.617020
1.983086
2.417509
2.237587
2.294124
2.350833
2.581277
3.039930
3.180928
2.807080
3.129375
4.274890
3.365145
3.161510
2.343444
1.989272
2.553953
2.336054
2.308645
2.293093
2.294124
2.294124
2.579644
3.122931
3.782556
3.102997
2.251936
2.498533
2.667714
2.320674
3.334385
2.663504
2.454971
2.465281
2.334078
2.291805
2.457892
3.276903
3.583388
3.229990
2.911390
2.987861
2.520272
2.215248
3.299415
2.447667
2.130872
2.040052
2.047098
2.228394
2.322479
2.696756
3.127227
2.632830
2.300740
2.873584
1.991248
1.927064
-0.714027
-0.663708
-0.641547
-0.735430
-0.718353
-0.717291
-0.723666
-0.760855
-0.760855
-0.748712
-0.711978
-0.709853
-0.725867
-0.758199
-0.689133
-0.443762
-0.583031
-0.740819
-0.700290
-0.489907
-0.662190
-0.634716
-0.643292
-0.693080
-0.631529
-0.515180
-0.714179
-0.758578
-0.719188
-0.683138
-0.732242
-0.751292
-0.726095
-0.749319
-0.641243
-0.252885
-0.343049
-0.709398
-0.734747
-0.748788
-0.744082
-0.759489
-0.754707
-0.759717
-0.756757
-0.712282
-0.702415
-0.679646
-0.711219
-0.713572
-0.723590
-0.734899
-0.730497
-0.729738
-0.722148
-0.748408
-0.751747
-0.751520
-0.752886
-0.655208
-0.409761
-0.691790
-0.758123
-0.760855
-0.760855
-0.760855
-0.717594
-0.427673
-0.577643
-0.561249
-0.735733
-0.690348
-0.722148
-0.654373
-0.503948
-0.711675
-0.760855
-0.760855
-0.760855
-0.760855
-0.740363
-0.527703
0.182377
-0.628037
-0.734367
-0.679191
-0.714710
-0.600791
-0.740363
-0.744461
-0.760855
-0.760855
-0.760855
-0.760855
-0.760855
-0.623332
-0.549865
-0.675245
-0.742261
-0.733760
-0.733457
-0.758199
-0.751292
-0.760855
-0.760855
-0.760855
-0.760855
-0.760855
-0.760855
-0.740363
-0.757060
-0.747194
-0.750154
-0.721769
-0.754935
-0.684959
-0.683062
-0.694446
-0.760855
-0.760855
-0.760855
-0.760855
-0.760855
-0.760855
-0.736568
-0.735961
-0.756757
-0.760096
-0.758123
-0.652704
-0.270948
-0.697710
-0.755542
-0.760855
-0.760855
-0.733532
-0.732849
-0.736948
-0.720175
-0.599804
-0.730497
-0.720630
-0.724956
-0.701656
-0.742716
-0.645493
-0.609519
-0.593581
-0.603144
-0.644962
-0.537038
-0.729738
-0.735809
-0.719112
-0.711523
-0.548119
-0.674713
-0.754024
-0.756757
-0.699531
-0.340089
-0.036354
-0.468049
-0.435945
-0.648150
-0.739452
-0.756757
-0.760096
-0.649744
-0.585688
-0.611037
-0.691866
-0.735126
-0.721541
-0.685870
-0.712433
-0.682682
-0.736417
-0.725032
-0.712509
-0.719568
-0.736948
-0.639953
-0.176989
-0.404069
-0.614907
-0.672057
-0.751747
-0.760855
-0.760855
-0.760855
-0.760855
-0.739225
-0.625153
-0.575290
-0.740363
1.084074
1.637848
1.677860
1.734945
1.720007
1.593994
1.575321
1.559210
1.521865
1.496790
1.566038
1.657160
1.603810
1.683835
1.314866
1.532855
1.699200
1.738893
1.717339
1.752230
1.811342
1.558676
1.592073
1.784240
1.652892
1.777732
1.496683
1.874082
1.516956
1.684476
1.820732
1.841752
2.085348
1.895742
2.319875
1.570947
2.092710
1.989211
1.959122
1.965097
1.494443
2.021115
1.481638
1.680528
1.735052
1.884325
2.188421
2.201011
2.699941
1.846447
2.163453
2.353486
2.188314
1.804087
1.432983
1.816357
1.510981
1.642436
1.669538
2.000522
2.064008
1.317427
1.919963
1.833002
1.742734
2.011512
2.131549
2.009164
1.807074
1.616934
1.531788
1.563691
1.641902
1.793417
1.001701
1.432877
1.748816
1.409083
1.257568
1.328417
1.595594
1.772183
1.162178
1.347837
1.581937
1.631872
1.802166
1.413777
0.680534
1.510875
1.291286
1.215955
1.218409
1.234948
1.594207
1.743588
1.414417
1.408336
1.520264
1.557929
1.697280
1.735372
1.085888
1.317427
1.474063
1.280082
1.313266
1.253193
1.780506
1.663989
1.963283
1.602957
1.522398
1.625151
1.581617
1.701761
1.621416
1.235481
1.670178
1.466594
1.451762
1.569346
1.902357
2.143393
2.065929
1.755218
1.445894
1.621736
1.639235
1.607865
2.080547
1.177010
1.316680
1.528693
1.733131
1.684476
2.273461
2.149902
1.884539
1.916335
1.454857
1.648624
1.770903
1.796831
1.968832
2.013966
1.554195
1.702295
2.479392
2.241344
2.105835
1.965311
1.658974
2.014820
1.437785
1.562091
1.715952
1.782106
1.829054
1.586738
1.473743
1.969152
2.613514
1.947918
1.665163
1.712538
1.693972
1.854449
1.247218
1.509701
1.732278
1.757245
1.749776
1.718300
1.765781
1.702615
1.690451
1.745081
1.732811
1.677754
1.710084
1.658761
0.939175
1.453256
1.601890
1.558569
1.555475
1.500631
1.386889
1.314653
1.315400
1.375045
1.457631
1.557503
1.447708
1.203364
0.767203
0.464551
0.575436
0.849531
0.870045
0.770818
0.544801
0.334508
0.322579
0.456870
0.647010
0.587998
0.713162
0.988702
0.343500
0.212507
0.115901
0.475983
0.240161
-0.076228
-0.071212
-0.027428
-0.379106
-0.661560
-0.489991
-0.547060
0.195156
0.586371
0.296055
0.001130
-0.014098
-0.085943
-0.538023
-0.191812
-0.412995
-0.770141
-1.064253
-0.815552
-1.011657
-1.298855
-0.832496
0.122227
0.716957
0.647191
0.238218
-0.145768
-0.404500
-1.420585
-1.106591
-0.467488
-0.474402
-0.995706
-0.512493
-1.442816
-0.919569
-0.480231
0.773439
0.505309
-0.344584
-0.332203
-1.941437
-1.405222
-1.320228
-1.022818
-0.472323
-0.256879
-0.333604
-1.578824
-1.119876
-0.787763
0.828475
0.281776
-0.437034
-0.723464
-2.057293
-1.724999
-1.480817
-0.012110
0.603045
-0.167774
-0.516198
-1.216437
-1.233065
-0.407437
0.829198
0.148027
-0.160408
-1.196059
-1.308615
-1.443087
-0.079481
1.231077
1.373140
0.652658
-0.580000
-0.368894
-0.954407
0.260675
0.816501
0.244498
-0.041525
-0.976909
-1.999003
-1.368396
0.118341
1.368531
1.373140
0.605214
-0.290588
-0.387465
-0.400343
0.387330
0.796529
0.420315
-0.287289
-0.777461
-1.877681
-1.644885
-1.478829
-0.011974
-0.049839
-0.837377
-0.247571
-0.488861
-0.277484
0.149880
0.726627
0.572273
-0.150829
-0.306402
-1.988747
-2.006730
-1.713974
-1.102751
-0.825674
-0.782069
-0.732727
-0.944285
-0.380958
-0.147124
0.570150
0.520265
0.278162
0.047219
-0.300257
-1.911570
-1.919839
-1.509510
-1.034475
-0.795218
-0.801951
-0.748181
-0.413221
-0.162577
0.268447
0.148163
0.466675
0.595905
0.036374
-0.664949
-1.024444
-0.551985
-0.208531
0.034612
-0.168813
-0.580678
-0.603677
0.120510
-0.047942
-0.387375
0.094121
0.652071
0.384257
-0.157923
-0.442998
-0.212010
0.057657
-0.103927
-0.191134
-0.550630
-0.323618
0.323934
0.185396
0.016041
0.125028
0.742035
0.828113
0.732004
0.673353
0.567755
0.487506
0.481586
0.650128
0.273055
0.421625
0.347747
-0.212412
-0.212412
-0.212412
-0.212412
-0.212412
-0.212412
-0.212412
-0.212412
-0.212412
-0.212412
-0.212412
-0.212412
-0.212412
-0.212412
-0.212412
-0.212412
-0.212412
-0.212412
-0.212412
-0.212412
-0.212412
-0.212412
-0.212412
-0.212412
-0.212412
-0.212412
-0.212412
-0.212412
-0.212412
-0.212412
-0.212412
-0.212412
-0.212412
-0.212412
-0.212412
-0.212412
-0.212412
-0.212412
-0.212412
-0.212412
-0.212412
-0.212412
-0.212412
-0.212412
-0.212412
-0.212412
-0.212412
-0.212412
-0.212412
-0.212412
-0.212412
-0.212412
-0.212412
-0.212412
-0.212412
-0.212412
-0.212412
-0.212412
-0.212412
-0.212412
-0.212412
-0.212412
-0.212412
-0.212412
-0.212412
-0.212412
-0.212412
-0.212412
-0.212412
-0.212412
-0.212412
-0.212412
-0.186399
-0.157907
-0.176489
-0.212412
-0.212412
-0.212412
-0.212412
-0.212412
-0.212412
-0.212412
-0.212412
-0.212412
-0.212412
-0.212412
-0.126417
0.114943
-0.166448
-0.212412
-0.212412
-0.212412
-0.212412
-0.212412
-0.212412
-0.212412
-0.212412
-0.212412
-0.212412
-0.212412
-0.159537
-0.103794
-0.159733
-0.212412
-0.212412
-0.212412
-0.212412
-0.212412
-0.212412
-0.212412
-0.212412
-0.212412
-0.212412
-0.212412
-0.204849
-0.203545
-0.203024
-0.212412
-0.212412
-0.212412
-0.212412
-0.212412
-0.212412
-0.212412
-0.212412
-0.212412
-0.212412
-0.212412
-0.212412
-0.212412
-0.212412
-0.212412
-0.212412
-0.212412
-0.212412
-0.212412
-0.212412
-0.212412
-0.212412
-0.212412
-0.212412
-0.212412
-0.212412
-0.212412
-0.212412
-0.212412
-0.183660
-0.141217
-0.149758
-0.197286
-0.212412
-0.212412
-0.212412
-0.212412
-0.212412
-0.212412
-0.212412
-0.212412
-0.212412
-0.212412
-0.123418
0.170621
-0.036967
-0.196243
-0.212412
-0.212412
-0.212412
-0.212412
-0.212412
-0.212412
-0.212412
-0.212412
-0.212412
-0.212412
-0.172707
-0.150736
-0.145390
-0.193635
-0.212412
-0.212412
-0.212412
-0.212412
-0.212412
-0.212412
-0.212412
-0.212412
-0.212412
-0.212412
-0.212412
-0.212412
-0.212412
-0.212412
-0.212412
-0.212412
-0.212412
-0.212412
-0.385145
-0.658491
-0.737687
-0.740245
-0.740245
-0.740245
-0.740245
-0.740245
-0.740245
-0.740245
-0.740245
-0.740245
-0.699423
-0.532051
-0.657566
-0.696973
-0.738884
-0.740245
-0.740245
-0.740245
-0.677106
-0.668398
-0.687992
-0.740245
-0.740245
-0.740245
-0.716568
-0.716568
-0.735510
-0.736163
-0.740245
-0.740245
-0.740245
-0.740245
-0.631385
-0.185061
-0.637917
-0.740245
-0.740245
-0.740245
-0.740245
-0.740245
-0.740245
-0.740245
-0.740245
-0.740245
-0.740245
-0.740245
-0.677106
-0.677106
-0.685815
-0.740245
-0.740245
-0.740245
-0.740245
-0.740245
-0.740245
-0.740245
-0.740245
-0.740245
-0.740245
-0.740245
-0.740245
-0.740245
-0.740245
-0.740245
-0.740245
-0.716568
-0.713302
-0.720650
-0.740245
-0.740245
-0.726039
-0.724079
-0.728488
-0.740245
-0.740245
-0.740245
-0.740245
-0.740245
-0.740245
-0.699423
-0.532051
-0.701872
-0.740245
-0.740245
-0.715752
-0.615329
-0.717221
-0.740245
-0.740245
-0.740245
-0.740245
-0.740245
-0.740245
-0.716568
-0.716568
-0.719834
-0.740245
-0.740245
-0.726039
-0.726039
-0.727998
-0.740245
-0.740245
-0.740245
-0.740245
-0.740245
-0.740245
-0.740245
-0.740245
-0.740245
-0.740245
-0.740245
-0.740245
-0.740245
-0.740245
-0.740245
-0.740245
-0.740245
-0.740245
-0.740245
-0.740245
-0.740245
-0.740245
-0.740245
-0.740245
-0.740245
-0.740245
-0.740245
-0.740245
-0.740245
-0.740245
-0.730774
-0.729468
-0.732407
-0.740245
-0.740245
-0.740245
-0.740245
-0.740245
-0.740245
-0.740245
-0.740245
-0.740245
-0.729196
-0.702416
-0.648150
-0.592958
-0.693544
-0.740245
-0.740245
-0.740245
-0.740245
-0.740245
-0.740245
-0.740245
-0.740245
-0.740245
-0.721195
-0.599544
-0.425478
-0.356733
-0.670684
-0.740245
-0.740245
-0.740245
-0.740245
-0.725875
-0.729794
-0.740245
-0.740245
-0.740245
-0.729196
-0.703940
-0.667581
-0.680590
-0.707587
-0.740245
-0.740245
-0.724460
-0.722283
-0.629208
-0.719779
-0.740245
-0.740245
-0.740245
-0.740245
-0.740245
-0.740245
-0.740245
-0.740245
-0.740245
-0.740245
-0.713030
-0.601449
-0.474022
-0.349073
-0.412571
-0.520792
-0.506795
-0.505088
-0.493140
-0.422898
-0.404293
-0.448673
-0.500394
-0.501333
-0.495188
-0.508844
-0.324578
-0.268419
-0.502613
-0.522158
-0.493993
-0.308788
-0.512428
-0.520195
-0.520622
-0.510551
-0.412657
-0.347024
-0.478289
-0.334905
-0.497407
-0.394648
-0.514562
-0.523865
-0.514477
-0.526425
-0.519597
-0.523865
-0.523865
-0.520109
-0.517378
-0.521219
-0.467535
-0.353084
-0.513111
-0.519768
-0.515671
-0.523865
-0.523865
-0.523865
-0.523865
-0.523865
-0.523865
-0.523865
-0.523865
-0.522926
-0.504662
-0.512343
-0.502955
-0.446198
-0.508417
-0.523865
-0.523865
-0.523865
-0.523865
-0.523865
-0.523865
-0.523865
-0.523865
-0.523865
-0.489299
-0.358290
-0.488189
-0.360936
-0.504064
-0.523865
-0.523865
-0.523865
-0.523865
-0.523865
-0.523865
-0.523865
-0.523865
-0.523865
-0.481447
-0.340452
-0.484434
-0.361960
-0.502357
-0.523865
-0.523865
-0.523865
-0.523865
-0.523865
-0.523865
-0.523865
-0.523865
-0.523865
-0.481788
-0.360338
-0.496383
-0.375104
-0.515501
-0.523865
-0.523865
-0.523865
-0.523865
-0.523865
-0.523865
-0.523865
-0.523865
-0.523865
-0.493396
-0.353596
-0.517293
-0.525657
-0.520878
-0.523865
-0.523865
-0.523865
-0.523865
-0.523865
-0.523865
-0.523865
-0.523865
-0.523865
-0.512940
-0.522158
-0.522158
-0.521987
-0.521987
-0.523865
-0.523865
-0.523865
-0.523865
-0.523865
-0.523865
-0.523865
-0.523865
-0.523865
-0.509356
-0.471461
-0.508929
-0.489214
-0.509953
-0.523865
-0.523865
-0.523865
-0.510209
-0.508844
-0.508844
-0.523865
-0.523865
-0.523865
-0.488275
-0.396185
-0.483239
-0.352913
-0.497407
-0.523865
-0.523865
-0.517037
-0.471973
-0.280794
-0.434762
-0.460195
-0.505088
-0.521987
-0.455587
-0.254763
-0.458830
-0.235304
-0.450978
-0.481532
-0.508844
-0.500821
-0.387479
-0.175304
0.055561
-0.284976
-0.472059
-0.478887
-0.370665
-0.056927
-0.468730
-0.159259
-0.176073
-0.432884
-0.414022
-0.513282
-0.483154
-0.419484
-0.373141
-0.415388
-0.434762
-0.344293
-0.074594
0.086031
3.709276
3.457688
3.512504
3.640171
3.721457
3.755248
3.608079
3.355906
3.379858
3.399242
3.707929
3.699847
3.485155
3.729187
3.753725
3.490659
3.579031
3.669394
3.426826
3.010324
3.010207
3.440705
3.463486
2.743100
2.817944
2.946315
3.175179
3.717885
3.661488
3.574873
3.589924
3.394440
2.930093
2.787725
2.718562
3.334823
3.293477
2.745091
3.061098
2.673117
2.506798
3.545006
3.641401
3.543132
3.600348
3.146249
2.842013
2.597454
2.608053
2.951878
3.107715
2.956212
3.509868
2.534732
1.797129
3.321646
3.668457
3.662835
3.638942
2.919200
2.943094
2.496081
3.381322
3.661196
3.690829
3.564332
3.217462
2.243615
1.831037
3.151871
3.626643
3.593086
3.329259
2.949243
2.676631
3.245690
3.936208
3.879578
3.850999
3.929415
3.473500
2.964001
2.801488
3.521639
3.669687
3.585356
3.061391
2.726117
2.465159
3.364163
3.696392
3.789390
3.789390
3.709452
3.506237
3.301266
3.474555
3.654695
3.691004
3.597889
3.327385
2.239749
1.566741
2.189327
3.387471
3.751676
3.782714
3.513675
2.428909
1.921049
1.741377
3.297050
3.676832
3.588519
3.544303
2.659296
1.756076
2.134336
2.559329
2.600733
2.626735
2.285722
2.308737
2.174393
1.640238
3.501786
3.633144
3.513265
3.574229
3.357604
3.006635
2.990295
2.616487
2.540296
2.808515
2.184114
2.548729
2.722252
2.845820
3.689423
3.624301
3.412302
3.501904
3.674372
3.541492
3.094069
2.636281
2.353655
2.589020
2.483255
2.456609
2.865556
3.478010
3.722745
3.273039
2.966050
3.071113
3.128798
3.234680
3.103791
3.035038
2.839261
2.969564
3.029591
3.119017
3.116148
2.941337
3.331133
3.222264
3.187009
3.492943
3.576396
3.573409
3.677242
3.810122
3.820780
3.778088
3.871554
3.765496
3.619908
3.246919
3.587289
3.711150
3.760460
3.897439
3.891642
3.892227
3.883267
3.853049
3.886312
3.867689
3.848305
3.873194
3.870559
3.866459
3.860896
-1.058262
-0.851793
-0.451766
-0.553289
-0.708018
-0.658431
-0.603562
-0.654518
-0.773353
-0.826070
-0.798098
-0.800445
-0.778145
-0.794479
-1.062957
-1.062272
-0.707921
-0.721418
-0.811106
-0.934537
-0.840741
-0.258013
-0.242657
-1.578688
-1.168392
-0.984516
-0.824212
-0.699118
-1.006914
-1.041733
-0.814040
-0.870474
-0.920551
-0.980995
-1.054350
-0.686795
1.565289
-1.055230
-1.149417
-0.988135
-0.701074
-0.607572
-0.970726
-1.033517
-0.592999
-0.730709
-1.211818
-1.026182
-1.026182
-1.216512
0.722983
-0.385552
-0.906663
-1.045841
-0.666451
-0.349559
-0.964564
-1.007892
-0.565124
-0.268478
-1.334467
-0.957326
-0.922507
-1.206243
-1.087702
-0.743131
-0.719071
-0.605811
-1.263948
-0.195319
-0.927398
-0.794577
-0.378412
0.291462
-0.953707
-0.991363
-0.610408
-0.989113
-1.149809
-1.071662
-1.074009
-0.015551
-1.031268
-0.262707
-0.936200
-0.786948
-0.055750
0.676525
0.345060
-0.279628
-0.564341
-0.690218
-1.115479
-1.122423
-1.157242
-1.030290
-0.917910
-0.826462
-0.990287
-0.931701
-0.271510
0.446876
1.263361
0.187494
-0.383009
-0.556028
-0.878103
-1.046036
-1.077823
-1.059925
-1.039288
-0.904217
-0.982267
-0.996449
-0.570796
0.718484
2.066447
1.010728
-0.074039
-0.496073
-0.886123
-0.974736
-1.058947
-1.059925
-0.942460
-0.754770
-0.978355
-0.958500
-0.873898
-0.119715
2.182348
1.786624
-0.076778
-0.700683
-0.832134
-0.826559
-1.270990
-1.055915
-0.957228
-0.331074
-0.944514
-0.937765
-0.808857
-0.980017
0.100740
2.037497
1.018455
-0.880451
-1.001143
-0.292049
-1.154895
-1.016108
-0.932092
-0.421544
-0.934733
-0.829983
-0.736676
-0.855608
-0.779906
-0.396017
0.667527
-0.374108
-0.961043
-0.803771
-0.969943
-0.994199
-0.693641
-0.503897
-0.849055
-0.889449
-0.733937
-0.796337
-0.672026
-0.667331
-0.698825
-0.582729
-0.627328
-0.939819
-0.944122
-1.017184
-0.485314
-0.401592
-0.734524
-0.890329
-0.917715
-1.021878
-0.979822
-0.931701
-0.961727
-0.963195
-0.925637
-0.992830
-1.036158
-1.065793
-0.814823
-0.291658
0.225124
0.593042
0.532472
0.595762
0.699536
0.688970
0.639280
0.516257
0.494080
0.620241
0.733326
0.706545
1.018496
0.828522
0.405055
0.687297
0.573270
0.471065
0.534564
0.486757
0.102310
-0.192694
-0.129613
0.290297
0.586242
0.760525
1.030840
0.766383
0.020504
0.473889
0.472634
0.284857
0.043309
-0.467927
-0.904051
-1.007093
-1.001026
-0.810215
-0.242384
-0.095719
0.545862
0.527032
-0.092999
0.427128
0.391770
-0.042263
-0.592937
-1.029690
-1.174472
-1.234309
-1.234309
-1.138067
-1.094549
-0.884803
-0.123232
0.420538
-0.066742
0.376078
0.162880
-0.464474
-0.985962
-1.179911
-1.178238
-1.089423
-1.040674
-1.105533
-1.189954
-0.978116
-0.404741
0.128358
-0.065173
0.227111
-0.108796
-0.523057
-1.066827
-1.234309
-1.127187
-0.826848
-0.692632
-0.867751
-1.159512
-1.035234
-0.007009
-0.230668
-0.079923
0.175538
-0.379634
-0.682484
-1.086493
-1.213282
-1.035234
-0.703407
-0.630388
-0.792326
-1.092142
-1.059818
-0.709893
-0.268851
-0.118420
0.237991
-0.162148
-0.765546
-1.067768
-1.215165
-0.927066
-0.532576
-0.445017
-0.719517
-0.973827
-1.143611
-0.768893
-0.387690
-0.124174
0.308290
0.093523
-0.406520
-1.068500
-1.219873
-1.065048
-0.609675
-0.534564
-0.647544
-1.117145
-1.049984
-0.385179
-0.164449
-0.195623
0.305047
0.300862
-0.207340
-0.825384
-1.134510
-1.157315
-1.111914
-1.023204
-1.102499
-1.070174
-0.840866
0.017470
0.300444
-0.239665
0.319588
0.390305
0.181082
-0.157754
-0.752679
-0.935539
-1.081054
-1.178551
-1.074254
-0.849235
-0.249393
0.421061
0.374090
-0.222194
0.386748
0.576827
0.593146
0.413006
0.224914
-0.020922
-0.536447
-0.688343
-0.415202
0.079609
0.371893
0.762094
0.335803
0.032534
0.482991
0.543875
0.692004
0.704244
0.743473
0.411855
0.044146
0.081283
0.357039
0.517303
0.636142
0.871936
0.367709
0.069880
-0.051887
-0.096242
-0.054293
-0.010670
-0.072391
-0.093941
-0.199598
-0.258076
-0.120198
-0.077935
-0.098125
0.130032
0.061093
1.866331
1.725224
1.525842
1.565345
1.557515
1.545326
1.514009
1.590879
1.664991
1.608050
1.502976
1.541589
1.585452
1.855566
1.890442
1.979146
1.873093
1.793375
1.827362
1.790351
1.854943
2.180130
2.132620
1.861705
1.778606
1.849694
1.906190
2.120609
1.785368
1.749869
1.658230
1.674244
1.748534
1.931013
2.463945
2.662260
2.484764
2.337074
1.735545
1.942935
1.891688
1.921938
1.843377
1.823003
1.702626
1.785457
2.000143
1.979324
2.409940
1.766595
1.827095
1.673532
1.827362
1.950497
2.104505
1.935906
1.836170
1.808412
1.804230
1.868822
1.803785
1.518101
1.274055
1.570149
1.560985
1.527977
1.611342
1.884125
2.239918
2.046140
1.817576
1.860637
1.934572
2.059219
2.035108
1.507870
1.478865
1.618104
1.591947
1.612588
1.521037
2.116071
1.969626
2.227551
1.817220
1.848270
2.005214
2.517416
2.156731
1.633407
1.543547
1.616591
1.676024
1.544881
1.677981
1.831366
1.469346
2.160289
1.800137
1.821401
1.865264
1.894179
2.011709
1.616413
1.496926
1.588566
1.631361
1.555469
1.615079
1.671842
1.476018
2.139826
1.847114
1.785457
1.822113
1.918379
2.424087
1.643994
1.533493
1.539899
1.556003
1.601467
1.757787
2.348551
1.650578
2.085821
1.864018
1.841509
1.729317
2.003880
1.831900
2.338942
1.954412
1.977633
1.986619
2.010196
2.446507
2.080216
1.957259
2.029236
1.875673
1.824159
1.612677
1.825227
2.026122
2.243210
2.414389
2.055927
2.033773
1.864463
2.029859
1.683675
1.882435
2.037777
1.858858
1.784301
1.666326
1.586786
1.787059
1.985374
2.179596
2.260381
2.170254
1.996762
1.735545
1.780297
1.800137
2.068917
1.922650
1.717573
1.680205
1.591502
1.534739
1.743196
1.806810
1.966156
1.893378
1.797824
1.766951
1.725313
1.715971
2.156641
1.944803
1.919713
1.859925
1.882524
1.927899
1.887951
1.932169
1.981548
2.045340
1.980569
1.917044
1.889730
1.890175
2.309937
1.007161
1.002741
1.008313
1.008313
1.008313
1.008313
1.008313
1.008313
1.008313
1.008313
1.008313
1.008313
1.008313
1.008313
1.002318
1.004152
1.008313
1.008313
1.008313
1.008313
1.008313
1.008313
1.008313
1.008313
1.008313
1.008313
1.008313
1.008313
1.008313
1.008313
1.008313
1.008313
1.008313
1.008313
1.008313
1.008313
1.008313
1.008313
1.008313
1.008313
1.008313
1.008313
1.008313
1.008313
1.008313
1.008313
1.008313
1.008313
1.008313
1.008313
1.008313
1.008313
1.008313
1.008313
1.008313
1.008313
1.008313
1.008313
1.008313
1.008313
1.008313
1.008313
1.008313
1.008313
1.008313
1.008313
1.008313
1.008313
1.008313
1.008313
1.008313
1.008313
1.008313
1.008313
1.008313
1.008313
1.008313
1.008313
1.008313
1.008313
1.008313
1.008313
1.008313
1.008313
1.008313
1.008313
1.008313
1.008313
1.008313
1.008313
1.008313
1.008313
1.008313
1.008313
1.008313
1.008313
1.008313
1.008313
1.008313
1.008313
1.008313
1.008313
1.008313
1.008313
1.008313
1.008313
1.008313
1.008313
1.008313
1.008313
1.008313
1.008313
1.008313
1.008313
1.008313
1.008313
1.008313
1.008313
1.008313
1.008313
1.008313
1.008313
1.008313
1.008313
1.008313
1.008313
1.008313
1.008313
1.008313
1.008313
1.008313
1.008313
1.008313
1.008313
1.008313
1.008313
1.008313
1.008313
1.008313
1.008313
1.008313
1.008313
1.008313
1.008313
1.008313
1.008313
1.008313
1.008313
1.008313
1.008313
1.008313
1.008313
1.008313
1.008313
1.008313
1.008313
1.008313
1.008313
1.008313
1.008313
1.008313
1.008313
1.008313
1.008313
1.008313
1.008313
1.008313
1.008313
1.008313
1.008313
1.008313
1.008313
1.008313
1.008313
1.008313
1.008313
1.008313
1.008313
1.008313
1.008313
1.008313
1.008313
1.008313
1.008313
1.008313
1.008313
1.008313
1.008313
1.008313
1.008313
1.008313
1.008313
1.008313
1.008313
1.008313
1.008313
-0.888839
-0.847917
-0.821309
-0.930625
-0.913046
-0.914487
-0.923132
-0.944746
-0.944746
-0.929952
-0.915832
-0.916312
-0.930625
-0.941864
-0.852913
-0.294615
-0.741003
-0.928896
-0.898637
-0.577318
-0.917369
-0.944746
-0.944746
-0.923228
-0.751762
-0.754356
-0.882979
-0.941095
-0.855987
-0.764634
-0.882595
-0.934947
-0.910164
-0.940423
-0.920250
-0.855987
-0.815642
-0.798255
-0.870107
-0.907955
-0.932738
-0.941480
-0.893450
-0.777890
-0.911029
-0.944746
-0.944746
-0.944746
-0.944746
-0.815642
0.148604
-0.313730
-0.587980
-0.921019
-0.944746
-0.944746
-0.877888
-0.698353
-0.901231
-0.944746
-0.944746
-0.944746
-0.944746
-0.847918
-0.880001
-0.836102
-0.872125
-0.893258
-0.923132
-0.944746
-0.851184
-0.613917
-0.883652
-0.944746
-0.944746
-0.944746
-0.944746
-0.944746
-0.938598
-0.895755
-0.869627
-0.553111
-0.900078
-0.944746
-0.835238
-0.496628
-0.873950
-0.944746
-0.944746
-0.944746
-0.944746
-0.944746
-0.940135
-0.944169
-0.821405
-0.600084
-0.865208
-0.944746
-0.837159
-0.572707
-0.874142
-0.944746
-0.944746
-0.944746
-0.944746
-0.944746
-0.944746
-0.944746
-0.846381
-0.377898
-0.866265
-0.928608
-0.852336
-0.624579
-0.884132
-0.944746
-0.944746
-0.944746
-0.944746
-0.944746
-0.944746
-0.944746
-0.891721
-0.938117
-0.882595
-0.748784
-0.870588
-0.659737
-0.896428
-0.944746
-0.921499
-0.922556
-0.928896
-0.915159
-0.916504
-0.878080
-0.900366
-0.913046
-0.926302
-0.942440
-0.869243
-0.764346
-0.894218
-0.944746
-0.910933
-0.668959
-0.867898
-0.806708
-0.526887
-0.822750
-0.405852
-0.891913
-0.932642
-0.936100
-0.857331
-0.538798
-0.878753
-0.937541
-0.906706
-0.907570
-0.746094
-0.224203
-0.382029
-0.809302
-0.923420
-0.877504
-0.793740
-0.930913
-0.842730
-0.544465
-0.702003
-0.884516
-0.898925
-0.752146
-0.685001
-0.665212
-0.690860
-0.802097
-0.768092
-0.860886
-0.849647
-0.906802
-0.874814
-0.558778
-0.454266
-0.672801
-0.807284
-0.836102
-0.794412
-0.703732
-0.606520
-0.770013
-0.860117
-0.702964
-0.514975
-0.910452
0.021904
-0.194794
-0.266765
-0.331262
-0.481725
-0.560825
-0.559347
-0.523883
-0.541093
-0.588553
-0.566735
-0.457474
-0.150637
-0.014690
-0.174019
0.114651
0.107871
-0.229997
-0.374463
-0.345604
-0.058499
0.546222
0.329437
0.079882
-0.178104
-0.092833
0.026338
-0.423226
-0.209744
0.162024
-0.039550
-0.355079
-0.115955
0.638360
2.423750
3.459954
3.380507
2.360036
0.358208
-0.311183
-0.111174
-0.386892
-0.151071
0.182364
-0.062497
-0.426616
0.012082
2.557437
3.622934
1.913862
1.930377
1.988442
0.399409
-0.408797
-0.422965
-0.206441
-0.072667
0.217654
-0.054240
-0.484594
-0.287279
-0.069103
0.007041
0.086923
-0.137859
-0.292581
-0.299622
-0.527012
-0.399322
-0.011908
-0.080925
0.223478
-0.202964
-0.496502
-0.591161
-0.577948
-0.589770
-0.577601
-0.584555
-0.590465
-0.584381
-0.591161
-0.441480
-0.338477
-0.079186
0.210961
-0.035725
-0.477379
-0.591161
-0.591161
-0.591161
-0.591161
-0.591161
-0.591161
-0.591161
-0.591161
-0.462341
-0.247295
-0.042766
0.368465
0.188101
-0.400018
-0.591161
-0.591161
-0.591161
-0.591161
-0.591161
-0.591161
-0.591161
-0.584641
-0.383763
-0.051284
-0.021644
0.481638
0.384024
-0.308141
-0.444609
-0.327698
-0.391586
-0.568908
-0.591161
-0.588553
-0.583685
-0.521275
-0.148898
0.089443
-0.033813
0.405929
0.227911
0.000782
0.073276
0.914513
0.019731
-0.399236
-0.520927
-0.504586
-0.524578
-0.362815
0.391326
0.366379
-0.100569
0.269547
0.200531
-0.007215
-0.217133
-0.161589
0.756748
-0.100743
0.129428
-0.138120
-0.501196
-0.154809
0.513452
-0.022339
-0.083011
0.297362
0.014342
-0.185406
-0.273893
-0.375766
-0.448694
0.510844
1.121823
-0.110305
-0.151680
0.268765
0.163241
-0.302925
0.054848
0.261463
0.090139
-0.314573
-0.388979
-0.491113
-0.469382
-0.248077
-0.180712
0.160459
-0.051024
0.033987
0.106046
-0.131775
0.312574
0.262680
-0.018341
-0.267461
-0.385154
-0.368552
-0.347256
-0.341084
-0.341345
-0.334565
-0.337607
-0.157069
0.226173
0.082663
4.973824
4.897689
4.774143
4.734600
4.686500
4.505311
4.468326
4.568658
4.534821
4.470884
4.559904
4.707943
4.914412
4.872409
3.642749
3.344310
3.768460
3.815281
3.645602
3.851086
3.744950
3.827183
3.814003
3.678849
3.537991
3.600059
3.603010
3.779673
3.523432
3.451725
3.940402
3.769542
3.870366
3.759508
3.913843
3.912958
4.123754
4.171067
4.189068
3.937057
3.294931
3.718785
3.636749
3.596714
3.832495
3.758525
3.784985
4.092474
4.195364
3.718490
3.719179
4.061587
3.756853
4.157690
3.265913
3.757049
3.652881
3.699801
3.805838
3.905088
4.433112
3.849709
3.909220
3.739344
3.857283
4.108802
4.160739
3.737671
3.800723
3.659865
3.724195
3.719474
3.919352
3.759607
3.845479
3.771804
4.050177
3.818232
3.632126
3.725868
3.831905
3.643536
3.512022
3.513399
3.681505
3.611567
4.122770
4.342419
3.637044
3.849316
3.909515
3.632716
3.605567
3.589239
3.673341
3.749770
3.874005
3.571533
3.710523
3.492546
3.858562
4.131131
3.609502
3.978666
3.984076
3.914040
3.932729
3.868989
3.949353
3.998830
4.090408
3.527957
3.644323
3.436085
3.575172
3.769640
4.272088
4.094933
4.039357
4.039357
4.036406
4.019290
4.096999
4.459178
4.554297
3.099283
3.618355
3.387295
3.372246
3.368803
4.687287
4.467441
4.354813
4.088933
4.039357
4.039357
4.160838
4.502262
3.795116
3.049412
3.594255
3.501891
3.469234
3.239748
3.724195
4.775717
4.548395
4.375076
4.316451
4.419636
4.576921
3.901744
2.861732
3.353065
3.784887
3.579992
3.717605
3.411395
3.275651
3.686817
3.966173
4.651187
4.768241
4.510328
4.090900
3.194402
3.015771
3.570353
3.093381
3.277225
3.559237
3.404116
3.208861
2.899307
3.136465
3.571631
3.325030
3.397329
3.237289
3.129284
3.239551
3.495989
3.454872
3.217911
3.666357
3.669898
3.587370
3.451036
3.228829
3.189090
3.178467
3.384148
3.495890
3.623470
3.254405
3.346868
-0.252033
0.041080
-0.173481
-0.272943
-0.272758
-0.251293
-0.271185
-0.225942
-0.225386
-0.225386
-0.226682
-0.237784
-0.103903
-0.267669
-0.244261
-0.090580
-0.254161
-0.268502
-0.272758
-0.274886
-0.270075
-0.273128
-0.270353
-0.269057
-0.268132
-0.253791
-0.141930
-0.262673
-0.257862
-0.187914
-0.261100
-0.274054
-0.260453
-0.237137
-0.258510
-0.274054
-0.274054
-0.257862
-0.191615
-0.250183
-0.279050
-0.265726
-0.266282
-0.251108
-0.266744
-0.274054
-0.246852
0.203921
-0.268225
-0.274054
-0.274054
-0.244261
0.202256
-0.265449
-0.274054
-0.274054
-0.269520
-0.227607
-0.271370
-0.274054
-0.246852
-0.291540
-0.244909
-0.274054
-0.274054
-0.246852
-0.291540
-0.243613
-0.265356
-0.258510
-0.268225
-0.247684
-0.256474
-0.230938
-0.233621
-0.262951
-0.274054
-0.274054
-0.274054
-0.274054
-0.274054
-0.267577
-0.200498
-0.067634
-0.266282
-0.199572
-0.244261
0.177829
0.072631
-0.269890
-0.274054
-0.274054
-0.274054
-0.274054
-0.274054
-0.263691
-0.111953
-0.018875
-0.263691
-0.181993
-0.242688
-0.270445
-0.260175
-0.253236
-0.274054
-0.274054
-0.274054
-0.274054
-0.274054
-0.266282
-0.259620
-0.183843
-0.265634
-0.230105
-0.267207
-0.274054
-0.270815
-0.265264
-0.270353
-0.274054
-0.274054
-0.274054
-0.274054
-0.274054
-0.268872
-0.277384
-0.268872
-0.249442
-0.269520
-0.274054
-0.267577
-0.133048
-0.192356
-0.225386
-0.266652
-0.274054
-0.274054
-0.269520
-0.261748
-0.268872
-0.267577
-0.222333
-0.269150
-0.274054
-0.265634
-0.193281
0.810780
0.110750
-0.187267
-0.245186
-0.268132
-0.264986
-0.114729
-0.272111
-0.260453
-0.168855
-0.263506
-0.274054
-0.270168
-0.100850
0.668850
1.157465
0.227052
-0.084196
-0.271833
-0.264986
-0.279882
-0.264339
-0.241023
-0.028590
-0.247499
-0.274054
-0.270168
-0.226034
-0.225942
-0.239265
-0.130180
-0.252126
-0.262951
-0.269520
-0.261748
-0.268872
-0.230013
0.287469
-0.254624
-0.274054
-0.274054
-0.274054
-0.274054
-0.270168
-0.276552
-0.269890
-0.274054
-0.264986
-0.114729
-0.272111
3.272722
3.189128
2.866143
2.761813
2.692027
2.666131
2.461051
2.336636
2.332451
2.412047
2.569797
2.767578
3.176854
3.272722
3.272722
3.221580
3.185827
3.122179
2.970658
2.840571
2.713414
2.257459
2.223798
2.646604
2.878603
3.000274
3.189593
3.272722
3.272722
3.269375
3.271513
3.251150
3.232599
3.224835
2.956757
2.233468
2.527907
3.023939
3.205075
3.243711
3.250592
3.272722
3.272722
3.272722
3.272722
3.272722
3.272722
3.272722
3.136219
2.892132
2.598670
3.092284
3.272722
3.272722
3.272722
3.272722
3.272722
3.272722
3.272722
3.272722
3.272722
3.272722
3.207121
3.051649
2.861028
3.084240
3.234366
3.272722
3.272722
3.272722
3.272722
3.272722
3.272722
3.272722
3.272722
3.261332
3.141194
2.753444
2.783757
2.851776
3.203866
3.272722
3.272722
3.272722
3.272722
3.272722
3.272722
3.272722
3.272722
3.245384
3.043094
2.835969
2.807655
3.055322
3.201588
3.272722
3.272722
3.272722
3.272722
3.272722
3.272722
3.272722
3.272722
3.249104
3.078661
2.844244
2.821230
3.001948
3.206191
3.272722
3.272722
3.272722
3.272722
3.272722
3.272722
3.272722
3.272722
3.266027
3.094794
2.635957
2.604992
2.860517
3.208097
3.272722
3.272722
3.272722
3.272722
3.272722
3.272722
3.272722
3.272722
3.272722
3.119807
2.679520
2.577143
3.072803
3.239526
3.272722
3.272722
3.272722
3.272722
3.258077
3.250359
3.231483
3.246082
3.254311
3.174064
2.986233
2.791893
3.139009
3.272722
3.272722
3.272722
3.272722
3.272722
3.219906
3.099815
3.072803
2.999251
3.089076
3.007760
2.784548
2.981770
3.017058
3.107487
3.171879
3.235900
3.272722
3.272722
3.143333
2.873814
2.716250
2.619823
2.388382
2.276521
2.139088
2.115330
2.276428
2.381222
2.715831
3.123992
3.243571
3.272722
3.123945
2.598437
2.344958
2.284378
2.298279
2.116771
1.989985
1.965251
2.085621
2.257040
2.527582
2.914216
3.228554
1.358486
1.037400
0.733480
0.720841
0.691034
0.567466
0.432769
0.427298
0.401264
0.450691
0.548035
0.751591
1.146064
1.254539
-0.022450
0.130170
0.313163
0.254492
0.063953
-0.016979
0.148092
0.184879
0.379569
0.229024
0.074895
0.189219
0.215630
0.491817
-0.211291
0.049804
0.197330
0.178277
0.286374
0.345988
0.872706
0.719143
1.161722
0.910059
0.610291
0.472574
0.179786
0.219214
-0.281658
-0.099231
0.150544
0.261849
0.624817
0.535584
0.903834
0.292034
0.325236
-0.161298
0.160166
-0.142055
0.334858
0.108287
-0.246946
-0.190917
0.253360
0.362779
0.315050
0.389378
0.661793
0.562562
0.236947
0.129793
0.141677
-0.043956
0.790076
-0.094138
-0.239589
-0.206008
0.288449
0.486534
0.242229
0.224874
0.385605
-0.241476
-0.384474
-0.045088
0.209970
0.075461
0.119228
-0.122436
-0.245060
-0.221290
0.572371
1.071357
0.359571
0.535396
-0.258454
-0.391454
-0.242041
-0.411263
0.098288
1.127953
0.385228
0.143942
-0.237702
-0.216950
0.283356
0.689525
0.398245
0.387115
-0.413715
-0.414847
-0.283545
-0.487101
0.060557
0.803282
0.549733
0.262604
-0.242796
-0.212801
0.162618
0.421072
0.514832
0.108098
-0.157713
-0.478045
-0.378626
-0.338443
0.507286
0.934773
0.747441
0.167523
-0.278828
-0.139225
0.275621
0.262793
0.585011
-0.202801
0.143188
0.560298
1.091920
0.694430
1.132103
0.634249
0.274678
0.095269
-0.223176
-0.063387
0.148847
0.168089
0.579917
0.084516
-0.183371
0.681224
1.641465
0.791963
0.313918
-0.078291
0.263170
0.155072
-0.179975
-0.086026
0.121869
-0.034901
0.329953
0.245059
0.158091
0.834976
1.158704
0.700089
0.170353
0.171484
0.247135
0.292600
-0.155827
0.039239
0.256756
0.094703
0.194123
0.034901
-0.092817
-0.010754
-0.040749
-0.083762
0.034335
0.192048
0.102061
0.288826
0.252417
0.731594
0.715370
0.595010
0.554450
0.487855
0.418431
0.324860
0.282413
0.376739
0.501438
0.654624
0.558789
0.511626
1.352290
1.440036
1.378798
1.270710
1.250420
1.321039
1.391710
1.468494
1.466176
1.417797
1.358034
1.396611
1.535213
1.742378
1.439246
1.726568
1.747911
1.601352
1.653262
1.798715
1.815473
1.778267
1.784854
1.786752
1.847884
1.853312
1.829070
1.835816
1.481459
1.827331
1.824169
1.753181
1.858635
1.783800
1.380274
0.873877
0.827606
1.017696
1.581800
1.946223
1.970518
1.846830
1.486939
1.823536
1.894893
1.904589
1.722826
0.981754
0.152093
-0.435094
-0.680888
-0.536542
0.354146
1.504594
1.996868
1.988752
1.519245
1.871125
2.062321
1.960821
1.217852
0.268139
-0.373909
-0.497280
-0.560257
-0.723417
-0.671244
0.762995
1.763353
2.084719
1.541695
1.921190
2.044509
1.603302
0.722679
-0.271670
-0.550771
-0.538281
-0.453960
-0.532589
-0.508716
-0.178232
1.199196
2.040293
1.546069
1.939635
1.959450
0.982597
-0.015705
-0.460179
-0.597305
-0.451589
-0.375648
-0.448164
-0.478466
-0.141606
0.934429
2.007513
1.537268
1.928305
1.959398
1.282251
0.009855
-0.674248
-0.729003
-0.503340
-0.384607
-0.355095
-0.365635
-0.064347
1.426492
2.096102
1.563144
1.902112
2.032177
1.705909
0.607002
-0.410482
-0.694537
-0.573379
-0.394672
-0.351511
-0.330378
0.354041
1.688360
2.133362
1.530786
1.873602
2.019845
1.949806
1.491366
0.361577
-0.534803
-0.685631
-0.580599
-0.404106
-0.051014
1.310868
1.838029
1.924141
1.500325
1.839663
1.906908
1.921981
1.876184
1.283042
0.239787
-0.649057
-0.586870
0.143398
1.220697
1.709809
1.881770
1.776896
1.447888
1.815210
1.864326
1.750705
1.866803
1.796712
1.210105
0.697805
0.754300
1.196139
1.773787
1.968673
1.801086
1.714078
1.328838
1.749650
1.848727
1.713603
1.720349
1.707438
1.627122
1.571734
1.605357
1.647465
1.754235
1.830651
1.758188
1.736159
1.567992
1.783695
1.838819
1.760718
1.751548
1.752444
1.785171
1.803563
1.779373
1.777687
1.765302
1.773840
1.829755
2.095048
1.264360
1.220210
1.265482
1.446330
1.446330
1.446330
1.446330
1.420341
1.368446
1.359498
1.405465
1.384418
1.388745
1.391148
1.214040
1.242245
1.234152
1.446330
1.438904
1.434684
1.438157
1.168474
0.761693
0.589632
0.821708
1.093181
1.299482
1.378461
1.326298
1.318526
1.313638
1.386928
1.339546
1.369461
1.371464
0.826302
0.416530
0.209026
0.588991
0.917594
1.181401
1.322212
1.422184
1.423280
1.391202
1.010222
0.678253
0.712468
1.077663
0.952904
0.658435
0.389393
0.663563
0.741768
1.032871
1.165776
1.419994
1.416682
1.142272
0.206248
-0.199892
0.204886
0.976194
1.276726
1.192485
0.991579
1.035329
0.823391
1.114521
1.121973
1.428675
1.430758
0.560706
-0.664258
-0.859395
0.067734
1.088720
1.428488
1.405999
1.143688
1.000152
0.619440
0.874406
1.103223
1.438263
1.438157
0.002564
-1.253249
-1.385967
0.150213
1.333189
1.446330
1.446330
1.341469
0.916953
0.499035
0.643638
1.082016
1.438904
1.434684
0.059001
-1.371250
-1.528968
-0.017361
1.391816
1.446330
1.446330
1.420341
1.000580
0.708088
0.745187
1.119810
1.432708
1.434845
0.682927
-0.486187
-0.446017
0.249704
1.415107
1.405491
1.319167
1.254718
1.199537
1.149297
1.176166
1.316977
1.438263
1.438157
1.247854
0.627746
0.507074
0.754321
1.323815
1.064174
0.922322
1.082577
1.266577
1.352580
1.373494
1.409551
1.401779
1.376458
1.397292
1.133031
1.130200
1.053678
0.792168
0.306034
0.223529
0.787708
1.199537
1.356320
1.365267
1.393445
1.264360
1.209072
1.240589
1.236903
1.128837
1.026515
0.537362
0.291771
0.209053
0.858727
1.251299
1.355812
1.340668
1.373494
1.188052
1.181054
1.174697
1.417217
1.330438
1.270503
0.920719
0.808487
0.761960
1.119649
1.336581
1.374829
1.382922
1.387062
1.289760
1.283697
1.264440
1.424775
1.409177
1.397559
1.386608
1.399722
1.417030
1.420368
1.437783
1.389172
1.396410
1.393018
1.514842
1.514842
1.514842
1.514842
1.514842
1.514842
1.514842
1.514842
1.514842
1.514842
1.514842
1.514842
1.514842
1.514842
1.514842
1.514842
1.514842
1.514842
1.514842
1.514842
1.514842
1.514842
1.514842
1.514842
1.514842
1.514842
1.514842
1.514842
1.514842
1.514842
1.514842
1.514842
1.514842
1.514842
1.417493
1.363632
1.373800
1.472385
1.514842
1.514842
1.514842
1.514842
1.514842
1.514842
1.514842
1.514842
1.514842
1.514842
1.431783
1.248765
1.360610
1.327427
1.334984
1.359167
1.514842
1.514842
1.514842
1.514842
1.514842
1.514842
1.514842
1.514842
1.453218
1.470324
1.435081
1.340893
1.129433
1.431714
1.514842
1.514842
1.514842
1.514842
1.507353
1.506666
1.507766
1.514842
1.514842
1.514842
1.514842
1.410555
1.487636
1.392418
1.514842
1.514842
1.514842
1.514842
1.508453
1.497323
1.511063
1.514842
1.514842
1.514842
1.514842
1.514842
1.514842
1.514842
1.514842
1.514842
1.514842
1.514842
1.510101
1.513605
1.509277
1.514842
1.514842
1.514842
1.514842
1.514842
1.514842
1.514842
1.514842
1.514842
1.514842
1.514842
1.514842
1.514842
1.514842
1.514842
1.514842
1.514842
1.514842
1.454935
1.449439
1.458233
1.514842
1.514842
1.514842
1.514842
1.514842
1.514842
1.514842
1.514842
1.320145
1.302283
1.285932
1.414677
1.332236
1.484614
1.514842
1.514842
1.514842
1.514842
1.514842
1.514842
1.514842
1.514842
1.348724
1.059359
1.378266
1.371808
1.482278
1.470324
1.514842
1.514842
1.514842
1.514842
1.514842
1.514842
1.514842
1.514842
1.391593
1.482690
1.341717
1.507422
1.481453
1.514842
1.514842
1.514842
1.514842
1.514842
1.514842
1.514842
1.514842
1.514842
1.514842
1.514842
1.514842
1.514842
1.514842
1.514842
1.514842
1.514842
1.514842
1.514842
1.514842
1.514842
1.514842
1.514842
1.514842
1.514842
1.514842
1.514842
1.514842
1.514842
1.514842
1.514842
0.058637
0.065122
0.448125
0.397491
0.324505
0.350581
0.530493
0.706129
0.689572
0.690814
0.516282
0.327678
0.119482
0.079608
0.207644
0.068433
0.198400
0.047875
0.321469
0.699092
0.275663
0.136038
-0.063604
0.407562
0.503865
0.558777
0.254554
0.055326
0.412253
0.020144
0.148869
0.054498
0.523457
0.051049
-0.044288
0.017246
0.054498
-0.065536
-0.123069
0.459991
0.407424
0.020282
0.317882
0.096303
0.314847
0.761730
-0.133417
0.030905
0.092992
0.096303
0.096303
0.096303
0.057947
-0.264902
0.985103
-0.100856
0.287391
0.192468
0.371000
0.250277
0.042219
0.095751
0.096303
0.096303
0.096303
0.096303
0.061396
0.457093
0.549671
0.326574
0.294841
0.214405
0.309328
0.131209
0.045668
0.089542
0.096303
0.096303
0.096303
0.096303
0.064018
0.410460
0.617828
0.408390
0.276905
0.215922
0.483722
0.292910
0.239377
-0.062086
0.081954
0.096303
0.096303
0.078919
-0.021523
-0.135624
0.388247
0.420807
0.264488
0.084299
0.165426
-0.129278
-0.073400
0.565400
0.006623
0.054498
0.032285
0.001104
0.529803
-0.049393
-0.429499
0.082644
0.270420
0.064984
0.123759
0.218130
1.670674
0.860655
0.066363
0.192468
0.275801
0.350581
-0.191778
1.372246
1.687093
-0.053532
0.314571
-0.001104
0.199090
-0.018488
-0.373070
-0.049117
0.018764
0.033389
0.023731
0.237446
0.643352
-0.361480
-0.346580
0.071468
0.348649
0.143350
0.081678
0.079471
0.091336
0.036562
0.221441
1.128730
0.278147
0.497794
0.281458
0.033941
0.041805
0.085541
0.269593
0.178257
0.299670
0.019868
0.061396
0.053256
0.139073
1.055606
0.185707
0.223787
0.065398
0.044288
0.210680
-0.017936
0.438467
0.405355
0.436536
0.249311
0.220338
0.222269
-0.001656
-0.254278
-0.017936
0.000276
0.129829
0.339129
0.632177
0.604997
1.018078
0.249311
0.043047
0.028284
0.054084
0.059051
0.094233
0.096303
0.096303
0.093819
0.066087
-0.017108
0.339267
-0.006485
1.329214
1.635709
1.652896
1.652896
1.652896
1.652896
1.652896
1.652896
1.652896
1.652896
1.652896
1.652896
1.647498
1.565751
1.369316
1.587014
1.652896
1.652896
1.652896
1.652896
1.668761
1.859136
1.914222
2.040698
1.674049
1.655540
1.662922
1.609599
1.715473
1.656422
1.652896
1.652896
1.652896
1.664795
1.826746
2.042241
1.986494
1.635709
1.807576
1.660167
1.635709
1.736185
1.650032
1.652896
1.652896
1.655540
1.704015
1.885026
1.519699
1.047727
0.968403
1.137516
1.586353
1.880289
1.632074
1.538869
1.571920
1.640777
1.652896
1.663252
1.779703
1.706439
1.425613
1.173872
1.179050
1.360282
1.454808
2.070334
2.121894
1.602989
1.622819
1.685837
1.797220
2.056232
1.711397
1.273026
1.581836
1.647828
1.652896
1.628989
1.513199
1.235568
1.901772
1.686608
1.669642
1.654769
1.573353
1.632735
1.608277
1.451503
1.609819
1.652896
1.652896
1.652896
1.523665
1.095210
1.049159
1.711838
1.647718
1.591751
1.621167
1.620506
1.986604
1.646396
1.652896
1.652896
1.652896
1.652896
1.652565
1.912239
1.739160
1.628438
1.685286
1.631302
1.548784
1.194474
1.299798
1.835449
1.666117
1.652896
1.652896
1.709744
2.284837
1.233916
1.071523
1.575115
1.654769
1.624252
1.406664
0.939428
0.956615
1.941875
2.021308
1.907832
2.077936
1.947383
1.495902
1.301120
0.921030
1.359731
1.606404
1.629099
1.561454
1.365901
0.987573
1.115922
2.122555
3.019457
2.251125
1.734863
0.911445
1.097965
1.197449
1.432003
1.744007
1.650472
1.652896
1.582276
1.272035
1.073617
0.683281
0.215384
0.641306
0.928632
1.062710
1.160101
1.290213
1.626675
1.483233
1.638023
1.652896
1.642650
1.584810
1.325578
0.836419
0.298343
0.692976
1.192601
1.465826
1.540742
1.532589
1.533471
1.532920
1.625023
1.652896
1.652896
1.632404
1.587454
1.624031
1.592192
1.588226
1.640226
1.652896
1.652896
1.584039
1.293188
-0.010667
1.021618
0.656942
0.717329
0.672943
0.524505
0.478220
0.477316
0.501995
0.579740
0.552710
0.603605
0.648715
-0.083801
-0.028205
0.902108
0.518719
0.482107
0.626838
0.531375
0.199334
0.303023
0.354371
0.316674
0.419550
0.715612
0.659021
0.320561
-0.077835
0.701328
0.350664
0.186045
0.384745
-0.083259
-0.086965
-0.077835
-0.029561
0.107215
-0.039776
0.157207
0.353919
0.442873
-0.063823
0.679542
0.417380
0.280423
0.249506
-0.059303
-0.031279
-0.032544
-0.043302
-0.041042
-0.054512
-0.063100
0.033991
0.422081
-0.065088
0.589503
0.249144
-0.017538
-0.058489
-0.040680
-0.029832
-0.029832
-0.029832
-0.029832
-0.029832
-0.042940
-0.042579
0.356269
-0.058399
0.593390
0.127736
0.011210
-0.071778
-0.029832
-0.029832
-0.029832
-0.029832
-0.029832
-0.032996
-0.037878
0.163354
0.033267
-0.060388
0.563919
0.222928
0.681621
-0.064184
-0.029832
-0.029832
-0.029832
-0.029832
-0.029832
-0.024860
0.096910
0.653959
0.357896
-0.057676
0.552710
0.009673
0.082265
-0.094559
-0.034171
-0.029832
-0.029832
-0.029832
-0.029832
-0.036612
-0.104865
-0.049359
0.327341
-0.057043
0.562563
0.217866
0.680175
0.002350
-0.032725
-0.029832
-0.029832
-0.029832
-0.031098
-0.028928
0.009582
0.922991
0.277078
-0.062467
0.543760
0.291633
0.392158
-0.082265
-0.058760
-0.029832
-0.029832
-0.029832
-0.027843
0.013560
-0.106944
0.049540
0.400565
-0.053517
0.682164
0.235042
0.311973
0.435370
-0.072501
-0.098627
-0.033087
-0.113543
-0.035437
-0.071055
-0.025493
0.592757
0.447122
-0.067168
0.664445
0.311069
0.150065
0.414397
0.714889
0.579920
1.361163
0.015459
0.388633
0.190565
0.675655
0.642387
0.519352
-0.065269
0.771751
0.377875
0.319205
0.366304
0.572327
0.556055
0.541139
0.700605
0.610747
0.483192
0.408250
0.560575
0.694096
-0.036612
0.917748
0.500187
0.460320
0.507690
0.320470
0.299497
0.247065
0.258456
0.348675
0.356721
0.370281
0.705125
0.221662
1.052287
1.059362
1.062484
1.100151
1.100151
1.100151
1.100151
1.072306
1.038635
1.045336
1.063587
1.090578
1.091993
1.092618
1.063108
1.047084
1.064773
1.100151
1.100151
1.100151
1.100151
1.071432
1.033682
1.030331
1.059945
1.084543
1.089538
1.093075
1.100151
1.100151
1.100151
1.100151
1.100151
1.100151
1.100151
1.077925
1.038677
1.026898
1.063691
1.092618
1.100151
1.100151
1.100151
1.100151
1.100151
1.100151
1.100151
1.100151
1.100151
1.100151
1.100151
1.092742
1.089538
1.093075
1.095510
1.096884
1.100151
1.100151
1.100151
1.100151
1.100151
1.100151
1.100151
1.100151
1.100151
1.100151
1.100151
1.100151
1.095365
1.096072
1.100151
1.100151
1.100151
1.100151
1.100151
1.100151
1.100151
1.100151
1.100151
1.100151
1.100151
1.100151
1.082524
1.085042
1.100151
1.100151
1.100151
1.100151
1.063025
1.074013
1.067353
1.100151
1.100151
1.100151
1.100151
1.100151
1.053306
1.065043
1.100151
1.100151
1.076947
1.083815
1.041361
1.067520
1.070017
1.100151
1.100151
1.100151
1.100151
1.100151
1.055533
1.055679
1.100151
1.100151
1.076219
1.079757
1.051683
1.057697
1.071849
1.100151
1.100151
1.100151
1.100151
1.100151
1.074221
1.063004
1.100151
1.100151
1.081630
1.073617
1.082462
1.100151
1.100151
1.100151
1.100151
1.100151
1.100151
1.081588
1.087082
1.083752
1.100151
1.100151
1.100151
1.100151
1.100151
1.100151
1.100151
1.100151
1.100151
1.100151
1.100151
1.081005
1.083835
1.085084
1.100151
1.100151
1.100151
1.100151
1.100151
1.072306
1.066625
1.005421
1.003611
1.017450
1.063254
1.085334
1.078924
1.086000
1.036554
1.025732
1.027251
1.075553
1.100151
1.066792
1.044129
0.947422
0.923199
0.934769
1.020675
0.992852
1.037241
1.026357
1.033848
1.014640
1.026710
1.077551
1.100151
1.073139
1.038760
0.955767
0.910483
0.924093
1.020530
0.991083
1.022964
1.032350
-1.024171
-0.588206
-0.632396
-0.766151
-0.902971
-0.998270
-0.905245
-0.770007
-0.766547
-0.822896
-0.854234
-0.797984
-0.474717
-0.412931
-1.123820
-1.119668
-1.118581
-1.121942
-1.125501
-1.126292
-1.124216
-1.122140
-1.121942
-1.122931
-1.123623
-1.119866
-0.835352
0.006030
-1.130938
-1.130938
-1.130938
-1.130938
-1.130938
-1.130938
-1.130938
-1.130938
-1.130938
-1.130938
-1.130938
-1.130938
-0.881420
-0.192971
-1.130938
-1.130938
-1.130938
-1.130938
-1.130938
-1.130938
-1.130938
-1.130938
-1.130938
-1.130938
-1.130938
-1.130938
-0.889526
-0.211161
-1.130938
-1.130938
-1.103752
-1.043943
-1.108102
-1.130938
-1.130938
-1.130938
-1.130938
-1.130938
-1.130938
-1.130938
-0.928575
-0.348574
-1.130938
-1.130938
-1.065692
-0.853641
-1.079927
-1.075577
-1.116406
-1.130938
-1.130938
-1.130938
-1.093866
-1.012308
-0.965944
-0.634373
-1.130938
-1.130938
-1.106817
-1.064407
-1.055806
-0.907024
-1.097030
-1.130938
-1.130938
-1.130938
-1.037023
-0.736988
-0.969602
-0.702388
-1.130938
-1.130938
-1.009343
-0.692008
-1.005784
-0.977609
-1.111166
-1.130938
-1.130938
-1.130938
-1.113144
-1.076072
-1.013495
-0.741733
-1.130938
-1.130938
-0.949830
-0.372300
-1.035046
-1.106916
-1.046217
-1.055411
-1.030597
-0.973556
-0.998270
-1.103357
-0.939153
-0.402650
-1.130938
-1.130938
-1.119075
-1.099798
-1.053829
-1.058871
-0.874401
-0.935792
-0.856112
-0.679453
-0.760319
-1.091098
-0.885275
-0.189808
-1.130938
-1.130938
-1.130938
-1.077555
-0.889230
-1.047403
-1.093076
-1.104939
-1.118185
-1.120261
-1.124315
-1.128368
-0.881123
-0.178044
-1.130938
-1.130938
-1.130938
-1.127379
-1.092680
-0.966043
-1.050270
-1.074391
-1.124809
-1.130938
-1.130938
-1.130938
-0.880234
-0.188621
-1.121052
-1.091889
-1.098908
-1.122239
-1.120657
-1.126292
-1.128368
-1.129950
-1.130543
-1.130938
-1.128467
-1.100786
-0.787999
-0.076121
-1.107212
-1.012308
-1.043053
-1.115813
-1.105729
-1.127874
-1.130938
-1.130938
-1.130938
-1.130938
-1.125007
-1.052346
-0.722258
-0.388019
-2.287697
-1.997384
-1.909232
-2.096773
-2.198672
-2.275478
-2.339846
-2.349883
-2.349883
-2.349883
-2.325008
-2.166597
-2.003821
-2.289660
-2.356429
-2.304934
-2.286497
-2.323263
-2.331118
-2.340064
-2.350319
-2.349883
-2.349883
-2.349883
-2.352501
-2.336355
-2.286606
-2.352501
-2.349883
-2.349883
-2.349883
-2.349883
-2.349883
-2.349883
-2.349883
-2.349883
-2.349883
-2.349883
-2.349883
-2.349883
-2.349883
-2.349883
-2.349883
-2.349883
-2.349883
-2.349883
-2.349883
-2.349883
-2.349883
-2.349883
-2.349883
-2.349883
-2.349883
-2.349883
-2.349883
-2.349883
-2.349883
-2.349883
-2.349883
-2.349883
-2.349883
-2.349883
-2.349883
-2.349883
-2.349883
-2.349883
-2.349883
-2.235329
-2.232602
-2.232602
-2.349883
-2.349883
-2.120775
-2.115320
-2.115320
-2.349883
-2.349883
-2.349883
-2.349883
-2.349883
-2.349883
-1.910323
-1.379884
-1.933561
-2.349883
-2.349883
-1.970219
-0.921232
-2.028587
-2.349883
-2.349883
-2.349883
-2.349883
-2.349883
-2.349883
-1.861556
-0.409994
-1.922215
-2.349883
-2.349883
-2.280169
-1.546587
-2.154160
-2.227911
-2.349883
-2.349883
-2.349883
-2.349883
-2.230747
-1.863956
-0.941524
-1.984292
-2.349883
-2.349883
-2.347265
-2.003276
-1.585208
-2.167797
-2.349883
-2.349883
-2.349883
-2.349883
-2.188198
-1.294350
-0.603099
-2.052043
-2.349883
-2.349883
-2.351192
-2.287806
-1.912505
-2.300352
-2.349883
-2.349883
-2.349883
-2.349883
-2.366903
-2.195835
-1.854901
-2.321299
-2.349883
-2.349883
-2.349883
-2.357084
-2.291079
-2.320208
-2.174997
-2.089137
-2.115429
-2.260749
-2.345192
-2.355120
-2.307116
-2.351629
-2.349883
-2.349883
-2.349883
-2.349883
-2.349883
-2.306353
-1.966946
-1.360683
-1.699108
-2.232383
-2.344865
-2.349883
-2.349883
-2.349883
-2.203254
-2.144777
-2.115975
-2.242530
-2.279951
-2.266422
-2.235002
-2.081063
-2.149468
-2.254967
-2.257149
-2.156232
-2.166924
-2.204454
-2.150887
-1.405959
-1.825990
-2.095573
-2.159069
-2.153941
-2.014622
-2.059789
-2.041460
-2.046588
-2.173470
-1.924724
-1.467600
-2.194308
0.984852
0.984852
0.984852
0.984852
0.984852
0.984852
0.984852
0.984852
0.984852
0.984852
0.984852
0.984852
0.984852
0.984852
0.984852
0.984852
0.984852
0.984852
0.984852
0.984852
0.839539
0.847725
0.867276
0.975922
0.984852
0.984852
0.984852
0.984852
0.984852
0.984852
0.984852
0.984852
0.984852
0.930360
0.582976
0.682861
0.694768
0.972134
0.984852
0.984852
0.984852
0.984852
0.984852
0.984852
0.984852
0.984852
0.984852
0.917574
0.641223
0.597284
0.685770
0.916187
0.932761
0.940203
0.984852
0.984852
0.984852
0.984852
0.984852
0.984852
0.984852
0.950756
0.797359
0.698184
0.867140
0.910098
0.769352
0.485627
0.610543
0.775001
0.984852
0.984852
0.863758
0.699030
0.739282
0.850904
0.984852
0.984852
0.984852
0.946968
0.657594
0.286803
0.449130
0.560956
0.984852
0.984852
0.835345
0.680764
0.737929
0.794078
0.984852
0.984852
0.984852
0.984852
0.845086
0.331385
0.324552
0.616023
0.984852
0.984852
0.909084
0.698691
0.644910
0.863081
0.984852
0.984852
0.984852
0.984852
0.939425
0.818229
0.704780
0.871199
0.984852
0.984852
0.984852
0.984852
0.984852
0.984852
0.984852
0.984852
0.984852
0.857703
0.838085
0.871132
0.953056
0.984852
0.984852
0.984852
0.984852
0.984852
0.984852
0.984852
0.670008
0.647379
0.537954
0.643320
0.766003
0.808183
0.964557
0.984852
0.984852
0.984852
0.984852
0.984852
0.984852
0.984852
0.329727
0.459818
0.214248
0.727104
0.638381
0.899613
0.984852
0.984852
0.984852
0.984852
0.984852
0.984852
0.984852
0.984852
0.458939
0.311563
0.296612
0.709583
0.879317
0.984852
0.984852
0.984852
0.984852
0.984852
0.984852
0.984852
0.984852
0.984852
0.818162
0.601546
0.797630
0.980793
0.984852
0.984852
0.984852
0.984852
0.984852
0.984852
0.984852
0.984852
0.984852
0.984852
0.984852
0.984852
0.984852
0.984852
0.984852
0.984852
0.984852
0.984852
-0.451344
-0.073978
-0.071143
-0.226446
-0.223868
-0.281478
-0.205567
-0.185204
-0.270008
-0.194741
-0.189070
-0.225672
-0.216006
-0.616958
-0.946638
-0.845207
-1.056316
-1.176434
-1.170634
-1.186100
-1.022034
-0.624691
-0.660778
-0.935296
-1.131068
-1.150400
-1.016362
-1.223347
-0.913258
-0.910422
-0.926146
-1.027962
-1.003475
-1.258145
-1.661545
-0.700860
-0.644023
-1.041237
-0.959783
-1.211619
-0.938647
-0.705242
-0.954242
-0.976538
-0.945865
-1.095883
-1.428914
-1.780375
-2.517579
-1.577127
-1.245256
-0.877815
-1.111349
-1.710005
-0.995613
-0.393992
-0.961329
-1.000897
-1.010047
-1.039046
-1.461005
-1.386254
-1.729208
-1.662834
-1.618886
-1.767873
-2.205040
-2.136346
-1.441157
-0.432013
-0.993292
-0.993293
-0.929883
-1.016363
-1.479435
-1.482270
-1.870591
-1.982590
-1.854997
-1.798418
-1.562951
-1.480853
-0.148602
-0.183399
-0.995226
-0.955402
-0.566050
0.065472
-0.273488
-1.030281
-1.774317
-1.930392
-1.859894
-1.806795
-1.242679
0.333159
1.545680
0.275549
-0.986462
-0.960944
-0.583191
0.123082
0.420670
-0.581129
-1.653941
-1.875875
-1.822132
-1.710907
-1.033890
0.317178
0.956045
0.201442
-0.923439
-0.948055
-0.613349
0.046139
0.703566
-0.835155
-1.759109
-1.829607
-1.794938
-1.731657
-1.645177
-0.347208
0.877427
0.157751
-0.917897
-0.916608
-0.702664
-0.525709
-0.791979
-2.105027
-1.868916
-1.058764
-1.028477
-1.558697
-2.769413
-2.199369
-1.179527
-0.501995
-0.945220
-0.925888
-0.918799
-1.119984
-1.782694
-3.085432
-2.037880
0.676114
1.012367
-0.121665
-2.306856
-1.839788
-0.862735
-0.656137
-0.860157
-0.711428
-0.757439
-0.824716
-1.082736
-1.131196
-0.775225
1.752148
1.239199
0.516558
-0.627140
-0.872273
-0.836830
-0.530993
-0.765043
-0.377367
-0.494649
-0.512564
-0.486659
-0.591053
-0.439488
-0.278901
-0.370665
-0.457531
-0.657685
-0.643379
-0.376980
-0.468744
0.072560
0.344114
0.195771
0.064054
0.010310
-0.050651
-0.012888
-0.147699
-0.233019
-0.089702
-0.077974
-0.027709
0.058641
-0.171671
1.538985
1.538985
1.538985
1.538985
1.527917
1.523551
1.523689
1.535617
1.534242
1.533726
1.533932
1.538985
1.538985
1.538985
1.526336
1.524961
1.525511
1.538985
1.511796
1.469860
1.477559
1.509527
1.503855
1.510936
1.527298
1.538985
1.538985
1.538985
1.492099
1.451332
1.493887
1.537232
1.528639
1.480240
1.430880
1.379044
1.488043
1.523723
1.532351
1.538985
1.538985
1.538985
1.477594
1.419983
1.479484
1.530220
1.535651
1.437995
1.295000
1.424142
1.523448
1.536820
1.537885
1.538985
1.538985
1.538985
1.479725
1.429677
1.483231
1.536820
1.537885
1.506811
1.482681
1.510386
1.538985
1.538985
1.538985
1.512105
1.509183
1.510352
1.472850
1.414724
1.451435
1.509183
1.510352
1.538985
1.538985
1.538985
1.538985
1.538985
1.538985
1.427099
1.339136
1.433458
1.466491
1.401628
1.406749
1.389975
1.482303
1.538985
1.538985
1.538985
1.538985
1.538985
1.538985
1.405306
1.247977
1.423592
1.468416
1.402968
1.439783
1.486393
1.505127
1.538985
1.538985
1.538985
1.538985
1.538985
1.510524
1.422527
1.391522
1.454873
1.482509
1.427511
1.450335
1.456591
1.505608
1.538985
1.538985
1.538985
1.538985
1.538985
1.469069
1.260798
1.207243
1.435623
1.494196
1.459891
1.472025
1.494952
1.515680
1.538985
1.516849
1.476494
1.473331
1.498562
1.516711
1.461644
1.444148
1.496121
1.483609
1.433492
1.470306
1.498012
1.512208
1.488834
1.296444
1.046477
1.040840
1.366257
1.537301
1.538985
1.508496
1.482887
1.486565
1.433595
1.487390
1.526439
1.494609
1.370004
0.909669
0.363744
0.625157
1.264235
1.508496
1.533932
1.496121
1.456282
1.512311
1.481272
1.512243
1.524892
1.494712
1.399324
1.203290
0.976767
1.013856
1.249970
1.442601
1.509115
1.477766
1.441707
1.534036
1.522555
1.517055
1.509011
1.468553
1.449888
1.407506
1.354638
1.333636
1.367666
1.429608
1.488043
1.442670
1.398706
1.552354
0.313874
-0.138039
-0.047800
-0.041389
-0.105988
-0.249055
-0.432573
-0.412348
-0.275359
-0.096318
0.022380
0.439093
1.425754
1.251741
-0.338521
-0.710362
-0.463739
-0.574148
-0.528779
-0.292876
-0.127539
-0.218165
-0.397925
-0.714010
-0.780211
-0.358414
0.953339
1.205047
-0.256737
-0.386817
-0.271601
-0.255576
0.183794
0.838344
0.768054
0.703952
0.383391
-0.132789
-0.577077
-0.614377
0.668586
1.199023
-0.118035
-0.318185
0.002431
0.536958
0.995392
1.016722
0.856138
0.559283
0.495237
0.484516
0.140857
-0.271657
0.471586
1.195266
-0.089410
-0.289284
0.392786
1.140448
1.148461
1.015506
0.680633
0.519827
0.736390
0.768606
0.519109
-0.436607
0.204350
1.192448
-0.069517
-0.436220
-0.494187
0.020114
0.724122
0.990639
1.414425
1.494994
1.066677
0.706992
-0.006189
-0.866416
-0.227172
1.171228
-0.080237
-0.618190
-0.758991
-0.671681
-0.154064
1.322474
2.102463
2.128159
1.694703
0.608077
-0.385104
-0.999481
-0.238722
1.158297
-0.151577
-0.358193
-0.614819
-0.782035
-0.099744
1.113039
1.987965
2.092959
1.598882
0.404611
-0.649024
-0.745397
0.132292
1.148737
-0.209324
-0.611558
-0.557459
-0.455560
-0.444674
0.209434
0.953394
1.136028
0.664442
-0.013815
-0.314703
-0.544915
0.321832
1.111658
-0.182302
-0.657314
-0.729372
-0.717049
-0.440475
-0.120411
0.637199
0.917531
0.543147
0.181417
-0.251487
-0.227891
0.380131
1.055956
-0.214242
-0.334929
-0.532206
-0.548507
-0.713512
-0.156385
0.966823
1.633420
0.845970
0.179373
-0.001547
-0.345870
0.469044
0.978372
-0.332774
-0.368306
-0.234190
-0.730920
-0.885923
-0.576855
0.469265
0.897251
0.456997
-0.193851
-0.441414
-0.466226
0.373058
0.683783
-1.024790
-1.192890
-0.934441
-1.174765
-1.571419
-1.603801
-1.207865
-1.098064
-1.192780
-1.248702
-1.115747
-1.010754
0.139144
1.002797
-0.288290
-0.611006
-0.413287
-0.456002
-0.620234
-0.752913
-0.859177
-0.864814
-0.779769
-0.549612
-0.426162
-0.228222
0.627031
0.708799
0.369266
0.243623
0.390461
0.522962
0.491223
0.455325
0.399363
0.436100
0.459083
0.493777
0.485277
0.667064
0.759691
-0.042246
-1.084814
-1.206005
-0.965410
-0.714709
-0.809634
-0.678373
-0.880846
-0.641710
-0.528398
-0.511215
-0.802301
-0.631385
0.156214
-0.302979
-1.066865
-0.676805
-0.195577
0.014665
-0.357738
-0.645905
-0.599172
-0.327093
-0.209586
0.017913
-0.210170
-0.819921
-0.025099
-0.429570
-1.171458
-0.801060
-0.292071
-0.435297
-0.493084
-0.643169
-0.240523
-0.086352
0.529565
-0.008172
-0.602711
-1.241721
-0.446388
-0.200575
-0.911162
-0.609496
-0.504685
-0.469371
-0.126956
0.059136
0.630327
0.855819
1.048223
0.272444
-0.852901
-1.714776
-0.731746
-0.181678
-1.229901
-0.853558
-0.957931
-0.681146
0.080551
0.601543
0.996164
1.143950
0.785921
0.442411
-1.068871
-1.676981
-0.814595
-0.102075
-1.358023
-1.010209
-1.108016
-0.793181
0.184523
0.622009
1.102726
1.258283
0.510011
0.402975
-0.833566
-1.442879
-1.095320
-0.066469
-1.276415
-0.933963
-0.940712
-0.417640
0.110211
0.497899
0.980805
1.029435
0.433072
0.375759
-0.678921
-1.623426
-1.023306
-0.039473
-1.082552
-0.935896
-1.278786
-1.005795
-0.625548
0.114515
0.435407
0.440915
0.052241
-0.638317
-1.154822
-1.692960
-0.628576
-0.126335
-0.853302
-0.598625
-0.668378
-0.957092
-0.921596
-0.029477
0.519168
0.493522
-0.040750
-0.816529
-1.261238
-1.553966
-0.513587
-0.232424
-0.784462
-0.451532
-0.289882
-0.454778
-0.638025
-0.234503
-0.052023
0.028127
-0.495820
-0.928965
-1.246573
-0.905106
-0.170405
-0.343291
-0.963586
-0.459557
-0.047937
0.016526
-0.210754
0.053081
0.166100
0.283571
-0.286380
-0.501146
-0.420668
-0.402099
0.116741
-0.487429
-1.235555
-0.830428
-0.192878
-0.105359
-0.390243
-0.162963
-0.002590
-0.139286
-0.493485
-0.520263
-0.418954
-0.381013
0.076465
-0.087154
-0.681110
-0.574292
-0.064828
0.206449
0.132574
-0.051840
-0.273611
-0.212213
-0.011601
0.114807
-0.056328
-0.201378
0.040020
-1.226618
-1.214033
-1.216661
-1.228451
-1.208696
-1.174285
-1.207740
-1.232593
-1.226618
-1.204076
-1.174444
-1.146485
-1.112073
-1.120995
-1.204394
-1.152857
-1.173329
-1.220166
-1.119800
-0.988846
-1.158035
-1.222636
-1.136289
-0.988607
-0.941610
-0.838854
-0.609207
-0.675560
-1.228291
-1.220405
-1.208138
-1.195712
-1.200890
-1.177391
-1.171656
-1.166956
-0.864185
-0.599250
-0.998962
-0.987412
-0.527480
-0.551855
-1.232593
-1.232593
-1.166797
-1.090407
-1.189101
-1.147998
-1.049783
-1.169505
-0.922334
-0.588337
-1.027081
-1.122190
-0.696111
-0.491715
-1.224627
-1.197225
-1.175400
-1.194278
-1.222556
-1.219688
-1.204633
-1.219688
-1.192446
-1.131669
-1.158433
-1.205191
-0.878603
-0.506610
-1.185038
-1.014017
-0.942566
-1.143538
-1.216661
-1.193721
-1.216024
-1.232593
-1.232593
-1.138917
-1.022381
-1.160106
-1.041499
-0.816630
-1.177869
-0.901782
-0.729487
-1.080291
-1.157398
-1.070095
-1.182887
-1.232593
-1.232593
-1.079016
-0.897322
-1.123146
-1.126252
-0.992112
-1.216024
-1.056155
-0.912456
-1.126650
-1.221122
-1.207740
-1.221122
-1.232593
-1.230601
-1.151264
-1.065156
-1.175241
-1.005016
-0.729089
-1.231159
-1.166717
-1.081486
-1.151742
-1.218095
-1.232593
-1.232593
-1.232593
-1.223193
-1.203678
-1.207740
-1.223990
-0.930299
-0.557510
-1.232593
-1.225424
-1.151264
-1.083238
-1.189101
-1.232593
-1.142980
-0.854626
-0.687509
-0.913173
-1.166956
-1.202722
-0.721203
-0.242074
-1.232593
-1.232593
-1.222556
-1.196907
-1.182569
-1.203518
-0.691890
0.805080
1.336225
0.031703
-1.015531
-1.035445
-0.554643
-0.480802
-1.232593
-1.232593
-1.232593
-1.164806
-1.041419
-1.077264
-0.582204
0.639715
0.554245
-0.558785
-1.061412
-0.897720
-0.559661
-0.640352
-1.232593
-1.232593
-1.232593
-1.213157
-1.111038
-0.997529
-0.996732
-0.955869
-0.986934
-1.092160
-1.057430
-0.937787
-0.779272
-0.847855
-1.232593
-1.232593
-1.232593
-1.231159
-1.218016
-1.199137
-1.205589
-1.225424
-1.232593
-1.225424
-1.208457
-1.191012
-1.172612
-1.179542
1.043301
1.043301
1.043301
1.043301
1.043301
1.043301
1.043301
1.043301
1.043301
1.043301
1.043301
1.043301
1.043301
1.043301
1.043301
1.043301
1.043301
1.043301
1.043301
1.043301
0.974159
0.973052
0.927759
0.999717
1.011149
1.043301
1.043301
1.043301
1.043301
1.043301
1.043301
1.043301
1.043301
1.043301
0.964340
0.915750
0.850169
0.922536
0.948167
1.031244
1.043301
1.043301
1.043301
1.043301
1.043301
1.043301
1.043301
1.043301
0.994206
0.980994
0.898277
0.913102
0.947180
1.030522
1.043301
1.043301
1.043301
1.043301
1.043301
1.039234
1.040365
1.039282
1.043301
1.043301
1.005758
0.998033
0.998562
0.933246
0.969899
0.942824
1.043301
1.043301
1.043301
1.018320
1.022484
1.018946
1.043301
1.043301
1.043301
1.043301
1.043301
0.862106
0.842901
0.872502
1.043301
1.043301
1.043301
1.017189
1.009801
1.019211
1.043301
1.043301
1.043301
1.043301
1.043301
0.856113
0.845355
0.865162
1.043301
1.043301
1.043301
1.028862
1.029222
1.029343
1.043301
1.043301
1.043301
1.043301
1.043301
0.889638
0.892838
0.895750
1.043301
1.043301
1.043301
1.043301
1.043301
1.014831
1.010547
1.006359
1.031244
1.043301
1.031100
0.935941
0.911033
0.951488
1.043301
1.043301
1.043301
1.043301
1.043301
1.010788
0.896930
0.861336
0.892189
0.974977
1.029367
0.981571
0.988286
1.001426
1.043301
1.043301
1.043301
1.043301
1.043301
1.019018
0.836595
0.626520
0.679394
0.854332
1.034637
1.034854
1.034926
1.043301
1.013940
1.003111
1.043301
1.043301
1.043301
1.038657
0.890023
0.678768
0.676434
0.868291
1.043301
1.043301
1.043301
1.043301
0.946699
0.952475
1.043301
1.043301
1.043301
1.040413
0.988502
0.901430
0.905257
0.958082
1.043301
1.043301
1.043301
1.043301
0.941501
0.964267
1.043301
1.043301
1.043301
1.043301
1.043301
1.040413
1.040486
1.040510
1.043301
1.043301
1.043301
1.043301
1.848367
1.924284
1.911859
1.939511
1.936854
1.963859
1.949566
1.945400
1.915235
1.825959
1.858423
2.049831
2.174301
2.051196
1.823948
1.974992
2.207842
2.366571
2.304875
2.292450
2.324914
2.038483
2.271908
2.221704
2.178395
2.321394
2.282610
2.213516
1.999340
2.239875
2.306240
2.415195
2.303008
2.521924
2.678643
1.571992
2.455057
2.716709
2.416345
2.422593
2.251726
2.259627
1.982389
2.183925
2.316223
2.417996
2.042074
2.568250
2.795355
2.478112
2.265732
2.317731
2.146146
2.440836
2.300925
2.192831
1.977434
2.107505
2.322831
2.411820
2.723676
2.768421
2.693654
2.426400
2.308466
2.361974
2.301140
2.311339
2.087251
2.238582
2.011119
2.109301
2.323693
1.687412
2.623985
2.305234
2.483427
2.446223
2.439256
2.513737
2.263146
1.228821
-0.019895
2.089262
2.014351
2.151389
2.258980
1.103993
1.973412
2.074682
2.511295
2.645747
2.574140
2.562720
2.318521
2.457571
1.846931
1.947124
1.980235
2.087323
2.521134
2.728129
2.642659
2.279091
2.521422
2.633394
2.607250
2.541101
2.344881
2.676991
2.555609
1.970826
1.960124
2.154837
2.299991
2.493626
2.168339
2.784653
2.457068
2.377273
2.420007
2.219837
2.679935
1.916958
1.725909
2.017367
2.002141
2.183925
2.233196
2.349908
2.017798
2.838377
2.797366
2.287135
2.454770
2.414405
2.821570
2.643306
1.932688
2.000130
2.006666
2.185720
2.290223
2.456063
2.553886
2.769068
2.542897
1.814467
2.179472
2.075688
2.624201
2.180621
2.205328
2.161875
2.011119
2.155411
2.276074
2.371886
2.397886
2.219621
1.366506
1.247136
2.189456
1.927014
1.837091
2.279737
2.217754
2.203533
1.922704
2.114113
2.188378
2.249499
2.161085
1.993953
1.910925
1.849876
1.818345
1.916097
2.036759
2.229892
2.141693
2.162378
1.859500
1.895124
2.108152
2.150168
2.149306
2.156129
2.119571
2.158571
2.203317
2.139323
2.189599
2.251152
2.231113
2.161803
2.346702
3.278948
3.364248
3.466982
3.475612
3.467628
3.400234
3.333897
3.311060
3.338593
3.429411
3.460173
3.372290
3.261513
3.465339
3.426123
3.472912
3.471503
3.461523
3.436866
3.457061
3.467863
3.450369
3.368650
3.444968
3.399647
3.392955
3.452013
3.475729
3.475025
3.468567
3.457648
3.444968
3.297382
3.460818
3.475612
3.463401
3.416906
3.444498
3.251298
3.110521
3.430878
3.475612
3.475612
3.458940
3.374521
3.455300
3.477021
3.468567
3.475612
3.472794
3.476082
3.465515
3.426886
3.204157
3.441680
3.475612
3.472090
3.454419
3.413560
3.467159
3.475612
3.475612
3.475612
3.475612
3.475612
3.475612
3.457061
3.451015
3.429528
3.475612
3.461405
3.407279
3.464576
3.473264
3.475612
3.475612
3.475612
3.475612
3.475612
3.475612
3.442150
3.313291
3.277657
3.475612
3.459527
3.371997
3.465221
3.462697
3.442678
3.463343
3.475612
3.475612
3.475612
3.475612
3.432170
3.158132
3.345227
3.475612
3.470681
3.465867
3.444557
3.443618
3.312234
3.462051
3.475612
3.475612
3.475612
3.470916
3.416672
3.384736
3.433461
3.475612
3.475612
3.457648
3.341939
3.456768
3.476904
3.469155
3.475612
3.475612
3.448607
3.398767
3.334660
3.054810
3.441093
3.475612
3.475612
3.469272
3.476669
3.470329
3.475612
3.436866
3.335716
3.334014
3.390665
3.106529
3.352213
3.420194
3.446905
3.475612
3.475612
3.475612
3.475612
3.463871
3.444498
3.342761
2.746898
2.781065
3.385029
3.423481
3.090620
3.262100
3.457590
3.442150
3.450780
3.459116
3.461112
3.427180
3.292098
3.309886
2.700169
2.973091
3.403228
3.414382
3.257931
3.360842
3.449664
3.216309
3.371703
3.410507
3.443852
3.362252
3.345873
3.380626
3.324445
3.431407
3.380920
3.410038
3.298262
3.372290
3.413560
2.954834
3.424127
3.473616
3.469155
3.470094
3.471620
3.464810
3.475495
3.466806
3.474790
3.465163
3.472207
3.461640
3.428472
0.976630
0.958626
0.948301
0.950316
0.965550
0.976630
0.955352
0.955352
0.947672
0.958751
0.949686
0.924254
0.936467
0.947546
0.976630
0.934956
1.215594
1.094601
0.889631
0.928912
0.902976
1.287107
0.943769
1.077478
1.025102
1.032908
1.410491
0.836500
0.976630
0.923247
0.996900
0.895170
1.026991
1.336209
0.973734
0.675973
0.791930
0.854252
0.874648
1.191798
1.213579
0.795959
0.976630
0.934956
1.149998
1.009616
1.316190
0.623849
0.612644
1.932989
1.922413
0.487874
0.828316
0.623346
1.656632
0.731622
0.976630
0.958626
0.823783
1.309265
0.564801
1.538157
1.448388
0.938355
1.250091
1.624023
1.537528
0.510159
1.395005
0.793315
0.976630
0.971719
0.925639
0.874522
0.583812
1.436805
1.451536
0.660991
0.712107
0.787649
1.591288
1.216979
0.511040
0.948427
0.976630
0.964669
1.039581
0.632159
2.579627
0.677484
1.030516
0.983428
1.081381
0.911790
1.418801
2.096285
0.474151
0.976630
0.976630
0.965928
1.006217
0.642987
1.169513
1.065391
1.145591
0.999292
0.988339
0.986450
1.228813
1.413261
0.549441
0.976630
0.974993
0.971971
0.945028
0.754663
1.573158
1.468155
1.348799
0.897059
1.059977
1.100644
1.599724
1.002314
0.702791
0.955856
0.973734
0.983806
0.927150
1.128091
0.337798
1.668341
1.111850
0.998915
1.196079
1.682694
1.629563
0.251806
1.299067
0.879307
0.968446
0.902851
1.184496
0.794700
0.955982
0.471003
0.776444
1.637998
0.620072
1.374231
0.209125
0.808675
1.164099
0.863695
0.945406
0.954597
1.205270
1.085410
0.779340
0.946413
0.727971
0.561024
0.630270
0.909901
0.769519
0.905620
1.310021
0.799862
0.935333
1.157930
1.241907
1.337342
1.384933
1.132246
1.278419
1.277160
1.146473
1.165736
1.294157
1.175556
1.682568
0.754537
0.956989
0.857525
0.769645
0.735148
0.761335
0.827686
0.816985
0.820510
0.843298
0.821643
0.797847
0.763728
0.694355
0.938355
-1.375408
-1.375408
-1.375408
-1.375408
-1.375408
-1.375408
-1.375408
-1.375408
-1.375408
-1.375408
-1.375408
-1.375408
-1.375408
-1.375408
-1.375408
-1.375408
-1.375408
-1.375408
-1.375408
-1.375408
-1.256000
-1.201034
-1.297698
-1.375408
-1.375408
-1.375408
-1.375408
-1.375408
-1.375408
-1.375408
-1.375408
-1.375408
-1.375408
-1.222831
-1.057828
-0.792792
-1.345082
-1.375408
-1.375408
-1.375408
-1.375408
-1.375408
-1.375408
-1.375408
-1.375408
-1.375408
-1.375408
-1.254315
-0.666855
-1.133854
-1.292012
-1.375408
-1.375408
-1.375408
-1.375408
-1.375408
-1.375408
-1.375408
-1.375408
-1.375408
-1.375408
-1.259159
-1.116269
-1.268846
-1.375408
-1.375408
-1.375408
-1.375408
-1.375408
-1.375408
-1.375408
-1.375408
-1.375408
-1.375408
-1.375408
-1.375408
-1.375408
-1.375408
-1.375408
-1.375408
-1.375408
-1.375408
-1.375408
-1.375408
-1.375408
-1.375408
-1.375408
-1.375408
-1.375408
-1.375408
-1.375408
-1.375408
-1.375408
-1.375408
-1.375408
-1.375408
-1.375408
-1.375408
-1.375408
-1.375408
-1.375408
-1.375408
-1.375408
-1.375408
-1.375408
-1.375408
-1.375408
-1.375408
-1.375408
-1.375408
-1.375408
-1.375408
-1.375408
-1.375408
-1.375408
-1.375408
-1.375408
-1.375408
-1.375408
-1.375408
-1.375408
-1.375408
-1.375408
-1.375408
-1.375408
-1.375408
-1.375408
-1.375408
-1.375408
-1.375408
-1.375408
-1.375408
-1.149859
-0.687809
-0.705499
-1.142277
-1.375408
-1.375408
-1.375408
-1.375408
-1.375408
-1.375408
-1.375408
-1.375408
-1.375408
-1.362141
-0.725927
0.728034
0.794056
-1.099947
-1.362456
-1.375408
-1.375408
-1.375408
-1.375408
-1.375408
-1.375408
-1.375408
-1.375408
-1.364878
-0.791844
1.299383
0.487532
-0.984014
-1.370354
-1.375408
-1.375408
-1.375408
-1.375408
-1.375408
-1.375408
-1.375408
-1.375408
-1.365299
-1.009180
-0.418035
-0.639583
-1.174815
-1.361509
-1.375408
-1.375408
-1.375408
-1.375408
-1.375408
-1.375408
-1.375408
-1.375408
-1.375408
-1.375408
-1.375408
-1.375408
-1.375408
-1.375408
-1.375408
-1.375408
-1.375408
-0.349560
0.704346
1.123542
0.961131
0.880086
0.786458
0.793283
0.752440
0.759265
0.896402
0.935325
0.965397
0.588964
-0.071661
0.588537
0.896722
1.141883
1.030447
1.020209
0.923702
0.844789
1.049001
1.180380
1.201388
1.080140
1.096989
0.744229
0.681525
0.920289
1.078540
1.285205
1.160972
1.032686
1.007839
1.292563
1.070649
1.731487
1.906160
1.459239
0.956439
0.755533
0.954520
1.101788
1.256520
1.385232
1.156280
1.277741
1.495389
1.328394
0.554733
0.900881
1.756547
1.652255
1.279447
0.781552
0.957186
1.070329
1.259079
1.229967
1.102747
1.225488
0.471235
0.422608
0.623514
0.713411
0.561984
0.453959
1.403787
0.860251
0.850974
0.993123
1.174941
1.153294
1.220583
1.022982
0.257745
0.400640
0.589710
0.546735
0.340283
0.198987
0.375580
0.234178
0.625434
1.068729
1.236792
1.518530
1.959053
1.430980
0.577340
0.629379
0.703600
0.575314
0.585444
0.537884
1.017116
1.019676
0.687284
1.040897
1.174621
1.407733
1.804428
1.201601
0.475713
0.505892
0.553879
0.480299
0.454493
0.551214
1.243403
1.629007
0.897148
1.047295
1.268143
1.290644
1.171315
0.914850
0.283978
0.293255
0.454706
0.413543
0.421328
0.335058
0.509625
1.284139
0.928073
1.052627
1.232419
1.334259
1.031833
1.081633
0.401813
0.084671
0.677047
1.033432
0.512290
0.113890
0.797548
0.916770
1.000374
1.097415
1.242550
1.475768
1.325301
1.020316
0.904720
1.237431
1.735966
2.393711
1.453907
1.159265
0.838924
0.838177
1.153294
1.015943
1.210132
1.342257
1.300028
1.097202
0.827620
1.030980
1.860519
2.548017
1.548602
0.954840
0.925621
1.076194
1.198295
0.765130
1.060625
1.382459
1.246176
1.224315
1.124075
1.121196
1.095922
1.377768
1.278700
1.188591
1.163851
1.033006
0.920182
0.531699
1.592750
1.816584
1.702588
1.669317
1.577181
1.448255
1.433219
1.418503
1.475555
1.512558
1.711119
1.590084
0.776007
-0.087116
-0.074671
-0.090672
-0.092450
-0.092450
-0.092450
-0.092450
-0.092450
-0.092450
-0.092450
-0.092450
-0.088183
-0.078227
-0.091028
-0.078227
0.114674
-0.098673
-0.092450
-0.092450
-0.085516
-0.066671
-0.074316
-0.058848
-0.058137
-0.089250
-0.081072
0.073249
-0.097428
-0.088005
-0.112007
-0.089783
-0.083916
-0.048536
-0.019557
0.189078
0.024179
0.225258
0.355132
-0.000533
-0.031113
-0.092806
-0.089250
-0.092450
-0.092450
-0.092450
-0.063293
0.301529
0.506164
-0.133697
-0.085872
0.040536
0.602347
0.925300
0.504830
0.039113
-0.094583
-0.092450
-0.092450
-0.084449
-0.017601
0.220369
-0.144364
-0.084716
-0.090228
-0.088005
-0.132808
-0.080538
0.851162
0.126141
-0.090939
-0.092450
-0.092450
-0.071115
0.299840
0.847695
-0.113162
-0.092450
-0.092450
-0.092450
-0.092450
0.005156
0.855340
0.520209
-0.109340
-0.092450
-0.092450
-0.085783
-0.039202
0.399491
-0.084805
-0.092450
-0.092450
-0.092450
-0.092450
-0.027824
0.429270
-0.156898
-0.084183
-0.092450
-0.092450
-0.092450
0.027291
1.122023
-0.111207
-0.092450
-0.092450
-0.092450
-0.092450
-0.060804
0.060537
-0.088450
-0.092450
-0.092450
-0.092450
-0.092450
0.021690
1.007527
-0.050492
-0.086583
-0.092450
-0.092450
-0.073249
0.003289
0.180989
-0.092183
-0.092272
-0.092450
-0.092450
-0.092450
-0.041425
0.231303
0.676752
0.037424
-0.059204
-0.061159
0.019379
0.734266
0.282684
-0.077427
-0.092717
-0.092450
-0.092450
-0.092450
-0.083027
-0.057781
0.439582
1.612985
0.040358
0.127563
0.499141
0.338154
-0.132008
-0.045869
-0.093250
-0.092450
-0.092450
-0.092450
-0.092006
-0.076093
0.057337
0.233170
-0.097072
-0.092094
-0.059559
-0.010045
-0.085338
-0.063737
-0.075827
-0.083916
-0.081249
-0.091383
-0.092450
-0.089783
-0.093961
-0.135830
-0.086316
-0.091117
-0.095650
-0.103384
-0.079916
0.026313
0.123563
-0.021779
0.029957
-0.096184
-0.092450
-0.092450
-0.092450
-0.092450
-0.092450
-0.092450
-0.092450
-0.092450
-0.077871
0.114318
0.237525
1.264819
1.802411
2.280238
2.065603
2.426488
2.818212
3.074126
3.098741
2.828269
2.466235
2.319027
2.606164
2.626565
2.091750
1.208982
1.808636
2.342014
1.886694
2.202755
3.279470
3.607503
2.960153
2.090793
1.727131
1.580498
1.784596
1.819076
2.104872
1.500141
1.394309
2.003732
1.913798
2.401874
3.294698
2.957375
2.344121
1.914373
1.743604
1.730770
1.721288
1.612008
1.884587
1.430799
1.438270
2.339811
2.477633
2.479069
2.187814
1.831910
1.693609
1.608560
1.845797
2.022983
1.841487
1.730770
1.729717
1.275163
1.787661
2.587392
2.236564
1.849724
1.777605
1.747339
1.371514
1.258498
2.642654
3.097017
2.435108
1.979405
1.742359
1.066850
2.346611
2.575611
1.810264
1.765345
1.742359
1.742359
1.274014
1.054304
2.319506
3.653571
3.923469
2.553583
1.742359
1.014940
2.301787
2.616316
1.930942
1.868592
1.742359
1.742359
1.234746
1.076428
2.260412
3.972410
3.439895
2.097401
1.742359
0.998658
1.915427
2.895791
2.841294
2.158890
1.742359
1.742359
1.143758
1.044917
2.663534
4.192599
2.925194
1.795611
1.742359
1.141939
1.584137
3.001624
2.755096
1.960346
1.742359
1.742359
1.051239
1.190593
3.380322
3.737854
2.446984
1.814766
1.744275
1.348624
1.366725
2.602141
2.724639
2.168276
2.056984
1.858727
1.417295
1.415284
2.623116
2.423136
1.786512
1.722629
1.771667
1.535004
1.283687
1.872136
2.306768
3.102955
3.221430
2.518337
2.034955
1.664110
1.719469
1.800878
1.742359
1.692939
1.776072
1.566227
1.473899
1.834496
1.632217
2.447559
3.276788
4.076902
3.118566
1.949236
1.690640
1.716500
1.776839
1.693034
1.961016
1.573889
1.553201
1.928165
1.636239
1.851735
2.362701
3.355325
3.768120
2.526095
1.629248
1.844744
2.007946
2.230530
2.281866
1.476485
1.857386
2.059474
1.742455
1.938987
2.226507
2.456753
2.709123
2.555594
2.125368
1.932858
2.112821
2.513357
2.131210
2.290093
2.179971
2.191073
2.249934
2.260477
2.302014
2.265319
2.195692
2.059530
2.065081
2.215586
2.231530
2.223484
2.334835
2.128599
1.604626
1.534142
1.674849
1.768021
1.896024
1.805758
1.290317
1.069776
1.496777
1.619379
1.711693
2.016279
2.296389
2.102931
1.721603
1.595536
1.757850
1.782028
2.025630
1.214692
-0.198823
0.210483
1.083224
1.599001
1.904891
2.174309
2.321088
2.180828
1.931080
1.967812
2.113995
1.681592
1.289572
1.291174
0.983086
0.910666
1.142793
0.975375
1.745408
2.308198
2.386953
2.201951
2.009201
2.149200
2.286181
1.948961
1.557463
1.460529
1.789441
1.587750
1.484707
1.901314
2.059754
2.319151
2.394776
2.215586
2.089035
2.210780
2.384345
2.262265
2.214692
2.065640
2.113399
2.046380
2.071898
2.181462
2.372796
2.378608
2.380694
2.221584
2.089743
2.220168
2.389262
2.392429
2.379204
2.366798
2.352269
2.320604
2.313936
2.339715
2.381737
2.346793
2.261780
2.214692
2.061020
2.179673
2.382072
2.394776
2.394776
2.394776
2.394776
2.387735
2.390306
2.386953
2.394776
2.361918
2.373914
2.215698
2.057295
2.184181
2.356703
2.394776
2.394776
2.394776
2.394776
2.394776
2.394776
2.394776
2.389002
2.389747
2.387884
2.222739
1.994187
2.005438
2.284878
2.368587
2.394776
2.394776
2.394776
2.394776
2.394776
2.394776
2.364936
2.336213
2.365457
2.234064
1.968743
1.841224
2.038184
2.300375
2.379316
2.375479
2.394776
2.394776
2.394776
2.369369
2.307044
2.238422
2.331296
2.245910
1.950563
1.836530
2.008754
2.201169
2.215958
2.320455
2.359310
2.360540
2.348209
2.253287
2.067689
2.158290
2.326453
2.226985
1.979174
1.817084
1.921543
2.013149
2.088625
2.020116
2.149610
2.145959
2.009797
1.928547
2.011250
2.214654
2.337592
2.181350
1.644264
1.472823
1.627090
1.756733
1.749133
1.784487
1.771299
1.763923
1.727973
1.735982
1.918078
2.131728
2.352307
-0.006434
-0.006434
-0.006434
-0.006434
-0.006434
-0.006434
-0.006434
-0.006434
-0.006434
-0.006434
-0.006434
-0.006434
-0.006434
-0.006434
-0.006434
-0.006434
-0.006434
-0.006434
-0.006434
-0.006434
-0.006434
-0.006434
-0.006434
-0.006434
-0.006434
-0.006434
-0.006434
-0.006434
-0.006434
-0.006434
-0.006434
-0.006434
-0.006434
-0.006434
-0.006434
-0.006434
-0.006434
-0.006434
-0.006434
-0.006434
-0.006434
-0.006434
-0.006434
-0.006434
-0.006434
-0.006434
-0.006434
-0.006434
-0.006434
-0.006434
-0.006434
-0.006434
-0.006434
-0.006434
-0.006434
-0.006434
-0.006434
-0.006434
-0.006434
-0.006434
-0.006434
-0.006434
-0.006434
-0.006434
-0.006434
-0.006434
-0.006434
-0.006434
-0.006434
-0.006434
-0.006434
-0.006434
-0.006434
-0.006434
-0.006434
-0.006434
-0.006434
-0.006434
-0.006434
-0.006434
-0.006434
-0.006434
-0.006434
-0.006434
-0.006434
-0.006434
-0.006434
-0.006434
-0.006434
-0.006434
-0.006434
-0.006434
-0.006434
-0.006434
-0.006434
-0.006434
-0.006434
-0.006434
-0.006434
-0.006434
-0.006434
-0.006434
-0.006434
-0.006434
-0.006434
-0.006434
-0.006434
-0.006434
-0.006434
-0.006434
-0.006434
-0.006434
-0.006434
-0.006434
-0.006434
-0.006434
-0.006434
-0.006434
-0.006434
-0.006434
-0.006434
-0.006434
-0.006434
-0.006434
-0.006434
-0.006434
-0.006434
-0.006434
-0.006434
-0.006434
-0.006434
-0.006434
-0.006434
-0.006434
-0.006434
-0.006434
-0.006434
-0.006434
-0.006434
-0.006434
-0.006434
-0.006434
-0.006434
-0.006434
-0.006434
0.066883
-0.178206
-0.167732
0.077357
-0.006434
-0.006434
-0.006434
-0.006434
-0.006434
-0.006434
-0.006434
-0.006434
-0.006434
-0.006434
0.125537
0.414617
0.404143
0.115063
-0.006434
-0.006434
-0.006434
-0.006434
-0.006434
-0.006434
-0.006434
-0.006434
-0.006434
-0.006434
0.022893
0.138106
0.150675
0.035462
-0.006434
-0.006434
-0.006434
-0.006434
-0.006434
-0.006434
-0.006434
-0.006434
-0.006434
-0.006434
-0.006434
-0.006434
-0.006434
-0.006434
-0.006434
-0.006434
-0.006434
-0.006434
-0.006434
1.089276
0.826670
1.022332
1.300741
1.300402
1.278667
1.354932
1.399589
1.402428
1.375439
1.328875
1.224053
1.166727
1.294301
0.639482
0.102068
0.464030
1.056227
1.117621
1.192403
1.286039
1.394886
1.402428
1.341331
1.283158
0.966828
0.798113
1.045465
0.377766
-0.353530
0.082154
0.710451
0.924586
1.098004
1.333196
1.400225
1.402428
1.378998
1.270023
0.789342
0.526313
0.796969
0.401959
-0.355479
-0.189306
0.121388
0.135116
0.688079
1.222951
1.402428
1.402428
1.259770
0.739685
0.301331
0.221846
0.663590
0.484749
-0.421237
-0.543896
-0.753879
-0.934966
-0.215194
0.864845
1.365524
1.402428
0.936830
0.016694
-0.588045
-0.694689
0.203755
0.453607
-0.666768
-1.244220
-1.733376
-2.009200
-0.998054
0.565801
1.282268
1.352093
0.760108
-0.205280
-1.401157
-1.688464
-0.668293
0.419161
-0.913273
-1.743629
-2.508821
-3.002424
-1.552754
0.433694
1.322604
1.322223
0.700240
-0.238201
-1.720156
-2.338792
-0.969624
0.386875
-0.758751
-1.409164
-2.510092
-3.240074
-1.774431
0.482800
1.374973
1.356584
0.857600
-0.184053
-1.777355
-2.207489
-0.713882
0.441066
-0.477927
-0.735236
-1.516020
-2.087414
-0.928272
0.772691
1.379803
1.402428
1.147067
0.189900
-0.984835
-1.357135
-0.205026
0.491697
-0.304551
-0.267266
-0.219389
-0.215999
0.541863
1.216596
1.381625
1.402428
1.267566
0.846245
0.087959
-0.206805
0.447167
0.495002
-0.208161
0.086646
0.671894
0.927255
1.056524
1.117663
1.293750
1.402428
1.350695
1.107960
0.645329
0.418186
0.766590
0.578766
0.004195
0.492926
1.101308
1.171938
0.983649
0.998478
1.202868
1.402428
1.376244
1.237187
0.773157
0.595079
0.975471
0.788156
0.394417
0.838110
1.350652
1.330273
1.216850
1.194775
1.347348
1.402428
1.392386
1.344128
1.071607
0.973480
1.181683
1.054999
0.860396
1.119866
1.400225
1.402428
1.402428
1.402428
1.402428
1.402428
1.402428
1.402428
1.345526
1.280701
1.364973
1.670572
1.141095
0.944622
0.854711
0.878021
0.958234
0.998546
1.010113
0.970970
0.929374
0.881760
0.921195
1.145301
1.594565
1.588781
1.283644
1.088106
1.016247
1.071806
1.128300
1.161075
1.174278
1.122984
1.089976
1.114162
1.185261
1.259399
1.580953
1.474566
1.195894
1.222710
1.282359
1.442025
1.444129
1.268922
0.963726
1.067834
1.299944
1.508042
1.571722
1.518616
1.576104
1.381968
1.154882
1.248124
1.477721
1.636453
1.673434
0.885675
0.342819
0.219491
0.589710
1.633182
1.789343
1.666424
1.628099
1.400020
1.240295
1.282475
1.417138
1.638440
1.273595
0.224807
0.274057
0.158907
0.048724
0.212714
1.705274
1.554079
1.717251
1.405745
1.289369
1.326525
1.180354
1.521304
0.462292
0.034878
-0.002395
0.158265
0.110359
0.207047
0.457968
1.122575
1.715732
1.413516
1.332893
1.335523
1.080862
0.792433
0.114740
-0.006835
0.165859
0.159492
0.197582
0.295381
0.577558
1.024251
1.723735
1.401422
1.297081
1.383428
1.261268
0.997669
-0.174039
-0.245722
0.001811
0.041655
0.143133
0.267338
0.841040
1.477663
1.820307
1.414450
1.291531
1.375016
1.302631
1.255543
0.130748
-0.364319
-0.269734
-0.130923
-0.104167
0.232694
0.766202
1.694349
1.917053
1.424849
1.246955
1.315250
1.428997
1.469133
1.166917
0.008003
-0.208099
-0.073904
0.007828
0.257289
1.578323
1.529191
1.714680
1.401305
1.140511
1.187949
1.309992
1.321443
1.511255
1.114279
0.019104
0.175558
0.372789
1.289369
1.245962
1.477254
1.511138
1.383604
1.056909
1.035585
1.078992
1.262787
1.245670
1.067542
0.838820
0.903902
1.014611
1.124444
1.369582
1.243391
1.507341
1.390205
1.043121
0.859034
0.840865
0.890874
0.973482
0.973015
0.950231
0.961681
0.977221
0.957709
0.978156
1.068768
1.456456
1.781047
1.304617
1.181756
1.135077
1.154882
1.173344
1.236030
1.285630
1.282125
1.259048
1.219438
1.234161
1.404811
1.792089
1.279593
0.984539
0.976139
0.965103
0.956538
0.969989
0.996398
1.002383
0.943196
0.933917
0.956812
0.919038
0.965652
1.432721
1.364145
1.079523
1.104998
1.131627
1.071507
1.070189
1.111642
1.061020
0.852824
0.763715
0.882857
1.001889
1.070683
1.205418
1.316708
1.082378
1.137776
1.189002
1.245717
1.345094
1.131901
0.984868
0.446974
0.123095
0.738404
1.172970
1.221999
1.170664
1.260102
1.059044
1.165118
1.238031
1.347894
1.623402
1.155839
1.034227
1.145518
0.697446
0.727314
1.086221
1.285029
1.114936
1.286072
1.068652
1.171377
1.214148
1.164679
1.552960
1.546537
1.639105
1.629771
1.508872
0.979378
1.021819
1.193943
1.189002
1.266526
1.048996
1.048173
1.103736
1.408014
1.675122
1.731289
1.725688
1.735846
1.668533
1.612641
1.571024
1.489327
1.292001
1.235286
1.022752
1.017866
0.857656
1.141070
1.494158
1.713500
1.695985
1.724700
1.790695
1.760827
1.484660
0.728631
1.106810
1.243302
1.038510
0.893179
0.378728
0.658574
1.400931
1.667380
1.700542
1.717398
1.812821
1.731618
1.366616
0.782547
1.062997
1.272071
1.043067
0.964115
0.814446
0.806705
1.498331
1.715751
1.704605
1.709547
1.724700
1.783283
1.628453
1.115979
1.111916
1.270589
1.062173
1.099508
1.102802
1.205363
1.330050
1.518426
1.549172
1.561965
1.602703
1.514253
1.653819
1.192351
1.114552
1.262189
1.078095
1.158585
1.042572
0.973778
0.746201
1.242149
1.294802
1.275091
1.344105
1.263726
1.401919
1.201300
1.102308
1.312481
1.109995
1.178295
1.140686
1.089241
1.096598
1.084245
0.681469
0.823176
1.119768
1.225623
1.253129
1.091382
1.135854
1.328019
1.036478
1.030219
1.035161
1.018030
0.872425
0.877751
0.887469
0.799018
0.828557
0.970044
0.997826
0.935949
1.108512
1.046745
0.764978
0.711721
0.742522
0.695250
0.742083
0.734671
0.767229
0.731431
0.749879
0.714137
0.698050
0.627773
0.936114
-0.833046
-0.833046
-0.833046
-0.833046
-0.833046
-0.833046
-0.833046
-0.833046
-0.833046
-0.833046
-0.833046
-0.833046
-0.833046
-0.833046
-0.833046
-0.833046
-0.833046
-0.833046
-0.833046
-0.833046
-0.833046
-0.833046
-0.833046
-0.833046
-0.833046
-0.833046
-0.833046
-0.833046
-0.833046
-0.833046
-0.833046
-0.833046
-0.833046
-0.833046
-0.833046
-0.833046
-0.833046
-0.833046
-0.833046
-0.833046
-0.833046
-0.833046
-0.833046
-0.833046
-0.833046
-0.833046
-0.833046
-0.833046
-0.833046
-0.833046
-0.833046
-0.833046
-0.833046
-0.833046
-0.833046
-0.833046
-0.833046
-0.833046
-0.833046
-0.833046
-0.833046
-0.833046
-0.833046
-0.833046
-0.833046
-0.833046
-0.833046
-0.833046
-0.833046
-0.833046
-0.833046
-0.833046
-0.833046
-0.833046
-0.833046
-0.833046
-0.833046
-0.833046
-0.833046
-0.833046
-0.833046
-0.833046
-0.833046
-0.833046
-0.833046
-0.833046
-0.833046
-0.833046
-0.833046
-0.833046
-0.833046
-0.833046
-0.833046
-0.833046
-0.833046
-0.833046
-0.833046
-0.833046
-0.833046
-0.833046
-0.833046
-0.833046
-0.833046
-0.833046
-0.833046
-0.833046
-0.833046
-0.833046
-0.833046
-0.815865
-0.805843
-0.824098
-0.833046
-0.833046
-0.833046
-0.833046
-0.833046
-0.833046
-0.833046
-0.833046
-0.833046
-0.833046
-0.833046
-0.806917
-0.741774
-0.816581
-0.833046
-0.833046
-0.833046
-0.833046
-0.833046
-0.833046
-0.833046
-0.833046
-0.833046
-0.833046
-0.833046
-0.820518
-0.820518
-0.825171
-0.833046
-0.833046
-0.833046
-0.833046
-0.833046
-0.833046
-0.726526
-0.664389
-0.777567
-0.833046
-0.833046
-0.833046
-0.833046
-0.833046
-0.833046
-0.833046
-0.833046
-0.833046
-0.833046
-0.833046
-0.671047
-0.267159
-0.730964
-0.833046
-0.833046
-0.833046
-0.833046
-0.833046
-0.833046
-0.833046
-0.833046
-0.833046
-0.833046
-0.833046
-0.755375
-0.755375
-0.784224
-0.833046
-0.833046
-0.833046
-0.833046
-0.833046
-0.833046
-0.833046
-0.833046
-0.833046
-0.833046
-0.833046
-0.833046
-0.833046
-0.833046
-0.833046
-0.833046
-0.833046
-0.833046
-0.833046
-0.751325
-0.658945
-0.576908
-0.738883
-0.763611
-0.777297
-0.725042
-0.614311
-0.432817
-0.370064
-0.434528
-0.501868
-0.596892
-0.744949
-0.495959
-0.524264
-0.387949
-0.553268
-0.769832
-0.777297
-0.640438
0.055055
0.913923
1.491453
1.104437
0.549069
-0.132660
-0.737484
-0.144635
-0.379628
-0.643004
-0.675275
-0.754747
-0.732974
-0.688805
-0.183671
0.898760
0.885851
0.994406
1.019833
0.037014
-0.700159
-0.311821
-0.748293
-0.782741
-0.782585
-0.432972
-0.106921
-0.175584
-0.215631
-0.476752
-0.770843
-0.443004
0.747282
0.719365
-0.730019
-0.322941
-0.716955
-0.747593
-0.634528
0.333516
1.989356
1.349695
-0.180872
-0.742460
-0.784762
-0.732974
-0.237093
0.289037
-0.781496
-0.375118
-0.645259
-0.430406
-0.089269
1.473957
2.341690
1.369990
0.103966
-0.726286
-0.777297
-0.777297
-0.631496
-0.549925
-0.362910
-0.485383
-0.752336
-0.630329
0.550236
2.645735
2.585859
1.441453
0.367964
-0.733129
-0.777297
-0.777297
-0.396891
-0.037792
-0.544715
-0.436083
-0.761123
-0.756302
-0.413221
1.069834
2.403588
1.613226
0.409255
-0.743705
-0.777297
-0.777297
-0.311899
0.386938
-0.373563
-0.354123
-0.758635
-0.777297
-0.646348
0.305211
1.780412
1.280254
0.291836
-0.774187
-0.777297
-0.777297
-0.655757
-0.737017
-0.795649
-0.280794
-0.750237
-0.769832
-0.626052
-0.087636
0.313376
0.589116
-0.175584
-0.751325
-0.644482
-0.550236
-0.330795
-0.266175
-0.722554
-0.195491
-0.580251
-0.739506
-0.748759
-0.749070
-0.740516
-0.305289
0.106066
-0.355134
-0.110887
0.670610
0.730874
0.153189
-0.761745
0.096268
-0.204433
-0.515632
-0.721776
-0.756146
-0.777297
-0.268897
0.585073
0.427529
1.209803
0.961046
0.319441
-0.347280
-0.789739
0.378928
0.255055
-0.060109
-0.257466
-0.642616
-0.678386
-0.583284
-0.147746
0.873410
0.884763
0.250701
-0.072473
-0.523952
-0.769832
0.426129
0.284449
0.373563
0.124340
-0.283983
-0.388649
-0.366876
-0.176362
0.120918
0.180794
-0.041602
-0.286238
-0.472553
-0.784762
1.090050
1.048044
1.066947
1.066947
1.066947
1.066947
1.066947
1.066947
1.066947
1.066947
1.066947
1.066947
1.066947
1.066947
1.485954
1.028091
1.066947
1.066947
1.066947
1.066947
1.066947
1.066947
1.066947
1.066947
1.066947
1.066947
1.066947
1.066947
1.159243
1.013389
1.066947
1.066947
1.066947
1.066947
1.066947
1.051194
1.086199
1.051194
1.066947
1.066947
1.066947
1.066947
1.307430
1.024707
1.066947
1.066947
1.066947
1.022841
1.099851
0.995654
1.384557
1.025524
1.067297
1.032292
1.066947
1.066947
1.160643
1.031475
1.066947
1.066947
1.022841
1.039643
1.953969
1.356553
1.583268
1.813366
1.780461
0.968933
1.066947
1.066947
1.100551
1.049211
1.066947
1.066947
0.955281
1.940783
1.152942
1.289227
1.202415
1.017357
1.663779
0.969400
1.027041
1.066947
1.039760
1.060296
1.066947
1.066947
0.834981
1.981622
1.038359
1.237653
1.349085
1.266124
1.332983
1.792480
1.002771
1.066947
1.097284
1.059012
1.066947
1.066947
0.796476
2.103673
1.288760
1.320381
1.349202
1.250839
1.342434
0.711998
1.010472
1.066947
1.207199
1.046294
1.066947
1.066947
0.843266
1.827368
1.457367
1.187713
1.150491
1.348969
1.654794
0.932411
1.064146
1.066947
1.239520
1.034392
1.066947
1.066947
0.929494
0.461830
1.986873
1.710218
1.539161
1.720603
1.004405
0.986436
1.066947
1.066947
1.220734
1.028091
1.066947
1.066947
1.066947
0.929494
0.508620
0.785508
0.603016
0.644555
0.894373
1.045944
1.066947
1.066947
1.294245
1.001721
1.066947
1.066947
1.066947
1.066947
1.044777
0.995770
1.052945
1.066947
1.066947
1.057495
1.078498
1.057495
1.752341
0.983985
1.066947
1.066947
1.066947
1.066947
1.066947
1.066947
1.066947
1.066947
1.066947
1.055395
1.270675
1.052245
1.126338
0.999504
1.066947
1.066947
1.066947
1.066947
1.066947
1.066947
1.066947
1.066947
1.066947
1.046994
1.002888
1.054345
1.162905
1.162905
1.162905
1.162905
1.162905
1.162905
1.162905
1.162905
1.162905
1.162905
1.162905
1.162905
1.162905
1.162905
1.162905
1.162905
1.162905
1.162905
1.162905
1.162905
1.162905
1.162905
1.162905
1.162905
1.162905
1.162905
1.162905
1.162905
1.162905
1.162905
1.162905
1.162905
1.162905
1.162905
1.162905
1.162905
1.162905
1.162905
1.162905
1.162905
1.162905
1.162905
1.162905
1.162905
1.162905
1.162905
1.162905
1.162905
1.162905
1.162905
1.162905
1.162905
1.162905
1.162905
1.162905
1.162905
1.162905
1.162905
1.162905
1.162905
1.162905
1.162905
1.162905
1.162905
1.162905
1.162905
1.162905
1.162905
1.162905
1.162905
1.162905
1.162905
1.162905
1.162905
1.162905
1.162905
1.162905
1.162905
1.162905
1.162905
1.162905
1.162905
1.162905
1.162905
1.162905
1.162905
1.162905
1.162905
1.162905
1.162905
1.162905
1.162905
1.162905
1.162905
1.162905
1.162905
1.162905
1.162905
1.162905
1.162905
1.162905
1.162905
1.162905
1.162905
1.162905
1.162905
1.162905
1.162905
1.162905
1.162905
1.162905
1.162905
1.162905
1.162905
1.162905
1.162905
1.162905
1.162905
1.162905
1.162905
1.162905
1.162905
1.162905
1.162905
1.162905
1.162905
1.162905
1.162905
1.162905
1.162905
1.162905
1.162905
1.095193
1.000136
1.091938
1.162905
1.162905
1.162905
1.162905
1.162905
1.162905
1.162905
1.162905
1.162905
1.162905
1.162905
0.763797
0.433051
0.713013
1.162905
1.162905
1.162905
1.162905
1.162905
1.162905
1.162905
1.162905
1.162905
1.162905
1.162905
0.591262
0.699340
0.453234
1.162905
1.162905
1.162905
1.162905
1.162905
1.162905
1.162905
1.162905
1.162905
1.162905
1.162905
0.928518
0.569125
0.980604
1.162905
1.162905
1.162905
1.162905
1.162905
1.162905
1.162905
1.162905
1.162905
1.162905
1.162905
1.162905
1.162905
1.162905
1.162905
1.162905
1.162905
1.162905
1.162905
-0.799863
0.311423
0.089239
-0.085465
-0.211836
-0.331146
-0.234602
-0.151937
-0.209401
-0.114805
-0.099100
-0.013514
0.012418
0.325545
-1.009142
-0.054663
-0.332241
-0.493066
-0.499640
-0.219140
-0.129293
-0.203801
-0.139763
-0.117484
0.014975
-0.032749
-0.194913
0.870109
-1.036656
-0.394575
-0.462873
-0.413810
-0.138911
0.251281
-0.054298
-0.596062
-0.329076
-0.028488
0.267717
0.219627
-0.028975
0.529102
-1.022655
-0.265647
-0.407845
-0.364747
0.303631
-0.374000
-0.007548
-0.945469
-0.850630
-0.566722
-0.536407
-0.427933
0.322380
0.763217
-1.025212
-0.301562
-0.301318
0.145241
-0.320310
-0.329563
-0.640986
-0.811672
-0.774783
-0.830664
-0.620533
-0.295474
0.213784
0.922338
-1.017786
-0.248724
-0.193331
0.402123
-0.792923
-0.714276
-0.864631
-0.816420
-0.805463
-0.859518
-0.697719
-0.124058
-0.646464
0.458734
-1.010846
-0.225836
-0.301927
-0.374000
-0.462386
-0.773322
-0.868040
-0.682501
-0.542860
-0.703319
-0.827255
-0.238011
-0.373391
0.509502
-0.998550
-0.210253
-0.345511
-0.097883
-0.902250
-0.777949
-0.935365
-0.753965
-0.724016
-0.828107
-0.563921
-0.088508
-0.543225
0.492336
-0.990637
-0.147433
-0.413932
-0.071829
-0.588027
-0.555156
-0.881675
-0.942913
-0.740573
-0.878510
-0.471517
0.030071
-0.688832
0.411741
-1.008411
-0.199905
-0.353181
-0.305823
-0.307040
-0.496231
-0.796576
-0.842960
-0.464456
-0.262969
0.190896
-0.917955
-0.187974
0.650482
-1.010725
-0.233019
-0.283422
-0.378017
0.100561
-0.309353
-0.707945
-0.066716
-0.103483
-0.086317
-0.555034
0.075725
0.005844
0.714398
-1.016081
-0.176408
-0.328832
-0.381183
-0.328589
-0.206357
0.209523
-0.190530
-0.536894
-0.138424
0.281961
-0.117240
-0.257003
0.790245
-0.947783
-0.189070
-0.238498
-0.199418
-0.432681
-0.449238
-0.580966
-0.607141
-0.524720
-0.685544
-0.475657
-0.370713
-0.118945
0.919659
-0.937678
0.594723
0.070855
-0.009861
-0.144146
-0.180913
-0.186756
-0.261629
-0.285857
-0.179086
-0.159973
-0.000365
0.271126
0.730103
1.511733
1.511733
1.511733
1.511733
1.511733
1.511733
1.511733
1.511733
1.511733
1.511733
1.511733
1.511733
1.511733
1.511733
1.511733
1.511733
1.511733
1.511733
1.511733
1.511733
1.511733
1.511733
1.511733
1.511733
1.511733
1.511733
1.511733
1.511733
1.511733
1.511733
1.511733
1.511733
1.511733
1.511733
1.511733
1.511733
1.511733
1.511733
1.511733
1.511733
1.511733
1.511733
1.511733
1.511733
1.511733
1.511733
1.511733
1.511733
1.511733
1.511733
1.511733
1.511733
1.511733
1.511733
1.511733
1.511733
1.511733
1.511733
1.511733
1.511733
1.511733
1.511733
1.511733
1.511733
1.511733
1.511733
1.511733
1.511733
1.511733
1.511733
1.511733
1.511733
1.511733
1.511733
1.511733
1.511733
1.511733
1.511733
1.511733
1.511733
1.511733
1.511733
1.511733
1.511733
1.511733
1.511733
1.511733
1.511733
1.511733
1.511733
1.511733
1.511733
1.511733
1.511733
1.511733
1.511733
1.511733
1.511733
1.511733
1.511733
1.511733
1.511733
1.511733
1.511733
1.511733
1.511733
1.511733
1.511733
1.511733
1.511733
1.511733
1.511733
1.511733
1.511733
1.511733
1.511733
1.511733
1.511733
1.511733
1.511733
1.511733
1.511733
1.511733
1.511733
1.511733
1.511733
1.511733
1.511733
1.511733
1.511733
1.511733
1.511733
1.511733
1.511733
1.511733
1.511733
1.511733
1.511733
1.511733
1.511733
1.511733
1.511733
1.511733
1.511733
1.511733
1.511733
1.511733
1.511733
1.511733
1.511733
1.511733
1.511733
1.511733
1.511733
1.511733
1.511733
1.511733
1.511733
1.511733
1.511733
1.511733
1.511733
1.511733
1.511733
1.511733
1.511733
1.511733
1.511733
1.511733
1.511733
1.511733
1.511733
1.511733
1.511733
1.511733
1.511733
1.511733
1.511733
1.511733
1.511733
1.511733
1.511733
1.511733
1.511733
1.511733
1.511733
1.511733
1.511733
1.511733
1.511733
1.511733
1.511733
1.511733
1.511733
1.511733
1.511733
2.859370
2.859370
2.859370
2.859370
2.859370
2.859370
2.859370
2.859370
2.870885
2.874600
2.851570
2.847856
2.859370
2.859370
2.859370
2.859370
2.859370
2.859370
2.859370
2.859370
2.859370
2.890076
3.071341
2.932669
2.662877
2.805511
2.859370
2.859370
2.859370
2.859370
2.859370
2.859370
2.859370
2.859370
2.859370
2.999033
3.522149
2.701507
2.295891
2.806997
2.859370
2.859370
2.859370
2.859370
2.859370
2.859370
2.882400
2.866799
2.836341
2.869276
2.921525
2.903944
2.734194
2.849341
2.859370
2.859370
2.859370
2.859370
2.859370
2.859370
2.964118
2.843027
2.774681
2.859370
2.859370
2.859370
2.859370
2.859370
2.859370
2.859370
2.859370
2.859370
3.162592
3.053140
2.594532
2.773815
2.839313
2.859370
2.859370
2.859370
2.859370
2.859370
2.859370
2.859370
2.859370
2.859370
4.238539
3.080627
1.676200
2.506499
2.859370
2.859370
2.859370
2.859370
2.859370
2.859370
2.859370
2.859370
2.859370
2.859370
2.957184
3.027263
2.638609
2.775796
2.859370
2.859370
2.859370
2.859370
2.859370
2.859370
2.859370
2.859370
2.859370
2.859370
2.859370
2.882400
2.866799
2.836341
2.859370
2.859370
2.859370
2.859370
2.859370
2.859370
2.859370
2.859370
2.859370
2.859370
2.859370
2.964118
2.843027
2.774681
2.901591
2.872990
2.817150
2.859370
2.859370
2.859370
2.859370
2.859370
2.859370
2.859370
2.859370
2.866799
2.869771
2.904563
3.391030
2.870761
2.386771
2.855532
2.859370
2.859370
2.859370
2.859370
2.859370
2.859370
2.859370
2.859370
2.859370
3.156154
4.275684
2.429858
1.648342
2.845256
2.859370
2.859370
2.859370
2.859370
2.878562
2.865561
2.840179
2.859370
2.859370
2.880419
2.991604
2.947650
2.583636
2.856027
2.859370
2.859370
2.859370
2.859370
2.946660
2.845751
2.788796
2.859370
2.859370
2.859370
2.859370
2.859370
2.859370
2.859370
2.859370
2.859370
2.859370
2.859370
-0.273888
0.391867
0.369788
0.162816
0.180517
0.213489
0.167582
0.138695
0.203374
0.154062
0.181976
0.220492
0.200261
-0.106501
0.006128
0.406067
-0.041531
-0.026455
0.009629
0.125856
0.017799
0.040753
-0.105529
-0.046880
0.207459
0.231093
0.210377
0.005447
-0.053299
0.101833
-0.099693
-0.085396
0.102125
0.147838
-0.122744
-0.717498
-0.682484
0.053786
0.292854
0.298885
0.261050
-0.251907
-0.003210
0.204444
0.015465
0.042309
0.427464
0.150075
-0.497687
-0.533868
-0.334482
-0.186353
0.039975
0.186353
0.311431
-0.187131
-0.027622
0.213003
-0.038807
0.133735
0.359089
-0.283226
-0.078101
-0.056217
0.101833
-0.145990
-0.145892
0.223312
0.219422
-0.179156
-0.006225
0.274083
-0.015756
0.037737
-0.128774
-0.096678
0.142196
0.303456
0.219811
0.290520
0.027622
-0.068861
-0.548652
-0.187326
-0.054758
0.255117
-0.007489
-0.478624
-0.481639
-0.014200
0.301802
0.154840
0.205125
0.363564
0.284587
0.304915
-0.449640
-0.171667
-0.043962
0.256576
-0.148032
-0.092787
-0.608663
-0.221270
0.094149
0.141029
0.187326
0.407720
0.345959
0.203082
0.069639
-0.083548
0.032680
0.259494
-0.013422
-0.011477
-0.395465
-0.065749
0.041628
0.104653
0.325340
0.410249
0.372609
-0.368232
-0.166220
-0.157272
-0.022370
0.199386
-0.061567
-0.252783
-0.154257
0.433495
-0.009337
-0.036376
0.169624
0.152798
0.490295
0.309875
0.036181
-0.422018
-0.045129
0.230413
-0.027233
-0.026163
-0.043865
0.134610
0.491268
-0.229926
-0.450224
0.142099
0.482223
0.101055
0.210474
-0.222729
0.002334
0.284198
0.027039
0.064679
0.269512
0.056703
0.005836
0.062247
-0.269123
-0.561685
0.143850
0.195204
0.242376
-0.034528
-0.092496
0.280794
0.199970
0.250059
0.210668
0.142780
0.053591
-0.021203
0.160579
0.150561
0.087049
0.139959
0.299176
-0.054953
-0.381654
-0.160579
-0.050576
-0.118465
-0.088313
-0.167873
-0.137333
-0.150074
-0.118562
-0.076156
-0.136069
-0.086076
-0.113212
-0.340707
-1.412235
-1.399811
-1.412656
-1.417499
-1.417499
-1.417499
-1.417499
-1.417499
-1.417499
-1.417499
-1.417499
-1.417499
-1.405286
-1.366961
-1.405286
-1.366961
-1.412656
-1.417499
-1.417499
-1.417499
-1.417499
-1.417499
-1.417499
-1.417499
-1.417499
-1.417499
-1.417920
-1.420658
-1.417920
-1.420658
-1.419815
-1.417499
-1.417499
-1.417499
-1.417499
-1.417499
-1.417499
-1.417499
-1.417499
-1.417499
-1.417499
-1.417499
-1.417499
-1.417499
-1.417499
-1.417499
-1.417499
-1.417499
-1.417499
-1.417499
-1.417499
-1.417499
-1.417499
-1.417499
-1.417499
-1.417499
-1.417499
-1.417499
-1.417499
-1.417499
-1.417499
-1.417499
-1.417499
-1.417499
-1.417499
-1.417499
-1.417499
-1.417499
-1.417499
-1.417499
-1.417499
-1.417499
-1.417499
-1.417499
-1.417499
-1.417499
-1.417499
-1.417499
-1.417499
-1.417499
-1.417499
-1.417499
-1.417499
-1.417499
-1.417499
-1.417499
-1.417499
-1.417499
-1.417499
-1.417499
-1.417499
-1.417499
-1.417499
-1.417499
-1.417499
-1.417499
-1.417499
-1.417499
-1.417499
-1.417499
-1.417499
-1.417499
-1.417499
-1.417499
-1.417499
-1.417499
-1.417499
-1.417499
-1.417499
-1.417499
-1.417499
-1.417499
-1.417499
-1.417499
-1.417499
-1.417499
-1.417499
-1.417499
-1.417499
-1.417499
-1.417499
-1.417499
-1.417499
-1.417499
-1.417499
-1.417499
-1.417499
-1.417499
-1.417499
-1.417499
-1.417499
-1.417499
-1.417499
-1.417499
-1.417499
-1.417499
-1.417499
-1.399074
-1.355589
-1.400548
-1.417499
-1.417499
-1.417499
-1.417499
-1.417499
-1.417499
-1.417499
-1.417499
-1.417499
-1.417499
-1.417499
-1.374752
-1.240614
-1.400548
-1.417499
-1.417499
-1.417499
-1.417499
-1.417499
-1.417499
-1.417499
-1.417499
-1.417499
-1.417499
-1.417499
-1.411076
-1.402022
-1.418341
-1.417499
-1.417499
-1.417499
-1.417499
-1.417499
-1.417499
-1.417499
-1.417499
-1.417499
-1.417499
-1.417499
-1.399179
-1.341691
-1.410234
-1.417499
-1.417499
-1.417499
-1.417499
-1.417499
-1.417499
-1.417499
-1.417499
-1.417499
-1.417499
-1.417499
-1.418131
-1.422237
-1.420974
0.976366
0.974225
1.117559
1.263830
1.399876
1.442704
1.364129
1.260998
1.274088
1.367583
1.357014
1.225319
1.200935
1.351315
0.946145
0.830303
0.943348
1.187707
1.272948
1.056185
0.381408
-0.494901
-0.555792
0.211790
0.851855
1.023028
1.064647
1.244523
1.119908
0.900796
1.024375
1.211608
0.995984
0.078022
-1.327311
-2.586340
-2.440449
-1.006104
0.540008
1.063783
1.043785
1.225319
1.164394
0.976366
1.058050
1.222936
0.925077
-0.303040
-1.842141
-2.354795
-2.277636
-1.215199
0.117051
0.781432
0.965901
1.183252
1.124916
0.921623
0.971635
1.157279
0.963587
0.207783
-0.326319
-0.479566
-0.227608
-0.129070
0.166475
0.594613
0.935853
1.227461
1.126643
0.904354
0.930845
1.100394
1.027207
0.856449
1.027898
1.119425
1.042715
0.852926
0.653121
0.723476
1.127161
1.306243
1.111757
0.907117
0.919413
1.036152
0.995466
1.148091
1.283102
1.449405
1.405990
1.328935
1.218999
1.243383
1.294707
1.407199
1.097976
0.842565
0.814416
1.006449
1.124260
1.163496
1.322856
1.448368
1.417871
1.339365
1.213576
1.180005
1.310111
1.366132
1.079636
0.788408
0.734874
0.824777
0.595649
0.457219
0.872026
1.337017
1.396734
1.019643
0.674328
0.726136
0.955816
1.100290
1.067479
0.847227
0.770897
0.506126
-0.212757
-0.697296
0.176491
1.135139
1.399151
0.901591
0.352257
0.510512
0.443093
0.881351
1.101361
0.933159
0.895098
0.611572
-0.229611
-0.476077
-0.006597
0.996157
1.212436
0.923523
0.735047
0.235967
0.531373
0.958717
1.115211
0.923350
0.989284
0.943866
0.672981
0.519700
0.868952
0.996606
1.006588
1.141736
0.965072
0.655435
0.782986
1.138766
1.007451
0.856069
0.981616
1.188190
1.267802
1.293844
1.327104
1.179659
1.118112
1.050106
1.089203
0.931467
0.891506
1.032284
1.039952
0.998678
1.108096
1.254850
1.368688
1.377323
1.341161
1.287799
1.265798
1.262414
1.252708
1.137592
0.986210
1.121877
1.119738
1.119738
1.119738
1.119738
1.119738
1.119738
1.119738
1.119738
1.119738
1.119738
1.119738
1.119738
1.119738
1.119738
1.119738
1.119738
1.119738
1.119738
1.119738
1.119738
1.119738
1.119738
1.119738
1.119738
1.119738
1.119738
1.119738
1.119738
1.119738
1.119738
1.119738
1.119738
1.119738
1.119738
1.119738
1.119738
1.119738
1.119738
1.119738
1.119738
1.119738
1.119738
1.119738
1.119738
1.119738
1.119738
1.119738
1.053238
1.055384
1.062892
1.119738
1.013943
1.017356
1.029301
1.119738
1.119738
1.119738
1.119738
1.119738
1.119738
1.119738
0.982985
1.043585
1.005509
1.119738
0.902177
0.998586
0.938010
1.119738
1.119738
1.119738
1.119738
1.119738
1.119738
1.119738
1.049484
1.035541
1.061819
1.119738
1.007971
0.961607
1.004193
1.099066
1.119738
1.119738
1.119738
1.119738
1.119738
1.119738
1.119738
1.119738
1.119738
1.119738
1.119738
1.070010
1.092046
1.078200
1.119738
1.119738
1.119738
1.119738
1.119738
1.119738
1.119738
1.119738
1.119738
1.119738
1.119738
1.094191
1.089121
1.098676
1.119738
1.119738
1.119738
1.119738
1.119738
1.119738
1.119738
1.119738
1.119738
1.119738
1.101602
1.102187
1.104234
1.119738
1.119738
1.119738
1.119738
1.119738
1.119738
1.119738
1.119738
1.119738
1.119738
1.119738
1.082442
1.098969
1.088585
1.119738
1.119738
1.119738
1.119738
1.119738
1.119738
1.119738
1.119738
1.119738
1.119738
1.119738
1.100578
1.096775
1.103942
1.119738
1.119738
1.119738
1.119738
1.119738
1.119738
1.119738
1.119738
1.119738
1.119738
1.119738
1.119738
1.119738
1.119738
1.119738
1.119738
1.119738
1.119738
1.119738
1.119738
1.119738
1.119738
1.119738
1.119738
1.119738
1.119738
1.119738
1.119738
1.119738
1.119738
1.119738
1.119738
1.119738
1.119738
1.119738
1.119738
1.119738
1.119738
1.119738
1.119738
1.119738
1.119738
1.119738
1.119738
0.363849
0.871893
1.133766
1.094913
1.091629
1.053417
1.041321
1.117824
1.142738
1.081455
1.092270
1.125755
0.945993
0.551943
0.977235
1.194727
1.370484
1.357186
1.324502
1.401085
1.388028
1.318094
1.123432
1.186797
1.312406
1.360871
1.222525
1.301672
1.248480
1.161323
1.298147
1.276838
1.407574
1.207705
1.227652
0.820704
1.041882
1.139213
1.164767
1.257132
1.125034
1.310724
1.213393
1.086182
1.220122
1.239748
1.352540
1.306077
1.004231
0.965780
1.128719
1.125114
1.167571
1.347413
1.058464
1.189601
1.253847
1.104126
1.211390
1.229414
1.469738
0.884390
0.967942
1.050854
1.072323
0.879343
1.187598
1.150508
1.180068
1.090267
1.250242
1.055901
1.070721
0.961854
0.874457
0.786098
1.486720
1.079372
1.037876
1.065033
0.943750
0.782733
1.100200
1.075367
1.252165
1.084579
0.908182
0.793708
0.790023
0.841452
1.172458
0.929090
0.954725
0.927408
1.140174
1.167251
0.970346
1.103245
1.248720
1.049492
0.992215
0.966581
0.904657
0.711357
1.219080
0.941427
0.966581
0.906019
1.109893
1.363114
1.156757
1.130161
1.229574
1.066235
1.166450
0.928369
1.016087
0.939023
1.316251
1.104526
1.121910
1.177584
1.077690
1.010640
0.863963
1.194968
1.233099
1.109172
1.203139
0.942388
1.018490
0.931894
1.196570
1.083217
1.217478
1.042282
1.373448
1.569151
0.880144
1.178225
1.236544
1.115501
1.264021
1.166850
0.943990
1.248880
0.926286
1.104526
1.268587
1.629232
1.879889
0.999905
1.203940
1.256891
1.290617
1.149226
1.358388
1.300470
1.438416
0.997022
0.687565
1.255449
1.275636
1.056942
1.127757
1.190882
1.234381
1.270510
1.130401
0.990212
1.227171
1.253927
1.185916
1.218199
1.187998
1.219721
1.289094
1.300630
1.289094
1.208506
1.127918
1.129440
0.516855
1.244795
1.439136
1.421593
1.440258
1.374890
1.318975
1.319455
1.358868
1.380578
1.399643
1.403729
1.359830
0.571970
0.848268
1.460789
1.440711
1.197086
1.207749
1.208134
1.249634
1.204387
1.236665
1.349832
1.276917
1.359823
1.132817
0.775065
1.037712
1.671559
1.586924
1.508054
1.511608
1.524001
1.252901
1.425917
1.396712
1.538603
1.509783
1.636302
1.716038
0.662283
1.130416
1.358382
1.155585
1.168266
1.162694
1.108128
1.474622
3.376453
2.706484
2.522997
1.576069
1.062112
1.580104
0.664204
1.160485
1.254246
1.322933
1.443209
1.136852
3.083450
2.322698
1.079020
0.688990
1.875893
2.667962
1.583658
1.531878
0.684090
1.154624
1.343203
1.414869
1.019459
2.376208
2.110007
0.134878
0.583893
0.683034
0.488595
0.788419
3.036953
1.526114
0.883044
1.132337
1.442152
1.400555
1.246945
2.923787
0.202604
0.771319
0.803981
0.803981
0.802156
0.666894
2.227304
3.331782
0.678422
1.129743
1.482404
1.140407
2.816576
2.967497
0.389262
0.803405
0.803981
0.803981
0.803981
0.804078
0.849901
2.686599
0.670161
1.126957
1.413332
1.141559
1.059615
2.077248
0.563623
0.803981
0.803981
0.803981
0.803981
0.863543
1.353963
2.392251
0.614154
1.108609
1.351945
1.346950
0.654021
3.433421
0.576976
0.828478
0.803981
0.803981
0.844137
0.905236
2.430773
2.606863
0.445269
1.163463
1.268559
1.333405
0.898607
2.198676
2.491007
0.802637
1.033965
1.035214
1.030891
1.763495
2.384661
1.313327
0.636922
1.229268
1.290847
1.220718
1.204291
0.847211
1.831029
2.604077
2.244308
2.275914
2.200310
2.466606
1.246272
1.167209
0.710316
1.269424
1.445610
1.280952
1.147419
1.353770
1.085361
1.650136
2.858558
2.291092
1.414965
1.146075
1.116774
1.512184
0.818391
1.236473
1.670118
1.503250
1.307274
1.427166
1.420825
1.198719
1.043379
1.037615
1.187960
1.295074
1.478945
1.506132
0.951636
0.663532
1.758019
1.272114
1.195357
1.116678
1.144249
1.260874
1.301606
1.324566
1.310156
1.177969
1.222255
1.576165
0.587063
0.918147
-0.055686
0.006458
-0.086967
-0.187605
-0.175780
-0.194985
-0.195907
-0.184837
-0.106005
-0.013670
-0.062060
0.045538
0.333864
-0.082690
-0.239600
-0.211841
-0.209745
-0.200520
-0.184082
-0.134267
-0.124790
-0.056692
0.029772
-0.209074
-0.212848
-0.219808
-0.234485
-0.203203
-0.203707
-0.195907
-0.195907
-0.165381
-0.038913
0.086548
0.150620
0.441378
1.081599
0.101140
-0.202532
-0.195907
-0.195907
-0.175780
-0.194985
-0.195907
-0.167561
0.012076
0.356088
-0.190624
-0.230711
-0.226769
0.024992
0.619003
-0.028598
-0.204210
-0.195907
-0.197165
-0.196746
-0.195907
-0.086883
0.363971
-0.210164
-0.219389
-0.195907
-0.199262
-0.223163
-0.132422
0.491697
0.047887
-0.209242
-0.191882
-0.196159
-0.116320
0.131332
-0.005451
-0.206642
-0.195907
-0.195907
-0.195907
-0.195907
-0.209745
0.017024
1.060549
-0.160600
-0.175780
-0.194985
0.099631
1.364976
-0.149698
-0.205971
-0.195907
-0.195907
-0.195907
-0.195907
-0.195907
0.006206
0.916889
-0.196326
-0.197165
-0.196746
-0.132506
0.269959
-0.034971
-0.208487
-0.195907
-0.195907
-0.195907
-0.195907
-0.177373
0.035055
0.565162
-0.243123
-0.195907
-0.195907
-0.187521
0.099379
0.979871
-0.026250
-0.204210
-0.195907
-0.195907
-0.168651
-0.032539
0.469808
1.642567
-0.130325
-0.195907
-0.195907
-0.198004
-0.086632
0.643827
0.661774
0.055518
-0.046042
-0.105334
-0.046042
0.443559
-0.241865
-0.325897
-0.273062
-0.191882
-0.196159
-0.195907
-0.211422
-0.119758
0.657748
1.035976
1.113467
0.523901
0.058118
0.502515
-0.183663
-0.195907
-0.195907
-0.175780
-0.194985
-0.195907
-0.195907
-0.211422
-0.247819
0.177457
2.099209
0.994715
-0.165129
-0.245303
-0.226098
-0.195907
-0.195907
-0.040171
-0.206558
-0.195907
-0.195907
-0.195907
-0.197584
-0.246226
-0.359023
-0.358604
-0.244968
-0.196746
-0.195907
-0.180644
-0.139550
0.589063
-0.159929
-0.195907
-0.195907
-0.195907
-0.195907
-0.195907
-0.195907
-0.195907
-0.195907
-0.195907
-0.195907
-0.144247
0.085877
3.889951
3.066776
2.981569
3.134793
3.174884
3.104411
3.012236
2.970432
2.947703
2.998016
3.095959
3.139705
3.575278
4.540427
2.903386
1.696207
1.657201
1.795063
1.722820
1.583245
1.495182
1.369598
1.333048
1.432990
1.604318
1.541840
1.954284
3.520853
2.604646
1.480162
1.433903
1.347211
1.148927
0.911067
0.658814
0.513413
0.460359
0.694108
0.958525
0.909354
0.988222
2.757643
2.642681
1.546351
1.311289
1.077255
0.724833
0.239117
0.032609
-0.053397
0.024672
0.278409
0.767837
0.584229
0.641453
2.274554
2.657758
1.436245
1.053555
0.757556
0.199198
-0.261618
-0.235462
0.140546
0.243914
0.257449
0.321412
0.447738
0.403821
2.011337
2.656673
1.260462
0.856984
0.490570
-0.029411
-0.417584
0.210619
0.775888
0.864865
0.469839
0.135292
0.177268
0.439914
1.913623
2.650905
1.201582
0.707072
0.460701
-0.153281
-0.193601
0.570408
1.065833
1.044417
0.660928
0.095258
0.079668
0.533973
1.862909
2.660842
1.261889
0.760869
0.477263
-0.182979
-0.248141
0.497366
1.006668
0.978798
0.638426
0.031011
-0.050427
0.465499
1.996145
2.642225
1.380848
0.910096
0.562128
-0.057796
-0.439343
0.020788
0.573893
0.599592
0.261790
-0.125412
-0.128268
0.488857
2.144116
2.585629
1.465142
1.113576
0.829115
0.373838
-0.052141
-0.167730
-0.085435
-0.050142
-0.015419
-0.026670
0.187433
0.709470
2.353879
2.518126
1.489128
1.383419
1.125570
0.953213
0.560700
0.209021
-0.041005
0.001428
0.221242
0.549963
0.630373
0.979541
2.476493
2.372668
1.345384
1.475022
1.454349
1.234420
1.078626
0.752188
0.554761
0.575777
0.867264
0.999415
1.016491
1.104211
2.551535
2.296655
1.164632
1.367257
1.614198
1.569081
1.440756
1.313060
1.178396
1.165832
1.350181
1.450294
1.325681
1.396611
2.609558
3.182365
2.287232
2.381063
2.600192
2.669865
2.653475
2.570324
2.487858
2.491627
2.570495
2.613156
2.508303
2.535830
3.379907
-0.087533
0.370472
0.297986
0.183005
0.188297
0.189439
0.240651
0.307326
0.295651
0.225760
0.134750
0.191722
0.284547
0.274014
0.445967
0.608477
0.539572
0.447732
0.414991
0.510255
0.373689
0.218184
0.219948
0.225189
0.377425
0.395067
0.422255
0.801289
0.408661
0.535472
0.486024
0.352779
0.414057
0.094797
-0.583987
-0.852294
-0.806322
-0.694298
-0.025891
0.358331
0.128991
0.651024
0.389099
0.513109
0.398647
0.347798
0.107198
-1.053614
-0.766576
-0.083278
0.115085
-0.240755
-0.357034
-0.034453
0.062057
0.619062
0.386868
0.486854
0.471963
0.309038
-0.729841
-0.669340
0.289321
0.046231
0.134439
0.303434
0.234996
-0.963694
-0.145698
0.657510
0.354698
0.455411
0.427963
-0.215434
-1.210313
0.118510
-0.075392
-0.072123
0.044519
0.129717
0.276816
-0.201632
-0.851775
0.625237
0.336071
0.457694
0.299076
-1.146440
-0.893751
-0.160227
-0.085458
0.070981
0.175326
0.176260
0.256010
0.139679
-0.608892
0.549949
0.353142
0.433515
0.327458
-0.432892
-1.000430
-0.079543
0.022259
0.081722
0.186481
0.218496
0.379760
0.098014
-0.677175
0.443736
0.391071
0.446175
0.389826
-0.134543
-1.337903
0.101802
0.049345
0.000726
0.122505
0.165882
0.356151
-0.463920
-1.100884
0.608996
0.408868
0.526029
0.466774
0.296170
-0.641114
-0.885865
0.301774
-0.076896
0.076170
0.187467
-0.086392
-0.503302
0.156491
0.536718
0.423293
0.571015
0.603704
0.462208
0.422982
-0.213099
-0.709242
-0.505326
-0.457071
-0.211698
-0.330363
0.064184
0.192967
0.641374
0.457590
0.601005
0.632086
0.491421
0.492718
0.430557
0.018835
-0.637015
-0.305770
0.030354
0.433567
0.326732
0.479642
0.766732
0.383600
0.498166
0.482029
0.476062
0.418260
0.455411
0.481821
0.569925
0.389878
0.349043
0.388477
0.474557
0.480005
0.713185
0.292383
0.649831
0.705973
0.677642
0.646925
0.672350
0.583987
0.528208
0.569095
0.574491
0.591199
0.682883
0.594935
0.565722
-0.023174
-0.023174
-0.023174
-0.023174
-0.023174
-0.023174
-0.023174
-0.023174
-0.023174
-0.023174
-0.023174
-0.023174
-0.023174
-0.023174
-0.023174
-0.023174
-0.023174
-0.023174
-0.023174
-0.023174
-0.023174
-0.023174
-0.023174
-0.023174
-0.023174
-0.023174
-0.023174
-0.023174
-0.023174
-0.023174
-0.023174
-0.023174
-0.023174
-0.023174
-0.023174
-0.023174
-0.023174
-0.023174
-0.023174
-0.023174
-0.023174
-0.023174
-0.023174
-0.023174
-0.023174
-0.023174
-0.023174
-0.023174
-0.023174
-0.023174
-0.023174
-0.023174
-0.023174
-0.023174
-0.023174
-0.023174
-0.023174
-0.023174
-0.023174
-0.023174
-0.023174
-0.023174
-0.023174
-0.023174
-0.023174
-0.023174
-0.023174
-0.023174
-0.023174
-0.023174
-0.023174
-0.023174
-0.023174
-0.023174
-0.023174
-0.023174
-0.023174
-0.023174
-0.023174
-0.023174
-0.023174
-0.023174
-0.023174
-0.023174
-0.023174
-0.023174
-0.023174
-0.023174
-0.023174
-0.023174
-0.023174
-0.023174
-0.023174
-0.023174
-0.023174
-0.023174
-0.023174
-0.023174
-0.023174
-0.023174
-0.023174
-0.023174
-0.023174
-0.023174
-0.023174
-0.023174
-0.023174
-0.023174
-0.023174
-0.023174
-0.023174
-0.023174
-0.023174
-0.023174
-0.023174
-0.023174
-0.023174
-0.023174
-0.023174
-0.023174
-0.023174
-0.023174
-0.023174
-0.023174
-0.023174
-0.023174
-0.023174
-0.023174
-0.023174
-0.023174
-0.023174
-0.023174
-0.023174
-0.023174
-0.023174
-0.023174
-0.023174
-0.023174
-0.023174
-0.023174
-0.023174
-0.023174
-0.023174
-0.023174
-0.023174
-0.023174
-0.023174
-0.023174
-0.023174
-0.023174
-0.023174
-0.023174
-0.023174
-0.023174
-0.023174
-0.023174
-0.023174
-0.023174
-0.023174
-0.023174
-0.023174
-0.023174
-0.023174
-0.023174
-0.023174
-0.023174
-0.023174
-0.023174
-0.023174
-0.023174
-0.023174
-0.023174
-0.023174
-0.023174
-0.023174
-0.023174
-0.023174
-0.023174
-0.023174
-0.023174
-0.023174
-0.023174
-0.023174
-0.023174
-0.023174
-0.023174
-0.023174
-0.023174
-0.023174
-0.023174
-0.023174
-0.023174
-0.023174
-0.023174
-0.023174
-0.023174
1.121149
0.951101
1.100531
0.927400
0.837381
0.837381
0.837381
0.837381
0.837381
0.837381
0.837381
0.889990
0.770425
0.911033
0.921555
0.517690
0.880637
0.833874
0.837381
0.837381
0.837381
0.837381
0.837381
0.837381
0.837381
0.836425
0.780946
0.834512
0.835787
0.743323
0.832599
0.837381
0.837381
0.837381
1.467410
3.191167
2.389921
1.190444
0.862357
0.837381
0.837381
0.837381
0.837381
0.837381
0.837381
0.837381
1.194801
2.330617
2.942578
1.029748
1.601748
1.978617
1.760318
1.027197
0.837381
0.837381
0.837381
0.837381
0.837381
0.837381
1.370057
1.329458
1.171738
0.481130
0.805391
1.089690
1.714830
1.496105
0.867352
0.837381
0.837381
0.837381
0.837381
0.837381
1.012318
0.230947
0.725256
0.694434
0.828135
0.932927
0.440850
1.959062
1.960124
1.077149
0.837381
0.855555
1.259845
2.032076
1.133796
0.642995
0.827497
0.837381
0.837381
0.832492
0.700280
0.902531
0.837912
1.412463
0.837381
0.854917
1.535323
1.614927
1.633101
0.837381
0.837381
0.837381
0.837381
0.837381
0.961835
1.311284
1.424685
1.400878
0.837381
0.837062
1.368675
0.982347
2.544028
1.107120
0.837381
0.837381
0.837381
0.849497
1.259951
2.056096
2.221467
1.437014
0.837381
0.837381
1.023796
0.827922
1.735980
1.745332
0.892328
0.837381
0.837381
0.915710
1.336366
0.993188
0.909652
1.081613
0.837381
0.837381
0.833874
0.916985
0.362309
2.003912
2.178637
1.872443
1.401516
1.665941
1.077999
0.686144
0.467207
0.822396
0.837381
0.837381
0.837381
0.832067
0.710164
0.983304
1.834395
2.437960
2.515651
1.078106
1.054299
0.831642
0.765855
0.833874
0.885845
0.994676
0.877342
0.837381
0.845884
0.781690
0.692202
0.644589
0.938985
0.916028
0.862251
0.835468
0.837381
0.837381
0.884144
0.777864
0.902850
0.837381
0.837169
0.822077
0.667864
0.479430
0.536715
0.766599
0.834512
0.837381
0.837381
0.837381
0.302746
0.394805
0.201395
0.134799
0.198834
0.362109
0.100898
0.051378
0.051378
0.080759
0.202450
0.279542
0.477723
0.634269
0.517450
0.676457
0.412082
0.335592
0.138415
0.039224
0.056501
0.051378
0.051378
0.053990
0.046758
0.155943
0.608053
0.653304
0.703326
1.046100
0.620207
0.398371
0.237355
0.470943
0.070162
0.051378
0.051378
0.074230
0.238159
0.316005
0.674046
1.390832
0.998086
1.459186
0.880413
0.455324
0.131083
0.054141
0.051378
0.051378
0.051378
0.051378
0.051378
0.133996
0.909543
1.435581
0.888248
1.466619
0.962679
0.441814
0.065190
0.171161
0.623823
0.648181
0.700463
0.742299
0.415698
0.114609
0.454068
1.631954
0.894375
1.481636
1.200285
0.972573
1.072165
1.018879
0.748477
0.610815
0.586507
0.675754
0.897740
0.519308
0.884080
1.682980
0.966948
1.616786
1.085274
0.277634
0.687456
1.071663
1.475006
1.280090
1.316401
1.542355
1.135597
0.428304
1.010843
1.901301
0.915419
1.527992
1.135346
1.183912
1.231775
1.238605
1.334331
1.234186
1.267735
1.288075
1.177233
0.537439
1.118471
1.747718
0.936764
1.549286
1.012450
0.337751
0.846914
1.222785
0.829638
0.679068
0.640346
0.780720
0.950023
0.340313
1.110988
1.808287
0.910497
1.426290
0.910045
0.312489
0.085781
0.126964
0.651747
0.682534
0.740140
0.711965
0.080106
0.088292
0.540000
1.442210
0.859470
1.367277
0.821552
0.343778
0.197829
0.070313
0.051378
0.051378
0.051378
0.051378
0.051378
0.129626
0.597606
1.445123
0.786496
1.001401
0.434230
0.340313
0.058811
0.053337
0.051378
0.051378
0.051378
0.051378
0.051378
0.070513
0.237104
0.791669
0.462204
0.740843
0.370145
0.293304
0.219425
0.058560
0.051378
0.051378
0.051378
0.051378
0.051378
0.111144
0.537439
0.555921
0.419565
0.334788
0.063532
0.051378
0.051378
0.051378
0.051378
0.051378
0.051378
0.051378
0.051378
0.051378
0.058410
0.100195
-0.499299
-0.376767
-0.525290
-0.536429
-0.536429
-0.536429
-0.527693
-0.494494
-0.484446
-0.403633
-0.527256
-0.536429
-0.523324
-0.480078
-0.460311
-0.063013
-0.491873
-0.536429
-0.525509
-0.439234
-0.279572
-0.294643
-0.202908
0.375020
-0.208150
-0.490562
-0.507599
-0.369341
-0.529003
-0.529003
-0.503012
-0.451247
-0.147758
-0.268652
0.159225
-0.178118
0.015071
1.041953
0.403414
-0.277061
-0.352305
-0.522014
-0.536429
-0.536429
-0.503667
-0.183797
0.721318
-0.410840
-0.512622
-0.482918
-0.453104
-0.233377
-0.312881
0.143827
0.383101
-0.463042
-0.536429
-0.536429
-0.410294
0.228026
0.011030
-0.415209
-0.536429
-0.536429
-0.532498
-0.532498
-0.390309
0.603701
1.420358
-0.279354
-0.536429
-0.514588
-0.199304
0.733768
-0.394022
-0.503012
-0.536429
-0.536429
-0.536429
-0.536429
-0.524198
-0.091953
2.045356
0.064542
-0.536429
-0.491654
0.076336
1.343804
-0.318887
-0.536429
-0.536429
-0.536429
-0.536429
-0.536429
-0.536429
-0.368031
0.409421
0.108225
-0.536429
-0.532061
-0.332101
0.691396
0.055696
-0.509564
-0.536429
-0.536429
-0.536429
-0.536429
-0.492746
-0.210990
0.096649
-0.053840
-0.536429
-0.536429
-0.514915
-0.307966
0.684625
-0.426785
-0.478986
-0.294206
-0.345534
-0.404506
-0.379607
0.437815
1.432262
-0.139786
-0.536429
-0.536429
-0.535993
-0.474399
-0.328716
-0.438251
-0.410076
0.191988
0.198977
-0.068801
-0.020313
0.211427
0.532061
-0.333739
-0.536429
-0.536429
-0.536429
-0.446879
0.020531
-0.426785
-0.127118
0.329699
0.489579
-0.009173
0.603701
0.358311
-0.073497
-0.443384
-0.536429
-0.536429
-0.536429
-0.527693
-0.527693
-0.380699
0.527365
1.796361
0.886768
0.432791
0.140114
-0.409311
-0.479641
-0.510875
-0.431590
-0.017910
-0.167962
-0.270836
-0.287654
-0.360168
-0.307748
-0.042264
0.044229
-0.290056
-0.301632
-0.215140
-0.166214
-0.354489
-0.321508
0.939079
0.546695
0.228135
0.189476
-0.058535
-0.113576
-0.327078
-0.286998
-0.162392
-0.054167
0.234688
0.541562
0.026101
0.181517
-0.117967
0.052229
-0.074585
-0.030348
0.039766
0.054417
-0.044142
-0.021120
-0.058793
-0.076773
-0.096847
0.088666
-0.628744
1.062368
0.096276
0.029777
-0.002949
-0.015126
-0.133854
-0.371786
-0.260002
-0.395094
-0.269706
-0.161538
-0.011321
0.186178
-0.055463
0.956768
0.056034
-0.085145
-0.233079
-0.261239
-0.691628
0.239264
1.418456
1.069027
0.365507
-0.297200
-0.342579
-0.041288
-0.078866
0.924803
0.006850
-0.062789
-0.221949
-0.510492
1.314189
1.492852
1.724790
1.645638
1.697106
1.530335
0.449606
-0.285023
-0.236219
0.907108
0.039957
-0.186464
-0.605721
0.898641
1.358902
0.517627
0.585934
0.725306
0.783148
1.159215
0.781435
-0.046616
-0.431530
0.944211
-0.058127
-0.336491
-0.453697
1.425401
0.868864
0.736912
0.865534
0.808834
0.788000
0.772398
1.422262
1.153697
-0.400802
0.874572
-0.068592
-0.443517
0.659758
1.074450
0.339916
0.975986
0.753180
0.707992
0.875904
0.975605
1.226475
0.518864
-0.360655
0.930987
-0.075346
-0.367505
-0.264664
1.232278
0.637021
0.844890
0.828812
0.826434
0.963238
1.099470
1.194319
0.414121
-0.369598
0.964474
-0.033963
-0.208820
-0.690772
1.239508
0.858494
0.969611
0.952677
1.032115
1.153602
1.275755
1.018035
0.582319
-0.169149
0.955817
0.019693
-0.175999
-0.521337
0.237932
1.777304
1.194224
1.152936
1.363754
1.235608
1.104227
0.692484
-0.160301
-0.353044
0.923186
0.050612
-0.056795
-0.191886
-0.722832
0.437809
1.806605
1.513210
1.342539
1.421691
0.973893
-0.319937
-0.021881
-0.194074
0.954961
0.155640
0.106741
0.045094
-0.119394
-0.320604
-0.170957
1.112408
0.892838
0.150218
-0.378921
-0.013794
0.262952
-0.122628
0.910913
0.275986
0.291112
0.117396
0.292729
0.105029
0.145175
-0.121582
0.017600
0.211294
0.151454
0.174382
0.397282
-0.029967
1.019367
-0.163821
0.257244
0.279315
0.287687
0.248967
0.129193
0.166676
0.218048
0.194550
0.251346
0.268850
0.317464
-0.486708
-0.019895
-0.019895
-0.019895
-0.019895
-0.019895
-0.019895
-0.019895
-0.019895
-0.019895
-0.019895
-0.019895
-0.019895
-0.019895
-0.019895
-0.019895
-0.019895
-0.019895
-0.019895
-0.019895
-0.019895
-0.019895
-0.019895
-0.019895
-0.019895
-0.019895
-0.019895
-0.019895
-0.019895
-0.019895
-0.019895
-0.019895
-0.019895
-0.019895
-0.019895
-0.019895
-0.019895
-0.019895
-0.019895
-0.019895
-0.019895
-0.019895
-0.019895
-0.019895
-0.019895
-0.019895
-0.019895
-0.019895
-0.019895
-0.019895
-0.019895
-0.019895
-0.019895
-0.019895
-0.019895
-0.019895
-0.019895
-0.019895
-0.019895
-0.019895
-0.019895
-0.019895
-0.019895
-0.019895
-0.019895
-0.019895
-0.019895
-0.019895
-0.019895
-0.019895
-0.019895
-0.019895
-0.019895
-0.019895
-0.019895
-0.019895
-0.019895
-0.019895
-0.019895
-0.019895
-0.019895
-0.019895
-0.019895
-0.019895
-0.019895
-0.019895
-0.019895
-0.019895
-0.019895
-0.019895
-0.019895
-0.019895
-0.019895
-0.019895
-0.019895
-0.019895
-0.019895
-0.019895
-0.019895
-0.019895
-0.019895
-0.018552
-0.012675
-0.018719
-0.019895
-0.019895
-0.019895
-0.019895
-0.019895
-0.019895
-0.019895
-0.019895
-0.019895
-0.019895
-0.019895
-0.015362
0.019727
-0.018719
-0.019895
-0.019895
-0.019895
-0.019895
-0.019895
-0.019895
-0.019895
-0.019895
-0.019895
-0.019895
-0.019895
-0.020902
-0.023084
-0.020566
-0.019895
-0.019895
-0.019895
-0.019895
-0.019895
-0.019895
-0.019895
-0.019895
-0.019895
-0.019895
-0.019895
-0.019895
-0.019895
-0.019895
-0.019895
-0.019895
-0.019895
-0.019895
-0.019895
-0.019895
-0.019895
-0.019895
-0.019895
-0.019895
-0.019895
-0.019895
-0.019895
-0.019895
-0.019895
-0.019895
-0.019895
-0.019895
-0.019895
-0.019895
-0.019895
-0.019895
-0.019895
-0.019895
-0.019895
-0.019895
-0.019895
-0.019895
-0.019895
-0.019895
-0.019895
-0.019895
-0.019895
-0.019895
-0.019895
-0.019895
-0.019895
-0.019895
-0.019895
-0.019895
-0.019895
-0.019895
-0.019895
-0.019895
-0.019895
-0.019895
-0.019895
-0.019895
-0.019895
-0.019895
-0.019895
-0.266526
-0.265986
-0.260859
-0.261939
-0.266526
-0.266526
-0.256812
-0.154816
-0.081961
-0.183958
-0.266526
-0.265851
-0.259443
-0.260792
-0.266526
-0.241701
-0.186386
-0.236305
-0.266526
-0.266526
0.177886
1.600572
1.733329
0.304977
-0.266526
-0.236844
-0.180517
-0.240217
-0.266526
-0.200957
-0.122166
-0.207972
-0.266526
-0.266526
0.818601
3.479475
3.921391
1.008899
-0.266526
-0.243928
-0.258094
-0.245951
-0.266526
-0.230368
-0.251550
-0.218024
-0.253911
-0.266526
0.819410
2.694536
2.420792
0.861504
-0.266526
-0.266526
-0.266526
-0.266526
-0.266526
-0.266256
-0.197179
-0.062264
-0.198326
-0.266526
0.126686
0.255328
0.231448
0.075013
-0.266526
-0.266526
-0.266526
-0.266526
-0.266526
-0.249931
-0.079398
-0.042498
-0.173906
-0.266526
-0.266526
-0.266526
-0.266526
-0.266526
-0.266526
-0.266526
-0.262883
-0.228277
-0.266526
-0.045804
0.420667
-0.025162
-0.223825
-0.261939
-0.266526
-0.266526
-0.266526
-0.266526
-0.266526
-0.264232
-0.079465
0.245749
-0.266526
0.065704
0.316175
0.137142
0.007151
-0.049919
-0.210334
-0.266526
-0.266526
-0.266526
-0.261534
-0.102941
0.421477
0.349229
-0.266526
-0.050458
0.269966
1.337082
2.290396
1.261057
-0.008702
-0.266526
-0.266526
-0.266526
-0.046883
0.900360
1.590251
0.885249
-0.266526
-0.119198
0.497906
1.848345
1.938064
0.679165
-0.064894
-0.265851
-0.251348
-0.175795
-0.030491
0.246221
0.588570
0.509576
-0.266526
-0.159943
0.241701
0.587490
0.184969
0.055585
-0.266526
-0.233606
0.220452
0.933954
0.154478
-0.165002
-0.133769
-0.150633
-0.266526
-0.156367
0.097679
0.004924
-0.104155
-0.228345
-0.249122
-0.095723
0.901237
1.416547
0.609279
-0.027523
-0.001956
-0.160752
-0.265716
-0.139233
0.064962
0.252495
0.212222
0.032515
-0.107730
-0.109417
0.171950
0.128777
0.349836
0.262883
0.497434
0.141594
-0.230908
-0.088437
0.005532
0.129587
0.083176
0.086953
0.039868
-0.031368
-0.066041
-0.062331
-0.034606
0.141729
0.144292
-0.036090
0.168072
0.400823
0.130285
-0.033499
-0.033499
-0.033499
-0.033499
-0.033499
-0.033499
-0.033499
-0.033499
0.121244
0.327103
0.089948
0.213625
0.452636
0.179663
-0.033499
-0.018082
-0.024979
-0.018894
-0.033499
0.028167
0.075459
0.108146
0.236518
0.309021
0.123098
0.189284
0.427425
0.175838
0.000464
0.118172
0.184416
0.098989
0.008230
0.109305
0.553711
0.672984
0.610681
0.480802
0.166565
0.132487
0.276334
0.201223
0.166391
0.414327
0.740503
0.450259
0.086818
0.023066
0.076502
0.100438
0.304211
0.583616
0.183778
0.125996
0.278652
0.244458
0.329537
0.249732
0.233678
0.474021
0.079284
0.007302
0.230317
0.285897
0.324437
0.367267
0.395549
0.166218
0.551450
0.555449
0.345997
0.606393
0.992147
0.334811
0.000580
-0.022371
0.216987
0.776261
0.898954
0.958591
0.417804
0.189052
0.724043
1.233534
1.283897
1.520705
1.294503
0.426903
-0.033499
-0.033499
0.172940
0.647599
1.199398
0.820714
0.213394
0.190327
0.612130
0.602857
0.257962
0.543453
0.953085
0.352256
-0.033499
-0.033499
0.203309
0.621577
0.700513
0.412182
0.082877
0.138978
0.346402
0.192182
0.047176
0.320206
0.611956
0.277203
0.039526
0.014953
0.263004
0.612652
0.330117
0.058304
0.025327
0.089948
0.180359
0.196471
0.380654
0.287114
0.721145
0.715524
0.204700
0.103741
0.485439
0.533310
0.271871
0.244400
0.116549
0.103741
0.222956
0.117071
0.145991
0.595903
0.551972
0.936394
0.507404
0.093889
0.052624
0.100206
0.334927
0.406039
0.106233
0.140021
0.303109
0.115332
0.009621
0.217856
1.007390
1.098612
0.548089
0.108609
0.074068
0.132951
0.168941
0.164537
0.064447
0.181112
0.363615
0.151613
-0.033499
0.027703
0.081254
0.112145
0.075053
0.004636
-0.015648
-0.014489
0.062592
0.171492
0.045785
0.171376
0.448463
0.122403
-0.033499
-0.033499
-0.033499
-0.033499
-0.033499
-0.033499
-0.033499
-0.033499
0.007302
0.100959
0.151265
-1.142180
-0.676997
-0.976550
-1.160133
-1.137836
-1.137836
-1.137836
-1.137836
-1.137836
-1.137836
-1.137836
-1.140877
-0.885048
-1.165055
-1.185614
-0.885483
-1.250042
-1.152025
-1.137836
-1.137836
-1.137836
-1.137836
-1.137836
-1.137836
-1.137836
-1.163463
-1.098745
-1.163607
-1.174321
-1.216018
-1.162160
-1.137836
-1.137836
-1.137836
-1.137836
-1.137836
-1.137836
-1.137836
-1.137836
-1.146958
-1.157382
-1.143917
-1.137836
-1.137836
-1.137836
-1.137836
-1.137836
-1.137836
-1.137836
-1.137836
-1.137836
-1.137836
-1.137836
-1.137836
-1.137836
-1.137836
-1.137836
-1.137836
-1.137836
-1.137836
-1.137836
-1.137836
-1.137836
-1.137836
-1.137836
-1.137836
-1.137836
-1.137836
-1.137836
-1.137836
-1.137836
-1.137836
-1.137836
-1.137836
-1.137836
-1.137836
-1.137836
-1.137836
-1.137836
-1.137836
-1.137836
-1.137836
-1.137836
-1.137836
-1.137836
-1.137836
-1.137836
-1.137836
-1.137836
-1.137836
-1.137836
-1.137836
-1.137836
-1.137836
-1.137836
-1.137836
-1.137836
-1.137836
-1.137836
-1.137836
-1.135375
-1.083688
-1.147682
-1.137836
-1.137836
-1.137836
-1.137836
-1.137836
-1.137836
-1.137836
-1.137836
-1.137836
-1.137836
-1.137836
-1.145220
-0.620967
-1.191985
-1.137836
-1.137836
-1.137836
-1.137836
-1.137836
-1.137836
-1.137836
-1.137836
-1.137836
-1.137836
-1.137836
-1.189523
-1.246712
-1.130887
-1.145365
-1.137836
-1.137836
-1.137836
-1.137836
-1.137836
-1.137836
-1.137836
-1.137836
-1.137547
-1.131466
-1.138995
-1.143483
-0.740991
-1.143628
-1.131466
-1.140153
-1.137836
-1.137836
-1.137836
-1.137692
-1.134072
-1.125675
-1.138705
-1.077028
-1.144207
-1.177362
-1.227167
-0.828149
-1.047348
-1.120897
-1.108011
-1.144207
-1.137836
-1.138126
-1.104537
-0.988133
-1.143917
-1.150867
-1.141890
-1.137836
-1.171715
-1.191695
-1.162884
-0.880270
-0.832058
-1.172873
-1.137836
-1.140587
-1.114527
-0.867964
-1.137836
-1.137836
-1.137836
-1.137836
-1.140877
-1.147392
-1.173742
-1.231944
-1.227746
-1.160133
-1.137836
-1.143049
-1.022735
-1.220941
2.185849
2.797407
2.824664
2.960669
2.981134
2.940296
2.896015
3.054160
3.018531
2.972762
2.943552
2.959645
2.646703
2.693868
3.079929
3.072580
3.130442
3.198910
3.216306
3.378359
3.287006
3.219190
3.095092
2.969320
3.219097
3.199096
2.988763
3.351846
3.105790
3.213143
3.213980
3.265424
3.380498
3.381521
2.964111
2.477488
2.513675
2.381019
2.813314
3.367102
3.140396
3.442919
3.120768
3.259936
3.167467
3.357521
3.054440
2.470697
2.338785
3.211190
3.364684
3.047369
2.295434
2.881875
3.222260
3.380591
3.114163
3.269889
3.078440
3.428779
2.404741
2.813593
3.421244
3.731488
3.590087
3.741349
3.227469
1.935235
2.529583
3.665904
3.114814
3.191747
3.152397
2.629679
2.194314
3.479386
3.682649
3.544225
3.529806
3.549435
3.739395
2.809593
2.472650
3.471571
3.099930
3.221051
3.050998
2.404741
3.118349
3.621624
3.558179
3.521248
3.521248
3.521248
3.614274
2.908388
2.248642
3.458082
3.146536
3.132954
3.257052
2.430882
1.931049
3.651392
3.547295
3.521248
3.521248
3.521248
3.596134
3.054254
2.270038
3.404499
3.140303
3.142722
3.092860
3.240214
2.565305
3.741814
3.542644
3.521899
3.520782
3.547016
3.586273
3.158816
2.496000
3.461245
3.115000
3.275750
2.989786
3.466083
2.153197
3.184863
3.597809
3.561621
3.499851
3.581064
2.764010
2.582143
3.012671
3.442175
3.072673
3.240679
3.069324
3.343939
3.326170
2.828943
3.108860
3.601902
2.564189
3.049881
2.823268
3.372963
3.405988
3.504689
3.186630
3.250819
3.149513
3.274448
3.320496
3.241516
3.453059
2.868572
2.616749
3.233609
3.254168
3.478176
2.996577
3.375475
2.991647
3.046625
3.010438
3.133791
3.046811
3.078999
3.065882
3.140768
3.222074
3.277983
3.340311
3.082161
2.898155
3.231376
2.603725
2.761777
2.737218
2.916853
2.938993
2.935551
2.866246
3.040392
3.033788
2.925504
2.931830
2.822524
2.680565
2.935644
-0.773585
-0.773585
-0.773585
-0.773585
-0.773585
-0.773585
-0.773585
-0.773585
-0.773585
-0.773585
-0.773585
-0.773585
-0.773585
-0.773585
-0.773585
-0.773585
-0.773585
-0.773585
-0.773585
-0.773585
-0.773585
-0.773585
-0.773585
-0.767316
-0.745373
-0.764181
-0.773585
-0.773585
-0.773585
-0.773585
-0.773585
-0.773585
-0.773585
-0.773585
-0.773585
-0.773585
-0.773585
-0.722646
-0.573748
-0.732834
-0.773585
-0.773585
-0.773585
-0.773585
-0.773585
-0.773585
-0.773585
-0.773585
-0.773585
-0.773585
-0.773585
-0.764181
-0.772801
-0.764965
-0.773585
-0.773585
-0.773585
-0.773585
-0.773585
-0.773585
-0.773585
-0.773585
-0.773585
-0.773585
-0.773585
-0.773585
-0.773585
-0.773585
-0.773585
-0.773585
-0.773585
-0.773585
-0.773585
-0.773585
-0.773585
-0.773585
-0.773585
-0.773585
-0.773585
-0.773585
-0.773585
-0.773585
-0.773585
-0.773585
-0.773585
-0.773585
-0.773585
-0.773585
-0.773585
-0.773585
-0.773585
-0.773585
-0.773585
-0.773585
-0.773585
-0.773585
-0.773585
-0.773585
-0.773585
-0.773585
-0.773585
-0.773585
-0.773585
-0.773585
-0.773585
-0.773585
-0.773585
-0.773585
-0.773585
-0.773585
-0.773585
-0.773585
-0.773585
-0.773585
-0.773585
-0.773585
-0.773585
-0.773585
-0.773585
-0.773585
-0.773585
-0.773585
-0.773585
-0.773585
-0.773585
-0.773585
-0.773585
-0.773585
-0.773585
-0.773585
-0.773585
-0.773585
-0.773585
-0.773585
-0.773585
-0.773585
-0.773585
-0.773585
-0.773585
-0.773585
-0.773585
-0.773585
-0.773585
-0.773585
-0.773585
-0.773585
-0.773585
-0.773585
-0.773585
-0.773585
-0.773585
-0.773585
-0.773585
-0.773585
-0.773585
-0.773585
-0.773585
-0.773585
-0.773585
-0.773585
-0.773585
-0.773585
-0.773585
-0.773585
-0.773585
-0.773585
-0.773585
-0.773585
-0.766532
-0.741846
-0.763005
-0.773585
-0.773585
-0.773585
-0.773585
-0.773585
-0.773585
-0.773585
-0.773585
-0.771234
-0.763005
-0.770059
-0.716279
-0.548768
-0.727740
-0.773585
-0.773585
-0.773585
-0.773585
-0.773585
-0.773585
-0.773585
-0.773585
-0.754483
-0.698646
-0.758303
0.769779
1.047765
0.885005
0.774291
0.790237
0.790237
0.784821
0.774893
0.768575
0.771584
0.780910
0.777200
0.875478
0.775595
0.769578
1.327658
0.720439
0.787028
0.784220
0.787228
0.783618
0.983082
1.227975
1.195684
0.950390
0.742401
1.082664
0.748519
0.770180
0.992509
0.745711
0.790136
0.786225
1.013870
0.762358
0.757143
0.717731
0.715124
0.953298
0.956106
1.065014
0.735080
0.773389
1.102420
0.734880
0.786025
0.784019
0.758146
0.789234
0.790237
0.790237
0.788431
0.759349
0.719938
1.610759
0.668993
0.774592
1.026004
0.738891
1.100013
0.750424
0.790237
0.790237
0.790237
0.790237
0.790237
0.790237
0.770180
1.306297
1.168607
0.774392
1.007853
0.743805
0.988899
0.760151
0.790237
0.790237
0.790237
0.790237
0.790237
0.790237
0.784220
0.656659
1.380206
0.774392
1.056490
0.910878
0.726556
0.782214
0.790237
0.790237
0.790237
0.790237
0.790237
0.790237
0.790237
0.750925
1.467052
0.772587
1.028812
0.741900
1.289550
0.721241
0.790237
0.790237
0.790237
0.790237
0.790237
0.790237
0.781211
0.756842
1.384519
0.772186
1.101417
0.708806
1.381711
0.704293
0.790237
0.790237
0.790237
0.790237
0.790237
0.790237
0.775796
1.109039
0.979673
0.772587
1.070129
0.732072
1.076647
0.730367
0.780308
0.790237
0.790237
0.790237
0.790237
0.778203
0.759951
1.038339
0.696271
0.769578
1.049169
0.742602
0.719236
1.505361
0.693663
0.779707
0.790237
0.786025
0.780910
0.769277
1.215239
1.270095
0.720138
0.761957
1.174223
0.720740
0.773991
0.664882
1.557007
0.679122
0.758647
0.761555
0.926322
1.025202
0.941665
0.727659
0.770180
0.752329
1.342600
1.042651
0.816611
0.892125
0.730869
1.110443
1.232789
1.443385
0.998326
0.738992
0.753132
1.270797
0.920706
0.769578
1.511779
1.170212
0.997523
1.022995
0.935748
0.995919
0.959014
0.974558
1.030316
0.984386
0.982681
1.445692
0.692761
-0.015158
-0.004867
-0.016271
-0.017940
-0.017940
-0.017940
-0.017940
-0.017940
-0.017940
-0.017940
-0.017940
-0.017940
-0.017940
-0.017940
0.003199
0.052428
-0.003199
-0.017940
-0.003338
0.050690
-0.009178
-0.017940
-0.017940
0.005702
0.101519
0.035462
-0.012933
-0.017940
-0.017940
-0.012655
-0.018496
-0.006119
0.148593
0.358584
0.059451
-0.017940
-0.017940
0.161735
0.643602
0.337933
0.117790
-0.006258
-0.017940
-0.017940
-0.015158
0.084970
0.282793
0.076626
0.009874
0.050064
0.070994
0.084761
0.039078
0.141153
0.476443
0.101588
-0.017940
-0.017940
0.003199
0.052428
0.019261
0.013489
0.181969
0.387301
0.529915
0.572956
0.109376
-0.015436
0.045475
0.066126
-0.017940
-0.017940
-0.017940
-0.012655
-0.012933
0.024059
0.046101
0.013420
0.015506
0.084622
0.090950
0.004172
-0.017940
-0.011334
-0.017940
-0.017940
-0.017940
-0.017940
0.030595
0.152209
0.019261
-0.018357
-0.017940
-0.011125
0.009317
-0.016271
-0.017940
-0.017940
-0.017940
-0.017940
-0.015158
-0.004867
0.036853
0.179188
0.027257
-0.016688
-0.015158
0.036575
0.135034
0.010013
-0.017940
-0.017940
-0.017940
-0.017940
0.008761
0.078573
0.042415
0.150540
0.083232
0.103883
0.109932
0.227514
0.262697
0.032820
-0.017940
-0.017940
-0.017940
-0.017940
0.024337
0.150331
0.115565
0.005980
0.138163
0.613355
0.641516
0.564681
0.103883
0.002156
0.070716
-0.006675
-0.017940
-0.017940
-0.017940
0.161735
0.549453
0.127524
-0.008066
0.021208
0.008414
0.020026
0.009317
0.174251
0.464484
0.081563
-0.017940
-0.017940
-0.017940
-0.017940
0.066613
0.128915
0.046726
-0.010569
-0.017940
0.013768
0.135173
0.163821
0.050759
-0.021694
-0.017940
-0.017940
-0.017940
-0.017940
-0.017940
-0.007371
-0.016410
-0.018218
-0.017940
-0.017940
-0.010013
-0.006884
-0.019191
-0.017940
-0.017940
-0.017940
-0.017940
-0.017940
-0.017940
-0.017940
-0.017940
-0.017940
-0.017940
-0.017940
-0.017940
-0.017940
-0.017940
-0.017940
-0.603551
-0.603551
-0.603551
-0.603551
-0.603551
-0.603551
-0.603551
-0.603551
-0.603551
-0.603551
-0.603551
-0.603551
-0.603551
-0.603551
-0.603551
-0.603551
-0.603551
-0.603551
-0.603551
-0.603551
-0.603551
-0.603551
-0.603551
-0.603551
-0.603551
-0.603551
-0.603551
-0.603551
-0.603551
-0.603551
-0.603551
-0.603551
-0.603551
-0.603551
-0.603551
-0.603551
-0.603551
-0.603551
-0.603551
-0.603551
-0.603551
-0.603551
-0.603551
-0.603551
-0.603551
-0.592824
-0.453383
-0.603551
-0.603551
-0.603551
-0.603551
-0.603551
-0.594910
-0.482582
-0.603551
-0.603551
-0.603551
-0.603551
-0.596698
-0.434314
0.451198
-0.596400
-0.603551
-0.603551
-0.603551
-0.603551
-0.554587
0.115109
-0.451198
-0.536809
-0.603551
-0.599677
-0.492017
0.329634
0.578523
-0.552303
-0.603551
-0.603551
-0.603551
-0.603551
-0.577827
-0.510391
0.628678
-0.176685
-0.603551
-0.581601
-0.142123
1.324196
0.915804
-0.486356
-0.603551
-0.603551
-0.603551
-0.603551
-0.581800
-0.110242
1.621651
-0.390217
-0.603551
-0.593222
-0.434314
1.493234
2.405164
-0.188206
-0.600770
-0.603551
-0.603551
-0.603551
-0.551806
0.218200
1.123476
-0.501353
-0.603551
-0.603551
-0.471955
0.667014
1.580534
-0.473246
-0.586865
-0.603551
-0.603551
-0.603551
-0.543861
0.161887
1.206406
-0.517145
-0.603551
-0.603551
-0.567796
-0.573060
-0.629472
-0.497480
-0.603551
-0.603551
-0.603551
-0.603551
-0.583687
-0.566307
-0.640795
-0.514165
-0.603551
-0.603551
-0.603551
-0.603551
-0.603551
-0.603551
-0.603551
-0.603551
-0.603551
-0.603551
-0.603551
-0.603551
-0.603551
-0.603551
-0.603551
-0.603551
-0.603551
-0.603551
-0.603551
-0.603551
-0.603551
-0.603551
-0.603551
-0.603551
-0.603551
-0.603551
-0.603551
-0.603551
-0.603551
-0.603551
-0.603551
-0.603551
-0.603551
-0.603551
-0.603551
-0.603551
-0.603551
-0.603551
-0.603551
-0.603551
-0.603551
-0.603551
-0.603551
-0.603551
-0.603551
-0.603551
-0.603551
-0.603551
-0.603551
-0.603551
-0.603551
-0.603551
-0.603551
-0.603551
-0.603551
-0.603551
0.416409
0.374016
0.412073
0.424116
0.424116
0.424116
0.424116
0.424116
0.424116
0.424116
0.424116
0.424116
0.424116
0.424116
0.437412
0.939376
0.361491
0.424116
0.424116
0.424116
0.424116
0.424116
0.424116
0.424116
0.375943
0.412073
0.424116
0.424116
0.627985
0.770288
0.364382
0.424116
0.368235
0.207819
0.356192
0.419781
0.424116
0.265145
0.694368
0.185659
0.394731
0.424116
0.736856
0.622782
0.385096
0.362647
0.830505
2.494116
0.276032
0.386830
0.307537
1.310309
3.193108
1.426021
0.284125
0.424116
0.713155
0.579426
0.396754
0.386156
0.457452
2.769088
0.944868
0.336538
0.347810
0.878485
1.534411
0.605633
0.349063
0.424116
0.656503
0.450708
0.412266
0.418335
0.371319
0.653228
0.436256
0.392900
0.411977
0.457645
0.508034
0.416409
0.415445
0.424116
0.623938
0.413133
0.419203
0.398681
0.692344
0.397525
0.424116
0.424116
0.424116
0.424116
0.424116
0.424116
0.424116
0.424116
0.707182
0.420455
0.416890
0.417179
0.456489
0.413711
0.424116
0.424116
0.424116
0.424116
0.424116
0.424116
0.424116
0.424116
0.731654
0.455429
0.410146
0.424116
0.424116
0.424116
0.424116
0.424116
0.424116
0.424116
0.424116
0.416409
0.422189
0.424116
0.773468
0.528845
0.403209
0.424116
0.424116
0.424116
0.416409
0.422189
0.424116
0.424116
0.415638
0.513526
0.415252
0.424116
0.761136
0.478070
0.409183
0.424116
0.424116
0.415638
0.513526
0.415252
0.424116
0.424116
0.421804
0.434907
0.420648
0.424116
0.774431
0.382880
0.420648
0.424116
0.424116
0.421804
0.434907
0.420648
0.422189
0.423635
0.424116
0.424116
0.424116
0.424116
0.732810
0.384518
0.424116
0.424116
0.424116
0.424116
0.424116
0.421997
0.446469
0.421900
0.424116
0.424116
0.424116
0.424116
0.456489
0.413711
0.424116
0.424116
0.424116
0.424116
0.424116
0.423538
0.426814
0.423249
0.424116
0.424116
0.424116
0.424116
3.839245
3.839245
3.839245
3.839245
3.839245
3.839245
3.839245
3.839245
3.839245
3.839245
3.839245
3.839245
3.839245
3.839245
3.839245
3.839245
3.839245
3.839245
3.839245
3.839245
3.839245
3.839245
3.839245
3.839245
3.839245
3.839245
3.839245
3.839245
3.839245
3.839245
3.839245
3.839245
3.839245
3.839245
3.839245
3.839245
3.839245
3.839245
3.839245
3.839245
3.839245
3.839245
3.839245
3.839245
3.839245
3.839245
3.839245
3.839245
3.839245
3.839245
3.839245
3.839245
3.839245
3.839245
3.839245
3.839245
3.839245
3.839245
3.839245
3.839245
3.839245
3.839245
3.839245
3.839245
3.839245
3.839245
3.839245
3.839245
3.839245
3.839245
3.839245
3.839245
3.819211
3.755465
3.821032
3.839245
3.839245
3.839245
3.839245
3.839245
3.839245
3.839245
3.839245
3.839245
3.839245
3.839245
3.762750
3.396669
3.786427
3.839245
3.839245
3.839245
3.839245
3.839245
3.839245
3.839245
3.839245
3.839245
3.839245
3.839245
3.848351
3.861100
3.841066
3.839245
3.839245
3.839245
3.839245
3.839245
3.839245
3.839245
3.839245
3.839245
3.839245
3.839245
3.839245
3.839245
3.839245
3.839245
3.839245
3.839245
3.839245
3.839245
3.839245
3.839245
3.839245
3.839245
3.839245
3.839245
3.839245
3.839245
3.839245
3.839245
3.839245
3.839245
3.839245
3.839245
3.839245
3.839245
3.839245
3.839245
3.839245
3.839245
3.839245
3.839245
3.839245
3.839245
3.830480
3.802591
3.831277
3.839245
3.839245
3.839245
3.839245
3.839245
3.839245
3.839245
3.839245
3.839245
3.839245
3.839245
3.805779
3.645618
3.816137
3.839245
3.839245
3.839245
3.839245
3.839245
3.839245
3.839245
3.839245
3.839245
3.839245
3.839245
3.843229
3.848807
3.840042
3.839245
3.839245
3.839245
3.839245
3.839245
3.839245
3.839245
3.839245
3.839245
3.839245
3.839245
3.839245
3.839245
3.839245
3.839245
3.839245
3.839245
3.839245
3.839245
1.334033
1.334033
1.334033
1.334033
1.334033
1.334033
1.334033
1.311451
1.304394
1.314274
1.334033
1.334033
1.334033
1.334033
1.334033
1.334033
1.334033
1.334033
1.334033
1.311451
1.266756
0.962048
0.600414
0.623279
1.005802
1.287927
1.334033
1.334033
1.334033
1.334033
1.334033
1.334033
1.334033
1.284634
1.179719
0.580497
-0.360004
-0.441175
0.430825
1.205156
1.334033
1.334033
1.334033
1.334033
1.334033
1.334033
1.334033
1.312580
1.247749
0.960292
0.200452
-0.048490
0.599128
1.229056
1.334033
1.334033
1.334033
1.334033
1.334033
1.334033
1.334033
1.334033
1.334033
1.324499
1.220995
1.089703
1.175893
1.310196
1.334033
1.334033
1.334033
1.334033
1.334033
1.334033
1.334033
1.334033
1.334033
1.334033
1.334033
1.334033
1.334033
1.334033
1.334033
1.334033
1.334033
1.334033
1.334033
1.334033
1.334033
1.334033
1.334033
1.334033
1.334033
1.334033
1.334033
1.334033
1.334033
1.334033
1.334033
1.334033
1.334033
1.334033
1.334033
1.334033
1.334033
1.334033
1.334033
1.334033
1.334033
1.334033
1.334033
1.334033
1.334033
1.334033
1.334033
1.334033
1.296396
1.284634
1.301100
1.334033
1.334033
1.334033
1.334033
1.334033
1.334033
1.334033
1.334033
1.334033
1.334033
1.334033
1.193990
1.113226
1.143493
1.180503
1.114481
1.158391
1.272559
1.334033
1.334033
1.334033
1.334033
1.334033
1.334033
1.334033
1.172035
1.010977
0.861462
0.609039
0.430606
0.724242
1.154878
1.334033
1.334033
1.334033
1.334033
1.334033
1.334033
1.334033
1.279208
1.181068
0.820876
0.278236
0.090613
0.617696
1.176395
1.334033
1.334033
1.334033
1.334033
1.334033
1.334033
1.334033
1.334033
1.334033
1.176708
0.813317
0.750306
1.067716
1.292318
1.296396
1.282125
1.297807
1.334033
1.334033
1.334033
1.334033
1.334033
1.334033
1.334033
1.334033
1.334033
1.334033
1.334033
1.251701
1.208575
1.246526
-0.125378
-0.513080
-0.250113
-0.056677
-0.120614
-0.230868
-0.309852
-0.351103
-0.340856
-0.318624
-0.228977
-0.267543
-0.273026
0.346755
-1.151350
-1.864218
-1.442940
-1.198083
-1.350835
-1.525441
-1.619890
-1.571645
-1.665867
-1.664128
-1.620419
-1.734719
-1.584349
-0.523327
-1.128361
-1.973186
-1.725078
-1.537502
-1.763870
-1.675962
-1.426946
-1.302854
-1.298695
-1.588054
-1.844179
-2.218913
-2.111835
-0.818169
-0.913034
-1.762509
-1.675622
-1.638606
-1.602044
-1.166133
-0.439087
0.104469
-0.023707
-0.466764
-1.254382
-1.831550
-2.331964
-0.963510
-0.921655
-1.855522
-1.848867
-1.734984
-1.298619
-0.557772
0.280058
0.787278
0.790152
0.547147
-0.090252
-1.488160
-2.135201
-1.156492
-0.956402
-1.965851
-1.818959
-1.373294
-0.765386
0.094033
0.641445
0.893373
0.810380
0.687838
0.474250
-0.611878
-1.904032
-1.125525
-0.957234
-1.984302
-1.684394
-0.922864
-0.247882
0.254725
0.733361
0.950314
0.895528
0.640840
0.531494
-0.285049
-1.409705
-1.094748
-0.917836
-1.983546
-1.700085
-0.963775
-0.246067
0.272496
0.601745
0.787202
0.692867
0.563216
0.559435
-0.227691
-1.319037
-1.035122
-0.901237
-1.931746
-1.841456
-1.309697
-0.598871
0.000000
0.330685
0.436175
0.366113
0.461999
0.470431
-0.095583
-1.541132
-1.003513
-0.908157
-1.816804
-1.786972
-1.464756
-0.888457
-0.271891
0.141712
0.237030
0.430844
0.429029
0.316469
-0.794953
-1.655621
-0.910009
-0.959994
-1.764097
-1.620609
-1.563326
-1.398853
-0.936438
-0.361425
0.057093
0.205648
-0.028546
-0.568623
-1.564650
-2.004190
-0.754119
-1.073310
-1.949101
-1.663296
-1.603216
-1.851929
-1.745532
-1.255781
-0.908157
-0.760962
-0.983889
-1.555122
-2.093421
-2.052814
-0.757106
-1.283193
-2.269427
-1.869473
-1.657397
-1.833327
-2.023435
-1.878585
-1.767462
-1.756384
-1.811284
-1.933713
-2.151914
-2.106239
-0.839607
-0.896095
-1.405168
-1.050095
-0.836280
-0.836242
-0.917987
-0.968501
-0.944378
-0.960372
-0.995346
-0.971526
-1.065521
-1.238010
-0.453341
2.291932
2.271835
2.296278
2.299808
2.293019
2.292747
2.287858
2.294241
2.250108
2.289216
2.313388
2.293019
2.293019
2.293019
2.239244
2.316103
2.402740
2.335386
2.292747
2.274415
2.308907
2.203666
2.255539
2.574791
2.420122
2.293019
2.293019
2.293019
2.275637
2.272921
2.310672
2.295734
2.103043
2.294512
2.389432
2.116215
2.381556
2.555644
2.328053
2.293019
2.293019
2.293019
2.293019
2.293019
2.288673
1.761113
2.329547
3.189260
2.815690
2.292747
2.261650
2.357249
2.293019
2.293019
2.293019
2.293019
2.293019
2.293019
2.061625
1.748349
2.318955
3.048305
3.315820
2.589593
2.293019
2.293019
2.293019
2.293019
2.293019
2.293019
2.293019
2.291932
1.376952
2.079279
3.504437
3.396209
2.973211
2.374767
2.293019
2.293019
2.293019
2.291661
2.267218
2.309993
2.293019
2.239244
1.127227
2.107660
4.335769
3.925807
2.855342
2.293019
2.293019
2.293019
2.293019
2.220912
2.262601
2.460045
2.293019
2.275637
1.944028
1.435615
2.482587
3.439664
2.890648
2.293019
2.293019
2.293019
2.293019
2.029306
2.503635
2.703524
2.293019
2.293019
2.176779
1.902203
2.151114
3.313647
2.899611
2.293019
2.293019
2.293019
2.293019
2.214801
2.241688
2.398123
2.293019
2.293019
2.258255
1.686698
2.512598
3.200666
2.576557
2.293019
2.293019
2.293019
2.293019
2.293019
2.293019
2.293019
2.293019
2.293019
2.293019
2.140929
2.135905
2.502413
2.375717
2.282698
2.299808
2.293019
2.293019
2.293019
2.293019
2.293019
2.292204
2.277538
2.303203
2.293019
2.284328
2.287315
2.277810
2.315560
2.288945
2.323572
2.293019
2.293019
2.293019
2.293019
2.250515
2.288130
2.363088
2.306598
2.293019
2.293019
2.284328
2.166323
2.417134
2.483673
2.293019
2.292204
2.277538
2.303203
2.172433
2.330634
2.529979
2.377754
2.293019
2.293019
2.293019
2.253910
2.267354
2.345571
2.293019
2.252688
2.330498
2.356570
-0.750521
-0.966239
-0.782408
-0.986463
-1.003156
-0.963778
-0.918837
-0.734363
-0.603391
-0.625006
-0.830345
-0.934139
-1.043389
-1.329088
-1.096570
-0.767855
-0.678508
-0.671874
-0.402760
-0.268792
-0.532127
-0.151945
-0.102616
-0.097480
-0.440746
-0.185865
-0.516719
-1.223796
-1.085334
-0.847145
-0.653362
-0.472740
-0.518003
-0.653576
-1.084799
-1.157026
-0.949975
-1.043817
-0.932212
-0.163929
-0.012091
-1.091647
-1.182600
-0.838692
-0.463217
-0.322722
-0.982183
-1.291422
-1.283825
-1.258037
-0.872719
-1.266170
-1.257609
-0.966774
-0.094698
-0.930821
-1.237386
-0.792145
-0.345193
-0.487079
-1.164196
-1.367502
-1.392006
-1.324593
-1.326519
-1.097105
-1.356052
-1.114760
-0.766464
-0.575678
-1.225187
-0.599111
-0.171847
-0.393130
-1.163768
-1.392434
-1.392434
-1.392434
-1.364185
-1.380021
-1.256967
-1.036113
-0.859129
-0.369054
-1.184098
-0.367342
0.349687
-0.352683
-1.207425
-1.352842
-1.377988
-1.392434
-1.392434
-1.363329
-1.138194
-0.853458
-1.038467
-0.866833
-1.197795
-0.505376
-0.120807
-0.844363
-1.165373
-1.256004
-1.375313
-1.392434
-1.392434
-1.378309
-1.286714
-1.080840
-0.610989
-0.924829
-1.214594
-0.654218
-0.230806
-0.218394
-1.210635
-1.390293
-1.368786
-1.384515
-1.389544
-1.354233
-1.126851
-0.467283
0.188647
-0.753303
-1.189769
-0.801347
-0.210796
-0.302926
-1.032902
-1.349097
-1.293028
-0.883205
-0.693809
-0.987319
-0.788935
-0.871863
-0.626611
-0.569043
-1.146005
-0.778449
-0.422235
-0.511476
-0.538333
-1.020918
-0.794927
0.839762
1.491197
-0.435503
-1.077737
-0.266759
-0.143705
-0.874110
-0.940987
-0.681932
-0.449628
-0.330319
-0.135894
0.035632
-0.001605
1.278689
1.519339
0.191322
-0.614520
-0.031031
-0.006848
-0.767962
-0.734256
-0.673265
-0.398373
-0.481622
-0.228238
-0.010058
0.208549
0.198063
0.136429
0.121877
-0.028249
-0.145845
-0.333315
-0.688566
-1.334866
-1.213310
-1.257823
-1.185168
-1.188164
-1.151248
-1.116579
-1.122892
-1.120645
-1.136589
-1.132737
-1.158203
-1.185489
-1.277726
1.352971
1.352971
1.352971
1.352971
1.352971
1.352971
1.352971
1.352971
1.352971
1.352971
1.352971
1.352971
1.352971
1.352971
1.352971
1.355385
1.366112
1.354580
1.352971
1.352971
1.352971
1.354178
1.359542
1.353776
1.352971
1.356592
1.391991
1.460512
1.418139
1.403791
1.434230
1.358603
1.352971
1.355385
1.366112
1.356323
1.375498
1.373085
1.355385
1.358201
1.449650
1.722390
1.586288
1.502482
1.443482
1.345730
1.352971
1.356458
1.390785
1.348412
1.342914
1.404864
1.366246
1.402585
1.260047
1.355251
1.371476
1.404998
1.247978
1.324008
1.352971
1.342244
1.322399
1.343317
1.336880
1.307112
1.386091
1.744917
1.552900
1.433828
1.352971
1.473384
1.397623
1.748135
1.581193
1.375498
1.359005
1.390651
1.395344
1.421894
1.369062
1.887455
2.201361
1.237922
1.424710
1.430475
1.436375
2.579629
1.921380
1.364235
1.366514
1.489207
1.503286
1.582132
1.285658
1.404060
2.025032
1.256426
1.389846
1.380996
1.055961
0.772360
0.740178
1.226658
1.335539
1.356055
1.363162
1.304430
1.330846
1.823226
1.885578
1.183615
1.345864
1.394807
1.209763
1.051134
1.459573
1.357396
1.335003
1.292094
1.207617
1.318376
1.264069
1.656418
1.800162
1.246235
1.455684
1.364771
1.339696
1.296385
1.184822
1.299871
1.350692
1.397355
1.505700
1.432487
1.158540
0.321012
0.209583
1.411569
1.440532
1.337283
1.384751
1.354178
1.352971
1.354178
1.422430
1.878739
2.288788
1.793860
1.516695
1.345462
1.303492
1.595272
1.373353
1.311001
1.297190
1.339294
1.352971
1.354714
1.407546
2.019802
2.062443
1.091629
1.151433
1.314353
1.326689
1.653602
1.346803
1.315292
1.358201
1.353373
1.352971
1.347608
1.112413
0.373576
0.164931
0.946678
1.319180
1.352971
1.273322
1.432621
1.250526
1.288072
1.328030
1.348144
1.352971
1.352971
1.352971
1.352971
1.352971
1.352971
1.352971
1.352971
1.234972
1.016673
-0.273850
-0.229278
-0.282104
-0.277977
-0.277977
-0.277977
-0.277977
-0.277977
-0.277977
-0.277977
-0.277977
-0.277977
-0.277977
-0.277977
-0.237532
-0.078230
-0.257342
-0.277977
-0.277977
-0.277977
-0.268347
-0.164346
-0.287606
-0.277977
-0.277977
-0.277977
-0.277977
-0.277977
-0.285405
-0.288707
-0.286231
-0.277977
-0.277977
-0.277977
-0.183606
0.188100
-0.225243
-0.216989
-0.201398
-0.284855
-0.277977
-0.277977
-0.277977
-0.277977
-0.277977
-0.277977
-0.277977
-0.277977
-0.295310
-0.303014
-0.252297
0.011372
0.077863
-0.243585
-0.277977
-0.277977
-0.277977
-0.277977
-0.277977
-0.277977
-0.277977
-0.277977
-0.277977
-0.277977
-0.286231
-0.302280
-0.293109
-0.132706
-0.073461
-0.296319
-0.277977
-0.277977
-0.274308
-0.234689
-0.281645
-0.277977
-0.277977
-0.277977
-0.277977
-0.277977
-0.161137
0.478824
0.669400
-0.186265
-0.277977
-0.277977
-0.242026
-0.100424
-0.259634
-0.277977
-0.277977
-0.277977
-0.277977
-0.277977
-0.299437
-0.341991
-0.349511
-0.314661
-0.277977
-0.277977
-0.284580
-0.287515
-0.285313
-0.277977
-0.277977
-0.277977
-0.277977
-0.277977
-0.275684
-0.250922
-0.280269
-0.277977
-0.277977
-0.277977
-0.277977
-0.277977
-0.277977
-0.277977
-0.277977
-0.277977
-0.277977
-0.277977
-0.255507
-0.167006
-0.266513
-0.277977
-0.277977
-0.277977
-0.277977
-0.277977
-0.277977
-0.276601
-0.261285
-0.273941
-0.278435
-0.277977
-0.282104
-0.283021
-0.271740
-0.278894
-0.277977
-0.277977
-0.277977
-0.277977
-0.277977
-0.261285
-0.159853
-0.143895
-0.284855
-0.277977
-0.277977
-0.268989
-0.233588
-0.273391
-0.277518
-0.272566
-0.278435
-0.277977
-0.277977
-0.248996
-0.037143
0.178011
-0.233038
-0.277977
-0.277977
-0.279627
-0.280361
-0.279811
-0.269356
-0.207084
-0.279811
-0.277977
-0.277977
-0.283754
-0.302830
-0.308241
-0.296319
-0.277977
-0.277977
-0.275684
-0.250922
-0.280269
-0.238357
-0.079422
-0.258259
-0.277977
-0.277977
-0.277977
-0.277977
-0.277977
-0.277977
-0.277977
-0.277977
-0.255507
-0.167006
-0.266513
1.463233
1.694169
1.467844
1.359357
1.384718
1.321700
1.364865
1.406364
1.332716
1.343475
1.345012
1.395733
1.804065
1.378698
1.974802
1.438129
1.634610
1.557759
1.603485
1.288911
1.319907
1.308764
1.333868
1.343475
1.340401
1.529965
1.614116
1.961737
1.585554
0.861622
1.094735
1.056054
1.151605
1.298645
1.343475
1.343475
1.343475
1.343475
1.291216
1.121121
0.987785
1.591446
1.796380
1.138028
1.375368
1.323109
1.343475
1.343475
1.343475
1.343475
1.343475
1.343475
1.343475
1.334765
1.209883
1.473608
1.713766
1.166975
1.304793
1.333868
1.343475
1.343475
1.343475
1.343475
1.343475
1.343475
1.343987
1.362815
1.311326
1.258811
1.748733
1.117534
1.337070
1.343475
1.343475
1.343475
1.343475
1.343475
1.343475
1.343475
1.342450
1.432621
1.667656
1.211548
1.751423
1.133801
1.343475
1.343475
1.343475
1.343475
1.343475
1.343475
1.343475
1.343475
1.326055
1.246899
1.791257
1.215006
1.769098
1.131752
1.343475
1.343475
1.343475
1.343475
1.343475
1.343475
1.343475
1.343475
1.347189
1.361534
1.070655
1.244850
1.758852
1.124451
1.343475
1.343475
1.343475
1.343475
1.343475
1.343475
1.343475
1.343475
1.336046
1.983511
1.461568
1.325543
1.871181
1.112795
1.343475
1.343475
1.343475
1.344115
1.365889
1.338864
1.451065
1.306586
1.217312
0.999825
1.145457
1.485264
1.783700
1.115869
1.392659
1.325031
1.343987
1.361919
1.518566
1.573898
2.035769
1.388048
1.269442
1.366530
1.352440
1.832756
1.858501
1.221282
1.669065
1.296980
1.346933
1.411103
1.569159
2.516085
2.110443
2.161036
1.154294
1.374343
1.496279
1.885015
1.813415
1.396501
1.615782
1.363968
1.379338
1.269442
0.913624
0.559856
0.518100
0.833956
1.155575
1.524586
1.745275
1.952771
1.388560
1.408413
1.211164
1.233194
1.339760
1.302103
1.310941
1.245618
1.201045
1.223332
1.274693
1.210908
1.627437
0.922206
1.117703
1.117703
1.117703
1.117703
1.117703
1.117703
1.117703
1.117703
1.117703
1.117703
1.117703
1.117703
1.117703
1.117703
1.117703
1.117703
1.117703
1.117703
1.117703
1.117703
1.117703
1.117703
1.117703
1.117703
1.117703
1.117703
1.117703
1.117703
1.117703
1.117703
1.117703
1.117703
1.117703
1.117703
1.117703
1.117703
1.117703
1.117703
1.117703
1.117703
1.117703
1.117703
1.117703
1.117703
1.117703
1.117703
1.117703
1.117703
1.117703
1.117703
1.117703
1.117703
1.117703
1.117703
1.117703
1.117703
1.117703
1.117703
1.117703
1.117703
1.117703
1.117703
1.117703
1.117703
1.117703
1.117703
1.117703
1.117703
1.117703
1.117703
1.117703
1.117703
1.117703
1.117703
1.117703
1.117703
1.117703
1.117703
1.117703
1.117703
1.117703
1.117703
1.117703
1.117703
1.117703
1.117703
1.117703
1.117703
1.117703
1.117703
1.117703
1.117703
1.117703
1.117703
1.117703
1.117703
1.117703
1.117703
1.117703
1.117703
1.117703
1.117703
1.117703
1.117703
1.117703
1.117703
1.117703
1.117703
1.117703
1.117703
1.117703
1.117703
1.117703
1.117703
1.117703
1.117703
1.117703
1.117703
1.117703
1.117703
1.117703
1.117703
1.117703
1.117703
1.117703
1.117703
1.117703
1.117703
1.117703
1.117703
1.117703
1.117703
1.117703
1.117703
1.117703
1.117703
1.117703
1.117703
1.117703
1.117703
1.117703
1.117703
1.117703
1.117703
1.117703
1.117703
1.117703
1.117703
1.117703
1.117703
1.117703
1.117703
1.117703
1.117703
1.117703
1.117703
1.117703
1.117703
1.117703
1.117703
1.117703
1.117703
1.117703
1.117703
1.117703
1.117703
1.117703
1.117703
1.117703
1.117703
1.117703
1.117703
1.117703
1.117703
1.117703
1.117703
1.117703
1.117703
1.117703
1.117703
1.117703
1.117703
1.117703
1.117703
1.117703
1.117703
1.117703
1.117703
1.117703
1.117703
1.117703
1.117703
1.117703
1.117703
1.117703
1.117703
-0.463336
-0.463336
-0.463336
-0.463336
-0.463336
-0.463336
-0.463336
-0.463336
-0.463336
-0.463336
-0.463336
-0.463336
-0.463336
-0.463336
-0.463336
-0.463336
-0.463336
-0.463336
-0.463336
-0.463336
-0.463336
-0.463336
-0.463336
-0.463336
-0.463336
-0.463336
-0.463336
-0.463336
-0.463336
-0.463336
-0.463336
-0.463336
-0.463336
-0.463336
-0.463336
-0.463336
-0.463336
-0.463336
-0.463336
-0.463336
-0.463336
-0.463336
-0.463336
-0.463336
-0.463336
-0.463336
-0.463336
-0.463336
-0.463336
-0.463336
-0.463336
-0.463336
-0.463336
-0.463336
-0.463336
-0.463336
-0.463336
-0.463336
-0.463336
-0.463336
-0.463336
-0.463336
-0.463336
-0.463336
-0.463336
-0.463336
-0.463336
-0.463336
-0.463336
-0.463336
-0.463336
-0.463336
-0.463336
-0.463336
-0.463336
-0.463336
-0.463336
-0.463336
-0.463336
-0.463336
-0.463336
-0.463336
-0.463336
-0.463336
-0.463336
-0.463336
-0.463336
-0.463336
-0.463336
-0.463336
-0.463336
-0.463336
-0.463336
-0.463336
-0.463336
-0.463336
-0.463336
-0.463336
-0.463336
-0.463336
-0.463336
-0.463336
-0.463336
-0.463336
-0.463336
-0.463336
-0.463336
-0.463336
-0.463336
-0.463336
-0.463336
-0.463336
-0.463336
-0.463336
-0.463336
-0.463336
-0.463336
-0.463336
-0.463336
-0.463336
-0.463336
-0.463336
-0.463336
-0.463336
-0.463336
-0.463336
-0.463336
-0.463336
-0.463336
-0.463336
-0.463336
-0.463336
-0.463336
-0.463336
-0.463336
-0.463336
-0.463336
-0.463336
-0.463336
-0.463336
-0.463336
-0.463336
-0.463336
-0.463336
-0.463336
-0.463336
-0.463336
-0.463336
-0.463336
-0.463336
-0.463336
-0.463336
-0.463336
-0.463336
-0.463336
-0.463336
-0.463336
-0.463336
-0.463336
-0.463336
-0.463336
-0.463336
-0.463336
-0.463336
-0.463336
-0.463336
-0.463336
-0.463336
-0.463336
-0.463336
-0.463336
-0.463336
-0.463336
-0.463336
-0.463336
-0.463336
-0.463336
-0.463336
-0.463336
-0.463336
-0.463336
-0.463336
-0.463336
-0.463336
-0.463336
-0.463336
-0.463336
-0.463336
-0.463336
-0.463336
-0.463336
-0.463336
-0.463336
-0.463336
-0.463336
-0.463336
-0.704452
-0.186434
-0.394166
-0.676274
-0.700111
-0.614430
-0.595262
-0.650881
-0.614020
-0.527930
-0.598211
-0.600177
-0.780550
-0.883514
-0.787840
-0.482550
-0.726651
-0.822325
-0.733286
-0.527520
-0.630239
-0.719361
-0.473621
-0.315693
-0.541363
-0.489431
-0.592232
-0.752454
-0.750406
-0.390643
-0.652520
-0.702159
-0.762529
-0.844032
-0.858039
-0.876224
-0.854681
-0.822653
-0.718787
-0.368117
-0.252620
-0.433648
-0.793000
-0.506141
-0.601570
-0.613201
-0.844933
-0.891132
-0.896457
-0.896457
-0.896457
-0.896457
-0.888102
-0.724767
-0.357796
-0.295542
-0.799472
-0.501144
-0.601570
-0.734678
-0.871883
-0.896457
-0.896457
-0.896457
-0.896457
-0.896457
-0.896457
-0.888593
-0.576422
0.033257
-0.773669
-0.426931
-0.631058
-0.833793
-0.888183
-0.896457
-0.896457
-0.896457
-0.896457
-0.896457
-0.896457
-0.891214
-0.588873
0.017120
-0.755075
-0.349523
-0.475505
-0.705272
-0.871719
-0.896457
-0.896457
-0.896457
-0.896457
-0.896457
-0.896457
-0.862709
-0.568886
-0.141791
-0.780795
-0.374097
-0.317413
-0.438726
-0.834530
-0.896457
-0.896457
-0.896457
-0.896457
-0.896457
-0.896457
-0.853780
-0.533582
-0.264743
-0.774406
-0.439382
-0.469853
-0.410794
-0.823308
-0.896457
-0.896457
-0.896457
-0.896457
-0.896457
-0.896457
-0.790625
-0.471901
-0.430781
-0.808073
-0.549063
-0.619345
-0.507288
-0.677339
-0.865494
-0.896457
-0.896457
-0.896457
-0.896457
-0.896457
-0.872538
-0.649079
-0.497130
-0.789069
-0.518755
-0.706336
-0.416692
-0.289726
-0.648833
-0.857302
-0.854845
-0.810366
-0.808646
-0.855500
-0.642608
-0.474195
-0.590593
-0.741641
-0.331338
-0.641543
-0.640314
-0.325686
-0.240415
-0.604928
-0.554879
-0.478618
-0.568231
-0.661120
-0.366315
-0.534483
-0.540790
-0.713217
-0.257371
-0.501390
-0.706992
-0.611153
-0.417593
-0.259091
-0.321836
-0.451259
-0.596409
-0.701749
-0.648342
-0.558401
-0.493035
-0.862790
-0.745245
-0.767525
-0.861398
-0.868442
-0.849848
-0.820359
-0.817411
-0.835104
-0.855500
-0.870818
-0.864511
-0.842476
-0.841657
1.450415
-0.169227
0.356320
0.544130
0.640280
0.307841
0.207292
0.639741
0.335581
0.302275
0.217167
0.486404
-0.096060
1.629428
1.641907
-0.814624
-0.011222
0.388010
0.109526
-0.395192
-1.011502
0.431731
-0.729607
-1.385687
-0.720719
0.100459
-0.619632
1.771094
1.627363
-1.161248
-0.068230
0.196609
-0.715691
-1.018953
-1.614076
0.395103
-0.050992
-1.186744
-0.667751
-0.317088
-0.690554
1.723513
1.674675
-1.115911
0.322833
-0.004219
-1.266734
-1.228221
-1.126056
-0.124160
-0.110963
-1.653667
-1.260719
-0.999562
-1.129826
1.696939
1.673239
-0.963742
0.277676
-0.803941
-2.145997
-1.455891
-0.716589
0.016968
0.678435
-0.099112
-0.986365
-0.710305
-1.438385
1.918505
1.633198
-0.689836
0.131880
-1.618385
-2.337668
-1.050016
0.036090
0.461626
0.378584
0.333337
-1.294206
-0.650963
-1.730336
1.695233
1.602406
-0.638843
0.178115
-1.983234
-2.257408
-0.969128
0.654105
0.757527
0.348509
0.821537
-0.906016
-0.273816
-1.650705
1.722525
1.643253
-0.798913
0.314484
-1.684461
-2.353917
-1.021378
0.738495
0.703841
0.305058
0.744689
-1.093737
0.264300
-1.502036
1.834206
1.681049
-0.996330
0.359372
-0.826026
-2.252740
-1.218704
-0.006105
0.952699
0.536679
0.224170
-1.037806
0.462793
-1.955134
1.747034
1.671892
-1.064560
0.350753
-0.191940
-1.947772
-1.305876
-0.718205
1.082874
1.083143
-0.056828
-0.705367
-0.034384
-1.236749
1.835912
1.662017
-1.074973
0.181706
0.271212
-1.163133
-1.131173
-1.005218
0.817946
0.778624
-0.159711
-0.180898
-0.601766
-1.013029
1.670635
1.534176
-1.149038
-0.106294
0.209626
-0.759771
-0.739302
-0.709048
0.620350
0.604819
0.344559
-0.171202
-0.589557
-0.681038
1.782944
1.613897
-1.296899
-0.205676
0.167880
-0.326783
-0.375621
-0.353985
0.244908
0.079362
0.149656
-0.208728
-0.313048
-1.012849
1.820111
1.537587
-0.431551
0.424549
0.579951
0.416110
0.461177
0.536858
0.672868
0.572050
0.597098
0.500679
0.475631
-0.211781
1.694425
1.654341
1.614413
1.635428
1.635428
1.635428
1.635428
1.635428
1.635428
1.635428
1.635428
1.635428
1.635428
1.635428
1.635428
1.770921
1.621618
1.635328
1.635428
1.635428
1.635428
1.635428
1.625021
1.476718
1.632826
1.635428
1.635428
1.635027
1.629323
1.632326
1.619817
1.632125
1.635428
1.635428
1.635428
1.615414
1.264772
1.456504
1.553371
1.635428
1.635428
1.633526
1.638130
1.628723
1.662947
1.619317
1.530255
1.415576
1.467212
1.537660
1.668450
2.098147
1.478319
1.485624
1.297695
1.537060
1.647236
1.632426
1.688464
1.510241
1.367143
1.163803
1.324313
1.499834
2.565669
2.350821
1.545766
1.488026
1.444196
1.494731
1.391660
1.635428
1.589096
1.247760
1.616515
2.091743
1.942640
1.463309
1.531956
1.478820
1.500134
1.892005
2.443885
1.038516
1.527954
1.635428
1.504137
1.663447
1.382253
1.871490
2.063723
1.510141
1.571384
1.537961
1.498233
1.649738
1.708378
0.963164
1.868488
1.635428
1.500034
2.404158
1.169006
0.847284
0.846984
1.430586
1.889003
2.096846
1.788133
1.361639
1.254365
2.558064
1.584993
1.634627
1.545966
2.030700
2.939427
4.174378
1.864786
1.262671
1.772722
1.966056
1.729893
1.296294
2.796428
3.433267
1.530455
1.629223
1.567181
1.772622
3.557053
5.332577
3.161280
1.368344
1.634627
1.613412
1.170807
1.749206
4.284755
4.290958
2.281473
1.622018
1.680459
1.729393
2.708568
3.215817
2.219831
1.542664
1.600604
1.357436
1.351432
2.424772
2.691956
1.980265
2.081435
1.626622
1.709179
1.615914
1.827260
1.596401
1.779127
1.799941
1.516846
1.524051
2.734185
2.078833
1.586894
1.612212
1.615014
1.622119
1.654341
1.608709
1.632125
1.640731
1.612112
1.776325
1.610210
2.061522
2.605397
1.578188
1.609710
1.653440
1.791135
1.628423
1.771321
1.624720
1.687664
1.747605
1.648237
1.628323
1.747905
1.706477
1.631025
1.635428
1.622419
1.872791
1.912319
-0.108274
-0.105532
-0.111565
-0.113210
-0.113210
-0.113210
-0.113210
-0.113210
-0.113210
-0.108274
-0.101301
-0.097932
-0.100831
-0.110859
-0.102790
0.013476
-0.115403
-0.113210
-0.113210
-0.113210
-0.113210
-0.113210
-0.113210
-0.102790
0.022407
0.016531
0.079051
-0.113523
-0.106472
-0.125275
-0.106942
-0.113210
-0.113210
-0.113210
-0.113210
-0.113210
-0.113210
-0.107177
-0.121201
-0.087747
0.096914
-0.106942
-0.110311
-0.092918
-0.113053
-0.113210
-0.113210
-0.113210
-0.113210
-0.113210
-0.113210
-0.113210
-0.113210
-0.093937
-0.027186
-0.104748
-0.102320
-0.067926
-0.110624
-0.113210
-0.113210
-0.113210
-0.113210
-0.113210
-0.113210
-0.113210
-0.113210
-0.108039
-0.124492
-0.108039
-0.084614
0.082655
-0.110624
-0.113210
-0.113210
-0.113210
-0.113210
-0.113210
-0.113210
-0.113210
-0.113210
-0.113210
-0.113210
-0.113210
-0.070120
0.189910
-0.106864
-0.113210
-0.113210
-0.113210
-0.113210
-0.113210
-0.113210
-0.113210
-0.113210
-0.113210
-0.113210
-0.113210
-0.073567
0.099578
-0.099656
-0.112975
-0.113210
-0.113210
-0.113210
-0.113210
-0.113210
-0.113210
-0.113210
-0.113210
-0.113210
-0.113210
-0.089393
0.010420
-0.084379
-0.112191
-0.112975
-0.113210
-0.113210
-0.113210
-0.113210
-0.113210
-0.113210
-0.113210
-0.113210
-0.113210
-0.104827
-0.107804
-0.088923
-0.094563
-0.113523
-0.113210
-0.113210
-0.113210
-0.113210
-0.113210
-0.113210
-0.108274
-0.105532
-0.111565
-0.108117
-0.107647
-0.111956
-0.114228
-0.103182
-0.098951
-0.110154
-0.113210
-0.113210
-0.113210
-0.113210
-0.097854
0.021153
-0.113758
-0.104278
-0.004622
-0.115090
-0.113210
-0.093858
0.122063
-0.117284
-0.113210
-0.113210
-0.113210
-0.113210
-0.096757
0.000313
-0.109371
-0.108039
-0.124492
-0.108039
-0.113210
-0.102006
-0.137654
-0.102006
-0.113210
-0.113210
-0.113210
-0.113210
-0.107177
-0.118616
-0.095112
-0.113210
-0.113210
-0.113210
-0.113210
-0.113210
-0.113210
-0.113210
-0.113210
-0.113210
-0.113210
-0.113210
-0.113210
-0.096836
0.085867
-0.349456
0.035162
-0.062210
0.257855
0.393634
0.415453
0.358111
0.274264
0.236217
0.254610
0.263084
0.166434
0.501103
0.086372
0.205743
0.787449
0.894017
1.221654
1.302978
1.277913
1.067482
0.832168
0.639587
0.815037
1.042779
0.856510
0.983634
0.343326
0.023983
0.889869
1.073253
1.440740
1.382858
1.037730
0.797186
-0.034441
-0.316097
-0.018573
0.759500
0.824234
0.749582
-0.153090
0.032097
1.026551
1.185410
1.340303
1.211376
0.884459
0.482350
0.408421
0.306540
0.171482
0.481810
0.905197
0.472072
-0.317720
0.080242
1.051434
1.075957
1.068384
1.028714
0.728665
1.015009
1.518818
1.421447
1.021141
0.752827
0.225578
0.075734
-0.685389
0.135780
0.987061
0.745615
0.731190
0.809448
0.947751
1.855292
1.957171
1.749625
1.555422
0.999322
-0.085651
-0.333768
-1.037910
0.152189
0.983094
0.602623
0.169319
0.314836
1.395661
1.955909
1.808409
1.502229
1.549472
1.342828
0.087274
-0.647161
-1.082088
0.151648
1.044763
0.697470
0.113420
0.422124
1.028173
1.784246
1.710856
1.424692
1.459133
1.193705
-0.032998
-0.543478
-0.860116
0.103142
1.084252
0.908622
0.542216
0.294820
0.637604
1.523146
1.649189
1.476083
1.335254
0.884460
-0.327818
-0.466843
-0.629129
0.024163
1.088399
1.142314
0.899246
0.793399
0.668619
0.876886
0.962537
0.879951
0.860477
0.394536
0.221431
0.181400
-0.506153
-0.087634
0.965963
1.222916
1.237703
0.885722
0.926114
0.240003
-0.368390
-0.576116
-0.033539
0.546544
0.518414
0.458729
-0.198350
-0.267411
0.642474
0.904835
1.203622
1.059909
0.732993
0.193481
-1.161969
-1.226523
-0.064193
0.602082
0.495514
0.595049
-0.368389
-0.406617
0.322950
0.507234
0.916917
0.971554
0.800251
0.497137
0.073209
0.030834
0.468647
0.695487
0.471712
0.491367
-0.604967
-1.088760
-0.963078
-0.867870
-0.553035
-0.434566
-0.370012
-0.426812
-0.489022
-0.545642
-0.499300
-0.421403
-0.698552
-1.003109
-1.023124
0.703591
0.642780
0.737646
0.789092
0.793471
0.793471
0.793471
0.793471
0.782768
0.767200
0.784714
0.793471
0.793471
0.793471
0.676469
0.529062
0.733146
0.791282
0.737281
0.647523
0.709064
0.740930
0.702983
0.506196
0.526629
0.698848
0.778146
0.791282
0.808309
1.003150
0.870702
0.669901
0.369370
0.310748
0.646307
0.643023
0.727551
0.456817
0.114691
0.302477
0.568224
0.755159
0.784227
0.819985
0.732538
0.378127
-0.264896
0.375086
0.643753
0.781065
0.911932
1.236180
0.655793
-0.094623
0.164921
0.651658
0.862553
0.841269
0.554967
0.119921
0.561049
0.283991
0.528210
0.992812
0.830809
0.819620
0.928959
0.617117
-0.063731
0.476277
0.830444
0.711862
0.321937
0.055582
0.846255
1.530630
1.392709
0.876418
0.802228
1.016163
1.612483
0.831296
0.244949
0.519089
0.787876
0.758687
0.470439
0.286545
0.489534
1.382128
0.909013
0.793471
0.793471
0.806606
0.911324
1.382371
1.730092
0.981622
0.778390
0.859026
1.244694
1.277653
0.917162
0.575765
0.732659
0.793471
0.793471
0.780092
0.714172
0.912783
1.345762
1.122949
0.784227
0.925554
1.197382
1.869838
1.510076
0.724267
0.694956
0.771579
0.788119
0.660293
0.455115
0.672942
0.901837
0.984176
0.780579
0.876053
0.987217
1.962758
2.404007
1.297478
0.522737
0.605198
0.752119
0.677077
0.481507
1.620266
1.714890
0.997555
0.797606
0.837742
0.911202
1.197139
1.198112
1.038177
0.262585
0.224517
0.660537
0.885661
1.363398
0.904270
1.344546
0.910473
0.717456
0.766470
0.770971
0.907310
1.353060
0.959122
0.882499
0.646307
0.709916
0.690334
1.044015
1.667821
1.302951
0.829471
0.775835
0.748105
0.769876
0.791282
0.881040
1.405480
1.997542
1.749431
0.896972
1.048029
1.159314
1.053988
0.832025
0.725605
1.114313
1.112489
0.889432
0.801012
0.793471
0.793471
0.832877
1.015677
1.010204
0.827404
0.793471
0.802228
0.849782
0.870458
-0.393761
-0.393761
-0.393761
-0.393761
-0.393761
-0.393761
-0.393761
-0.393761
-0.393761
-0.393761
-0.393761
-0.393761
-0.393761
-0.393761
-0.393761
-0.393761
-0.393761
-0.393761
-0.393761
-0.393761
-0.393761
-0.393761
-0.393761
-0.393761
-0.393761
-0.393761
-0.393761
-0.393761
-0.393761
-0.393761
-0.393761
-0.393761
-0.393761
-0.393761
-0.393761
-0.393761
-0.393761
-0.393761
-0.393761
-0.393761
-0.393761
-0.393761
-0.393761
-0.393761
-0.393761
-0.393761
-0.393761
-0.393761
-0.393761
-0.393761
-0.393761
-0.393761
-0.393761
-0.393761
-0.393761
-0.393761
-0.393761
-0.393761
-0.393761
-0.393761
-0.393761
-0.393761
-0.393761
-0.393761
-0.393761
-0.393761
-0.393761
-0.393761
-0.393761
-0.393761
-0.393761
-0.393761
-0.379055
-0.361591
-0.380893
-0.393761
-0.393761
-0.393761
-0.393761
-0.393761
-0.393761
-0.393761
-0.393761
-0.393761
-0.393761
-0.393761
-0.369863
-0.173167
-0.407548
-0.393761
-0.393761
-0.393761
-0.393761
-0.393761
-0.393761
-0.393761
-0.393761
-0.393761
-0.393761
-0.393761
-0.388246
-0.398357
-0.382731
-0.393761
-0.393761
-0.393761
-0.393761
-0.393761
-0.393761
-0.374643
-0.351940
-0.377032
-0.393761
-0.393761
-0.393761
-0.393761
-0.393761
-0.393761
-0.393761
-0.393761
-0.393761
-0.393761
-0.393761
-0.362694
-0.106988
-0.411684
-0.393761
-0.393761
-0.393761
-0.393761
-0.393761
-0.393761
-0.393761
-0.393761
-0.393761
-0.393761
-0.393761
-0.386591
-0.399735
-0.379422
-0.393761
-0.393761
-0.393761
-0.393761
-0.393761
-0.393761
-0.376113
-0.355157
-0.378319
-0.393761
-0.393761
-0.393761
-0.393761
-0.393761
-0.393761
-0.393761
-0.393761
-0.393761
-0.393761
-0.393761
-0.365084
-0.129048
-0.410305
-0.393761
-0.393761
-0.393761
-0.393761
-0.393761
-0.393761
-0.393761
-0.393761
-0.393761
-0.393761
-0.393761
-0.387143
-0.399276
-0.380525
-0.393761
-0.393761
-0.393761
-0.393761
-0.393761
-0.393761
-0.393761
-0.393761
-0.393761
-0.393761
-0.393761
-0.393761
-0.393761
-0.393761
-0.393761
-0.393761
-0.393761
-0.393761
-0.393761
-0.497055
-0.497055
-0.497055
-0.497055
-0.497055
-0.497055
-0.497055
-0.497055
-0.497055
-0.497055
-0.497055
-0.497055
-0.497055
-0.497055
-0.497055
-0.497055
-0.497055
-0.497055
-0.497055
-0.497055
-0.497055
-0.497055
-0.497055
-0.497055
-0.497055
-0.497055
-0.497055
-0.497055
-0.497055
-0.497055
-0.497055
-0.497055
-0.497055
-0.497055
-0.497055
-0.497055
-0.497055
-0.497055
-0.497055
-0.497055
-0.497055
-0.497055
-0.497055
-0.497055
-0.497055
-0.497055
-0.497055
-0.497055
-0.497055
-0.497055
-0.497055
-0.497055
-0.497055
-0.497055
-0.497055
-0.497055
-0.497055
-0.497055
-0.497055
-0.497055
-0.497055
-0.497055
-0.497055
-0.497055
-0.497055
-0.497055
-0.497055
-0.497055
-0.497055
-0.497055
-0.497055
-0.497055
-0.497055
-0.497055
-0.497055
-0.497055
-0.497055
-0.497055
-0.497055
-0.497055
-0.497055
-0.497055
-0.497055
-0.497055
-0.497055
-0.497055
-0.497055
-0.497055
-0.497055
-0.497055
-0.497055
-0.497055
-0.497055
-0.497055
-0.497055
-0.497055
-0.497055
-0.497055
-0.497055
-0.497055
-0.497055
-0.497055
-0.497055
-0.497055
-0.497055
-0.497055
-0.497055
-0.497055
-0.497055
-0.497055
-0.497055
-0.497055
-0.497055
-0.497055
-0.497055
-0.497055
-0.497055
-0.497055
-0.497055
-0.497055
-0.497055
-0.497055
-0.497055
-0.497055
-0.497055
-0.497055
-0.497055
-0.497055
-0.497055
-0.497055
-0.497055
-0.497055
-0.497055
-0.497055
-0.497055
-0.497055
-0.497055
-0.497055
-0.497055
-0.497055
-0.497055
-0.497055
-0.497055
-0.497055
-0.497055
-0.497055
-0.497055
-0.497055
-0.497055
-0.497055
-0.497055
-0.497055
-0.497055
-0.497055
-0.497055
-0.497055
-0.497055
-0.497055
-0.497055
-0.497055
-0.497055
-0.497055
-0.497055
-0.497055
-0.497055
-0.497055
-0.497055
-0.497055
-0.497055
-0.497055
-0.497055
-0.497055
-0.497055
-0.497055
-0.497055
-0.497055
-0.497055
-0.497055
-0.497055
-0.497055
-0.497055
-0.497055
-0.497055
-0.497055
-0.497055
-0.497055
-0.497055
-0.497055
-0.497055
-0.497055
-0.497055
-0.497055
-0.497055
-0.497055
-0.497055
-0.497055
-1.002600
-0.978791
-1.001171
-1.006885
-1.006885
-1.006885
-1.006885
-1.006885
-1.006885
-1.006885
-1.006885
-1.006885
-1.006885
-1.006885
-0.984981
-0.894030
-0.998790
-1.006885
-1.006885
-1.006885
-0.953315
-0.627845
-0.752843
-0.969743
-1.006885
-1.006885
-1.006885
-1.006885
-1.005933
-1.015457
-1.005933
-1.006885
-0.972600
-0.752128
-0.440349
0.970934
0.309994
-0.435230
-0.446539
-0.908316
-1.006885
-1.006885
-1.006885
-1.006885
-1.006885
-0.972600
-0.557608
0.421301
0.203925
0.558442
0.778914
1.052599
1.343188
-0.713201
-0.986886
-1.006885
-1.006885
-1.006885
-1.006885
-0.807008
0.350231
0.560822
-0.820698
-1.033671
-0.953672
-0.631178
0.152854
-0.023571
-0.674987
-0.964029
-1.006885
-1.006885
-0.986529
-0.699153
0.048213
-0.121664
-0.904745
-0.732962
-0.458682
-0.497848
-0.538680
1.337236
0.142735
-0.926173
-1.006885
-1.006885
-0.902840
-0.220829
0.302732
-0.928316
-0.953910
-0.728200
-0.552251
-0.442492
-0.504633
0.733319
-0.481538
-0.971410
-1.006885
-1.006885
-1.002362
-0.797723
0.284280
-0.539871
-0.927601
-0.856412
-0.667368
-0.552966
-0.136545
1.009028
-0.811889
-1.003552
-1.006885
-1.006885
-1.006885
-0.713082
0.665463
0.589393
-0.588679
-0.783556
-0.617488
-0.611536
0.334398
1.013671
-0.846174
-1.006885
-1.006885
-1.006885
-1.006885
-0.961886
-0.588441
1.075813
0.823436
-0.374636
-0.427492
0.259281
1.473781
-0.831294
-0.982124
-1.006885
-1.006885
-1.006885
-1.006885
-1.005457
-0.814508
0.381302
2.030318
1.360688
0.595703
1.043194
0.177140
-0.911054
-1.005933
-1.006885
-1.006885
-1.006885
-1.006885
-1.006885
-0.998552
-0.983553
-0.429992
0.907959
-0.211425
-1.069146
-1.084503
-0.996648
-1.003671
-0.985814
-1.006885
-1.006885
-1.006885
-1.006885
-1.006885
-1.003552
-1.021409
-1.136883
-1.044980
-1.000933
-1.006885
-1.006885
-0.990457
-0.922244
-1.006885
-1.006885
-1.006885
-1.006885
-1.006885
-1.006885
-1.006885
-1.006885
-1.006885
-1.006885
-1.006885
-1.006885
-1.006171
-1.013314
1.642875
1.426695
1.212679
1.195987
1.199641
1.105762
0.783656
0.251414
0.162406
0.537565
0.892287
1.084423
1.291942
1.598529
1.575206
1.280439
0.963385
0.867430
0.764663
0.552994
-0.424287
-2.093057
-2.358411
-1.228469
0.005143
0.526738
1.000152
1.482454
1.616981
1.391010
1.128498
0.988017
0.683505
0.184557
-1.401115
-3.424157
-4.029662
-2.436411
-0.457670
0.537926
0.847716
1.459266
1.680545
1.585898
1.473792
1.350950
1.038228
0.434617
-0.662076
-2.135012
-2.615418
-1.547236
0.154782
0.915160
1.026047
1.419251
1.680545
1.628349
1.572138
1.566635
1.445597
1.162739
0.843430
0.580332
0.336362
0.539369
1.160483
1.281070
1.032724
1.405356
1.680545
1.672154
1.662499
1.673056
1.680545
1.667958
1.640890
1.617071
1.598394
1.621988
1.665567
1.463687
1.290544
1.491116
1.680545
1.680545
1.680545
1.680545
1.680545
1.680545
1.680545
1.680545
1.680545
1.680545
1.680545
1.600830
1.509116
1.609402
1.680545
1.664755
1.622123
1.664124
1.680545
1.680545
1.680545
1.680545
1.680545
1.680545
1.680545
1.667011
1.630469
1.666469
1.672199
1.611883
1.525807
1.528289
1.491567
1.449792
1.493010
1.355822
1.329070
1.507672
1.652394
1.583101
1.411221
1.586890
1.652349
1.567176
1.382574
1.287296
1.146904
1.201356
1.045220
0.067895
-0.461866
0.451219
1.446319
1.450559
1.233476
1.475822
1.608364
1.478755
1.172258
0.990092
0.927566
1.019912
0.307038
-2.084079
-2.870938
-1.100348
0.717430
1.207942
1.106213
1.359837
1.481371
1.161927
0.692122
0.546994
0.602257
0.705204
-0.344347
-2.590606
-3.354187
-1.702560
0.022015
0.599505
0.701911
1.037325
1.166077
0.450226
-0.149188
-0.262557
-0.155684
-0.126993
-0.623099
-1.607778
-1.775191
-1.116588
-0.545144
-0.287143
-0.153248
0.638573
1.004709
0.263685
-0.257369
-0.313805
-0.214331
-0.203594
-0.213203
-0.209504
-0.235805
-0.268963
-0.242031
-0.310873
-0.086707
0.687565
-1.471812
-1.303793
-1.352218
-1.392886
-1.309244
-1.149401
-1.005280
-0.873947
-0.734438
-0.796174
-0.938408
-1.209984
-1.384186
-1.477891
-0.484350
-0.729512
-0.460243
-0.609289
-0.487285
-0.047376
-0.284363
-0.590842
-0.716725
-0.440956
-0.143387
-0.004507
-0.346518
-0.319057
-0.713056
-0.697858
-0.621238
-0.642725
-0.321677
-0.156279
-0.264134
-1.389427
-1.400013
-0.641782
-1.302640
-1.069427
-0.106282
-0.355427
-0.701946
-0.524075
-0.498081
-0.334988
-0.530364
-1.317629
-1.432296
-1.474851
-1.419823
-1.418461
-1.424330
-1.267527
-0.597550
-0.447350
-0.641677
-0.372931
-0.316541
-0.282267
-1.350121
-1.415526
-1.044796
-1.133783
-0.760118
-0.566001
-1.119109
-0.447665
-0.734019
-0.430370
-0.677943
-0.325241
-0.203760
-0.765988
-1.421500
-0.944697
-0.805293
-1.100976
-1.145837
-0.971949
-0.983898
-1.493718
-1.363118
-1.097622
-0.755821
-0.471143
-0.647232
-1.455460
-1.549689
-1.133678
-1.013665
-1.235978
-1.277485
-1.154432
-1.178435
-1.564049
-1.412696
-0.894596
-0.708025
-0.382260
-0.726472
-1.542247
-1.666872
-1.401166
-1.088608
-1.066387
-0.921952
-0.929499
-1.327272
-1.479882
-0.761585
-0.988091
-0.737164
-0.366328
-0.700059
-1.535958
-1.668130
-1.376535
-1.051399
-0.991445
-0.754458
-0.716096
-1.476738
-1.409132
-0.601114
-1.000983
-0.703623
-0.415591
-0.580884
-1.289433
-1.417937
-1.245621
-1.406197
-1.545182
-1.505038
-1.498959
-1.516987
-1.102653
0.004717
-0.671025
-0.679620
-0.532565
-0.526171
-0.345260
-0.351759
-1.349178
-1.639830
-1.672847
-1.492146
-1.643079
-1.269414
0.241913
0.200406
-0.682869
-0.558140
-0.305850
-0.179967
-0.131438
-0.070960
-0.708025
-1.218369
-1.315952
-1.295722
-1.171098
-0.377439
0.442424
0.191392
-0.422824
-0.409512
-0.318008
0.048634
-0.155545
-0.006603
0.045595
-0.180806
-0.178709
-0.023164
-0.001153
0.227658
0.105653
0.039306
-0.090979
-1.087874
-1.073305
-1.023099
-1.073620
-1.054019
-0.935369
-0.795965
-0.785169
-0.838834
-0.924468
-1.083682
-0.957170
-0.733390
-0.747540
-0.253533
0.014523
-0.210332
-0.356156
-0.353354
-0.331901
-0.319736
-0.307720
-0.326740
-0.240927
-0.214165
-0.189173
-0.231490
-0.336398
-0.214239
0.179737
-0.241738
-0.334481
-0.303591
-0.222643
-0.341411
-0.356672
-0.318115
-0.132775
-0.058167
-0.068341
-0.267393
-0.277936
-0.222127
0.083233
-0.234955
-0.190058
-0.189763
-0.286930
-0.358441
-0.366772
-0.361464
-0.332417
-0.281327
-0.174650
-0.211880
-0.324897
-0.152754
0.055808
-0.187477
0.168826
0.479568
0.032954
-0.287372
-0.366772
-0.366772
-0.339937
-0.194923
0.017399
-0.156809
-0.306835
-0.211511
0.006193
-0.014523
0.914165
2.044411
0.791416
-0.240853
-0.349521
-0.318557
-0.210921
0.134987
0.376798
-0.180474
-0.346719
-0.218662
0.055587
0.132038
0.801958
1.246360
0.022559
-0.254492
-0.313323
-0.166909
-0.002359
-0.085519
-0.189394
-0.249847
-0.329026
-0.222717
0.078073
0.067899
0.366182
0.556092
-0.060305
-0.338757
-0.270121
-0.149215
-0.117072
-0.252206
-0.061337
0.301158
-0.186740
-0.209668
0.032512
0.095250
1.846907
2.790488
0.204876
-0.346940
-0.250216
-0.076819
-0.019979
-0.217409
0.323054
1.033891
-0.169047
-0.220284
-0.018136
-0.228099
0.588899
2.211246
0.072470
-0.359694
-0.313544
-0.141474
-0.083454
-0.314502
-0.270342
-0.138525
-0.310816
-0.224708
-0.062370
-0.294744
-0.261348
-0.007446
-0.270563
-0.365150
-0.338536
-0.242770
-0.295776
-0.305360
-0.234513
-0.269900
-0.345687
-0.171701
-0.032069
-0.229647
-0.189763
-0.254418
-0.310447
-0.349521
-0.350995
-0.316198
-0.285898
-0.172069
0.235471
-0.024181
-0.283760
-0.116556
0.183939
-0.033913
0.055366
0.139336
-0.032659
-0.125182
-0.084781
-0.067678
0.132628
-0.017841
0.066130
0.044086
-0.080137
-0.226477
0.190721
0.044455
0.120537
0.166319
0.273807
0.344876
0.412922
0.363823
0.313839
0.192196
0.122822
0.193965
-0.037009
-0.353207
-0.288478
-0.291058
-0.247488
-0.246972
-0.256998
-0.211953
-0.152238
-0.197283
-0.238641
-0.220137
-0.254123
-0.145603
-0.205761
0.661309
0.661309
0.661309
0.661309
0.661309
0.661309
0.661309
0.661309
0.661309
0.661309
0.661309
0.661309
0.661309
0.661309
0.661309
0.657920
0.657920
0.658555
0.660780
0.661309
0.640974
0.639280
0.643516
0.657073
0.661309
0.661309
0.661309
0.661309
0.661309
0.657073
0.758536
0.676984
0.659085
0.661309
0.635890
1.238313
0.792851
0.634514
0.656014
0.661309
0.661309
0.661309
0.661309
0.659191
0.651036
0.656755
0.660780
0.661309
0.648600
0.593314
0.741378
0.891666
0.639068
0.661309
0.661309
0.661309
0.661309
0.661309
0.661309
0.661309
0.661309
0.661309
0.661309
0.653578
0.640021
0.631124
0.656014
0.661309
0.661309
0.661309
0.661309
0.661309
0.651989
0.654319
0.655484
0.661309
0.661309
0.654954
0.808737
0.647964
0.661309
0.661309
0.661309
0.661309
0.661309
0.661309
0.636950
0.922062
0.628900
0.661309
0.661309
0.658132
0.646693
0.658132
0.661309
0.661309
0.661309
0.661309
0.661309
0.661309
0.638750
1.002449
0.621592
0.661309
0.661309
0.661309
0.661309
0.661309
0.661309
0.661309
0.661309
0.661309
0.661309
0.661309
0.652307
0.649341
0.651142
0.661309
0.661309
0.661309
0.661309
0.661309
0.661309
0.661309
0.661309
0.661309
0.661309
0.659615
0.659509
0.657814
0.660780
0.661309
0.661309
0.661309
0.661309
0.661309
0.661309
0.661309
0.661309
0.661309
0.661309
0.655802
0.699437
0.648388
0.656014
0.661309
0.661309
0.655378
0.656861
0.657602
0.661309
0.661309
0.661309
0.661309
0.661309
0.656014
0.741590
0.895161
0.637479
0.661309
0.661309
0.653895
0.833309
0.645740
0.661309
0.661309
0.661309
0.661309
0.661309
0.659191
0.643092
0.708546
0.649341
0.661309
0.661309
0.657602
0.644257
0.657602
0.661309
0.661309
0.661309
0.661309
0.661309
0.661309
0.659720
0.654001
0.659720
0.661309
0.661309
0.661309
0.661309
0.661309
0.661309
0.661309
0.661309
0.661309
-0.719294
-0.270073
-0.149863
-0.384993
-0.437039
-0.409478
-0.368629
-0.252725
-0.220119
-0.280286
-0.361000
-0.370720
-0.233531
-0.569923
-0.817603
-0.546545
-0.565739
-0.759282
-0.818341
-0.814650
-0.716710
-0.359647
-0.533626
-0.637841
-0.680782
-0.617663
-0.431872
-0.460417
-0.819572
-0.881092
-0.865835
-1.071312
-0.727169
-0.518246
-0.577305
-1.270637
-1.460613
-0.479980
-0.505080
-0.636364
-0.631320
-0.597484
-0.780445
-0.814527
-0.768141
-0.811205
-0.412185
-1.264486
-1.560398
-1.402537
-1.361687
-1.227451
-1.127665
-0.831876
-0.544454
-0.665402
-0.776754
-0.848732
-0.799885
-0.544085
-0.927232
-1.801434
-1.425053
-1.841299
-1.623640
-1.378790
-1.085216
-1.059993
-0.419690
-0.756575
-0.717695
-0.851070
-0.854146
-0.706621
-1.793559
-1.505768
-1.822350
-1.756401
-1.778548
-1.707184
-1.752095
-0.866204
-0.811328
-0.739718
-0.744148
-0.801239
-0.720770
-0.567216
-1.396508
-1.768090
-1.690082
-1.784331
-1.707062
-1.594357
-1.686883
-0.606220
-0.898072
-0.675369
-0.741318
-0.836182
-0.968573
-0.435317
-1.857663
-1.743604
-1.756155
-1.813738
-1.732285
-1.651448
-1.496908
-0.634027
-1.019512
-0.767895
-0.717079
-0.852793
-0.851070
-0.226763
-1.155964
-1.570117
-1.709399
-1.708538
-1.520041
-1.450646
-0.985553
-0.309323
-0.666510
-0.768756
-0.744025
-0.819449
-0.846148
-0.721755
-0.591701
-0.817603
-1.435265
-1.359965
-1.062084
-1.073404
-0.088466
-0.394836
-0.643870
-0.889828
-0.741810
-0.842826
-0.860052
-0.978171
-0.486871
-0.456480
-0.846887
-0.472106
-0.129561
-0.624922
-0.033221
-0.412431
-0.559095
-0.646823
-0.682259
-0.759528
-0.672908
-0.868665
-0.796932
-0.373674
-0.448482
0.110982
-0.049339
-0.633781
-0.577674
-0.718186
-0.453158
-0.432733
-0.797425
-0.734428
-0.533257
-0.686565
-0.713019
-0.800624
-0.737750
-0.473951
-0.446390
-0.713019
-0.800009
-0.732705
-0.377611
-0.341314
-0.718925
-0.458694
-0.241159
-0.323227
-0.339591
-0.400373
-0.374412
-0.366906
-0.356817
-0.333316
-0.366291
-0.305632
-0.086374
-0.341314
-0.030495
1.102348
0.826309
0.791635
0.717543
0.503172
0.453928
0.625153
0.704780
0.568116
0.547673
0.702634
0.774467
0.364023
0.988386
1.981854
1.515616
1.423226
1.544981
1.329256
1.054685
1.532896
1.589595
1.384486
1.414416
1.592193
1.786685
1.272105
0.791522
1.026562
0.652938
0.598159
0.846075
0.759897
0.350696
-0.173597
0.743746
1.233139
0.825970
0.969863
1.211340
0.796830
0.837491
1.094555
0.695292
0.824389
0.705683
-0.204205
-0.412364
-0.074205
0.208723
0.741148
0.860532
1.343374
1.401315
1.030176
0.771531
1.032209
0.679141
0.889333
-0.356230
-0.179470
-0.243172
-0.484536
-0.467481
-0.220921
0.354197
1.260585
1.409786
1.294694
0.783164
1.100202
0.773225
0.765770
-0.137455
-0.418124
-0.480809
-0.466691
-0.469401
-0.485666
-0.334657
0.764302
1.792671
1.407978
0.780453
1.181523
0.864485
0.020330
0.140843
-0.451556
-0.468724
-0.469401
-0.469401
-0.469401
-0.445118
-0.234701
0.632269
1.176101
0.735275
1.079081
0.711557
0.312972
-0.325509
-0.443537
-0.468950
-0.469401
-0.469401
-0.465335
-0.418237
-0.177098
0.621200
1.042713
0.831843
1.022270
0.666717
1.238108
0.583364
-0.238654
-0.453137
-0.469401
-0.465335
-0.381982
0.010504
0.774467
1.301471
1.197900
0.777743
1.045085
0.742617
1.246354
0.684676
0.728611
-0.186699
-0.438003
-0.411912
0.035352
1.218230
1.349924
1.684356
1.106075
0.819645
1.112626
0.670670
0.723981
1.206936
1.084728
1.299890
-0.023944
-0.087872
0.927508
1.395667
1.710108
1.366302
0.984998
0.831392
1.176101
0.771644
0.571391
0.884250
1.754382
1.886189
1.622462
0.911583
1.492349
1.407527
1.193721
1.235398
0.956535
0.889897
1.431584
1.089698
0.951001
0.900063
1.142444
1.224894
1.381097
1.521037
1.354781
1.219134
1.242287
1.613765
1.284755
0.658359
1.728631
0.984433
0.935640
0.934624
0.884476
0.892947
0.948742
0.999342
0.983981
0.847543
0.899046
1.465129
1.182426
0.709740
0.371511
0.476467
0.538166
0.455003
0.333997
0.249048
0.185701
0.158328
0.190098
0.300248
0.405397
0.386681
0.816565
0.007448
-0.341912
-0.256770
-0.222720
-0.375963
-0.591290
-0.506396
-0.332128
-0.407376
-0.547345
-0.595714
-0.462478
-0.349909
0.054910
0.145851
-0.356533
-0.375111
-0.464072
-0.615914
-0.315144
0.144037
0.446291
0.290107
-0.155827
-0.645101
-0.657715
-0.668543
0.011845
0.258639
-0.293845
-0.440245
-0.625231
-0.359033
0.124524
1.019552
1.119287
1.091282
0.708476
-0.106275
-0.600359
-0.742994
-0.139612
0.238770
-0.403308
-0.616574
-0.510188
-0.039328
0.887718
1.015347
1.117638
1.118490
1.107552
0.982011
-0.087065
-0.459648
-0.340840
0.201173
-0.495375
-0.648481
-0.090665
0.597144
1.071192
1.249637
1.389277
1.290092
1.220148
1.165650
1.013451
-0.275954
-0.341335
0.160856
-0.570348
-0.546768
0.155964
0.926633
1.022218
1.398648
1.369681
1.415578
1.311143
1.232323
0.923171
-0.061067
-0.324460
0.188201
-0.548691
-0.650487
0.004040
0.558998
0.976844
1.200608
1.342666
1.314057
1.292373
1.268683
0.999930
-0.036689
-0.221895
0.238302
-0.468744
-0.672418
-0.224808
0.618470
0.798784
1.030655
1.069049
1.171916
1.270469
1.293829
0.898519
0.011433
-0.211507
0.243524
-0.360985
-0.555095
-0.449726
0.002281
0.890658
0.810547
1.012462
1.217373
1.242794
1.010208
0.071263
-0.312533
-0.076237
0.213623
-0.290574
-0.364805
-0.488779
-0.279004
-0.129526
0.772703
1.068169
1.070972
0.927788
0.146125
-0.036662
-0.515273
0.037541
0.187597
-0.270429
-0.255726
-0.283319
-0.451265
-0.255506
-0.003215
0.481744
0.332870
0.118615
-0.120237
-0.339438
-0.342791
0.076759
-0.006678
-0.414191
-0.327511
-0.267434
-0.302694
-0.447830
-0.360188
-0.312808
-0.244266
-0.369120
-0.398361
-0.386544
-0.436040
0.022151
0.289750
-0.081046
0.030753
0.099295
0.089484
0.055707
-0.037899
-0.051970
-0.040455
-0.009729
0.001704
-0.001374
-0.090171
0.278867
1.514308
1.175643
0.982371
0.982371
0.992297
1.003480
0.999985
1.033258
1.088129
1.099173
1.051502
0.997749
1.036962
1.098474
1.494736
1.179628
0.982371
0.982371
0.994813
1.011449
0.995372
0.997888
1.017880
1.088199
1.199899
1.159007
1.133424
1.209475
1.193538
1.152157
1.003830
1.008443
0.999077
0.979645
0.978736
0.955669
0.922187
0.932602
1.169422
1.601962
1.727851
1.418964
1.299785
1.239322
1.093162
1.139366
1.038920
0.969230
0.979994
0.982371
0.982371
0.956019
0.930645
1.320336
1.858983
1.673959
1.301882
1.283708
1.302442
1.428401
1.219890
1.023472
0.982371
0.982371
0.982371
0.982371
0.923795
1.264766
2.336888
2.263772
1.219191
1.145097
1.472438
2.091540
1.917979
1.213040
0.982371
0.982371
0.982371
0.982371
0.972235
1.258894
1.990325
1.946288
1.187526
1.053039
0.947910
1.151738
1.307195
1.107142
0.990060
0.982371
0.982371
0.982371
1.002222
0.930645
0.609665
0.948399
1.227509
1.098754
0.784345
0.463854
0.839356
1.163411
1.035145
0.982371
0.982371
0.982371
1.061847
1.259873
1.094630
0.868224
1.271756
1.135591
0.982371
0.991038
1.068208
1.185779
1.103787
1.005438
0.982371
0.982371
0.993135
1.037801
1.100431
1.021235
1.318099
1.187247
0.997749
0.935748
0.802659
0.941689
1.143979
1.172148
1.040038
0.982371
0.951964
0.794271
0.721505
1.007535
1.327815
1.263158
1.026408
0.982371
0.960073
0.897792
0.968461
1.043393
1.003341
0.982371
0.982371
0.982371
1.035704
1.060239
1.396946
1.346059
1.056954
0.982371
0.982371
0.970208
0.908347
0.866197
0.964546
0.982371
0.982371
0.982371
1.191441
1.420013
2.038416
1.687449
1.113433
0.982371
0.982371
0.982371
0.982371
0.982371
0.982371
0.982371
0.982371
1.027037
1.357872
1.624120
1.056814
1.065412
1.005508
0.982371
0.982371
0.982371
0.982371
0.982371
0.982371
0.982371
0.982371
0.993694
0.998518
0.896813
0.944333
0.354012
0.229761
0.208069
0.208197
0.190099
0.182333
0.245036
0.310499
0.227323
0.217118
0.359532
0.821750
1.618856
0.080481
-0.371790
-0.107693
0.011039
-0.026699
-0.207235
-0.065719
0.314606
0.727214
0.451500
0.114239
0.059943
0.260247
0.959094
-0.196324
-0.665410
-0.357992
-0.312104
-0.544304
-0.493602
-0.291245
0.427112
1.356042
1.403535
0.478007
-0.389183
-0.287459
0.560798
-0.172129
-0.637620
-0.475568
-0.735109
-1.235835
-0.939327
-0.652767
-0.646028
0.021500
0.397333
-0.537436
-1.448781
-0.957746
0.447457
-0.153709
-0.718487
-0.687680
-1.601849
-2.580196
-2.006563
-0.987268
-0.689092
-0.691338
-1.137383
-2.109891
-2.781271
-1.770961
-0.005070
-0.162502
-0.688066
-0.766107
-1.499996
-2.175868
-1.686951
-1.067364
-0.789725
-0.756673
-0.879255
-1.482604
-1.768458
-1.447305
-0.049418
-0.180857
-0.694740
-0.455030
-0.913013
-1.291799
-0.944718
-0.800572
-0.605723
-0.523445
-0.748329
-0.853263
-0.912179
-0.841325
0.101018
-0.170139
-0.750383
-1.062294
-2.221370
-2.769397
-1.767110
-0.956270
-0.568435
-0.513562
-0.810776
-1.147845
-1.508725
-1.221843
0.143890
-0.145366
-0.687680
-0.743003
-1.535615
-2.273933
-1.931987
-1.244114
-0.913078
-0.853327
-1.089442
-1.781807
-2.189858
-1.613465
0.104805
-0.169497
-0.679144
-0.349520
-0.313130
-0.729140
-1.138988
-1.165110
-0.738960
-0.457341
-0.898445
-1.969532
-2.021388
-1.073397
0.376796
-0.179317
-0.606943
-0.372624
-0.361393
-0.802882
-1.254383
-0.854739
0.963971
1.871209
0.850246
-1.043105
-1.544986
-0.746469
0.449383
-0.164812
-0.523317
-0.249272
-0.230596
-0.245935
-0.344835
0.345284
1.672189
2.149490
1.328189
0.138499
-0.305750
-0.201010
0.494116
-0.003594
-0.344899
-0.057248
0.065848
0.102623
0.076052
-0.123801
-0.078555
-0.045503
0.080545
0.138113
0.198763
0.209352
0.735173
1.229673
0.883812
0.949210
0.923346
0.951392
0.907622
0.767647
0.609253
0.632550
0.821558
0.937850
0.993430
1.091303
1.597934
0.948134
0.948134
0.948134
0.948134
0.948134
0.948134
0.948134
0.948134
0.948134
0.948134
0.948134
0.948134
0.948134
0.948134
0.948134
0.948134
0.948134
0.948134
0.948134
0.948134
0.642480
0.424679
0.247630
0.513267
0.728185
0.914268
0.948134
0.948134
0.948134
0.948134
0.948134
0.948134
0.927757
0.866370
0.526627
0.678813
0.324716
0.626749
0.680991
0.898345
0.948134
0.948134
0.948134
0.948134
0.948134
0.948134
0.925450
0.881877
0.471392
0.139594
-0.086410
0.314015
0.444383
0.729018
0.793321
0.948134
0.948134
0.948134
0.948134
0.922663
0.892097
0.806168
0.836125
0.855476
0.948134
0.948134
0.766664
0.560044
0.313022
0.565939
0.948134
0.948134
0.830967
0.801138
0.839105
0.912570
0.948134
0.948134
0.948134
0.948134
0.706174
0.192107
0.643634
0.299149
0.948134
0.948134
0.756572
0.838368
0.672053
0.890175
0.948134
0.948134
0.948134
0.948134
0.948134
0.248720
0.422147
0.210113
0.948134
0.948134
0.706174
0.642897
0.552867
0.793897
0.948134
0.948134
0.948134
0.948134
0.948134
0.536944
0.547901
0.547901
0.948134
0.948134
0.857399
0.648568
0.798831
0.693615
0.948134
0.948134
0.948134
0.948134
0.948134
0.616433
0.946564
0.539859
0.948134
0.948134
0.948134
0.706174
0.775955
0.690475
0.948134
0.948134
0.948134
0.948134
0.948134
0.511472
0.585323
0.495613
0.948134
0.948134
0.948134
0.887644
0.894052
0.759007
0.508429
0.390269
0.478280
0.780441
0.899755
0.910327
0.914332
0.909527
0.948134
0.948134
0.948134
0.948134
0.948134
0.806361
0.613421
0.661576
0.468316
0.781915
0.877007
0.948134
0.948134
0.948134
0.774930
0.706527
0.691116
0.823790
0.867459
0.674039
0.247214
0.086121
0.158466
0.619637
0.801202
0.821291
0.835933
0.861051
0.755322
0.889662
0.683779
0.818215
0.893026
0.866113
0.899691
0.878897
0.882229
0.898697
0.877007
0.826513
0.927757
0.820105
2.158251
2.347882
3.189440
2.592334
2.403969
2.652390
2.866011
2.949635
2.654840
2.500432
2.409206
2.324569
2.516312
2.679167
2.052074
2.532783
3.689831
2.858409
2.784330
2.922689
3.539392
3.827852
2.611592
2.484721
2.477457
2.545369
2.593685
2.613028
2.336901
2.867024
3.206080
2.219997
2.002407
2.855706
3.954470
3.788912
2.496040
2.473402
2.473402
2.473402
2.317896
2.481258
2.398225
2.652053
2.728665
1.999872
3.062062
4.860055
3.863160
2.892196
2.468334
2.522309
2.741251
2.750120
2.353204
2.674943
2.348980
2.588701
2.559729
2.380656
4.237439
3.864849
2.597908
2.473402
2.353035
2.067701
2.772927
3.792882
2.789483
2.626966
2.255896
2.337070
2.679843
3.723534
4.655642
2.784668
2.473402
2.473402
2.481004
2.028930
2.074880
3.632730
3.575883
2.894054
2.276337
2.179283
2.870403
4.773644
4.612901
2.473402
2.473402
2.473402
2.473402
2.305817
2.711434
3.900410
3.668375
2.642085
2.238580
2.087297
2.554492
4.282545
5.088035
2.657881
2.473402
2.473402
2.473402
2.193136
2.493168
4.085396
3.769484
2.809755
2.324400
2.383274
2.892787
4.068840
4.383231
3.058937
2.473402
2.473402
2.450764
2.283940
2.528053
3.664743
3.568619
2.690148
2.392566
2.598669
2.813725
2.873698
3.854375
3.888416
2.858916
2.672071
1.935761
1.755843
3.600801
4.207875
2.829690
2.580086
2.411064
2.574173
2.750036
2.043289
2.381923
4.079483
3.900410
3.669558
2.571216
3.044577
3.301107
2.825213
2.516565
2.778079
2.378375
2.617843
2.929531
2.353964
2.470953
2.521127
3.708667
4.598964
2.893041
2.473402
2.473402
2.473402
2.406419
2.573919
2.196177
2.664723
3.555610
2.737872
2.813556
3.161059
3.595649
3.806904
3.099059
2.473402
2.466982
2.533459
2.578903
2.819976
1.871734
2.233258
3.649286
2.593263
2.293822
2.589377
3.040607
3.397570
2.724611
2.473402
2.320937
1.945390
2.407263
3.426036
1.300103
1.155846
1.163126
1.163126
1.163126
1.163126
1.163126
1.160573
1.339239
1.153767
1.163126
1.163126
1.163126
1.163126
1.161802
1.145921
1.163126
1.163126
1.161140
1.300103
1.151309
1.448991
1.144786
1.135617
1.534921
1.143368
1.163126
1.163126
1.131363
1.164449
1.163126
1.156603
1.590601
1.235726
1.092321
1.159250
1.082962
1.106217
1.224477
2.031972
1.114252
1.163126
1.163126
1.163126
1.160006
1.291500
2.314151
1.773615
1.110093
1.090525
1.166151
1.148662
0.969712
1.371380
1.680879
1.128810
1.163126
1.163126
1.114820
1.997279
1.825041
0.935492
1.068215
1.163126
1.163126
1.156697
1.103854
0.831412
1.971188
1.487371
1.163126
1.163126
0.981907
2.294394
2.159402
0.795773
1.170499
1.163126
1.163126
1.162936
1.138453
1.947460
2.699937
1.295282
1.163126
1.163126
0.919138
2.523824
2.695117
0.877638
1.163126
1.163126
1.163126
1.163126
0.991833
2.021479
2.137565
0.759189
1.163126
1.163126
0.860433
0.884161
1.431975
1.129472
1.149607
1.163126
1.163126
1.163126
0.965175
1.480281
1.425831
0.877354
1.163126
1.163126
1.093550
0.577781
0.612380
1.069728
1.131174
1.163126
1.163126
1.163126
1.033427
0.740093
0.733949
1.066324
1.163126
1.163126
1.161235
1.068120
0.961488
1.112645
1.165583
1.163126
1.163126
1.163126
1.159250
0.972832
0.966687
1.171633
1.182694
1.162086
1.163126
1.163126
1.163126
1.163126
1.163126
1.163126
1.163126
1.163126
1.163126
1.163126
1.163126
1.163126
1.162936
1.160668
1.163126
1.163126
1.163126
1.163126
1.163126
1.163126
1.163126
1.163126
1.163126
1.163126
1.163126
1.163126
1.217293
1.160195
1.163126
1.163126
1.163126
1.163126
1.163126
1.163126
1.163126
1.163126
1.163126
1.163126
1.163126
1.163126
1.162558
1.155752
1.163126
1.163126
1.163126
1.163126
1.163126
1.163126
1.163126
1.163126
1.163126
1.163126
1.163126
1.163126
-0.007420
-0.007420
-0.007420
-0.007420
-0.007420
-0.007420
-0.007420
-0.007420
-0.007420
-0.007420
-0.007420
-0.007420
-0.007420
-0.007420
-0.007420
-0.007420
-0.007420
-0.007420
-0.007420
-0.007420
-0.007420
-0.007420
-0.007420
-0.007420
-0.007420
-0.007420
-0.007420
-0.007420
-0.007420
-0.007420
-0.007420
-0.007420
-0.007420
-0.007420
-0.007420
-0.007420
-0.007420
-0.007420
-0.007420
-0.007420
-0.007420
-0.007420
-0.007420
-0.007420
-0.007420
-0.007420
-0.007420
-0.007420
-0.007420
-0.007420
-0.007420
-0.007420
-0.007420
-0.007420
-0.007420
-0.007420
-0.007420
-0.007420
-0.007420
-0.007420
-0.007420
-0.007420
-0.007420
-0.007420
-0.007420
-0.007420
-0.007420
-0.007420
-0.007420
-0.007420
-0.007420
-0.007420
-0.007420
-0.007420
-0.007420
-0.007420
-0.007420
-0.007420
-0.007420
-0.007420
-0.007420
-0.007420
-0.007420
-0.007420
-0.007420
-0.007420
-0.007420
-0.007420
-0.007420
-0.007420
-0.007420
-0.007420
-0.007420
-0.007420
-0.007420
-0.007420
-0.007420
-0.007420
-0.007420
-0.007420
-0.007420
-0.007420
-0.007420
-0.007420
-0.007420
-0.007420
-0.007420
-0.007420
-0.007420
-0.007420
-0.007420
-0.007420
-0.007420
-0.007420
-0.007420
-0.007420
-0.007420
-0.007420
-0.007420
-0.007420
-0.007420
-0.007420
-0.007420
-0.007420
-0.007420
-0.007420
-0.007420
-0.007420
-0.007420
-0.007420
-0.007420
-0.007420
-0.007420
-0.007420
-0.007420
-0.007420
-0.007420
-0.007420
-0.007420
-0.007420
-0.007420
-0.007420
-0.007420
-0.007420
-0.007420
-0.007420
-0.007420
-0.007420
-0.007420
-0.007420
-0.007420
-0.007420
-0.007420
-0.007420
-0.007420
-0.007420
-0.007420
-0.007420
-0.007420
-0.007420
-0.007420
-0.007420
-0.007420
-0.007420
-0.007420
-0.007420
-0.007420
-0.007420
-0.007420
-0.007420
-0.007420
-0.007420
-0.007420
-0.007420
-0.007420
-0.007420
-0.007420
-0.007420
-0.007420
-0.007420
-0.007420
-0.007420
-0.007420
-0.007420
-0.007420
-0.007420
-0.007420
-0.007420
-0.007420
-0.007420
-0.007420
-0.007420
-0.007420
-0.007420
-0.007420
-0.007420
3.899989
2.825141
3.397429
3.452188
3.464162
3.452063
3.339052
3.300634
3.348906
3.364873
3.395932
3.516052
3.162052
3.349904
2.969710
3.037566
3.875041
3.733716
3.836623
3.690433
3.560832
3.698790
3.601122
3.339177
3.555593
3.913460
3.248369
3.121014
3.194608
3.624073
4.343674
4.223179
4.240019
4.253490
3.772260
4.764782
3.879158
4.998287
3.812799
4.088964
3.897993
3.166792
3.379217
3.619957
4.398932
4.067135
4.232036
3.896371
4.398433
4.137237
3.830137
4.112913
4.161560
4.335566
3.486989
3.314229
3.343543
3.586528
4.460801
3.896247
4.513190
3.731346
4.711395
3.687564
4.054537
3.456927
5.326468
3.546113
4.163431
2.644149
3.248369
3.795460
4.013000
4.216942
3.996160
4.631190
3.711139
4.520425
4.315983
4.303509
3.314229
4.821662
4.677467
2.245244
3.231405
3.753923
3.938407
5.279692
4.072374
4.203596
4.248501
4.273947
4.333695
4.554727
3.734215
4.135864
4.937416
2.302124
3.279553
3.888887
3.932919
3.863940
4.071002
4.014247
4.367125
4.433359
4.414649
4.547368
3.520667
4.730605
3.590145
2.922559
3.255729
3.707896
4.285298
4.246006
4.784241
3.867682
3.632306
4.246505
4.171539
3.877661
3.452187
4.998537
4.302137
2.688181
3.388073
3.590395
4.409410
3.977450
3.775627
4.575433
4.265590
3.546238
3.881902
3.159557
5.842749
3.320716
3.546613
3.102179
3.311111
3.720120
4.316108
4.154201
3.897869
4.629569
3.401295
4.306752
4.357145
4.486122
3.640788
4.318603
3.802445
3.356640
3.384207
3.647898
4.347167
4.193617
4.219563
3.902608
3.709642
5.118283
3.748435
3.550853
4.162433
3.942773
4.078985
3.197851
2.938775
3.520667
4.069879
3.981566
3.857579
3.877911
3.572183
3.482249
3.518297
3.848722
3.677835
4.141976
3.441710
3.158310
3.365496
2.646394
3.421253
3.291777
3.373604
3.317473
3.254980
3.159183
3.298887
3.268826
3.402792
3.375600
2.857697
3.198725
-0.135975
0.266650
0.363407
0.294208
0.343571
0.424278
0.417312
0.414284
0.524518
0.452290
0.411407
0.331003
0.195028
-0.440177
0.240606
0.156265
0.121439
0.173224
0.229855
0.377943
0.288606
0.054814
0.264985
0.331912
0.328883
0.211079
0.140063
0.316618
0.217893
0.058296
0.073741
0.158839
0.283306
0.466524
0.623697
0.619761
0.983319
1.429855
0.823723
0.180492
0.034069
0.247117
0.185186
0.149148
0.239243
0.331609
0.345086
0.797679
1.523584
1.098095
1.188493
1.535546
1.749502
0.851130
-0.180492
0.332063
0.148391
0.120984
0.307533
0.611584
1.648960
1.040253
0.580694
0.313439
0.360227
0.580997
1.144884
1.464227
0.210927
0.299962
0.160354
0.226069
0.621275
0.932139
1.217111
0.769060
0.308442
0.208808
0.208505
0.273918
0.653981
0.631117
-1.204846
0.476669
0.200934
0.284366
0.488025
0.348417
0.746347
0.607041
0.055116
0.088883
0.090397
0.121136
0.463798
1.043736
0.931079
0.577212
0.158991
0.237426
0.492719
1.342335
2.260998
0.662309
0.035130
0.020593
0.063445
0.144757
0.296177
1.117325
1.349906
0.455773
0.162473
0.232883
0.433817
1.054032
1.327950
0.927900
0.230915
0.098574
0.138852
0.108568
0.483786
0.592959
-0.044820
0.519067
0.194575
0.183066
0.296631
0.301174
0.228492
1.301452
0.908366
0.474398
0.803584
0.885502
1.343243
1.141250
0.240000
0.347054
0.188669
0.105540
0.198663
0.444265
0.750133
1.471950
1.278133
0.787231
1.669553
0.616278
1.145944
0.449111
0.066322
0.364618
0.231975
0.155054
0.234095
0.304353
0.396114
0.187306
-0.021956
0.345994
1.049792
0.286637
0.092820
0.148694
0.316770
0.355533
0.273615
0.245754
0.324341
0.262865
0.370524
0.390511
0.480000
0.452441
0.339180
0.413224
0.221981
0.183672
0.123407
0.365981
0.471521
0.675180
0.892164
0.930928
0.930322
1.011635
1.073414
1.000127
1.004972
0.998764
0.972417
0.982562
1.017388
0.476517
3.690676
3.561724
3.876235
4.081302
4.082823
3.913532
3.783456
3.790928
3.820885
3.864067
3.899843
3.925501
3.776314
3.792978
3.610924
3.725725
4.179504
4.263422
4.135726
3.669316
3.505382
4.036664
4.100810
3.690213
3.704497
3.882319
3.740934
3.670705
3.963261
3.881063
4.157747
4.013784
3.831928
3.719178
4.119591
4.287427
4.264546
4.242790
4.168460
3.667200
3.206147
3.450627
4.189886
4.083881
4.127791
3.767783
4.164625
4.148489
4.001947
3.546448
3.536000
3.969080
4.250395
4.042815
3.230020
3.302166
4.170973
4.011668
3.903414
3.653115
4.110531
3.357715
2.312013
1.788269
1.754344
2.107871
3.276244
4.232011
3.928940
3.252305
4.105770
3.865258
3.827630
4.169320
4.019934
2.234112
1.323710
1.860217
2.075071
1.804073
2.168776
3.963592
4.133742
3.359038
4.065828
3.814470
3.968948
4.352366
3.847998
1.660440
1.633196
2.531231
2.700853
2.212752
1.837270
3.477012
3.991432
3.211305
4.083683
3.773404
3.750060
4.258529
3.853024
1.680279
1.681337
2.637765
2.713087
2.098944
1.558601
3.410817
3.960153
3.023365
4.136850
3.928080
3.855735
4.121839
3.928742
2.083800
1.433352
2.102184
2.182399
1.694034
1.986656
3.950101
4.029060
3.040823
4.180694
4.064373
4.062720
3.932842
4.107952
3.603782
2.620903
2.429723
2.567073
2.573488
3.763881
4.213098
3.761104
3.366246
4.221827
4.150606
4.261901
3.981447
3.776909
4.102000
4.094065
4.080641
4.134272
4.123492
4.197227
3.435219
3.092867
3.556235
4.123030
3.968948
4.203641
4.048304
3.725791
3.790399
4.190614
4.267258
4.290668
4.254759
3.922063
3.455322
3.633937
3.972189
3.924443
3.746291
4.001550
4.039045
3.911482
3.884634
3.839467
3.720963
3.824125
3.917301
3.886154
3.958368
3.954466
4.078260
4.024827
3.944084
4.063381
4.181554
4.233862
4.229233
4.076739
4.055842
4.129179
4.175867
4.160855
4.193457
4.091684
4.191936
-0.352061
-0.910736
-1.182602
-0.936439
-0.798563
-0.583780
-0.856542
-0.857240
-0.740185
-0.858037
-0.884636
-0.725740
-0.656603
-0.780233
-0.885134
-1.207109
-1.013944
-0.678221
-0.400875
-0.489040
-0.759213
-0.534766
-0.711096
-0.905357
-0.745664
-0.404960
-0.143355
0.027894
-1.054789
-0.947098
-0.790892
-0.260708
-0.540544
-1.010756
-0.806931
-0.909541
-0.979973
-1.060168
-1.003683
-0.490734
0.011357
0.137577
-0.858535
-0.645246
-0.367403
0.120840
-1.013346
-1.074613
-1.148731
-0.452280
-1.175231
-1.076705
-0.954968
-1.069931
-0.252938
-0.135983
-0.800057
-0.628510
-0.026798
-0.406155
-1.256920
-1.123328
-0.961145
-1.230421
-1.077502
-0.765290
-1.078299
-1.113266
-0.682205
-0.273261
-0.788302
-0.596631
0.194560
-0.958355
-1.206412
-0.986448
-1.215179
-1.240482
-0.907847
-0.705118
-1.172740
-1.153912
-0.430164
0.228232
-0.749948
-0.504282
0.077804
-1.048612
-1.150026
-1.144348
-1.261702
-1.057379
-0.644748
-0.443314
-0.419106
0.224347
0.768677
0.441720
-0.794379
-0.549909
-0.286610
-1.015339
-1.117151
-1.086070
-1.200833
-0.897287
-0.380254
-0.070432
0.329248
0.604103
0.784417
1.021714
-0.784716
-0.653714
-0.491232
-0.669255
-0.993820
-1.162977
-1.108982
-0.996411
-0.466725
-0.035963
0.553894
1.304838
1.954965
1.009860
-0.810119
-0.644549
-0.527494
-0.261705
-1.047616
-1.165766
-1.296370
-1.400275
-0.493025
0.738791
1.490432
1.050903
0.867302
0.191970
-0.767282
-0.565051
-0.643652
-0.531578
-0.982663
-1.150823
-1.423985
-0.912231
0.931059
2.284412
1.161782
0.907051
-0.085176
0.159593
-0.755029
-0.674535
-0.652419
-0.510758
-0.641062
-1.044029
-0.691171
0.218668
1.933846
1.394098
0.768876
-0.122335
0.068041
0.458656
-0.779535
-0.511056
-0.633790
-0.508765
-0.589060
-0.588163
-0.543134
-0.262801
-0.367403
-0.185495
-0.228730
-0.006176
0.366207
0.787605
-0.264494
-0.902368
-1.052696
-0.841400
-0.832335
-0.872781
-0.812111
-0.841599
-0.746760
-0.679615
-0.614264
-0.343394
0.043136
0.241880
-1.873126
-1.120677
-1.384183
-1.594054
-1.668775
-1.836190
-1.879070
-1.939073
-1.964688
-1.896052
-1.824444
-1.615847
-1.510134
-1.998227
-1.210116
-1.126055
-1.297716
-1.486500
-1.571552
-1.683493
-1.875390
-1.618536
-1.728354
-2.034314
-1.823878
-1.532776
-1.415034
-1.111479
-1.268139
-1.311160
-1.566458
-1.826991
-1.969075
-1.636509
-0.540455
1.822887
1.251298
-0.668953
-1.469660
-1.935818
-1.698493
-1.314839
-1.276630
-1.430318
-1.730901
-1.996954
-1.490180
0.248222
2.763130
3.311368
3.562704
3.273725
1.233184
-1.258515
-1.774064
-1.328425
-1.287102
-1.442630
-1.726655
-1.819208
-0.157084
2.071675
1.877372
1.277195
1.484519
2.255931
2.763130
-0.291526
-1.412203
-1.421402
-1.321349
-1.442771
-1.913742
-1.494142
0.371059
1.912751
1.416166
1.335643
1.363805
1.427770
1.922657
2.311548
-0.223598
-1.862795
-1.263752
-1.399467
-1.955631
-0.887032
0.957083
1.059400
1.016945
1.035201
1.290074
1.385740
1.524851
1.062089
-0.806791
-1.851049
-1.231485
-1.436544
-1.869164
-1.499378
0.883919
1.749015
1.363239
1.116149
1.175586
1.311868
1.926478
1.204739
-1.401590
-1.901713
-1.306773
-1.416024
-1.820057
-1.700192
0.353511
2.300934
1.963414
1.497963
1.500935
1.712928
2.193239
1.773498
-1.444611
-1.576647
-1.268280
-1.358568
-1.605092
-1.900014
-1.381494
0.893117
2.593592
2.053844
2.075071
2.390513
2.002331
-1.473339
-1.581034
-1.366635
-1.232618
-1.280875
-1.424232
-1.617262
-1.315971
-0.425260
1.257383
1.802934
1.463433
1.093223
-0.856323
-1.340595
-1.238278
-1.145160
-1.131291
-1.100723
-1.320783
-1.529521
-1.552872
-1.521313
-0.783724
-0.344312
-0.754288
-0.983971
-1.421402
-1.516077
-1.205163
-0.985387
-1.139499
-1.207711
-1.234174
-1.431308
-1.506029
-1.508294
-1.640047
-1.543249
-1.600139
-1.648962
-1.463433
-1.332388
-1.190304
-1.052466
-2.006719
-1.214503
-1.421827
-1.525700
-1.670331
-1.715900
-1.837322
-1.916855
-1.887136
-1.852464
-1.786942
-1.583440
-1.455791
-2.100686
1.182375
1.040225
0.915624
0.822211
0.809592
0.825295
0.929068
0.993203
0.988816
0.930349
0.889995
0.935627
1.058686
1.219774
1.100886
0.889040
0.715072
0.619530
0.570402
0.768739
0.941274
1.064398
1.055384
0.989424
0.856353
0.748736
0.874358
1.019983
0.985363
0.718894
0.553266
0.483375
0.681451
0.874184
1.028366
1.175207
1.199663
1.106207
0.978413
0.847253
0.687662
0.841975
0.936474
0.650349
0.516170
0.683883
0.901702
1.073194
1.088875
1.087420
1.191844
1.187283
1.135679
1.002716
0.840498
0.757250
0.945487
0.662816
0.670331
0.915667
1.183026
1.183287
1.110572
1.199033
1.198099
1.179247
1.223488
1.207786
0.948984
0.778990
0.922965
0.639208
0.716809
1.058099
1.233284
1.238409
1.238409
1.219818
1.206960
1.205266
1.227376
1.238409
0.968791
0.748779
0.916862
0.649264
0.720045
1.067742
1.238409
1.231242
1.203116
1.189672
1.176511
1.190910
1.227376
1.238409
0.991531
0.770172
0.953197
0.657430
0.712617
1.047370
1.238409
1.199771
1.122431
1.060076
1.060011
1.102471
1.190498
1.238409
1.032297
0.840628
0.961624
0.675847
0.691615
0.980650
1.221469
1.184329
1.089527
1.014770
0.998633
1.070153
1.165803
1.238409
1.048347
0.874727
0.969638
0.691876
0.670852
0.874184
1.139198
1.220035
1.169256
1.138785
1.135701
1.164934
1.223032
1.225269
1.003672
0.876139
0.985385
0.738637
0.610322
0.720067
0.884957
1.151881
1.224857
1.219297
1.159027
1.206417
1.217603
1.095955
0.925788
0.826381
1.027954
0.800883
0.645745
0.609692
0.767001
0.940665
1.052213
1.028779
1.007386
1.010513
1.072803
1.005149
0.789741
0.835568
1.111528
0.963405
0.806942
0.770324
0.793477
0.877681
0.877485
0.808072
0.763331
0.847188
0.917318
0.920554
0.901789
0.947073
1.209827
1.097975
1.038379
0.974243
1.001370
0.961776
0.909738
0.875379
0.853681
0.874358
0.963210
1.045264
1.077494
1.134463
-0.105093
-0.045027
-0.112160
-0.109442
-0.109442
-0.109442
-0.109442
-0.109442
-0.109442
-0.109442
-0.109442
-0.109442
-0.109442
-0.109442
-0.109442
-0.114334
-0.110529
-0.109442
-0.109442
-0.109442
-0.109442
-0.109442
-0.109442
-0.109442
-0.109442
-0.109442
-0.109442
-0.109442
-0.109442
-0.109442
-0.109442
-0.109442
-0.109442
-0.109442
-0.109442
-0.109442
-0.109442
-0.109442
-0.109442
-0.109442
-0.109442
-0.109442
-0.109442
-0.109442
-0.109442
-0.109442
-0.109442
-0.109442
-0.109442
-0.109442
-0.109442
-0.109442
-0.109442
-0.109442
-0.096758
-0.091322
-0.109442
-0.109442
-0.109442
-0.109442
-0.109442
-0.109442
-0.109442
-0.109442
-0.109442
-0.109442
-0.109442
-0.109442
-0.087336
0.116146
-0.109442
-0.109442
-0.109442
-0.109442
-0.109442
-0.109442
-0.109442
-0.109442
-0.109442
-0.109442
-0.109442
-0.109442
-0.085524
0.024824
-0.109442
-0.109442
-0.109442
-0.109442
-0.109442
-0.109442
-0.109442
-0.109442
-0.109442
-0.109442
-0.109442
-0.109442
-0.092047
0.138433
-0.109442
-0.109442
-0.103100
-0.100382
-0.106724
-0.109442
-0.109442
-0.109442
-0.109442
-0.109442
-0.109442
-0.109442
-0.104368
-0.121763
-0.109442
-0.109442
-0.102194
-0.002084
-0.113972
-0.109442
-0.109442
-0.109442
-0.109442
-0.109442
-0.109442
-0.109442
-0.103643
-0.023555
-0.109442
-0.109442
-0.109442
-0.117595
-0.111254
-0.109442
-0.109442
-0.109442
-0.109442
-0.109442
-0.109442
-0.109442
-0.109442
-0.115965
-0.109442
-0.109442
-0.109442
-0.109442
-0.109442
-0.109442
-0.109442
-0.109442
-0.109442
-0.109442
-0.109442
-0.109442
-0.109442
-0.109442
-0.109442
-0.109442
-0.109442
-0.109442
-0.109442
-0.109442
-0.109442
-0.109442
-0.109442
-0.109442
-0.109442
-0.109442
-0.105637
-0.104006
-0.109442
-0.109442
-0.109442
-0.109442
-0.109442
-0.109442
-0.109442
-0.109442
-0.109442
-0.109442
-0.109442
-0.109442
-0.105093
-0.045027
-0.109442
-0.109442
-0.109442
-0.109442
-0.109442
-0.109442
-0.109442
-0.109442
-0.109442
-0.109442
-0.109442
-0.109442
-0.109442
-0.114334
-0.361860
-0.361860
-0.361860
-0.361860
-0.361860
-0.361860
-0.361860
-0.360352
-0.359276
-0.359922
-0.361860
-0.361860
-0.361860
-0.361860
-0.361860
-0.361860
-0.361860
-0.361860
-0.361860
-0.361860
-0.322670
-0.279496
-0.265500
-0.345387
-0.361860
-0.361860
-0.361860
-0.361860
-0.361860
-0.361860
-0.361860
-0.361860
-0.361860
-0.361860
-0.280681
0.321486
-0.136411
-0.353031
-0.361860
-0.361860
-0.361860
-0.361860
-0.361860
-0.361860
-0.361860
-0.361860
-0.361860
-0.361860
-0.347863
-0.413538
-0.351093
-0.353246
-0.361860
-0.361860
-0.361860
-0.361860
-0.361860
-0.361860
-0.357338
-0.354108
-0.356046
-0.361860
-0.361860
-0.361860
-0.361860
-0.361860
-0.334728
-0.297261
-0.295969
-0.338604
-0.361860
-0.361860
-0.352493
-0.285956
-0.358953
-0.361860
-0.361860
-0.361860
-0.361860
-0.361860
-0.305659
0.131027
-0.040805
-0.350232
-0.361860
-0.361860
-0.354215
-0.357984
-0.350878
-0.361860
-0.361860
-0.361860
-0.361860
-0.361860
-0.352170
-0.394159
-0.368319
-0.348940
-0.361860
-0.361860
-0.349371
-0.260655
-0.357984
-0.361860
-0.361860
-0.361860
-0.361860
-0.361860
-0.361860
-0.333221
-0.312765
-0.325038
-0.361860
-0.361860
-0.359706
-0.370473
-0.357553
-0.361860
-0.361860
-0.361860
-0.361860
-0.361860
-0.361860
-0.302537
0.118861
-0.343449
-0.361860
-0.361860
-0.361860
-0.361860
-0.361860
-0.361860
-0.271422
-0.093776
0.000969
-0.126075
-0.294031
-0.351631
-0.402772
-0.341403
-0.361860
-0.361860
-0.361860
-0.361860
-0.361860
-0.361860
-0.147392
1.456482
1.777645
0.631882
-0.320193
-0.361860
-0.361860
-0.361860
-0.361860
-0.361860
-0.361860
-0.361860
-0.361860
-0.361860
-0.273360
0.045327
-0.081071
-0.242675
-0.320301
-0.361860
-0.361860
-0.361860
-0.361860
-0.361860
-0.361860
-0.361860
-0.361860
-0.361860
-0.352170
-0.393621
-0.368319
-0.356476
-0.357553
-0.361860
-0.361860
-0.361860
-0.361860
-0.361860
-0.361860
-0.361860
-0.361860
-0.361860
-0.361860
-0.361860
-0.361860
-0.361860
-0.361860
-0.361860
-0.361860
-0.361860
0.351922
0.204311
0.000961
0.142422
0.185283
0.027101
0.040235
0.173751
0.037864
-0.113079
-0.054457
0.032867
0.032226
0.042349
-0.764643
-0.812373
-1.158849
-1.055381
-1.156094
-1.373091
-1.801637
-1.388274
-1.654538
-2.424179
-1.703934
-1.432417
-1.270647
-1.170894
-0.791487
-0.619915
-0.895853
-1.075946
-1.266098
-2.384457
-3.483532
-2.401755
-2.984640
-4.315189
-2.532773
-1.435620
-1.448305
-1.124958
-0.775150
-0.515485
-0.731969
-0.918917
-1.060570
-2.397270
-3.719620
-2.561860
-2.919867
-4.345237
-2.319621
-1.308703
-1.204081
-1.062557
-0.830825
-0.655921
-0.690069
-0.417206
-0.130185
-0.880541
-2.201609
-1.376230
-1.588036
-2.391121
-1.513462
-1.443436
-1.052369
-0.799944
-0.850621
-0.804557
-0.501327
0.189896
0.466410
-0.238074
-0.919174
-0.759326
-0.689044
-0.875672
-1.080431
-1.092796
-0.073421
-0.443730
-0.850814
-0.788989
-0.284779
1.398013
1.333241
0.152929
-0.611459
-0.251977
-0.207001
-0.384211
-0.500302
0.597172
1.512950
0.105968
-0.810708
-0.773677
-0.146265
2.176879
2.495806
0.699936
-0.554951
-0.395423
-0.316364
-0.479223
-0.310214
1.550942
2.471717
0.109299
-0.816345
-0.726779
-0.330074
1.720784
1.710341
-0.034724
-1.077740
-0.911101
-0.710506
-1.064478
-1.103944
0.487745
1.270519
-0.145689
-0.811220
-0.593776
-0.624912
0.145689
-0.521188
-2.332114
-1.974618
-1.273082
-1.388851
-1.645249
-2.487990
-1.693747
-0.681740
-0.907321
-0.801033
-0.585063
-0.739401
-0.670592
-1.742438
-3.227583
-2.342237
-2.038878
-2.307832
-1.895496
-2.800894
-2.251518
-1.583616
-1.059033
-0.953514
-0.652077
-0.904374
-0.837808
-1.200494
-2.203788
-1.720912
-1.808684
-2.216152
-1.467590
-1.955975
-1.677474
-1.277951
-1.024052
-1.050768
-1.033918
-1.115412
-0.928591
-1.084339
-1.249633
-1.127905
-1.124958
-1.298452
-1.064094
-1.278463
-1.327282
-1.438439
-1.128546
-0.074574
-0.351473
-0.435145
-0.238266
-0.205015
-0.332766
-0.248261
-0.112951
-0.143383
-0.284010
-0.278629
-0.431813
-0.616776
-0.251080
-0.234836
-0.212391
-0.239823
-0.242317
-0.242317
-0.242317
-0.242317
-0.242317
-0.242317
-0.242317
-0.242317
-0.240447
-0.234836
-0.241694
-0.220496
0.065671
-0.251253
-0.242317
-0.242317
-0.242317
-0.242317
-0.242317
-0.242317
-0.242317
-0.242317
-0.235771
-0.160956
-0.244188
-0.230160
-0.129160
-0.240447
-0.242317
-0.242317
-0.242317
-0.242317
-0.242317
-0.242317
-0.242317
-0.242317
-0.237330
-0.174049
-0.243564
-0.230887
-0.116067
-0.243356
-0.242317
-0.242317
-0.242317
-0.242317
-0.242317
-0.242317
-0.242317
-0.242317
-0.242005
-0.247928
-0.241070
-0.229640
-0.111079
-0.242941
-0.242317
-0.242317
-0.242317
-0.242317
-0.242317
-0.242317
-0.242317
-0.241070
-0.221743
-0.179556
-0.237122
-0.225899
-0.059332
-0.244395
-0.242317
-0.242317
-0.242317
-0.242317
-0.242317
-0.242317
-0.242317
-0.239200
-0.151604
0.381660
-0.262268
-0.225380
-0.043434
-0.244811
-0.242317
-0.242317
-0.242317
-0.242317
-0.242317
-0.242317
-0.242317
-0.242109
-0.226003
-0.144850
-0.231511
-0.229017
-0.097052
-0.242941
-0.242317
-0.242317
-0.242317
-0.242317
-0.242317
-0.242317
-0.242317
-0.242317
-0.189531
0.290739
-0.247513
-0.231407
-0.120431
-0.243148
-0.242317
-0.242317
-0.242317
-0.242317
-0.242317
-0.242317
-0.242317
-0.242317
-0.179660
0.684453
-0.267255
-0.233693
-0.145681
-0.242941
-0.241694
-0.239823
-0.242109
-0.234836
-0.212391
-0.238576
-0.237330
-0.241278
-0.231407
-0.297597
-0.224653
-0.230991
-0.150981
-0.241070
-0.240759
-0.207092
-0.200753
-0.195142
0.152955
-0.240862
-0.193064
-0.239927
-0.196805
-0.069931
-0.248136
-0.219561
0.025770
-0.247097
-0.242213
-0.217691
0.178621
-0.185375
0.720925
-0.270373
-0.246058
-0.233900
-0.138096
-0.250422
-0.238784
-0.224133
0.009871
-0.247305
-0.242317
-0.240551
-0.269438
-0.157215
-0.319626
-0.225692
-0.242317
-0.238784
-0.195870
-0.168437
-0.244811
-0.241174
-0.262891
-0.237745
-0.242317
-0.242317
-0.242005
-0.247928
-0.241070
-0.242317
-0.242317
-0.242109
-0.245746
-0.247097
-0.241070
2.712526
2.712526
2.712526
2.712526
2.712526
2.712526
2.712526
2.712526
2.712526
2.712526
2.712526
2.712526
2.712526
2.712526
2.712526
2.712526
2.712526
2.712526
2.712526
2.712526
2.712526
2.712526
2.712526
2.712526
2.712526
2.712526
2.712526
2.712526
2.712526
2.712526
2.712526
2.712526
2.712526
2.712526
2.712526
2.712526
2.712526
2.712526
2.712526
2.712526
2.712526
2.712526
2.712526
2.712526
2.712526
2.712526
2.712526
2.712526
2.712526
2.712526
2.712526
2.712526
2.712526
2.712526
2.712526
2.712526
2.712526
2.712526
2.712526
2.712526
2.712526
2.712526
2.712526
2.712526
2.712526
2.712526
2.712526
2.712526
2.712526
2.712526
2.712526
2.712526
2.712526
2.712526
2.712526
2.712526
2.712526
2.712526
2.712526
2.712526
2.712526
2.712526
2.712526
2.712526
2.712526
2.712526
2.712526
2.712526
2.712526
2.712526
2.712526
2.712526
2.712526
2.712526
2.712526
2.712526
2.712526
2.712526
2.712526
2.712526
2.712526
2.712526
2.712526
2.712526
2.712526
2.712526
2.712526
2.712526
2.712526
2.712526
2.712526
2.712526
2.712526
2.712526
2.712526
2.712526
2.712526
2.712526
2.712526
2.712526
2.712526
2.712526
2.712526
2.712526
2.712526
2.712526
2.712526
2.712526
2.712526
2.712526
2.712526
2.712526
2.712526
2.712526
2.712526
2.712526
2.712526
2.712526
2.712526
2.712526
2.712526
2.712526
2.712526
2.712526
2.712526
2.712526
2.712526
2.712526
2.712526
2.712526
2.712526
2.712526
2.712526
2.712526
2.712526
2.712526
2.712526
2.712526
2.712526
2.712526
2.712526
2.712526
2.712526
2.712526
2.712526
2.712526
2.712526
2.712526
2.712526
2.712526
2.712526
2.712526
2.712526
2.712526
2.712526
2.712526
2.712526
2.712526
2.712526
2.712526
2.712526
2.712526
2.712526
2.712526
2.712526
2.712526
2.712526
2.712526
2.712526
2.712526
2.712526
2.712526
2.712526
2.712526
2.712526
2.712526
-0.048618
-0.048618
-0.048618
-0.048618
-0.048618
-0.048618
-0.048618
-0.048618
-0.048618
-0.048618
-0.048618
-0.048618
-0.048618
-0.048618
-0.048618
-0.048618
-0.048618
-0.048618
0.003212
0.018642
-0.009053
-0.048618
-0.048618
-0.045570
0.004119
0.017013
-0.011381
-0.048618
-0.048618
-0.048618
-0.048618
-0.012032
0.090255
0.060022
0.128493
0.050294
0.009565
-0.043242
0.042148
0.136941
0.180858
0.030512
-0.048618
-0.048618
-0.048618
0.015896
0.046338
0.238181
0.372725
0.297179
0.334324
0.166103
0.105243
0.207018
0.146041
0.157818
-0.048618
-0.048618
-0.048618
-0.021807
0.155746
0.430211
0.477479
0.490279
0.428861
0.289429
0.332601
0.102101
0.110991
0.017059
-0.048618
-0.048618
-0.048618
-0.048618
0.225567
0.300763
0.500939
0.138896
0.129843
0.265760
0.146018
0.092349
-0.010799
-0.045453
-0.048618
-0.048618
-0.048618
-0.048618
0.083622
0.182837
0.046058
-0.048618
-0.048618
0.021272
0.075546
0.022761
-0.040705
-0.048618
-0.048618
-0.048618
0.033700
0.058207
0.174528
0.146041
0.084739
-0.048618
-0.048618
0.194892
0.360134
0.300135
0.037494
-0.048618
-0.048618
-0.048618
0.172759
0.178484
0.409008
0.251447
0.318195
0.021435
0.068122
0.506780
0.637903
0.680308
0.329227
0.044476
-0.048618
-0.048618
0.146111
0.344680
0.449970
0.382523
0.204504
0.181254
0.202293
0.351313
0.694085
0.716777
0.362764
0.235318
-0.048618
-0.048618
0.007238
0.343517
0.354036
0.554607
0.347497
0.151371
0.143551
0.184349
0.351500
0.408752
0.441521
0.133380
-0.048618
-0.048618
-0.048618
0.072031
0.359482
0.358924
0.337815
0.196684
-0.008634
0.036144
0.153163
0.279003
0.157073
-0.005330
-0.048618
-0.048618
-0.048618
-0.048618
0.029581
0.158725
0.130262
0.002025
-0.038215
-0.009193
0.029441
0.033002
-0.012219
-0.018945
-0.048618
-0.048618
-0.048618
-0.048618
-0.048618
-0.048618
-0.046384
-0.044545
-0.047036
-0.048618
-0.048618
-0.037447
-0.028254
-0.040705
-2.633709
-2.596705
-2.559068
-2.648789
-2.664376
-2.656773
-2.643086
-2.606336
-2.555393
-2.571107
-2.632061
-2.657533
-2.661208
-2.664376
-2.481133
-2.539553
-2.613940
-2.641312
-2.646001
-2.552098
-2.125038
-1.647668
-1.436672
-1.879320
-2.473783
-2.580358
-2.630161
-2.661208
-2.253409
-2.405859
-2.552985
-2.618502
-2.508379
-1.848019
-0.685198
1.096671
0.410840
-0.876805
-2.271911
-2.405732
-2.592397
-2.659180
-2.204241
-2.385710
-2.530175
-2.533216
-2.247200
-0.815343
0.897968
-0.747546
-1.277126
-1.326422
-2.107170
-2.474923
-2.545129
-2.638905
-2.264815
-2.353775
-2.374558
-2.193722
-1.613072
-1.648428
-2.066365
-2.235795
-2.444763
-2.490004
-2.436399
-2.095891
-2.332739
-2.621670
-2.284077
-2.306253
-2.424994
-1.985768
-1.568212
-2.405225
-2.621543
-2.664376
-2.664376
-2.664376
-2.582005
-2.380641
-2.468334
-2.583019
-2.274192
-2.235415
-2.360491
-2.455028
-2.495833
-2.572121
-2.664376
-2.664376
-2.664376
-2.664376
-2.645367
-2.634469
-2.577190
-2.404211
-2.247073
-2.350353
-2.474163
-2.390905
-2.607857
-2.664376
-2.664376
-2.664376
-2.664376
-2.664376
-2.664376
-2.664376
-2.601648
-2.480246
-2.220968
-2.321967
-2.458703
-2.283190
-2.464659
-2.579978
-2.651704
-2.664376
-2.664376
-2.664376
-2.630161
-2.602788
-2.597846
-2.519403
-2.227811
-2.337934
-2.321967
-2.379247
-1.904031
-2.320573
-2.260506
-1.729151
-1.545528
-1.998441
-2.392679
-2.251002
-2.509012
-2.623317
-2.217800
-2.360238
-2.400663
-2.256577
-2.076503
-2.142779
-1.171692
1.576956
2.462631
0.205801
-1.967520
-2.038358
-2.256451
-2.613306
-2.121363
-2.147848
-2.235668
-2.400156
-2.484935
-2.187640
-0.656811
2.024293
2.107677
0.333665
-1.701652
-2.143413
-2.408013
-2.612926
-2.087147
-2.128839
-2.226671
-2.361125
-2.446030
-2.438300
-1.876152
-1.507764
-1.338461
-1.872223
-2.318039
-2.425881
-2.501916
-2.638905
-2.577697
-2.550451
-2.577063
-2.595311
-2.621797
-2.615460
-2.600380
-2.565278
-2.575036
-2.602028
-2.631301
-2.635863
-2.639411
-2.654491
-0.499141
-0.476754
-0.480391
-0.503711
-0.503991
-0.498954
-0.457351
-0.503432
-0.503991
-0.503991
-0.503991
-0.503991
-0.503991
-0.503991
-0.479552
-0.503058
-0.503058
-0.502592
-0.503991
-0.501753
-0.504924
-0.501193
-0.503991
-0.503991
-0.503991
-0.502312
-0.501659
-0.502592
-0.504458
-0.502592
-0.502312
-0.501659
-0.502592
-0.435151
-0.342897
-0.303626
-0.309969
-0.358941
-0.436363
-0.494477
-0.480671
-0.503711
-0.503991
-0.503991
-0.501473
-0.480671
-0.481884
-0.370414
0.568541
0.498394
0.341964
0.482350
-0.342617
-0.484682
-0.504458
-0.502592
-0.503991
-0.503991
-0.502872
-0.491025
-0.451195
-0.143744
-0.453993
-0.384686
-0.310062
-0.313234
-0.103914
-0.426009
-0.463414
-0.503991
-0.503991
-0.503991
-0.472090
-0.352225
-0.155031
-0.404835
-0.402689
-0.144957
-0.293832
-0.165665
-0.391309
0.221540
-0.466026
-0.488600
-0.503991
-0.503991
-0.456139
0.120984
0.768533
-0.372746
-0.013712
-0.346535
-0.388044
-0.118745
-0.267060
-0.375545
-0.187866
-0.500913
-0.503991
-0.503991
-0.482723
-0.324521
0.174620
-0.310342
-0.119212
-0.300734
-0.369668
-0.144117
-0.152886
-0.094119
-0.449516
-0.488600
-0.503991
-0.503991
-0.503991
-0.375265
0.422185
-0.434031
-0.463414
-0.076769
-0.079941
-0.069307
-0.332543
0.393361
-0.475448
-0.503991
-0.503991
-0.503991
-0.503991
-0.459217
-0.515092
-0.364631
-0.435804
-0.328998
-0.013619
-0.374612
0.026212
-0.515651
-0.452221
-0.503991
-0.503991
-0.503991
-0.503991
-0.503991
-0.500633
-0.480205
-0.224805
0.121171
0.572179
-0.449423
-0.513319
-0.472649
-0.499327
-0.501193
-0.503991
-0.503991
-0.503991
-0.503991
-0.503991
-0.487481
-0.366124
0.015951
-0.492798
-0.441027
-0.503991
-0.498954
-0.457351
-0.503432
-0.494663
-0.498394
-0.503991
-0.503991
-0.503991
-0.500633
-0.483003
-0.509122
-0.476007
-0.503991
-0.503991
-0.501753
-0.504924
-0.501193
-0.410711
-0.502872
-0.503991
-0.503991
-0.503991
-0.503991
-0.503991
-0.503991
-0.503991
-0.503991
-0.503991
-0.503991
-0.503991
-0.503991
0.733894
0.544614
0.437805
0.425984
0.425984
0.425984
0.425984
0.425984
0.425984
0.425984
0.425984
0.425984
0.467706
0.536548
0.887154
0.660741
0.458666
0.425984
0.425984
0.425984
0.370493
0.299148
0.379742
0.425984
0.425984
0.425984
0.487524
0.591830
0.425984
0.425984
0.425984
0.425984
0.425984
0.425984
0.467150
0.539329
0.438709
0.425984
0.425984
0.425984
0.425984
0.425984
0.425984
0.425984
0.425984
0.425984
0.425984
0.425984
0.515061
0.665539
0.492809
0.425984
0.425984
0.425984
0.425984
0.425984
0.425984
0.425984
0.425984
0.425984
0.425984
0.425984
0.442395
0.470210
0.439057
0.425984
0.405540
0.303321
0.235383
0.362705
0.425984
0.425984
0.370493
0.299148
0.379742
0.425984
0.425984
0.425984
0.425984
0.425984
0.445454
0.503170
0.519094
0.417779
0.425984
0.425984
0.478832
0.566032
0.448444
0.425984
0.425984
0.425984
0.425984
0.425984
0.454703
0.654552
0.854263
0.529872
0.425984
0.425984
0.503935
0.636055
0.488081
0.425984
0.425984
0.425984
0.425984
0.425984
0.425984
0.415692
0.429322
0.414997
0.425984
0.425984
0.425984
0.385096
0.332526
0.391911
0.425984
0.425984
0.425984
0.425984
0.425984
0.498302
0.617628
0.456719
0.425984
0.425984
0.425984
0.464925
0.529177
0.442534
0.425984
0.425984
0.425984
0.425984
0.425984
0.532654
0.713450
0.510958
0.425984
0.425984
0.425984
0.483422
0.577853
0.392050
0.256661
0.365139
0.425984
0.425984
0.425984
0.425984
0.425984
0.425984
0.425984
0.425984
0.425984
0.425984
0.428765
0.502892
0.611439
0.455537
0.425984
0.425984
0.425984
0.425984
0.425984
0.425984
0.425984
0.425984
0.425984
0.425984
0.430087
0.539608
0.705662
0.507690
0.425984
0.425984
0.425984
0.425984
0.425984
0.425984
0.425984
0.425984
0.425984
0.425984
0.425984
0.425984
0.425984
0.425984
0.425984
0.425984
0.425984
0.425984
0.425984
0.425984
-0.427446
0.064238
-0.324560
-0.687032
-0.749901
-0.560346
-0.303499
-0.059183
-0.011268
-0.040017
-0.373213
-0.542338
-0.314767
-0.721994
-0.909443
-0.573088
-0.957885
-1.122376
-0.994321
-0.589621
-0.171758
-0.131425
0.156488
0.258427
-0.384902
-0.604259
-0.438715
-0.704407
-1.242323
-1.202411
-1.245482
-1.262647
-1.095207
-0.731261
-1.076251
-1.019806
-0.960833
-1.005484
-0.834042
-0.352256
-0.004844
-0.538757
-1.340259
-1.354581
-1.153548
-0.899754
-1.154390
-1.318882
-1.299505
-1.362163
-1.356266
-1.308035
-1.255907
-0.666075
0.863950
-0.091092
-1.362163
-1.320883
-1.073934
-0.632587
-1.250431
-1.362163
-1.362163
-1.362163
-1.355529
-1.335310
-1.359004
-0.862791
0.360155
0.704724
-1.362163
-1.203674
-0.827934
-1.172924
-1.263700
-1.362163
-1.362163
-1.362163
-1.356687
-1.360268
-1.358478
-1.175978
-0.383322
0.901650
-1.362163
-1.097524
-0.652280
-1.213468
-1.319408
-1.300242
-1.341312
-1.362163
-1.362163
-1.362163
-1.362163
-1.362163
-0.446297
0.579828
-1.362163
-1.145334
-0.704513
-0.949460
-1.225052
-1.201042
-1.343208
-1.362163
-1.362163
-1.362163
-1.362163
-1.362163
-0.607418
0.252530
-1.362163
-1.269071
-1.014435
-0.320559
-1.164394
-1.350790
-1.340049
-1.362163
-1.362163
-1.362163
-1.362163
-1.332677
-0.735368
-0.226834
-1.362163
-1.362163
-1.062877
-0.535493
-0.869531
-1.254433
-1.362163
-1.362163
-1.362163
-1.362163
-1.279602
-1.037076
-0.575615
-0.549920
-1.344472
-1.331203
-1.231265
-1.114794
-0.277593
-0.964940
-1.261383
-1.362163
-1.326780
-1.247167
-1.084781
-0.620161
-0.351098
-0.958622
-1.212520
-0.971996
-1.131749
-1.120165
-0.998955
-0.183974
-0.805714
-0.785811
-0.762116
-0.774016
-0.762748
-0.649436
-0.687347
-0.655966
-0.750111
-0.085721
-0.478310
-1.050767
-0.866056
-0.650384
-0.149748
-0.074769
0.065923
-0.367631
-0.701459
-0.652385
0.082246
0.040123
-0.385218
-0.051812
-0.450193
-0.867530
-1.006116
-0.941983
-0.685979
-0.628270
-0.583408
-0.644803
-0.871216
-0.586251
0.109415
0.022536
-0.437319
-0.437319
-0.437319
-0.437319
-0.437319
-0.437319
-0.437319
-0.437319
-0.437319
-0.437319
-0.437319
-0.437319
-0.437319
-0.437319
-0.437319
-0.437319
-0.437319
-0.437319
-0.437319
-0.437319
-0.437319
-0.437319
-0.437319
-0.437319
-0.437319
-0.437319
-0.437319
-0.437319
-0.437319
-0.437319
-0.437319
-0.437319
-0.437319
-0.437319
-0.437319
-0.437319
-0.437319
-0.437319
-0.437319
-0.437319
-0.437319
-0.437319
-0.437319
-0.437319
-0.437319
-0.437319
-0.437319
-0.437319
-0.437319
-0.437319
-0.437319
-0.437319
-0.437319
-0.437319
-0.437319
-0.437319
-0.437319
-0.437319
-0.437319
-0.437319
-0.437319
-0.437319
-0.437319
-0.437319
-0.437319
-0.437319
-0.437319
-0.437319
-0.437319
-0.437319
-0.437319
-0.437319
-0.437319
-0.437319
-0.437319
-0.437319
-0.437319
-0.437319
-0.437319
-0.437319
-0.437319
-0.437319
-0.437319
-0.437319
-0.437319
-0.437319
-0.437319
-0.437319
-0.437319
-0.437319
-0.437319
-0.437319
-0.437319
-0.437319
-0.437319
-0.437319
-0.437319
-0.437319
-0.437319
-0.437319
-0.437319
-0.437319
-0.437319
-0.437319
-0.437319
-0.437319
-0.437319
-0.437319
-0.437319
-0.437319
-0.437319
-0.437319
-0.437319
-0.437319
-0.437319
-0.437319
-0.437319
-0.437319
-0.437319
-0.437319
-0.437319
-0.437319
-0.437319
-0.437319
-0.437319
-0.437319
-0.437319
-0.437319
-0.437319
-0.437319
-0.437319
-0.437319
-0.437319
-0.437319
-0.437319
-0.437319
-0.437319
-0.437319
-0.437319
-0.437319
-0.437319
-0.437319
-0.437319
-0.437319
-0.437319
-0.437319
-0.420311
-0.397967
-0.403636
-0.427314
-0.437319
-0.437319
-0.437319
-0.437319
-0.437319
-0.437319
-0.437319
-0.437319
-0.437319
-0.437319
-0.427314
-0.200540
-0.293917
-0.443989
-0.437319
-0.437319
-0.437319
-0.437319
-0.437319
-0.437319
-0.437319
-0.437319
-0.437319
-0.437319
-0.426314
-0.454994
-0.438986
-0.427314
-0.437319
-0.437319
-0.437319
-0.437319
-0.437319
-0.437319
-0.437319
-0.437319
-0.437319
-0.437319
-0.437319
-0.437319
-0.437319
-0.437319
-0.437319
-0.437319
-0.437319
-0.437319
1.752424
1.752424
1.752424
1.752424
1.752424
1.752424
1.752424
1.752424
1.752424
1.752424
1.739633
1.596997
1.553938
1.682519
1.752424
1.752424
1.752424
1.752424
1.752424
1.752424
1.752424
1.752424
1.752424
1.502996
1.474886
1.290455
1.396057
1.651024
1.752424
1.752424
1.752424
1.752424
1.752424
1.752424
1.752424
1.752424
1.650095
1.100596
0.883704
1.103757
1.274875
1.685865
1.752424
1.752424
1.752424
1.752424
1.752424
1.752424
1.752424
1.752424
1.496601
1.000944
0.831908
1.062297
1.268814
1.578702
1.752424
1.752424
1.752424
1.752424
1.752424
1.752424
1.752424
1.752424
1.551335
0.998490
1.052852
-0.067488
0.281442
1.163920
1.752424
1.739633
1.744095
1.748408
1.752424
1.752424
1.752424
1.752424
1.554905
1.570224
1.339017
0.190380
-0.352463
1.522481
1.752424
1.669281
1.688840
1.733683
1.752424
1.752424
1.752424
1.752424
1.752424
1.669281
1.429299
-0.025991
-0.187368
0.806028
1.752424
1.701705
1.661696
1.778601
1.752424
1.752424
1.752424
1.752424
1.752424
1.710853
1.127480
0.135906
-0.076673
0.658298
1.752424
1.678354
1.697987
1.716727
1.752424
1.752424
1.752424
1.752424
1.752424
1.672182
1.523968
0.412663
0.160038
1.300011
1.752424
1.752424
1.752424
1.752424
1.752424
1.752424
1.752424
1.752424
1.566952
1.631652
1.168791
0.202018
-0.010226
1.170092
1.752424
1.752424
1.752424
1.752424
1.752424
1.752424
1.752424
1.445436
1.216757
1.102195
1.416805
0.765758
1.108405
1.501955
1.752424
1.752424
1.752424
1.752424
1.752424
1.752424
1.752424
1.598930
1.125286
1.359691
1.220067
1.142576
1.257845
1.612316
1.752424
1.752424
1.752424
1.752424
1.752424
1.752424
1.752424
1.456145
1.300123
1.229920
1.324627
1.339947
1.449303
1.677648
1.752424
1.752424
1.752424
1.752424
1.752424
1.752424
1.752424
1.752424
1.752424
1.721561
1.661845
1.539511
1.530587
1.622058
2.831315
2.725292
2.743146
2.849500
2.947587
3.009416
3.089759
3.026608
2.919924
2.787010
2.635360
2.632825
2.836495
3.270285
2.894796
2.874738
2.905156
2.957947
2.993215
3.003464
3.011069
2.778304
2.620482
2.776210
2.910557
2.952327
2.984618
3.117532
2.919924
2.919924
2.919924
2.919924
2.919924
2.919924
2.919924
1.599379
1.292221
2.956845
3.818914
3.537215
3.024514
2.919924
2.919924
2.919924
2.919924
2.919924
2.919924
2.919924
2.919924
1.345012
0.679339
2.552371
3.647316
4.437637
4.013546
2.954310
2.919924
2.919924
2.919924
2.919924
2.919924
2.919924
2.919924
2.411963
1.663742
1.272824
2.305279
4.718675
4.844536
3.318777
2.919924
2.919924
2.876832
2.872093
2.931056
2.934252
2.919924
2.626874
2.223833
2.000767
1.797097
3.521896
4.988801
3.798856
2.919924
2.881902
2.415820
2.383198
3.127231
3.212314
2.919924
2.615302
2.487898
2.962245
2.995088
3.211983
3.647316
3.253312
2.919924
2.685727
1.388105
1.103981
4.013216
4.564270
2.980100
2.738958
2.708099
3.118855
3.183769
2.956294
2.919924
2.919924
2.919924
2.783263
2.003191
0.840578
3.061986
4.936121
3.578213
2.946706
2.891821
2.983847
2.980541
2.919924
2.919924
2.919924
2.919924
2.898984
2.556560
0.953654
1.240973
3.940476
4.677566
3.618992
2.933260
2.919924
2.919924
2.919924
2.919924
2.919924
2.919924
2.919924
2.757915
1.550666
0.761226
2.800346
5.285709
4.458798
2.925986
2.919924
2.919924
2.919924
2.919924
2.919924
2.919924
2.919924
2.890608
2.565707
2.133130
2.152196
4.156049
4.416367
2.919924
2.919924
2.919924
2.919924
2.919924
2.919924
2.919924
2.919924
2.919924
2.894796
2.820294
2.665338
3.187737
3.383030
2.919924
2.919924
2.919924
2.919924
2.919924
2.919924
2.919924
2.919924
2.919924
2.919924
2.919924
2.911548
2.923010
2.932048
2.919924
2.919924
2.919924
2.919924
2.919924
2.919924
0.254598
-0.634673
-1.631217
-1.851924
-1.878252
-1.878252
-1.878252
-1.878252
-1.878252
-1.878252
-1.878252
-1.703199
-1.169356
-0.376715
0.798243
-0.408364
-1.597046
-1.844642
-1.653064
-1.318922
-1.579681
-1.842121
-1.784143
-1.165715
-0.842497
-1.171597
-0.683408
0.548407
0.706375
-0.495751
-1.665107
-1.535988
-0.677806
-0.987581
-1.492295
-1.799268
-1.421713
0.242834
0.692371
-0.080384
-0.126879
1.077208
0.527401
-0.478666
-1.492015
-0.673605
-0.106432
-0.752309
-1.182520
-1.787785
-1.237137
0.560731
2.060868
0.504994
0.126879
1.528986
0.756230
-0.267201
-1.217811
-0.171692
0.079824
-0.318177
-1.439638
-1.746612
-1.621974
0.129959
1.411910
1.072447
0.760152
1.250301
0.739985
-0.068341
-0.536924
0.388198
0.156568
-0.421528
-1.177199
-1.827837
-1.848003
-1.180840
0.502473
0.718419
0.396881
0.974137
0.785079
0.259639
-0.284287
0.094669
-0.584538
-0.536643
-1.544671
-1.878252
-1.878252
-1.752494
-0.682288
0.425450
0.180375
0.719259
0.795162
0.252917
-0.393520
0.282326
-0.915319
-1.242458
-1.771260
-1.878252
-1.878252
-1.844642
-1.314720
-0.610306
-0.031089
0.861262
0.843057
-0.024927
-0.736624
-0.423489
-1.191203
-1.522544
-1.486973
-1.818034
-1.772380
-1.106617
-1.196805
-0.990102
-0.130520
1.320882
0.756791
-0.186257
-1.256743
-0.688450
-0.752589
-0.894873
-0.087107
-0.305013
-0.610866
0.170292
-0.204742
-0.452058
0.720099
1.777982
0.827652
-0.255158
-1.573519
-1.272708
-0.874987
0.182896
1.586403
0.760712
0.135561
0.931844
0.803285
0.030529
0.555689
1.754735
0.914479
-0.243114
-1.609650
-1.702639
-0.941087
-0.170572
0.958732
0.547847
-0.287368
0.243394
0.041733
-0.370553
0.177294
1.769299
1.269907
-0.293529
-1.649983
-1.848003
-1.608530
-1.162354
-0.562411
-1.026233
-1.444680
-1.222852
-1.043878
-1.379140
-0.787040
1.045559
0.152647
-0.782558
-1.748853
-1.878252
-1.878252
-1.878252
-1.878252
-1.878252
-1.878252
-1.878252
-1.878252
-1.878252
-1.266546
-0.018766
1.256425
1.230540
1.182925
1.202814
1.232855
1.252210
1.256425
1.256425
1.256425
1.256425
1.249954
1.241286
1.252210
1.256425
1.256425
1.242651
1.227453
1.226978
1.243423
1.252685
1.256425
1.256425
1.256425
1.256425
1.252982
1.250904
1.252685
1.256425
1.256425
1.256425
1.256425
1.256425
1.256425
1.256425
1.256425
1.256425
1.256425
1.256425
1.256425
1.256425
1.256425
1.256425
1.256425
1.256425
1.256425
1.256425
1.256425
1.256425
1.256425
1.256425
1.256425
1.256425
1.256425
1.256425
1.256425
1.256425
1.256425
1.256425
1.256425
1.256425
1.256425
1.256425
1.256425
1.256425
1.256425
1.256425
1.256425
1.256425
1.256425
1.256425
1.256425
1.256425
1.204595
1.181084
1.217419
1.256425
1.256425
1.256425
1.256425
1.256425
1.256425
1.256425
1.256425
1.256425
1.256425
1.256425
1.198183
1.120170
1.218488
1.256425
1.256425
1.256425
1.256425
1.256425
1.256425
1.256425
1.256425
1.256425
1.256425
1.256425
1.225434
1.206732
1.222762
1.256425
1.256425
1.256425
1.256425
1.256425
1.256425
1.256425
1.256425
1.256425
1.256425
1.256425
1.256425
1.256425
1.256425
1.256425
1.256425
1.256425
1.256425
1.256425
1.256425
1.256425
1.256425
1.256425
1.256425
1.256425
1.256425
1.256425
1.256425
1.256425
1.253546
1.134182
1.082648
1.167578
1.256425
1.256425
1.256425
1.256425
1.256425
1.256425
1.256425
1.256425
1.256425
1.256425
1.114975
0.719480
0.555321
1.022655
1.256425
1.256425
1.256425
1.256425
1.256425
1.256425
1.256425
1.256425
1.256425
1.256425
1.099391
0.599700
0.525457
1.036428
1.256425
1.256425
1.256425
1.256425
1.256425
1.256425
1.256425
1.256425
1.256425
1.256425
1.173782
1.006832
0.978928
1.129254
1.256425
1.256425
1.256425
1.256425
1.256425
1.256425
1.256425
1.256425
1.256425
1.256425
1.256425
1.256425
1.256425
1.256425
1.256425
1.256425
1.256425
1.256425
2.533996
2.533996
2.533996
2.533996
2.533996
2.533996
2.533996
2.587245
2.746055
2.526924
2.430203
2.512676
2.533996
2.533996
2.533996
2.533996
2.533996
2.533996
2.533996
2.533996
2.533996
3.147813
3.619668
2.577261
1.975508
2.262968
2.470035
2.533996
2.533996
2.533996
2.533996
2.533996
2.533996
2.533996
2.533996
3.398457
3.592731
2.213360
2.104886
2.247472
2.082838
2.371962
2.533996
2.533996
2.533996
2.533996
2.533996
2.533996
2.533996
2.473675
2.354074
2.297705
3.993553
3.383272
1.320923
1.813890
2.533996
2.533996
2.639246
2.684070
2.496348
2.458075
2.521204
2.533996
2.533996
2.533996
3.801774
3.100804
1.197161
1.736513
2.533996
2.533996
3.253686
3.306415
2.234576
2.030837
2.426875
2.533996
2.533996
2.533996
2.551468
2.310289
2.271600
2.472219
2.533996
2.533996
3.572971
4.199060
2.130574
1.226489
2.125998
2.533996
2.533996
2.533996
2.526716
2.523076
2.527444
2.533996
2.533996
2.533996
2.815632
5.097321
3.348120
0.604664
1.488365
2.457243
2.533996
2.533996
2.533996
2.533996
2.533996
2.533996
2.533996
2.533996
2.604093
5.331948
4.264269
0.668001
0.845012
2.087310
2.470035
2.533996
2.533996
2.533996
2.533996
2.533996
2.533996
2.533996
2.527756
3.789918
4.166924
2.002341
0.880685
1.622007
2.343777
2.533996
2.533996
2.533996
2.533996
2.533996
2.533996
2.533996
2.533996
2.436235
3.292375
3.133357
1.400484
1.662984
2.465251
2.533996
2.533996
2.533996
2.533996
2.533996
2.581837
2.528276
2.512676
2.533996
2.463275
2.848913
2.298953
2.099062
2.507164
2.533996
2.533996
2.533996
2.533996
2.533996
2.688542
2.445699
2.433635
2.533996
2.533996
2.500716
2.481995
2.500924
2.532124
2.533996
2.533996
2.533996
2.533996
2.533996
2.630509
2.330257
2.413874
2.533996
2.533996
2.533996
2.533996
2.533996
2.533996
2.533996
2.533996
2.533996
2.533996
2.533996
-0.007023
-0.017978
-0.020412
-0.020412
-0.020412
-0.020412
-0.020412
-0.020412
-0.020412
-0.020412
-0.020412
-0.020412
-0.020412
-0.020412
0.268076
-0.028933
-0.020412
-0.020412
-0.020412
-0.020412
-0.020412
-0.020412
-0.020412
-0.020412
-0.020412
-0.020412
-0.020412
-0.020412
-0.042323
-0.022847
-0.020412
-0.020412
-0.020412
-0.020412
-0.020412
-0.020412
-0.020412
-0.020412
-0.020412
-0.020412
-0.020412
-0.020412
-0.020412
-0.020412
-0.020412
-0.020412
-0.020412
-0.020412
-0.020412
-0.020412
-0.020412
-0.020412
-0.020412
-0.020412
-0.020412
-0.020412
-0.020412
-0.020412
-0.020412
-0.020412
-0.020412
-0.020412
-0.020412
-0.020412
-0.020412
-0.020412
-0.020412
-0.020412
-0.020412
-0.020412
-0.020412
-0.020412
-0.020412
-0.020412
-0.020412
-0.020412
-0.020412
-0.020412
-0.020412
-0.020412
-0.020412
-0.020412
-0.020412
-0.020412
-0.020412
-0.020412
-0.020412
-0.020412
-0.020412
-0.020412
-0.020412
-0.020412
-0.020412
-0.020412
-0.020412
-0.020412
-0.020412
-0.020412
-0.020412
-0.020412
-0.020412
-0.020412
-0.020412
-0.020412
-0.020412
-0.020412
-0.020412
-0.020412
-0.020412
-0.020412
-0.020412
-0.020412
-0.020412
-0.020412
-0.020412
-0.020412
-0.020412
-0.020412
-0.020412
-0.020412
-0.020412
-0.020412
-0.020412
-0.020412
-0.020412
-0.020412
-0.020412
-0.020412
-0.020412
-0.020412
-0.020412
-0.020412
-0.020412
-0.020412
-0.020412
-0.020412
-0.020412
-0.020412
-0.020412
-0.020412
-0.020412
-0.020412
-0.020412
-0.020412
-0.020412
-0.020412
-0.020038
-0.016292
-0.019663
-0.020412
-0.020412
-0.020412
-0.020412
-0.020412
-0.014232
-0.019289
-0.020412
-0.020412
-0.020412
-0.020412
-0.018165
0.068353
-0.023034
-0.020412
-0.020412
-0.020412
-0.020412
-0.020412
0.112736
-0.024345
-0.020412
-0.020412
-0.020412
-0.020412
-0.018540
-0.027154
-0.021161
-0.020412
-0.020412
-0.020412
-0.020412
-0.020412
-0.030525
-0.021536
-0.020412
-0.020412
-0.020412
-0.020412
-0.020412
-0.020412
-0.020412
-0.020412
-0.020412
-0.020412
-0.020412
-0.020412
-0.045333
-0.045581
-0.045705
-0.045705
-0.045705
-0.045705
-0.045705
-0.045705
-0.045705
-0.045705
-0.045705
-0.045705
-0.045705
-0.045705
-0.046947
-0.046823
-0.045705
-0.045705
-0.045705
-0.045705
-0.045705
-0.045705
-0.045705
-0.045705
-0.045705
-0.045705
-0.045705
-0.045705
-0.045705
-0.045705
-0.045705
-0.045705
-0.045705
-0.045705
-0.045705
-0.045705
-0.034341
-0.002484
-0.037508
-0.045705
-0.045705
-0.045705
-0.045705
-0.045705
-0.045705
-0.045705
-0.045705
-0.045705
-0.045705
-0.045705
-0.047009
-0.044588
-0.045333
-0.045705
-0.045705
-0.045705
-0.045705
-0.045705
-0.045705
-0.045705
-0.045705
-0.045705
-0.045705
-0.045705
-0.049990
-0.049431
0.110041
0.809407
1.019925
0.134632
-0.045705
-0.045705
-0.045705
-0.015401
0.069552
-0.023846
-0.045705
-0.045705
-0.045705
-0.045705
-0.063963
-0.024654
0.113767
-0.012917
-0.045705
-0.045705
-0.045705
-0.049183
-0.042725
-0.044712
-0.045705
-0.045705
-0.045705
-0.045705
-0.105694
-0.196049
-0.171271
-0.118362
-0.045705
-0.045705
-0.045705
-0.038191
0.016394
-0.040986
-0.045705
-0.045705
-0.045705
-0.045705
-0.034341
-0.003974
-0.005465
-0.047568
-0.045705
-0.045705
-0.045705
-0.047879
-0.043842
-0.045084
-0.045705
-0.045705
-0.045705
-0.045705
-0.047009
-0.045892
-0.044215
-0.045333
-0.045705
-0.045705
-0.045705
-0.052847
-0.051915
-0.039930
0.304350
1.280992
0.899638
0.625468
0.056573
-0.053716
-0.052785
-0.049059
-0.045705
-0.045705
-0.045705
-0.045705
-0.045705
0.040116
0.630374
1.584659
0.694274
0.156615
-0.021735
-0.045705
-0.045705
-0.045705
-0.002484
-0.037508
-0.045705
-0.045705
-0.045705
-0.059988
-0.200023
-0.179716
-0.221075
-0.132521
-0.088430
-0.045705
-0.045705
-0.045705
-0.044588
-0.045333
-0.045705
-0.045705
-0.045705
-0.078556
-0.217100
-0.238463
-0.204743
-0.087933
-0.053530
-0.045705
-0.045705
-0.045705
-0.049431
-0.049059
-0.045705
-0.045705
-0.045705
-0.045705
-0.045705
-0.045705
-0.045705
-0.045705
-0.045705
-0.045705
-0.045705
-0.045705
2.225140
2.225140
2.225140
2.225140
2.225140
2.225140
2.225140
2.225140
2.225140
2.225140
2.225140
2.225140
2.225140
2.225140
2.225140
2.225140
2.225140
2.225140
2.225140
2.225140
2.225140
2.225140
2.225989
2.240530
2.129825
2.222698
2.225140
2.225140
2.225140
2.225140
2.225140
2.225140
2.225140
2.225140
2.225140
2.225140
2.248384
2.653525
2.099150
1.836451
2.221106
2.225140
2.225140
2.225140
2.225140
2.225140
2.225140
2.225140
2.225140
2.225140
2.362804
3.428566
2.906565
1.629689
1.790068
2.223547
2.225140
2.225140
2.225140
2.225140
2.225140
2.225140
2.225140
2.225140
2.511402
3.288778
2.601516
1.665564
1.499772
2.066883
2.225140
2.225140
2.225140
2.225140
2.225140
2.225140
2.225140
2.225140
2.282456
2.353464
3.000287
4.068278
1.992373
1.072449
2.225140
2.225140
2.251463
2.096815
2.221849
2.225140
2.225140
2.225140
2.225140
2.225140
3.228597
3.486413
1.507096
1.284943
2.225140
2.225140
2.769112
2.345822
1.921470
2.225140
2.225140
2.225140
2.225140
2.225140
2.884912
2.176846
1.334404
1.993222
2.225140
2.225140
2.499302
2.188733
2.005640
2.225140
2.225140
2.225140
2.225140
2.240424
3.643714
3.999074
1.652721
1.423457
2.225140
2.225140
2.259529
2.201258
2.186929
2.225140
2.225140
2.225140
2.236178
2.482744
2.624973
2.507262
1.773297
1.676178
2.225140
2.225140
2.225140
2.225140
2.225140
2.231084
2.196163
2.237983
2.383820
2.358453
2.050431
2.228961
2.169416
2.135981
2.225140
2.225140
2.225140
2.225140
2.225140
2.346246
2.260803
2.433600
2.356330
2.034404
2.169946
2.225140
2.225140
2.225140
2.225140
2.225140
2.225140
2.225140
2.225140
2.251887
2.206565
2.256557
2.182683
2.157209
2.225140
2.225140
2.225140
2.225140
2.225140
2.225140
2.225140
2.225140
2.225140
2.225140
2.225140
2.225140
2.225140
2.225140
2.225140
2.225140
2.225140
2.225140
-0.614421
-0.884728
-0.382623
-0.294588
-0.293626
-0.235970
-0.058190
0.043215
0.065250
0.033481
-0.113813
-0.278650
-0.656031
-0.580940
0.005562
-0.211368
0.054553
-0.012301
0.052307
0.234045
0.630038
0.522108
0.367219
0.519113
0.182059
-0.000749
-0.082365
0.286031
1.150435
1.375066
1.447269
1.404803
1.702066
1.886478
1.900383
1.445879
1.053415
1.242213
1.340837
1.604618
1.191617
0.998862
0.894034
0.976826
1.125404
1.148188
1.318053
1.227772
1.132892
1.443419
1.494121
1.028706
0.993621
1.316127
1.333563
0.698604
0.929868
0.995867
1.146584
1.384158
1.513054
0.784178
0.795731
0.796800
0.998862
1.234083
1.605367
1.126581
1.286069
0.708873
0.965381
1.005066
1.174181
1.064433
0.770379
0.968697
1.298799
0.957572
0.870822
0.890183
0.749093
1.106364
0.703311
0.936179
0.947624
1.016939
1.120805
1.179423
1.445130
1.254514
0.934360
0.918743
1.001750
1.096844
1.328536
1.672222
1.811065
0.989021
0.898098
1.028064
0.978966
1.088180
1.307570
1.094491
1.242320
1.204667
1.239218
1.222852
1.210764
1.333670
1.098128
0.809743
0.866650
1.066144
1.083366
0.638381
1.303505
1.394748
1.315699
1.357096
1.467058
1.424806
1.453901
0.839801
0.321330
0.670900
0.903982
1.064540
1.256225
0.787173
0.575699
1.272164
0.945592
1.697252
1.894286
1.566003
1.484922
1.280721
0.986240
0.999611
0.929440
1.032343
1.325541
1.140380
0.445305
0.152322
0.059581
0.909330
1.003889
0.757543
0.245062
0.294267
0.943239
1.089784
0.865580
1.021432
1.227558
1.292060
1.048602
0.614956
0.459532
-0.212010
-0.288277
0.072310
0.274478
0.678388
1.180600
0.913502
0.866329
1.275694
1.456041
1.418816
1.478611
1.457538
1.736081
1.643127
1.229591
1.171186
1.421383
1.650187
1.403306
0.924199
1.961248
2.446131
2.347080
2.207915
2.197539
2.315952
2.116672
1.873428
2.003500
2.118704
2.299051
2.408586
2.385801
1.831603
-0.042898
-0.042898
-0.042898
-0.042898
-0.042898
-0.042898
-0.042898
-0.042898
-0.042898
-0.042898
-0.042898
-0.042898
-0.042898
-0.042898
-0.042898
-0.042898
-0.042898
-0.042898
-0.042898
-0.042898
-0.042898
-0.042898
-0.042898
-0.042898
-0.042898
-0.042898
-0.042898
-0.042898
-0.042898
-0.042898
-0.042898
-0.042898
-0.042898
-0.042898
-0.042898
-0.042898
-0.042898
-0.042898
-0.042898
-0.042898
-0.042898
-0.042898
-0.042898
-0.042898
-0.042898
-0.042898
-0.042898
-0.042898
-0.042898
-0.042898
-0.042898
-0.042898
-0.042898
-0.042898
-0.042898
-0.042898
-0.042898
-0.042898
-0.042898
-0.042898
-0.042898
-0.042898
-0.042898
-0.042898
-0.042898
-0.042898
-0.042898
-0.042898
-0.042898
-0.042898
-0.042898
-0.042898
-0.042898
-0.042898
-0.042898
-0.042898
-0.042898
-0.042898
-0.042898
-0.042898
-0.042898
-0.042898
-0.042898
-0.042898
-0.042898
-0.042898
-0.042898
-0.042898
-0.042898
-0.042898
-0.042898
-0.042898
-0.042898
-0.042898
-0.042898
-0.042898
-0.042898
-0.042898
-0.042898
-0.042898
-0.042898
-0.042898
-0.042898
-0.042898
-0.042898
-0.042898
-0.042898
-0.042898
-0.042898
-0.042898
-0.042898
-0.042898
-0.042898
-0.042898
-0.042898
-0.042898
-0.042898
-0.042898
-0.042898
-0.042898
-0.042898
-0.042898
-0.042898
-0.042898
-0.042898
-0.042898
-0.042898
-0.042898
-0.042898
-0.042898
-0.042898
-0.042898
-0.042898
-0.042898
-0.042898
-0.042898
-0.042898
-0.042898
-0.042898
-0.042898
-0.042898
-0.042898
-0.042898
-0.042898
-0.042898
-0.042898
0.003503
0.064952
0.014789
-0.042898
-0.042898
-0.042898
-0.042898
-0.042898
-0.042898
-0.042898
-0.042898
-0.042898
-0.042898
-0.042898
0.071223
0.276891
0.047395
-0.042898
-0.042898
-0.042898
-0.042898
-0.042898
-0.042898
-0.042898
-0.042898
-0.042898
-0.042898
-0.042898
-0.007784
0.053666
-0.000259
-0.042898
-0.042898
-0.042898
-0.042898
-0.042898
-0.042898
-0.042898
-0.042898
-0.042898
-0.042898
-0.042898
-0.042898
-0.042898
-0.042898
-0.042898
-0.042898
-0.042898
-0.042898
-0.042898
1.203903
0.817044
0.742150
0.767726
0.761734
0.807654
0.933791
1.034529
1.003409
0.887334
0.814853
0.767189
1.172157
1.791971
0.787355
0.523681
0.731955
0.778457
0.735264
0.695827
0.703562
0.353458
0.499670
0.723862
0.871729
0.752389
0.847896
1.413340
0.747784
0.506109
0.627997
0.646016
0.605551
0.748544
-0.027901
-0.647850
-0.421154
0.613420
0.976491
0.775416
0.591466
1.068467
0.786282
0.521624
0.600096
0.483976
0.353458
0.251109
0.050347
-0.339731
0.162980
0.807789
0.823528
0.590214
0.401614
0.869493
0.845169
0.512100
0.483350
-0.159760
-0.628623
-0.365710
0.191954
0.488670
0.635956
0.451693
0.140891
-0.226785
-0.126449
0.653126
0.841637
0.520283
0.173755
-0.476866
-0.856080
-0.422540
0.163874
0.377245
0.301859
0.230586
-0.251512
-0.792273
-0.749930
0.382030
0.837702
0.422361
0.230541
-0.336914
-0.434389
-0.118669
0.137538
0.208005
0.206753
0.163650
-0.075432
-0.404968
-0.294616
0.596116
0.834080
0.461529
-0.014755
-0.904906
-1.117920
-0.495020
0.085983
0.234252
0.215338
0.138745
0.077264
-0.041047
0.033803
0.792094
0.813422
0.494170
0.120457
-0.697750
-1.033322
-0.403224
0.070065
0.155915
0.130965
0.126717
-0.133201
-0.404387
-0.353324
0.414357
0.812171
0.481740
0.441453
0.088309
0.094211
0.338658
0.204384
-0.404700
-0.383908
-0.205278
0.315988
0.382477
0.385651
0.855229
0.795135
0.529717
0.545814
0.454867
0.513129
0.534367
-0.445478
-1.625460
-1.832705
-0.787757
0.300070
0.740808
0.502263
0.808638
0.689254
0.459115
0.536916
0.503202
0.466627
0.269755
-0.393789
-0.987134
-0.902357
-0.261393
0.405280
0.562313
0.386232
0.771795
0.801887
0.588828
0.769738
0.771526
0.782570
0.747515
0.640248
0.542461
0.685856
0.784851
0.873070
0.811008
0.703562
1.100213
1.414860
1.263148
1.347432
1.340815
1.388613
1.441554
1.464626
1.462390
1.466459
1.475312
1.446740
1.380162
1.429794
1.695748
1.203731
1.085004
1.137407
1.250713
1.467620
1.546124
1.490575
1.236056
1.266440
1.389718
1.574434
1.744760
1.990312
1.957250
1.252653
1.177161
1.070682
1.308938
1.567607
1.640623
1.691755
1.105684
1.301643
1.372652
1.209620
1.630718
2.338929
2.548474
1.216045
1.110302
1.190613
1.564729
1.749914
1.390521
1.289931
1.290868
1.684393
1.220797
1.026444
1.938310
2.207018
2.681791
1.208549
1.093905
1.289061
1.653540
1.384565
1.240607
0.898080
0.691479
1.960730
1.431413
1.276212
2.086752
2.117471
2.354322
1.233780
1.209219
1.340327
1.407587
1.241611
1.154607
1.104680
1.246898
1.709223
2.244831
2.351310
1.085807
1.624427
2.713447
1.257606
1.263362
1.277818
1.273668
1.076303
0.857656
1.294215
1.310812
2.115129
2.579060
2.377345
0.628368
0.908319
3.363499
1.256803
1.256803
1.256803
1.256803
1.059438
0.687798
1.175287
1.876203
2.280034
2.304194
2.441393
1.114117
1.466750
2.694841
1.256803
1.255331
1.257606
1.265771
1.020019
0.683180
1.400091
1.850771
2.275483
2.219935
2.269995
1.512996
1.397883
2.623097
1.254594
1.233647
1.267377
1.379010
1.125494
0.876730
1.223742
1.541506
2.124833
2.341271
1.689279
0.602133
1.270389
3.243902
1.237194
1.139348
1.204935
1.614255
1.376199
1.145773
1.015200
1.455038
1.823733
2.355527
1.690617
0.938503
1.567808
2.826351
1.208282
1.106487
1.222135
1.558907
1.708085
1.297628
1.121479
0.763960
1.113648
2.290341
2.400300
1.274338
2.102948
2.342945
1.213234
1.081457
1.102271
1.482678
1.886978
1.495327
1.309206
0.819977
0.617459
2.101007
2.338260
1.754465
2.288199
2.459061
1.258275
1.167256
1.025373
1.347019
1.611042
1.543581
1.471368
1.269586
1.189609
1.693227
1.878010
1.863420
2.255941
2.227564
1.256803
1.206809
1.097519
1.253323
1.498339
1.451491
1.311615
1.137072
1.300974
1.538829
1.719462
1.739540
1.721068
1.699987
-0.207237
-0.053872
-0.193799
-0.215489
-0.213603
-0.213603
-0.212660
-0.188140
-0.214782
-0.213603
-0.213014
-0.208888
-0.209124
-0.168336
-0.208652
-0.085701
-0.148886
-0.217140
-0.213603
-0.213603
-0.213721
-0.218201
-0.213603
-0.213603
-0.208888
-0.086290
-0.170104
1.041610
-0.214310
-0.241541
-0.227395
-0.213603
-0.213603
-0.213603
-0.213603
-0.213132
-0.209831
-0.213485
-0.205351
-0.235883
-0.183425
0.485204
-0.213603
-0.213603
-0.213603
-0.213603
-0.213603
-0.213603
-0.213367
-0.207591
-0.108452
-0.202994
0.017918
-0.136508
-0.191323
0.425202
-0.213603
-0.213603
-0.213603
-0.213603
-0.212896
-0.207945
-0.213132
-0.160320
-0.150300
-0.012496
-0.242838
0.094895
-0.196628
0.644346
-0.213603
-0.213603
-0.213485
-0.212660
-0.208181
-0.060827
-0.220912
-0.222798
-0.224213
-0.214310
0.035129
0.262760
-0.211599
0.399386
-0.213603
-0.213603
-0.211835
-0.181539
-0.217140
-0.241188
-0.213603
-0.210538
-0.132618
-0.146882
-0.224684
0.599786
-0.059766
0.343745
-0.213603
-0.213603
-0.207120
-0.039962
-0.221855
-0.213603
-0.213603
-0.211599
-0.173052
-0.229989
-0.175291
0.548272
-0.278438
0.119651
-0.213603
-0.213603
-0.214428
-0.244488
-0.203229
-0.216197
-0.213603
-0.208534
-0.106330
-0.193563
-0.012731
0.411528
-0.225981
0.404219
-0.213603
-0.213603
-0.213603
-0.203229
0.070022
-0.196864
-0.209359
-0.204290
0.121655
0.314982
0.469998
-0.113285
-0.191323
0.618412
-0.213603
-0.213603
-0.213603
-0.214900
-0.235883
0.564304
0.081928
-0.200872
-0.181657
-0.068843
0.098668
-0.285394
-0.178003
0.602615
-0.213603
-0.213603
-0.213603
-0.213603
-0.217140
-0.331250
0.346103
0.562418
0.143463
0.442767
-0.329364
-0.213603
-0.172698
0.730989
-0.210184
-0.184250
-0.202640
-0.201697
-0.201697
-0.208063
-0.312507
-0.344571
-0.271719
-0.331721
-0.203465
-0.196274
-0.147825
0.843096
-0.186254
0.540845
0.199221
0.162442
0.161028
0.060120
0.093127
0.170222
0.214782
0.134150
0.092420
0.256041
0.480961
0.450547
1.002046
1.306882
1.425215
1.251502
1.270252
1.294465
1.321037
1.352700
1.348479
1.414536
1.424222
1.382501
1.186313
1.184078
0.620846
1.222074
1.084743
1.016326
1.073444
1.049106
1.063262
1.424967
1.486927
1.213631
0.993727
1.133790
1.331467
0.727632
0.783881
0.990126
0.920964
0.847207
0.936485
1.632702
1.485686
0.258769
0.563108
1.994407
1.427202
1.002295
1.290491
1.062144
0.792076
1.096787
0.999439
1.140992
1.550874
0.104675
0.198671
0.492083
0.382814
0.048178
0.142795
0.610168
1.353569
0.990623
0.758426
1.086730
0.995589
1.287015
0.490096
0.518034
0.648039
0.653006
0.653006
0.653006
0.576766
1.316070
1.774379
1.070339
0.786240
1.123608
1.096539
1.669456
0.334015
0.639099
0.653006
0.653006
0.653006
0.653006
0.594895
0.260631
1.374554
1.390199
0.751472
1.070712
1.086481
1.504559
0.424286
0.653006
0.653006
0.653006
0.653006
0.653006
0.653006
0.509342
1.735514
1.229524
0.711614
1.070463
0.848325
1.707079
0.407772
0.653751
0.653006
0.653006
0.653006
0.653006
0.653006
0.482398
1.972305
0.841123
0.778169
1.061523
0.862107
1.750911
0.447630
0.658097
0.653006
0.653006
0.653006
0.653006
0.666044
0.445147
2.316627
0.534176
0.794187
1.043146
0.821877
1.087847
1.301915
0.556775
0.658594
0.656359
0.657476
0.663436
0.626310
1.361640
1.108335
1.063013
0.841868
1.056929
0.834045
0.810825
1.483823
0.882347
0.667658
0.723410
0.963305
0.658594
1.058295
1.357046
0.860617
0.980937
0.874028
1.142854
1.096663
0.862728
0.937975
1.607992
1.468302
2.369150
2.248085
1.445579
1.290988
1.002046
1.125719
1.109204
0.853291
1.173524
1.146827
1.021913
0.988884
1.015332
0.961070
0.707641
0.835163
0.976219
0.929407
1.091696
1.143723
1.177994
0.730364
1.439867
1.029612
0.974729
1.087226
0.949647
1.080024
1.088716
1.036565
1.124601
0.966782
1.021789
1.364745
1.194260
-0.430317
-0.405375
-0.391996
-0.399933
-0.416939
-0.410930
-0.314674
-0.183669
-0.158329
-0.231343
-0.323574
-0.338370
-0.355603
-0.408039
-0.428050
-0.358437
-0.307191
-0.340751
-0.238826
-0.198237
-0.078853
0.252998
0.267226
0.114113
-0.003345
-0.017517
-0.029874
-0.361555
-0.433492
-0.411270
-0.356283
-0.231570
-0.017687
0.331170
-0.187183
-0.338370
-0.305888
-0.119781
0.202942
0.103852
0.178283
-0.309289
-0.439841
-0.403107
-0.204360
0.070746
0.199655
-0.352031
-0.372496
-0.427086
-0.425556
-0.379128
-0.382643
-0.144214
0.254302
-0.284913
-0.437460
-0.371929
-0.117797
0.113999
-0.329980
-0.391656
-0.439841
-0.439841
-0.439841
-0.439841
-0.439841
-0.279528
0.113716
-0.289221
-0.429751
-0.336612
-0.102151
-0.106006
-0.378221
-0.439841
-0.439841
-0.439841
-0.439841
-0.439841
-0.439841
-0.384287
-0.332304
-0.103058
-0.422268
-0.312407
-0.122786
-0.253508
-0.349310
-0.439841
-0.439841
-0.439841
-0.439841
-0.439841
-0.439841
-0.439841
-0.333721
-0.085429
-0.426236
-0.332814
-0.043423
0.310366
-0.290752
-0.439841
-0.439841
-0.439841
-0.439841
-0.439841
-0.439841
-0.368414
-0.265696
-0.259347
-0.435079
-0.389899
-0.005952
0.513932
-0.270004
-0.439841
-0.439841
-0.439841
-0.439841
-0.439841
-0.439841
-0.299028
0.091324
-0.356396
-0.439841
-0.413765
-0.208158
0.057708
-0.203339
-0.381849
-0.439841
-0.439841
-0.439841
-0.439841
-0.389842
-0.194042
0.014172
-0.327486
-0.439841
-0.426349
-0.379525
-0.288428
0.136958
-0.272442
-0.381849
-0.439841
-0.439841
-0.423175
-0.312860
0.071597
-0.001814
-0.353789
-0.430317
-0.394151
-0.341601
-0.334742
-0.246932
0.078456
-0.377654
-0.385761
-0.366600
-0.375614
-0.234518
-0.063207
-0.120632
-0.367961
-0.387575
-0.249483
-0.190018
-0.277317
-0.260254
-0.272102
-0.244381
-0.159179
-0.080213
-0.214110
-0.289448
-0.158216
-0.085202
-0.313314
-0.383380
-0.134010
-0.170517
-0.296477
-0.240470
-0.268360
-0.107877
-0.038038
-0.080553
-0.117797
-0.212579
-0.182875
-0.005272
-0.229926
1.138221
1.138221
1.138221
1.138221
1.138221
1.138221
1.138221
1.138221
1.138221
1.138221
1.138221
1.138221
1.138221
1.138221
1.138221
1.138221
1.138221
1.138221
1.138221
1.138221
1.138221
1.094067
0.887419
0.699037
0.765131
0.983105
1.138221
1.138221
1.138221
1.138221
1.138221
1.138221
1.138221
1.138221
1.112990
1.068781
0.904039
0.830128
0.867591
0.980033
1.138221
1.138221
1.138221
1.138221
1.138221
1.138221
1.138221
1.138221
1.114526
1.086031
0.890408
0.728957
0.752515
0.927761
1.103254
1.110522
1.138221
1.138221
1.138221
1.138221
1.138221
1.138221
1.115733
1.112332
1.112661
1.138221
1.138221
1.032909
1.038257
1.043495
1.138221
1.138221
0.917450
0.836683
0.881386
1.088362
1.138221
1.138221
1.138221
1.138221
1.138221
0.742560
0.738666
0.778103
1.138221
1.138221
0.552422
0.464690
0.481309
1.009817
1.138221
1.138221
1.138221
1.138221
1.138221
0.754490
0.867783
0.762772
1.138221
1.138221
0.453555
0.318926
0.223212
0.896360
1.138221
1.138221
1.138221
1.138221
1.138221
0.674436
0.632942
0.659956
1.138221
1.138221
0.676493
0.491237
0.484600
0.941419
1.138221
1.138221
1.138221
1.138221
1.138221
0.950469
1.015960
0.952992
1.138221
1.138221
1.020156
0.788250
0.762169
0.922633
1.112990
1.110247
1.116062
1.138221
1.138221
0.992046
0.969941
0.972080
1.138221
1.138221
1.138221
1.037516
1.083673
1.042179
0.956832
0.950552
0.977126
1.138221
1.138221
1.138221
1.138221
1.138221
1.138221
1.138221
1.138221
1.042645
1.028192
1.029590
0.967637
1.032114
0.971422
1.138221
1.138221
1.138221
1.138221
1.138221
1.056220
1.040999
1.059209
1.132681
1.138221
1.138221
0.997668
0.976413
0.978470
1.138221
1.138221
1.043605
1.033320
1.055123
1.061212
1.090584
1.061568
1.132571
1.138221
1.138221
1.138221
1.138221
1.138221
1.138221
1.138221
1.049364
1.090090
1.053478
1.675896
1.675896
1.675896
1.675896
1.675896
1.675896
1.616844
1.371948
1.321992
1.554806
1.668837
1.675896
1.416384
1.318191
1.675896
1.675896
1.675896
1.675896
1.551683
1.212169
1.400004
0.998044
0.876139
1.169045
1.346925
1.480414
1.623586
1.486523
1.675896
1.675896
1.675896
1.612771
0.929580
0.955192
1.180946
1.446793
1.365659
1.334345
1.178639
1.196286
1.411995
1.669923
1.675896
1.675896
1.616844
1.195924
1.225156
1.070400
1.584807
1.675896
1.675896
1.645488
1.498876
1.352491
1.310317
1.504216
1.675896
1.675896
1.345567
0.975102
1.245338
1.629605
1.675896
1.675896
1.675896
1.675896
1.675896
1.461047
1.207327
1.211762
1.675896
1.675896
1.279185
1.002569
1.309593
1.675896
1.675896
1.675896
1.675896
1.675896
1.675896
1.645488
1.306426
1.188548
1.675896
1.675896
1.568471
1.215563
1.597567
1.675896
1.675896
1.675896
1.675896
1.675896
1.675896
1.675896
1.452359
1.227781
1.675896
1.675896
1.315702
0.843740
1.442585
1.675896
1.675896
1.675896
1.675896
1.675896
1.675896
1.675896
1.557204
1.420683
1.675896
1.675896
0.999945
0.496488
1.096056
1.675896
1.675896
1.675896
1.675896
1.675896
1.675896
1.675896
1.661959
1.608699
1.675896
1.675896
1.352808
0.839667
1.041756
1.653090
1.675896
1.675896
1.675896
1.675896
1.655533
1.587657
1.624853
1.672638
1.675896
1.675896
1.640419
1.153253
1.086328
1.124745
1.659063
1.675896
1.675896
1.665715
1.531773
1.423941
1.521501
1.615622
1.675896
1.675896
1.675896
1.622681
1.159814
1.255474
1.443037
1.675896
1.675896
1.634039
1.513447
1.442720
1.522904
1.636256
1.671823
1.660692
1.674810
1.675896
1.636618
1.486523
1.629605
1.675896
1.675896
1.669561
1.631415
1.601233
1.552860
1.294842
1.659153
1.652818
1.660873
1.675896
1.675896
1.675896
1.675896
1.675896
1.675896
1.675896
1.675896
1.675896
1.281176
1.127460
-0.513395
-0.513395
-0.513395
-0.513395
-0.513395
-0.513395
-0.513395
-0.513395
-0.513395
-0.513395
-0.513395
-0.513395
-0.513395
-0.513395
-0.513395
-0.513395
-0.513395
-0.513395
-0.513395
-0.513395
-0.485228
-0.475168
-0.517419
-0.513395
-0.513395
-0.513395
-0.513395
-0.513395
-0.513395
-0.513395
-0.513395
-0.513395
-0.513395
-0.513395
-0.400726
-0.004374
-0.424870
-0.513395
-0.513395
-0.513395
-0.513395
-0.513395
-0.513395
-0.513395
-0.513395
-0.513395
-0.513395
-0.513395
-0.465108
-0.436941
-0.491264
-0.513395
-0.513395
-0.513395
-0.513395
-0.513395
-0.513395
-0.513395
-0.513395
-0.513395
-0.513395
-0.513395
-0.513395
-0.513395
-0.513395
-0.513395
-0.513395
-0.513395
-0.513395
-0.513395
-0.513395
-0.513395
-0.513395
-0.513395
-0.513395
-0.513395
-0.513395
-0.513395
-0.513395
-0.513395
-0.513395
-0.513395
-0.513395
-0.513395
-0.513395
-0.513395
-0.513395
-0.513395
-0.513395
-0.513395
-0.513395
-0.513395
-0.513395
-0.513395
-0.513395
-0.513395
-0.513395
-0.513395
-0.513395
-0.513395
-0.513395
-0.513395
-0.513395
-0.513395
-0.513395
-0.513395
-0.513395
-0.513395
-0.485228
-0.466596
-0.505785
-0.514620
-0.513395
-0.513395
-0.513395
-0.504822
-0.501761
-0.514620
-0.513395
-0.513395
-0.513395
-0.507272
-0.392416
0.029042
-0.269950
-0.486452
-0.513395
-0.513395
-0.513395
-0.479105
-0.358476
-0.486452
-0.513395
-0.513395
-0.513395
-0.488902
-0.354452
-0.403001
-0.467995
-0.506659
-0.513395
-0.513395
-0.513395
-0.498699
-0.490126
-0.506659
-0.513395
-0.513395
-0.513395
-0.502898
-0.496775
-0.508584
-0.513395
-0.513395
-0.513395
-0.513395
-0.513395
-0.513395
-0.513395
-0.513395
-0.513395
-0.513395
-0.513395
-0.513395
-0.513395
-0.513395
-0.513395
-0.513395
-0.513395
-0.513395
-0.513395
-0.513395
-0.513395
-0.513395
-0.513395
-0.513395
-0.513395
-0.513395
-0.513395
-0.513395
-0.513395
-0.513395
-0.513395
-0.513395
-0.513395
-0.513395
-0.513395
-0.513395
-0.513395
-0.513395
-0.513395
-0.513395
-0.513395
-0.513395
-0.513395
-0.513395
-0.400514
-0.400514
-0.400514
-0.400514
-0.400514
-0.400514
-0.400514
-0.400514
-0.400514
-0.400514
-0.400514
-0.400514
-0.400514
-0.400514
-0.400514
-0.400514
-0.400514
-0.400514
-0.400514
-0.400514
-0.400514
-0.400514
-0.400514
-0.400514
-0.400514
-0.400514
-0.400514
-0.400514
-0.400514
-0.400514
-0.400514
-0.400514
-0.400514
-0.400514
-0.400514
-0.400514
-0.400514
-0.400514
-0.400514
-0.400514
-0.400514
-0.400514
-0.400514
-0.400514
-0.400514
-0.400514
-0.400514
-0.400514
-0.400514
-0.400514
-0.400514
-0.400514
-0.400514
-0.400514
-0.400514
-0.400514
-0.400514
-0.400514
-0.400514
-0.400514
-0.400514
-0.400514
-0.400514
-0.400514
-0.400514
-0.400514
-0.400514
-0.400514
-0.400514
-0.400514
-0.400514
-0.400514
-0.400514
-0.400514
-0.400514
-0.400514
-0.400514
-0.400514
-0.400514
-0.400514
-0.400514
-0.400514
-0.400514
-0.400514
-0.400514
-0.400514
-0.400514
-0.400514
-0.400514
-0.400514
-0.400514
-0.400514
-0.400514
-0.400514
-0.400514
-0.400514
-0.400514
-0.400514
-0.400514
-0.400514
-0.400514
-0.400514
-0.400514
-0.400514
-0.400514
-0.400514
-0.400514
-0.400514
-0.400514
-0.400514
-0.400514
-0.400514
-0.400514
-0.400514
-0.400514
-0.400514
-0.400514
-0.400514
-0.400514
-0.400514
-0.400514
-0.400514
-0.400514
-0.400514
-0.400514
-0.400514
-0.400514
-0.400514
-0.400514
-0.400514
-0.400514
-0.400514
-0.400514
-0.400514
-0.400514
-0.400514
-0.400514
-0.400514
-0.400514
-0.400514
-0.400514
-0.400514
-0.400514
-0.400514
-0.400514
-0.400514
-0.400514
-0.400514
-0.400514
-0.400514
-0.400514
-0.400514
-0.400514
-0.400514
-0.400514
-0.400514
-0.400514
-0.400514
-0.400514
-0.400514
-0.400514
-0.400514
-0.400514
-0.400514
-0.400514
-0.400514
-0.400514
-0.400514
-0.400514
-0.400514
-0.400514
-0.400514
-0.400514
-0.400514
-0.400514
-0.400514
-0.400514
-0.400514
-0.400514
-0.400514
-0.400514
-0.400514
-0.400514
-0.400514
-0.400514
-0.400514
-0.400514
-0.400514
-0.400514
-0.400514
-0.400514
-0.400514
-0.400514
-0.400514
-0.400514
-0.400514
-0.187339
-0.026235
0.407102
0.415785
0.440265
0.388072
0.255605
0.233250
0.243411
0.361006
0.471950
0.299576
-0.200456
-0.344563
0.290523
0.696979
0.698087
0.645525
0.695962
0.583725
-0.024849
-0.361099
-0.350198
0.203597
0.885980
0.821779
0.083785
-0.326735
0.640167
0.646079
0.425854
0.555273
0.833049
0.868798
0.057550
-0.296158
-0.288768
0.036489
1.651409
1.346660
0.233065
-0.303641
0.532272
0.537075
0.200826
0.280824
1.274976
1.636167
0.767462
-0.284334
-0.289045
0.458925
1.710900
1.552752
0.400451
-0.253942
0.503727
0.420589
0.145308
-0.266228
0.445623
1.358577
0.143553
-0.179395
-0.201657
0.206276
0.377172
0.702798
0.614302
-0.120459
0.480079
0.359343
-0.285442
-0.260501
-0.245536
-0.240270
-0.244335
0.055703
0.012840
-0.034641
-0.186508
0.313987
0.779747
-0.238146
0.430935
0.327197
-0.270200
-0.304934
-0.027436
-0.330522
-0.070668
-0.018198
0.040368
0.014041
-0.007298
-0.350752
-0.476846
-0.310754
0.501326
0.290800
-0.271032
-0.238146
-0.395185
-0.241933
0.286551
0.327751
0.267983
0.212003
-0.152328
-0.338559
-0.360082
-0.360082
0.498462
0.314079
-0.242395
-0.367473
-0.355002
-0.219671
0.686817
0.783812
0.503358
0.514535
-0.273988
-0.303456
-0.351030
-0.360082
0.551209
0.321562
-0.058289
-0.293756
-0.294588
0.106879
1.190914
1.344443
0.094778
0.140042
0.036489
-0.022540
-0.323871
-0.360082
0.592778
0.518230
0.196484
-0.066326
-0.181057
0.592870
2.314024
1.691778
-0.152051
-0.322855
0.620676
0.236945
-0.279438
-0.354909
0.805798
0.637858
0.291909
0.080275
0.124061
0.262441
1.415758
1.045883
0.116302
0.025958
0.188817
0.175792
-0.151220
-0.344563
0.772912
0.437956
0.176254
-0.059398
-0.128033
0.196577
0.142906
0.276112
0.545759
0.443868
0.320084
0.166370
-0.158610
-0.345672
-0.204429
-0.179395
-0.237314
-0.350845
-0.306042
-0.374124
-0.374770
-0.274542
-0.163783
-0.218008
-0.373846
-0.386502
-0.357865
-0.351953
-0.792684
-0.715967
-0.791781
-0.808027
-0.808027
-0.794079
-0.692255
-0.560319
-0.510432
-0.634081
-0.752397
-0.789566
-0.732705
-0.794735
-0.744849
-0.577877
-0.767412
-0.808027
-0.782920
-0.599949
-0.440115
-0.123321
-0.030194
-0.364137
-0.656399
-0.636953
-0.430680
-0.743782
-0.776438
-0.808027
-0.770940
-0.781525
-0.643107
-0.392362
-0.675516
-0.693567
-0.693239
-0.706121
-0.709567
-0.406393
0.000738
-0.586246
-0.808027
-0.808027
-0.771433
-0.575334
-0.575908
-0.782181
-0.751905
-0.808027
-0.808027
-0.808027
-0.782181
-0.518145
0.151546
-0.195115
-0.808027
-0.794079
-0.608236
-0.354702
-0.727946
-0.786202
-0.808027
-0.808027
-0.808027
-0.808027
-0.808027
-0.673055
-0.459397
0.391214
-0.803842
-0.707352
-0.405162
-0.647291
-0.733444
-0.808027
-0.808027
-0.808027
-0.808027
-0.808027
-0.808027
-0.796540
-0.356261
0.694142
-0.786612
-0.601425
-0.414106
-0.712603
-0.792438
-0.808027
-0.808027
-0.808027
-0.808027
-0.808027
-0.808027
-0.808027
-0.335584
0.480812
-0.782181
-0.639168
-0.465387
-0.369471
-0.745997
-0.808027
-0.808027
-0.808027
-0.808027
-0.808027
-0.808027
-0.808027
-0.435849
0.137680
-0.799412
-0.753464
-0.426331
0.404342
-0.602738
-0.808027
-0.808027
-0.808027
-0.808027
-0.808027
-0.808027
-0.794079
-0.437982
-0.040040
-0.808027
-0.796540
-0.492135
-0.064655
-0.434372
-0.787350
-0.808027
-0.808027
-0.808027
-0.808027
-0.808027
-0.708747
-0.152449
-0.308343
-0.808027
-0.808027
-0.710388
-0.727618
-0.377019
-0.563847
-0.774058
-0.808027
-0.808027
-0.808027
-0.785709
-0.459151
-0.014195
-0.642943
-0.808027
-0.808027
-0.808027
-0.767823
-0.675927
-0.283154
-0.723105
-0.799658
-0.757812
-0.799166
-0.716131
-0.328281
-0.524217
-0.646799
-0.792684
-0.715967
-0.791781
-0.808027
-0.741977
-0.806632
-0.720972
-0.728849
-0.666737
-0.784397
-0.762079
-0.749854
-0.536114
-0.425839
-0.744849
-0.577877
-0.767412
-0.808027
-0.808027
-0.802284
-0.758387
-0.676747
-0.768643
-0.785627
-0.808027
-0.707516
-0.242703
0.011077
-1.839740
-1.444361
-1.715797
-1.515815
-1.292824
-1.350617
-1.588707
-1.600661
-1.545026
-1.382254
-1.100123
-0.889626
-0.845135
-1.794980
-1.861940
-1.378929
-1.623221
-1.564979
-1.279342
-1.215348
-1.545385
-1.519860
-1.364638
-0.786714
-0.214452
-0.077206
-0.175444
-1.169240
-1.686855
-0.976539
-1.223977
-1.415420
-1.727930
-2.094278
-1.767747
-2.013926
-1.557609
0.176433
1.660970
1.226134
0.308466
-0.966023
-1.515366
-0.792466
-1.143804
-1.327698
-2.401935
-2.589873
-1.828595
-0.650726
-0.722001
0.633919
2.277632
2.224604
0.553567
-0.987594
-1.490109
-0.883244
-1.175891
-2.077920
-2.587716
-2.486332
-1.955235
-0.870661
0.102013
1.156927
0.914882
0.856910
1.330843
-0.567947
-1.490559
-0.885671
-0.899602
-2.404003
-2.496039
-1.564799
-1.787610
-1.108033
-0.095991
0.683712
0.466204
0.173018
2.010332
-0.227215
-1.508175
-0.958204
-0.759750
-2.189371
-2.288328
-1.416588
-1.434744
-0.967371
-0.071005
0.432409
0.802263
1.099494
0.896456
-0.303702
-1.523814
-0.911556
-0.285996
-1.271253
-2.253095
-1.356099
-1.483638
-0.988134
-0.113068
0.310713
0.880817
1.050150
0.386122
-0.068758
-1.515455
-0.963776
-0.304421
-0.734224
-1.957392
-1.454517
-1.441575
-0.954788
-0.089879
0.189645
0.272425
1.283747
2.091222
0.150728
-1.517343
-1.024535
-0.533164
-0.369404
-2.086279
-1.727751
-1.111088
-0.855651
0.064354
0.082779
-0.144166
-0.028222
0.574239
-0.670320
-1.443732
-0.987055
-0.968270
-0.398435
-1.444361
-2.194045
-1.520669
-1.105067
-0.226586
-0.063005
-0.351877
-0.070915
-0.328329
-1.068485
-1.457214
-0.981482
-1.137064
-0.898524
-1.011592
-1.400680
-1.163488
-1.248334
0.166367
0.284738
0.125112
0.032087
-0.237371
-0.905804
-1.429890
-1.087001
-1.219213
-1.212562
-1.105516
-1.245908
-1.182542
-1.388097
-1.057161
-0.475821
-0.223799
-0.095362
-0.286355
-0.877672
-1.460719
-1.457304
-1.699349
-1.692787
-1.628344
-1.689462
-1.601290
-1.569743
-1.561204
-1.389894
-1.284825
-1.256333
-1.356459
-1.988940
-2.483372
-1.364574
-1.481086
-1.728733
-1.737390
-1.693522
-1.508576
-1.518520
-1.565897
-1.356853
-1.531037
-1.760903
-1.789212
-2.445120
-2.167643
-0.978071
-1.558644
-1.535131
-1.588825
-1.562621
-1.508576
-1.854838
-1.591866
-1.123829
-1.575957
-1.666149
-1.319536
-1.719024
-1.981995
-1.327725
-1.811789
-1.589059
-1.881509
-2.289770
-2.529930
-2.621526
-2.582454
-2.496474
-2.330713
-1.490210
-1.198111
-1.453713
-1.951112
-1.617251
-1.827464
-1.393936
-2.077568
-2.565024
-2.654163
-2.706687
-2.715461
-2.618016
-2.090553
-1.387619
-0.843661
-1.215424
-2.010421
-1.665681
-1.796582
-1.589995
-2.248827
-2.194899
-2.277604
-2.565609
-2.553677
-2.537066
-2.514723
-2.382301
-1.739261
-0.991056
-2.059904
-1.601225
-1.405166
-1.790616
-2.282166
-1.680186
-1.989248
-2.095934
-1.888879
-2.060138
-1.925377
-1.818925
-0.940170
-0.149501
-2.072772
-1.452894
-1.144651
-1.980357
-2.337732
-1.362585
-1.797166
-1.805004
-1.630587
-1.709782
-1.528463
-1.247945
-0.319824
-0.139557
-2.084353
-1.611051
-1.563440
-2.264268
-1.850509
-1.161847
-1.777631
-1.874022
-1.861506
-1.819042
-1.594557
-1.581689
-0.978656
-0.464528
-2.054640
-1.808046
-1.771431
-1.692820
-1.498165
-1.566248
-1.936724
-1.895079
-1.959184
-2.028670
-2.288600
-1.702646
-1.300586
-0.713111
-2.029021
-1.764880
-1.832728
-1.808514
-2.396807
-2.567247
-2.456116
-1.447396
-1.567183
-1.691299
-2.322174
-1.507640
-1.667669
-1.518520
-1.962810
-1.640998
-1.924324
-2.217242
-2.548764
-2.492965
-2.040953
-0.160146
-0.972339
-0.861091
-1.856826
-1.745227
-1.402358
-1.518988
-1.812374
-1.360128
-1.630587
-1.806759
-1.732827
-1.054459
-0.267416
0.696032
-1.137515
0.014623
-0.826816
-1.409260
-1.424936
-1.229696
-1.717152
-0.967075
-1.426456
-1.375804
-1.264205
-0.891740
-0.322865
-0.147395
-0.742005
-0.814767
-1.218466
-1.408090
-1.058671
-1.235545
-2.280061
-1.040071
-1.467048
-1.538406
-1.582508
-1.553263
-1.493135
-1.572681
-1.598534
-1.502961
-1.580987
-1.670594
-1.450086
-1.956728
-0.971990
-0.971990
-0.971990
-0.971990
-0.971990
-0.971990
-0.971990
-0.971990
-0.971990
-0.971990
-0.971990
-0.971990
-0.925343
-0.803096
-0.971990
-0.971990
-0.971990
-0.971990
-0.956441
-0.915692
-0.959658
-0.971990
-0.938301
-0.834462
-0.888973
-0.959658
-0.833836
-0.522142
-0.971990
-0.971990
-0.971990
-0.948667
-0.848403
-0.828564
-0.954296
-0.971990
-0.887186
-0.662172
-0.808726
-0.954296
-0.907113
-0.765743
-0.971990
-0.971990
-0.971990
-0.913279
-0.787279
-0.957245
-0.980033
-0.971990
-0.977799
-1.000229
-1.001212
-0.974850
-0.876105
-0.713823
-0.971990
-0.971990
-0.927935
-0.816500
-0.954743
-0.984054
-0.971990
-0.971990
-0.971990
-0.971990
-0.971990
-0.958943
-0.862164
-0.752785
-0.971990
-0.971990
-0.855909
-0.599261
-0.917747
-0.971990
-0.971990
-0.971990
-0.971990
-0.971990
-0.971990
-0.972884
-0.980837
-0.996297
-0.971990
-0.971990
-0.888794
-0.682279
-0.927220
-0.971990
-0.971990
-0.971990
-0.971990
-0.971990
-0.971990
-0.971990
-0.971990
-0.971990
-0.971990
-0.971990
-0.722760
-0.154239
-0.843041
-0.971990
-0.971990
-0.971990
-0.971990
-0.971990
-0.971990
-0.971990
-0.971990
-0.971990
-0.971990
-0.971990
-0.848403
-0.593721
-0.950275
-0.971990
-0.971990
-0.971990
-0.971990
-0.971990
-0.971990
-0.971990
-0.966807
-0.953224
-0.971990
-0.971990
-0.981373
-0.997726
-0.943841
-0.959658
-0.971990
-0.971990
-0.971990
-0.971990
-0.971990
-0.971990
-0.930437
-0.827134
-0.971990
-0.971990
-0.971990
-0.932850
-0.844471
-0.944913
-0.931062
-0.805330
-0.847330
-0.951437
-0.971990
-0.971990
-0.859662
-0.596759
-0.971990
-0.971990
-0.971990
-0.974671
-0.977262
-0.959211
-0.871190
-0.594436
-0.719543
-0.942501
-0.971990
-0.971990
-0.799968
-0.397750
-0.971990
-0.971990
-0.971990
-0.971990
-0.972437
-0.973956
-0.980033
-1.005948
-1.011756
-0.985394
-0.971990
-0.971990
-0.757611
-0.279703
-0.971990
-0.971990
-0.971990
-0.971990
-0.971990
-0.971990
-0.971990
-0.971990
-0.971990
-0.971990
-0.971990
-0.971990
-0.886649
-0.714717
3.744110
3.953562
3.852522
3.368088
3.300378
3.377794
3.680085
3.766755
3.817012
3.836648
3.716122
4.182425
4.177309
4.113510
3.652324
3.657816
3.513592
2.709187
2.599119
3.698818
4.422572
4.268718
4.162864
4.122387
3.678656
4.107265
4.187465
4.119378
3.989749
3.421204
3.320089
3.007491
3.125834
3.987944
4.298436
4.235314
4.083115
4.114337
4.082814
4.098689
4.145108
4.117121
3.628249
2.828583
3.334684
3.790379
3.839507
3.955217
4.280756
4.011342
3.681740
4.099065
4.223653
4.136983
4.110651
4.110350
3.266973
3.310308
4.097410
4.001110
4.214550
4.171290
4.163165
3.194598
2.539985
3.597478
4.121033
4.309871
4.196719
4.108243
2.695343
4.048131
4.386611
4.175954
4.144657
4.127203
4.108243
2.988908
1.899289
2.758164
3.039315
4.589592
4.323112
4.108243
2.505151
3.959430
4.317245
4.203039
4.138789
4.108243
4.108243
3.038713
1.674263
2.314884
3.650217
4.706958
4.327175
4.108243
2.516888
3.424364
3.933775
4.314912
4.176406
4.108243
4.104105
2.911115
1.622277
2.774189
4.291665
4.581392
4.248330
4.108243
2.864922
2.982513
4.167678
4.393456
4.178512
4.108243
4.090864
2.703168
1.857459
3.603196
4.031429
4.399626
4.197170
4.108243
3.431962
2.782691
3.971317
4.147140
4.189497
4.086877
4.145334
3.668951
3.294660
4.211616
4.341620
4.224857
4.147215
4.108243
3.872986
2.998161
3.056543
2.882451
3.829651
3.688888
4.308743
4.199051
4.073786
4.170462
4.165421
4.047379
4.108620
4.128406
3.956345
3.513065
3.327763
2.491985
2.885761
3.115151
4.403237
4.344554
4.132619
4.079278
4.063855
3.767131
4.105309
4.160682
4.096808
3.920007
4.013072
3.277130
3.162172
3.195275
4.112231
4.345608
4.174449
3.993963
3.882842
3.803996
4.172569
4.173321
4.108243
4.095378
4.111930
3.869676
3.772398
3.751182
3.881111
4.162337
4.182650
4.110877
3.977862
3.877425
4.174375
4.150525
1.242963
1.242963
1.242963
1.242963
1.242963
1.242963
1.242963
1.242963
1.242963
1.242963
1.242963
1.242963
1.242963
1.242963
1.242963
1.242963
1.242963
1.242963
1.242963
1.242963
1.242963
1.242963
1.242963
1.242963
1.242963
1.242963
1.242963
1.242963
1.242963
1.242963
1.242963
1.242963
1.242963
1.242963
1.242963
1.242963
1.242963
1.242963
1.242963
1.242963
1.242963
1.242963
1.242963
1.242963
1.242963
1.242963
1.242963
1.242963
1.242963
1.242963
1.242963
1.242963
1.242963
1.242963
1.242963
1.242963
1.242963
1.242963
1.242963
1.242963
1.242963
1.242963
1.242963
1.242963
1.242963
1.242963
1.242963
1.242963
1.242963
1.242963
1.242963
1.242963
1.242963
1.242963
1.242963
1.242963
1.242963
1.242963
1.242963
1.242963
1.242963
1.242963
1.242963
1.242963
1.242963
1.242963
1.242963
1.242963
1.242963
1.242963
1.242963
1.242963
1.242963
1.242963
1.242963
1.242963
1.242963
1.242963
1.242963
1.242963
1.242963
1.242963
1.242963
1.242963
1.242963
1.242963
1.242963
1.242963
1.242963
1.242963
1.242963
1.242963
1.242963
1.242963
1.242963
1.242963
1.242963
1.242963
1.242963
1.242963
1.242963
1.242963
1.242963
1.242963
1.242963
1.242963
1.242963
1.242963
1.242963
1.242963
1.242963
1.242963
1.242963
1.242963
1.242963
1.242963
1.242963
1.242963
1.242963
1.242963
1.242963
1.242963
1.242963
1.242963
1.242963
1.242963
1.242963
1.242963
1.242963
1.242963
1.242963
1.242963
1.242963
1.242963
1.242963
1.242963
1.242963
1.242963
1.242963
1.242963
1.242963
1.242963
1.242963
1.242963
1.242963
1.242963
1.242963
1.242963
1.242963
1.242963
1.242963
1.242963
1.242963
1.242963
1.242963
1.242963
1.242963
1.242963
1.242963
1.242963
1.242963
1.242963
1.242963
1.242963
1.242963
1.242963
1.242963
1.242963
1.242963
1.242963
1.242963
1.242963
1.242963
1.242963
1.242963
1.242963
1.406112
1.406112
1.406112
1.406112
1.406112
1.406112
1.406112
1.406112
1.406112
1.406112
1.406112
1.406112
1.406112
1.406112
1.406112
1.406112
1.406112
1.406112
1.406112
1.406112
1.406112
1.406112
1.406112
1.406112
1.406112
1.406112
1.406112
1.406112
1.406112
1.406112
1.406112
1.406112
1.406112
1.406112
1.406112
1.406112
1.406112
1.406112
1.406112
1.406112
1.406112
1.406112
1.406112
1.406112
1.406112
1.406112
1.406112
1.406112
1.406112
1.406112
1.406112
1.406112
1.406112
1.406112
1.406112
1.406112
1.406112
1.406112
1.406112
1.406112
1.406112
1.406112
1.406112
1.406112
1.406112
1.406112
1.406112
1.345273
1.323591
1.364690
1.406112
1.406112
1.406112
1.406112
1.406112
1.406112
1.406112
1.406112
1.406112
1.406112
1.406112
1.336212
1.323915
1.335565
1.406112
1.406112
1.406112
1.406112
1.406112
1.406112
1.406112
1.406112
1.406112
1.406112
1.406112
1.377958
1.348186
1.378281
1.406112
1.406112
1.406112
1.406112
1.406112
1.406112
1.406112
1.406112
1.406112
1.406112
1.406112
1.406112
1.406112
1.406112
1.406112
1.406112
1.406112
1.406112
1.406112
1.406112
1.406112
1.406112
1.406112
1.406112
1.406112
1.406112
1.406112
1.406112
1.406112
1.406112
1.406112
1.406112
1.406112
1.406112
1.406112
1.406112
1.406112
1.406112
1.406112
1.406112
1.406112
1.406112
1.406112
1.406112
1.406112
1.406112
1.406112
1.406112
1.406112
1.406112
1.406112
1.406112
1.406112
1.406112
1.406112
1.406112
1.406112
1.406112
1.406112
1.406112
1.406112
1.406112
1.406112
1.389519
1.383606
1.394815
1.406112
1.406112
1.406112
1.406112
1.406112
1.406112
1.406112
1.406112
1.406112
1.406112
1.406112
1.387048
1.383694
1.386872
1.406112
1.406112
1.406112
1.406112
1.406112
1.406112
1.406112
1.406112
1.406112
1.406112
1.406112
1.398433
1.390314
1.398522
1.406112
1.406112
1.406112
1.406112
4.430621
3.834383
3.823745
4.110675
4.079316
4.072685
3.903870
3.889641
3.949873
3.934401
4.105149
4.082078
4.070751
4.432693
4.408242
4.082355
4.370666
4.533540
4.392907
4.286673
4.237355
4.615875
4.137890
3.756192
4.218705
4.421918
4.050719
4.478144
4.408103
4.203371
4.432279
4.393598
4.271477
4.224231
4.549013
4.265813
3.864913
3.998638
3.758541
4.374258
3.943380
4.524284
4.393184
4.157368
4.392355
4.034280
4.224507
4.476071
4.465158
3.835488
4.233349
4.320519
4.083460
4.621263
3.737542
4.543072
4.398986
4.136646
4.298001
4.239427
4.156125
4.379231
4.138304
4.179057
4.389177
3.947524
4.157506
3.944347
4.308776
4.217047
4.400506
4.214699
4.084980
4.077106
4.739930
3.733674
4.631209
4.461980
4.462533
4.649030
4.122003
3.599120
2.544237
4.435733
4.400782
4.177676
4.558268
2.643978
3.751357
3.841152
4.641294
4.351878
4.238322
4.473723
4.391664
4.096446
3.022774
4.276174
4.395532
4.215251
4.402025
3.707565
4.622230
3.392177
4.712716
4.372738
4.222573
4.490991
4.076553
4.268576
4.304494
4.293442
4.384619
4.262359
4.245505
3.945867
3.654931
4.111366
4.391664
4.357128
4.407965
4.196602
3.995047
3.457797
3.285114
4.585345
4.380612
4.230033
4.506740
4.262636
4.072823
4.709815
4.237631
3.853032
4.233072
4.180715
4.194944
5.037221
3.769316
4.506049
4.391250
4.135541
4.481045
4.441949
3.731602
4.453691
4.401749
3.342997
4.105978
4.688954
4.415978
3.849855
3.916856
4.619329
4.425924
4.097827
4.305461
4.528291
4.514061
3.978469
3.973634
3.112569
4.515167
4.203094
4.300764
4.243157
4.269267
4.489057
4.180162
3.672199
4.090644
4.213456
4.133883
4.100452
4.209311
4.288331
4.080421
4.113852
4.249512
4.265537
3.910225
4.577609
4.036767
3.342721
3.662253
3.837146
3.753706
3.976673
3.782854
3.955951
3.864222
3.785479
3.875827
3.822917
3.168795
4.676107
0.422272
0.370612
0.266146
0.173052
0.196061
0.306257
0.266058
0.329971
0.402877
0.306610
0.202849
0.110901
0.425974
0.256713
0.767758
1.228290
0.735846
0.591621
0.698996
0.579455
0.711162
0.911631
0.893735
0.732584
0.570111
0.543311
0.973164
0.522859
0.466350
0.656328
0.478780
0.374226
0.592855
0.538198
-0.100234
-0.079518
-0.079870
0.051572
0.339580
0.879806
0.994322
0.391152
0.433908
0.630586
0.457270
0.961087
0.454361
-0.101116
-0.030326
-0.027681
-0.026359
-0.023185
0.232382
0.239346
1.381419
0.392298
0.438933
0.677133
0.580601
0.636317
-0.107551
-0.030062
-0.027681
-0.027681
-0.027681
-0.024508
-0.032442
0.314279
0.875927
0.679249
0.442988
0.750039
1.006223
0.204260
-0.049192
-0.027681
-0.027681
-0.027681
-0.027681
-0.027681
-0.023714
-0.035880
0.005289
1.203959
0.422801
0.794999
0.927146
-0.101292
-0.033500
-0.026623
-0.027681
-0.027681
-0.027681
-0.027681
-0.025037
-0.022833
0.055186
1.055943
0.378193
0.749510
0.963643
0.131883
0.208844
-0.039494
-0.027681
-0.027681
-0.027681
-0.027681
-0.012871
0.053159
0.182044
0.826735
0.441402
0.695029
0.917008
0.805137
0.388508
-0.060035
-0.026447
-0.026800
-0.028122
-0.017014
-0.024243
0.347515
0.467496
0.724033
0.501260
0.675194
0.695646
1.057971
-0.090361
0.274873
-0.049456
-0.025654
-0.006524
-0.018954
0.253980
0.017720
1.078512
0.467584
0.495618
0.686654
0.415131
0.721829
0.751273
0.355889
0.298059
-0.026888
-0.020012
0.005730
0.082867
0.652449
1.274573
0.246399
0.485921
0.621683
0.407549
0.431264
0.821710
1.092528
0.699966
0.015956
0.425445
0.414337
0.838019
0.976338
0.869227
0.569229
0.569934
0.984007
0.610927
0.639049
0.642487
0.846571
1.036020
1.145599
1.240985
0.971754
0.761940
0.604139
0.923091
0.847452
0.998465
0.394238
0.270906
0.198794
0.267644
0.238993
0.504786
0.550716
0.556535
0.542429
0.358975
0.209813
0.776574
0.875751
-0.090484
-0.038836
-0.026825
-0.026825
-0.026825
-0.026825
-0.048178
-0.148805
-0.216334
-0.088615
-0.059121
-0.032163
-0.031095
-0.040971
0.209794
-0.022020
-0.026825
-0.026825
-0.026825
-0.031095
-0.243025
-0.640861
-0.238888
-0.306150
-0.047644
-0.040704
-0.024956
0.025757
-0.096489
-0.020819
-0.026825
-0.058855
-0.182035
-0.207659
0.083544
2.569582
2.273173
0.810751
0.107033
-0.049779
-0.027626
-0.042306
-0.026825
-0.026825
-0.037501
-0.050313
0.375281
0.583741
-0.069665
-0.825832
-0.606829
-0.193913
0.532627
-0.006006
-0.026825
-0.026825
-0.026825
-0.026825
-0.058454
-0.020686
-0.145869
-0.194313
-0.011477
-0.028026
-0.050046
-0.034432
-0.212597
-0.017216
-0.054450
-0.052048
-0.026825
-0.026825
-0.055652
0.239555
-0.048845
-0.026158
-0.026825
-0.026825
-0.026825
-0.026825
-0.026825
-0.024022
0.054851
0.053650
-0.026825
-0.026825
-0.014947
0.367407
-0.004804
-0.026825
-0.026825
-0.026825
-0.026825
-0.026825
-0.026825
-0.028026
-0.051247
-0.048045
-0.026825
-0.026825
-0.034832
-0.181635
-0.013479
-0.026825
-0.026825
-0.026825
-0.026825
-0.026825
-0.026825
-0.026825
-0.026825
-0.026825
-0.026825
-0.026825
-0.026825
-0.026825
-0.026825
-0.026825
-0.026825
-0.026825
-0.026825
-0.026825
-0.026825
-0.026825
-0.026825
-0.026825
-0.026825
-0.026825
-0.026825
-0.031095
-0.040971
-0.029494
-0.067396
-0.242358
-0.320964
-0.077539
-0.026825
-0.026825
-0.026825
-0.026825
-0.026825
-0.026825
-0.026825
-0.024956
0.025757
-0.025757
-0.009075
0.501798
0.961157
-0.010543
-0.026825
-0.026825
-0.026825
-0.026825
-0.026825
-0.026825
-0.026825
-0.027626
-0.042306
-0.025490
-0.034432
-0.186306
-0.229413
0.000133
-0.026825
-0.026825
-0.026825
-0.026825
-0.082343
-0.264111
-0.276790
-0.219537
-0.182569
-0.150940
-0.129987
-0.128519
-0.123581
-0.139196
-0.183236
-0.259574
-0.338847
-0.220738
-0.002536
0.680097
0.661146
0.473772
0.388360
0.305083
0.226477
0.271852
0.120779
0.278124
0.365806
0.538232
0.897365
0.543437
-0.234994
-0.155255
0.015842
-0.026800
-0.033995
0.077429
0.217634
0.316780
0.357442
0.307077
0.155123
0.032081
-0.084228
-0.189382
-0.115319
-0.029506
0.122712
0.190636
0.305757
0.477514
0.702277
1.024140
1.250685
1.005393
0.590787
0.441539
0.341336
0.125814
-0.243114
-0.239087
-0.226347
-0.143373
-0.001518
0.158555
0.753236
1.445282
1.500466
0.887962
0.222453
0.211759
0.222057
0.042114
-0.246150
-0.246150
-0.245094
-0.240737
-0.241133
0.088453
0.748682
0.652043
1.029949
0.927370
0.061389
-0.095450
0.179678
-0.003763
-0.246150
-0.246150
-0.246150
-0.246150
-0.246150
-0.110038
0.328134
0.851129
1.017275
0.639436
-0.027658
-0.228657
-0.185289
-0.099014
-0.246150
-0.246150
-0.246150
-0.246150
-0.246150
-0.044623
0.479956
0.596529
0.549729
0.416521
0.065218
-0.190306
-0.235192
-0.228922
-0.246150
-0.246150
-0.246150
-0.246150
-0.246150
-0.092744
0.246414
0.246744
0.206148
0.155585
-0.010231
-0.195389
-0.243312
-0.234994
-0.246150
-0.246150
-0.246150
-0.246150
-0.246150
-0.087001
0.294535
0.346617
0.328992
0.265821
0.080532
-0.171295
-0.199745
-0.115451
-0.246150
-0.246150
-0.246150
-0.246150
-0.246150
-0.013400
0.589136
0.818652
0.844726
0.730001
0.214795
-0.167401
-0.176048
-0.080334
-0.246150
-0.246150
-0.245160
-0.240077
-0.238031
-0.150832
0.245358
0.897665
1.114111
0.677589
-0.038154
-0.214597
-0.090103
-0.065482
-0.246150
-0.244830
-0.218228
-0.147862
-0.119015
-0.180866
0.240737
1.852099
2.678870
1.167777
-0.002244
-0.148060
0.002244
-0.030232
-0.236645
-0.210835
-0.083304
0.105219
0.299618
0.189184
0.245688
1.089490
1.361713
0.730133
0.316120
0.185751
0.126078
0.064029
-0.140403
-0.040266
0.287208
0.377245
0.456721
0.607619
0.739374
0.744589
0.653100
0.576000
0.556989
0.471177
0.361271
0.171229
-0.134066
0.267933
0.613890
0.667688
0.621085
0.615474
0.671252
0.626432
0.637455
0.710330
0.701287
0.670394
0.556660
-0.032609
3.087241
2.789068
2.606581
2.560572
2.594526
2.670728
2.676258
2.762967
2.714635
2.530600
2.540554
2.488130
2.431946
2.632792
3.696527
3.113674
2.561456
2.582802
2.673493
2.746045
2.637438
2.650709
2.679575
2.624719
2.642746
2.702137
2.046068
2.157883
3.873042
3.112236
2.572406
2.724478
3.091112
3.182908
2.824791
1.458681
1.660412
2.902763
2.942357
3.279350
2.518544
2.247910
3.761559
3.016569
2.725142
3.438612
4.081630
3.595108
1.694255
0.137031
1.365446
2.801013
2.822248
3.283885
2.747151
2.400094
3.642444
3.133139
3.075517
3.831899
4.340983
2.714635
0.644124
1.172895
2.404296
2.770598
2.801013
2.956735
2.825344
2.691520
3.503975
3.283774
3.554629
4.007197
3.314520
1.518183
1.374515
2.473531
2.551945
2.599060
2.794155
2.904422
2.879427
2.529051
3.469247
3.031057
2.676479
3.086909
3.102946
2.497973
2.815169
2.983057
2.406951
2.505494
2.832312
4.018036
2.724368
1.372193
3.444252
2.576609
2.169607
2.671391
2.836404
2.831538
3.125287
2.948661
2.540664
2.722930
3.487164
4.598898
2.083008
0.908344
3.485063
2.567650
2.072944
2.599060
2.798248
2.801013
2.893030
2.835077
2.779888
3.387737
3.827365
3.312972
1.627011
1.382036
3.570555
2.705234
2.000723
2.414029
2.743059
2.801013
2.810303
2.846137
3.153157
4.346292
4.398715
2.431614
0.610834
1.108527
3.672638
2.827777
2.119174
2.272795
2.497863
2.692737
2.916477
3.401340
3.345709
3.903899
4.220321
2.264611
0.660272
1.517962
3.745854
2.903758
2.250122
2.584903
2.514231
2.249348
3.191867
3.805687
3.008384
3.033601
3.088126
2.343025
1.480579
1.835821
3.817632
3.049084
2.478840
2.660995
2.689529
2.584682
3.038135
3.364400
2.808312
2.507153
2.548074
2.529051
1.822992
1.858383
3.765983
3.567459
2.970891
2.857528
2.831095
2.965140
3.028624
3.065674
2.877215
2.670396
2.748036
3.043886
2.293145
1.588302
2.828542
2.828542
2.828542
2.847687
2.826586
2.812053
2.828542
2.828542
2.828542
2.828542
2.866832
2.958643
2.781868
2.713115
2.828542
2.828542
2.828542
2.831896
2.829800
2.821555
2.828542
2.885139
2.995815
3.015938
2.711717
2.699420
2.823372
2.779632
2.828542
2.828542
2.828542
2.828542
2.828542
2.828542
2.828542
3.139192
3.359427
3.474436
2.545842
2.051291
2.648274
2.828542
2.828542
2.828542
2.828542
2.828542
2.828542
2.828542
2.828542
3.330221
3.182372
3.454872
3.445090
1.768730
1.957383
2.786619
2.828542
2.828542
2.828542
2.828542
2.828542
2.828542
2.853696
3.098387
3.478908
3.438102
3.243161
2.137233
1.776276
2.588184
2.828542
2.828542
3.136676
3.122982
2.697463
2.650649
2.851321
2.991763
3.130947
3.156240
2.986173
2.612220
2.144639
2.461856
2.828542
2.828542
4.175388
3.960742
2.076305
1.919932
2.524182
2.901069
2.944809
2.727229
2.735753
2.779353
2.683489
2.702774
2.828542
2.828542
4.400794
4.210323
2.064566
1.717863
2.249586
2.840421
2.838883
2.572673
2.690476
2.828542
2.828542
2.828542
2.828542
2.828542
3.575749
4.094476
2.883741
2.122420
2.152045
2.527396
2.583852
2.566384
2.770130
2.828542
2.828542
2.828542
2.828542
2.828542
3.011466
3.297101
3.327705
2.692293
2.295562
2.409452
2.607748
2.745954
2.821555
2.828542
2.828542
2.828542
2.828542
2.828542
2.845312
3.619769
2.976251
2.802690
2.485752
2.286758
2.765658
2.828542
2.828542
2.828542
2.828542
2.828542
2.828542
2.828542
2.828542
2.966050
2.910292
3.217308
2.731421
2.170631
2.828542
2.828542
2.828542
2.828542
2.828542
2.828542
2.828542
2.828542
2.828542
2.828542
2.828542
2.932511
2.867531
2.611940
2.828542
2.828542
2.828542
2.828542
2.828542
2.828542
2.828542
2.828542
2.828542
2.828542
2.828542
2.828542
2.828542
2.828542
2.828542
2.828542
2.828542
2.828542
2.828542
2.828542
1.863101
1.734820
1.609572
1.540377
1.498478
1.452535
1.288871
1.153738
1.128801
1.188111
1.349866
1.520158
1.584972
1.790311
0.755530
1.028154
1.228438
1.360762
1.333466
1.109593
1.075669
1.150705
1.142618
1.065447
1.080275
1.205859
1.363121
1.125544
0.837755
0.709025
0.716214
0.673978
0.342381
0.525141
0.974123
1.531278
1.590701
1.248882
0.592764
0.287452
0.545810
0.584788
0.411913
0.306323
0.421798
0.293967
0.574005
1.408614
2.130333
2.223791
2.265353
1.865909
1.631814
0.821018
-0.040102
0.251057
0.346650
0.058411
0.058187
0.427302
1.467475
1.533862
0.453026
-0.171752
0.116935
1.197547
1.857259
1.546780
0.326205
0.369003
0.384167
0.290822
0.265210
0.383494
0.622980
0.380910
0.680830
0.626014
0.373721
0.599279
0.512785
0.707565
0.747666
0.634663
0.365633
0.213988
0.654320
0.903692
0.411015
-0.045830
-0.315422
-0.610625
-0.774289
-0.675102
-0.138952
0.600065
1.246410
0.536711
0.346986
0.055378
0.236791
0.394165
0.027184
-0.607142
-0.713406
-0.789791
-0.686110
-0.711159
-0.915263
-0.323285
0.102220
0.304638
0.289698
-0.026060
-0.010896
-0.167708
-0.987378
-0.911107
-0.865725
-0.500654
-0.455385
-0.671844
-0.568051
-0.357658
-0.307334
0.159059
0.297898
-0.078631
-0.296438
-0.500429
-0.694871
-0.740029
-0.683077
-0.745196
-0.734636
-0.575016
-0.277342
-0.276106
-0.750475
-0.091436
0.289923
-0.108510
-0.198936
-0.131089
0.314074
0.635112
0.923238
0.490656
0.467629
0.544125
0.313512
-0.168270
0.072902
-0.075711
0.264536
-0.053469
-0.168045
-0.076160
0.490544
0.745420
0.866287
1.436023
1.517911
0.926046
0.328003
0.426291
-0.071891
-0.054480
0.314636
-0.129292
-0.151645
-0.283408
-0.118620
0.511886
0.575914
0.758563
0.686222
0.756653
0.795856
0.016737
-0.444489
-0.041000
-0.503462
-0.495037
-0.176807
-0.273523
-0.490432
-0.522783
-0.162092
0.080540
-0.010222
-0.248923
-0.415283
-0.374844
-0.400792
-0.064814
1.212940
1.318194
1.289906
1.212509
1.246110
1.230027
1.227299
1.226150
1.202026
1.220407
1.205186
1.164836
1.465235
1.201165
1.144014
2.154774
1.652625
1.505297
1.509892
1.343754
1.582982
1.697857
1.408659
1.872324
1.563597
1.610552
2.230735
1.036750
1.116014
1.712791
1.597916
1.305558
1.551391
1.980307
1.372760
2.816312
1.631948
2.033724
2.020082
1.616439
1.881945
1.293783
1.154210
1.813020
1.584705
1.537750
2.002707
0.844764
1.849493
1.742228
1.223422
1.592746
0.789481
0.790055
2.411233
1.265926
1.172015
1.814312
1.416987
1.842169
0.855103
1.167277
1.671579
1.334277
1.565320
1.915977
1.444701
1.211217
2.502990
1.264346
1.097490
1.926746
1.243382
1.784014
0.962224
1.808568
1.103521
1.354236
1.424167
1.426033
1.492374
1.578530
3.307979
0.839595
1.137409
1.869739
1.341169
2.412238
2.228725
1.054268
1.358831
1.558140
1.561730
1.691108
1.030288
1.330830
1.604665
1.136835
1.133676
1.868734
1.355959
2.133091
0.700021
1.638122
1.466814
1.562735
1.599352
1.601936
1.384965
1.372473
1.097490
1.285455
1.141143
1.868160
1.333272
1.782147
1.742371
1.728873
1.276121
1.337867
1.379509
1.435080
1.642430
2.130363
2.994656
0.874632
1.151481
1.733756
1.498979
1.799378
1.271957
1.076669
1.895443
1.505872
1.526119
1.458198
1.836138
0.536898
2.373899
1.235197
1.215668
1.739499
1.553545
1.398033
2.570766
0.813892
0.786322
2.080679
1.820917
0.837728
0.935516
1.831256
2.223843
0.986923
1.098639
1.846621
1.556704
1.382668
1.241228
1.908222
2.148456
3.144855
2.661087
1.621178
1.837431
1.624480
1.654779
1.307999
1.172015
1.895299
1.506159
1.558140
1.367160
1.325518
1.050391
0.900910
1.358113
1.244387
1.369170
1.372473
2.034298
1.364432
1.278706
1.835133
1.513626
1.275547
1.352944
1.186518
1.205186
1.186518
1.140281
1.173882
1.140281
1.366011
1.774680
1.205616
-0.528338
-0.528338
-0.528338
-0.528338
-0.528338
-0.528338
-0.528338
-0.528338
-0.528338
-0.528338
-0.528338
-0.528338
-0.528338
-0.528338
-0.528338
-0.528338
-0.528338
-0.528338
-0.528338
-0.528338
-0.510407
-0.425873
-0.533462
-0.528338
-0.528338
-0.528338
-0.528338
-0.528338
-0.528338
-0.528338
-0.528338
-0.528338
-0.528338
-0.528338
-0.400256
0.119757
-0.484790
-0.528338
-0.528338
-0.528338
-0.528338
-0.528338
-0.528338
-0.528338
-0.528338
-0.528338
-0.528338
-0.528338
-0.495037
-0.515530
-0.497599
-0.528338
-0.528338
-0.528338
-0.528338
-0.528338
-0.528338
-0.528338
-0.528338
-0.528338
-0.528338
-0.528338
-0.528338
-0.528338
-0.528338
-0.528338
-0.528338
-0.528338
-0.528338
-0.528338
-0.528338
-0.528338
-0.518092
-0.462742
-0.491012
-0.530351
-0.528338
-0.528338
-0.528338
-0.528338
-0.528338
-0.528338
-0.528338
-0.528338
-0.528338
-0.528338
-0.455149
-0.107680
-0.248845
-0.511230
-0.528338
-0.528338
-0.528338
-0.528338
-0.528338
-0.528338
-0.528338
-0.528338
-0.528338
-0.528338
-0.509309
-0.507937
-0.505741
-0.516262
-0.528338
-0.528338
-0.528338
-0.528338
-0.528338
-0.528338
-0.528338
-0.528338
-0.528338
-0.528338
-0.528338
-0.528338
-0.528338
-0.528338
-0.528338
-0.528338
-0.528338
-0.528338
-0.528338
-0.528338
-0.528338
-0.528338
-0.528338
-0.528338
-0.528338
-0.528338
-0.528338
-0.528338
-0.528338
-0.528338
-0.528338
-0.528338
-0.528338
-0.528338
-0.528338
-0.528338
-0.528338
-0.528338
-0.528338
-0.528338
-0.528338
-0.528338
-0.528338
-0.528338
-0.528338
-0.528338
-0.528338
-0.528338
-0.528338
-0.528338
-0.528338
-0.528338
-0.528338
-0.528338
-0.528338
-0.528338
-0.528338
-0.528338
-0.528338
-0.528338
-0.528338
-0.528338
-0.528338
-0.528338
-0.528338
-0.528338
-0.528338
-0.528338
-0.528338
-0.528338
-0.528338
-0.528338
-0.528338
-0.528338
-0.528338
-0.528338
-0.528338
-0.528338
-0.528338
-0.528338
-0.528338
-0.528338
-0.528338
-0.528338
-0.528338
-0.528338
-0.528338
-0.528338
-0.528338
-0.528338
-0.528338
-0.528338
-0.399366
-0.634873
-0.629467
-0.642080
-0.642080
-0.642080
-0.642080
-0.642080
-0.642080
-0.642080
-0.642080
-0.642080
-0.604772
-0.231691
-0.638158
-0.440595
-0.642822
-0.642080
-0.575943
-0.496557
-0.503023
-0.535773
-0.514893
-0.507156
-0.474300
-0.591629
-0.604772
-0.664126
-0.624062
-0.650559
-0.621518
-0.527294
-0.349127
0.792054
1.059782
-0.551036
-0.372233
1.488506
0.294437
-0.512138
-0.563436
-0.640278
-0.639748
-0.616431
-0.568630
-0.324750
1.549980
1.594707
0.861795
-0.460733
-0.336620
0.981562
0.979336
0.836252
-0.410071
-0.555699
-0.639748
-0.633283
-0.428937
0.846850
1.065399
0.910126
0.141707
-0.512986
-0.511502
-0.448756
1.667945
1.873670
0.855436
-0.565450
-0.642080
-0.567040
-0.200955
1.128250
0.438264
0.495921
-0.564814
-0.583574
-0.642080
-0.476526
-0.383149
1.398098
0.659038
-0.473876
-0.642080
-0.523797
0.500691
-0.448015
-0.344781
-0.566298
-0.544570
-0.642080
-0.642080
-0.642080
-0.465503
-0.489562
0.315847
-0.478645
-0.642080
-0.530156
-0.250981
0.609330
0.249498
-0.494332
-0.579017
-0.642080
-0.642080
-0.621730
-0.461051
0.023742
0.371067
-0.472710
-0.642080
-0.614099
-0.518709
0.208374
1.251303
0.560999
-0.478645
-0.589828
-0.628513
-0.445365
0.114044
2.026930
0.925388
-0.419610
-0.642080
-0.642080
-0.590781
-0.339376
1.272607
1.633605
0.359514
-0.558667
-0.572551
-0.063169
2.353587
1.386757
1.749133
-0.502917
-0.642080
-0.642080
-0.642080
-0.432222
0.398518
1.430212
0.802335
-0.450452
-0.480553
0.594385
1.061265
2.038376
-0.375200
-0.443139
-0.623426
-0.629255
-0.622260
-0.572127
-0.494544
-0.151034
0.512880
-0.263382
0.182407
-0.019502
0.544041
-0.496875
-0.429890
-0.603924
-0.603288
-0.346901
-0.634237
-0.642080
-0.614099
-0.565344
-0.635297
-0.290727
-0.392476
-0.512032
-0.643670
-0.520405
-0.336196
-0.590146
-0.502175
-0.529414
-0.615795
-0.642080
-0.642080
-0.642080
-0.625758
-0.630739
-0.637416
-0.620140
-0.642080
-0.602440
-0.372339
0.225438
1.160596
1.337444
1.456469
1.288589
1.230238
1.193939
1.254296
1.373215
1.378069
1.337655
1.271812
1.372371
1.176845
1.194995
1.045581
2.210819
1.949028
1.872105
1.948712
2.014661
1.904394
1.981000
1.974669
1.920855
2.031649
2.089579
2.010123
1.550380
1.089160
2.089579
1.641654
1.613480
1.741896
1.629308
2.592162
2.526530
2.666131
2.690506
1.704965
1.772918
1.956520
1.691564
1.064574
2.155106
1.718365
1.832431
2.389567
2.502894
3.317073
1.407508
1.744006
2.463219
2.047160
1.766693
2.159959
1.882130
1.132317
2.088101
1.738625
2.308107
2.577179
1.946496
1.695257
1.449610
1.490129
1.646718
1.924654
2.786421
1.851635
1.962640
1.152365
2.006430
1.687976
2.226119
1.600290
1.722797
1.673203
1.466282
1.488969
1.411624
1.697051
1.348946
3.042303
1.752342
1.163445
2.058556
1.944808
2.129781
1.595753
1.831059
1.686393
1.544999
1.689770
1.662441
1.845620
1.373109
2.002315
1.996828
1.162812
2.016876
1.690403
2.428081
2.015294
2.008541
1.760256
1.505113
1.658220
1.504902
1.917900
1.403393
2.213035
1.835385
1.190668
1.981106
1.719843
2.215568
2.052225
2.100236
1.861765
1.737464
1.770913
1.838973
2.195730
2.466596
2.756349
1.679535
1.090954
2.077972
1.742635
1.746222
2.534233
1.659592
1.894053
2.253660
1.846992
1.996406
2.310534
2.874740
1.851213
1.621711
1.167876
2.117119
1.780093
1.717310
1.957786
2.225698
1.495089
1.602717
2.393260
1.637327
3.054860
1.665712
1.845198
1.792650
1.147828
2.125033
1.776717
1.559666
1.723958
1.783048
2.254398
2.800350
1.937738
1.784525
1.455414
1.676475
1.842771
1.792123
1.114379
1.894264
1.852690
1.802464
1.673625
1.701060
1.330797
1.453831
1.688187
1.593115
1.750021
1.806579
1.797926
1.577604
1.040094
2.507220
2.070058
1.982794
2.038824
1.908193
1.944175
1.823989
1.767431
1.865985
1.829582
1.996511
2.191193
1.809428
-0.688948
-0.259681
-0.369596
-0.526647
-0.536931
-0.382344
-0.342171
-0.197653
-0.222079
-0.373024
-0.443193
-0.584925
-0.239541
-0.734478
-0.672235
0.104022
-0.570248
-0.705231
-0.605815
-0.493758
0.134554
-0.289891
-0.252075
-0.091917
-0.508542
-0.541002
-0.185869
-0.764259
-0.653916
-0.076169
-0.639882
-0.640847
-0.563499
-0.102201
-0.213937
-0.667200
-0.662058
-0.714659
-0.238470
-0.156194
-0.429588
-0.568427
-0.676414
-0.255610
-0.547109
-0.251754
-0.150517
-0.700196
-0.711338
-0.748619
-0.793399
-0.732335
-0.712623
-0.591781
0.770687
-0.416625
-0.728478
-0.291498
-0.369060
0.460870
-0.658202
-0.753332
-0.793399
-0.793399
-0.793399
-0.793399
-0.793399
-0.662915
0.460870
0.512827
-0.744869
-0.488080
0.192190
0.141196
-0.711980
-0.779686
-0.786114
-0.793399
-0.793399
-0.793399
-0.793399
-0.684127
-0.424660
1.461134
-0.773794
-0.539824
0.464298
-0.423267
-0.579247
-0.582354
-0.710909
-0.793399
-0.793399
-0.793399
-0.793399
-0.793399
-0.418982
1.140176
-0.770580
-0.575498
0.306068
-0.046815
-0.580640
-0.018748
-0.719694
-0.793399
-0.793399
-0.793399
-0.793399
-0.793399
-0.448871
0.765974
-0.749690
-0.528361
-0.163693
0.300926
-0.643525
-0.094488
-0.678556
-0.753332
-0.793399
-0.793399
-0.793399
-0.726550
-0.505650
0.542931
-0.716908
-0.358668
-0.604744
-0.096202
-0.496222
-0.673735
-0.429052
-0.773044
-0.778829
-0.793399
-0.793399
-0.714980
-0.098345
-0.338742
-0.670307
-0.191761
-0.635276
-0.768223
-0.080775
-0.587603
-0.570784
-0.551929
-0.696340
-0.633776
-0.673842
-0.711980
-0.193904
-0.747976
-0.619849
0.106058
-0.577962
-0.672557
-0.754511
-0.345492
-0.019390
-0.566820
-0.410626
-0.309818
-0.510149
-0.693768
-0.682199
-0.696125
-0.545609
0.433766
-0.148588
-0.584068
-0.608601
-0.593603
-0.308639
-0.278429
-0.222936
-0.489259
-0.638276
-0.526861
-0.250468
-0.622635
-0.707909
0.463976
-0.330601
-0.432159
-0.507578
-0.627884
-0.509506
-0.679413
-0.702232
-0.605173
-0.623920
-0.455942
0.129412
-0.788256
-3.432260
-2.654951
-2.239609
-2.070876
-2.060968
-2.013889
-1.851377
-1.612755
-1.684257
-1.970266
-2.160043
-2.599808
-2.777296
-3.426960
-3.021986
-2.617396
-2.683675
-2.394518
-2.376239
-2.567705
-2.326625
-1.725499
-1.580729
-2.108893
-2.546124
-2.778218
-2.850642
-3.190796
-3.511672
-3.501458
-3.225817
-3.054166
-3.423504
-4.147666
-4.580289
-4.381450
-4.208032
-4.452260
-4.099511
-3.489400
-2.958394
-3.271437
-3.437712
-3.387331
-3.627259
-4.091831
-4.829279
-5.139174
-4.889492
-3.822488
-3.284110
-4.025782
-4.961147
-4.701405
-4.063491
-3.805285
-3.382031
-3.650913
-4.309717
-4.841721
-5.258984
-4.893024
-3.805438
-2.165342
-1.497859
-2.718313
-4.600257
-5.226497
-4.631285
-4.517235
-3.380034
-3.952974
-4.840876
-5.248769
-5.247924
-4.622837
-3.018376
-1.826724
-1.392488
-2.707561
-4.362249
-5.014217
-4.824748
-4.677673
-3.400387
-3.993371
-4.999548
-5.248539
-5.247924
-4.566234
-3.131351
-2.249132
-2.381922
-3.143179
-4.652866
-5.244008
-4.954850
-4.855699
-3.359989
-3.924250
-4.822290
-5.241012
-5.247924
-4.612084
-3.267828
-2.519550
-2.612941
-3.326350
-4.690883
-5.247924
-4.923131
-4.641960
-3.355689
-3.508063
-4.204115
-4.794104
-5.246772
-4.729361
-3.296935
-1.792778
-1.539026
-2.835435
-4.378608
-5.238708
-4.875053
-4.587124
-3.315982
-3.350543
-3.779710
-4.398499
-5.085258
-5.169126
-3.790692
-1.982093
-1.647315
-3.338331
-4.995324
-5.080036
-4.480447
-4.243437
-3.372201
-3.360066
-3.245171
-3.420740
-3.876172
-4.606171
-5.051389
-4.448651
-4.431063
-4.850092
-4.947477
-4.477682
-3.624263
-3.381110
-3.347701
-3.222668
-2.808862
-2.148983
-2.257888
-3.042722
-4.245665
-4.671068
-4.594958
-4.127160
-3.225740
-2.767773
-2.486910
-2.864466
-2.962388
-2.418326
-2.055746
-1.522436
-1.121148
-1.125526
-1.005485
-0.849732
-0.824310
-1.128445
-1.217765
-1.761596
-1.915814
-2.597888
-2.992341
-1.872037
-0.997882
-0.416187
-0.316960
-0.111976
-0.002150
0.266809
0.192004
0.046772
-0.255442
-0.770856
-1.472592
-2.626381
0.017372
0.017372
0.017372
0.017372
0.017372
0.017372
0.017372
0.017372
0.017372
0.017372
0.017372
0.017372
0.017372
0.017372
0.017372
0.017372
0.017372
0.017372
0.017372
0.017372
0.017372
0.017372
0.017372
0.017372
0.017372
0.017372
0.017372
0.017372
0.017372
0.017372
0.017372
0.017372
0.017372
0.017372
0.017372
0.017372
0.017372
0.017372
0.017372
0.017372
0.017372
0.017372
0.017372
0.017372
0.017372
0.017372
0.017372
0.017372
0.017372
0.017372
0.017372
0.017372
0.017372
0.017372
0.017372
0.017372
0.017372
0.017372
0.017372
0.017372
0.017372
0.017372
0.017372
0.017372
0.017372
0.017372
0.017372
0.029447
0.070844
0.025134
0.017372
0.017372
0.017372
0.017372
0.017372
0.017372
0.017372
0.017372
0.017372
0.017372
0.017372
0.074294
0.237297
0.043246
0.017372
0.017372
0.017372
0.017372
0.017372
0.017372
0.017372
0.017372
0.017372
0.017372
0.017372
0.031171
0.031171
0.038934
0.017372
0.017372
0.017372
0.017372
0.017372
0.017372
0.017372
0.017372
0.017372
0.017372
0.017372
0.017372
0.017372
0.017372
0.017372
0.017372
0.017372
0.017372
0.017372
0.017372
0.017372
0.017372
0.017372
0.017372
0.017372
0.017372
0.017372
0.017372
0.017372
0.017372
0.017372
0.017372
0.017372
0.017372
0.017372
0.017372
0.017372
0.017372
0.017372
0.017372
0.017372
0.017372
0.017372
0.017372
0.017372
0.017372
0.017372
0.017372
0.057907
0.202923
0.070167
0.021253
0.017372
0.017372
0.017372
0.017372
0.017372
0.017372
0.017372
0.017372
0.017372
0.017372
0.208467
0.784153
0.214196
0.030309
0.017372
0.017372
0.017372
0.017372
0.017372
0.017372
0.017372
0.017372
0.017372
0.017372
0.063698
0.070598
0.096656
0.028153
0.017372
0.017372
0.017372
0.017372
0.017372
0.017372
0.017372
0.017372
0.017372
0.017372
0.017372
0.017372
0.017372
0.017372
0.017372
0.017372
0.017372
0.017372
0.646219
0.377096
0.388947
0.366630
0.367168
0.367168
0.369939
0.375018
0.377788
0.378558
0.376557
0.377019
0.376865
0.370247
0.778741
0.568876
0.359165
0.367014
0.367168
0.367168
0.366706
0.475218
0.471832
0.508156
0.471062
0.439663
0.553484
0.364552
0.329997
0.345928
0.365321
0.367168
0.367168
0.367168
0.365783
0.356548
0.355163
0.361781
0.374556
0.377250
0.534630
0.367861
0.421424
0.365552
0.367168
0.367168
0.375480
0.384715
0.376942
0.368707
0.367168
0.365629
0.742417
0.458133
0.791671
0.360319
0.362551
0.366706
0.367630
0.368015
0.376249
0.710941
0.454670
0.364475
0.367168
0.362551
0.352084
0.952590
0.680312
0.409187
0.367168
0.367168
0.367091
0.393565
0.376018
0.741724
0.344850
0.366399
0.367168
0.367168
0.376942
1.101120
1.285897
0.394488
0.367168
0.367168
0.366937
0.364244
0.687469
0.323610
0.363782
0.367168
0.367168
0.367168
0.361781
1.087114
0.669922
0.346390
0.367168
0.367168
0.367168
0.363012
0.342234
0.369477
0.369015
0.367168
0.367168
0.367168
0.372632
0.631443
0.576649
0.368400
0.368861
0.367784
0.367168
0.371786
0.380251
0.488070
0.368707
0.372478
0.374094
0.370708
0.374710
1.017235
0.995302
0.349006
0.408418
0.367938
0.367168
0.366399
0.545789
0.561180
0.388486
0.464905
0.514928
0.423964
0.378943
0.844310
0.479297
0.358087
0.478527
0.365783
0.367168
0.364859
0.349237
0.361858
0.785591
0.801444
1.062564
0.386408
0.767967
0.477603
0.457363
0.365398
0.503231
0.370631
0.367784
0.367168
0.367168
0.359857
0.906108
0.919883
0.288132
0.443742
0.545250
0.343388
0.493380
0.394488
0.767582
0.414421
0.372171
0.367476
0.367168
0.359780
0.309988
0.327689
0.432583
0.354547
0.347929
0.374018
0.450052
0.646681
0.839462
0.653145
0.375788
0.366630
0.367168
0.367168
0.366937
0.364706
0.360858
0.366553
0.367168
0.364475
0.772970
0.457671
2.350888
2.479818
2.380806
2.319134
2.344002
2.471402
2.696513
2.623899
2.804095
2.917109
2.607218
2.354714
2.334055
2.334055
2.210098
2.337421
2.173141
2.313931
2.455716
2.506752
2.612115
1.717792
2.036330
2.527258
2.753594
2.802488
2.388458
2.334055
2.214154
2.048572
2.174824
2.248739
2.473544
1.622529
1.030369
0.639141
0.479757
0.079807
0.829284
2.196937
2.523280
2.391901
2.320052
2.297327
2.364279
2.276591
2.019572
0.884988
1.084390
1.474317
1.128004
0.601112
0.004208
0.711066
2.579672
2.137790
2.334055
2.355479
2.265190
2.370400
1.131218
1.554047
2.242311
2.263354
2.334055
2.334055
1.951167
0.646640
1.619009
1.818717
2.334055
2.182552
1.840677
1.633548
1.349825
2.110857
2.174518
2.283554
2.334055
2.334055
2.202753
1.082094
0.644574
1.287311
2.334055
2.134500
1.534306
1.534306
1.899136
2.421283
2.342319
2.334055
2.334055
2.347063
2.408276
1.615796
0.626363
1.094566
2.334055
2.278045
1.923009
1.917041
2.147738
2.888110
2.436510
2.345762
2.336350
2.300388
2.738673
2.261517
1.674790
1.687721
2.334055
2.334055
2.240705
2.026076
1.813667
2.385703
2.671645
2.962483
2.922542
2.671492
2.433603
1.951243
2.185919
2.238868
2.334055
2.334055
2.334055
2.289599
1.750847
0.810614
1.427413
1.936935
1.591617
1.588785
1.257852
1.595519
2.247285
2.310488
2.340941
2.399476
2.340253
2.282406
2.199998
1.389766
0.412729
0.561171
0.337360
0.651460
1.492298
1.976035
2.245525
2.317221
2.311482
2.638513
2.503462
2.310641
2.200916
2.066324
1.673719
1.082859
1.478449
1.738834
1.845115
1.984987
2.440413
2.490454
2.565976
3.002196
2.746478
2.687407
2.768897
2.488312
2.132893
2.068390
2.197626
2.155925
2.212547
2.653281
2.979470
2.524887
1.566825
1.087374
0.918196
1.534994
1.824609
1.909465
2.091192
2.124629
2.136336
2.068849
1.851007
1.547390
1.603859
1.491610
1.078022
1.078022
1.078022
1.078022
1.078022
1.078022
1.078022
1.078022
1.078022
1.078022
1.078022
1.078022
1.078022
1.078022
1.078022
1.078022
1.078022
1.078022
1.078022
1.078022
1.078022
1.078022
1.078022
1.078022
1.078022
1.078022
1.078022
1.078022
1.078022
1.078022
1.078022
1.078022
0.945277
0.812904
0.781373
0.740768
0.407010
0.435567
0.496771
0.884371
1.078022
1.078022
1.078022
1.078022
1.078022
0.983204
0.833504
0.765458
0.795354
0.832314
0.603190
0.660824
0.653536
0.926314
1.078022
1.078022
1.078022
1.078022
1.078022
0.914787
0.868531
0.739430
0.814615
0.903037
0.736158
0.485169
0.675697
0.897311
1.078022
1.078022
1.078022
1.078022
1.078022
0.968331
0.948252
0.920736
1.043070
1.078022
1.078022
0.995921
0.739355
0.829637
0.819820
1.078022
1.078022
1.078022
1.078022
0.524733
0.708791
0.596571
1.061885
1.078022
1.078022
1.028494
0.522650
0.601479
0.541986
0.916646
1.078022
1.078022
1.078022
0.424114
0.743966
0.488739
1.065380
1.078022
1.078022
1.078022
0.754377
0.669748
0.730431
0.951598
1.078022
1.078022
1.078022
0.649892
0.662386
0.687819
1.052068
1.067239
1.061885
1.078022
0.962456
0.829934
0.861912
1.008117
1.078022
1.078022
1.078022
0.954201
0.900657
0.745602
0.821159
0.491416
0.557677
0.674284
0.884371
1.078022
1.078022
1.078022
1.078022
1.078022
1.078022
1.078022
1.078022
0.913820
0.917167
0.513875
0.655618
0.679639
0.926314
1.078022
1.078022
1.078022
1.078022
1.078022
1.078022
1.078022
1.078022
0.978965
0.886602
0.687075
0.694884
0.728795
0.994136
1.078022
1.078022
1.078022
1.078022
1.078022
1.078022
1.078022
1.078022
1.078022
1.078022
1.020239
0.995252
1.029089
1.078022
1.078022
1.078022
1.078022
1.078022
1.078022
1.078022
1.078022
1.078022
1.078022
1.078022
1.078022
1.078022
1.078022
1.078022
1.078022
1.078022
1.078022
1.267435
1.255668
1.338377
1.252642
1.267435
1.267435
1.267435
1.267435
1.267435
1.267435
1.267435
1.267435
1.267435
1.267435
1.267435
1.264745
1.264073
1.266090
1.267435
1.267435
1.267435
1.267435
1.267435
1.267435
1.267435
1.267435
1.267435
1.267435
1.267435
1.267435
1.267435
1.267435
1.267435
1.267435
1.267435
1.267435
1.267435
1.267435
1.267435
1.267435
1.267435
1.267435
1.267435
1.267435
1.267435
1.267435
1.267435
1.267435
1.267435
1.267435
1.267435
1.267435
1.267435
1.267435
1.267435
1.267435
1.267435
1.267435
1.267435
1.267435
1.267435
1.267435
1.267435
1.267435
1.267435
1.267435
1.267435
1.267435
1.267435
1.267435
1.267435
1.267435
1.233925
1.229554
1.245581
1.267435
1.267435
1.267435
1.267435
1.267435
1.267435
1.202993
1.194588
1.225408
1.267435
1.267435
1.216442
1.574852
1.203329
1.267435
1.267435
1.267435
1.267435
1.267435
1.267435
1.164216
1.852793
1.140792
1.267435
1.267435
1.255780
1.252866
1.261607
1.267435
1.267435
1.267435
1.267435
1.267435
1.267435
1.226865
1.275056
1.239641
1.267435
1.267435
1.267435
1.267435
1.267435
1.267435
1.267435
1.267435
1.267435
1.267435
1.267435
1.249952
1.359783
1.246814
1.267435
1.267435
1.267435
1.267435
1.267435
1.267435
1.231348
1.115800
1.118602
1.195148
1.267435
1.263849
1.262952
1.265642
1.267435
1.267435
1.267435
1.267435
1.267435
1.267435
1.014038
1.001822
1.855595
0.922586
1.267435
1.267435
1.267435
1.267435
1.267435
1.267435
1.267435
1.267435
1.267435
1.267435
0.952846
2.724162
2.701411
0.858592
1.267435
1.267435
1.267435
1.267435
1.267435
1.267435
1.267435
1.267435
1.267435
1.267435
1.198398
1.110309
1.144379
1.232020
1.267435
1.267435
1.267435
1.267435
1.267435
1.267435
1.267435
1.267435
1.267435
1.267435
1.267435
1.267435
1.267435
1.267435
1.267435
1.267435
1.267435
1.267435
1.632778
1.235480
1.262607
1.260676
1.221048
1.152748
1.131896
1.113988
1.117174
1.134406
1.196431
1.243106
1.206567
1.419576
1.529435
1.026284
1.046412
1.017499
0.997613
0.928879
1.063596
1.147921
1.112251
0.914495
0.751009
0.921252
0.947607
1.281432
1.581082
1.155209
1.133102
1.134406
1.058624
1.084544
1.324391
1.545460
1.369666
0.851987
0.645349
0.906289
0.940560
1.340754
1.610140
1.189190
1.216221
1.173552
1.259614
1.553280
1.571863
1.540730
1.239197
1.021023
1.190590
1.193100
1.036517
1.396986
1.604058
1.150093
1.251312
1.299484
1.593198
1.597928
1.433815
1.267627
1.144011
0.974685
1.424258
1.471030
1.216993
1.384629
1.592425
1.162353
1.180695
1.110223
1.325645
1.336071
1.256815
1.324584
1.277377
1.202078
1.142273
1.427926
1.173407
1.475133
1.589578
1.187839
1.281335
0.708340
0.845760
1.177654
1.419431
1.507521
1.524608
1.380334
1.192859
1.339402
1.385547
1.526008
1.592425
1.160664
1.253725
1.372611
1.356875
1.239583
1.362523
1.481842
1.478512
1.348621
1.315992
1.546763
1.472189
1.636832
1.589626
1.128420
1.248802
1.424403
1.590446
1.478850
1.101052
1.241031
1.263186
1.070064
1.367060
1.619842
1.542130
1.617091
1.570367
1.135564
1.231618
1.096563
1.416583
1.302621
1.069098
1.268785
1.330038
1.067844
1.555259
1.526829
1.209994
1.463066
1.565685
1.142081
1.168869
1.147197
0.920094
1.063741
1.286403
1.533731
1.580213
1.553714
1.405626
1.193197
1.186246
1.374493
1.518575
1.045061
1.094826
1.025271
0.860096
0.754629
1.033476
1.466734
1.581082
1.422231
1.015762
1.023871
1.063210
1.362040
1.315123
0.814000
0.813565
0.807966
0.694149
0.559528
0.708292
0.904696
1.023388
0.809800
0.728033
0.747003
0.828625
1.154678
1.283652
0.759118
0.820178
0.830990
0.780405
0.692025
0.681792
0.747679
0.737928
0.711719
0.763607
0.792617
0.824860
1.220710
1.781704
1.856789
1.809860
1.814553
1.816118
1.816118
1.816118
1.816118
1.816118
1.816118
1.797477
1.811164
1.713658
2.001614
1.749375
2.188414
1.901110
1.805950
1.816118
1.816118
1.816118
1.816118
1.816118
1.816118
1.764497
2.059361
1.665165
2.863787
1.722261
1.537677
1.686283
1.799693
1.816118
1.816118
1.816118
1.816118
1.816118
1.816118
1.726433
1.769059
1.324024
2.254765
1.811816
1.817291
1.815335
1.816118
1.816118
1.816118
1.816118
1.816118
1.816118
1.816118
1.769189
1.562054
1.712354
2.416537
1.806080
1.878688
1.806471
1.817291
1.815335
1.816118
1.816118
1.816118
1.816118
1.816118
1.816118
1.652130
1.131880
2.560971
1.796303
1.800084
1.797086
1.878297
1.811034
1.816118
1.816118
1.816118
1.816118
1.816118
1.816118
1.755111
1.019252
2.154000
1.804255
1.845448
1.788482
1.780530
1.806602
1.816118
1.816118
1.816118
1.816118
1.816118
1.816118
1.816118
1.286351
2.254504
1.799562
1.812989
1.783789
1.922488
1.805819
1.816118
1.816118
1.816118
1.816118
1.816118
1.816118
1.816118
1.368606
1.961986
1.795652
1.867738
1.763454
1.898633
1.790568
1.816118
1.816118
1.816118
1.816118
1.816118
1.816118
1.816118
1.441214
2.037071
1.786266
1.882599
1.766322
1.719915
1.799302
1.814553
1.816118
1.816118
1.816118
1.816118
1.816118
1.816118
1.425311
2.516911
1.778314
1.770232
1.800605
1.797607
1.940477
1.800214
1.817682
1.815075
1.793175
1.806602
1.803343
1.816769
1.329499
2.200537
1.784180
1.954816
1.903065
1.779227
1.741033
1.788221
1.899024
1.809339
1.770232
2.116197
1.991185
1.984016
1.283744
2.484061
1.718351
1.765931
1.737904
1.800736
1.816118
1.797346
1.766061
1.805168
1.741033
1.564270
1.592427
1.644700
1.199013
2.629016
1.698797
2.520039
1.734384
1.813380
1.816118
1.816118
1.816118
1.816118
1.816118
1.816118
1.816118
1.758761
1.680808
2.273797
1.279932
1.279932
1.279932
1.279932
1.279932
1.279932
1.279932
1.279932
1.279932
1.279932
1.279932
1.279932
1.279932
1.279932
1.279932
1.279932
1.279932
1.279932
1.279932
1.279932
1.269606
1.260352
1.269110
1.279932
1.279932
1.279932
1.279932
1.279932
1.279932
1.279932
1.279932
1.279932
1.279932
1.279932
1.258865
1.264070
1.090865
0.956862
1.101357
1.279932
1.279932
1.279932
1.279932
1.279932
1.279932
1.279932
1.279932
1.279932
1.270101
1.262583
0.922493
1.018204
0.971856
1.279932
1.279932
1.279932
1.279932
1.279932
1.279932
1.279932
1.279932
1.279932
1.279932
1.279932
1.117715
0.993667
1.029936
0.814018
0.620118
0.966073
1.279932
1.279932
1.042411
0.798610
0.972270
1.247464
1.279932
1.279932
1.279932
1.279932
1.100862
0.384413
0.377308
0.581536
1.279932
1.279932
0.795388
0.851898
0.802906
1.223919
1.279932
1.279932
1.279932
1.279932
1.196366
0.541880
0.463229
0.724090
1.279932
1.279932
1.053812
0.851402
1.001764
1.250438
1.279932
1.279932
1.279932
1.279932
1.150845
0.892627
0.893082
1.137378
1.279932
1.279932
1.279932
1.279932
1.279932
1.279932
1.279932
1.279932
1.279932
1.279932
1.016593
1.081653
1.046542
1.279932
1.279932
1.279932
1.279932
1.279932
1.279932
1.279932
1.032084
0.613798
0.648166
1.074301
1.157041
1.063065
1.157041
1.279932
1.279932
1.279932
1.279932
1.279932
1.279932
1.279932
0.242479
-0.576537
-0.154203
0.854831
1.279932
1.279932
1.279932
1.279932
1.279932
1.279932
1.279932
1.279932
1.279932
1.279932
-0.040978
-0.277095
-0.350334
0.971774
1.279932
1.279932
1.279932
1.279932
1.279932
1.279932
1.279932
1.279932
1.279932
1.279932
0.773619
0.322534
0.660848
1.216029
1.279932
1.279932
1.279932
1.279932
1.279932
1.279932
1.279932
1.279932
1.279932
1.279932
1.279932
1.279932
1.279932
1.279932
1.279932
1.279932
1.279932
1.279932
-0.959594
-0.620268
-0.341888
-0.333319
-0.315139
-0.274375
-0.194770
-0.165058
-0.146798
-0.187802
-0.217434
-0.333719
-0.735432
-0.998916
-0.556439
-0.399550
-0.243702
-0.319704
-0.226003
-0.190445
-0.140952
-0.094021
-0.179313
-0.301285
-0.381211
-0.295919
-0.565489
-0.974169
-0.394265
-0.431425
-0.278940
-0.213109
-0.278140
-0.145677
-0.503262
-0.600567
-0.887516
-0.899769
-0.790852
-0.550193
-0.530331
-0.798380
-0.457613
-0.408360
-0.271412
-0.104192
0.266367
-0.644454
-0.814718
-0.744162
-0.862849
-0.880068
-0.298321
0.541223
-0.298642
-0.787088
-0.469145
-0.473150
-0.119409
0.341808
1.286666
0.384574
-0.540742
-0.780841
-0.733670
-0.497015
0.389700
1.073717
0.302806
-0.737675
-0.503262
-0.527768
-0.182276
0.737915
0.628357
-0.071277
-0.543626
-0.366074
-0.328434
-0.313057
-0.337564
0.042366
-0.520481
-0.456251
-0.567892
-0.550273
-0.171785
-0.327152
-0.491810
-0.517117
-0.203980
-0.247947
-0.211508
-0.343730
-0.490208
-0.538981
0.160653
-0.330916
-0.528729
-0.555078
-0.060946
1.388776
1.289069
-0.045409
-0.171785
-0.250350
-0.197653
-0.238096
-0.363271
0.094582
0.703718
-0.440154
-0.536418
-0.494933
-0.123573
0.823767
1.107273
0.309053
-0.359107
-0.306891
-0.172746
-0.206703
-0.133664
0.471148
0.877585
-0.478836
-0.466262
-0.453849
-0.157610
-0.338204
-0.105474
-0.578463
-0.600247
-0.380330
-0.281743
-0.335161
-0.040444
0.657989
0.036920
-0.783804
-0.429182
-0.403715
-0.284306
-0.176830
-0.307852
-0.322027
-0.713328
-0.507907
-0.570695
-0.332198
0.308572
0.264125
-0.331717
-0.863010
-0.349016
-0.308332
-0.052216
-0.089456
-0.125896
-0.436710
-0.313698
-0.759378
-0.729746
-0.219757
-0.254995
-0.138950
-0.301445
-0.568933
-0.333800
-0.288551
0.022264
0.022344
-0.013374
-0.015056
0.074641
0.163616
0.148240
-0.092259
-0.058303
-0.099147
-0.286709
-0.554918
-0.961516
-0.671443
-0.333319
-0.298401
-0.287269
-0.309613
-0.194049
-0.119569
-0.177471
-0.273975
-0.337804
-0.368957
-0.433026
-0.965760
-1.918842
-0.501680
0.012297
-0.146761
-0.312102
-0.279608
-0.099905
-0.056819
-0.026210
-0.206991
-0.551049
-0.825271
-1.139439
-2.036879
-0.333197
0.943129
1.144644
0.966377
0.816744
0.862792
0.982355
0.761182
0.940796
0.388310
-0.342173
-0.478162
-0.405096
-1.129026
-0.164264
0.689103
0.671599
0.725456
1.149312
1.364562
0.551408
0.693411
0.519004
-1.157211
-2.155544
-1.404865
-0.595750
-0.840711
-0.400697
0.390285
0.458773
0.798613
1.869473
1.570566
0.611818
-0.415777
-0.770517
-2.293419
-2.601841
-2.201143
-0.583812
-0.688564
-0.462813
0.380411
0.553472
1.509886
1.638964
1.632322
1.225430
0.149274
-0.899864
-1.918483
-1.706285
-1.865344
-1.516618
-0.651313
-0.496114
0.317129
0.596199
2.598071
1.873064
1.130642
1.095725
0.237061
-0.723571
-1.341134
-0.803280
-1.322284
-2.050612
-0.523492
-0.490280
0.344327
0.394325
1.614998
1.934730
0.976610
0.638836
0.159866
-0.652210
-1.219506
-1.074092
-1.901069
-1.600276
-0.728508
-0.477354
0.282571
-0.007630
0.487587
1.181806
0.853906
0.701939
0.171625
-0.677433
-1.166726
-1.287636
-1.967403
-1.183601
-1.400377
-0.474751
0.353572
-0.040393
0.247833
0.555268
1.007578
0.895645
0.275300
-0.586056
-0.798163
-0.818898
-2.152133
-2.102046
-1.424164
-0.419278
0.474572
0.046587
0.083479
0.688654
0.515503
0.606611
0.301870
-0.828682
-0.785956
-1.359535
-1.671907
-1.093032
-0.644760
-0.432294
0.539380
0.327721
0.074502
0.823477
1.240690
0.305640
-0.212916
-1.382873
-1.579182
-1.761310
-1.414110
-0.212107
-0.517119
-0.377359
0.694578
0.571874
0.359945
0.784430
1.038008
0.021274
-0.710196
-1.784289
-1.456388
-1.154160
-0.542701
-0.098917
-0.671061
-0.325656
0.713967
0.790175
0.675190
0.708132
0.864408
0.699336
0.664059
0.499526
0.032135
-0.179973
-0.307255
-0.203939
-0.829670
-1.290059
0.165072
0.414162
0.368742
0.379334
0.399082
0.351688
0.355458
0.402224
0.182576
0.050626
-0.063551
-0.015170
-0.916560
5.540048
5.569736
5.623137
5.527243
5.441972
5.457053
5.440549
5.529519
5.530657
5.477351
5.508747
5.587473
5.656524
5.520603
5.342663
4.822501
5.327581
5.480196
5.374533
5.339153
5.403368
5.665725
5.562148
5.421104
5.324072
5.232826
5.084005
4.805997
4.631946
4.183586
4.542122
4.420902
4.691607
4.951593
5.542324
5.119195
5.172121
5.245346
4.815197
4.593152
4.314954
4.102109
4.826674
4.483599
4.648829
4.814628
5.210346
5.007839
5.026335
2.831487
3.457407
4.712853
4.922474
5.243733
4.675482
4.293328
4.790062
4.533965
4.792528
5.021972
4.472122
3.825144
4.752501
3.858912
4.060754
4.473545
4.258139
4.849154
4.972744
4.234900
4.806850
4.529222
4.814534
4.697392
4.828382
4.338572
4.269331
4.285550
4.345781
4.279859
4.698910
5.230170
5.191091
4.440916
4.864425
4.528748
4.928829
4.958991
5.307473
4.678707
4.411607
4.375753
4.337718
4.175618
4.353464
5.059438
5.198774
4.513192
4.893829
4.554168
4.953111
4.862054
5.000156
4.721011
4.538517
4.533300
4.544303
4.306323
4.632420
4.753829
5.154668
4.277298
4.851051
4.519927
4.712759
5.064371
5.311646
5.069303
4.644276
4.661349
4.630997
4.637826
5.094723
5.084099
5.014194
4.170117
4.820319
4.520401
4.784276
5.159032
5.699302
5.360116
4.891078
4.731539
4.767772
4.826864
4.907677
5.759153
5.802500
4.404778
4.754777
4.480089
4.725469
4.950360
5.209587
5.166335
5.049289
5.323218
5.000441
5.305861
5.156471
4.772230
4.373951
4.279480
4.783991
4.616959
4.672921
4.578070
4.281567
5.356986
5.822513
5.680047
4.695116
5.569356
5.602459
4.651864
4.402502
4.299398
4.654615
4.568775
4.732772
4.687338
4.595997
4.417962
5.041986
5.026999
4.754493
5.064086
4.964967
4.532542
4.570008
4.345117
4.825346
4.567921
4.806092
4.757718
4.726512
4.705076
4.619330
4.597515
4.565360
4.650252
4.683165
4.678422
4.797176
4.496119
1.556282
2.162947
1.755180
1.526107
1.510888
1.550903
1.752031
1.975857
1.988058
1.941220
1.614928
1.543556
2.029648
1.484254
1.687219
2.482810
2.188006
1.940302
1.885198
2.218444
1.810415
2.139724
1.946206
1.594593
2.221462
2.300443
2.173443
2.434266
1.513774
1.818943
1.541457
1.183152
1.748489
1.967329
2.487926
1.934267
1.762002
2.638543
2.132509
1.442664
1.740092
1.840853
1.558382
2.063760
1.790473
1.472315
2.633951
2.605612
0.623851
1.692467
1.579242
0.813959
2.402647
2.166883
1.929150
2.087507
1.575044
2.022826
1.640119
2.130016
2.718968
1.646154
2.021514
1.318681
1.594724
1.496587
1.416687
2.467460
1.850168
2.400417
1.590394
2.073075
1.689581
2.063367
1.287062
2.296638
1.086328
1.442795
1.422853
1.547492
1.187088
1.709916
1.392940
2.092361
1.579111
2.101152
1.642480
1.311465
1.083572
1.241798
1.451454
1.515742
1.478350
1.652320
1.202045
2.266856
1.321305
2.367224
1.578980
2.104957
1.447912
2.608367
1.381657
1.613748
1.424165
1.496062
1.538833
1.533585
1.327603
2.794014
1.397269
2.115846
1.584228
2.065859
1.682758
2.089213
1.587377
2.300968
1.146548
1.412226
1.726710
1.274205
2.095117
1.469166
0.952505
2.381131
1.563236
2.081341
1.680659
1.712672
2.308709
2.113616
2.182758
1.290604
1.795196
1.860795
2.423770
2.635657
1.753474
2.047754
1.558513
1.948174
1.636576
1.486091
1.777615
2.969952
1.826159
1.050117
1.160455
1.574126
2.548803
1.397925
1.804380
1.957227
1.673837
2.090525
1.883493
1.567041
1.787980
1.747833
2.098790
2.224873
1.929543
1.494094
1.887560
1.778271
1.977825
2.056151
1.814088
2.039488
1.838623
1.765545
1.726185
1.711491
1.473758
1.687875
1.670950
1.704537
1.821304
1.743635
1.983466
2.416423
1.517185
2.145628
1.995537
1.938334
1.909864
1.859352
1.972446
2.045523
2.134345
2.015741
1.833375
1.916686
2.306872
2.161372
1.878215
1.878215
1.878215
1.878215
1.878215
1.878215
1.878215
1.878215
1.878215
1.878215
1.878215
1.878215
1.878215
1.878215
1.878215
1.878215
1.878215
1.878215
1.878215
1.878215
1.768775
1.709500
1.657562
1.757255
1.829034
1.878215
1.878215
1.878215
1.878215
1.878215
1.878215
1.878215
1.797575
1.644762
1.140931
0.747033
0.347571
0.754368
1.166531
1.703347
1.878215
1.878215
1.878215
1.878215
1.878215
1.872455
1.604934
0.999637
0.133909
-0.503043
-1.098395
-0.915058
0.051200
1.235553
1.807175
1.878215
1.878215
1.878215
1.878215
1.868468
1.301424
0.416495
-0.474834
-0.575955
-0.946419
-1.252636
-0.941840
0.452828
1.377781
1.839963
1.878215
1.878215
1.878215
1.779458
1.028684
0.152321
-0.189146
0.162955
0.238081
-0.338316
-1.016130
-0.477837
0.716460
1.688134
1.878215
1.878215
1.878215
1.537930
0.694995
0.010634
0.001822
0.424618
0.503979
0.012800
-0.916880
-0.707992
0.300359
1.629648
1.878215
1.878215
1.878215
1.305215
0.427178
-0.260679
-0.144936
0.187669
0.251768
-0.069908
-0.966259
-0.547450
0.388433
1.669525
1.878215
1.878215
1.878215
1.403923
0.673038
-0.121650
-0.280913
-0.192592
-0.119828
-0.295141
-0.812855
-0.392716
0.752793
1.802449
1.878215
1.878215
1.878215
1.700097
1.402791
0.696620
-0.142967
-0.558970
-0.484336
-0.308384
-0.107028
0.595696
1.276956
1.818400
1.878215
1.878215
1.878215
1.878215
1.858425
1.484219
0.459031
-0.326452
-0.312568
0.435547
1.156438
1.579136
1.878215
1.878215
1.878215
1.878215
1.878215
1.878215
1.878215
1.792455
1.174654
0.673432
0.751316
1.372169
1.771876
1.878215
1.878215
1.878215
1.878215
1.878215
1.878215
1.878215
1.878215
1.878215
1.706694
1.664060
1.689956
1.864923
1.878215
1.878215
1.878215
1.878215
1.878215
1.878215
1.878215
1.878215
1.878215
1.878215
1.878215
1.878215
1.878215
1.878215
1.878215
1.878215
1.878215
1.878215
0.839626
0.293586
-0.078491
-0.007925
0.000881
0.000881
0.000881
-0.000881
-0.005535
-0.000881
0.000881
-0.007547
-0.024780
0.723022
-0.063145
0.526920
0.105158
-0.001006
0.000881
0.000881
-0.113585
-0.565411
-0.666670
-0.271070
-0.032579
0.002390
0.082893
0.256731
-0.071573
-0.036352
-0.026289
-0.002893
-0.018491
-0.078491
-0.207422
0.840758
1.181137
-0.203397
-0.395977
-0.078491
-0.029937
0.444279
0.199372
-0.020629
0.000126
0.000881
-0.065409
-0.050818
-0.269058
2.221645
2.255607
1.122395
0.857740
-0.063271
-0.002516
0.292957
0.187296
-0.017107
0.000881
0.000881
-0.000503
0.976734
1.082143
0.457864
0.320001
0.579877
0.396228
-0.081258
-0.004025
-0.023648
0.054466
-0.016226
0.000881
0.000881
-0.011572
0.088051
-0.127422
-0.092705
0.149560
0.114466
0.476228
-0.079246
-0.078491
-0.018491
0.079623
-0.037988
-0.095724
-0.208554
-0.056352
-0.012327
-0.004403
-0.002516
-0.019120
-0.029308
-0.044780
0.114969
0.246668
-0.107673
0.086038
-0.027673
-0.027799
0.488304
-0.086541
0.000881
0.000881
0.000881
0.000881
0.000881
-0.001006
-0.019371
-0.084529
0.151950
0.113082
0.045409
0.302769
0.715349
-0.336605
-0.062516
0.000881
0.000881
0.000881
0.000881
-0.051950
-0.289058
-0.376102
0.575474
0.211070
0.135975
0.101510
0.729060
0.490191
-0.273963
-0.046667
-0.044906
-0.185284
-0.131321
-0.098365
0.605034
1.159250
0.736355
0.169938
-0.036101
0.049183
0.175095
1.003400
0.321008
-0.420379
-0.569688
0.004906
-0.228806
-0.022138
0.311071
0.471449
0.492581
0.062013
-0.049686
-0.034717
-0.112956
0.253083
0.539499
0.579751
1.030822
1.315100
0.954344
0.308052
0.114843
-0.066415
0.393838
0.272957
0.069560
0.028428
0.203900
0.342769
0.638493
0.745915
1.125288
1.059879
0.617487
0.328052
0.164277
0.011824
0.718997
-0.021006
-0.013459
-0.006289
-0.020629
-0.044403
-0.074969
0.175598
0.182768
0.151070
0.115975
-0.063271
-0.027422
-0.018365
-0.056478
-1.020182
-1.020182
-1.020182
-1.020182
-1.020182
-1.020182
-1.020182
-1.020182
-1.020182
-1.020182
-1.020182
-1.020182
-1.020182
-1.020182
-1.020182
-1.020182
-1.020182
-1.020182
-1.020182
-1.020182
-1.020182
-1.020182
-1.020182
-1.020182
-1.020182
-1.020182
-1.020182
-1.020182
-1.020182
-1.020182
-1.020182
-1.020182
-1.020182
-1.020182
-1.020182
-1.020182
-1.020182
-1.020182
-1.020182
-1.020182
-1.020182
-1.020182
-1.020182
-1.020182
-1.020182
-1.020182
-1.020182
-1.020182
-1.020182
-1.020182
-1.020182
-1.020182
-1.020182
-1.020182
-1.020182
-1.020182
-1.020182
-1.020182
-1.020182
-1.020182
-1.020182
-1.020182
-1.020182
-1.020182
-1.020182
-1.020182
-1.020182
-0.857246
-0.705743
-0.905841
-1.020182
-1.020182
-1.020182
-1.020182
-1.020182
-1.020182
-1.020182
-1.020182
-1.020182
-1.020182
-1.020182
-0.728611
-0.291254
-0.788640
-1.020182
-1.020182
-1.020182
-1.020182
-1.020182
-1.020182
-1.020182
-1.020182
-1.020182
-1.020182
-1.020182
-0.877255
-0.914416
-0.851528
-1.020182
-1.020182
-1.020182
-1.020182
-1.020182
-1.020182
-1.020182
-1.020182
-1.020182
-1.020182
-1.020182
-1.020182
-1.020182
-1.020182
-1.020182
-1.020182
-1.020182
-1.020182
-1.020182
-1.020182
-1.020182
-1.020182
-1.020182
-1.020182
-1.020182
-1.020182
-1.020182
-1.020182
-1.020182
-1.020182
-1.020182
-1.020182
-1.020182
-1.020182
-1.020182
-1.020182
-1.020182
-1.020182
-1.020182
-1.020182
-1.020182
-1.020182
-1.020182
-1.020182
-1.020182
-1.020182
-1.020182
-1.020182
-0.916084
-0.819290
-0.947131
-1.020182
-1.020182
-1.020182
-1.020182
-1.020182
-1.020182
-1.020182
-1.020182
-1.020182
-1.020182
-1.020182
-0.833901
-0.554478
-0.872253
-1.020182
-1.020182
-1.020182
-1.020182
-1.020182
-1.020182
-1.020182
-1.020182
-1.020182
-1.020182
-1.020182
-0.928868
-0.952610
-0.912431
-1.020182
-1.020182
-1.020182
-1.020182
-1.020182
-1.020182
-1.020182
-1.020182
-1.020182
-1.020182
-1.020182
-1.020182
-1.020182
-1.020182
-1.020182
-1.020182
-1.020182
-1.020182
-1.020182
-0.768734
-0.824405
-0.882136
-0.890677
-0.890677
-0.867658
-0.790421
-0.776185
-0.762373
-0.752862
-0.867900
-0.890677
-0.890677
-0.890677
-0.874685
-0.867355
-0.882317
-0.890677
-0.890677
-0.878864
-0.872504
-0.858571
-0.851483
-0.866567
-0.868384
-0.890677
-0.890677
-0.890677
-0.890677
-0.890677
-0.890677
-0.890677
-0.890677
-0.890677
-0.890677
-0.890677
-0.890677
-0.890677
-0.890677
-0.890677
-0.890677
-0.890677
-0.890677
-0.890677
-0.890677
-0.890677
-0.890677
-0.890677
-0.890677
-0.890677
-0.890677
-0.890677
-0.890677
-0.890677
-0.890677
-0.890677
-0.890677
-0.890677
-0.890677
-0.890677
-0.890677
-0.890677
-0.890677
-0.890677
-0.890677
-0.890677
-0.890677
-0.890677
-0.890677
-0.890677
-0.890677
-0.890677
-0.890677
-0.890677
-0.890677
-0.890677
-0.890677
-0.890677
-0.890677
-0.890677
-0.890677
-0.890677
-0.890677
-0.890677
-0.890677
-0.890677
-0.890677
-0.890677
-0.890677
-0.890677
-0.890677
-0.890677
-0.890677
-0.890677
-0.890677
-0.890677
-0.890677
-0.890677
-0.890677
-0.890677
-0.890677
-0.890677
-0.890677
-0.890677
-0.890677
-0.890677
-0.890677
-0.890677
-0.890677
-0.890677
-0.890677
-0.890677
-0.890677
-0.890677
-0.890677
-0.890677
-0.890677
-0.890677
-0.890677
-0.890677
-0.890677
-0.890677
-0.890677
-0.890677
-0.890677
-0.890677
-0.890677
-0.890677
-0.890677
-0.890677
-0.890677
-0.890677
-0.890677
-0.890677
-0.890677
-0.890677
-0.890677
-0.890677
-0.890677
-0.890677
-0.890677
-0.890677
-0.890677
-0.890677
-0.890677
-0.890677
-0.890677
-0.890677
-0.890677
-0.890677
-0.890677
-0.890677
-0.890677
-0.890677
-0.890677
-0.890677
-0.890677
-0.890677
-0.890677
-0.890677
-0.890677
-0.890677
-0.890677
-0.890677
-0.890677
-0.890677
-0.890677
-0.890677
-0.890677
-0.890677
-0.890677
-0.890677
-0.890677
-0.890677
-0.890677
-0.890677
-0.890677
-0.890677
-0.890677
-0.890677
-0.890677
-0.890677
-0.890677
-0.890677
-0.890677
-0.890677
-0.890677
-0.890677
-0.890677
-0.890677
-0.890677
-0.890677
-0.890677
-0.890677
-0.890677
-0.890677
-0.130858
-0.130858
-0.130858
-0.130858
-0.114969
-0.142469
-0.109468
-0.130858
-0.130858
-0.130858
-0.124899
-0.129254
-0.045758
-0.182346
-0.112677
-0.131240
-0.090753
-0.130858
-0.092357
0.013368
-0.094801
-0.130858
-0.130858
-0.130858
-0.116420
-0.042473
0.189068
0.597760
0.105573
0.173408
-0.032848
-0.122837
-0.123524
-0.133302
-0.119858
-0.130858
-0.130858
-0.130858
-0.128108
-0.080898
0.340093
0.477292
0.043619
0.153470
0.033154
-0.085252
-0.130858
-0.130858
-0.130858
-0.130858
-0.130858
-0.130858
-0.130858
-0.121691
0.159046
0.564912
0.103510
0.275466
0.242465
-0.043237
-0.130858
-0.122913
-0.136664
-0.116191
-0.113899
-0.140025
-0.104121
-0.130858
0.148122
0.369657
0.176311
0.454985
0.274397
-0.039494
-0.088461
-0.136664
-0.008174
-0.097857
-0.046675
0.104121
-0.119170
-0.069363
0.191665
0.593101
0.120469
0.420762
0.273098
-0.033918
0.003667
0.228257
0.040258
-0.100989
-0.106031
-0.015737
0.308009
-0.021848
0.188228
0.535349
0.180130
0.433061
0.190978
-0.059127
-0.029334
0.195408
0.086016
-0.011993
-0.028647
0.011077
-0.068599
-0.090218
0.165616
0.550780
0.124670
0.307856
0.216874
-0.065467
-0.115274
-0.131469
-0.095718
-0.062335
-0.003285
-0.031779
-0.106566
-0.128108
0.161185
0.338565
0.083495
0.241014
0.086933
-0.099079
-0.130858
-0.130858
-0.129025
-0.126886
-0.125969
-0.125205
-0.125358
-0.130858
0.220159
0.765821
0.087009
0.163248
0.000382
-0.125358
-0.130858
-0.130858
-0.130858
-0.130858
-0.130858
-0.130858
-0.130858
-0.120927
0.115809
0.448798
0.041939
0.168442
-0.042626
-0.130858
-0.130858
-0.130858
-0.130858
-0.130858
-0.130858
-0.130858
-0.130858
-0.106795
0.091517
0.259883
-0.100607
-0.124059
-0.110232
-0.130858
-0.130858
-0.130858
-0.130858
-0.130858
-0.130858
-0.130858
-0.130858
-0.126275
-0.113135
-0.130400
-0.131164
-0.129483
-0.130858
-0.130858
-0.130858
-0.130858
-0.130858
-0.130858
-0.130858
-0.130858
-0.130858
-0.130858
-0.130858
-0.130858
0.659978
0.891726
0.729197
0.619408
0.607612
0.636261
0.814768
1.025482
1.039338
0.930361
0.791799
0.816578
1.048638
0.641753
1.280822
1.805859
1.634591
1.506079
1.675411
1.867338
2.094966
2.211557
2.231031
2.254000
2.143400
2.082608
2.089161
1.252423
1.266779
1.824084
1.806296
2.025311
2.618941
2.925275
2.774417
2.195954
2.231281
2.653956
2.820792
2.863047
2.723549
1.452277
1.106933
1.728651
1.978499
2.596534
3.253267
3.065647
2.392374
2.099959
2.049964
2.021004
2.400363
3.015090
3.193598
1.802551
1.128529
1.810602
2.247696
3.007414
3.064399
2.674304
2.186779
2.154385
2.025435
1.877948
1.883503
2.539175
2.954673
2.049590
1.172594
1.905224
2.319411
2.718681
2.724610
2.303558
1.949102
1.525053
1.353224
1.507764
1.871520
1.847864
1.877824
1.872206
1.200619
2.046220
2.420586
2.467584
2.689221
2.161126
1.535476
1.000703
0.795170
1.209918
1.997224
1.903851
1.241126
1.574673
1.178961
2.044160
2.445365
2.713750
2.964971
2.170488
1.419571
0.903273
0.754350
1.254483
2.042350
1.760483
1.366518
1.540719
1.171346
1.950600
2.373462
2.779848
2.836084
2.334952
1.733395
1.389861
1.383870
1.813473
2.204255
1.600825
1.650070
1.682651
1.136269
1.863842
2.258182
2.587734
2.487807
2.425017
2.128545
2.032114
2.120744
2.259430
2.140342
2.002966
2.252127
1.647761
1.119167
1.767973
2.039167
2.221482
2.327775
2.092968
1.878760
1.413829
1.376567
1.362399
1.636464
2.288890
2.613137
1.572301
1.166353
1.737889
1.834819
1.900730
2.023001
2.071498
1.484920
0.789053
0.698613
1.137455
1.588279
2.225663
2.401175
1.415577
1.390236
1.783389
1.722285
1.597891
1.619362
1.667921
1.435861
1.125721
1.143134
1.376629
1.617427
1.851235
2.066504
1.360838
1.235571
1.434363
1.245870
1.076662
1.004635
1.003387
0.993463
0.997332
0.989156
0.997208
1.015433
1.144071
1.454648
1.127094
-0.604364
-0.604364
-0.604364
-0.604364
-0.604364
-0.604364
-0.604364
-0.604364
-0.604364
-0.604364
-0.604364
-0.604364
-0.604364
-0.604364
-0.604364
-0.604364
-0.604364
-0.604364
-0.604364
-0.604364
-0.551731
-0.331913
-0.325356
-0.559380
-0.604364
-0.604364
-0.604364
-0.604364
-0.604364
-0.604364
-0.604364
-0.604364
-0.604364
-0.604364
-0.499098
0.274909
0.318072
-0.524777
-0.604364
-0.604364
-0.604364
-0.604364
-0.604364
-0.604364
-0.604364
-0.604364
-0.604364
-0.604364
-0.588883
-0.614926
-0.638602
-0.607824
-0.604364
-0.604364
-0.604364
-0.604364
-0.604364
-0.604364
-0.604364
-0.604364
-0.604364
-0.604364
-0.604364
-0.604364
-0.604364
-0.604364
-0.604364
-0.543991
-0.359322
-0.558196
-0.604364
-0.604364
-0.596623
-0.572948
-0.598445
-0.604364
-0.604364
-0.604364
-0.604364
-0.604364
-0.604364
-0.463494
0.350944
-0.507294
-0.604364
-0.604364
-0.588883
-0.492360
-0.593892
-0.604364
-0.604364
-0.604364
-0.604364
-0.604364
-0.604364
-0.546358
-0.345116
-0.580688
-0.604364
-0.604364
-0.602087
-0.592981
-0.541988
-0.592526
-0.604364
-0.604364
-0.604364
-0.604364
-0.604364
-0.598445
-0.615017
-0.605547
-0.604364
-0.604364
-0.604364
-0.573403
-0.380357
-0.583420
-0.604364
-0.604364
-0.604364
-0.604364
-0.604364
-0.604364
-0.604364
-0.604364
-0.604364
-0.604364
-0.604364
-0.599811
-0.612559
-0.605274
-0.604364
-0.604364
-0.604364
-0.604364
-0.604364
-0.604364
-0.604364
-0.604364
-0.604364
-0.604364
-0.604364
-0.604364
-0.604364
-0.604364
-0.554827
-0.403304
-0.566483
-0.604364
-0.604364
-0.604364
-0.604364
-0.604364
-0.604364
-0.604364
-0.604364
-0.604364
-0.604364
-0.604364
-0.505291
0.112459
-0.537344
-0.604364
-0.604364
-0.604364
-0.604364
-0.604364
-0.604364
-0.604364
-0.604364
-0.604364
-0.604364
-0.604364
-0.589794
-0.630589
-0.607277
-0.604364
-0.604364
-0.604364
-0.604364
-0.604364
-0.604364
-0.604364
-0.604364
-0.604364
-0.604364
-0.604364
-0.604364
-0.604364
-0.604364
-0.604364
-0.604364
-0.604364
-0.604364
-0.604364
1.268173
1.268173
1.268173
1.268173
1.268173
1.268173
1.268173
1.268173
1.268173
1.268173
1.268173
1.268173
1.268173
1.268173
1.268173
1.268173
1.268173
1.268173
1.268173
1.268173
1.253758
1.205919
1.197524
1.227304
1.268173
1.268173
1.268173
1.268173
1.268173
1.268173
1.268173
1.268173
1.268173
1.268173
1.247976
1.197762
1.218988
1.209008
1.268173
1.268173
1.268173
1.268173
1.268173
1.268173
1.268173
1.268173
1.268173
1.268173
1.257639
1.220493
1.208058
1.232531
1.268173
1.268173
1.268173
1.268173
1.268173
1.268173
1.268173
1.268173
1.268173
1.268173
1.268173
1.268173
1.268173
1.268173
1.268173
1.242947
1.234908
1.244333
1.268173
1.268173
1.253758
1.187901
1.173763
1.210276
1.268173
1.268173
1.268173
1.268173
1.268173
1.232828
1.250986
1.233660
1.268173
1.268173
1.247976
1.172516
1.206711
1.184356
1.268173
1.268173
1.268173
1.268173
1.268173
1.249738
1.240036
1.247382
1.268173
1.268173
1.257639
1.192910
1.168952
1.204058
1.268173
1.268173
1.268173
1.268173
1.268173
1.260965
1.258668
1.261361
1.268173
1.268173
1.268173
1.247976
1.258351
1.248451
1.268173
1.268173
1.268173
1.268173
1.268173
1.258074
1.263262
1.258312
1.268173
1.268173
1.268173
1.257639
1.252095
1.256292
1.268173
1.268173
1.268173
1.268173
1.268173
1.262906
1.260134
1.262232
1.268173
1.268173
1.268173
1.268173
1.268173
1.268173
1.174476
1.122994
1.151111
1.247738
1.268173
1.268173
1.268173
1.268173
1.268173
1.268173
1.268173
1.268173
1.268173
1.268173
1.136894
1.174040
1.125252
1.238590
1.268173
1.268173
1.268173
1.268173
1.268173
1.268173
1.268173
1.268173
1.268173
1.268173
1.199702
1.147864
1.166833
1.250352
1.268173
1.268173
1.268173
1.268173
1.268173
1.268173
1.268173
1.268173
1.268173
1.268173
1.268173
1.268173
1.268173
1.268173
1.268173
1.268173
1.268173
1.268173
0.002302
0.002302
0.002302
0.002302
0.002302
0.002302
0.002302
0.002302
0.002302
0.002302
0.002302
0.002302
0.002302
0.002302
0.002302
0.002302
0.002302
0.002302
0.002302
0.002302
0.016687
0.065595
0.084487
0.032510
0.005466
0.002302
0.002302
0.002302
0.002302
0.002302
0.002302
0.002302
0.002302
0.002302
0.016687
0.230542
0.360294
0.044018
-0.000863
0.002302
0.002302
0.002302
0.002302
0.002302
0.002302
0.002302
0.002302
0.002302
-0.013042
-0.067513
-0.090721
-0.032798
0.004315
0.017262
0.006521
0.002302
0.002302
0.002302
0.002302
0.002302
0.002302
0.002302
0.002302
0.002302
0.002302
0.002302
0.008056
0.146534
0.162646
0.048717
0.002302
0.002302
0.002302
0.002302
0.002302
0.002302
0.002302
0.002302
0.002302
0.002302
-0.003836
0.055909
0.906346
-0.038839
0.002302
0.002302
0.002302
0.002302
0.002302
0.002302
0.002302
0.002302
0.002302
0.002302
0.002302
-0.058019
-0.082186
-0.057827
0.002302
0.002302
0.002302
0.002302
0.002302
0.002302
0.002302
0.002302
0.002302
0.002302
0.002302
0.007576
0.014864
0.005562
0.002302
0.002302
0.002302
0.002302
0.002302
0.002302
0.002302
0.002302
0.002302
0.002302
0.002302
0.015248
0.184415
-0.007192
0.002302
0.002302
0.002302
0.002302
0.002302
0.002302
0.002302
0.002302
0.002302
0.012371
0.028482
-0.004124
-0.035675
-0.008919
0.002302
0.002302
0.002302
0.002302
0.002302
0.002302
0.015248
0.035962
0.011796
0.012371
0.143945
-0.005083
0.002302
0.002302
0.002302
0.002302
0.002302
0.002302
0.002302
0.002302
0.015248
0.184415
-0.007192
-0.008439
-0.027235
-0.006425
0.002302
0.002302
0.002302
0.002302
0.002302
0.002302
0.002302
0.002302
-0.011508
-0.035675
-0.008919
0.002302
0.002302
0.002302
0.002302
0.002302
0.002302
0.002302
0.002302
0.002302
0.002302
0.002302
0.002302
0.002302
0.002302
0.002302
0.002302
0.002302
0.002302
0.002302
-0.560941
-0.554893
-0.493881
-0.557522
-0.560941
-0.560941
-0.560941
-0.560941
-0.543409
-0.531487
-0.545513
-0.560941
-0.560941
-0.560941
-0.560941
-0.542532
-0.537799
-0.544636
-0.560941
-0.560941
-0.560941
-0.560941
-0.544812
-0.382113
-0.516760
-0.488884
-0.507994
-0.549370
-0.560941
-0.548844
-0.426820
-0.540955
-0.538851
-0.549370
-0.512728
-0.471177
-0.489761
-0.550422
-0.472229
-0.089063
-0.322153
-0.529033
-0.560941
-0.550422
-0.558837
-0.421035
-0.109664
-0.224850
-0.311283
0.156387
-0.158315
-0.310845
-0.307163
0.100109
-0.101862
-0.501945
-0.560941
-0.560941
-0.530260
-0.295767
1.003803
1.034748
0.177513
0.443914
0.849433
0.536659
0.223009
0.422525
0.129037
-0.444703
-0.560941
-0.560941
-0.460394
0.164452
0.864686
0.556032
0.966548
0.699358
0.561292
0.675339
0.617132
0.834969
0.688488
-0.378169
-0.560941
-0.560941
-0.351520
0.742925
1.182894
0.358094
0.542270
0.294014
0.322329
0.441810
0.635979
0.979434
1.170973
-0.309092
-0.560941
-0.560941
-0.394210
1.089886
1.916966
0.694799
0.530611
0.447333
0.389828
0.682352
0.933237
1.247325
1.329726
-0.277359
-0.560941
-0.560941
-0.466268
-0.233704
1.438163
0.645534
0.818313
0.947262
1.050001
1.156158
0.501420
0.624583
0.970405
-0.387724
-0.560941
-0.560941
-0.560941
-0.422437
-0.470125
-0.318296
0.015078
1.048248
1.061309
0.561555
-0.351695
-0.390353
-0.480819
-0.463112
-0.560941
-0.556558
-0.553578
-0.557084
-0.560941
-0.536396
-0.452592
-0.416476
-0.375626
-0.455047
-0.480907
-0.535169
-0.547441
-0.560941
-0.549984
-0.520968
-0.472754
-0.533679
-0.551211
-0.555331
-0.554630
-0.549195
-0.549721
-0.546127
-0.521845
-0.370630
-0.525088
-0.549370
-0.550860
-0.412006
-0.337845
-0.479154
-0.530435
-0.537448
-0.555769
-0.512202
-0.513955
-0.548581
-0.430853
-0.458290
-0.386584
-0.540604
-0.552175
-0.529033
-0.363880
-0.492040
-0.553402
-0.559013
-0.555857
-0.556733
-0.557084
-0.549019
-0.553928
-0.527367
-0.397629
-0.543497
-0.382418
-0.382418
-0.382418
-0.382418
-0.382418
-0.382418
-0.382418
-0.380171
-0.369109
-0.379998
-0.382418
-0.382418
-0.382418
-0.382418
-0.382418
-0.382418
-0.382418
-0.382418
-0.382418
-0.382418
-0.382418
-0.371701
-0.338342
-0.373948
-0.373430
-0.323564
-0.339466
-0.376368
-0.382418
-0.382418
-0.382418
-0.382418
-0.382418
-0.382418
-0.382418
-0.379134
-0.377751
-0.381035
-0.339552
-0.175955
-0.218389
-0.357614
-0.382418
-0.382418
-0.382418
-0.382418
-0.382418
-0.382418
-0.382418
-0.382418
-0.382418
-0.382418
-0.369281
-0.339466
-0.293489
-0.332984
-0.382418
-0.382418
-0.382418
-0.382418
-0.382418
-0.382418
-0.382418
-0.382418
-0.382418
-0.382418
-0.382418
-0.377492
-0.348627
-0.270155
-0.382418
-0.381294
-0.349923
-0.205684
-0.221500
-0.358219
-0.382418
-0.382418
-0.382418
-0.382418
-0.382418
-0.382418
-0.374207
-0.370751
-0.382418
-0.377059
-0.237142
0.235846
0.155733
-0.297724
-0.382418
-0.382418
-0.382418
-0.382418
-0.382418
-0.382418
-0.382418
-0.382418
-0.382418
-0.380776
-0.342318
-0.295218
-0.319848
-0.368590
-0.382418
-0.382418
-0.382418
-0.382418
-0.382418
-0.365565
-0.282600
-0.364269
-0.382418
-0.382418
-0.379047
-0.362454
-0.378788
-0.382418
-0.382418
-0.382418
-0.382418
-0.382418
-0.382418
-0.302045
-0.051853
-0.318897
-0.382418
-0.382418
-0.366343
-0.296082
-0.249933
-0.360639
-0.362195
-0.252525
-0.300749
-0.371528
-0.382418
-0.357787
-0.347417
-0.372047
-0.382418
-0.382418
-0.377492
-0.278970
0.035433
-0.193067
-0.265402
0.062483
-0.107855
-0.344305
-0.382418
-0.382418
-0.382418
-0.382418
-0.382418
-0.373430
-0.329182
-0.339812
-0.221500
0.064989
-0.208018
-0.281390
-0.301959
-0.347762
-0.331169
-0.360639
-0.368763
-0.315873
-0.382418
-0.339552
-0.206117
-0.332466
-0.250883
-0.127559
-0.121250
-0.224006
-0.222537
-0.275427
-0.208969
-0.308700
-0.320367
-0.162041
-0.382418
-0.369281
-0.363750
-0.371961
-0.363923
-0.349232
-0.350009
-0.357010
-0.362368
-0.362108
-0.361417
-0.372911
-0.364615
-0.359084
3.077610
3.077610
3.077610
3.077610
3.077610
3.077610
3.077610
3.077610
3.077610
3.077610
3.077610
3.077610
3.077610
3.077610
3.077610
3.077610
3.077610
3.077610
3.077610
3.077610
3.077610
3.077610
3.077610
3.077610
3.077610
3.077610
3.077610
3.077610
3.077610
3.077610
3.077610
3.077610
3.077610
3.077610
3.077610
3.077610
3.077610
3.077610
3.077610
3.077610
3.077610
3.077610
3.077610
3.077610
3.077610
3.077610
3.077610
3.077610
3.077610
3.077610
3.077610
3.077610
3.077610
3.077610
3.077610
3.077610
3.077610
3.077610
3.077610
3.077610
3.077610
3.077610
3.077610
3.077610
3.077610
3.077610
3.077610
3.077610
3.077610
3.077610
3.077610
3.077610
3.077610
3.077610
3.077610
3.077610
3.077610
3.077610
3.077610
3.077610
3.077610
3.077610
3.077610
3.077610
3.077610
3.077610
3.077610
3.077610
3.077610
3.077610
3.077610
3.077610
3.077610
3.077610
3.077610
3.077610
3.077610
3.077610
3.077610
3.077610
3.077610
3.077610
3.077610
3.077610
3.077610
3.077610
3.077610
3.077610
3.077610
3.077610
3.077610
3.077610
3.077610
3.077610
3.077610
3.077610
3.077610
3.077610
3.077610
3.077610
3.077610
3.077610
3.077610
3.077610
3.077610
3.077610
3.077610
3.077610
3.077610
3.077610
3.077610
3.077610
3.077610
3.077610
3.077610
3.077610
3.077610
3.077610
3.077610
3.077610
3.077610
3.077610
3.077610
3.077610
3.077610
3.077610
3.077610
3.077610
3.077610
3.077610
3.077610
3.077610
3.077610
3.077610
3.077610
3.077610
3.077610
3.077610
3.077610
3.077610
3.077610
3.077610
3.077610
3.077610
3.077610
3.077610
3.077610
3.077610
3.077610
3.077610
3.077610
3.077610
3.077610
3.077610
3.077610
3.077610
3.077610
3.077610
3.077610
3.077610
3.077610
3.077610
3.077610
3.077610
3.077610
3.077610
3.077610
3.077610
3.077610
3.077610
3.077610
3.077610
3.077610
3.077610
3.077610
3.077610
1.083326
0.683159
0.653476
0.793277
0.916645
1.046136
1.119963
1.148816
1.132833
1.135289
1.036380
0.889107
0.943456
1.222089
0.863644
0.348862
0.359068
0.525922
0.667764
0.604523
0.373459
0.005501
-0.028230
0.221585
0.462751
0.551212
0.665135
0.991717
0.703605
0.400029
0.550693
0.679803
0.444692
-0.311914
-1.147674
-1.411223
-1.360921
-1.098859
-0.507863
0.172148
0.521874
0.938924
0.632303
0.439987
0.723567
0.637770
-0.341216
-1.681830
-1.941262
-1.122488
-0.924429
-1.258864
-1.456440
-0.974108
0.164122
0.869318
0.637320
0.526268
0.715575
0.117487
-1.354555
-1.756452
-0.820676
-0.068984
0.172978
-0.176057
-1.045547
-1.525976
-0.426114
0.728133
0.675894
0.555190
0.594525
-0.475620
-1.429040
-0.725262
0.112851
0.492606
0.580306
0.440333
-0.111294
-0.847073
-0.660949
0.589440
0.676275
0.588748
0.399614
-0.658423
-0.857555
-0.117383
0.468632
0.566537
0.560552
0.576881
0.401517
-0.369550
-0.694610
0.574840
0.658977
0.573249
0.531527
-0.439675
-0.756640
0.099186
0.511461
0.609920
0.605423
0.605423
0.454863
-0.379825
-0.792654
0.604212
0.636870
0.526614
0.724674
-0.024632
-0.822372
-0.436839
0.282196
0.583524
0.576190
0.393456
-0.293543
-0.939789
-0.837109
0.596013
0.609228
0.440748
0.752281
0.468839
-0.831816
-1.014170
-0.375362
0.047015
-0.024390
-0.682882
-1.311657
-1.800769
-0.259467
0.718101
0.570447
0.353152
0.612653
0.642855
0.098943
-0.891320
-0.983760
-0.859112
-1.215273
-1.592746
-1.783852
-0.541455
0.328278
0.778747
0.530939
0.238052
0.469185
0.660153
0.520525
0.105205
-0.514263
-1.002926
-1.246064
-1.035722
-0.418468
0.252963
0.566468
0.841019
0.453479
0.103026
0.080988
0.312433
0.374705
0.292160
0.127796
-0.081126
-0.127623
-0.046669
0.137725
0.220201
0.373805
0.696236
0.976426
0.228123
0.364603
0.491534
0.559445
0.590304
0.671673
0.722460
0.686965
0.655690
0.583455
0.470500
0.499284
1.048281
1.028390
2.193909
2.134882
2.079460
1.958703
1.909739
1.947288
2.023737
2.069547
2.072852
2.003912
2.070448
2.246178
1.649149
1.769907
2.667627
2.584569
2.486190
2.483637
2.390065
2.114756
2.327884
2.409290
2.300999
2.487843
2.708030
2.704124
2.252185
1.684896
2.360326
2.207127
2.198565
2.157712
2.098385
1.848009
0.723343
1.577806
1.919051
2.186099
2.246478
2.462159
2.088472
1.671679
2.351164
2.271260
2.242122
2.362579
1.455697
0.913190
1.101986
1.683094
1.572700
2.081263
2.269458
2.454799
2.248430
1.703971
2.276817
2.231008
2.410492
1.808807
1.283122
1.793337
1.496701
1.559182
1.884656
1.823076
1.839748
2.070148
2.293940
1.700066
2.249482
2.200969
2.089674
1.012169
1.461255
1.457650
1.491894
1.491444
1.528993
1.657560
1.402979
1.064588
2.290485
1.696761
2.288533
2.300999
1.382852
0.762394
1.607095
1.521032
1.546265
1.587719
1.632328
1.592826
1.796792
1.297841
2.261197
1.661165
2.251735
2.308208
2.028244
0.967711
1.674532
1.527941
1.523586
1.559633
1.580960
1.639537
1.531696
1.757290
2.174234
1.698263
2.245577
2.230857
2.396223
0.681138
1.590122
1.611450
1.549119
1.641189
1.627972
1.948940
1.241818
1.366931
2.368437
1.664770
2.287632
2.244976
2.323228
2.020734
1.173480
1.407785
1.566091
1.563238
1.798144
1.778168
2.131278
2.364682
2.156361
1.714785
2.334493
2.320374
2.314366
2.293339
1.878799
1.602439
1.187448
1.109046
1.670027
2.115507
2.223198
2.451495
2.218542
1.757891
2.494151
2.358073
2.269908
2.293039
2.392318
1.960505
1.296940
1.402378
2.037706
2.138788
2.414247
2.570450
2.152305
1.786578
2.437677
2.473274
2.375797
2.333591
2.347560
2.296493
2.230257
2.366935
2.279371
2.398476
2.503313
2.625272
2.152756
1.567142
2.675287
2.526142
2.449693
2.447290
2.402531
2.331639
2.411092
2.361979
2.375346
2.373544
2.433171
2.710733
2.181143
1.906483
1.906483
1.906483
1.906483
1.906483
1.906483
1.906483
1.906483
1.906483
1.906483
1.906483
1.906483
1.906483
1.906483
1.906483
1.906483
1.906483
1.906483
1.906483
1.906483
1.906483
1.906483
1.906483
1.906483
1.906483
1.906483
1.906483
1.906483
1.906483
1.906483
1.906483
1.906483
1.906483
1.906483
1.906483
1.906483
1.906483
1.906483
1.906483
1.906483
1.906483
1.906483
1.906483
1.906483
1.906483
1.906483
1.906483
1.906483
1.906483
1.906483
1.906483
1.906483
1.906483
1.906483
1.906483
1.906483
1.906483
1.906483
1.906483
1.906483
1.906483
1.906483
1.906483
1.906483
1.906483
1.906483
1.906483
1.895509
1.891038
1.897542
1.906483
1.906483
1.906483
1.906483
1.906483
1.906483
1.906483
1.906483
1.906483
1.906483
1.906483
1.890124
1.880572
1.894900
1.906483
1.906483
1.906483
1.906483
1.906483
1.906483
1.906483
1.906483
1.906483
1.906483
1.906483
1.897237
1.891140
1.900793
1.906483
1.906483
1.906483
1.906483
1.906483
1.906483
1.906483
1.906483
1.906483
1.906483
1.906483
1.906483
1.906483
1.906483
1.906483
1.906483
1.906483
1.906483
1.906483
1.906483
1.906483
1.906483
1.906483
1.906483
1.906483
1.906483
1.906483
1.906483
1.906483
1.906483
1.906483
1.906483
1.906483
1.906483
1.906483
1.906483
1.906483
1.906483
1.906483
1.906483
1.906483
1.906483
1.906483
1.906483
1.906483
1.906483
1.906483
1.906483
1.906483
1.906483
1.906483
1.906483
1.906483
1.906483
1.906483
1.906483
1.906483
1.906483
1.906483
1.906483
1.906483
1.906483
1.906483
1.906483
1.906483
1.906483
1.906483
1.906483
1.906483
1.906483
1.906483
1.906483
1.906483
1.906483
1.906483
1.906483
1.906483
1.906483
1.906483
1.906483
1.906483
1.906483
1.906483
1.906483
1.906483
1.906483
1.906483
1.906483
1.906483
1.906483
1.906483
1.906483
1.906483
1.906483
1.906483
1.906483
1.906483
1.906483
4.529281
4.529281
4.529281
4.529281
4.529281
4.529281
4.529281
4.529281
4.529281
4.529281
4.529281
4.529281
4.529281
4.529281
4.529281
4.529281
4.529281
4.529281
4.529281
4.505960
4.534463
4.471435
4.452763
4.513428
4.459012
4.526994
4.529281
4.529281
4.529281
4.529281
4.529281
4.529281
4.501844
4.501158
4.206670
4.505426
3.929939
3.414585
4.495366
4.501844
4.529281
4.529281
4.529281
4.529281
4.529281
4.529281
4.527756
4.141583
4.141964
4.486906
4.292181
3.363751
4.035038
4.555650
4.529281
4.529281
4.529281
4.529281
4.529281
4.529281
4.500319
4.521964
4.528671
4.474559
4.445980
4.566778
4.452610
4.485687
4.529281
4.529281
4.529281
4.529281
4.529281
4.529281
4.529281
4.529281
4.529281
4.529281
4.529281
4.529281
4.529281
4.529281
4.529281
4.529281
4.529281
4.529281
4.529281
4.529281
4.529281
4.529281
4.529281
4.529281
4.529281
4.529281
4.529281
4.529281
4.529281
4.529281
4.529281
4.529281
4.529281
4.529281
4.529281
4.529281
4.529281
4.529281
4.529281
4.529281
4.529281
4.529281
4.529281
4.529281
4.529281
4.529281
4.529281
4.529281
4.492241
4.537512
4.498414
4.529281
4.529281
4.529281
4.529281
4.529281
4.529281
4.529281
4.529281
4.529281
4.529281
4.529281
4.490183
4.005924
4.539036
4.492698
4.529281
4.512819
4.532939
4.515562
4.529281
4.529281
4.529281
4.529281
4.529281
4.529281
4.488125
4.076192
3.906694
4.547877
4.509618
4.507789
4.312530
4.542999
4.529281
4.529281
4.529281
4.529281
4.529281
4.529281
4.490183
4.519983
4.526232
4.076879
4.229305
4.532482
4.545743
4.509161
4.529281
4.529281
4.529281
4.529281
4.529281
4.529281
4.529281
4.529281
4.497424
4.533396
4.517087
4.499100
4.529281
4.529281
4.529281
4.529281
4.529281
4.529281
4.529281
4.529281
4.529281
4.529281
4.529281
4.529281
4.529281
4.529281
4.529281
4.529281
4.529281
4.529281
4.832659
4.832659
4.825485
4.527793
4.379305
4.389348
4.830507
4.832659
4.832659
4.832659
4.832659
4.825485
4.538553
4.831224
4.832659
4.832659
4.887176
4.944562
5.009840
4.953170
4.907979
4.832659
4.832659
4.970387
4.835528
5.030642
4.862787
4.882872
4.832659
4.832659
4.832659
4.832659
4.832659
4.832659
4.832659
4.832659
5.039250
4.891480
4.461082
4.901523
4.832659
4.832659
4.832659
4.832659
4.832659
4.832659
4.832659
4.832659
4.832659
4.832659
4.811139
4.258794
4.598809
5.146850
4.832659
4.832659
4.832659
4.832659
4.832659
4.832659
4.832659
4.832659
4.832659
4.832659
4.996210
4.956040
4.131109
4.878568
4.832659
4.832659
4.832659
4.832659
4.832659
4.832659
4.832659
4.832659
4.832659
4.832659
4.832659
4.996210
4.923042
4.983298
4.832659
4.832659
4.832659
4.832659
4.832659
4.832659
4.832659
4.832659
4.832659
4.832659
4.832659
4.832659
4.832659
4.832659
4.832659
4.832659
4.832659
4.832659
4.832659
4.832659
4.832659
4.832659
4.832659
4.832659
4.832659
4.832659
4.832659
4.832659
4.832659
4.832659
4.832659
4.832659
4.832659
4.832659
4.832659
4.832659
4.832659
4.832659
4.867091
4.833376
4.868526
4.832659
4.832659
4.832659
4.832659
4.832659
4.832659
4.832659
4.832659
4.867091
5.349854
5.326900
5.617419
5.156892
5.083007
4.832659
4.832659
4.832659
4.832659
4.832659
4.832659
4.832659
4.832659
4.829072
4.631806
2.579522
2.912364
3.843459
4.853461
4.868526
4.832659
4.832659
4.832659
4.832659
4.832659
4.832659
4.832659
4.859917
5.256601
5.438086
5.595899
5.260905
4.861352
4.831942
4.832659
4.832659
4.832659
4.832659
4.832659
4.832659
4.832659
4.832659
4.832659
4.832659
4.832659
4.859917
4.847723
4.857765
4.832659
4.832659
4.832659
4.832659
4.832659
4.832659
4.832659
4.832659
4.832659
4.832659
4.832659
4.832659
4.832659
4.832659
4.832659
4.832659
-0.473838
-0.989008
-1.107490
-1.198115
-1.254010
-1.271104
-1.340294
-1.347620
-1.343550
-1.312346
-1.259708
-1.219551
-1.142492
-1.257266
-0.600279
-1.211501
-1.314788
-1.354765
-1.385335
-1.400620
-1.432366
-1.439421
-1.435893
-1.418257
-1.391214
-1.365347
-1.329621
-1.336133
-1.290549
-1.490612
-1.554647
-1.554647
-1.554647
-1.554647
-1.554647
-1.554647
-1.554647
-1.554647
-1.554647
-1.554647
-1.544065
-1.522901
-1.487356
-1.545060
-1.554647
-1.554647
-1.554647
-1.554647
-1.554647
-1.554647
-1.554647
-1.554647
-1.554647
-1.554647
-1.554647
-1.554647
-1.533483
-1.549944
-1.554647
-1.554647
-1.554647
-1.554647
-1.554647
-1.554647
-1.554647
-1.554647
-1.554647
-1.554647
-1.554647
-1.554647
-1.554647
-1.554647
-1.554647
-1.554647
-1.554647
-1.554647
-1.554647
-1.554647
-1.554647
-1.554647
-1.554647
-1.554647
-1.495858
-1.522991
-1.554647
-1.554647
-1.554647
-1.554647
-1.554647
-1.554647
-1.554647
-1.554647
-1.554647
-1.554647
-1.554647
-1.548768
-1.428477
-1.273636
-1.554647
-1.554647
-1.554647
-1.554647
-1.554647
-1.554647
-1.554647
-1.554647
-1.554647
-1.554647
-1.554647
-1.550577
-1.409936
-1.107671
-1.548316
-1.542527
-1.554647
-1.554647
-1.554647
-1.554647
-1.554647
-1.554647
-1.554647
-1.554647
-1.554647
-1.551119
-1.468453
-1.285665
-1.505355
-1.543703
-1.554647
-1.554647
-1.554647
-1.554647
-1.554647
-1.554647
-1.554647
-1.554647
-1.554647
-1.554647
-1.532940
-1.478673
-1.504088
-1.535382
-1.554647
-1.554647
-1.554647
-1.554647
-1.319492
-1.428025
-1.312256
-1.554647
-1.554647
-1.554647
-1.551119
-1.544065
-1.472614
-1.498933
-1.554647
-1.554647
-1.554647
-1.554647
-1.391847
-0.632115
-1.456967
-1.554647
-1.554647
-1.554647
-1.554647
-1.554647
-1.348976
-1.530408
-1.554647
-1.554647
-1.554647
-1.554647
-1.413553
-1.131367
-1.460585
-1.554647
-1.554647
-1.554647
-1.554647
-1.554647
-1.469991
-1.535834
-1.554647
-1.554647
-1.554647
-1.554647
-1.554647
-1.554647
-1.554647
-1.554647
-1.554647
-1.554647
-1.554647
-1.554647
-0.924839
-0.924839
-0.924839
-0.924839
-0.924839
-0.924839
-0.924839
-0.924839
-0.924839
-0.924839
-0.924839
-0.924839
-0.924839
-0.924839
-0.924839
-0.924839
-0.924839
-0.924839
-0.924839
-0.924839
-0.924839
-0.924839
-0.924839
-0.924839
-0.924839
-0.924839
-0.924839
-0.924839
-0.924839
-0.924839
-0.924839
-0.924839
-0.924839
-0.924839
-0.924839
-0.924839
-0.924839
-0.924839
-0.924839
-0.924839
-0.924839
-0.924839
-0.924839
-0.924839
-0.924839
-0.918142
-0.908097
-0.921119
-0.924839
-0.924839
-0.924839
-0.924839
-0.916468
-0.903911
-0.920188
-0.924839
-0.924839
-0.924839
-0.924839
-0.908469
-0.829965
-0.907353
-0.924839
-0.924839
-0.924839
-0.924839
-0.897679
-0.684026
-0.635565
-0.866240
-0.924839
-0.924839
-0.869589
-0.743927
-0.785504
-0.900656
-0.924839
-0.924839
-0.924839
-0.924839
-0.905213
-0.489905
0.769227
-0.609428
-0.924839
-0.924839
-0.789783
-0.005395
-0.115058
-0.798526
-0.924839
-0.924839
-0.924839
-0.924839
-0.922235
-0.676212
0.284437
-0.694536
-0.924839
-0.924839
-0.903353
-0.678910
-0.143242
-0.774993
-0.924839
-0.924839
-0.924839
-0.924839
-0.847824
-0.521437
-0.148078
-0.773877
-0.924839
-0.924839
-0.924839
-0.742067
0.094688
-0.734904
-0.924839
-0.924839
-0.924839
-0.924839
-0.736579
0.482278
1.083800
-0.590454
-0.924839
-0.924839
-0.924839
-0.898144
-0.840940
-0.905771
-0.924839
-0.924839
-0.924839
-0.924839
-0.894889
-0.781877
-0.749973
-0.889959
-0.924839
-0.924839
-0.924839
-0.924839
-0.924839
-0.924839
-0.924839
-0.924839
-0.924839
-0.924839
-0.924839
-0.924839
-0.924839
-0.924839
-0.924839
-0.924839
-0.924839
-0.924839
-0.924839
-0.924839
-0.924839
-0.924839
-0.924839
-0.924839
-0.924839
-0.924839
-0.924839
-0.924839
-0.924839
-0.924839
-0.924839
-0.924839
-0.924839
-0.924839
-0.924839
-0.924839
-0.924839
-0.924839
-0.924839
-0.924839
-0.924839
-0.924839
-0.924839
-0.924839
-0.924839
-0.924839
-0.924839
-0.924839
-0.924839
-0.924839
-0.924839
-0.924839
-0.924839
-0.924839
-0.924839
-0.924839
-1.230240
-1.186067
-1.120880
-1.198933
-1.230240
-1.230240
-1.230240
-1.230240
-1.181350
-1.119594
-1.190356
-1.230240
-1.230240
-1.230240
-1.230240
-1.213086
-1.209226
-1.216946
-1.230240
-1.230240
-1.230240
-1.230240
-1.097721
-0.889122
-1.103554
-1.212228
-1.227582
-1.230240
-1.230240
-1.230240
-1.230240
-1.230240
-1.230240
-1.230240
-1.230240
-1.230240
-1.178777
-1.131859
-1.094033
-1.183323
-1.223979
-1.230240
-1.230240
-1.230240
-1.230240
-1.230240
-1.230240
-1.230240
-1.230240
-1.230240
-1.230240
-1.216517
-1.209998
-1.215402
-1.227582
-1.230240
-1.230240
-1.230240
-1.230240
-1.230240
-1.230240
-1.230240
-1.230240
-1.230240
-1.230240
-1.230240
-1.230240
-1.230240
-1.230240
-1.230240
-1.230240
-1.230240
-1.230240
-1.230240
-1.230240
-1.230240
-1.230240
-1.230240
-1.230240
-1.230240
-1.230240
-1.230240
-1.230240
-1.230240
-1.230240
-1.230240
-1.230240
-1.230240
-1.230240
-1.230240
-1.230240
-1.230240
-1.230240
-1.230240
-1.230240
-1.230240
-1.230240
-1.230240
-1.230240
-1.230240
-1.230240
-1.230240
-1.230240
-1.230240
-1.230240
-1.230240
-1.230240
-1.230240
-1.230240
-1.230240
-1.230240
-1.230240
-1.230240
-1.230240
-1.230240
-1.230240
-1.230240
-1.230240
-1.230240
-1.230240
-1.230240
-1.230240
-1.230240
-1.230240
-1.230240
-1.230240
-1.230240
-1.230240
-1.230240
-1.230240
-1.230240
-1.230240
-1.230240
-1.230240
-1.230240
-1.230240
-1.230240
-1.230240
-1.230240
-1.230240
-1.230240
-1.230240
-1.230240
-1.230240
-1.230240
-1.230240
-1.230240
-1.230240
-1.230240
-1.230240
-1.230240
-1.230240
-1.230240
-1.230240
-1.230240
-1.230240
-1.230240
-1.230240
-1.230240
-1.213944
-1.193358
-1.194130
-1.175346
-1.204251
-1.227582
-1.230240
-1.230240
-1.230240
-1.230240
-1.230240
-1.230240
-1.230240
-1.230240
-1.186067
-1.120880
-1.137091
-1.068301
-1.164538
-1.223979
-1.230240
-1.230240
-1.230240
-1.230240
-1.230240
-1.230240
-1.230240
-1.230240
-1.213086
-1.209226
-1.192929
-1.197389
-1.207425
-1.227582
-1.230240
-1.230240
-1.230240
0.047118
0.148603
0.032413
0.025371
-0.039455
-0.161340
-0.203901
-0.135762
-0.006628
0.019158
-0.038419
-0.139386
-0.306111
-0.145703
0.620817
0.442494
0.250709
0.089679
0.181637
0.067104
-0.173042
-0.113601
-0.193960
-0.189196
0.070625
0.085744
0.071143
0.021540
0.235693
-0.068657
-0.203073
-0.272766
0.008595
-0.360374
-0.992893
-1.055130
-1.053783
-1.023027
-0.874735
-0.492408
0.102934
-0.223784
0.300208
-0.050742
-0.181015
-0.094546
0.132241
-0.646188
-0.955509
-0.891511
-0.872768
-0.876910
-0.597102
-0.815812
-0.057784
-0.198620
0.356025
0.092061
-0.110805
-0.403764
-0.994549
-0.898450
-0.422404
-0.057059
-0.011495
-0.279704
-0.565621
-0.737006
-0.776875
-0.201209
0.278565
0.088540
-0.073110
-0.533105
-0.941115
-0.353643
-0.109976
-0.343184
-0.315120
-0.395169
-0.297930
-0.455645
0.087815
-0.344737
0.300726
0.018226
-0.241699
-0.833831
-0.944325
-0.046186
-0.359649
-0.546567
-0.349294
-0.403453
-0.227201
-0.993514
-0.903628
-0.008699
0.300001
0.020297
-0.391751
-1.006769
-1.033590
-0.699001
-0.487748
-0.525856
-0.401589
-0.438973
-0.077460
-1.011947
-0.897000
0.099310
0.322783
-0.141457
-0.100138
-0.954473
-1.050573
-1.000556
-0.292959
-0.212289
-0.152641
0.111012
-0.421161
-0.996931
-0.772422
0.124163
0.245013
-0.134001
-0.200898
-0.536833
-1.015882
-1.061654
-0.981501
-0.147256
-0.082948
-0.148810
-0.990200
-0.825650
0.152641
0.118468
0.246049
-0.139800
-0.298241
-0.408113
-0.743013
-0.904145
-0.934384
-1.029137
-1.015778
-0.665035
-0.823372
-0.204419
0.368348
-0.144253
0.221402
-0.064722
-0.309114
-0.459684
-0.141561
-0.176459
-0.150984
-0.791994
-0.756889
-0.691338
0.121471
-0.004867
0.057888
-0.186607
0.264689
0.027753
-0.036244
-0.244909
-0.135658
0.053953
0.118675
0.294616
0.619160
0.354161
0.127374
-0.114429
-0.016569
-0.198413
0.318020
0.424372
0.013462
-0.072178
-0.084605
-0.158440
-0.126027
-0.103866
-0.173352
-0.092786
-0.139386
-0.237246
0.080463
-0.170556
2.091206
0.694323
0.122142
-0.092688
-0.317429
-0.583767
-0.782125
-0.792594
-0.936652
-0.798178
-0.509924
0.036154
0.927300
2.535801
1.688208
0.340461
-0.327620
-0.443898
-0.662357
-1.133195
-1.519722
-1.709983
-1.371616
-0.593120
-0.116139
-0.188028
0.018147
1.617017
1.225046
0.099807
-0.134147
0.057651
0.182166
0.175466
-1.398976
-3.408800
-2.320273
0.020380
1.529354
1.080570
-0.115441
0.763002
1.410562
0.213016
-0.103436
0.408163
1.458163
1.270692
-0.478796
-2.590799
-2.010103
0.373265
2.422593
2.603503
0.439012
0.597448
1.473098
0.174907
-0.163600
1.075126
2.823497
2.007591
-0.256148
-0.420167
-0.428123
0.131076
0.917389
1.452858
-0.109578
-0.024847
1.450206
0.006979
-0.032105
1.411679
1.993771
-0.140707
0.207013
0.801250
1.133056
0.948099
0.037271
-1.951056
-3.010967
-0.956893
1.435409
-0.170440
-0.102599
0.611546
-0.719171
-0.827632
0.152433
1.255058
1.444483
0.920739
-0.609313
-2.705822
-3.509863
-1.417681
1.419077
-0.308495
-0.557664
1.214298
0.707585
-1.772520
-0.601914
1.022221
1.306009
0.792874
-1.328622
-2.218651
-2.899015
-1.533401
1.455789
-0.183841
-1.127891
-0.727545
-0.812138
-2.759285
-1.397719
0.113906
0.543984
-0.056255
-1.765819
-4.736726
-4.678375
-1.366172
1.389763
-0.047880
-0.874116
-1.279347
-1.773637
-2.477173
-1.999913
-1.223650
-0.542449
-0.604288
-1.325272
-1.001701
-2.330463
-0.814371
1.322062
-0.016611
-0.309472
-0.286021
-0.258243
-0.728523
-2.139643
-2.545990
-2.092042
-1.106115
-0.197381
-0.432312
-1.174793
0.018426
1.019429
-0.285044
-0.473072
-0.356933
-0.480889
-0.985648
-1.764703
-2.423989
-2.130710
-1.276694
-1.054467
-1.253243
-1.419077
0.029872
0.630251
-0.759093
-1.177725
-1.117980
-1.324016
-1.503529
-1.541078
-1.745300
-1.890614
-1.806859
-1.667548
-1.681926
-1.652053
-0.160250
1.220579
-0.188447
-0.532398
-0.396716
-0.435382
-0.599122
-0.878024
-0.990534
-0.991930
-0.804599
-0.517601
-0.633461
-0.678410
1.068286
4.643014
4.159810
3.825552
3.926164
3.913842
3.949014
3.947818
4.008353
3.990169
3.881421
3.891111
3.915875
3.975693
4.970693
4.434969
4.310191
3.975334
3.996868
3.954039
4.167826
4.425877
4.367615
4.482464
4.225011
3.930351
3.901759
4.064581
4.426715
4.042808
4.323590
4.127868
4.133251
4.133730
4.248340
4.391183
5.102410
4.259107
3.818852
4.027136
4.298586
3.809042
4.467629
4.162083
4.316531
4.023307
4.153589
4.179669
5.185317
5.345268
4.735850
4.616216
4.529480
4.030365
4.843521
4.090662
4.381732
4.217833
4.157417
4.020197
4.419537
4.850101
4.832874
4.385919
3.534242
3.798873
4.204793
4.894246
4.045918
4.427911
4.531754
4.210296
4.201921
4.142463
4.729509
4.509621
4.977392
3.589752
4.077143
4.072597
3.883455
4.345004
4.294758
4.745182
4.550416
4.208023
4.186728
4.196538
3.879507
4.109683
3.904869
3.966002
4.098318
4.075348
4.136601
4.114947
4.760136
4.544913
4.263174
4.204912
4.236616
4.274779
4.282316
4.477679
4.140788
4.068050
4.112674
4.108367
4.085996
4.024384
4.251689
4.470621
4.213407
4.203357
4.239367
4.047114
4.630452
4.587144
4.787532
3.609611
3.895537
4.069486
3.765255
4.428509
5.275043
4.581641
4.473611
4.174406
4.274420
3.980837
4.484737
4.959686
4.880727
4.892571
4.037544
3.838592
4.360318
4.881924
5.264395
4.232189
4.453872
4.175961
4.319283
4.130619
4.070323
4.355532
4.437960
4.197734
4.073075
4.487728
4.398122
4.481627
4.413794
3.964686
4.530199
4.140908
4.300620
4.096643
4.068050
4.043884
4.701396
4.571592
4.916738
5.008018
4.494428
4.446574
4.205989
3.946502
4.346560
4.405061
4.383766
4.117101
4.237214
4.262576
4.221900
4.280880
4.291528
3.853067
4.045320
4.112195
4.255518
4.093892
4.492155
4.491198
3.879746
3.663925
3.759154
3.677803
3.763940
3.761786
3.732117
3.813349
3.754967
3.748028
3.769682
3.575157
4.588341
-0.306069
-0.306069
-0.306069
-0.306069
-0.306069
-0.306069
-0.306069
-0.306069
-0.306069
-0.306069
-0.306069
-0.306069
-0.273002
0.031493
-0.306069
-0.306069
-0.306069
-0.306069
-0.306069
-0.306069
-0.306069
-0.306069
-0.306069
-0.302133
-0.297409
-0.299771
-0.279891
-0.319847
-0.306069
-0.306069
-0.306069
-0.306069
-0.306069
-0.306069
-0.306069
-0.306069
-0.306069
-0.283237
-0.104516
-0.290323
-0.306069
-0.306069
-0.306069
-0.306069
-0.306069
-0.306069
-0.306069
-0.306069
-0.306069
-0.306069
-0.306069
-0.272215
-0.121050
-0.282450
-0.306069
-0.306069
-0.306069
-0.306069
-0.306069
-0.306069
-0.306069
-0.306069
-0.306069
-0.306069
-0.306069
-0.291110
-0.313942
-0.291898
-0.306069
-0.306069
-0.306069
-0.306069
-0.291799
-0.260897
-0.252925
-0.284024
-0.306069
-0.306069
-0.306069
-0.306069
-0.303117
-0.285796
-0.271034
-0.284024
-0.306069
-0.306069
-0.237573
0.459301
0.403303
-0.273002
-0.306069
-0.306069
-0.306069
-0.306069
-0.280580
-0.050191
0.438634
-0.240722
-0.306069
-0.306069
-0.251843
-0.282253
-0.282253
-0.256468
-0.306069
-0.306069
-0.306069
-0.306069
-0.240525
0.391788
0.692740
-0.208048
-0.306069
-0.306069
-0.306069
-0.306069
-0.306069
-0.306069
-0.306069
-0.306069
-0.306069
-0.306069
-0.263062
-0.252040
-0.305676
-0.233439
-0.306069
-0.306069
-0.306069
-0.306069
-0.306069
-0.306069
-0.306069
-0.306069
-0.306069
-0.306069
-0.306069
-0.306069
-0.306069
-0.306069
-0.306069
-0.306069
-0.306069
-0.306069
-0.306069
-0.306069
-0.306069
-0.306069
-0.306069
-0.306069
-0.306069
-0.306069
-0.306069
-0.306069
-0.306069
-0.306069
-0.306069
-0.306069
-0.306069
-0.306069
-0.306069
-0.306069
-0.306069
-0.306069
-0.306069
-0.306069
-0.302625
-0.298491
-0.282745
-0.269951
-0.278907
-0.294948
-0.298393
-0.295244
-0.292193
-0.292685
-0.291406
-0.292291
-0.294358
-0.290323
-0.252433
-0.088376
0.032870
0.233341
-0.078929
-0.197813
-0.260700
-0.124298
-0.163073
-0.141323
-0.137780
-0.123117
-0.211296
-0.124790
0.134336
0.547480
-0.784925
-0.784925
-0.784925
-0.784925
-0.784925
-0.784925
-0.784925
-0.784925
-0.784925
-0.784925
-0.784925
-0.784925
-0.784925
-0.784925
-0.784925
-0.784925
-0.784925
-0.784925
-0.784925
-0.784925
-0.784925
-0.784925
-0.784925
-0.784925
-0.784925
-0.784925
-0.784925
-0.784925
-0.784925
-0.784925
-0.784925
-0.784925
-0.784925
-0.784925
-0.784925
-0.784925
-0.784925
-0.784925
-0.784925
-0.784925
-0.784925
-0.784925
-0.784925
-0.784925
-0.784925
-0.784925
-0.784925
-0.784925
-0.784925
-0.784925
-0.784925
-0.784925
-0.784925
-0.784925
-0.784925
-0.784925
-0.784925
-0.784925
-0.784925
-0.784925
-0.784925
-0.784925
-0.784925
-0.784925
-0.784925
-0.784925
-0.784925
-0.784925
-0.784925
-0.784925
-0.784925
-0.784925
-0.784925
-0.784925
-0.784925
-0.784925
-0.784925
-0.784925
-0.784925
-0.784925
-0.784925
-0.784925
-0.784925
-0.784925
-0.784925
-0.784925
-0.784925
-0.784925
-0.784925
-0.784925
-0.784925
-0.784925
-0.784925
-0.784925
-0.784925
-0.784925
-0.784925
-0.784925
-0.784925
-0.784925
-0.778904
-0.775797
-0.779487
-0.784925
-0.784925
-0.784925
-0.784925
-0.784925
-0.784925
-0.784925
-0.784925
-0.784925
-0.784925
-0.784925
-0.774049
-0.739867
-0.780846
-0.784925
-0.784925
-0.784925
-0.784925
-0.784925
-0.784925
-0.784925
-0.784925
-0.784925
-0.784925
-0.784925
-0.783566
-0.789392
-0.783954
-0.784925
-0.784925
-0.784925
-0.784925
-0.784925
-0.784925
-0.784925
-0.784925
-0.784925
-0.784925
-0.784925
-0.784925
-0.784925
-0.784925
-0.784925
-0.784925
-0.784925
-0.784925
-0.784925
-0.784925
-0.784925
-0.784925
-0.784925
-0.784925
-0.784925
-0.784925
-0.784925
-0.784925
-0.784925
-0.784925
-0.784925
-0.784925
-0.784925
-0.784925
-0.784925
-0.784925
-0.784925
-0.784925
-0.784925
-0.784925
-0.784925
-0.784925
-0.784925
-0.784925
-0.784925
-0.784925
-0.784925
-0.784925
-0.784925
-0.784925
-0.784925
-0.784925
-0.784925
-0.784925
-0.784925
-0.784925
-0.784925
-0.784925
-0.784925
-0.784925
-0.784925
-0.784925
-0.784925
-0.784925
-0.784925
-2.233700
-1.879441
-1.663372
-1.725948
-1.669153
-1.544454
-1.394816
-1.373730
-1.377244
-1.412614
-1.672668
-1.772087
-1.858923
-1.840785
-2.122945
-1.354458
-1.248804
-1.308887
-1.258554
-1.084882
-1.411253
-1.502850
-1.411707
-1.351171
-1.239509
-1.320903
-1.155733
-1.335527
-2.049145
-1.362054
-1.084202
-1.327138
-1.274084
-1.589346
-2.072272
-2.201278
-2.198558
-2.090296
-1.677202
-1.176706
-0.815078
-1.039763
-2.045404
-1.301291
-1.072979
-1.169790
-1.740912
-2.205133
-2.265328
-2.227238
-2.054700
-2.022052
-2.142216
-1.919572
-0.810997
-1.229533
-2.024546
-1.241549
-1.127960
-1.418735
-2.026700
-2.099478
-1.917871
-1.823213
-1.295623
-1.105627
-2.050166
-2.095624
-1.690012
-1.226699
-2.047785
-1.207087
-0.639139
-1.109935
-1.523482
-1.469068
-1.502510
-1.476097
-1.562026
-1.573815
-1.376337
-1.847020
-1.692053
-1.295623
-2.050392
-1.290068
-0.706023
-0.155987
-0.296217
-1.451724
-1.875020
-2.003574
-2.025679
-1.776621
-1.397650
-0.917332
-0.680290
-1.386427
-2.056287
-1.224771
-0.774154
-1.031034
-1.575629
-1.192236
-1.657364
-1.718920
-1.700328
-1.532891
-1.073772
-0.740826
-0.099306
-1.179426
-2.036675
-1.313081
-0.908829
-1.192350
-1.624942
-1.771747
-1.139863
-1.077060
-0.967098
-0.866772
-1.161515
-0.608078
-0.109395
-1.229759
-2.029534
-1.314781
-1.142243
-0.843079
-1.863684
-2.080093
-1.637072
-1.333486
-1.363301
-1.195297
-1.859490
-1.677996
-0.912344
-0.807936
-2.018311
-1.299931
-1.063229
-1.415447
-1.337341
-1.989403
-2.169423
-2.232340
-2.126572
-2.235060
-2.000853
-1.590480
-1.048719
-1.014370
-1.983849
-1.169564
-0.974580
-0.972539
-0.916085
-0.976734
-1.775374
-1.994391
-1.998472
-1.871846
-1.389374
-0.988523
-0.668954
-0.848974
-1.835910
-0.784584
-0.332153
-0.411167
-0.267083
-0.192943
-0.384866
-0.585292
-0.740372
-0.547655
-0.296330
-0.274111
-0.252005
-0.630864
-1.815618
-0.799094
-0.547542
-0.628030
-0.619528
-0.437467
-0.183534
-0.239535
-0.279099
-0.343376
-0.504464
-0.506278
-0.426357
-1.142583
1.154974
1.252537
1.131823
1.342660
1.342660
1.289035
1.307973
1.242379
1.226079
1.259585
1.242261
1.342660
1.342660
1.342660
1.094971
1.229859
1.064379
1.342660
1.262223
1.261357
1.229426
1.276475
1.289901
1.280334
1.104578
1.226709
1.141863
1.342660
0.953626
1.151391
0.935869
1.190724
1.232497
1.091782
1.204386
1.209780
1.158754
1.243561
1.163163
1.062489
1.138162
1.081624
1.002644
1.174857
0.825746
1.195133
1.048119
1.021031
1.139461
1.113358
1.189661
1.254230
0.998116
0.946775
0.903860
0.976777
1.049890
0.994297
0.680622
0.834802
0.928546
1.082569
1.201905
1.219741
1.229741
1.238521
1.238993
0.789209
0.863819
0.744365
1.121390
0.870985
0.692354
0.748184
0.989218
1.053473
1.169227
1.159187
1.210370
1.235450
1.198992
0.948429
0.699914
0.746255
1.127650
0.679007
0.385018
0.489353
0.589436
1.190842
1.072765
1.342660
1.342660
1.257616
1.297657
1.055166
0.751845
0.898939
1.190842
0.815588
0.620619
0.452737
0.435965
0.859921
0.902679
1.342660
1.342660
1.342660
1.342660
1.166195
0.842597
0.959965
1.135682
0.982053
0.331984
0.667550
0.298281
1.085010
0.975123
1.321202
1.203086
1.299744
1.242261
1.049733
0.919136
0.870000
1.105405
1.152651
0.706292
0.707394
0.507976
0.780862
1.046780
1.334195
1.278090
1.325730
1.296201
1.108318
1.131587
1.036150
1.041977
1.196984
0.737238
1.109972
0.872717
0.904372
0.959138
1.003589
1.064930
1.071348
1.048906
0.843621
1.116350
1.004573
0.903427
1.032094
0.767122
0.981738
1.028275
0.684244
0.638966
0.392577
0.440926
0.629478
0.916380
0.980005
1.234348
1.154265
0.727159
0.939846
0.582901
1.141312
1.040638
0.661605
0.600933
0.502267
0.661014
0.729246
0.896419
0.989651
1.274153
1.221591
0.916853
1.003747
0.772791
1.117374
1.171313
0.932602
0.685386
0.426949
0.422933
0.692591
0.981580
1.092569
1.239505
1.189700
-0.502916
-0.482700
-0.501277
-0.517122
-0.517122
-0.517122
-0.517122
-0.517122
-0.517122
-0.517122
-0.517122
-0.517122
-0.517122
-0.517122
-0.463698
-0.370145
-0.470437
-0.517122
-0.493446
-0.459752
-0.490714
-0.517122
-0.472926
-0.282177
-0.115409
-0.271249
-0.469587
-0.517122
-0.489135
-0.472501
-0.487071
-0.453985
-0.203012
-0.027076
-0.358914
-0.517122
-0.264450
0.733066
1.459392
0.469223
-0.365895
-0.513601
-0.502916
-0.484825
-0.503766
-0.293712
0.466430
0.642487
-0.094039
-0.478390
-0.129190
1.043897
1.258080
0.186438
-0.396978
-0.507530
-0.514087
-0.515787
-0.513358
-0.456413
-0.175875
0.379434
0.121904
-0.411609
-0.407785
-0.303972
-0.320363
-0.287823
-0.340762
-0.433526
-0.517122
-0.517122
-0.460298
-0.300511
-0.197245
-0.366988
-0.421505
-0.475719
-0.512569
-0.515119
-0.437290
-0.026287
0.410395
-0.197973
-0.517122
-0.517122
-0.289219
0.384472
0.459509
-0.277320
-0.517122
-0.517122
-0.517122
-0.517122
-0.243566
0.643580
0.686076
-0.129372
-0.517122
-0.517122
-0.367534
-0.154020
-0.334448
-0.423023
-0.517122
-0.517122
-0.517122
-0.517122
-0.406692
-0.108548
0.165979
-0.256193
-0.517122
-0.517122
-0.491321
-0.505770
-0.485128
-0.468191
-0.341733
-0.320120
-0.442268
-0.511841
-0.506498
-0.460845
-0.481243
-0.453135
-0.515544
-0.513298
-0.515362
-0.517122
-0.517122
-0.274528
0.546809
0.856913
0.109338
-0.351082
-0.474869
-0.517122
-0.517122
-0.517122
-0.489439
-0.448096
-0.487678
-0.517122
-0.506073
-0.102842
1.499643
2.938454
1.500796
0.268335
-0.315324
-0.494235
-0.517122
-0.517122
-0.379737
-0.205016
-0.409363
-0.517122
-0.468555
0.038186
1.694338
3.143470
2.150690
0.495631
-0.090882
-0.414402
-0.502734
-0.515362
-0.248544
-0.054031
-0.329348
-0.493446
-0.438139
-0.219525
0.167254
0.406874
0.578135
0.221043
-0.165190
-0.328013
-0.438443
-0.496481
-0.368020
-0.153595
-0.296808
-0.438564
-0.372513
-0.385201
-0.397707
-0.348775
-0.285820
-0.244294
-0.343797
-0.420412
-0.365835
-0.472076
-0.241239
-0.241239
-0.241239
-0.241239
-0.234975
-0.180502
-0.131723
-0.143048
-0.117045
-0.084525
-0.133557
-0.231495
-0.241239
-0.241239
-0.241239
-0.241239
-0.241239
-0.234026
-0.217703
-0.233836
-0.222132
-0.193092
-0.208593
-0.060547
-0.003543
-0.209542
-0.191637
-0.234153
-0.241239
-0.238834
-0.224536
-0.199355
-0.140770
-0.235924
-0.218272
-0.064469
-0.224662
-0.231179
-0.234722
-0.200494
-0.006643
-0.200494
-0.241239
-0.237063
-0.192396
-0.106352
-0.234532
-0.236304
-0.232887
-0.239530
-0.225105
-0.240226
-0.241239
-0.230610
-0.220613
-0.086993
-0.235228
-0.214793
-0.211503
-0.237063
-0.234659
-0.241239
-0.241239
-0.235861
-0.198343
-0.217703
-0.238202
-0.211186
-0.138239
-0.164812
-0.222385
-0.123561
-0.136847
-0.205872
-0.144250
-0.203784
-0.236493
-0.234089
-0.211060
-0.136341
-0.228332
-0.188031
0.182779
-0.162660
-0.213211
-0.096166
-0.227256
-0.176896
0.212009
-0.047893
-0.194421
-0.208529
-0.226307
-0.197331
-0.156207
-0.213907
-0.185373
0.107302
-0.219221
-0.107112
-0.210680
-0.166330
0.006517
0.029419
-0.072884
-0.152095
-0.177465
-0.123941
-0.022270
-0.228079
-0.181324
0.096862
-0.235165
-0.228901
-0.147223
-0.160256
0.314629
-0.196762
-0.182020
-0.109389
-0.119449
0.014805
-0.227130
-0.230546
-0.207201
-0.137353
-0.241239
-0.233267
-0.208213
-0.205999
-0.242883
-0.211756
-0.236051
-0.236240
-0.224409
-0.238075
-0.228901
-0.220803
-0.162597
-0.120461
-0.241239
-0.239720
-0.239277
-0.223524
-0.240353
-0.241239
-0.241239
-0.241239
-0.241239
-0.241239
-0.241239
-0.198533
0.058522
-0.223587
-0.241239
-0.241239
-0.240479
-0.241302
-0.229597
-0.202139
-0.215425
-0.234595
-0.224599
-0.217197
-0.224536
-0.208972
-0.131723
-0.219917
-0.199798
-0.205239
-0.192523
-0.205999
-0.189802
-0.054347
-0.090978
-0.196192
-0.163609
-0.123371
-0.135013
-0.196382
-0.124827
-0.191763
-0.070100
-0.129065
-0.047514
-0.120461
-0.108250
-0.145895
-0.055359
-0.106416
-0.174871
-0.150323
-0.082944
-0.155764
-0.041187
-0.067506
2.308684
3.035641
2.917894
3.171988
3.206629
3.201339
3.180008
3.217039
3.155435
3.155606
3.175059
3.006972
3.191954
2.591276
3.182738
4.472147
4.262081
4.197406
4.110205
4.092458
4.855421
4.827947
5.064634
4.478803
4.003551
3.757990
4.263958
3.365331
3.354580
4.093653
3.883927
3.735976
4.279658
4.748425
4.192457
3.059190
3.978807
4.031196
5.132211
4.336142
3.553896
3.488538
3.305946
4.169420
3.799116
4.232559
4.932895
3.853552
2.585986
5.204565
4.265494
3.011067
3.985121
4.476755
4.296552
3.432736
3.313625
4.081536
3.734440
4.514468
3.040419
4.694330
4.857128
4.331876
4.154062
4.324538
4.515663
2.337865
4.987502
3.465501
3.360553
3.935463
4.184437
4.226757
4.155768
4.254231
3.678127
3.428470
3.462088
3.502702
4.565321
3.695362
3.513794
3.724884
3.361918
3.905087
4.114471
3.514647
5.489887
3.733075
3.631711
3.717035
3.857136
3.471303
4.350306
5.153029
3.531712
3.963449
3.359017
3.873688
4.311057
4.313105
3.802358
4.036656
3.693144
3.778126
3.798604
3.465842
4.416175
3.883586
3.281885
3.932562
3.349802
4.035462
4.016520
4.577608
4.088704
4.710883
3.602530
3.650141
3.683247
3.663963
4.992280
3.619083
4.126246
3.935121
3.266697
4.139898
3.802358
4.612420
4.403377
4.381705
4.396893
4.144847
4.655423
4.791258
3.552872
3.385467
4.736992
3.613281
3.207824
4.168737
3.930173
3.839900
4.041435
3.692632
4.282730
4.224880
2.548102
4.098943
3.039054
3.881538
3.906453
3.449289
3.284103
4.069079
3.980684
3.847068
3.870446
4.299965
4.018056
3.114650
3.287345
4.207133
4.334948
4.092116
3.981537
3.281884
3.311918
4.382387
4.102014
4.250989
4.161058
4.112765
4.419076
4.290238
4.366005
4.291091
4.263276
4.027271
4.293139
3.282908
2.994686
3.772666
3.554067
3.729492
3.777785
3.794508
3.615499
3.672154
3.681199
3.634441
3.744509
3.638537
3.714987
2.838714
1.021920
1.110388
1.408684
1.376132
1.307853
1.227891
1.070464
0.833301
0.757650
1.098252
1.194999
1.394053
1.279384
1.182750
1.572350
1.219725
1.217570
1.092354
1.183998
1.298212
1.686111
0.043213
0.711374
1.275755
1.159612
1.452011
1.250349
1.669098
1.626565
1.201918
1.195567
1.487398
0.854624
0.966117
2.018320
0.566536
1.158251
1.961042
0.797007
0.671904
1.642671
1.617264
1.607170
1.221540
1.063772
1.140785
0.072703
0.612812
0.695608
0.591148
0.477387
0.609069
0.249752
0.866647
1.251937
1.618399
1.618172
1.180482
1.264073
0.740637
0.918934
1.213260
0.754814
0.861429
0.924264
0.973829
1.220633
1.398136
0.361131
1.637567
1.597870
1.132164
1.377380
0.154025
0.090396
0.956363
1.008196
1.225283
1.304450
1.195567
1.152807
0.511187
0.353192
1.334960
1.577000
1.007515
1.312163
0.402983
0.567103
1.406529
1.258515
1.522672
1.600818
1.353675
1.646640
1.029179
0.849747
1.384525
1.580516
1.079424
1.241502
0.998442
1.456774
1.696545
1.383618
1.228118
1.265320
1.378854
1.538777
1.166304
1.066834
1.309781
1.580176
1.117080
0.986873
1.224149
1.487738
1.549666
1.561575
1.201465
1.155529
1.817565
1.592312
1.500328
1.419799
1.610459
1.607851
1.324639
1.158251
0.986419
0.583209
1.757793
2.107468
1.770496
0.963848
2.358581
2.116088
1.061050
0.774322
1.424449
1.600932
1.350726
1.329970
1.249895
0.996400
0.625855
1.773445
2.510905
2.245388
1.910684
1.305471
0.927554
1.051069
1.576320
1.640402
1.542067
1.443958
1.497265
1.485129
1.336548
0.875153
0.334364
0.326992
0.844416
1.243543
1.567700
1.914767
2.069586
1.655827
0.822413
0.450507
0.533871
0.519013
0.570619
0.564948
0.572094
0.650581
0.600222
0.467406
0.541810
0.767744
1.487058
-0.058979
-0.180792
0.003289
0.063742
0.058638
0.072249
0.101625
0.112513
0.103440
0.083591
0.057845
-0.017580
-0.197238
-0.059659
-2.116028
-1.004463
-1.178804
-1.510990
-1.531838
-1.664140
-1.812593
-1.851080
-1.754632
-1.569753
-1.454060
-1.151541
-0.990259
-2.238937
-1.587164
-0.624281
-0.777087
-1.100339
-1.001027
-1.085333
-1.635388
-1.330808
-0.542495
-0.138487
-0.038373
-0.086827
-0.609848
-1.752914
-2.003542
-1.024853
-1.064715
-1.229663
-1.472388
-1.509616
-1.331953
0.430582
1.597931
0.405382
-0.188545
-0.035052
-0.444557
-1.778572
-2.009155
-1.038025
-1.098392
-1.494152
-1.401025
-1.717175
-0.599768
0.997247
0.455783
-1.362079
-1.777885
-1.509616
-0.491407
-1.439169
-2.013050
-1.047647
-1.164256
-1.542491
-0.860592
-1.207326
-0.929893
-0.204008
-0.253264
-0.406642
-1.655090
-1.677312
-0.763112
-1.428860
-2.027597
-1.057155
-1.379032
-0.529322
-0.260709
-1.063798
-0.753491
-1.025311
-0.975941
-0.639516
-0.679951
-1.308586
-1.093466
-2.241686
-1.997586
-1.131725
-1.413969
0.218212
-0.026231
-1.065288
-1.574106
-1.304576
-1.307211
-1.270327
-1.189800
-1.499192
-2.363564
-2.391055
-2.029430
-1.090259
-1.226341
-0.656584
-1.348104
-1.481093
-1.524163
-1.376397
-1.276169
-1.138827
-1.354290
-2.238479
-2.458753
-2.525190
-2.076738
-1.016261
-1.121874
-1.250167
-1.605950
-2.019006
-0.953948
-0.847992
-0.795300
-0.443068
-1.184875
-2.351422
-2.386817
-2.384984
-2.068605
-1.148678
-1.019583
-0.865403
-1.764941
-1.838022
-1.497359
-1.271243
-1.327028
-1.021416
-2.199876
-2.233324
-1.965398
-1.622330
-2.030805
-1.177200
-1.035735
-0.606870
0.370789
-1.063455
-1.823475
-2.197356
-2.258181
-2.354744
-2.208925
-1.845811
-1.261736
-1.661963
-2.055776
-0.973421
-1.017865
-0.905494
-0.374913
-0.142497
-1.025769
-2.246039
-2.338593
-2.179143
-1.745124
-1.140774
-0.826457
-1.818893
-1.687965
-1.078804
-0.891176
-1.045357
-0.941233
-0.697706
-1.232755
-1.745239
-1.731035
-1.423247
-1.061966
-0.851772
-1.065173
-1.731264
-2.251422
-1.142034
-1.333786
-1.416031
-1.447989
-1.614999
-1.595297
-1.564598
-1.476053
-1.529776
-1.520956
-1.454748
-1.367577
-2.334813
-1.168346
-0.992519
-0.805406
-0.862565
-0.844444
-0.809755
-0.585985
-0.495794
-0.619949
-0.712315
-0.900775
-0.915686
-1.110462
-1.168450
-1.133968
-0.716975
-1.026794
-0.979576
-0.925834
-0.902742
-1.067696
-0.847343
-1.076601
-1.074530
-1.007016
-0.993451
-0.905331
-1.162651
-1.138627
-0.969324
-1.082400
-1.077947
-1.128065
-1.162237
-1.154988
-1.175284
-1.167828
-1.179426
-1.170210
-1.113879
-0.857595
-1.122267
-1.162340
-1.035699
-0.987031
-0.906988
-1.175491
-1.188331
-1.188331
-1.188331
-1.188331
-1.188331
-1.183464
-1.083539
-0.723291
-1.156231
-1.170935
-1.080847
-1.092755
-1.135003
-1.166586
-1.188331
-1.188331
-1.188331
-1.188331
-1.188331
-1.180461
-1.102385
-1.153021
-1.103110
-1.178805
-1.146704
-1.155195
-1.039841
-1.136556
-1.188331
-1.188331
-1.188331
-1.188331
-1.188331
-1.184603
-1.152814
-0.913097
-0.916514
-1.182532
-1.153331
-1.096586
-0.435942
-0.912269
-1.123716
-1.188331
-1.188331
-1.188331
-1.188331
-1.166896
-0.863911
0.227601
-0.995315
-1.182532
-1.151467
-1.034975
-0.207720
-0.120428
-1.064486
-1.188331
-1.188331
-1.188331
-1.188331
-1.093169
-0.090088
0.885242
-0.925523
-1.183464
-1.154470
-1.041188
-0.636828
-0.049393
-1.094101
-1.188331
-1.188331
-1.188331
-1.188331
-1.061380
-0.147661
0.361180
-1.007327
-1.181807
-1.146497
-1.139559
-1.090166
-1.104870
-1.107563
-1.188331
-1.188331
-1.188331
-1.188331
-1.136142
-1.042948
-0.987860
-1.073599
-1.167725
-1.009501
-1.134693
-1.184810
-1.188331
-1.188331
-1.188331
-1.188331
-1.188331
-1.188331
-1.188331
-1.176733
-1.118332
-1.177148
-1.145151
-0.887003
-1.022756
-1.094826
-1.089234
-1.033939
-0.984857
-0.899739
-0.888867
-0.969324
-1.048850
-1.085714
-1.015197
-1.147326
-1.109323
-0.552539
-0.676177
-0.785421
-0.754253
-0.530483
-0.342644
-0.003624
-0.043387
-0.373606
-0.661472
-0.795258
-0.604728
-1.110048
-1.102592
-0.612701
-0.564343
-0.737271
-0.724120
-0.603071
-0.337363
-0.203164
-0.211344
-0.400011
-0.686014
-0.697404
-0.506356
-1.134485
0.680148
1.092849
0.909304
0.738522
0.732651
0.739203
0.806086
0.908708
0.991929
0.905900
0.774516
0.837485
0.687466
0.653259
1.508614
1.506742
1.442241
1.456282
1.572008
1.648251
1.296732
1.426329
1.278437
1.359446
1.620171
1.714113
1.549288
1.451176
1.328046
1.142203
1.123142
1.175475
1.291116
1.308985
1.082042
0.873139
0.838336
1.458494
1.051324
1.110889
1.495424
1.236827
1.282607
1.230785
1.280479
1.331705
1.219723
0.664576
0.530895
0.567740
0.650025
0.511324
1.105188
1.268907
1.246272
1.359616
1.274778
1.294350
1.263971
1.359531
1.037964
0.560763
0.593439
0.610457
0.720738
0.722184
0.704570
1.308900
1.023669
1.482235
1.264652
1.469556
1.263801
0.972868
1.044346
0.668661
0.614627
0.823700
0.772474
0.844973
0.590716
0.893817
1.123228
1.606896
1.209512
1.527334
1.362764
1.165859
1.045878
0.703889
0.784642
0.680233
0.734863
0.896880
0.725843
0.705251
1.326770
1.594728
1.214362
1.429307
1.253250
1.142203
0.760731
0.686615
0.836294
0.798087
0.770517
0.885137
0.625008
0.604330
1.136247
1.499083
1.288053
1.351872
1.233423
1.247378
0.939171
0.638793
0.601693
0.898071
0.963593
0.863098
0.626710
0.655727
1.023413
1.506742
1.291542
1.259461
1.249250
1.182282
0.757668
1.170454
0.617945
0.602884
0.573782
0.611223
1.386505
1.175900
1.019159
1.372890
1.268141
1.209852
1.152244
1.139055
1.137268
1.097700
1.244230
1.306688
0.995163
0.663810
1.131822
1.412118
1.378762
1.312134
1.283202
1.247889
1.224233
1.159307
1.199641
1.438497
1.301667
1.527164
0.827189
1.232147
0.973974
1.400205
1.343874
1.229339
1.425563
1.321494
1.232402
1.071746
1.026392
1.236146
1.223893
1.199301
1.135906
1.199386
1.289840
1.309581
1.242613
1.411863
1.055238
1.369231
1.185431
1.056600
1.086382
1.078894
1.104337
1.186622
1.255888
1.176496
1.053026
1.078554
1.278012
1.492531
0.030535
0.186579
0.386516
0.307900
0.293467
0.376724
0.599584
0.774589
0.752005
0.668833
0.560700
0.470651
0.458029
0.714423
-0.256876
0.146620
0.397723
0.382384
0.447615
0.709471
0.698236
0.634109
0.536447
0.599046
0.767853
0.704122
0.517062
0.760580
-0.128876
0.080286
0.443426
0.508006
0.678936
0.752175
0.179504
-0.973648
-1.003193
-0.241084
0.407995
0.562624
0.556031
0.732535
-0.124943
0.165751
0.552918
0.587528
0.740657
-0.244735
-1.258427
-1.703580
-1.829966
-1.781630
-0.887447
0.228915
0.637477
0.889174
-0.089767
0.180297
0.537070
0.711169
-0.088210
-1.262191
-1.579288
-1.647207
-1.682185
-1.901875
-1.832173
-0.582774
0.411788
0.874203
-0.061807
0.160629
0.502742
0.369451
-0.939462
-1.457656
-1.552601
-1.472118
-1.478202
-1.575241
-1.771923
-1.350769
-0.334615
0.861440
-0.052524
0.159327
0.527250
-0.111161
-0.874005
-1.523368
-1.425904
-1.302065
-1.339137
-1.441129
-1.518189
-1.072074
-0.324625
0.788795
-0.068202
0.147469
0.447615
0.383856
-0.970761
-1.475117
-1.408245
-1.290122
-1.266521
-1.399613
-1.462156
-1.040435
-0.109406
0.638071
-0.076890
0.168326
0.492385
0.522496
-0.545532
-1.368484
-1.684506
-1.603795
-1.547762
-1.655895
-1.485729
-0.974157
-0.088351
0.692718
-0.114189
0.187938
0.502346
0.390167
0.303655
-1.016465
-1.815363
-2.057410
-1.853200
-1.729106
-1.170302
0.038006
0.147894
0.637618
-0.090191
0.151884
0.531523
0.416542
0.295674
-0.068231
-1.303338
-1.363900
-1.152728
-0.899418
-0.105614
0.104708
0.259564
0.691954
-0.111416
0.099643
0.477867
0.434965
0.342991
0.105812
-0.119255
-0.441983
-0.227331
-0.045987
0.202314
0.264884
0.407005
0.663456
-0.250763
-0.071570
0.313673
0.365574
0.285939
0.246065
0.170703
0.133999
0.085748
0.183325
0.292561
0.349500
0.331247
0.636713
-0.024366
0.490800
0.676021
0.677436
0.648146
0.651174
0.659268
0.666456
0.655192
0.657881
0.647438
0.697953
0.691756
0.878108
2.457961
2.457961
2.457961
2.457961
2.457961
2.457961
2.457961
2.457961
2.457961
2.457961
2.457961
2.457961
2.457961
2.457961
2.457961
2.457961
2.457961
2.457961
2.457961
2.457961
2.457961
2.457961
2.457961
2.457961
2.457961
2.457961
2.457961
2.457961
2.457961
2.457961
2.457961
2.457961
2.457961
2.457961
2.457961
2.457961
2.457961
2.457961
2.457961
2.457961
2.457961
2.457961
2.457961
2.457961
2.457961
2.457961
2.457961
2.457961
2.457961
2.457961
2.457961
2.457961
2.457961
2.457961
2.457961
2.457961
2.457961
2.457961
2.457961
2.457961
2.457961
2.457961
2.457961
2.457961
2.457961
2.457961
2.457961
2.431634
2.357669
2.437903
2.457961
2.457961
2.457961
2.457961
2.457961
2.457961
2.457961
2.457961
2.457961
2.457961
2.457961
2.401547
2.152071
2.429127
2.457961
2.457961
2.457961
2.457961
2.457961
2.457961
2.457961
2.457961
2.457961
2.457961
2.457961
2.442917
2.471751
2.444171
2.457961
2.457961
2.457961
2.457961
2.457961
2.457961
2.457961
2.457961
2.457961
2.457961
2.457961
2.457961
2.457961
2.457961
2.457961
2.457961
2.457961
2.457961
2.457961
2.457961
2.457961
2.457961
2.457961
2.457961
2.457961
2.457961
2.457961
2.457961
2.457961
2.457961
2.457961
2.457961
2.457961
2.457961
2.457961
2.457961
2.457961
2.457961
2.457961
2.457961
2.457961
2.457961
2.457961
2.457961
2.457961
2.457961
2.457961
2.457961
2.428537
2.345870
2.435543
2.457961
2.457961
2.457961
2.457961
2.457961
2.457961
2.457961
2.457961
2.457961
2.457961
2.457961
2.394910
2.116084
2.425735
2.457961
2.457961
2.457961
2.457961
2.457961
2.457961
2.457961
2.457961
2.457961
2.457961
2.457961
2.441148
2.473374
2.442549
2.457961
2.457961
2.457961
2.457961
2.457961
2.457961
2.457961
2.457961
2.457961
2.457961
2.457961
2.457961
2.457961
2.457961
2.457961
2.457961
2.457961
2.457961
2.457961
-0.598145
0.107971
0.204090
0.021919
-0.025004
0.031174
0.123071
0.183470
0.226821
0.258969
0.179249
0.148886
0.110894
-0.592624
-0.669746
0.348755
0.362231
0.233640
0.214644
0.388534
0.366290
0.627045
0.525081
0.469553
0.491796
0.515177
0.580122
-0.069654
-0.589215
0.047734
0.018347
-0.000487
0.275205
0.345833
0.459649
1.166901
0.538882
0.721703
0.587915
0.271958
0.468579
0.056827
-0.558853
0.013801
0.154082
0.325699
0.515989
0.669097
0.278127
-0.430749
-0.482380
-0.003572
0.545701
0.360445
0.556904
0.219352
-0.554794
0.027115
0.240946
0.548299
0.719592
-0.179736
-1.360763
-1.681592
-1.438373
-1.297279
-0.537421
0.649126
0.491147
0.317094
-0.502675
0.081506
0.171130
0.288193
-0.096444
-1.112835
-1.635968
-1.527348
-1.436749
-1.247272
-1.495524
0.205714
0.893482
0.320667
-0.458025
0.200680
0.208961
0.637761
0.601879
-1.590019
-1.444867
-1.586447
-1.521177
-1.335759
-1.186223
-0.373272
0.363855
0.447147
-0.501539
0.152134
0.126318
0.111381
-0.415649
-1.365958
-1.507376
-1.633369
-1.571348
-1.346475
-1.050812
-0.196135
0.332356
0.424254
-0.511605
0.071764
0.244681
0.397139
0.542941
-1.025970
-1.628336
-1.407524
-1.343715
-1.242562
-0.961188
0.671045
0.824965
0.282674
-0.554144
0.063321
0.223736
0.365966
1.011845
0.308652
-1.602683
-1.737444
-1.523125
-1.408822
0.074038
1.010058
0.502188
0.090111
-0.505760
-0.011528
0.093846
0.165772
0.261079
0.371973
-0.289330
-0.050982
0.300696
0.131514
1.058280
0.561126
0.386748
0.129890
-0.424254
0.123558
0.149698
0.154569
0.365316
0.267736
0.185256
0.611945
0.516963
0.074687
0.304917
0.189153
0.554307
0.246142
-0.579473
0.128916
0.289818
0.159116
0.222437
0.235426
0.185581
0.300209
0.263028
0.146938
0.221138
0.194024
0.370512
0.154082
-0.892021
0.432534
0.450394
0.362069
0.233964
0.321803
0.454778
0.491959
0.455265
0.450394
0.358821
0.387560
0.599118
-0.002923
-1.598016
-1.002074
-1.165271
-1.429709
-1.431731
-1.352634
-1.352422
-1.314736
-1.177620
-1.260443
-1.421725
-1.279605
-1.319526
-1.830623
-0.876242
-0.280725
-0.614785
-0.940116
-0.860274
-0.554531
-0.819607
-0.945332
-0.558470
-0.482354
-0.736465
-0.644274
-0.764463
-1.633360
-0.983657
-0.314472
-0.816307
-1.072015
-0.766486
-0.641719
-1.176662
-0.870813
-0.762653
-0.642996
-0.836960
-0.523978
-0.684088
-1.388404
-1.062434
-0.469898
-0.852715
-0.671527
-0.784796
-1.701172
-1.608768
-1.463668
-1.639747
-1.755465
-1.765259
-1.587158
-0.706231
-1.278754
-1.030285
-0.371746
-0.500451
-0.639803
-1.416721
-1.626547
-1.229251
-1.871928
-1.876719
-1.751420
-1.794428
-1.631550
-0.897640
-1.048063
-0.993238
-0.251556
0.006068
-0.330227
-1.465478
-1.261295
-1.840950
-1.887897
-1.920366
-1.871928
-1.610685
-1.313246
-0.163836
-0.907647
-1.000583
-0.234630
-0.054718
-0.041518
-1.021236
-1.334005
-1.840524
-1.926221
-1.926221
-1.906314
-1.816571
-1.192950
-0.240911
-0.997390
-1.057857
-0.314153
-0.273380
-0.807258
-1.421937
-1.113001
-1.816678
-1.926221
-1.926221
-1.875761
-1.706708
-1.539998
-0.579548
-1.115237
-1.038801
-0.488102
-0.408792
-0.794590
-1.447487
-0.951187
-1.641344
-1.768879
-1.801454
-1.689036
-1.443229
-1.406608
-0.394421
-1.015487
-1.060412
-0.544205
-0.696331
-0.739978
-1.512425
-1.661677
-0.927874
-1.090113
-1.324530
-1.235958
-1.564589
-1.404479
-0.456059
-0.961833
-0.997602
-0.465534
-0.816627
-0.783732
-0.459998
-1.387126
-1.125031
0.189386
-0.692605
-1.604510
-1.441313
-0.585723
-0.346728
-1.207641
-0.846115
-0.098685
-0.547399
-0.736784
-0.428913
0.054825
0.019162
0.479692
-0.318091
-0.930641
-0.496725
-0.311065
-0.489380
-1.259911
-0.762547
-0.266992
-0.473305
-0.620002
-0.616489
-0.507903
-0.466598
-0.377388
-0.579761
-0.671420
-0.604140
-0.460743
-0.689518
-1.237129
-1.688291
-1.075103
-1.439822
-1.603446
-1.589287
-1.594823
-1.484747
-1.514661
-1.554689
-1.618988
-1.605894
-1.496031
-1.300897
-1.824130
-0.400122
-0.400122
-0.400122
-0.400122
-0.400122
-0.400122
-0.400122
-0.400122
-0.400122
-0.400122
-0.400122
-0.400122
-0.400122
-0.400122
-0.400122
-0.400122
-0.400122
-0.400122
-0.400122
-0.400122
-0.400122
-0.400122
-0.400122
-0.400122
-0.400122
-0.400122
-0.400122
-0.400122
-0.400122
-0.400122
-0.400122
-0.400122
-0.400122
-0.400122
-0.400122
-0.400122
-0.400122
-0.400122
-0.400122
-0.400122
-0.400122
-0.400122
-0.400122
-0.400122
-0.400122
-0.400122
-0.400122
-0.400122
-0.400122
-0.400122
-0.400122
-0.400122
-0.400122
-0.400122
-0.400122
-0.400122
-0.400122
-0.400122
-0.400122
-0.400122
-0.400122
-0.400122
-0.400122
-0.400122
-0.400122
-0.400122
-0.400122
-0.400122
-0.400122
-0.400122
-0.400122
-0.400122
-0.400122
-0.400122
-0.400122
-0.400122
-0.400122
-0.400122
-0.400122
-0.400122
-0.400122
-0.400122
-0.400122
-0.400122
-0.400122
-0.400122
-0.400122
-0.400122
-0.400122
-0.400122
-0.400122
-0.400122
-0.400122
-0.400122
-0.400122
-0.400122
-0.400122
-0.400122
-0.400122
-0.400122
-0.400122
-0.400122
-0.400122
-0.400122
-0.400122
-0.400122
-0.400122
-0.400122
-0.400122
-0.400122
-0.400122
-0.400122
-0.400122
-0.400122
-0.400122
-0.400122
-0.400122
-0.400122
-0.400122
-0.400122
-0.400122
-0.400122
-0.400122
-0.400122
-0.400122
-0.400122
-0.400122
-0.400122
-0.400122
-0.400122
-0.400122
-0.400122
-0.400122
-0.400122
-0.400122
-0.400122
-0.400122
-0.398715
-0.394494
-0.398823
-0.400122
-0.400122
-0.400122
-0.400122
-0.400122
-0.400122
-0.400122
-0.400122
-0.400122
-0.400122
-0.400122
-0.395035
-0.374688
-0.400014
-0.400122
-0.400122
-0.400122
-0.400122
-0.400122
-0.400122
-0.400122
-0.400122
-0.400122
-0.400122
-0.400122
-0.400230
-0.402286
-0.400230
-0.400122
-0.400122
-0.400122
-0.400122
-0.400122
-0.400122
-0.400122
-0.400122
-0.400122
-0.400122
-0.400122
-0.400122
-0.400122
-0.400122
-0.400122
-0.400122
-0.400122
-0.400122
-0.400122
-0.400122
-0.400122
-0.400122
-0.400122
-0.400122
-0.400122
-0.400122
-0.400122
-0.400122
-0.338363
-0.338363
-0.338363
-0.338363
-0.338363
-0.338363
-0.338363
-0.338363
-0.338363
-0.338363
-0.338363
-0.338363
-0.338363
-0.338363
-0.338363
-0.338363
-0.338363
-0.338363
-0.338363
-0.338363
-0.338363
-0.338363
-0.338363
-0.338363
-0.338363
-0.338363
-0.338363
-0.338363
-0.338363
-0.338363
-0.338363
-0.338363
-0.338363
-0.338363
-0.338363
-0.338363
-0.338363
-0.338363
-0.338363
-0.338363
-0.338363
-0.338363
-0.338363
-0.338363
-0.338363
-0.338363
-0.338363
-0.338363
-0.338363
-0.338363
-0.338363
-0.338363
-0.338363
-0.338363
-0.338363
-0.338363
-0.338363
-0.338363
-0.338363
-0.338363
-0.338363
-0.338363
-0.338363
-0.338363
-0.338363
-0.338363
-0.338363
-0.338363
-0.338363
-0.338363
-0.338363
-0.338363
-0.317179
-0.276738
-0.278663
-0.319105
-0.338363
-0.338363
-0.338363
-0.338363
-0.338363
-0.285404
-0.237259
-0.290218
-0.338363
-0.338363
-0.306780
0.072988
0.132302
-0.243614
-0.334512
-0.338363
-0.338363
-0.338363
-0.325653
-0.240436
0.411255
-0.309476
-0.338363
-0.338363
-0.334608
0.181603
1.110513
-0.325460
-0.342985
-0.338363
-0.338363
-0.338363
-0.243999
0.083580
0.972433
-0.339326
-0.338363
-0.338363
-0.299943
-0.212608
0.883076
-0.386701
-0.336437
-0.338363
-0.338363
-0.338363
-0.366961
0.778697
0.592087
-0.389782
-0.338363
-0.338363
-0.338363
-0.243325
-0.211646
-0.293107
-0.338363
-0.338363
-0.338363
-0.338363
-0.243325
-0.128740
-0.182566
-0.298884
-0.338363
-0.338363
-0.338363
-0.338363
-0.338363
-0.338363
-0.338363
-0.338363
-0.338363
-0.338363
-0.338363
-0.338363
-0.338363
-0.338363
-0.338363
-0.338363
-0.338363
-0.338363
-0.338363
-0.338363
-0.338363
-0.338363
-0.338363
-0.338363
-0.338363
-0.338363
-0.338363
-0.338363
-0.338363
-0.338363
-0.338363
-0.338363
-0.338363
-0.338363
-0.338363
-0.338363
-0.338363
-0.338363
-0.338363
-0.338363
-0.338363
-0.338363
-0.338363
-0.338363
-0.338363
-0.338363
-0.338363
-0.338363
-0.338363
-0.338363
-0.338363
-0.338363
-0.338363
-0.338363
-0.338363
-0.338363
-0.883611
-0.883611
-0.883611
-0.883611
-0.883611
-0.883611
-0.883611
-0.883611
-0.883611
-0.883611
-0.883611
-0.883611
-0.883611
-0.883611
-0.883611
-0.883611
-0.883611
-0.883611
-0.883611
-0.883611
-0.883611
-0.883611
-0.883611
-0.883611
-0.883611
-0.883611
-0.883611
-0.883611
-0.883611
-0.883611
-0.883611
-0.883611
-0.883611
-0.883611
-0.883611
-0.883611
-0.883611
-0.883611
-0.883611
-0.883611
-0.883611
-0.883611
-0.883611
-0.883611
-0.883611
-0.883611
-0.883611
-0.883611
-0.883611
-0.883611
-0.883611
-0.883611
-0.883611
-0.883611
-0.883611
-0.883611
-0.883611
-0.883611
-0.883611
-0.883611
-0.883611
-0.883611
-0.883611
-0.883611
-0.883611
-0.883611
-0.883611
-0.883611
-0.883611
-0.883611
-0.883611
-0.883611
-0.883611
-0.883611
-0.883611
-0.883611
-0.883611
-0.883611
-0.883611
-0.883611
-0.883611
-0.883611
-0.883611
-0.883611
-0.883611
-0.883611
-0.883611
-0.883611
-0.883611
-0.883611
-0.883611
-0.883611
-0.883611
-0.883611
-0.883611
-0.883611
-0.883611
-0.883611
-0.883611
-0.883611
-0.883611
-0.883611
-0.883611
-0.883611
-0.883611
-0.883611
-0.883611
-0.883611
-0.883611
-0.883611
-0.883611
-0.883611
-0.883611
-0.883611
-0.883611
-0.883611
-0.883611
-0.883611
-0.883611
-0.883611
-0.883611
-0.883611
-0.883611
-0.883611
-0.883611
-0.883611
-0.883611
-0.883611
-0.883611
-0.883611
-0.883611
-0.883611
-0.883611
-0.810650
-0.764441
-0.810650
-0.883611
-0.883611
-0.883611
-0.883611
-0.883611
-0.883611
-0.883611
-0.883611
-0.883611
-0.883611
-0.802832
-0.526188
-0.080518
-0.738383
-0.883611
-0.883611
-0.883611
-0.883611
-0.883611
-0.883611
-0.883611
-0.883611
-0.883611
-0.883611
-0.703206
-0.015982
-0.228872
-0.778686
-0.883611
-0.883611
-0.883611
-0.883611
-0.883611
-0.883611
-0.883611
-0.883611
-0.883611
-0.883611
-0.837836
-0.813168
-0.818814
-0.854426
-0.883611
-0.883611
-0.883611
-0.883611
-0.883611
-0.883611
-0.883611
-0.883611
-0.883611
-0.883611
-0.883611
-0.883611
-0.883611
-0.883611
-0.883611
-0.883611
-0.883611
-0.883611
1.313973
0.912873
0.975571
0.955218
0.869459
0.744599
0.704785
0.675058
0.651070
0.704571
0.798885
0.930339
0.833851
1.030569
0.600170
0.281337
0.518190
0.485041
0.332272
0.233752
0.367808
0.631466
0.799455
0.675129
0.471282
0.551160
0.319262
0.522930
0.547418
0.262018
0.495877
0.439060
0.299087
0.536760
0.970331
1.493048
1.537068
1.373178
0.836346
0.331238
0.273103
0.615283
0.646365
0.311420
0.470783
0.359646
0.436922
1.102035
1.418909
1.150475
1.202765
1.321744
1.154752
0.600848
0.320580
0.634780
0.658341
0.257847
0.287432
0.261518
0.873309
1.005939
0.835420
0.992644
1.049924
0.853277
0.951084
1.269597
0.600135
0.673169
0.607869
0.201352
0.379749
0.753403
1.131299
0.956715
0.893554
1.195101
1.271308
1.033599
0.766484
1.267886
1.164269
0.630503
0.606372
0.161930
0.469393
1.443325
1.441150
0.846576
1.115402
1.384192
1.430707
1.150404
0.845008
1.296757
1.419265
0.734298
0.625620
0.166100
0.467148
1.256444
1.113904
0.904818
0.920537
1.221656
1.278579
0.976890
0.891309
1.655405
1.477578
0.838841
0.605303
0.226017
0.372763
0.673882
1.175141
0.677482
0.618919
0.805728
0.770619
0.679799
0.825903
1.584902
1.362912
0.733621
0.638808
0.295701
0.396502
0.440914
1.002518
0.951975
0.655382
0.831819
1.105600
0.832532
1.089524
1.062150
0.815566
0.901254
0.671886
0.317622
0.492775
0.541180
0.566237
0.797673
1.043365
1.543484
1.763941
1.523095
0.969298
0.736971
0.598851
0.829467
0.672812
0.359147
0.528669
0.559964
0.557861
0.475881
0.700900
1.515183
1.604043
1.068174
0.665149
0.703038
0.530986
0.810718
0.682151
0.395183
0.596214
0.602380
0.538507
0.472067
0.456597
0.514518
0.720076
0.591402
0.589085
0.679727
0.453603
0.716868
1.062577
1.082574
1.238551
1.164269
1.121425
1.025936
0.957000
0.989365
1.006581
1.042189
1.083287
1.208111
1.165339
1.010538
-0.312132
-1.493523
-1.324543
-0.751333
-0.359449
-0.296315
-0.499398
-0.518819
-0.579617
-0.565736
-0.283702
-0.453816
-0.928322
-0.202883
0.594166
0.101575
0.484983
1.030030
0.986651
0.631739
0.570541
0.794713
0.783234
0.622663
0.460824
0.560797
0.646889
0.822209
0.700279
0.501000
0.888679
0.826213
0.561131
0.753936
1.014747
0.798450
1.184127
1.187331
0.615522
-0.045982
0.036906
0.695207
0.840895
0.571342
0.713827
0.569873
0.598437
0.577949
0.516150
0.584956
0.891883
0.872128
0.613253
0.158168
-0.211692
0.562866
0.805124
0.319207
0.181660
0.439935
0.674852
0.386011
0.610650
1.365120
1.134141
0.751266
0.340296
0.658701
0.136545
0.257407
0.841896
0.254471
0.129204
0.458755
0.745260
1.007940
1.583953
1.737850
1.515347
1.520485
1.282632
0.619326
-0.097971
0.221970
0.862585
0.148758
-0.035371
0.025827
0.476374
1.248262
1.642749
1.715426
1.765680
1.805789
1.597167
0.431593
0.039776
0.437933
0.839627
0.136612
0.035505
0.018086
0.333755
1.124664
1.345366
1.942668
2.034699
1.415774
0.998596
0.212760
-0.081620
0.326347
0.743592
0.164842
0.378670
0.257541
0.095969
0.737585
0.665175
0.902494
1.007339
0.493659
0.158969
-0.718698
-0.704417
0.311198
0.724905
0.171449
0.570140
0.574879
0.039576
0.395221
1.002667
1.153561
1.108780
0.674251
-0.240656
-0.310931
-0.060264
0.837625
0.717631
0.104378
0.462960
0.890682
0.393152
-0.166911
0.164509
0.518752
0.419313
-0.009210
-0.104311
0.433328
0.727107
1.066936
0.477842
-0.247864
-0.150160
0.201415
0.322343
-0.168913
-0.897288
-1.257672
-1.171447
-0.754737
0.159904
0.281700
0.333689
0.680658
0.601507
-0.569339
-0.632273
-0.429924
-0.115189
-0.002669
-0.222704
-0.417578
-0.424318
-0.160437
-0.009210
-0.226641
-0.244060
0.851240
2.426250
2.244857
2.001531
2.025223
2.061929
2.143682
2.315265
2.435393
2.403626
2.249928
2.093028
1.975436
2.168909
2.319402
3.061848
3.228327
3.672140
3.623485
3.608625
3.574830
3.516312
3.559181
3.492379
3.547346
3.611913
3.633742
3.485804
3.045147
2.766367
3.210838
3.471471
3.241083
3.334053
3.532881
3.846377
3.679635
3.868732
3.735260
3.354830
3.293683
3.183091
3.360485
3.008064
3.964990
3.846246
3.721715
3.877675
3.839802
4.008122
3.326952
3.927907
4.094255
4.317936
3.703831
3.266462
3.658727
3.051986
3.771817
3.609546
3.654124
3.721452
2.913779
2.622638
3.125625
2.510468
2.672081
3.326558
3.777077
3.496456
3.454507
3.072368
3.773526
3.832833
3.743939
3.667669
2.785829
3.738416
3.707645
3.792068
3.321824
3.471734
2.991496
3.847166
3.405326
3.081310
3.653335
3.728159
3.462923
3.034233
3.171914
3.743413
3.577065
3.620592
3.762349
3.336683
2.899840
3.039625
3.525780
3.087885
3.601261
3.762743
4.842490
3.517627
3.809952
3.612965
3.652809
3.653204
3.601261
3.450957
3.513945
4.269281
3.355225
3.117604
3.628350
3.848350
4.139885
2.564515
4.012988
3.609546
3.748936
3.744202
3.615989
3.662014
3.808242
3.452403
3.573515
2.989128
3.703437
3.884249
3.826652
2.531771
3.685553
3.578774
3.595607
3.690813
3.750119
3.446749
2.828961
4.182755
3.334842
3.089463
3.703963
3.721058
3.513682
4.126472
3.142063
3.518285
3.466737
3.496982
3.422158
2.647097
2.861310
3.066976
3.443067
3.034364
3.799958
3.635057
3.829151
3.385601
3.729474
3.150216
4.741761
3.490275
3.870836
3.593766
3.186642
3.398094
3.588637
3.002015
3.901081
3.726055
3.780890
3.742492
3.514997
3.704357
3.611650
3.620592
3.600998
3.708434
3.561022
3.540508
3.574698
2.675501
3.625589
3.673455
3.536432
3.534328
3.417950
3.618488
3.411243
3.611387
3.520652
3.426497
3.535774
3.472260
3.348124
3.126020
3.355488
3.776551
3.691733
3.847692
3.726318
3.652415
3.564310
3.645577
3.629928
3.845194
3.852558
3.566019
3.510526
0.994861
0.586236
0.579155
0.449930
0.475008
0.520148
0.817249
0.775649
0.693924
0.754702
0.511297
0.377646
0.414230
1.482850
0.643178
0.431047
0.477368
0.521033
0.583581
0.612494
0.112409
0.325424
0.044550
-0.230128
0.303002
0.564404
0.439603
0.706316
0.319229
0.041600
-0.140732
0.066678
0.006786
-0.455830
0.134536
0.039240
0.440193
0.756472
0.307132
0.354043
0.095887
0.263467
0.440784
0.172006
0.269663
0.407149
0.720182
1.078651
0.356993
-0.547291
-0.109458
0.331915
0.550242
-0.212721
0.546996
0.517198
0.382071
0.257566
0.154304
0.415706
-1.074521
-0.620460
0.451700
0.383547
0.400364
0.165515
-0.454945
-0.793056
-0.531359
0.883632
0.395643
0.169055
0.206230
-0.341356
-0.294741
0.323359
0.110639
0.115064
-0.069038
-0.105918
0.184692
0.546701
1.881443
0.096477
0.382956
0.272023
-0.067563
1.399650
2.367368
0.036584
-0.026848
0.154304
0.117424
0.238979
0.305657
0.936149
-0.640228
0.663536
0.395643
0.181742
0.408919
-1.074225
-1.357460
0.627246
0.072284
-0.009441
0.057237
-0.029799
0.367910
-0.554077
-0.524869
0.902515
0.381481
0.257861
0.402724
0.212131
-0.949425
0.110638
0.239569
0.356698
0.234553
0.164630
0.555257
0.197674
-0.107983
0.579155
0.403019
0.152829
-0.002065
0.647013
0.863275
0.103558
0.352568
-0.539030
-0.435768
0.220687
0.002360
-0.357583
0.978044
0.485924
0.402724
0.136012
0.227473
0.028914
0.237209
0.004721
-0.268483
0.577975
0.316573
0.457896
-0.464091
0.510707
-0.243700
0.775944
0.320114
0.234848
0.074644
0.237504
0.032749
0.134536
0.252551
1.257148
0.552897
-0.075824
0.567649
-0.010916
0.375286
0.398593
0.446389
0.015342
0.107098
0.039240
0.157549
0.159614
-0.136012
-0.864160
-0.394463
0.087626
0.064908
0.270548
0.159614
0.325719
1.578737
1.361295
1.129692
1.201976
1.142969
1.207286
1.168342
1.246231
1.244461
1.162146
1.173947
1.078946
1.092222
1.876723
