0.629560
4.481146
2.315970
2.588818
2.588818
2.588818
2.588818
2.588818
2.588818
2.588818
2.588818
2.588818
2.588818
2.588818
2.588818
2.588818
2.588818
2.588818
2.588818
2.588818
2.588818
2.588818
2.588818
2.588818
2.588818
2.588818
2.242675
6.284776
1.264971
5.587457
4.510829
4.443208
4.443208
4.443208
4.443208
4.443208
4.443208
4.443208
4.443208
4.443208
4.443208
4.443208
4.443208
4.443208
4.443208
4.443208
4.443208
4.443208
4.443208
4.443208
4.443208
4.443208
4.443208
4.443208
4.431525
3.861479
0.929093
6.071734
4.821342
4.774966
4.774966
4.774966
4.774966
4.774966
4.774966
4.774966
4.774966
4.774966
4.774966
4.774966
4.774966
4.774966
4.774966
4.774966
4.774966
4.774966
4.774966
4.774966
4.774966
4.774966
4.774966
4.774966
4.628983
5.065996
1.046264
6.111308
4.910772
4.868862
4.868862
4.868862
4.868862
4.868862
4.868862
4.868862
4.868862
4.860642
5.009617
5.006154
4.747446
3.705120
4.575480
5.326860
5.188760
5.080980
4.879930
4.868917
4.868862
4.868862
4.868862
4.868862
4.729462
5.195770
1.046264
6.111308
4.910772
4.868862
4.868862
4.868862
4.868862
4.868862
4.868862
4.877153
5.083241
5.032495
4.233789
3.882834
1.275975
-15.277655
-3.617775
3.657225
3.118234
4.492609
5.401425
5.273211
5.102880
4.881502
4.868862
4.868862
4.729462
5.195770
1.046264
6.111308
4.910772
4.868862
4.868862
4.868862
4.868862
4.868862
5.006273
5.148885
4.031394
2.705864
-4.722729
-13.260752
-14.607720
-13.486892
-9.367291
-12.934062
-5.706009
-8.174938
2.339070
3.860998
5.601805
5.173570
4.868464
4.868862
4.729462
5.195770
1.046264
6.111308
4.910772
4.868862
4.868862
4.868862
4.868862
4.891809
5.165979
4.955535
-4.050544
-17.846376
-16.970314
-10.871334
-6.932894
-1.070476
-1.169382
-6.409515
-8.522332
-9.856069
-11.481245
-6.325967
4.285531
5.602024
4.979690
4.868917
4.729462
5.195770
1.046264
6.111308
4.910772
4.868862
4.868862
4.868862
4.868862
5.098608
5.546665
-0.366199
-6.471848
-12.408749
-5.971338
0.288764
-0.010648
0.582773
0.344628
0.031143
-0.242584
0.263802
-2.430663
4.444892
1.404700
5.037141
5.511945
4.884503
4.729462
5.195770
1.046264
6.111308
4.910772
4.868862
4.868862
4.868862
4.890594
5.266151
4.979601
3.872456
-5.651433
0.458697
0.500239
0.580800
0.306686
0.272141
0.270722
0.306601
0.276948
0.266180
-0.238671
-2.397519
3.515608
2.990497
6.315208
5.245321
4.730731
5.195770
1.046264
6.111308
4.910772
4.868862
4.868862
4.868862
5.062024
5.755339
0.326489
1.936067
-0.284109
0.579922
0.310364
0.270056
0.265639
0.265794
0.265794
0.265794
0.265794
0.276433
0.533643
-0.513152
-6.314017
-1.920545
4.130895
6.071649
4.815396
5.195770
1.046264
6.111308
4.910772
4.868862
4.868862
4.887991
5.193012
5.090812
3.711931
-7.181766
0.981160
0.640308
0.266687
0.265794
0.265794
0.265794
0.265794
0.265794
0.265794
0.265796
0.338144
0.030457
0.488517
0.875338
-2.041932
6.612962
5.030717
5.195770
1.046264
6.111308
4.910772
4.868862
4.868862
4.995568
5.493184
1.962827
0.283686
-2.341937
1.009265
0.291325
0.265794
0.265794
0.265794
0.265794
0.265794
0.265794
0.265794
0.265794
0.270281
0.425831
0.614337
-2.028160
-5.656371
6.246572
5.232176
5.195770
1.046264
6.111308
4.910772
4.868862
4.868862
4.846103
5.243147
5.868488
-1.250641
2.165715
0.710460
0.266332
0.265794
0.265794
0.265794
0.265794
0.265794
0.265794
0.265794
0.265794
0.265794
0.277252
1.332163
-2.802123
2.201750
4.821330
5.069468
5.195770
1.046264
6.111308
4.910772
4.868862
4.868862
4.991503
4.954321
9.973339
7.018110
1.058199
0.481136
0.265794
0.265794
0.265794
0.265794
0.265794
0.265794
0.265794
0.265794
0.265794
0.265794
0.277853
1.536270
-0.300841
5.938635
6.314983
5.014807
5.195770
1.046264
6.111308
4.910772
4.868862
4.868862
4.951571
5.251576
3.613473
8.789925
1.851025
0.669070
0.265907
0.265794
0.265794
0.265794
0.265794
0.265794
0.265794
0.265794
0.265794
0.265794
0.341962
1.363849
2.052254
5.681118
6.001741
4.890376
5.195770
1.046264
6.111308
4.910772
4.868862
4.868862
4.879155
5.420766
4.545668
8.901966
1.625385
0.952609
0.272976
0.265794
0.265794
0.265794
0.265794
0.265794
0.265794
0.265794
0.265794
0.265833
0.517612
1.840939
0.594406
4.017475
5.718232
4.756528
5.195770
1.046264
6.111308
4.910772
4.868862
4.868862
4.868862
4.971270
5.121287
12.395372
1.077024
1.647216
0.362928
0.266018
0.265794
0.265794
0.265794
0.265794
0.265794
0.265794
0.265794
0.414630
0.779705
0.978822
6.842865
1.514663
6.566672
4.684994
5.195770
1.046264
6.111308
4.910772
4.868862
4.868862
4.868862
5.082059
4.309184
7.355091
1.649295
1.772571
1.204954
0.419944
0.266207
0.265794
0.265794
0.265794
0.265794
0.265794
0.367768
0.757725
-0.413385
-1.434693
2.185382
3.335876
5.759790
4.753837
5.195770
1.046264
6.111308
4.910772
4.868862
4.868862
4.868862
4.979878
4.965655
-0.480685
1.138546
-2.456008
0.754089
1.351899
0.555882
0.277795
0.265794
0.265794
0.265794
0.413728
0.933750
0.031409
-5.412461
-1.966441
-1.985963
5.512190
5.071532
4.728405
5.195770
1.046264
6.111308
4.910772
4.868862
4.868862
4.868862
4.876426
5.042932
4.739358
1.138831
0.914005
-4.084539
0.462471
1.578249
1.153074
0.902190
0.920033
0.828894
0.693743
-0.878159
-0.529123
-2.816271
-1.033444
4.717893
4.910408
4.887568
4.729887
5.195770
1.046264
6.111308
4.910772
4.868862
4.868862
4.868862
4.868862
4.990167
4.968610
4.138358
1.867937
-1.461002
-1.062161
0.055534
-1.431237
-0.907323
-1.710055
-1.113316
-1.108357
-5.690548
-3.352955
-1.174027
5.181803
4.839684
4.880363
4.867504
4.729462
5.195770
1.046264
6.111308
4.910772
4.868862
4.868862
4.868862
4.868862
4.867635
4.963721
5.029463
4.524652
4.078321
-1.634941
0.816221
-6.559764
-15.240278
-17.679033
-14.053757
-10.697077
-3.488585
-0.521129
4.633024
4.867714
4.875125
4.867344
4.868862
4.729462
5.195770
1.046264
6.111308
4.910772
4.868862
4.868862
4.868862
4.868862
4.868862
4.869337
4.906199
5.030436
4.809655
5.040938
1.959487
-3.315971
-3.016580
-0.841786
0.098704
5.241787
4.683454
4.991508
4.678556
4.905923
4.866912
4.868862
4.868862
4.729462
5.195770
1.046264
6.111308
4.910772
4.868862
4.868862
4.868862
4.868862
4.868862
4.868862
4.868862
4.876541
5.037188
4.794491
5.294431
4.849026
4.982930
5.175408
4.921194
4.957443
5.030622
5.012483
4.844055
4.867537
4.868862
4.868862
4.868862
4.729462
5.195770
1.046264
6.111308
4.910772
4.868862
4.868862
4.868862
4.868862
4.868862
4.868862
4.868862
4.868862
4.868606
4.864365
4.892114
4.897541
4.873063
4.871934
4.869041
4.868855
4.868862
4.868862
4.868862
4.868862
4.868862
4.868862
4.868862
4.729462
5.195770
1.046264
6.111308
4.910772
4.868862
4.868862
4.868862
4.868862
4.868862
4.868862
4.868862
4.868862
4.868862
4.868862
4.868862
4.868862
4.868862
4.868862
4.868862
4.868862
4.868862
4.868862
4.868862
4.868862
4.868862
4.868862
4.868862
4.729462
5.195770
0.870083
5.868305
5.035351
4.989292
4.989292
4.989292
4.989292
4.989292
4.989292
4.989292
4.989292
4.989292
4.989292
4.989292
4.989292
4.989292
4.989292
4.989292
4.989292
4.989292
4.989292
4.989292
4.989292
4.989292
4.989292
4.989292
4.755350
5.130948
1.450513
4.289391
3.715868
3.716759
3.716759
3.716759
3.716759
3.716759
3.716759
3.716759
3.716759
3.716759
3.716759
3.716759
3.716759
3.716759
3.716759
3.716759
3.716759
3.716759
3.716759
3.716759
3.716759
3.716759
3.716759
3.716759
3.754895
6.657532
-5.806521
-1.441013
-1.770546
-1.811979
-1.811979
-1.811979
-1.811979
-1.811979
-1.811979
-1.811979
-1.811979
-1.811979
-1.811979
-1.811979
-1.811979
-1.811979
-1.811979
-1.811979
-1.811979
-1.811979
-1.811979
-1.811979
-1.811979
-1.811979
-1.811979
-1.811979
-1.791303
-3.018954
0.174741
4.506296
4.425162
4.340683
4.340683
4.340683
4.340683
4.340683
4.340683
4.340683
4.340683
4.340683
4.340683
4.340683
4.340683
4.340683
4.340683
4.340683
4.340683
4.340683
4.340683
4.340683
4.340683
4.340683
4.340683
4.340683
4.185457
0.113244
-0.718831
3.659947
3.856318
3.712630
3.712630
3.712630
3.712630
3.712630
3.712630
3.712630
3.712630
3.712630
3.712630
3.712630
3.712630
3.712630
3.712630
3.712630
3.712630
3.712630
3.712630
3.712630
3.712630
3.712630
3.712630
3.712630
3.769082
0.552707
-0.600548
3.838021
4.022729
3.883936
3.883936
3.883936
3.883936
3.883936
3.883936
3.883936
3.883936
3.878066
3.908726
3.858009
4.445593
5.249099
5.200199
3.664697
3.667619
3.807852
3.863314
3.882385
3.883936
3.883936
3.883936
3.883936
3.907594
0.649376
-0.600548
3.838021
4.022729
3.883936
3.883936
3.883936
3.883936
3.883936
3.883936
3.884497
3.962190
4.035925
5.025330
6.334850
8.946501
7.029574
7.627944
7.044565
5.853108
5.528227
4.067105
3.753050
3.928841
3.877213
3.883936
3.883936
3.907594
0.649376
-0.600548
3.838021
4.022729
3.883936
3.883936
3.883936
3.883936
3.883936
4.008168
4.174631
5.174120
7.337844
7.772458
11.011467
9.471579
3.058269
10.535438
11.306368
7.927710
5.529386
7.813142
5.883011
4.951978
4.171311
3.884407
3.883936
3.907594
0.649376
-0.600548
3.838021
4.022729
3.883936
3.883936
3.883936
3.883936
3.904219
4.424443
5.221266
5.694505
4.587293
8.272594
10.336521
7.986467
6.292799
8.789843
8.552294
7.405049
9.098457
10.905596
2.033447
0.889855
5.075520
3.981064
3.882385
3.907594
0.649376
-0.600548
3.838021
4.022729
3.883936
3.883936
3.883936
3.883936
4.184308
5.301251
-3.596399
3.174953
10.842470
7.816256
7.699135
7.116763
6.655507
6.428656
6.842043
7.531986
8.103167
9.772423
4.964664
-0.624477
4.292384
4.612398
3.889966
3.907594
0.649376
-0.600548
3.838021
4.022729
3.883936
3.883936
3.883936
3.905939
4.566834
2.833665
-10.470206
1.124492
8.558722
7.209632
6.535148
6.278401
6.137786
6.139292
6.171406
6.188657
6.394960
7.122122
3.780872
6.846581
-0.791029
5.614650
4.148460
3.896717
0.649376
-0.600548
3.838021
4.022729
3.883936
3.883936
3.883936
4.154880
5.549070
-4.522541
-10.258072
5.831601
7.886113
6.265928
6.137108
6.133864
6.133898
6.133898
6.133898
6.133898
6.192632
6.803760
6.440231
-0.084601
0.889854
1.382109
5.192841
3.941637
0.649376
-0.600548
3.838021
4.022729
3.883936
3.883936
3.905086
4.383370
2.375030
-11.340954
-0.008883
8.434731
6.792485
6.134663
6.133898
6.133898
6.133898
6.133898
6.133898
6.133898
6.134211
6.390235
7.173956
7.325253
5.920764
2.575240
5.201385
4.204351
0.649376
-0.600548
3.838021
4.022729
3.883936
3.883936
4.011593
5.074164
-2.066484
-3.839784
4.958341
7.974447
6.240909
6.133898
6.133898
6.133898
6.133898
6.133898
6.133898
6.133898
6.133898
6.143920
6.530160
6.756326
1.563156
-3.434820
2.244003
4.223866
0.649376
-0.600548
3.838021
4.022729
3.883936
3.883936
4.114766
3.350339
-10.099716
0.499438
9.276452
6.966162
6.138579
6.133898
6.133898
6.133898
6.133898
6.133898
6.133898
6.133898
6.133898
6.133898
6.188823
7.441890
-0.088790
-14.249136
3.747132
4.245213
0.649376
-0.600548
3.838021
4.022729
3.883936
3.883936
4.074974
3.555936
-5.724178
-5.412309
8.443747
6.639616
6.133898
6.133898
6.133898
6.133898
6.133898
6.133898
6.133898
6.133898
6.133898
6.133898
6.169817
7.026031
-0.676487
-9.166759
5.301813
4.008540
0.649376
-0.600548
3.838021
4.022729
3.883936
3.883936
4.003148
4.777421
-9.675720
-9.057697
7.396855
7.124530
6.134221
6.133898
6.133898
6.133898
6.133898
6.133898
6.133898
6.133898
6.133898
6.133898
6.212041
7.318970
-2.059915
-9.265165
4.478636
4.040365
0.649376
-0.600548
3.838021
4.022729
3.883936
3.883936
3.901431
4.708839
-1.005325
-11.206311
3.964556
7.661824
6.135381
6.133898
6.133898
6.133898
6.133898
6.133898
6.133898
6.133898
6.133898
6.135019
6.402565
6.825418
-6.024376
-4.556688
4.381517
4.110177
0.649376
-0.600548
3.838021
4.022729
3.883936
3.883936
3.883936
4.485693
1.243841
-14.786673
0.325156
8.077737
6.186157
6.134376
6.133898
6.133898
6.133898
6.133898
6.133898
6.133898
6.133898
6.258471
6.802945
6.545429
-4.905046
-2.942060
4.598120
4.025740
0.649376
-0.600548
3.838021
4.022729
3.883936
3.883936
3.883936
4.284619
3.274472
-8.871000
0.396440
9.273250
6.198378
6.209579
6.120399
6.133898
6.133898
6.133898
6.133898
6.133898
6.218745
6.711840
7.623423
6.915820
-0.850965
-3.043498
5.452540
3.977204
0.649376
-0.600548
3.838021
4.022729
3.883936
3.883936
3.883936
4.050522
4.782214
-4.694824
0.723098
11.289838
7.822903
7.186268
6.165116
6.131502
6.133898
6.133898
6.133898
6.259528
6.566967
7.519207
6.169814
0.935027
6.711343
5.762827
4.697186
3.931348
0.649376
-0.600548
3.838021
4.022729
3.883936
3.883936
3.883936
3.895743
4.488070
5.821636
3.318866
4.719891
4.311266
9.952085
7.375190
6.910211
6.880070
6.802998
7.199967
7.363426
7.909384
11.943752
11.846870
-0.328095
5.557181
4.223801
3.979411
3.907600
0.649376
-0.600548
3.838021
4.022729
3.883936
3.883936
3.883936
3.883936
4.028477
4.184860
4.826244
2.070463
5.985820
8.408119
6.919868
4.901543
7.080765
7.235847
7.266083
3.794951
3.485899
6.374815
3.947799
5.179564
4.645254
3.974237
3.886786
3.907594
0.649376
-0.600548
3.838021
4.022729
3.883936
3.883936
3.883936
3.883936
3.883035
3.971611
4.231192
4.731176
3.766583
0.717480
2.110029
-2.864261
-2.743606
-3.183592
0.196810
-6.004553
-3.453996
0.018380
5.092713
4.261888
3.979156
3.884930
3.883936
3.907594
0.649376
-0.600548
3.838021
4.022729
3.883936
3.883936
3.883936
3.883936
3.883936
3.883252
3.912449
4.077805
4.598270
6.061566
4.523737
1.336516
2.111723
1.750219
1.085295
4.221455
3.491979
5.437895
4.547369
3.960816
3.886359
3.883936
3.883936
3.907594
0.649376
-0.600548
3.838021
4.022729
3.883936
3.883936
3.883936
3.883936
3.883936
3.883936
3.883936
3.887714
3.985515
4.375849
5.252243
5.497677
5.714341
5.504225
5.306193
4.837811
4.382042
4.281997
3.992127
3.886456
3.883936
3.883936
3.883936
3.907594
0.649376
-0.600548
3.838021
4.022729
3.883936
3.883936
3.883936
3.883936
3.883936
3.883936
3.883936
3.883936
3.883202
3.882956
3.858613
3.840641
3.830132
3.869578
3.886102
3.884021
3.883936
3.883936
3.883936
3.883936
3.883936
3.883936
3.883936
3.907594
0.649376
-0.600548
3.838021
4.022729
3.883936
3.883936
3.883936
3.883936
3.883936
3.883936
3.883936
3.883936
3.883936
3.883936
3.883936
3.883936
3.883936
3.883936
3.883936
3.883936
3.883936
3.883936
3.883936
3.883936
3.883936
3.883936
3.883936
3.907594
0.649376
-0.689342
3.721038
4.041959
3.919250
3.919250
3.919250
3.919250
3.919250
3.919250
3.919250
3.919250
3.919250
3.919250
3.919250
3.919250
3.919250
3.919250
3.919250
3.919250
3.919250
3.919250
3.919250
3.919250
3.919250
3.919250
3.919250
3.929371
0.363022
-4.231180
0.900630
0.896578
0.874995
0.874995
0.874995
0.874995
0.874995
0.874995
0.874995
0.874995
0.874995
0.874995
0.874995
0.874995
0.874995
0.874995
0.874995
0.874995
0.874995
0.874995
0.874995
0.874995
0.874995
0.874995
0.874995
0.778191
-2.241061
6.352646
3.840842
4.717330
4.491812
4.491812
4.491812
4.491812
4.491812
4.491812
4.491812
4.491812
4.491812
4.491812
4.491812
4.491812
4.491812
4.491812
4.491812
4.491812
4.491812
4.491812
4.491812
4.491812
4.491812
4.491812
4.491812
4.388566
4.920877
1.036757
0.331996
0.118395
-0.384707
-0.384707
-0.384707
-0.384707
-0.384707
-0.384707
-0.384707
-0.384707
-0.384707
-0.384707
-0.384707
-0.384707
-0.384707
-0.384707
-0.384707
-0.384707
-0.384707
-0.384707
-0.384707
-0.384707
-0.384707
-0.384707
-0.384707
0.432804
0.963237
2.103853
0.855906
0.099207
-0.277119
-0.277119
-0.277119
-0.277119
-0.277119
-0.277119
-0.277119
-0.277119
-0.277119
-0.277119
-0.277119
-0.277119
-0.277119
-0.277119
-0.277119
-0.277119
-0.277119
-0.277119
-0.277119
-0.277119
-0.277119
-0.277119
-0.277119
0.268095
1.559543
2.219928
0.868648
0.039281
-0.318805
-0.318805
-0.318805
-0.318805
-0.318805
-0.318805
-0.318805
-0.318805
-0.323068
-0.131281
0.710398
3.779508
7.300080
6.100437
2.451618
0.848290
-0.086794
-0.319903
-0.318161
-0.318805
-0.318805
-0.318805
-0.318805
0.298751
1.443347
2.219928
0.868648
0.039281
-0.318805
-0.318805
-0.318805
-0.318805
-0.318805
-0.318805
-0.283899
0.142159
1.846745
5.838029
5.620341
6.261631
2.513422
1.321736
3.913739
6.046132
7.208549
3.524840
1.121892
-0.046700
-0.303510
-0.318805
-0.318805
0.298751
1.443347
2.219928
0.868648
0.039281
-0.318805
-0.318805
-0.318805
-0.318805
-0.318805
-0.113552
1.387318
5.789232
5.807180
-0.051325
-0.436351
-12.443779
-2.669749
-8.059988
-8.076908
-6.248693
-1.801871
1.102942
3.391006
2.239367
-0.077659
-0.318873
-0.318805
0.298751
1.443347
2.219928
0.868648
0.039281
-0.318805
-0.318805
-0.318805
-0.318805
-0.290305
0.908773
2.357698
0.886385
-8.281387
-15.553202
-2.141044
3.074832
5.985195
5.235746
2.009801
0.950528
-4.046910
-8.853253
-3.037256
-1.889894
1.982646
-0.063659
-0.318161
0.298751
1.443347
2.219928
0.868648
0.039281
-0.318805
-0.318805
-0.318805
-0.318805
0.123373
3.210763
-3.427474
-12.999014
-1.485697
3.591408
7.304686
6.028125
3.389237
3.769952
5.492966
6.339982
5.504980
0.432615
-18.857552
-9.786639
1.912948
0.944750
-0.248457
0.298751
1.443347
2.219928
0.868648
0.039281
-0.318805
-0.318805
-0.318805
-0.267391
1.285783
-0.136266
-14.913602
-5.379448
7.201236
5.782654
2.994634
1.824622
1.429367
1.438862
1.594085
2.186712
3.262400
6.610981
-7.059000
-18.955704
-7.492587
3.478029
0.025510
0.303804
1.443347
2.219928
0.868648
0.039281
-0.318805
-0.318805
-0.318805
0.063519
2.892938
-6.817204
-19.455521
-1.839930
3.789310
1.827077
1.441952
1.423044
1.422117
1.422117
1.422117
1.422117
1.451002
2.345877
3.273764
-11.605635
-18.024860
-2.336711
2.136215
0.636216
1.443347
2.219928
0.868648
0.039281
-0.318805
-0.318805
-0.223413
1.131434
-0.481043
-14.616327
-7.167182
3.624156
2.173659
1.425741
1.422117
1.422117
1.422117
1.422117
1.422117
1.422117
1.422050
1.670649
4.247507
-0.308846
-19.467178
-5.990446
0.412988
1.125439
1.443347
2.219928
0.868648
0.039281
-0.318805
-0.318805
0.128357
3.162562
-5.223827
-10.682851
-2.715787
3.191115
1.567970
1.422117
1.422117
1.422117
1.422117
1.422117
1.422117
1.422117
1.422117
1.427101
1.974952
4.679655
-6.253318
-8.083328
-1.784889
1.936545
1.443347
2.219928
0.868648
0.039281
-0.318805
-0.318805
0.458035
-0.263210
-8.933992
-5.513060
2.535369
2.598812
1.427616
1.422117
1.422117
1.422117
1.422117
1.422117
1.422117
1.422117
1.422117
1.422117
1.451102
3.638002
-3.828306
-15.545598
-3.353842
1.759427
1.443347
2.219928
0.868648
0.039281
-0.318805
-0.318805
0.094847
1.167242
-10.356374
-12.396626
0.535354
2.312103
1.422117
1.422117
1.422117
1.422117
1.422117
1.422117
1.422117
1.422117
1.422117
1.422117
1.455013
4.109377
-8.256334
-8.595851
-0.381778
1.561913
1.443347
2.219928
0.868648
0.039281
-0.318805
-0.318805
-0.234377
1.836890
-7.997233
-19.595495
-0.531120
2.233594
1.423624
1.422117
1.422117
1.422117
1.422117
1.422117
1.422117
1.422117
1.422117
1.422117
1.538897
3.316060
-6.985117
-7.279235
-0.251249
1.412816
1.443347
2.219928
0.868648
0.039281
-0.318805
-0.318805
-0.302691
0.817028
-4.791779
-22.036114
-3.629879
2.904526
1.446854
1.422117
1.422117
1.422117
1.422117
1.422117
1.422117
1.422117
1.422117
1.425292
1.901221
3.205024
-10.741653
-6.101407
1.713949
0.980726
1.443347
2.219928
0.868648
0.039281
-0.318805
-0.318805
-0.318805
0.636030
-4.383885
-20.896351
-7.000848
3.466252
1.755072
1.423370
1.422117
1.422117
1.422117
1.422117
1.422117
1.422117
1.422117
1.669005
3.598889
3.128132
-11.945414
-3.073189
2.335953
0.616902
1.443347
2.219928
0.868648
0.039281
-0.318805
-0.318805
-0.318805
0.203274
0.953094
-12.824736
-5.362442
4.262193
2.873374
1.823632
1.433986
1.422117
1.422117
1.422117
1.422117
1.422117
1.543676
3.087978
6.027348
-4.293572
-16.487064
-6.505625
1.775081
0.423016
1.443347
2.219928
0.868648
0.039281
-0.318805
-0.318805
-0.318805
-0.223850
2.798359
-4.503842
-16.047953
3.358782
5.700401
4.109201
1.883383
1.437337
1.422117
1.422117
1.422117
1.673651
3.055599
6.251529
-1.877974
-19.230240
-2.341191
2.098078
0.824096
0.329701
1.443347
2.219928
0.868648
0.039281
-0.318805
-0.318805
-0.318805
-0.300232
0.381444
1.881005
-5.461625
-10.428936
1.622276
3.610468
5.676490
3.400640
3.376766
3.215747
3.093531
4.160521
5.798407
-1.171636
-20.260029
-4.299371
4.077641
1.535677
-0.097340
0.297987
1.443347
2.219928
0.868648
0.039281
-0.318805
-0.318805
-0.318805
-0.318805
0.026484
1.408096
3.223030
-5.262788
-7.202030
-3.127373
1.937570
6.017067
5.581324
5.907183
5.703248
7.049202
2.435072
-19.428062
-2.848063
3.070523
2.286088
-0.005775
-0.318898
0.298751
1.443347
2.219928
0.868648
0.039281
-0.318805
-0.318805
-0.318805
-0.318805
-0.323384
-0.196763
0.684126
3.212197
3.121809
-1.538246
-6.295517
2.865122
-8.463142
-8.307289
-8.058899
-3.694068
-0.306113
-0.160402
4.238346
2.088957
0.071265
-0.315130
-0.318805
0.298751
1.443347
2.219928
0.868648
0.039281
-0.318805
-0.318805
-0.318805
-0.318805
-0.318805
-0.316939
-0.263045
0.206913
2.592137
0.984283
5.283167
3.508230
-0.362126
1.211640
-0.919629
2.173501
2.796120
2.316313
1.522975
-0.045512
-0.318492
-0.318805
-0.318805
0.298751
1.443347
2.219928
0.868648
0.039281
-0.318805
-0.318805
-0.318805
-0.318805
-0.318805
-0.318805
-0.318805
-0.298597
0.067106
1.181334
3.637603
4.255402
4.325087
3.609589
2.546804
1.326709
1.022982
0.404532
-0.059343
-0.317175
-0.318805
-0.318805
-0.318805
0.298751
1.443347
2.219928
0.868648
0.039281
-0.318805
-0.318805
-0.318805
-0.318805
-0.318805
-0.318805
-0.318805
-0.318805
-0.315661
-0.277737
-0.228783
-0.164873
-0.196460
-0.258913
-0.307692
-0.318769
-0.318805
-0.318805
-0.318805
-0.318805
-0.318805
-0.318805
-0.318805
0.298751
1.443347
2.219928
0.868648
0.039281
-0.318805
-0.318805
-0.318805
-0.318805
-0.318805
-0.318805
-0.318805
-0.318805
-0.318805
-0.318805
-0.318805
-0.318805
-0.318805
-0.318805
-0.318805
-0.318805
-0.318805
-0.318805
-0.318805
-0.318805
-0.318805
-0.318805
-0.318805
0.298751
1.443347
1.636353
1.653814
1.522117
1.098082
1.098082
1.098082
1.098082
1.098082
1.098082
1.098082
1.098082
1.098082
1.098082
1.098082
1.098082
1.098082
1.098082
1.098082
1.098082
1.098082
1.098082
1.098082
1.098082
1.098082
1.098082
1.098082
1.563993
2.179119
7.033386
5.548473
6.136522
5.768563
5.768563
5.768563
5.768563
5.768563
5.768563
5.768563
5.768563
5.768563
5.768563
5.768563
5.768563
5.768563
5.768563
5.768563
5.768563
5.768563
5.768563
5.768563
5.768563
5.768563
5.768563
5.768563
6.565611
8.613676
-7.371500
-3.009916
-3.158577
-2.975649
-2.975649
-2.975649
-2.975649
-2.975649
-2.975649
-2.975649
-2.975649
-2.975649
-2.975649
-2.975649
-2.975649
-2.975649
-2.975649
-2.975649
-2.975649
-2.975649
-2.975649
-2.975649
-2.975649
-2.975649
-2.975649
-2.975649
-3.206905
-5.654011
-4.122089
-2.480443
-3.356175
-3.164423
-3.164423
-3.164423
-3.164423
-3.164423
-3.164423
-3.164423
-3.164423
-3.164423
-3.164423
-3.164423
-3.164423
-3.164423
-3.164423
-3.164423
-3.164423
-3.164423
-3.164423
-3.164423
-3.164423
-3.164423
-3.164423
-3.164423
-3.198670
-5.097240
-4.294450
-2.419188
-3.210426
-3.042804
-3.042804
-3.042804
-3.042804
-3.042804
-3.042804
-3.042804
-3.042804
-3.042804
-3.042804
-3.042804
-3.042804
-3.042804
-3.042804
-3.042804
-3.042804
-3.042804
-3.042804
-3.042804
-3.042804
-3.042804
-3.042804
-3.042804
-2.947346
-4.291371
-4.312675
-2.436309
-3.268353
-3.099446
-3.099446
-3.099446
-3.099446
-3.099446
-3.099446
-3.099446
-3.099446
-3.102546
-3.000944
-2.382443
-1.306314
-1.310218
-1.681870
-1.955178
-2.549222
-3.019155
-3.106532
-3.099747
-3.099446
-3.099446
-3.099446
-3.099446
-3.029216
-4.386039
-4.312675
-2.436309
-3.268353
-3.099446
-3.099446
-3.099446
-3.099446
-3.099446
-3.099446
-3.087264
-2.845515
-1.975636
-0.655500
0.250190
4.132260
1.133250
-2.939867
-1.080420
-1.110338
-1.225509
-2.063603
-2.355560
-3.007231
-3.116208
-3.099446
-3.099446
-3.029216
-4.386039
-4.312675
-2.436309
-3.268353
-3.099446
-3.099446
-3.099446
-3.099446
-3.099446
-2.946683
-2.070091
-0.431370
0.801620
1.614848
5.719339
8.240597
0.672612
-4.637788
0.391523
-4.155732
-4.913054
-2.104700
-1.314754
-1.602949
-2.934523
-3.099291
-3.099446
-3.029216
-4.386039
-4.312675
-2.436309
-3.268353
-3.099446
-3.099446
-3.099446
-3.099446
-3.073699
-2.064250
1.467728
5.230223
8.038721
4.397988
-2.308005
-1.836762
-2.964685
-3.518755
-4.235125
-6.311127
-4.157728
1.997633
0.915742
-0.685716
-2.606819
-3.071285
-3.099747
-3.029216
-4.386039
-4.312675
-2.436309
-3.268353
-3.099446
-3.099446
-3.099446
-3.099446
-2.773043
-0.805209
0.641040
5.758302
-1.792637
-3.951974
-2.067651
-4.476028
-5.260863
-5.471302
-4.926537
-4.108308
-3.751367
-5.232316
5.227383
-1.417301
-1.022768
-2.900892
-3.102897
-3.029216
-4.386039
-4.312675
-2.436309
-3.268353
-3.099446
-3.099446
-3.099446
-3.074033
-2.016754
2.422333
3.687476
-2.445298
-2.622408
-4.561111
-5.627032
-5.939697
-5.952398
-5.970458
-5.991238
-5.831602
-5.709428
-4.973418
-8.652580
4.863807
-2.819334
-2.146302
-2.919975
-3.029983
-4.386039
-4.312675
-2.436309
-3.268353
-3.099446
-3.099446
-3.099446
-2.787684
-0.221073
1.090698
4.708069
-2.251984
-5.202450
-5.958804
-5.956560
-5.952253
-5.952149
-5.952149
-5.952149
-5.952149
-5.965331
-5.568550
-3.858025
-2.752883
2.284715
-2.272249
-2.719655
-3.014977
-4.386039
-4.312675
-2.436309
-3.268353
-3.099446
-3.099446
-3.077844
-2.012951
1.099967
5.559371
-3.052749
-4.587838
-5.825181
-5.952391
-5.952149
-5.952149
-5.952149
-5.952149
-5.952149
-5.952149
-5.951881
-5.913656
-5.102602
-5.493161
-2.627049
-5.474383
-1.307964
-3.218719
-4.386039
-4.312675
-2.436309
-3.268353
-3.099446
-3.099446
-2.890475
-0.261935
2.572268
1.600258
-1.836306
-5.255366
-5.943595
-5.952149
-5.952149
-5.952149
-5.952149
-5.952149
-5.952149
-5.952149
-5.952149
-5.959140
-5.760508
-4.636586
-10.156634
-2.937063
-1.539496
-3.358607
-4.386039
-4.312675
-2.436309
-3.268353
-3.099446
-3.099446
-2.843655
-0.350279
0.418097
-5.716462
-3.502682
-5.906285
-5.951684
-5.952149
-5.952149
-5.952149
-5.952149
-5.952149
-5.952149
-5.952149
-5.952149
-5.952149
-5.970251
-5.124702
-4.128192
1.547697
-0.731063
-3.324290
-4.386039
-4.312675
-2.436309
-3.268353
-3.099446
-3.099446
-2.994704
-0.726696
0.973215
-6.472538
-4.133451
-5.897151
-5.952149
-5.952149
-5.952149
-5.952149
-5.952149
-5.952149
-5.952149
-5.952149
-5.952149
-5.952149
-5.914286
-5.215069
-7.553522
-2.383883
-0.894630
-3.249725
-4.386039
-4.312675
-2.436309
-3.268353
-3.099446
-3.099446
-3.165557
-2.040604
-5.855524
-9.796142
-4.944770
-5.749269
-5.952762
-5.952149
-5.952149
-5.952149
-5.952149
-5.952149
-5.952149
-5.952149
-5.952149
-5.952149
-5.880414
-5.181310
-6.181436
6.544779
-1.658723
-3.341057
-4.386039
-4.312675
-2.436309
-3.268353
-3.099446
-3.099446
-3.121884
-2.205073
-0.177540
-4.689534
-7.678846
-5.585548
-5.929314
-5.952149
-5.952149
-5.952149
-5.952149
-5.952149
-5.952149
-5.952149
-5.952149
-5.951533
-5.801686
-3.639228
-5.083111
2.638634
-1.948756
-3.259065
-4.386039
-4.312675
-2.436309
-3.268353
-3.099446
-3.099446
-3.099446
-2.550831
0.516294
-3.428927
-7.186719
-5.570372
-5.865486
-5.952100
-5.952149
-5.952149
-5.952149
-5.952149
-5.952149
-5.952149
-5.952149
-5.855581
-5.020002
-3.320415
-1.772635
-1.291779
-2.242023
-3.183364
-4.386039
-4.312675
-2.436309
-3.268353
-3.099446
-3.099446
-3.099446
-2.923463
-1.308029
2.971889
-9.030607
-4.875606
-5.360056
-5.792612
-5.949587
-5.952149
-5.952149
-5.952149
-5.952149
-5.952149
-5.865745
-5.143424
-3.740802
-1.668209
10.296347
2.409017
-1.969480
-3.113974
-4.386039
-4.312675
-2.436309
-3.268353
-3.099446
-3.099446
-3.099446
-3.188493
-1.709293
-4.466914
0.276484
-8.986820
-6.214498
-4.971782
-5.714245
-5.934455
-5.952149
-5.952149
-5.952149
-5.858431
-5.242242
-3.820533
-4.178095
11.930840
0.773051
0.606484
-2.729088
-3.041795
-4.386039
-4.312675
-2.436309
-3.268353
-3.099446
-3.099446
-3.099446
-3.124452
-2.706564
0.534288
1.040252
2.680305
-4.993939
-7.644182
-4.658660
-5.219649
-5.327057
-5.201766
-5.319181
-4.872993
-4.067419
-4.501634
13.769014
3.436285
1.093051
-2.574405
-3.054285
-3.030596
-4.386039
-4.312675
-2.436309
-3.268353
-3.099446
-3.099446
-3.099446
-3.099446
-3.158963
-2.780541
-1.075868
-2.112020
4.093900
0.436412
-7.346883
-6.175841
-6.686467
-6.520304
-6.439586
-6.635968
-4.514907
13.243246
3.315828
2.077698
-2.807138
-3.069659
-3.099899
-3.029216
-4.386039
-4.312675
-2.436309
-3.268353
-3.099446
-3.099446
-3.099446
-3.099446
-3.098103
-3.149652
-2.883834
-1.764679
1.078326
-0.382020
-7.667997
-6.046126
4.230543
9.724884
5.502695
-0.679606
2.383840
0.908303
1.123841
-2.604588
-3.035687
-3.099492
-3.099446
-3.029216
-4.386039
-4.312675
-2.436309
-3.268353
-3.099446
-3.099446
-3.099446
-3.099446
-3.099446
-3.099425
-3.121199
-3.015560
-2.246938
0.354818
-3.111630
2.259300
-0.087828
2.640172
0.090871
-2.155621
-1.713862
-0.050974
-2.652775
-3.028019
-3.098757
-3.099446
-3.099446
-3.029216
-4.386039
-4.312675
-2.436309
-3.268353
-3.099446
-3.099446
-3.099446
-3.099446
-3.099446
-3.099446
-3.099446
-3.113631
-3.139097
-2.729720
-2.452064
-1.580856
-1.352924
-1.654934
-1.881724
-2.295870
-2.782498
-3.088938
-3.105408
-3.100037
-3.099446
-3.099446
-3.099446
-3.029216
-4.386039
-4.312675
-2.436309
-3.268353
-3.099446
-3.099446
-3.099446
-3.099446
-3.099446
-3.099446
-3.099446
-3.099446
-3.099007
-3.103049
-3.133738
-3.134457
-3.127862
-3.112584
-3.099898
-3.099440
-3.099446
-3.099446
-3.099446
-3.099446
-3.099446
-3.099446
-3.099446
-3.029216
-4.386039
-4.312675
-2.436309
-3.268353
-3.099446
-3.099446
-3.099446
-3.099446
-3.099446
-3.099446
-3.099446
-3.099446
-3.099446
-3.099446
-3.099446
-3.099446
-3.099446
-3.099446
-3.099446
-3.099446
-3.099446
-3.099446
-3.099446
-3.099446
-3.099446
-3.099446
-3.099446
-3.029216
-4.386039
-3.807623
-1.927486
-2.969939
-2.836021
-2.836021
-2.836021
-2.836021
-2.836021
-2.836021
-2.836021
-2.836021
-2.836021
-2.836021
-2.836021
-2.836021
-2.836021
-2.836021
-2.836021
-2.836021
-2.836021
-2.836021
-2.836021
-2.836021
-2.836021
-2.836021
-2.836021
-2.642128
-3.844862
-5.250150
-3.130567
-3.093520
-3.004948
-3.004948
-3.004948
-3.004948
-3.004948
-3.004948
-3.004948
-3.004948
-3.004948
-3.004948
-3.004948
-3.004948
-3.004948
-3.004948
-3.004948
-3.004948
-3.004948
-3.004948
-3.004948
-3.004948
-3.004948
-3.004948
-3.004948
-2.798690
-2.418326
8.191422
6.489122
7.766961
7.863056
7.863056
7.863056
7.863056
7.863056
7.863056
7.863056
7.863056
7.863056
7.863056
7.863056
7.863056
7.863056
7.863056
7.863056
7.863056
7.863056
7.863056
7.863056
7.863056
7.863056
7.863056
7.863056
7.303452
8.315463
2.137123
1.510597
1.533949
1.520124
1.520124
1.520124
1.520124
1.520124
1.520124
1.520124
1.520124
1.520124
1.520124
1.520124
1.520124
1.520124
1.520124
1.520124
1.520124
1.520124
1.520124
1.520124
1.520124
1.520124
1.520124
1.520124
1.076708
-0.099817
2.467690
0.379864
-0.042516
0.038963
0.038963
0.038963
0.038963
0.038963
0.038963
0.038963
0.038963
0.038963
0.038963
0.038963
0.038963
0.038963
0.038963
0.038963
0.038963
0.038963
0.038963
0.038963
0.038963
0.038963
0.038963
0.038963
-0.308877
-0.939728
2.450709
0.292135
-0.151385
-0.079258
-0.079258
-0.079258
-0.079258
-0.079258
-0.079258
-0.079258
-0.079258
-0.083405
0.130730
0.449487
1.213485
2.884835
3.039724
0.653898
0.289265
0.111621
-0.063799
-0.078428
-0.079258
-0.079258
-0.079258
-0.079258
-0.482972
-1.012209
2.450709
0.292135
-0.151385
-0.079258
-0.079258
-0.079258
-0.079258
-0.079258
-0.079258
-0.064319
0.292471
0.641734
2.011119
3.917775
8.490705
4.279281
8.682652
8.767408
4.106363
3.288840
1.406434
0.116124
0.159556
-0.085655
-0.079258
-0.079258
-0.482972
-1.012209
2.450709
0.292135
-0.151385
-0.079258
-0.079258
-0.079258
-0.079258
-0.079258
0.118881
0.938699
2.042367
4.216620
9.139562
13.027039
12.165639
13.078522
9.943941
9.114610
6.787903
6.933686
9.270233
3.722201
0.332325
0.062226
-0.072608
-0.079258
-0.482972
-1.012209
2.450709
0.292135
-0.151385
-0.079258
-0.079258
-0.079258
-0.079258
-0.042315
-0.077306
2.364910
4.403841
7.968249
4.006886
7.881552
13.982608
8.330840
8.666880
11.696008
4.827897
9.076666
6.997935
-5.358668
-0.495154
-0.704417
0.060702
-0.078428
-0.482972
-1.012209
2.450709
0.292135
-0.151385
-0.079258
-0.079258
-0.079258
-0.079258
0.088731
-2.128259
-8.711073
-9.004857
6.750890
10.582934
6.244316
5.043621
3.230193
3.296024
4.506339
5.821371
6.805241
7.300373
1.412254
-6.494297
-2.600024
-0.121479
-0.043875
-0.482972
-1.012209
2.450709
0.292135
-0.151385
-0.079258
-0.079258
-0.079258
-0.011724
-0.651185
-5.928226
-6.447923
-5.360021
4.259231
4.088923
3.141129
2.258118
2.230752
2.219225
2.229205
2.530426
2.876695
0.464407
-1.178617
-1.548159
-3.987795
-2.134795
0.069347
-0.475971
-1.012209
2.450709
0.292135
-0.151385
-0.079258
-0.079258
-0.079258
0.115192
-2.587446
-9.579546
-7.252343
-2.412312
2.432920
2.294238
2.222042
2.230438
2.231389
2.231389
2.231389
2.231389
2.257927
2.199065
-0.090253
-2.479783
-4.860321
-2.941400
-0.429564
-0.243921
-1.012209
2.450709
0.292135
-0.151385
-0.079258
-0.079258
-0.035528
-0.686407
-5.826261
-8.365577
-8.249961
0.202205
2.499529
2.233479
2.231389
2.231389
2.231389
2.231389
2.231389
2.231389
2.231531
2.379350
1.681284
1.067659
0.932658
-16.299408
-2.425767
0.448173
-1.012209
2.450709
0.292135
-0.151385
-0.079258
-0.079258
0.104686
-2.637348
-8.882934
-8.488249
-2.690841
2.291291
2.285197
2.231389
2.231389
2.231389
2.231389
2.231389
2.231389
2.231389
2.231389
2.232844
2.509090
-0.205118
-2.092490
-7.545481
-8.170271
0.775691
-1.012209
2.450709
0.292135
-0.151385
-0.079258
-0.079258
-0.534379
-6.250956
-18.005009
-9.401050
-1.634966
2.486880
2.233865
2.231389
2.231389
2.231389
2.231389
2.231389
2.231389
2.231389
2.231389
2.231389
2.245876
0.602339
-11.983421
-8.755248
-4.571966
0.536290
-1.012209
2.450709
0.292135
-0.151385
-0.079258
-0.079258
-0.234956
-4.422071
-16.762403
-18.122944
-2.904918
2.571968
2.231389
2.231389
2.231389
2.231389
2.231389
2.231389
2.231389
2.231389
2.231389
2.231389
2.264831
0.023913
-7.584135
-9.356121
-5.577670
0.648076
-1.012209
2.450709
0.292135
-0.151385
-0.079258
-0.079258
-0.050779
-2.902532
-11.929971
-20.018581
-5.267911
2.248021
2.231750
2.231389
2.231389
2.231389
2.231389
2.231389
2.231389
2.231389
2.231389
2.231389
2.284384
-0.591233
-11.062438
-12.734278
-5.012479
0.563545
-1.012209
2.450709
0.292135
-0.151385
-0.079258
-0.079258
-0.093250
-2.002816
-8.439218
-10.014780
-6.910577
1.338205
2.250756
2.231389
2.231389
2.231389
2.231389
2.231389
2.231389
2.231389
2.231389
2.231821
2.420979
-2.077783
-10.334178
-6.797078
-2.905539
0.199635
-1.012209
2.450709
0.292135
-0.151385
-0.079258
-0.079258
-0.079258
-0.966706
-8.791725
-18.502296
-10.447111
-0.364249
2.307272
2.232530
2.231389
2.231389
2.231389
2.231389
2.231389
2.231389
2.231389
2.325368
2.048096
-1.691631
-9.267620
-6.449626
-1.746065
-0.295210
-1.012209
2.450709
0.292135
-0.151385
-0.079258
-0.079258
-0.079258
-0.209923
-2.661249
-12.032773
-19.161823
-0.532441
2.032394
2.422818
2.234559
2.231389
2.231389
2.231389
2.231389
2.231389
2.333715
2.110400
1.931252
4.818978
0.509579
-2.716871
-0.927055
-0.377312
-1.012209
2.450709
0.292135
-0.151385
-0.079258
-0.079258
-0.079258
-0.073874
-0.705611
-5.184745
3.408908
12.958256
5.260394
2.343725
2.338592
2.244555
2.231389
2.231389
2.231389
2.333291
2.373685
1.496765
3.651808
9.293928
-1.547643
1.884030
0.098485
-0.469523
-1.012209
2.450709
0.292135
-0.151385
-0.079258
-0.079258
-0.079258
-0.094638
-0.288867
1.482258
2.943346
1.754275
4.796420
6.193223
2.517935
3.180350
3.177077
3.143783
3.385930
3.668430
3.028932
3.776868
11.332967
-2.787443
1.301832
0.831608
-0.015979
-0.480734
-1.012209
2.450709
0.292135
-0.151385
-0.079258
-0.079258
-0.079258
-0.079258
-0.049311
0.746942
2.176163
8.608858
6.996567
13.633028
7.961090
8.934048
9.659721
9.102432
7.000846
4.889183
4.056406
10.017910
1.406291
2.696291
0.858362
-0.033733
-0.077102
-0.482972
-1.012209
2.450709
0.292135
-0.151385
-0.079258
-0.079258
-0.079258
-0.079258
-0.073229
-0.094533
0.097413
0.299208
3.501120
4.455620
-3.638594
4.557831
5.174160
-0.699088
1.173149
4.024487
-8.101728
0.004567
1.976539
1.122184
-0.006027
-0.078306
-0.079258
-0.482972
-1.012209
2.450709
0.292135
-0.151385
-0.079258
-0.079258
-0.079258
-0.079258
-0.079258
-0.079680
-0.087714
0.042527
0.295699
3.655657
-5.213020
2.901674
4.718316
3.931539
2.686360
4.175373
3.350619
2.051158
0.873878
0.004268
-0.077196
-0.079258
-0.079258
-0.482972
-1.012209
2.450709
0.292135
-0.151385
-0.079258
-0.079258
-0.079258
-0.079258
-0.079258
-0.079258
-0.079258
-0.093407
0.022510
0.861825
3.429178
4.436319
4.073513
3.842765
3.001556
1.674119
1.187349
0.557908
-0.091191
-0.077345
-0.079258
-0.079258
-0.079258
-0.482972
-1.012209
2.450709
0.292135
-0.151385
-0.079258
-0.079258
-0.079258
-0.079258
-0.079258
-0.079258
-0.079258
-0.079258
-0.080207
-0.078746
-0.078501
-0.083430
-0.040969
-0.069234
-0.080554
-0.079197
-0.079258
-0.079258
-0.079258
-0.079258
-0.079258
-0.079258
-0.079258
-0.482972
-1.012209
2.450709
0.292135
-0.151385
-0.079258
-0.079258
-0.079258
-0.079258
-0.079258
-0.079258
-0.079258
-0.079258
-0.079258
-0.079258
-0.079258
-0.079258
-0.079258
-0.079258
-0.079258
-0.079258
-0.079258
-0.079258
-0.079258
-0.079258
-0.079258
-0.079258
-0.079258
-0.482972
-1.012209
2.380106
1.420832
1.286616
1.390750
1.390750
1.390750
1.390750
1.390750
1.390750
1.390750
1.390750
1.390750
1.390750
1.390750
1.390750
1.390750
1.390750
1.390750
1.390750
1.390750
1.390750
1.390750
1.390750
1.390750
1.390750
1.390750
0.950968
-0.180658
12.236472
7.675058
8.278253
8.344913
8.344913
8.344913
8.344913
8.344913
8.344913
8.344913
8.344913
8.344913
8.344913
8.344913
8.344913
8.344913
8.344913
8.344913
8.344913
8.344913
8.344913
8.344913
8.344913
8.344913
8.344913
8.344913
7.454178
7.511562
4.468451
1.341304
1.764407
1.682367
1.682367
1.682367
1.682367
1.682367
1.682367
1.682367
1.682367
1.682367
1.682367
1.682367
1.682367
1.682367
1.682367
1.682367
1.682367
1.682367
1.682367
1.682367
1.682367
1.682367
1.682367
1.682367
1.644931
4.230335
2.079985
-0.275532
-0.071718
-0.154075
-0.154075
-0.154075
-0.154075
-0.154075
-0.154075
-0.154075
-0.154075
-0.154075
-0.154075
-0.154075
-0.154075
-0.154075
-0.154075
-0.154075
-0.154075
-0.154075
-0.154075
-0.154075
-0.154075
-0.154075
-0.154075
-0.154075
-0.207011
2.675227
3.461247
1.140387
1.348299
1.229992
1.229992
1.229992
1.229992
1.229992
1.229992
1.229992
1.229992
1.229992
1.229992
1.229992
1.229992
1.229992
1.229992
1.229992
1.229992
1.229992
1.229992
1.229992
1.229992
1.229992
1.229992
1.229992
1.193754
3.951046
3.321420
1.084068
1.311881
1.199999
1.199999
1.199999
1.199999
1.199999
1.199999
1.199999
1.199999
1.198689
1.198670
1.169274
1.660025
2.795570
2.118832
1.171504
1.174802
1.200143
1.190378
1.199826
1.199999
1.199999
1.199999
1.199999
1.171284
3.805603
3.321420
1.084068
1.311881
1.199999
1.199999
1.199999
1.199999
1.199999
1.199999
1.205292
1.197318
1.217864
2.054608
2.937675
6.821696
12.067976
8.766401
4.941172
2.803664
2.488122
1.328838
1.192571
1.233431
1.209216
1.199999
1.199999
1.171284
3.805603
3.321420
1.084068
1.311881
1.199999
1.199999
1.199999
1.199999
1.199999
1.210860
1.217918
2.191365
3.552555
7.636724
14.850551
20.825813
18.427725
15.942288
18.396442
15.091500
10.402869
6.033924
3.304297
1.808308
1.275021
1.203268
1.199999
1.171284
3.805603
3.321420
1.084068
1.311881
1.199999
1.199999
1.199999
1.199999
1.190142
1.239060
1.638524
6.309459
17.480600
19.473118
13.952587
8.916637
8.826210
10.136045
11.081758
11.162941
16.732283
17.219578
14.511026
3.378087
1.851971
1.269457
1.199826
1.171284
3.805603
3.321420
1.084068
1.311881
1.199999
1.199999
1.199999
1.199999
1.233670
1.756135
5.007029
20.117134
11.737267
8.004348
8.621215
9.903383
9.981030
9.854898
9.746974
9.608465
9.462193
10.877959
21.063650
9.919125
2.362966
1.388992
1.225635
1.171284
3.805603
3.321420
1.084068
1.311881
1.199999
1.199999
1.199999
1.197858
1.377669
1.707820
17.255177
10.802884
9.233198
10.038570
9.748502
9.356710
9.203488
9.201273
9.275370
9.430305
9.774604
10.378196
11.798564
18.871445
4.233663
2.296824
1.273495
1.173229
3.805603
3.321420
1.084068
1.311881
1.199999
1.199999
1.199999
1.187057
1.731314
4.600161
18.372864
8.331070
10.358571
9.367996
9.202925
9.189866
9.189312
9.189312
9.189312
9.189312
9.208689
9.619598
10.576934
13.350752
16.324455
2.608508
1.942692
1.218519
3.805603
3.321420
1.084068
1.311881
1.199999
1.199999
1.202029
1.421036
1.577518
15.791480
9.953691
9.720709
9.512754
9.193897
9.189312
9.189312
9.189312
9.189312
9.189312
9.189312
9.189438
9.295225
10.077177
11.066845
20.451981
10.730231
1.808651
1.249544
3.805603
3.321420
1.084068
1.311881
1.199999
1.199999
1.220370
1.745137
6.205018
15.881099
8.542249
10.077701
9.268479
9.189312
9.189312
9.189312
9.189312
9.189312
9.189312
9.189312
9.189312
9.193957
9.361718
10.852560
9.809936
10.989410
1.510989
1.315624
3.805603
3.321420
1.084068
1.311881
1.199999
1.199999
1.314660
0.951161
12.781260
11.835618
9.963374
9.674797
9.196428
9.189312
9.189312
9.189312
9.189312
9.189312
9.189312
9.189312
9.189312
9.189312
9.208775
10.590404
10.966991
8.147490
0.512263
1.533086
3.805603
3.321420
1.084068
1.311881
1.199999
1.199999
1.336608
1.486115
8.633987
11.407105
9.731237
9.596828
9.189312
9.189312
9.189312
9.189312
9.189312
9.189312
9.189312
9.189312
9.189312
9.189312
9.192825
10.639833
9.243462
6.878862
2.103049
1.462253
3.805603
3.321420
1.084068
1.311881
1.199999
1.199999
1.274643
1.756602
2.728442
11.269600
9.453937
9.858500
9.189775
9.189312
9.189312
9.189312
9.189312
9.189312
9.189312
9.189312
9.189312
9.189312
9.233038
10.806589
9.926180
5.737010
1.941082
1.358146
3.805603
3.321420
1.084068
1.311881
1.199999
1.199999
1.216835
1.553971
2.138125
12.357057
9.272068
10.159063
9.190013
9.189312
9.189312
9.189312
9.189312
9.189312
9.189312
9.189312
9.189312
9.189629
9.390055
10.921597
10.084122
4.032134
1.842651
1.305181
3.805603
3.321420
1.084068
1.311881
1.199999
1.199999
1.199999
1.464638
0.980270
11.073656
9.116175
10.339270
9.274088
9.189645
9.189312
9.189312
9.189312
9.189312
9.189312
9.189312
9.189312
9.269712
9.867037
10.683716
11.152599
3.891607
2.219353
1.270222
3.805603
3.321420
1.084068
1.311881
1.199999
1.199999
1.199999
1.322644
1.379280
7.989240
12.094861
10.175281
9.779419
9.263063
9.190970
9.189312
9.189312
9.189312
9.189312
9.189312
9.220406
9.887533
10.958585
9.070108
8.810781
0.989262
1.783139
1.208083
3.805603
3.321420
1.084068
1.311881
1.199999
1.199999
1.199999
1.275460
1.868443
1.574655
7.058575
8.962772
10.401943
10.191468
9.354241
9.191393
9.189312
9.189312
9.189312
9.261522
9.763084
10.870645
8.294739
7.842992
0.983753
1.944209
1.487378
1.187113
3.805603
3.321420
1.084068
1.311881
1.199999
1.199999
1.199999
1.214676
1.588269
1.401458
-0.769369
8.439671
12.298471
10.055405
10.755804
9.892412
9.610216
9.550672
9.750456
10.277623
11.050250
9.160366
9.500809
1.796976
1.836456
1.582544
1.244805
1.170721
3.805603
3.321420
1.084068
1.311881
1.199999
1.199999
1.199999
1.199999
1.281017
1.549997
1.810093
-1.489627
4.887489
9.939740
10.352839
9.687775
8.602186
7.956143
9.050955
8.100294
10.583801
9.087556
0.302460
1.737847
1.562098
1.263655
1.202320
1.171284
3.805603
3.321420
1.084068
1.311881
1.199999
1.199999
1.199999
1.199999
1.199788
1.264635
1.492014
1.706740
0.769018
0.800873
7.976097
8.616217
7.712354
8.915120
8.979495
5.862316
4.594657
1.707167
1.861557
1.595712
1.264227
1.204930
1.199999
1.171284
3.805603
3.321420
1.084068
1.311881
1.199999
1.199999
1.199999
1.199999
1.199999
1.200990
1.244757
1.350488
1.685651
1.030145
-1.046279
-1.590425
-1.260973
-1.659075
-1.815075
-1.506770
-0.699363
1.762653
1.505728
1.257360
1.203257
1.199999
1.199999
1.171284
3.805603
3.321420
1.084068
1.311881
1.199999
1.199999
1.199999
1.199999
1.199999
1.199999
1.199999
1.217007
1.302362
1.608273
1.545663
1.721851
1.736495
1.735449
1.664952
1.556899
1.485622
1.398831
1.250674
1.204244
1.199999
1.199999
1.199999
1.171284
3.805603
3.321420
1.084068
1.311881
1.199999
1.199999
1.199999
1.199999
1.199999
1.199999
1.199999
1.199999
1.200791
1.205617
1.213453
1.230035
1.231112
1.219895
1.205933
1.200116
1.199999
1.199999
1.199999
1.199999
1.199999
1.199999
1.199999
1.171284
3.805603
3.321420
1.084068
1.311881
1.199999
1.199999
1.199999
1.199999
1.199999
1.199999
1.199999
1.199999
1.199999
1.199999
1.199999
1.199999
1.199999
1.199999
1.199999
1.199999
1.199999
1.199999
1.199999
1.199999
1.199999
1.199999
1.199999
1.171284
3.805603
2.949855
0.750627
1.023478
0.931037
0.931037
0.931037
0.931037
0.931037
0.931037
0.931037
0.931037
0.931037
0.931037
0.931037
0.931037
0.931037
0.931037
0.931037
0.931037
0.931037
0.931037
0.931037
0.931037
0.931037
0.931037
0.931037
0.741144
3.048519
6.442506
3.110451
2.847413
2.962155
2.962155
2.962155
2.962155
2.962155
2.962155
2.962155
2.962155
2.962155
2.962155
2.962155
2.962155
2.962155
2.962155
2.962155
2.962155
2.962155
2.962155
2.962155
2.962155
2.962155
2.962155
2.962155
2.339348
5.485305
-4.403239
-6.191062
-6.109817
-6.083005
-6.083005
-6.083005
-6.083005
-6.083005
-6.083005
-6.083005
-6.083005
-6.083005
-6.083005
-6.083005
-6.083005
-6.083005
-6.083005
-6.083005
-6.083005
-6.083005
-6.083005
-6.083005
-6.083005
-6.083005
-6.083005
-6.083005
-5.968573
-4.316043
-1.618480
-3.679814
-3.839889
-3.768240
-3.768240
-3.768240
-3.768240
-3.768240
-3.768240
-3.768240
-3.768240
-3.768240
-3.768240
-3.768240
-3.768240
-3.768240
-3.768240
-3.768240
-3.768240
-3.768240
-3.768240
-3.768240
-3.768240
-3.768240
-3.768240
-3.768240
-3.456075
-2.613288
-2.791186
-4.967309
-4.959556
-4.821942
-4.821942
-4.821942
-4.821942
-4.821942
-4.821942
-4.821942
-4.821942
-4.821942
-4.821942
-4.821942
-4.821942
-4.821942
-4.821942
-4.821942
-4.821942
-4.821942
-4.821942
-4.821942
-4.821942
-4.821942
-4.821942
-4.821942
-4.560035
-3.376936
-2.785372
-5.030386
-5.042570
-4.906417
-4.906417
-4.906417
-4.906417
-4.906417
-4.906417
-4.906417
-4.906417
-4.938916
-5.004544
-4.896091
-4.665085
-4.361710
-4.224893
-4.969942
-5.042948
-5.003800
-4.918057
-4.906514
-4.906417
-4.906417
-4.906417
-4.906417
-4.654580
-3.540415
-2.785372
-5.030386
-5.042570
-4.906417
-4.906417
-4.906417
-4.906417
-4.906417
-4.906417
-4.944225
-5.024859
-4.804974
-4.321687
-2.318048
-2.663683
-0.305307
-2.973272
-0.169768
-2.655676
-3.974473
-4.566973
-5.049729
-5.011723
-4.917691
-4.906417
-4.906417
-4.654580
-3.540415
-2.785372
-5.030386
-5.042570
-4.906417
-4.906417
-4.906417
-4.906417
-4.906417
-4.998115
-4.881925
-4.224136
-1.158946
-1.327737
-0.927370
5.431439
5.578366
9.254570
6.129335
1.080698
-2.630353
-0.904345
-1.499812
-5.312988
-5.088818
-4.912622
-4.906417
-4.654580
-3.540415
-2.785372
-5.030386
-5.042570
-4.906417
-4.906417
-4.906417
-4.906417
-4.937263
-4.849406
-1.987546
-2.884079
2.035356
5.489151
8.213455
6.550414
1.901398
4.200968
8.006476
6.486813
10.434875
5.832695
2.398760
-0.109384
-5.436583
-5.009175
-4.906514
-4.654580
-3.540415
-2.785372
-5.030386
-5.042570
-4.906417
-4.906417
-4.906417
-4.906417
-4.971580
-3.658746
-3.153431
9.488864
8.314618
6.180099
1.638436
1.240257
1.351082
1.099560
1.005535
1.464888
1.976591
8.930595
8.278174
3.342161
-2.646606
-5.359560
-4.932775
-4.654580
-3.540415
-2.785372
-5.030386
-5.042570
-4.906417
-4.906417
-4.906417
-4.930584
-4.853993
-2.040382
1.208666
9.417059
2.572276
1.368445
1.702193
1.737204
1.772781
1.765118
1.727334
1.628880
1.363201
0.793048
7.675457
6.910262
1.877697
-4.354276
-5.150263
-4.663454
-3.540415
-2.785372
-5.030386
-5.042570
-4.906417
-4.906417
-4.906417
-4.961193
-3.719637
-3.339597
5.903925
5.465887
1.253861
1.703304
1.768425
1.774091
1.774492
1.774492
1.774492
1.774492
1.750513
1.448838
2.194248
8.609232
3.579435
0.917170
-5.330438
-4.720387
-3.540415
-2.785372
-5.030386
-5.042570
-4.906417
-4.906417
-4.938412
-4.933735
-2.209263
1.346742
8.436278
2.529590
1.701073
1.772689
1.774492
1.774492
1.774492
1.774492
1.774492
1.774492
1.774446
1.669866
1.080377
5.879830
9.894456
0.564997
-2.037260
-4.831654
-3.540415
-2.785372
-5.030386
-5.042570
-4.906417
-4.906417
-4.877753
-3.380047
-0.048350
7.413465
6.652706
1.449639
1.748827
1.774492
1.774492
1.774492
1.774492
1.774492
1.774492
1.774492
1.774492
1.767041
1.586196
1.291545
9.718364
8.667006
-2.022435
-4.845862
-3.540415
-2.785372
-5.030386
-5.042570
-4.906417
-4.906417
-4.982071
-2.978550
1.858203
9.228926
3.933588
1.758291
1.771644
1.774492
1.774492
1.774492
1.774492
1.774492
1.774492
1.774492
1.774492
1.774492
1.745511
2.076735
5.182901
1.209533
-0.948231
-4.903806
-3.540415
-2.785372
-5.030386
-5.042570
-4.906417
-4.906417
-5.019238
-3.207551
-2.253649
3.236260
5.198408
1.726859
1.774492
1.774492
1.774492
1.774492
1.774492
1.774492
1.774492
1.774492
1.774492
1.774492
1.781980
2.202624
4.000221
-1.700176
-2.841987
-4.703118
-3.540415
-2.785372
-5.030386
-5.042570
-4.906417
-4.906417
-4.974406
-4.360325
-1.328696
7.130242
5.464516
1.615316
1.773953
1.774492
1.774492
1.774492
1.774492
1.774492
1.774492
1.774492
1.774492
1.774492
1.822337
2.945487
2.604990
2.213202
-2.661267
-4.620390
-3.540415
-2.785372
-5.030386
-5.042570
-4.906417
-4.906417
-4.928365
-5.246742
-2.663340
0.735494
6.885311
1.966118
1.775766
1.774492
1.774492
1.774492
1.774492
1.774492
1.774492
1.774492
1.774492
1.772813
1.696028
2.724978
3.133913
-3.069479
-3.148737
-4.610133
-3.540415
-2.785372
-5.030386
-5.042570
-4.906417
-4.906417
-4.906417
-5.244138
-3.510337
0.830587
6.294480
2.812700
1.737918
1.774151
1.774492
1.774492
1.774492
1.774492
1.774492
1.774492
1.774492
1.687526
1.910735
4.139259
1.230056
0.213357
-3.783146
-4.665026
-3.540415
-2.785372
-5.030386
-5.042570
-4.906417
-4.906417
-4.906417
-5.183487
-3.436045
-1.991756
5.371650
4.693150
1.636001
1.707263
1.772108
1.774492
1.774492
1.774492
1.774492
1.774492
1.693043
1.920051
4.479677
6.791427
2.811269
-1.973962
-4.605679
-4.685266
-3.540415
-2.785372
-5.030386
-5.042570
-4.906417
-4.906417
-4.906417
-5.031185
-4.825444
-0.983643
5.076025
6.503580
4.534654
1.748345
1.684706
1.769789
1.774492
1.774492
1.774492
1.672207
2.016516
3.688182
5.597449
8.771508
2.067340
-3.527055
-5.395791
-4.661090
-3.540415
-2.785372
-5.030386
-5.042570
-4.906417
-4.906417
-4.906417
-4.930027
-5.478067
-3.579115
1.669186
3.705333
3.572416
6.082215
1.951235
1.693245
1.565739
1.525537
1.604071
1.601526
4.300696
5.908308
7.808306
1.613857
-3.271462
-5.704569
-4.977759
-4.652578
-3.540415
-2.785372
-5.030386
-5.042570
-4.906417
-4.906417
-4.906417
-4.906417
-5.059678
-5.525487
-4.292195
-0.063782
3.589518
3.480406
6.923954
4.942198
4.361590
4.209604
3.497524
3.428267
6.932175
6.899959
0.643341
-3.812901
-5.772668
-5.014081
-4.908487
-4.654580
-3.540415
-2.785372
-5.030386
-5.042570
-4.906417
-4.906417
-4.906417
-4.906417
-4.906281
-5.024487
-5.422495
-4.885328
-2.395800
1.497769
7.921208
2.392116
6.186433
-1.654375
1.739954
3.549229
4.908133
0.063263
-3.440206
-5.886293
-5.023851
-4.908442
-4.906417
-4.654580
-3.540415
-2.785372
-5.030386
-5.042570
-4.906417
-4.906417
-4.906417
-4.906417
-4.906417
-4.907237
-4.967823
-5.214354
-5.677948
-2.675298
1.088250
1.932223
0.427819
-0.998345
-2.642819
-3.182552
-2.072055
-3.920484
-5.539062
-5.010522
-4.909514
-4.906417
-4.906417
-4.654580
-3.540415
-2.785372
-5.030386
-5.042570
-4.906417
-4.906417
-4.906417
-4.906417
-4.906417
-4.906417
-4.906417
-4.923386
-5.113238
-5.306638
-4.914604
-5.049511
-5.060611
-5.106389
-5.068628
-5.146638
-5.299523
-5.214821
-4.976818
-4.908330
-4.906417
-4.906417
-4.906417
-4.654580
-3.540415
-2.785372
-5.030386
-5.042570
-4.906417
-4.906417
-4.906417
-4.906417
-4.906417
-4.906417
-4.906417
-4.906417
-4.906870
-4.915700
-4.962568
-5.001607
-4.960294
-4.926953
-4.909585
-4.906430
-4.906417
-4.906417
-4.906417
-4.906417
-4.906417
-4.906417
-4.906417
-4.654580
-3.540415
-2.785372
-5.030386
-5.042570
-4.906417
-4.906417
-4.906417
-4.906417
-4.906417
-4.906417
-4.906417
-4.906417
-4.906417
-4.906417
-4.906417
-4.906417
-4.906417
-4.906417
-4.906417
-4.906417
-4.906417
-4.906417
-4.906417
-4.906417
-4.906417
-4.906417
-4.906417
-4.654580
-3.540415
-2.128866
-4.459010
-4.504880
-4.413578
-4.413578
-4.413578
-4.413578
-4.413578
-4.413578
-4.413578
-4.413578
-4.413578
-4.413578
-4.413578
-4.413578
-4.413578
-4.413578
-4.413578
-4.413578
-4.413578
-4.413578
-4.413578
-4.413578
-4.413578
-4.413578
-4.413578
-4.157669
-3.078981
-2.186436
-5.618797
-5.660423
-5.476632
-5.476632
-5.476632
-5.476632
-5.476632
-5.476632
-5.476632
-5.476632
-5.476632
-5.476632
-5.476632
-5.476632
-5.476632
-5.476632
-5.476632
-5.476632
-5.476632
-5.476632
-5.476632
-5.476632
-5.476632
-5.476632
-5.476632
-5.356325
-5.585569
-0.469808
-5.795623
-6.905974
-7.032351
-7.032351
-7.032351
-7.032351
-7.032351
-7.032351
-7.032351
-7.032351
-7.032351
-7.032351
-7.032351
-7.032351
-7.032351
-7.032351
-7.032351
-7.032351
-7.032351
-7.032351
-7.032351
-7.032351
-7.032351
-7.032351
-7.032351
-6.272698
-3.086160
-8.663362
-5.692286
-6.677947
-6.882264
-6.882264
-6.882264
-6.882264
-6.882264
-6.882264
-6.882264
-6.882264
-6.882264
-6.882264
-6.882264
-6.882264
-6.882264
-6.882264
-6.882264
-6.882264
-6.882264
-6.882264
-6.882264
-6.882264
-6.882264
-6.882264
-6.882264
-5.597139
-4.219337
-8.150595
-7.679463
-8.774231
-8.870220
-8.870220
-8.870220
-8.870220
-8.870220
-8.870220
-8.870220
-8.870220
-8.870220
-8.870220
-8.870220
-8.870220
-8.870220
-8.870220
-8.870220
-8.870220
-8.870220
-8.870220
-8.870220
-8.870220
-8.870220
-8.870220
-8.870220
-7.807644
-4.905485
-8.082767
-7.580060
-8.753101
-8.850024
-8.850024
-8.850024
-8.850024
-8.850024
-8.850024
-8.850024
-8.850024
-8.860330
-8.852430
-9.145871
-8.988102
-7.560541
-7.943545
-9.273309
-9.196674
-8.909877
-8.859452
-8.849861
-8.850024
-8.850024
-8.850024
-8.850024
-7.830064
-4.815185
-8.082767
-7.580060
-8.753101
-8.850024
-8.850024
-8.850024
-8.850024
-8.850024
-8.850024
-8.860424
-8.852219
-8.957201
-8.850755
-9.615450
-9.860173
-20.752434
-17.123857
-9.415877
-8.746454
-7.915133
-9.228752
-9.285212
-8.901340
-8.859116
-8.850024
-8.850024
-7.830064
-4.815185
-8.082767
-7.580060
-8.753101
-8.850024
-8.850024
-8.850024
-8.850024
-8.850024
-8.856945
-9.053701
-8.822146
-9.027989
-13.092368
-18.871714
-21.827099
-20.489082
-22.060211
-27.139904
-20.888054
-21.455704
-11.353619
-8.323197
-9.690161
-8.968003
-8.850676
-8.850024
-7.830064
-4.815185
-8.082767
-7.580060
-8.753101
-8.850024
-8.850024
-8.850024
-8.850024
-8.873713
-8.748755
-8.796133
-11.931309
-20.962677
-23.735271
-16.933636
-9.058373
-9.522348
-11.014353
-11.219784
-18.015026
-19.521357
-28.086777
-19.307076
-7.182253
-8.674135
-8.859416
-8.849861
-7.830064
-4.815185
-8.082767
-7.580060
-8.753101
-8.850024
-8.850024
-8.850024
-8.850024
-8.812340
-7.546476
-7.814572
-24.367073
-13.704727
-9.499727
-10.494187
-11.201043
-11.214556
-11.125051
-11.198016
-10.793731
-10.096178
-9.393569
-17.250053
-10.406155
-7.074601
-8.909034
-8.854696
-7.830064
-4.815185
-8.082767
-7.580060
-8.753101
-8.850024
-8.850024
-8.850024
-8.858167
-8.489615
-7.830208
-15.213903
-9.842145
-8.439154
-11.407771
-10.973169
-10.717216
-10.788745
-10.794728
-10.763355
-10.711414
-10.922642
-11.052387
-9.060573
-17.088263
-8.302908
-8.337349
-8.996696
-7.831251
-4.815185
-8.082767
-7.580060
-8.753101
-8.850024
-8.850024
-8.850024
-8.838629
-8.075198
-9.277737
-14.382099
-7.816734
-11.128899
-10.721830
-10.790379
-10.795705
-10.796093
-10.796093
-10.796093
-10.796093
-10.796654
-10.924511
-11.013126
-13.151452
-11.768579
-6.448229
-8.635181
-7.801631
-4.815185
-8.082767
-7.580060
-8.753101
-8.850024
-8.850024
-8.855429
-8.471250
-8.749654
-14.510247
-9.230288
-10.688979
-10.864100
-10.793590
-10.796093
-10.796093
-10.796093
-10.796093
-10.796093
-10.796093
-10.795940
-10.777233
-11.347741
-8.081665
-16.003605
-12.528039
-7.128207
-7.778554
-4.815185
-8.082767
-7.580060
-8.753101
-8.850024
-8.850024
-8.822175
-7.740309
-9.333794
-11.938470
-9.057203
-11.091463
-10.765908
-10.796093
-10.796093
-10.796093
-10.796093
-10.796093
-10.796093
-10.796093
-10.796093
-10.796686
-10.745811
-10.950971
-7.352134
-11.062166
-7.332128
-7.387493
-4.815185
-8.082767
-7.580060
-8.753101
-8.850024
-8.850024
-8.846601
-7.687562
-9.648647
-6.236308
-11.031024
-10.878770
-10.792427
-10.796093
-10.796093
-10.796093
-10.796093
-10.796093
-10.796093
-10.796093
-10.796093
-10.796093
-10.797489
-9.799169
-4.375683
-1.660474
-6.994675
-7.652059
-4.815185
-8.082767
-7.580060
-8.753101
-8.850024
-8.850024
-8.817080
-7.848807
-7.666686
-11.516079
-9.944294
-10.699580
-10.796093
-10.796093
-10.796093
-10.796093
-10.796093
-10.796093
-10.796093
-10.796093
-10.796093
-10.796093
-10.786602
-9.319337
-3.935120
-5.538753
-6.562958
-7.448899
-4.815185
-8.082767
-7.580060
-8.753101
-8.850024
-8.850024
-8.853323
-7.598468
-9.984048
-15.227747
-8.837178
-11.035574
-10.796104
-10.796093
-10.796093
-10.796093
-10.796093
-10.796093
-10.796093
-10.796093
-10.796093
-10.796093
-10.820474
-9.625420
-1.395172
-3.716243
-6.763060
-7.411417
-4.815185
-8.082767
-7.580060
-8.753101
-8.850024
-8.850024
-8.858517
-8.180286
-11.107783
-14.385508
-8.214148
-10.638078
-10.789269
-10.796093
-10.796093
-10.796093
-10.796093
-10.796093
-10.796093
-10.796093
-10.796093
-10.795869
-10.859488
-10.176542
-6.182935
-6.841718
-6.295197
-7.483882
-4.815185
-8.082767
-7.580060
-8.753101
-8.850024
-8.850024
-8.850024
-8.656294
-7.974199
-15.789456
-7.978200
-9.969577
-10.777950
-10.795839
-10.796093
-10.796093
-10.796093
-10.796093
-10.796093
-10.796093
-10.796093
-10.829245
-11.097293
-8.510767
-7.849868
-7.173236
-5.685158
-7.707877
-4.815185
-8.082767
-7.580060
-8.753101
-8.850024
-8.850024
-8.850024
-8.729277
-7.226925
-10.632573
-11.884953
-9.262612
-11.349892
-10.745005
-10.790818
-10.796093
-10.796093
-10.796093
-10.796093
-10.796093
-10.814431
-11.144394
-9.224790
-7.003109
-9.358946
-5.655171
-8.179606
-7.774105
-4.815185
-8.082767
-7.580060
-8.753101
-8.850024
-8.850024
-8.850024
-8.877445
-7.923071
-11.050586
-15.937843
-6.911877
-9.771267
-11.752613
-10.808413
-10.790495
-10.796093
-10.796093
-10.796093
-10.829473
-11.104509
-10.157086
-5.636069
-12.935011
-4.096891
-8.455848
-8.810016
-7.823520
-4.815185
-8.082767
-7.580060
-8.753101
-8.850024
-8.850024
-8.850024
-8.854136
-9.022947
-8.678288
-10.655738
-20.969288
-15.658800
-7.687295
-11.834314
-11.253922
-11.312878
-11.450432
-11.167526
-10.869724
-9.506248
-6.428476
-13.064289
-7.270141
-7.906291
-8.506821
-8.772581
-7.830756
-4.815185
-8.082767
-7.580060
-8.753101
-8.850024
-8.850024
-8.850024
-8.850024
-8.784105
-8.977817
-8.148970
-5.481273
-16.260265
-19.462666
-11.825014
-9.227660
-8.754597
-10.255802
-11.151548
-13.568583
-9.403844
-15.318697
-3.859455
-8.698528
-8.393553
-8.748941
-8.848652
-7.830064
-4.815185
-8.082767
-7.580060
-8.753101
-8.850024
-8.850024
-8.850024
-8.850024
-8.848202
-8.861677
-9.056731
-9.152341
-7.457297
-13.614767
-22.932705
-12.795343
-20.716141
-21.047642
-18.109585
-15.689077
-18.066580
-4.288720
-7.695783
-8.387207
-8.699652
-8.847086
-8.850024
-7.830064
-4.815185
-8.082767
-7.580060
-8.753101
-8.850024
-8.850024
-8.850024
-8.850024
-8.850024
-8.849971
-8.857317
-8.836143
-9.346287
-8.064364
-13.311876
-13.214076
-13.718847
-12.380659
-11.921257
-8.772405
-7.994359
-9.555485
-8.535271
-8.742403
-8.847986
-8.850024
-8.850024
-7.830064
-4.815185
-8.082767
-7.580060
-8.753101
-8.850024
-8.850024
-8.850024
-8.850024
-8.850024
-8.850024
-8.850024
-8.853683
-8.803139
-9.113295
-8.825856
-8.006013
-8.253407
-8.710727
-8.765261
-9.231741
-9.095433
-8.794491
-8.787714
-8.848320
-8.850024
-8.850024
-8.850024
-7.830064
-4.815185
-8.082767
-7.580060
-8.753101
-8.850024
-8.850024
-8.850024
-8.850024
-8.850024
-8.850024
-8.850024
-8.850024
-8.849789
-8.842943
-8.877620
-8.894033
-8.876982
-8.838795
-8.847231
-8.850006
-8.850024
-8.850024
-8.850024
-8.850024
-8.850024
-8.850024
-8.850024
-7.830064
-4.815185
-8.082767
-7.580060
-8.753101
-8.850024
-8.850024
-8.850024
-8.850024
-8.850024
-8.850024
-8.850024
-8.850024
-8.850024
-8.850024
-8.850024
-8.850024
-8.850024
-8.850024
-8.850024
-8.850024
-8.850024
-8.850024
-8.850024
-8.850024
-8.850024
-8.850024
-8.850024
-7.830064
-4.815185
-8.490343
-7.615527
-8.500433
-8.668295
-8.668295
-8.668295
-8.668295
-8.668295
-8.668295
-8.668295
-8.668295
-8.668295
-8.668295
-8.668295
-8.668295
-8.668295
-8.668295
-8.668295
-8.668295
-8.668295
-8.668295
-8.668295
-8.668295
-8.668295
-8.668295
-8.668295
-7.720985
-5.179552
-3.588415
-4.510089
-6.070320
-6.089836
-6.089836
-6.089836
-6.089836
-6.089836
-6.089836
-6.089836
-6.089836
-6.089836
-6.089836
-6.089836
-6.089836
-6.089836
-6.089836
-6.089836
-6.089836
-6.089836
-6.089836
-6.089836
-6.089836
-6.089836
-6.089836
-6.089836
-4.962071
-1.201801
2.309029
-6.146046
-6.139006
-6.071281
-6.071281
-6.071281
-6.071281
-6.071281
-6.071281
-6.071281
-6.071281
-6.071281
-6.071281
-6.071281
-6.071281
-6.071281
-6.071281
-6.071281
-6.071281
-6.071281
-6.071281
-6.071281
-6.071281
-6.071281
-6.071281
-6.071281
-5.775799
-9.985283
-4.407105
-2.166363
-1.446170
-1.473284
-1.473284
-1.473284
-1.473284
-1.473284
-1.473284
-1.473284
-1.473284
-1.473284
-1.473284
-1.473284
-1.473284
-1.473284
-1.473284
-1.473284
-1.473284
-1.473284
-1.473284
-1.473284
-1.473284
-1.473284
-1.473284
-1.473284
-0.793556
-6.677421
-3.566986
-2.635887
-1.902832
-2.026994
-2.026994
-2.026994
-2.026994
-2.026994
-2.026994
-2.026994
-2.026994
-2.026994
-2.026994
-2.026994
-2.026994
-2.026994
-2.026994
-2.026994
-2.026994
-2.026994
-2.026994
-2.026994
-2.026994
-2.026994
-2.026994
-2.026994
-0.871333
-7.756402
-3.665745
-2.681840
-1.974231
-2.076369
-2.076369
-2.076369
-2.076369
-2.076369
-2.076369
-2.076369
-2.076369
-2.100772
-2.085208
-2.252581
-0.990310
-0.041244
-1.028027
-1.854551
-1.990554
-1.968039
-2.066663
-2.076295
-2.076369
-2.076369
-2.076369
-2.076369
-0.898219
-7.655448
-3.665745
-2.681840
-1.974231
-2.076369
-2.076369
-2.076369
-2.076369
-2.076369
-2.076369
-2.096074
-2.032165
-2.018660
-0.366585
0.044298
3.318081
6.303952
-0.457600
-2.393327
-1.076697
-0.865822
-1.788776
-2.152830
-2.054459
-2.084347
-2.076369
-2.076369
-0.898219
-7.655448
-3.665745
-2.681840
-1.974231
-2.076369
-2.076369
-2.076369
-2.076369
-2.076369
-2.152538
-2.160642
-0.558782
0.745047
7.936249
13.364204
16.490896
9.836531
6.344942
3.733092
2.549943
0.972389
-3.812411
-2.662776
-2.957353
-2.344876
-2.079096
-2.076369
-0.898219
-7.655448
-3.665745
-2.681840
-1.974231
-2.076369
-2.076369
-2.076369
-2.076369
-2.115336
-2.295213
0.033189
6.780638
11.751028
8.144950
8.384966
7.807405
0.391484
-0.016087
3.711706
3.201021
4.908327
4.598863
6.800586
-5.268023
-3.516925
-2.042060
-2.076295
-0.898219
-7.655448
-3.665745
-2.681840
-1.974231
-2.076369
-2.076369
-2.076369
-2.076369
-2.045800
-1.305236
10.852047
16.814539
9.756874
3.999790
1.516148
3.250342
2.635532
2.725956
2.863602
2.443842
0.776882
4.863536
21.651871
4.347092
-5.046291
-2.862863
-2.048190
-0.898219
-7.655448
-3.665745
-2.681840
-1.974231
-2.076369
-2.076369
-2.076369
-2.094122
-2.114458
-0.747467
14.661055
12.312748
2.177540
3.120524
2.507713
2.552110
2.349492
2.352368
2.435249
2.677531
2.569509
1.933327
11.983847
15.056624
0.498318
-4.299825
-2.301970
-0.909779
-7.655448
-3.665745
-2.681840
-1.974231
-2.076369
-2.076369
-2.076369
-2.019826
-1.475750
8.668036
19.069227
3.236760
2.605632
2.520255
2.359673
2.348239
2.347526
2.347526
2.347526
2.347526
2.358751
1.852093
0.020176
12.091694
7.103278
-5.269171
-3.114071
-0.822620
-7.655448
-3.665745
-2.681840
-1.974231
-2.076369
-2.076369
-2.086468
-2.179528
-0.835541
16.495245
12.859802
0.921061
2.315318
2.354175
2.347526
2.347526
2.347526
2.347526
2.347526
2.347526
2.347320
2.453830
2.234635
2.335141
18.023376
1.964791
-3.903032
-0.997118
-7.655448
-3.665745
-2.681840
-1.974231
-2.076369
-2.076369
-1.923419
-0.618893
10.508989
19.199797
3.822442
2.039411
2.426280
2.347526
2.347526
2.347526
2.347526
2.347526
2.347526
2.347526
2.347526
2.345912
2.310136
1.521390
4.682084
-0.851873
-4.289683
-0.724452
-7.655448
-3.665745
-2.681840
-1.974231
-2.076369
-2.076369
-1.922023
-3.159005
5.803140
15.993151
-0.200576
2.717689
2.354714
2.347526
2.347526
2.347526
2.347526
2.347526
2.347526
2.347526
2.347526
2.347526
2.344053
2.522336
8.543573
0.621295
-5.520361
-0.549485
-7.655448
-3.665745
-2.681840
-1.974231
-2.076369
-2.076369
-1.877706
-2.800973
-1.873714
4.849392
-0.235701
2.882488
2.347526
2.347526
2.347526
2.347526
2.347526
2.347526
2.347526
2.347526
2.347526
2.347526
2.354039
2.523947
5.184646
-0.308653
-6.061480
-0.294894
-7.655448
-3.665745
-2.681840
-1.974231
-2.076369
-2.076369
-2.092737
-2.517445
2.985122
8.224723
-0.821932
2.388527
2.348325
2.347526
2.347526
2.347526
2.347526
2.347526
2.347526
2.347526
2.347526
2.347526
2.494912
2.692453
7.131566
7.019495
-5.037950
-0.301536
-7.655448
-3.665745
-2.681840
-1.974231
-2.076369
-2.076369
-2.097321
-2.297445
-2.906007
6.495843
5.049563
1.818496
2.360599
2.347526
2.347526
2.347526
2.347526
2.347526
2.347526
2.347526
2.347526
2.347625
2.615995
1.084027
3.872399
-3.400823
-3.979272
-0.467362
-7.655448
-3.665745
-2.681840
-1.974231
-2.076369
-2.076369
-2.076369
-2.125946
-4.613749
5.362995
6.778397
2.021290
2.534408
2.348409
2.347526
2.347526
2.347526
2.347526
2.347526
2.347526
2.347526
2.271078
2.166007
3.224386
2.541536
-7.469467
-2.137898
-0.643413
-7.655448
-3.665745
-2.681840
-1.974231
-2.076369
-2.076369
-2.076369
-1.965398
-1.715021
6.399239
8.563239
0.483197
1.594085
2.464612
2.351601
2.347526
2.347526
2.347526
2.347526
2.347526
2.269341
1.955767
5.219102
18.621628
15.908518
-4.910415
-2.328017
-0.862865
-7.655448
-3.665745
-2.681840
-1.974231
-2.076369
-2.076369
-2.076369
-2.173728
-2.768598
-1.976389
2.857409
16.062483
1.545599
1.403459
2.332583
2.338289
2.347526
2.347526
2.347526
2.294713
1.717670
4.255233
16.016514
17.585903
6.161384
-4.081065
-2.073970
-0.887895
-7.655448
-3.665745
-2.681840
-1.974231
-2.076369
-2.076369
-2.076369
-2.097233
-2.331336
-3.760973
-1.255898
12.105283
9.556828
2.637343
1.779999
2.305436
2.818010
2.792582
2.906451
2.323986
5.611619
15.201361
20.141193
5.803421
-3.868051
-2.445499
-2.011492
-0.898981
-7.655448
-3.665745
-2.681840
-1.974231
-2.076369
-2.076369
-2.076369
-2.076369
-2.040615
-2.570251
-2.665362
-2.516410
6.590303
13.633418
5.969627
2.488058
3.355372
3.629820
2.977466
1.495988
17.501472
15.983707
6.788340
-4.370723
-2.353581
-1.968607
-2.076961
-0.898219
-7.655448
-3.665745
-2.681840
-1.974231
-2.076369
-2.076369
-2.076369
-2.076369
-2.077753
-2.147323
-2.594609
-3.327416
-4.153408
4.153506
10.502069
5.300977
3.975083
-0.192159
6.242716
0.501589
4.553435
5.992583
-3.712553
-2.390041
-1.927332
-2.073003
-2.076369
-0.898219
-7.655448
-3.665745
-2.681840
-1.974231
-2.076369
-2.076369
-2.076369
-2.076369
-2.076369
-2.075846
-2.092982
-2.137155
-2.739202
-3.971760
-0.984181
-3.255471
-5.007809
-6.409535
-4.260691
-5.275942
-4.186792
-3.497989
-2.214487
-1.975014
-2.075854
-2.076369
-2.076369
-0.898219
-7.655448
-3.665745
-2.681840
-1.974231
-2.076369
-2.076369
-2.076369
-2.076369
-2.076369
-2.076369
-2.076369
-2.086092
-2.061581
-2.062757
-2.015815
-0.971400
-0.712774
-0.983450
-1.383878
-1.545034
-1.718418
-1.966366
-1.969244
-2.074684
-2.076369
-2.076369
-2.076369
-0.898219
-7.655448
-3.665745
-2.681840
-1.974231
-2.076369
-2.076369
-2.076369
-2.076369
-2.076369
-2.076369
-2.076369
-2.076369
-2.076238
-2.062520
-2.072039
-2.057964
-2.053695
-2.060048
-2.071457
-2.076259
-2.076369
-2.076369
-2.076369
-2.076369
-2.076369
-2.076369
-2.076369
-0.898219
-7.655448
-3.665745
-2.681840
-1.974231
-2.076369
-2.076369
-2.076369
-2.076369
-2.076369
-2.076369
-2.076369
-2.076369
-2.076369
-2.076369
-2.076369
-2.076369
-2.076369
-2.076369
-2.076369
-2.076369
-2.076369
-2.076369
-2.076369
-2.076369
-2.076369
-2.076369
-2.076369
-0.898219
-7.655448
-3.531355
-1.767644
-0.831768
-0.904129
-0.904129
-0.904129
-0.904129
-0.904129
-0.904129
-0.904129
-0.904129
-0.904129
-0.904129
-0.904129
-0.904129
-0.904129
-0.904129
-0.904129
-0.904129
-0.904129
-0.904129
-0.904129
-0.904129
-0.904129
-0.904129
-0.904129
0.113165
-6.593012
-4.005838
-5.298194
-5.332557
-5.134353
-5.134353
-5.134353
-5.134353
-5.134353
-5.134353
-5.134353
-5.134353
-5.134353
-5.134353
-5.134353
-5.134353
-5.134353
-5.134353
-5.134353
-5.134353
-5.134353
-5.134353
-5.134353
-5.134353
-5.134353
-5.134353
-5.134353
-4.626653
-7.071414
0.724675
-0.772671
-0.263999
-0.152516
-0.152516
-0.152516
-0.152516
-0.152516
-0.152516
-0.152516
-0.152516
-0.152516
-0.152516
-0.152516
-0.152516
-0.152516
-0.152516
-0.152516
-0.152516
-0.152516
-0.152516
-0.152516
-0.152516
-0.152516
-0.152516
-0.152516
-0.198655
0.973480
5.252145
-0.620572
-1.086861
-0.782376
-0.782376
-0.782376
-0.782376
-0.782376
-0.782376
-0.782376
-0.782376
-0.782376
-0.782376
-0.782376
-0.782376
-0.782376
-0.782376
-0.782376
-0.782376
-0.782376
-0.782376
-0.782376
-0.782376
-0.782376
-0.782376
-0.782376
-0.536544
3.739743
4.515673
-1.212031
-1.794082
-1.424820
-1.424820
-1.424820
-1.424820
-1.424820
-1.424820
-1.424820
-1.424820
-1.424820
-1.424820
-1.424820
-1.424820
-1.424820
-1.424820
-1.424820
-1.424820
-1.424820
-1.424820
-1.424820
-1.424820
-1.424820
-1.424820
-1.424820
-1.366858
4.326871
4.519686
-1.113742
-1.739072
-1.346827
-1.346827
-1.346827
-1.346827
-1.346827
-1.346827
-1.346827
-1.346827
-1.335667
-1.604837
-2.591211
-4.195465
-4.358208
-4.564449
-4.332502
-2.677797
-1.708937
-1.371937
-1.347074
-1.346827
-1.346827
-1.346827
-1.346827
-1.294249
4.306203
4.519686
-1.113742
-1.739072
-1.346827
-1.346827
-1.346827
-1.346827
-1.346827
-1.346827
-1.380470
-1.906444
-3.589873
-5.374290
-1.191423
3.255773
12.897650
13.343721
1.188641
-1.533076
-4.918589
-4.848505
-3.228370
-1.717810
-1.365664
-1.346827
-1.346827
-1.294249
4.306203
4.519686
-1.113742
-1.739072
-1.346827
-1.346827
-1.346827
-1.346827
-1.346827
-1.639780
-3.099634
-4.904213
0.731701
12.222511
20.333899
23.709484
15.173164
17.602779
19.662107
20.549568
14.627869
9.306992
-1.439797
-3.392344
-1.688308
-1.346374
-1.346827
-1.294249
4.306203
4.519686
-1.113742
-1.739072
-1.346827
-1.346827
-1.346827
-1.346827
-1.387130
-2.498033
-0.866764
11.898075
22.748343
19.216991
17.567726
7.857889
-1.794405
0.168771
7.523973
8.617047
14.691165
20.155952
17.459532
-2.422235
-3.034581
-1.532725
-1.347074
-1.294249
4.306203
4.519686
-1.113742
-1.739072
-1.346827
-1.346827
-1.346827
-1.346827
-1.874373
-2.195499
12.101049
22.284925
18.509945
7.968014
-1.859588
-3.736928
-2.034320
-2.119467
-2.938453
-1.513329
0.305795
7.365965
13.661736
12.024895
-3.629056
-2.427548
-1.386755
-1.294249
4.306203
4.519686
-1.113742
-1.739072
-1.346827
-1.346827
-1.346827
-1.394820
-2.662102
0.846112
10.296177
10.500992
-1.388524
-3.653083
-1.401152
-0.221591
0.039689
0.025672
-0.123543
-0.730461
-1.722160
-2.349125
2.515576
20.018658
3.035002
-3.858332
-1.807567
-1.299559
4.306203
4.519686
-1.113742
-1.739072
-1.346827
-1.346827
-1.346827
-1.794776
-2.203390
11.780170
13.957973
3.139791
-2.055335
-0.233821
0.018735
0.045094
0.046113
0.046113
0.046113
0.046113
0.027302
-0.881084
1.233029
8.855217
15.313448
0.338247
-2.858480
-1.485170
4.306203
4.519686
-1.113742
-1.739072
-1.346827
-1.346827
-1.399253
-2.475832
-0.734127
14.761021
9.941183
-1.238554
-0.635170
0.040099
0.046113
0.046113
0.046113
0.046113
0.046113
0.046113
0.046320
-0.145882
-1.179258
2.153398
18.514210
14.059221
-1.440039
-2.016742
4.306203
4.519686
-1.113742
-1.739072
-1.346827
-1.346827
-1.792315
-2.123678
7.660765
15.244026
3.375712
-1.723281
-0.026657
0.046113
0.046113
0.046113
0.046113
0.046113
0.046113
0.046113
0.046113
0.044035
-0.409664
-1.256750
7.955910
15.315283
-0.501791
-2.139050
4.306203
4.519686
-1.113742
-1.739072
-1.346827
-1.346827
-1.919942
1.934548
21.503441
13.784954
-0.444578
-0.815034
0.041701
0.046113
0.046113
0.046113
0.046113
0.046113
0.046113
0.046113
0.046113
0.046113
0.032153
-2.305286
10.800117
19.975769
0.865763
-2.743196
4.306203
4.519686
-1.113742
-1.739072
-1.346827
-1.346827
-1.757075
-1.059971
17.780964
19.206032
-0.458306
-0.375892
0.046113
0.046113
0.046113
0.046113
0.046113
0.046113
0.046113
0.046113
0.046113
0.046113
0.037763
-1.916721
17.174637
20.854761
0.679880
-2.790991
4.306203
4.519686
-1.113742
-1.739072
-1.346827
-1.346827
-1.454586
-2.209360
10.716913
14.986071
-0.985515
-0.468416
0.045718
0.046113
0.046113
0.046113
0.046113
0.046113
0.046113
0.046113
0.046113
0.046113
-0.082817
-1.949576
20.510300
19.864635
-1.484737
-2.347620
4.306203
4.519686
-1.113742
-1.739072
-1.346827
-1.346827
-1.358699
-2.129117
1.378500
15.570985
1.135203
-0.818610
0.028069
0.046113
0.046113
0.046113
0.046113
0.046113
0.046113
0.046113
0.046113
0.045776
-0.489574
-0.439782
14.031858
17.684948
-3.159079
-1.890243
4.306203
4.519686
-1.113742
-1.739072
-1.346827
-1.346827
-1.346827
-2.281913
3.734873
21.410526
5.931869
-1.626395
-0.185009
0.045696
0.046113
0.046113
0.046113
0.046113
0.046113
0.046113
0.046113
-0.199856
-1.707004
1.767074
18.604063
15.381289
-4.009712
-1.570602
4.306203
4.519686
-1.113742
-1.739072
-1.346827
-1.346827
-1.346827
-1.830747
-2.075310
11.113663
11.084603
-0.535170
-1.829905
-0.296499
0.037678
0.046113
0.046113
0.046113
0.046113
0.046113
-0.082845
-1.500540
-0.802625
8.050425
20.831802
10.610918
-4.427568
-1.336151
4.306203
4.519686
-1.113742
-1.739072
-1.346827
-1.346827
-1.346827
-1.442322
-2.915634
9.333870
18.337870
13.864508
-1.199579
-2.227023
-0.601068
0.031056
0.046113
0.046113
0.046113
-0.181877
-1.416552
-1.432984
9.812002
16.152891
8.105999
-4.440536
-2.463400
-1.298300
4.306203
4.519686
-1.113742
-1.739072
-1.346827
-1.346827
-1.346827
-1.358527
-2.481138
-2.244859
7.216991
14.911695
14.028763
2.655582
-3.617078
-1.956897
-1.915975
-1.812822
-1.689900
-2.131681
-0.356705
9.833942
21.284866
8.007141
-4.146930
-2.887115
-1.451956
-1.294949
4.306203
4.519686
-1.113742
-1.739072
-1.346827
-1.346827
-1.346827
-1.346827
-1.540248
-2.837843
-3.134385
5.513017
14.453358
24.559702
2.327652
-1.950552
2.266190
0.341017
0.448294
-2.124481
9.427433
20.427837
9.770336
-4.222702
-3.243335
-1.498435
-1.344665
-1.294249
4.306203
4.519686
-1.113742
-1.739072
-1.346827
-1.346827
-1.346827
-1.346827
-1.343922
-1.492431
-2.548014
-3.960461
0.198793
13.955343
15.591219
6.519262
10.289581
9.968866
14.342001
5.181682
7.948864
8.138281
-3.658909
-3.402706
-1.547490
-1.350643
-1.346827
-1.294249
4.306203
4.519686
-1.113742
-1.739072
-1.346827
-1.346827
-1.346827
-1.346827
-1.346827
-1.347865
-1.424981
-1.973309
-3.814878
-0.324681
-1.835544
3.702816
4.395974
4.181242
2.847004
-0.897834
-4.831220
-2.928240
-2.916145
-1.539497
-1.347187
-1.346827
-1.346827
-1.294249
4.306203
4.519686
-1.113742
-1.739072
-1.346827
-1.346827
-1.346827
-1.346827
-1.346827
-1.346827
-1.346827
-1.361221
-1.709243
-2.505177
-3.222234
-4.151938
-4.122191
-4.348184
-3.693529
-2.696865
-1.872409
-1.576478
-1.401356
-1.347733
-1.346827
-1.346827
-1.346827
-1.294249
4.306203
4.519686
-1.113742
-1.739072
-1.346827
-1.346827
-1.346827
-1.346827
-1.346827
-1.346827
-1.346827
-1.346827
-1.349850
-1.373209
-1.400200
-1.476508
-1.467011
-1.400748
-1.353401
-1.346875
-1.346827
-1.346827
-1.346827
-1.346827
-1.346827
-1.346827
-1.346827
-1.294249
4.306203
4.519686
-1.113742
-1.739072
-1.346827
-1.346827
-1.346827
-1.346827
-1.346827
-1.346827
-1.346827
-1.346827
-1.346827
-1.346827
-1.346827
-1.346827
-1.346827
-1.346827
-1.346827
-1.346827
-1.346827
-1.346827
-1.346827
-1.346827
-1.346827
-1.346827
-1.346827
-1.294249
4.306203
4.200736
-1.605311
-2.453295
-2.067265
-2.067265
-2.067265
-2.067265
-2.067265
-2.067265
-2.067265
-2.067265
-2.067265
-2.067265
-2.067265
-2.067265
-2.067265
-2.067265
-2.067265
-2.067265
-2.067265
-2.067265
-2.067265
-2.067265
-2.067265
-2.067265
-2.067265
-1.900294
3.681742
0.636818
1.253023
0.608759
0.825181
0.825181
0.825181
0.825181
0.825181
0.825181
0.825181
0.825181
0.825181
0.825181
0.825181
0.825181
0.825181
0.825181
0.825181
0.825181
0.825181
0.825181
0.825181
0.825181
0.825181
0.825181
0.825181
0.944156
1.698404
-5.015897
3.158629
3.019027
3.203444
3.203444
3.203444
3.203444
3.203444
3.203444
3.203444
3.203444
3.203444
3.203444
3.203444
3.203444
3.203444
3.203444
3.203444
3.203444
3.203444
3.203444
3.203444
3.203444
3.203444
3.203444
3.203444
3.081598
4.830898
-3.478388
-1.964731
-2.611144
-2.473654
-2.473654
-2.473654
-2.473654
-2.473654
-2.473654
-2.473654
-2.473654
-2.473654
-2.473654
-2.473654
-2.473654
-2.473654
-2.473654
-2.473654
-2.473654
-2.473654
-2.473654
-2.473654
-2.473654
-2.473654
-2.473654
-2.473654
-3.022838
-3.938804
-3.020944
-0.726501
-1.466666
-1.245635
-1.245635
-1.245635
-1.245635
-1.245635
-1.245635
-1.245635
-1.245635
-1.245635
-1.245635
-1.245635
-1.245635
-1.245635
-1.245635
-1.245635
-1.245635
-1.245635
-1.245635
-1.245635
-1.245635
-1.245635
-1.245635
-1.245635
-1.979200
-2.518409
-3.112310
-1.037179
-1.648049
-1.469405
-1.469405
-1.469405
-1.469405
-1.469405
-1.469405
-1.469405
-1.469405
-1.471234
-1.424092
-0.987425
-0.366659
1.124938
1.352942
-0.337695
-1.101444
-1.371280
-1.449967
-1.467961
-1.469405
-1.469405
-1.469405
-1.469405
-2.099021
-2.656747
-3.112310
-1.037179
-1.648049
-1.469405
-1.469405
-1.469405
-1.469405
-1.469405
-1.469405
-1.475321
-1.381655
-0.864110
-0.080199
-0.117846
-6.090184
-0.089564
5.691130
2.444986
0.716402
1.596963
0.505514
-0.946932
-1.423631
-1.449968
-1.469405
-1.469405
-2.099021
-2.656747
-3.112310
-1.037179
-1.648049
-1.469405
-1.469405
-1.469405
-1.469405
-1.469405
-1.429310
-0.904379
-0.167512
-1.076086
-9.129172
-8.733408
-10.450550
-1.486951
13.168978
6.638253
15.800678
6.817958
4.219919
0.890165
-0.427440
-1.537593
-1.477682
-1.469405
-2.099021
-2.656747
-3.112310
-1.037179
-1.648049
-1.469405
-1.469405
-1.469405
-1.469405
-1.473761
-1.466053
-3.637949
-11.313053
-7.085733
-10.491530
-5.713112
-4.784928
2.146843
4.174093
1.612074
6.965718
6.096743
5.735211
8.085310
1.317572
-1.661018
-1.559784
-1.467961
-2.099021
-2.656747
-3.112310
-1.037179
-1.648049
-1.469405
-1.469405
-1.469405
-1.469405
-1.506384
-3.433025
-15.253428
-5.959880
-5.653369
-2.043062
4.708715
3.661064
2.853997
3.229883
3.777899
3.742785
3.277496
2.347956
6.147306
5.891523
-2.069741
-1.576129
-1.494251
-2.099021
-2.656747
-3.112310
-1.037179
-1.648049
-1.469405
-1.469405
-1.469405
-1.478873
-1.799485
-5.016133
-10.392481
-4.873086
1.850810
3.356811
2.722507
2.256572
2.218857
2.246552
2.286793
2.385294
2.688832
2.775437
4.332046
2.670753
2.475624
-2.034248
-1.506045
-2.106197
-2.656747
-3.112310
-1.037179
-1.648049
-1.469405
-1.469405
-1.469405
-1.485793
-3.777534
-13.566973
-4.926205
-3.085181
1.868423
2.276810
2.219239
2.219460
2.220042
2.220042
2.220042
2.220042
2.219753
2.040208
1.357986
0.617170
5.467942
-0.930337
-1.393698
-2.182638
-2.656747
-3.112310
-1.037179
-1.648049
-1.469405
-1.469405
-1.484417
-1.765674
-5.332625
-8.697519
-5.413431
0.801061
2.332998
2.222154
2.220042
2.220042
2.220042
2.220042
2.220042
2.220042
2.219226
2.167850
2.402830
-0.111393
5.900640
2.266121
-2.664438
-1.891032
-2.656747
-3.112310
-1.037179
-1.648049
-1.469405
-1.469405
-1.446898
-3.593061
-13.426572
-7.340185
-1.919599
1.708684
2.220169
2.220042
2.220042
2.220042
2.220042
2.220042
2.220042
2.220042
2.220042
2.227790
2.217396
2.484266
-3.099126
-11.646551
-7.290052
-1.614683
-2.656747
-3.112310
-1.037179
-1.648049
-1.469405
-1.469405
-1.327445
-5.577919
-1.773232
-2.568660
0.224638
2.214412
2.220681
2.220042
2.220042
2.220042
2.220042
2.220042
2.220042
2.220042
2.220042
2.220042
2.227626
2.097817
-8.420574
-12.347139
-5.580176
-1.646905
-2.656747
-3.112310
-1.037179
-1.648049
-1.469405
-1.469405
-1.378832
-4.625433
3.405614
11.212348
-1.547507
2.314325
2.220042
2.220042
2.220042
2.220042
2.220042
2.220042
2.220042
2.220042
2.220042
2.220042
2.214705
2.265802
-9.285040
-8.383657
-4.863340
-1.899022
-2.656747
-3.112310
-1.037179
-1.648049
-1.469405
-1.469405
-1.289177
-2.885558
0.920350
12.021475
-2.741493
2.301418
2.220365
2.220042
2.220042
2.220042
2.220042
2.220042
2.220042
2.220042
2.220042
2.220042
2.222146
1.676040
-10.758852
-7.316450
-4.673968
-1.952315
-2.656747
-3.112310
-1.037179
-1.648049
-1.469405
-1.469405
-1.436182
-2.341172
-3.211114
11.071674
-1.400242
1.979098
2.213986
2.220042
2.220042
2.220042
2.220042
2.220042
2.220042
2.220042
2.220042
2.217952
2.295313
1.201055
-10.029419
-13.819098
-3.548852
-2.111427
-2.656747
-3.112310
-1.037179
-1.648049
-1.469405
-1.469405
-1.469405
-1.691916
-6.090630
17.044933
2.802000
1.262556
2.276394
2.220405
2.220042
2.220042
2.220042
2.220042
2.220042
2.220042
2.220042
2.343066
2.463072
-2.329693
-9.928487
-10.341238
-2.944346
-2.149046
-2.656747
-3.112310
-1.037179
-1.648049
-1.469405
-1.469405
-1.469405
-1.493738
-4.994950
9.963360
5.148110
0.567333
2.831432
2.345421
2.231615
2.220042
2.220042
2.220042
2.220042
2.220042
2.324003
2.682058
-0.082747
-7.587608
-8.640922
-5.487796
-2.312530
-2.086630
-2.656747
-3.112310
-1.037179
-1.648049
-1.469405
-1.469405
-1.469405
-1.251521
-1.685576
-6.605511
-2.050058
6.329663
3.190595
3.491899
2.400054
2.228696
2.220042
2.220042
2.220042
2.337637
2.885134
1.206394
-7.794181
-5.298161
-16.069479
-2.410308
-1.678654
-2.104264
-2.656747
-3.112310
-1.037179
-1.648049
-1.469405
-1.469405
-1.469405
-1.427724
-1.202657
-2.626260
-0.631969
6.298006
1.810583
1.823714
3.975457
3.051866
3.016026
3.028707
2.822017
3.152367
0.749405
-10.016685
-8.173505
-11.188388
-2.329129
-1.542781
-1.511683
-2.096896
-2.656747
-3.112310
-1.037179
-1.648049
-1.469405
-1.469405
-1.469405
-1.469405
-1.314276
-0.814826
-1.887824
-0.938463
0.576959
4.301399
4.594899
2.383203
1.567230
2.445334
2.617095
5.273777
-5.100369
-8.573768
-12.227513
-1.694524
-1.630862
-1.561264
-1.471681
-2.099021
-2.656747
-3.112310
-1.037179
-1.648049
-1.469405
-1.469405
-1.469405
-1.469405
-1.470417
-1.318890
-1.304763
-1.037392
-3.418781
-1.273364
6.104351
-1.307114
-2.314683
1.010059
-1.781411
1.394612
-3.555787
-11.171314
-2.274317
-1.498542
-1.591053
-1.472696
-1.469405
-2.099021
-2.656747
-3.112310
-1.037179
-1.648049
-1.469405
-1.469405
-1.469405
-1.469405
-1.469405
-1.471239
-1.427722
-1.336716
-0.740408
-2.257587
-1.578077
-4.903362
-3.972714
-2.990871
-5.601448
-2.811939
-0.716230
0.481969
-1.582186
-1.529225
-1.473330
-1.469405
-1.469405
-2.099021
-2.656747
-3.112310
-1.037179
-1.648049
-1.469405
-1.469405
-1.469405
-1.469405
-1.469405
-1.469405
-1.469405
-1.461068
-1.332495
-0.892166
0.512448
0.215489
-0.345017
-0.331103
-0.351722
-0.824776
-0.955554
-1.417917
-1.562008
-1.472281
-1.469405
-1.469405
-1.469405
-2.099021
-2.656747
-3.112310
-1.037179
-1.648049
-1.469405
-1.469405
-1.469405
-1.469405
-1.469405
-1.469405
-1.469405
-1.469405
-1.470515
-1.475875
-1.467735
-1.463915
-1.457013
-1.475404
-1.475653
-1.469548
-1.469405
-1.469405
-1.469405
-1.469405
-1.469405
-1.469405
-1.469405
-2.099021
-2.656747
-3.112310
-1.037179
-1.648049
-1.469405
-1.469405
-1.469405
-1.469405
-1.469405
-1.469405
-1.469405
-1.469405
-1.469405
-1.469405
-1.469405
-1.469405
-1.469405
-1.469405
-1.469405
-1.469405
-1.469405
-1.469405
-1.469405
-1.469405
-1.469405
-1.469405
-1.469405
-2.099021
-2.656747
-2.549267
-0.794835
-0.931033
-0.777270
-0.777270
-0.777270
-0.777270
-0.777270
-0.777270
-0.777270
-0.777270
-0.777270
-0.777270
-0.777270
-0.777270
-0.777270
-0.777270
-0.777270
-0.777270
-0.777270
-0.777270
-0.777270
-0.777270
-0.777270
-0.777270
-0.777270
-1.438884
-2.101153
-2.477070
-3.398597
-2.975031
-2.994011
-2.994011
-2.994011
-2.994011
-2.994011
-2.994011
-2.994011
-2.994011
-2.994011
-2.994011
-2.994011
-2.994011
-2.994011
-2.994011
-2.994011
-2.994011
-2.994011
-2.994011
-2.994011
-2.994011
-2.994011
-2.994011
-2.994011
-3.107742
-9.817598
2.138109
5.639267
4.889292
4.835812
4.835812
4.835812
4.835812
4.835812
4.835812
4.835812
4.835812
4.835812
4.835812
4.835812
4.835812
4.835812
4.835812
4.835812
4.835812
4.835812
4.835812
4.835812
4.835812
4.835812
4.835812
4.835812
4.962611
6.917971
2.523383
3.584097
2.181028
2.111027
2.111027
2.111027
2.111027
2.111027
2.111027
2.111027
2.111027
2.111027
2.111027
2.111027
2.111027
2.111027
2.111027
2.111027
2.111027
2.111027
2.111027
2.111027
2.111027
2.111027
2.111027
2.111027
2.042673
6.030023
3.041977
4.569854
3.155320
3.160659
3.160659
3.160659
3.160659
3.160659
3.160659
3.160659
3.160659
3.160659
3.160659
3.160659
3.160659
3.160659
3.160659
3.160659
3.160659
3.160659
3.160659
3.160659
3.160659
3.160659
3.160659
3.160659
2.894809
6.494653
3.138306
4.654312
3.245847
3.251038
3.251038
3.251038
3.251038
3.251038
3.251038
3.251038
3.251038
3.261739
3.307458
3.560265
3.078449
3.048877
2.682263
3.548591
3.480722
3.292176
3.245655
3.250503
3.251038
3.251038
3.251038
3.251038
2.953411
6.554146
3.138306
4.654312
3.245847
3.251038
3.251038
3.251038
3.251038
3.251038
3.251038
3.273881
3.340202
3.638066
3.067282
2.413928
0.406581
3.632924
0.290227
1.772061
2.076946
2.332547
3.135646
3.606548
3.310186
3.263976
3.251038
3.251038
2.953411
6.554146
3.138306
4.654312
3.245847
3.251038
3.251038
3.251038
3.251038
3.251038
3.311044
3.565013
3.119466
2.966168
-0.545261
-2.635182
-0.392018
3.685421
-4.806725
-3.352388
-4.808590
0.729280
0.122825
3.454497
3.619232
3.359661
3.254436
3.251038
2.953411
6.554146
3.138306
4.654312
3.245847
3.251038
3.251038
3.251038
3.251038
3.278600
3.618789
3.304689
0.630752
-0.398131
0.425441
1.645066
0.254751
1.643210
-0.310021
-1.130490
-3.215295
-2.623999
-1.160392
3.188531
3.542808
3.537173
3.295930
3.250503
2.953411
6.554146
3.138306
4.654312
3.245847
3.251038
3.251038
3.251038
3.251038
3.349201
3.114231
-0.667377
0.223008
1.293846
0.496541
2.340470
0.123125
-0.571779
-0.519751
-0.082060
0.404451
1.295465
1.613413
5.443231
2.648481
4.152549
3.536590
3.274526
2.953411
6.554146
3.138306
4.654312
3.245847
3.251038
3.251038
3.251038
3.283967
3.783170
3.791844
-3.298633
2.988865
2.445197
0.122390
-0.608281
-0.773112
-0.710398
-0.714180
-0.750926
-0.798534
-0.559826
0.772910
1.192667
2.456135
1.115331
3.572881
3.343716
2.957944
6.554146
3.138306
4.654312
3.245847
3.251038
3.251038
3.251038
3.326322
3.316419
1.070907
-0.004333
3.207954
-0.100733
-0.777260
-0.710500
-0.707487
-0.707473
-0.707473
-0.707473
-0.707473
-0.714787
-0.233095
1.520502
5.612632
3.287547
4.249823
3.416530
2.984925
6.554146
3.138306
4.654312
3.245847
3.251038
3.251038
3.281605
3.733855
3.517304
-4.042186
2.047290
1.317760
-0.725741
-0.710328
-0.707473
-0.707473
-0.707473
-0.707473
-0.707473
-0.707473
-0.707361
-0.737813
0.006150
0.080021
3.876107
1.433852
3.516060
3.066072
6.554146
3.138306
4.654312
3.245847
3.251038
3.251038
3.279670
3.136348
-0.436791
-3.111076
3.275096
-0.072313
-0.734487
-0.707473
-0.707473
-0.707473
-0.707473
-0.707473
-0.707473
-0.707473
-0.707473
-0.708345
-0.679822
0.542942
3.355601
4.863938
5.372277
2.880670
6.554146
3.138306
4.654312
3.245847
3.251038
3.251038
3.419661
4.205618
-3.381194
3.110166
1.995658
-0.717357
-0.709806
-0.707473
-0.707473
-0.707473
-0.707473
-0.707473
-0.707473
-0.707473
-0.707473
-0.707473
-0.711117
-0.222062
4.986773
3.254041
5.693242
3.054008
6.554146
3.138306
4.654312
3.245847
3.251038
3.251038
3.249656
3.933100
-1.544515
3.296826
1.591822
-0.758942
-0.707473
-0.707473
-0.707473
-0.707473
-0.707473
-0.707473
-0.707473
-0.707473
-0.707473
-0.707473
-0.692614
-0.601175
3.495602
4.561251
5.529524
3.003001
6.554146
3.138306
4.654312
3.245847
3.251038
3.251038
3.219451
3.160297
-0.282960
-2.648363
2.263180
-0.547273
-0.707551
-0.707473
-0.707473
-0.707473
-0.707473
-0.707473
-0.707473
-0.707473
-0.707473
-0.707473
-0.647096
0.047990
2.557447
1.504187
5.348169
2.933996
6.554146
3.138306
4.654312
3.245847
3.251038
3.251038
3.254649
3.519709
3.880137
-4.727923
1.166853
-0.394493
-0.711131
-0.707473
-0.707473
-0.707473
-0.707473
-0.707473
-0.707473
-0.707473
-0.707473
-0.706670
-0.607252
1.730659
2.972913
3.271210
4.633777
2.920512
6.554146
3.138306
4.654312
3.245847
3.251038
3.251038
3.251038
3.614028
5.651480
-6.520342
0.499251
-0.206457
-0.734504
-0.707767
-0.707473
-0.707473
-0.707473
-0.707473
-0.707473
-0.707473
-0.707473
-0.684927
-0.025703
2.028222
7.776744
4.200600
3.167410
2.966162
6.554146
3.138306
4.654312
3.245847
3.251038
3.251038
3.251038
3.293937
3.795239
-1.658578
1.878985
0.725878
-0.429407
-0.700844
-0.707559
-0.707473
-0.707473
-0.707473
-0.707473
-0.707473
-0.681387
-0.162188
0.779686
0.544072
-0.369075
2.840224
3.188668
2.965285
6.554146
3.138306
4.654312
3.245847
3.251038
3.251038
3.251038
3.235455
3.151034
2.183850
-0.010296
-2.734285
0.640446
-0.468289
-0.644436
-0.704659
-0.707473
-0.707473
-0.707473
-0.693885
-0.138482
0.398239
3.164219
1.154546
1.031725
4.264538
3.376956
2.953098
6.554146
3.138306
4.654312
3.245847
3.251038
3.251038
3.251038
3.252764
3.392179
4.559783
1.212161
-4.303642
1.447556
0.221322
-0.161662
-0.552989
-0.781273
-0.815448
-0.693630
-0.181372
0.455846
0.167728
0.410227
5.191813
4.696112
3.907592
3.247255
2.952530
6.554146
3.138306
4.654312
3.245847
3.251038
3.251038
3.251038
3.251038
3.208936
3.466106
3.804199
1.103242
-2.489683
-3.004981
-1.301422
0.945719
0.414326
1.288631
1.084027
0.975431
3.169633
1.207194
2.859535
5.191149
3.876101
3.250731
3.251403
2.953411
6.554146
3.138306
4.654312
3.245847
3.251038
3.251038
3.251038
3.251038
3.249826
3.242356
3.498692
3.772870
4.582687
-1.473480
-2.276275
2.570902
3.145462
1.871550
-0.097748
2.560893
1.834011
4.376406
4.699734
3.925086
3.248151
3.251652
3.251038
2.953411
6.554146
3.138306
4.654312
3.245847
3.251038
3.251038
3.251038
3.251038
3.251038
3.251622
3.256698
3.303776
3.525886
3.833356
1.104536
1.199065
1.671793
2.427392
4.439817
3.973591
2.240076
3.604568
3.823331
3.244315
3.251979
3.251038
3.251038
2.953411
6.554146
3.138306
4.654312
3.245847
3.251038
3.251038
3.251038
3.251038
3.251038
3.251038
3.251038
3.258373
3.244317
3.435692
2.849637
2.808436
2.983986
3.050437
3.069292
3.266134
3.370619
3.397086
3.252907
3.251779
3.251038
3.251038
3.251038
2.953411
6.554146
3.138306
4.654312
3.245847
3.251038
3.251038
3.251038
3.251038
3.251038
3.251038
3.251038
3.251038
3.251586
3.247792
3.267029
3.307401
3.279573
3.252198
3.251983
3.251057
3.251038
3.251038
3.251038
3.251038
3.251038
3.251038
3.251038
2.953411
6.554146
3.138306
4.654312
3.245847
3.251038
3.251038
3.251038
3.251038
3.251038
3.251038
3.251038
3.251038
3.251038
3.251038
3.251038
3.251038
3.251038
3.251038
3.251038
3.251038
3.251038
3.251038
3.251038
3.251038
3.251038
3.251038
3.251038
2.953411
6.554146
2.734193
4.521109
3.266471
3.274233
3.274233
3.274233
3.274233
3.274233
3.274233
3.274233
3.274233
3.274233
3.274233
3.274233
3.274233
3.274233
3.274233
3.274233
3.274233
3.274233
3.274233
3.274233
3.274233
3.274233
3.274233
3.274233
2.946564
6.266307
5.214348
6.907455
5.397407
5.543816
5.543816
5.543816
5.543816
5.543816
5.543816
5.543816
5.543816
5.543816
5.543816
5.543816
5.543816
5.543816
5.543816
5.543816
5.543816
5.543816
5.543816
5.543816
5.543816
5.543816
5.543816
5.543816
5.447487
10.251803
-8.424820
-11.140041
-9.533073
-9.588724
-9.588724
-9.588724
-9.588724
-9.588724
-9.588724
-9.588724
-9.588724
-9.588724
-9.588724
-9.588724
-9.588724
-9.588724
-9.588724
-9.588724
-9.588724
-9.588724
-9.588724
-9.588724
-9.588724
-9.588724
-9.588724
-9.588724
-9.962997
-8.215582
-9.280409
-8.168159
-7.840342
-7.776274
-7.776274
-7.776274
-7.776274
-7.776274
-7.776274
-7.776274
-7.776274
-7.776274
-7.776274
-7.776274
-7.776274
-7.776274
-7.776274
-7.776274
-7.776274
-7.776274
-7.776274
-7.776274
-7.776274
-7.776274
-7.776274
-7.776274
-8.066242
-9.245235
-9.444351
-9.087141
-8.698812
-8.744183
-8.744183
-8.744183
-8.744183
-8.744183
-8.744183
-8.744183
-8.744183
-8.744183
-8.744183
-8.744183
-8.744183
-8.744183
-8.744183
-8.744183
-8.744183
-8.744183
-8.744183
-8.744183
-8.744183
-8.744183
-8.744183
-8.744183
-8.728157
-9.573793
-9.365573
-8.900183
-8.502316
-8.536541
-8.536541
-8.536541
-8.536541
-8.536541
-8.536541
-8.536541
-8.536541
-8.549633
-8.593344
-8.681639
-8.090466
-7.654908
-7.023951
-8.523502
-8.659567
-8.560431
-8.557566
-8.537415
-8.536541
-8.536541
-8.536541
-8.536541
-8.538832
-9.420996
-9.365573
-8.900183
-8.502316
-8.536541
-8.536541
-8.536541
-8.536541
-8.536541
-8.536541
-8.552847
-8.593657
-8.628149
-7.510733
-5.702076
-4.934942
-9.026757
-7.066125
-5.291727
-5.475418
-6.492157
-7.799156
-8.653578
-8.542044
-8.541143
-8.536541
-8.536541
-8.538832
-9.420996
-9.365573
-8.900183
-8.502316
-8.536541
-8.536541
-8.536541
-8.536541
-8.536541
-8.578569
-8.541975
-7.248345
-5.594091
-7.829487
-3.996357
2.592011
-6.252569
-2.026321
-3.163205
-4.610763
-6.933903
-4.807487
-4.743808
-7.918169
-8.553461
-8.541630
-8.536541
-8.538832
-9.420996
-9.365573
-8.900183
-8.502316
-8.536541
-8.536541
-8.536541
-8.536541
-8.553337
-8.393667
-5.244016
-8.833249
-3.196244
0.326047
-2.541695
-4.469055
-5.262274
-2.806960
-1.944813
-3.823022
-3.492260
-5.558553
-5.061184
-4.887596
-8.338919
-8.519402
-8.537415
-8.538832
-9.420996
-9.365573
-8.900183
-8.502316
-8.536541
-8.536541
-8.536541
-8.536541
-8.485645
-6.655912
-10.160036
-4.164416
-2.040255
-3.867318
-4.465657
-6.302584
-6.927578
-6.927949
-6.392705
-5.526950
-3.946348
0.536797
-3.338261
-6.145987
-6.585589
-8.631666
-8.536261
-8.538832
-9.420996
-9.365573
-8.900183
-8.502316
-8.536541
-8.536541
-8.536541
-8.545063
-8.360571
-6.405307
-10.186287
-8.913506
-3.639640
-6.652923
-6.795656
-6.573510
-6.604552
-6.593263
-6.605749
-6.725963
-6.869797
-5.570276
-1.328865
-3.201822
-5.568576
-7.443100
-8.607933
-8.554783
-9.420996
-9.365573
-8.900183
-8.502316
-8.536541
-8.536541
-8.536541
-8.500467
-6.721049
-9.645803
-9.500119
-4.371317
-6.535966
-6.603804
-6.601285
-6.593778
-6.593365
-6.593365
-6.593365
-6.593365
-6.583735
-6.777656
-3.832103
-6.570869
-4.930330
-4.252771
-8.146919
-8.533257
-9.420996
-9.365573
-8.900183
-8.502316
-8.536541
-8.536541
-8.543861
-8.472105
-5.747199
-11.055080
-6.210397
-5.054330
-6.487931
-6.595115
-6.593365
-6.593365
-6.593365
-6.593365
-6.593365
-6.593365
-6.593597
-6.572110
-6.750982
-0.495954
-0.287320
-2.068499
-7.146170
-8.709414
-9.420996
-9.365573
-8.900183
-8.502316
-8.536541
-8.536541
-8.521832
-6.847781
-9.797462
-5.926508
-4.712222
-6.301146
-6.566832
-6.593365
-6.593365
-6.593365
-6.593365
-6.593365
-6.593365
-6.593365
-6.593365
-6.590934
-6.575552
-5.765813
-6.896631
-13.311638
-7.307461
-8.544069
-9.420996
-9.365573
-8.900183
-8.502316
-8.536541
-8.536541
-8.488478
-6.497876
-10.606096
-6.512542
-5.036421
-6.408494
-6.591343
-6.593365
-6.593365
-6.593365
-6.593365
-6.593365
-6.593365
-6.593365
-6.593365
-6.593365
-6.591121
-5.719481
-6.596509
-10.568489
-6.290102
-8.640772
-9.420996
-9.365573
-8.900183
-8.502316
-8.536541
-8.536541
-8.449276
-6.576232
-14.805899
-10.944773
-5.034002
-6.558978
-6.593365
-6.593365
-6.593365
-6.593365
-6.593365
-6.593365
-6.593365
-6.593365
-6.593365
-6.593365
-6.585969
-5.317849
-10.569712
-16.203129
-6.640950
-8.661055
-9.420996
-9.365573
-8.900183
-8.502316
-8.536541
-8.536541
-8.496820
-6.601759
-13.754204
-12.867558
-4.400060
-6.664385
-6.593379
-6.593365
-6.593365
-6.593365
-6.593365
-6.593365
-6.593365
-6.593365
-6.593365
-6.593365
-6.589469
-4.810004
-5.560456
-15.240362
-7.137994
-8.569658
-9.420996
-9.365573
-8.900183
-8.502316
-8.536541
-8.536541
-8.533461
-7.704937
-5.999345
-13.687528
-8.190704
-6.294215
-6.596642
-6.593365
-6.593365
-6.593365
-6.593365
-6.593365
-6.593365
-6.593365
-6.593365
-6.594048
-6.590077
-5.845369
-9.101590
-14.370037
-7.294606
-8.581707
-9.420996
-9.365573
-8.900183
-8.502316
-8.536541
-8.536541
-8.536541
-8.437729
-6.352270
-17.539082
-6.365253
-5.822425
-6.635220
-6.593018
-6.593365
-6.593365
-6.593365
-6.593365
-6.593365
-6.593365
-6.593365
-6.617666
-7.149601
-4.095260
-10.524019
-13.067667
-7.061038
-8.520523
-9.420996
-9.365573
-8.900183
-8.502316
-8.536541
-8.536541
-8.536541
-8.409872
-4.912864
-12.788404
-6.212099
-3.110053
-7.559125
-6.595753
-6.601564
-6.593365
-6.593365
-6.593365
-6.593365
-6.593365
-6.637490
-7.081752
-3.266197
-2.395132
-2.622001
-8.888680
-7.398880
-8.550961
-9.420996
-9.365573
-8.900183
-8.502316
-8.536541
-8.536541
-8.536541
-8.517975
-6.529047
-8.645742
-4.490196
3.475492
-2.755547
-7.066597
-6.709143
-6.607705
-6.593365
-6.593365
-6.593365
-6.626813
-7.243573
-3.568404
-1.614154
-3.111017
-1.939087
-6.521056
-8.372698
-8.532656
-9.420996
-9.365573
-8.900183
-8.502316
-8.536541
-8.536541
-8.536541
-8.535990
-8.503605
-4.588281
-1.731444
0.956313
2.953939
0.161763
-6.690878
-7.005942
-6.745712
-6.806692
-6.409611
-6.604794
-2.311904
3.182615
3.966848
-9.141586
-6.283775
-9.020044
-8.516987
-8.538853
-9.420996
-9.365573
-8.900183
-8.502316
-8.536541
-8.536541
-8.536541
-8.536541
-8.481752
-8.918308
-6.706068
-1.991782
1.656662
2.171816
0.648207
-4.738009
-5.070578
-5.295165
-3.505285
-6.194691
1.000440
0.995785
-4.484657
-6.295340
-8.990658
-8.535944
-8.538013
-8.538832
-9.420996
-9.365573
-8.900183
-8.502316
-8.536541
-8.536541
-8.536541
-8.536541
-8.538935
-8.544075
-8.717251
-7.950570
-3.629309
-5.912307
-0.312917
-9.337910
-5.754518
-4.359995
-6.206787
-9.804766
-8.474667
-4.353206
-6.636178
-9.104424
-8.545727
-8.537865
-8.536541
-8.538832
-9.420996
-9.365573
-8.900183
-8.502316
-8.536541
-8.536541
-8.536541
-8.536541
-8.536541
-8.536835
-8.545912
-8.605528
-8.408903
-4.568882
-8.130482
-11.424011
-9.747482
-7.756013
-7.427653
-6.294073
-6.700060
-7.680532
-8.786774
-8.549864
-8.539259
-8.536541
-8.536541
-8.538832
-9.420996
-9.365573
-8.900183
-8.502316
-8.536541
-8.536541
-8.536541
-8.536541
-8.536541
-8.536541
-8.536541
-8.536980
-8.570807
-8.619967
-7.829807
-7.359302
-7.437618
-7.695036
-7.859940
-8.248472
-8.385254
-8.435463
-8.483900
-8.537586
-8.536541
-8.536541
-8.536541
-8.538832
-9.420996
-9.365573
-8.900183
-8.502316
-8.536541
-8.536541
-8.536541
-8.536541
-8.536541
-8.536541
-8.536541
-8.536541
-8.536783
-8.539680
-8.587992
-8.592169
-8.592432
-8.543360
-8.537371
-8.536579
-8.536541
-8.536541
-8.536541
-8.536541
-8.536541
-8.536541
-8.536541
-8.538832
-9.420996
-9.365573
-8.900183
-8.502316
-8.536541
-8.536541
-8.536541
-8.536541
-8.536541
-8.536541
-8.536541
-8.536541
-8.536541
-8.536541
-8.536541
-8.536541
-8.536541
-8.536541
-8.536541
-8.536541
-8.536541
-8.536541
-8.536541
-8.536541
-8.536541
-8.536541
-8.536541
-8.538832
-9.420996
-9.377755
-8.878483
-8.189041
-8.272488
-8.272488
-8.272488
-8.272488
-8.272488
-8.272488
-8.272488
-8.272488
-8.272488
-8.272488
-8.272488
-8.272488
-8.272488
-8.272488
-8.272488
-8.272488
-8.272488
-8.272488
-8.272488
-8.272488
-8.272488
-8.272488
-8.272488
-8.247738
-9.067835
-7.886893
-13.080656
-11.954790
-11.888371
-11.888371
-11.888371
-11.888371
-11.888371
-11.888371
-11.888371
-11.888371
-11.888371
-11.888371
-11.888371
-11.888371
-11.888371
-11.888371
-11.888371
-11.888371
-11.888371
-11.888371
-11.888371
-11.888371
-11.888371
-11.888371
-11.888371
-12.409519
-10.810997
22.033945
6.049745
10.170303
10.061184
10.061184
10.061184
10.061184
10.061184
10.061184
10.061184
10.061184
10.061184
10.061184
10.061184
10.061184
10.061184
10.061184
10.061184
10.061184
10.061184
10.061184
10.061184
10.061184
10.061184
10.061184
10.061184
9.129742
14.269489
10.106621
0.187045
1.999953
2.110605
2.110605
2.110605
2.110605
2.110605
2.110605
2.110605
2.110605
2.110605
2.110605
2.110605
2.110605
2.110605
2.110605
2.110605
2.110605
2.110605
2.110605
2.110605
2.110605
2.110605
2.110605
2.110605
-0.306520
7.692820
12.201279
2.778934
3.665837
3.738539
3.738539
3.738539
3.738539
3.738539
3.738539
3.738539
3.738539
3.738539
3.738539
3.738539
3.738539
3.738539
3.738539
3.738539
3.738539
3.738539
3.738539
3.738539
3.738539
3.738539
3.738539
3.738539
1.858315
8.980605
12.399742
3.214377
4.056675
4.132695
4.132695
4.132695
4.132695
4.132695
4.132695
4.132695
4.132695
4.131895
3.764175
2.165227
-1.391075
-3.985054
-3.286304
1.190309
2.808900
3.911591
4.084036
4.128771
4.132695
4.132695
4.132695
4.132695
2.149447
9.383553
12.399742
3.214377
4.056675
4.132695
4.132695
4.132695
4.132695
4.132695
4.132695
4.097935
3.589155
1.712303
-3.551478
-7.500906
-6.519291
6.970809
2.406537
-5.831014
-7.397727
-6.483683
-0.846892
2.584220
3.939576
4.117348
4.132695
4.132695
2.149447
9.383553
12.399742
3.214377
4.056675
4.132695
4.132695
4.132695
4.132695
4.132695
3.829666
1.776262
-4.068558
-7.405483
0.501275
4.448197
4.894859
10.054719
4.169775
7.189314
9.877943
6.748471
-2.964333
-1.015401
0.336298
3.568615
4.127040
4.132695
2.149447
9.383553
12.399742
3.214377
4.056675
4.132695
4.132695
4.132695
4.132695
4.066857
0.997487
0.971330
1.419715
3.953277
5.611235
3.504753
-5.539644
-11.438865
-10.806579
-3.836043
1.024565
4.383924
-2.760767
9.552571
0.568917
-0.976838
4.119240
4.128771
2.149447
9.383553
12.399742
3.214377
4.056675
4.132695
4.132695
4.132695
4.132695
3.484941
-5.592822
5.699436
-3.563324
-7.275774
-9.589149
-8.121158
-4.035916
1.003520
0.815915
-2.712778
-5.263608
-8.769464
-17.067646
-7.652998
7.063559
-5.273025
1.825367
4.090351
2.149447
9.383553
12.399742
3.214377
4.056675
4.132695
4.132695
4.132695
4.012540
0.320503
-7.165767
-1.664432
-7.315580
-11.073757
-3.024364
2.424790
3.914517
4.018575
4.056170
3.977653
3.458075
2.500704
-7.115370
-0.841174
-3.214591
4.549117
-4.281065
3.332191
2.136038
9.383553
12.399742
3.214377
4.056675
4.132695
4.132695
4.132695
3.440980
-5.078005
3.947011
-3.294711
-10.987229
-0.819580
3.952619
4.049551
4.047037
4.046225
4.046225
4.046225
4.046225
4.111025
1.961364
-7.712517
-4.540523
3.934684
-7.447104
-2.338025
2.011728
9.383553
12.399742
3.214377
4.056675
4.132695
4.132695
4.017288
-0.067874
-6.938428
-0.832194
2.379752
-5.800300
3.638535
4.039962
4.046225
4.046225
4.046225
4.046225
4.046225
4.046225
4.045904
4.120171
-1.517578
-9.022623
-1.015739
12.047678
-4.230658
1.417458
9.383553
12.399742
3.214377
4.056675
4.132695
4.132695
3.414640
-5.890571
3.624780
-7.251209
-11.485786
-0.535956
4.070507
4.046225
4.046225
4.046225
4.046225
4.046225
4.046225
4.046225
4.046225
4.068141
3.561882
-10.263266
-4.845456
9.897972
-12.662313
0.419080
9.383553
12.399742
3.214377
4.056675
4.132695
4.132695
3.105170
-8.768431
11.372792
6.576962
-11.026959
3.504750
4.048786
4.046225
4.046225
4.046225
4.046225
4.046225
4.046225
4.046225
4.046225
4.046225
4.106961
-4.403461
-2.336146
12.123116
-8.176121
1.051998
9.383553
12.399742
3.214377
4.056675
4.132695
4.132695
3.506748
-9.539996
9.681441
6.689851
-11.314307
3.159668
4.046225
4.046225
4.046225
4.046225
4.046225
4.046225
4.046225
4.046225
4.046225
4.046225
3.955436
-8.543277
-2.729106
5.269303
-10.458986
1.181274
9.383553
12.399742
3.214377
4.056675
4.132695
4.132695
4.095971
-7.068940
0.742460
3.459458
-11.440920
2.179921
4.046389
4.046225
4.046225
4.046225
4.046225
4.046225
4.046225
4.046225
4.046225
4.046225
3.613255
-7.476804
5.060262
10.334213
-7.760553
1.264848
9.383553
12.399742
3.214377
4.056675
4.132695
4.132695
4.159122
-0.464354
-5.784905
5.411117
-4.176792
-1.216299
3.998364
4.046225
4.046225
4.046225
4.046225
4.046225
4.046225
4.046225
4.046225
4.043107
3.324932
-12.238358
4.917059
5.863959
-6.903514
1.507821
9.383553
12.399742
3.214377
4.056675
4.132695
4.132695
4.132695
2.409986
-8.995410
6.416573
1.652957
-5.255483
3.760740
4.045525
4.046225
4.046225
4.046225
4.046225
4.046225
4.046225
4.046225
3.845646
0.299827
-15.584342
8.164498
6.453634
-5.956596
1.887026
9.383553
12.399742
3.214377
4.056675
4.132695
4.132695
4.132695
3.671068
-8.001741
3.889546
-1.932044
-9.104083
1.019994
3.801158
4.006393
4.046225
4.046225
4.046225
4.046225
4.046225
3.876857
0.461304
-5.871117
-0.134625
0.346553
-2.132165
-0.415814
2.029308
9.383553
12.399742
3.214377
4.056675
4.132695
4.132695
4.132695
4.169481
-2.982756
4.591399
-7.867659
-8.450327
-3.716774
-1.988407
3.447004
3.983949
4.046225
4.046225
4.046225
3.869894
0.369821
-8.867217
-1.318718
-2.315615
6.002074
-0.922214
2.971595
2.119081
9.383553
12.399742
3.214377
4.056675
4.132695
4.132695
4.132695
4.147940
2.751437
1.064229
5.123770
-4.867943
0.105284
-3.732219
-2.035210
1.996789
3.153015
2.868924
3.507267
-0.216882
-7.365176
2.889743
-2.163681
3.665412
-4.066671
0.823812
3.992648
2.146675
9.383553
12.399742
3.214377
4.056675
4.132695
4.132695
4.132695
4.132695
4.045558
1.190435
-4.795760
-3.927295
0.645951
-9.943788
-1.909789
-11.816772
-13.132675
-13.416604
-11.740527
-16.384853
-4.990779
-0.496784
1.182189
-1.399079
1.438224
4.052681
4.133404
2.149447
9.383553
12.399742
3.214377
4.056675
4.132695
4.132695
4.132695
4.132695
4.131365
4.198286
2.591024
-2.546503
-3.539326
-2.680167
0.701380
4.017442
9.212616
14.204075
7.971557
5.295440
-0.540558
6.985143
-4.466577
0.968875
4.027390
4.127473
4.132695
2.149447
9.383553
12.399742
3.214377
4.056675
4.132695
4.132695
4.132695
4.132695
4.132695
4.130993
4.159222
3.592468
0.428903
-0.512136
1.318871
-1.746928
-0.333627
-11.547983
-9.845308
-11.247375
-4.825523
-0.236285
1.132849
3.999218
4.131897
4.132695
4.132695
2.149447
9.383553
12.399742
3.214377
4.056675
4.132695
4.132695
4.132695
4.132695
4.132695
4.132695
4.132695
4.136348
4.094212
1.913104
-0.099168
-3.173819
-3.520935
-2.244438
-0.044733
2.057429
2.652918
3.733053
4.074316
4.132751
4.132695
4.132695
4.132695
2.149447
9.383553
12.399742
3.214377
4.056675
4.132695
4.132695
4.132695
4.132695
4.132695
4.132695
4.132695
4.132695
4.133379
4.126215
4.081350
4.032799
4.005253
4.072911
4.125395
4.132568
4.132695
4.132695
4.132695
4.132695
4.132695
4.132695
4.132695
2.149447
9.383553
12.399742
3.214377
4.056675
4.132695
4.132695
4.132695
4.132695
4.132695
4.132695
4.132695
4.132695
4.132695
4.132695
4.132695
4.132695
4.132695
4.132695
4.132695
4.132695
4.132695
4.132695
4.132695
4.132695
4.132695
4.132695
4.132695
2.149447
9.383553
9.993645
-0.777975
1.110027
1.120723
1.120723
1.120723
1.120723
1.120723
1.120723
1.120723
1.120723
1.120723
1.120723
1.120723
1.120723
1.120723
1.120723
1.120723
1.120723
1.120723
1.120723
1.120723
1.120723
1.120723
1.120723
1.120723
-1.235085
6.989034
20.728361
7.430978
8.977116
9.356764
9.356764
9.356764
9.356764
9.356764
9.356764
9.356764
9.356764
9.356764
9.356764
9.356764
9.356764
9.356764
9.356764
9.356764
9.356764
9.356764
9.356764
9.356764
9.356764
9.356764
9.356764
9.356764
7.552830
13.667181
-2.530148
-0.110740
-0.440037
-0.330281
-0.330281
-0.330281
-0.330281
-0.330281
-0.330281
-0.330281
-0.330281
-0.330281
-0.330281
-0.330281
-0.330281
-0.330281
-0.330281
-0.330281
-0.330281
-0.330281
-0.330281
-0.330281
-0.330281
-0.330281
-0.330281
-0.330281
-0.412328
-0.942304
-1.059543
-2.071417
-1.374137
-1.255899
-1.255899
-1.255899
-1.255899
-1.255899
-1.255899
-1.255899
-1.255899
-1.255899
-1.255899
-1.255899
-1.255899
-1.255899
-1.255899
-1.255899
-1.255899
-1.255899
-1.255899
-1.255899
-1.255899
-1.255899
-1.255899
-1.255899
-1.189010
-3.674045
-1.136438
-2.968678
-2.399761
-2.377657
-2.377657
-2.377657
-2.377657
-2.377657
-2.377657
-2.377657
-2.377657
-2.377657
-2.377657
-2.377657
-2.377657
-2.377657
-2.377657
-2.377657
-2.377657
-2.377657
-2.377657
-2.377657
-2.377657
-2.377657
-2.377657
-2.377657
-2.072571
-4.452188
-1.149706
-2.899705
-2.261421
-2.244442
-2.244442
-2.244442
-2.244442
-2.244442
-2.244442
-2.244442
-2.244442
-2.254396
-2.263336
-2.200313
-2.277009
-1.898648
-1.832274
-2.236258
-2.202127
-2.234280
-2.242644
-2.244709
-2.244442
-2.244442
-2.244442
-2.244442
-1.932143
-4.295019
-1.149706
-2.899705
-2.261421
-2.244442
-2.244442
-2.244442
-2.244442
-2.244442
-2.244442
-2.253878
-2.276165
-2.111667
-2.249916
-2.912908
-3.511509
-2.343138
-0.723051
-3.550319
-3.380563
-2.025262
-2.133923
-2.221098
-2.252751
-2.245451
-2.244442
-2.244442
-1.932143
-4.295019
-1.149706
-2.899705
-2.261421
-2.244442
-2.244442
-2.244442
-2.244442
-2.244442
-2.248223
-2.176762
-2.394448
-2.637180
-4.575450
-3.464233
-10.021004
-17.229055
-8.512208
-6.535095
-1.676993
0.455906
-2.595552
-3.208272
-2.624753
-2.205903
-2.244365
-2.244442
-1.932143
-4.295019
-1.149706
-2.899705
-2.261421
-2.244442
-2.244442
-2.244442
-2.244442
-2.247260
-2.234234
-2.168118
-3.963376
-7.822353
-12.466133
-14.743974
-16.150375
-13.328075
-12.922778
-12.819139
-13.241066
-11.573862
-9.240086
-1.421077
-3.527548
-2.579993
-2.213864
-2.244709
-1.932143
-4.295019
-1.149706
-2.899705
-2.261421
-2.244442
-2.244442
-2.244442
-2.244442
-2.217700
-2.187204
-3.899360
-13.977587
-15.038109
-14.225848
-12.768439
-11.962763
-11.769562
-11.699331
-11.704244
-11.314631
-11.500076
-14.455137
-11.101004
-2.888809
-3.298418
-2.186304
-2.238757
-1.932143
-4.295019
-1.149706
-2.899705
-2.261421
-2.244442
-2.244442
-2.244442
-2.243476
-2.150429
-2.314346
-9.052786
-16.670135
-13.487673
-11.962639
-11.779219
-11.737088
-11.749691
-11.750036
-11.757780
-11.782308
-11.801286
-11.768013
-12.631687
-6.756238
-3.658050
-3.002459
-2.176368
-1.934524
-4.295019
-1.149706
-2.899705
-2.261421
-2.244442
-2.244442
-2.244442
-2.213655
-2.165592
-4.808126
-13.490523
-16.285784
-11.977135
-11.736941
-11.746942
-11.750258
-11.750285
-11.750285
-11.750285
-11.750285
-11.740273
-11.655191
-12.493181
-15.334628
-3.276045
-3.889220
-2.579356
-1.932713
-4.295019
-1.149706
-2.899705
-2.261421
-2.244442
-2.244442
-2.244931
-2.155707
-2.597178
-8.579728
-18.219070
-13.104393
-11.628401
-11.749936
-11.750285
-11.750285
-11.750285
-11.750285
-11.750285
-11.750285
-11.750332
-11.731071
-11.565027
-12.698491
-9.731909
1.721347
-3.795256
-2.079327
-4.295019
-1.149706
-2.899705
-2.261421
-2.244442
-2.244442
-2.241599
-2.022624
-2.876232
-13.372013
-16.614639
-11.983797
-11.736210
-11.750285
-11.750285
-11.750285
-11.750285
-11.750285
-11.750285
-11.750285
-11.750285
-11.748879
-11.773281
-11.383421
-16.087784
-6.937223
-3.170338
-2.181096
-4.295019
-1.149706
-2.899705
-2.261421
-2.244442
-2.244442
-2.222572
-2.074250
-6.135543
-16.007141
-13.869379
-11.626574
-11.749834
-11.750285
-11.750285
-11.750285
-11.750285
-11.750285
-11.750285
-11.750285
-11.750285
-11.750285
-11.744347
-11.387606
-13.903186
-6.346446
-3.738931
-2.113436
-4.295019
-1.149706
-2.899705
-2.261421
-2.244442
-2.244442
-2.221251
-1.973569
0.303663
-10.857716
-13.356937
-11.644440
-11.750285
-11.750285
-11.750285
-11.750285
-11.750285
-11.750285
-11.750285
-11.750285
-11.750285
-11.750285
-11.760758
-11.421874
-12.711556
-5.345901
-3.636574
-2.110564
-4.295019
-1.149706
-2.899705
-2.261421
-2.244442
-2.244442
-2.254044
-1.647275
-3.468646
-11.665667
-13.687887
-11.703738
-11.750083
-11.750285
-11.750285
-11.750285
-11.750285
-11.750285
-11.750285
-11.750285
-11.750285
-11.750285
-11.741883
-11.972666
-9.745173
-3.753585
-3.447719
-2.061105
-4.295019
-1.149706
-2.899705
-2.261421
-2.244442
-2.244442
-2.245728
-1.975763
-2.829163
-4.622928
-14.587158
-12.088597
-11.752936
-11.750285
-11.750285
-11.750285
-11.750285
-11.750285
-11.750285
-11.750285
-11.750285
-11.751132
-11.672058
-12.774803
-14.406250
0.036894
-3.642764
-1.983106
-4.295019
-1.149706
-2.899705
-2.261421
-2.244442
-2.244442
-2.244442
-2.116522
-1.482194
-7.024414
-14.807968
-12.354637
-11.735603
-11.750107
-11.750285
-11.750285
-11.750285
-11.750285
-11.750285
-11.750285
-11.750285
-11.747738
-11.738719
-11.657086
-12.164697
-0.524035
-2.817316
-1.935532
-4.295019
-1.149706
-2.899705
-2.261421
-2.244442
-2.244442
-2.244442
-2.200894
-1.486984
-0.327473
-11.001072
-13.002186
-11.958276
-11.764100
-11.753280
-11.750285
-11.750285
-11.750285
-11.750285
-11.750285
-11.771145
-11.804013
-11.551584
-11.401182
-6.485751
-2.189934
-2.709923
-1.936203
-4.295019
-1.149706
-2.899705
-2.261421
-2.244442
-2.244442
-2.244442
-2.255513
-1.641051
-0.205357
-5.649706
-10.308675
-12.242491
-12.150402
-11.814436
-11.758306
-11.750285
-11.750285
-11.750285
-11.753532
-11.844682
-11.935384
-12.977045
-5.748031
-1.521283
-3.428774
-2.191655
-1.922112
-4.295019
-1.149706
-2.899705
-2.261421
-2.244442
-2.244442
-2.244442
-2.247193
-2.144083
-1.921584
-0.438187
-0.505159
-7.367000
-11.330958
-12.249134
-11.784659
-11.611494
-11.595938
-11.660333
-11.964576
-11.130842
-11.193035
-4.701628
-1.992957
-3.461885
-2.379887
-2.224679
-1.930918
-4.295019
-1.149706
-2.899705
-2.261421
-2.244442
-2.244442
-2.244442
-2.244442
-2.241566
-2.194985
-1.607909
-0.331481
-0.028892
-7.189457
-10.367931
-11.204043
-9.942637
-9.801867
-10.452551
-11.819941
-9.484892
-4.170572
-3.429892
-3.403507
-2.474841
-2.226048
-2.244577
-1.932143
-4.295019
-1.149706
-2.899705
-2.261421
-2.244442
-2.244442
-2.244442
-2.244442
-2.245404
-2.242339
-2.154319
-2.172303
-0.838235
-0.679838
-1.113594
-0.480747
-2.378552
-0.456582
-2.239503
-0.090630
-2.041552
-3.212007
-3.603832
-2.432721
-2.239623
-2.243372
-2.244442
-1.932143
-4.295019
-1.149706
-2.899705
-2.261421
-2.244442
-2.244442
-2.244442
-2.244442
-2.244442
-2.244170
-2.237035
-2.242216
-2.229266
-1.613906
0.183893
0.038026
0.351562
-0.845082
0.092349
-1.463821
-2.471234
-2.821962
-2.312042
-2.230839
-2.244866
-2.244442
-2.244442
-1.932143
-4.295019
-1.149706
-2.899705
-2.261421
-2.244442
-2.244442
-2.244442
-2.244442
-2.244442
-2.244442
-2.244442
-2.243856
-2.232314
-2.082066
-2.222085
-2.218031
-1.964009
-2.121862
-2.078638
-2.063076
-2.168227
-2.185934
-2.213883
-2.244129
-2.244442
-2.244442
-2.244442
-1.932143
-4.295019
-1.149706
-2.899705
-2.261421
-2.244442
-2.244442
-2.244442
-2.244442
-2.244442
-2.244442
-2.244442
-2.244442
-2.244929
-2.242382
-2.220676
-2.216255
-2.236492
-2.233585
-2.241459
-2.244396
-2.244442
-2.244442
-2.244442
-2.244442
-2.244442
-2.244442
-2.244442
-1.932143
-4.295019
-1.149706
-2.899705
-2.261421
-2.244442
-2.244442
-2.244442
-2.244442
-2.244442
-2.244442
-2.244442
-2.244442
-2.244442
-2.244442
-2.244442
-2.244442
-2.244442
-2.244442
-2.244442
-2.244442
-2.244442
-2.244442
-2.244442
-2.244442
-2.244442
-2.244442
-2.244442
-1.932143
-4.295019
-1.000734
-2.623174
-1.919798
-1.875556
-1.875556
-1.875556
-1.875556
-1.875556
-1.875556
-1.875556
-1.875556
-1.875556
-1.875556
-1.875556
-1.875556
-1.875556
-1.875556
-1.875556
-1.875556
-1.875556
-1.875556
-1.875556
-1.875556
-1.875556
-1.875556
-1.875556
-1.596251
-4.253036
-0.204887
-0.418075
-0.192851
-0.062039
-0.062039
-0.062039
-0.062039
-0.062039
-0.062039
-0.062039
-0.062039
-0.062039
-0.062039
-0.062039
-0.062039
-0.062039
-0.062039
-0.062039
-0.062039
-0.062039
-0.062039
-0.062039
-0.062039
-0.062039
-0.062039
-0.062039
-0.244090
-2.714207
9.783997
7.814948
7.257886
7.190526
7.190526
7.190526
7.190526
7.190526
7.190526
7.190526
7.190526
7.190526
7.190526
7.190526
7.190526
7.190526
7.190526
7.190526
7.190526
7.190526
7.190526
7.190526
7.190526
7.190526
7.190526
7.190526
7.372434
11.205890
4.636371
7.929396
7.240013
7.156020
7.156020
7.156020
7.156020
7.156020
7.156020
7.156020
7.156020
7.156020
7.156020
7.156020
7.156020
7.156020
7.156020
7.156020
7.156020
7.156020
7.156020
7.156020
7.156020
7.156020
7.156020
7.156020
7.579105
7.387691
5.755364
7.576592
6.687673
6.584428
6.584428
6.584428
6.584428
6.584428
6.584428
6.584428
6.584428
6.584428
6.584428
6.584428
6.584428
6.584428
6.584428
6.584428
6.584428
6.584428
6.584428
6.584428
6.584428
6.584428
6.584428
6.584428
6.972319
6.871794
5.704617
7.614073
6.709891
6.599953
6.599953
6.599953
6.599953
6.599953
6.599953
6.599953
6.599953
6.600258
6.676291
6.641393
6.863006
7.022538
7.062311
6.907071
6.735328
6.646334
6.607217
6.600024
6.599953
6.599953
6.599953
6.599953
7.020528
6.851528
5.704617
7.614073
6.709891
6.599953
6.599953
6.599953
6.599953
6.599953
6.599953
6.604257
6.649506
6.588056
6.719944
8.220754
11.832136
11.738782
14.361864
10.360674
8.880658
7.185517
6.922906
6.670613
6.614797
6.604637
6.599953
6.599953
7.020528
6.851528
5.704617
7.614073
6.709891
6.599953
6.599953
6.599953
6.599953
6.599953
6.620165
6.526028
6.758718
9.508342
14.028465
12.971038
9.759800
0.493408
5.879473
9.285976
14.174002
14.679457
12.757373
9.301785
6.302259
6.588254
6.598703
6.599953
7.020528
6.851528
5.704617
7.614073
6.709891
6.599953
6.599953
6.599953
6.599953
6.605583
6.256842
7.733698
14.466508
13.883885
4.733482
2.322856
4.737448
-1.109493
-1.270458
1.908936
3.312407
4.005237
8.819334
14.728994
8.942060
6.155782
6.640158
6.600024
7.020528
6.851528
5.704617
7.614073
6.709891
6.599953
6.599953
6.599953
6.599953
6.594879
6.048802
13.082886
9.829460
5.187357
2.901954
-2.948226
-3.023511
-2.840946
-2.707333
-3.160650
-3.001393
-2.145680
2.349057
9.329342
15.761185
6.541187
6.512161
6.624125
7.020528
6.851528
5.704617
7.614073
6.709891
6.599953
6.599953
6.599953
6.628715
6.141691
8.167350
9.790540
2.286312
-3.615784
-3.460577
-2.715028
-2.140120
-2.068083
-2.061732
-2.074781
-2.215444
-2.651051
-4.431861
2.771516
9.983006
12.473939
5.819179
6.595140
7.016986
6.851528
5.704617
7.614073
6.709891
6.599953
6.599953
6.599953
6.619453
5.840296
12.651722
7.730667
-1.549383
-3.559165
-2.153949
-2.062356
-2.060773
-2.060648
-2.060648
-2.060648
-2.060648
-2.070335
-2.902330
-3.828660
2.343981
11.739664
10.045240
6.356033
7.070958
6.851528
5.704617
7.614073
6.709891
6.599953
6.599953
6.626060
6.270501
7.545233
9.778011
2.533206
-5.088168
-2.479215
-2.060553
-2.060648
-2.060648
-2.060648
-2.060648
-2.060648
-2.060648
-2.060861
-2.174851
-3.373177
-0.802006
9.030576
13.566977
6.521986
7.076529
6.851528
5.704617
7.614073
6.709891
6.599953
6.599953
6.685597
6.387486
10.800928
7.863853
-1.694178
-3.597456
-2.096081
-2.060648
-2.060648
-2.060648
-2.060648
-2.060648
-2.060648
-2.060648
-2.060648
-2.064087
-2.459633
-4.376914
0.866825
1.164950
6.594455
6.974091
6.851528
5.704617
7.614073
6.709891
6.599953
6.599953
6.510923
6.138107
8.316499
2.241148
-5.291649
-2.459618
-2.062479
-2.060648
-2.060648
-2.060648
-2.060648
-2.060648
-2.060648
-2.060648
-2.060648
-2.060648
-2.074943
-4.434158
0.800155
11.706623
7.791023
7.092802
6.851528
5.704617
7.614073
6.709891
6.599953
6.599953
6.612183
6.141934
7.904329
1.664976
-4.506295
-2.248755
-2.060648
-2.060648
-2.060648
-2.060648
-2.060648
-2.060648
-2.060648
-2.060648
-2.060648
-2.060648
-2.079920
-4.471892
1.517673
10.328141
5.893153
7.339869
6.851528
5.704617
7.614073
6.709891
6.599953
6.599953
6.580814
6.020051
11.160826
2.290620
-3.213918
-2.665668
-2.060552
-2.060648
-2.060648
-2.060648
-2.060648
-2.060648
-2.060648
-2.060648
-2.060648
-2.060648
-2.120003
-3.813065
4.297301
8.513319
6.198213
7.413448
6.851528
5.704617
7.614073
6.709891
6.599953
6.599953
6.590159
6.179082
7.289973
1.270198
-2.693833
-3.586565
-2.072176
-2.060648
-2.060648
-2.060648
-2.060648
-2.060648
-2.060648
-2.060648
-2.060648
-2.061266
-2.311257
-4.503027
0.173956
8.097900
6.041270
7.347181
6.851528
5.704617
7.614073
6.709891
6.599953
6.599953
6.599953
6.335025
7.458787
5.172461
-1.183503
-4.275435
-2.118939
-2.060623
-2.060648
-2.060648
-2.060648
-2.060648
-2.060648
-2.060648
-2.060648
-2.200965
-3.384934
-2.824688
-0.962194
5.651206
6.932707
7.161524
6.851528
5.704617
7.614073
6.709891
6.599953
6.599953
6.599953
6.515843
6.873245
9.678276
1.532437
-4.028069
-2.828283
-2.192424
-2.060886
-2.060648
-2.060648
-2.060648
-2.060648
-2.060648
-2.170030
-3.195695
-1.902258
4.612587
10.217144
9.446735
6.289794
7.068565
6.851528
5.704617
7.614073
6.709891
6.599953
6.599953
6.599953
6.547771
5.893528
10.867066
9.121995
6.200881
-0.847390
-3.052521
-2.333089
-2.075195
-2.060648
-2.060648
-2.060648
-2.201309
-3.297626
-2.767532
3.168594
11.089144
17.714483
5.539995
6.703346
7.032793
6.851528
5.704617
7.614073
6.709891
6.599953
6.599953
6.599953
6.589982
6.545818
6.222485
13.563701
15.114495
4.936021
1.272830
-3.995180
-3.033018
-2.896705
-2.805711
-2.799397
-3.578769
-1.619444
7.715182
12.497766
12.946745
5.799115
6.602546
6.641595
7.022108
6.851528
5.704617
7.614073
6.709891
6.599953
6.599953
6.599953
6.599953
6.611569
6.540181
6.978416
14.652509
15.257111
9.308450
2.065743
-0.930532
1.420674
0.640382
-0.492863
-0.411467
6.112961
12.548928
17.400118
5.739015
6.709086
6.668361
6.598815
7.020528
6.851528
5.704617
7.614073
6.709891
6.599953
6.599953
6.599953
6.599953
6.599220
6.563726
6.480509
6.334217
8.752115
13.240718
8.859206
1.894052
-0.556190
5.580964
4.983680
1.776493
12.051610
13.010320
6.126426
6.613242
6.689543
6.601668
6.599953
7.020528
6.851528
5.704617
7.614073
6.709891
6.599953
6.599953
6.599953
6.599953
6.599953
6.600176
6.583607
6.574712
6.300800
7.439246
13.938873
13.233156
11.740894
12.330452
12.127739
9.918779
9.556043
6.112664
6.689032
6.665677
6.599490
6.599953
6.599953
7.020528
6.851528
5.704617
7.614073
6.709891
6.599953
6.599953
6.599953
6.599953
6.599953
6.599953
6.599953
6.597817
6.587350
6.567869
6.287313
6.574434
6.885821
6.695661
6.424190
6.426805
6.524415
6.639864
6.651466
6.599615
6.599953
6.599953
6.599953
7.020528
6.851528
5.704617
7.614073
6.709891
6.599953
6.599953
6.599953
6.599953
6.599953
6.599953
6.599953
6.599953
6.600135
6.608721
6.631130
6.639086
6.632721
6.618730
6.604203
6.600013
6.599953
6.599953
6.599953
6.599953
6.599953
6.599953
6.599953
7.020528
6.851528
5.704617
7.614073
6.709891
6.599953
6.599953
6.599953
6.599953
6.599953
6.599953
6.599953
6.599953
6.599953
6.599953
6.599953
6.599953
6.599953
6.599953
6.599953
6.599953
6.599953
6.599953
6.599953
6.599953
6.599953
6.599953
6.599953
7.020528
6.851528
5.380943
7.495090
6.597417
6.547214
6.547214
6.547214
6.547214
6.547214
6.547214
6.547214
6.547214
6.547214
6.547214
6.547214
6.547214
6.547214
6.547214
6.547214
6.547214
6.547214
6.547214
6.547214
6.547214
6.547214
6.547214
6.547214
6.903016
6.461353
10.508838
14.284554
11.702227
11.749088
11.749088
11.749088
11.749088
11.749088
11.749088
11.749088
11.749088
11.749088
11.749088
11.749088
11.749088
11.749088
11.749088
11.749088
11.749088
11.749088
11.749088
11.749088
11.749088
11.749088
11.749088
11.749088
11.564988
15.995667
0.929490
2.064179
3.061868
2.880339
2.880339
2.880339
2.880339
2.880339
2.880339
2.880339
2.880339
2.880339
2.880339
2.880339
2.880339
2.880339
2.880339
2.880339
2.880339
2.880339
2.880339
2.880339
2.880339
2.880339
2.880339
2.880339
3.145336
1.298355
1.316411
-4.125978
-1.071455
-1.221496
-1.221496
-1.221496
-1.221496
-1.221496
-1.221496
-1.221496
-1.221496
-1.221496
-1.221496
-1.221496
-1.221496
-1.221496
-1.221496
-1.221496
-1.221496
-1.221496
-1.221496
-1.221496
-1.221496
-1.221496
-1.221496
-1.221496
-1.049051
-4.160614
0.764762
-3.054236
0.013682
-0.461355
-0.461355
-0.461355
-0.461355
-0.461355
-0.461355
-0.461355
-0.461355
-0.461355
-0.461355
-0.461355
-0.461355
-0.461355
-0.461355
-0.461355
-0.461355
-0.461355
-0.461355
-0.461355
-0.461355
-0.461355
-0.461355
-0.461355
0.352006
-3.293516
0.581614
-3.182981
-0.106996
-0.577835
-0.577835
-0.577835
-0.577835
-0.577835
-0.577835
-0.577835
-0.577835
-0.559495
-0.245608
0.364006
1.777899
3.818725
3.206165
1.440480
0.554651
-0.258008
-0.553439
-0.576733
-0.577835
-0.577835
-0.577835
-0.577835
0.207290
-3.466952
0.581614
-3.182981
-0.106996
-0.577835
-0.577835
-0.577835
-0.577835
-0.577835
-0.577835
-0.521543
-0.023766
1.111712
3.094332
-0.512519
1.052481
-2.192849
-0.798319
-2.325336
0.256184
4.127619
1.836261
0.748550
-0.200320
-0.549495
-0.577835
-0.577835
0.207290
-3.466952
0.581614
-3.182981
-0.106996
-0.577835
-0.577835
-0.577835
-0.577835
-0.577835
-0.226487
1.053849
2.910483
-1.617632
-1.162896
0.559259
3.077223
-0.200374
5.917317
5.311303
0.207117
0.771992
-2.183803
-0.791664
1.709511
-0.093340
-0.569843
-0.577835
0.207290
-3.466952
0.581614
-3.182981
-0.106996
-0.577835
-0.577835
-0.577835
-0.577835
-0.509063
0.889097
0.802981
-4.164864
0.945012
-0.261392
-3.031448
-0.452317
4.307762
2.474973
-0.435903
0.283799
5.483941
1.235360
0.802856
-0.869142
1.348082
-0.285002
-0.576733
0.207290
-3.466952
0.581614
-3.182981
-0.106996
-0.577835
-0.577835
-0.577835
-0.577835
0.107319
3.006579
-1.508317
0.603604
-1.966343
-0.578783
3.824149
5.059404
2.886696
2.739130
4.201783
3.283171
2.643290
-0.014843
6.230902
-1.329166
2.132291
0.519411
-0.507224
0.207290
-3.466952
0.581614
-3.182981
-0.106996
-0.577835
-0.577835
-0.577835
-0.491873
1.651286
-3.364007
5.197401
-2.617834
4.227936
4.632542
2.186648
0.424091
0.104191
0.110429
0.250536
0.849155
2.200348
6.090016
3.756065
4.862572
-2.760590
2.862683
0.090908
0.222980
-3.466952
0.581614
-3.182981
-0.106996
-0.577835
-0.577835
-0.577835
0.054060
2.689516
-5.854741
7.452669
-1.214049
3.268859
0.463092
0.117313
0.087550
0.086370
0.086370
0.086370
0.086370
0.128947
1.645239
3.384277
-1.205217
-1.813193
-1.043554
1.578231
0.578010
-3.466952
0.581614
-3.182981
-0.106996
-0.577835
-0.577835
-0.470951
1.547594
-3.133182
1.675351
-2.438161
3.530090
0.927470
0.097085
0.086370
0.086370
0.086370
0.086370
0.086370
0.086370
0.086076
0.372535
3.613717
0.629085
4.585895
-0.425036
1.306727
1.560414
-3.466952
0.581614
-3.182981
-0.106996
-0.577835
-0.577835
0.034899
2.512722
-6.325378
5.006640
-3.708598
2.824447
0.230217
0.086370
0.086370
0.086370
0.086370
0.086370
0.086370
0.086370
0.086370
0.094626
0.791195
6.845963
-2.358250
-4.946778
0.308770
1.964248
-3.466952
0.581614
-3.182981
-0.106996
-0.577835
-0.577835
0.486080
-2.722470
-2.649386
-5.157878
2.984970
1.302649
0.097547
0.086370
0.086370
0.086370
0.086370
0.086370
0.086370
0.086370
0.086370
0.086370
0.128417
5.007838
-2.820228
-6.364839
-0.882262
2.100582
-3.466952
0.581614
-3.182981
-0.106996
-0.577835
-0.577835
0.052489
1.763292
-1.573557
0.002153
1.744353
1.050632
0.086370
0.086370
0.086370
0.086370
0.086370
0.086370
0.086370
0.086370
0.086370
0.086370
0.139125
4.919592
-6.314629
-3.641045
-2.462633
1.942336
-3.466952
0.581614
-3.182981
-0.106996
-0.577835
-0.577835
-0.415330
1.779438
-1.182319
7.275828
1.994743
1.225791
0.088089
0.086370
0.086370
0.086370
0.086370
0.086370
0.086370
0.086370
0.086370
0.086370
0.290416
4.944860
-3.900446
-0.456406
-1.572745
1.542951
-3.466952
0.581614
-3.182981
-0.106996
-0.577835
-0.577835
-0.565485
1.260151
-5.496691
11.678257
-1.469393
2.295609
0.103597
0.086370
0.086370
0.086370
0.086370
0.086370
0.086370
0.086370
0.086370
0.089177
0.685553
4.116280
-3.632852
-4.502794
0.038321
1.092189
-3.466952
0.581614
-3.182981
-0.106996
-0.577835
-0.577835
-0.577835
1.125547
-6.401795
7.598104
0.156003
3.499742
0.321131
0.087463
0.086370
0.086370
0.086370
0.086370
0.086370
0.086370
0.086370
0.393107
2.655286
0.694337
-3.739672
-4.293234
3.892729
0.579157
-3.466952
0.581614
-3.182981
-0.106996
-0.577835
-0.577835
-0.577835
0.334795
1.794490
6.407506
1.193471
2.487863
1.886516
0.431029
0.097174
0.086370
0.086370
0.086370
0.086370
0.086370
0.277101
2.161973
2.782064
1.174952
4.443195
-9.264874
1.313367
0.374853
-3.466952
0.581614
-3.182981
-0.106996
-0.577835
-0.577835
-0.577835
-0.387243
3.230383
-8.300375
3.105868
-0.175025
1.437189
2.677818
0.678247
0.097767
0.086370
0.086370
0.086370
0.394846
2.170907
4.328109
-1.084729
6.693928
-5.192018
1.504393
0.635397
0.245759
-3.466952
0.581614
-3.182981
-0.106996
-0.577835
-0.577835
-0.577835
-0.566059
0.897426
-0.719983
-6.947588
4.571587
-2.560331
0.976077
4.103520
2.173216
1.922993
1.907273
1.761891
2.916692
3.846448
4.128723
6.866859
-5.592865
1.315726
1.291465
-0.339072
0.208223
-3.466952
0.581614
-3.182981
-0.106996
-0.577835
-0.577835
-0.577835
-0.577835
-0.249594
1.778736
2.946889
-1.802756
-2.342509
-1.329007
1.169115
2.387911
-0.008150
1.086070
0.255243
0.716997
2.756380
7.452021
-3.596087
0.520700
1.211204
-0.277789
-0.575733
0.207290
-3.466952
0.581614
-3.182981
-0.106996
-0.577835
-0.577835
-0.577835
-0.577835
-0.580292
-0.414824
0.604790
2.460448
-0.744442
-8.203224
5.004293
6.404448
3.375829
3.816504
5.307568
6.494289
-1.765823
-5.013020
1.509249
1.538880
-0.206398
-0.570839
-0.577835
0.207290
-3.466952
0.581614
-3.182981
-0.106996
-0.577835
-0.577835
-0.577835
-0.577835
-0.577835
-0.576638
-0.508256
0.120215
2.270356
-0.763589
2.281676
2.169128
-1.697743
-3.802550
-4.715787
2.411248
0.457051
1.428118
1.261723
-0.285738
-0.572988
-0.577835
-0.577835
0.207290
-3.466952
0.581614
-3.182981
-0.106996
-0.577835
-0.577835
-0.577835
-0.577835
-0.577835
-0.577835
-0.577835
-0.559576
-0.159016
1.248360
2.113027
3.707025
3.343307
3.453077
2.963058
1.552673
1.211631
0.489625
-0.371469
-0.574044
-0.577835
-0.577835
-0.577835
0.207290
-3.466952
0.581614
-3.182981
-0.106996
-0.577835
-0.577835
-0.577835
-0.577835
-0.577835
-0.577835
-0.577835
-0.577835
-0.575090
-0.551348
-0.480532
-0.420135
-0.431227
-0.507959
-0.568736
-0.577719
-0.577835
-0.577835
-0.577835
-0.577835
-0.577835
-0.577835
-0.577835
0.207290
-3.466952
0.581614
-3.182981
-0.106996
-0.577835
-0.577835
-0.577835
-0.577835
-0.577835
-0.577835
-0.577835
-0.577835
-0.577835
-0.577835
-0.577835
-0.577835
-0.577835
-0.577835
-0.577835
-0.577835
-0.577835
-0.577835
-0.577835
-0.577835
-0.577835
-0.577835
-0.577835
0.207290
-3.466952
1.588621
-2.490252
0.558733
0.063591
0.063591
0.063591
0.063591
0.063591
0.063591
0.063591
0.063591
0.063591
0.063591
0.063591
0.063591
0.063591
0.063591
0.063591
0.063591
0.063591
0.063591
0.063591
0.063591
0.063591
0.063591
0.063591
0.811878
-2.487072
3.559526
-2.528376
0.328590
0.066132
0.066132
0.066132
0.066132
0.066132
0.066132
0.066132
0.066132
0.066132
0.066132
0.066132
0.066132
0.066132
0.066132
0.066132
0.066132
0.066132
0.066132
0.066132
0.066132
0.066132
0.066132
0.066132
0.101370
-2.273343
1.991536
9.119409
9.122362
9.201979
9.201979
9.201979
9.201979
9.201979
9.201979
9.201979
9.201979
9.201979
9.201979
9.201979
9.201979
9.201979
9.201979
9.201979
9.201979
9.201979
9.201979
9.201979
9.201979
9.201979
9.201979
9.201979
8.977264
12.316862
11.662659
9.924696
10.352764
10.302645
10.302645
10.302645
10.302645
10.302645
10.302645
10.302645
10.302645
10.302645
10.302645
10.302645
10.302645
10.302645
10.302645
10.302645
10.302645
10.302645
10.302645
10.302645
10.302645
10.302645
10.302645
10.302645
10.125273
13.617872
11.319765
9.730289
9.792566
9.727571
9.727571
9.727571
9.727571
9.727571
9.727571
9.727571
9.727571
9.727571
9.727571
9.727571
9.727571
9.727571
9.727571
9.727571
9.727571
9.727571
9.727571
9.727571
9.727571
9.727571
9.727571
9.727571
9.644459
14.233192
11.440132
9.860462
9.972849
9.894775
9.894775
9.894775
9.894775
9.894775
9.894775
9.894775
9.894775
9.902714
9.892365
9.285049
8.269045
5.967999
7.161246
8.573786
9.370943
9.820311
9.886467
9.894136
9.894775
9.894775
9.894775
9.894775
9.867607
14.444946
11.440132
9.860462
9.972849
9.894775
9.894775
9.894775
9.894775
9.894775
9.894775
9.893772
9.853497
8.915369
7.503332
6.248899
6.175755
-4.581247
0.707113
4.928614
4.979331
6.300239
7.911049
9.236065
9.804487
9.887751
9.894775
9.894775
9.867607
14.444946
11.440132
9.860462
9.972849
9.894775
9.894775
9.894775
9.894775
9.894775
9.871635
9.349165
7.650045
5.998369
-1.041565
-5.337871
-7.409607
-1.039589
-5.783595
-7.532815
-1.565529
-6.926115
6.531120
8.168611
9.451384
9.762856
9.898909
9.894775
9.867607
14.444946
11.440132
9.860462
9.972849
9.894775
9.894775
9.894775
9.894775
9.882143
9.158550
10.791462
-0.765482
-2.927159
-6.556869
-5.987400
-2.855339
3.293591
0.726008
-4.675766
-7.550236
-4.428338
-8.465654
-0.419672
9.864578
9.406086
9.903584
9.894136
9.867607
14.444946
11.440132
9.860462
9.972849
9.894775
9.894775
9.894775
9.894775
9.858349
9.463737
2.686315
-3.604743
-7.193734
3.479036
3.126439
3.683736
4.607379
4.449188
3.387838
2.393653
1.490474
-0.416009
-5.439656
-1.356888
9.934206
9.564058
9.886267
9.867607
14.444946
11.440132
9.860462
9.972849
9.894775
9.894775
9.894775
9.877853
9.147051
8.119871
-4.462387
-5.639323
4.016075
3.713629
4.641430
5.355548
5.258570
5.288441
5.315784
5.204103
4.932200
4.477484
-2.006702
0.387668
2.551702
10.050724
9.700399
9.864267
14.444946
11.440132
9.860462
9.972849
9.894775
9.894775
9.894775
9.845251
9.420553
2.664615
-1.623165
7.402483
5.176059
5.323785
5.278706
5.264929
5.264242
5.264242
5.264242
5.264242
5.300915
4.884130
5.796070
-3.146202
-1.640188
9.147127
9.290113
9.848640
14.444946
11.440132
9.860462
9.972849
9.894775
9.894775
9.896460
9.125639
8.394087
-1.490196
-1.633672
6.288139
5.195934
5.268636
5.264242
5.264242
5.264242
5.264242
5.264242
5.264242
5.263604
5.320120
4.874033
3.946510
0.274269
-0.354215
9.269800
9.778532
14.444946
11.440132
9.860462
9.972849
9.894775
9.894775
9.901642
8.946474
-0.144377
4.795746
6.829966
5.277314
5.290289
5.264242
5.264242
5.264242
5.264242
5.264242
5.264242
5.264242
5.264242
5.276922
5.207814
4.653514
3.203861
3.832449
7.754559
9.667690
14.444946
11.440132
9.860462
9.972849
9.894775
9.894775
9.836470
7.213259
8.126310
7.559630
4.615130
5.263809
5.270576
5.264242
5.264242
5.264242
5.264242
5.264242
5.264242
5.264242
5.264242
5.264242
5.302171
5.001125
3.815979
5.966161
10.229570
9.861090
14.444946
11.440132
9.860462
9.972849
9.894775
9.894775
9.780193
7.388780
-2.462518
0.213967
3.558416
5.307442
5.264242
5.264242
5.264242
5.264242
5.264242
5.264242
5.264242
5.264242
5.264242
5.264242
5.244483
4.520909
1.728206
2.922478
10.342333
9.895226
14.444946
11.440132
9.860462
9.972849
9.894775
9.894775
9.839462
8.468579
3.707963
0.175003
4.249203
5.149323
5.265341
5.264242
5.264242
5.264242
5.264242
5.264242
5.264242
5.264242
5.264242
5.264242
5.214136
4.869060
2.104039
4.225841
10.121454
9.942528
14.444946
11.440132
9.860462
9.972849
9.894775
9.894775
9.895523
9.314625
10.922867
-2.550487
0.431100
4.847129
5.247347
5.264242
5.264242
5.264242
5.264242
5.264242
5.264242
5.264242
5.264242
5.263607
5.203007
4.195402
0.954405
2.288186
9.558603
10.001364
14.444946
11.440132
9.860462
9.972849
9.894775
9.894775
9.894775
9.565229
10.397839
-1.127213
4.326173
4.354469
5.252813
5.264602
5.264242
5.264242
5.264242
5.264242
5.264242
5.264242
5.264242
5.271330
4.328246
2.684399
-2.274680
0.213331
9.913359
10.009670
14.444946
11.440132
9.860462
9.972849
9.894775
9.894775
9.894775
9.794977
9.057554
4.211943
1.898296
3.448292
4.674360
5.196659
5.258916
5.264242
5.264242
5.264242
5.264242
5.264242
5.260816
4.562608
4.690814
-6.338556
4.336869
11.476482
10.473804
9.948650
14.444946
11.440132
9.860462
9.972849
9.894775
9.894775
9.894775
9.855177
9.983910
5.145772
-3.944454
-0.360021
2.784706
4.446266
5.116893
5.253067
5.264242
5.264242
5.264242
5.283970
4.025750
4.899320
-5.902387
-0.773270
3.533675
11.219862
9.951088
9.890446
14.444946
11.440132
9.860462
9.972849
9.894775
9.894775
9.894775
9.899170
9.774035
11.292660
3.433724
-2.447322
-2.369140
4.875396
4.881740
4.832470
5.006523
5.220672
5.178736
4.354997
4.726110
-2.775455
1.014889
1.923774
10.628120
9.318445
9.966867
9.867096
14.444946
11.440132
9.860462
9.972849
9.894775
9.894775
9.894775
9.894775
9.939796
9.297764
9.446312
9.325809
-0.776181
-2.391010
0.303620
-0.782524
-0.035097
-0.646903
-0.943577
-0.437138
-4.580601
-1.111179
2.485918
11.446321
9.554644
10.000559
9.897457
9.867607
14.444946
11.440132
9.860462
9.972849
9.894775
9.894775
9.894775
9.894775
9.895576
9.889847
9.522610
9.183072
11.250633
-5.690363
5.043920
-5.609587
-5.700774
-4.095049
-5.423079
-6.878907
1.669456
5.271305
10.405378
9.376047
10.024813
9.896688
9.894775
9.867607
14.444946
11.440132
9.860462
9.972849
9.894775
9.894775
9.894775
9.894775
9.894775
9.894217
9.883572
9.803902
9.638016
11.380541
3.835110
-1.536473
-0.473711
4.421055
5.693048
8.046370
8.239760
9.303545
9.350842
9.972063
9.898258
9.894775
9.894775
9.867607
14.444946
11.440132
9.860462
9.972849
9.894775
9.894775
9.894775
9.894775
9.894775
9.894775
9.894775
9.892956
9.889730
9.232271
8.544366
7.956238
8.854397
9.083651
9.547258
9.485207
9.782457
10.071003
9.998350
9.897310
9.894775
9.894775
9.894775
9.867607
14.444946
11.440132
9.860462
9.972849
9.894775
9.894775
9.894775
9.894775
9.894775
9.894775
9.894775
9.894775
9.895618
9.906160
9.897945
9.888910
9.882401
9.903419
9.896807
9.894758
9.894775
9.894775
9.894775
9.894775
9.894775
9.894775
9.894775
9.867607
14.444946
11.440132
9.860462
9.972849
9.894775
9.894775
9.894775
9.894775
9.894775
9.894775
9.894775
9.894775
9.894775
9.894775
9.894775
9.894775
9.894775
9.894775
9.894775
9.894775
9.894775
9.894775
9.894775
9.894775
9.894775
9.894775
9.894775
9.867607
14.444946
10.485546
8.679920
8.692051
8.660732
8.660732
8.660732
8.660732
8.660732
8.660732
8.660732
8.660732
8.660732
8.660732
8.660732
8.660732
8.660732
8.660732
8.660732
8.660732
8.660732
8.660732
8.660732
8.660732
8.660732
8.660732
8.660732
8.591644
13.363174
12.604780
9.114586
9.387104
9.364470
9.364470
9.364470
9.364470
9.364470
9.364470
9.364470
9.364470
9.364470
9.364470
9.364470
9.364470
9.364470
9.364470
9.364470
9.364470
9.364470
9.364470
9.364470
9.364470
9.364470
9.364470
9.364470
8.971506
10.057812
-4.118365
2.355511
4.523170
4.409724
4.409724
4.409724
4.409724
4.409724
4.409724
4.409724
4.409724
4.409724
4.409724
4.409724
4.409724
4.409724
4.409724
4.409724
4.409724
4.409724
4.409724
4.409724
4.409724
4.409724
4.409724
4.409724
3.316563
-5.657703
-0.379692
4.504642
8.622248
8.854589
8.854589
8.854589
8.854589
8.854589
8.854589
8.854589
8.854589
8.854589
8.854589
8.854589
8.854589
8.854589
8.854589
8.854589
8.854589
8.854589
8.854589
8.854589
8.854589
8.854589
8.854589
8.854589
7.236446
-3.119398
-0.062395
5.987329
10.478000
10.404532
10.404532
10.404532
10.404532
10.404532
10.404532
10.404532
10.404532
10.404532
10.404532
10.404532
10.404532
10.404532
10.404532
10.404532
10.404532
10.404532
10.404532
10.404532
10.404532
10.404532
10.404532
10.404532
9.209462
-2.777515
-0.366160
5.913302
10.401626
10.361856
10.361856
10.361856
10.361856
10.361856
10.361856
10.361856
10.361856
10.339309
10.720786
10.812669
8.934384
4.050796
6.154793
9.430753
10.665746
10.564635
10.367585
10.363326
10.361856
10.361856
10.361856
10.361856
9.002832
-2.874103
-0.366160
5.913302
10.401626
10.361856
10.361856
10.361856
10.361856
10.361856
10.361856
10.389062
10.826526
10.343263
6.763985
-4.708370
-16.442732
-20.135700
-19.861488
-12.649320
-3.346185
3.654512
8.226563
10.207082
10.647765
10.358161
10.361856
10.361856
9.002832
-2.874103
-0.366160
5.913302
10.401626
10.361856
10.361856
10.361856
10.361856
10.361856
10.724711
10.125068
4.323353
-12.215368
-21.899536
-14.767614
-8.017582
-4.024260
1.118674
-6.728004
-13.180123
-19.599344
-17.158466
-6.732497
6.056507
10.684081
10.376678
10.361856
9.002832
-2.874103
-0.366160
5.913302
10.401626
10.361856
10.361856
10.361856
10.361856
10.425174
9.250885
-8.134587
-23.489044
-16.961884
-12.375051
-10.424529
-14.366914
-0.065612
-1.115881
-9.551938
-4.670415
-5.210010
-8.742368
-19.572685
-14.695092
7.577056
10.717162
10.363326
9.002832
-2.874103
-0.366160
5.913302
10.401626
10.361856
10.361856
10.361856
10.361856
10.960313
1.136871
-19.567968
-12.811152
-11.282296
-15.099252
-1.581325
9.210563
12.099248
11.987462
10.096654
5.953560
0.607716
-12.610754
-8.090652
-13.697669
-6.595906
9.959004
10.472325
9.002832
-2.874103
-0.366160
5.913302
10.401626
10.361856
10.361856
10.361856
10.469621
8.787182
-14.785254
-6.983940
-11.900058
-1.746006
10.415711
11.297009
10.716755
10.299451
10.276193
10.492802
10.771290
11.524427
6.485262
-17.773533
-5.666527
-20.610331
3.180882
10.652501
9.042342
-2.874103
-0.366160
5.913302
10.401626
10.361856
10.361856
10.361856
10.734754
0.713964
-17.858177
-3.887156
-7.567595
9.540275
10.710856
10.311900
10.263062
10.262101
10.262101
10.262101
10.262101
10.287380
10.481516
-3.897837
-16.179642
-10.297714
-15.553459
7.432631
9.889741
-2.874103
-0.366160
5.913302
10.401626
10.361856
10.361856
10.472919
9.051447
-13.307767
-3.088261
-12.928535
2.911564
11.252831
10.281405
10.262101
10.262101
10.262101
10.262101
10.262101
10.262101
10.262124
10.563145
9.333823
-14.309561
-7.973567
-19.183090
-4.752732
11.490689
-2.874103
-0.366160
5.913302
10.401626
10.361856
10.361856
10.670644
0.980647
-15.329334
-1.023695
-8.646547
9.531476
10.445188
10.262101
10.262101
10.262101
10.262101
10.262101
10.262101
10.262101
10.262101
10.258233
11.026916
7.459828
-12.353025
-13.182665
-7.226915
12.845588
-2.874103
-0.366160
5.913302
10.401626
10.361856
10.361856
9.597487
-8.998240
-16.829733
-2.858088
2.336786
11.264493
10.285219
10.262101
10.262101
10.262101
10.262101
10.262101
10.262101
10.262101
10.262101
10.262101
10.270016
7.877119
-14.577486
-13.784495
-6.504795
12.063819
-2.874103
-0.366160
5.913302
10.401626
10.361856
10.361856
10.303073
-4.437188
-16.142757
-8.912342
-0.107320
10.602400
10.262101
10.262101
10.262101
10.262101
10.262101
10.262101
10.262101
10.262101
10.262101
10.262101
10.272378
7.343202
-12.360119
-6.760632
-4.241991
11.988608
-2.874103
-0.366160
5.913302
10.401626
10.361856
10.361856
10.379466
3.268288
-18.093548
-4.637013
-0.032408
11.188591
10.263724
10.262101
10.262101
10.262101
10.262101
10.262101
10.262101
10.262101
10.262101
10.262101
10.267317
2.873857
-19.185427
-7.434299
-3.969950
11.766534
-2.874103
-0.366160
5.913302
10.401626
10.361856
10.361856
10.342029
8.613709
-16.756626
-3.771194
-7.904450
11.080791
10.278069
10.262101
10.262101
10.262101
10.262101
10.262101
10.262101
10.262101
10.262101
10.258685
10.260499
2.163585
-16.549923
-12.752062
-1.933780
11.080636
-2.874103
-0.366160
5.913302
10.401626
10.361856
10.361856
10.361856
9.739953
-14.805292
-0.918350
-9.875164
8.581721
10.493146
10.263592
10.262101
10.262101
10.262101
10.262101
10.262101
10.262101
10.262101
10.658878
10.345314
-7.584331
-15.022056
-14.096940
3.139870
10.125417
-2.874103
-0.366160
5.913302
10.401626
10.361856
10.361856
10.361856
10.557935
-3.555713
-6.512743
-11.990118
3.243774
10.580094
10.554614
10.260058
10.262101
10.262101
10.262101
10.262101
10.262101
10.371411
10.902709
-3.073975
-15.853128
-11.351049
-19.317530
6.322426
9.431016
-2.874103
-0.366160
5.913302
10.401626
10.361856
10.361856
10.361856
10.289344
3.358372
-19.878622
-14.508104
-10.912643
-1.973707
10.257692
10.896707
10.247707
10.262101
10.262101
10.262101
10.555909
10.868151
0.751432
-18.841589
-9.215940
-13.852865
-2.704418
10.812186
9.162988
-2.874103
-0.366160
5.913302
10.401626
10.361856
10.361856
10.361856
10.334781
9.359799
-4.524962
-13.098413
-7.338983
-17.763700
-7.616862
10.265505
11.910810
12.311843
12.324903
12.477981
12.008384
-1.475159
-19.114594
-12.933344
-18.111774
-2.610677
9.204339
10.750554
9.013183
-2.874103
-0.366160
5.913302
10.401626
10.361856
10.361856
10.361856
10.361856
10.643058
10.245237
3.215286
-13.393700
-12.134407
-11.929398
-11.430754
-0.358433
-3.443822
-3.431568
-2.257647
-5.790195
-15.730837
-12.919042
-14.144738
-4.801345
8.549905
10.815026
10.368123
9.002832
-2.874103
-0.366160
5.913302
10.401626
10.361856
10.361856
10.361856
10.361856
10.360347
10.476727
11.010027
7.038406
-8.960730
-13.342484
-8.640331
-0.717614
-3.403703
-0.675604
1.796494
-0.831090
-15.121714
-13.947956
-1.834383
8.527632
10.861018
10.383414
10.361856
9.002832
-2.874103
-0.366160
5.913302
10.401626
10.361856
10.361856
10.361856
10.361856
10.361856
10.367562
10.464694
10.944215
9.127216
-2.393706
-13.455132
-11.511946
-11.828358
-11.437786
-9.289967
-4.232471
-3.616680
2.623473
9.523084
10.787292
10.371240
10.361856
10.361856
9.002832
-2.874103
-0.366160
5.913302
10.401626
10.361856
10.361856
10.361856
10.361856
10.361856
10.361856
10.361856
10.385659
10.874337
10.880321
8.899432
9.302083
9.586493
10.647943
11.253497
11.706355
11.232846
10.975841
10.744485
10.373809
10.361856
10.361856
10.361856
9.002832
-2.874103
-0.366160
5.913302
10.401626
10.361856
10.361856
10.361856
10.361856
10.361856
10.361856
10.361856
10.361856
10.365815
10.413600
10.501834
10.548625
10.550187
10.486844
10.388459
10.362391
10.361856
10.361856
10.361856
10.361856
10.361856
10.361856
10.361856
9.002832
-2.874103
-0.366160
5.913302
10.401626
10.361856
10.361856
10.361856
10.361856
10.361856
10.361856
10.361856
10.361856
10.361856
10.361856
10.361856
10.361856
10.361856
10.361856
10.361856
10.361856
10.361856
10.361856
10.361856
10.361856
10.361856
10.361856
10.361856
9.002832
-2.874103
1.734671
6.787286
10.473159
10.353286
10.353286
10.353286
10.353286
10.353286
10.353286
10.353286
10.353286
10.353286
10.353286
10.353286
10.353286
10.353286
10.353286
10.353286
10.353286
10.353286
10.353286
10.353286
10.353286
10.353286
10.353286
10.353286
9.246720
-3.587374
-5.174543
-1.835805
1.782785
1.705713
1.705713
1.705713
1.705713
1.705713
1.705713
1.705713
1.705713
1.705713
1.705713
1.705713
1.705713
1.705713
1.705713
1.705713
1.705713
1.705713
1.705713
1.705713
1.705713
1.705713
1.705713
1.705713
0.309004
-6.544761
-11.291619
-9.673309
-10.321508
-10.377838
-10.377838
-10.377838
-10.377838
-10.377838
-10.377838
-10.377838
-10.377838
-10.377838
-10.377838
-10.377838
-10.377838
-10.377838
-10.377838
-10.377838
-10.377838
-10.377838
-10.377838
-10.377838
-10.377838
-10.377838
-10.377838
-10.377838
-10.113741
-9.837976
-11.780375
-7.886504
-7.218551
-7.490444
-7.490444
-7.490444
-7.490444
-7.490444
-7.490444
-7.490444
-7.490444
-7.490444
-7.490444
-7.490444
-7.490444
-7.490444
-7.490444
-7.490444
-7.490444
-7.490444
-7.490444
-7.490444
-7.490444
-7.490444
-7.490444
-7.490444
-7.156435
-7.551558
-12.031127
-7.476259
-7.525626
-7.841607
-7.841607
-7.841607
-7.841607
-7.841607
-7.841607
-7.841607
-7.841607
-7.841607
-7.841607
-7.841607
-7.841607
-7.841607
-7.841607
-7.841607
-7.841607
-7.841607
-7.841607
-7.841607
-7.841607
-7.841607
-7.841607
-7.841607
-7.668917
-7.245068
-11.979813
-7.347319
-7.334163
-7.652843
-7.652843
-7.652843
-7.652843
-7.652843
-7.652843
-7.652843
-7.652843
-7.629985
-7.343485
-6.836286
-7.622314
-7.642564
-6.996896
-7.678739
-7.045556
-7.467971
-7.651360
-7.652944
-7.652843
-7.652843
-7.652843
-7.652843
-7.512523
-7.199350
-11.979813
-7.347319
-7.334163
-7.652843
-7.652843
-7.652843
-7.652843
-7.652843
-7.652843
-7.595360
-7.259210
-6.694161
-8.108243
-13.097486
-13.369272
-17.733879
-12.456396
-12.531143
-12.223307
-8.146007
-7.552663
-7.154457
-7.360965
-7.631954
-7.652843
-7.652843
-7.512523
-7.199350
-11.979813
-7.347319
-7.334163
-7.652843
-7.652843
-7.652843
-7.652843
-7.652843
-7.310698
-6.642035
-8.507717
-13.676186
-15.858542
-10.953871
-8.505331
-11.267443
-6.367790
-6.218087
-10.805538
-14.616244
-9.986376
-11.643947
-7.348156
-6.972616
-7.640499
-7.652843
-7.512523
-7.199350
-11.979813
-7.347319
-7.334163
-7.652843
-7.652843
-7.652843
-7.652843
-7.557514
-6.655302
-12.837908
-14.233760
-11.271691
-9.683214
-11.250222
-10.115685
-11.422978
-11.173872
-10.966753
-11.358814
-8.216401
-1.241869
-17.672001
-11.763104
-6.011184
-7.336933
-7.652944
-7.512523
-7.199350
-11.979813
-7.347319
-7.334163
-7.652843
-7.652843
-7.652843
-7.652843
-7.000494
-7.477563
-14.948745
-10.415140
-9.411097
-11.330930
-11.414017
-5.590130
-4.182673
-4.470082
-5.827677
-8.004301
-10.574442
-12.462085
-18.689270
-19.120287
-9.994209
-6.104150
-7.575350
-7.512523
-7.199350
-11.979813
-7.347319
-7.334163
-7.652843
-7.652843
-7.652843
-7.540403
-6.321520
-13.519156
-18.129902
-12.923473
-8.978825
-5.056733
-4.495837
-4.978425
-5.171146
-5.184547
-5.144667
-4.854173
-4.126278
-4.411920
-13.586920
-14.081335
-14.237071
-7.004954
-6.794228
-7.494848
-7.199350
-11.979813
-7.347319
-7.334163
-7.652843
-7.652843
-7.652843
-7.045781
-7.561187
-15.869541
-15.351583
-11.779300
-3.607435
-4.959844
-5.167250
-5.186422
-5.187012
-5.187012
-5.187012
-5.187012
-5.123601
-3.673872
-8.400003
-17.103415
-15.610050
-12.178392
-6.770937
-7.239037
-7.199350
-11.979813
-7.347319
-7.334163
-7.652843
-7.652843
-7.538054
-6.346724
-13.339065
-16.847855
-16.312172
-5.963758
-4.362660
-5.181606
-5.187012
-5.187012
-5.187012
-5.187012
-5.187012
-5.187012
-5.186699
-4.895915
-3.554869
-10.332323
-14.385005
-13.854954
-10.715859
-6.849196
-7.199350
-11.979813
-7.347319
-7.334163
-7.652843
-7.652843
-7.275171
-8.450111
-16.899582
-8.985161
-12.993835
-3.692390
-5.084143
-5.187012
-5.187012
-5.187012
-5.187012
-5.187012
-5.187012
-5.187012
-5.187012
-5.179363
-4.528440
-3.435965
-6.913497
-11.556643
-10.195415
-6.714105
-7.199350
-11.979813
-7.347319
-7.334163
-7.652843
-7.652843
-7.104654
-10.283998
-12.614171
-12.334433
-7.514629
-4.340795
-5.179626
-5.187012
-5.187012
-5.187012
-5.187012
-5.187012
-5.187012
-5.187012
-5.187012
-5.187012
-5.128757
-2.567692
-9.997453
-15.600542
-11.269244
-6.654538
-7.199350
-11.979813
-7.347319
-7.334163
-7.652843
-7.652843
-7.287532
-8.317536
-13.524611
-7.391883
-8.143106
-4.570885
-5.187012
-5.187012
-5.187012
-5.187012
-5.187012
-5.187012
-5.187012
-5.187012
-5.187012
-5.187012
-5.152457
-3.074157
-10.438496
-11.191813
-10.442854
-6.635249
-7.199350
-11.979813
-7.347319
-7.334163
-7.652843
-7.652843
-7.565353
-6.848872
-14.984630
-6.130116
-9.561690
-4.182633
-5.186168
-5.187012
-5.187012
-5.187012
-5.187012
-5.187012
-5.187012
-5.187012
-5.187012
-5.187012
-5.141637
-4.249817
-11.834369
-16.376717
-10.331327
-6.846030
-7.199350
-11.979813
-7.347319
-7.334163
-7.652843
-7.652843
-7.638576
-5.983017
-10.578944
-3.540936
-5.569485
-4.433773
-5.177316
-5.187012
-5.187012
-5.187012
-5.187012
-5.187012
-5.187012
-5.187012
-5.187012
-5.185975
-4.914809
-4.100980
-10.660471
-14.499711
-9.789785
-7.059337
-7.199350
-11.979813
-7.347319
-7.334163
-7.652843
-7.652843
-7.652843
-6.429828
-12.929676
-8.012625
-10.270748
-4.748699
-5.104617
-5.186179
-5.187012
-5.187012
-5.187012
-5.187012
-5.187012
-5.187012
-5.187012
-4.947871
-3.904802
-7.604570
-9.406511
-13.397797
-7.442747
-7.342294
-7.199350
-11.979813
-7.347319
-7.334163
-7.652843
-7.652843
-7.652843
-6.909894
-9.557442
-12.497800
-7.266718
-7.209898
-4.407418
-5.082749
-5.188121
-5.187012
-5.187012
-5.187012
-5.187012
-5.187012
-5.030660
-3.973307
-7.566036
-14.226868
-17.570759
-18.156197
-7.036756
-7.439382
-7.199350
-11.979813
-7.347319
-7.334163
-7.652843
-7.652843
-7.652843
-7.476056
-7.258823
-15.389567
-10.095238
-1.392554
-7.713702
-4.844006
-4.985118
-5.175345
-5.187012
-5.187012
-5.187012
-4.976705
-3.731177
-5.985356
-12.007214
-20.235729
-19.137108
-8.836658
-6.741118
-7.480214
-7.199350
-11.979813
-7.347319
-7.334163
-7.652843
-7.652843
-7.652843
-7.641785
-6.632178
-11.928586
-14.126139
-14.333134
-9.935637
-7.405014
-5.121465
-4.318857
-4.666127
-4.680632
-4.385950
-3.826695
-7.378321
-9.982176
-16.383169
-20.685232
-9.048437
-5.884087
-7.481957
-7.509778
-7.199350
-11.979813
-7.347319
-7.334163
-7.652843
-7.652843
-7.652843
-7.652843
-7.481912
-6.166926
-9.005328
-20.202421
-14.734743
-9.662587
-9.749074
-9.478885
-8.490902
-9.682425
-7.951379
-9.312640
-11.537058
-15.464413
-19.121927
-9.765616
-5.958976
-7.422533
-7.649152
-7.512523
-7.199350
-11.979813
-7.347319
-7.334163
-7.652843
-7.652843
-7.652843
-7.652843
-7.653878
-7.531851
-6.490332
-6.931184
-13.162291
-21.545706
-12.655345
-17.979801
-22.316048
-20.601524
-14.524149
-23.033167
-20.276451
-18.375677
-8.667915
-5.824801
-7.414553
-7.645512
-7.652843
-7.512523
-7.199350
-11.979813
-7.347319
-7.334163
-7.652843
-7.652843
-7.652843
-7.652843
-7.652843
-7.650706
-7.576082
-7.076193
-6.338598
-12.566379
-15.427718
-18.921072
-16.782406
-17.827881
-17.051229
-10.851577
-13.351543
-8.595630
-6.338411
-7.454001
-7.648795
-7.652843
-7.652843
-7.512523
-7.199350
-11.979813
-7.347319
-7.334163
-7.652843
-7.652843
-7.652843
-7.652843
-7.652843
-7.652843
-7.652843
-7.630082
-7.327146
-6.540073
-6.910138
-7.472665
-7.454596
-6.828826
-6.626540
-6.708027
-6.778465
-7.069968
-7.509149
-7.646545
-7.652843
-7.652843
-7.652843
-7.512523
-7.199350
-11.979813
-7.347319
-7.334163
-7.652843
-7.652843
-7.652843
-7.652843
-7.652843
-7.652843
-7.652843
-7.652843
-7.650734
-7.625849
-7.556719
-7.499664
-7.543242
-7.597889
-7.639071
-7.652683
-7.652843
-7.652843
-7.652843
-7.652843
-7.652843
-7.652843
-7.652843
-7.512523
-7.199350
-11.979813
-7.347319
-7.334163
-7.652843
-7.652843
-7.652843
-7.652843
-7.652843
-7.652843
-7.652843
-7.652843
-7.652843
-7.652843
-7.652843
-7.652843
-7.652843
-7.652843
-7.652843
-7.652843
-7.652843
-7.652843
-7.652843
-7.652843
-7.652843
-7.652843
-7.652843
-7.512523
-7.199350
-11.932879
-7.280396
-7.270369
-7.548176
-7.548176
-7.548176
-7.548176
-7.548176
-7.548176
-7.548176
-7.548176
-7.548176
-7.548176
-7.548176
-7.548176
-7.548176
-7.548176
-7.548176
-7.548176
-7.548176
-7.548176
-7.548176
-7.548176
-7.548176
-7.548176
-7.548176
-7.289215
-7.401351
-12.072498
-9.371825
-10.436487
-10.454618
-10.454618
-10.454618
-10.454618
-10.454618
-10.454618
-10.454618
-10.454618
-10.454618
-10.454618
-10.454618
-10.454618
-10.454618
-10.454618
-10.454618
-10.454618
-10.454618
-10.454618
-10.454618
-10.454618
-10.454618
-10.454618
-10.454618
-10.042665
-10.696663
15.554298
8.362841
10.406523
10.322443
10.322443
10.322443
10.322443
10.322443
10.322443
10.322443
10.322443
10.322443
10.322443
10.322443
10.322443
10.322443
10.322443
10.322443
10.322443
10.322443
10.322443
10.322443
10.322443
10.322443
10.322443
10.322443
10.206805
10.800718
13.287945
9.797845
10.652816
10.331852
10.331852
10.331852
10.331852
10.331852
10.331852
10.331852
10.331852
10.331852
10.331852
10.331852
10.331852
10.331852
10.331852
10.331852
10.331852
10.331852
10.331852
10.331852
10.331852
10.331852
10.331852
10.331852
10.493077
12.715576
14.224525
10.751554
11.839071
11.534756
11.534756
11.534756
11.534756
11.534756
11.534756
11.534756
11.534756
11.534756
11.534756
11.534756
11.534756
11.534756
11.534756
11.534756
11.534756
11.534756
11.534756
11.534756
11.534756
11.534756
11.534756
11.534756
11.682732
13.206863
14.189192
10.650656
11.783358
11.457808
11.457808
11.457808
11.457808
11.457808
11.457808
11.457808
11.457808
11.476841
11.707977
11.890947
11.557926
9.926261
11.302373
11.999762
11.890229
11.692638
11.486699
11.459109
11.457808
11.457808
11.457808
11.457808
11.643093
13.186296
14.189192
10.650656
11.783358
11.457808
11.457808
11.457808
11.457808
11.457808
11.457808
11.493134
11.854036
11.872076
10.860128
7.823057
5.653711
-1.629755
5.398658
7.299843
7.244969
10.304376
11.880007
11.862436
11.703531
11.473495
11.457808
11.457808
11.643093
13.186296
14.189192
10.650656
11.783358
11.457808
11.457808
11.457808
11.457808
11.457808
11.709129
11.809642
10.522596
6.833645
5.743265
-2.956523
-10.272186
-13.519651
-5.349580
-2.619534
0.021429
3.692336
7.284255
7.992765
12.135015
11.790871
11.460398
11.457808
11.643093
13.186296
14.189192
10.650656
11.783358
11.457808
11.457808
11.457808
11.457808
11.524441
12.223227
8.922876
3.348613
-2.702339
-10.826452
-12.679855
-13.199995
-4.285015
-4.001970
-7.795784
-9.046553
-6.554647
-12.030317
5.061268
9.643299
12.699121
11.634642
11.459109
11.643093
13.186296
14.189192
10.650656
11.783358
11.457808
11.457808
11.457808
11.457808
11.974449
11.171637
6.742304
-10.964914
-12.231943
-11.876830
-2.868513
-1.642395
-2.208497
-2.145104
-1.907176
-2.392792
-2.915324
-6.235043
3.271468
11.463491
10.806714
12.265434
11.491749
11.643093
13.186296
14.189192
10.650656
11.783358
11.457808
11.457808
11.457808
11.539856
12.442598
8.031808
-1.600002
-10.434370
-3.053564
-1.968579
-2.318146
-2.616538
-2.656252
-2.645695
-2.622926
-2.561624
-2.370690
-1.629610
-4.615947
8.265757
12.854113
12.472500
11.921041
11.648170
13.186296
14.189192
10.650656
11.783358
11.457808
11.457808
11.457808
11.986549
11.310070
7.856887
-6.565066
-7.155789
-2.060786
-2.592277
-2.656112
-2.651341
-2.650822
-2.650822
-2.650822
-2.650822
-2.648948
-2.162282
-2.348833
-2.675326
9.468718
9.361675
12.754871
11.816998
13.186296
14.189192
10.650656
11.783358
11.457808
11.457808
11.530581
12.445312
8.697705
1.788771
-8.373526
-2.815890
-2.320459
-2.650997
-2.650822
-2.650822
-2.650822
-2.650822
-2.650822
-2.650822
-2.651125
-2.591082
-1.927340
-2.772285
2.136270
7.426390
12.112541
12.398647
13.186296
14.189192
10.650656
11.783358
11.457808
11.457808
11.860817
11.683830
7.212841
-5.234554
-6.426220
-2.127893
-2.622505
-2.650822
-2.650822
-2.650822
-2.650822
-2.650822
-2.650822
-2.650822
-2.650822
-2.650182
-2.409239
-1.372499
-9.465263
-4.539463
11.067985
12.765440
13.186296
14.189192
10.650656
11.783358
11.457808
11.457808
12.008501
10.234011
-1.251178
-11.678156
-3.070210
-2.230463
-2.651742
-2.650822
-2.650822
-2.650822
-2.650822
-2.650822
-2.650822
-2.650822
-2.650822
-2.650822
-2.649787
-1.406122
-9.063551
-4.449557
10.952685
12.681490
13.186296
14.189192
10.650656
11.783358
11.457808
11.457808
11.883245
10.844915
5.957069
-6.358638
-3.430782
-2.335862
-2.650822
-2.650822
-2.650822
-2.650822
-2.650822
-2.650822
-2.650822
-2.650822
-2.650822
-2.650822
-2.646337
-1.377568
-9.645710
-0.635420
11.459742
12.342314
13.186296
14.189192
10.650656
11.783358
11.457808
11.457808
11.635809
12.165363
12.584572
-2.296584
-5.226585
-2.152295
-2.650636
-2.650822
-2.650822
-2.650822
-2.650822
-2.650822
-2.650822
-2.650822
-2.650822
-2.650822
-2.562488
-1.783117
-14.517485
3.483955
11.805765
12.220142
13.186296
14.189192
10.650656
11.783358
11.457808
11.457808
11.478949
12.717758
9.023568
0.685842
-6.638733
-1.744722
-2.643917
-2.650822
-2.650822
-2.650822
-2.650822
-2.650822
-2.650822
-2.650822
-2.650822
-2.651231
-2.341554
-1.955057
-7.956344
5.905454
12.543266
12.017033
13.186296
14.189192
10.650656
11.783358
11.457808
11.457808
11.457808
12.483849
7.835459
9.022596
-5.992558
-2.016223
-2.563884
-2.650443
-2.650822
-2.650822
-2.650822
-2.650822
-2.650822
-2.650822
-2.650822
-2.557985
-2.236840
-4.061895
-9.111937
7.825920
12.350182
11.916227
13.186296
14.189192
10.650656
11.783358
11.457808
11.457808
11.457808
12.028673
11.063377
9.020369
-4.921668
-2.392407
-2.298440
-2.558465
-2.651902
-2.650822
-2.650822
-2.650822
-2.650822
-2.650822
-2.602683
-2.296166
-4.087884
-5.270470
2.960907
9.745707
12.655352
11.770687
13.186296
14.189192
10.650656
11.783358
11.457808
11.457808
11.457808
11.665529
12.593176
8.264942
-3.961733
-3.038809
-3.377324
-2.074696
-2.498114
-2.651981
-2.650822
-2.650822
-2.650822
-2.563130
-2.312785
-3.482095
-6.981045
7.011832
8.753069
12.070698
12.096687
11.671200
13.186296
14.189192
10.650656
11.783358
11.457808
11.457808
11.457808
11.479634
12.447859
12.262203
12.001110
8.295193
-9.652631
-4.930686
-2.512001
-2.065885
-1.861233
-1.866382
-2.048579
-2.016354
-3.462610
-8.631052
6.177207
10.369205
11.603907
12.173525
11.570108
11.645741
13.186296
14.189192
10.650656
11.783358
11.457808
11.457808
11.457808
11.457808
11.685640
12.282705
11.835369
11.103312
6.047139
0.054534
-5.534872
-3.751429
-4.154865
-3.092747
-4.135720
-6.341829
-9.057858
3.182438
10.516093
11.869289
12.347183
11.572428
11.458260
11.643093
13.186296
14.189192
10.650656
11.783358
11.457808
11.457808
11.457808
11.457808
11.456079
11.587097
11.941475
12.232006
11.266481
12.190304
-3.959325
-12.817553
-7.188606
1.734058
-5.433012
-1.706249
-0.073283
10.993797
11.641235
12.248537
11.577320
11.460653
11.457808
11.643093
13.186296
14.189192
10.650656
11.783358
11.457808
11.457808
11.457808
11.457808
11.457808
11.457880
11.499554
11.817341
12.569365
11.245161
10.428894
4.675437
5.305364
8.688017
9.148367
11.475786
9.751202
12.175011
12.231569
11.576735
11.458472
11.457808
11.457808
11.643093
13.186296
14.189192
10.650656
11.783358
11.457808
11.457808
11.457808
11.457808
11.457808
11.457808
11.457808
11.467841
11.686340
12.067020
11.793146
12.093187
12.081213
12.465292
12.448063
12.292509
12.085365
11.831678
11.532963
11.458327
11.457808
11.457808
11.457808
11.643093
13.186296
14.189192
10.650656
11.783358
11.457808
11.457808
11.457808
11.457808
11.457808
11.457808
11.457808
11.457808
11.457834
11.470922
11.513500
11.555429
11.549305
11.499006
11.463688
11.457836
11.457808
11.457808
11.457808
11.457808
11.457808
11.457808
11.457808
11.643093
13.186296
14.189192
10.650656
11.783358
11.457808
11.457808
11.457808
11.457808
11.457808
11.457808
11.457808
11.457808
11.457808
11.457808
11.457808
11.457808
11.457808
11.457808
11.457808
11.457808
11.457808
11.457808
11.457808
11.457808
11.457808
11.457808
11.457808
11.643093
13.186296
14.273237
10.918421
12.077868
11.774302
11.774302
11.774302
11.774302
11.774302
11.774302
11.774302
11.774302
11.774302
11.774302
11.774302
11.774302
11.774302
11.774302
11.774302
11.774302
11.774302
11.774302
11.774302
11.774302
11.774302
11.774302
11.774302
11.844754
13.114573
16.074499
7.450342
9.173586
8.897026
8.897026
8.897026
8.897026
8.897026
8.897026
8.897026
8.897026
8.897026
8.897026
8.897026
8.897026
8.897026
8.897026
8.897026
8.897026
8.897026
8.897026
8.897026
8.897026
8.897026
8.897026
8.897026
8.563692
10.398859
2.209212
-5.183281
-5.667194
-5.675793
-5.675793
-5.675793
-5.675793
-5.675793
-5.675793
-5.675793
-5.675793
-5.675793
-5.675793
-5.675793
-5.675793
-5.675793
-5.675793
-5.675793
-5.675793
-5.675793
-5.675793
-5.675793
-5.675793
-5.675793
-5.675793
-5.675793
-4.616802
2.981872
15.425108
6.279623
3.104937
2.557052
2.557052
2.557052
2.557052
2.557052
2.557052
2.557052
2.557052
2.557052
2.557052
2.557052
2.557052
2.557052
2.557052
2.557052
2.557052
2.557052
2.557052
2.557052
2.557052
2.557052
2.557052
2.557052
4.558739
12.500198
17.667023
7.307409
4.251746
4.120924
4.120924
4.120924
4.120924
4.120924
4.120924
4.120924
4.120924
4.120924
4.120924
4.120924
4.120924
4.120924
4.120924
4.120924
4.120924
4.120924
4.120924
4.120924
4.120924
4.120924
4.120924
4.120924
5.466409
15.657495
17.887417
7.542841
4.574713
4.472282
4.472282
4.472282
4.472282
4.472282
4.472282
4.472282
4.472282
4.503733
4.249959
1.699743
-1.846569
-8.504129
-5.986273
-1.173939
1.939315
4.184014
4.471573
4.471831
4.472282
4.472282
4.472282
4.472282
5.789902
16.196758
17.887417
7.542841
4.574713
4.472282
4.472282
4.472282
4.472282
4.472282
4.472282
4.471736
3.853139
-0.095168
-4.373891
-12.554110
-13.744480
-19.435551
-17.919411
-17.937752
-15.766245
-8.350510
-2.748299
1.281401
4.176477
4.467310
4.472282
4.472282
5.789902
16.196758
17.887417
7.542841
4.574713
4.472282
4.472282
4.472282
4.472282
4.472282
4.249907
1.349597
-4.083336
-13.692564
-18.526775
-19.800648
-15.974904
-20.285370
-17.423817
-17.850161
-21.930605
-20.276926
-16.043858
-9.170335
1.226384
4.189212
4.466337
4.472282
5.789902
16.196758
17.887417
7.542841
4.574713
4.472282
4.472282
4.472282
4.472282
4.420744
4.507571
-0.184310
-7.532391
-15.799459
-15.661585
-7.900023
-6.891335
-8.723224
-9.079079
-9.405663
-9.786201
-11.121954
-4.862738
1.176727
-0.204495
3.345356
4.165406
4.471831
5.789902
16.196758
17.887417
7.542841
4.574713
4.472282
4.472282
4.472282
4.472282
4.039546
4.821859
-2.793770
1.095927
-4.920963
-6.182300
-5.442071
-1.335224
1.739635
1.375757
-0.916701
-5.486336
-8.717518
-5.319935
-0.127129
-2.503162
3.644574
4.408826
4.391920
5.789902
16.196758
17.887417
7.542841
4.574713
4.472282
4.472282
4.472282
4.381241
4.599947
3.897403
5.644017
3.743667
-4.264000
-0.399010
3.082044
5.304278
5.174284
5.146267
5.340104
4.590369
2.967382
1.781898
3.784071
1.758101
-2.033724
3.492287
4.232190
5.779403
16.196758
17.887417
7.542841
4.574713
4.472282
4.472282
4.472282
4.191651
6.014275
-1.582536
9.623005
6.408201
4.584813
5.340521
5.151414
5.114851
5.112668
5.112668
5.112668
5.112668
5.164446
4.945849
5.143371
10.215508
-1.621484
0.078879
4.419148
5.352298
16.196758
17.887417
7.542841
4.574713
4.472282
4.472282
4.378183
4.360406
3.634588
4.241933
10.291305
4.894287
5.062140
5.129660
5.112668
5.112668
5.112668
5.112668
5.112668
5.112668
5.113503
5.273410
3.972753
3.477397
1.030391
-1.765221
9.259769
5.416297
16.196758
17.887417
7.542841
4.574713
4.472282
4.472282
4.264508
6.082494
-3.183255
14.050093
9.356098
5.503594
5.290318
5.112668
5.112668
5.112668
5.112668
5.112668
5.112668
5.112668
5.112668
5.123027
5.211247
5.872171
6.385356
9.104190
10.790655
5.290213
16.196758
17.887417
7.542841
4.574713
4.472282
4.472282
4.858927
10.042104
8.417255
13.460159
7.469395
5.150516
5.131552
5.112668
5.112668
5.112668
5.112668
5.112668
5.112668
5.112668
5.112668
5.112668
5.177738
8.734898
17.518036
6.314604
8.683653
5.700722
16.196758
17.887417
7.542841
4.574713
4.472282
4.472282
4.819405
9.352251
4.446207
10.956045
10.145368
5.683691
5.112668
5.112668
5.112668
5.112668
5.112668
5.112668
5.112668
5.112668
5.112668
5.112668
5.195343
9.324264
15.265932
15.091856
10.663191
5.734688
16.196758
17.887417
7.542841
4.574713
4.472282
4.472282
4.753501
7.143069
2.126323
9.973240
9.076775
5.808402
5.113063
5.112668
5.112668
5.112668
5.112668
5.112668
5.112668
5.112668
5.112668
5.112668
5.251919
10.425781
19.541239
15.596426
10.103199
5.634165
16.196758
17.887417
7.542841
4.574713
4.472282
4.472282
4.518883
5.847093
7.958399
10.777176
10.239693
6.267579
5.125041
5.112668
5.112668
5.112668
5.112668
5.112668
5.112668
5.112668
5.112668
5.121441
5.420772
8.650152
17.578415
13.842073
10.813498
5.699677
16.196758
17.887417
7.542841
4.574713
4.472282
4.472282
4.472282
5.260111
9.686814
0.848128
7.920885
6.463122
5.121287
5.112672
5.112668
5.112668
5.112668
5.112668
5.112668
5.112668
5.112668
5.151750
4.613928
6.694577
1.014370
8.988321
8.165238
5.762625
16.196758
17.887417
7.542841
4.574713
4.472282
4.472282
4.472282
4.875476
7.115383
2.434125
6.754844
2.327928
4.050719
5.127787
5.131549
5.112668
5.112668
5.112668
5.112668
5.112668
5.304714
4.190952
2.764707
-1.821701
4.137148
9.716722
6.781562
5.896032
16.196758
17.887417
7.542841
4.574713
4.472282
4.472282
4.472282
4.812057
7.770512
2.972940
5.417476
-5.695441
-3.475110
3.658011
5.090826
5.148131
5.112668
5.112668
5.112668
5.212480
4.154185
1.204204
-2.569822
2.873901
-2.537837
3.432205
4.382013
5.792721
16.196758
17.887417
7.542841
4.574713
4.472282
4.472282
4.472282
4.530833
5.094992
1.294693
-8.102041
-4.241004
-4.790986
-1.668592
0.639524
2.082853
2.309815
2.417281
2.382987
2.589377
1.465849
-11.290679
-0.730719
0.021328
-1.034657
3.887701
4.597266
5.784700
16.196758
17.887417
7.542841
4.574713
4.472282
4.472282
4.472282
4.472282
4.745638
2.263466
-2.478757
-6.832958
-4.023129
-1.969400
-8.112943
-9.843981
-15.098417
-18.029774
-14.562828
-11.771208
-8.114120
-3.026578
-2.570256
-1.064632
3.779552
4.572670
4.477489
5.789902
16.196758
17.887417
7.542841
4.574713
4.472282
4.472282
4.472282
4.472282
4.475328
4.744317
3.488784
-0.957389
-5.972348
-4.191546
-7.459829
-18.883064
-23.459293
-25.060419
-21.259041
-14.754812
-3.048893
-7.930738
-2.963643
3.219213
4.564909
4.479016
4.472282
5.789902
16.196758
17.887417
7.542841
4.574713
4.472282
4.472282
4.472282
4.472282
4.472282
4.471452
4.615398
4.374426
1.273989
-5.265168
-7.045706
-10.146746
-16.899694
-14.254242
-16.617479
-10.742776
-7.055096
-2.239673
3.078302
4.595512
4.482594
4.472282
4.472282
5.789902
16.196758
17.887417
7.542841
4.574713
4.472282
4.472282
4.472282
4.472282
4.472282
4.472282
4.472282
4.500364
4.642407
1.905085
-1.629670
-3.279992
-4.558704
-2.657923
-1.046028
1.435255
2.763577
3.928517
4.570391
4.477886
4.472282
4.472282
4.472282
5.789902
16.196758
17.887417
7.542841
4.574713
4.472282
4.472282
4.472282
4.472282
4.472282
4.472282
4.472282
4.472282
4.471822
4.473733
4.450484
4.375111
4.402930
4.504635
4.473022
4.472355
4.472282
4.472282
4.472282
4.472282
4.472282
4.472282
4.472282
5.789902
16.196758
17.887417
7.542841
4.574713
4.472282
4.472282
4.472282
4.472282
4.472282
4.472282
4.472282
4.472282
4.472282
4.472282
4.472282
4.472282
4.472282
4.472282
4.472282
4.472282
4.472282
4.472282
4.472282
4.472282
4.472282
4.472282
4.472282
5.789902
16.196758
13.970577
2.989850
-0.171957
-0.372489
-0.372489
-0.372489
-0.372489
-0.372489
-0.372489
-0.372489
-0.372489
-0.372489
-0.372489
-0.372489
-0.372489
-0.372489
-0.372489
-0.372489
-0.372489
-0.372489
-0.372489
-0.372489
-0.372489
-0.372489
-0.372489
-0.372489
0.803297
11.931061
3.608346
-7.735556
-8.839682
-9.403440
-9.403440
-9.403440
-9.403440
-9.403440
-9.403440
-9.403440
-9.403440
-9.403440
-9.403440
-9.403440
-9.403440
-9.403440
-9.403440
-9.403440
-9.403440
-9.403440
-9.403440
-9.403440
-9.403440
-9.403440
-9.403440
-9.403440
-7.532516
3.995893
14.463377
8.359511
8.416091
8.249355
8.249355
8.249355
8.249355
8.249355
8.249355
8.249355
8.249355
8.249355
8.249355
8.249355
8.249355
8.249355
8.249355
8.249355
8.249355
8.249355
8.249355
8.249355
8.249355
8.249355
8.249355
8.249355
8.647185
13.355246
6.003544
4.952149
2.145821
1.853997
1.853997
1.853997
1.853997
1.853997
1.853997
1.853997
1.853997
1.853997
1.853997
1.853997
1.853997
1.853997
1.853997
1.853997
1.853997
1.853997
1.853997
1.853997
1.853997
1.853997
1.853997
1.853997
2.573228
8.612556
8.645048
5.841852
2.805431
2.873734
2.873734
2.873734
2.873734
2.873734
2.873734
2.873734
2.873734
2.873734
2.873734
2.873734
2.873734
2.873734
2.873734
2.873734
2.873734
2.873734
2.873734
2.873734
2.873734
2.873734
2.873734
2.873734
2.727551
11.628295
8.817833
5.822135
2.727057
2.812945
2.812945
2.812945
2.812945
2.812945
2.812945
2.812945
2.812945
2.853598
3.038854
3.036354
3.284802
5.494133
4.796195
3.412616
2.925176
2.945082
2.832476
2.813962
2.812945
2.812945
2.812945
2.812945
2.760725
11.804253
8.817833
5.822135
2.727057
2.812945
2.812945
2.812945
2.812945
2.812945
2.812945
2.889049
3.153457
3.412412
3.990026
3.046875
3.369144
-3.237473
2.405229
5.560958
4.012347
5.023479
3.463061
3.022389
2.987124
2.846215
2.812945
2.812945
2.760725
11.804253
8.817833
5.822135
2.727057
2.812945
2.812945
2.812945
2.812945
2.812945
3.120587
3.350286
4.150287
3.276306
-0.260838
-4.267654
-8.215171
-9.962655
-8.247784
-5.032473
-2.459934
0.286418
2.206015
4.470988
4.264771
2.975258
2.813430
2.812945
2.760725
11.804253
8.817833
5.822135
2.727057
2.812945
2.812945
2.812945
2.812945
2.911383
3.451293
2.118231
-1.665392
-6.763293
-9.592433
-5.494363
1.302703
5.838781
6.390296
4.392495
-2.673214
-5.685517
-3.359867
-2.705040
4.160196
4.288630
2.866241
2.813962
2.760725
11.804253
8.817833
5.822135
2.727057
2.812945
2.812945
2.812945
2.812945
2.941047
4.224567
-1.005258
-5.672563
-2.010765
0.473247
6.202981
5.294559
4.171325
4.529768
5.510431
6.072892
6.051005
3.946618
-2.488344
3.100199
5.505794
3.512429
2.829846
2.760725
11.804253
8.817833
5.822135
2.727057
2.812945
2.812945
2.812945
2.909977
3.629006
2.940791
3.235735
4.453187
6.352049
5.106360
4.484613
4.108160
4.079957
4.069215
4.093560
4.134811
4.337950
5.005086
4.530379
0.364811
3.349752
5.077490
3.027760
2.771636
11.804253
8.817833
5.822135
2.727057
2.812945
2.812945
2.812945
2.992635
4.233429
-1.265253
-1.297548
4.119832
4.879753
4.163839
4.067700
4.060995
4.060363
4.060363
4.060363
4.060363
4.103294
4.282621
4.019844
1.451988
1.296427
2.233731
4.461608
2.883095
11.804253
8.817833
5.822135
2.727057
2.812945
2.812945
2.900365
3.572821
2.578646
3.383966
1.079356
6.022108
4.293206
4.061600
4.060363
4.060363
4.060363
4.060363
4.060363
4.060363
4.060929
4.190276
4.301283
2.853203
-5.106647
-0.569436
6.233570
3.958640
11.804253
8.817833
5.822135
2.727057
2.812945
2.812945
2.951169
4.080049
0.806771
0.402660
2.912214
4.916094
4.120242
4.060363
4.060363
4.060363
4.060363
4.060363
4.060363
4.060363
4.060363
4.071647
4.345140
5.299959
3.588020
-3.320626
7.962757
4.263278
11.804253
8.817833
5.822135
2.727057
2.812945
2.812945
2.840572
4.676170
1.873196
1.851963
6.090569
4.253190
4.060365
4.060363
4.060363
4.060363
4.060363
4.060363
4.060363
4.060363
4.060363
4.060363
4.119000
5.729358
6.914954
6.751150
4.523857
4.320702
11.804253
8.817833
5.822135
2.727057
2.812945
2.812945
2.738136
4.639833
7.369407
4.889442
6.864635
4.360081
4.060363
4.060363
4.060363
4.060363
4.060363
4.060363
4.060363
4.060363
4.060363
4.060363
4.134280
5.437698
6.164601
14.037533
7.354766
3.900469
11.804253
8.817833
5.822135
2.727057
2.812945
2.812945
2.993037
3.889988
3.207891
1.581540
5.871235
4.253553
4.060658
4.060363
4.060363
4.060363
4.060363
4.060363
4.060363
4.060363
4.060363
4.060363
4.077175
5.033515
9.894468
13.600438
6.804900
3.765998
11.804253
8.817833
5.822135
2.727057
2.812945
2.812945
2.857215
2.908247
4.438337
3.635138
7.048557
5.196926
4.086282
4.060363
4.060363
4.060363
4.060363
4.060363
4.060363
4.060363
4.060363
4.065940
4.165293
5.668976
6.381580
16.077316
6.426004
3.515548
11.804253
8.817833
5.822135
2.727057
2.812945
2.812945
2.812945
2.563993
4.317654
1.904429
5.438981
6.137277
4.174270
4.060869
4.060363
4.060363
4.060363
4.060363
4.060363
4.060363
4.060363
4.215710
4.661274
3.050791
2.219967
11.139820
4.740473
3.075437
11.804253
8.817833
5.822135
2.727057
2.812945
2.812945
2.812945
2.774200
2.513641
4.448153
7.941494
4.634120
4.625717
4.382185
4.076860
4.060363
4.060363
4.060363
4.060363
4.060363
4.285036
4.394296
3.422595
0.313399
-8.308271
1.990417
3.389167
2.975906
11.804253
8.817833
5.822135
2.727057
2.812945
2.812945
2.812945
3.078876
3.210943
2.043870
1.276740
0.256000
3.155069
4.761486
4.346303
4.108968
4.060363
4.060363
4.060363
4.263085
4.682022
2.098970
3.646231
-4.228422
-3.655292
3.888415
3.046571
2.770336
11.804253
8.817833
5.822135
2.727057
2.812945
2.812945
2.812945
2.862616
2.740328
2.558789
-2.031239
-6.386290
-0.754277
5.594970
4.607470
4.723761
4.760765
4.439351
4.355042
5.105466
2.124505
-1.013011
-7.568356
-1.818252
3.393822
3.960236
2.900888
2.759797
11.804253
8.817833
5.822135
2.727057
2.812945
2.812945
2.812945
2.812945
3.047023
3.002786
1.886226
-0.109336
-2.778313
-2.044272
1.009432
2.416403
2.502288
1.993267
2.518744
1.047264
1.512565
-9.024364
-3.153413
3.177238
4.539497
2.887749
2.813574
2.760725
11.804253
8.817833
5.822135
2.727057
2.812945
2.812945
2.812945
2.812945
2.811742
3.002885
3.020910
2.293888
2.246415
0.170632
-7.727043
0.486837
-3.784682
-9.551461
-10.046532
1.159592
-3.037344
-2.141076
2.670167
4.402282
2.923123
2.812006
2.812945
2.760725
11.804253
8.817833
5.822135
2.727057
2.812945
2.812945
2.812945
2.812945
2.812945
2.811813
2.878114
3.045697
2.790208
2.951824
-2.205074
-2.062384
-0.938815
-1.273757
-1.367660
2.807893
2.514614
3.082036
4.000677
2.917190
2.815466
2.812945
2.812945
2.760725
11.804253
8.817833
5.822135
2.727057
2.812945
2.812945
2.812945
2.812945
2.812945
2.812945
2.812945
2.832659
3.034626
2.998317
4.128764
4.260262
3.748559
3.583157
3.440171
3.060950
3.133251
3.098844
2.859632
2.812875
2.812945
2.812945
2.812945
2.760725
11.804253
8.817833
5.822135
2.727057
2.812945
2.812945
2.812945
2.812945
2.812945
2.812945
2.812945
2.812945
2.812189
2.816960
2.865215
2.917113
2.886066
2.837788
2.811785
2.812888
2.812945
2.812945
2.812945
2.812945
2.812945
2.812945
2.812945
2.760725
11.804253
8.817833
5.822135
2.727057
2.812945
2.812945
2.812945
2.812945
2.812945
2.812945
2.812945
2.812945
2.812945
2.812945
2.812945
2.812945
2.812945
2.812945
2.812945
2.812945
2.812945
2.812945
2.812945
2.812945
2.812945
2.812945
2.812945
2.760725
11.804253
6.773438
5.279514
2.863258
2.874843
2.874843
2.874843
2.874843
2.874843
2.874843
2.874843
2.874843
2.874843
2.874843
2.874843
2.874843
2.874843
2.874843
2.874843
2.874843
2.874843
2.874843
2.874843
2.874843
2.874843
2.874843
2.874843
2.692595
11.222694
10.256812
7.157093
5.335643
5.029861
5.029861
5.029861
5.029861
5.029861
5.029861
5.029861
5.029861
5.029861
5.029861
5.029861
5.029861
5.029861
5.029861
5.029861
5.029861
5.029861
5.029861
5.029861
5.029861
5.029861
5.029861
5.029861
5.885445
11.907821
-3.937025
-4.558908
-5.443666
-5.215227
-5.215227
-5.215227
-5.215227
-5.215227
-5.215227
-5.215227
-5.215227
-5.215227
-5.215227
-5.215227
-5.215227
-5.215227
-5.215227
-5.215227
-5.215227
-5.215227
-5.215227
-5.215227
-5.215227
-5.215227
-5.215227
-5.215227
-5.467666
-1.880624
-2.689894
-4.742961
-5.379254
-5.163992
-5.163992
-5.163992
-5.163992
-5.163992
-5.163992
-5.163992
-5.163992
-5.163992
-5.163992
-5.163992
-5.163992
-5.163992
-5.163992
-5.163992
-5.163992
-5.163992
-5.163992
-5.163992
-5.163992
-5.163992
-5.163992
-5.163992
-5.672222
-1.885749
-3.815375
-5.064728
-6.106300
-5.846039
-5.846039
-5.846039
-5.846039
-5.846039
-5.846039
-5.846039
-5.846039
-5.846039
-5.846039
-5.846039
-5.846039
-5.846039
-5.846039
-5.846039
-5.846039
-5.846039
-5.846039
-5.846039
-5.846039
-5.846039
-5.846039
-5.846039
-6.257868
-2.368391
-3.653292
-5.015918
-6.029804
-5.751304
-5.751304
-5.751304
-5.751304
-5.751304
-5.751304
-5.751304
-5.751304
-5.761201
-5.978562
-5.996850
-6.088787
-5.661395
-5.886592
-6.659646
-6.306572
-6.029656
-5.776256
-5.752297
-5.751304
-5.751304
-5.751304
-5.751304
-6.175413
-2.239232
-3.653292
-5.015918
-6.029804
-5.751304
-5.751304
-5.751304
-5.751304
-5.751304
-5.751304
-5.776908
-6.101455
-6.096080
-5.139447
-3.141226
-1.484690
8.750389
3.190298
-1.315591
-3.608938
-5.409436
-6.487240
-6.313210
-6.062065
-5.768273
-5.751304
-5.751304
-6.175413
-2.239232
-3.653292
-5.015918
-6.029804
-5.751304
-5.751304
-5.751304
-5.751304
-5.751304
-5.925424
-5.926919
-4.894551
-2.186466
0.396606
7.953076
6.849361
-1.737155
3.073277
6.396068
7.977054
7.014124
-0.897948
-3.165270
-6.457242
-6.069732
-5.754421
-5.751304
-6.175413
-2.239232
-3.653292
-5.015918
-6.029804
-5.751304
-5.751304
-5.751304
-5.751304
-5.775743
-5.722374
-2.040382
-0.957657
9.445492
4.274290
-6.364269
-7.791693
-9.537971
-8.873994
-6.782175
-6.369262
-1.258560
7.408637
2.941853
-2.018956
-6.604270
-5.960968
-5.752297
-6.175413
-2.239232
-3.653292
-5.015918
-6.029804
-5.751304
-5.751304
-5.751304
-5.751304
-6.052835
-3.901278
-1.734827
0.520324
-6.625186
-9.663494
-10.135537
-9.527861
-9.604354
-9.497268
-9.178472
-8.837604
-9.008574
-9.225490
-14.272968
-3.717030
-4.190026
-6.244514
-5.805452
-6.175413
-2.239232
-3.653292
-5.015918
-6.029804
-5.751304
-5.751304
-5.751304
-5.796294
-5.828243
-1.016299
-2.328881
-11.802606
-10.272877
-9.479356
-9.227117
-8.775595
-8.703453
-8.715208
-8.795711
-8.990864
-9.234365
-8.572495
-10.980997
-4.132071
-2.252511
-5.987912
-6.136713
-6.183485
-2.239232
-3.653292
-5.015918
-6.029804
-5.751304
-5.751304
-5.751304
-5.998216
-3.647292
-0.069337
-10.359756
-10.152309
-9.193957
-8.811254
-8.710014
-8.704737
-8.704644
-8.704644
-8.704644
-8.704644
-8.697972
-8.611459
-8.313365
-10.645877
-1.267615
-2.082138
-6.776275
-6.413579
-2.239232
-3.653292
-5.015918
-6.029804
-5.751304
-5.751304
-5.798068
-5.996354
-1.577947
-1.640994
-12.992936
-9.171295
-8.813986
-8.708564
-8.704644
-8.704644
-8.704644
-8.704644
-8.704644
-8.704644
-8.704435
-8.770403
-8.546282
-8.513803
-8.962098
1.888000
-4.512524
-6.848301
-2.239232
-3.653292
-5.015918
-6.029804
-5.751304
-5.751304
-6.018544
-4.109304
0.881901
-6.805521
-9.594439
-8.979142
-8.722325
-8.704644
-8.704644
-8.704644
-8.704644
-8.704644
-8.704644
-8.704644
-8.704644
-8.704672
-8.855501
-8.988590
-8.422186
3.073743
-3.847252
-7.196836
-2.239232
-3.653292
-5.015918
-6.029804
-5.751304
-5.751304
-5.934984
-2.578999
0.800915
-13.460836
-9.923697
-8.852313
-8.707712
-8.704644
-8.704644
-8.704644
-8.704644
-8.704644
-8.704644
-8.704644
-8.704644
-8.704644
-8.699674
-8.524649
-11.264114
1.619574
-4.586480
-7.212850
-2.239232
-3.653292
-5.015918
-6.029804
-5.751304
-5.751304
-6.053601
-2.907444
-0.179360
-14.187621
-9.427996
-8.749529
-8.704644
-8.704644
-8.704644
-8.704644
-8.704644
-8.704644
-8.704644
-8.704644
-8.704644
-8.704644
-8.707569
-8.551393
-12.656220
-0.366924
-4.853807
-6.951570
-2.239232
-3.653292
-5.015918
-6.029804
-5.751304
-5.751304
-5.857081
-4.569780
0.428468
-11.184764
-10.274651
-8.797075
-8.705175
-8.704644
-8.704644
-8.704644
-8.704644
-8.704644
-8.704644
-8.704644
-8.704644
-8.704644
-8.755160
-9.113909
-10.255270
2.197404
-5.513463
-6.783981
-2.239232
-3.653292
-5.015918
-6.029804
-5.751304
-5.751304
-5.761321
-6.114119
2.807142
-6.519662
-8.100622
-8.943607
-8.700914
-8.704644
-8.704644
-8.704644
-8.704644
-8.704644
-8.704644
-8.704644
-8.704644
-8.704300
-8.838995
-9.714691
-8.476846
0.961323
-5.626063
-6.566737
-2.239232
-3.653292
-5.015918
-6.029804
-5.751304
-5.751304
-5.751304
-6.066315
-1.520685
-4.440476
-12.081561
-9.145845
-8.761186
-8.704879
-8.704644
-8.704644
-8.704644
-8.704644
-8.704644
-8.704644
-8.704644
-8.818916
-8.384667
-9.020917
-5.509553
3.917257
-6.426780
-6.384923
-2.239232
-3.653292
-5.015918
-6.029804
-5.751304
-5.751304
-5.751304
-6.094729
-3.618350
-2.539699
-12.436131
-9.802266
-9.069831
-8.799919
-8.705264
-8.704644
-8.704644
-8.704644
-8.704644
-8.704644
-8.755009
-8.546000
-8.565717
-12.308368
-2.241896
-1.636404
-6.224561
-6.272275
-2.239232
-3.653292
-5.015918
-6.029804
-5.751304
-5.751304
-5.751304
-5.839372
-4.090775
5.925323
1.791988
-6.636650
-10.490533
-9.265917
-8.900026
-8.692311
-8.704644
-8.704644
-8.704644
-8.803904
-8.546470
-9.152050
-10.486335
0.354284
-0.250451
-4.837531
-6.461227
-6.195608
-2.239232
-3.653292
-5.015918
-6.029804
-5.751304
-5.751304
-5.751304
-5.762197
-6.160789
-1.962808
3.319242
5.233530
-6.563210
-8.800916
-9.426914
-9.190249
-9.372505
-9.390332
-9.461723
-9.054970
-9.314916
-14.185061
-1.670081
-0.301347
-4.746425
-6.623500
-5.818178
-6.174994
-2.239232
-3.653292
-5.015918
-6.029804
-5.751304
-5.751304
-5.751304
-5.751304
-5.929226
-6.290274
-4.323087
-1.250421
6.519731
-3.120921
-11.614681
-9.341729
-9.698833
-9.742379
-9.031417
-7.765048
-8.605227
-0.524485
-1.485255
-4.847866
-6.727846
-5.839648
-5.751556
-6.175413
-2.239232
-3.653292
-5.015918
-6.029804
-5.751304
-5.751304
-5.751304
-5.751304
-5.751668
-5.849178
-6.099951
-5.353417
-0.672196
7.656545
1.631159
2.625910
14.374559
3.343769
8.048301
13.106800
3.038823
0.843579
-4.787193
-6.792664
-5.858900
-5.753697
-5.751304
-6.175413
-2.239232
-3.653292
-5.015918
-6.029804
-5.751304
-5.751304
-5.751304
-5.751304
-5.751304
-5.752278
-5.792920
-6.036415
-6.338182
-2.970348
-0.721487
3.506551
6.592250
0.633383
-1.084826
-3.803806
-4.550479
-5.412114
-6.511301
-5.848355
-5.752223
-5.751304
-5.751304
-6.175413
-2.239232
-3.653292
-5.015918
-6.029804
-5.751304
-5.751304
-5.751304
-5.751304
-5.751304
-5.751304
-5.751304
-5.762303
-5.964047
-6.020238
-5.535385
-6.094545
-6.650073
-6.570547
-6.351805
-6.246377
-6.032684
-6.042480
-5.796817
-5.751441
-5.751304
-5.751304
-5.751304
-6.175413
-2.239232
-3.653292
-5.015918
-6.029804
-5.751304
-5.751304
-5.751304
-5.751304
-5.751304
-5.751304
-5.751304
-5.751304
-5.752528
-5.766320
-5.802853
-5.823226
-5.821064
-5.779124
-5.754952
-5.751300
-5.751304
-5.751304
-5.751304
-5.751304
-5.751304
-5.751304
-5.751304
-6.175413
-2.239232
-3.653292
-5.015918
-6.029804
-5.751304
-5.751304
-5.751304
-5.751304
-5.751304
-5.751304
-5.751304
-5.751304
-5.751304
-5.751304
-5.751304
-5.751304
-5.751304
-5.751304
-5.751304
-5.751304
-5.751304
-5.751304
-5.751304
-5.751304
-5.751304
-5.751304
-5.751304
-6.175413
-2.239232
-3.922132
-5.040015
-6.146317
-5.924709
-5.924709
-5.924709
-5.924709
-5.924709
-5.924709
-5.924709
-5.924709
-5.924709
-5.924709
-5.924709
-5.924709
-5.924709
-5.924709
-5.924709
-5.924709
-5.924709
-5.924709
-5.924709
-5.924709
-5.924709
-5.924709
-5.924709
-6.177827
-2.007902
-1.299696
-4.040193
-4.028596
-3.865806
-3.865806
-3.865806
-3.865806
-3.865806
-3.865806
-3.865806
-3.865806
-3.865806
-3.865806
-3.865806
-3.865806
-3.865806
-3.865806
-3.865806
-3.865806
-3.865806
-3.865806
-3.865806
-3.865806
-3.865806
-3.865806
-3.865806
-4.089226
-3.186777
31.997305
19.716721
19.502865
19.386509
19.386509
19.386509
19.386509
19.386509
19.386509
19.386509
19.386509
19.386509
19.386509
19.386509
19.386509
19.386509
19.386509
19.386509
19.386509
19.386509
19.386509
19.386509
19.386509
19.386509
19.386509
19.386509
20.408062
35.750549
17.683874
-0.458362
-5.243790
-6.640259
-6.640259
-6.640259
-6.640259
-6.640259
-6.640259
-6.640259
-6.640259
-6.640259
-6.640259
-6.640259
-6.640259
-6.640259
-6.640259
-6.640259
-6.640259
-6.640259
-6.640259
-6.640259
-6.640259
-6.640259
-6.640259
-6.640259
-2.818760
22.423483
21.014027
-1.739706
-6.731417
-7.166193
-7.166193
-7.166193
-7.166193
-7.166193
-7.166193
-7.166193
-7.166193
-7.166193
-7.166193
-7.166193
-7.166193
-7.166193
-7.166193
-7.166193
-7.166193
-7.166193
-7.166193
-7.166193
-7.166193
-7.166193
-7.166193
-7.166193
-5.518479
24.229357
21.336662
-2.218133
-7.414696
-7.914930
-7.914930
-7.914930
-7.914930
-7.914930
-7.914930
-7.914930
-7.914930
-7.935823
-7.860045
-6.997186
-5.644956
-2.630956
-1.704569
-5.746404
-6.500141
-7.570840
-7.871528
-7.913607
-7.914930
-7.914930
-7.914930
-7.914930
-5.945573
23.929937
21.336662
-2.218133
-7.414696
-7.914930
-7.914930
-7.914930
-7.914930
-7.914930
-7.914930
-7.956532
-7.672441
-6.506420
-4.066241
-0.945962
3.337756
5.998788
9.940508
1.957342
0.124487
-1.525537
-4.970037
-6.549605
-7.604393
-7.921524
-7.914930
-7.914930
-5.945573
23.929937
21.336662
-2.218133
-7.414696
-7.914930
-7.914930
-7.914930
-7.914930
-7.914930
-7.865685
-6.950094
-3.908756
-2.013705
6.628892
14.907362
22.474777
12.424619
18.991087
20.890896
17.222109
14.926732
6.714465
-0.645842
-5.641775
-7.381025
-7.903647
-7.914930
-5.945573
23.929937
21.336662
-2.218133
-7.414696
-7.914930
-7.914930
-7.914930
-7.914930
-7.946733
-7.822807
-4.847805
7.454222
22.676311
21.407452
10.556835
7.661093
-0.911916
-0.136141
5.475308
9.021688
16.268898
33.258133
21.319908
2.569522
-6.557272
-7.651330
-7.913607
-5.945573
23.929937
21.336662
-2.218133
-7.414696
-7.914930
-7.914930
-7.914930
-7.914930
-7.551941
-5.941455
6.551900
25.269886
8.122041
7.336541
-2.859774
-2.853741
-3.763007
-3.316092
-2.721461
-1.953724
-1.998567
5.956593
17.514215
9.533258
-3.964969
-7.114018
-7.896687
-5.945573
23.929937
21.336662
-2.218133
-7.414696
-7.914930
-7.914930
-7.914930
-7.944913
-7.366763
-4.706402
13.912167
12.099168
-4.187110
-2.671738
-3.875833
-4.515381
-4.489505
-4.480026
-4.550786
-4.093557
-3.281658
-1.817316
6.495415
15.614260
4.374592
-5.713088
-7.146626
-5.934099
23.929937
21.336662
-2.218133
-7.414696
-7.914930
-7.914930
-7.914930
-7.546814
-6.162127
2.966094
15.193964
-1.477623
-3.757399
-4.535295
-4.474743
-4.468615
-4.468561
-4.468561
-4.468561
-4.468561
-4.500263
-4.013416
0.841529
14.639607
12.264716
-0.217903
-7.701734
-5.847926
23.929937
21.336662
-2.218133
-7.414696
-7.914930
-7.914930
-7.927858
-7.392150
-4.841903
15.170438
6.853380
-5.008617
-4.411134
-4.474395
-4.468561
-4.468561
-4.468561
-4.468561
-4.468561
-4.468561
-4.468866
-4.544297
-3.066850
1.393490
16.484711
11.841978
-6.335321
-5.259442
23.929937
21.336662
-2.218133
-7.414696
-7.914930
-7.914930
-7.666541
-6.761406
3.327724
14.408466
-0.049328
-3.873018
-4.543171
-4.468561
-4.468561
-4.468561
-4.468561
-4.468561
-4.468561
-4.468561
-4.468561
-4.475791
-4.597875
-2.626897
7.958277
10.847011
-5.663208
-5.360271
23.929937
21.336662
-2.218133
-7.414696
-7.914930
-7.914930
-7.627938
-8.027010
5.365296
6.301279
-8.555564
-4.409628
-4.476634
-4.468561
-4.468561
-4.468561
-4.468561
-4.468561
-4.468561
-4.468561
-4.468561
-4.468561
-4.499993
-4.113005
7.866757
10.030648
-7.044912
-4.701283
23.929937
21.336662
-2.218133
-7.414696
-7.914930
-7.914930
-7.671564
-7.239801
4.790785
8.615627
-7.944110
-4.369737
-4.468561
-4.468561
-4.468561
-4.468561
-4.468561
-4.468561
-4.468561
-4.468561
-4.468561
-4.468561
-4.518047
-4.095666
12.874916
9.269014
-5.935312
-5.251184
23.929937
21.336662
-2.218133
-7.414696
-7.914930
-7.914930
-7.961002
-6.289281
4.729077
8.275550
-6.951067
-4.526938
-4.468487
-4.468561
-4.468561
-4.468561
-4.468561
-4.468561
-4.468561
-4.468561
-4.468561
-4.468561
-4.406832
-4.079509
15.533456
17.807766
-3.199328
-5.434874
23.929937
21.336662
-2.218133
-7.414696
-7.914930
-7.914930
-7.939177
-6.722880
0.140912
6.380261
-1.952802
-4.490501
-4.465025
-4.468561
-4.468561
-4.468561
-4.468561
-4.468561
-4.468561
-4.468561
-4.468561
-4.470844
-4.084808
-3.194472
14.228360
15.879266
-2.743551
-5.658507
23.929937
21.336662
-2.218133
-7.414696
-7.914930
-7.914930
-7.914930
-7.341003
-4.806929
4.420191
5.618390
-5.484782
-4.480396
-4.468881
-4.468561
-4.468561
-4.468561
-4.468561
-4.468561
-4.468561
-4.468561
-4.524648
-3.384054
-2.556267
14.002918
8.316034
-6.897877
-5.859972
23.929937
21.336662
-2.218133
-7.414696
-7.914930
-7.914930
-7.914930
-7.671267
-6.595633
12.622356
18.739237
-4.824382
-3.652045
-4.556996
-4.472955
-4.468561
-4.468561
-4.468561
-4.468561
-4.468561
-4.549298
-3.375014
-1.335521
7.179902
6.937197
0.993620
-6.426780
-5.825086
23.929937
21.336662
-2.218133
-7.414696
-7.914930
-7.914930
-7.914930
-7.946335
-4.152285
7.686161
22.764896
9.059566
-0.145661
-3.742357
-4.560501
-4.485232
-4.468561
-4.468561
-4.468561
-4.526640
-3.897455
-1.889326
7.084316
10.141788
4.654544
-6.328558
-7.794466
-5.976155
23.929937
21.336662
-2.218133
-7.414696
-7.914930
-7.914930
-7.914930
-7.928991
-6.976874
-5.620499
4.559724
15.937744
24.106005
6.095029
-1.776220
-3.713043
-3.625822
-3.449623
-3.884421
-2.987355
-0.108591
9.138432
9.202608
3.971485
-4.891617
-6.007065
-8.048897
-5.945210
23.929937
21.336662
-2.218133
-7.414696
-7.914930
-7.914930
-7.914930
-7.914930
-8.018209
-6.660713
-5.658748
-1.251002
19.428627
22.494114
9.907577
-1.069017
-0.348147
0.357437
1.701851
5.370246
18.631104
15.288464
5.634315
-4.208539
-4.661977
-8.031934
-7.916858
-5.945573
23.929937
21.336662
-2.218133
-7.414696
-7.914930
-7.914930
-7.914930
-7.914930
-7.907965
-7.990433
-7.594195
-5.024524
-2.169114
10.659199
30.332661
13.836204
16.286785
15.105236
19.076126
22.789391
20.202808
7.659075
-5.030737
-4.915711
-8.038918
-7.924084
-7.914930
-5.945573
23.929937
21.336662
-2.218133
-7.414696
-7.914930
-7.914930
-7.914930
-7.914930
-7.914930
-7.916689
-7.998549
-7.722136
-5.786528
-5.028395
2.127529
3.023670
1.900128
4.199101
2.003304
-3.170947
-0.554527
-4.589585
-6.207728
-8.061213
-7.921942
-7.914930
-7.914930
-5.945573
23.929937
21.336662
-2.218133
-7.414696
-7.914930
-7.914930
-7.914930
-7.914930
-7.914930
-7.914930
-7.914930
-7.944862
-7.944839
-6.929103
-6.173553
-6.855717
-6.227715
-6.470078
-6.100033
-7.336415
-7.370362
-7.953506
-8.044031
-7.920932
-7.914930
-7.914930
-7.914930
-5.945573
23.929937
21.336662
-2.218133
-7.414696
-7.914930
-7.914930
-7.914930
-7.914930
-7.914930
-7.914930
-7.914930
-7.914930
-7.914950
-7.899715
-7.888351
-7.874730
-7.874426
-7.935904
-7.923099
-7.915359
-7.914930
-7.914930
-7.914930
-7.914930
-7.914930
-7.914930
-7.914930
-5.945573
23.929937
21.336662
-2.218133
-7.414696
-7.914930
-7.914930
-7.914930
-7.914930
-7.914930
-7.914930
-7.914930
-7.914930
-7.914930
-7.914930
-7.914930
-7.914930
-7.914930
-7.914930
-7.914930
-7.914930
-7.914930
-7.914930
-7.914930
-7.914930
-7.914930
-7.914930
-7.914930
-5.945573
23.929937
18.281212
-1.544673
-5.830515
-6.134287
-6.134287
-6.134287
-6.134287
-6.134287
-6.134287
-6.134287
-6.134287
-6.134287
-6.134287
-6.134287
-6.134287
-6.134287
-6.134287
-6.134287
-6.134287
-6.134287
-6.134287
-6.134287
-6.134287
-6.134287
-6.134287
-6.134287
-4.969720
23.136337
31.616879
18.867344
17.935928
17.096291
17.096291
17.096291
17.096291
17.096291
17.096291
17.096291
17.096291
17.096291
17.096291
17.096291
17.096291
17.096291
17.096291
17.096291
17.096291
17.096291
17.096291
17.096291
17.096291
17.096291
17.096291
17.096291
18.784374
33.687481
-5.151371
-5.555908
-5.221435
-5.144785
-5.144785
-5.144785
-5.144785
-5.144785
-5.144785
-5.144785
-5.144785
-5.144785
-5.144785
-5.144785
-5.144785
-5.144785
-5.144785
-5.144785
-5.144785
-5.144785
-5.144785
-5.144785
-5.144785
-5.144785
-5.144785
-5.144785
-5.176755
0.930780
-3.590086
-6.368552
-6.272445
-6.265015
-6.265015
-6.265015
-6.265015
-6.265015
-6.265015
-6.265015
-6.265015
-6.265015
-6.265015
-6.265015
-6.265015
-6.265015
-6.265015
-6.265015
-6.265015
-6.265015
-6.265015
-6.265015
-6.265015
-6.265015
-6.265015
-6.265015
-6.058812
-4.385082
-3.772038
-7.895882
-7.136926
-7.140930
-7.140930
-7.140930
-7.140930
-7.140930
-7.140930
-7.140930
-7.140930
-7.140930
-7.140930
-7.140930
-7.140930
-7.140930
-7.140930
-7.140930
-7.140930
-7.140930
-7.140930
-7.140930
-7.140930
-7.140930
-7.140930
-7.140930
-6.961812
-5.302262
-3.840167
-7.947671
-7.100029
-7.154497
-7.154497
-7.154497
-7.154497
-7.154497
-7.154497
-7.154497
-7.154497
-7.198040
-7.360665
-7.562400
-8.058220
-8.361486
-7.754072
-8.042164
-7.676859
-7.283196
-7.166566
-7.154655
-7.154497
-7.154497
-7.154497
-7.154497
-6.895476
-5.363633
-3.840167
-7.947671
-7.100029
-7.154497
-7.154497
-7.154497
-7.154497
-7.154497
-7.154497
-7.225007
-7.498267
-7.948779
-8.470802
-3.832396
-4.464146
3.928503
8.577694
0.513783
-4.632168
-7.419916
-7.880992
-7.817334
-7.320078
-7.155169
-7.154497
-7.154497
-6.895476
-5.363633
-3.840167
-7.947671
-7.100029
-7.154497
-7.154497
-7.154497
-7.154497
-7.154497
-7.329203
-7.998857
-8.138791
-2.614387
-2.203572
-5.983820
-0.676612
9.210854
16.549330
14.355035
12.524332
11.320181
4.858670
-3.629551
-7.704256
-7.353247
-7.164894
-7.154497
-6.895476
-5.363633
-3.840167
-7.947671
-7.100029
-7.154497
-7.154497
-7.154497
-7.154497
-7.212327
-7.894791
-5.449479
-3.538585
-1.845583
1.523219
1.271108
1.677480
-3.641595
1.002060
10.677145
12.317516
12.695089
11.243048
16.096151
-1.413004
-7.514065
-7.234726
-7.154655
-6.895476
-5.363633
-3.840167
-7.947671
-7.100029
-7.154497
-7.154497
-7.154497
-7.154497
-7.296308
-6.862345
-8.235102
-0.790426
1.847991
-0.396010
-4.023188
-5.093740
-4.154130
-4.333932
-4.938756
-4.143797
-1.531865
6.837486
13.849613
10.678722
-4.327141
-7.563067
-7.173082
-6.895476
-5.363633
-3.840167
-7.947671
-7.100029
-7.154497
-7.154497
-7.154497
-7.186874
-8.008665
-3.707801
-4.778511
2.496571
-3.473918
-5.011329
-3.879742
-3.536884
-3.513793
-3.493874
-3.561578
-3.725454
-4.242496
-4.271809
11.135406
13.569767
6.443973
-6.947549
-7.415842
-6.914127
-5.363633
-3.840167
-7.947671
-7.100029
-7.154497
-7.154497
-7.154497
-7.283897
-7.415451
-4.308525
-3.284729
-0.241661
-4.882584
-3.601916
-3.509776
-3.507576
-3.506932
-3.506932
-3.506932
-3.506932
-3.527840
-4.197302
-1.433891
13.092939
15.299646
0.536169
-7.492922
-7.013059
-5.363633
-3.840167
-7.947671
-7.100029
-7.154497
-7.154497
-7.206168
-7.875330
-4.893228
-5.538884
2.094428
-4.666134
-3.516765
-3.508438
-3.506932
-3.506932
-3.506932
-3.506932
-3.506932
-3.506932
-3.507662
-3.696649
-4.349524
4.175470
21.361238
16.452131
-5.086790
-7.399394
-5.363633
-3.840167
-7.947671
-7.100029
-7.154497
-7.154497
-7.298446
-6.620054
-6.719974
-2.397933
-0.473656
-4.914454
-3.563527
-3.506932
-3.506932
-3.506932
-3.506932
-3.506932
-3.506932
-3.506932
-3.506932
-3.505699
-3.904296
-3.682973
10.072758
3.092253
-5.183795
-7.323128
-5.363633
-3.840167
-7.947671
-7.100029
-7.154497
-7.154497
-7.318079
-5.373168
7.872548
3.312142
-4.259632
-3.561790
-3.508847
-3.506932
-3.506932
-3.506932
-3.506932
-3.506932
-3.506932
-3.506932
-3.506932
-3.506932
-3.530620
-4.567716
-0.258953
-8.789798
-4.654782
-7.321046
-5.363633
-3.840167
-7.947671
-7.100029
-7.154497
-7.154497
-7.135354
-7.299925
10.034578
14.058592
-3.546917
-3.685560
-3.506932
-3.506932
-3.506932
-3.506932
-3.506932
-3.506932
-3.506932
-3.506932
-3.506932
-3.506932
-3.564970
-3.780220
2.962346
-5.708501
-5.596322
-7.375570
-5.363633
-3.840167
-7.947671
-7.100029
-7.154497
-7.154497
-7.075952
-6.449099
4.737927
10.686638
-3.399136
-4.009204
-3.506721
-3.506932
-3.506932
-3.506932
-3.506932
-3.506932
-3.506932
-3.506932
-3.506932
-3.506932
-3.556106
-3.033092
-0.627121
-8.296900
-5.183657
-7.234779
-5.363633
-3.840167
-7.947671
-7.100029
-7.154497
-7.154497
-7.141360
-7.165662
-3.320255
11.925154
3.929247
-4.354092
-3.537825
-3.506932
-3.506932
-3.506932
-3.506932
-3.506932
-3.506932
-3.506932
-3.506932
-3.512381
-3.631264
-3.713503
1.621495
-2.770766
-6.816945
-7.201150
-5.363633
-3.840167
-7.947671
-7.100029
-7.154497
-7.154497
-7.154497
-7.507006
-5.654428
11.076481
7.870406
-4.108537
-3.652331
-3.507075
-3.506932
-3.506932
-3.506932
-3.506932
-3.506932
-3.506932
-3.506932
-3.667604
-4.816798
-1.486301
-2.249804
-0.616111
-7.516222
-6.961163
-5.363633
-3.840167
-7.947671
-7.100029
-7.154497
-7.154497
-7.154497
-7.257492
-6.339440
8.970922
10.399019
-3.377660
-4.899490
-3.761551
-3.515043
-3.506932
-3.506932
-3.506932
-3.506932
-3.506932
-3.717408
-4.496716
-2.698973
1.422936
0.171300
-0.592335
-8.442760
-6.929572
-5.363633
-3.840167
-7.947671
-7.100029
-7.154497
-7.154497
-7.154497
-7.067166
-6.225561
8.226128
9.094498
13.999435
-2.232794
-4.720455
-4.048161
-3.549091
-3.506932
-3.506932
-3.506932
-3.717336
-4.652496
-2.550074
2.386282
-1.017429
-2.456201
-9.163790
-7.624658
-6.881248
-5.363633
-3.840167
-7.947671
-7.100029
-7.154497
-7.154497
-7.154497
-7.139826
-7.704117
-5.895689
11.884384
12.336210
11.657911
2.152063
-5.244736
-4.745067
-4.618831
-4.583631
-4.440026
-5.074018
-1.795077
0.383337
-0.210256
-1.383237
-8.301116
-8.105909
-7.215024
-6.890158
-5.363633
-3.840167
-7.947671
-7.100029
-7.154497
-7.154497
-7.154497
-7.154497
-7.118604
-7.797302
-6.384140
5.209411
13.710375
13.682085
7.818231
-3.451920
-1.416831
-0.847189
-1.855300
-2.397950
2.895590
-0.150136
-1.561719
-8.402651
-8.129191
-7.262228
-7.156406
-6.895476
-5.363633
-3.840167
-7.947671
-7.100029
-7.154497
-7.154497
-7.154497
-7.154497
-7.156665
-7.144197
-7.620843
-7.675705
-2.263982
12.825624
13.871582
-1.584573
-6.646982
-3.327150
-9.734901
0.497978
0.849473
-0.113878
-8.433866
-8.181880
-7.324732
-7.156446
-7.154497
-6.895476
-5.363633
-3.840167
-7.947671
-7.100029
-7.154497
-7.154497
-7.154497
-7.154497
-7.154497
-7.155952
-7.178752
-7.421359
-7.908045
-4.836975
6.126286
-3.111266
-2.204101
-1.947879
-2.139679
-3.276318
-4.759505
-8.048569
-7.926289
-7.279377
-7.159962
-7.154497
-7.154497
-6.895476
-5.363633
-3.840167
-7.947671
-7.100029
-7.154497
-7.154497
-7.154497
-7.154497
-7.154497
-7.154497
-7.154497
-7.157278
-7.263013
-7.571646
-8.256498
-7.969024
-7.621363
-8.474959
-8.167225
-7.964310
-7.797013
-7.374918
-7.226734
-7.156489
-7.154497
-7.154497
-7.154497
-6.895476
-5.363633
-3.840167
-7.947671
-7.100029
-7.154497
-7.154497
-7.154497
-7.154497
-7.154497
-7.154497
-7.154497
-7.154497
-7.156035
-7.162209
-7.183308
-7.196513
-7.198699
-7.167186
-7.156056
-7.154544
-7.154497
-7.154497
-7.154497
-7.154497
-7.154497
-7.154497
-7.154497
-6.895476
-5.363633
-3.840167
-7.947671
-7.100029
-7.154497
-7.154497
-7.154497
-7.154497
-7.154497
-7.154497
-7.154497
-7.154497
-7.154497
-7.154497
-7.154497
-7.154497
-7.154497
-7.154497
-7.154497
-7.154497
-7.154497
-7.154497
-7.154497
-7.154497
-7.154497
-7.154497
-7.154497
-6.895476
-5.363633
-3.349251
-7.939538
-6.782269
-6.858450
-6.858450
-6.858450
-6.858450
-6.858450
-6.858450
-6.858450
-6.858450
-6.858450
-6.858450
-6.858450
-6.858450
-6.858450
-6.858450
-6.858450
-6.858450
-6.858450
-6.858450
-6.858450
-6.858450
-6.858450
-6.858450
-6.858450
-6.548545
-5.766940
2.273797
-6.610871
-6.124164
-6.121269
-6.121269
-6.121269
-6.121269
-6.121269
-6.121269
-6.121269
-6.121269
-6.121269
-6.121269
-6.121269
-6.121269
-6.121269
-6.121269
-6.121269
-6.121269
-6.121269
-6.121269
-6.121269
-6.121269
-6.121269
-6.121269
-6.121269
-6.380867
-7.193651
-10.413164
-10.030606
-10.103245
-10.004534
-10.004534
-10.004534
-10.004534
-10.004534
-10.004534
-10.004534
-10.004534
-10.004534
-10.004534
-10.004534
-10.004534
-10.004534
-10.004534
-10.004534
-10.004534
-10.004534
-10.004534
-10.004534
-10.004534
-10.004534
-10.004534
-10.004534
-10.255547
-10.989380
-6.727850
-7.557047
-7.319133
-7.032390
-7.032390
-7.032390
-7.032390
-7.032390
-7.032390
-7.032390
-7.032390
-7.032390
-7.032390
-7.032390
-7.032390
-7.032390
-7.032390
-7.032390
-7.032390
-7.032390
-7.032390
-7.032390
-7.032390
-7.032390
-7.032390
-7.032390
-7.383444
-6.340129
-6.997935
-6.967152
-7.136711
-6.978781
-6.978781
-6.978781
-6.978781
-6.978781
-6.978781
-6.978781
-6.978781
-6.978781
-6.978781
-6.978781
-6.978781
-6.978781
-6.978781
-6.978781
-6.978781
-6.978781
-6.978781
-6.978781
-6.978781
-6.978781
-6.978781
-6.978781
-6.823643
-6.136185
-7.060319
-6.896072
-6.991542
-6.830719
-6.830719
-6.830719
-6.830719
-6.830719
-6.830719
-6.830719
-6.830719
-6.838181
-7.111146
-7.889535
-9.420161
-9.698637
-9.288644
-8.239061
-7.640162
-6.991418
-6.832908
-6.830999
-6.830719
-6.830719
-6.830719
-6.830719
-6.706489
-5.935630
-7.060319
-6.896072
-6.991542
-6.830719
-6.830719
-6.830719
-6.830719
-6.830719
-6.830719
-6.867967
-7.288558
-8.343377
-9.863563
-9.713137
-11.286460
-12.958937
-8.715857
-10.102554
-9.538922
-8.729076
-8.561063
-7.579597
-7.021623
-6.836337
-6.830719
-6.830719
-6.706489
-5.935630
-7.060319
-6.896072
-6.991542
-6.830719
-6.830719
-6.830719
-6.830719
-6.830719
-7.127102
-8.156804
-9.973217
-10.665231
-14.294816
-13.190323
-9.490936
-12.441737
-8.650141
-7.790148
-8.080771
-9.820414
-10.033412
-8.195191
-8.170424
-7.202170
-6.834352
-6.830719
-6.706489
-5.935630
-7.060319
-6.896072
-6.991542
-6.830719
-6.830719
-6.830719
-6.830719
-6.896986
-7.510394
-8.908595
-9.280601
-14.522190
-7.607283
-10.710514
-9.873649
-10.763951
-10.029864
-7.398589
-7.097529
-6.616930
-9.755513
-4.771392
-6.331157
-7.824150
-7.003097
-6.830999
-6.706489
-5.935630
-7.060319
-6.896072
-6.991542
-6.830719
-6.830719
-6.830719
-6.830719
-7.352187
-7.982423
-0.714053
-4.484549
-12.408683
-13.259547
-10.895278
-8.778440
-7.863891
-7.743010
-8.214049
-8.465630
-8.803230
-10.092329
1.469387
1.543034
-7.579068
-7.515826
-6.879923
-6.706489
-5.935630
-7.060319
-6.896072
-6.991542
-6.830719
-6.830719
-6.830719
-6.934100
-7.582882
-7.135967
3.392143
-8.410345
-9.618695
-8.324572
-7.265141
-6.714700
-6.625459
-6.622210
-6.607201
-6.943811
-7.412295
-8.257557
-8.229742
4.554801
-3.930268
-8.022760
-7.298690
-6.708433
-5.935630
-7.060319
-6.896072
-6.991542
-6.830719
-6.830719
-6.830719
-7.339501
-7.814768
-3.333226
2.790004
-10.751906
-7.850840
-6.697123
-6.623390
-6.627064
-6.627460
-6.627460
-6.627460
-6.627460
-6.640724
-7.142849
-8.762191
-7.769932
1.345063
-7.111053
-7.894954
-6.913428
-5.935630
-7.060319
-6.896072
-6.991542
-6.830719
-6.830719
-6.930677
-7.659891
-6.485137
3.714713
-8.649252
-8.002750
-7.007689
-6.628707
-6.627460
-6.627460
-6.627460
-6.627460
-6.627460
-6.627460
-6.627450
-6.728684
-7.567768
-8.910360
-2.601241
-1.366159
-7.361959
-7.560133
-5.935630
-7.060319
-6.896072
-6.991542
-6.830719
-6.830719
-7.275277
-8.163808
-0.970317
-2.125867
-9.627773
-7.442857
-6.651883
-6.627460
-6.627460
-6.627460
-6.627460
-6.627460
-6.627460
-6.627460
-6.627460
-6.625269
-6.920404
-8.545598
-6.340420
3.174479
-5.714173
-7.733122
-5.935630
-7.060319
-6.896072
-6.991542
-6.830719
-6.830719
-6.900285
-6.441242
6.300655
-4.168300
-7.826691
-7.033773
-6.628053
-6.627460
-6.627460
-6.627460
-6.627460
-6.627460
-6.627460
-6.627460
-6.627460
-6.627460
-6.637663
-7.918219
-2.216412
8.385496
-6.967975
-7.945109
-5.935630
-7.060319
-6.896072
-6.991542
-6.830719
-6.830719
-6.956556
-5.898190
12.012520
3.911583
-7.979005
-6.949441
-6.627460
-6.627460
-6.627460
-6.627460
-6.627460
-6.627460
-6.627460
-6.627460
-6.627460
-6.627460
-6.657649
-7.680408
-0.383068
7.252170
-6.825788
-7.943313
-5.935630
-7.060319
-6.896072
-6.991542
-6.830719
-6.830719
-6.890106
-6.910607
3.100611
4.847336
-7.957134
-7.362979
-6.628047
-6.627460
-6.627460
-6.627460
-6.627460
-6.627460
-6.627460
-6.627460
-6.627460
-6.627460
-6.741632
-7.455139
1.624944
8.032548
-6.468451
-7.806380
-5.935630
-7.060319
-6.896072
-6.991542
-6.830719
-6.830719
-6.828938
-7.157948
-3.732790
6.067282
-4.040161
-7.347363
-6.634146
-6.627460
-6.627460
-6.627460
-6.627460
-6.627460
-6.627460
-6.627460
-6.627460
-6.628576
-6.934137
-8.026134
0.806436
5.588193
-7.350725
-7.547791
-5.935630
-7.060319
-6.896072
-6.991542
-6.830719
-6.830719
-6.830719
-7.129646
-5.121897
13.437182
-2.758283
-7.003483
-6.695888
-6.628136
-6.627460
-6.627460
-6.627460
-6.627460
-6.627460
-6.627460
-6.627460
-6.760341
-7.345661
-10.591233
9.602317
2.600327
-6.761770
-7.197337
-5.935630
-7.060319
-6.896072
-6.991542
-6.830719
-6.830719
-6.830719
-7.055671
-6.445062
9.510568
-1.442032
-7.901450
-6.908313
-6.692447
-6.629578
-6.627460
-6.627460
-6.627460
-6.627460
-6.627460
-6.704249
-7.483765
-11.429152
-14.545698
0.979998
-3.499227
-7.791289
-6.919185
-5.935630
-7.060319
-6.896072
-6.991542
-6.830719
-6.830719
-6.830719
-6.892557
-6.607107
-1.978682
-4.499777
-14.997666
-10.186482
-7.506031
-6.652131
-6.629021
-6.627460
-6.627460
-6.627460
-6.750272
-7.295759
-10.777851
-11.253877
-5.751155
-9.183569
-8.232297
-7.695135
-6.747347
-5.935630
-7.060319
-6.896072
-6.991542
-6.830719
-6.830719
-6.830719
-6.827026
-7.391551
-7.236942
-5.612716
-3.527321
-7.105698
-13.078399
-7.930568
-7.499227
-7.473579
-7.480485
-7.402272
-8.094619
-11.290167
-12.381357
-3.034309
-6.523934
-8.740243
-8.433023
-6.975551
-6.709772
-5.935630
-7.060319
-6.896072
-6.991542
-6.830719
-6.830719
-6.830719
-6.830719
-6.950560
-7.979074
-7.837765
-6.540353
-6.054040
-15.507321
-12.853683
-14.210412
-17.484047
-17.726074
-16.981033
-15.758798
-11.270233
-4.583216
-6.775932
-8.383136
-8.748739
-6.988505
-6.832729
-6.706489
-5.935630
-7.060319
-6.896072
-6.991542
-6.830719
-6.830719
-6.830719
-6.830719
-6.831466
-6.838056
-7.508232
-8.467122
-7.736472
-7.945404
-7.898243
-8.445880
-4.849775
-4.412575
-4.745402
-2.229456
-3.754941
-6.998665
-8.881865
-8.768321
-7.030671
-6.834257
-6.830719
-6.706489
-5.935630
-7.060319
-6.896072
-6.991542
-6.830719
-6.830719
-6.830719
-6.830719
-6.830719
-6.830915
-6.826977
-7.175655
-8.180667
-7.880384
-7.501308
-6.096528
-7.500560
-9.323086
-7.842623
-10.359217
-9.170456
-9.408656
-8.584548
-6.983667
-6.833027
-6.830719
-6.830719
-6.706489
-5.935630
-7.060319
-6.896072
-6.991542
-6.830719
-6.830719
-6.830719
-6.830719
-6.830719
-6.830719
-6.830719
-6.829689
-6.944813
-8.079859
-8.983641
-9.785773
-9.841868
-9.654275
-9.224824
-8.400082
-8.046415
-7.377957
-6.926557
-6.833014
-6.830719
-6.830719
-6.830719
-6.706489
-5.935630
-7.060319
-6.896072
-6.991542
-6.830719
-6.830719
-6.830719
-6.830719
-6.830719
-6.830719
-6.830719
-6.830719
-6.831059
-6.839173
-6.850868
-6.885717
-6.881519
-6.854134
-6.834640
-6.830817
-6.830719
-6.830719
-6.830719
-6.830719
-6.830719
-6.830719
-6.830719
-6.706489
-5.935630
-7.060319
-6.896072
-6.991542
-6.830719
-6.830719
-6.830719
-6.830719
-6.830719
-6.830719
-6.830719
-6.830719
-6.830719
-6.830719
-6.830719
-6.830719
-6.830719
-6.830719
-6.830719
-6.830719
-6.830719
-6.830719
-6.830719
-6.830719
-6.830719
-6.830719
-6.830719
-6.706489
-5.935630
-6.526480
-7.915494
-8.056158
-7.994120
-7.994120
-7.994120
-7.994120
-7.994120
-7.994120
-7.994120
-7.994120
-7.994120
-7.994120
-7.994120
-7.994120
-7.994120
-7.994120
-7.994120
-7.994120
-7.994120
-7.994120
-7.994120
-7.994120
-7.994120
-7.994120
-7.994120
-7.879662
-6.465639
-12.617997
-11.683533
-11.690564
-11.443172
-11.443172
-11.443172
-11.443172
-11.443172
-11.443172
-11.443172
-11.443172
-11.443172
-11.443172
-11.443172
-11.443172
-11.443172
-11.443172
-11.443172
-11.443172
-11.443172
-11.443172
-11.443172
-11.443172
-11.443172
-11.443172
-11.443172
-11.258874
-13.976360
-4.914969
4.163554
1.992963
2.221173
2.221173
2.221173
2.221173
2.221173
2.221173
2.221173
2.221173
2.221173
2.221173
2.221173
2.221173
2.221173
2.221173
2.221173
2.221173
2.221173
2.221173
2.221173
2.221173
2.221173
2.221173
2.221173
2.086706
2.788704
4.610131
8.817457
6.546362
6.736649
6.736649
6.736649
6.736649
6.736649
6.736649
6.736649
6.736649
6.736649
6.736649
6.736649
6.736649
6.736649
6.736649
6.736649
6.736649
6.736649
6.736649
6.736649
6.736649
6.736649
6.736649
6.736649
7.248856
7.413000
3.856788
8.185312
5.570397
5.944175
5.944175
5.944175
5.944175
5.944175
5.944175
5.944175
5.944175
5.944175
5.944175
5.944175
5.944175
5.944175
5.944175
5.944175
5.944175
5.944175
5.944175
5.944175
5.944175
5.944175
5.944175
5.944175
6.188169
6.729128
3.950698
8.229650
5.643090
6.011847
6.011847
6.011847
6.011847
6.011847
6.011847
6.011847
6.011847
5.961503
5.795965
5.716582
5.375612
5.236156
4.992153
5.523779
5.719330
5.928003
5.994067
6.010794
6.011847
6.011847
6.011847
6.011847
6.286148
6.821476
3.950698
8.229650
5.643090
6.011847
6.011847
6.011847
6.011847
6.011847
6.011847
5.957592
5.763216
5.656334
5.937972
8.330496
3.031525
-0.021887
-2.689802
7.276495
7.007733
5.134853
5.298892
5.840068
5.903210
6.000104
6.011847
6.011847
6.286148
6.821476
3.950698
8.229650
5.643090
6.011847
6.011847
6.011847
6.011847
6.011847
5.829049
5.785126
5.979143
9.178574
0.961624
-8.036629
-9.877283
-2.013784
-7.910835
-7.823879
-7.738836
-3.739583
2.770123
7.463032
4.908873
5.789690
6.004115
6.011847
6.286148
6.821476
3.950698
8.229650
5.643090
6.011847
6.011847
6.011847
6.011847
5.942952
5.574155
9.343647
-2.968899
-9.314268
-11.269588
-2.651824
5.377945
8.493055
8.453480
7.586864
-1.526224
-4.387951
-12.123674
-0.392039
9.725536
4.547675
5.877254
6.010794
6.286148
6.821476
3.950698
8.229650
5.643090
6.011847
6.011847
6.011847
6.011847
5.745421
7.024844
3.139521
-6.262798
-0.134703
6.424116
8.365408
7.339878
8.020905
7.673116
7.576019
7.509390
8.568075
12.031884
8.297377
6.856924
7.619267
5.178305
5.984959
6.286148
6.821476
3.950698
8.229650
5.643090
6.011847
6.011847
6.011847
5.940463
5.478708
10.083971
1.906741
3.605723
9.106986
8.028338
8.059818
7.776720
7.740061
7.741466
7.738727
7.786805
7.636315
6.972090
13.730659
0.467711
7.555460
4.965742
5.695480
6.270158
6.821476
3.950698
8.229650
5.643090
6.011847
6.011847
6.011847
5.724164
7.008091
2.701147
2.292631
10.148369
7.785477
7.710383
7.741608
7.743669
7.744098
7.744098
7.744098
7.744098
7.728802
7.327560
8.121326
6.738109
2.038418
10.384647
4.966110
6.145310
6.821476
3.950698
8.229650
5.643090
6.011847
6.011847
5.939686
5.378675
9.821121
-0.881000
1.787551
8.529478
7.733128
7.743369
7.744098
7.744098
7.744098
7.744098
7.744098
7.744098
7.743919
7.672581
7.225432
12.032366
4.159685
0.252937
8.081014
5.860168
6.821476
3.950698
8.229650
5.643090
6.011847
6.011847
5.876672
7.220272
8.084412
-3.096446
9.251133
7.871046
7.726719
7.744098
7.744098
7.744098
7.744098
7.744098
7.744098
7.744098
7.744098
7.739643
7.533103
8.123642
11.727505
-0.019348
8.748869
5.651659
6.821476
3.950698
8.229650
5.643090
6.011847
6.011847
5.683417
8.208189
-1.605944
-0.265951
9.552827
7.839842
7.744062
7.744098
7.744098
7.744098
7.744098
7.744098
7.744098
7.744098
7.744098
7.744098
7.722548
8.453175
6.672104
-4.257700
8.377488
6.017314
6.821476
3.950698
8.229650
5.643090
6.011847
6.011847
5.889292
7.635193
3.888368
1.671496
9.875345
7.700163
7.744098
7.744098
7.744098
7.744098
7.744098
7.744098
7.744098
7.744098
7.744098
7.744098
7.750823
9.000114
5.233429
3.545843
7.296112
6.141790
6.821476
3.950698
8.229650
5.643090
6.011847
6.011847
5.938820
6.227513
7.197508
2.431555
10.206891
7.882338
7.743957
7.744098
7.744098
7.744098
7.744098
7.744098
7.744098
7.744098
7.744098
7.744098
7.896267
8.676357
3.676608
2.875567
7.513253
6.223921
6.821476
3.950698
8.229650
5.643090
6.011847
6.011847
5.992071
5.041146
11.363821
3.115839
8.197465
8.127102
7.733529
7.744098
7.744098
7.744098
7.744098
7.744098
7.744098
7.744098
7.744098
7.742959
7.922715
8.121862
2.938220
2.395883
7.014096
6.246046
6.821476
3.950698
8.229650
5.643090
6.011847
6.011847
6.011847
5.387420
10.071514
3.235157
5.962564
8.924799
7.746823
7.743766
7.744098
7.744098
7.744098
7.744098
7.744098
7.744098
7.744098
7.734537
8.197512
10.591637
6.544527
5.441230
6.651569
6.195365
6.821476
3.950698
8.229650
5.643090
6.011847
6.011847
6.011847
5.745716
7.581466
6.559203
0.565022
8.699898
7.801168
7.679673
7.739772
7.744098
7.744098
7.744098
7.744098
7.744098
7.704548
8.200335
9.724810
3.084548
-2.143914
6.342288
5.634476
6.212504
6.821476
3.950698
8.229650
5.643090
6.011847
6.011847
6.011847
5.888812
5.496831
6.430570
-5.843484
6.874005
8.113684
7.900812
7.728361
7.730828
7.744098
7.744098
7.744098
7.716324
8.179413
9.562548
3.357370
-3.918414
2.255965
7.146071
5.521677
6.278689
6.821476
3.950698
8.229650
5.643090
6.011847
6.011847
6.011847
5.988523
5.201827
6.927255
2.864660
-7.064831
-3.083782
8.986795
8.130424
8.075745
7.954734
8.069619
8.109876
8.054381
9.554743
5.401745
-2.854662
4.915684
7.587639
5.418791
5.924344
6.286427
6.821476
3.950698
8.229650
5.643090
6.011847
6.011847
6.011847
6.011847
5.885156
5.291175
6.297812
5.311447
-4.216119
-3.440142
6.965320
8.783243
9.119550
9.485642
9.027509
6.279408
3.575295
-3.863884
2.598419
7.480821
5.284960
5.886884
6.010239
6.286148
6.821476
3.950698
8.229650
5.643090
6.011847
6.011847
6.011847
6.011847
6.012399
5.923458
5.538606
5.161395
6.585151
0.267001
-7.458686
-12.574436
-11.749672
-12.394918
-12.132746
-6.546362
-4.033664
3.505357
7.304677
5.357744
5.860209
6.009559
6.011847
6.286148
6.821476
3.950698
8.229650
5.643090
6.011847
6.011847
6.011847
6.011847
6.011847
6.011367
5.981149
5.738329
5.039775
7.857211
0.452522
-2.394539
-0.925041
1.163021
4.135056
4.799635
5.704225
6.791894
5.440823
5.892241
6.008861
6.011847
6.011847
6.286148
6.821476
3.950698
8.229650
5.643090
6.011847
6.011847
6.011847
6.011847
6.011847
6.011847
6.011847
5.997564
5.861094
5.785830
6.430214
6.536372
6.362039
6.101747
6.161302
6.043850
5.843382
5.859910
5.940861
6.010694
6.011847
6.011847
6.011847
6.286148
6.821476
3.950698
8.229650
5.643090
6.011847
6.011847
6.011847
6.011847
6.011847
6.011847
6.011847
6.011847
6.011029
5.995476
5.946545
5.901973
5.927022
5.971686
6.006014
6.011846
6.011847
6.011847
6.011847
6.011847
6.011847
6.011847
6.011847
6.286148
6.821476
3.950698
8.229650
5.643090
6.011847
6.011847
6.011847
6.011847
6.011847
6.011847
6.011847
6.011847
6.011847
6.011847
6.011847
6.011847
6.011847
6.011847
6.011847
6.011847
6.011847
6.011847
6.011847
6.011847
6.011847
6.011847
6.011847
6.286148
6.821476
4.001516
8.602165
6.107200
6.506953
6.506953
6.506953
6.506953
6.506953
6.506953
6.506953
6.506953
6.506953
6.506953
6.506953
6.506953
6.506953
6.506953
6.506953
6.506953
6.506953
6.506953
6.506953
6.506953
6.506953
6.506953
6.506953
6.672128
6.803357
2.503886
3.507321
1.837408
2.060113
2.060113
2.060113
2.060113
2.060113
2.060113
2.060113
2.060113
2.060113
2.060113
2.060113
2.060113
2.060113
2.060113
2.060113
2.060113
2.060113
2.060113
2.060113
2.060113
2.060113
2.060113
2.060113
2.343288
0.282665
6.472042
3.881715
1.314123
0.536689
0.536689
0.536689
0.536689
0.536689
0.536689
0.536689
0.536689
0.536689
0.536689
0.536689
0.536689
0.536689
0.536689
0.536689
0.536689
0.536689
0.536689
0.536689
0.536689
0.536689
0.536689
0.536689
3.639125
14.349941
12.787189
-0.107835
-0.590294
-2.053483
-2.053483
-2.053483
-2.053483
-2.053483
-2.053483
-2.053483
-2.053483
-2.053483
-2.053483
-2.053483
-2.053483
-2.053483
-2.053483
-2.053483
-2.053483
-2.053483
-2.053483
-2.053483
-2.053483
-2.053483
-2.053483
-2.053483
2.682285
15.214163
13.966089
0.585804
0.620077
-1.044457
-1.044457
-1.044457
-1.044457
-1.044457
-1.044457
-1.044457
-1.044457
-1.044457
-1.044457
-1.044457
-1.044457
-1.044457
-1.044457
-1.044457
-1.044457
-1.044457
-1.044457
-1.044457
-1.044457
-1.044457
-1.044457
-1.044457
3.950309
16.850027
13.989565
0.646511
0.716320
-0.976836
-0.976836
-0.976836
-0.976836
-0.976836
-0.976836
-0.976836
-0.976836
-1.028439
-0.526364
0.649761
0.279005
-2.524790
-0.210732
0.820564
0.848751
-0.499867
-0.979199
-0.977856
-0.976836
-0.976836
-0.976836
-0.976836
4.017509
16.807695
13.989565
0.646511
0.716320
-0.976836
-0.976836
-0.976836
-0.976836
-0.976836
-0.976836
-0.957222
-0.130202
1.554935
1.618955
-1.950453
0.892169
-17.683830
-3.723163
-3.901935
-1.780097
0.031302
0.017704
1.109699
-0.251767
-0.965252
-0.976836
-0.976836
4.017509
16.807695
13.989565
0.646511
0.716320
-0.976836
-0.976836
-0.976836
-0.976836
-0.976836
-0.415204
1.070179
2.874074
0.994024
0.632009
-3.845127
-11.413565
-12.542931
-14.716975
-15.425623
-5.124493
-5.996172
-2.428369
-0.282940
3.797571
0.415308
-0.961655
-0.976836
4.017509
16.807695
13.989565
0.646511
0.716320
-0.976836
-0.976836
-0.976836
-0.976836
-0.906247
3.382389
1.751018
3.111022
-0.516161
-10.602228
-10.745358
-5.022218
-1.877255
-4.914905
-9.229530
-13.550358
-16.804575
-8.111085
-4.791128
7.275703
5.834738
-0.357117
-0.977856
4.017509
16.807695
13.989565
0.646511
0.716320
-0.976836
-0.976836
-0.976836
-0.976836
0.997644
11.004911
9.865147
-6.679523
-1.795405
-3.924164
1.401464
3.897388
1.959368
1.179764
0.696494
-0.608357
-1.904935
9.355797
1.168312
10.276321
9.267809
3.131942
-0.847527
4.017509
16.807695
13.989565
0.646511
0.716320
-0.976836
-0.976836
-0.976836
-0.831250
6.488586
10.291401
2.416447
0.141506
8.958153
4.477633
1.451027
-0.640349
-1.155119
-1.141749
-0.929106
-0.148779
1.120370
9.447426
8.830042
1.308945
11.357506
8.488529
0.880924
4.025030
16.807695
13.989565
0.646511
0.716320
-0.976836
-0.976836
-0.976836
0.986282
11.739305
11.990538
2.962179
9.732924
6.450748
-0.646983
-1.125628
-1.150651
-1.150446
-1.150446
-1.150446
-1.150446
-1.102717
2.666062
12.900972
4.692193
5.301867
8.865191
5.840227
4.261695
16.807695
13.989565
0.646511
0.716320
-0.976836
-0.976836
-0.811406
6.012969
11.233591
2.647713
3.156971
9.879454
1.212644
-1.148356
-1.150446
-1.150446
-1.150446
-1.150446
-1.150446
-1.150446
-1.150637
-0.569281
6.145846
13.385633
6.269054
6.891271
7.892052
4.453071
16.807695
13.989565
0.646511
0.716320
-0.976836
-0.976836
0.663047
10.848103
11.188425
2.183895
4.678360
6.393920
-0.948946
-1.150446
-1.150446
-1.150446
-1.150446
-1.150446
-1.150446
-1.150446
-1.150446
-1.151190
0.267614
12.338774
12.398500
1.866136
7.826638
5.109092
16.807695
13.989565
0.646511
0.716320
-0.976836
-0.976836
3.007198
11.774401
2.288044
12.933168
11.358328
2.226778
-1.143950
-1.150446
-1.150446
-1.150446
-1.150446
-1.150446
-1.150446
-1.150446
-1.150446
-1.150446
-1.124291
12.439283
11.510826
9.060492
10.262335
5.587657
16.807695
13.989565
0.646511
0.716320
-0.976836
-0.976836
1.128494
14.472298
8.251390
9.550955
10.896622
1.056127
-1.150446
-1.150446
-1.150446
-1.150446
-1.150446
-1.150446
-1.150446
-1.150446
-1.150446
-1.150446
-1.119349
13.148207
15.474073
8.739147
10.585594
4.818660
16.807695
13.989565
0.646511
0.716320
-0.976836
-0.976836
-0.845824
12.587017
7.715147
4.643181
10.437731
2.817600
-1.149271
-1.150446
-1.150446
-1.150446
-1.150446
-1.150446
-1.150446
-1.150446
-1.150446
-1.150446
-0.526753
14.335260
15.282011
9.273106
11.234653
4.054441
16.807695
13.989565
0.646511
0.716320
-0.976836
-0.976836
-0.998028
8.738529
12.124973
2.060018
5.753608
5.295949
-1.154795
-1.150446
-1.150446
-1.150446
-1.150446
-1.150446
-1.150446
-1.150446
-1.150446
-1.153956
1.016225
17.577469
14.689600
10.228672
10.286606
3.690345
16.807695
13.989565
0.646511
0.716320
-0.976836
-0.976836
-0.976836
6.346305
14.019072
1.417162
8.959421
8.567919
-0.824290
-1.150233
-1.150446
-1.150446
-1.150446
-1.150446
-1.150446
-1.150446
-1.150446
-0.586909
5.645369
17.223972
10.906130
8.925539
12.085207
3.903577
16.807695
13.989565
0.646511
0.716320
-0.976836
-0.976836
-0.976836
1.948768
15.097466
8.056963
1.128335
10.064518
2.403784
-0.861544
-1.168795
-1.150446
-1.150446
-1.150446
-1.150446
-1.150446
-0.916129
3.466619
9.049448
15.313690
1.080276
0.710581
8.481735
3.957153
16.807695
13.989565
0.646511
0.716320
-0.976836
-0.976836
-0.976836
-0.846369
10.168930
2.771816
-1.091848
5.394962
6.064949
3.714334
-0.370589
-1.183083
-1.150446
-1.150446
-1.150446
-0.672762
2.738649
9.224804
7.327808
1.246771
5.948292
7.044478
3.083461
4.059639
16.807695
13.989565
0.646511
0.716320
-0.976836
-0.976836
-0.976836
-1.007411
3.330551
4.781872
8.131426
-3.163353
0.158003
8.152727
5.685728
1.935224
1.553075
1.484169
1.636396
4.110147
8.397074
11.649090
3.882759
-1.317506
6.871184
3.536273
-0.528531
4.019428
16.807695
13.989565
0.646511
0.716320
-0.976836
-0.976836
-0.976836
-0.976836
-0.639243
2.239627
4.035049
2.151455
0.192893
2.606890
2.631375
-1.142586
-3.851335
-4.996975
-5.223616
-3.991322
4.734184
1.978326
4.166522
6.156140
4.312607
-0.445891
-0.972920
4.017509
16.807695
13.989565
0.646511
0.716320
-0.976836
-0.976836
-0.976836
-0.976836
-0.979470
-0.880511
0.666615
4.262646
3.355935
0.720391
-8.888121
-9.464403
-12.413584
-17.209236
-15.982466
-10.956345
-11.234032
0.215106
6.239225
3.797161
-0.344952
-0.960377
-0.976836
4.017509
16.807695
13.989565
0.646511
0.716320
-0.976836
-0.976836
-0.976836
-0.976836
-0.976836
-0.971974
-0.895232
-0.000119
4.045028
2.097591
-13.642735
-11.236503
-6.595213
-10.934717
-9.700783
-3.175999
-6.767589
0.152738
2.815982
-0.464568
-0.971611
-0.976836
-0.976836
4.017509
16.807695
13.989565
0.646511
0.716320
-0.976836
-0.976836
-0.976836
-0.976836
-0.976836
-0.976836
-0.976836
-0.955391
-0.428629
0.455148
-0.876049
0.030157
1.282226
1.555814
1.440486
1.180511
0.648700
0.258861
-0.638695
-0.969037
-0.976836
-0.976836
-0.976836
4.017509
16.807695
13.989565
0.646511
0.716320
-0.976836
-0.976836
-0.976836
-0.976836
-0.976836
-0.976836
-0.976836
-0.976836
-0.970955
-0.920037
-0.838624
-0.766901
-0.771752
-0.858031
-0.947901
-0.976475
-0.976836
-0.976836
-0.976836
-0.976836
-0.976836
-0.976836
-0.976836
4.017509
16.807695
13.989565
0.646511
0.716320
-0.976836
-0.976836
-0.976836
-0.976836
-0.976836
-0.976836
-0.976836
-0.976836
-0.976836
-0.976836
-0.976836
-0.976836
-0.976836
-0.976836
-0.976836
-0.976836
-0.976836
-0.976836
-0.976836
-0.976836
-0.976836
-0.976836
-0.976836
4.017509
16.807695
14.547388
1.329460
1.301452
-0.245013
-0.245013
-0.245013
-0.245013
-0.245013
-0.245013
-0.245013
-0.245013
-0.245013
-0.245013
-0.245013
-0.245013
-0.245013
-0.245013
-0.245013
-0.245013
-0.245013
-0.245013
-0.245013
-0.245013
-0.245013
-0.245013
-0.245013
4.522121
16.136419
11.193733
2.330477
1.206481
0.509146
0.509146
0.509146
0.509146
0.509146
0.509146
0.509146
0.509146
0.509146
0.509146
0.509146
0.509146
0.509146
0.509146
0.509146
0.509146
0.509146
0.509146
0.509146
0.509146
0.509146
0.509146
0.509146
3.922648
13.043789
-4.404111
-4.161261
-3.442328
-3.544411
-3.544411
-3.544411
-3.544411
-3.544411
-3.544411
-3.544411
-3.544411
-3.544411
-3.544411
-3.544411
-3.544411
-3.544411
-3.544411
-3.544411
-3.544411
-3.544411
-3.544411
-3.544411
-3.544411
-3.544411
-3.544411
-3.544411
-3.351747
-5.954981
-3.754105
-2.342214
-1.166539
-1.391026
-1.391026
-1.391026
-1.391026
-1.391026
-1.391026
-1.391026
-1.391026
-1.391026
-1.391026
-1.391026
-1.391026
-1.391026
-1.391026
-1.391026
-1.391026
-1.391026
-1.391026
-1.391026
-1.391026
-1.391026
-1.391026
-1.391026
-1.078659
-3.947982
-3.408488
-2.091262
-1.210310
-1.407568
-1.407568
-1.407568
-1.407568
-1.407568
-1.407568
-1.407568
-1.407568
-1.407568
-1.407568
-1.407568
-1.407568
-1.407568
-1.407568
-1.407568
-1.407568
-1.407568
-1.407568
-1.407568
-1.407568
-1.407568
-1.407568
-1.407568
-1.056736
-4.116533
-3.382088
-2.087096
-1.168622
-1.364547
-1.364547
-1.364547
-1.364547
-1.364547
-1.364547
-1.364547
-1.364547
-1.360993
-1.202911
-1.059374
-1.338525
-1.748983
-1.188206
-0.643055
-0.725496
-1.093513
-1.343587
-1.364777
-1.364547
-1.364547
-1.364547
-1.364547
-1.036973
-4.017067
-3.382088
-2.087096
-1.168622
-1.364547
-1.364547
-1.364547
-1.364547
-1.364547
-1.364547
-1.339286
-1.097360
-0.883348
-1.391365
-4.519142
-5.709690
-10.343103
-7.005466
-6.586247
-4.292030
-1.326906
-0.786112
-0.748301
-1.095967
-1.352865
-1.364547
-1.364547
-1.036973
-4.017067
-3.382088
-2.087096
-1.168622
-1.364547
-1.364547
-1.364547
-1.364547
-1.364547
-1.188144
-1.000987
-1.750170
-5.073004
-6.645880
-7.645685
-10.089539
-10.810150
-14.051563
-13.686817
-11.714221
-6.923025
-7.736792
-4.649967
-1.027660
-1.039789
-1.359148
-1.364547
-1.036973
-4.017067
-3.382088
-2.087096
-1.168622
-1.364547
-1.364547
-1.364547
-1.364547
-1.320722
-1.061588
-3.536650
-6.255510
-10.472219
-11.332596
-10.606607
-6.519681
-3.368090
-4.071531
-7.020256
-8.486938
-14.528812
-13.555464
-8.960218
-4.748644
-0.858613
-1.146381
-1.364777
-1.036973
-4.017067
-3.382088
-2.087096
-1.168622
-1.364547
-1.364547
-1.364547
-1.364547
-1.086473
-1.566520
-2.231666
-11.533852
-9.246898
-6.164742
-2.738077
-1.773190
-1.907597
-1.838464
-1.803697
-1.811308
-2.162069
-6.146245
-10.511481
-6.957054
-3.452651
-0.756755
-1.317677
-1.036973
-4.017067
-3.382088
-2.087096
-1.168622
-1.364547
-1.364547
-1.364547
-1.311644
-0.891760
-3.394383
-3.410746
-6.662191
-3.166370
-1.793001
-1.929415
-1.906991
-1.959271
-1.955760
-1.939635
-1.866611
-1.816261
-1.578666
-3.457219
-9.701496
-5.636146
-1.695385
-0.940649
-1.031180
-4.017067
-3.382088
-2.087096
-1.168622
-1.364547
-1.364547
-1.364547
-1.136511
-1.747033
-2.251923
-6.616211
-5.859838
-1.850531
-1.911187
-1.951400
-1.956635
-1.956905
-1.956905
-1.956905
-1.956905
-1.938755
-1.719948
-2.990772
-7.944415
-9.355907
-5.279757
-0.976398
-0.849314
-4.017067
-3.382088
-2.087096
-1.168622
-1.364547
-1.364547
-1.307271
-0.989522
-3.388441
-2.767231
-6.062439
-3.008651
-1.827809
-1.955200
-1.956905
-1.956905
-1.956905
-1.956905
-1.956905
-1.956905
-1.957019
-1.867125
-1.539342
-4.143331
-10.938768
-7.135612
-3.874381
-0.573315
-4.017067
-3.382088
-2.087096
-1.168622
-1.364547
-1.364547
-1.184484
-1.892635
-2.325070
-5.565795
-6.275361
-1.917863
-1.929008
-1.956905
-1.956905
-1.956905
-1.956905
-1.956905
-1.956905
-1.956905
-1.956905
-1.954864
-1.822110
-1.926792
-8.320946
-13.074174
-3.688028
-0.369458
-4.017067
-3.382088
-2.087096
-1.168622
-1.364547
-1.364547
-1.140783
-3.244385
-7.623211
-5.998371
-4.272322
-1.780130
-1.954813
-1.956905
-1.956905
-1.956905
-1.956905
-1.956905
-1.956905
-1.956905
-1.956905
-1.956905
-1.942621
-1.630096
-6.127765
-9.800505
-3.937598
-0.285217
-4.017067
-3.382088
-2.087096
-1.168622
-1.364547
-1.364547
-1.168366
-1.899361
-5.935027
-7.104113
-4.025373
-1.805032
-1.956905
-1.956905
-1.956905
-1.956905
-1.956905
-1.956905
-1.956905
-1.956905
-1.956905
-1.956905
-1.947875
-1.784032
-6.563864
-8.513168
-4.376343
-0.435437
-4.017067
-3.382088
-2.087096
-1.168622
-1.364547
-1.364547
-1.313976
-1.226893
-2.374291
-7.434912
-4.670056
-1.854117
-1.956832
-1.956905
-1.956905
-1.956905
-1.956905
-1.956905
-1.956905
-1.956905
-1.956905
-1.956905
-1.877203
-2.186716
-5.650802
-6.109670
-3.453772
-0.496661
-4.017067
-3.382088
-2.087096
-1.168622
-1.364547
-1.364547
-1.357999
-1.074965
-3.216685
-5.931348
-4.122182
-2.239805
-1.951234
-1.956905
-1.956905
-1.956905
-1.956905
-1.956905
-1.956905
-1.956905
-1.956905
-1.956693
-1.717187
-2.942328
-9.830360
-4.428216
-2.402100
-0.690889
-4.017067
-3.382088
-2.087096
-1.168622
-1.364547
-1.364547
-1.364547
-0.933207
-3.399007
-6.311882
-5.538167
-2.698706
-1.890885
-1.956566
-1.956905
-1.956905
-1.956905
-1.956905
-1.956905
-1.956905
-1.956905
-1.893038
-1.934121
-3.607029
-11.189042
-4.585330
-1.533574
-0.817990
-4.017067
-3.382088
-2.087096
-1.168622
-1.364547
-1.364547
-1.364547
-1.085909
-1.841904
-3.218890
-4.840887
-4.197657
-2.096895
-1.888667
-1.957950
-1.956905
-1.956905
-1.956905
-1.956905
-1.956905
-1.907094
-2.099191
-3.666172
-4.291624
-9.566453
-6.097606
-1.151093
-0.962947
-4.017067
-3.382088
-2.087096
-1.168622
-1.364547
-1.364547
-1.364547
-1.302247
-1.200028
-4.884979
-8.154402
-3.388774
-4.427150
-2.438333
-1.858945
-1.953361
-1.956905
-1.956905
-1.956905
-1.890258
-2.141437
-3.598228
-4.464452
-8.853315
-4.615798
-2.600792
-0.881698
-1.015523
-4.017067
-3.382088
-2.087096
-1.168622
-1.364547
-1.364547
-1.364547
-1.358481
-0.958127
-2.883195
-4.405824
-6.982055
-4.486083
-4.498301
-2.690938
-1.766205
-1.543497
-1.544600
-1.549642
-2.115599
-3.403951
-4.340673
-7.600662
-5.159014
-2.692551
-0.572500
-1.263861
-1.034498
-4.017067
-3.382088
-2.087096
-1.168622
-1.364547
-1.364547
-1.364547
-1.364547
-1.214949
-0.896770
-1.709934
-4.456896
-6.107555
-5.782142
-4.479424
-4.474330
-4.374736
-4.040638
-4.801411
-5.129986
-3.940771
-8.867105
-5.386416
-2.736622
-0.421327
-1.233381
-1.365213
-1.036973
-4.017067
-3.382088
-2.087096
-1.168622
-1.364547
-1.364547
-1.364547
-1.364547
-1.366649
-1.295199
-1.000407
-1.343227
-3.062407
-5.792965
-4.582551
-5.694185
-8.389036
-6.780148
-10.190907
-10.344975
-10.427210
-5.555440
-2.825869
-0.423907
-1.218562
-1.362664
-1.364547
-1.036973
-4.017067
-3.382088
-2.087096
-1.168622
-1.364547
-1.364547
-1.364547
-1.364547
-1.364547
-1.364121
-1.329039
-1.101862
-0.737811
-3.083897
-4.907773
-7.078351
-6.515500
-4.550522
-3.029335
-2.803650
-3.100607
-2.256579
-0.610839
-1.241492
-1.364517
-1.364547
-1.364547
-1.036973
-4.017067
-3.382088
-2.087096
-1.168622
-1.364547
-1.364547
-1.364547
-1.364547
-1.364547
-1.364547
-1.364547
-1.355945
-1.159513
-0.818762
-0.972644
-1.165102
-0.784828
-0.469204
-0.516135
-0.573788
-0.803292
-1.004317
-1.256385
-1.364382
-1.364547
-1.364547
-1.364547
-1.036973
-4.017067
-3.382088
-2.087096
-1.168622
-1.364547
-1.364547
-1.364547
-1.364547
-1.364547
-1.364547
-1.364547
-1.364547
-1.363763
-1.342851
-1.280001
-1.209582
-1.247152
-1.314503
-1.356326
-1.364555
-1.364547
-1.364547
-1.364547
-1.364547
-1.364547
-1.364547
-1.364547
-1.036973
-4.017067
-3.382088
-2.087096
-1.168622
-1.364547
-1.364547
-1.364547
-1.364547
-1.364547
-1.364547
-1.364547
-1.364547
-1.364547
-1.364547
-1.364547
-1.364547
-1.364547
-1.364547
-1.364547
-1.364547
-1.364547
-1.364547
-1.364547
-1.364547
-1.364547
-1.364547
-1.364547
-1.036973
-4.017067
-3.675032
-2.478063
-1.431920
-1.609573
-1.609573
-1.609573
-1.609573
-1.609573
-1.609573
-1.609573
-1.609573
-1.609573
-1.609573
-1.609573
-1.609573
-1.609573
-1.609573
-1.609573
-1.609573
-1.609573
-1.609573
-1.609573
-1.609573
-1.609573
-1.609573
-1.609573
-1.403616
-4.098370
-3.702583
-3.530852
-2.467418
-2.750951
-2.750951
-2.750951
-2.750951
-2.750951
-2.750951
-2.750951
-2.750951
-2.750951
-2.750951
-2.750951
-2.750951
-2.750951
-2.750951
-2.750951
-2.750951
-2.750951
-2.750951
-2.750951
-2.750951
-2.750951
-2.750951
-2.750951
-2.471284
-5.175414
-0.267461
3.417221
4.299813
4.196204
4.196204
4.196204
4.196204
4.196204
4.196204
4.196204
4.196204
4.196204
4.196204
4.196204
4.196204
4.196204
4.196204
4.196204
4.196204
4.196204
4.196204
4.196204
4.196204
4.196204
4.196204
4.196204
4.720593
2.771808
5.625038
5.665271
5.724404
5.482801
5.482801
5.482801
5.482801
5.482801
5.482801
5.482801
5.482801
5.482801
5.482801
5.482801
5.482801
5.482801
5.482801
5.482801
5.482801
5.482801
5.482801
5.482801
5.482801
5.482801
5.482801
5.482801
5.924420
7.025563
5.282959
5.416687
5.345500
5.150979
5.150979
5.150979
5.150979
5.150979
5.150979
5.150979
5.150979
5.150979
5.150979
5.150979
5.150979
5.150979
5.150979
5.150979
5.150979
5.150979
5.150979
5.150979
5.150979
5.150979
5.150979
5.150979
5.321321
7.157664
5.321344
5.393633
5.297948
5.098321
5.098321
5.098321
5.098321
5.098321
5.098321
5.098321
5.098321
5.115095
5.155965
5.039572
4.427290
5.579751
4.831638
4.729076
5.020512
4.998997
5.088490
5.097683
5.098321
5.098321
5.098321
5.098321
5.253349
7.138216
5.321344
5.393633
5.297948
5.098321
5.098321
5.098321
5.098321
5.098321
5.098321
5.113569
5.197597
5.364087
4.224788
5.750580
7.288145
13.631677
12.646111
6.847821
6.425324
4.859263
4.520557
4.920234
5.061688
5.095037
5.098321
5.098321
5.253349
7.138216
5.321344
5.393633
5.297948
5.098321
5.098321
5.098321
5.098321
5.098321
5.228195
5.315229
4.344024
6.637743
11.904562
15.475989
10.699114
3.990572
11.569520
16.399208
12.416761
15.376350
8.226719
5.701974
5.241540
5.273988
5.101145
5.098321
5.253349
7.138216
5.321344
5.393633
5.297948
5.098321
5.098321
5.098321
5.098321
5.126338
5.362479
4.371707
9.603837
14.915958
13.895635
10.885742
5.074381
5.103117
4.872815
8.404280
7.581771
9.963951
15.608835
8.643665
3.730925
6.108915
5.130132
5.097683
5.253349
7.138216
5.321344
5.393633
5.297948
5.098321
5.098321
5.098321
5.098321
5.231461
4.683222
3.730507
1.979661
10.773339
4.017522
4.485377
3.950972
3.809595
3.657934
3.696184
4.960561
5.708767
3.807378
-0.364874
6.726125
6.311346
5.753235
5.066223
5.253349
7.138216
5.321344
5.393633
5.297948
5.098321
5.098321
5.098321
5.111461
5.794239
4.014152
0.187486
6.080227
5.041315
4.028802
3.886256
3.588979
3.547661
3.543029
3.517889
3.541403
3.788210
4.902160
-0.202947
5.873795
3.636043
6.235876
5.325373
5.257178
7.138216
5.321344
5.393633
5.297948
5.098321
5.098321
5.098321
5.247866
5.122656
6.736676
-4.228391
3.395272
4.702697
3.614316
3.544194
3.539050
3.538385
3.538385
3.538385
3.538385
3.582373
4.528242
4.910999
5.309068
8.334525
4.921243
5.708117
5.241055
7.138216
5.321344
5.393633
5.297948
5.098321
5.098321
5.121181
5.759839
3.406610
-1.273766
2.829988
5.404811
3.859653
3.540207
3.538385
3.538385
3.538385
3.538385
3.538385
3.538385
3.538616
3.695021
5.198323
2.125370
-0.045276
5.769300
5.492724
5.597753
7.138216
5.321344
5.393633
5.297948
5.098321
5.098321
5.113768
4.653549
5.954610
1.187174
3.007852
4.490918
3.599677
3.538385
3.538385
3.538385
3.538385
3.538385
3.538385
3.538385
3.538385
3.548704
3.895184
5.054979
3.821926
4.025062
5.405895
5.665128
7.138216
5.321344
5.393633
5.297948
5.098321
5.098321
5.367314
6.469605
2.145846
1.595454
5.482207
3.828815
3.540822
3.538385
3.538385
3.538385
3.538385
3.538385
3.538385
3.538385
3.538385
3.538385
3.593807
3.681149
5.283689
1.378062
5.776761
5.467287
7.138216
5.321344
5.393633
5.297948
5.098321
5.098321
5.143431
6.738832
7.962634
3.393308
5.799972
3.817890
3.538385
3.538385
3.538385
3.538385
3.538385
3.538385
3.538385
3.538385
3.538385
3.538385
3.581628
3.236282
8.783106
10.992405
6.501112
5.203984
7.138216
5.321344
5.393633
5.297948
5.098321
5.098321
5.151459
4.947733
7.786255
-1.280715
3.829125
3.997738
3.538939
3.538385
3.538385
3.538385
3.538385
3.538385
3.538385
3.538385
3.538385
3.538385
3.577036
3.015630
4.924361
5.706352
6.339709
5.156968
7.138216
5.321344
5.393633
5.297948
5.098321
5.098321
5.121791
5.799156
6.127746
1.003225
4.674343
4.155193
3.543419
3.538385
3.538385
3.538385
3.538385
3.538385
3.538385
3.538385
3.538385
3.542141
3.683818
4.832725
4.820494
13.260581
5.727407
5.238997
7.138216
5.321344
5.393633
5.297948
5.098321
5.098321
5.098321
5.707530
6.197008
0.799452
4.195526
4.564671
3.584803
3.538688
3.538385
3.538385
3.538385
3.538385
3.538385
3.538385
3.538385
3.645292
4.399783
5.161055
10.600605
14.845595
4.894950
5.231158
7.138216
5.321344
5.393633
5.297948
5.098321
5.098321
5.098321
5.291883
5.694880
5.782024
2.641430
5.311222
3.965453
3.606684
3.538230
3.538385
3.538385
3.538385
3.538385
3.538385
3.665921
4.031645
4.458078
5.839019
6.959199
6.818777
5.203306
5.279489
7.138216
5.321344
5.393633
5.297948
5.098321
5.098321
5.098321
5.268332
5.106775
13.715092
13.287402
10.059072
4.634687
4.033054
3.532954
3.553324
3.538385
3.538385
3.538385
3.672014
4.151681
4.106701
11.428061
11.313448
6.829260
5.806717
5.347002
5.250974
7.138216
5.321344
5.393633
5.297948
5.098321
5.098321
5.098321
5.125535
5.395667
5.089589
10.225509
11.485402
9.247929
5.431006
4.130771
4.256222
4.277201
4.177881
4.096117
4.148171
4.187879
1.108715
12.456270
5.201237
5.024875
5.847436
5.153683
5.251953
7.138216
5.321344
5.393633
5.297948
5.098321
5.098321
5.098321
5.098321
5.170907
5.464259
5.452208
4.899030
11.704563
13.303905
6.714083
5.616848
5.771897
5.494769
5.409077
3.075537
8.212434
10.810680
7.067216
5.818575
6.116869
5.159827
5.102419
5.253349
7.138216
5.321344
5.393633
5.297948
5.098321
5.098321
5.098321
5.098321
5.100242
5.182387
5.422166
5.120189
5.121193
16.882751
-0.047512
4.733328
17.540846
16.926237
11.945087
15.661861
5.561022
4.783657
5.290597
5.959477
5.163688
5.097079
5.098321
5.253349
7.138216
5.321344
5.393633
5.297948
5.098321
5.098321
5.098321
5.098321
5.098321
5.096236
5.108594
5.150862
5.463989
5.776596
3.162783
11.509344
12.571733
9.073843
8.500032
5.535314
3.378716
4.642232
5.842824
5.132818
5.102488
5.098321
5.098321
5.253349
7.138216
5.321344
5.393633
5.297948
5.098321
5.098321
5.098321
5.098321
5.098321
5.098321
5.098321
5.098683
5.133475
5.259226
4.758212
5.340059
5.179678
5.047381
4.972196
5.210557
5.360047
5.370089
5.151135
5.100382
5.098321
5.098321
5.098321
5.253349
7.138216
5.321344
5.393633
5.297948
5.098321
5.098321
5.098321
5.098321
5.098321
5.098321
5.098321
5.098321
5.097665
5.094100
5.129327
5.123536
5.123435
5.097445
5.097048
5.098289
5.098321
5.098321
5.098321
5.098321
5.098321
5.098321
5.098321
5.253349
7.138216
5.321344
5.393633
5.297948
5.098321
5.098321
5.098321
5.098321
5.098321
5.098321
5.098321
5.098321
5.098321
5.098321
5.098321
5.098321
5.098321
5.098321
5.098321
5.098321
5.098321
5.098321
5.098321
5.098321
5.098321
5.098321
5.098321
5.253349
7.138216
5.415007
5.508012
5.507599
5.331452
5.331452
5.331452
5.331452
5.331452
5.331452
5.331452
5.331452
5.331452
5.331452
5.331452
5.331452
5.331452
5.331452
5.331452
5.331452
5.331452
5.331452
5.331452
5.331452
5.331452
5.331452
5.331452
5.516445
7.576847
2.999695
6.151608
5.713230
5.354815
5.354815
5.354815
5.354815
5.354815
5.354815
5.354815
5.354815
5.354815
5.354815
5.354815
5.354815
5.354815
5.354815
5.354815
5.354815
5.354815
5.354815
5.354815
5.354815
5.354815
5.354815
5.354815
5.756989
3.934436
1.740272
-6.414118
-5.075648
-5.083419
-5.083419
-5.083419
-5.083419
-5.083419
-5.083419
-5.083419
-5.083419
-5.083419
-5.083419
-5.083419
-5.083419
-5.083419
-5.083419
-5.083419
-5.083419
-5.083419
-5.083419
-5.083419
-5.083419
-5.083419
-5.083419
-5.083419
-5.580042
-4.499892
-2.925617
-3.913044
-4.226944
-4.152894
-4.152894
-4.152894
-4.152894
-4.152894
-4.152894
-4.152894
-4.152894
-4.152894
-4.152894
-4.152894
-4.152894
-4.152894
-4.152894
-4.152894
-4.152894
-4.152894
-4.152894
-4.152894
-4.152894
-4.152894
-4.152894
-4.152894
-4.530728
-0.685813
-2.214560
-4.279744
-4.897942
-4.905803
-4.905803
-4.905803
-4.905803
-4.905803
-4.905803
-4.905803
-4.905803
-4.905803
-4.905803
-4.905803
-4.905803
-4.905803
-4.905803
-4.905803
-4.905803
-4.905803
-4.905803
-4.905803
-4.905803
-4.905803
-4.905803
-4.905803
-5.123239
-2.087862
-2.245570
-4.151930
-4.761045
-4.769581
-4.769581
-4.769581
-4.769581
-4.769581
-4.769581
-4.769581
-4.769581
-4.761379
-4.779078
-4.721973
-4.503270
-4.573134
-4.743862
-4.555854
-4.771583
-4.729825
-4.758149
-4.769245
-4.769581
-4.769581
-4.769581
-4.769581
-4.980086
-1.875233
-2.245570
-4.151930
-4.761045
-4.769581
-4.769581
-4.769581
-4.769581
-4.769581
-4.769581
-4.766034
-4.806601
-4.647814
-4.608107
-4.668928
-3.714258
3.002185
-3.304627
-4.257974
-3.869335
-4.278761
-4.573995
-4.596344
-4.790514
-4.766315
-4.769581
-4.769581
-4.980086
-1.875233
-2.245570
-4.151930
-4.761045
-4.769581
-4.769581
-4.769581
-4.769581
-4.769581
-4.842599
-4.600935
-4.648336
-4.773520
-2.858783
3.768477
4.452990
2.591932
-0.321902
-0.823504
-3.580482
-1.167053
-5.474425
-3.180657
-4.309537
-4.866245
-4.770436
-4.769581
-4.980086
-1.875233
-2.245570
-4.151930
-4.761045
-4.769581
-4.769581
-4.769581
-4.769581
-4.778113
-4.817609
-3.235097
-5.131187
1.271727
2.259512
-0.843222
-6.173643
-7.957979
-9.243423
-5.966682
-3.989642
-0.892375
-2.337976
4.692359
0.168732
-4.676332
-4.817476
-4.769245
-4.980086
-1.875233
-2.245570
-4.151930
-4.761045
-4.769581
-4.769581
-4.769581
-4.769581
-4.957659
-4.643929
7.854775
8.465005
-4.983963
-6.713199
-8.308317
-8.830959
-8.019506
-7.786298
-8.338504
-9.092062
-8.989558
-5.809079
14.538197
10.376379
-2.835361
-4.840983
-4.769415
-4.980086
-1.875233
-2.245570
-4.151930
-4.761045
-4.769581
-4.769581
-4.769581
-4.779830
-4.912789
-0.905658
13.957150
4.013727
-7.640299
-8.849735
-7.988124
-7.529708
-7.485464
-7.474642
-7.449565
-7.424436
-7.614018
-8.573582
1.427845
11.450253
3.496826
-4.389908
-4.873205
-4.977341
-1.875233
-2.245570
-4.151930
-4.761045
-4.769581
-4.769581
-4.769581
-4.962282
-4.932230
5.134145
14.008795
-5.173246
-8.550783
-7.561225
-7.478252
-7.476257
-7.476070
-7.476070
-7.476070
-7.476070
-7.482066
-8.137341
-7.850352
5.583288
10.881798
-0.678528
-4.440053
-5.016822
-1.875233
-2.245570
-4.151930
-4.761045
-4.769581
-4.769581
-4.782703
-4.910052
-0.140803
14.963869
5.685198
-8.016457
-7.966219
-7.476828
-7.476070
-7.476070
-7.476070
-7.476070
-7.476070
-7.476070
-7.476283
-7.550465
-8.506556
-5.492402
11.245832
8.196319
-3.262138
-5.373429
-1.875233
-2.245570
-4.151930
-4.761045
-4.769581
-4.769581
-4.928349
-4.492113
7.805147
9.987638
-4.662308
-8.813023
-7.534805
-7.476070
-7.476070
-7.476070
-7.476070
-7.476070
-7.476070
-7.476070
-7.476070
-7.477025
-7.766189
-9.163116
0.475073
16.976528
0.349998
-5.555877
-1.875233
-2.245570
-4.151930
-4.761045
-4.769581
-4.769581
-4.976698
-2.761327
7.554214
7.346263
-7.685176
-8.161912
-7.478001
-7.476070
-7.476070
-7.476070
-7.476070
-7.476070
-7.476070
-7.476070
-7.476070
-7.476070
-7.485355
-9.348604
-1.005629
8.733867
-2.955638
-5.388205
-1.875233
-2.245570
-4.151930
-4.761045
-4.769581
-4.769581
-4.905609
-3.807536
9.088836
7.216094
-7.517778
-8.066532
-7.476070
-7.476070
-7.476070
-7.476070
-7.476070
-7.476070
-7.476070
-7.476070
-7.476070
-7.476070
-7.497688
-9.227448
3.597324
9.505683
-4.350707
-5.195051
-1.875233
-2.245570
-4.151930
-4.761045
-4.769581
-4.769581
-4.818439
-4.441470
10.309323
15.753565
-6.587449
-8.431918
-7.476690
-7.476070
-7.476070
-7.476070
-7.476070
-7.476070
-7.476070
-7.476070
-7.476070
-7.476070
-7.543098
-8.893881
0.376506
8.775805
-3.086369
-5.150969
-1.875233
-2.245570
-4.151930
-4.761045
-4.769581
-4.769581
-4.770757
-4.950950
4.192398
15.487932
-4.022820
-8.692872
-7.488164
-7.476070
-7.476070
-7.476070
-7.476070
-7.476070
-7.476070
-7.476070
-7.476070
-7.477564
-7.738835
-9.282681
5.986810
3.390722
-3.974199
-5.040325
-1.875233
-2.245570
-4.151930
-4.761045
-4.769581
-4.769581
-4.769581
-5.009982
-0.008139
17.999266
2.951576
-8.457266
-7.598658
-7.476379
-7.476070
-7.476070
-7.476070
-7.476070
-7.476070
-7.476070
-7.476070
-7.557993
-8.341795
-8.072371
10.933867
9.404453
-3.842846
-4.951036
-1.875233
-2.245570
-4.151930
-4.761045
-4.769581
-4.769581
-4.769581
-4.966210
-3.010545
14.777151
6.507540
-8.072192
-8.090387
-7.598433
-7.476799
-7.476070
-7.476070
-7.476070
-7.476070
-7.476070
-7.523536
-8.274662
-8.246531
-0.001376
8.197018
0.801520
-4.183622
-5.009794
-1.875233
-2.245570
-4.151930
-4.761045
-4.769581
-4.769581
-4.769581
-4.834604
-4.798579
3.543827
1.076226
-4.926598
-6.621124
-8.242148
-7.613909
-7.479617
-7.476070
-7.476070
-7.476070
-7.563132
-8.252832
-8.372634
0.559664
10.782640
3.502294
-3.394781
-4.890503
-4.990259
-1.875233
-2.245570
-4.151930
-4.761045
-4.769581
-4.769581
-4.769581
-4.768837
-4.767382
-4.245793
-1.494917
4.999904
-3.217477
-6.907661
-8.529203
-8.341580
-8.230299
-8.152802
-8.097926
-8.623156
-7.871253
0.607748
8.581076
4.276971
-4.176730
-4.916595
-4.790669
-4.981327
-1.875233
-2.245570
-4.151930
-4.761045
-4.769581
-4.769581
-4.769581
-4.769581
-4.795749
-4.626649
-4.783396
-1.300348
4.728746
-2.851770
-2.529572
-8.190872
-8.748968
-7.246351
-8.973835
-10.176308
-3.138644
8.189905
0.351970
-3.533735
-4.926657
-4.770025
-4.771042
-4.980086
-1.875233
-2.245570
-4.151930
-4.761045
-4.769581
-4.769581
-4.769581
-4.769581
-4.769102
-4.784698
-4.760175
-4.758855
-3.879380
-0.341137
12.019178
-3.308709
-4.809138
-5.874953
-2.858510
-2.118837
8.879799
5.218522
-4.222235
-4.815052
-4.775144
-4.769241
-4.769581
-4.980086
-1.875233
-2.245570
-4.151930
-4.761045
-4.769581
-4.769581
-4.769581
-4.769581
-4.769581
-4.768840
-4.756110
-4.747250
-4.385020
-5.215478
0.121729
-4.401670
-5.631305
-5.544193
-3.748210
-5.680012
-4.190783
-4.912229
-4.921972
-4.758947
-4.770684
-4.769581
-4.769581
-4.980086
-1.875233
-2.245570
-4.151930
-4.761045
-4.769581
-4.769581
-4.769581
-4.769581
-4.769581
-4.769581
-4.769581
-4.765954
-4.755635
-4.625671
-5.125310
-4.898794
-4.967769
-4.707750
-4.927996
-4.955581
-4.950134
-4.830015
-4.772304
-4.769693
-4.769581
-4.769581
-4.769581
-4.980086
-1.875233
-2.245570
-4.151930
-4.761045
-4.769581
-4.769581
-4.769581
-4.769581
-4.769581
-4.769581
-4.769581
-4.769581
-4.769348
-4.765737
-4.734422
-4.714627
-4.707973
-4.741385
-4.766322
-4.769563
-4.769581
-4.769581
-4.769581
-4.769581
-4.769581
-4.769581
-4.769581
-4.980086
-1.875233
-2.245570
-4.151930
-4.761045
-4.769581
-4.769581
-4.769581
-4.769581
-4.769581
-4.769581
-4.769581
-4.769581
-4.769581
-4.769581
-4.769581
-4.769581
-4.769581
-4.769581
-4.769581
-4.769581
-4.769581
-4.769581
-4.769581
-4.769581
-4.769581
-4.769581
-4.769581
-4.980086
-1.875233
-2.567987
-4.620404
-5.172050
-5.199944
-5.199944
-5.199944
-5.199944
-5.199944
-5.199944
-5.199944
-5.199944
-5.199944
-5.199944
-5.199944
-5.199944
-5.199944
-5.199944
-5.199944
-5.199944
-5.199944
-5.199944
-5.199944
-5.199944
-5.199944
-5.199944
-5.199944
-5.469668
-2.280576
-2.069605
-4.472172
-4.761079
-4.742111
-4.742111
-4.742111
-4.742111
-4.742111
-4.742111
-4.742111
-4.742111
-4.742111
-4.742111
-4.742111
-4.742111
-4.742111
-4.742111
-4.742111
-4.742111
-4.742111
-4.742111
-4.742111
-4.742111
-4.742111
-4.742111
-4.742111
-5.359595
0.447031
