3.786360
5.024157
2.683107
2.825679
2.782916
3.055705
3.409000
3.246710
2.682415
2.289543
2.356332
2.443821
4.395813
3.748325
4.673086
0.403790
-0.887556
-0.083673
0.585749
0.850387
1.877524
2.656611
2.706528
0.506678
0.388641
1.432721
1.105693
2.321034
2.440539
-1.065262
-0.901545
0.521168
1.260903
-0.163066
-1.004508
-0.375582
1.485461
-0.862686
0.295756
0.963656
1.002535
0.212711
2.072453
-0.703482
0.310705
1.630574
-0.206065
0.412482
-2.568341
-1.305065
0.593408
1.100097
1.491865
0.436549
0.246603
0.337008
1.711306
-0.062096
1.546559
2.049548
1.178739
1.649498
2.006752
2.501541
3.335424
2.376360
-0.971431
-2.123635
1.871834
1.839024
1.294219
0.264355
2.626878
2.148996
2.257394
-0.731884
1.325067
0.595884
0.968531
1.890573
0.471015
-1.852859
-3.062362
2.934436
1.288918
0.123796
1.862593
-1.451661
-3.770933
-0.890229
0.960599
-0.476372
-0.729299
0.677072
0.561758
-1.633243
0.666216
2.218869
1.297013
-0.001243
2.156299
-2.795022
-3.306575
-2.862645
-0.109950
-1.309909
-1.022253
0.386837
-0.099936
-0.136436
1.954269
2.182801
1.399715
-0.694829
1.551003
0.370341
-4.465075
-4.267365
-1.933090
-0.975065
-0.324790
-0.744205
-3.651748
-4.553396
0.454051
1.346780
1.546587
-1.241927
0.679333
1.638123
-0.269246
-3.783574
-4.180663
-3.530222
-2.446619
-4.256011
-7.202762
-4.796968
-1.003060
0.504221
1.547013
-1.604348
-0.832036
1.920753
0.297648
-1.945751
-2.408889
-6.721099
-3.572697
-4.528528
-0.773283
-1.696855
-0.018485
0.702690
1.372618
-1.907336
-2.171961
-0.982787
-0.888173
-0.788968
1.788930
-3.207615
-0.815632
1.983719
2.264935
-0.428390
0.485721
0.928562
1.926897
-1.692866
-2.649055
-2.277205
-2.203585
-1.359163
1.366338
0.354773
0.544875
0.668540
-0.394666
-1.374267
-1.375766
-0.011985
0.510627
-2.008461
-2.910418
-2.942598
-2.988154
-2.870811
-2.079257
-1.649335
-1.865394
-1.717075
-1.903329
-2.581789
-3.717442
-2.398506
4.255373
4.500464
4.465522
3.871409
4.057436
4.319822
4.321884
4.651390
4.505298
4.023679
3.893828
4.332223
4.752178
6.991927
3.647196
5.231923
5.542544
5.365865
5.795368
6.282677
5.849153
5.499015
6.453870
6.798127
6.627565
6.100006
4.592232
4.804852
4.464367
5.467931
5.016228
4.628820
6.197370
6.340092
5.343423
2.171944
5.079381
8.116085
6.755939
6.928554
5.749413
5.285933
4.000856
5.576025
4.816505
5.452514
5.913701
5.404498
5.482519
2.917971
4.243390
5.435105
3.382269
4.536992
7.595698
5.745353
3.978326
5.428953
5.033597
5.783738
3.585153
3.691442
3.363980
4.728296
4.453224
3.975189
2.707451
3.650377
5.777591
5.925131
4.096208
5.392096
4.813682
2.916879
2.172637
2.780108
3.894349
4.007455
4.379809
4.385815
4.895855
2.028568
0.634512
5.173562
4.167617
5.473846
4.449596
0.394822
1.352306
3.874358
3.844091
4.114314
4.317504
4.384246
4.751843
2.891428
3.881636
5.219329
4.129940
5.001873
4.387077
4.539084
4.948683
2.491809
3.804612
4.151483
4.441714
4.269174
4.578923
3.833952
6.558907
4.582265
3.936810
4.945692
4.195058
4.143193
4.216863
3.518085
4.306598
3.982297
4.544863
4.358772
4.556360
4.851428
4.986616
5.026337
3.735323
5.055079
4.202394
4.632397
4.709638
4.306944
4.564374
4.195277
4.368050
4.783163
6.240650
6.969236
5.826576
5.133352
3.703406
5.149352
4.167844
4.305629
5.821382
3.959334
3.538142
1.915513
5.345766
3.604578
7.058723
6.058111
6.465734
5.863575
4.127860
5.490897
4.805630
4.280962
5.031047
5.651014
3.392822
3.133599
4.642052
5.180879
5.967685
6.269089
5.187957
5.559711
4.964458
6.278192
5.812897
5.096095
5.203242
5.235151
5.106836
5.723890
4.908922
4.928304
4.899314
5.343178
5.629227
6.012029
6.719095
7.931723
6.812978
5.865640
5.982617
5.957258
6.176485
6.035488
6.100910
6.252355
6.171353
6.601695
7.896778
6.682448
-4.739400
-2.777391
-1.850564
-1.794361
-1.076706
-0.184866
0.241737
-0.151788
-0.100628
0.039568
-0.525306
-1.267481
-2.398568
-2.684202
-3.282771
1.444169
1.779825
1.477104
1.273272
1.581606
3.654561
3.598032
3.560011
2.844988
0.981903
0.636569
1.687104
-1.315352
-1.652478
-0.004140
0.478320
-0.165340
0.328296
1.454682
2.261099
0.948987
0.361517
-0.908932
-1.019726
0.001680
-0.327827
-0.790656
-1.580148
0.289031
0.520683
0.268367
0.480583
0.045559
-2.677507
4.840038
5.413112
0.679495
3.656628
-0.815310
1.236114
-1.193013
-1.796721
0.126825
-0.399930
-1.167000
-1.148185
4.248493
4.106454
2.474341
2.641776
5.390892
5.278175
-1.265935
-3.547724
-2.353634
-1.614717
0.903258
-0.816294
-4.576687
-1.966564
3.245520
3.783907
2.255438
1.958483
2.922756
3.997881
0.749184
-3.929380
-2.969818
-1.691768
1.364457
0.716705
-4.379604
-0.745839
0.276495
2.644498
2.216113
2.140189
3.277658
1.375891
0.037772
-1.931766
-2.911025
-1.672057
2.022475
4.289158
-0.009799
-2.735689
1.466081
1.677617
1.503836
1.768697
2.865109
2.071913
-0.542176
-0.043521
-1.252540
-1.527075
1.555855
3.801471
3.875317
0.385205
2.544669
2.119104
1.733172
2.270013
3.694834
2.793789
0.171916
1.644619
-0.108582
-1.305464
1.292425
3.369391
4.509780
5.223981
1.024096
1.807923
1.718645
3.843213
3.828739
-0.810099
1.902908
3.038890
-0.594571
-1.037477
1.112330
2.554760
3.439712
6.439785
-0.634479
-0.358396
-1.889326
-3.008990
-0.328789
1.432723
2.702981
3.235664
-1.170956
-1.095407
1.156052
0.845002
0.914599
1.562792
3.733241
-1.629995
-5.876858
-5.248481
-2.196262
1.526011
2.537570
0.640172
-1.005794
-2.874478
-0.550792
-0.549648
-0.620193
-0.532818
-0.600445
0.740397
-0.636169
-0.479573
-0.658216
-0.682691
-0.866339
0.025120
-1.935006
-5.927773
-3.326586
-3.105850
-2.475049
-2.152266
-2.140451
-2.286913
-2.597706
-2.623782
-2.730250
-2.950078
-3.267501
-3.301968
-5.752277
7.192024
4.696641
4.721750
4.187622
3.488034
3.315040
3.775832
4.798349
4.752127
3.840567
3.207764
3.332004
3.833303
6.172105
5.767501
5.800505
4.368655
3.399019
3.695835
5.315915
5.339494
5.293355
5.028666
5.112705
4.858300
4.402869
4.146723
6.458661
5.077688
4.496102
2.997650
2.740879
3.081692
4.604751
5.607235
3.911546
5.186018
5.515270
6.619950
3.913254
4.552912
5.458146
4.976851
4.174795
3.001358
3.108662
6.346564
3.698323
5.749609
4.366302
4.586144
6.209657
4.840480
6.328127
5.320092
5.652547
5.029179
4.012731
3.793612
4.350277
7.291091
4.064697
3.176844
1.986104
2.215803
2.707653
5.043566
5.404511
6.202543
5.864227
5.045696
4.362498
4.514632
7.031776
5.969393
3.015207
1.687272
1.174180
1.267701
2.351035
3.281309
4.599346
5.562651
6.367523
5.001813
4.601980
5.299195
7.491067
3.220973
3.314935
1.344020
0.230594
0.495585
1.167203
2.321079
3.569065
6.932493
7.209310
5.005967
4.332315
4.457536
7.234825
4.029067
3.752770
1.625777
0.512003
0.705713
1.449187
2.907380
5.024681
4.077957
6.859045
4.925637
3.943244
4.471529
7.020237
3.667924
4.595587
2.339932
1.752810
1.892730
3.168385
4.124998
5.597352
4.226424
6.934475
4.912346
3.832870
3.812924
5.281812
8.596582
2.867640
3.492776
2.898768
2.617571
3.666883
5.900525
3.880922
6.298025
6.203329
4.886817
4.109014
2.690840
3.529046
5.891979
9.161922
5.326315
6.154078
8.134247
6.265085
5.694477
7.574734
4.343969
6.154809
5.079682
4.593384
3.340531
2.884935
3.776482
5.277527
8.840577
9.541756
9.365129
7.340661
6.145375
3.757300
3.836210
6.022185
5.592717
5.483355
3.591008
3.210813
3.237900
3.958189
4.379005
4.428486
4.739530
4.358603
3.697629
3.559597
4.207917
6.095816
8.344139
7.338177
5.638519
5.135927
5.074142
4.893286
5.063069
5.526822
5.603750
5.183940
5.070888
5.122722
6.342073
8.887171
3.722931
2.376175
3.792032
4.149272
4.792541
5.187634
3.862729
2.445555
2.797562
4.322291
4.920193
4.476731
2.105345
3.865427
2.336907
1.009757
-0.295271
-0.919138
-1.195702
-1.722198
-2.413165
-3.969969
-4.233131
-2.490758
-3.089311
-2.145998
0.482270
2.209800
2.070574
1.891207
0.647408
0.489875
-1.553746
-0.473488
-1.899796
0.550917
-2.114628
-2.773405
-2.562911
-2.380147
0.560805
2.105489
2.674282
1.567236
0.996619
0.307759
-0.157486
-1.541708
-2.847450
1.042130
1.037041
0.027000
3.024320
-0.725322
-1.507298
0.546417
2.781298
0.756572
0.489356
-0.847844
0.539154
2.088705
2.011639
0.157687
0.301982
1.244744
1.001436
-2.304252
-5.151155
-0.791608
2.737014
0.645331
-0.023659
-2.621840
-0.619149
2.590605
2.081846
1.636235
2.023361
1.972966
2.900289
3.578272
-0.867822
0.008002
2.624066
0.743855
0.130225
1.485845
2.827840
1.804605
1.424577
1.604474
1.884136
2.605616
2.395555
2.587569
-1.166189
-0.603346
2.555391
0.724134
1.162035
0.578490
1.137306
1.499411
0.929983
0.743247
1.020222
1.830570
0.295304
0.038833
-3.227470
-0.830935
2.631659
1.011726
1.536849
1.462494
1.526484
1.416509
0.674352
1.272263
1.374913
0.926426
0.556736
1.068932
-0.253464
0.193440
2.634680
0.911010
0.900854
1.046563
-0.935114
0.059475
0.224970
-1.629911
-2.061374
-0.606156
-2.041616
-4.188921
0.258052
1.117088
2.589476
0.779875
0.393817
-0.448124
-1.312211
-4.056738
-1.351752
-0.020466
-0.293384
-0.667837
-2.195826
-2.266834
-0.129297
1.193740
2.168555
0.330333
-0.016219
0.202800
-0.169117
0.501401
-1.321512
-2.484081
-1.214298
-0.616911
0.113828
-0.662804
-0.301860
1.343767
0.701078
-0.050919
-1.378344
-1.158620
-0.976642
-0.680093
-1.072617
-3.155433
-1.471914
-1.104201
-0.213931
-0.833335
-0.600442
0.461557
4.147890
2.406206
2.608514
2.360147
2.143567
1.807789
1.913562
1.759566
1.396833
1.503657
1.679228
1.852329
1.230000
4.229012
-8.725798
-6.265072
-4.304318
-3.611628
-3.634249
-3.501518
-3.732621
-3.241853
-3.505276
-3.492359
-3.403297
-3.909970
-5.508517
-8.898369
-4.905921
-0.368041
-1.080368
-1.826108
-2.826625
-3.464181
-2.646507
-0.626218
-1.711323
-1.413650
-2.525339
-3.890141
-2.429535
-5.244918
-2.963944
-0.843446
-0.074959
-1.631636
-1.444728
0.173108
-0.372357
3.432209
0.970650
-0.492677
-0.333492
-0.424694
-3.097023
-4.936535
-3.795271
-2.066455
-0.712525
-1.156899
0.217532
-4.828949
-2.875042
1.244288
1.239456
-0.429721
1.495105
-2.622005
-2.659740
-6.425690
-3.955647
-2.342168
-0.321773
-0.692922
-1.016030
-0.828758
0.207400
-1.391532
-1.073096
0.094818
0.364702
-2.148234
-2.002523
-7.317883
-3.909325
-1.451019
0.185837
0.457866
-0.898114
0.164358
-2.306914
-3.952610
-2.971616
-3.048840
0.452275
0.887056
2.240596
-6.839718
-3.762878
-0.742853
0.816677
2.933405
0.872445
-0.453001
-2.554992
-3.966289
-3.032756
-3.345824
-1.142321
-0.511362
-0.926729
-7.870273
-3.697995
-0.685337
2.410661
-3.423920
-2.574736
-0.357273
-1.382443
-3.628875
-3.063895
-2.970716
-1.523260
-2.869247
-4.647708
-8.253244
-3.965286
-1.374868
2.127713
0.637560
-0.245176
0.531432
-1.573129
-4.051519
-2.766811
-2.406253
0.849382
0.384597
0.169130
-7.048559
-4.008219
-1.884147
0.944616
1.499317
-0.007332
-0.035506
1.094155
1.390272
1.221796
0.620780
-1.183955
-3.144844
-2.946592
-5.113893
-3.450500
-1.602894
0.230582
0.011045
-1.219659
-2.804575
1.297098
3.990554
1.813844
0.462629
-2.179789
-4.717564
-2.477507
-4.995323
-3.351761
-1.230487
0.403738
-1.249044
-1.775823
-2.055227
0.841679
6.640787
4.716748
1.487456
-1.315412
-2.686589
-3.302294
-5.160252
-3.128090
-0.414173
-0.910274
-1.199287
-1.708601
-2.683506
-1.827290
0.613320
0.430546
-0.624767
-1.673539
-2.145038
-1.803384
-3.811248
-5.720499
-1.384468
-1.211896
-0.871316
-0.984293
-1.526932
-1.469532
-1.601289
-1.687201
-1.398570
-1.398166
-1.250944
-0.752335
-4.387415
-6.606803
-6.124275
-3.188719
-2.568938
-2.268805
-2.338508
-2.527571
-2.037200
-1.900044
-1.848793
-1.798088
-2.657681
-4.270232
-6.361410
-5.287628
-0.067537
1.461595
0.097660
-0.784859
-0.319991
-1.065111
0.598941
-1.258886
-2.385239
-0.697032
-0.746557
-1.313323
-3.609214
-4.177332
2.078374
1.653506
-1.214050
-2.419897
-3.229483
-1.572260
-0.699624
-1.560458
-0.850201
-1.675993
-2.602650
0.000898
-4.057456
-3.928821
0.899473
-0.575521
-2.606795
1.322710
0.940557
1.359176
-3.652279
-3.368690
-1.273412
1.218060
2.011489
-1.857764
-4.017747
-3.967685
-0.068831
-1.689078
-1.043557
3.752095
-0.691406
-2.313015
-4.052196
-4.510961
-2.475343
0.172993
3.687149
-0.634698
-6.150138
-4.096933
-0.665105
-2.460334
1.022109
-1.194628
-2.552986
-2.614100
-3.071107
-3.392637
-1.971751
-4.556593
-1.352861
5.134733
-7.153250
-4.090478
-0.715420
-0.554119
4.472521
-4.304452
-4.137906
-3.138328
-3.042355
-3.480952
-4.024494
-4.714296
-3.224423
5.646946
-7.516388
-4.188156
0.003996
-0.415837
0.938486
-0.081073
-4.261335
-3.654597
-3.224615
-4.090460
-4.903754
-5.467728
-1.614423
0.410435
-8.560949
-4.313802
0.127493
-0.077108
0.114362
1.692432
-4.359403
-5.309707
-3.537574
-4.457758
-5.070841
-4.501156
0.692169
4.871164
-7.976289
-4.443759
-0.108258
0.225875
-1.367628
4.579097
2.132265
-2.849275
-0.522179
-1.489404
-1.307318
2.637513
1.442217
0.997241
-5.137428
-4.569162
-0.102751
-0.787591
-0.443280
-1.877127
5.251741
3.257130
5.141472
0.548955
7.269639
1.865692
-0.882399
-1.086778
-4.880568
-4.748996
-0.375407
-0.122779
-1.800937
-1.187059
-1.782820
8.157049
6.873115
1.067781
4.701976
-0.294400
-1.923592
0.130605
-5.064394
-4.098344
-0.693900
0.591579
-1.046704
-1.546012
-2.195271
-2.147808
-2.627241
-2.773091
-2.722728
-1.399864
-0.212446
-1.385559
-4.066047
-4.073043
-2.238207
-0.643326
-1.446381
-1.819517
-1.961478
-1.698753
-1.613889
-1.875052
-1.458737
-1.290702
-1.160378
-0.634946
0.347001
1.250132
1.763513
1.995893
2.234050
2.003974
1.314665
1.476159
0.791310
1.144346
2.016182
2.491076
2.546607
3.291534
2.173077
1.302504
-1.028750
-0.798344
-0.648553
-1.138813
-1.626998
-0.092152
0.761392
1.321065
1.522781
0.574102
-0.060718
0.721583
3.089046
1.846610
-0.954520
-1.183641
-1.625489
-0.290297
0.585646
2.105194
0.200710
0.294229
0.564663
2.556578
0.811582
-1.133173
3.501710
2.071020
-0.586168
-1.562625
-0.741860
0.963123
-1.104209
-3.996312
6.025125
6.277468
0.000468
3.691792
1.438527
0.516984
1.916838
2.433704
-0.937973
-2.405351
0.018159
-2.000425
3.194660
3.948922
3.239659
1.996367
3.123581
1.436058
-0.158401
-0.299038
1.188268
2.483050
-1.433655
-2.257426
-2.623412
-1.418342
1.663312
1.043766
0.840409
1.071822
0.691596
3.154065
4.786860
-1.379949
0.522087
2.598505
-0.671112
-1.801291
-7.195404
-2.409980
0.524659
-1.212435
0.242238
0.468789
-0.053099
2.441199
2.481828
-1.886849
-0.093911
2.408983
-0.069369
0.842553
-2.070132
-1.850978
-0.338053
-1.389305
0.329018
0.675907
0.203913
2.403543
-1.175923
-1.763939
0.293225
2.161371
-0.140971
0.256470
-1.356300
2.986688
1.694043
-0.515643
1.096779
1.779019
1.837221
2.963312
-0.765865
-2.865578
1.024203
1.884725
-0.371650
0.557361
1.212129
1.721693
-0.451918
2.963605
5.802868
6.188062
6.473326
2.154332
-0.003773
0.894626
2.393137
1.718875
-0.877412
0.073524
2.133883
2.773781
-1.733321
4.070748
5.252556
1.246220
6.346708
4.459805
1.231318
3.472538
4.036515
1.938458
-0.574038
-0.231373
0.556301
1.367455
2.280722
3.047017
-0.132154
-1.566999
3.267993
2.862437
2.593962
1.531249
3.998839
1.886415
-0.097245
0.064296
0.007627
0.474645
-0.144757
0.223117
0.676962
1.925978
2.507308
2.043839
1.723055
1.159565
1.936623
3.611060
3.647468
2.751236
2.021690
2.134787
2.184704
2.127520
2.270967
2.140651
2.110800
2.388534
3.067435
3.164473
3.157703
0.745220
0.421483
1.315701
1.862462
1.957266
1.597367
0.982506
1.664143
1.966678
1.371167
0.855036
0.961384
1.920715
2.668300
0.929512
-0.387706
-0.636250
-0.031232
-0.533729
-1.839224
-1.881839
-1.487457
-0.978782
-1.771380
-1.951818
-1.436278
0.542293
1.551703
2.200932
1.992198
1.519414
1.852375
1.371488
2.859270
4.599803
-1.034009
0.695508
3.269106
2.395650
0.680218
0.366279
2.227354
3.536931
2.918821
1.799440
2.345762
3.327959
0.011045
2.161855
2.217360
-0.795072
1.270203
-4.536993
0.732429
0.548388
1.704177
3.974451
2.670485
1.389804
3.209342
2.263225
-2.011554
1.205241
3.955640
2.662583
2.601749
1.950891
1.403888
3.212315
1.307023
4.231290
1.243461
1.677023
4.538915
2.842955
4.447988
4.329571
3.814741
4.498804
3.216538
4.128002
1.015387
-4.163938
-0.853493
4.229148
1.301109
0.872668
2.113104
1.492998
3.341587
3.429668
3.945677
4.374279
3.780252
3.851429
1.275011
-1.839292
-1.219697
4.269331
2.023127
0.685658
5.931827
6.614545
2.108119
3.038283
4.318418
4.841784
3.430812
3.091595
3.119006
-0.154975
0.235419
4.240149
2.824181
1.674387
3.898525
2.165590
2.595632
2.155883
2.639080
2.453064
1.325159
2.681548
2.627882
-1.034155
2.170272
4.136651
3.264176
1.355868
0.557359
1.703916
1.096390
4.334237
1.292917
1.574000
1.975615
6.257935
2.040710
2.058946
1.726094
3.698956
2.695847
2.036170
0.578037
2.728419
2.733463
0.919509
0.998919
5.099710
2.402226
1.296330
2.047806
1.585314
2.208305
3.191916
2.364481
2.224998
2.094704
2.094701
2.806779
-0.449025
0.214158
3.543282
0.450084
1.310796
0.904267
1.792965
2.772589
3.216055
1.555870
1.654647
2.066564
2.639489
1.684595
-0.025069
0.096785
0.576074
0.754943
0.702317
2.253502
2.001131
3.745437
2.219556
3.654805
3.104289
3.507331
3.680028
3.440403
3.100305
3.166581
2.969520
2.983442
3.335690
3.579298
3.971602
4.472344
-2.587009
-0.680064
-0.378654
0.247227
0.616399
0.799038
0.120149
-0.217669
-0.429641
-0.218763
0.573600
0.924533
0.147932
-1.857600
-0.732206
3.552155
3.288129
4.975533
3.998388
2.597852
4.940834
5.858196
6.653191
4.697364
3.161702
2.309175
3.404430
1.677755
-0.816414
0.652805
0.603899
1.410252
0.764014
2.493880
3.912303
0.601811
0.269819
0.703414
2.174047
0.790507
-0.917446
-1.049825
-0.896051
1.326463
0.437102
1.029538
0.940287
1.090026
-0.385553
1.774781
3.259296
1.633995
-0.528091
2.285191
1.107720
-3.694264
-1.184002
0.767232
-0.917835
1.511718
1.361883
2.141789
0.593143
-1.897340
-1.423591
1.515567
2.688726
1.148269
2.729565
-1.539447
-1.544921
0.419447
-0.659563
-1.017339
-1.173486
-0.612294
-2.415008
-1.981995
-0.909091
-1.248136
2.121732
1.791985
-1.756592
-0.408918
-1.560435
1.200304
2.180517
-5.641271
-2.738185
-2.752179
-1.235915
0.653058
1.247744
0.223932
0.896582
-0.969102
0.547622
-0.237316
-1.562475
1.038995
3.425663
2.618386
0.695320
-0.294813
-0.630640
0.439497
0.653382
0.073827
1.857109
-0.552311
0.484831
-0.877105
-1.522957
0.786276
1.906571
2.075674
-1.512046
0.762893
-1.193332
-1.179854
-0.705205
-0.173762
0.312254
-4.047390
-1.824365
-1.395161
-1.560998
0.649655
2.019963
2.944557
-1.336596
-1.026843
1.924936
-0.134032
0.686830
1.629015
-0.427595
-5.098895
-1.481092
-1.302114
-1.445095
0.360397
1.222975
2.984247
4.016279
-0.029033
1.544532
-0.247725
0.460124
0.790311
0.060607
-1.019648
-0.299376
-0.637105
-1.778057
-0.177777
-0.704915
1.117353
1.387890
4.326847
2.927199
2.720843
6.082698
3.252169
1.810444
0.764445
-0.067124
-0.659222
-1.908776
-0.141198
-1.250694
0.287740
0.479785
-0.054074
1.666827
2.279991
1.805739
0.763636
0.320988
-0.232756
-0.341638
-1.239022
-5.484577
-0.767502
-2.898455
-2.499870
-2.205468
-1.168970
-1.020523
-1.529693
-2.098392
-2.006474
-1.280172
-2.101711
-1.424480
-5.801372
-4.703403
-1.511004
-1.057611
-1.047153
-1.210530
-1.081759
-1.216086
-1.102847
-1.004417
-1.172541
-1.064189
-0.981090
-1.125038
-1.828416
-0.846273
1.305100
1.302292
1.037835
1.324440
1.686924
1.315738
0.904628
0.956656
1.225184
1.786376
1.697553
1.059198
0.172926
-0.751791
1.500708
0.239346
0.833853
0.769430
-0.025711
-0.279623
0.918305
1.074053
-0.798997
0.106336
0.145481
1.033766
-0.075921
-0.476699
1.128070
0.362909
1.307211
0.266236
0.401189
0.909413
0.346359
-0.119132
0.337560
1.062003
-0.200013
-0.086220
-0.449412
-0.367051
0.915389
0.877991
0.613360
0.339440
1.785103
-0.076136
0.034923
0.227859
-0.096586
0.609636
0.379970
-1.713589
-0.744244
-0.486956
0.859926
0.583636
0.585560
3.703300
0.788574
0.185786
1.251344
1.307803
1.273601
0.267792
1.155840
-0.345168
-1.281387
-0.551280
1.025814
0.812792
4.349322
5.056571
0.988392
0.635427
1.174862
1.196965
1.404184
0.523274
0.811010
-0.211469
-1.221406
-0.523602
1.036315
0.575801
0.907233
0.364606
-0.227207
0.274117
0.711985
0.669660
1.030124
0.248374
0.506664
-0.648114
-0.556172
-0.445547
1.112090
0.791742
1.296316
0.696758
-0.862832
0.037368
0.617766
0.095011
0.052834
-0.142030
1.826657
0.682204
0.104622
-0.413563
1.045819
0.835457
1.877389
1.087150
0.062113
-0.099362
1.212907
0.487356
-0.772032
-2.032692
-0.416194
2.193672
-0.008318
-0.502611
1.134363
0.436497
1.305512
0.936832
-0.596427
1.116136
1.350213
1.719306
-0.248899
-0.117214
1.433756
1.421339
-0.442003
-0.738765
1.167538
0.457628
0.520211
0.754304
0.025352
0.750600
1.434588
0.978915
1.185215
1.137530
1.120937
1.334731
-0.134801
-1.500303
0.611767
0.391190
0.368660
0.233948
0.587154
0.140368
-0.026132
0.367174
0.203809
0.261422
0.859251
0.109081
-0.689825
-2.941510
-1.748978
-1.053475
-0.756643
-0.757887
-0.720082
-0.455074
-0.382027
-0.328269
-0.510799
-0.765402
-0.877617
-1.922767
-1.527674
8.421465
6.079171
5.631263
5.684178
5.589592
4.886759
3.780948
3.170772
3.210397
3.796214
4.513277
4.957025
5.423979
6.928977
5.128326
4.351708
3.963208
4.079225
3.182765
1.679690
0.848567
0.184970
-1.064893
0.429968
1.701767
2.737446
3.561445
5.250837
4.550949
4.045942
4.653352
4.147902
3.184169
1.932480
1.151311
-3.519092
-5.930219
0.007287
0.139474
1.449368
3.235889
5.222562
4.436790
4.255494
4.603999
3.456867
1.646240
2.002825
-1.805023
-4.221711
-4.737150
-4.671700
-2.527076
0.055824
1.702698
5.437423
4.159842
4.046962
3.600336
2.169716
2.006842
-0.038087
1.039066
0.921782
0.391273
-0.101549
-1.465097
0.273639
0.381960
5.769413
4.235531
4.039988
4.638891
1.513628
0.506129
0.251693
1.804261
1.329629
0.781223
0.135343
-0.428030
0.821783
0.832384
6.721377
4.197986
3.831526
4.845051
3.236016
3.061034
1.230170
2.201148
0.925142
0.884798
1.038852
0.045233
2.257957
3.313770
6.030041
4.188697
3.435255
3.766539
2.421104
1.468771
0.512681
1.694209
1.082093
0.883841
0.600502
-0.111740
1.615210
4.389848
6.687346
4.229613
3.835526
4.001728
1.126602
1.532641
-1.721145
-0.280168
0.203110
0.641267
-0.843429
-0.999635
-1.516221
1.649703
6.219389
4.223905
4.119880
3.812948
2.004017
0.361835
-0.048332
-0.377407
-1.143616
0.645686
-1.021966
-1.787701
2.278048
0.893143
5.866472
4.256396
4.146193
4.286292
2.705565
1.438810
1.289214
0.486003
1.526964
0.884027
0.392360
1.404829
3.527865
4.112367
5.699359
4.482830
3.947632
3.813855
4.215731
4.099687
3.902084
0.127933
1.144599
0.734370
1.588850
3.383481
4.965585
4.152665
4.714323
5.995424
4.590904
3.923777
3.891576
3.813313
3.928734
3.808635
3.517084
3.616871
3.987127
3.837112
3.834526
4.650868
5.660725
9.525380
6.856490
6.770085
6.515690
6.403508
6.513960
6.261301
5.864123
5.696248
5.861598
6.293912
6.491495
6.591046
9.433790
-6.678798
-4.388084
-3.815759
-3.331250
-3.279033
-3.610589
-4.357034
-5.040896
-5.136539
-4.322156
-3.696743
-3.524045
-4.651210
-6.853560
-5.915944
-5.615266
-4.183105
-3.765761
-3.942333
-3.949738
-3.679683
-4.086818
-3.948667
-3.316572
-3.455806
-3.723055
-3.337260
-4.844308
-4.508008
-4.435515
-2.879885
-3.008163
-4.094258
-3.263194
-1.777486
0.799733
0.260005
-0.727694
-2.822743
-4.262203
-2.533161
-3.795645
-4.110051
-4.235929
-3.523413
-3.276775
-4.498250
-2.679836
1.421685
0.790034
1.701351
1.660608
-0.768309
-3.705636
-2.131306
-4.062904
-3.942130
-4.178105
-3.476397
-3.344922
-3.127323
-2.500363
-0.259869
1.035264
0.734460
0.022018
-0.358149
0.644970
-1.868436
-3.505029
-3.810694
-4.370236
-3.323632
-3.210023
-0.660947
-0.318934
1.324205
1.205332
1.113482
0.973250
0.645182
2.792876
1.033180
-3.458799
-3.736070
-4.381691
-2.184000
-0.294181
1.410279
1.028427
1.000695
1.116964
1.411028
1.292611
1.317485
-0.245490
-0.999265
-2.272038
-3.751210
-4.202209
-2.150126
-3.320863
-1.985384
0.749813
0.998711
1.196297
1.577891
1.437163
1.420566
-0.984679
-2.003934
-1.805472
-3.833008
-4.176689
-2.668904
-3.430749
-1.749724
-0.351284
1.739371
1.487965
1.751384
2.155290
0.471295
-0.025971
-2.555258
-2.710549
-3.938065
-4.114985
-3.208077
-3.806366
-1.016508
0.525089
0.835287
2.714962
1.798280
1.400758
-0.075168
-2.563422
-3.237658
-3.334772
-3.979583
-3.962157
-2.858480
-2.515428
-3.258294
-2.932359
0.988207
6.000884
4.451799
2.229454
-0.776505
-2.713587
-2.178921
-3.491488
-4.190633
-3.527526
-2.518217
-2.291391
-2.169797
-3.119330
-3.008323
-0.013908
0.654559
-1.224458
-2.880490
-2.226192
-1.924969
-3.919607
-5.036774
-3.229266
-2.744774
-2.714411
-2.670736
-2.345858
-1.790660
-1.307193
-1.478473
-1.733845
-1.853467
-2.240721
-2.473869
-4.460867
-6.518313
-3.864988
-3.519956
-3.669029
-3.758001
-3.845566
-3.836980
-3.649466
-3.652722
-3.863350
-3.724664
-3.543140
-3.985193
-7.043370
-0.276170
1.244213
2.334843
2.100838
2.613358
3.047093
3.275131
3.299837
3.018867
3.039387
2.888820
2.731573
1.375769
1.295376
-2.067149
-0.756207
1.250497
1.399334
1.798243
2.444086
2.364318
1.793470
1.419997
2.265369
2.323103
2.191348
0.761344
-0.182396
0.283639
0.892788
2.528253
2.439547
3.650400
3.915650
0.735772
-3.033983
-2.593765
-1.733805
0.678504
3.680902
2.086370
1.804760
0.289091
1.050262
2.585829
3.056189
1.771306
0.087673
1.576334
-0.348464
0.685766
-1.019130
-3.576734
0.502283
3.280892
2.026056
0.320889
1.501862
2.747493
3.056828
0.922383
0.267482
0.268775
0.705104
1.091718
1.039845
0.147254
-0.628928
2.535681
2.085949
0.430486
1.899943
3.268571
1.606167
0.158251
1.211330
0.749300
-0.165379
0.054471
0.283697
1.527287
-0.093505
-0.980854
2.598487
0.552331
1.963382
3.835780
1.076681
2.374913
1.120665
0.565926
0.169544
0.201938
0.517385
1.167612
0.667531
0.589763
1.648838
0.535490
1.803775
3.639478
3.847489
3.869457
1.518988
0.627643
0.228176
0.192495
0.644955
0.854070
1.711226
3.613661
0.725518
0.444289
1.779927
3.286019
3.179629
2.043916
1.023648
0.811883
0.566364
0.593587
1.299844
0.907901
-0.039267
2.804505
1.129226
0.385149
1.603333
2.588821
2.556920
0.181993
0.157992
-0.362387
0.075378
-0.105320
0.773443
-0.528870
2.810117
1.261478
1.466334
0.399520
1.349520
2.382417
2.310067
2.739248
0.250491
-2.135703
-1.702048
0.733189
-1.177433
0.536978
2.261574
2.860569
1.989220
0.292320
1.073871
2.190350
2.082983
2.285546
3.590237
0.577798
-4.156636
1.033704
1.219896
2.068507
3.099298
1.716737
1.972506
-0.375985
-0.103672
1.758595
1.597313
1.939316
1.996776
2.053241
1.823114
1.577306
1.691260
1.395995
1.566253
1.384528
1.384627
0.270550
0.948946
1.970771
1.777385
2.025553
2.142861
2.198256
2.045123
1.969723
2.093604
2.048366
2.141315
2.124759
0.963482
-2.565300
-0.435074
-1.269090
-1.060943
-0.790500
-0.581061
-0.218405
-0.690507
-0.706416
-0.456718
-0.522402
-0.328477
1.097205
-0.358349
1.854599
-1.024951
-0.283783
-0.065791
0.810079
0.883416
-0.256935
-1.723552
-1.575012
-0.292850
0.781617
1.898923
2.280993
2.054290
0.957454
-0.372678
-1.773026
-1.383948
-1.238656
-1.585147
-0.172305
-2.815698
-2.794150
1.814470
-0.073908
-0.886618
1.972215
1.518038
0.762817
-0.298425
-0.951114
-0.607507
-1.290813
-0.469840
0.888070
-4.976645
-3.132971
-0.345095
0.142951
3.085011
2.216159
2.423032
0.896366
0.196125
0.018837
-0.988578
2.301311
-3.080879
-3.908042
-2.482267
-2.680125
-3.646897
-2.436022
5.023555
3.131118
2.509522
0.859044
0.803249
-0.409430
-1.914695
-1.879004
-3.201040
-3.810811
-2.179975
-1.946576
-2.589743
-2.255062
-2.139216
0.773733
2.597786
0.810521
0.469157
-2.562852
-4.412830
-5.733667
-3.298215
-3.586044
-1.720481
-1.524995
-2.133639
-2.566707
-1.841653
0.935245
1.817761
0.713018
-0.298705
-4.019045
-1.203748
-0.791768
-3.258923
-2.830800
-1.737053
-1.515901
-1.810287
-2.492141
0.343092
1.780208
0.224331
0.688899
-0.467845
-3.066273
-0.953304
-0.600953
-2.284441
-1.959253
-1.499180
-1.042252
-1.662668
-3.235849
-1.261957
0.323283
0.162540
0.682043
-0.659878
-1.877940
-0.943714
2.726057
0.750579
-2.728761
-1.715594
-1.474894
-2.177019
-0.719087
4.499780
0.665136
0.289775
0.680529
-0.648868
-1.719108
-0.557912
0.616684
3.050249
-1.145387
-5.131111
-0.979375
-1.909207
4.228292
1.403683
0.436481
0.759505
1.176761
-0.301531
-1.332614
-0.888531
0.004841
-0.299412
0.267134
-0.277238
-1.176358
-0.807799
0.683434
0.383124
0.798558
0.958928
2.202448
-0.140421
-1.179657
-1.161047
-0.899277
0.016863
0.506123
-0.247759
-0.343771
0.026079
0.958597
0.320356
0.573361
1.456770
-1.396167
-0.472147
-1.309576
-1.672346
-1.467563
-1.323918
-0.995789
-0.840258
-0.865032
-0.979752
-1.231775
-1.174002
-0.944952
-2.138355
-1.875313
-2.443624
-3.103826
-3.463289
-3.256102
-3.028897
-3.553694
-4.136700
-4.213080
-3.531247
-3.006009
-2.683513
-2.778338
-1.946659
-2.491520
-0.161413
-0.406918
0.330980
0.068213
-0.932999
-1.960443
-4.116872
-3.810065
-2.173260
-0.763827
-0.687191
0.096151
-2.215272
-2.777555
-1.077391
-0.392484
0.122870
-1.252467
-1.150774
-2.722371
-6.639279
-3.060805
0.460611
0.963600
0.449137
-1.122740
-2.209656
-2.830403
-0.924660
0.154729
0.654755
-0.078518
-2.421044
-2.935373
-2.677216
-2.844389
0.215843
-0.931882
1.519355
-0.113662
-2.080972
-2.850146
-0.758760
0.368176
0.363106
1.501520
0.669961
-0.393459
-0.421738
-0.188865
-1.161652
-1.259412
1.859879
0.869245
-1.697940
-2.802418
-0.562666
0.901582
2.021180
2.803274
0.449116
-0.139443
-0.305745
-0.230341
-0.595878
-0.865093
-0.289616
1.222418
0.062854
-2.706805
-1.000094
-0.463004
1.078007
2.435969
1.310432
0.209798
0.579724
0.776797
-0.002126
-0.313720
2.415903
1.672320
-1.587918
-2.574585
-1.873737
-3.895694
-0.074102
2.559294
0.845689
0.654258
0.541869
0.768775
-0.043880
-0.242615
2.560438
0.941221
-3.364905
-2.562019
-1.145074
-3.433697
-0.589293
4.856867
3.443899
0.653076
-0.762123
-1.068773
-1.196945
0.869493
3.957776
2.578515
-3.191761
-2.540531
-0.279422
-1.751237
-0.211887
2.258252
3.228768
1.384066
-0.511787
-0.933507
0.488383
1.118403
2.102642
0.911451
-2.618803
-2.560437
0.162498
-0.614184
-1.262918
0.507678
1.688059
2.311188
-0.370280
-1.293072
0.693744
0.500295
0.500417
-1.840809
-2.520108
-2.634925
-0.062075
0.038208
-0.706011
-1.190137
-0.709091
1.307782
4.006657
3.738723
2.673885
-0.051248
-1.089503
-2.230757
-2.721183
-1.629632
-0.018327
0.290059
0.184045
-0.350639
-0.682703
0.463622
1.700555
1.684047
0.716043
-0.323660
-0.237653
-0.554152
-1.655059
-0.317429
-0.583288
-1.211612
-1.446288
-1.379934
-1.551742
-1.535387
-1.632635
-1.723408
-1.853484
-1.746020
-1.305502
-0.628369
-0.237270
1.833996
0.120389
-1.120379
-0.749049
-0.783510
-0.853809
-1.485203
-2.868214
-2.360071
-1.050795
-0.131503
-0.543340
-0.799298
-0.302842
-0.225541
-0.749426
-0.691135
-0.512292
-0.450607
-1.484191
-2.159299
-5.373797
-2.727114
-1.660343
-1.686532
-1.106341
-1.477106
-1.195257
-0.857403
-0.440944
-0.076754
0.335585
-1.491725
-1.675743
-2.227586
-10.313027
-9.233657
-5.306218
-3.670112
-1.300555
-0.346169
-0.353959
-0.948279
-0.410856
0.852396
0.406816
-4.622672
-5.906150
-4.118194
-3.761443
-3.396215
-5.121448
-6.475630
-3.924803
0.221004
0.381727
-0.857795
-0.457629
0.796214
-1.303747
-4.045787
-1.713982
-0.623512
-2.033314
-2.161860
-2.768614
-2.712797
-1.864795
-2.937259
-0.225210
-0.531124
0.299859
0.297618
-2.205703
0.795633
2.616411
-1.476937
-2.499892
-2.731750
-2.588884
0.374609
1.342545
-2.002931
-0.694608
-0.395626
1.076363
0.506885
1.240245
3.835819
4.326375
0.559181
-1.014905
-1.364218
-0.307000
0.870254
2.806521
1.297796
-1.593675
-0.321992
1.049690
1.465938
1.912448
4.364143
5.950217
2.522475
0.166575
-0.191015
0.764720
2.193477
4.136335
0.261757
-2.005552
-0.184345
1.310295
1.367298
2.470965
5.862670
5.827224
3.201338
1.307034
0.567232
1.810268
2.901330
3.718596
1.094759
-0.650201
-0.046763
1.261439
2.620661
3.199905
5.203800
2.846861
4.170550
3.530416
2.580741
3.269616
0.333149
0.813132
0.085103
-0.182996
0.248534
1.459556
3.003416
2.764529
1.893951
1.952768
3.741969
4.238755
0.999835
-0.416708
1.569378
2.347216
-0.308657
0.006447
0.471961
1.768410
2.262437
2.037027
0.348905
1.830457
3.780700
7.906041
3.507342
0.892672
1.069181
0.742548
-0.421427
-0.280965
0.753394
1.469484
0.589234
0.452598
-0.155569
0.084194
0.717224
1.174614
-0.443260
-0.286658
-0.568041
-0.252723
0.396407
0.159781
1.311007
-0.072795
-1.094727
-1.014529
-1.199276
-0.860859
-0.535200
-0.515653
-0.943338
-0.808477
-0.837614
-1.173587
-0.498653
0.632936
1.521198
-0.473764
0.064617
-0.688458
-0.925638
-0.325765
0.034732
0.546073
0.098045
-0.969835
-0.981390
-0.555699
-1.116085
0.895854
-1.278162
0.984598
0.827124
-0.162758
0.643183
1.234985
2.182815
3.242860
3.137980
2.489549
2.044176
1.918644
-0.370873
-0.785203
0.224007
1.400203
-0.722815
-0.720358
-0.080304
1.066916
1.898815
0.833842
1.092040
5.786757
3.798591
1.261230
0.897094
-1.334264
0.141520
1.743086
0.120076
-0.331853
1.146712
2.129920
2.298642
3.728336
3.861250
5.047254
3.639062
3.320445
1.376530
-1.829020
-0.495648
2.204172
1.196848
1.967229
3.968652
1.473440
0.123612
-0.201367
0.517882
0.731290
3.050943
6.296324
5.947784
1.009161
-1.294487
2.356630
0.867549
3.924219
3.876764
1.338782
-2.256783
-2.852448
-3.052784
-1.977401
2.022680
6.662197
9.860018
1.271756
-1.285532
2.454998
0.807366
6.033143
4.874922
1.586948
-1.899958
-2.404772
-3.099777
-1.559819
1.416928
3.292142
7.165406
1.614452
-1.356363
1.540632
0.324698
2.334825
2.811937
0.240075
-2.280488
-3.010712
-3.331462
-1.661236
1.509406
2.894544
4.989275
0.575043
-1.406018
1.188621
0.036108
1.723359
1.256883
0.557086
-2.599414
-3.534520
-3.728945
-2.834811
0.881380
2.582800
6.151252
-0.203875
-1.137125
0.800648
-0.236775
-0.268330
4.196832
2.783041
0.944580
1.718786
0.428387
0.148983
1.925595
1.312793
0.057769
-1.426697
-0.866050
0.335253
-1.246232
-1.262809
0.646719
4.594647
2.970303
5.905044
6.514448
3.352461
2.867119
2.477315
1.273431
-0.223650
-0.729201
0.044684
-1.288993
-2.191579
-2.178843
-0.240395
3.337048
8.132666
8.497204
2.974893
0.273021
-0.671085
1.279774
-0.561536
-0.545301
-0.483971
-0.854137
-1.540881
-1.736930
-0.919902
-0.120016
1.218017
2.248554
-0.610117
-0.587362
-0.326858
-0.713507
-0.293025
-2.403371
-3.120310
-2.124439
-2.483412
-2.383377
-1.440438
-0.743588
-0.519147
-0.488960
-0.804162
-1.030109
-1.829245
-3.613154
-2.131740
4.938109
3.013175
2.916691
2.857077
2.895491
2.952487
2.991518
3.130933
2.864904
2.570407
2.692714
2.684809
2.548911
4.332102
3.525450
1.577851
1.783520
2.325245
2.425112
1.779266
1.116724
1.181544
0.884632
0.837927
1.377681
1.186392
1.482986
3.652273
2.810708
1.650148
1.836565
2.143295
0.532862
0.075365
-0.883596
-2.027723
-0.725406
1.398725
-0.354210
-0.685465
1.686501
3.575342
2.607057
2.000053
2.086767
1.865783
-0.230070
-2.215801
-0.295617
-2.604588
-2.112786
-0.861177
-3.612348
-0.500552
0.797091
4.018610
2.586552
1.940552
2.074919
0.837896
0.635301
-3.118831
-1.184297
-0.341635
0.473725
-0.524269
-0.360906
0.958452
-0.302054
4.578153
2.478686
1.946418
2.132156
0.103557
-0.896393
-0.434923
0.114071
1.216856
1.174061
0.735788
0.080607
-1.348785
0.777284
5.341442
2.377591
1.837705
2.422600
3.564689
-1.431712
-0.159187
0.709022
1.391343
1.325136
0.798750
0.169392
-0.963105
-0.131703
5.060183
2.417846
1.721004
2.127320
0.847744
-1.022433
-0.291685
0.660764
1.210567
1.143151
0.799518
-0.232445
0.056349
0.285690
4.753430
2.536361
1.793139
2.197505
1.339261
-2.767695
-1.512408
0.720488
0.445766
0.259338
0.178480
-0.622965
-1.582945
0.552423
4.647592
2.668172
2.007225
2.224863
1.623140
0.049151
-2.236720
-0.507127
-1.160499
-1.621436
-1.634263
0.068615
0.638539
1.256155
4.120070
2.741693
2.076607
2.054637
1.846171
1.805468
2.439402
-2.749780
-1.166778
0.681083
-3.362206
0.537477
1.549174
1.258099
4.013570
3.067640
1.729076
1.785221
2.340027
1.736953
1.538408
0.926811
3.776204
2.215502
0.708607
1.229912
1.207072
1.680243
3.930990
3.468393
2.074443
2.120376
2.691329
2.695730
2.565793
1.900228
1.113432
1.226227
1.859914
2.225454
2.052267
1.797129
3.666965
5.238456
4.374355
4.623512
4.721258
4.719033
4.582534
4.406547
4.221572
4.125010
4.198593
4.537028
4.337924
3.828710
5.536119
-3.220118
-2.852338
-1.835811
-1.928659
-1.575401
-1.711597
-2.143228
-2.653901
-2.652516
-2.281232
-2.142791
-2.234958
-2.676743
-3.675051
-2.703414
-3.846024
-3.180331
-3.152828
-3.823652
-4.564273
-4.139807
-3.695505
-2.709819
-3.048717
-4.120294
-4.570250
-3.871979
-3.772180
-2.450088
-3.867492
-2.360574
-3.235990
-4.071094
-3.400529
-1.396704
-1.638988
-1.511034
0.904723
-3.236624
-4.872865
-4.995696
-3.693346
-2.904720
-4.005042
-3.454998
-4.444843
-4.701937
-1.492264
0.352405
2.053687
1.071032
1.297897
-2.292394
-4.635207
-4.979434
-5.072656
-3.012836
-3.990056
-4.537807
-4.266109
-3.173728
-2.417653
-0.073145
-0.371647
-0.039832
-0.474995
-0.410480
-3.352118
-4.287744
-6.557426
-3.038249
-4.379393
-4.036618
-3.510411
-3.133143
-1.165032
0.340485
-0.229597
-0.755587
-0.788215
-1.278472
-1.604090
-1.547984
-6.265527
-3.016773
-5.022840
-3.284243
0.481701
1.681929
-0.583784
0.473287
0.169179
-0.298715
-0.600116
-0.301731
-0.210865
-0.873273
-5.703074
-3.048749
-4.795911
-3.482342
-2.666528
1.938077
0.173421
0.286397
0.023874
-0.452265
-0.394472
0.606539
0.895676
-1.625354
-5.045330
-3.064230
-4.501899
-4.088852
-3.936775
2.280860
0.766253
0.732056
0.476556
-0.081429
0.935754
0.743552
-0.439177
-2.135884
-5.785079
-3.020491
-4.166634
-4.096863
-4.367934
-3.401409
1.536112
0.251035
0.832917
0.868785
1.511970
1.040018
-4.874643
-6.164505
-5.025655
-2.893388
-4.143624
-3.250345
-4.401875
-4.793931
-2.145030
0.600613
7.226814
5.176675
3.234788
-2.615632
-5.712104
-5.523531
-4.068059
-2.598104
-4.083656
-3.146327
-3.123475
-4.092846
-4.673548
-4.558587
2.493733
1.297494
-0.225150
-5.030041
-4.598275
-4.951234
-3.218114
-3.439496
-3.964834
-3.027136
-2.972127
-3.222197
-3.824521
-2.954336
-3.190464
-2.626163
-2.925902
-3.580544
-3.684884
-3.391025
-3.509766
-5.484605
-5.583455
-4.249154
-4.553615
-4.516074
-4.581816
-4.980153
-5.140670
-5.211499
-5.025812
-4.562478
-4.510641
-4.870951
-5.953456
-8.417974
-1.354417
-2.320495
-1.567615
-1.371724
-0.809935
0.353258
1.708177
1.986301
1.181898
-0.065838
-1.794398
-2.490687
-7.141284
-2.366506
1.885218
-0.026509
1.805923
3.328725
5.095119
6.013976
5.811327
6.018044
5.765709
5.408174
4.415302
2.622056
-1.391901
-3.003789
0.554973
-1.038449
0.699922
3.179989
3.693168
3.030924
3.021142
3.236740
1.681419
4.591187
4.983348
4.280393
-2.515077
-2.677867
1.516786
-0.462913
2.151619
3.060849
5.059849
2.330597
0.716391
0.121437
-1.585491
1.456002
1.414717
6.402420
-1.018789
-1.944213
2.535513
0.949609
4.146770
0.625190
0.474568
0.142540
-0.081372
-0.568494
-1.143580
-3.623193
-3.202865
5.566929
2.170918
-1.921289
2.135962
1.940275
2.797640
-0.061511
0.569376
0.439247
-0.548052
-0.713579
-0.234066
-0.931336
-3.461694
3.006690
1.866067
-1.855610
1.897423
3.022429
5.608302
3.388237
1.154225
0.390271
-1.078917
-1.576430
-0.283290
-0.272582
-0.150321
6.101480
2.168627
-1.782195
1.933317
3.130957
4.737968
-1.649154
-0.125912
0.764630
-0.700991
-1.214225
0.492682
0.179575
-0.217218
4.741070
1.631495
-1.727229
1.833604
1.546540
3.769485
-3.777724
-0.037308
0.491443
-0.116181
-1.013817
0.058590
0.654003
-0.275989
3.745013
0.214717
-1.867697
1.954762
-0.199799
1.882875
0.609132
0.773369
0.483408
-0.773829
-2.735224
-0.379365
-1.573394
-0.002270
4.492670
-1.299003
-2.157379
2.033668
-0.654357
1.075942
2.024545
-0.833400
1.688833
0.793031
-0.190573
2.196732
1.375735
-0.411957
3.986984
-1.803954
-2.570087
1.858096
-0.518813
0.294363
1.289307
1.264240
1.653351
-0.380180
1.082787
3.045804
2.323012
1.540785
3.105725
-2.076489
-2.513869
1.878889
1.385517
2.071595
2.146217
1.753100
2.771505
3.128090
3.811975
3.339311
2.107566
2.567526
2.597262
-1.587565
-6.122960
-0.210591
-1.622990
-0.909507
-0.789461
-0.892035
-1.079325
-1.316835
-1.303339
-0.980295
-0.727359
-0.795919
0.301562
-3.891304
8.553194
3.345851
2.201296
1.769149
1.358643
1.053456
0.497616
0.774171
0.560041
-0.022254
0.332023
1.576101
3.622263
7.900418
4.972810
2.906211
1.074126
0.931327
0.032989
-0.662868
-0.387394
-0.498096
-1.086617
-0.890864
-0.409132
-0.455000
0.492858
4.278061
3.890027
0.913296
-0.808880
-1.150629
-1.783808
-1.571021
0.551589
-0.935768
-0.013089
3.739173
-0.301830
-0.631519
-1.511591
2.584980
3.967672
1.096943
-0.577665
-0.811340
-0.468532
3.752163
2.271413
-1.094183
-2.601457
0.543962
3.456243
2.379445
-0.391879
2.122488
3.595031
1.007088
-1.077528
-0.540143
2.732653
1.307277
0.413074
0.781524
-0.211200
-0.127464
0.512140
1.380510
0.017297
1.711833
3.500672
0.916822
-0.147750
0.354629
2.154032
0.502292
0.122435
-1.763034
-1.839988
-1.634955
-0.836115
-1.041314
0.141084
2.837882
3.512533
0.924179
0.645272
-1.093168
0.415411
-0.119769
-0.176525
-1.605768
-2.162508
-1.940725
-1.357142
-1.018993
-0.065340
3.660417
3.496094
0.913600
0.440082
1.205060
1.807147
-2.261013
-1.647723
-2.706552
-3.182460
-3.281406
-2.476245
-2.410722
0.311586
4.295215
3.442621
0.927648
-0.406565
-0.133661
-1.852987
-2.821734
-2.915699
-4.202310
-4.436227
-4.811286
-3.903749
-3.746809
-1.475462
3.637086
3.394485
0.495226
-1.040341
-0.048393
-2.007631
1.423138
-2.477250
-4.507502
-4.755127
-5.324648
-1.156999
0.321354
0.552782
3.312416
3.485487
0.118746
-1.589322
-0.965543
1.025757
2.438372
2.787745
-4.602182
-5.303614
-3.866538
-0.007110
-0.565920
-0.484600
3.020373
3.617906
-0.381966
-1.913254
-1.805544
-1.436906
0.139471
-0.265738
-2.482853
-3.873100
-1.477178
-2.265123
-2.686275
-1.382541
2.731625
3.370426
-0.622948
-2.199779
-1.912652
-2.108609
-1.789886
-1.988135
-1.734309
-1.877578
-1.947584
-2.478109
-3.096805
-2.254385
2.432702
6.996929
1.395115
0.741190
0.425471
0.249883
0.545008
1.078756
1.129133
1.034110
0.899305
0.567245
0.084562
1.283569
5.220692
8.330923
5.693094
4.852978
4.762829
4.588327
4.403496
4.498359
4.557056
4.536785
4.472402
4.430773
4.744132
5.949944
6.989041
5.723751
-0.166950
-0.781576
0.143378
-0.299600
-1.011656
-0.467649
1.454959
2.219661
0.391457
-0.683316
-1.614507
0.042475
5.172446
4.100754
-0.286706
-0.629417
-1.335481
-2.104022
-0.535986
1.063389
4.570354
5.300568
3.045196
-0.507613
-3.334484
-0.022534
4.492098
4.158245
-0.165702
-0.120454
-1.616363
-1.419832
-0.138534
0.525756
2.021236
0.514309
-2.787211
-2.437845
-0.643694
-2.657906
4.526718
4.081370
-0.506839
-1.198167
-2.954450
0.877900
1.248650
2.568567
2.566632
1.067061
-0.682988
-2.734310
-0.067796
-3.417787
3.066661
4.067257
-0.542545
-1.791941
-3.259512
-0.397383
0.116331
0.076230
-0.516067
-0.829487
-1.041065
-2.629751
-2.130857
-4.524623
3.016344
4.180045
-0.560793
0.395979
0.724324
-0.233335
-1.792642
-1.433346
-1.991609
-2.146255
-2.442277
-2.991673
-2.271021
-1.087379
4.379767
4.134676
-0.671865
-0.921710
-0.236484
0.074966
-2.432368
-2.240726
-2.863963
-3.148741
-3.046505
-4.803491
0.523879
-2.329300
4.192289
3.933244
-0.370045
-1.249559
-1.494565
1.700925
-2.416203
-2.703687
-3.187271
-4.416639
-4.294348
-3.472602
-0.358791
-1.441449
4.754685
3.645709
-0.465304
-1.194355
-1.146024
0.783127
1.470154
-2.696572
-3.041050
-2.934241
-3.757043
-2.308176
-0.071553
-1.176008
4.891353
3.429883
-0.774358
-0.959587
-0.492072
-0.225064
0.506721
-1.886276
1.803209
1.257191
-1.652384
-2.590242
-1.247285
0.216029
4.415293
3.969110
-0.796484
-0.904049
-0.052604
-0.636940
-1.294381
-1.024436
0.257858
2.657593
0.883966
-1.217289
-0.950740
0.172784
4.384607
5.098563
-0.055559
0.170776
0.556130
0.440143
0.435831
0.076224
-0.732853
0.604291
0.796699
0.535784
-0.509486
0.448302
5.288293
6.463227
3.220790
2.823524
2.505883
2.065090
1.602757
1.863896
2.052657
2.075706
2.144333
1.971500
2.209472
2.622061
6.291656
2.297333
0.657445
1.591418
1.851587
2.010014
1.818159
1.707604
1.463011
1.370398
1.803868
1.766162
1.747329
1.406839
2.959180
-1.200788
-1.283999
-0.284287
0.453088
0.289362
0.112358
0.296657
-0.071376
0.121323
0.253954
-0.043201
-0.364913
-0.554172
-0.208051
0.547712
0.162297
1.066893
1.158921
0.636478
1.418418
1.803413
-0.477868
0.288101
2.865660
-0.580371
0.396151
-0.800571
1.286525
0.322559
-0.257935
0.280885
0.378534
-1.448990
0.302943
2.654844
-0.205752
-0.367599
0.316092
-2.397084
0.995739
-0.286374
0.349732
0.450973
0.175459
-0.156779
1.254666
1.545562
0.915391
-0.918431
-0.637804
-0.722901
0.104534
0.640928
0.933158
0.466657
0.296322
0.394034
0.107654
0.015166
-0.370724
2.592422
0.416776
0.669579
0.695510
0.148386
0.245754
-0.008728
-2.511245
-2.703738
0.635401
0.313790
0.043628
0.048160
-2.480304
2.611660
-0.388232
0.675166
0.320231
0.082560
0.107286
-0.089796
-2.272459
-2.444617
-0.171891
0.337577
0.123922
0.242199
-0.741611
1.305871
-0.611029
0.604543
0.691651
0.665980
0.724306
0.691794
-2.048627
-0.315302
-0.350311
0.436537
0.151131
-0.113587
-0.655125
2.075126
0.684300
0.526482
0.617113
0.818750
1.451937
1.655570
-2.469642
-1.597448
-0.308874
0.434933
-0.025794
-0.199714
-1.081273
-3.573009
2.072760
1.099865
-0.083369
0.603521
1.918986
2.635329
1.263878
-1.758457
0.432788
0.393496
-0.220017
0.390684
-0.092295
-0.259275
0.234786
-1.024334
2.278968
3.215062
-0.540936
-0.952720
-0.126043
-0.717716
0.283995
0.539504
-0.155108
0.350070
0.686754
0.255297
-0.148694
-4.100544
-2.238673
-0.735195
-2.238763
-2.296694
0.265026
-0.496691
0.667316
-0.057950
0.046447
0.108943
0.401173
0.463525
0.546026
0.480876
0.117717
-0.262116
-0.161327
0.400218
-0.351642
-0.200326
0.409350
0.576913
-1.669904
-0.361304
-0.117680
-0.022943
-0.084517
0.045573
0.205686
0.288436
0.176819
-0.164158
-0.157436
-0.845912
0.113805
-4.018856
-4.694314
-5.248268
-5.506601
-5.282868
-4.936086
-5.160232
-5.177737
-5.193262
-4.986714
-4.865846
-5.061696
-5.152115
-3.084918
-4.967403
-1.059345
-3.773078
-4.030157
-3.975388
-4.542686
-4.343403
-6.633283
-5.079638
-3.573644
-3.814968
-3.217879
-1.718987
-4.248266
-3.737041
-2.529971
-3.101577
-3.143656
-3.059215
-3.199146
-3.807625
-4.902656
-4.770635
-4.203988
-4.266226
-2.757793
-1.523879
-1.867941
-4.097184
-2.417396
-2.918605
-2.934397
-5.985126
-7.338181
-4.552406
1.306764
-0.001472
-0.765812
-3.004769
-3.503074
-0.667062
-1.991053
-3.866862
-2.462510
-3.141032
-4.076914
-6.214222
-1.706540
-1.077099
-1.507135
-1.497984
0.024753
-0.189003
-5.212034
-3.370671
-2.676333
-3.524491
-2.364527
-2.990240
-6.540415
-5.593699
-0.694547
-1.135486
-2.606107
-2.032470
-2.352954
0.018033
-3.480612
-8.754163
-4.209991
-3.394018
-1.418784
-3.407703
-8.645287
-7.468682
-1.002387
-1.653673
-1.780119
-1.306988
-1.292691
-0.981811
-1.963100
-1.649646
-4.763201
-3.358452
-0.758142
-0.187752
0.725475
0.098733
0.378703
-0.568166
-1.293747
-1.094118
-0.698035
-0.331648
-1.678363
-0.483656
-4.029286
-3.343675
-0.994749
-1.402183
-0.596669
-4.340988
0.019829
-0.448281
-1.698927
-1.774687
-0.715926
0.721427
-3.103359
-1.944805
-3.915767
-3.387819
-0.956859
-1.913249
-2.384901
-6.785888
-3.318213
-0.649938
-1.514408
-2.196952
0.256858
-1.733056
-2.662524
-1.481538
-3.250447
-3.470217
-1.204895
-1.423836
-2.120190
-1.258970
-5.081724
-2.889403
-5.958705
-1.242646
-4.815907
-3.111638
-1.609600
-0.276201
-3.221332
-3.650337
-1.758047
-1.976265
-2.371280
-2.281821
-0.937352
-7.515301
-7.402720
-4.653996
-7.396914
-5.065942
-1.889923
-2.434945
-3.467844
-4.133277
-3.021772
-4.279381
-4.446784
-4.242253
-5.033933
-5.852236
-4.670180
-4.753516
-4.896838
-4.949907
-4.231332
-2.659372
-3.845898
-4.936498
-4.995841
-5.308141
-5.093572
-5.002413
-4.598346
-4.887418
-5.214253
-5.048377
-5.063415
-4.899161
-4.614086
-4.375762
-4.632756
4.463228
3.879164
3.392607
3.674557
3.753662
3.235118
2.983274
2.744554
3.093381
3.221395
3.147122
3.299006
2.097074
3.571965
-1.048234
-2.883379
-2.202971
-0.528450
-0.716127
-2.055562
-1.479132
0.098973
-0.024751
-1.870474
-1.451945
-1.121117
-2.401766
-1.607063
-1.342886
-2.022498
-2.011406
-0.539654
-0.887355
-1.317637
-0.361549
0.695549
-1.216608
-3.244200
-1.152959
-0.860944
-0.041287
-0.694634
-1.603407
-1.789716
-1.604023
-0.861272
-2.109878
-0.500030
-3.780320
-5.021739
-5.882738
-7.154947
-2.251082
-2.532234
-1.626028
-0.123065
-1.836819
-2.153155
-1.639653
-1.411536
-1.839007
-4.812947
-9.950127
-5.219671
-5.868722
-9.364700
-7.872163
-3.295631
-1.206972
0.747610
-1.967551
-2.995859
-2.258328
-1.640366
-3.295726
-7.184415
-5.030577
-1.479153
-1.687724
-4.146852
-6.797449
-5.813093
0.080690
0.703288
-2.247792
-3.624049
-2.258433
-1.139394
-6.466127
-7.440807
-3.179251
-0.204608
-0.681769
-1.969348
-5.081946
-4.580599
-4.247989
0.262585
-2.195952
-3.179953
-3.494155
-5.242102
-5.320081
-6.365769
-2.863665
0.054175
-0.507672
-2.337269
-6.197292
-3.567307
-4.869602
0.421060
-1.979231
-2.858058
-2.456783
-3.259494
-4.381454
-4.942410
-2.842127
-0.218737
-2.234098
-5.251443
-5.408060
-2.381886
-4.687551
0.305295
-1.879849
-2.842929
-2.624277
-2.412094
-2.004722
-2.153404
-0.833833
-0.066877
-2.874420
-2.967814
-2.194683
-2.895979
-3.347502
-0.295010
-1.923068
-3.042125
-2.405507
-1.655496
-4.131700
-3.038928
2.318750
0.199872
-0.976972
0.038256
-1.252370
-5.150703
-3.219101
-1.252288
-1.973089
-2.945078
-2.762449
-1.530123
-2.665805
-2.488703
1.166258
-0.318081
-0.598850
-0.080234
-0.837191
-2.866896
-1.873758
-1.500153
-0.975822
-2.861467
-2.776478
-1.676639
-1.777421
-1.000979
-0.013468
-0.181555
-0.028502
-0.676828
-0.988997
-2.275460
-2.546424
-0.717165
3.289636
1.722993
2.345883
2.789028
2.360126
1.842533
1.654649
1.514489
1.504846
1.504127
1.718230
1.777900
1.541456
2.654252
0.984069
3.765210
1.056002
0.859527
1.110722
1.129104
0.151235
-0.410560
-0.501331
-0.367197
0.388955
1.295873
1.597972
-1.128311
0.825576
0.924276
-0.220260
0.941692
0.814177
-0.132914
-0.892660
-1.921092
-1.734695
-0.680484
-0.007924
0.907116
2.265605
0.575801
-1.575787
-1.348134
-2.048002
-1.240540
-2.352027
-4.526007
-7.658510
-7.135551
-5.415063
-6.440750
-5.417348
-3.044950
0.676923
-1.929823
-1.504709
-0.476454
-1.166098
-2.256635
-4.540678
-5.698514
-3.591776
0.594140
-0.066992
-3.752571
-6.316231
-7.133369
0.279308
-1.216023
-1.070243
0.424111
-1.317092
-2.726496
-4.811088
-2.104432
-1.981543
1.186213
2.160070
-1.900638
-2.476714
-3.313386
0.153865
-0.079238
-0.927874
0.432055
-1.764328
-4.117310
-4.171319
-2.288161
0.611564
2.966578
3.370333
1.343978
-3.598356
-5.986990
-3.064944
-1.193294
-0.778772
0.547649
0.037046
-5.010283
-0.971977
-2.644996
1.100901
3.015549
3.208165
2.446274
-1.637322
-5.688333
-2.461643
-0.057821
-0.742430
0.542863
1.329520
-4.294620
-5.162118
-2.484449
0.643240
2.916317
3.060261
1.950891
-2.091325
-5.000160
-1.338610
0.628312
-0.949032
0.373432
0.139555
-4.359030
-7.474295
-3.594244
-0.351185
1.001248
1.469057
0.186813
-2.841689
-5.734218
-2.836863
-1.206650
-1.195148
0.143026
-0.241615
-3.719706
-6.313103
-3.270268
-1.933350
1.884468
1.067914
-1.804334
-2.898656
-5.829806
-2.614696
-0.157221
-1.452848
-0.516932
-0.319520
-0.391593
-2.437801
-3.592742
-2.939859
-0.693175
-0.794378
-4.963598
-3.863328
-2.691172
1.492638
0.345786
-1.113431
-0.848036
-1.063726
0.463252
0.162715
-1.145439
-2.553357
-2.611026
1.847345
-2.218810
-2.712196
0.389221
2.860548
-0.292989
-0.286824
0.910490
-0.469935
0.929017
1.009070
1.972735
1.413146
0.745587
1.326970
-0.404239
-0.504751
0.366675
1.960706
-1.214024
3.776123
3.046916
0.120906
0.236122
0.311526
0.179854
-0.092043
-0.541400
-0.250850
-0.227284
0.257521
-0.073191
1.680380
0.309319
-9.353940
-9.156519
-7.090653
-6.650842
-6.173158
-6.209717
-5.909913
-6.100382
-5.976808
-5.732706
-5.789537
-6.232662
-7.619607
-6.928550
-8.190879
-5.306925
-4.382153
-3.583937
-3.178487
-3.026229
-2.519581
-3.144158
-2.938872
-2.891694
-2.659077
-2.744122
-4.266557
-7.033979
-6.381889
-4.466982
-2.523765
-1.117678
-0.006545
-0.329723
-2.068846
-0.868636
-1.788510
-4.657735
-1.573030
0.559674
-3.521004
-5.072036
-6.171545
-4.486985
-2.508603
-0.608703
-0.941584
-0.283917
2.126405
1.889808
1.322538
0.288956
-3.394522
-2.387841
-2.178527
-4.296898
-5.784489
-4.104335
-2.000604
-0.417212
-3.302581
-0.666300
-0.981144
-0.570352
-0.388206
-0.496968
-2.670422
-4.064768
-2.444907
-4.661071
-5.619585
-4.101340
-1.386677
-0.712312
-1.867276
-0.998990
-0.904079
-1.107793
-0.955552
-1.200565
-0.894670
-1.363846
-2.783186
-4.710995
-5.523230
-4.279540
-2.329656
-2.861961
-0.070175
-0.850226
-1.609548
-0.730636
-0.807047
-1.467233
-1.479618
-1.641725
-4.116843
-6.128974
-5.467581
-4.583360
-3.230321
-5.235263
-3.280465
-0.163425
-1.075376
-0.886789
-0.774160
-1.560619
-1.142171
-3.157460
-2.847382
-6.258478
-5.517757
-4.205330
-3.424569
-3.666245
-2.284475
-0.266094
0.234516
-0.617791
-0.770862
-0.288285
-0.900602
-3.775734
-3.399345
-4.956926
-5.687383
-4.002007
-2.909361
-1.509894
-2.179055
-2.109808
-1.452760
-0.047201
-0.573447
-0.624331
-2.842933
-2.438542
-2.852229
-4.065888
-6.013026
-4.115347
-2.349917
-1.566382
-1.443638
-3.921770
-1.431701
3.721157
4.105926
1.304594
-2.839003
-2.371320
-3.003815
-4.821169
-6.047314
-4.122090
-2.389947
-1.957639
-1.148733
-0.377951
-0.610262
0.392610
1.196587
0.634104
-0.441006
-0.933890
-3.849679
-5.517799
-6.502209
-4.044161
-3.501461
-3.291101
-2.831866
-2.847179
-1.629453
-1.054755
-1.620174
-2.040722
-2.377089
-2.797082
-3.369945
-6.022827
-7.280992
-6.812134
-6.157614
-5.957324
-5.536178
-5.326336
-5.315829
-5.394352
-5.302673
-5.260513
-5.425270
-5.627148
-6.638607
-7.384019
1.337155
-2.099754
-2.683372
-2.794539
-2.984221
-2.957557
-2.735556
-2.368219
-2.255103
-2.565958
-2.776297
-3.323868
-3.261143
-0.553228
-2.036607
-4.124322
-4.547937
-4.346842
-4.398359
-4.713396
-2.970902
-1.215667
-1.889011
-2.981211
-3.504396
-4.630868
-4.743025
-3.840857
-2.539167
-4.312827
-3.001685
-3.666670
-2.152975
-1.536010
-1.245020
1.553104
-0.979792
-0.801076
-0.116185
-0.335563
-3.903785
-4.884773
-2.491412
-4.775463
-3.140629
-3.041470
0.068196
0.636319
-4.341383
-4.174174
-4.686985
-5.809202
-1.665267
0.140494
-2.354957
-4.525840
-2.804312
-4.229383
-2.886788
-1.774462
0.997952
-2.102827
-4.106750
-5.280876
-5.804786
-5.750687
-3.534745
-1.219718
-0.903214
-3.973082
-2.936788
-3.767039
-1.358437
0.434391
-0.526336
-5.062019
-6.229651
-6.625821
-6.125716
-6.393543
-6.325417
-2.137409
4.988912
-2.394852
-2.879244
-4.103868
0.050177
7.013347
5.971115
-6.265244
-6.062151
-6.416436
-6.296782
-6.504101
-6.197586
-1.399023
0.880464
-2.350090
-2.843841
-4.516961
-2.076724
-0.712400
1.950669
-4.565368
-5.683494
-6.224667
-6.153558
-6.318180
-5.113269
-0.227475
-0.240411
-3.240009
-2.713338
-4.484722
-1.786326
1.711203
7.055852
-2.336378
-5.899852
-6.404113
-6.108467
-5.848162
-4.108960
1.532552
2.492368
-3.813472
-2.432360
-4.182832
-2.705607
0.115599
4.604500
1.869205
-3.910691
-6.733021
-5.958414
-4.207369
0.630579
1.285504
-2.012712
-4.068672
-2.142137
-3.934706
-2.997912
-2.144294
-0.233965
3.116776
0.916022
-0.651786
-0.555174
1.430398
2.403572
-0.509438
-3.405926
-4.502358
-2.095855
-3.762010
-3.141618
-3.534748
-2.992321
-1.345435
1.096274
3.253608
2.695483
1.075093
-0.283697
-3.057249
-4.073826
-4.524548
-0.780554
-2.632992
-2.157516
-2.424625
-2.745057
-2.800009
-1.755293
-2.705875
-2.955194
-1.954540
-2.127463
-2.705298
-2.786759
-3.406168
1.699867
-0.180053
0.163690
-0.199290
-0.453116
-0.607386
-0.802228
-0.506267
-0.447121
-0.430021
-0.268076
-0.431946
-0.646550
1.124530
0.530552
6.952784
6.591898
6.799937
6.572939
6.618432
7.156098
6.052136
5.887928
6.244096
6.164886
6.696440
6.257554
1.896656
2.259266
3.283793
3.815088
4.569214
5.226278
6.412383
6.056299
3.171794
2.216826
4.415340
5.930846
5.171055
4.127291
1.966032
-1.295948
0.368791
0.245744
1.504689
1.694273
0.137712
-2.149667
-1.242130
-1.618061
-5.682427
-1.616476
0.628321
1.838357
-0.153645
-2.265939
-0.100270
-0.148313
1.854158
-0.897068
-3.230186
-3.494948
2.516582
1.671872
-3.096643
-3.574620
-1.635489
-0.198760
-0.301602
-2.633454
0.010401
-0.340584
-0.461497
-3.235132
-3.728159
0.666197
6.176695
5.883309
3.225765
-2.328921
-4.063420
-4.166893
-1.625885
-2.365805
0.357612
-0.046249
-4.907303
-3.978794
-2.036282
4.421285
6.585645
6.193157
5.370775
1.025980
-5.726497
-10.621019
-0.934433
-2.245498
-0.016997
-1.329370
-12.049710
-6.814450
-0.383192
5.098397
5.011834
4.664029
4.642572
0.211902
-4.886181
-5.266949
-1.126113
-2.299342
-0.329208
-1.650510
-3.166529
-3.331712
-1.868202
4.139027
4.441495
4.150087
4.303639
0.002380
-4.976337
-1.084424
-0.651381
-2.557662
-0.172429
-0.800205
-2.282731
-3.860884
-3.026669
3.873872
5.450802
5.183733
4.618125
-2.245198
-7.203377
-1.740141
0.228704
-2.689761
-0.257802
0.137664
1.606669
-2.849591
-4.983933
-0.774219
2.602819
0.520555
-1.722313
-7.073946
-1.676428
1.369058
-0.857349
-2.747726
-0.179773
-0.381824
2.394743
1.972678
-3.091399
-2.742049
-1.818418
-1.823895
-6.814693
-3.575802
0.192907
1.642549
-0.875328
-2.342093
-0.063885
-0.673807
1.211333
2.772079
2.632820
-3.659914
-6.206767
-2.544985
-4.916656
-1.144407
1.471155
0.493034
-1.528201
-2.295982
-0.644380
0.894284
2.102003
2.570026
3.552430
3.382140
2.452112
3.314936
2.667313
1.616738
0.908096
-0.439117
-2.492168
-2.779916
1.006353
1.912786
2.688557
2.939220
2.792114
3.096344
3.433988
3.710148
3.093918
2.195948
1.918249
1.028385
-1.381255
5.961039
3.349850
1.910477
1.449794
1.462697
1.605930
0.704302
0.194634
0.522271
1.440310
2.396491
2.548970
2.848764
4.345394
4.804353
-1.837516
-0.988038
-0.510420
-0.582450
-0.937062
-0.831553
0.961931
0.809507
-0.788713
-0.518020
0.523024
1.239090
4.052958
2.755600
-1.593899
-1.296063
-0.968493
-2.051847
-2.768455
-1.024381
7.708976
4.943223
-1.220584
-1.692037
-2.730270
1.823065
3.124196
2.510315
-1.084605
-0.586432
-1.807065
-2.634129
-1.462503
3.566810
8.419237
8.085262
7.543933
6.966140
-0.297031
-1.007603
3.363993
2.508523
-0.958550
-0.683793
-4.106962
0.130466
1.270848
1.305657
0.728552
2.237622
3.158892
4.802359
2.378438
-0.932356
3.120496
2.444235
-0.754723
-2.062033
-1.533906
0.873120
1.600750
0.583959
1.056337
1.934780
3.358049
3.691057
9.313335
8.027149
2.269157
2.363971
-0.730226
-1.762166
6.466317
3.498953
0.570271
2.118147
2.374838
2.886445
4.394794
5.436345
5.722623
6.644482
3.662915
2.286232
0.010804
0.616921
1.401417
-2.278966
0.566121
2.527214
3.169824
3.716640
5.159747
5.119107
3.252884
3.083753
5.102022
2.258562
-0.246340
1.446170
3.523494
-0.674485
-1.822497
1.019155
2.410007
2.866205
3.027398
2.066442
3.784286
5.533914
3.632210
2.441727
-0.426068
1.522760
2.001796
1.228302
-1.107950
0.329949
2.388528
2.834244
1.993290
3.653534
-1.209156
1.660865
2.741385
2.828795
-0.420875
0.640962
2.085635
0.120729
-0.153492
2.314371
7.157956
2.676330
5.014044
1.386164
0.575064
2.272429
3.034344
3.221783
-0.206979
0.014814
0.920264
0.379956
-0.931410
-0.298540
5.344865
0.907721
1.267768
0.609234
1.377167
2.930233
3.318295
3.110882
-1.675683
-1.668143
-0.859994
-0.927117
-0.621979
-1.707890
-3.553183
-3.146592
-1.503468
-0.531351
-0.563194
-0.302195
1.594282
3.469256
-0.269185
-0.399279
-0.515099
-0.767261
-0.773787
-1.097068
-0.969724
-0.966683
-0.945548
-0.619916
-0.861262
-1.323980
2.688991
2.290137
4.881438
4.333553
4.386925
4.056817
3.668697
3.821902
3.714345
3.547213
3.550970
3.629304
3.709754
4.441819
2.519035
5.789001
4.383785
3.506255
3.600496
2.921100
2.089573
2.410413
2.363378
2.500145
2.818305
2.977117
2.771007
4.099942
4.968871
4.834218
3.337436
3.441011
3.066743
2.180622
2.345342
3.540820
9.040953
7.590525
5.317657
2.092795
2.735314
2.751072
4.449991
4.607727
3.352832
3.391496
3.210630
1.569121
6.384161
12.701188
11.978518
11.544528
13.218520
7.505767
3.700751
3.628808
4.399579
4.457431
3.658316
3.075094
3.330741
6.713306
8.624459
9.894337
8.218362
8.888743
9.884006
12.098002
6.772121
3.248118
4.632504
4.342679
3.836142
3.545981
2.492902
9.029342
10.037855
8.219739
7.926858
7.633984
8.377714
9.077522
10.226057
4.688445
5.053516
4.282468
4.020926
4.294846
2.474119
9.304029
8.719096
7.779548
7.571452
7.729171
8.552898
9.582759
11.388166
4.954672
5.107488
4.223724
3.808893
4.402949
2.787737
9.838459
10.405234
8.175941
7.542859
7.732453
8.648266
11.718923
9.280704
5.496396
5.473367
4.203938
3.584208
3.625607
2.468099
9.172385
12.125417
9.845749
8.295444
8.310192
10.720263
12.029675
10.277699
2.863432
4.826755
4.288766
3.494703
3.033256
3.320705
3.085419
9.826217
11.015489
10.295197
10.759187
11.987383
12.510409
4.830110
3.532474
4.210021
4.480871
3.499338
3.263353
3.502511
2.806234
4.364635
10.202243
9.811322
10.128947
9.861380
6.689833
2.975604
3.804282
3.708367
4.806713
3.710637
3.189569
3.526437
3.545836
2.802372
0.247363
3.171100
2.197803
2.733261
1.936537
3.299196
3.930364
3.903300
5.049003
5.020853
4.554976
4.774610
4.439106
4.323428
5.340707
4.483303
4.989111
4.933853
4.788680
4.607090
4.735238
3.928614
0.474628
1.900687
2.302607
2.667979
2.191335
2.061119
1.848979
1.824690
1.658727
1.520122
2.025059
2.358416
1.414246
-0.854440
-1.923907
2.551877
5.409376
6.370471
7.791612
8.463996
8.625589
7.729561
7.736480
8.110246
7.968929
7.363047
4.356987
1.607741
2.455957
1.383386
1.878129
3.072827
3.931353
3.621137
1.558922
1.207344
0.694816
1.369227
3.127347
3.954470
3.359455
3.988628
3.356904
4.682547
4.895957
5.238528
3.098441
2.315512
1.252430
2.606875
3.982218
5.903926
1.940915
4.705064
6.192911
4.954453
3.736340
3.964751
4.764319
3.629853
0.397804
4.889797
6.279676
2.856300
3.898669
4.561097
3.165434
5.786075
5.104028
5.054243
3.657625
4.115696
5.051997
3.002011
8.039978
3.557692
-0.899944
1.733086
3.013149
2.192746
4.282632
8.754707
3.893320
3.727586
3.319370
4.765175
2.922451
1.039214
5.309897
2.103117
4.426330
7.076746
7.469494
7.353083
3.422884
2.535994
1.581331
2.707814
3.212496
4.873534
0.645552
-1.703313
-1.451374
-1.082650
4.843458
7.573867
7.278450
7.176726
4.135892
3.354049
0.424594
4.078219
3.087761
5.053036
2.270260
0.171080
3.538736
-0.477229
4.144519
6.839788
6.830553
6.825428
3.340749
4.411811
5.245555
4.032477
3.082751
4.281745
4.605792
-0.693799
3.912866
0.385688
3.741953
6.413280
7.957627
6.434922
2.468182
-0.337909
-0.041741
3.838058
3.024312
3.329486
5.590238
1.074676
-1.322961
3.818152
1.377829
4.280749
5.340181
4.666289
5.879473
4.182985
2.396814
5.091390
2.878275
2.631826
3.585638
3.344127
-0.404642
3.364720
2.244063
1.933561
4.523252
5.111324
3.262689
2.242232
4.096810
4.508053
3.124390
2.814378
2.520130
3.519254
3.662724
0.045124
-1.680320
0.679195
3.103230
3.131896
2.669866
5.127143
4.374324
4.641932
2.396187
3.199982
1.924066
1.987895
3.141671
4.124444
2.855682
0.050845
0.677951
2.656083
4.806183
3.564697
3.742744
2.954779
4.633894
6.262473
5.127154
4.490388
4.747259
5.037465
4.572072
4.029811
3.639019
3.413516
4.205679
4.538263
5.255104
4.134992
-1.129619
-2.011050
-2.918471
-3.080013
-3.194194
-3.309515
-3.277755
-3.309047
-3.255430
-3.163144
-3.148722
-3.072550
-2.559283
-2.428998
-2.698200
-2.178588
-2.757993
-2.880181
-2.608166
-2.655610
-2.836931
-2.712684
-2.477594
-2.723314
-2.536375
-2.663802
-2.391413
-3.192665
-2.564790
-2.149106
-1.803348
-2.289938
-1.702363
-1.459013
-2.480572
-6.930491
-5.516757
-3.307530
-2.183095
-1.554139
-1.629512
-3.244852
-2.684800
-2.811846
-2.185063
-2.250005
-1.710719
-5.679496
-6.686892
-6.451125
-6.230755
-7.966313
-8.745381
-3.630295
-0.890386
-3.323827
-2.751887
-2.848784
-1.828379
-1.627783
-4.626459
-5.850052
-2.607262
-3.747784
-3.746400
-3.102664
-4.437428
-6.243446
-2.067274
-3.422662
-2.792168
-2.936380
-1.740652
-0.594636
-4.497090
-3.058360
-3.722652
-4.140890
-4.229584
-4.298275
-3.734549
-7.390191
-4.127467
-3.407080
-2.769603
-3.047921
-1.525143
-2.694742
-3.179119
-1.695432
-3.678705
-3.932767
-3.975378
-3.984384
-4.057421
-2.525072
-3.467669
-3.718965
-2.742272
-3.074005
-2.152747
-1.723160
-4.364028
-2.144644
-3.569328
-3.935862
-3.992087
-3.770842
-3.664931
-3.862010
-2.378253
-4.272342
-2.710639
-2.918336
-2.201808
-1.389797
-4.483215
-2.673220
-3.303123
-3.607015
-3.539916
-3.312899
-2.376483
-5.797057
-1.204718
-4.040336
-2.665407
-2.753974
-2.115903
-1.637258
-2.024773
-4.381542
-3.144492
-3.325139
-3.765152
-2.979361
-5.589819
-1.962295
-1.621845
-3.749666
-2.632808
-2.545139
-2.341684
-2.750862
-1.755567
-2.908366
-6.223339
-5.604664
-6.302609
-5.474067
-3.625258
-1.502295
-2.445057
-3.497659
-2.539512
-2.241309
-2.064674
-2.812046
-2.568248
-1.813025
-1.347951
-3.762401
-3.777897
-1.470312
-1.218273
-2.447864
-2.592031
-3.426255
-2.211351
-1.321622
-1.752544
-2.346009
-2.520394
-2.581855
-1.747022
-1.157873
-1.993175
-2.074398
-2.324987
-2.155496
-1.731588
-2.591121
-2.140641
-2.114028
-2.270003
-2.387148
-2.608378
-2.966519
-3.109572
-3.236377
-3.167297
-2.921113
-2.829103
-2.524640
-2.414557
-1.925543
-3.091128
-0.367963
-0.078696
0.037790
-0.058604
0.056577
0.132545
0.455014
0.386006
0.148141
0.180326
0.148422
0.020970
-1.412553
-0.796881
0.738053
-0.213836
0.193903
-0.047000
-0.392468
0.246574
1.306352
1.172299
0.303655
-0.324711
-0.724375
-0.169443
0.289696
-0.511052
0.212507
-0.274989
0.220290
0.528719
0.752875
0.712532
-1.927777
0.152221
1.813388
1.377001
-0.530809
-0.867806
0.367030
-0.278250
0.218522
-0.219294
0.306673
0.271935
-1.576843
-2.572306
-1.674895
-1.249343
-1.681054
0.610467
1.174250
-0.876461
0.183949
-0.021626
0.588448
-0.062718
0.597327
0.187573
-0.742607
-1.763452
-2.203008
-2.144007
-1.798591
-1.230035
0.079620
-1.270005
0.886688
0.092140
0.748512
0.407387
1.405109
1.310897
-1.517771
-3.289498
-2.289270
-1.720313
-2.124002
-1.599464
-2.485770
-5.080369
1.701326
0.108271
0.818492
0.657328
0.215505
-0.478590
-1.282672
-2.849288
-1.460538
-1.159878
-1.627765
-1.996895
-1.396937
-2.425035
1.449638
0.155450
0.930666
0.974690
5.295629
1.123211
-0.962773
-3.499229
-1.737187
-1.493419
-2.012111
-2.704128
-2.069662
-0.070453
0.669616
0.212629
0.996467
0.370530
3.197884
0.569796
-1.576751
-3.840845
-3.121132
-2.732645
-3.197175
-3.114865
-5.106258
-2.067839
0.783758
0.132307
1.030015
0.286419
1.298346
-0.672501
0.104926
-1.987814
-3.081558
-2.848531
-2.781298
-4.373025
-0.339435
0.464577
-0.021233
-0.031209
0.863121
0.210172
0.902609
0.751047
2.049803
0.029592
-5.735331
-5.339726
-3.442243
-0.808722
0.227478
0.274686
0.112851
-0.444789
0.505586
0.172975
0.607624
0.810279
0.177686
-0.373869
-3.288406
-2.055682
0.092203
0.217274
0.168633
-0.387456
0.450178
-0.780224
-0.180655
-0.360615
0.206441
0.103109
0.161182
-0.148094
0.143722
0.483763
0.408565
0.086006
-0.293773
-0.573503
0.085785
-0.652407
0.586584
1.068892
1.714508
1.841531
2.066741
2.100462
1.909804
1.867183
1.798068
1.801170
1.379084
0.803569
0.462404
-2.226210
0.871911
-0.257087
-0.579803
-0.813506
-0.844149
-0.471454
-0.855693
-0.510842
-0.278191
-0.489437
0.152927
0.739387
-0.744369
1.123369
4.460992
3.212320
2.390384
1.983532
1.389549
2.042360
2.016197
3.517045
3.329157
2.803451
2.587677
3.453939
2.520902
1.609139
4.277126
1.933273
1.678415
1.356372
2.579178
3.622305
-2.017148
-0.405782
0.171316
2.948957
4.603147
2.766144
2.980253
1.679757
4.069234
1.125478
1.638742
3.535800
1.143307
3.065618
1.040987
0.853269
4.033581
2.872389
4.407272
3.745319
2.097600
1.740671
3.367905
0.724471
1.765951
1.940585
3.001100
3.163812
1.517362
1.657735
5.182341
4.429150
5.298042
1.971179
2.918170
1.634048
3.106143
1.532910
0.300298
1.323735
3.895313
1.939077
1.669383
2.066024
2.329427
5.477486
3.844334
-0.198772
5.342404
1.493013
3.031125
1.907620
-1.977514
0.716467
1.692433
0.084681
1.272043
1.829106
1.251531
1.422665
1.532949
-1.355544
3.213255
1.432153
3.458772
2.886576
2.782889
0.151725
1.670464
0.769439
1.167773
1.507624
1.040007
1.387281
1.368940
1.414270
2.228104
1.498374
4.005177
3.375010
2.843091
-0.404366
3.735744
3.199932
2.379420
2.118453
2.505340
2.525471
-2.677344
-1.136625
3.223524
1.616083
4.010629
2.365844
3.710883
1.169600
0.200622
4.065189
3.401994
2.881441
3.389115
-0.584709
1.970516
0.347687
2.568059
1.638276
4.195872
2.314425
2.291488
4.582920
0.400125
1.474154
1.478953
4.794147
0.095671
2.379952
2.474600
1.908888
2.618285
1.721200
4.479094
2.377244
1.985590
2.234858
4.272692
1.153321
-3.527984
-0.909464
0.776581
3.575720
2.600239
2.083753
2.802419
0.557049
4.515084
3.123915
2.471776
2.167057
1.720943
2.662159
1.881801
1.839666
1.957970
1.206051
2.357570
3.150702
2.292572
0.912533
4.163695
2.526922
2.337547
2.772173
2.753862
2.693560
2.432394
1.983658
1.866872
2.117485
2.521275
3.538802
0.134236
-3.441642
1.138452
-0.829853
-1.019978
-1.004049
-1.009952
-0.909143
-0.908130
-1.346796
-1.925840
-1.727269
-1.220072
-0.136400
-3.192536
-0.613781
2.468353
0.994291
0.650463
-0.176790
-0.579666
2.308144
3.849737
3.923104
2.184623
0.471882
0.280149
2.210763
0.909818
-1.239913
-0.035310
-0.326864
-1.983507
-0.951352
-0.320136
2.029469
2.278365
1.524601
0.881902
-0.327070
0.018251
0.042570
-0.579413
-1.137267
-0.621310
-1.572691
-2.360216
-2.539563
0.014079
-0.981221
4.056932
5.799615
0.930690
1.623859
0.486241
1.809804
-1.859248
-1.001018
-0.135542
-1.428382
-0.032805
-1.574448
0.682307
1.732860
1.785496
2.577580
2.410763
3.873817
2.014079
3.290277
0.519176
-0.968996
-0.060511
-1.510224
-1.302827
-1.893017
-0.736387
-0.858190
-1.713524
-1.233133
-1.722218
1.623698
2.577357
1.377904
0.032561
-0.741168
0.313918
-0.593953
-2.034123
2.443082
1.116653
-2.171894
-1.230363
-0.694287
-2.439639
0.854664
2.306760
2.173881
2.057606
-0.711947
0.572902
2.217142
-1.457751
-3.452398
0.083558
-2.163077
-1.432851
-1.084770
-2.542395
-0.613259
-2.074420
0.043657
1.312153
-0.748210
0.434900
0.746256
-1.012777
-1.340277
-0.247486
-1.066938
-2.594217
-2.335865
-2.060331
-0.397606
-1.656358
0.880575
-0.141259
-0.969573
0.530861
-0.124147
-0.752124
-3.299728
0.443947
-0.234841
0.666348
0.229822
0.188981
-0.929777
-0.439004
-0.760257
0.285338
-1.188883
0.121722
0.045445
-0.531765
0.604992
-2.249547
-1.109203
4.389443
1.769226
-2.805153
0.278977
-1.450657
2.350203
-0.567270
-1.320731
-0.747077
-0.441993
-1.303152
-1.305442
-0.661995
-3.216218
0.623337
0.024666
-2.813351
-3.125077
0.342876
0.724896
-0.112636
-0.492760
-0.040262
-0.377026
-0.846933
-1.212878
-1.258594
-0.481908
0.346385
-1.166749
-0.605724
-0.621862
-1.084439
1.342293
0.054223
-1.579015
1.304492
-0.367716
-1.117074
-1.368980
-1.067450
-0.494927
-0.013434
-0.031878
-0.063451
-0.729170
-0.365007
1.651618
-2.063392
2.627021
0.287124
-1.015849
-1.512757
-1.862622
-1.758158
-1.496608
-0.846346
-0.820305
-1.175818
-1.415875
-1.127861
0.046697
1.253092
1.991133
0.413954
-1.668383
-1.730788
-1.741092
-1.141278
-0.477512
0.811345
1.000706
0.267864
-0.481861
-0.890119
0.051396
1.261760
0.489456
-1.487114
-2.435494
-2.090987
-1.787204
-1.872525
1.043546
2.468641
3.657836
3.852838
0.377929
-2.357611
-1.453570
-0.413485
0.475452
-1.459844
-2.538440
-2.443006
-1.136558
2.437649
5.547137
-0.949084
0.213433
5.516666
4.121099
0.958327
-1.999043
-0.370655
0.348272
-1.583584
-2.547341
-2.166112
1.978164
-0.487814
-0.801116
-1.946623
-1.621480
-0.757018
1.722714
3.949128
-0.220463
-0.448215
0.285876
-1.659705
-2.696286
-0.089803
1.065273
-1.256350
-1.550084
-1.602280
-1.538800
-1.073121
-0.752085
-0.073686
0.253724
-0.526181
0.222405
-1.397306
-1.948809
-0.048771
-2.439536
-2.180340
-2.343517
-1.786726
-1.620891
-1.943749
-1.418787
-0.876602
0.500637
1.211912
0.307772
-0.994010
-0.419634
4.464040
3.466910
-3.184413
-3.238282
-2.183177
-1.888613
-1.937739
-2.258303
-0.067795
-0.424348
1.893727
0.478809
-0.948972
-0.899016
1.433347
0.610897
-3.869164
-3.142597
-2.555417
-1.907833
-2.436633
-2.558919
-0.087537
-0.718034
0.729024
0.691165
-1.037064
-1.620821
-1.914233
-0.180357
-0.841556
-3.742830
-2.717280
-1.528237
-2.813722
-0.011192
1.600771
-0.672138
0.517390
0.755234
-1.079958
-2.182796
-2.204127
-1.111491
3.714319
-2.323458
-3.765049
4.778056
-0.796700
1.979384
0.539333
-0.640961
-0.329498
0.662118
-0.846335
-1.504416
-1.791840
-1.459292
-1.346706
-0.896310
3.572455
5.038060
-0.623722
-1.580120
-1.884999
-0.646810
-0.019203
1.849967
-0.085850
-0.988595
-1.146191
-1.327058
-1.148329
-1.590825
-1.276211
-0.988079
-1.101984
-1.203290
-0.773816
-0.231045
1.626264
2.871241
1.517126
2.174747
1.888610
1.663089
1.415017
1.958153
2.326206
2.540432
2.471631
2.006426
2.201838
2.615086
3.538212
4.061215
2.482523
2.600030
1.810438
1.767323
2.336945
3.358208
3.420634
3.778759
3.628142
3.172438
2.777709
2.531925
5.805335
-0.246831
1.728961
0.513417
-0.111156
1.144524
2.540049
2.251684
-0.873567
0.336193
2.557582
2.723298
2.906949
1.561131
0.654973
-1.388928
-1.255418
-2.993882
-2.776698
-1.456781
-0.336981
-0.147383
-5.334030
-3.414350
0.194679
-2.005464
-0.664985
1.288504
-0.389436
-1.988394
-1.830177
-2.900151
-2.348346
-3.957741
-4.278128
-0.036182
-1.380477
-1.030901
0.318736
-5.884261
-0.072233
2.714081
0.162546
-2.273918
-1.607245
-2.099459
-2.549560
-3.063271
-3.955881
-4.158169
-2.736387
-1.638379
-1.685995
-2.157267
1.928259
2.133072
1.571573
-1.954813
-1.240316
-1.675933
-3.722658
-2.982527
-2.344248
-2.980552
-4.017157
-3.596348
-2.653534
-2.481730
-2.876147
-5.257802
2.039470
-1.702518
-0.700199
0.416405
-6.577427
-4.397163
-2.147205
-3.311838
-4.268857
-3.824833
-3.198106
-1.985856
-2.444020
-0.362117
2.360539
-1.521431
-0.620260
1.814205
2.097071
-2.755562
-2.747707
-2.417731
-3.089715
-2.560111
-2.219167
-1.488262
-1.221474
3.294635
0.908132
-1.582415
-0.704767
-0.186763
0.736991
-1.669489
-3.429350
-2.038731
-1.383795
-0.298074
-0.467592
-2.429206
-2.151462
0.470906
0.717004
-1.656038
-0.268680
-0.786523
1.039244
-1.603545
-1.364887
-2.971113
-0.267248
1.039739
-0.898385
-0.813517
2.239354
2.588342
-0.183019
-1.571310
0.211968
-1.402336
-0.011307
2.580984
3.110288
-2.065348
-3.664120
0.285208
-2.893712
1.539738
1.788522
1.200772
-0.490510
-0.836239
0.748863
-0.956789
-2.115263
-0.442334
1.220611
-2.653674
-3.519768
-1.436107
-0.264000
-1.165005
-0.851920
0.202584
-0.214924
-0.504969
0.272555
-0.746550
-2.208843
-2.141340
-1.016315
-0.785458
0.485166
-0.066239
-0.979126
-2.001219
-2.065703
-0.791505
-0.464076
4.036373
3.252844
2.253685
1.387279
1.358132
0.740427
1.035893
1.049136
0.893934
1.241954
0.941875
1.200553
3.115144
4.759292
-1.087595
-2.244143
1.454776
1.466824
1.357405
1.864011
2.241394
2.759259
2.396996
1.229195
1.073574
1.188511
0.325173
0.490307
0.098813
1.743544
1.764824
2.153432
2.143265
2.085716
1.810455
0.173998
0.752638
0.743912
1.969327
1.722350
0.053968
0.792796
2.483053
0.870034
-0.465006
0.765363
-0.201486
-1.460433
-0.056955
2.268523
5.709614
4.194566
2.091107
-0.067888
0.406638
1.394209
2.928151
1.941244
0.472816
0.808439
-1.897306
0.818037
4.500786
0.052790
1.345072
2.888072
-1.640003
-2.833081
2.420790
2.294600
3.656414
2.074037
0.063418
1.020710
-0.704077
-0.257527
-1.770549
-3.809118
-3.383879
-1.811005
-3.031798
-2.141122
0.158888
1.956465
3.750565
0.781674
-0.573215
-2.296523
-2.375969
-0.659843
-1.363868
-2.575939
-2.151251
-1.831339
-2.478382
-4.056593
-5.844894
-0.530127
3.539156
0.871836
0.081593
-5.436723
-1.862197
1.670921
-0.160388
-1.514154
-1.325064
-1.116918
0.420905
-0.748088
0.257082
1.600564
3.408169
1.416936
1.791993
4.905761
4.234143
2.267693
0.611510
-0.258684
-0.039783
-0.006488
0.383079
0.367708
2.398352
1.615266
3.571722
1.303736
0.841289
0.245697
2.112411
3.423782
1.684373
-0.084265
0.107588
0.844147
0.460911
0.434716
-0.716144
1.276807
3.577742
1.751447
2.007698
0.964086
-0.011948
1.051636
0.917470
1.873631
-0.019668
0.087202
1.456717
-0.282854
0.588594
1.517872
3.419166
1.972817
2.272090
3.659361
2.171112
1.920007
2.337471
-0.375391
1.827346
0.811853
0.787525
1.080943
2.438513
1.791169
2.861598
0.866506
0.837700
1.815724
1.830499
0.783508
1.204383
2.241323
4.114595
1.795891
0.356308
1.308925
0.635800
1.600988
1.323293
-0.287624
-1.461898
-1.049282
-0.419986
0.058352
-0.783135
-1.837194
-1.925154
-1.445836
-1.483937
-1.411609
-1.524902
0.683231
1.926453
0.621482
0.551662
1.086453
1.572051
2.380981
2.832467
2.762202
2.008594
1.847819
1.717009
0.969297
1.482029
2.390364
-1.442487
4.026155
2.167240
1.894427
1.955466
2.316281
3.363689
3.213484
2.904294
2.980608
2.323148
2.124847
3.048339
-3.110876
0.196332
-0.120705
-0.389550
0.046868
0.829331
1.114630
1.474553
1.610829
1.206346
0.354486
0.461492
0.827273
0.911025
-1.583966
-1.044092
-1.500569
-0.273683
0.405115
0.669494
-0.882972
1.283620
-2.282950
0.135874
0.553211
-2.201015
-1.566260
-0.475772
-1.253459
-1.576636
-1.513689
-0.265514
0.493518
-3.599547
-2.261092
-0.186495
-1.251058
-0.429543
-3.787218
-7.470108
-2.890819
-2.023185
-0.996921
-1.566971
-0.528958
0.373746
0.222588
-1.589776
-3.791505
-0.729552
1.653948
0.876190
-2.651127
-4.812882
0.339240
-0.302716
0.298185
-1.219835
0.896904
1.322123
-1.682485
0.874453
-0.432559
1.056218
1.689495
1.437618
0.317302
-0.481241
-3.670424
-6.223550
-0.353157
-1.079462
1.230618
2.321699
-3.073248
-0.444200
-0.369487
0.781347
0.791242
0.873666
0.639063
-0.769946
-2.940600
-2.726514
0.207018
-0.926863
1.170849
3.400434
1.978436
2.262975
-0.466447
0.808975
1.086486
1.080440
0.755174
-1.344409
-1.387890
2.082874
-0.087309
-0.748682
0.972478
3.125220
2.664379
2.178248
-1.023042
-0.441617
1.207958
1.615067
-0.117154
-1.708179
-3.253386
0.507837
0.787735
-0.646945
0.544035
2.183797
2.218312
2.648911
4.436226
-1.142723
-1.399613
1.789091
-1.022603
0.469303
4.034613
2.237887
0.114612
-0.425493
0.470632
1.871242
2.816390
1.422515
3.308225
-2.236788
-6.055414
0.891924
-3.446317
1.710152
2.708436
2.127660
-0.501154
-0.465947
0.656509
1.800351
2.228591
1.635413
-0.744931
-6.651728
-7.220238
-1.027772
-3.352929
-0.431595
1.330358
1.318629
-1.227227
0.958822
0.425661
1.344874
1.851774
1.127041
0.970554
0.767792
0.902617
1.903351
2.048283
1.228931
0.934586
1.418695
-0.189778
-4.687502
-3.413051
-2.665791
-2.117020
-2.059731
-2.327102
-1.853105
-1.625308
-2.001754
-1.845243
-2.142175
-2.273322
-2.826591
-7.006027
-2.540444
-0.315403
-1.041859
-0.767382
-0.411884
-0.651151
-0.155317
-0.373063
-0.466273
-0.125404
-0.481007
-0.731167
-0.601640
-0.917703
-3.343526
-0.026350
-1.228383
-0.309773
0.290558
0.415942
0.809007
-0.632074
-1.057437
0.314029
1.061157
0.345735
0.938477
-2.213989
-2.365728
0.099017
0.801181
2.225694
3.798522
2.105248
0.116095
1.127552
1.171429
1.012906
0.347757
2.831501
1.407120
-0.994016
-1.707575
0.757366
1.504316
3.291296
1.768461
3.769188
4.505036
3.212682
4.311173
2.583243
2.219663
5.301394
3.008638
-0.634246
-0.985216
1.117691
2.539935
4.279602
4.352241
2.762351
4.087579
6.445878
6.240499
6.138102
4.232456
8.850243
4.117970
1.035058
-0.848462
0.617078
3.283676
3.925660
5.680880
4.358843
4.833019
4.940314
4.944660
4.924153
3.816072
5.305707
3.109544
1.665202
-0.785042
0.218569
1.993876
0.612223
5.583095
3.626904
4.223173
4.904725
4.937129
3.548297
2.220121
2.593261
0.011338
-0.009763
-0.612015
0.049280
0.661458
0.707100
4.411596
3.323363
3.814351
4.264063
3.866103
3.417106
2.661328
5.310875
3.674826
0.084713
-0.527718
0.447835
0.158174
-1.442844
3.288945
4.672904
4.671270
4.659220
3.699573
4.548612
5.176182
5.449251
3.094009
-0.485189
-0.679591
0.839251
0.881814
0.629463
-0.595694
5.244020
2.124209
-1.070847
-1.532618
1.826437
4.098207
6.728491
3.100760
0.432071
-1.236051
0.959582
1.332687
2.302025
2.116113
-0.066568
-2.054751
-7.822539
-5.195473
-3.791189
0.466928
2.192505
1.072404
-1.181880
-2.513087
0.215220
0.564315
1.387889
1.918049
2.481502
-2.445021
-9.495199
-4.936285
-2.751553
0.483887
1.620792
0.060190
-1.470300
-3.908737
-1.534282
-0.799506
0.040116
0.196330
-0.186472
0.412140
0.548976
1.066899
0.700116
-0.184801
-0.909362
-1.147264
-2.820767
-4.332324
-3.619946
-1.234358
-0.371086
-0.255114
-0.419466
0.254066
0.633924
0.248409
-0.005022
-0.508080
-0.511699
-2.412490
-2.360688
-0.599512
-2.820268
-1.948091
-2.039989
-1.985733
-1.772800
-1.937440
-2.068639
-1.938941
-1.765990
-1.737780
-2.077666
-3.016842
-2.311926
-2.389811
-1.602262
-1.900598
-2.568743
-2.777855
-2.956967
-3.214762
-3.474399
-4.100141
-3.988983
-3.458607
-2.803243
-3.268384
-2.059821
-1.659394
-0.872481
-1.133096
-1.372684
-1.378659
-1.169157
-1.158515
0.500328
0.370639
-1.044415
-2.224822
-1.326053
-2.230232
-1.166645
-1.779409
-0.704293
-0.587594
-0.789288
-0.918540
-0.675571
-0.171445
0.414518
-0.265697
-0.961545
-0.681608
-0.810183
-2.011352
-1.825010
-1.807338
-0.686222
-0.290478
-0.451570
0.721337
-0.064604
-0.844323
-0.300423
-0.532058
-0.407277
0.573894
0.460155
-0.652330
-1.544669
-1.721463
-0.541431
0.520061
-0.986380
0.730411
0.453713
0.137964
0.516645
0.608216
0.511599
1.250067
1.744025
-1.137629
-1.475433
-1.653774
-0.302035
1.471624
1.701448
-0.861933
0.733484
1.031684
0.824573
0.685069
1.364761
1.054281
0.754025
-0.515616
-1.795326
-1.618119
0.092462
1.804360
3.832002
2.083502
1.328098
1.235168
0.800395
0.915192
1.525073
1.274685
1.745786
1.158704
-1.942287
-1.588941
-0.073865
1.066261
2.045425
0.014136
1.388431
0.400270
0.175353
0.289532
0.540657
0.865419
0.733781
0.640439
-1.951354
-1.535558
-0.274634
-0.071481
-0.434590
-1.222995
-1.237491
0.427384
-1.014534
-0.754999
-0.255894
0.287355
-1.670041
-1.831577
-1.775461
-1.452479
-0.371540
-0.185683
-0.838341
-1.469961
-0.285899
-1.622739
-3.172098
-0.271983
-0.839077
-2.298790
-1.476701
-1.992142
-1.375264
-1.300438
-0.325599
-0.273741
-1.061098
-1.457993
-1.374123
-3.166312
-3.798402
-0.117617
-1.338254
-2.320114
-1.473735
-1.797547
-0.670608
-1.757135
-1.955454
-1.831974
-2.029915
-2.225946
-2.425939
-3.241773
-4.611874
-4.409819
-3.694986
-2.931336
-2.238405
-2.567994
-1.367527
-0.043619
-0.354163
0.340727
0.469043
0.742206
0.619411
0.376284
0.159291
0.178907
0.233274
0.480072
0.451108
-0.144989
-0.864879
-0.676338
-2.074090
-3.772066
-4.148616
-4.812274
-4.587774
-3.957906
-2.431441
-3.419259
-4.653591
-4.766631
-4.229284
-2.556311
-2.964688
-1.595484
-1.441904
-1.354666
-1.907877
-1.446993
-1.251241
-0.480432
1.964037
1.231650
0.585732
0.861747
0.236367
-1.153804
-1.197397
-2.742327
-0.613847
-0.736390
-1.358452
1.508782
0.860923
0.844732
6.568861
2.839113
1.789093
3.261221
2.505961
1.784741
-2.298147
-2.709476
0.049217
-0.016876
0.810757
3.325565
2.177767
-0.248241
1.341057
0.065909
2.341587
4.158546
2.171394
2.674492
-2.619999
-2.763669
0.595446
1.239216
2.106866
2.022375
2.312119
-0.162540
-0.405003
0.219362
-0.038520
0.902515
3.613110
4.590868
-0.106915
-2.814808
0.941801
1.289793
2.063287
0.565063
0.707037
-0.615911
-1.085348
-0.485368
0.142105
-0.036700
4.314462
9.917288
-0.510948
-2.696440
0.606442
2.099246
4.830887
4.778196
1.216738
-0.348854
-1.135843
-0.949555
0.557327
3.539622
4.257993
8.119736
0.383161
-2.716418
0.478361
-0.068570
1.311483
1.953392
1.048979
-0.549356
-1.095708
-0.983068
0.851038
3.294053
3.100248
4.686836
1.221173
-2.917097
0.626938
-1.152249
-0.381917
4.519009
-0.942632
-1.941934
-2.719879
-2.090676
-0.195359
2.734159
7.649564
8.323058
-0.671971
-2.985398
0.341548
-2.019382
-2.738616
2.131976
-0.104048
-3.166958
-4.951563
-3.910830
-0.839982
3.444717
2.136768
0.684451
-1.621344
-2.943585
0.147255
-1.699491
-3.748826
-2.790908
-0.375034
1.443241
1.422532
2.140916
2.257149
2.870711
0.227428
-0.669818
-1.734451
-2.566345
-0.118760
-0.590058
-1.715840
-2.453276
-2.340793
2.478050
5.615466
3.333503
0.605023
-0.686749
-1.204523
1.025470
-1.393522
-2.214698
-0.887007
0.010496
-0.605147
-0.233697
-1.131767
-1.752427
-2.412249
-1.593893
-0.431460
-1.087482
0.974795
0.972646
-2.073716
-5.201759
-3.752867
-3.228166
-3.022221
-2.491793
-1.901021
-1.945365
-2.838315
-2.694147
-2.428299
-2.003686
-1.716000
-3.235673
-6.863086
9.182544
3.671233
3.641658
3.117798
2.759427
2.353012
2.263056
2.261480
2.064534
2.384996
2.626563
3.323523
4.587469
8.484569
4.271173
3.662422
2.889181
2.530722
2.130197
0.836627
-1.566458
-1.121091
-2.004720
-1.642876
1.274632
1.820955
3.265166
2.986872
2.282619
2.040757
0.652457
-0.175387
-0.828325
-1.725769
-2.972751
1.562975
2.205234
-0.910197
-1.266233
-1.188041
0.291189
1.663258
1.912058
1.494980
-0.341657
-2.046739
-1.816923
-3.014764
2.207775
3.220917
4.245809
4.318190
0.309174
0.410611
-0.371030
1.455676
1.782178
0.834446
-0.822448
-2.822556
-2.707720
-2.720462
0.412893
3.944008
4.956654
2.648924
2.539921
1.238356
-0.748960
0.416652
1.929192
0.148220
-1.891622
-1.045345
-2.028896
-2.354724
-0.363430
2.917190
3.662591
1.680911
-0.675736
-3.325012
-2.029076
0.489441
2.054203
0.380686
-0.838616
-1.017438
-4.567683
-1.656106
-0.662611
2.582653
3.501626
1.258349
-1.838384
-1.575464
0.828423
0.555375
2.304373
0.311468
-1.882893
1.101588
-0.721422
-1.473941
-0.837872
2.327593
3.198895
0.645616
-0.456543
-0.743119
-0.222333
0.066297
2.372693
1.001638
-1.568889
1.243060
2.199116
-1.430908
0.226973
3.394988
3.920599
2.423687
-0.705181
-0.533369
1.634662
-0.190143
2.287677
1.784297
-0.835586
0.090461
3.221447
0.748845
1.622229
4.472301
3.817477
1.645403
1.194190
2.209442
2.617269
0.621265
2.154604
2.290863
0.208511
-0.150598
0.083559
3.208043
3.075964
3.139445
1.731044
1.022693
0.485920
1.766351
0.179212
0.989346
2.077117
2.214296
1.269538
0.318979
-0.544467
-0.715255
3.122850
2.565360
2.142369
2.320328
0.908577
-0.410600
0.537728
1.305213
2.777997
2.386905
1.709309
1.603395
1.286186
0.090924
-1.268959
1.156328
1.607169
2.207229
2.474441
1.822684
1.511180
1.666845
6.612960
3.145728
3.272278
3.467916
3.682664
3.018119
2.992487
3.040369
3.429207
3.809751
3.216890
3.426769
3.616783
6.941062
2.671686
1.540748
1.212378
1.294649
1.307318
1.003473
0.808328
0.337837
0.411556
0.896499
1.029626
1.006705
0.598652
1.291609
1.608628
0.010935
0.505316
0.185776
-0.201570
-0.334567
-0.684955
-1.100582
-2.342471
-2.106707
-0.997417
-0.032657
0.679426
-0.011699
1.242281
1.820471
1.572017
1.207286
0.801620
-1.414910
-2.683331
-3.574477
-4.234023
-3.716677
-2.705663
0.430080
2.586199
1.042863
0.981818
2.071325
1.963613
1.039927
-1.398104
-3.029607
-3.890333
-2.027178
-1.560440
-3.815563
-2.346791
-0.159707
2.929218
1.823489
1.065871
2.247360
2.546669
0.287072
-1.619171
-1.399544
-0.863689
0.022179
-0.469400
-0.552267
-0.314232
-0.771586
1.313413
0.836501
1.162050
2.702993
2.654777
0.004028
0.721768
0.390333
1.214740
1.359397
0.989838
1.419525
1.063476
0.116480
2.197638
1.961098
1.137537
2.808877
1.731657
-0.266062
-0.146023
1.728148
1.677252
2.022322
1.964654
1.542716
1.762375
1.531315
2.347647
2.425104
1.032754
2.553371
2.094854
-0.919410
1.503583
2.611184
2.501128
2.139468
1.891728
1.882188
2.345873
1.624420
3.209677
2.626405
1.007249
2.171947
2.485154
-0.063949
2.688719
1.888437
2.330628
2.370621
2.030217
2.536165
2.718659
1.644503
3.611128
2.263448
1.029467
1.892470
2.318797
1.653347
-2.038264
-1.989066
-0.288880
1.760263
1.466434
2.116970
1.286287
1.921048
2.940703
1.799321
1.071605
1.961583
1.712954
1.225789
-1.593860
-3.627328
-1.979838
-1.363236
-2.061349
-1.033364
-0.421092
0.040121
2.147151
0.535369
1.291496
1.852935
1.479982
1.274700
0.179690
-1.303902
-1.595885
-2.672700
-3.759923
-1.854870
-0.510136
1.130288
1.808291
-0.102600
1.295018
1.513667
1.277561
0.862076
0.477112
0.611422
0.377275
0.627509
0.242440
0.087633
0.500509
0.664201
1.507924
-0.549527
1.344072
-0.502432
0.034799
0.170156
-0.037516
-0.105525
-0.252087
-0.198485
-0.199931
-0.266506
-0.124263
-0.068493
-0.446702
0.240707
-0.425794
0.449394
1.176365
1.361833
1.669495
1.571487
1.908891
1.714714
1.700926
2.091885
1.580340
1.172664
-0.040391
0.694535
-0.708595
-0.427805
1.615440
1.748244
1.642111
1.416120
-0.288792
-2.327450
-1.388636
0.014542
1.186360
1.627558
0.559209
0.786433
0.277706
0.275237
2.463479
2.313804
0.944398
-0.857953
-2.783272
-5.751327
-1.749910
0.267754
-0.114235
1.265671
1.426322
2.207333
0.187363
0.560620
1.885083
1.228306
-1.144826
-1.206773
3.441874
-1.118857
0.578410
4.556720
-0.271503
0.590826
-0.277178
1.481195
0.155164
0.893459
1.980192
0.461346
-0.477847
0.101543
0.491855
1.665044
2.106983
2.769646
3.742159
0.944750
-1.045176
0.369795
-0.084316
0.768290
1.270638
-1.547752
0.455851
0.772200
2.742219
4.330319
4.115729
4.105883
2.545407
2.482716
-4.126324
0.943915
-0.172024
0.327564
0.263405
-0.274109
1.803792
1.095329
2.307322
3.324392
3.511844
3.687483
2.079172
1.248415
-2.325225
-0.871700
-0.253769
0.205129
-0.918745
-1.630803
2.020066
1.876641
2.672824
2.872592
3.196971
3.347465
2.313090
0.366478
-1.894526
-0.880899
-0.258836
0.003454
0.139189
-1.942376
-0.957928
1.759153
2.940669
3.624552
3.379636
3.619343
1.639250
-1.498119
-5.822016
-0.018639
-0.351831
-0.367850
-0.203500
-2.208120
-1.900136
3.093200
2.902349
1.312618
1.198000
1.259185
2.189070
-1.655581
-4.664913
0.519528
-0.500736
-0.679202
0.073443
-0.523281
-1.496003
-0.860467
1.865450
1.124679
-0.655702
0.035762
-2.894369
-0.762217
-1.153018
1.359442
-0.478061
-0.674787
0.489532
0.749939
0.753783
-0.275347
-1.146340
-3.485437
-2.957165
-1.306699
0.804778
1.554056
-0.147216
1.175084
-1.037515
-0.821529
0.649392
0.212032
0.453978
0.665318
2.194489
1.088701
-0.241644
1.169888
1.101796
1.165477
0.430557
0.400731
0.256511
-0.155731
1.257799
0.904845
0.914062
1.088418
1.018636
1.236179
1.287009
1.081855
1.122685
1.599984
-0.058792
1.046558
0.023394
0.925483
0.757518
0.866392
0.906728
0.827247
0.890241
0.638300
0.526437
0.971908
0.648592
0.534594
0.567127
0.166931
1.222387
-0.150994
1.393486
1.098463
0.860391
0.487433
-1.365321
-1.404630
-1.237745
-0.317537
-0.105576
0.401859
-0.650032
0.755437
0.526033
0.412129
0.716561
0.495072
-0.534861
-0.763448
-0.595459
2.860350
1.306418
0.080487
-1.503386
-1.820546
-0.602147
0.191637
0.330130
-0.219556
-0.662251
-1.711748
-1.333811
3.893040
4.500787
-0.258340
-0.934137
2.420445
3.916516
-1.223754
-3.750395
-0.713139
0.312006
-1.059065
-1.568587
-2.257950
1.057043
3.138376
0.787147
-0.846119
-1.949739
-0.105484
0.617690
-1.028009
-2.286955
-1.825399
0.034623
-1.948578
-2.941529
-0.129628
2.270561
1.968059
0.372247
-0.293648
-0.437914
-0.862466
-1.501336
0.239849
0.856707
-4.263959
-0.073206
-1.660999
-3.725629
2.111316
5.072211
1.217934
-0.632231
-0.846656
-0.538819
-1.432493
-1.752255
-1.196587
-2.891351
-2.913444
0.066282
-0.745347
-1.919779
-0.270625
2.557727
0.680767
-1.127794
-1.255359
-1.152358
-1.884247
-2.587046
-2.056419
-2.879482
-0.686608
0.220486
-0.515561
-1.701784
-0.867966
2.752778
0.006211
-1.162769
-1.705547
-1.665121
-2.562881
-1.338862
1.087721
-2.778099
-1.030885
0.137661
-0.585900
-1.295622
-3.011522
-2.298841
-0.337044
-2.109697
-2.381516
-2.232758
-2.765779
-0.054542
-1.602007
-3.755333
-0.438259
-0.033186
-0.548097
-0.293031
-1.832729
-3.021451
-1.825231
-3.930725
-1.457478
0.791030
-2.352695
-2.793226
-2.998977
-2.558825
-0.670794
-0.060832
-0.494520
0.145772
-0.410282
-1.372944
-1.632693
-4.779282
-1.550783
-0.994222
-4.232375
-3.682847
-1.911441
-1.343513
-0.586804
-0.277889
-1.190247
0.425513
0.462053
0.359443
-0.237812
-2.737236
-2.838606
-2.060766
-1.461045
-0.658508
-0.262985
-1.010228
-0.692806
-1.002473
-0.246758
0.255091
0.325280
0.422623
0.311873
0.136912
0.053655
0.149962
0.245267
0.045867
0.456622
0.133678
-1.156182
-1.159114
-0.375673
0.124255
0.207388
0.366894
0.344832
0.658511
0.874995
0.740328
0.555724
0.527853
0.353495
-0.618533
-1.507456
-0.764517
-2.868410
-2.792336
-1.930755
-1.887043
-2.095918
-1.200074
-0.707760
-1.407627
-2.197517
-1.856565
-1.776656
-1.947702
-1.500665
0.022816
-2.195800
-0.709162
-0.166622
0.621690
0.774169
1.224357
2.966497
0.326561
-1.150932
-0.173723
0.019217
-1.363113
0.474309
0.573712
-2.100642
-0.719311
0.143305
-0.101798
1.791524
3.580760
-0.174373
-0.863011
-0.404183
0.370850
0.288771
-1.818355
0.657490
0.787847
-1.764948
-0.438147
0.447127
1.084799
1.119706
0.506464
0.866732
1.318414
1.043201
1.215759
-0.649123
-1.501435
0.306335
0.822452
-1.455313
-0.100164
-0.157765
-0.182968
1.933884
2.480616
1.836003
1.751701
1.508762
1.320721
1.211747
0.198207
-0.163104
0.807834
-1.154051
1.029879
3.462885
5.364111
1.242481
1.830482
1.556389
1.250959
1.017238
2.136968
3.489620
3.189763
-0.506034
0.816829
-1.169341
1.067808
-0.555436
2.297390
1.461470
1.726912
1.387113
1.098793
1.223182
1.544978
3.304638
1.497449
0.067112
0.921247
-1.430246
0.507679
-0.992081
1.258771
0.717667
0.849753
0.923358
0.811122
0.895921
1.025088
1.643299
0.020922
0.153453
0.995429
-1.544751
0.360200
-0.181526
-1.613142
1.217043
0.114045
0.556828
1.444111
0.656613
1.175330
-0.598735
-2.576657
0.267776
0.977533
-1.486701
0.212271
0.811343
-0.844412
0.067343
1.009344
6.013772
5.815253
1.248853
-0.070956
-2.382177
-0.999439
0.364836
0.874887
-1.564688
-0.413125
0.465633
0.613249
-0.676747
-2.539703
3.821307
3.536810
-1.028893
-1.259023
0.123819
-0.865534
0.610158
0.188815
-2.591225
-1.185596
-0.679180
-0.446653
-0.357182
0.192140
0.532839
-0.399915
-0.213234
-0.816915
-0.853426
-1.200385
0.079092
-2.713540
-2.976473
-1.280339
-0.753503
-0.942470
-1.102573
-1.430345
-1.477752
-1.683626
-1.722862
-1.499558
-1.404053
-2.943238
-3.173799
4.229865
4.668191
4.381854
4.371259
4.172489
4.542801
4.529466
4.890416
4.894317
4.772573
4.811803
4.367390
3.686428
2.879567
4.689565
5.479199
4.774111
5.210152
5.558021
5.814593
5.010944
5.088890
4.799470
5.348409
6.227349
5.926770
5.286340
4.314899
3.206892
4.102122
3.051141
3.948764
3.467652
2.364988
1.896152
2.468846
1.742194
2.385227
3.082692
2.610366
5.432140
3.274884
3.396190
4.013331
3.443834
3.885042
3.152982
4.743692
1.138615
-0.538742
-0.658657
0.190838
3.584822
3.234644
4.855567
4.139434
3.345838
4.178914
3.568507
3.212405
3.626446
3.608946
1.699244
1.112213
1.371361
1.665485
0.943774
2.600855
3.721915
5.092852
3.101519
4.313375
2.494859
2.172708
1.906664
2.059963
1.518041
1.405545
1.721757
1.867439
1.023257
-0.591959
1.989555
4.886083
3.069421
4.673955
2.487646
0.583111
-0.127746
0.317016
1.076817
0.966722
1.034095
1.424104
1.618840
0.985036
3.538201
5.281397
3.124661
4.820921
3.296470
3.383050
-0.567059
0.238456
0.524875
1.209968
1.154923
1.587775
1.543553
0.789904
4.026553
5.242990
3.122853
4.676892
3.401774
3.025156
0.183166
1.344873
0.460967
1.204131
1.482961
1.266968
1.047835
0.073331
3.651170
4.682309
3.114886
4.309323
3.470044
2.310287
3.095772
0.733011
-0.132271
0.963298
1.488961
0.682259
-0.047195
2.858792
4.858566
3.745749
3.140261
4.143981
3.148810
3.761714
2.258439
2.434286
0.194435
-2.042745
0.974156
1.400118
3.132398
4.500227
4.735966
3.710063
3.281491
4.031126
2.976470
3.910183
3.706517
2.776652
2.161467
1.279250
3.890184
2.545985
3.958280
3.677526
5.715962
3.604712
3.127875
4.477538
3.766256
4.537288
4.769068
4.826159
3.715144
3.530264
3.202771
3.958140
4.696925
5.121536
4.517940
2.622668
5.515679
4.787022
4.975331
5.199801
5.093914
5.254685
5.546139
5.599720
5.666449
5.581645
5.316686
5.129909
4.518431
5.290861
0.211719
1.784719
1.383962
1.013202
0.595261
0.434668
0.566106
1.029996
1.031990
0.641760
0.493131
0.807924
0.747793
0.466065
-0.870061
-0.949636
-1.204624
-1.378754
-0.905756
0.583853
0.649191
1.320035
1.108647
0.951583
0.509797
0.093766
-1.048937
-2.081926
0.310873
-0.249889
-1.311173
-1.309846
-0.128100
2.283794
2.216344
1.577488
2.593253
4.013793
3.058228
0.920990
0.891373
-0.766358
0.137797
-0.258022
-1.116818
-0.207395
2.869830
-0.195012
0.906458
-1.604165
-1.396523
2.077863
0.241620
2.634648
1.582345
-0.457565
-0.019478
-0.611716
-0.727016
0.850556
1.390473
-2.101273
-0.926463
-1.325735
-1.458993
-1.718669
-0.879917
1.060603
3.058995
-0.305124
-0.123102
-0.453498
-0.372301
2.516636
-1.458669
-3.762729
-1.973242
-2.325163
-2.480962
-1.806924
-1.458828
-0.243173
2.410611
1.210996
-0.235042
-0.350814
1.084030
3.381833
-2.150675
-2.189503
-2.228084
-3.077186
-2.992305
-2.246720
-0.608288
-2.203579
2.143792
2.519706
-0.301426
-0.935278
0.169657
5.693526
0.796232
-2.939568
-2.262402
-3.235615
-3.094526
-2.231630
-1.531814
-0.800503
2.038843
1.665684
-0.273387
-1.159793
-0.789010
4.027367
1.153701
-3.109002
-1.818546
-2.746798
-2.761818
-1.767031
-1.588565
1.061069
2.210552
0.357474
-0.174967
-0.900904
-1.028196
-0.083572
2.698261
-2.110752
-1.850864
-1.864605
-1.529982
-2.451191
0.493115
1.584082
1.674201
-0.747039
-0.148246
-0.535613
-1.339335
-0.371245
1.531902
4.115812
-2.383691
1.655802
4.087495
0.597759
3.102207
3.919351
0.571197
-0.810130
-0.122638
-0.178894
-1.057177
-1.037855
-0.393455
-0.392008
1.898157
5.735088
6.733725
2.882704
1.530548
-0.257440
0.053110
-0.833870
-0.748549
-0.924013
-1.410298
-1.785055
-1.739839
-1.222003
-1.037868
-0.676039
-0.429123
-0.880829
-1.419069
-1.239361
-1.242809
-1.466612
-1.241354
-1.567864
-0.962136
-1.195438
-1.419280
-1.827424
-2.102262
-2.236044
-2.329604
-2.235887
-1.813434
-1.379636
-1.807021
-0.822735
1.072104
0.468043
-1.513687
-1.194193
-0.257603
-0.549878
-1.926549
-3.201691
-3.274878
-2.342011
-1.297231
-0.285848
0.085984
1.591160
1.497575
0.102330
-0.875461
-0.623723
-0.344542
-1.755152
-2.362931
-0.371632
-1.511228
-3.193194
-2.629373
-1.607196
0.661704
0.664567
0.109393
0.821049
0.171781
-0.362101
-1.098533
0.385953
2.215076
5.779023
3.131918
-1.624650
-0.526766
0.222137
1.031914
0.247580
-0.193106
0.503386
-0.298648
-1.475141
0.282917
2.398727
4.101125
7.570868
8.270872
3.837931
2.594965
0.322634
-0.068633
1.214444
-0.383087
-0.385647
-1.457035
-1.702489
-0.309422
-1.293317
0.395495
2.685286
3.315763
1.398855
-0.621510
-1.308365
-0.269676
-0.581709
-0.464726
-1.579762
-3.409984
-2.077792
-1.456578
-1.209741
-0.874016
1.301967
1.728879
0.124859
-2.373643
-0.573196
1.088035
-1.333970
-0.421892
-1.510332
-2.848696
-0.451481
-0.388885
0.096889
-0.671920
0.851496
1.257031
-0.582646
-4.115941
-2.868270
-1.052413
-1.168629
-0.574784
-1.726610
-3.480253
-5.328967
-5.179249
0.761966
-1.515307
-0.772822
-0.225307
-2.264155
-5.044796
-5.887138
-2.417187
-1.315557
-0.828209
-1.328794
-2.440604
-3.087435
-4.989099
-1.062499
-2.458126
-2.521998
-2.336924
-3.458096
-5.303207
-4.598368
-1.401109
0.602554
-1.154114
-1.703607
-2.318385
-1.927242
-2.857475
-4.567126
-3.756743
-3.607240
-5.059355
-5.153383
-5.253024
-1.608721
0.946268
1.316671
-1.254343
-2.530047
-2.880353
-2.060574
-4.277222
-7.129050
-2.098794
0.027475
-3.174716
-4.454838
-5.560835
-3.794581
-0.486145
-0.461044
-1.106948
-3.032208
-3.805518
-3.685790
-2.892432
-5.669451
-2.380241
-1.819048
-6.225168
-3.126239
-2.821492
-3.137294
-2.093493
-1.428170
0.227764
-2.467252
-2.709192
-3.299422
-3.063650
-3.039752
-3.433086
-3.334238
-3.379862
-1.950105
-1.242428
-2.451830
-3.967514
-1.183825
-2.837756
-2.339648
-1.873365
-3.000502
-3.505875
-4.392907
-3.887240
-3.272238
-3.305089
-3.519152
-3.939446
-2.939816
-2.792245
-3.239327
-2.638455
-3.164589
-2.854236
-2.503740
-2.241967
-3.152543
-3.884129
-3.486926
-3.301703
-3.395131
-2.683830
-2.365508
-2.482839
0.132351
-3.386428
0.206927
-1.291136
-0.973834
-2.237660
-3.875987
-2.418976
-1.882572
-1.898322
-2.289373
-2.384542
-1.615659
0.980221
-0.597261
-3.779957
-0.194857
-1.695897
-1.928708
-2.902010
-2.644557
-2.280342
-8.221832
-6.283595
-2.949853
-3.567943
-1.348675
0.716468
-1.997217
-2.952075
0.647596
-1.026655
-0.799639
-1.402729
-1.314566
-1.521595
-6.327278
-5.862576
-0.708945
-0.750065
-0.476960
1.224102
-2.893470
-2.484660
0.660490
-1.077516
-0.531889
-1.828836
0.058051
0.149310
1.006952
1.423689
2.765971
1.884799
1.472268
0.780886
-1.814995
-2.616596
0.094329
-1.316902
0.182331
1.969932
-0.390876
-0.214276
-0.249426
-0.190932
-0.325972
3.995235
5.421124
2.217084
0.628858
-2.679850
0.373129
0.022625
-2.647739
-0.117501
-0.154654
-0.534412
-0.176272
-0.473188
-1.138718
1.520848
4.373437
4.074217
-0.936319
-2.612291
0.346127
-0.040814
-0.602265
-1.984016
-1.623875
-1.491970
-0.802813
-1.058103
-2.169440
0.524108
0.691888
2.578917
-3.172113
-2.665327
0.494045
-1.475938
-1.064964
-0.804349
-2.061667
-2.524967
-2.643802
-2.952561
-2.873374
-0.213506
0.645854
1.267966
-3.439444
-2.875191
0.336292
-1.493920
0.345572
0.381316
-1.193151
-2.440856
-0.526766
-0.736485
-1.525018
-3.195946
0.931626
1.734084
-2.750967
-3.318281
0.014850
-1.393394
-0.359960
1.099328
-0.894613
-1.571305
-4.363287
-2.753835
-3.725361
-1.365129
0.220854
1.640593
-1.812126
-3.805054
-0.721892
-1.884180
-2.060757
-1.886006
0.445881
0.188378
-4.906878
-3.474921
-3.565043
-1.338164
-0.111534
1.659783
-1.688787
-4.218091
-0.780649
-2.079482
-2.211982
-2.762708
-3.157417
-1.681619
-0.262518
-2.128952
-2.164996
-2.140612
-1.863732
0.314427
-2.223557
-5.279210
-4.447383
-4.794025
-4.498908
-4.682807
-4.959905
-5.081841
-4.899711
-4.237926
-4.026670
-4.366418
-4.344300
-2.998452
-3.959944
-2.307601
-2.209243
-3.034379
-2.889354
-2.846562
-2.883636
-2.789441
-2.531143
-2.642277
-2.969578
-3.144462
-3.112080
-3.340870
-2.597490
-0.888373
-0.244211
-1.458142
-1.334604
-1.389974
-1.315032
-1.268292
-1.107217
-0.755151
-0.622449
-0.716403
-1.013674
-0.535132
-2.236094
-1.145143
-0.835173
-0.964676
-0.581820
-0.450697
-0.208581
-0.588217
-3.931679
-1.196619
0.693497
0.665057
0.706645
-0.287983
-2.134285
-1.231544
-0.846566
-0.431084
0.383332
0.256867
1.643087
2.241589
-0.662862
-0.267388
1.606964
0.493877
3.174443
0.811109
-1.641341
-1.181307
-0.346333
0.218417
0.816011
0.818629
0.793436
0.108656
0.089428
0.216380
0.435638
1.841443
3.046208
2.436477
-0.644683
-1.222137
-0.197498
0.695740
1.853790
1.990061
-0.243305
-0.376871
-1.232848
-1.336691
-0.303974
0.875137
1.422096
2.785036
0.754763
-1.209901
-0.256603
0.671244
2.572228
1.843912
1.034637
-0.462839
-1.418297
-1.416931
-0.637979
1.516208
0.440374
2.136592
0.566738
-1.252602
-0.468865
0.018106
2.853401
6.178559
1.575822
-0.134821
-1.410165
-1.175327
-0.410910
1.743990
1.759397
3.536123
0.138244
-1.306320
-0.607643
0.112038
1.381978
6.730638
1.833097
0.746894
-0.935499
-0.745129
0.475618
2.079498
2.565952
2.644684
-0.673780
-1.256326
-0.692759
-0.310707
0.911297
1.220250
3.399337
1.117304
0.314509
-0.352568
1.172161
3.457267
3.869294
1.014911
-0.741452
-1.188543
-0.598646
-0.437208
0.843939
1.791113
2.654260
2.990676
-1.224859
-0.840986
0.685484
2.191824
3.650497
0.564831
-1.308710
-0.971007
-0.134891
-0.102196
0.282691
0.824844
0.837551
0.539621
-1.122293
0.961848
0.308408
1.196260
0.568739
0.398407
-1.698938
-0.790360
0.752034
0.199977
0.133056
-0.035573
0.035630
0.564768
0.254233
-0.615529
-0.145470
0.365994
0.720848
0.927672
-1.103165
-0.467020
-0.492697
-0.167583
-0.417113
-0.467770
-0.260709
-0.123934
-0.020329
-0.151678
-0.326244
-0.290825
-0.067029
-0.677953
-1.147048
-4.767323
-4.075836
-3.908939
-3.510533
-2.733903
-2.093539
-1.718719
-1.547596
-1.705706
-2.415905
-3.045762
-2.704045
-2.928972
-2.948413
-4.657551
-3.689685
-3.488390
-2.245348
-2.369457
-3.285904
-3.025270
-6.150438
-6.526136
-4.894172
-3.237697
-2.822339
-2.836261
-0.999699
-2.989277
-1.244284
-1.038929
-1.551189
-3.994303
-3.463634
-0.254735
-3.430899
-1.817593
-1.329841
-4.895823
-2.518577
-2.441638
0.534017
-2.938638
-1.218753
-1.772411
-2.514409
-3.699682
1.928460
4.179337
-6.143538
-4.833659
-1.348504
-1.285025
1.967990
-2.712409
-0.211021
-2.744235
-1.353520
-2.770122
-1.879447
3.352142
-0.911588
-4.031656
-3.987937
-4.661527
-2.461702
-0.366457
3.515982
-0.960604
-1.001110
-2.707550
-2.465878
-2.369595
-0.020455
4.261430
1.071791
-0.835255
-2.964042
-2.888861
-2.686284
1.891535
-0.856646
-4.889177
0.372638
-2.577921
-2.352872
-1.305531
-3.287358
-0.979811
-0.664285
-2.138218
-2.528208
-2.992531
-3.403636
-1.147667
-0.080225
-1.435688
-0.031117
-2.708945
-2.393648
-1.000783
5.704881
9.484123
-1.955566
-2.576927
-2.683274
-2.613687
-3.186772
-1.162610
1.672598
0.416788
-0.608129
-3.063372
-2.003938
-1.190526
0.436666
2.064577
-1.023267
-2.849894
-2.978492
-2.178339
-3.089381
-3.943878
-4.437180
-5.162787
-0.159666
-3.604617
-2.017360
-2.704900
-3.163783
-5.154229
-1.499832
-3.198108
-3.482698
-3.597421
-2.697770
-1.160366
-2.733728
-5.493217
-0.421615
-4.050895
-3.051704
-3.825621
-5.614597
-4.003619
0.730555
-0.632646
-4.230015
-1.768062
0.661480
0.314867
-3.919263
-4.400251
-1.383690
-4.107810
-3.251909
-3.807916
-4.585652
-3.755504
-0.755463
-0.258037
-4.257116
1.326920
-0.093640
-2.240524
-2.585902
-3.468667
-1.345270
-3.815678
-2.673547
-3.189451
-3.489816
-2.579643
-3.146017
-2.859636
-2.308481
-2.885116
-2.603209
-2.435758
-2.717812
-3.528160
-1.194532
-3.377948
-2.372683
-3.194850
-2.965358
-2.531922
-2.159286
-2.347202
-2.844942
-2.765091
-2.881100
-2.608313
-2.394791
-2.843528
-1.541815
-9.360441
-6.110988
-4.659465
-4.127291
-3.862466
-3.807443
-3.763475
-3.761998
-3.844620
-3.910839
-3.731733
-4.059324
-4.901016
-6.929002
-6.075312
-4.479965
-4.159880
-3.433911
-3.575005
-3.995178
-3.977810
-3.510990
-3.675706
-4.040600
-3.623903
-4.018534
-4.526228
-5.508206
-4.751636
-3.518489
-3.488980
-3.459705
-2.500326
-2.641387
-2.290178
-1.044590
-1.101296
-1.688137
-3.170747
-2.413047
-3.981755
-5.449182
-4.425247
-3.283208
-2.897851
-2.496443
-1.835427
-1.065402
-0.393870
2.620925
1.814013
0.038313
-1.875606
-1.166936
-2.412899
-5.347222
-4.234673
-2.821918
-2.889317
-1.537070
-0.842217
0.998804
0.393672
-0.763861
-0.358537
0.790872
1.352970
-1.982359
-2.941131
-5.865530
-4.120013
-2.780123
-2.828819
-1.504345
-0.008883
0.965512
-0.336080
-1.138256
-1.149816
-0.362152
0.199235
-1.297686
-3.528247
-5.763702
-4.048837
-2.683111
-1.365116
-0.529994
4.646637
0.472568
-0.821311
-1.337263
-1.282619
-0.804963
0.125270
-0.576751
-2.869505
-6.296803
-4.059677
-2.876093
-0.960017
1.632326
5.015338
1.363641
-0.492508
-1.267354
-1.339588
-1.012931
0.259120
-1.976869
-2.348194
-7.099466
-4.175179
-3.202769
-2.122243
-0.632343
3.381167
2.091072
0.051121
-0.865368
-0.866960
-0.226456
0.756655
-2.757419
-3.806307
-6.751845
-4.361674
-3.279489
-2.604091
-1.595092
-2.460117
0.075324
0.286031
0.159387
-0.321848
0.652423
0.411702
-1.541135
-3.635808
-5.857719
-4.528883
-3.484609
-3.498180
-2.739212
-2.501597
-2.958531
-1.232153
-2.064342
-3.960464
-2.842132
-3.970209
-3.761709
-3.874521
-5.179439
-4.760142
-3.761798
-4.251283
-3.942642
-3.577209
-3.534093
-3.448771
-8.559921
-7.056664
-3.912292
-4.710360
-4.464818
-4.039638
-4.991802
-5.601368
-3.871524
-3.798530
-3.699374
-3.719975
-3.707198
-3.449685
-2.988437
-3.520684
-3.768581
-3.623644
-4.080440
-4.246258
-5.508693
-8.695703
-6.220702
-5.116937
-4.572955
-4.503293
-4.742351
-4.869267
-5.020967
-5.101221
-4.963361
-5.030663
-5.010473
-5.755676
-7.558475
2.968005
2.001808
-0.337575
-1.253361
-1.632586
-1.341246
-2.057935
-1.923023
-1.950510
-2.222122
-1.631736
-0.522977
1.085863
2.160161
-0.108074
-0.254769
-1.588962
-1.634877
-1.454669
-2.535700
-1.817926
-0.716556
-0.843682
-2.345520
-1.792949
-1.222579
0.536254
0.342765
-1.081940
-1.622769
-1.581350
-1.516412
-1.754601
-2.928295
-2.594984
2.323559
1.184440
-2.703273
-3.713788
-3.131974
-0.517854
-0.878352
-1.407502
-1.312024
-1.289802
-2.224404
-4.889278
-3.548961
1.337777
2.377450
1.409750
1.960581
-0.710627
-4.809029
-2.626665
-2.034759
-1.220983
-0.582667
-1.140698
-2.775492
-3.699795
-1.341102
-3.200971
-3.498252
-3.172069
-2.408583
-1.364247
-0.810288
-2.380639
-0.502110
-1.400314
-0.975735
-1.540551
-3.292490
1.337295
-4.736260
-5.611484
-5.209980
-4.753022
-5.850195
-4.293931
-1.025693
-5.023076
-1.361651
-1.299184
-1.084167
-0.266670
-1.362297
3.517121
-4.165909
-5.156351
-4.993982
-4.705588
-4.617494
-4.454579
-1.144162
-0.323168
-1.347946
-1.195352
-0.682818
0.562616
4.794168
5.783987
-3.979767
-4.824641
-4.484958
-4.220228
-3.604947
-4.015399
-1.346494
1.432554
-0.616391
-1.154446
-0.652842
-0.462924
2.081799
3.585406
-5.602242
-6.796635
-5.433741
-4.655267
-5.265837
-4.260066
-3.180009
0.598580
0.036607
-1.088938
-0.727087
-0.685118
-0.730196
-2.783778
-2.991829
-4.580715
-1.468188
-1.994674
-3.887687
-3.268919
-0.977778
-0.439436
-0.029030
-1.028195
-0.881205
-0.851303
-0.716300
-0.571424
-2.966540
-0.103429
1.956337
5.919857
-1.487080
-1.777642
-2.651193
0.346065
-0.270999
-1.180137
-0.752364
-1.041993
-0.968345
-1.884799
-0.619886
-1.645423
1.317755
4.311595
0.993258
-1.282367
-0.948484
-0.014786
-0.091076
0.450876
-0.632490
-1.230772
-0.874203
-1.313020
-1.442739
-1.394369
-1.371634
-0.658105
-0.772979
-1.102559
-1.649405
-0.251880
0.974098
-1.270011
-1.583858
-2.162714
-2.451380
-2.885868
-2.951543
-3.084174
-3.299317
-3.307433
-2.896076
-2.658929
-2.476788
-2.193803
-1.071278
1.177820
2.348907
2.271278
1.531533
1.884263
2.102072
2.194623
2.038777
2.191152
2.491146
2.068837
2.086323
1.968370
1.933208
1.146294
1.259324
1.138320
0.787246
1.455794
1.470677
0.853141
-0.775265
0.258149
0.823157
0.877253
1.209914
0.698826
1.250258
2.662883
1.462082
0.675514
0.262207
1.395594
1.674208
1.541089
-1.948839
-1.847637
0.378287
1.884660
1.409277
1.382731
2.026467
2.535943
1.482395
0.267995
0.583159
0.775244
0.433405
-0.467372
0.937130
1.355110
1.960396
3.836567
1.257080
1.486102
1.892941
2.546993
1.150687
0.225257
0.727213
-0.937642
1.203458
1.863568
1.714309
1.670733
2.743679
1.979848
1.758724
1.025101
0.810641
2.466254
1.029425
0.653517
0.402949
0.333057
2.950675
2.285948
0.913819
0.982920
2.084410
3.445193
2.940922
-0.790812
-0.250845
2.429498
0.698024
0.444533
-1.953920
3.203481
2.459968
1.480473
0.511113
0.715938
1.132120
2.603562
2.607564
-0.035732
-0.257367
2.476522
0.704785
0.035814
-0.927449
0.106995
2.708010
1.958171
1.018097
1.087994
1.625459
2.287868
3.352025
0.804960
-0.128775
2.592983
0.974365
-0.335697
-0.479344
-0.900079
3.317206
2.760729
1.915352
2.024423
2.562957
2.914961
2.126164
-1.512378
-0.467921
2.645173
1.226903
0.038788
0.664810
1.095585
3.652723
2.907967
1.826102
2.631268
3.291858
5.103785
2.425114
-0.774936
0.689659
2.595007
1.273299
0.140665
0.412931
2.045453
3.092176
2.660827
1.192418
-0.839496
3.033403
2.806236
0.590694
-0.034241
1.749604
2.490993
1.299539
0.390938
0.076993
1.363128
2.067844
2.085065
-2.480250
-2.327866
1.393013
1.607684
1.001770
0.024667
2.314681
2.180854
1.251246
0.902590
0.232532
0.649255
1.633298
1.857394
1.770926
1.482675
2.042344
1.459657
0.415165
0.563986
2.236002
1.361673
2.327073
2.027520
1.434322
1.551059
1.599514
1.616996
1.596439
1.557383
1.751786
1.614196
1.779628
2.468780
2.167095
1.590820
-1.360869
0.626789
0.955503
1.385006
1.799984
1.820626
1.650032
0.993246
0.850921
1.245103
1.779366
1.576592
3.291476
-2.859967
-1.097906
0.701285
0.661293
1.532468
2.872553
1.410448
-1.158591
-1.388687
0.004484
1.983055
2.409279
1.644830
-1.591784
-0.420806
0.160387
3.195411
3.901916
3.638609
1.219559
-0.073190
-2.416025
-0.256254
0.427262
0.737068
2.064354
2.107645
1.171344
-0.751796
-0.066473
3.834484
3.806314
1.387342
3.966481
3.341834
-0.829463
0.344164
1.215234
0.477011
4.963615
-0.605919
1.517137
-0.095139
0.840446
4.014659
1.140610
2.481430
1.564895
2.486006
3.866103
4.432665
3.683088
3.956043
5.101315
-2.064890
-0.338210
0.557990
1.876331
2.143632
-1.384950
1.716369
2.774541
5.528057
5.353760
5.834190
7.003302
4.532954
-1.886728
-6.548631
-0.680522
0.696019
1.629770
0.609259
-0.121568
1.134589
4.500594
4.929983
5.301253
5.575681
5.795620
5.351983
0.659039
-1.824836
-0.705265
0.475332
1.064265
0.802115
3.035167
3.721412
2.877244
4.816959
5.946075
6.686248
6.738008
5.559747
3.241991
-0.307497
-0.921181
0.051361
0.955748
2.789508
1.510974
2.860252
1.919602
4.137737
5.460280
6.871710
7.057802
3.630712
1.534815
-1.752066
-0.176608
-0.141351
0.762074
4.689994
2.649926
2.030473
0.988163
-1.040078
2.223089
3.622858
2.622588
3.916797
3.589973
0.454903
0.673180
-0.132141
0.632323
4.159910
4.191438
2.454817
4.229978
-4.575734
-6.860042
-0.466827
-1.971388
2.434447
3.413883
1.393947
0.460931
-0.192816
0.590769
3.627902
3.448119
4.559158
2.067634
-2.237046
-1.630070
2.541545
1.600814
2.322888
4.743170
1.826943
0.116896
-2.167138
-0.049824
0.951952
0.877193
2.244898
3.770882
1.375819
2.089695
1.643115
1.774599
2.338812
1.497034
-0.362620
-3.082386
-0.024922
-1.616703
1.320374
1.547936
2.177595
2.711725
3.254940
3.245198
2.976650
2.390237
2.141138
1.663958
-0.936856
-1.004673
0.319378
0.598731
-3.420727
-3.388803
-3.525512
-3.761145
-3.840570
-4.741030
-4.927749
-3.501698
-2.959367
-3.037343
-0.523458
-1.276654
1.285365
4.314517
1.263284
-0.546587
-0.741547
-0.690060
-1.425534
-3.933533
-3.783212
-0.874240
-0.283569
-0.501776
1.276992
-1.807280
-2.002954
2.051872
1.360803
-0.307743
-0.648805
0.116480
-0.181856
1.792964
0.182452
1.290418
-1.452818
2.324471
2.886747
-2.307709
-2.994444
0.393998
0.786746
-0.033901
-2.009547
-3.691177
-2.686451
0.908288
3.156888
1.008495
0.142964
-1.489838
1.809041
-3.447648
-2.934606
-0.442874
-0.069687
-2.158974
-0.361647
0.645649
2.404052
3.151287
3.215883
1.107547
2.182957
-3.073232
-3.175136
-5.527205
-2.738621
0.177737
-1.381538
-4.612178
0.755775
3.725958
4.948199
5.008549
5.364366
3.534766
4.913109
3.004688
5.172974
-3.231916
-2.704602
0.520136
-1.720349
1.292725
4.672448
4.156981
3.434681
3.855460
4.916578
3.881020
2.556179
3.210517
-0.287682
-2.719394
-2.581769
0.738239
-0.071388
-4.607651
2.098525
5.937076
4.310705
3.877496
4.715154
3.885530
2.193327
-0.725025
-5.517165
-1.585893
-2.547719
1.619940
1.577899
-0.690881
2.333875
3.274845
5.424201
3.501689
3.810428
4.803366
3.960353
3.115056
2.937624
-0.215868
-2.793030
1.046822
0.922742
-1.039593
-3.796557
-1.100343
0.817335
1.896714
1.947991
2.198115
-0.344223
-1.593290
1.143832
0.080294
-2.598587
1.090220
1.600367
-0.928772
-4.449811
-5.276536
-0.727883
1.226875
-2.252009
-1.391666
-2.566900
-4.060958
1.378342
-1.963807
-2.477666
2.285479
1.975502
0.538432
-0.612756
-2.309071
-3.922340
2.180170
-1.812497
-1.265821
-1.479633
1.163027
2.357984
-2.842977
0.029749
4.190672
1.811826
1.249909
0.864643
0.626030
-2.396834
-2.968458
-3.146627
-1.743449
1.173414
1.789639
4.027080
-1.897121
-0.829124
-0.939630
-1.602793
-1.563388
-1.448549
-1.598310
-2.149894
-2.770347
-2.671722
-2.317443
-1.840477
-0.853231
0.532712
-0.585602
4.072668
5.656733
3.789073
3.804157
3.601601
3.731642
3.830122
3.754669
3.974032
3.777277
3.667433
4.094975
4.744413
3.557504
3.565871
1.495245
1.709960
1.395759
1.624990
2.497385
2.806578
3.284571
4.320122
3.238084
2.356872
1.272133
1.042740
3.359670
1.020128
-0.081705
-0.303510
-0.028454
1.132346
1.317144
-0.132861
-4.348023
-4.068823
-2.597255
0.605435
0.872708
-0.498558
0.929685
0.983592
-0.188528
-0.665182
0.232209
2.407460
-0.630525
-5.482666
-1.189481
-2.199956
-4.640025
-0.644381
-0.606788
-0.068766
0.849824
1.294055
-0.343333
-0.396515
1.798018
-0.218003
1.112178
3.722518
-0.582784
-1.494487
-0.520344
-2.258058
-3.759807
0.600263
1.975528
1.331719
-0.672383
0.256564
3.161215
0.438490
0.689357
-0.292738
-2.088086
-2.215935
-2.430899
-2.783716
-1.873042
1.250646
1.631228
1.346194
-0.712493
2.112837
3.645269
0.682040
0.945746
-0.819263
-2.007131
-1.848754
-2.499929
-2.278346
-1.888337
0.934666
1.443968
1.298384
-0.466014
1.896433
-0.207559
-3.774519
0.899223
-0.626590
-1.424540
-1.321551
-1.961544
-1.850913
-3.201750
-1.117207
2.720836
1.316878
-0.332585
0.880816
2.402179
0.946753
2.756388
0.024959
-1.362824
-1.123633
-1.961451
0.252153
0.849008
1.568902
2.565503
1.209011
0.020984
0.182502
1.319939
4.988266
1.035732
-1.216435
-1.384404
-0.409793
-0.767696
-1.944565
0.519755
1.306795
1.464663
1.020966
0.228119
0.918389
1.423484
1.289808
0.467741
-2.927421
-5.347560
-7.055569
-1.290343
-0.495951
1.360965
1.561997
1.554954
0.983506
0.451601
1.090959
1.695364
1.631897
1.763086
1.961017
-1.285141
-3.459345
1.302361
1.610898
0.885554
0.518655
1.240584
1.671870
1.241670
2.143797
2.333933
2.410969
1.989597
1.313848
1.094142
1.956177
1.561289
0.601635
0.914478
0.737937
1.876088
3.181290
4.501081
2.695425
2.439310
2.156109
2.116853
2.185293
2.370589
2.203717
2.206694
2.230065
2.094431
2.789763
3.024759
-3.249814
-3.889110
-3.246356
-3.023673
-3.223955
-3.361304
-3.184931
-2.792371
-2.873679
-3.494905
-3.650250
-3.128983
-3.378345
-3.232231
-3.580319
-1.356321
-1.826276
-1.468354
-1.728897
-1.908450
-2.093651
-1.280916
-2.451090
-2.719766
-2.162451
-2.406213
-3.158705
-3.748931
-3.127206
-1.898503
-2.130045
-1.911191
-2.196064
-1.767560
-2.118227
2.437365
-0.744913
-3.746177
-2.298133
-2.437845
-3.492481
-4.167924
-2.374485
-1.205046
-0.822034
-1.307660
0.872076
2.096710
-0.015804
2.038399
1.000909
0.726420
0.217968
-1.830956
-2.506239
-3.392684
-2.370191
-1.209754
-1.009484
-0.316196
3.873780
2.044183
0.805180
0.134429
0.857526
-0.091933
-1.598921
0.230621
-0.830226
-3.191093
-2.479533
-1.320257
-1.644673
3.561943
2.353747
1.243151
-0.211735
0.023841
0.051487
-0.681631
-0.459811
0.552335
2.828817
-4.401588
-2.440889
-1.077808
-1.563091
5.817342
4.959826
2.006256
0.458500
0.057968
0.006767
-0.102888
-0.109725
-0.488602
-2.095770
-4.902383
-2.462108
-1.231863
-2.149736
1.189985
2.598310
2.252800
-0.139749
-0.515761
-0.507505
-0.938231
0.103536
0.482591
-3.330665
-4.358228
-2.597371
-1.194266
-2.025125
-0.912774
2.174452
2.412853
-0.341669
-1.497693
-1.774832
-1.184090
-0.234496
3.489230
0.788927
-3.052814
-2.788544
-1.516418
-1.417558
-2.721527
0.695328
0.707070
2.817479
2.520130
0.870084
0.891913
0.154385
-1.490553
-2.765865
-3.258381
-3.019305
-2.095834
-1.980304
-2.949756
-3.006686
0.591433
2.625580
1.095610
-0.344383
-0.781711
1.383446
-2.473259
-3.887975
-3.525725
-3.280137
-2.182594
-2.163232
-2.510257
-4.103149
-3.684116
0.354134
0.036406
-0.355961
-4.234194
-3.188732
-3.761747
-3.437938
-3.599548
-3.128709
-2.232840
-3.533474
-3.131392
-3.504950
-4.674042
-5.725185
-5.181662
-4.549271
-5.453277
-5.016372
-4.260448
-3.450510
-2.898114
-2.731413
-2.238786
-3.321056
-2.990642
-2.906352
-2.584560
-2.414958
-2.681853
-2.766126
-2.637254
-2.784602
-3.267431
-2.731909
-2.198726
2.565615
0.626226
1.598537
2.509611
2.248499
2.481518
4.038186
5.469260
5.418548
3.626286
2.717753
1.745690
2.286479
3.263432
2.525729
0.755285
1.494136
2.317857
3.162283
3.651538
3.787667
3.399741
4.071321
3.537739
3.543660
2.828948
1.554166
2.928634
2.860002
1.690552
2.236766
4.140427
4.447798
3.721292
2.299250
2.679926
0.786371
0.071209
2.982828
3.672850
3.496772
3.423585
3.618474
3.009162
3.892966
5.127178
2.372476
2.438921
0.403532
0.209082
-0.830623
-2.171655
0.218900
-0.892467
3.385120
5.527078
3.744656
3.155212
4.930960
4.109346
1.100729
3.134990
2.529584
0.675884
-0.079044
0.160470
-1.440560
1.590862
5.645161
7.551975
3.611110
2.959276
4.317050
3.693342
2.420110
2.643212
2.668368
1.567959
0.763959
1.616942
0.084269
3.584672
7.658126
5.651402
3.567241
3.763103
4.900495
4.991044
4.855816
4.621074
2.851949
-0.137641
-0.736997
1.398838
2.689222
3.353277
5.543656
6.563936
3.404703
3.143776
6.269473
4.782871
-1.028663
4.014827
2.509285
0.320676
0.198070
0.956157
0.951913
0.782305
3.929292
7.146709
3.277573
2.554775
4.790505
4.988030
-0.626669
0.355997
1.708606
-0.711979
-0.236072
-0.071319
-0.832867
1.600554
4.405962
6.939031
3.171694
1.741688
3.521552
3.293839
1.215173
-1.233757
-1.389507
0.351617
0.504559
-2.136480
-2.671438
0.331879
3.654986
6.070587
3.094205
1.106854
1.849794
3.236189
2.897230
0.049943
1.843278
1.801852
0.543973
2.633175
0.346412
2.715679
4.351496
4.703119
2.907392
0.654013
0.549058
1.573694
3.596995
2.933961
4.061523
5.198534
4.693029
3.630987
1.724790
2.415004
3.593739
3.780746
2.458041
0.628059
0.109716
0.529909
1.216382
3.301520
2.867765
2.798851
3.245335
3.472763
2.848315
0.960428
0.781634
3.338125
3.420042
0.607561
1.008032
0.857539
0.505672
0.704970
1.107593
1.677021
1.961324
1.764718
1.083658
0.657924
0.786437
5.131666
5.347610
3.455540
3.032604
2.877614
2.791841
2.958801
3.314529
3.379463
3.547690
3.669937
3.382365
3.180381
2.855567
4.869740
3.800365
2.805108
2.496344
2.494417
2.818628
3.850823
5.020355
4.845632
5.061295
5.262635
4.634384
4.201516
3.692101
3.841900
2.872255
2.452954
1.646925
1.835401
3.078637
4.785781
5.163345
3.198113
1.820722
1.078723
3.116731
4.482737
3.654542
3.547174
2.851086
1.815015
1.175324
1.832917
3.641808
4.384628
5.778023
4.973167
4.477128
3.636825
3.486429
4.530617
4.363118
3.727622
2.554416
1.484229
1.137547
2.935014
2.318882
4.391277
6.251252
4.757028
4.804060
6.413358
5.727338
2.852189
4.816689
3.981313
2.315197
1.745308
1.428448
3.779051
2.127525
5.788432
3.714767
2.736757
1.924102
2.938128
5.235691
3.962080
4.379775
4.520293
2.183163
1.908133
1.466413
-0.012401
-1.692418
4.596403
2.388272
1.650657
1.417917
1.776685
3.910738
5.494892
2.954935
4.720219
2.175522
1.877645
1.653754
1.614645
-0.797381
5.134136
2.863995
1.959298
1.717117
2.479863
4.892210
4.338516
5.010603
5.152103
2.397455
1.868680
1.512440
3.070683
0.125359
5.556016
4.757367
3.405613
3.086510
4.904574
6.769756
5.140985
5.537925
4.163433
2.723422
2.027095
1.860187
2.445606
3.537521
1.207464
4.884403
5.397706
5.404290
6.567065
5.741251
5.709747
5.430401
4.124540
3.074081
2.396956
1.822667
2.354639
3.831205
2.714320
0.855201
0.821179
4.505574
3.618160
3.502391
4.944778
3.657855
3.231430
3.460995
2.973387
2.102948
2.040350
2.822092
3.656140
1.905322
1.915496
3.162440
3.278561
3.833290
3.593528
3.291635
3.484604
3.844413
3.284597
2.920661
2.614705
2.572719
2.964561
2.813901
3.408742
3.585801
3.218204
3.388691
3.174645
2.987537
4.089740
4.258527
4.072951
3.672639
3.747856
3.388646
2.865669
2.837069
2.817724
2.791522
2.860781
2.831882
3.450915
3.544058
5.369706
0.257854
-4.529840
-2.307469
-2.234077
-2.313316
-2.554896
-2.618530
-1.985174
-1.958169
-2.324724
-2.234569
-2.582313
-3.652227
-2.271353
-4.558624
-5.686366
-5.000711
-4.093689
-3.980684
-4.634686
-4.190006
-2.682209
-2.244614
-3.582772
-4.010197
-3.962191
-4.213223
-5.670334
-4.400269
-4.001346
-1.796088
-0.894745
-2.073197
-3.036781
-3.645275
-0.033822
-0.260621
-2.600430
-4.257512
-2.318625
-2.100462
-5.238914
-4.086708
-3.377336
-0.904877
-1.107650
-3.105903
-4.784911
-4.124944
-0.978846
-0.343807
-4.590900
-3.394792
-1.918955
-2.592010
-3.826745
-4.176247
-3.632816
-0.441386
-2.144250
-2.965778
-5.762592
-1.430573
-0.063818
-0.285813
-2.920989
-6.819314
-5.962461
-5.085822
-4.089332
-3.916692
-3.590221
-0.946432
-3.135325
-5.800413
-3.934781
-1.683597
-2.100933
-1.929797
-1.375993
-3.399640
-4.229879
-2.008445
-3.533861
-3.749991
-2.475187
-0.363943
1.745787
-4.681605
-3.426283
-2.004108
-2.036353
-1.794498
-2.444579
-4.037077
-5.801232
-0.742626
-2.205381
-3.753160
-2.571211
0.254060
-3.415066
-9.169320
-5.591620
-2.239531
-1.880497
-1.757875
-3.133183
-5.844405
-5.410334
-5.333305
-2.291177
-3.984698
-3.256226
0.268083
-1.602589
-7.256267
-6.822828
-2.832196
-2.017687
-1.923561
-3.804519
-6.479901
-3.735389
-0.386750
-3.551921
-4.229946
-3.355346
0.430663
-0.196130
-3.391500
-7.202956
-4.982068
-2.193353
-1.788822
-5.045371
-7.027110
-5.734482
-2.598326
-2.766619
-4.333656
-3.742380
-0.724122
-0.815285
-2.986634
-3.773773
-9.337172
-5.331647
-4.682640
-5.749917
-6.665578
-2.780073
-1.860828
-3.670876
-4.293829
-4.231625
-1.957626
-2.259055
-1.825776
-2.841732
-4.583827
0.017147
-0.748345
-1.073072
-2.169761
-1.656721
-2.088166
-5.211323
-4.338977
-4.672997
-3.070424
-2.851789
-2.836465
-2.368819
-3.178052
-2.396957
-2.272146
-1.685613
-1.344624
-2.387520
-3.818451
-6.072977
-0.265074
-3.873479
-2.642873
-2.671187
-2.932167
-3.085429
-2.624713
-2.187997
-2.284920
-2.318022
-2.582068
-2.885747
-3.324316
-0.825576
-6.064671
-2.734699
-1.609129
-1.884298
-2.057730
-2.073661
-1.720589
-1.831813
-1.683701
-1.612736
-1.720435
-1.888255
-3.146711
-6.251686
-5.117334
-2.507880
-1.515978
-1.003926
-0.890670
-1.072548
-1.198018
-2.699912
-2.633529
-1.201313
-0.659619
-0.907911
-2.214467
-5.369298
-4.595878
-2.921481
-1.670635
-1.451114
-0.433411
-0.172032
-0.855635
-7.852500
-7.969481
-6.784382
-2.654248
-0.161525
-1.989197
-5.082681
-4.276888
-3.127581
-1.461434
-0.409843
-1.171908
-2.481597
-2.757416
-0.246801
0.335235
-3.868736
-3.994615
-1.928061
0.395470
-4.829654
-4.200981
-3.070061
-1.585782
-0.993933
-1.966851
0.056674
-1.518870
-0.909334
-1.112888
-1.335809
-1.897606
-2.944142
-1.384649
-4.294176
-4.088291
-2.798852
-1.206779
-3.869554
-1.638204
-1.514626
-1.118346
-1.513255
-1.680301
-1.797553
-1.335670
-3.035772
-8.196526
-4.800632
-4.066023
-3.244244
-2.133036
-9.687891
-4.768928
-0.882810
-1.097089
-2.297084
-2.639776
-2.093870
-1.661852
-1.248353
-4.223567
-7.289155
-4.187818
-3.752779
-2.040665
-4.347659
-0.729382
0.965780
0.130894
-1.901384
-2.128694
-1.290100
-0.493623
-0.779095
-4.042760
-8.261846
-4.231350
-3.458749
-2.440846
-4.495077
-1.575566
2.295907
1.601513
0.233582
0.102387
0.892531
0.014770
-4.537755
-5.120266
-7.217721
-4.262335
-3.041605
-2.773970
-2.209260
-5.968628
-1.021532
2.920189
2.541257
2.323140
2.511795
-2.110046
-2.822261
-4.313373
-6.292660
-4.240224
-3.063570
-2.169506
-1.785408
-1.566688
-2.740729
4.038087
1.631940
-2.015847
-1.672555
0.140749
-1.559594
-1.636628
-5.506726
-4.318300
-3.057478
-1.841386
-1.640104
-1.201608
0.065421
2.514224
2.139844
1.541928
0.247190
-1.064955
-0.655548
-3.116415
-5.262115
-5.087412
-2.353678
-0.886699
-0.622504
-0.935428
0.068060
2.794745
4.741333
3.539528
0.845944
-0.491008
-1.130470
-1.811619
-5.308778
-7.408336
-4.735767
-3.860893
-3.535946
-3.800306
-3.644776
-3.513166
-3.002409
-3.119826
-3.657362
-3.710272
-3.850823
-4.863760
-8.276305
7.541401
5.275413
5.261124
4.743607
4.513263
4.495145
4.045799
4.065340
4.172915
3.741190
3.913809
4.943811
3.755809
7.881907
5.108861
5.049547
2.591875
2.987577
2.879857
1.417866
2.039813
1.008433
-0.400720
-0.035441
1.453462
3.161596
5.162475
5.187957
4.562192
3.423909
1.352189
2.484423
1.327496
0.294270
-1.306402
-3.234591
-5.036024
-5.817585
-0.830187
2.239375
3.109267
5.342338
3.851237
3.119422
1.569206
1.185682
0.387965
-1.576033
-5.677466
-2.895267
-3.046666
-5.528144
-0.001355
-2.772809
1.934059
4.953709
3.787297
3.352084
1.996687
1.005097
-2.459418
-1.585723
-3.034386
-2.765925
-2.257928
-1.141965
-3.002984
-4.206105
0.168048
6.011450
4.005468
3.550693
2.218540
1.492320
-1.236174
-2.339321
-1.672759
-1.504648
-0.973924
-0.773404
-0.615440
-3.413266
-2.177466
4.458699
3.929163
3.269096
-0.555273
0.478106
-2.247233
-2.760056
-1.452317
-0.298113
-0.074965
-0.658369
-1.713581
-2.016273
-1.836785
3.343324
3.763298
3.283871
1.321306
-3.447578
-6.853548
-3.545154
-2.249130
-0.351297
0.136930
-1.079885
-2.459731
-2.332575
-1.690166
4.216762
3.592099
2.975512
0.863230
-1.752303
-7.067142
-4.761786
-2.718260
-2.439322
-1.712203
-2.889046
-2.527135
-1.702367
0.217537
5.137658
3.583846
2.435824
-0.775701
-3.207514
-5.970922
-6.807734
-4.131784
-2.999551
-3.127532
-1.753732
-5.155291
-4.125751
0.255527
4.621990
3.612410
1.974985
-0.787477
-2.650572
-2.069778
-6.170251
-4.187979
-7.178682
-1.947412
-2.569430
-3.685549
-3.009196
1.379399
3.922973
3.729550
1.980958
0.205775
-0.442397
0.047399
0.382622
-1.695613
-2.563094
0.330663
-1.852376
-1.294792
0.095103
1.283036
4.208467
3.521157
2.203518
1.203456
1.142483
1.566548
0.764504
-1.007347
-0.783242
0.083988
0.215093
0.739422
1.718610
1.967014
4.940459
5.967261
5.094422
3.389242
3.055185
2.887775
3.135184
3.557111
3.231081
3.325242
3.373284
3.254376
3.214502
4.754529
6.679509
-1.678437
-1.941354
-1.996354
-2.195047
-2.168308
-1.702164
-1.059193
0.264266
0.534740
-0.291891
-0.906144
-1.166554
-1.269578
-2.172541
0.246559
-0.627986
-1.038735
-1.434525
-0.798085
0.770461
2.358793
3.657591
4.306667
3.535486
1.762893
-0.182074
-0.415957
0.181013
-0.020918
1.167899
0.088628
0.144357
0.870455
2.586030
1.078933
2.403468
0.789528
-0.803865
2.221321
2.824361
3.038340
-0.499219
0.262115
1.731580
0.598186
1.703009
3.893085
1.855091
2.575352
3.885086
2.818747
0.732966
2.172609
2.215499
5.940788
1.412128
0.269523
1.848005
1.483206
2.662023
1.759336
0.103283
-0.670691
-0.150636
0.697309
-0.826986
-0.116536
0.273822
6.748579
2.258585
0.317093
2.433304
2.429422
2.581860
-0.279874
-0.579683
0.351951
0.567237
0.464241
0.426124
-1.027241
0.450529
2.502005
2.770920
0.424118
3.039056
2.308871
1.173876
0.219667
1.998175
1.776803
0.327511
0.082512
1.253139
0.480819
-1.637146
1.748370
2.838173
0.375614
2.466408
0.081607
-1.411492
-0.633713
4.402380
2.593382
0.142324
0.204680
0.669857
0.727253
-2.030118
-1.580082
1.127712
0.120406
2.379636
1.285201
-2.840713
-2.409355
2.736401
1.821256
0.923295
0.686217
0.590463
-0.175711
-0.916892
1.435090
2.619462
-0.091300
1.625113
1.496279
0.236319
-2.090435
-1.319107
2.164433
4.658324
3.354357
1.166499
-0.670073
-2.106578
2.860626
3.459464
-0.061506
1.142869
0.717051
0.003822
-1.866362
-2.837617
1.192866
3.758030
0.050961
-0.769940
-4.389236
-1.714473
2.104939
1.284529
0.873484
1.474275
1.196494
0.574274
-1.075632
-3.159860
0.166830
-0.936409
-1.071413
-2.560843
-1.954195
-0.925357
2.954244
0.182874
2.189920
2.910666
1.635185
1.194237
0.750305
0.410737
-0.459666
0.675014
0.734190
-0.400645
-0.269901
0.618057
2.507747
0.371765
4.426547
2.492607
1.503944
0.932211
0.758616
0.507575
-0.208625
-0.743693
-0.426987
-0.215180
0.349356
1.220377
2.565318
4.292744
-1.266214
-3.094998
-2.408522
-1.693832
-1.064410
-0.804461
-1.149766
-1.735786
-1.352774
-0.713301
-0.638205
-1.261285
-3.684970
-3.911112
-4.023158
-2.979619
-1.645617
-0.960179
-0.827319
-1.276230
-1.134491
-2.153125
-0.247464
0.304303
-0.743873
-1.277639
-2.691875
-5.084568
-3.033466
-2.670406
-1.729885
-1.232970
-0.539483
0.091435
-1.272133
-4.687936
-4.737046
-1.187892
-2.169695
-1.763838
-2.250359
-3.511103
-2.774917
-2.341118
-1.454135
-0.366131
-1.985520
-3.368793
-2.664505
-0.085589
-0.300898
-1.053026
-2.801074
-4.230089
-1.839720
-3.138717
-2.763840
-2.699709
-1.808910
-0.772937
-3.700591
-0.157299
2.471216
2.691410
1.577869
1.166185
-1.995196
-4.038101
-3.737819
-3.070097
-2.617334
-3.066799
-2.627419
-3.002336
-3.178607
1.218571
1.581083
0.644869
0.452182
0.654692
1.376924
-0.938503
-2.105501
-4.621432
-2.422548
-2.863254
-2.819952
-3.712975
0.458150
2.154124
0.899506
0.835352
0.811038
0.683627
1.061794
0.314876
-3.132895
-4.930419
-2.569720
-3.067325
-3.007776
-5.792985
-3.699257
0.954191
1.280816
0.843584
0.838424
0.909983
0.879960
-1.559577
-5.399526
-4.191470
-2.852075
-2.883933
-3.328379
-3.386972
-1.293430
2.394559
2.307131
1.216330
1.029585
0.819961
1.508022
-1.969005
-6.399305
-4.053592
-3.114609
-2.901050
-2.871094
-3.372636
-2.861024
0.623464
2.033749
3.340990
3.424814
2.298411
-1.225029
-3.530154
-4.846835
-3.861178
-3.190752
-3.019289
-1.922163
-1.765935
-0.816005
-3.182558
0.237750
1.600372
0.604667
-1.744029
-0.853582
-3.165596
-2.061078
-3.151566
-3.032364
-2.811841
-1.616479
-1.291851
-0.368376
-0.220996
0.305931
0.644195
-0.925138
-0.806190
-0.649952
-0.313652
-2.639642
-3.068413
-3.625817
-3.047552
-2.268834
-2.029373
-2.013772
-1.895074
-0.630399
0.270589
0.310981
-0.413079
-1.743786
-2.388865
-3.385535
-3.761334
-1.419879
-1.792595
-1.733786
-1.555889
-1.573843
-1.780547
-1.937325
-2.061981
-2.095721
-1.905117
-1.826501
-2.052612
-2.327417
-3.211425
3.196562
-0.098510
1.270770
1.107727
0.695336
0.254707
-0.600522
-0.874661
-0.835217
-0.910792
-0.206835
0.579795
0.928306
1.409146
-1.373674
0.166891
2.479268
1.970365
0.710672
-0.743469
-0.734600
0.850567
0.124774
-0.708420
-0.592987
-0.019982
-0.601746
-1.317090
0.237267
0.903036
1.256642
-0.274615
-2.676834
-1.691236
2.102408
9.483266
7.547767
6.154719
1.943260
-0.683284
-1.228853
-0.762890
-0.429509
0.784075
0.937273
-1.837706
-0.278170
3.650399
5.011469
6.490182
5.223799
5.715007
5.183790
1.847590
-2.777659
-1.544155
-1.069377
0.529055
-0.282653
-2.273475
3.306849
2.081033
-0.626186
-2.661837
-1.905728
-0.556935
2.348924
2.923841
-1.008428
-1.620251
-1.197428
0.363522
-2.099650
-0.003826
2.508598
-1.956713
-4.306862
-3.009292
-2.781794
-3.309808
-4.870895
3.661480
6.027804
-0.821074
-1.279173
0.448556
-1.141492
1.232476
-2.969786
-5.047947
-3.011853
-1.097914
-1.472977
-2.598791
-4.423405
-1.744372
5.222564
-0.506413
-1.231359
1.743639
0.257091
1.159454
-0.651675
-5.787706
-3.389184
-1.436334
-2.092282
-3.573655
-4.806089
-0.708133
2.474845
-1.216038
-1.174000
1.255858
0.398268
2.130971
7.337741
-2.684197
-2.025173
-0.520835
-1.836548
-3.200968
-3.437891
5.807448
5.857121
-1.910833
-1.060855
1.028874
2.607726
1.877833
9.896996
3.806533
-1.476037
-0.815919
-2.217531
-2.113254
2.281244
2.977906
1.237482
-1.726058
-0.732317
0.570827
2.854234
3.567407
3.274115
8.531714
3.008504
1.274621
1.873201
3.895479
5.586597
2.593775
-1.090453
-1.124127
-0.672620
-0.016776
1.529513
1.853869
0.422625
1.882251
4.587113
2.650817
0.600748
2.774573
2.727313
-1.202590
0.389471
-0.660327
-1.890774
-1.162169
0.972269
1.203797
0.597910
0.707851
2.611386
0.161772
0.844442
1.028199
0.839720
0.013416
-0.647136
-2.181966
-4.167849
-4.941278
-2.941512
-2.689055
-2.580470
-2.267692
-2.051399
-1.871573
-1.889101
-1.976639
-2.337794
-3.074698
-3.997805
-5.673097
0.534087
1.466310
1.444605
1.679080
1.798782
1.803995
1.493325
0.688609
0.767486
1.447856
1.777749
1.439261
1.674211
1.613583
0.299231
0.402213
1.815191
2.181090
1.510117
0.364846
0.516421
0.121408
1.110967
1.193388
1.139968
1.138637
1.447106
0.621997
-0.008187
0.487212
2.195229
1.627170
0.468318
-0.776423
-3.413279
-2.089467
-1.465149
-2.496622
-1.665057
0.634252
0.584660
1.078536
-0.049575
0.603984
1.606139
0.713872
-2.553897
-1.812958
-2.951642
3.197349
2.438781
-1.301390
-1.628435
-2.306118
0.361632
0.658410
-0.110719
0.606190
0.623038
-0.307863
-3.532272
0.972422
2.228857
2.778864
2.629407
2.889065
0.466118
-3.676183
-1.782539
0.033550
-0.008450
0.422920
0.508464
-3.121937
-0.314444
2.537015
2.724703
1.591053
1.363539
1.264500
1.764642
0.705140
-0.478843
-0.266434
0.087967
0.609462
0.062500
-1.925521
3.907903
2.888781
2.618325
1.740501
1.374724
1.544868
1.459838
2.670960
-0.305434
-0.383247
0.040250
0.692283
0.525480
-4.968083
-0.593021
2.650993
2.911128
1.815671
1.442136
1.933511
2.276244
-0.168048
0.979283
-0.065976
-0.017101
0.806165
0.981785
-2.212145
0.937246
2.840935
2.845098
2.451294
1.820461
2.382616
2.825265
-1.062315
1.217749
-0.040722
-0.089523
0.730471
1.590590
0.859223
-1.503853
0.864468
2.129717
2.288957
2.157424
2.394002
-3.891904
-3.060911
0.187375
0.608293
-0.026208
0.638775
2.055090
1.451176
-1.340231
-5.521673
-1.332366
-0.966194
-4.954669
-2.337786
-5.198872
-2.571318
0.630951
0.112092
0.034221
0.253798
1.208770
1.345824
0.467443
0.097246
-2.987377
-7.816008
-4.295434
-1.423573
-0.776635
0.261702
0.336791
0.009239
0.490009
0.802682
1.742306
1.827881
1.818579
1.552877
2.270669
2.075389
1.796877
1.744658
1.432955
1.471048
1.688583
0.263000
0.263750
-0.713233
0.203625
0.444774
0.328978
0.376399
0.015736
-0.240073
-0.319003
-0.318330
-0.119871
0.052770
-0.767495
0.028818
-8.815874
-4.251688
-5.927406
-5.297275
-5.269855
-5.462738
-5.437133
-5.648677
-5.449005
-5.786911
-5.884638
-5.857386
-4.519539
-6.206964
-3.107270
3.972921
0.609452
0.806293
1.423348
2.465362
4.955307
4.112409
5.017518
5.106781
4.263029
2.753181
2.523217
-3.462778
-4.719115
0.133882
-1.540377
0.067551
3.481956
3.414561
3.292502
-1.533179
2.338311
0.591453
4.138552
4.620499
0.915436
-5.026898
-4.105020
0.689524
-0.046666
2.417819
2.520209
-0.575859
3.185251
5.026401
6.258625
4.712862
0.462821
1.133349
2.773415
-4.371648
-3.798500
0.895961
1.629145
3.936027
1.128592
1.318110
1.751313
4.517859
5.176100
4.950224
0.565284
1.360683
3.673037
-0.560737
-4.064717
-0.356959
2.325730
2.077426
2.382663
2.975022
1.908347
1.373713
1.516374
2.723537
3.011405
-0.035477
-6.355490
-1.458797
-4.104650
-0.934200
1.631299
-8.485659
-1.955823
3.022644
0.850990
1.230893
1.259263
0.999046
2.350196
0.135531
-2.973104
-4.271021
-3.960544
-0.952267
1.959011
1.569080
-1.508834
3.030352
0.233921
-0.092192
0.393704
0.189719
2.038315
-0.962962
2.401424
-3.579246
-3.956375
-0.377600
1.093369
0.440904
-5.984354
2.644211
1.628268
-0.556243
-0.111216
0.962649
3.035483
-1.682539
-0.512995
-3.607162
-4.237639
-0.287690
-0.335339
2.147213
-3.632056
-1.047599
2.013852
1.305226
1.617586
2.451670
1.123241
2.142467
1.157797
-4.080095
-4.926018
-0.480090
-1.945544
0.200397
2.336118
-1.910491
0.853148
-3.606461
-1.098170
-1.192910
1.955997
-0.814387
0.139247
-4.721148
-5.657307
-0.846505
-1.916123
-1.590709
0.754227
1.265803
-1.366479
-5.645138
-0.468685
-0.000697
0.458377
-0.062942
-1.203103
-4.762496
-5.841015
-0.409385
-1.675594
-1.030850
-1.219260
-0.787269
-0.418408
-0.153706
0.110842
-0.684216
-0.826932
-1.610062
-1.304925
-4.767941
-8.165575
-2.869116
-4.296612
-3.457388
-3.302039
-3.589126
-3.258722
-3.290170
-3.124210
-3.092465
-3.591276
-4.182874
-3.190963
-6.873241
-4.367216
-3.529054
-3.683429
-4.017179
-3.671697
-3.217427
-2.568264
-2.508127
-2.147079
-1.925973
-2.405422
-3.559149
-4.594934
-5.381402
-5.864161
-1.698116
-1.735288
-1.238607
-0.443816
-0.109592
-1.002508
-1.345422
-0.941875
0.972912
1.219699
0.339586
-1.040761
-4.809005
-5.206150
-3.208055
-1.718981
-1.326353
2.023459
0.477496
-3.456547
-4.723086
-6.293236
-1.972842
0.179498
1.769216
-0.360397
-2.265148
-5.513919
-3.662161
-2.494788
-0.663110
0.324071
-0.388171
-5.161775
-1.040606
-0.737571
-0.115106
0.222665
-2.591394
0.101296
-1.842311
-5.618982
-3.489851
-2.606333
-0.403939
-3.168318
1.477035
2.756337
3.010796
2.511444
3.402682
2.088993
-6.002877
-2.378486
-2.434739
-5.527159
-3.285186
-1.291292
-2.463767
-3.419644
1.043627
2.458242
2.716697
2.979281
1.930999
3.348454
0.909784
0.022928
-1.968505
-5.380497
-2.935172
-0.128595
0.854838
2.506453
1.523729
2.163125
3.434323
3.685997
2.417025
2.286355
1.625362
-0.464083
-4.157150
-5.171375
-2.809073
-0.579488
-1.951046
-2.670440
2.591720
2.908671
3.338295
3.460575
2.396513
2.898796
-1.211443
-2.402748
-4.483058
-4.976671
-2.879367
-1.153115
-1.855557
-3.027144
-0.356601
2.123169
3.504133
3.700951
2.775360
2.647624
-1.389332
-1.332324
-3.237662
-4.912105
-2.766566
-2.052105
-1.746798
-4.145962
-4.856518
0.046723
0.771727
2.396818
1.572564
-2.604559
-1.241477
-1.294184
-3.206773
-4.978884
-2.553391
-1.473894
-1.804882
-1.487542
-7.228249
-4.175073
-3.489163
-4.361025
-2.152914
-1.653726
-1.344813
-0.660618
-3.460731
-5.062325
-2.632059
-1.573134
-1.183404
-0.945668
-0.485774
-4.115582
-1.995218
-3.884695
-2.401835
-1.369989
-0.231211
-1.995753
-3.803175
-4.323630
-3.127213
-1.593085
-1.148893
-0.965464
-1.533753
-1.510495
0.102341
-0.816073
-1.415696
-2.010635
-1.326958
-2.086075
-3.795594
-4.689915
-3.805555
-2.836161
-2.411028
-2.027101
-2.204135
-2.358245
-2.573645
-2.496711
-2.457485
-2.537851
-2.640868
-3.577332
-4.301329
3.643933
1.581638
1.892085
2.301815
2.601586
2.555043
2.079443
1.345896
1.147491
1.985774
2.950873
3.123853
3.503947
4.767746
6.095018
4.238943
3.536632
4.269375
3.727490
2.175450
2.564524
0.825035
-0.565663
0.226991
0.276775
1.074037
3.899706
6.011327
5.171771
2.887232
2.472191
2.470614
2.140373
1.794805
0.219254
-5.135270
-4.835922
-2.622375
-0.835815
-1.030329
1.822874
4.956776
5.359897
2.949305
1.721644
1.745672
0.903435
1.497550
-0.759659
-2.874880
-1.471351
-1.574209
1.301989
-1.181255
0.830070
3.655236
5.095533
2.651904
0.398999
2.559768
0.731449
-1.090961
0.267251
1.518982
0.728438
0.111109
-2.978933
-0.340003
-0.401665
1.842187
4.526301
2.334262
0.113009
-0.564558
-1.633291
-1.160700
1.900391
0.679996
0.127690
0.846743
1.409909
-0.350046
-3.447894
3.667728
4.431087
2.732588
1.049137
-2.148335
-1.055211
1.071798
1.493487
0.228475
-0.106400
0.221577
0.143772
-0.471073
-1.892857
5.233131
4.424849
1.481721
0.923552
-3.609548
-3.623056
-0.022830
0.506279
-0.996973
-1.035739
-0.564308
0.527087
-0.165033
-1.002594
4.395732
4.710934
1.336094
1.595786
-4.686152
-4.849418
-1.609255
-0.536314
0.077162
-0.235869
0.520976
0.700737
-2.694712
-1.919304
6.050611
4.757805
1.245489
1.340653
-1.187363
-4.253531
-2.506987
-2.649867
0.546432
-0.139163
-0.086774
-4.182775
-2.326539
0.248828
6.388083
4.826559
1.126839
0.275413
-0.531186
-2.042555
-2.537704
0.854792
-4.978497
-4.865853
-2.274510
-2.864239
-3.959140
0.242234
4.223787
4.293330
0.206408
-0.408315
-0.251969
-0.041191
0.300431
-1.078258
0.926833
-0.588226
-1.505881
-0.328160
-0.247434
0.861953
3.739561
4.257831
1.242396
-0.411648
0.201489
-0.240071
-0.605651
-0.101411
1.127009
-0.394332
0.011730
0.506928
-0.462539
0.798999
4.444118
2.705235
-1.341093
-2.319049
-2.336687
-2.235932
-2.105087
-1.818496
-1.469048
-1.405356
-1.277759
-1.692518
-1.977178
-1.254582
2.430992
1.105255
1.974147
-0.355483
-0.637424
-0.921360
-0.842643
-1.069823
-1.103050
-1.503501
-1.453146
-1.141058
-0.728147
1.585338
-0.849052
-0.100791
1.216058
-0.541674
-0.976188
-1.052079
-1.144593
-1.581174
-0.632694
-2.114173
-2.870035
-0.958836
0.057772
0.399730
-0.864327
-1.266661
0.478872
0.899173
0.746103
2.339164
1.855079
-0.360904
0.640404
-1.710642
0.064485
2.763493
4.215196
1.955516
-0.914590
-1.386933
-0.358461
0.931318
1.286333
3.261674
1.086311
-2.042210
-2.061317
-2.067079
1.048239
3.603991
3.434437
1.278777
-1.390904
-1.583690
-0.234344
1.564242
1.553747
1.056403
-0.422305
-2.136727
-2.864232
-2.252491
-0.809359
3.424973
-0.689754
1.516199
-0.419563
-1.862021
-0.070901
1.726758
2.415453
-0.263828
-0.701029
-2.110278
-2.165207
-1.707033
-0.667866
1.234573
0.683347
1.725007
-1.841353
-2.000015
-1.071494
-0.206428
4.085303
4.130873
-0.959955
-1.663123
-1.423034
-1.315951
-0.953880
0.546361
5.072110
2.787439
-4.513725
-1.825692
-1.449288
-2.212968
0.446144
3.020006
0.348585
-0.730568
-0.560148
-0.457665
-0.111090
1.813068
2.874380
0.215986
-4.115090
-1.617979
-0.763425
-1.674066
-0.919490
1.718340
1.904142
0.351060
-0.499623
-0.435520
0.510303
2.947754
2.769858
3.311805
-2.917935
-1.344129
-0.637734
-0.874646
-0.620446
0.257961
2.389111
4.437229
1.719936
0.972489
2.200543
4.359433
2.156510
0.776428
-1.892427
-1.118926
-0.293461
-0.436603
-1.587338
-0.472617
1.993275
6.112355
6.663034
3.321183
3.380798
2.281660
0.185969
0.213709
-1.741101
-1.439138
0.216474
-0.051612
-1.192809
-0.766230
0.593824
3.392333
5.249544
2.881161
1.847222
0.878593
0.165997
0.312197
-1.871934
0.769530
0.580166
0.440551
-0.005254
-0.346820
0.344917
0.947092
3.169625
2.845076
1.356146
0.364027
0.638006
1.443396
-0.401008
-5.222374
-2.610420
-1.180097
-0.836546
-1.016917
-1.016627
-0.859072
-0.204770
-0.049299
-0.548010
-0.753742
-0.559859
-1.093768
-5.031439
-7.975177
-6.369308
-5.468818
-5.110234
-5.154934
-4.900239
-3.632543
-2.555183
-3.322108
-4.852763
-5.823741
-5.905579
-5.457145
-7.865659
-5.543531
-2.435296
-3.138947
-3.269921
-3.002792
-1.458262
0.826708
3.092497
1.362117
-1.645408
-1.192956
-2.519964
-2.767667
-5.956198
-4.011002
-1.329979
-2.457102
-2.036636
0.592666
0.567131
2.061485
4.036808
1.986349
-2.392969
-0.168424
0.632479
-2.402118
-5.720429
-3.821077
-1.160286
-2.295486
0.259123
1.896208
1.766442
-0.002975
0.557430
1.118113
0.539222
0.571176
0.178758
-0.335598
-4.788670
-3.410017
-0.274612
-0.606138
2.399766
1.980021
2.991873
2.147923
1.169156
1.331379
3.037872
0.027917
-4.718787
-0.170846
-2.129226
-3.234944
0.416399
2.052576
3.011228
2.382609
2.968728
0.307775
-1.447318
-1.601816
-0.253600
0.195367
-4.625194
-3.341619
0.637284
-3.232289
0.172740
3.208451
-2.592849
-0.603022
0.424539
-1.356805
-1.935186
-1.916910
-1.260227
0.749715
-0.874365
-0.548740
-0.441529
-3.220098
0.133581
0.958529
-2.032933
-3.839303
-0.427263
-1.707218
-2.485672
-2.557673
-1.852223
1.205590
-1.215680
0.888257
-2.479203
-3.227211
-0.351662
0.996151
0.632661
-1.836093
2.143212
-0.309487
-1.515701
-1.704386
-0.973870
0.781165
-2.183744
0.824893
-2.451736
-3.283681
-0.691538
-0.215308
1.923409
-1.905540
0.250523
2.672973
0.979803
1.602211
2.573668
-1.384727
-0.140435
0.678262
-3.509510
-3.476401
-0.968280
-1.618823
-0.260880
-0.134034
-2.946938
1.222898
-1.205957
0.639383
0.066056
-0.861944
-1.379463
0.555628
-4.060140
-4.184112
-1.407437
-2.350618
-1.844798
-0.989167
-0.458474
-0.241561
-5.345182
-2.820983
-1.302349
0.065966
-1.390264
-0.620547
-4.363520
-4.314126
-1.810936
-2.472207
-2.398975
-2.327434
-2.138666
-1.788877
-2.305357
-2.201453
-2.744150
-2.669508
-2.982174
-1.377953
-4.572896
-7.149755
-4.467025
-4.103558
-3.751709
-3.605213
-3.242574
-3.033843
-3.184481
-3.280780
-3.335777
-3.496454
-4.020160
-3.431438
-6.215804
-0.151883
2.009400
2.960113
3.595399
3.115281
2.363756
2.763489
3.366722
3.069844
2.708634
2.992319
2.375536
1.806382
2.415105
-0.534369
-1.466262
0.419433
1.720655
1.149522
0.893461
0.966283
0.249200
-1.428569
-3.152926
-1.816422
-0.932569
-2.475229
-0.843471
-0.118921
-1.759473
1.464024
2.957941
2.980091
1.458734
2.691925
4.966486
3.866152
1.696745
-1.035577
0.367427
-1.256008
-1.440128
0.272815
-2.106766
1.516897
2.218623
0.216296
2.429782
4.638045
4.757952
4.141675
3.217778
1.685447
0.438468
-3.664714
-1.236887
0.413415
-2.075907
1.663744
2.719975
3.367787
0.470520
2.174329
4.823844
4.463770
4.245202
1.869779
2.230165
-3.075105
-1.909393
0.247342
-2.186737
0.984421
0.806695
0.612753
0.155384
3.929093
4.625198
3.376098
3.408658
1.987204
0.047471
-2.943160
-2.293236
0.251598
-2.152022
-0.437889
-3.067218
-4.400179
-1.490182
2.757683
2.217659
1.884863
2.023573
2.279692
0.774498
-1.444643
-0.876588
0.565304
-2.284084
-0.188881
3.694551
1.499564
-0.923275
2.804835
1.818185
1.326516
1.788597
2.473110
1.956173
0.101084
-0.769038
0.943893
-2.045205
-0.037959
2.342922
0.556811
-2.395923
2.931840
2.374505
0.973071
1.918074
3.161072
2.131017
-1.899469
-0.236399
0.958614
-1.656549
0.625855
0.692741
-1.054723
2.020619
0.545129
-0.397412
-0.693262
-0.907417
3.991325
3.643561
-0.985887
-0.164140
0.395482
-1.499604
1.415945
2.058522
1.149592
4.588991
1.895589
0.867286
1.968749
-0.095822
1.697065
1.301872
-1.024197
-1.550346
-0.397884
-1.442869
1.966407
2.503881
2.017826
0.755488
0.007380
1.910674
1.195005
-1.386777
-0.875213
1.135326
-0.751150
-1.340235
-1.496995
-1.978974
1.423018
2.401376
1.447698
1.520567
0.912671
1.203396
0.307124
0.999789
1.637976
0.981597
-0.762660
-1.318591
-3.809123
-2.520889
1.582349
2.503056
2.268679
1.579628
2.075646
3.193630
3.686969
3.366276
2.131504
1.753689
-1.076853
-1.770639
2.529246
0.827703
2.760171
3.760839
3.704188
3.537016
3.765449
3.325801
3.617522
4.023708
3.997593
3.006771
1.066354
2.325947
1.781159
-1.112879
0.950886
1.760849
2.047793
1.968930
1.074321
-2.010533
0.284703
1.785778
3.005193
2.794276
-0.100836
0.967798
2.903038
-0.179963
1.437287
2.622879
2.784085
1.421431
2.193054
-4.761223
-0.833172
4.019709
0.877000
1.364137
0.447244
1.492493
2.953684
-0.343084
1.771812
1.925450
0.782869
2.088582
-0.260216
-4.012124
-3.374606
-1.145347
-0.973847
1.003288
-0.166057
0.743212
2.914018
-0.225986
0.880011
0.880433
0.273869
-1.291728
-3.203956
-2.645363
-2.772720
-2.620191
0.685625
3.267347
-0.140406
0.146278
2.614841
-0.509131
-1.076969
-0.451305
-0.466661
-0.285046
1.218404
0.747071
0.472381
0.606044
2.949797
0.969492
0.407334
-2.400113
2.472030
-0.321503
-2.382325
-5.343073
-3.129428
-1.322583
0.959354
1.203270
0.951980
1.283786
2.012113
0.765317
-3.221586
-2.065902
2.453079
-0.004912
-0.813001
-1.039814
-1.644961
-1.499582
0.651389
1.411984
1.033635
1.654140
1.857883
0.590688
-1.703062
0.458771
2.677081
0.087172
0.551106
-0.576370
-0.694710
-0.992038
1.357403
2.131119
1.927623
2.057602
2.423459
0.242491
-1.473580
0.577102
2.883017
-0.028827
2.058399
-0.089473
-3.557581
0.373803
-0.394479
0.313693
1.039417
1.045619
-0.453270
0.182775
-4.082661
1.569725
2.976947
-0.473570
2.266757
1.796687
-0.708550
-0.730427
-3.005366
-4.301266
-3.862961
-4.020079
0.911275
1.031658
0.502418
1.995579
3.027406
-0.449861
1.466597
2.493062
2.883703
0.939724
-5.749728
-8.581989
-6.340561
-4.047783
0.355496
3.599595
1.237946
1.854788
2.354908
0.771580
2.017803
2.924206
3.180092
2.777829
0.888458
-1.393419
-0.496427
0.568311
1.764977
2.360672
2.074225
1.543319
5.731689
2.236403
2.660163
3.321452
3.505935
3.675227
3.794458
3.373758
3.388237
3.808007
3.871345
3.281897
1.801386
5.301009
3.174354
1.740247
1.135028
0.876921
0.973475
0.991599
1.238491
0.879484
0.994291
1.588686
1.510944
1.279310
0.679330
2.731783
2.376141
0.414155
0.069112
-0.440063
-0.162037
-0.352966
-2.119818
-3.673030
-2.460256
-0.835862
0.462334
1.464862
0.822860
2.207181
1.891907
0.965678
0.456441
0.077505
-0.097241
-1.677701
-1.935055
-0.396271
-1.857666
-0.715357
-0.810196
0.954116
1.544441
2.394176
1.793204
0.321954
0.452927
-0.291589
-2.520996
-1.789789
1.712249
-1.536352
-1.975250
1.709450
-1.014624
0.665419
0.877782
1.826945
1.573769
-0.060007
-0.684125
-1.052757
-0.274903
-1.234102
-2.494590
-2.447630
-2.632104
-0.515760
-0.213739
1.063576
0.835268
0.836693
1.095184
-1.148104
-2.656116
-1.557623
-1.485453
-1.749399
-2.534024
-2.250285
-2.025063
-2.029684
-1.737971
0.232106
3.141063
-1.952736
0.914737
-1.655524
-4.479745
-2.710424
-1.111094
-1.482866
-2.291694
-0.650357
-0.656160
-1.068950
-1.637444
0.280604
-2.425753
-3.253435
0.856662
-1.415238
-4.142639
-2.606354
2.697285
1.345757
-1.401795
-1.302409
-1.423845
-1.390060
-0.492941
0.353764
-2.964238
-2.551117
1.084097
-0.852653
-2.589007
-2.091619
1.465621
1.815422
-0.232432
-1.376583
-1.598609
-0.888142
0.419824
0.235005
-1.711598
-1.796009
1.329178
-0.525302
-1.438043
-2.685267
-4.025369
-0.709644
-1.095550
-2.475709
-3.916178
-1.321340
0.712676
-2.415375
-2.471604
0.100302
1.508717
-0.269792
-0.958208
-2.075173
-3.313529
-2.115817
-1.315086
-1.426819
-2.884341
-2.379271
-0.495300
-2.038751
-1.753199
1.303952
1.781381
-0.143701
-0.706096
-1.286353
-1.401612
-1.265711
-1.851304
1.439475
-1.310590
-0.596189
-0.840443
-0.821528
0.083368
2.009753
3.060165
1.363015
0.855687
0.122003
0.282361
0.278101
-1.376575
-0.874324
-1.393129
-0.633517
0.635416
1.736318
1.766003
3.892604
5.373547
3.897058
2.749271
1.786280
1.432641
1.344042
1.501032
1.817461
1.799732
1.471195
1.722615
2.694542
3.048152
5.327884
-6.336867
-4.821945
-5.787985
-5.527575
-5.474259
-5.102009
-5.054827
-4.460561
-4.438888
-4.203436
-4.648319
-5.231517
-5.158218
-6.034048
-1.986207
-1.909898
-2.999301
-3.369520
-2.972231
-2.022381
-2.031135
1.029521
0.147743
-0.824728
-2.131827
-2.944276
-2.223876
-2.678758
-2.773355
-2.921966
-2.003984
-0.737048
0.297831
2.137928
1.287302
6.308560
3.278697
1.236202
2.851455
0.668921
-0.668072
-2.118397
-3.663575
-4.380937
-1.549038
-0.072337
1.448143
0.145361
0.385611
3.925538
4.027571
2.068436
3.558820
1.724914
-1.137673
-3.237063
-3.856172
-3.891312
-0.214204
-0.590254
1.252696
0.538921
3.583639
4.203166
4.181466
2.963480
3.095154
0.621431
-0.465295
-3.022979
-4.089673
-2.666394
0.273221
-0.298826
-0.326903
0.300013
2.006199
1.186242
0.649929
1.669976
2.377354
-1.525656
-1.490549
-1.983919
-4.299821
-2.936410
-1.374126
2.546654
2.827807
2.867345
1.235716
-1.184653
-1.863078
0.295638
1.553514
-0.350331
-0.774853
-1.401587
-4.292814
-3.777847
-0.918977
-2.144504
-0.325489
1.961574
1.030022
-1.551350
-1.795909
0.450892
1.032129
-0.417135
-2.270583
-2.183402
-3.979973
-3.848980
0.383600
1.813153
-0.637124
0.728797
0.788764
0.364606
0.671722
1.209962
0.670427
0.561425
-0.315483
-3.113395
-3.423168
-4.076189
-0.102588
2.742491
2.553537
1.358129
0.990613
2.327535
2.194854
0.666603
1.755939
-1.729204
-1.252519
-3.535040
-2.770221
-3.416359
-1.734020
1.214221
0.943467
1.781014
0.739522
5.027182
1.807239
1.474169
1.262004
-0.113119
-1.469491
-3.486868
-2.466457
-2.450258
-2.065425
-0.855408
-0.351557
-0.696111
2.761707
3.783039
1.056448
0.753698
1.473507
-0.214517
-2.343493
-3.496599
-2.676367
-1.553085
-1.848339
-1.365521
-1.603428
-1.017457
-0.648439
0.511833
0.259568
-0.100904
0.219232
-0.768383
-1.996367
-3.298175
-2.868757
-2.509900
-3.048804
-3.180917
-3.321291
-3.731555
-3.613171
-3.127928
-3.027788
-3.152134
-3.168857
-2.799410
-2.536021
-3.295128
-4.371283
-3.790778
-4.406042
-4.214701
-4.227270
-4.051016
-3.633812
-3.662795
-3.541956
-3.440248
-3.824157
-3.772465
-3.007047
-5.363863
-4.509039
-1.581128
-1.446940
-1.834267
-1.808960
-1.458454
0.679474
1.675739
1.282227
1.032233
-0.037168
-1.226772
-0.852439
-3.580898
-5.085630
-1.970377
-2.002655
-1.861812
-1.039644
1.506094
0.103735
-1.577294
-2.620459
-1.944685
1.292040
0.398629
-1.491339
-4.889877
-4.968067
-2.689182
-2.227814
-0.951344
1.848987
-1.479318
-2.756732
1.603466
0.865056
-0.361654
-0.768923
-1.735378
-0.661903
-5.245530
-4.933869
-2.917249
-1.420866
0.005756
-0.459134
-0.852306
1.829966
0.541056
1.176953
1.357093
1.221809
-2.858671
-0.545226
-2.918297
-4.968039
-2.332748
-0.689084
0.683430
-0.443199
0.447527
-0.876759
-0.709010
-0.695629
-0.985788
0.821055
2.091373
-2.142094
-1.917684
-5.090411
-1.954735
-0.210842
2.216846
1.976579
0.901642
-1.047403
-1.744575
-1.672305
-0.919679
-1.110709
1.524619
-1.653863
-3.320581
-5.139462
-2.458686
0.311123
-0.468856
-2.698268
1.614245
-1.549489
-2.007812
-2.038043
-1.762261
-1.359951
-0.959235
-3.954149
-3.479821
-5.147703
-2.685591
-0.032176
1.624141
-4.064006
1.632028
-1.615075
-2.257029
-2.476608
-2.340318
0.008075
-1.966682
-2.152810
-2.729940
-5.146378
-3.299484
-1.637292
0.165287
-0.717637
-1.029821
1.246003
1.788737
1.226644
1.597634
-2.693185
-2.162041
0.046760
-3.822993
-5.115028
-3.051564
-2.312405
-1.452741
1.382616
-2.481042
-0.782132
4.070385
-1.869618
0.227416
-1.483322
0.056638
0.183969
-4.499846
-5.248419
-2.421576
-2.331484
-2.418741
-1.214410
0.937846
0.759932
-1.981897
-3.953618
-2.038843
0.558395
-0.668019
-1.670434
-5.033600
-5.007549
-1.998709
-2.109822
-2.236537
-2.224487
-1.707610
-1.189346
-0.844779
-0.617544
-1.173297
-0.984793
-1.635269
-1.256917
-4.732779
-3.947167
-3.341757
-4.062076
-3.612159
-3.457853
-3.425459
-3.309889
-3.223042
-2.897165
-3.050650
-3.449360
-3.568640
-3.087024
-3.451683
-2.905934
-0.286322
-0.845289
-1.002488
-0.921657
-0.700021
-0.603338
0.410336
-0.130428
-1.506788
-1.911555
-1.363866
-1.440620
-1.019163
0.062521
-1.339461
-2.952003
-1.793135
-1.254865
-1.180377
-2.427764
-2.412174
-2.404574
-1.108071
-0.092202
-1.963402
-2.553296
-1.185041
-3.102832
-5.046193
-6.426022
-6.292851
-3.280149
-1.557714
-2.262070
-6.513209
-3.141488
5.076641
1.630759
-2.535179
-4.030168
-4.157894
-4.059184
-4.223269
-6.178799
-4.700261
-0.410275
-1.477128
-0.964180
-7.087300
-7.386948
0.593985
-4.018289
2.233191
-1.255128
-3.885110
-4.247103
-3.726335
-4.957954
-2.033839
0.209285
-2.568766
-1.679058
-4.839314
-5.748066
-3.598119
-2.746970
2.328245
1.989669
-3.344179
-4.284637
-3.663680
-5.987550
-2.257195
0.982653
-2.949338
-3.507738
-5.987266
-5.818210
-5.115586
-3.737504
0.979727
0.148503
-4.187474
-4.306024
-3.507671
-7.574564
-7.002002
-1.735996
-4.993250
-5.604054
-5.995309
-6.154475
-5.101986
-2.247276
-0.439643
-1.562716
-4.442164
-4.357991
-4.719974
-8.654823
1.011559
4.439984
-4.131332
-5.303501
-6.300537
-6.224875
-4.849338
-0.987004
0.681996
-0.591478
-4.655636
-4.476146
-5.449888
-8.829287
-4.292234
3.170534
0.580015
-4.052996
-6.150486
-5.453061
-3.169822
0.344342
0.975383
-4.555189
-6.266973
-4.473475
-5.393867
-7.659008
-7.070233
-1.374552
1.719498
-0.344536
-3.348880
-0.862607
-0.235080
3.529633
2.544798
-1.784433
-5.119040
-4.372911
-5.296767
-8.153439
-7.127527
-3.096502
0.252882
-3.353531
-5.602041
-1.695008
-3.255583
0.487798
-0.488084
-5.012398
-3.415998
-4.331544
-5.605123
-8.519971
-7.763082
-7.197146
-5.494397
-2.642883
-2.970260
-0.827075
-3.709125
-4.802107
-6.898074
-5.473434
-4.074784
-2.834603
-3.957084
-5.290658
-5.158075
-4.820920
-4.934101
-3.107488
-1.455821
-1.680087
-1.884849
-4.192988
-5.070868
-4.894375
-3.761702
-1.073874
1.141589
-1.318521
-1.540344
-1.454403
-1.564714
-1.723166
-1.662924
-2.132220
-2.505631
-1.983971
-1.910104
-0.361012
-2.043553
0.270878
-1.567325
-0.707165
-1.216677
-1.082546
-0.962158
-0.597054
-0.157632
-0.158405
-0.446653
-0.928579
-1.223459
-1.923788
0.045219
0.312102
2.174057
2.202526
0.852844
1.127927
2.370348
3.716630
5.884417
5.698005
4.315649
3.034769
2.372097
1.357286
0.086617
-0.167894
2.035055
0.913495
-0.106923
2.021817
3.846423
6.079040
9.500219
7.755339
5.919935
5.007046
3.760179
2.774423
-0.222373
-0.208863
1.513888
0.443591
1.198927
5.526568
6.168259
4.672064
5.490873
4.751159
5.949790
8.470737
5.354024
4.589910
-0.000061
-0.313887
1.097965
0.980343
2.919890
4.517780
6.500334
3.014165
1.920807
1.993984
2.749398
4.537059
8.452770
6.419601
0.679581
-0.413252
1.342768
1.445680
5.461751
6.293291
3.252447
1.233713
0.423502
0.191828
1.102174
2.505309
8.799633
12.453150
1.513724
-0.384455
1.758377
2.963371
7.477185
9.053555
3.005967
0.677408
-0.678809
-0.496372
0.342833
3.000333
5.108011
7.105138
2.212179
-0.315435
1.704825
2.029034
5.807310
6.435001
3.833091
0.782791
-0.746642
-0.789789
0.507424
3.196644
3.964516
5.215826
0.894750
-0.264563
1.614359
1.615328
4.735109
9.418833
4.394012
2.137932
1.100250
1.234982
2.198881
3.781478
9.141944
6.958190
0.457863
-0.199066
1.569208
1.898733
3.808700
7.157619
4.418572
2.287182
3.457491
3.581285
2.961968
6.251462
6.139399
4.769107
0.425510
-0.183982
1.913149
1.293341
1.343817
4.024182
4.396575
5.879913
4.709565
3.388960
5.088027
7.116229
4.484681
2.818263
0.190932
-0.238504
2.022016
1.499280
0.240716
1.148693
3.152274
6.483430
6.177665
2.528708
4.115913
3.510879
1.924782
1.886052
0.467719
0.094639
2.462104
1.875888
0.820836
0.944927
1.342728
0.669046
1.439716
2.319173
1.366460
0.960920
1.394511
2.645893
0.496749
2.424159
2.500558
2.148079
1.606149
1.811654
1.650777
1.570531
1.522243
1.778291
1.847225
1.685527
1.897082
3.292911
2.016457
0.674251
0.886716
0.796171
0.276982
-0.528836
-0.311742
0.439493
1.153862
0.993229
-0.014854
-0.377978
-0.446013
0.018792
1.523808
0.644628
-0.314849
-0.205121
-0.744946
-1.505784
-0.290640
2.380398
1.144770
2.366109
2.216641
1.057187
-1.342502
-0.956736
0.934477
1.119006
-0.623673
-1.359580
-1.678645
-2.109226
-0.180995
-1.099188
-2.968418
-0.918206
-0.515222
0.417412
-0.863996
-0.816189
0.222018
1.006943
-0.629005
-0.989568
-0.570323
-1.290516
-4.269385
0.766032
4.910627
4.718990
4.013698
1.788072
0.317333
0.582818
0.128892
0.325660
-0.987749
-0.977621
0.274780
-0.391728
0.517729
2.513330
-0.332669
-0.806721
3.105871
3.763721
-0.974906
0.568332
0.615771
-0.338722
-0.948942
-0.281799
1.144557
0.395509
1.007432
-2.395327
-4.539388
-5.077879
-2.083634
3.362914
5.647667
3.070114
1.187872
-0.504802
-0.194396
1.428618
0.703264
0.676964
-0.187685
-2.525063
-4.949814
-5.919616
-2.925847
3.541670
3.856223
2.265762
2.316563
-0.607612
-0.697636
1.443379
2.612209
-0.502482
-0.158714
-2.785338
-5.480380
-6.331477
-2.757057
3.966739
3.197025
-0.110566
1.397030
-0.585396
-1.753427
0.434723
4.213865
-0.049529
1.458861
-1.389757
-4.715121
-5.382609
-1.081107
5.718441
3.752381
0.595260
-0.125438
-0.075822
-1.946983
-0.671725
1.863430
-0.210219
0.942863
2.431300
1.459107
1.346717
3.900887
2.978609
-1.979733
0.170704
0.132794
0.720403
-1.480024
-1.826897
-1.901313
1.241010
0.643103
3.671349
3.100467
5.184221
3.522070
1.324330
1.098963
0.125995
0.767572
1.244950
-1.251422
-1.724626
-2.378132
-2.082116
2.282696
6.288584
4.014469
6.137849
3.754636
2.542087
-0.958742
-0.703044
1.283040
1.193792
-0.623920
-0.719549
-1.295351
-2.072539
-1.508428
1.442736
3.749159
3.555289
1.176453
-0.480780
-0.144422
-0.321487
1.979228
-0.472427
1.167011
-0.319285
-0.587817
-1.263356
-1.061457
-0.058862
0.671450
0.799055
0.413790
0.041894
-0.184566
0.575522
-0.762856
-2.517908
-0.574292
0.241645
0.065511
-0.425451
-0.888997
-0.322433
-0.182422
0.140615
0.511949
-0.018327
-0.940370
-0.807874
-0.909876
-1.494955
1.003823
2.204899
2.536618
2.241873
2.319464
2.642154
3.555538
2.869342
3.023429
3.003494
2.413140
1.696907
-0.556813
0.152285
0.475771
1.979329
2.105158
2.079216
3.024349
4.326166
8.362433
7.330034
7.133738
5.435353
3.232689
2.720351
1.188904
-0.114264
0.562450
1.548893
0.336421
1.160524
3.085686
4.082601
2.404539
2.556473
4.058767
3.866552
2.839773
0.472403
1.527146
-0.198886
1.045547
1.595131
0.120208
1.478950
-0.278930
-0.537637
-0.765785
-0.606965
0.237754
2.889602
3.199014
0.990921
2.185406
-0.546009
0.481347
0.259335
1.174925
1.551223
-0.498960
-1.997522
-0.494300
-0.604102
-1.831155
-0.102872
2.443714
5.382846
0.478479
-0.604295
0.202867
0.461549
1.588425
0.575809
-0.656974
-1.030785
0.254178
0.433153
-0.753508
-1.144196
2.676854
4.111391
0.311687
-0.331040
0.780852
1.717663
4.324951
0.793996
-1.892322
-0.747832
1.049114
0.737719
-0.691251
-1.275668
3.361044
5.788733
-0.425607
-0.070593
0.779262
0.951391
3.545546
3.289623
-2.716949
-2.261711
0.148145
-0.948931
-2.370830
-0.332296
3.082818
3.015212
-0.864145
0.064010
0.620947
1.317587
2.119370
2.508776
-0.443010
-1.971986
-2.244541
-3.732450
-2.864676
0.450916
3.411642
2.954447
0.419569
-0.033409
0.955144
2.599781
2.784634
2.047504
2.868193
-0.257594
-1.636733
-1.753955
-1.104329
0.492014
2.887689
1.414777
0.814458
-0.407121
0.833798
2.145555
2.699428
1.512280
2.037584
1.498178
-0.247830
1.728451
0.627462
1.193185
1.793060
2.309849
0.617417
-0.974971
0.228558
1.139086
2.075889
1.256825
1.550235
2.969454
3.155154
2.385040
1.625218
2.001991
1.706362
1.799989
0.774261
-1.484810
-0.582166
-0.295348
0.376218
0.403426
0.653441
0.766744
0.903738
1.385423
1.610487
1.142553
0.478922
0.517968
-1.562700
-7.427396
-1.349219
-2.129110
-2.062566
-1.803783
-1.745676
-2.193134
-1.570523
-1.355368
-1.159017
-1.167725
-1.550687
-2.876905
-9.817088
-6.585893
2.113664
1.723439
1.164773
1.417383
2.214892
1.239124
0.567580
1.082637
1.816761
2.191154
2.290101
0.529959
-6.113600
-5.535760
2.612245
1.997084
1.952107
2.378118
1.205544
-0.475877
-1.483861
0.200731
-1.835455
1.755792
3.031921
3.631409
-4.484321
-5.349747
2.599999
2.423415
2.895426
2.514849
-0.352413
1.282242
4.635160
5.358401
2.699816
-0.067063
2.591570
3.272328
-3.211284
-5.472046
1.795712
3.018930
4.162663
2.588475
2.800925
4.740904
4.558936
4.085903
3.949949
3.811946
1.601584
3.602357
-3.417615
-5.762719
1.355984
1.823788
4.308958
3.577596
3.793733
3.879911
2.427771
1.622757
3.469977
2.347521
0.614270
-1.305099
-3.830105
-5.772069
1.380104
1.524262
-1.864997
2.065072
3.890926
2.598492
0.997838
0.915165
1.467659
4.134672
2.535666
0.809822
-3.329680
-5.693318
1.640049
1.639523
4.262331
4.217194
5.143500
3.608959
1.274984
0.852360
1.794428
3.988932
2.114279
0.724746
-3.752688
-5.652284
1.753666
1.160511
2.070884
3.358231
5.581166
6.003905
3.533727
2.676548
3.790060
5.079205
2.410039
1.541637
-2.473107
-5.628207
1.639479
1.820145
0.049418
-1.379533
0.677122
3.871250
7.229213
5.163393
4.610439
3.840910
3.323846
2.202477
-1.872785
-5.542039
1.673542
1.330592
0.811068
-0.940769
-0.498935
2.374938
4.841650
1.193074
0.745635
0.153536
2.110639
2.748369
-3.030117
-5.216475
2.289484
2.021461
1.548584
2.000549
-0.780723
-0.339591
-0.573212
1.619372
0.524270
0.253116
2.729241
3.756233
-3.960525
-3.907145
4.237899
3.378105
3.383162
2.889072
2.689847
0.506554
2.449317
3.248542
2.190576
2.729560
2.978129
4.103923
-3.885976
-5.166486
1.015064
1.079892
0.864414
0.474207
0.032348
-0.228727
-0.390280
-0.077194
0.193658
0.586814
1.306848
1.932191
-4.928917
1.267472
-1.988131
-3.038296
-2.639566
-2.785978
-3.173879
-2.933538
-2.693000
-2.226479
-2.645481
-2.596535
-2.918491
-1.366973
-0.310746
0.731361
2.619290
0.894385
1.498700
0.466862
-0.977698
0.137383
-0.081946
0.290695
-0.159490
-0.446726
-0.098476
2.684430
0.369922
0.804889
2.663046
1.618775
1.277865
2.769809
3.277529
3.418847
0.085242
-1.723558
-1.451784
0.598042
3.583217
3.252082
0.498905
0.442613
2.973625
1.804663
2.530493
2.797483
2.256210
-0.009614
2.714481
1.600020
-1.102117
1.798969
0.512145
4.393968
1.213183
0.613351
2.897954
2.350278
3.156429
1.158057
4.914441
3.443837
1.081797
0.769789
1.558503
2.567915
0.004086
0.131647
2.478870
1.134071
2.968945
2.921266
1.837965
1.988392
2.999809
-0.636515
-2.255030
-2.320291
-1.542624
1.940736
0.308708
3.870977
5.095048
1.243217
2.867251
3.521952
2.141572
2.287971
0.771688
-0.532875
-1.766839
-2.025094
-0.956100
0.383064
1.222560
2.961017
4.082602
1.225878
3.013107
4.141911
2.615937
1.026866
1.662011
0.742417
-1.228950
-1.393460
-0.765261
0.662492
-1.088166
2.382429
3.381546
0.968677
2.985372
3.488166
4.235144
3.096429
0.423912
1.140522
-0.645504
-0.611379
-0.541097
0.379770
-0.154446
2.011941
3.137890
0.805989
3.345228
3.453119
6.483126
1.721317
-1.253479
-0.062175
-0.136449
-0.408266
-0.819005
-0.174175
2.229340
4.344588
2.020863
0.816929
3.109636
2.577830
4.493767
6.830740
0.841584
-1.456055
-5.407829
-8.576077
-3.679116
2.869561
3.135566
5.462033
1.334712
0.852416
2.726256
1.242269
1.656667
3.252970
4.420964
1.617130
0.178154
-1.308407
1.757226
3.763465
2.714960
2.688595
0.542637
0.521330
2.681860
1.305513
1.042707
0.965880
1.617883
3.474057
5.189276
3.602159
2.976878
1.820411
0.463069
2.439028
0.169000
-1.098471
0.634591
-0.477093
-0.428382
-0.618393
-0.311975
-0.358377
0.140703
0.228618
-0.096498
-0.470999
-0.609237
1.595955
-0.233813
8.188870
2.109738
1.938194
1.737220
1.296192
1.490648
1.503456
1.058862
0.972508
0.886117
1.137338
1.531141
2.319288
5.141974
4.055312
2.792278
1.796242
2.226695
2.521785
1.711446
2.036030
0.753125
1.821516
2.680609
2.119792
1.822600
1.629980
3.098948
2.969774
1.926259
1.233449
2.769906
1.383766
0.092799
1.439901
-3.369085
-1.735424
1.392830
1.174968
-0.127552
2.090931
2.844379
1.928470
1.074965
2.008396
2.230570
-1.708840
-1.638810
-4.209829
-0.990643
-1.786096
-5.017408
-0.907074
-1.014110
1.152605
3.468541
1.738834
1.542652
2.336519
0.287666
-0.692172
1.028185
-0.810790
-0.246809
-0.850674
-1.661066
-0.738783
-0.476348
0.314780
2.603916
2.076426
2.582783
2.738946
0.163257
0.336672
2.021590
0.066861
-1.339031
-0.904138
-0.175526
-0.994146
-3.234376
-0.152884
1.131695
2.082545
2.285220
2.038308
0.058772
2.744210
5.466807
0.798456
-1.124967
-0.698558
-0.685187
0.024481
-0.858129
2.881652
-0.026728
2.214759
1.479866
1.937808
4.259039
4.283511
5.850301
1.424125
-0.652763
-0.069984
-0.222108
-1.212969
-0.442814
2.115146
1.294522
2.489075
1.495942
1.200468
2.004626
1.805986
2.122354
-0.279123
-2.670623
-1.302821
-2.392370
-3.131876
-2.295047
2.849546
1.548335
2.817397
1.807545
1.197989
0.973251
-3.284804
-1.036672
-2.032739
-3.670246
-3.627965
-4.551944
-3.802790
-3.054216
-2.159391
0.814945
3.106035
2.547565
1.253172
0.861486
-0.258122
-0.082458
0.614042
-4.791036
-4.563400
-4.310880
-3.473122
-1.245317
-0.671577
1.084324
3.336384
2.884585
1.608150
1.711109
2.005075
1.381105
1.899452
1.578124
1.999620
0.899872
-1.970318
-0.150539
1.017577
1.782007
2.579288
1.054062
1.337887
2.225425
2.347267
3.517344
2.150831
3.870462
4.541982
2.013943
0.828412
-0.022173
0.185866
2.265141
2.396086
-2.350988
-0.084247
1.218670
1.849824
2.473506
2.428272
2.494702
2.729910
2.183106
1.719053
0.810693
0.237732
2.809015
4.967614
4.433095
3.363843
3.579784
3.658966
3.317944
2.730480
2.197421
1.729398
1.495185
1.963452
3.013663
3.776169
4.514395
2.303919
1.988230
1.230692
0.913319
0.613973
-0.657502
0.413126
1.443891
2.613409
1.300953
0.719374
0.926597
1.802670
2.485572
2.803451
2.063146
1.947125
1.586706
2.032591
0.975080
-0.580516
-2.146603
-1.692433
-0.915933
1.912068
3.059767
0.033662
1.797919
2.902506
2.500820
2.355004
2.480421
-0.450234
-1.483767
0.299192
1.281747
1.338488
1.172621
0.848260
0.491764
1.246694
0.008231
2.959491
2.868169
2.475009
3.621150
-1.242115
1.815392
0.678921
-1.187252
-1.442830
0.952054
1.051651
-2.456511
1.942575
-0.024463
2.625189
2.866574
2.904671
2.595476
2.088001
1.002105
-2.320827
-1.813159
-0.715655
-0.884538
0.406266
-1.088132
0.189223
-0.472678
2.632965
2.789905
2.256864
1.402985
4.003126
-0.628018
-2.933230
-1.476051
-1.044386
-1.636973
-1.017947
3.014046
3.605623
-0.447795
2.443703
2.386359
1.264061
-0.379502
-0.331663
-0.754616
-3.304871
-2.092260
-1.673511
-1.720278
-0.299907
2.771163
1.708014
0.052813
2.361958
2.356113
1.479211
0.582623
-2.927528
2.305753
-2.579415
-4.822500
-3.423028
-2.497733
1.171904
-0.731239
-2.177257
-0.017770
2.327094
1.769146
1.994176
2.110954
-0.000887
3.725573
1.031130
-2.844510
-1.902150
0.574953
0.472291
-0.927187
-3.245534
0.619614
2.190401
0.908968
1.512972
0.219658
2.452241
-0.612147
2.341908
0.460920
1.440539
0.579934
0.010062
-1.083463
-0.283116
1.849401
2.115840
0.360889
0.806289
0.338922
0.856186
3.961484
1.848199
0.054769
2.363328
3.056544
2.055852
1.220693
-0.168664
2.247480
4.108351
3.204582
2.636652
2.036711
2.295329
2.880826
3.135550
4.217574
4.238309
4.413539
3.931341
2.605414
2.870090
3.874656
4.409506
3.692811
2.261743
2.140782
2.260703
3.311433
3.493279
3.365046
3.219891
3.000995
3.605324
2.926985
2.420246
3.117364
2.014995
0.491056
-0.456427
-0.278790
0.140821
0.518363
1.494628
1.228708
0.582480
0.569709
-0.279094
-0.130474
0.522778
0.438113
-1.717087
-0.707396
-0.946065
-1.358006
-0.843754
-0.409237
1.476768
2.121851
2.456838
2.489520
1.117368
-0.275691
-0.194359
-0.422405
-1.012923
-1.259959
-0.542329
-0.977055
0.561497
-0.259429
-1.338000
5.938020
3.333974
-1.555182
1.681270
1.912782
-1.839999
-0.572268
-1.528700
-1.131414
-0.496651
-0.658905
-0.214283
-4.779819
-4.277257
2.520867
0.531127
-3.155429
-0.517199
0.958302
0.146052
-1.218085
-1.658818
-0.329303
-0.137555
-0.798385
-4.515058
-1.637715
-0.178157
1.334817
0.996216
0.642462
-0.934833
-3.921170
-0.871140
-1.729634
-1.201861
0.729277
0.534600
-0.887905
-2.114611
-0.103618
-0.236120
1.172420
2.137281
0.985031
1.463621
-1.801226
-1.629056
-3.286546
-0.940179
0.795248
-1.352330
-4.584625
-2.264441
-1.306223
-0.228958
2.559561
2.881157
1.319776
-0.130316
-4.392738
-5.603057
-4.161774
-0.905240
1.206550
0.045305
-2.696745
-0.817752
-0.778469
-0.234307
1.733395
1.612157
1.080214
0.499230
-2.323954
-1.914970
-2.946593
-1.145116
1.130243
0.456366
-1.179108
3.203665
-0.030327
-0.454232
0.868768
0.315645
0.996320
-0.579704
-0.947547
-0.360837
-2.410198
-1.302683
0.411961
0.282475
0.199544
-0.639023
-2.863527
-0.543458
-1.537954
-2.145049
-0.799380
-3.397904
-0.821159
2.328959
-1.425288
-1.194411
-0.036004
0.997780
-0.146537
-0.854548
-4.931992
-2.851382
-1.737751
-4.679754
-2.858942
-4.149743
-1.583355
-0.637112
-1.194326
-0.724483
0.200893
1.280090
0.885932
-0.855012
-1.082260
-2.896355
-3.676319
-0.906106
-0.145385
0.368565
0.029185
-0.822655
-0.747100
-0.571086
0.367040
0.836889
0.495770
0.441484
-0.340042
0.318329
0.457539
1.563231
1.843073
0.518273
0.676973
0.973330
0.015370
-0.284897
-0.256868
-0.114461
0.734480
1.285595
1.588877
1.085947
0.640271
0.709453
0.761353
1.580310
1.134304
0.508008
-1.641816
-1.524058
-2.842171
-1.857658
-1.936202
-1.929861
-1.831321
-1.802858
-1.801076
-1.950829
-1.948618
-1.983243
-2.182037
-2.435766
-1.508456
-4.931815
-3.502000
-1.905887
-1.689241
-1.598603
-1.541993
0.008571
3.032701
2.348520
0.491691
-1.449511
-2.899945
-4.296780
-4.456899
-4.032053
-2.667707
-1.431171
-1.683680
-2.639129
-1.460341
2.579147
12.080153
10.964999
5.126657
0.856125
-3.510503
-4.038096
-4.131923
-3.813891
-3.038360
-1.913677
-2.809235
-2.726708
1.904756
6.826517
7.809340
6.721994
5.187888
2.648643
-2.794903
-5.329556
-4.596918
-4.019435
-3.246053
-2.389465
-3.538757
0.769287
1.995881
-0.205475
-0.738071
-0.566004
-0.458690
1.204705
-0.025257
-4.425242
-4.957541
-4.036282
-3.316890
-2.795442
-1.075019
2.834350
-0.207689
-2.072028
-2.799406
-3.075157
-2.010913
-0.628599
1.541450
-1.654180
-4.642984
-4.067289
-3.439773
-1.678015
3.544684
0.196248
-0.876243
-2.412464
-3.544256
-3.663503
-3.260190
-1.402795
-2.243237
-1.930085
-3.740341
-4.052824
-3.078477
-0.771896
-1.632645
-1.456068
-1.596258
-2.926592
-3.308147
-3.650347
-2.948880
-1.739531
-3.279665
-3.136553
-3.934915
-3.949715
-3.104565
-0.241638
-1.158472
-1.778695
-2.478111
-2.302474
-1.968920
-2.201512
-1.132711
-1.304038
-0.526988
-1.846043
-3.999682
-3.858294
-3.057801
-0.624254
-0.878031
2.117608
1.316560
-0.491064
1.492984
1.222372
0.909549
0.695684
-1.329130
-1.816306
-4.766418
-3.755412
-2.729094
-1.039050
-0.603212
-0.047557
1.744932
1.758174
2.685352
2.544926
2.343614
-0.176403
-1.255501
-3.983379
-4.421938
-4.015325
-2.850392
-1.661867
-0.986615
-0.878366
-0.296715
1.992497
4.287470
3.093563
2.624237
0.179319
-2.388947
-3.640860
-3.955221
-4.823280
-3.114475
-2.002405
-1.454450
-1.460373
-1.072201
-0.809605
-0.308119
-0.386737
-1.044737
-1.650012
-2.558440
-4.083490
-3.392412
-2.535980
-3.040885
-1.737247
-1.465847
-1.466477
-1.661184
-1.457656
-1.291600
-1.078222
-1.091436
-1.737176
-2.316593
-2.758102
-1.004036
0.651517
2.444216
3.728148
3.676130
3.039017
2.449570
2.489564
2.556828
2.291150
2.755388
2.895548
2.958873
2.366239
2.202870
2.809623
1.601191
2.704030
2.672262
1.193030
-0.253208
-1.378074
0.904942
-1.165413
-2.804890
-1.860264
-0.158916
1.091348
4.145675
3.143423
3.567067
2.441980
1.475307
-0.781658
-2.783696
-3.502271
6.952958
3.620963
-4.596532
-2.812407
-1.024215
1.209317
3.586796
2.933547
3.178929
2.144586
-0.014812
-1.760157
-1.119779
1.236545
6.918735
6.536302
2.893816
3.891970
-1.469008
-0.263900
3.232795
2.935178
2.524832
2.176168
-0.508901
-0.207556
0.109385
-0.114394
1.363557
1.983780
0.949718
2.145955
1.894665
-4.059586
2.551169
2.971401
2.682852
1.944979
0.474082
1.728706
-2.295016
0.396448
1.952591
1.759214
1.007151
2.757522
4.550552
-1.162420
3.842992
3.017608
2.748245
-0.433731
1.317443
1.668424
-1.245443
0.727102
2.043216
1.892575
1.645289
0.746754
4.165010
-4.175283
1.898730
3.187033
2.633053
-0.652354
-1.945833
3.107449
1.527017
2.600491
1.839201
1.462124
1.591356
0.902794
3.062177
-3.158195
0.927752
3.334947
2.885046
1.201694
-1.286966
3.344970
3.352899
3.735235
2.558451
1.420510
2.371374
3.588462
2.725825
-3.099463
2.754600
3.498812
3.470975
2.038007
1.023409
0.300104
2.922244
2.296916
2.250587
0.518124
2.323679
1.346174
-0.685397
1.307927
3.983530
3.608864
4.097728
2.728076
1.233871
1.083979
0.080534
2.400079
1.192641
2.181044
1.080349
-0.983365
-0.988373
1.224586
3.066710
3.667487
3.888638
3.497926
3.139811
1.653399
0.829098
0.657920
1.281116
2.656115
0.803093
0.891047
0.578555
2.153691
3.308742
4.288765
5.635133
6.433965
6.578019
5.505914
3.943934
3.616133
4.729414
4.452197
6.105940
5.364404
5.440929
5.557349
5.260036
3.573650
5.327935
5.558520
5.894011
5.481977
4.742523
4.651828
4.706685
4.758163
4.874321
4.885840
5.462299
5.826198
5.993172
1.407534
2.322217
1.548715
1.665621
2.166538
2.551618
2.513680
1.993016
2.040177
2.077223
2.102551
1.955223
1.519108
0.931060
2.576182
0.353995
0.017396
0.689692
1.199909
0.839155
-0.240846
-1.964832
-1.916145
-1.650145
-0.705078
0.188913
-0.017093
2.757932
1.471675
-1.141766
-1.572526
-0.308105
-1.408324
-2.074053
-0.781305
-0.992573
1.931116
-1.401213
-0.913831
-1.963409
-0.580524
0.846967
1.624996
-0.118688
-0.556356
0.426101
-0.453993
2.483685
4.170073
-1.260124
0.352334
1.427054
-0.075203
1.986315
-2.093658
0.423440
1.732149
0.498955
-0.053802
0.521746
3.747658
2.371491
0.812846
-0.663358
-0.609278
0.305433
2.818676
3.963908
1.732227
0.246185
1.716772
0.704160
-0.752202
2.714408
4.463924
2.910373
1.052932
-0.259078
-0.031490
0.709051
1.700930
2.575573
0.657738
0.225340
1.777756
0.678365
0.232173
-0.311420
-0.971786
2.211728
0.568119
-0.280394
-0.238947
0.249377
1.692552
2.026957
3.212195
1.341575
1.774084
0.714393
1.004809
4.734757
6.932598
0.459010
0.695719
0.088102
-0.016877
0.609277
0.934459
3.722128
2.844533
1.214242
1.750950
0.619961
0.943424
3.766377
6.074833
1.647703
0.350101
0.267015
-0.106385
-0.132643
0.064722
4.256494
1.850635
0.829662
1.758344
0.221143
0.492455
2.438235
6.014490
2.648520
0.818964
0.436780
-1.153892
-0.522433
1.743232
2.941211
1.097095
0.760836
1.785095
-0.046395
-0.614598
1.453849
1.345696
3.744341
1.349972
2.280385
2.602483
1.075902
1.471057
3.324225
0.216851
1.499138
1.932370
-0.113301
-1.105589
-0.097599
0.104065
0.522589
2.941134
1.001323
4.062540
2.800936
1.051370
0.151586
0.323319
2.155444
1.982747
-0.371877
-1.431118
-0.632610
-0.420554
0.294840
1.093799
0.627854
0.930859
0.617674
-0.197429
-1.063163
-0.604285
2.146893
2.959291
1.906715
0.799912
0.931267
1.194427
1.409580
1.934142
2.433446
2.324271
2.101920
1.482923
0.780552
1.780293
1.835732
11.146179
11.884993
10.382143
10.174912
10.417705
9.651304
8.845089
7.382496
7.468660
8.590815
9.147294
10.100478
12.173649
11.167843
9.609578
6.252592
4.966633
5.213173
4.285111
2.814492
1.316151
-2.796391
-1.549083
1.058311
2.880368
3.369641
5.244709
9.454374
8.265946
5.485381
5.374242
4.565946
3.980411
3.405621
-0.618924
-7.483215
-4.561677
-1.313979
2.204065
3.647082
2.847945
9.156526
7.692939
5.699797
4.291737
3.583603
2.523858
-2.800951
-1.949357
0.187844
-0.009429
-0.566833
-5.033714
-2.354630
3.279409
7.595432
7.893988
5.206377
3.973626
3.951829
0.173564
-0.426902
2.348360
2.872962
2.861076
3.556082
1.536617
-2.660144
-0.037804
6.822969
7.773220
4.232523
3.859016
-0.514333
0.087917
2.513773
3.467611
4.977568
5.162638
4.043006
4.090134
-2.477525
-6.250729
6.330528
7.543926
3.584696
3.860477
-2.352984
0.481431
2.122652
5.025785
7.438394
7.609486
5.465518
2.589216
-1.794047
-2.133353
5.658587
7.710239
3.695273
3.005809
1.252778
-1.342741
3.588174
4.660279
7.099767
7.076588
4.680733
3.788600
-1.029517
0.574550
6.734529
8.058973
4.600043
2.929509
1.195280
-3.373788
4.069543
4.751601
6.067543
5.621168
4.867385
3.498687
-3.733533
-2.320437
6.550213
8.150169
5.287767
3.432471
1.901897
-2.760316
-0.453837
5.324851
4.275186
3.947856
4.638026
0.405568
-0.715385
2.090709
6.876772
7.916795
5.230535
3.695836
1.771267
2.177117
-0.967735
1.023109
-0.739664
-1.945890
-0.863955
-0.405166
-0.321012
0.730218
7.800854
7.362571
4.832142
3.570985
3.312918
3.246202
2.996545
1.472262
-2.951260
-2.985435
1.127963
1.788696
1.049429
2.445642
7.946022
7.491138
5.238143
4.488828
4.308341
4.398185
3.580671
4.786080
4.352472
3.385513
3.038705
1.940133
2.899460
4.874427
8.200376
6.817347
6.647114
7.007348
7.378178
8.130054
7.811568
7.250774
7.045094
6.845910
6.983069
6.950308
7.313070
6.927873
4.993187
10.520557
3.268683
2.140066
2.025814
2.042224
1.375654
-0.523463
-1.475210
-0.933666
0.023769
1.192210
2.036766
1.238042
7.625541
3.726313
2.034853
0.299382
0.321256
-0.668863
-2.888954
-3.291775
-5.773266
-3.758573
-2.362602
-2.550284
-1.135390
0.455053
1.741825
3.295733
1.879267
0.243714
-0.803125
-3.988745
-4.601846
-5.570518
-6.538186
-5.445599
-3.379807
-5.514828
-3.651561
0.087583
3.197369
3.120245
1.561881
-1.019793
-3.234660
-5.520485
-6.968702
1.071400
2.139079
1.398026
1.159428
-4.086562
-5.983861
-2.583152
3.076418
3.046742
0.554456
-2.217358
-4.616663
-5.529688
-2.939074
-2.104210
1.288736
0.707431
-1.132547
0.412118
-1.895950
-2.347377
1.381979
3.159588
-0.795418
-3.275081
-2.536745
-2.243189
0.340910
-1.256812
0.182565
0.035850
-0.898155
-1.010011
-0.066575
-1.159345
-1.264016
3.354331
-0.671057
-4.687692
-2.644757
-1.957978
-0.581459
-3.245040
-0.879478
-0.334071
-2.089517
-2.009228
-0.189338
0.206782
0.756649
3.414512
-0.202376
-3.387864
-0.862442
-2.016312
-2.544777
-3.376667
-1.237143
-0.718278
-1.874808
-3.003691
1.070721
-0.081733
2.467795
3.307725
0.409079
-3.389473
-1.038070
-1.947909
-2.949284
-2.933356
-1.704414
-1.965901
-3.459476
-2.477209
2.664496
-0.327856
2.445148
3.241321
1.490020
-2.281107
-2.899777
-3.350380
-1.695208
-1.181566
-0.583506
-0.218024
-0.961683
2.341694
-0.243343
0.603006
3.049330
3.412220
2.069070
-0.191069
-2.273232
-0.624509
-2.976290
-2.189884
0.407318
5.441444
-1.983939
-2.722476
0.838198
1.106408
2.843306
3.908750
2.240649
0.864686
-0.414790
-0.717294
-1.824101
-5.983179
-0.692855
0.466900
-2.705563
-1.309031
-0.066950
0.374086
3.690265
3.935028
0.717395
0.198334
-0.412820
-0.418540
-1.559044
-3.661067
-3.411297
-2.676351
-1.623541
-1.276042
-0.657768
-0.727312
3.530510
5.694546
1.619658
0.540474
0.745246
0.854734
0.743239
1.007537
0.886862
0.999009
1.354892
1.043596
0.756713
1.923931
4.565059
3.316118
4.284196
3.909997
3.529027
3.604844
3.824367
4.085485
4.177192
4.014827
3.561399
3.415880
3.836849
4.024133
3.245433
3.212408
2.534963
2.645930
2.479028
1.998424
1.696968
1.847215
3.598521
1.993142
0.233747
1.024431
2.271559
3.586010
3.226765
3.306626
3.286596
2.603874
2.192635
2.345316
2.002578
0.504456
2.308784
3.006876
-1.704068
0.341678
2.714648
2.850093
3.971088
2.994812
3.646073
2.238568
1.741867
1.952694
-0.426138
-3.510550
3.961772
3.411148
-2.186179
1.313693
2.825597
2.128354
4.523399
3.044078
4.217543
2.535322
2.433660
-0.094324
1.581059
1.396578
1.115107
1.384986
2.034542
1.857146
1.300792
3.681188
4.868105
3.154390
4.495927
3.308757
2.726164
1.314153
0.789350
0.825132
0.915884
1.503342
1.727743
0.670022
1.400385
3.829450
6.645360
3.050715
4.550505
4.511808
1.356462
0.081652
-0.706812
1.447182
1.430596
1.494700
1.724811
1.046379
0.159762
3.927922
6.985445
2.988977
4.863597
4.838058
2.972876
-0.099721
-1.548226
0.874434
1.582930
1.606631
1.710926
0.990891
0.214242
4.912287
6.459161
3.077463
4.321802
4.751614
3.560466
2.594342
-1.586875
-0.225433
1.021809
1.122500
0.820313
-0.536008
-0.672396
4.764793
5.727520
3.143702
4.112517
4.543852
4.914107
2.414164
0.534509
-0.744709
-0.392598
-0.829893
-0.524820
-0.149427
2.441341
6.496808
5.063122
3.192210
3.948699
3.353138
4.654678
2.080604
1.639149
1.468922
-2.654694
-11.067220
0.046322
-1.636924
1.971627
4.827005
4.088773
3.172374
3.587544
2.227492
2.717104
2.719294
1.886747
1.810328
-7.292965
-7.806248
-1.291457
1.086065
2.642078
4.157152
3.283377
3.804352
3.167137
2.212948
1.928006
2.269523
3.095053
2.940810
1.397143
1.710152
2.752416
3.227059
3.051641
3.848025
3.228855
2.219176
3.154352
2.782358
3.004771
3.120481
3.314670
3.146844
3.089486
3.104816
2.848205
2.839050
2.764191
2.913838
2.172238
