2.831075
2.336107
0.372087
0.272668
-0.109595
-0.087620
0.327946
0.326198
-0.372466
-0.793839
-0.658812
-0.363985
1.809465
1.544704
2.612037
0.721975
-1.000832
-0.894580
-0.527093
-0.478045
0.490559
0.724174
0.153514
-1.136905
-1.197365
-0.577990
-0.733973
0.227961
0.845823
-1.527193
-2.062864
-1.705548
-1.177951
-1.674795
-1.078000
-0.142446
0.487803
-1.139470
-1.704767
-1.094245
-1.276346
-1.950011
0.603435
-0.896352
-1.091748
-0.764688
-1.975718
-0.008194
-0.569281
-1.043848
-0.086948
0.651178
-0.819382
-2.026660
-0.006675
-2.119030
0.406664
-0.412761
-0.164925
0.637261
-0.738252
-0.207717
0.020825
0.589359
1.653872
1.128815
-1.342564
-0.733756
2.091284
-0.468585
0.145291
-0.561525
0.480875
0.015465
0.224617
-2.492105
-1.766692
-1.622087
-0.738410
-0.579878
-1.160106
-1.806890
-3.409392
-0.167301
0.241217
-0.711748
0.307815
-4.530327
-3.525753
-4.315791
-1.504229
-1.828970
-1.540014
-0.805995
-1.095921
-2.653975
-1.613701
0.138571
0.369567
-0.458548
0.649943
-3.278212
-2.816175
-3.807513
-1.982933
-2.559836
-1.988393
-0.866112
-0.638650
-0.951065
1.608438
0.070547
0.472083
-0.538066
0.011202
-1.701598
-4.308681
-3.740748
-2.851265
-2.185799
-1.229334
-1.136250
-2.078037
-3.714350
-0.401268
-0.736794
0.435772
-0.663723
-0.620976
-0.650538
-1.688530
-1.430107
-3.342817
-4.462311
-3.200602
-3.393845
-3.121392
-2.568169
-1.756268
-1.543676
0.299005
-0.991795
-0.985680
0.013767
-0.421983
-0.111387
0.577101
-5.151083
-3.381472
-2.981529
-0.050051
-2.067803
-1.923866
-1.355937
0.058312
-1.392779
-1.621597
-1.341883
-1.968739
-1.175603
2.347946
-2.427329
-0.843789
-0.080153
0.338544
-1.672009
-0.818905
-0.875610
0.207606
-1.449949
-2.663619
-2.451414
-2.547708
-2.225975
-0.321079
-1.100898
-1.252320
-1.266726
-1.810012
-2.105227
-1.860336
-1.778066
-0.189707
-2.947683
-4.064417
-4.249772
-4.105212
-3.726365
-3.191051
-3.177563
-3.247420
-2.979911
-3.111300
-3.816534
-4.287910
-2.978441
-0.456328
-0.490912
-0.540247
-0.593301
-0.627813
-0.557161
-0.636600
-0.295686
-0.305003
-0.689209
-0.668501
-0.574737
-0.311799
-0.100142
0.602700
0.548116
0.792969
0.740524
0.661459
0.453457
0.390010
0.549967
0.863866
0.826696
0.795215
0.466473
0.274181
0.416884
0.152375
0.366577
0.378628
0.251047
-0.101211
-0.450469
-0.697941
0.277692
0.330936
-0.333654
-0.317513
-0.225700
0.180436
-0.288628
0.040613
0.399959
0.299173
-0.096524
0.345388
-0.030228
0.559497
1.641890
1.698446
0.901553
0.108848
-0.691006
0.021338
-0.141946
0.077561
0.468225
0.168836
-0.353979
-0.131989
0.510617
0.499551
0.342408
0.486639
0.439012
0.174152
-0.889535
-0.180466
-0.160149
0.103722
0.497468
-0.173620
-0.026075
-0.692379
0.160511
-0.346509
0.208683
0.446430
0.196332
-0.077404
0.045422
0.621263
-0.751268
0.132124
0.583850
-0.363347
1.410504
0.218946
0.409674
-0.136682
0.500200
0.582725
0.350993
0.189899
0.327910
1.246343
-0.509042
0.115588
0.395065
-0.416094
-0.524143
-0.310019
-0.220221
-0.275168
0.355362
0.452320
0.126345
0.109177
-0.005990
0.060388
-0.532252
-0.011233
0.263753
-0.309375
-0.283820
-0.031881
0.078440
-0.294532
-0.340096
-0.232561
-0.382693
-0.062671
1.335875
1.065716
-0.347681
-0.122381
0.208512
-0.152053
-0.401949
0.515605
0.100898
0.700419
0.778340
0.191831
0.443019
0.108408
-0.304995
0.336309
-0.381206
-0.142740
0.205233
0.032695
-0.220403
-0.319978
0.038907
0.267961
0.731640
0.852558
-0.097096
0.084186
0.305564
0.867719
0.010551
0.156582
0.349292
0.285338
0.133399
0.101549
-0.023547
0.355700
1.047141
0.740997
-0.032678
0.032654
0.356367
0.521804
0.054136
0.878107
1.058153
1.073510
0.883018
0.820172
0.794903
0.492846
0.390027
0.151034
0.222562
0.497681
0.817995
0.895048
0.866962
0.671042
1.008638
0.458457
0.299701
0.256469
0.300453
0.312566
0.220225
0.288066
0.330404
0.362721
0.423450
0.910779
0.773477
-1.626310
-1.975636
-1.245121
-1.281197
-0.864345
-0.137110
0.903404
0.639699
0.625074
0.975304
0.150289
-0.834876
-1.386576
0.082468
-1.885299
-0.437668
0.105104
-0.077375
0.267446
1.492972
1.194626
-0.242409
-0.211682
1.215464
0.730446
0.557114
0.736054
-0.737392
-1.228165
-0.800116
-0.886886
-0.911736
0.661093
0.931768
-1.169191
-2.779551
-2.603220
-1.559195
-0.657413
0.844002
0.713421
-0.096656
-1.238001
-0.921724
-0.623790
0.071641
-0.034694
-1.484033
-3.072220
-1.265121
0.642886
-0.955875
0.781148
-0.624627
2.416455
0.419944
-1.614780
-1.235747
-0.554459
-0.528290
-1.112915
0.173331
-1.137427
-0.457729
0.068675
0.720566
1.433464
-0.042555
-1.561156
-0.541064
-1.474002
-0.379799
-0.766379
-3.561864
-2.199672
-1.227683
-0.289223
0.339715
0.050563
0.553314
0.239140
0.955749
-0.745532
-1.125749
-1.625708
-0.285689
-1.081123
-2.119571
0.375065
-0.804733
-0.056924
-0.286715
-0.332008
0.544166
-0.799065
-0.833777
-2.756808
-2.689434
-1.658547
-0.341531
0.677381
-1.155523
1.095169
2.378610
-0.136428
-0.479160
-0.246786
0.516152
0.656451
-0.272839
-1.814817
-2.135927
-1.520888
-0.822988
0.510687
0.755819
1.916827
2.262590
1.406467
1.281910
2.086827
3.394837
1.627733
0.271571
-0.634254
-0.922243
-1.280112
-0.914007
0.207610
0.792892
1.814508
0.384818
1.654348
1.791155
3.681605
2.632699
0.262837
0.781682
0.203325
-0.621665
-0.931633
-0.598082
-0.166505
0.732574
1.880031
-1.192698
0.688012
1.091393
-0.327251
0.327161
0.975082
0.876781
0.324205
-0.896048
-0.722243
-0.227607
-1.009030
-0.633168
-0.442199
0.295807
-1.614955
-3.052783
-4.185281
-1.790108
0.533093
0.142300
-0.508110
-0.974082
-1.784439
-0.993072
-1.512514
-1.403062
-1.476253
-1.119171
-0.145055
-1.239647
-1.253899
-1.387794
-1.106225
-1.379623
-0.729190
-2.056168
-2.397751
-2.024296
-1.890537
-1.613527
-1.630899
-2.001424
-1.985471
-1.953017
-1.982301
-2.225345
-2.552487
-2.388302
-2.082079
-3.184882
0.251452
-0.302616
0.846733
0.996478
0.823885
0.701553
0.682242
0.880232
0.785922
0.530125
0.464978
0.380658
-0.491071
0.217189
-0.210142
-0.293897
-0.346049
-0.046502
-0.162443
-0.240754
-0.225952
-0.437997
-0.426328
-0.655433
-0.433824
-0.500760
-0.265502
0.242232
-0.008086
-0.291702
0.008429
0.169591
-0.181131
-0.360990
0.017109
-0.634326
-0.080238
-0.047969
0.252386
-0.191548
-0.426427
0.262382
0.459239
0.193804
0.139569
0.154727
0.148285
-0.309591
0.489780
0.850805
1.026047
0.556921
0.128250
0.128117
0.204508
0.621703
0.550186
0.268324
0.238839
-0.085394
0.471926
0.668741
0.397258
0.849074
1.030405
0.899232
0.342290
-0.007274
0.140256
0.186643
0.560940
0.081818
0.437221
-0.091471
0.195635
-0.115215
0.455894
-0.112772
-0.060930
0.582208
0.625056
-0.738729
-0.020970
0.291327
0.583456
0.116765
0.886388
0.226391
0.534511
-0.200960
0.213862
-0.322747
-0.372938
-0.055446
0.464648
0.484876
0.396729
1.077251
0.593501
0.157409
0.646069
0.990972
0.601329
-0.057476
0.075825
-0.242794
-0.283084
-0.035475
0.631476
0.612432
0.524311
1.180936
0.538624
0.084986
0.565355
1.252028
1.708677
0.409057
-0.319948
-0.061114
0.112053
0.203811
0.406733
0.463351
0.138301
0.803019
0.491008
0.083760
0.419541
1.706407
1.270245
0.794277
0.361439
-0.018778
0.128785
0.125182
0.612693
0.390495
0.649347
0.857098
0.466931
0.149353
0.156388
0.676431
1.357798
1.457457
1.310941
-0.357975
0.082800
0.669181
0.885558
0.603382
0.183702
0.794279
0.320575
0.018721
0.109425
0.288790
0.740364
1.405069
1.809498
0.110001
0.377093
0.961176
1.200819
0.352950
-0.123702
0.598847
0.200123
0.408764
-0.142031
0.102870
0.219337
0.379327
0.665226
0.872767
0.780520
0.749819
0.396839
-0.090725
0.156498
0.544160
1.087279
0.900373
0.744820
0.812197
0.819368
0.741373
0.627517
0.808393
0.846835
0.693270
0.654539
0.479755
0.600163
1.618679
-1.267997
-1.025684
-0.337078
0.259743
0.936649
1.279485
0.218176
-0.839731
-0.477381
0.875223
1.097409
0.204613
-1.521813
-0.848987
-2.275406
-0.465684
-1.378807
-1.702968
-1.914683
-1.946002
-2.056759
-3.604937
-4.299396
-2.675204
-2.220587
-2.513268
-1.304397
-2.707644
-1.848567
-0.136785
-0.359789
-0.511426
-1.363323
-0.000922
-1.380022
1.147503
-1.303019
-2.698528
-2.999860
-1.652434
-0.757040
-1.658006
-1.442659
-0.696203
-0.372785
-0.696898
-0.508282
-1.474016
-1.595144
1.850695
1.125371
0.282556
1.678628
-1.921457
-1.480393
-3.098027
-1.176546
-1.218473
-0.801208
-1.478898
-0.497599
0.918551
1.949467
0.249222
0.395412
1.140902
1.094247
-3.278011
-4.599264
-3.925838
-1.207043
-1.371737
-1.546191
-3.207339
-0.908876
0.893631
0.288916
0.060243
0.699710
0.407969
2.912097
3.335393
-2.434811
-3.205563
-1.281992
-0.851900
-2.057744
-2.670195
-0.068445
-0.087855
-0.423516
0.235060
0.524958
0.649046
0.269593
1.580769
-3.777903
-3.846622
-1.294125
-0.751244
-0.581108
-4.525764
-2.953589
-0.864727
-0.298593
-0.493104
-0.495610
0.116515
-0.499673
-1.674347
-5.613126
-3.812599
-1.190779
-0.499892
0.079289
-3.699153
-2.901616
0.260085
0.077378
0.315747
0.217998
0.488868
1.705200
0.230809
-2.384476
-3.185571
-1.192253
-0.662329
-0.196050
-1.190105
-2.487893
-0.273933
-0.220310
-1.734386
-1.885105
0.249161
-0.713031
-4.795090
-1.313530
-2.476218
-1.266694
-0.726790
-0.222165
-1.155847
-1.724411
-3.110483
-1.877496
-1.615451
-1.116216
-1.774878
-3.167598
-3.309510
-2.293689
-2.767522
-1.674924
-1.082988
-0.558696
-0.051279
-0.269721
0.319368
-2.642629
-3.473395
-3.079721
-2.612315
-0.805422
-1.532058
-1.665960
-2.473155
-2.789768
-0.861469
-1.101010
-0.571902
-0.730297
-0.563838
-0.779052
-2.328548
-1.695609
-1.531186
-0.373932
-0.691707
-0.389371
-2.988055
-1.404366
-0.956333
-0.736073
-0.575416
-0.732744
-0.770271
-0.854138
-1.297431
-1.480386
-1.384603
-0.976548
-0.939342
-1.322458
-0.835147
-3.801419
-3.838887
-3.666922
-3.260825
-3.039715
-2.862524
-3.802249
-3.660463
-4.150701
-3.885501
-3.240515
-3.201505
-3.125757
-3.463129
-1.113591
1.252770
0.290936
0.257220
-0.249149
-1.036883
-1.034992
-0.226954
-1.111746
-0.549143
-0.906089
-1.617457
0.378786
-1.483274
-0.318854
0.239100
1.062930
0.504853
0.674717
1.922721
1.105188
2.274977
-0.762218
-0.511233
0.325933
0.931031
-0.368517
-1.780208
-0.921552
-0.046633
0.846387
0.449822
2.743958
-0.976544
-0.681962
1.841441
1.819212
1.102702
2.122926
-0.029740
1.005967
-2.346189
-0.775752
-0.205693
0.737500
0.799100
0.694259
2.641304
3.432478
2.394021
2.851711
3.116840
2.316382
-3.207040
-0.972550
-3.073606
-0.403505
0.022032
-0.213573
0.709785
0.193744
2.668061
1.898286
0.738114
1.555016
1.131021
3.306628
-1.334886
-0.899640
-3.466968
-0.148968
0.513073
-0.796485
1.806846
1.381120
2.188254
1.898988
1.072580
1.912021
1.910620
2.896132
-1.310843
-1.121728
-4.713148
-0.091355
0.826134
1.462406
-1.795553
-0.860192
1.927884
2.494431
0.998333
1.693155
1.823622
2.693050
-3.012524
-3.955381
-4.407880
-0.502721
0.620304
1.937448
0.042228
-0.863032
2.275352
2.379746
0.484035
1.799331
1.920309
3.411924
0.096025
-0.620831
-2.824706
-0.892692
0.164790
1.476644
0.714966
-1.058393
-0.375169
2.866511
4.060348
4.175279
3.013078
1.770164
-1.923336
-0.255171
-1.020262
-0.783878
-0.026543
1.224774
0.151902
-0.501231
-2.578672
-0.836716
0.343644
0.118442
-0.305100
-0.815722
-2.062361
-0.132957
-1.243258
-0.791505
0.003337
1.318637
0.304876
-0.026222
-1.278491
0.016204
3.425151
2.376315
0.329251
-0.560320
-0.864648
-0.737845
-1.880810
0.696017
2.020873
1.042467
0.681913
0.525075
-0.696107
-1.045527
1.020570
0.449291
-0.543068
-0.614030
-0.162084
1.241841
-0.027825
-1.232509
0.926963
0.040504
0.022364
0.128919
-0.236361
-0.678156
-1.199643
-1.356016
-0.883550
-0.493543
-0.073287
1.330537
0.269839
-5.584077
-5.607485
-3.699965
-3.067003
-2.617966
-2.565629
-2.314054
-2.000521
-2.016841
-2.052857
-2.485836
-3.557059
-4.804591
-5.518149
-4.788147
-1.972867
-1.258596
-2.789968
-3.184046
-2.130175
-2.083698
-1.707676
-3.293468
-3.724791
-2.191482
-2.867679
-3.140259
-3.500904
-3.469362
-0.655176
-1.235017
-3.755744
-3.850870
-3.560367
-2.850144
0.014787
-0.584635
-2.626693
-3.092889
-2.915336
-1.102127
-2.802616
-3.251961
-1.270248
-2.984770
-4.223572
-0.021042
-0.582289
0.127579
-0.915241
-1.255909
-2.260484
-0.554003
0.397429
-1.486567
-2.760486
-3.177304
-1.745548
-3.297496
-2.098093
0.553741
0.302433
-0.453188
-3.384886
-4.476240
-2.203872
-1.019619
-0.072288
-1.614283
-4.150539
-3.253125
-2.281366
-3.029245
-0.570888
-2.126119
-0.063120
-2.338155
-4.510715
-5.077034
-3.110446
-4.655856
-1.842414
5.321299
-4.656447
-3.203819
-2.571076
-1.950463
3.730795
-1.466059
-2.728655
-4.114213
-4.831173
-5.196777
-5.443165
-5.430393
-3.774568
4.982194
-5.455510
-3.297315
-2.105947
-2.324283
0.974849
-0.525290
-3.806358
-4.061880
-5.034885
-6.070811
-5.874290
-5.589847
-2.245402
0.443965
-5.972735
-3.398023
-1.563942
-2.228945
-0.125885
-0.602030
-3.750552
-5.034386
-4.670620
-6.085192
-5.475374
-4.905417
0.228553
5.469893
-5.282749
-3.521721
-1.564061
-2.124444
-1.378278
2.061302
-0.772384
-4.104224
-3.099550
-4.285571
-3.466991
-0.801371
0.900178
1.395166
-3.217501
-3.685248
-1.897549
-3.064871
-3.163325
-2.302358
1.098848
-1.550123
2.157538
-2.069386
3.160078
0.136760
-0.983547
-0.960837
-3.397354
-3.817263
-2.201406
-2.345446
-3.573153
-2.573182
-2.441007
3.978352
3.724832
-0.455905
2.467431
-1.554551
-2.463665
-1.255331
-3.645742
-3.537825
-2.066287
-0.960868
-2.563021
-2.753369
-3.264673
-2.567905
-2.698200
-2.732012
-3.090715
-3.197416
-1.915903
-1.947073
-2.430762
-3.969060
-1.839681
-1.327585
-2.031930
-2.134646
-2.093261
-2.245841
-2.278495
-2.523606
-2.273752
-1.874285
-1.789825
-0.795934
1.259045
-2.164066
-0.166390
0.877114
1.048223
1.067641
0.451973
0.347553
-0.447670
-0.518236
0.426122
0.918012
1.081165
1.061894
-1.154653
-2.566396
-3.869961
-2.020820
-2.351437
-2.963550
-3.477582
-2.450635
-1.471492
-2.753032
-2.859938
-3.172848
-3.466272
-3.081805
-1.642107
-0.537527
-1.820380
-1.213455
-2.243235
-2.464873
-1.721452
-0.265027
-1.041394
-2.945305
-3.053391
-0.928567
-2.683480
-4.360112
-0.641341
-0.200684
-1.503323
-2.228905
-2.758136
-0.500968
0.343948
-1.003915
2.663408
1.280603
-2.124364
0.441948
-0.214979
-4.110322
-2.715095
0.205903
-1.687173
-2.758132
-2.231796
-1.605258
1.842288
1.625067
-0.151856
-1.481559
-0.337157
0.037819
-1.463904
-3.460354
-3.639328
0.338835
-2.077915
-3.040434
-2.644388
-1.371144
0.554295
-1.122118
-0.983956
-0.813680
-1.302280
-0.471161
0.589006
-3.107946
-3.363405
0.468006
-1.600897
-2.655395
-3.668635
-1.368295
-1.759869
-3.150659
-1.445043
-1.126433
-1.726830
-1.032120
-1.458551
-2.165376
-3.165403
0.397422
-0.992135
-1.019966
-1.226721
-0.323114
-2.897715
-3.290200
-1.473279
-1.441340
-1.899898
-1.520396
-2.532308
-2.898476
-3.136980
0.221719
-0.713619
-0.405846
-0.773760
0.189044
-2.517818
-3.902248
-1.666945
-1.400317
-2.194858
-2.212492
-2.190822
-3.751307
-2.571639
-0.135693
-0.863557
0.432780
0.274223
0.524256
-3.495903
-1.812376
-0.678639
-0.879231
-1.799746
-2.283129
-1.867161
-1.610581
-1.140478
-0.362162
-1.457281
-0.206429
0.383504
0.919379
-1.630758
-2.124525
-0.530978
-3.828374
-0.757317
-0.016148
-0.309129
0.119791
-0.159402
-0.528023
-1.834798
-0.510011
-0.078956
0.330419
0.449318
0.450250
-1.494322
-3.094541
-0.431103
-0.646375
0.582497
-0.989298
-0.092967
-2.091656
-2.856003
-1.351616
-1.225680
-0.475507
-0.894368
-1.242048
-1.243092
-0.988611
-0.753295
-0.583217
-0.644062
-2.254449
-2.441791
-1.041718
-1.116449
0.248790
-0.335787
-0.071501
0.139686
-0.368762
-0.583928
-0.570998
-0.505121
-0.067843
0.272186
-0.797108
-0.990069
2.432517
0.348044
2.364550
2.378453
2.308135
2.043941
1.785253
2.133645
2.622137
2.503693
1.823307
1.329085
0.246900
2.777510
-0.251015
-2.988614
-1.501393
-1.355059
-1.469314
-1.524065
-1.446588
-1.426668
-0.750155
-1.390636
-1.636891
-1.567760
-1.850542
-0.927361
0.462711
0.245069
0.568516
1.214843
0.626226
0.682251
1.063132
-1.191077
-0.197255
-1.010274
-0.943124
0.560152
-0.204343
0.192232
1.128604
0.762368
1.009081
1.375583
0.247413
-0.506772
0.396115
-1.139649
-2.041779
-0.899552
-3.735408
0.581278
-0.406621
1.023192
1.043818
0.501354
1.113929
1.333631
0.818141
-2.413418
-1.931141
0.268920
-0.285961
-0.374171
-1.043490
0.183408
-0.175408
0.852681
1.073309
0.159698
0.889987
0.473302
1.042477
1.818727
2.336351
1.785892
1.469377
1.889449
1.090121
0.057445
-2.020642
-0.002711
0.953791
0.227260
0.201752
0.147668
1.563423
2.078218
1.334322
0.578329
0.415173
0.787163
1.639066
1.867875
-2.190770
-1.020662
0.938540
0.819066
-0.026415
2.023399
5.317668
2.051820
1.374198
0.978310
0.983027
1.157090
1.626679
2.668879
-0.521882
-0.641965
1.048557
1.100983
1.258626
1.538400
2.609696
1.485944
1.936625
1.482408
0.922011
1.543236
0.865817
0.081257
-3.135594
0.448189
1.215945
0.925468
0.764464
-0.175006
-0.977605
-0.979766
1.669447
-0.863498
-1.465519
-0.407317
2.034799
1.180432
-0.346540
0.781666
1.194070
0.692618
0.739801
0.086774
-0.777589
-1.220997
0.785991
-1.817377
-0.769056
-0.216250
-1.098845
-1.103015
-0.941515
0.740817
1.091885
0.621889
1.085061
0.506357
0.634834
0.034995
-1.160434
-1.895778
-1.319873
-0.048515
-0.464034
-0.121840
0.246706
0.753726
0.591489
0.329877
1.493127
1.386055
1.700176
1.923876
1.474805
1.648413
1.585223
1.807781
1.433370
1.510960
0.195576
0.527520
2.853374
2.443864
3.551481
3.774787
3.527331
3.193673
3.245628
3.757198
3.398627
3.195859
3.431814
3.819348
2.756779
4.110263
-1.507809
1.012117
-0.413995
-0.264982
-0.307880
-0.361718
-0.608588
-0.509931
-0.695776
-0.779411
-0.328464
-0.266950
0.653188
-0.378998
1.811753
2.934805
1.830039
2.859480
2.077027
1.092044
2.461408
3.483320
3.751311
2.377373
1.581033
0.911336
1.604951
2.795600
0.794578
0.659648
-0.175263
0.185115
-0.523003
-0.161927
1.220617
-0.525445
0.626643
-1.141531
-0.602857
-1.265054
-1.301848
0.048517
0.655024
1.081882
-0.522365
-0.683677
-1.223530
-0.394241
0.767236
1.697215
3.562901
1.592384
0.108328
-0.865708
-0.739593
-2.345910
0.547039
0.614846
-1.240841
-0.684114
0.618884
2.799163
2.334286
0.943507
0.891191
2.104115
1.066075
-0.088666
0.456491
-0.834697
0.128005
0.143903
-1.156430
-0.634412
1.581797
0.948967
-0.126673
-0.531313
-0.202613
-0.307776
1.455859
2.216792
-0.573526
0.322757
0.167739
0.843973
0.612831
-2.457605
1.196904
0.784967
0.036698
0.643455
0.760339
0.003459
1.476190
0.439758
0.130664
0.767965
0.240890
0.859145
1.899596
2.228632
0.407602
1.507638
0.896148
0.471340
-0.046733
-0.185319
1.599888
-0.067655
0.225399
0.663068
0.335755
0.891982
1.039609
2.158197
-3.010615
-0.577051
-0.379912
-0.007144
-0.098506
-0.538694
0.085863
-3.055988
-1.332721
-0.103721
0.344802
1.095213
1.623739
2.642888
-1.785120
-2.402243
-0.436746
0.356161
0.727919
-0.604804
-1.208576
-4.334023
-0.989007
0.184722
0.380053
0.925489
0.815408
1.857130
1.371047
-0.737417
0.395461
0.510934
0.619039
-0.670786
-0.778721
-1.449346
0.297786
0.753914
0.147253
0.135906
-0.865534
0.683800
0.295126
2.030380
1.940139
3.439601
5.771291
2.104739
0.056777
-0.354373
0.149353
0.858881
0.045778
-0.023980
-1.554234
-0.292974
-0.336758
-0.362091
0.287629
0.974103
1.109756
0.112147
-0.283400
-0.767000
-0.637095
-0.037809
-2.753158
-0.350014
-3.302178
-3.158389
-3.007627
-2.263476
-2.318885
-2.835552
-3.330818
-3.004669
-2.312110
-3.014441
-1.310620
-2.829911
-2.403626
-2.229139
-1.419259
-1.395046
-1.451745
-1.428016
-1.177569
-0.918242
-0.820804
-1.022661
-1.313969
-1.427496
-1.721363
-1.846521
-2.753364
-1.225292
-0.433519
-0.629824
-0.600069
-0.398606
-0.591137
-0.765283
-0.806674
-0.406153
-0.320007
-0.573389
-1.326759
-1.967225
-1.862337
-0.622177
-0.963435
-0.836637
-1.071687
-1.335437
-1.315148
-1.861555
-2.290627
-2.069172
-1.207016
-1.047751
-0.752836
-1.390293
-1.602275
-0.686954
-1.042914
-0.604011
-0.953206
-1.146907
-1.180676
-1.236719
-1.807989
-1.907052
-0.985041
-0.934287
-1.118952
-1.550134
-1.592281
-0.836536
-0.790161
-0.587915
-0.723688
0.059556
-0.422850
-0.879423
-1.276579
-0.809918
-0.723437
-0.723417
-1.998619
-1.698660
-1.708168
-0.880764
-0.921568
-0.811199
0.068864
0.032067
-0.313792
-0.589417
-0.878673
-0.756060
-0.859667
-1.435175
-1.992681
-2.198709
-1.819967
-0.981807
-1.045213
-0.338413
-0.973135
-0.492876
-0.378659
-0.605019
-0.885105
-0.901493
-1.147503
-1.151844
-1.515351
-2.309599
-1.831541
-1.113482
-1.214881
-1.005231
-0.941500
-1.075423
-0.399287
-0.678699
-1.016017
-0.949773
-1.304514
-0.931327
-1.327451
-1.954367
-1.762303
-1.036014
-0.948294
-0.928897
-0.457888
-0.871191
-0.590851
-0.487831
-1.010860
-1.268927
-1.175194
-0.535788
-0.741215
-1.715572
-1.722692
-1.093298
-0.990442
-0.782849
-0.222713
-0.841051
-0.912572
-0.490408
-0.835057
-1.185148
-1.660776
-1.009102
-0.809718
-1.671276
-1.732000
-1.028950
-1.202812
-0.888063
-0.594052
-1.142055
-1.491828
-2.335166
-1.607897
-1.574329
-1.135086
-1.012671
-0.846474
-1.695160
-1.897628
-0.964175
-1.187106
-1.063272
-0.840652
-0.911436
-0.833064
-2.009498
-2.118763
-1.372486
-0.876535
-0.763414
-1.013106
-1.570853
-2.666166
-1.814410
-1.147699
-1.142759
-1.159290
-1.002388
-1.310492
-1.433740
-1.424071
-1.242890
-1.316814
-1.159970
-1.904878
-2.127642
-3.268109
-2.694100
-1.889629
-1.640769
-1.532404
-1.510570
-1.482849
-1.580249
-1.565182
-1.541216
-1.684176
-1.775488
-2.599679
-2.708002
3.591463
1.743110
0.913797
0.951058
0.815976
0.280705
-0.716989
-1.242630
-1.016600
-0.345556
0.276926
0.598460
1.480307
1.931509
1.163877
1.449694
1.412710
1.448073
1.133209
0.426911
-0.714765
-1.519149
-2.603433
-1.557344
0.231262
1.552186
1.526111
1.638693
0.433125
0.599537
1.071861
0.946272
1.542840
0.917034
-0.201493
-1.742884
-3.691003
-0.691868
-0.986959
0.534330
1.776063
1.302858
0.396255
0.705513
1.107882
1.162492
0.588950
0.700673
-1.182330
-4.134904
-3.843311
-2.358297
-2.404096
-0.248105
0.647625
1.164608
0.312654
0.694633
0.558275
0.086416
0.613449
-0.587110
0.087565
0.195683
0.007313
-0.494625
-0.779052
0.290889
-0.615392
1.321024
0.429419
0.910765
1.231275
-0.483098
-0.500548
-0.201261
1.039163
0.921303
0.519446
0.276524
-0.145042
0.251416
0.414701
1.839052
0.446159
0.884191
1.783161
0.395665
1.249788
1.082759
1.639836
0.704126
0.622164
0.684084
0.280974
0.636175
0.358277
1.550626
0.447613
0.368854
0.377918
1.397029
0.966972
0.845013
1.696620
0.933287
0.713227
0.478790
0.451748
1.150613
1.788031
2.357574
0.431866
0.618602
0.533365
0.345866
0.540382
-1.447516
0.729311
0.762183
0.990005
0.328462
-1.460531
-1.180513
-0.079731
1.956026
0.414662
0.961931
0.805992
0.287916
-0.976833
-1.677516
-0.613385
-1.178916
-0.349819
-1.527532
-1.056335
0.916474
-0.588315
1.397870
0.328755
0.912253
0.736547
-0.101922
0.137875
0.483455
-1.935632
-0.605553
-0.399187
-1.207986
0.930443
1.705103
1.703998
1.626423
0.384866
0.719618
0.618842
0.569458
0.631472
0.690853
-1.813821
1.335405
0.186093
-0.528682
0.478434
1.553226
1.650440
1.017369
1.074600
0.578451
0.140831
0.406313
0.294426
0.259879
-0.117580
-0.397342
0.094401
0.418024
0.484826
0.090482
1.251309
1.041264
2.456161
0.760757
0.388357
0.495076
0.562210
0.648388
0.472534
0.074407
-0.047805
0.203145
0.546844
0.576711
0.579065
1.753864
0.319030
-0.781284
-0.556392
-0.409159
-0.330931
-0.491037
-0.822873
-1.011447
-1.195687
-0.747582
-0.383422
-0.241830
-0.473278
0.094434
-0.538778
-0.997632
-0.544419
-0.370274
-0.660874
-0.778486
-1.220004
-1.543912
-1.844633
-1.461744
-0.889890
-0.827227
0.190078
0.499106
0.537067
-0.540171
0.109453
-0.003230
-1.014757
-1.402162
-0.801688
0.369606
-0.011271
-0.766941
-1.497727
-1.718218
0.291254
1.069685
0.745929
-0.445784
-0.209655
-0.668546
-0.993481
-0.701485
-0.223531
0.793646
1.020445
0.221631
0.031447
-0.852445
-0.225055
1.143094
0.848870
-0.382643
-0.361021
-1.033783
-0.493268
-0.237384
-0.009467
-0.362080
-0.128164
-0.136547
0.643328
-0.109364
-0.301474
1.106139
0.920812
-0.419816
-0.195216
-0.115639
0.018417
-0.110610
0.401643
0.904546
1.028093
0.569563
0.383272
0.857259
0.828511
1.145836
0.990462
-0.343938
0.721534
1.224066
0.884027
-0.058093
0.763440
1.147478
1.338021
1.255034
0.496003
0.152548
1.589419
2.547359
1.030052
-0.079951
0.895170
1.014070
0.340529
0.052990
0.489562
1.196614
1.412432
1.057294
0.522199
-0.411547
0.815305
2.559029
0.992013
-0.044718
0.672006
0.484539
0.485057
-0.750397
0.196223
1.029510
1.218772
0.867201
-0.264140
-0.507329
0.636931
2.050418
0.917902
-0.087404
0.205110
-0.502755
0.268039
-0.308291
0.039802
0.945886
0.767382
0.055676
-0.722642
-0.556585
-0.055515
1.714293
0.886352
-0.125911
0.425235
0.266056
0.052114
-0.204109
1.030509
2.356978
1.484726
0.906073
-0.078534
-0.010029
0.425599
1.550620
0.648348
-0.120239
0.288180
0.453789
0.156074
-0.064909
0.825987
1.666325
1.286054
0.621917
-0.191196
0.173901
0.763184
1.041392
0.309346
0.092647
0.050605
0.149822
0.178051
-0.023099
0.019454
0.343910
0.124159
0.175432
0.288668
0.053899
0.374685
0.654894
1.822876
1.039268
0.474277
0.309178
0.340308
0.318574
0.398075
0.318589
0.289455
0.304857
0.297128
0.233771
0.853720
1.685094
-0.282207
0.413420
0.635756
0.608949
0.649637
0.667919
0.647477
0.839330
0.687272
0.483348
0.513755
0.540218
0.437239
0.153671
-0.416108
-0.191327
0.370856
0.180442
0.210186
0.456491
0.341465
0.254063
0.328066
0.340952
0.685254
0.397353
0.163423
0.045951
0.181003
0.250091
0.687947
0.453678
0.561218
0.558580
-0.016651
1.032324
1.732681
0.876086
0.648431
0.884938
0.289052
0.474543
0.226558
0.297830
0.762391
0.359654
0.093327
0.345306
1.073143
1.043589
1.528512
1.402428
0.450033
0.442749
0.391474
0.440244
0.305821
0.592024
0.720474
-0.051806
0.681593
0.404663
0.618376
0.569089
1.010963
0.955212
0.928944
0.445658
0.505788
0.705804
0.421004
0.827074
0.734740
-0.568572
0.106940
0.282646
0.557988
0.657019
0.768331
0.926697
0.979129
0.876891
1.249170
1.047678
0.489515
0.779680
0.675856
0.414861
0.380854
0.383289
0.621414
0.552081
0.621136
0.848083
1.517777
1.103443
1.189021
0.427286
0.475301
0.741541
0.593781
0.346156
0.521589
0.792889
0.660285
0.620880
0.699111
0.972597
1.427377
1.046658
0.851438
0.076207
0.397501
0.825633
0.785498
0.623635
0.671979
0.816471
1.189615
1.130143
1.202506
1.569667
1.346858
0.610435
0.820782
0.052793
0.348976
0.882230
0.819555
0.219848
0.269920
1.092571
0.487799
0.882231
1.020267
1.186930
1.168363
0.927873
0.346788
0.150571
0.331420
0.720610
0.825638
0.358379
-0.061499
1.021545
0.672012
1.148099
0.572087
0.771934
0.259069
0.505265
0.638595
0.404319
0.256342
0.651120
0.923279
0.643628
0.246738
0.397393
0.279356
0.034172
0.556748
0.507874
0.294329
0.576324
0.674998
0.533552
0.161538
0.214531
1.074336
0.747053
0.723069
0.648490
0.703970
0.639418
0.718701
0.639846
0.544118
0.856683
0.499869
0.370992
-0.454573
-0.302418
0.362974
0.352012
0.282673
0.342017
0.400660
0.390713
0.321388
0.303297
0.344543
0.393046
-0.093444
-0.660379
-2.595991
-1.703792
-1.514667
-1.273857
-1.092461
-1.044441
-0.877491
-1.369695
-1.507607
-1.207860
-1.184189
-1.274469
-1.615996
-2.629843
-1.069586
-1.544992
-1.040095
-0.940927
-0.591686
-0.991633
-0.697983
-0.987368
-1.658595
-1.407690
-1.172546
-0.856094
-0.609833
-1.406290
-1.024266
-0.414113
-1.134918
-0.875975
-0.599031
-0.494714
0.022160
-1.348967
-2.178611
-0.112057
-0.251274
-1.031802
-0.996919
-1.463429
-1.081588
-0.554578
-1.179624
-0.522178
-0.095523
0.174012
-0.058746
-0.062410
-0.313158
-0.042884
1.046627
0.784196
-0.398480
-1.730749
-1.050206
-0.573709
-1.136320
-0.259901
0.480980
0.827304
-0.117667
-0.585589
-0.624276
-0.363952
0.220776
0.683131
0.066733
-2.053690
-1.002535
-0.371291
-0.795754
-0.006279
0.883873
-0.180676
-1.134923
-0.440640
-0.227435
-0.440657
-0.251716
-1.251397
-1.298605
-1.457654
-1.009319
-0.335939
-0.848762
0.347251
1.090025
-1.377511
-1.757770
-0.618655
-0.231987
-0.329471
-0.694965
-0.987773
-0.576571
-0.884003
-1.108896
-0.816659
-1.259237
0.686540
0.719460
-1.052802
-1.652178
-0.964561
-0.716273
-0.554986
-0.896338
-0.481904
0.558645
-1.784534
-1.118055
-1.010756
-1.733254
0.009351
-0.475196
-0.251565
-1.176118
-0.521012
-0.555140
-0.837644
-1.046512
-1.778606
-0.771568
-2.349991
-1.182358
-1.034367
-1.563188
-0.407590
0.252760
0.337015
-0.719841
-0.185480
-0.117744
-0.892929
-1.092815
0.215422
-0.272898
-2.499843
-1.237967
-0.968366
-1.296489
-0.860900
0.312490
0.379494
-0.633606
-1.044837
-0.772748
-1.885944
-0.074357
0.675620
-0.505165
-2.012575
-1.101832
-0.801837
-1.329137
-1.062252
-0.403226
0.109800
-0.889422
-2.143447
-2.259120
-1.409529
-0.102370
-0.214414
-1.198661
-1.682382
-1.398138
-1.212885
-1.437078
-1.521886
-1.350811
-0.379440
0.147013
-0.280437
0.215601
-0.499771
-0.337879
-1.083245
-1.467126
-1.825378
-2.496820
-1.982622
-1.487876
-1.454625
-1.429993
-1.266337
-1.082347
-0.891803
-0.807145
-1.059469
-1.241252
-1.690703
-2.512979
-3.081720
-0.936064
-1.482495
-2.260851
-2.651581
-2.611748
-2.515808
-2.949673
-3.157933
-3.227356
-2.783454
-2.209244
-1.911637
-1.968030
-1.538033
-1.056703
-0.940854
-1.134492
-0.809086
-1.053864
-1.428777
-2.620848
-3.499984
-3.229188
-2.582731
-1.520167
-1.173545
-0.251950
-1.655090
-1.099401
-1.272243
-1.309336
-1.154316
-1.788564
-1.462465
-1.439380
-3.710523
-2.519662
0.103043
-0.184725
-1.031139
-1.297922
-1.643522
-1.262767
-1.528142
-1.015167
-1.390691
-2.102858
-2.857407
-1.773887
-2.066633
-2.510501
-1.100650
-2.393057
-1.275857
-1.748928
-1.864790
-1.535506
-1.634217
-1.500710
-2.591454
-1.790164
-1.877050
-1.150746
-0.925105
-0.833672
-1.362626
-1.819117
-1.383540
-2.203637
-2.418325
-1.517299
-1.383408
-1.607152
-1.770485
-1.173407
-1.583618
-1.114712
-1.288923
-1.412397
-1.317909
-1.576858
-1.960150
-1.957577
-1.196309
-1.427321
-1.327938
-1.127251
-0.868573
-0.735571
-1.736067
-1.597532
-1.216554
-1.178627
-1.350513
-1.681077
-1.414449
-1.655685
-1.411175
-1.346001
-1.726718
-3.007154
-1.761491
-2.018868
-2.376364
-1.371464
-1.320449
-1.355462
-1.595177
-2.263480
-1.377938
-1.417671
-2.071444
-1.307383
-1.398939
-3.019312
-3.052792
-1.709171
-1.515129
-1.457860
-1.550829
-1.939614
-1.989019
-1.186878
-1.521847
-1.263234
-2.245426
-1.266283
-1.031773
-1.850294
-2.410926
-1.653968
-1.722915
-1.925871
-1.918565
-1.592968
-1.405556
-1.419518
-1.286043
-0.865762
-1.690068
-1.246589
-0.885895
-1.237835
-1.558017
-1.360098
-1.710858
-2.469994
-0.530752
-0.043371
-1.405011
-2.774381
-1.538465
-1.468490
-1.542621
-1.181902
-0.922252
-1.041523
-1.364568
-1.633337
-2.075831
-1.360727
1.001048
2.079406
-0.147843
-2.060583
-1.802606
-1.660364
-1.921515
-0.506426
-1.163409
-0.803064
-0.832379
-1.220912
-1.113065
-0.564204
-0.029629
0.276461
-0.417031
-1.024817
-0.917995
-1.005839
-1.212841
-0.374246
-0.961889
-1.493251
-1.745477
-1.709429
-1.691170
-1.435580
-1.367836
-1.222648
-1.350820
-1.585840
-1.646020
-1.022428
-1.024787
0.548639
0.061872
-0.738986
-0.525217
-0.177951
0.157454
0.016515
-0.348110
-0.004578
0.439092
0.674895
0.152347
-0.047469
0.377277
-0.361857
0.268849
-0.117026
0.254076
0.321301
-0.203249
-0.303171
-0.773090
0.711842
0.623096
-0.112359
-0.097263
0.704743
0.269292
0.214974
-0.210050
0.398711
0.342539
-0.560287
0.001648
0.984598
-0.911934
-1.337605
0.279154
0.084878
0.277269
0.319951
1.134138
-0.157027
-0.576180
0.395803
-0.108842
-1.457526
-1.476467
-0.464392
0.719624
0.376610
-0.788725
-0.080508
-0.549546
-0.139197
0.813272
-0.132297
-1.009833
-0.365106
-1.498957
-1.607857
1.224965
1.561910
-1.312877
-1.465431
-0.280654
0.868620
-0.082641
-1.153798
-0.038197
0.256690
-0.444146
-0.641991
-1.525330
0.985156
1.765894
0.148279
-1.210826
-1.381351
-0.992745
0.860319
1.365989
-0.275556
0.464242
0.353102
0.432809
0.409380
1.261960
0.995630
1.221610
0.391971
-0.519751
-0.431110
0.129563
0.566440
0.241938
-0.200290
0.717104
0.344163
0.376145
1.062702
1.415559
0.127701
0.958010
1.650197
0.396947
0.407794
0.516405
0.593611
0.938226
-0.412827
0.420688
0.410276
0.455368
0.945138
0.634367
1.068847
0.877228
1.679880
1.133630
0.733294
0.545357
0.999419
1.441045
1.542932
1.383235
0.534942
0.447976
1.912309
1.386284
1.854857
0.420974
1.773966
3.119866
3.022359
1.931107
-0.206663
-0.172652
0.141985
1.110789
0.724273
0.428846
2.190201
2.017693
2.214385
0.926759
1.568181
3.107518
1.903008
-0.002639
1.048560
2.626966
1.596444
1.181972
0.735724
0.595052
1.459637
1.645069
1.150652
1.272182
0.669266
2.961004
2.182479
0.467486
1.019242
1.210238
0.541237
0.723441
0.598789
0.069803
-0.243571
-0.061991
-0.117337
0.029992
-0.296269
0.495214
-0.201489
0.004433
-0.263930
-0.275830
0.118784
0.455978
1.691791
0.069190
-0.236994
-0.107456
-0.116510
0.205464
0.410244
0.392741
0.203580
0.349785
0.242144
-0.299135
0.066342
1.910398
0.250308
1.125604
1.121778
0.626983
0.457559
0.914523
0.876720
0.944043
0.586907
-0.269522
0.211059
0.725415
0.630105
-0.376865
0.417733
2.299329
1.935393
1.751395
2.832904
2.694842
2.465843
1.955632
2.116632
1.667430
2.644831
3.419309
1.759579
1.469803
1.426390
3.165155
1.307548
1.920512
3.412833
3.107339
2.033243
1.101293
0.136902
3.442790
2.919079
3.312227
3.836820
0.990868
1.658496
3.856993
1.899053
1.739393
3.465171
4.626873
2.810521
1.581006
1.638652
3.092665
3.873222
4.457655
3.555661
0.725317
1.649556
4.748464
3.360949
3.713309
4.197782
2.542048
2.307292
1.211481
2.022106
1.876308
3.510980
4.227512
7.289617
3.120137
1.246388
4.021843
2.485605
4.116945
1.990651
1.511529
-1.828505
-1.421499
0.127245
0.046563
3.027699
3.684482
10.304759
2.794181
1.528393
4.181213
2.330196
5.956387
3.280240
0.824841
-1.301014
0.335598
0.889917
0.441184
1.997063
0.475097
7.966846
2.942719
1.618672
3.978814
2.728600
1.936603
0.952267
-0.464391
-0.898810
-0.154618
0.326713
0.671350
1.862321
2.175518
5.660188
2.815555
1.422200
3.905025
1.986461
1.387460
0.350158
-0.873427
-1.770712
-1.180816
-0.788303
-1.364486
0.768439
2.398330
8.242688
1.907668
1.242124
3.947936
1.983539
1.302661
2.667235
1.545077
0.016593
0.833783
0.397457
-0.882902
0.621991
1.219210
2.839717
1.435962
1.053316
3.431664
1.656864
1.611037
2.219337
4.482233
0.570032
3.832654
4.496654
1.806649
2.027062
3.259356
3.729548
2.095659
1.001772
2.640896
1.245889
0.858479
0.884479
1.357923
1.176213
3.059737
3.951940
1.698546
1.252476
1.311925
4.283978
1.948510
1.759421
1.402065
1.006896
0.613003
0.684270
0.556531
-0.065580
0.151331
1.360836
-0.544424
0.083175
1.318778
2.038542
2.040948
-1.805467
-0.697511
-0.828861
-1.020000
-0.798691
-0.177187
-0.299644
-0.652386
-0.784472
-0.610954
-0.008910
-0.350936
-1.325550
-1.674736
1.624871
1.486134
1.582431
1.646891
1.553656
1.434504
1.437554
1.642746
1.512118
1.348238
1.530802
1.628380
1.374822
1.827882
2.140365
1.321715
1.364100
1.874335
1.839127
1.315089
0.976950
1.469780
1.168901
0.822717
1.288751
1.413248
1.543606
2.215454
2.240638
1.509039
1.152357
1.245312
0.851054
0.575439
0.487694
0.892775
1.481475
1.473815
0.717013
0.064347
1.325696
2.287576
2.122589
1.771059
1.394471
1.360018
0.821898
1.088311
0.444896
-0.532182
-0.288020
0.745887
0.854254
0.648832
1.175653
2.505985
2.048635
1.557838
0.938397
0.929960
1.363465
0.663741
0.205871
0.216822
0.546073
0.616335
0.528948
1.801538
0.554030
2.662218
1.948572
1.454033
0.723240
0.873562
1.439789
0.768779
0.958920
1.272274
1.171928
0.863129
1.091188
1.233539
1.326327
3.114677
1.865499
1.444612
1.248204
2.042792
1.161959
0.760119
1.118140
1.234127
1.064479
1.115600
1.267182
0.578831
0.690857
2.929252
1.848133
1.346988
1.137688
1.382477
1.206228
0.301258
0.985299
1.121515
0.909894
0.989316
0.920072
1.026986
1.598177
2.886809
1.925963
1.348299
1.123387
0.989745
0.726366
0.149090
0.843274
0.899242
0.711636
0.729174
0.903484
0.406206
1.074743
2.621101
2.024625
1.555852
1.456342
1.131056
1.320867
0.037085
0.005207
-0.083115
0.057910
0.281069
0.880826
1.351622
1.446468
2.400210
2.084299
1.627311
1.410432
1.360353
1.135920
1.125764
-0.249301
-0.124675
1.348781
0.044207
1.472064
1.361083
1.400346
2.516162
2.328340
1.471169
0.968999
1.466336
0.676831
0.928712
0.441740
1.202426
1.275227
0.786582
1.073068
0.888252
1.372422
2.397974
2.008344
1.462718
0.991172
1.348472
1.277605
1.067968
0.736849
0.348906
0.441457
0.875294
1.172189
1.082912
1.252916
1.821927
1.871789
1.739203
1.476072
1.438242
1.340294
1.306985
1.194046
1.047900
0.969056
0.985015
1.243126
1.230435
1.103989
1.943320
2.566091
2.164389
1.283285
0.980909
1.006773
1.017008
0.971924
0.908042
0.963817
1.062151
0.985932
1.009321
1.418754
2.238953
2.298866
1.249408
0.628400
0.467031
0.493753
0.836762
0.754427
0.210164
0.399251
0.972191
1.038860
0.606811
1.050644
1.435294
1.356949
0.399297
0.218182
-0.033939
0.092898
0.129540
-0.956140
-1.849821
-1.603619
-0.848110
-0.223821
0.113717
0.126331
0.912625
1.049264
0.206865
0.119712
-0.011373
-0.026693
-0.447451
-1.002015
0.012194
-0.341645
-0.796029
-0.986954
-0.207354
0.435478
0.951568
0.927483
0.191292
-0.098600
-0.020855
-0.491307
-0.690272
0.182465
0.808958
0.689631
0.596921
-0.315803
-0.441889
-0.171864
0.852091
0.845545
0.172461
0.216933
0.063502
-0.698462
-0.526694
-0.096946
-0.229040
-0.192380
0.000121
0.258771
-0.810263
-0.070299
0.796509
0.808743
-0.045287
0.186258
-0.337001
-0.421817
-0.904576
-0.387775
-0.126633
-0.207077
-0.437624
-0.605735
-0.186292
-0.426889
0.497226
0.814230
0.109806
0.259935
-0.045942
-0.045864
-0.909809
-0.747917
-0.420173
-0.487895
-0.679055
-0.359020
0.178286
0.314968
0.564141
0.860570
0.123986
0.078404
-0.280366
-0.117823
-0.180340
-0.406689
-0.288989
-0.455275
-0.073782
0.122413
-0.028754
0.237233
0.751673
0.926088
0.166507
0.044523
0.047137
0.071474
-0.161776
-0.516401
-0.656797
-0.715543
-0.063037
0.037835
0.287914
0.846754
0.884525
0.965853
0.231904
0.098489
0.058881
0.233738
-0.108494
-0.922501
-0.921289
-0.490103
0.176231
0.447021
0.518351
0.289474
0.899819
1.157431
0.319592
0.103980
0.078925
0.147584
0.136240
-0.538814
-1.143133
-0.689048
0.395906
0.204152
0.180488
0.051584
0.920382
1.618407
0.938406
0.641296
0.324760
0.415776
0.226076
0.371733
0.490375
0.513508
0.494492
0.291579
0.661588
0.689843
1.308410
2.792417
2.210309
1.609271
1.223754
1.109391
1.021653
1.189312
1.258623
1.161642
1.140891
1.149879
1.301269
1.785731
2.656403
-9.558496
-5.808461
-4.918047
-4.589972
-4.905358
-4.494695
-3.495948
-2.032791
-1.726511
-2.721125
-3.319556
-4.477070
-5.172668
-8.675362
-3.974408
0.395188
-1.597725
-0.421469
0.818946
2.052075
3.393150
3.151071
3.523647
3.611879
3.085390
2.059564
0.383036
-3.219691
-3.762122
-0.088608
-2.205728
-0.907491
0.096159
1.598264
1.026300
1.885988
1.046830
0.244188
2.654593
2.599592
2.580054
-3.891234
-3.705275
0.604027
-1.843266
-0.951280
0.730279
2.245640
1.829579
-1.227939
-2.325991
-2.296359
0.455625
0.628805
4.407844
-2.911035
-3.151342
1.104872
-1.006451
0.682859
-0.091272
-0.263976
-2.346973
-2.146338
-2.162313
-3.624497
-4.514096
-2.842693
4.855052
-0.792324
-3.130272
0.498683
-0.812303
0.942739
-0.222647
-1.335960
-1.514143
-1.949725
-2.227731
-2.224175
-4.029391
-3.686338
3.877019
-1.264181
-3.065044
0.319082
-0.267354
5.208528
3.025888
-0.642470
-0.906097
-1.655693
-2.330310
-1.970044
-2.703732
-1.111340
6.407426
-1.195126
-2.983486
0.606551
-0.270794
2.548304
-1.061787
-1.769833
-0.720077
-1.297865
-2.111571
-1.729255
-2.724473
-1.185512
3.693512
-1.464224
-2.957946
0.386574
-1.263317
1.136961
-3.212811
-1.838228
-1.479468
-1.912750
-2.956442
-3.044195
-2.163370
0.123757
3.450481
-2.911407
-3.126646
0.510665
-2.237651
-1.693530
-1.840102
-1.275981
-1.512328
-1.599630
-3.402431
-2.634076
-1.333336
-1.928649
2.355456
-3.753335
-3.382451
0.651421
-2.254661
-1.897736
-1.998266
-2.800658
-1.781304
-1.840678
-1.645239
0.808043
-2.170314
-1.895647
1.724752
-3.430310
-3.799072
0.445703
-1.962044
-1.960135
-1.393969
-2.347727
-1.697194
-3.089550
-1.780207
-0.510250
-0.751531
-1.040997
1.163189
-3.836080
-3.498110
0.693920
-0.632327
-0.515294
-0.801832
-1.202646
-1.266826
-1.058976
-0.945067
-0.805022
-0.857887
-0.091460
0.380257
-3.344038
-7.640079
-2.549953
-4.026359
-3.886234
-3.991920
-3.925369
-3.997557
-4.289653
-4.183646
-3.902106
-3.688640
-3.745403
-2.308870
-6.579959
3.393402
1.109885
1.070392
1.004926
0.661690
0.514428
0.460823
0.727702
0.646721
0.028412
0.079497
0.648412
1.457344
3.283105
2.000161
0.692141
0.086851
0.297299
-0.291151
-0.168635
0.502902
0.032222
-0.343445
-0.051681
0.037228
-0.382578
-0.102764
1.753912
1.530791
-0.466026
-1.208141
-1.528694
-2.132622
-2.397480
-0.305023
-0.045312
0.366642
1.225312
-1.602989
-1.531283
-0.787002
1.219148
1.308666
-0.436564
-1.137648
-1.247472
-2.226642
-1.167625
-0.847790
-0.521563
-0.715019
-0.325247
-1.908221
-1.869175
-0.656733
0.935039
1.042102
-0.541458
-1.311321
-1.477941
-1.712741
-2.523820
-1.362305
-0.497583
-0.682845
-0.772783
-1.973113
-1.530707
-1.447293
1.356291
0.979647
-0.849566
-1.375360
-1.502929
-2.019144
-1.536222
-0.853529
-2.377579
-2.481696
-2.076948
-1.407933
-2.409533
-0.514097
2.160239
1.013694
-0.901507
-0.915698
-2.002494
-1.532686
-1.118322
-0.935465
-2.538307
-2.924686
-2.526734
-1.745569
-2.506988
-0.966290
2.856925
0.973067
-0.882486
-1.004399
-1.064995
-0.192651
-1.876436
-1.253758
-3.212507
-3.636119
-3.019496
-2.235894
-3.410167
-0.491993
3.238504
0.873326
-0.888946
-0.888668
-1.224930
-1.949058
-2.553230
-2.201630
-3.066919
-3.241360
-3.262324
-3.250224
-3.264095
-0.937889
2.611266
0.820157
-1.069225
-0.932492
-0.317497
-1.577741
-2.001735
-3.198713
-3.431117
-3.356773
-3.903214
-2.328594
-1.803529
-0.104329
2.057362
0.904201
-1.252697
-1.684046
-0.854714
0.095201
-0.124925
-0.839621
-2.171598
-0.485861
-1.657246
-1.284899
-1.502462
-0.952249
1.214969
1.113566
-1.629537
-1.918351
-1.629947
-1.424891
0.024181
0.868134
0.953880
1.744892
0.831725
-1.272048
-2.543524
-1.334191
0.787636
0.664390
-1.301730
-1.553393
-1.098899
-1.000131
-0.498954
-0.301739
0.243404
0.215715
0.005919
-0.963999
-1.847525
-1.495069
0.215285
2.933159
0.720958
0.399063
0.497014
0.505155
0.755106
0.893403
0.757858
0.680145
0.683811
0.605937
0.128268
0.595806
2.315783
1.575559
1.572180
1.078483
1.303691
0.978214
0.786222
1.249061
1.590373
1.688193
1.600416
1.215261
1.108976
1.385696
0.548695
0.908757
-0.812715
-1.874652
-0.911285
-1.286522
-1.264253
-0.874678
-0.059748
0.452150
-0.174038
-0.679881
-1.494321
-0.672856
0.024280
-0.237123
-1.457131
-2.332983
-2.115939
-1.973194
-1.747520
-0.851441
1.544803
1.825023
0.001085
-1.243660
-2.282802
-0.426770
-0.439343
-0.071737
-1.470148
-1.592536
-1.587205
-0.475351
1.333346
1.963419
1.604420
0.791812
-0.068964
0.341081
-0.798376
-2.222924
-0.249021
-0.294586
-1.828494
-2.256000
-1.740971
0.668266
1.430352
0.586331
1.782146
0.852610
-0.820290
-1.335862
1.422945
-2.173516
-0.521970
-0.453244
-1.500446
-1.991397
-0.637248
1.304677
-0.900855
-0.378053
-0.129993
-0.593477
-1.015697
-2.985042
0.790761
0.593383
0.211191
-0.408176
-1.186647
-0.137024
3.331409
2.131624
-2.377285
-1.368689
-1.018585
-1.526685
-2.570867
-3.325368
0.386614
0.618980
0.932699
-0.445300
-1.408806
-2.261771
-0.931082
2.178705
-2.665531
-1.904916
-2.172109
-2.790127
-3.293104
-3.895236
1.469383
-1.846540
0.279111
-0.575490
-1.251867
-2.049960
-2.663242
2.329253
-2.586167
-2.034595
-2.303920
-3.534548
-3.460300
-3.042855
0.935461
-1.686859
0.298600
-0.729547
-1.520545
-2.020822
-1.207137
1.451809
0.998749
-3.074074
-1.547090
-0.921802
-1.736305
-0.891898
-0.353186
-1.015137
-0.042655
-0.800305
-1.764765
-1.973960
-0.622574
-0.357667
0.029397
-0.990267
1.073425
2.654422
0.587138
-1.167455
-1.704167
-0.893279
-0.459359
-0.154309
-1.518255
-1.886421
-0.615113
-1.125324
-1.794003
0.256775
0.792987
2.469457
0.553294
-0.655968
-1.341955
-0.258256
-0.176254
0.333450
-0.695705
-0.454301
0.159610
-0.311583
-0.191029
0.310488
-0.067560
0.601615
0.603184
0.045556
-0.596082
-0.071706
-0.018547
1.672224
0.505971
0.321726
0.138061
-0.224981
-0.630078
-0.372665
-0.289640
-0.235557
-0.089773
-0.160362
0.077591
0.300888
0.686064
0.318011
1.357898
1.523550
1.428028
1.241429
1.097943
0.881612
0.681967
0.695076
1.008103
1.192407
1.275310
1.416985
0.334772
0.363165
0.732019
0.788433
0.690452
0.568311
0.483447
0.259156
-0.084036
-0.034024
0.102823
0.172633
0.549951
0.649741
0.085043
0.694116
1.018068
0.937065
0.835140
0.200492
-0.215996
-0.244945
-1.348510
-1.092134
0.074477
-1.222497
-0.045460
0.564095
0.703467
0.683466
0.798387
0.848331
0.312886
-0.918981
-1.067457
-0.545281
-1.515725
-1.338505
-0.952040
-1.745242
-0.092532
-0.255614
0.429781
0.731699
0.945348
0.734531
0.267952
0.571406
-0.844682
-0.895168
-0.502959
-0.492516
-0.397903
-0.446753
0.369380
-0.029707
0.654643
0.704046
0.959680
0.625004
0.095151
0.835210
0.191481
0.263448
0.537187
0.294545
0.208601
0.058370
-0.022341
-0.375240
0.990118
0.684313
0.918379
0.403919
-0.179041
0.694853
0.610638
0.378838
0.376545
0.333185
0.175053
0.180147
0.667660
0.216432
0.566406
0.721537
1.052370
0.563391
0.406563
0.759657
0.185716
0.549535
0.702060
0.678206
0.520020
0.326274
0.212860
0.127414
0.502518
0.795795
1.148658
0.822331
0.401632
0.307671
-0.116974
0.502072
0.557347
0.669030
0.499630
0.339031
-0.835126
-0.556809
0.690991
0.809886
1.150782
1.017458
0.142659
-0.727953
-0.096779
-0.215139
-0.332553
0.018250
0.234028
0.444240
0.282472
0.254401
0.801848
0.773403
1.123015
1.185314
0.758328
-0.152745
0.297456
-0.720632
-0.519301
-0.224654
-0.555693
-0.467508
0.139087
0.832412
0.785130
0.676103
1.277375
1.167539
0.994242
0.717111
0.335141
-1.008466
-1.093592
-1.025964
-0.656472
-0.008532
1.144170
1.192328
0.700292
0.496449
1.237048
1.264801
1.100513
1.021086
1.093786
0.902241
0.677398
0.730051
0.745077
1.001186
1.012865
1.035203
0.330779
-0.032431
0.514677
1.015614
1.146785
1.117369
0.987905
0.825729
0.781578
0.826842
0.929225
0.975760
1.188430
0.765308
0.172610
1.341904
0.441892
0.441612
0.105349
0.081653
0.265343
0.242860
0.325242
0.190382
0.450013
0.496377
0.058976
0.008735
0.868417
-0.712398
0.769133
-0.043698
-1.108055
-1.250487
-1.149772
-0.826872
-1.176896
-1.016744
-0.779537
-0.793533
-0.609908
0.309437
-1.776766
-0.537596
-0.329390
0.074517
-0.559066
-0.513561
-0.023328
0.602926
-0.337903
-1.571859
-0.637180
-1.235925
0.201867
0.184343
-0.331598
-1.107257
-0.721351
-0.212707
-0.718060
-1.482797
-3.403036
-2.985852
-0.607138
-2.006173
-2.324013
-2.475260
-0.382782
0.684092
-0.283227
-1.229255
-0.895350
-0.424681
-1.520391
-2.272584
-2.699815
-2.301708
-1.727304
-1.779761
-2.123105
-1.632087
-2.718257
-0.160729
-0.791907
-1.090286
-0.626067
0.095930
-1.171562
-1.369408
-0.893659
-1.493924
-1.495948
-1.564211
-1.908029
-1.089866
-0.726542
-0.852345
-1.037643
-1.189024
-0.483587
-0.781505
-1.278027
-1.875503
-0.650329
-0.878508
-1.204100
-1.444995
-0.797020
-1.260387
0.380602
-0.191223
-2.828650
-1.204232
-0.278667
0.682482
1.070433
0.874244
0.594291
-0.489621
-0.722368
-0.790715
-0.298951
-0.132433
0.003457
-1.087136
-2.839634
-1.075086
-0.364850
0.250100
0.770340
0.316037
0.682453
-0.382406
-0.595826
-0.766278
0.103292
1.025140
-0.665897
-1.314276
-2.167246
-0.869503
-0.221723
-0.135420
-0.689499
-1.574254
0.462401
0.900175
0.191588
-0.280371
0.580309
1.317447
-0.424763
-0.611977
-1.516201
-0.656687
-0.081468
0.306162
-0.521426
-1.333477
-0.922738
-0.534223
0.314536
0.046097
-0.455939
-1.051294
-0.987999
-0.612677
-1.698859
-0.719340
-0.185830
0.226579
-0.711663
-0.853080
-0.525040
-2.699398
-1.169673
-3.093029
-2.183227
-2.263789
-0.771090
-1.317416
-2.088597
-0.478688
-0.668786
-0.902237
-1.568895
-1.462254
-1.662229
-1.767329
-1.242814
-1.440783
-1.320065
-1.679439
-1.183399
-0.912109
-2.009258
-0.802877
-0.225312
0.722640
0.742106
0.484467
0.505757
0.376299
0.432709
0.435595
0.326680
0.426160
0.643933
0.399925
-0.544351
-1.460865
-1.923473
-1.704310
-1.528701
-1.853539
-2.262807
-1.688741
-1.778537
-1.559682
-1.625559
-1.912674
-1.932276
-2.403860
-2.617422
-5.559524
-4.250070
-3.631571
-2.804008
-2.961828
-3.626406
-2.643575
-1.809933
-0.743342
-1.741560
-2.169435
-2.382187
-4.462767
-5.296956
-4.486619
-3.388821
-3.477253
-1.918754
-2.117243
-2.017314
-1.000110
-1.859762
-1.463625
-1.238312
-0.871207
-1.019061
-1.502825
-3.910820
-4.549099
-3.249908
-2.717811
-1.424596
-2.798306
-1.484619
-3.327187
-1.909967
-4.096938
-5.822732
-3.192758
-3.899612
-1.438524
-2.734162
-5.087853
-3.519940
-2.186505
-1.641705
-2.855294
-2.232874
-6.145320
-6.336523
-8.010657
-9.121191
-7.035077
-5.706152
-2.232310
-2.509581
-5.406116
-3.671125
-2.383412
-1.524130
-2.112163
-3.026707
-4.939869
-4.516896
-5.591523
-6.626808
-6.663102
-6.269422
-1.997506
-3.546175
-5.741765
-4.060607
-3.202176
-0.601034
-1.132131
-4.495305
-4.165886
-4.445283
-5.495896
-5.579505
-6.313169
-5.111093
-3.471184
-3.174513
-5.687192
-3.645262
-2.779841
-3.062337
-3.192509
-3.745933
-3.637577
-3.855230
-4.978619
-5.451442
-6.755903
-4.860275
-4.957408
-3.083094
-5.372643
-3.593652
-2.438577
-1.773063
-2.442286
-2.094663
-2.727390
-2.598909
-4.891642
-6.409436
-4.226893
-2.375809
-3.777493
-2.635185
-5.030545
-4.008432
-3.648165
-3.136884
-2.499816
-1.792582
-0.367195
-1.376333
-3.168739
-2.911958
-3.227221
-4.777216
-3.572259
-3.006997
-4.802317
-4.195326
-3.502010
-3.174995
-4.499364
-3.825025
0.926582
-0.087087
-0.937245
-1.670983
-3.321845
-4.193383
-3.107593
-3.815529
-4.786683
-3.796700
-3.656733
-2.639648
-3.906597
-3.149265
-1.227606
-0.355074
0.568360
-1.346276
-1.679116
-2.543420
-2.790966
-4.357537
-4.443408
-3.041565
-3.258999
-2.354373
-2.696797
-2.097483
-1.577313
-1.640827
-0.450050
-1.690082
-1.934616
-2.584471
-3.019827
-3.329120
-2.204073
-2.457904
-2.246950
-1.930082
-2.499634
-2.682269
-2.720520
-3.052315
-2.908666
-2.852794
-2.628397
-2.606977
-2.471423
-2.415417
-2.761734
-0.001855
-1.651916
-1.748041
-1.821252
-1.921000
-2.300556
-2.607401
-2.606682
-2.574867
-1.906769
-0.983695
-0.210789
-2.911032
-1.895593
-0.130645
-0.333736
0.492454
0.442708
-0.287437
0.165515
0.657793
1.019429
0.777713
0.360011
0.817701
1.214752
-1.421625
-3.571865
-2.010835
-2.224746
-1.706405
-2.390417
-3.299381
-3.217795
-2.867787
-0.824155
-1.753012
-1.948680
-2.201437
-0.718779
-3.955727
-3.447335
-1.037191
-1.523396
-1.434197
-1.858340
-0.667890
-0.535579
1.019964
0.971873
-1.333527
-0.856306
-1.418349
-0.073156
-3.585846
-3.433295
-0.483433
-2.012736
-1.057970
-1.061667
0.147996
-1.003427
0.813675
1.362519
-0.635309
0.138117
1.845745
1.950947
-2.778061
-3.356036
-0.253829
-1.438398
-1.749805
-0.830032
-0.996328
-0.140884
1.524529
1.795897
0.019351
-3.903266
-2.227012
1.370410
-2.376940
-3.228524
-0.081751
1.602309
-1.720531
1.098247
-2.199307
0.021060
1.073754
1.215869
0.812814
-1.835714
-2.515743
1.287179
-1.625154
-3.239995
-0.030315
2.264834
0.555238
-1.042541
-2.155068
-0.746470
1.082545
1.180966
0.192632
-2.008356
-1.577388
2.137552
-1.861255
-3.409661
-0.296201
0.380813
0.077914
-1.848813
-1.674243
-2.037105
-0.852293
-0.276296
-1.698200
-1.987735
-1.879853
0.246400
-3.178215
-3.583239
-0.677819
-0.453955
-0.909473
-0.458594
-0.649310
-1.896416
0.018387
0.094105
-1.872988
-1.733515
-0.855476
-1.200999
-2.639547
-3.624819
-1.381805
-0.652204
-0.046235
-0.987172
-0.899299
-0.596604
-0.979050
0.313841
-1.716608
-1.145260
-1.618618
0.334379
-2.148542
-3.206169
-1.631212
-1.516144
-0.362145
-1.209902
-0.214653
-0.685907
0.185152
4.484871
0.397837
-1.655324
-0.519598
1.204682
-2.680442
-2.947496
-0.403493
-1.095189
0.210608
0.194891
1.182508
1.193533
1.556057
2.303358
0.792253
0.036384
-0.455180
-0.035872
-3.522324
-1.940681
-1.538350
-3.522012
-3.345094
-3.422327
-3.353436
-3.475725
-3.830677
-3.410181
-3.391809
-3.214544
-3.606715
-2.357264
-4.031971
-0.778407
-2.268403
-1.012809
-1.125562
-0.953026
-1.283230
-0.914101
-0.902330
-0.840726
-0.690218
-0.898359
-0.882231
-1.677312
-0.589111
-2.059740
-1.434413
-1.075618
-1.305730
-0.911947
-0.321297
-0.014761
-0.711431
-0.684945
-0.506286
-0.507266
-0.352269
-1.171113
-1.837118
-1.273780
-1.259247
-0.115325
0.332666
0.970387
1.221397
0.672322
0.330156
0.013050
-0.388975
0.495654
0.821491
-0.728168
-0.647876
-1.216669
-1.411814
-0.020800
0.842498
0.936489
1.405029
2.025802
3.459012
2.752836
1.819109
0.176621
0.862875
-0.011959
-0.157281
-1.135645
-1.425047
0.527280
1.334609
0.885569
1.873590
1.700586
1.199052
1.133119
1.254257
1.774880
1.567067
-0.033256
-0.701772
-1.156788
-1.236456
0.981799
1.059110
0.817324
1.605347
0.503562
0.530481
0.509347
0.666785
1.456999
1.275715
-0.771939
-1.011726
-1.185620
-1.308302
0.873161
0.175494
1.333705
1.121246
-0.326358
0.118417
0.169386
0.229511
0.285396
1.208209
-0.597990
-0.897640
-1.137718
-1.412046
0.716805
1.469480
1.363316
1.952035
-0.013194
-0.093271
0.023287
0.134343
0.713839
1.099039
0.501266
-0.541227
-1.068789
-1.217875
0.301928
0.943808
0.722876
1.404959
0.980186
0.505642
0.590789
1.189022
1.137059
-0.371262
-0.375598
0.179595
-1.055138
-1.176942
0.373477
1.511976
1.087496
0.504466
0.174167
-0.208975
-0.053858
0.498832
0.171762
1.076062
0.828514
0.546113
-1.189075
-1.172269
0.354687
1.230036
2.128320
0.748216
0.201226
0.310995
-0.191805
0.735522
0.499048
1.571589
0.414001
-0.349821
-0.954733
-0.853610
0.317606
0.432240
1.167300
1.583513
0.339672
-0.977524
-0.418847
1.174587
0.885249
1.426042
-0.331015
-1.045467
-0.913490
-0.353040
-0.421944
-0.764864
-0.301024
-0.105357
0.411530
0.717988
0.798671
0.303335
-0.062673
-0.086030
-0.134838
-1.307770
0.233596
-0.713181
-0.034060
-0.302883
-0.216100
-0.188249
-0.151435
-0.089913
0.018290
-0.065609
-0.099662
-0.045511
-0.469445
-0.238758
0.467633
0.071934
-0.632547
-0.629003
-0.657887
-0.498940
-0.701036
-0.861446
-0.619942
-0.442220
-0.426652
-0.823883
-0.780211
-0.554665
0.455259
-0.401060
-0.809021
-0.302371
0.082705
-0.079844
0.363276
0.448035
0.378972
0.778686
0.855536
0.473226
0.111343
-0.568444
-0.247568
-0.398960
-0.143358
-0.007196
0.537805
0.401688
-0.362213
-1.512234
-2.588906
0.091396
0.950545
1.115549
0.974926
-1.024023
-0.055388
-0.320087
0.162340
-0.060833
-0.529134
-0.575431
-2.029015
-0.739737
-0.725469
-0.912184
-0.316070
-1.081752
0.990329
-0.216504
-0.325413
-0.133277
0.368003
-0.569742
-0.755276
-0.463700
-0.220927
-0.394649
-0.690841
-1.067187
-0.958002
-1.199017
0.036985
-0.148492
-0.394825
0.100332
0.278433
-1.576888
-1.152119
-1.563326
-1.619590
-1.854374
-1.796490
-2.094074
-1.076388
-0.982235
0.158087
-1.053191
-0.303554
0.268498
1.088100
0.904542
1.638444
-0.965762
-1.241091
-1.792866
-1.846209
-1.853001
-1.678984
-1.113060
-0.011670
-0.275690
-0.255651
0.085293
1.410412
-0.790233
0.214510
-0.763032
-1.067963
-1.826011
-1.961126
-1.889157
-1.552703
-0.922664
0.473987
0.269194
-0.171574
-0.094320
1.202723
1.470009
1.458560
-0.683853
-1.424542
-1.889188
-1.769577
-1.879047
-0.841066
-0.232147
1.551447
-0.220022
-0.044042
0.038350
0.403611
1.412419
1.868474
0.650073
-1.475961
-2.007204
-1.797895
-1.295984
-0.682874
1.264528
1.064924
-0.380684
0.136029
0.174298
0.266766
1.133622
1.848587
1.839017
0.322285
0.127130
-0.060183
0.398052
2.009830
2.055125
1.586574
-0.514229
0.245982
0.164128
0.105232
0.487992
0.746284
1.702928
1.560360
2.700721
2.795067
2.415720
2.398593
1.080515
1.015187
-0.871629
1.001878
0.591780
0.613284
0.824286
0.596659
0.984331
1.217546
1.167149
1.520457
1.528271
1.335175
0.688890
0.903227
-0.275711
1.056612
0.153728
-0.178266
-0.343460
-0.611953
-0.649647
-0.754129
-0.595332
-0.348141
-0.420308
-0.344814
-0.501841
-0.302543
0.218768
0.315502
1.981799
2.105438
2.070199
1.425809
1.149482
1.486168
1.284072
1.129307
0.649855
0.668359
1.850927
2.869725
2.379856
2.517948
1.520168
2.261358
2.767845
3.002125
3.746658
3.700127
3.336853
2.655101
3.475705
3.648400
2.574936
2.125636
2.972104
1.017321
0.548025
0.490762
1.001600
0.877501
0.633533
0.844693
0.978214
0.037468
0.295021
0.769273
0.634519
1.672763
1.802541
0.453046
0.557549
0.460545
1.204541
0.091485
-1.108146
-1.946240
1.079337
0.868045
-1.209091
-1.049420
0.703199
1.473114
2.312936
-0.012528
0.499020
0.141948
-0.548824
-0.245739
-4.427629
-0.018407
4.503461
5.034545
2.354690
-0.320560
-0.924346
-0.937454
1.717567
0.203439
0.750126
0.524175
-2.027665
-1.597230
-2.099703
2.094651
3.894797
3.887061
2.978635
0.278981
-1.557956
-2.616371
2.539111
0.249629
0.329883
0.020282
-6.546461
-4.018039
-1.460313
3.104711
3.469739
3.363188
3.259843
-1.093292
-0.913443
-0.919261
2.007782
0.304899
0.229376
-0.570708
0.465537
-0.285090
-1.912821
1.996453
2.950991
2.992726
2.596952
-1.607660
-1.981113
-0.573338
2.519849
0.128165
0.379099
0.064842
0.025985
-1.023761
-2.198859
1.492700
2.811213
3.031852
2.474877
-2.161508
-3.655705
-0.504359
2.583930
0.025474
0.280073
0.901018
2.141797
-0.334327
-2.116657
-0.172728
1.905245
1.347923
-0.442171
-2.340463
0.574154
2.721965
2.221686
-0.036627
0.381097
0.408412
1.960037
1.926566
0.462987
-2.378180
-0.099102
-0.038035
-2.551218
-0.404712
1.940443
2.469434
1.967345
0.207303
0.520322
0.075981
1.010726
1.704443
1.559048
-1.771645
-3.545675
-1.144997
-1.446581
0.272184
1.685133
0.916781
1.160819
-0.572410
-0.584820
0.700795
1.312579
1.313774
1.833697
1.798213
1.149805
1.812443
1.350268
0.670436
0.529012
-0.447806
0.064136
-1.088502
0.203130
0.646917
0.872326
1.181317
1.157925
1.319965
1.442011
1.704678
1.297717
0.644796
0.772362
1.044857
0.700483
2.173388
2.592890
1.320102
1.002592
1.216486
1.485123
0.622688
0.574353
0.669095
1.248611
2.162651
2.247421
2.060118
2.407067
4.374664
0.820974
1.102397
2.109529
2.129391
1.499152
1.140185
2.703799
2.241159
1.780914
2.172794
2.723150
3.143332
3.810448
2.783430
0.653153
-0.025796
0.144891
0.049422
-1.040106
1.055230
4.373475
4.455725
0.497013
0.556140
-0.542997
2.719694
2.853385
2.690652
1.273118
0.494684
-0.204466
-0.535007
1.534753
3.976148
6.231857
6.303935
4.936512
3.157933
0.368646
1.823149
3.627448
2.647442
1.189585
0.035537
-1.309202
0.805870
1.705812
1.227492
2.425220
3.191742
2.863126
1.812840
2.205124
3.306040
4.025765
2.654896
0.934005
-0.565487
0.866425
3.086479
1.334584
1.289901
1.854114
2.598038
2.780856
2.973585
3.606473
4.589297
3.655796
2.623959
0.894854
-0.248789
2.933465
2.763167
1.627974
2.745767
2.940935
3.406531
4.282839
5.104074
2.530041
3.374219
3.647954
2.531391
1.417439
0.332239
2.027820
-0.430318
1.041691
2.773624
3.863344
4.416797
4.797417
4.533147
1.499573
4.631658
3.833495
2.405518
1.291565
1.101410
2.120703
-0.751037
-0.471543
1.330794
3.062140
3.689957
2.662965
2.604539
0.513131
3.560301
2.957549
2.481691
1.318365
1.471374
1.667599
0.565703
0.074695
2.672399
4.780608
3.983512
2.558241
1.418948
1.043398
1.893074
2.317849
2.735188
1.185544
0.920164
2.124576
1.075128
0.626476
4.804111
6.974818
4.924701
3.876489
2.608977
1.754622
2.894181
2.357031
3.023070
1.219879
0.379323
1.449619
1.037022
0.974880
1.545555
3.518373
2.333140
1.258314
1.313521
1.889135
3.153001
2.525466
3.173720
0.694009
-0.224957
0.684419
0.654713
0.880058
0.665916
0.193167
0.354885
0.899213
1.243413
0.598028
1.046790
1.597883
3.155282
1.467111
0.422771
0.264524
0.013934
0.033664
0.024412
0.050761
0.100478
0.181738
0.241822
-0.185162
-0.005240
2.050644
-0.101183
0.663867
0.377572
0.339612
0.227194
0.179977
0.157277
0.230368
0.109965
-0.051787
0.022164
0.225744
0.541975
0.324456
0.619715
0.487456
0.223758
0.251742
0.181382
0.059692
0.070707
0.498082
0.524434
0.375075
0.256950
0.110248
0.352518
0.859407
0.490343
0.604060
0.273250
0.220951
0.085015
0.212350
-0.008224
0.646951
0.573045
0.470952
0.133484
0.091967
0.402422
0.637618
0.403293
0.575376
0.424758
0.230724
0.204029
-0.058776
-0.576376
-0.808050
-1.230030
-1.131494
-0.342689
0.051084
0.601911
0.558153
0.432501
0.709361
0.474497
0.450880
0.538675
0.555026
0.487347
0.336372
0.149815
-0.218095
-0.751359
0.420265
0.955537
0.707774
0.424897
0.651465
0.525378
0.533772
0.228213
0.037514
-0.008294
-0.034622
-0.039780
-0.253993
-0.882150
-0.141670
0.560115
0.857452
0.448870
0.625669
0.825461
0.793197
0.547004
-0.134689
0.063974
0.128163
-0.029719
-0.241172
-0.795038
-0.440742
0.884739
0.755070
0.428920
0.552685
0.604499
0.460813
0.261180
-0.015956
-0.106942
-0.097980
-0.262165
-0.561092
-0.669243
0.073165
0.683821
0.504216
0.360760
0.621184
0.451137
0.632615
0.619175
0.168010
-0.415142
-0.439811
-0.548892
-0.719269
-0.697806
0.508109
0.728612
0.455253
0.288920
0.678295
0.301182
0.386775
0.487623
0.221502
-0.563751
-0.484716
-0.454359
-0.501154
-0.213558
0.617398
0.465838
0.407858
0.248627
0.631290
0.244150
0.202604
0.355198
0.399440
0.093269
-0.226442
0.240900
0.236769
1.054650
0.571118
0.525687
0.437747
0.292978
0.595653
0.270976
0.338054
0.219007
0.199442
0.519652
0.873931
0.708447
0.434069
0.508550
0.144642
0.620857
0.495626
0.575456
0.833495
0.521511
0.552503
0.549422
0.395712
0.483003
0.134412
0.411873
0.421986
0.288623
0.452369
0.646681
0.529352
-0.638846
-0.175245
-0.270579
-0.248272
-0.300128
-0.319177
-0.299522
-0.369783
-0.406671
-0.362115
-0.276339
-0.274197
-0.412152
-0.708182
-2.273496
2.241027
3.908625
4.441194
5.496865
6.068481
6.865452
6.132684
6.123656
6.243385
5.536482
4.955646
3.754813
1.332861
1.938533
3.411973
3.495266
4.164384
5.071791
5.769199
4.488875
2.104867
1.992709
3.587944
5.044162
4.917996
4.222346
3.842546
2.989993
4.375725
4.320364
4.550106
4.552640
4.196804
2.864994
3.239189
4.107585
5.110828
2.814952
6.268603
5.774244
4.735088
3.085568
3.731776
4.114627
3.973777
3.004939
7.134521
6.728817
4.186155
4.263196
5.914433
4.477241
5.345909
6.796723
4.530903
3.009000
3.905037
4.696722
4.341229
5.599843
5.153767
2.348207
2.184132
3.178278
5.126310
5.929739
5.248677
5.043552
4.333715
2.868349
4.378209
3.027107
1.541246
3.806544
2.376503
1.652902
3.127432
4.675826
5.779524
5.778820
4.358369
3.617144
4.123098
2.894553
4.640862
0.785707
-3.221484
-1.174020
-1.836127
1.356582
3.301904
4.474010
5.357837
4.225743
2.968217
1.314287
3.790558
2.824729
4.730420
2.326653
0.278008
1.335062
-0.022363
2.090606
2.950187
4.063297
5.755667
5.313023
3.849043
3.804042
3.695025
2.781093
4.348889
4.245686
-0.506312
1.653687
3.176585
4.447110
5.147681
7.110851
7.809070
5.959334
2.050737
1.500599
4.437698
2.601497
3.679081
4.671176
1.947717
-0.050765
2.633701
3.359250
4.805853
5.948569
6.186287
5.587101
4.068458
4.249369
5.118763
2.487766
3.311252
3.721883
3.086312
2.128172
3.484669
3.635582
2.372703
3.407788
4.482918
4.360984
3.519869
3.412811
4.046398
3.042298
3.903231
3.236161
3.756433
3.823353
2.696645
2.508754
2.693017
4.819189
3.820776
3.988271
4.792384
3.580686
4.544868
2.393311
4.534042
3.074321
2.895637
3.634700
3.806426
3.558502
2.543260
2.398442
2.723026
3.777490
3.655689
4.905895
3.313835
2.037473
5.138593
2.678890
2.189846
2.585174
3.064416
2.390021
1.704717
1.292183
1.100514
2.127947
2.475803
4.204463
1.554482
0.435215
-0.412608
-0.897097
-1.065510
-0.974966
-0.843041
-0.796126
-0.943033
-0.923210
-0.743997
-0.803055
-0.801561
-0.775911
-0.047706
-0.217522
-0.013023
-0.404996
-0.624606
-0.332273
-0.474666
-0.496427
-0.370109
-0.468237
-0.627697
-0.507936
-0.350198
-0.112585
-0.348647
-0.426466
-0.273997
-0.319053
-0.487813
-0.050004
-0.600914
-0.817479
-1.352163
-1.700456
-1.239097
-0.558011
-0.253395
-0.115585
-0.442047
-0.525362
-0.619551
-0.503210
-0.377610
-0.060761
-0.980560
-1.242619
-1.225430
-1.204960
-1.443202
-1.153855
-0.418509
-0.639275
-0.432713
-0.514277
-0.583926
-0.393782
-0.192591
-0.683668
-1.411964
-1.349004
-1.035262
-0.807332
-0.729487
-1.146526
-0.660009
-0.751380
-0.322962
-0.505784
-0.657011
-0.198301
0.370685
-0.316160
-1.123442
-1.103228
-0.766615
-0.580023
-0.798489
-0.841079
-1.001566
-0.857349
-1.020904
-0.439403
-0.767470
0.017912
0.430848
0.317896
-0.596307
-0.611772
-0.403511
-0.251207
-0.411374
-0.909094
-0.552419
-0.733647
-1.226533
-0.410708
-0.705221
-0.308860
0.088596
0.359598
-1.022069
-0.747435
-0.394957
-0.284990
-0.318119
-0.579583
-0.727213
-0.760082
-1.123163
-0.438621
-0.565557
-0.534760
-0.514461
-0.089135
-1.170395
-0.897740
-0.661617
-0.531135
-0.446578
-0.477094
-1.015972
0.049318
-0.886085
-0.490455
-0.530776
-0.619409
-0.420630
0.033563
-0.696633
-0.993685
-0.763676
-0.888697
-0.693373
-1.064832
-0.382106
-0.384618
-0.528542
-0.496909
-0.459224
-0.598116
-0.727463
-0.386685
-0.311071
-0.696438
-0.973726
-1.619450
-1.149174
-0.714843
-0.491980
-0.539070
-0.347650
-0.408869
-0.470764
-0.341556
-0.476973
-0.237026
-0.201578
-0.368625
-1.007187
-1.467444
-0.616094
-0.107667
-0.420005
-0.354376
-0.488707
-0.063065
0.048030
-0.243984
-0.400620
-0.362243
-0.365138
-0.036391
-0.089414
-0.197857
-0.336704
-0.353374
-0.247245
-0.093233
-0.143481
0.078809
-0.330713
-0.135304
-0.186117
-0.157658
-0.404070
-0.487555
-0.593914
-0.550464
-0.338570
-0.326376
-0.255121
-0.464793
-0.108488
0.591776
0.656958
0.843132
0.795895
0.764615
0.784098
0.718276
0.778941
0.688078
0.667687
0.796639
0.804358
0.788351
0.279378
0.490643
0.140546
0.245980
0.339763
0.119631
-0.309123
0.020820
0.750991
0.410866
-0.033455
-0.314636
-0.180934
0.124634
0.039042
0.756639
0.242610
0.183480
0.108154
0.082310
0.222919
0.876040
0.844513
0.970619
0.931392
0.359600
-0.106327
0.013985
0.671199
0.675086
0.099399
-0.077835
-0.235230
-0.662284
-0.342621
-0.302180
0.194877
0.320866
0.114133
-0.248493
0.016412
-0.120368
0.350920
0.794502
0.252093
-0.246660
-0.374986
-0.400875
-0.499775
-0.638512
-0.785791
-0.601004
-0.665133
-0.563501
-0.151042
-0.184324
0.631800
0.912134
0.291851
-0.088452
-0.105927
0.003644
-0.547602
-0.576029
-0.393045
-0.396264
-0.473300
-0.243635
-0.177442
-0.432218
1.131663
0.942237
0.157360
-0.148948
-0.260692
0.000596
-0.226512
-0.349357
-0.386820
-0.319243
-0.194384
-0.105615
-0.061067
-0.093060
0.681563
0.940589
0.206667
-0.275456
0.564646
-0.161675
-0.000021
-0.248856
-0.190343
-0.147486
-0.076080
-0.297411
-0.331381
0.319710
0.199211
0.962172
0.286574
-0.434738
-0.135776
-0.359887
0.029969
-0.067137
-0.039060
0.098939
0.079231
-0.379692
-1.061330
-0.495795
0.106770
0.915407
0.398256
-0.145410
-0.471891
-0.981216
-0.196323
-0.201910
0.068533
0.007549
0.095739
-0.595760
-0.445756
-0.613415
0.083580
0.871892
0.416471
0.221244
-0.055701
-0.431227
-0.439440
-0.589239
-0.350046
-0.214884
-0.454284
-0.732379
-0.952726
-0.419844
0.250794
0.732622
0.322637
0.232617
0.273325
0.079333
-0.492079
-0.825495
-0.410117
-0.316966
-0.107622
-0.660890
-0.426107
-0.214012
0.424813
0.293843
-0.221939
-0.087925
-0.009635
-0.126619
-0.157992
-0.095410
0.074187
0.115792
0.096986
-0.064100
-0.446491
-0.198118
-0.035143
-0.207753
-0.455626
-0.012270
0.137633
0.114860
0.128329
-0.035381
-0.195377
-0.239958
-0.090856
0.046900
-0.090111
-0.442371
-0.955129
-2.008236
0.825562
0.220006
0.049550
-0.061793
0.026253
0.263531
-0.202454
0.273169
0.438641
0.230535
0.608819
1.245938
-0.928370
-0.549819
-0.009615
0.717130
0.466072
0.226616
0.311836
1.312283
0.656230
2.511495
2.151182
1.574650
0.747655
0.972301
0.782655
0.305834
1.052361
0.752613
0.873717
0.330583
1.248807
1.538187
-3.350674
-1.452166
-0.202992
0.692657
1.608075
1.005520
1.504292
0.248590
0.734781
0.424085
0.596943
0.447190
-1.068291
0.146055
1.437973
1.098408
1.926364
0.708265
1.511028
1.112683
0.734318
0.278337
0.613077
0.234593
-0.498194
0.485513
1.041895
2.190360
0.193796
0.378868
3.444761
3.562158
1.933272
-0.495880
0.812638
0.110057
0.863025
-0.227665
-1.944841
0.131768
3.154376
1.040011
1.419254
1.589738
1.757856
3.483136
2.340734
-2.338042
1.940682
-0.068412
0.808304
-0.531227
-3.185053
-1.078400
1.144343
0.516175
1.524160
1.675354
1.471336
0.565155
0.561942
-2.659603
0.402039
-0.118696
1.108845
0.627568
0.092667
-1.480463
1.497413
1.026395
1.265242
1.255148
1.239975
0.755253
0.520418
-0.624726
0.587945
0.017248
1.290404
1.745282
0.418142
-1.102681
2.686014
2.217942
1.539371
1.013775
1.559062
1.482495
-1.734161
-1.705259
1.225732
0.208494
0.935550
1.283815
0.835113
0.134410
-0.386257
2.383723
0.980511
1.278674
1.340033
-0.425070
-0.718870
-0.908343
0.696908
0.309376
0.945325
0.992836
0.920916
1.693659
1.248071
-0.431350
-0.122612
0.845505
-0.405890
-0.307488
0.823577
-0.058057
0.936892
0.262826
1.069122
0.800397
0.785824
1.113665
2.678596
-0.159239
-3.962601
-2.419745
0.373081
1.467556
0.645356
0.502638
0.927686
-0.162083
0.998489
1.197815
1.026489
1.130343
1.171515
2.236025
2.423172
2.607946
1.690970
0.601418
1.492224
1.278368
1.111523
-1.741445
0.632596
0.228506
0.440664
0.865681
1.117641
1.203074
1.075099
0.712581
0.344320
0.451931
0.595247
0.518031
-2.484819
-2.336853
0.853822
0.589636
0.672815
0.382607
0.299424
0.753681
0.628469
0.353550
-0.126608
0.144178
0.381103
1.469498
-2.027244
-1.145127
2.871627
2.041610
1.317263
1.332683
1.911652
3.682734
3.624753
3.826831
3.098830
2.260097
1.878350
1.996404
0.120352
-0.697606
1.107281
0.568400
-0.333316
0.756130
0.452867
1.848582
4.323154
4.938511
3.584959
0.757987
0.466656
0.846134
-0.838015
-0.341566
0.430797
-0.335937
-0.832952
-0.315982
1.035867
1.034431
4.588550
6.426918
3.837358
3.199428
0.835051
1.443685
-1.862342
-0.222606
0.880488
0.040166
0.739861
0.294949
0.977908
2.146410
2.191255
2.740911
2.197138
4.142892
1.958265
2.979801
-0.160799
-0.265286
0.931610
0.009727
1.686496
-0.344892
0.281966
-0.898211
-1.145979
-0.732578
-0.860358
2.162235
3.781884
4.412344
0.646385
-0.117270
1.252662
1.142810
3.576141
3.511979
1.912063
-1.052047
-0.749643
-0.436585
-1.239643
1.495005
1.849086
4.270740
2.237793
-0.089376
1.561046
3.318925
1.233017
-0.226336
1.960694
-1.179383
-0.852082
-0.514436
-1.111679
0.587214
-0.952518
0.491428
1.468371
-0.043199
1.412015
2.731373
2.010681
0.000991
0.320989
-0.489677
-1.160604
-1.035996
-0.668901
-0.394558
-0.169860
2.297289
-0.243169
-0.170155
1.611491
1.605447
1.085723
0.289658
0.456394
0.458742
-0.057517
0.183506
-0.053359
-0.310356
-0.955794
0.728503
0.088517
-0.341086
1.622840
1.335072
1.522268
2.046384
1.397585
-0.008686
4.236136
3.593194
-0.372017
0.719034
1.120788
2.512432
-0.558225
-0.636244
1.125683
1.134269
0.546389
1.146012
1.296420
1.894332
5.155449
2.812624
0.633205
-0.572310
1.729827
1.905732
-0.311302
-0.337959
1.188089
1.704572
1.146272
1.155875
0.819562
0.543567
0.996109
-0.086863
0.530577
0.894964
1.313305
2.319599
0.006014
-1.117674
1.448351
0.382408
-0.085097
-0.208643
0.215014
0.764647
1.078344
1.109431
1.209942
0.518206
0.647067
2.523951
-1.028420
0.759541
-0.925032
-1.522503
-1.920362
-2.138594
-2.002425
-1.898575
-1.787719
-1.847319
-1.847676
-1.882081
-1.753109
-1.027683
0.013705
0.086855
-0.514011
-1.229645
-1.371947
-1.208261
-0.767840
-0.585039
-0.680572
-0.559745
-0.551673
-0.754130
-0.865113
-0.866729
-0.891788
-0.668700
-1.004094
-1.134630
-0.891152
-0.187650
0.335351
0.718956
-0.809672
0.096173
0.270037
0.019978
-0.382710
-0.957933
-1.604156
-0.825998
-0.926244
-0.944711
-0.775023
-0.082570
-0.844554
0.651748
-1.140795
-0.535696
0.395395
-0.634179
0.268839
-0.375728
-1.297942
-0.906805
-0.893852
-0.792272
-0.378197
0.242529
-0.946856
-0.732378
-0.923428
-0.652567
-0.478153
0.085599
1.474876
0.704979
-0.991905
-0.911206
-1.015899
-0.847506
0.745407
0.585304
-0.193748
-0.847233
-1.096411
-1.110711
-0.643311
0.199944
0.518000
0.433319
-1.699018
-0.911780
-1.192312
-1.365730
-0.368359
-1.333664
-0.090885
-0.788332
-0.995980
-1.056294
-0.957176
0.100831
0.059416
0.294376
-1.844135
-0.818516
-1.109982
-0.925317
1.061756
1.589920
-0.087065
-1.142707
-1.087340
-0.953340
-0.648018
-0.054302
0.936433
-0.672863
-2.012167
-0.736479
-0.901310
-0.995001
-0.229000
0.361185
-0.490340
-0.757754
-0.999822
-0.731297
-0.148490
-0.052525
0.680065
-1.561750
-2.273715
-0.594146
-0.820758
-1.284307
-1.267455
-0.674576
-0.651739
-0.336657
-0.009230
0.464523
0.132669
1.205100
0.366359
-1.473904
-1.782522
-0.531211
-0.756728
-1.305385
-1.805678
-0.994075
1.153817
-0.824793
-1.947688
0.316593
-0.942996
0.344919
-0.392683
-1.754251
-1.946034
-0.679407
-0.925213
-0.959486
-1.651872
-1.618618
-0.889616
-0.175544
1.088430
0.657597
-1.322866
-1.673192
-1.641824
-1.696532
-1.661381
0.420904
-0.446018
-0.600736
-1.195037
-1.447699
-1.433214
-1.109099
-1.096265
-1.549503
-1.660685
-1.700215
-1.059076
-0.961480
0.099366
0.486443
-0.322545
-0.338938
-0.604524
-0.774079
-0.963520
-0.532491
-0.100937
-0.063639
-0.168833
-0.500100
-0.258689
0.155613
0.504478
1.582826
0.671930
1.647024
1.132046
1.250398
1.835467
2.359749
2.529216
2.866379
2.711718
2.681147
2.326253
1.410565
2.764470
-0.507132
1.576445
1.358703
1.120791
1.942953
2.485086
2.637479
0.263865
0.817276
2.836861
3.130461
3.308963
2.303692
0.435220
-0.063023
0.571535
-0.412063
-0.426430
0.010814
0.729630
1.066815
-1.430594
-0.864401
1.380342
-0.922365
0.680425
2.477120
0.193442
-0.251938
0.509993
-0.135234
-0.162206
-1.663567
-1.050814
2.149930
0.444531
-0.371557
0.988626
-4.069390
1.361908
3.785562
0.113039
-0.437060
0.905458
0.256723
-0.210020
-0.073598
-2.644900
-2.696847
-1.118347
-0.429543
-1.798301
-1.452384
3.487035
4.685114
0.668692
-0.114953
1.061155
0.807490
-0.857146
-0.569877
-1.510556
-1.367141
-2.058118
-1.965833
-1.618709
-2.105418
-0.647562
-1.685107
0.422402
0.081906
1.147095
1.597150
-3.559186
-3.426053
-0.995650
-1.156299
-1.803065
-1.661003
-1.232882
-0.964010
-0.713153
1.566024
0.158008
0.169870
1.201222
1.956833
1.348396
-0.818274
-1.379121
-0.748791
-0.641692
-0.220376
-0.522429
-1.111770
0.437554
3.444020
-0.665236
0.085231
1.180796
1.072213
0.928102
-0.655069
-2.285087
-0.602981
-0.369299
0.413391
-0.257345
-2.067052
-0.924244
0.611931
-0.910476
0.030411
1.725268
0.755781
1.172103
-0.918609
-0.186421
-0.967597
1.850040
2.657542
0.108332
0.835891
2.624973
1.710637
-1.111986
0.026960
1.842272
0.408774
0.744412
1.482433
2.972729
-0.424134
-1.143758
2.793706
-0.928997
2.272807
2.623086
2.114527
-0.334481
0.298347
1.973789
0.902290
-0.080642
1.100201
1.106115
-2.427638
-1.530416
0.051008
-0.621607
-0.667916
0.823084
1.674240
0.272656
-0.008642
0.587662
0.549260
-0.654435
-0.615982
0.161919
0.023778
0.124305
-0.293076
-0.846021
-0.860655
-0.627321
-0.105868
-0.247594
1.624193
1.296887
0.964361
0.275699
0.113537
-0.297948
0.051009
0.020003
-0.131319
0.102827
-0.250442
-0.061711
1.007659
1.101834
-2.110356
-1.587558
1.249235
1.505352
1.466748
1.893312
1.638206
1.971355
1.873071
0.829414
0.978968
1.258779
0.777249
-1.250318
-0.130000
2.434937
3.113980
3.746586
4.033708
4.319493
4.249199
2.727529
3.504218
2.966955
4.380690
4.409074
2.474659
0.439979
1.549361
1.901626
0.506853
1.961676
1.366411
0.287138
0.121979
1.041614
3.930313
3.084994
3.031693
2.073174
2.354461
0.306607
2.087320
2.838148
1.481199
1.811844
-0.954851
0.132189
3.675045
1.159551
1.743149
2.958854
0.012106
-0.299706
3.277735
0.974448
2.683429
2.864171
1.081643
0.903152
-0.040576
0.027949
0.319574
-0.909431
-0.381795
0.404958
-1.006082
-0.513534
0.944787
0.476798
2.715120
1.828760
0.114984
-2.806583
-1.891950
1.347128
0.047339
-0.390737
0.242007
0.527306
-0.330143
-2.172824
-5.696416
-2.012044
2.484971
2.099419
0.634723
-6.675059
-2.672508
1.902775
1.567492
1.235723
1.454942
1.270954
1.670980
0.908103
1.182297
0.720209
2.360003
2.553238
2.972548
3.719988
2.792549
1.177632
1.693334
2.237902
2.436737
1.974150
1.021571
1.843982
3.783879
1.892767
2.536278
2.098486
1.806230
0.059247
-0.450936
1.392685
1.690899
1.516257
1.802194
1.738921
-0.089232
1.478521
0.841865
1.168224
2.585153
2.197007
2.694165
1.771782
-0.699888
-1.822675
0.678041
2.371120
0.690000
0.350005
1.265583
1.018487
3.515603
1.189754
2.378863
2.286543
2.404768
4.151700
2.618041
0.927199
-0.207367
-2.236409
-0.361256
0.596936
0.899187
3.047447
4.867004
0.914850
1.611391
1.277823
1.176957
2.691241
3.213143
1.623577
0.429869
0.287885
2.896062
2.241274
1.997829
2.920108
2.605400
0.400458
0.767781
1.032353
0.272797
0.837772
1.797259
2.375612
0.685555
0.224488
1.237914
1.423578
1.364678
1.346985
0.879483
0.034516
-0.796807
0.486462
0.076538
0.631519
1.003634
1.829023
2.405739
2.379175
1.820627
1.689201
1.558357
0.690396
1.148055
-0.395461
-2.077287
0.306046
-1.104989
-1.286522
-1.325736
-1.028551
-0.552938
-1.036976
-1.136271
-0.748865
-1.049656
-1.315538
-1.053490
-3.727455
-2.397238
-1.979549
-1.961757
-1.670028
-0.838634
-0.466658
-0.399336
-0.818019
-0.669309
-1.206460
-1.607978
-1.209242
-1.684313
-3.415216
-2.628067
-2.302583
-1.444935
-0.636769
-0.311139
-1.403661
-0.766311
-5.657250
-3.870998
-2.193610
-2.989500
-2.431941
-1.535893
-2.697418
-3.247335
-2.446181
-1.639785
-0.730877
-3.234444
-3.806087
-3.777596
-4.194530
-3.058908
-4.177900
-6.566965
-3.175078
-1.830292
-2.455357
-3.349033
-1.901698
-0.957959
-1.489536
-3.645008
-5.127471
-4.388983
-2.544759
-2.385558
-4.618376
-5.492514
-2.543350
-0.909128
-0.559885
-2.993209
-0.603267
0.591184
-2.637978
-2.112460
-3.871875
-1.867040
-0.671290
-0.799844
-1.720392
-3.335305
-4.715727
-4.259727
-0.372037
-2.913326
-0.653695
0.374462
-3.679945
-3.314890
-3.463527
-1.424176
-1.323427
-0.893924
-0.902887
-2.626410
-5.116055
-2.535168
-1.657756
-2.857472
-0.884465
-0.159501
-2.475936
-2.707406
-2.581940
-1.458349
-1.149707
-0.707765
-1.104293
-3.254724
-4.409773
-2.196718
-2.742770
-2.717981
-1.003000
-0.266512
-2.494820
-2.436341
-2.726125
-2.049722
-0.727204
-0.181121
-1.649431
-3.376719
-4.879014
-2.422920
-2.140198
-2.620301
-1.359761
-0.982531
-2.193760
-2.574736
0.301661
-1.226257
-1.206437
1.197933
-1.180000
-1.902295
-1.429327
-2.334361
-2.846951
-2.383989
-1.341606
-0.692687
-0.530473
-1.997394
-0.354212
-0.794380
-3.710491
-0.766371
-4.343514
-1.159160
-0.783548
-1.331766
-2.564646
-2.384093
-0.960919
-0.357969
0.052743
-0.566570
-2.709793
-5.202124
-5.837831
-3.893479
-5.198741
-1.882285
-0.898236
-1.376254
-3.051186
-1.476840
-1.760102
-1.217636
-0.704948
-1.137274
-1.172592
-1.235190
-1.442822
-1.171306
-0.874808
-0.935128
-1.369113
-1.228014
-2.543179
-5.754960
-5.404871
-4.634581
-4.195879
-4.042069
-4.154775
-3.702050
-3.661222
-3.967911
-3.788012
-3.896158
-4.047994
-5.152285
-7.599749
-0.818355
0.361298
0.416326
0.453873
0.480560
0.051960
0.212752
0.167908
0.011060
0.290013
0.428397
0.676911
1.156205
0.916879
-3.280148
-0.779767
-1.467962
-1.539332
-1.704376
-1.843865
-1.866975
-2.040510
-2.379943
-2.082632
-0.679009
-0.456132
0.641713
-1.937294
-1.924287
-0.671296
-0.121985
0.017051
0.834379
0.203480
-2.074540
-1.192208
-0.237100
-0.188589
0.533094
1.250203
-0.443660
-0.654444
-1.864641
-0.705530
-0.163191
0.367857
1.305020
2.310046
1.434207
-1.461186
-1.456995
0.501796
2.146174
3.599150
0.625758
-0.809592
-1.599200
-0.834753
0.203057
2.391567
3.099442
0.412487
1.395706
1.849051
1.858762
1.963947
1.407411
5.810216
1.560704
-0.174830
-1.719156
-1.081337
0.940460
3.190247
2.383709
1.160493
0.622179
0.114936
-0.349352
0.002326
-0.667035
-0.043609
-0.851834
-0.109879
-1.827051
-1.395275
-0.013549
1.496231
1.158706
-0.532328
0.267658
0.357840
-0.305290
-1.091650
-2.523070
-0.463206
0.336089
-0.139776
-1.675771
-1.554440
-1.048327
2.226216
1.912554
-0.290596
-0.306177
-0.091241
-0.933430
-1.317334
-1.678648
1.802092
1.299101
-0.197206
-1.510181
-1.432128
-1.334167
-1.003632
-0.705484
0.570448
0.670360
0.717577
-0.672223
0.125734
0.776807
0.771451
0.353808
-1.131361
-1.355288
-1.173638
-0.681595
-1.677371
-2.017605
0.540712
-0.057475
-2.025233
-3.390754
-1.025404
0.810558
1.414088
0.147280
-0.302441
-1.520575
-0.813363
-0.457815
-1.084125
-1.605284
-0.538901
-2.998900
-4.526843
-3.487199
-3.284849
-2.827097
-1.464547
-1.425508
-1.278320
-2.318756
-0.805429
-0.372466
-0.677441
-0.772750
-0.644662
-1.657176
-2.696821
-0.859097
-1.716591
-1.227801
-0.799324
-1.127699
-1.552888
-3.336818
-1.600286
-1.095901
-0.953082
-1.332324
-1.810214
-1.046402
-0.478509
-0.384109
-0.806598
-1.445775
-1.250851
-1.458129
-2.413711
-3.006473
-2.039579
0.132129
0.558720
0.338799
0.049448
0.744354
1.203379
0.981826
0.732755
0.348290
0.626178
-0.668703
-1.199329
-0.127875
-0.226229
0.159697
0.208681
0.394901
0.715100
0.882266
0.779498
0.940525
1.046854
0.738109
0.190042
-0.647853
-0.501999
-1.052840
-0.385266
-0.160232
-0.347925
-0.130900
0.083682
-0.023372
-0.464224
-0.408046
-0.245089
-0.029889
0.086564
-0.527615
-1.189852
-0.731108
-0.199954
0.143334
0.282385
0.302033
0.408347
0.237105
1.171114
1.506932
1.477062
0.395132
0.999614
0.265596
0.111994
-0.591933
-0.155246
0.330398
0.396228
-0.196687
-0.238864
-0.070042
-0.321537
-0.512911
0.022593
-0.236715
-0.139385
0.269762
0.490450
-0.610978
-0.115688
0.629244
0.268938
-0.433173
-0.956501
-0.803943
-0.399342
-0.508162
-0.323980
-0.059930
-0.444247
-0.119544
0.815619
-0.523622
0.027619
0.884946
-0.801807
-0.959763
-0.306037
-0.213998
0.160992
0.157022
0.059171
0.656605
0.163809
-0.138473
0.756857
-0.508146
0.151281
1.000675
0.419360
-0.508900
0.080437
0.181437
0.190729
0.085753
0.443914
0.256657
-0.488899
-0.395203
0.101867
-0.518644
0.246135
0.995681
-0.065071
0.100860
0.684257
0.564739
0.235361
0.195869
0.667269
0.318127
-0.216541
-0.349338
0.018454
-0.504284
0.017190
0.838085
0.393047
-0.276180
0.686145
0.855409
0.311389
0.417852
0.638295
0.625518
-0.177798
-0.690638
0.064435
-0.465105
-0.199746
0.026562
-0.308389
-0.774598
0.413917
0.777482
-0.326578
-0.043545
0.257831
0.614996
-0.039807
-0.456227
-0.179616
-0.357582
-0.139990
0.098384
-0.291531
-0.585299
0.190208
0.139815
-0.176590
0.561462
0.224605
0.005789
-0.341662
-0.637964
-0.583025
-0.296697
0.023989
0.260295
0.069600
0.383085
0.220855
0.031640
0.512238
0.652226
0.617700
0.319794
0.401743
-0.310001
-0.203647
-0.294917
-0.367594
0.135578
0.031262
0.283122
0.593884
0.518952
0.307942
0.347558
0.414929
0.387876
0.377627
-0.353318
-0.057255
-0.235509
-0.189713
0.610333
0.680551
0.747215
0.777612
0.847548
0.909353
0.884050
0.729593
0.646624
0.595375
-0.102305
0.023329
0.391293
0.499099
-0.502222
-0.741040
-1.340754
-1.025918
-1.048324
0.393331
-0.691710
-1.880713
-1.542740
-1.052751
0.184927
-1.002010
0.912785
-0.267639
0.997915
1.184528
1.552776
0.530544
0.178464
2.659540
1.073718
0.061287
1.294558
1.444703
-0.184303
0.428866
-0.638218
0.160417
1.096727
0.895955
0.981140
-0.934863
-0.559062
6.424783
2.662712
0.078578
1.229506
0.295663
1.544510
-1.336812
-0.161427
1.630416
1.527690
0.838501
1.370377
0.838950
0.320044
-1.649556
-2.411950
1.051253
1.611819
0.012071
0.188137
-1.175114
-0.069558
1.844175
1.823436
0.470033
2.248199
-0.065641
-2.802418
-2.221928
-0.855449
-2.684055
-1.526390
0.310426
1.510878
0.413406
0.105550
1.323496
0.938055
2.285795
-0.163192
-1.301760
-1.143436
0.308627
1.268517
0.310812
-1.984409
-0.452030
6.482781
-0.275700
0.343808
0.911080
0.933732
4.893731
0.743885
0.049745
0.242782
1.101223
1.496615
1.363476
1.469380
-0.042953
6.367130
0.411536
0.360758
1.385378
-0.132427
1.512622
-0.604075
-2.448101
-0.398166
1.124933
1.291773
1.132419
0.172841
0.275667
3.471799
1.381969
0.012765
1.673462
-0.690989
0.847924
-0.180853
-5.122111
-2.269069
-1.275706
-0.999901
-1.329300
-0.939293
2.867158
4.537281
-0.389640
-0.351457
1.620579
-1.071141
-2.143279
2.332409
-2.355169
-5.086645
-3.617561
-4.076289
-3.600846
1.514188
0.487109
0.034071
-1.296592
-0.567413
1.294384
0.033210
-2.025022
-2.566827
0.686420
-1.735063
0.493145
3.264946
1.242140
1.384831
-1.199508
-1.013287
-0.827756
-0.553094
0.296813
0.797383
-0.080539
-1.153528
-2.445621
1.913083
3.883571
2.139486
-0.034567
-1.536716
-1.323771
0.816615
-0.425694
0.287713
-0.541215
1.049238
0.885734
1.023429
0.560050
-0.435385
-1.788821
-1.500495
0.646754
0.096375
0.920998
0.203830
-0.342171
-4.675797
-3.772199
-2.663912
-2.125466
-1.673497
-1.251700
-0.876670
-1.394989
-1.422858
-1.302581
-1.391185
-1.890401
-3.942898
-6.778523
0.398462
-0.347865
-0.396623
-1.150132
-1.337056
-1.499756
-1.336066
-1.287853
-1.591093
-1.291837
-1.310288
-1.022006
-0.875858
-0.018005
-0.527697
1.421662
1.183133
0.183292
0.107576
-0.173898
-1.793257
-2.872229
-4.189535
-3.134890
-0.462098
-0.072587
0.206786
-1.766565
-1.002831
0.990522
0.277005
-0.842521
0.038870
0.334902
-0.915296
-0.074580
-1.189821
-1.365332
-0.544379
-0.305917
-0.529886
-1.654653
-1.544663
0.203236
-0.508359
-0.323979
0.629448
-1.335007
0.552496
0.679178
0.804126
1.341067
-0.245939
0.693074
0.150444
-1.637334
-1.771692
-0.154431
0.037062
0.163251
0.339842
-0.614249
0.741900
2.869821
3.561568
2.157394
2.086451
1.148133
0.735457
-1.979823
-1.813887
-0.060100
0.713367
2.286719
1.702706
-0.468450
0.393040
1.477047
1.525086
1.439746
1.111362
-0.536816
1.004221
-1.855052
-1.820998
0.238578
1.172288
1.493110
0.720178
0.461277
0.061489
1.021916
1.413051
1.424207
0.298389
1.242018
0.503010
-2.146766
-1.673354
-0.223688
0.228535
1.143986
1.741375
1.426800
0.024195
0.598330
1.271835
1.089687
1.323344
0.600420
-0.830425
-2.875280
-1.559480
-0.109612
0.059829
0.619547
1.744911
1.488736
1.476551
2.022803
2.256374
2.907551
2.098558
-0.313908
0.147390
-2.425651
-1.367774
0.424502
-0.730367
-0.148369
0.563764
2.026038
2.750678
4.245258
3.877406
3.787753
2.015295
1.106336
0.439167
-2.103979
-1.135283
1.048955
-0.519611
-0.705445
0.447498
1.127928
2.564765
3.659985
1.901772
-0.221582
0.470730
1.350718
-0.864316
-2.134377
-1.065645
1.203508
0.402414
-1.076009
-0.658545
-0.372592
0.510715
0.579568
-0.125931
-0.772380
-0.242973
-0.126752
-0.720070
-2.029803
-1.393626
0.298975
0.722897
-0.107026
-0.354774
-1.090178
-1.861155
-0.037945
-0.443485
-0.397188
-0.079364
0.415714
-0.512886
-2.199070
-0.513319
-0.138588
0.372227
-0.108484
-0.115675
-0.519373
-0.417675
-0.322505
-0.009016
0.121456
-0.384561
0.174939
0.010534
-0.420908
1.496525
0.226017
0.808330
0.728862
0.884771
0.895809
0.906193
0.461062
0.427323
0.911289
0.926033
1.024212
0.422041
1.246395
0.625720
-0.311211
0.437172
0.148996
0.249472
0.552750
0.959092
0.514423
0.255159
0.827166
0.689830
0.676687
0.180236
0.457602
1.041694
0.868761
0.983933
0.877764
1.384455
1.066024
0.683096
-0.390762
0.205093
1.365713
1.358616
1.561003
1.335535
1.466692
0.913546
0.997838
0.870540
0.875769
0.745758
0.864084
0.117181
-0.076570
0.259749
0.164634
0.674231
1.722955
2.131560
1.829180
0.975405
0.881540
0.682019
0.718560
-0.193769
0.657751
0.742671
0.754652
0.294066
1.201560
1.253597
1.226928
1.486150
0.849408
1.044880
0.986650
0.798522
-0.211035
-0.549303
1.005118
1.542384
1.862543
1.597582
1.578475
1.416613
-0.519889
1.008335
1.114245
0.994997
0.740250
0.148402
-1.874290
-2.204095
0.266484
1.422858
1.963359
1.908763
1.449666
1.313268
0.148532
1.446467
1.104670
0.945365
0.514447
0.050716
-0.125326
0.343005
1.232522
1.452022
1.934864
1.885058
1.725236
1.752866
1.621395
2.670713
1.023319
0.985978
0.554536
0.471961
0.450211
1.739240
1.874567
2.087729
2.234437
2.067958
2.409760
2.394406
1.324437
2.125838
1.251227
1.018155
0.590991
0.528407
0.949258
0.321223
0.551945
1.138598
1.200904
1.081760
2.142866
1.679080
1.922788
1.590275
1.158421
1.078305
0.824824
0.751411
0.702093
0.504824
0.410382
0.302455
0.062006
-0.174948
0.601959
1.138726
1.402521
1.390549
1.058761
1.366097
0.935438
1.144271
0.962726
1.047307
0.626015
0.610791
0.249842
-0.407308
0.231633
1.094252
1.833177
1.053330
1.137813
1.343284
0.939867
1.301096
0.976209
0.886099
0.853913
0.513044
0.484486
0.375696
0.063456
0.681423
1.012699
0.746113
0.917325
1.394044
0.242536
0.805892
0.901786
0.953708
0.912651
0.810502
0.731253
0.779136
0.860736
0.979106
0.937787
0.488613
0.870004
-2.672907
-1.646706
-0.541004
-0.541386
-0.506190
-0.725887
-0.114845
0.103946
0.079252
0.117137
-0.601847
-1.172085
-2.099262
-1.588656
-1.688118
-1.801179
0.006655
-0.396546
-0.569286
-0.416821
-1.113870
-2.088532
-2.002092
-1.529614
-1.198771
-0.857384
-2.118556
-1.093968
-1.230321
-1.376154
-0.071970
-0.396878
-1.196470
-2.693758
-3.316325
-3.470987
-1.591462
-2.616584
-2.382519
-1.654120
-1.767334
-0.480787
-1.046513
-1.260178
-0.876554
-1.193352
-1.989718
-2.535798
-0.155319
-0.439881
0.005055
-0.148652
-2.195226
-2.121001
-3.281074
-0.867248
-1.131451
-1.260587
-1.036447
-1.005389
-1.328059
-0.591971
0.026332
0.658249
0.233429
0.509837
0.036862
-1.073052
-3.306950
-1.624484
-1.492484
-1.375842
-1.070106
-1.351888
-0.731811
-0.604913
0.405717
0.649002
0.269881
0.344796
-0.486544
-0.050977
-3.680092
-1.054216
-1.568087
-1.573830
-1.057462
1.378747
1.719720
-1.231557
-1.127454
-0.274460
-0.235793
-0.246419
-0.863129
-0.387640
-1.320857
-1.393646
-1.546802
-1.479010
-1.463596
-0.772736
-0.687560
-0.788566
-0.724963
-0.920011
-1.014650
-0.536937
-0.706408
-0.902836
-1.464648
-1.871431
-1.437815
-1.642387
-1.051878
0.027492
-1.234077
-0.931077
-0.263077
0.032845
-0.531217
-0.451338
-0.716656
-1.246090
-2.782099
-1.091582
-1.456237
-1.821625
-1.552968
-1.267636
-0.538604
0.602913
0.384942
-1.278008
-1.467927
-1.441938
-0.806290
-1.194852
-3.168767
-1.099295
-1.559225
-1.877880
-1.381472
-1.478240
-1.505153
-0.635335
1.089252
0.721287
-1.293733
-1.433065
-2.319245
-1.388548
-2.144709
-0.785766
-1.517878
-1.905899
-0.964439
-1.180592
-1.157311
-1.284169
-0.486283
-1.498602
-2.024594
-1.318592
-0.747914
-0.604621
-2.050567
-0.632907
-1.479718
-1.907253
-0.714294
-1.109508
-1.232561
-0.915547
-0.391492
-0.925026
-1.394146
-0.555754
-0.577905
-0.498403
-1.190339
-0.541514
-1.596008
-1.659427
-0.832726
-1.133867
-1.055835
-1.048318
-1.020209
-0.813948
-0.700626
-0.843623
-1.046766
-0.963087
-1.699834
-0.992410
-2.290861
-0.536646
-0.705843
-0.473759
-0.424344
-0.418559
-0.389606
-0.662651
-0.696036
-0.448549
-0.654683
-0.633986
-0.461014
-1.659693
0.189852
0.416361
0.600555
0.524579
0.333730
0.569060
0.258209
0.140798
-0.047881
0.686163
0.348944
0.107876
-0.326767
-0.534863
-0.211164
0.373707
0.503448
0.668137
0.714017
1.344253
1.142023
2.394222
1.180300
0.529058
-0.251924
0.490663
0.576240
-0.779588
-0.355786
-0.002642
0.076759
0.195911
1.584993
1.804816
2.207526
-0.024571
-0.135868
0.869321
1.671334
-0.025574
-0.436104
-1.491573
-0.335748
-0.361572
-0.085293
0.320611
1.139690
1.151402
0.945976
0.581290
0.216135
0.413852
0.413694
0.664318
-0.307890
-1.448133
-0.671449
-0.819568
-0.298617
1.386893
1.737288
1.264768
0.725231
0.706969
0.567337
0.435806
-0.329369
1.620791
1.359482
-1.734299
-0.807058
-0.898085
-0.925432
2.176460
2.340974
1.403407
0.801026
0.733712
0.491314
0.254357
-0.105946
0.769585
-1.243618
-1.914531
-0.667770
-0.476954
-1.096280
-0.624396
1.514256
1.877219
0.407287
0.317270
0.089027
-0.034186
0.072785
0.918989
-0.945547
-1.010922
-0.491723
-0.178556
-0.636163
-0.209641
2.147845
1.620324
0.546960
-0.016447
-0.063543
0.309600
1.109640
2.695273
0.054989
-0.931879
-0.445070
-0.036538
-0.611184
-1.219298
0.010611
1.512584
0.587430
0.010888
0.947939
1.681770
2.475048
0.765150
-1.387030
-1.005259
-0.551142
0.034424
-0.290112
-1.185311
-1.512890
-0.340117
0.548707
0.988338
1.284122
2.000518
0.818597
-1.349676
-1.738890
-0.986045
-0.672058
0.273225
0.312963
-0.180474
-0.911117
-1.000362
-0.251633
0.740330
0.189888
-0.470327
-0.573013
-1.015942
-0.377983
-0.770148
-1.043742
0.046520
0.913283
1.032901
0.828436
-0.243370
-0.714123
-0.257617
-0.347004
-0.356951
-0.229624
0.580469
0.259509
-1.019356
-2.300945
-0.436569
0.129364
0.120931
0.240738
0.113684
-0.351186
-0.769729
-0.869511
-0.627336
-0.376399
0.311653
-0.101687
-1.981080
-0.404158
-0.192281
0.846576
0.828853
0.914829
0.891217
1.017761
0.900366
0.804051
0.906356
0.986360
0.702714
-0.405079
0.000445
-0.601950
-0.340335
0.023592
0.168121
-0.150550
-0.634133
-0.478423
-0.128379
-0.797124
-1.375721
-0.923486
-0.491083
-0.893663
-1.357302
0.452290
-0.075113
0.364122
0.482443
0.378251
0.128687
0.276750
0.964162
0.528397
-0.014799
-0.369062
-0.608883
-1.178531
-0.126975
0.753969
-0.207270
0.181850
0.233235
-0.418547
0.530487
1.216110
0.371491
0.405330
-0.015001
-0.798550
-0.181879
-1.056108
-0.000597
0.843774
-0.212180
0.105450
-0.098918
-0.015693
-0.220989
0.214571
1.120019
1.084445
0.137103
-0.001817
-0.274221
-0.871391
-0.425166
0.904261
-0.070876
0.142874
-0.684868
-1.036492
-0.144623
0.913056
1.013761
0.969464
0.567278
0.687239
-0.236517
-0.610787
-0.767440
0.888105
0.100369
0.293288
-0.535888
-1.291453
-0.156590
0.670117
0.789608
0.733358
0.602946
0.954462
0.075977
0.518595
-0.884777
0.905741
0.039679
-0.034803
-0.271090
-0.569853
-0.335857
0.510678
0.692010
0.662265
0.537886
0.420608
0.019745
-0.006215
-0.927595
0.983149
0.007367
0.033466
-0.456351
0.238509
-0.242699
0.503689
0.786915
0.815338
0.475959
-0.227220
-0.498556
-0.461281
-0.801406
1.034234
0.096668
0.411388
0.191167
-0.673811
0.740900
0.629800
0.465186
0.771745
-0.211964
0.316272
-0.118305
-1.278429
-0.657340
1.002274
0.246963
0.864081
0.865802
-0.217262
0.868134
0.219663
-0.191451
-1.094686
-0.289970
0.196918
-0.629535
-0.954969
-0.344658
0.832148
0.211887
0.826478
1.110596
0.631573
0.086358
-0.118141
-0.112469
-0.710106
0.443219
-0.112912
0.468579
-0.737867
0.091871
-0.096094
-0.852289
-0.011827
0.160131
0.205468
0.059126
-0.110257
0.315317
-0.040678
0.236757
0.087628
-0.096722
-0.788352
-0.356141
-0.714648
-1.084172
0.017216
0.338879
0.300709
0.334919
0.398593
0.444424
0.374460
0.352442
0.180461
-0.076756
-1.174479
-0.593712
-0.299584
0.567679
0.653060
0.619605
0.570839
0.712801
0.281671
0.559270
0.554517
0.467842
0.733727
0.801733
0.268928
-0.544524
0.010604
0.382627
0.677275
1.301797
1.437121
1.005574
0.372416
0.718090
0.252992
0.462818
1.456799
1.403885
0.622548
-0.057232
0.760099
1.142411
0.715444
0.915558
0.314990
-0.479187
-0.582777
0.996612
0.268933
0.387100
-0.402940
-0.131505
1.548923
0.129974
0.955177
1.380626
0.774324
0.402586
0.041149
0.999903
0.628302
-0.923197
-1.252345
-0.315107
0.303645
0.112985
1.070883
-0.054595
1.018342
1.368050
0.451897
-0.211345
0.847550
0.481991
-0.345414
0.044817
0.330219
-0.204641
-0.688963
0.549789
0.767158
0.016649
0.953242
1.157963
-0.196845
-0.361636
0.479363
0.161503
0.593322
0.475634
0.722690
0.449459
-0.464379
-1.095156
0.069808
0.167786
1.030276
1.335024
0.302156
-0.224726
0.162322
0.037551
0.756638
0.748594
0.801158
0.632388
0.684418
0.075247
1.086251
0.581766
1.047468
1.403846
0.192162
0.558977
0.353079
-0.759310
0.290198
0.990376
0.995586
0.558042
0.174212
0.237143
1.674906
0.431568
0.928480
1.430863
0.155514
-0.030054
0.457418
-0.597282
-0.473700
0.116046
0.314378
-0.517359
-1.314317
0.297291
1.422469
0.041446
0.761094
1.404546
0.646363
0.002228
-0.017438
-0.985141
-1.275550
0.328775
0.371858
-1.148179
-0.330697
0.814126
1.026289
-0.100887
0.652548
1.193308
0.603230
0.469913
-0.752128
-0.361647
-0.992990
-0.497576
0.629053
-0.468618
1.008775
0.279566
1.030137
0.498284
0.691882
0.857371
0.423825
0.764045
-0.029793
-0.769411
-0.328111
0.320132
0.510709
-0.709855
-0.014014
0.315022
1.710572
0.584530
-0.471740
-0.221297
0.078495
0.585374
0.677762
0.121843
-0.808199
-0.769058
-0.964421
-0.417647
0.118444
0.424377
-0.009818
-1.170334
-0.757550
-0.741075
-0.760740
-0.577514
-0.440176
-0.305305
-0.596586
-0.888792
-0.880449
-0.661908
-0.437985
-0.620267
-1.309764
-1.479982
0.569088
1.049777
0.616337
0.603751
0.612088
0.664353
0.500601
0.525930
0.496555
0.453834
0.588305
0.607211
0.589204
0.704743
0.631780
-0.004329
-0.141142
0.238664
0.365943
0.341805
0.140913
0.138527
-0.163615
-0.028193
0.398196
0.607701
0.420437
0.322667
0.213647
-0.213580
-0.399153
0.100758
0.182914
0.382316
-0.133345
1.178116
0.501750
0.297895
-0.012562
0.554125
0.897242
0.349660
0.234322
0.074180
0.098584
0.339338
-0.096381
0.208114
0.456525
0.933791
0.963515
1.437552
0.658353
0.018516
0.734563
0.727736
0.202880
0.063794
0.126908
-0.083879
-0.022293
0.307812
-0.016237
-0.195103
0.367877
0.326328
0.299549
-0.484631
0.489819
0.751431
0.155943
0.079307
0.197374
0.002368
-0.170754
-0.489219
-0.209824
0.427359
0.585295
0.461358
0.397540
0.623227
0.325560
0.726296
0.122583
0.102052
0.533622
0.411823
0.541419
-0.124969
0.343061
0.553646
0.501752
0.907715
0.880958
0.457026
0.151829
0.886650
0.100636
-0.076018
0.256188
0.143631
0.221592
-0.025250
0.337405
0.582391
0.655403
1.094579
0.952383
0.416660
0.474349
0.680897
0.080815
-0.158065
-0.266971
0.015363
0.171319
-0.296355
0.453270
0.593050
0.753772
1.057027
0.683253
0.204966
0.109711
0.448653
0.085267
-0.136457
-0.336412
-0.180999
-0.462002
-0.701762
0.212460
1.290400
1.226177
0.834699
0.018853
-0.352248
-0.229107
0.097116
0.079859
-0.121548
-0.240841
0.062416
-0.129837
-0.282375
-0.043070
1.640247
1.785261
0.455006
-0.001461
0.364907
0.204662
-0.061231
0.070522
-0.135084
-0.464516
-0.107513
-0.111656
-0.169337
-0.618986
0.614050
0.967721
0.321714
0.042396
0.156319
0.161756
0.067209
0.347381
-0.132911
-0.306497
-0.222934
-0.172035
-0.096941
0.006051
-0.514635
-0.409220
0.011095
-0.161042
-0.105306
-0.008817
0.017581
-0.301928
-0.096331
-0.251201
-0.371757
-0.506595
-0.504299
-0.476633
-0.592113
-0.718608
-0.668360
-0.458021
-0.363653
-0.428221
-0.090152
3.609236
2.308741
1.340812
1.415390
1.859442
1.567977
1.772859
0.699103
0.679206
1.231919
1.468081
2.099573
2.909378
4.322125
3.378776
1.697713
0.601940
0.253860
0.614071
0.600764
-0.128523
-0.555984
-0.907119
-1.382622
-1.014093
0.084270
1.935854
3.506097
2.171730
1.153996
0.166096
-0.685747
-0.861006
-0.724089
0.022814
2.253099
0.355696
-2.015669
-0.641049
0.589218
1.460183
2.823817
1.630485
0.633195
-0.456110
-1.291995
-0.391222
0.141266
0.768559
2.619993
3.413975
1.079768
1.691846
-0.278017
0.196699
2.303822
1.599665
0.667091
-0.791737
-0.268118
-0.873789
-0.560740
1.349210
2.934657
4.076080
3.746270
1.975403
-1.001637
-0.818392
1.396280
1.192120
0.180948
-2.606186
-1.408628
-2.023483
-0.155268
0.156355
1.303932
2.208650
1.860900
0.425829
0.212643
2.501729
1.133721
1.121793
0.682695
-0.614149
0.768035
-1.540577
-0.524463
0.141873
1.471149
2.058308
1.213679
-1.861107
-1.670472
0.650278
1.379965
1.108048
0.500184
-1.122903
-0.902290
-2.299978
1.835296
0.380395
0.102051
0.647255
0.663888
-0.343304
-2.399117
0.575933
1.957046
1.125114
0.825474
-0.211517
-2.015820
-3.646130
-0.546581
-0.534010
-0.603796
-0.315773
1.091045
-0.780284
-2.073689
0.539364
3.796321
1.141533
0.326664
-0.143854
-1.203261
-2.727337
-3.777605
-3.288004
-3.882214
-4.058964
-1.888465
-3.135809
-1.553308
2.299895
4.328247
1.342070
-0.077772
-0.669628
-0.309437
-1.641750
-5.641032
-2.470762
-0.133045
-1.935139
-1.150034
-4.005510
-2.697407
0.822706
2.481018
1.928314
-0.095674
-0.884095
-0.893164
-0.359499
-2.696569
-1.224126
-1.488094
-3.825485
-0.966187
-0.947338
-0.914660
0.837920
2.168359
2.328148
0.171499
0.241631
-0.449833
-0.324557
-0.552666
-0.212368
0.223779
-0.188800
0.468219
0.636773
0.755847
0.076067
1.737819
1.797194
0.779696
0.793568
-0.151362
-0.165963
-0.750999
-0.718559
-0.551254
-0.477028
-0.557338
-0.643834
0.530608
1.102582
1.331349
-4.098763
-4.863076
-3.867751
-3.565999
-3.779123
-4.695417
-5.190980
-4.807194
-4.423075
-4.323126
-3.671701
-3.794356
-4.146070
-3.237415
-3.948352
-0.507252
-0.430419
-0.599283
-1.705294
-2.912982
-1.568835
-1.393593
-1.716331
-1.412078
-0.970963
-0.682302
-0.391277
-2.661370
-3.814733
-0.086761
-0.176398
-0.697077
-1.869446
-2.247037
-0.649445
-1.910773
-3.254099
-2.683187
-4.250319
-0.916843
1.200230
-3.427620
-3.165053
0.235749
0.086326
-0.615474
-1.062310
-1.852464
1.769792
0.688358
-0.940269
-0.257648
-2.140200
-0.643558
1.457714
-4.180345
-2.713712
0.010640
0.109135
-0.527878
1.233807
2.004703
3.491344
3.498639
3.851611
2.704065
3.278018
2.861892
0.517339
-3.865602
-2.864161
-0.429702
-0.471724
0.225571
2.401408
3.100806
2.663366
2.113332
1.456382
0.651978
3.939307
3.815372
0.258252
-3.344564
-2.902833
-0.086083
-0.295421
0.809926
2.994673
3.128183
2.334651
1.947104
1.179631
0.332129
1.738283
2.224014
2.481604
-3.273149
-2.777245
-0.006656
0.321568
1.271454
1.476190
2.173862
2.213699
1.513219
0.599957
-0.236495
1.600104
2.432632
1.154534
-4.001556
-2.772430
0.276837
-0.139999
0.672727
-0.065623
-0.243984
1.787208
0.816478
-0.176147
-0.288292
0.884317
1.713899
0.976215
-4.761841
-2.909306
0.390713
0.201362
0.435220
-0.809999
-0.871336
-0.254691
2.583776
2.033071
-0.435523
-0.500417
0.002199
0.633451
-3.970654
-3.287675
0.235255
0.494054
0.177407
0.581416
1.025822
-2.405046
-1.515029
-0.606780
-4.706850
-1.416779
1.155857
1.949878
-3.199552
-3.705327
-0.073249
0.516605
-0.246086
-0.492088
0.144820
-1.218718
-2.015923
-1.892436
-3.908188
-1.057141
1.377887
1.997235
-3.232641
-4.645044
-0.827193
-0.119441
-0.422154
-1.155982
-1.900313
-1.337714
-1.093336
-1.779902
-1.713662
-1.428808
-0.323064
0.294905
-3.718823
-5.522071
-3.551748
-3.077907
-2.659045
-2.819234
-3.170964
-3.510497
-3.516323
-2.829923
-2.453359
-2.649752
-2.727221
-2.092809
-4.906607
0.742221
0.020556
-0.255353
-0.307100
-0.225693
-0.348706
-0.389392
-0.368317
-0.397752
-0.510613
-0.551283
-0.441696
-0.777063
-0.117443
0.062126
-0.541608
-0.459021
-0.367909
-0.440144
-0.648058
-0.582622
-0.394394
-0.184455
-0.441126
-0.464408
-0.491360
-0.425494
-0.763592
0.080016
-0.543329
0.238994
0.054921
-0.245733
-0.253010
-0.074945
-0.690127
0.196003
0.291910
0.365877
0.018800
-0.654330
-0.645453
0.082870
-0.407143
0.409931
0.083302
-0.420064
0.381158
1.010068
1.066788
1.183665
0.527184
0.411314
-0.080983
-1.058989
-0.668327
0.116078
-0.199562
0.413968
0.051565
0.407763
1.277475
1.358944
0.932926
1.253188
1.518938
1.495428
0.925890
-0.633901
-0.248179
0.086534
-0.250558
0.319582
0.186119
0.577205
0.364116
0.284744
0.291626
0.444731
0.709926
1.051787
0.147305
-0.100906
-0.383163
0.099638
-0.293812
0.491706
0.031306
0.322281
0.314579
0.410339
0.415556
0.411485
0.452984
0.969768
0.181131
-0.023017
-0.159645
0.055390
-0.235076
0.912928
0.526044
0.788346
0.467593
0.453174
0.379895
0.429447
0.617375
0.811453
0.463447
0.345623
0.096306
0.020895
-0.277243
0.808922
0.424933
-0.268849
-0.016546
0.282360
0.159247
0.380480
0.532180
0.670865
-0.628705
-0.709743
-0.267265
0.010616
-0.374429
0.665516
0.947741
-0.816252
0.801376
0.150284
0.088598
-0.022530
0.391419
0.381445
0.038231
-0.966214
-0.001509
0.044747
-0.473383
0.723583
1.289391
1.362619
1.076129
0.975445
0.447671
0.436484
0.809033
0.575922
0.690580
0.506945
-0.062325
0.288171
-0.308916
0.827901
1.044175
1.285350
1.100511
0.909669
0.728081
1.623127
1.613531
0.832480
1.044791
0.281890
-0.144398
0.490136
0.309114
0.810147
0.787566
0.826237
0.935590
1.375104
1.328861
1.512856
1.282264
1.111143
0.748080
0.497466
0.097887
0.828471
0.676112
0.754625
0.574269
0.575318
0.710248
0.824204
0.851004
0.874566
0.891229
0.882144
0.765823
0.465474
-0.028832
-1.592217
-3.236745
-2.034029
-2.126547
-1.805312
-1.270278
-0.810815
-0.883763
-0.762978
-1.370452
-1.734623
-1.245322
-1.321347
-0.375207
-1.696118
-1.446867
-2.136214
-1.920543
-1.814228
-1.935061
-1.997612
-5.129992
-5.099238
-4.172904
-2.624850
-1.891214
-1.108513
1.773547
-0.944120
0.011934
-0.828261
-1.387377
-3.521317
-3.744704
-2.077466
-3.232358
-1.688270
-2.695415
-5.879691
-2.750542
-0.947493
1.896411
-0.667097
-0.240330
-0.869687
-2.100813
-3.884286
-0.100326
2.371845
-4.734915
-4.487970
-3.289840
-2.613476
0.522799
-0.676346
1.468586
-0.514706
-0.009649
-0.801048
-1.314136
2.182496
-1.051235
-2.283277
-2.983230
-3.175114
-2.090962
-0.256861
2.232741
-0.073451
0.408556
-0.759384
-0.425962
-1.556093
-0.590779
1.367575
0.969724
-0.945414
-2.112021
-2.429378
-1.508615
1.226990
-1.529376
-2.775198
1.156777
-0.734621
-0.354955
-1.722812
-3.660291
-2.954059
-0.009953
-1.143157
-2.202308
-3.079466
-2.575269
-0.427556
-0.188120
1.088284
0.930379
-0.736086
-0.488961
-0.661595
3.213596
5.173364
-0.688924
-1.574875
-2.585114
-3.131558
-2.325746
-0.119321
1.603819
1.029227
0.937074
-0.886834
-0.217033
-0.487640
-0.163251
1.045900
-0.565703
-1.443589
-1.997715
-1.847881
-1.754424
-3.746210
-4.168442
-2.553894
0.900373
-1.167483
-0.387145
-0.898903
-2.178600
-3.959142
-2.458329
-3.606287
-2.976687
-3.098147
-3.552761
-1.605270
-2.758301
-2.654713
1.303918
-1.447869
-0.994710
-2.493545
-4.135856
-3.140247
0.545653
-2.338606
-4.197483
-1.998060
-0.842305
-0.400101
-2.630850
-2.666667
0.924612
-1.511957
-1.111303
-2.371859
-3.655292
-3.089580
-0.784615
0.203301
-1.922283
1.721287
0.830366
-1.359529
-2.173570
-1.044883
1.220015
-1.218911
-0.173056
-1.787263
-2.488222
-2.028887
-2.719224
-3.319097
-2.504860
-2.263008
-2.575290
-2.471853
-1.631196
-1.056050
1.192516
0.887035
0.966179
-0.302810
-0.547810
-0.205626
-0.016512
0.075741
-0.230333
-0.187578
-0.155543
-0.052224
0.269526
0.913978
2.355896
-1.702742
-1.332232
-0.724409
-0.553961
-0.545274
-0.638622
-0.656280
-0.774169
-0.825778
-0.855071
-0.758569
-0.855185
-1.121703
-1.357785
-0.814029
-0.401753
-0.103972
-0.277816
-0.448005
-0.686454
-1.008909
-0.951791
-1.045551
-1.249680
-0.831458
-0.711589
-0.738361
-1.148607
-0.388220
-0.171259
-0.736124
-1.014477
-0.890745
-1.245027
-1.996444
-0.425701
-0.519167
-1.479229
-1.641472
-0.942003
-0.961782
-1.122821
-0.320329
-0.394541
-0.697696
-0.794392
-1.060746
-1.586293
-1.520054
-0.030746
0.019322
-0.386084
-1.418011
-1.609107
-0.910494
-1.076629
-0.227220
-0.386930
-0.717366
-0.975754
-1.505383
-1.397928
-1.150412
-0.864193
-0.716701
-0.731786
-1.323559
-1.692684
-1.902345
-1.524520
-0.211041
-0.451985
-1.137280
-1.700390
-1.082978
-1.045190
-0.726163
-0.836374
-0.723871
-0.433685
-0.873028
-1.028102
-1.362784
-1.862119
-0.176658
-0.361515
-0.933633
-0.289627
-0.234366
-0.974934
-0.876888
-1.052643
-0.909698
-0.721295
-0.755378
-0.584024
-1.466927
-2.033451
-0.191605
-0.432815
-0.480538
-0.944131
-1.116436
-1.131064
-0.832367
-1.173817
-1.078217
-0.838558
-0.877477
-1.534209
-1.699421
-2.291568
-0.256513
-0.590314
-0.611058
-0.811432
-0.694461
-0.623306
-0.607200
-0.919508
-0.812641
-0.635240
-0.717952
-1.102937
-1.238562
-1.793016
-0.352528
-0.594162
-0.713956
-0.818850
-0.977761
-0.649318
-0.907332
-0.964269
-1.185068
-0.955859
-1.616562
-1.067537
-1.065888
-1.245831
-0.437955
-0.558813
-0.899139
-1.083251
-0.884407
-1.084746
-0.427595
-0.585869
-0.473392
-1.388317
-1.289061
-1.470834
-1.059557
-1.098023
-0.348025
-0.413725
-0.805477
-1.030824
-1.029175
-1.030617
-0.921548
-1.209242
-0.398939
-0.763147
-1.233161
-1.346828
-1.009365
-0.727740
-0.782888
-0.366117
-0.354265
-0.505450
-0.594833
-0.709604
-0.914241
-1.103234
-1.034438
-0.862632
-0.696972
-0.683234
-0.661844
-1.065858
-2.217583
-1.960569
-1.254658
-1.034755
-1.010615
-1.219651
-1.304825
-1.407963
-1.432743
-1.338205
-1.353335
-1.437384
-2.083529
-2.104534
-1.366570
-0.762196
-2.333638
-2.325742
-2.364128
-2.067707
-3.062654
-2.937450
-2.869167
-3.093590
-2.500521
-2.166750
-1.465575
-2.879344
-2.423019
-1.198256
-2.016388
-1.428579
-1.181192
-2.094804
-2.008102
-0.485546
-0.794117
-2.696676
-2.101210
-1.391228
-0.562742
-2.051393
-2.472232
-1.056192
-1.343503
-0.466646
0.526852
-0.225236
-0.956312
1.008741
-0.350897
-2.275488
-1.907534
-1.493397
-0.242131
-2.714674
-2.362762
-0.507082
-0.453619
-0.180395
-1.530549
-2.183545
-0.625363
1.694097
0.132466
0.441652
-0.701040
-3.119023
-1.520457
-3.263053
-2.069571
0.181566
-0.042598
-0.533294
-1.802031
-0.372267
-0.145413
-0.574595
-0.121710
-0.115466
-0.090086
-1.158723
-0.589094
-1.746521
-2.133856
-0.501210
-0.972945
-0.967176
1.195363
-1.200372
-1.845072
-1.863751
-1.297467
-2.397937
-1.783440
-0.055845
-0.942548
-3.654423
-2.012458
-0.636530
-1.115925
-0.986297
3.706696
-0.921929
-1.405034
-1.176682
-0.724357
-1.278046
-1.267900
0.239560
0.752965
-3.596002
-1.955900
-0.272698
-0.599938
0.686993
0.968529
-1.408700
-1.169656
-0.824925
-0.760266
-1.096706
-1.764709
-1.621156
0.286222
-2.966571
-2.015049
-0.207881
-1.278251
0.394643
0.663379
-2.600750
-3.009032
-2.649966
-2.533019
-3.326496
-2.136243
-2.011259
0.809878
-3.364513
-2.091035
-0.322503
-0.734884
-1.047738
-1.910585
-0.944648
-0.385105
0.228556
-1.362994
-1.916822
-1.687952
-2.785439
-2.147368
-3.175732
-2.257850
-0.648538
-0.668090
-0.083139
-0.948031
-1.333144
1.852923
1.157354
1.667297
-0.315724
-1.687607
-2.273983
-0.217512
-2.114773
-2.980103
-1.088666
-1.450508
-0.586170
-1.270806
-0.951756
-1.359653
0.090770
1.705163
-0.365616
-1.176644
-1.529167
-0.090022
-2.354589
-2.991543
-2.146954
-2.538089
-1.153081
-1.398953
-1.314412
-1.999455
-2.002977
-1.445152
-1.562882
-1.129510
-2.323563
-1.420866
-2.793893
-4.936903
-3.955124
-3.512478
-2.817187
-3.062108
-3.045435
-3.366970
-3.670839
-3.540338
-3.266074
-2.857489
-3.199142
-3.771368
-4.613012
-0.446597
0.482539
0.091004
0.070128
0.192731
0.271356
0.371941
0.229879
0.264974
0.508735
0.334286
0.111839
0.175815
-0.226868
0.113758
-0.119605
0.077736
0.149656
0.289429
0.126539
-0.351841
-0.959985
-0.857715
-0.703780
-0.311786
0.003101
0.082396
-0.013262
0.160324
-0.062286
0.035982
0.221848
0.209949
-0.478547
-0.427962
-1.538703
-1.392751
-0.999503
-0.927094
-0.304245
0.172601
0.305979
0.348950
0.158132
-0.002282
0.393360
-0.915552
-0.848190
-0.120877
0.249545
0.075640
0.019767
-0.554623
0.013016
-0.154270
0.156497
0.376719
0.052586
-0.160933
-0.194026
-0.610803
0.129293
0.073394
0.543444
0.497104
0.346482
0.422838
-0.088267
-0.895083
-0.841992
0.351680
0.117808
0.128917
-0.502986
0.651325
0.908525
0.839948
0.584236
0.604916
1.022928
0.852587
0.642570
-1.651145
-1.068400
0.325776
0.082559
0.370748
-1.435604
0.226073
0.369785
0.568587
0.514914
0.701845
0.881592
0.916901
0.586222
-1.540881
-1.009119
0.314637
0.097259
0.031761
-0.351263
0.304459
0.459024
0.602037
0.588955
0.796869
0.994895
0.877247
0.214563
-0.171476
-0.551123
0.399058
0.160003
-0.118887
-0.736555
-0.692021
0.268308
0.512210
0.578884
0.766857
1.037687
0.386318
-0.800133
-1.462139
-0.525826
0.442461
0.149698
-0.014219
0.294281
-0.734162
-0.079552
0.050477
0.260954
0.779786
0.160242
0.175500
0.329486
-0.665288
-0.258776
0.383034
0.105730
0.147338
0.642912
0.261548
-0.210999
0.176801
-0.624692
-0.640102
0.348772
0.289133
0.033775
0.157900
0.149357
0.174624
0.013632
-0.031582
0.297217
0.643993
0.284180
-0.470244
-1.604669
-1.813203
0.047616
0.477206
0.457869
-0.114033
0.128165
-0.047258
-0.212988
0.098032
0.119007
0.150195
0.620664
0.711302
0.237498
0.152911
0.948419
0.771339
0.217179
-0.257164
-0.273696
-0.787524
-0.668022
-0.281430
-0.342182
-0.392788
-0.293287
-0.295239
-0.177662
-0.258656
-0.360872
-0.341625
-0.311492
-0.919836
-0.622701
2.856844
-0.916331
1.063861
1.186702
1.908469
2.455489
2.052129
1.675601
0.983234
1.056373
1.403385
1.772207
0.611827
3.315257
-3.565709
-3.693734
-1.631720
-1.888087
-0.849664
0.291420
-0.857555
-2.921072
-3.603391
-2.107325
-1.359617
-1.373854
-1.966394
-3.816885
-0.989384
-2.208395
1.217106
1.585871
1.322373
0.281840
-1.743197
-2.902380
-1.293112
0.072681
-1.110924
-0.215068
-1.680130
-0.345124
-0.698522
-1.898411
1.935874
1.199445
-0.757340
-0.688012
-0.999615
-1.912630
-1.259549
-1.489547
-1.727894
1.535838
-3.100740
0.221325
0.056961
-1.107290
1.333840
-1.072206
-0.821830
-3.552274
-1.066294
1.493942
2.557884
1.645236
0.913654
2.487467
-3.624126
-1.142519
0.965348
-0.566488
-0.159133
-3.380865
-1.229871
0.167879
1.188557
1.208772
2.414223
3.890245
2.757274
-1.373986
-3.208393
-0.899975
1.204504
-1.005610
-0.838798
-0.170994
0.048888
0.342134
0.459079
1.063810
2.293582
3.638133
3.555892
0.111469
-2.897454
-0.836107
0.958293
-1.317078
-0.918887
1.236855
2.800627
-0.488517
0.191247
1.753294
3.413125
4.293310
3.194747
2.451012
-0.831546
-0.173412
0.400341
-1.274461
0.593147
-0.609716
1.707100
-0.385407
0.088582
1.608343
3.571170
4.101396
1.701054
0.474853
-1.897614
-0.429334
-0.030313
-1.430593
2.041039
0.290105
-0.819454
-0.212321
-1.841911
0.728034
1.651809
0.173609
1.428922
1.129018
-1.627280
-0.223786
-0.195182
-1.786493
1.967617
1.462487
-0.086553
0.796375
-4.689529
-2.775197
0.099144
-3.125282
-1.734770
0.868578
-1.240871
-0.858849
-0.592993
-1.999274
1.289589
1.045832
2.412688
0.235820
-4.555552
-2.163075
-0.655040
-2.191844
-0.941329
1.771185
-1.654203
-1.087591
-2.397298
-2.665080
-1.164953
-1.669433
0.010427
1.564050
-1.040867
-0.725445
-0.455299
-0.836192
-0.691259
-1.235750
-2.906490
-3.424639
0.745336
-2.194309
1.173494
1.206616
1.626927
2.141872
2.556020
2.429029
2.109853
1.624058
1.607560
1.076363
-1.509763
-0.191519
-0.333704
1.555103
-2.518017
-2.538511
-2.492680
-2.563715
-2.515164
-3.066051
-3.518307
-2.513478
-2.085775
-2.019855
0.827521
-0.134033
2.880789
6.079794
2.237797
0.355939
0.049075
0.088387
-0.565738
-2.763652
-3.368022
-0.225766
-0.051687
0.334157
2.996569
1.019105
-0.570890
2.341034
1.921978
0.151870
0.056250
0.230082
0.972798
1.879181
-0.217143
0.208714
-0.727941
3.096624
3.320589
0.013515
-1.623991
0.736910
1.630313
1.251463
-0.830856
-3.449601
-1.998397
1.087286
2.918434
1.632102
1.428869
-0.039529
2.564344
-2.233039
-1.795397
-0.164931
0.923531
-0.412253
0.071405
2.855038
3.025883
3.334814
2.933416
2.396214
5.120481
-2.087962
-1.451843
-4.246149
-1.788715
0.608902
0.296268
-3.989835
1.513758
3.727043
4.979923
4.459305
4.823750
3.419752
5.651802
3.142818
3.658970
-1.268412
-1.837627
0.905370
0.099621
-0.800403
2.942513
4.466969
3.876633
3.291016
4.143440
4.204441
3.245045
1.882713
-1.296950
-1.344262
-1.742220
0.814671
1.039166
-3.037750
2.963758
5.622662
4.738920
3.208469
3.850840
3.925117
2.549559
-1.015036
-3.594072
-0.850327
-1.642466
1.695204
3.027805
0.822879
4.128548
4.665764
5.193069
2.912733
2.985117
4.224667
5.125763
3.788990
4.065430
1.573641
-1.720842
1.176381
2.164352
1.153479
-1.405363
1.229762
1.362886
1.485021
1.229785
2.893774
1.578437
0.639549
2.829094
1.556558
-1.355906
1.089768
2.296398
0.274673
-1.175949
-2.856030
0.506662
-0.459430
-3.674355
-1.972339
-0.634911
-1.640005
2.425943
-0.564614
-1.094879
2.340805
2.103211
0.902380
-0.500835
0.247395
-2.477412
0.306205
-1.484790
-1.230709
-0.814691
1.903823
2.505552
-1.155328
0.962448
4.712433
2.504786
1.963849
1.521392
1.027113
-1.477231
-1.283640
-1.693140
-0.482504
1.146309
2.235359
4.583702
-0.096928
-0.682059
-0.200081
-1.375209
-1.668508
-1.594157
-1.690846
-2.327432
-2.746932
-2.699485
-2.416923
-2.114569
-1.027269
0.989382
0.597992
-0.212630
2.051892
1.363651
1.730199
1.850609
2.027530
2.036001
1.978246
2.291294
1.884427
1.716584
1.972779
1.822187
0.748731
0.841704
-0.297374
0.244425
0.612993
0.689241
0.912337
1.070485
1.417856
2.674910
1.541509
0.558983
-0.118515
-0.120047
1.716454
0.533790
-0.665751
-0.373295
0.109339
0.470808
-0.196218
-1.238072
-3.279464
-1.797035
-1.637141
-0.047885
-0.600945
-1.542694
0.828864
0.596351
-0.774986
-0.462522
0.391219
-0.273587
-0.502582
-2.765556
-1.473472
-1.426471
-2.173240
0.641665
0.206227
-1.636887
0.550031
0.910834
-0.282722
0.166322
1.303555
-0.167326
0.449255
0.009876
-1.423151
-1.654975
-0.880054
-1.773956
-0.871328
-0.273317
1.692151
0.904810
-0.052668
1.225653
1.755530
1.089123
-1.138965
-1.100058
-1.215324
-1.250448
-1.978727
-3.244172
-1.968211
-0.521752
1.264388
0.952372
0.065249
1.822869
1.079817
0.554347
-1.396023
-0.919277
-0.741885
-0.846962
-1.881005
-2.690444
-1.931340
-1.664802
0.831195
0.856270
-0.091329
1.617545
-0.277074
-2.591280
-2.117999
-1.276543
-0.747520
-0.858289
-1.929404
-2.828886
-2.371173
-1.117267
1.108370
0.852276
-0.179616
0.768548
0.209153
0.049473
-1.281608
-1.950526
-1.833154
-1.681583
-2.780039
-2.024749
-1.395967
-1.182699
0.918177
0.801373
-0.211051
0.226702
-0.380009
0.530222
0.874979
-1.579598
-1.168464
-0.217089
-0.479192
-2.006937
-0.524285
-1.328196
0.473293
0.681821
-0.467517
0.536404
0.689472
0.089753
-0.314414
-0.773479
-2.162440
-2.440865
0.434964
0.032211
-0.727929
-0.114033
1.124954
0.358143
-0.880111
0.191776
1.130382
0.721608
1.002333
0.956673
-0.590701
-0.313214
0.893526
0.309893
-0.173695
-0.083371
1.169265
0.026212
-1.045376
0.129862
0.556666
0.679409
0.728713
0.772303
1.052385
1.127195
1.077520
0.506207
0.060596
-0.442274
1.024634
-0.375472
-0.029121
-0.548549
-0.467460
-0.460854
-0.163059
-0.002586
0.233313
0.258290
0.233392
0.119741
-0.018734
-0.207535
0.348530
-1.165884
-2.341759
-1.788684
-1.546881
-1.596223
-1.696804
-1.761410
-1.535223
-1.501981
-2.128877
-2.130995
-1.668940
-1.692170
-1.180686
-1.883600
-1.326748
-1.387529
-0.887365
-1.124165
-1.232593
-0.887128
0.166652
0.093838
-0.717766
-0.908761
-1.177133
-1.951225
-1.529476
-2.095692
-1.385334
-1.415931
-0.953575
-1.057611
-0.720448
-0.885078
2.756933
2.155541
-0.743408
-0.582821
-0.785899
-1.956040
-2.216929
-1.851139
-1.210379
-0.949333
-0.970081
0.036686
0.931648
1.010786
2.350175
2.350958
1.394614
-0.169735
-1.533329
-2.254636
-2.432387
-1.883073
-1.237049
-0.845066
-0.242942
0.334223
0.135413
0.652319
0.620405
1.283290
1.026641
-0.617222
-1.420096
-0.941699
-1.978860
-2.056941
-1.559031
-1.288067
0.754053
-0.381965
-0.807734
-0.847213
-0.710803
-0.147413
-0.181852
-0.611825
-0.458547
0.540987
-2.209056
-2.043614
-1.316406
-0.783815
2.358250
0.920981
-0.899727
-0.727288
-0.478363
-0.160196
-0.652767
-0.932867
-0.779515
-1.120084
-2.548588
-2.014566
-1.232556
-1.179111
-1.364818
-1.727743
-1.223656
-1.079719
-0.796470
-0.516999
-1.284118
-1.088661
-0.711489
-2.260148
-2.052062
-2.118185
-1.133979
-1.097657
-0.964031
-0.236501
-0.699688
-1.262206
-1.261658
-1.253801
-1.298966
-1.027755
0.103353
-0.199195
-1.155085
-2.233217
-1.374863
-0.853059
-1.138966
-0.155601
-1.477542
0.014517
1.388510
0.912301
0.434606
-1.123275
-1.963285
-1.166637
-1.550952
-2.306606
-1.718157
-1.376571
-1.664315
-1.729175
-1.411560
-0.098437
1.665231
1.557403
0.275709
-1.033678
-1.668196
-2.206506
-1.871343
-2.159351
-1.698983
-1.483725
-1.170113
-1.909156
-2.143515
-1.206114
0.387395
1.426213
-1.235519
-1.110524
-1.569011
-1.628343
-1.658754
-1.899954
-1.335132
-2.111223
-1.485992
-1.530260
-2.197041
-2.742855
-1.985706
-1.639485
-2.218130
-2.111275
-1.918278
-1.415629
-1.225930
-1.697247
-1.636098
-2.619938
-2.276625
-2.115841
-1.944579
-2.118065
-2.463338
-2.382029
-2.036636
-1.930732
-2.130387
-1.685526
-1.423287
-1.830730
-2.635912
-1.694876
-0.706535
-0.981607
-1.058573
0.105114
1.987920
2.011282
-0.100302
-0.834162
-1.417063
-1.513668
-1.068129
-3.149142
-1.182507
-1.404254
-0.605165
-0.097749
0.020560
1.065203
2.998576
3.617708
1.439144
1.111645
-0.020792
-1.264995
-1.329683
-2.785871
-1.789142
-2.200707
-0.850364
-0.140813
-0.582456
-0.547826
0.591764
0.067072
-1.418563
0.686608
0.970576
-0.845594
-1.506953
-1.964288
-0.544216
-0.930273
0.400608
-0.166308
0.335207
-2.506763
-3.412237
-4.130859
-3.641575
-1.389864
-1.840948
-0.390697
-0.848629
-1.528937
-0.010651
0.169328
0.792807
-2.135276
-0.640574
-1.799925
-2.241754
-2.659655
-2.988145
-4.544659
-1.221310
2.657467
2.089289
-1.517768
-0.267210
0.599417
2.164401
0.187931
-0.933076
-1.463820
-1.731846
-1.614488
-2.687271
-5.033038
-0.695970
3.427066
1.786918
-1.464050
0.462142
3.268945
2.928619
1.720113
1.298967
-0.476213
-1.585849
-2.284187
-2.078814
-2.172092
-0.352359
1.867658
1.325061
-1.510482
0.133929
2.137609
2.667663
-2.981464
0.449689
-1.082102
-1.910704
-2.463896
-3.336397
-3.265872
-2.673121
1.548787
1.410717
-1.664854
-0.110691
0.986160
3.257988
-1.408510
-3.049124
-3.378296
-4.572773
-4.284824
-5.705122
-5.135703
-1.518118
2.322803
1.540446
-1.926526
-0.685672
0.222745
2.274183
0.214850
-3.000960
-4.739665
-2.543846
-2.356750
-4.949657
-5.010669
-1.160683
0.370826
0.281019
-2.202992
-1.481622
-1.715129
0.081214
0.292882
-3.049214
0.849142
-1.692703
-4.040689
0.228085
-1.369923
-0.801137
0.033470
-0.308599
-2.636561
-2.326725
-3.174778
-2.183748
-0.830359
-0.664437
1.793461
0.422639
-1.029658
0.827579
-0.942179
-1.623134
0.032921
-0.622755
-3.313658
-2.944215
-4.015949
-3.129599
-2.359793
-0.918995
-0.322149
0.762339
0.562926
0.465513
-1.148499
-2.899838
-2.636609
-1.740476
-2.122632
-3.030002
-2.172270
-1.856386
-1.805129
-1.589236
-1.782829
-1.629792
-1.393243
-1.461656
-1.684718
-2.109422
-2.162686
0.539303
0.805758
0.457005
0.504438
0.439367
0.463529
0.581505
0.582801
0.539048
0.520863
0.653194
0.662648
0.590744
0.455560
0.508539
0.569288
0.332479
0.583930
0.491931
0.381769
0.361886
0.280068
0.591930
0.392133
0.488041
0.293379
0.331057
0.543375
0.393481
0.506990
0.890031
0.492474
0.346588
0.193258
0.260272
0.224587
-0.693577
-1.353191
-0.742729
-0.437841
0.102319
0.375005
0.601362
0.444660
0.611299
0.371054
0.109889
-0.290941
-0.716172
-0.178895
-0.238128
-0.694857
-1.025934
-0.814230
0.417542
0.299872
0.513620
0.288786
0.504405
0.522297
0.238540
0.626662
-0.299417
0.174026
0.864832
0.452101
0.230440
-0.158684
0.239379
0.549457
0.320051
0.236993
0.687947
0.823494
0.812537
0.535956
0.406782
0.321944
0.642111
0.400758
0.442976
0.262965
-0.512339
0.819899
0.292700
0.157300
0.571550
-0.077446
-0.828316
-1.367708
0.060155
0.385871
0.430689
0.272922
0.208729
-0.092855
-0.174072
0.265769
0.137532
0.129486
0.553058
-0.019419
-0.296785
-0.805827
-0.063230
0.322880
0.522380
0.375435
0.241024
-0.108951
0.064497
0.040616
0.486949
0.215811
0.664793
0.365471
-0.081190
-0.606017
-0.024577
0.245581
0.350110
0.126791
0.195682
-0.076504
-0.214172
-0.033558
-0.070020
0.381155
0.744802
0.541356
-0.034327
-0.256395
-0.320490
0.412971
0.865914
0.789357
0.494708
0.150246
0.204913
0.129959
0.227660
0.565346
0.853142
0.570112
0.337664
-0.170596
0.178824
-0.475263
-0.229106
0.002827
-0.319797
0.063057
-0.262062
-0.107824
0.083024
0.702086
0.903798
0.645018
0.468555
0.172206
-0.359895
-0.818219
-0.769375
-1.044359
-0.429792
-0.358677
-0.011742
0.189900
0.428649
0.485819
0.268761
0.590344
0.417168
0.259840
0.093367
-0.319397
-0.379428
-0.323415
-0.273762
0.020053
0.143549
-0.316252
0.301719
0.272651
0.278668
0.834335
0.858729
0.701372
0.435987
0.474373
0.560457
0.452047
0.416584
0.322192
0.640671
0.429655
0.527147
3.637619
-0.480658
1.158637
1.189029
1.148094
0.810186
0.950364
1.214978
0.946283
1.054070
1.006386
0.581824
-0.288722
2.269944
-1.340744
-1.540129
-0.560862
-0.576861
-0.785963
-1.132852
-1.115560
-0.978164
-1.728317
-1.388246
-1.025830
-0.715296
-0.990343
-1.826931
-0.826012
-1.189220
0.353710
0.329788
-0.738656
-0.844572
-0.850450
-0.156991
-1.852264
-0.932683
-1.785020
-0.193352
-0.782269
-1.608344
-0.541846
-0.611932
0.986548
0.328844
0.668965
1.016254
0.602294
-0.476509
-0.381605
-0.216467
0.845749
0.437137
-1.103091
-1.288440
-0.605080
-0.725585
0.766248
-0.334277
0.810023
-0.292641
1.584621
2.054524
1.746400
0.187274
-1.760980
-0.953727
-2.683501
-1.213196
-0.573108
-0.693809
0.771827
0.075598
-0.201498
1.329413
1.249064
0.595992
0.178563
0.845350
-0.512569
2.071444
3.609551
-0.956251
-0.535395
-0.022777
1.747790
5.197142
1.786412
0.925549
1.037437
0.393673
0.116116
0.665679
-0.375065
0.582591
1.579232
0.022086
-0.489549
-0.044971
1.503728
-0.006496
-2.881432
-0.150800
0.755126
0.418549
0.066495
0.020053
-0.906558
0.111738
-1.596308
0.162095
-0.546102
-0.327938
1.659854
2.034126
-1.323318
-0.568445
0.495943
0.428529
-0.157398
-0.317214
-0.776015
2.092392
1.188791
-0.486367
-0.580257
-0.175163
2.124472
1.602896
1.053582
-1.246314
-0.251481
-0.035919
-0.756511
-1.847929
-1.268798
-1.461653
-0.906033
-0.170653
-0.493887
-0.408831
1.577019
0.640677
-0.131021
0.072954
-3.122439
-1.627990
-1.839827
-2.681041
-2.519334
0.006149
-0.279349
-0.630908
-0.274899
-0.927216
0.700550
0.132785
0.094746
0.625773
-0.101914
3.277748
1.009134
-0.209036
-0.361749
0.408285
0.124852
-1.320318
-1.100209
-1.991355
-0.640273
-0.378560
-0.552102
-0.634612
-0.702835
-0.025192
-0.475666
-0.356057
-0.353371
-0.737240
-1.416036
-2.172018
2.711977
-1.621441
-0.652104
-0.591979
-0.769127
-0.802669
-0.676387
-0.508079
-0.594607
-0.639589
-0.691001
-1.105081
-1.240319
2.165162
-1.556576
-0.170454
-0.173609
-0.607214
-0.736547
-0.750721
-0.627991
-0.690773
-0.394054
-0.474662
-0.549873
-0.307981
-0.288171
-2.395269
-1.773277
-0.094913
0.000395
-0.113767
-0.477594
-0.963657
-0.890806
-0.960504
-0.413334
-0.469787
-0.629062
0.068381
-0.114131
-2.081649
-1.583638
-0.153754
-0.299297
-0.662597
-0.997989
-1.069926
-0.051071
-2.358721
-0.797456
-1.073348
-0.781637
-0.844636
-0.742888
-2.364353
-1.470129
-0.516668
-0.278093
-0.623083
-1.322162
-1.574717
-2.009248
0.945938
1.017715
-0.700801
0.175054
-1.178286
-0.700564
-2.168873
-1.588000
-0.657063
-0.429106
-1.081878
-2.069668
0.441853
-0.414508
-1.530555
-1.989021
-0.840018
0.110787
-1.636400
-1.883832
-2.059449
-1.552862
-0.111219
-0.240456
-1.272755
-1.052626
0.292141
-0.820372
-1.736733
-1.946119
-1.301833
-0.773721
-0.358767
-2.365660
-2.460675
-1.560860
0.068538
0.592709
-2.946307
-1.779919
0.221602
-1.171406
-2.109071
-2.378561
-2.229837
-1.499470
0.080358
0.050444
-2.524008
-1.651043
-0.307654
1.272057
-0.199644
-1.268791
0.129804
-0.810283
-1.965175
-2.206492
-2.055172
-1.126645
-0.851870
-0.993187
-2.496716
-1.627024
-0.464765
0.548814
-0.598807
-1.278519
0.721298
0.273995
-0.601983
-0.771510
-0.495273
-0.247940
-0.967192
-0.779403
-2.439428
-1.594466
-0.421643
0.128870
0.271149
-1.105645
-0.002975
0.839707
1.497249
1.692574
1.217499
-1.485328
-0.572565
-0.316394
-2.184656
-1.458370
-0.361724
-0.016015
0.292550
0.216925
-0.962164
0.664385
0.947982
-0.536354
-0.165168
0.087139
0.502308
1.020190
-1.843884
-1.455185
-0.273881
-0.025501
-0.052788
0.158845
0.951530
0.682979
1.443525
1.971245
0.793904
0.477935
0.427673
-0.225238
-2.161303
-1.582711
-0.270655
0.235538
0.161654
-0.300694
0.471900
1.104169
1.836391
1.994616
0.611327
0.171206
0.006848
0.079846
-1.982355
-2.024071
-0.902666
-1.116067
-1.100503
-1.393795
-1.309921
-1.332460
-1.221652
-1.222642
-1.403910
-1.192542
-1.087446
-0.730682
-2.543788
0.386315
0.289532
0.394257
0.176459
0.142136
0.203111
0.000724
0.020052
0.109799
-0.136574
-0.103065
0.443530
-0.320291
-0.402608
-0.229430
2.046005
1.213974
0.999408
1.356921
0.953006
1.647145
1.245566
0.700612
0.379959
1.217406
2.106771
1.610523
0.274397
-0.905753
1.068013
0.156350
0.960814
0.802473
0.298715
0.595648
1.292202
0.078985
-1.090736
0.188500
0.916104
0.944547
-0.052168
-1.158930
1.018322
0.282701
0.609969
-0.237149
-0.203856
-1.845178
-1.381778
-2.234629
-3.169105
-0.341678
-2.744902
0.747015
0.392889
-1.161772
1.271144
0.792343
0.694743
-1.938642
-1.387917
-2.138589
-2.565181
-2.776079
-2.258573
-2.587687
-3.400092
-0.379067
0.771453
-0.944242
1.293329
0.589462
0.581361
-1.523916
-1.585672
-2.523749
-3.409752
-3.111859
-2.759440
-1.749901
-2.530555
-1.916545
-0.548428
-0.992399
0.930947
-0.672647
0.576655
-1.464296
-0.964403
-2.522945
-2.115971
-2.021503
-2.580412
-1.674067
-1.038494
-1.564318
-2.043729
-1.045935
1.274377
0.492226
-2.068271
-3.036373
-0.529666
-2.518118
-1.699969
-1.686065
-2.296485
-1.781450
-0.924702
-1.353544
-1.390450
-1.138438
1.169273
0.489226
0.758904
-0.819667
-0.287669
-1.487697
-2.845011
-2.833781
-2.652477
-0.639933
1.077366
0.097529
-0.721194
-1.158932
0.834623
-0.364190
-0.712872
-1.911093
-1.473022
-1.778612
-1.420444
-2.104792
-0.611888
-0.195602
-1.339816
0.197093
-0.567423
-1.141536
0.670746
-0.747721
-1.477994
-1.677289
-2.482694
-1.343150
-2.589479
-1.584282
-0.151435
-1.066369
-1.831418
-0.319411
-1.003826
-1.073339
0.925600
0.145041
-0.782713
-0.103192
0.196079
-0.428386
-1.128552
-0.820733
-0.306497
-0.821358
-0.614955
-0.203353
-0.584754
-0.684909
1.173664
1.282033
0.866763
0.860880
0.457644
-0.515795
0.446928
0.698345
0.335382
0.292199
1.173294
0.599764
0.987047
-0.768662
0.905069
0.484932
0.295253
0.014863
0.044130
0.198047
-0.061948
-0.126634
-0.076075
0.113217
0.414076
1.511525
0.337684
-4.181781
-3.444978
-3.069740
-2.863965
-2.851438
-2.609248
-2.326582
-1.121302
-0.911724
-1.949242
-2.183485
-2.203525
-2.317419
-4.322731
-1.019905
-2.039456
-1.825821
-1.645497
-1.343609
-0.559037
1.700559
3.487254
4.134789
3.068259
0.708879
-1.172005
-1.291483
-1.839807
-1.859712
-1.147027
-1.385339
-1.450581
-0.486401
1.688599
1.437363
0.313594
-0.377893
-0.528447
2.210163
1.129748
0.533152
-2.592468
-1.464082
-0.556449
-0.957954
-0.296051
1.153205
0.397912
1.545669
3.692659
2.955177
0.609830
1.365062
1.149099
1.627992
-1.237563
-1.604459
-0.716145
-1.000997
0.274056
0.637370
-0.370956
1.019117
2.031002
1.658471
0.310762
0.654501
-0.130121
3.376030
-1.012851
-1.505690
-0.366801
-0.354833
0.495400
0.189489
1.085016
2.153829
1.471302
1.154590
0.709225
0.310605
0.941655
0.496978
-0.740613
-1.352997
0.239874
0.195014
-0.301615
2.777194
3.398921
1.734449
0.338218
-0.004230
0.480971
1.143073
1.021079
2.493164
-0.032677
-1.451204
-0.249217
-1.035322
-0.275172
1.639529
2.414323
2.021362
0.154094
-0.014722
0.104489
0.333865
-1.437132
-1.675823
-1.654865
-1.706332
-0.200461
-0.400898
-0.867823
0.046181
1.186262
1.264507
0.702491
0.367828
-0.056567
0.220455
-0.635722
0.579795
-0.368060
-2.000862
-0.894312
-0.265982
0.761551
0.413522
0.781850
1.582437
3.628403
3.141654
1.393051
0.439469
0.682548
2.752468
0.163066
-2.024335
-1.505453
-0.618943
-0.876226
-0.540937
-1.496175
0.962265
3.227988
0.969789
0.222325
-1.828091
-1.024696
1.258117
-1.004803
-1.137784
-1.300598
-0.230257
-0.396817
-1.544738
-1.465923
-0.115654
-0.025615
0.411808
-1.597723
-0.919075
-0.842566
1.219584
-1.567119
0.309448
1.096158
0.732123
1.004864
0.559082
0.618372
0.499096
1.671274
1.583020
1.137907
0.866111
0.312616
1.278933
-0.751093
-0.671119
-0.971940
-1.609153
-1.641911
-1.679653
-1.987352
-2.343657
-2.374848
-2.019533
-2.067560
-1.971020
-1.595999
-0.642185
-0.470369
-0.567783
-1.518729
-1.476783
-0.985882
-0.651778
-0.522508
-0.489629
-0.520917
-0.453533
-0.516030
-0.587176
-0.853893
-1.542267
-1.378870
-1.312406
-1.726930
-1.606619
-1.128239
-1.225017
-1.353394
-1.654895
-2.038815
-1.376393
-1.353763
-1.510911
-1.836633
-1.683486
-1.368535
-0.963104
-1.628919
-1.641484
-1.232837
-1.502335
-1.456628
-1.617153
0.020078
-0.865724
-1.101495
-2.355389
-1.762309
-1.716543
-1.010559
-0.847642
-1.494956
-1.277144
-0.800362
-0.971455
-1.193873
-0.210886
1.061236
0.509798
0.445277
-0.042152
-1.539935
-2.042634
-0.997101
-0.820227
-1.655579
-1.195990
-1.117106
-0.956218
0.643139
1.031361
0.446714
0.169569
0.206698
0.051040
-1.110783
-2.522857
-0.876072
-0.760796
-1.611122
-1.201131
-1.042906
-0.179805
0.451540
0.164081
-0.023059
0.028609
0.385344
0.294455
0.163004
0.427351
-0.626219
-0.661136
-1.203227
-0.657270
0.767974
-0.722088
-0.444237
-0.184498
-0.015101
0.106746
0.038347
-0.246207
-1.253872
-1.812145
-0.233665
-0.748181
-1.357860
-1.077360
-2.138310
-2.843750
-0.791703
-0.026373
-0.186106
-0.085179
-0.065761
-0.447536
-1.809598
-2.942996
0.022125
-0.964495
-1.379189
-0.971891
-1.264205
-1.479810
-0.114451
-0.034665
-0.330248
-0.252921
-0.352201
-0.432950
-0.719138
-2.133337
0.264657
-1.124392
-1.645073
-1.032912
-0.940836
-0.466749
-1.328270
-0.491679
0.696513
0.895355
-0.276552
-1.356273
-2.385007
-1.808437
-0.168844
-1.142331
-1.865501
-1.177099
-0.759628
-0.106829
-1.722658
-1.314778
-0.070905
-0.284766
-0.953748
-1.688820
-0.698622
-1.098818
-0.391841
-0.876047
-1.727930
-1.487076
-0.879581
-0.249920
-0.748359
-0.500301
-0.181603
-1.021466
-0.629868
-0.944699
-0.615401
-1.469541
-0.551532
-1.337715
-1.581667
-1.911466
-1.633013
-1.374346
-1.382913
-1.346644
-1.231490
-1.133305
-1.120196
-1.507553
-1.671030
-2.043284
-0.999973
0.119328
-0.549652
-1.140431
-1.158067
-1.167035
-1.315896
-1.463648
-1.514725
-1.474523
-1.383762
-1.371979
-1.434228
-1.067177
-0.266004
5.893063
3.408772
3.380044
2.981581
2.485245
2.199382
2.173715
1.908010
1.932795
2.075127
2.060516
2.302304
2.536757
3.547362
1.429018
2.243410
4.204579
3.306907
2.503458
2.312775
2.439430
3.094311
2.669933
2.760245
2.424360
2.667850
1.944983
1.600137
2.134979
2.509563
2.340369
1.435155
0.274364
0.338007
2.682593
6.438659
5.932109
6.171836
3.663206
2.137331
2.027855
1.826186
1.676940
2.217398
2.444141
1.041084
1.541397
4.189652
2.717020
5.527799
4.861223
3.442962
5.388945
2.708808
1.333799
1.631026
1.153138
2.189913
2.349195
0.949864
3.452990
3.430003
1.123036
-0.094928
0.626932
1.128879
3.438638
5.099273
1.649083
3.187746
0.846791
2.395294
0.751228
1.289780
2.811440
-0.199253
-1.795448
-0.480344
-0.450929
-0.491956
-2.385707
5.119041
6.932025
3.589537
0.734882
2.704770
0.495911
2.063372
-0.820498
-3.051760
-0.501219
0.726055
0.103256
0.200081
-1.474694
1.298353
3.755966
2.945255
0.778401
3.943052
2.204036
2.276191
1.142650
-1.937260
-0.247261
0.441996
-0.411530
-0.168801
-0.641108
3.328222
3.551357
2.271801
0.918831
3.446914
2.315484
3.196927
7.783414
0.441608
1.205601
1.942754
0.926600
0.744978
1.101069
8.084489
6.754370
2.552591
1.171136
3.176984
4.337633
2.813494
9.012828
5.120559
-0.054444
0.287600
-0.165163
0.602164
4.609434
4.440175
2.639788
2.033791
1.577381
2.796723
4.613697
5.215016
4.097393
8.292644
4.870095
3.933826
3.146514
5.260201
7.564048
4.978683
2.126935
1.751599
1.725557
2.228873
3.585275
4.177010
2.735592
3.460067
5.268918
1.805049
1.214109
3.352122
4.642279
2.103152
3.550122
1.959081
0.285053
0.893885
2.996979
3.177871
2.644056
3.238707
5.134019
2.753769
3.918402
3.256045
2.989062
2.847383
2.307660
-0.337680
0.246468
-1.736803
-0.431071
-0.195954
-0.139718
0.312101
0.343670
0.300229
0.414684
0.301826
0.100715
-0.290119
-1.053192
-1.476808
-0.058905
1.194309
1.189901
1.034590
1.044128
1.058674
0.816578
0.504450
0.619819
0.794267
0.953949
1.159804
1.589669
0.919536
1.129846
2.233002
2.355573
1.946548
1.607571
1.407966
1.110121
0.674446
0.901612
0.845228
0.950968
1.147947
1.641421
1.417537
1.389521
2.030078
1.605974
0.896581
0.428407
0.424001
-0.378671
0.486888
0.079333
-0.393625
-0.049605
0.390811
1.034742
1.147327
1.320345
1.817663
1.162248
0.589890
0.577067
-0.300671
-0.347043
1.014553
0.425712
0.599236
0.612992
0.469034
0.758106
0.687086
1.283784
1.531550
0.749493
0.400402
-0.072355
0.337987
0.861774
1.328100
1.371441
1.173957
0.881829
0.107947
0.379609
0.164800
1.339876
1.631826
0.972161
0.235580
0.065468
0.657973
0.769256
0.587958
0.525457
0.863778
1.079116
0.750913
0.669430
0.533991
1.339795
1.779858
0.776980
0.429099
-0.405007
0.293942
0.277249
0.457648
0.525032
0.513910
0.523126
1.167917
1.360005
0.179323
1.335587
1.593069
-0.013492
-0.624548
-0.347640
-0.010813
0.296171
0.387351
0.372046
0.459539
0.326067
0.581595
0.632831
-0.196597
1.324992
1.667897
0.360858
-0.139865
0.247378
0.778187
0.769220
0.727112
0.579882
0.733252
0.992268
1.138464
1.495084
0.394985
1.330307
1.750276
0.972012
0.370509
1.160364
0.796744
1.676418
1.583787
1.391025
1.534705
0.312115
0.120392
1.216344
0.492620
1.350044
1.887311
1.126876
0.404117
0.170119
0.139444
0.525286
0.200726
-0.271894
0.471374
-0.286479
-0.063415
0.722990
0.990310
1.304288
1.861118
1.360366
0.782439
0.440323
0.347325
1.375172
-0.198573
0.037089
0.515582
0.489218
0.009567
0.904305
1.109353
1.160491
1.591278
1.434234
1.235453
1.235044
0.800507
0.549182
0.819071
0.703940
0.664794
0.700169
1.042247
1.341826
1.091079
0.358958
0.953210
0.773389
0.743987
0.878247
0.746376
0.684944
0.537628
0.500933
0.523865
0.525449
0.726312
0.895235
0.259339
-3.555864
-2.794681
-3.899705
-3.259334
-3.223238
-3.622059
-3.948414
-4.315436
-3.897739
-3.834473
-3.825876
-3.988384
-3.749064
-2.555929
-2.496753
1.472069
-1.279541
-1.359559
-0.839655
-0.151971
1.704012
0.241406
1.300089
2.397316
2.036438
0.583482
-0.155169
-3.361732
-3.971857
-2.138115
-3.228208
-1.690338
1.017474
1.477213
1.953241
-2.766034
0.116507
0.733243
3.001833
2.644355
-1.190068
-4.417186
-3.272863
-1.845387
-1.891989
0.302619
1.800283
-0.515090
1.101227
2.295489
2.835200
3.797504
0.137052
0.111341
0.559924
-4.274117
-3.106709
-1.607726
-0.620118
2.296442
0.694644
0.458014
0.155196
1.217832
1.683670
2.066140
1.170071
1.637763
2.214170
-1.045312
-3.532209
-2.631800
0.201794
1.276341
1.587235
0.832069
-0.720269
-0.434122
-0.291169
-0.263528
0.184023
1.476799
-4.871168
-2.976080
-3.637224
-3.058411
0.296298
-5.579823
0.798598
0.914936
-1.054459
-0.524961
-0.874741
-0.865829
-0.081905
1.160162
-2.604301
-4.791231
-3.482763
-2.859142
0.078080
1.502315
1.869343
2.390475
-1.123450
-1.465987
-1.596220
-1.120895
0.459947
0.419397
0.728934
-3.899868
-3.339386
-2.401015
-0.844810
1.117047
-2.051226
2.448199
-0.772534
-1.953388
-1.898517
-1.160602
2.669935
-0.062140
-2.144165
-4.807753
-3.484396
-2.335379
-1.814326
0.976361
-1.895081
1.269610
0.549534
-1.248318
-0.648026
1.349760
3.166941
0.928640
-1.186053
-4.777386
-3.951023
-2.515345
-2.698378
-1.420801
1.126266
-0.745764
2.808020
1.023748
2.261470
1.650791
1.142098
-1.139595
-3.059477
-4.640786
-4.297792
-2.458023
-2.807054
-2.402445
-1.554782
0.487488
2.308709
1.188791
3.720076
1.620522
-0.601853
-1.822094
-2.494365
-3.729198
-4.710417
-2.029077
-2.651712
-1.809593
-2.025221
-1.770847
-0.211718
1.076566
0.820337
-1.053672
-1.829229
-2.289268
-2.595404
-4.087633
-5.282917
-3.334883
-4.013466
-3.154031
-3.142941
-3.350895
-3.341364
-3.420208
-3.215584
-3.234058
-3.434698
-3.886280
-3.618196
-4.006786
1.163417
-0.061536
-0.725002
-1.574395
-1.683959
-1.618649
-0.775529
-1.063695
-0.845760
-0.325505
-0.780621
-1.279229
-1.177033
0.633384
-0.540180
0.109139
-0.219722
-0.814396
-0.481654
0.189875
-0.370183
-1.098338
-0.850387
0.906265
0.309963
0.396820
-0.058022
-0.477129
-0.558612
-1.941099
-1.115830
-1.514496
0.611125
0.519631
-1.946102
-1.544276
-2.528725
-1.754531
0.428461
0.781069
-0.248486
1.347937
-1.143513
-2.600283
-1.971421
-1.081163
-0.699342
-0.518839
-2.670551
-1.487786
-1.555014
-1.099373
-1.007578
-1.315780
-0.077467
1.630133
-1.537885
-2.615488
-2.289597
-1.569033
-3.374186
-1.061477
-0.066137
-0.369022
-0.889924
-0.188579
0.518921
-3.002162
-1.696541
0.605321
-1.658592
-1.936762
-1.301190
-2.757811
-3.866387
-1.608778
-0.034881
0.498076
-0.282024
-0.279137
-0.318429
-0.918435
-0.736527
0.407116
-1.711810
-1.993705
-0.492376
1.949893
2.149336
-0.641409
-0.108210
0.080741
-0.174386
-0.319879
-0.760381
-1.065119
-0.780986
-1.023920
-1.599257
-2.263580
-1.264819
-0.171937
-0.709304
0.652638
0.249661
0.148598
0.072115
0.000100
0.024804
-1.746445
-2.189216
-1.447573
-1.331723
-2.406642
-1.404553
-0.736990
-0.339246
-0.580987
1.046819
1.442954
1.405838
1.814082
0.764144
-0.864922
-1.443938
0.196348
-1.046265
-2.384954
-2.005384
-2.092396
-0.368206
-1.727679
0.841910
-0.932558
-0.656445
0.028480
-0.962563
-0.550995
-0.988684
0.124684
-0.857884
-1.980321
-1.581347
-2.086378
-0.877035
-2.346047
-1.300793
0.799606
-3.001347
-1.854716
-1.177384
-0.329469
-0.986271
-0.019271
-0.601528
-1.541885
-0.968331
-1.674690
-1.666203
-1.241187
-2.396866
-0.095587
-3.544175
-2.419106
-1.883176
-0.609242
-1.676683
-0.143944
-0.891528
-1.981268
-1.038588
-1.386522
-1.649676
-1.789345
-1.655820
-1.393778
-1.847256
-1.662028
-2.016561
-1.229929
-1.761771
-0.586656
0.397188
-1.635193
-1.111069
-1.252831
-1.129690
-1.335431
-0.982417
-0.698312
-0.647293
-0.750267
-1.309590
-1.343509
-1.649926
0.518431
1.014332
0.179823
1.063318
1.652912
1.615875
1.523050
1.642134
1.321349
1.335282
1.838578
2.133056
1.788145
1.148606
0.381313
2.563353
2.310924
1.674624
2.036582
1.573758
0.588690
1.648237
1.059155
-0.041567
-0.426587
-0.581734
-0.144859
1.742319
2.452454
1.632061
0.354879
0.269968
0.494369
0.828124
0.967030
1.708754
-1.082604
-2.338408
-0.511545
-0.209348
-0.585541
0.982598
2.070090
1.861029
0.108528
-0.709631
0.003880
1.234957
2.574279
0.183680
0.306851
-0.343957
-1.039990
2.748563
1.466344
0.196264
0.436209
1.937649
0.352416
-0.874013
1.489290
2.344288
1.223965
3.201477
3.082696
1.879386
0.859804
0.109189
1.568864
-0.665252
-0.460459
1.378766
0.025826
-0.514941
-0.546832
-1.201843
1.562680
2.907347
1.140153
1.136453
0.549157
1.858100
1.138693
-3.128768
0.264326
1.390235
0.660278
0.792835
-0.511835
1.377252
2.149749
1.468758
1.302632
1.130208
-0.122399
-0.444225
-0.232187
-2.835345
1.312105
1.545049
-0.269009
1.122869
0.143517
1.216811
1.247575
1.443599
0.188991
-0.309771
-0.555164
0.542800
0.870145
-0.555856
1.843314
1.909503
-0.167589
1.061578
-0.311215
0.958806
-0.329979
0.461744
1.130893
0.464380
0.523771
1.482566
0.608697
0.105764
3.052967
1.956751
0.015264
0.476798
0.563653
-0.813995
-0.814692
-1.939386
0.161011
-0.259190
-0.183332
0.154557
0.755635
1.204338
2.987136
2.021668
0.066242
-0.062078
-0.609554
-0.746259
-1.014020
-0.987253
-3.163500
-4.281435
-0.734502
-0.511078
-1.157335
0.571716
1.616794
1.458033
-1.011143
-0.670470
-0.224683
-0.502118
-0.156162
-1.466729
-0.816190
-1.813476
-2.083481
-0.067019
0.521497
0.938216
1.257617
1.789276
0.028396
-1.058010
-0.144451
-0.668769
-1.488982
-1.871179
-0.896463
-1.268556
-0.682040
-0.158657
-0.595980
0.715187
1.931538
-0.976794
-3.088780
-3.141238
-2.625625
-2.518559
-2.554467
-2.646825
-2.538279
-2.501948
-2.268213
-2.318025
-2.631464
-2.693960
-0.909955
-0.188918
2.185608
0.154416
-0.208497
-0.320361
0.150912
0.307087
0.073506
-0.410665
-0.152831
-0.013942
0.004449
1.057588
-0.714167
-0.330151
1.847634
-0.080999
-0.215819
0.428387
0.670179
-0.000298
0.102374
-0.719239
-0.905922
0.149287
1.392337
1.238684
-1.353502
-1.295300
1.464457
1.402017
1.875337
3.127028
1.844242
1.092936
1.962852
1.229979
0.636351
1.369058
3.304064
3.706180
-0.683607
-1.337157
1.177299
1.686653
2.333314
1.538326
0.833027
1.326467
1.318867
1.298455
1.052986
0.925493
0.306361
2.691859
0.069537
-1.335615
1.365628
2.517002
1.711550
-0.660690
0.043232
-0.560688
0.061602
-0.050467
0.633658
2.785511
0.199517
1.617408
1.173434
-1.404738
1.244509
2.218385
1.107525
1.015338
1.716041
1.219285
-0.044187
0.129716
1.336371
3.273042
0.439181
0.067762
0.070175
-1.399172
0.774602
1.530700
1.169395
2.437346
1.617180
0.826694
0.431106
0.781340
0.935851
2.502381
1.695666
0.692819
-1.172307
-1.251822
0.822333
1.035469
1.319047
2.702812
1.695748
1.373143
1.267670
1.743097
1.864202
2.880933
0.113309
1.771623
-0.531641
-1.209138
1.294090
1.349842
1.405480
2.912473
2.442902
2.249704
1.603795
1.872639
2.421211
2.357021
0.890386
3.081064
0.080882
-1.119874
1.136300
1.015579
2.381262
1.202200
2.292744
3.514502
2.100148
1.369830
1.950639
2.449950
3.235088
4.269951
0.959038
-1.101740
1.211047
0.830692
1.569340
2.628016
0.961055
2.746643
2.516248
1.975508
0.450540
1.837262
2.298364
4.352092
-0.221199
-1.457347
1.659802
0.876323
0.350538
1.823607
1.645089
1.039071
1.075522
0.180965
0.496103
1.256305
2.359231
2.352781
-1.634600
0.229414
2.219727
1.254459
0.785675
0.877058
1.703656
1.498185
2.350919
2.306210
1.991671
1.369607
1.389363
2.865364
-0.620175
-3.455407
-0.677138
0.666235
0.899440
0.863533
0.874617
1.086454
1.634546
1.598472
1.235351
0.997737
1.009701
0.627306
-3.189126
0.136039
0.297291
1.855221
2.276457
2.292619
2.540659
2.957068
3.310173
2.865612
2.039316
1.688008
1.682453
0.823399
-0.324095
-1.098962
0.403654
0.665834
0.605390
0.978054
1.843383
2.803708
3.131600
2.675189
1.540423
2.646733
2.108603
1.198954
-1.199734
-0.121812
1.331226
0.740951
1.258923
2.767103
2.310190
2.085958
2.376387
2.452766
1.388943
2.367241
2.834435
1.666461
-0.544460
-0.105644
1.137296
0.828070
1.598374
1.638436
0.785716
1.834040
2.192209
3.189507
2.606363
0.794441
2.238586
2.149856
-0.174656
0.306007
1.835806
1.985928
2.201061
2.173863
0.837299
0.627768
1.678248
2.289267
2.411371
0.936505
1.395061
1.949536
1.735595
0.500162
2.023636
2.308868
1.998930
1.900216
1.103161
0.204254
1.033813
1.265984
1.131834
0.000980
0.925840
0.954447
1.687224
0.559291
1.610180
1.262217
-0.223556
0.146095
1.234073
0.199683
1.290241
1.405789
0.811022
1.035953
1.514320
1.689505
1.770128
0.542988
1.597723
0.640172
-0.578848
-0.698158
1.154736
0.305457
0.789342
0.742526
0.689901
1.502264
1.657239
0.994639
0.956334
0.541632
1.401498
1.196244
0.113090
0.365746
1.588196
1.194383
1.285737
1.231531
1.128023
0.740944
0.089535
0.992577
0.504010
0.480414
1.469284
1.666476
1.260781
0.365256
2.856507
2.403769
1.498743
1.442361
1.968163
0.650496
1.191564
1.423130
0.204275
0.360681
1.477541
1.609867
2.037157
1.158786
1.771953
1.966142
0.531201
1.398067
1.367402
1.057320
1.054375
2.444698
0.428434
-0.022096
1.087650
1.165734
1.787311
2.544534
1.013341
1.005812
-0.970335
0.642481
1.071459
2.172493
1.538483
2.563270
0.367371
0.102900
0.858076
1.053808
1.183094
1.408730
1.814034
1.242804
0.247500
1.549350
1.316787
1.660463
1.145723
2.022886
0.254064
-1.730970
-1.025598
0.298265
0.758375
0.868277
1.073359
1.101688
1.082192
1.182108
1.159334
1.110312
0.789368
-0.209383
-1.907010
1.727889
2.423702
2.306017
2.881707
2.571838
1.902610
2.461026
2.906381
2.954393
3.026082
2.929202
2.028938
1.837046
3.810191
0.993165
-0.561854
0.268637
1.144941
0.238210
0.292887
1.251615
-0.216913
-1.090585
-0.639564
1.058496
1.188377
-0.612485
1.142561
2.313383
-0.704384
0.902680
1.967652
2.367495
1.190908
2.375688
2.200443
0.970230
2.253658
0.999213
2.449141
0.787532
2.107079
2.383200
-1.341978
0.709051
1.581988
1.038763
3.104516
4.623320
2.030648
1.754695
2.426733
0.327576
1.221667
-0.749604
2.878412
2.205637
-1.303645
1.287362
2.652416
2.799527
0.595671
2.300562
3.801920
2.734255
1.625890
-0.428676
1.710202
-0.043328
2.314548
1.705878
-1.117009
1.771131
2.183116
1.300600
1.247735
3.457580
3.027658
1.229446
-0.190871
-0.869720
-0.966987
-1.562551
1.106900
1.519128
-0.937830
0.705366
-1.569652
-2.462347
0.744090
3.567454
2.318511
0.635922
-0.781315
-1.531328
-0.403629
-2.393588
1.280300
1.849824
-1.171411
-0.476912
1.994273
1.922917
1.447560
3.921112
2.045373
0.242522
-0.489709
0.306215
1.715111
0.770723
2.272275
2.375144
-1.249696
-0.475600
0.587402
0.683852
-0.307710
4.261872
2.916406
0.449041
0.981194
2.160951
1.149780
-1.551212
2.426238
2.772885
-0.956186
-0.232000
-0.230865
-1.309005
1.801168
1.695270
0.422233
-0.570834
-0.013847
2.051541
2.813377
-1.124768
2.537174
2.728202
-0.453234
0.768013
0.913264
-0.169220
2.220499
2.899236
0.884619
1.166452
0.224838
1.955755
1.100963
-0.319607
1.709597
2.391660
0.152652
1.429852
1.700777
0.521902
-0.411075
0.288564
0.013501
-0.713462
-0.625844
0.938466
1.893387
0.263072
1.638535
1.224377
-0.731407
1.112252
1.778825
0.504266
0.006639
0.591696
0.756976
0.472283
1.678305
1.306545
0.748876
-0.186155
1.021878
-1.821498
-1.404546
1.545761
2.147964
1.559113
0.853974
1.151348
2.075642
2.455595
2.439673
1.464574
1.176923
-1.060354
-0.407229
4.829082
2.387550
3.896423
4.430032
4.447588
4.444730
4.569497
4.670664
4.496128
4.479264
4.410338
3.778550
2.161595
3.886220
1.740310
-0.219308
2.048559
2.420627
2.590681
2.865289
3.247903
2.792866
2.922571
3.082482
3.774497
3.036569
0.620003
0.102783
2.876058
1.130296
2.199755
3.031443
2.726219
1.702514
1.360585
-3.265525
-1.867747
0.335202
1.162104
2.260353
1.108945
1.202091
2.608667
0.955882
2.214122
2.016400
0.889477
-0.247996
-1.142683
-2.399340
-2.130750
-2.502230
-2.151640
1.026962
-0.071340
1.155481
2.563729
1.253383
1.930085
0.822931
-0.412532
-2.952843
-2.862139
-0.955966
-1.262641
-2.864975
-1.761729
0.338906
-0.572904
1.164620
2.497334
0.961025
1.034664
0.705288
0.219638
-1.616359
0.531462
1.443221
1.369593
0.405987
0.777088
-1.156527
-0.986891
0.986995
2.477947
0.913216
-0.605172
-2.288715
-2.814382
-1.636850
0.730977
1.493960
1.285067
1.133608
0.345248
-0.583950
-0.878326
0.872878
2.510185
1.018859
0.189504
0.420383
-0.550849
-3.467331
0.232483
1.984956
1.478150
1.072188
-0.119604
-1.158815
0.333746
0.978417
2.635599
1.217469
1.423549
1.159759
0.081504
-2.754951
0.070435
1.900573
1.364613
0.211545
-0.206703
-1.505772
-0.515835
1.560156
2.661363
1.220448
2.379847
2.089675
-0.148218
-1.234440
-0.957274
0.593694
0.700850
-0.702173
-0.788545
2.290428
0.480046
2.413314
2.693408
1.006242
2.457064
2.104273
0.194994
1.772445
-1.666736
-2.632975
-2.641879
-2.551288
1.561826
2.889215
1.862656
2.065149
2.747265
0.920053
2.130608
2.651740
3.175795
2.389300
-2.239665
-2.266043
-1.652511
-1.159290
1.650792
4.234818
1.810757
1.267834
2.646983
2.386981
2.665875
3.086552
3.235761
3.526681
2.628146
1.892842
1.821943
2.156484
2.581068
2.534435
2.372764
1.310900
5.982821
3.068210
3.698117
3.709487
3.612520
3.582719
3.442535
3.197209
3.199113
3.500932
3.713403
3.433061
2.717524
5.380711
2.422256
1.839577
1.342938
0.936754
1.080368
1.304205
2.026494
2.187326
2.044246
2.097237
1.542894
1.281465
0.956757
2.036241
2.523876
1.811850
1.115767
0.194606
0.385176
0.635690
0.218050
-0.189336
-0.261801
0.699379
1.272454
1.044812
1.000770
1.675310
2.355026
1.787141
1.021752
0.266189
0.541737
-0.040989
-0.631902
0.559862
-0.259707
1.460669
0.962057
1.260462
0.769842
1.851044
2.280636
1.445455
0.987741
0.108278
-0.118973
-1.051486
0.771153
1.518224
1.151514
2.379257
0.893982
0.449019
0.223818
1.211919
2.162850
1.189672
0.678763
0.098032
0.771546
0.091028
1.061330
0.789852
0.137079
1.609663
1.238163
0.855503
-0.022741
0.638370
1.917649
0.594594
-0.042819
-0.797766
0.196014
0.117257
-0.446801
-0.597391
-0.389910
-0.014699
0.740292
0.594007
1.455240
0.030489
1.861952
0.529762
-0.382052
0.580261
-0.375889
-0.857759
-1.381333
-0.474455
-0.286378
-0.416630
-1.065475
0.187687
-0.007789
0.322712
1.815277
0.745184
0.217298
0.842341
0.443017
-0.453971
-0.866911
-0.774358
-0.917365
-0.815850
-0.529074
0.707696
0.164741
0.642878
1.931225
1.122458
0.934590
1.577950
-0.294258
0.079497
0.026260
-0.282209
-0.599749
-0.093140
0.810074
0.557851
1.019652
1.300307
2.027802
1.237029
0.701308
0.642526
0.086204
-0.054225
-0.202170
-1.430153
-2.037030
-0.879369
1.164454
0.524729
1.203693
2.028064
2.151200
1.364729
0.566551
-0.233530
0.449067
2.031989
-0.355444
0.164918
-0.269120
-0.280693
0.438983
1.261837
0.818597
1.829700
2.400004
1.544815
0.785249
0.169833
0.729954
1.423316
0.925992
2.608867
1.883592
2.172914
1.426719
1.207405
1.050982
2.098950
3.023708
2.807378
2.079668
1.084959
1.331029
1.493431
0.955095
1.422861
0.874054
1.454341
1.698348
2.341137
2.225979
3.474745
4.810661
4.953581
3.899517
2.822255
2.426024
2.174634
2.210932
2.440797
2.380616
2.183522
2.547218
3.275946
4.223386
5.120292
-2.742124
-2.361028
-3.614929
-3.561391
-3.426512
-2.950630
-3.224958
-2.552214
-2.685806
-2.550023
-2.700396
-3.004228
-2.834472
-2.557233
0.930655
0.326428
-0.763201
-0.624074
-0.384392
0.176478
0.458230
3.453910
2.641859
1.894137
-0.235723
-1.740121
-0.405575
0.642570
-0.903723
-1.483630
-0.876433
-0.045580
1.065428
2.212746
1.629436
3.713525
1.790430
-0.744802
1.622929
0.253992
-0.784971
0.139926
-1.559797
-2.332682
-0.592306
0.566080
0.575570
-1.040439
-0.697987
3.416878
2.907813
0.836085
1.407317
-0.836195
-0.647645
-0.740190
-1.562267
-2.073011
0.169030
0.228319
0.303467
0.299460
3.582678
4.008727
3.992348
3.377367
1.420553
-2.328778
-0.236991
-0.614281
-1.634496
-1.476784
0.267534
-0.410131
0.419384
-0.388004
1.418794
0.638664
0.879562
1.267663
2.863143
-2.525033
-1.612709
0.286345
-1.755446
-1.586177
-0.439196
1.921182
2.318060
1.385190
0.957257
-0.411691
-0.293522
1.237322
1.640517
-2.736936
-1.843550
0.518758
-1.743821
-1.944149
-0.672022
-2.328187
-1.877562
1.100174
1.041884
-0.651042
-0.479634
1.142901
0.722500
-3.759613
-2.861067
-0.100392
-1.562246
-1.749433
1.103820
0.783963
-1.797572
1.067366
0.619520
-0.126185
0.216844
0.603452
1.334684
-1.289470
-0.054170
-0.218341
-1.244134
-1.929577
0.876069
3.591945
1.249139
0.805978
1.769491
2.073604
2.491818
1.316266
-0.043162
-1.832239
-0.558637
-0.057884
-0.824627
-1.647494
-0.181143
2.135078
2.319221
0.035653
-0.405700
1.164917
-0.130529
-1.151331
0.151438
-0.669037
-1.034215
-1.065467
-0.637162
-1.240601
-0.879170
0.181384
0.108599
1.233299
1.329290
2.302441
1.298155
-0.012115
1.412581
-0.339690
-2.301751
-1.209555
-0.058187
0.157875
-0.590069
0.419459
0.202872
0.213223
0.762418
2.619409
1.573265
0.846100
0.309401
-0.336809
-0.754886
-0.316295
1.561190
1.230821
0.349237
0.258614
0.215799
-0.149494
-0.294703
0.088938
0.090638
0.004066
0.157690
0.369591
1.008574
1.350757
-2.968710
-2.091053
-2.480093
-2.011929
-1.904485
-1.883358
-2.014179
-2.477737
-2.313781
-1.876779
-1.821310
-1.873133
-1.346812
-3.582177
-1.576529
-0.240936
-0.485468
-0.427613
-0.696580
-1.219978
-0.313478
0.177889
0.033268
-0.080342
-0.540171
-0.537133
0.153323
-0.985009
-1.738542
-0.178798
-0.284791
0.012654
-0.134228
0.322979
0.885909
2.771547
1.614543
0.516223
0.105405
-0.033491
0.164093
-1.634620
-1.378444
-0.327141
-0.081492
0.179624
0.554276
0.643746
0.452390
3.245310
2.254505
0.898243
-0.109971
-0.890946
-0.163317
-1.719283
-1.331537
-0.576296
0.024873
-0.433587
0.688159
0.316504
1.891370
1.764928
1.960473
0.959473
0.996903
-0.400363
-0.206892
-1.088850
-1.204858
-0.306513
-0.486317
-0.348015
0.254435
-0.000933
0.401772
0.300361
0.477551
-0.007869
0.933059
1.376747
-0.513663
-0.993836
-1.198509
0.055502
-0.286276
1.738250
1.572832
0.580524
0.275966
-0.033880
0.178369
0.374822
0.043430
0.952179
-0.524785
-1.282848
-1.311659
-0.267316
0.432518
-0.585884
-0.799036
0.923927
0.162649
-0.181730
-0.074000
-0.091302
-0.933815
-0.252222
-1.451537
-0.762514
-1.432492
-0.469683
1.105609
1.351929
-0.106579
0.938328
-0.081683
-0.744611
-0.632707
-1.088321
-0.716919
-0.355139
-0.110175
-0.586097
-1.577461
-0.989733
0.175143
1.019773
0.241177
-0.199157
1.126364
2.113055
2.018519
1.038608
-1.101599
-0.592778
1.016286
-0.643692
-1.602934
-1.040499
-0.337162
0.454265
1.598425
-0.501127
1.284831
2.994235
2.088741
0.752058
0.235105
0.523451
1.175147
-1.310717
-1.791591
-0.708882
-0.634568
-0.321074
0.451880
1.360742
0.669919
0.646475
0.084625
-0.588945
0.754526
0.176805
-0.179510
-1.921591
-1.492642
-0.031649
-0.644587
-0.366884
-0.499959
-0.085962
-0.104908
-0.172501
0.135443
0.275429
0.386640
-0.558557
0.263320
-1.612591
-2.829881
-2.321494
-2.938850
-2.520481
-2.443806
-2.483004
-2.592594
-2.661585
-2.328860
-2.385359
-2.615299
-2.788680
-2.367180
-2.752376
-0.789843
0.193944
-0.434449
-0.559311
-0.949240
-0.907917
-0.640106
0.055271
-0.521141
-1.490335
-1.667654
-1.203360
0.257915
1.410836
3.601266
2.717965
1.477827
2.015204
2.097775
2.166903
0.720100
0.666452
-0.461449
0.218982
1.699899
0.608757
1.066215
2.658078
1.177332
0.009658
-1.970518
-1.612945
-0.864633
-1.347353
-2.278030
-3.166888
-1.605169
0.969855
0.061680
-1.142446
-0.628978
-0.060058
0.620847
0.695676
-1.942741
-1.404609
-0.151911
0.037505
-0.228058
-4.505575
-4.769296
-1.194750
-3.984049
1.098544
0.456519
-0.099706
0.746406
1.178978
-0.975662
-0.935177
1.865706
-2.182917
-3.076352
-3.747544
-3.442758
-3.337241
-3.913523
3.002607
1.953437
0.054103
0.912279
1.247544
-2.043476
-1.160790
-0.384315
-3.194235
-2.338675
-2.140418
-1.676104
-2.183149
-3.699153
-1.508836
1.292878
0.254712
1.069177
1.744395
-3.143234
-3.807705
-4.230352
-6.378150
-3.551878
-2.080692
-1.970076
-1.900754
-2.157588
-2.347735
-0.309077
0.245212
1.045507
1.004069
-3.870548
-0.019569
-0.276111
-6.847881
-3.688823
-2.553924
-2.538173
-1.989408
-1.774524
-0.930042
1.568735
-0.518188
0.868510
0.370455
-3.672525
-3.447363
-0.119995
-4.244918
-3.821737
-3.102430
-2.613525
-1.806445
-2.095549
-0.900171
0.206900
-0.847672
0.663359
0.162943
-2.279398
-3.479824
-0.964770
-2.572457
-3.728807
-2.277575
-1.238800
-2.187921
0.400180
0.905144
0.598377
-0.390982
0.614730
0.171787
-2.460939
-1.946792
-2.446118
0.556911
-3.383467
-3.766119
-0.653942
-2.236877
-0.232600
-0.543001
-0.359615
0.783614
0.618353
-0.533074
-3.101040
-2.120512
-2.449313
-3.226524
-2.117098
-1.512351
0.508263
-2.428678
-2.982248
-2.661107
-0.647885
0.527097
0.957934
0.350137
-1.262142
-0.888621
-0.863892
-0.901232
-1.021248
-0.921199
-0.536832
-0.708122
-0.866800
-1.377936
-0.515416
0.211513
-0.217993
0.272919
-2.606568
-2.825220
-2.741845
-2.581245
-2.624157
-2.730174
-2.902845
-3.003274
-2.942717
-3.304990
-0.898388
-0.860349
0.013868
-0.783999
-0.700867
-0.656851
-0.644737
-0.676309
-0.859742
-0.868332
-0.976763
-1.007707
-0.900764
-0.882426
-0.967933
0.325312
0.204348
-0.219243
-0.010429
0.117984
-0.103027
-0.311620
-0.133169
1.137821
0.734555
-0.189052
-0.291287
-0.235000
-0.061321
0.262422
-0.022927
0.055308
-0.269861
-0.309890
-0.498973
-0.429933
0.777436
1.580814
1.146439
0.287522
0.101770
-0.376784
0.007100
-0.115562
0.119217
0.263787
-0.460668
-0.491691
-0.320347
0.219225
0.097399
-0.249074
-0.198386
-0.192512
0.132149
-0.204215
0.115076
-0.204291
0.073035
0.191697
-0.469513
-0.516447
-0.232673
-0.435337
-0.663911
-0.576278
-0.348967
-0.712923
-0.678477
0.289747
0.461385
-0.167746
0.087296
0.249213
-0.242586
0.342085
0.129484
-0.857996
-0.885694
-0.445441
-0.341807
-0.675154
-0.590649
0.199136
1.326180
0.084150
0.113913
0.333754
0.260442
0.649256
0.030422
-0.518854
-0.416917
-0.325988
-0.264069
-0.372726
-0.327811
-0.537723
0.711749
-0.058499
0.098080
0.248827
-0.303005
-0.168607
-0.626420
-0.079046
-0.314650
-0.298033
-0.303835
-0.416170
-0.417862
-0.393986
0.227691
-0.462811
0.059820
0.212671
-0.581409
-0.303393
-0.104621
-0.066900
-0.296281
-0.322235
-0.326038
-0.437924
-0.362033
-0.134307
0.323111
-0.526569
0.033022
0.142829
-0.429325
-0.052937
0.202893
-0.288559
-0.349120
0.077556
0.126484
-0.399014
-0.740405
-0.671189
-0.644548
-0.325234
0.021398
0.140132
-0.384451
-0.191147
-0.315824
-0.023133
-0.147893
0.161904
0.666060
-0.029248
0.015258
-0.788422
-0.356738
-0.058621
0.086507
0.120966
-0.368972
-0.233950
-0.284691
-0.388717
0.294894
1.083698
1.012059
0.386651
-0.302426
-0.530711
-0.189160
0.218383
0.292250
0.328395
-0.082847
0.008827
-0.040139
0.104775
0.266517
0.538466
0.811526
0.512960
-0.051965
-0.087057
0.269020
0.468133
0.176589
-0.066476
-0.255240
-0.082248
-0.042081
-0.042793
-0.168554
-0.169206
-0.085379
-0.094375
-0.118270
-0.321382
-0.169412
-0.067752
0.820570
1.437112
1.371771
1.642908
1.099463
1.165004
1.552520
2.295155
1.956397
1.071329
1.060176
0.745016
0.837260
2.337205
2.077664
0.132952
0.161018
0.781811
0.028723
0.454513
1.736777
2.310174
2.408730
2.065115
2.099694
-0.246939
0.069804
2.190173
1.921168
-0.445233
-1.402001
-1.176340
-2.204436
-1.669999
-1.404316
-1.386127
-1.019661
-1.144184
0.304494
-1.353651
-0.922080
0.775821
2.462614
0.323270
-1.168385
-1.452844
-0.503370
-0.724535
0.931285
3.071606
3.176685
2.253649
0.558940
-1.572909
-0.065136
0.985286
2.441477
0.255196
-1.326701
-0.690522
0.358398
0.907568
1.305708
0.455535
0.665623
1.778484
0.721994
-1.860525
-0.328265
1.147769
2.210316
-0.493486
-1.571931
0.552626
-0.185095
-0.371398
-1.451407
-2.137572
-2.410618
-1.789821
0.916954
0.198458
-0.678745
1.249987
2.248589
0.088680
-0.937336
0.904842
1.364347
-0.290947
-1.148881
-2.216935
-3.103787
-2.498308
0.728887
-0.488687
-0.326206
3.301371
2.184505
0.156730
0.268631
1.350281
-0.333607
-0.924788
-1.114791
-2.589695
-3.723692
-2.759672
0.391086
-0.317773
-0.036470
2.079367
1.983277
-0.439365
0.031304
3.137756
0.743730
0.330763
-1.008566
-2.237498
-3.375026
-2.599613
0.429682
-0.495423
-0.633796
0.392738
1.966491
-0.377400
-0.256316
2.402542
2.010628
0.511294
0.734280
0.464409
-0.520000
-1.427076
-1.580508
-2.510061
-0.345825
0.954164
2.140689
-0.378204
-1.100102
-0.512565
1.248151
0.943309
2.709603
1.118749
2.902424
-0.456976
-0.963902
-0.762429
-0.192929
1.540136
2.056168
-1.062118
-1.542836
-1.183891
-1.146864
1.552054
4.676552
2.938296
5.332569
1.938345
0.940493
-1.293509
-0.531001
1.777416
1.812809
-0.724288
-0.969511
-0.263150
-0.653323
-0.145022
2.038026
2.531593
2.645024
1.090697
-0.194714
-0.756932
-0.835359
1.504196
0.487763
0.795426
-0.664659
-0.098645
-0.404337
-0.345207
0.195992
0.491201
0.509864
0.299134
-0.128814
-1.013854
-0.446423
0.132552
1.633076
3.119072
2.019982
1.839835
1.502825
0.866399
0.621136
-0.014947
0.273487
1.007191
1.104440
0.875119
1.161476
2.191044
2.387679
1.663588
1.194094
1.495422
1.021002
0.563549
1.219224
0.979553
1.067201
1.615315
1.583459
1.732343
2.423511
2.538674
2.175935
1.117970
0.885927
0.960793
0.537310
1.238519
3.227214
4.811206
5.013822
3.783619
2.685738
1.240348
3.019546
2.919026
1.948690
0.988745
0.317521
-0.299798
0.370188
0.827560
1.853523
1.265022
0.395220
0.423818
0.203515
0.477876
0.804553
3.896704
1.775164
0.954624
0.065998
-0.714991
0.403271
0.014958
-0.760536
-0.982190
-1.574522
-1.351533
0.482325
1.445423
-0.394958
3.955249
1.306492
0.351095
-0.287786
-0.049827
-0.599749
-1.284181
-0.785975
-0.647141
-1.723411
-2.445195
-1.420619
-0.116635
3.582261
2.758091
1.127609
0.121177
-0.281888
1.356096
-0.471917
-0.849525
0.295176
0.133938
-0.695798
-1.510194
-1.455649
-0.965918
2.064901
2.515301
1.281576
0.650437
-0.211413
1.788568
-1.196680
-1.551923
0.334581
0.797440
-0.314680
-1.230874
-1.654436
0.118688
2.445596
2.236181
1.523895
0.423422
-0.194407
0.967476
-0.047311
-2.721429
-0.191928
0.278593
-1.361393
-1.923775
-0.407002
0.069254
1.119510
2.076913
1.779933
0.366111
0.099113
0.492749
-0.289966
-0.697610
-1.610936
-3.287974
-4.039999
-1.877228
-0.494584
-0.144280
0.275287
2.464735
1.733198
0.744076
0.758036
1.073307
-0.014207
0.536893
-0.950610
-2.603526
-2.915040
-0.859844
0.831759
1.103843
1.516656
2.561284
1.442217
0.796252
0.341504
0.708971
0.102295
-0.328786
-0.530133
-2.410719
-1.116518
-0.416402
0.490817
1.453182
2.301771
2.002782
1.932047
0.599254
-0.248695
0.203056
-0.285439
0.274467
1.002823
0.561675
0.854209
0.372009
0.449309
0.467385
1.177996
2.204712
2.120068
1.906370
0.910627
1.303403
1.183858
1.164699
1.440700
1.719420
2.115074
2.177503
1.503038
0.717675
1.073000
1.157109
-1.228833
0.797823
-0.837811
-0.688410
-0.795663
-1.113523
-1.156007
-0.628363
-0.502123
-0.412461
-0.509419
-0.754632
0.143652
-2.845812
-2.197170
1.148554
0.443276
0.099767
-0.081903
0.318480
-0.308205
-0.321704
0.080171
0.439997
0.859846
0.747244
-0.058121
-2.274347
-2.064922
0.893611
0.636525
-0.127602
-0.397244
-0.757463
-1.312625
-1.535458
-0.773081
-1.102756
-0.223691
1.024752
1.193735
-1.619822
-1.758279
0.702231
0.672399
0.206341
-0.332190
-1.689423
0.802567
1.609665
1.912600
1.751484
-1.500728
-0.096610
1.043997
-1.174565
-1.947806
0.201893
0.902653
0.613643
-0.068559
0.728615
2.345275
2.821375
2.154835
2.017060
0.829225
-1.302837
0.386532
-1.568121
-2.191556
-0.084383
-0.143911
-0.993121
-0.089626
1.058217
1.684427
0.497138
-0.014147
0.646859
0.496743
0.065002
-1.334225
-1.783634
-2.159858
0.155294
-0.070072
-5.050280
-2.085508
0.474645
0.782807
-0.002513
-0.209080
-0.546633
0.526696
-0.499410
-1.709163
-1.358801
-2.095769
0.391684
0.507094
-0.833879
-1.357730
0.505089
1.486570
-0.134192
-0.616744
-0.510696
0.909460
-1.226237
-0.704339
-0.957019
-2.085928
0.534761
0.404439
-0.048180
-1.019529
0.657567
2.285684
0.773397
-0.010348
0.806050
1.038199
-1.350049
-0.061501
0.016154
-2.094845
0.403285
1.062790
0.524065
-2.098489
-1.318247
1.174135
2.647009
1.369808
1.046076
-0.144116
1.069990
2.560669
0.618074
-1.963865
0.274469
0.544568
0.333020
-0.812056
-2.298335
-0.194798
2.098982
-0.067282
-1.210797
-1.618137
0.471821
1.629862
-0.530245
-1.777857
0.522520
0.557567
0.277225
0.347242
-1.032831
-0.933965
0.597838
1.058642
-0.569242
-0.195142
1.504193
1.844872
-1.044672
-1.322566
1.755903
1.176310
1.313950
0.875431
0.576836
-0.438409
1.385381
1.625571
1.006307
1.166035
1.051295
2.166032
-1.310983
-1.465613
0.052658
-0.646047
-0.756353
-0.974692
-1.205182
-1.465990
-1.457850
-1.262402
-1.081377
-0.828429
-0.273376
0.638925
-1.109386
2.635147
0.008971
-0.712054
-0.269145
-0.360352
-0.739725
-1.049463
-0.660573
-0.195282
-0.705584
-0.289192
-0.304353
0.585263
2.603643
1.577877
0.501375
-0.034426
1.184486
0.517375
-0.936507
-0.832904
-0.270835
0.093126
-0.043788
-0.114249
0.342676
1.824782
2.352650
1.383992
0.975895
0.562583
0.825611
1.320251
1.094037
1.684105
0.143297
-0.664829
-0.188215
0.748645
1.010199
1.291884
1.066450
1.357154
1.272298
1.071261
1.171111
0.671500
1.680923
0.344308
-0.248543
-0.017281
0.225529
2.357563
-0.930614
1.058923
1.626295
1.681322
1.256640
1.386381
1.140153
0.298865
3.423774
2.467213
0.154574
-0.316833
0.160803
0.309186
0.247882
-1.731129
1.863993
2.137475
1.344439
0.657923
0.440512
1.549315
1.482730
-0.010765
-0.684004
-1.069229
-1.409362
-0.132826
0.659476
1.867564
2.670656
2.268711
1.379624
0.771868
0.681291
-0.377263
0.533937
0.915187
0.155118
-0.568541
-0.554611
-0.245340
-0.630238
0.055685
2.679433
2.287033
1.723538
1.844843
0.430164
-0.429332
1.164648
1.894090
0.401765
-0.053084
-0.437080
-0.038334
-0.552037
0.621048
3.477551
2.055186
1.567335
1.539051
0.673252
0.854448
-0.055717
1.221807
-0.146428
0.052263
-0.843291
-0.132704
1.447037
0.196000
2.646436
1.882571
1.799637
2.001148
2.813013
1.000758
-0.856532
-0.022700
-0.348034
-0.389446
-1.191425
-0.055254
0.579988
0.922518
2.297448
1.760126
1.542337
1.503683
3.412685
4.809778
1.432663
-0.824035
-1.998395
-1.776158
-0.444497
1.989746
2.034201
3.253342
2.283225
1.629989
1.167781
0.904306
1.440097
2.246940
2.578663
1.654596
2.178402
3.186920
2.635244
2.633733
0.922849
1.536119
1.635223
1.552048
0.517245
0.528883
0.782710
0.562806
0.777736
1.373280
3.513253
2.999517
2.125104
1.443520
0.186904
0.873755
1.221530
3.111158
2.326456
1.817611
2.048721
2.023749
2.409797
2.754188
3.352877
3.552734
3.209627
2.516683
1.999511
3.178471
3.866598
1.969909
-0.521977
-2.008677
-1.975232
-2.190208
-1.768800
-1.889452
-1.543389
-1.708521
-2.209406
-2.023812
-1.747658
-0.525794
0.574648
1.901136
0.403159
-0.571491
0.351399
0.877357
0.577924
0.486537
1.036601
0.694806
0.531784
0.685757
0.545780
0.547566
1.689722
0.917847
-0.793583
-1.116843
0.408244
0.319672
-0.575775
0.675241
0.998846
1.301393
-0.262694
-0.646254
-1.108389
0.034604
1.151868
0.466175
-0.766995
-0.253292
0.435484
-1.913724
-1.038332
-1.212901
-1.261515
-1.079341
-2.942779
-1.408605
-2.462924
-0.134021
2.476012
0.229011
-0.433220
-0.533550
-0.805134
-2.448705
-3.102915
-2.594056
-0.788763
-0.426780
-1.451017
-1.474402
-0.941784
0.291183
1.714205
0.557184
0.107287
-1.209335
-1.037703
-0.606494
-0.138655
-1.266904
-2.015620
-1.591400
-0.934979
-0.550910
-2.241000
-1.612432
-0.332485
0.533118
-0.138877
-1.523684
-2.522472
0.941033
1.959178
-0.532421
-2.021614
-1.645715
-0.956193
-0.003002
-0.826387
-0.180042
-0.740722
0.675526
-0.664907
-0.534468
1.198467
0.882861
1.485819
-0.578131
-1.259842
-0.428751
-0.722276
-1.395882
-1.539939
1.362140
0.771484
0.918873
-0.749885
-1.058005
-0.647112
-0.475540
0.290056
-1.300663
-2.095496
-0.834113
-1.786505
-2.620667
-1.991601
0.634645
0.819763
1.162103
-0.706624
-1.388688
-1.148144
-3.139220
-0.089390
-1.141770
-1.698003
-1.765406
-2.607126
-1.426979
-1.368443
-2.073506
0.281943
1.282222
-0.266576
-1.400572
-0.514447
-1.510839
-2.268354
0.211409
-1.702518
-1.755349
-1.643604
-2.817230
-2.259820
-0.953696
0.409994
1.322606
0.121823
-1.229066
-0.774307
-0.689785
-0.853683
-1.944175
-0.216090
1.587805
-1.217682
-3.387071
-2.086528
-0.655071
0.626096
1.069274
-1.011704
-0.903216
-0.051633
-0.098122
1.084989
0.876264
1.447823
2.007402
0.794699
-0.414495
-1.967190
-1.446917
1.060577
0.729273
-1.655473
-0.593368
0.633221
0.894666
1.256070
1.388773
1.596754
1.632708
1.286943
1.076435
0.189004
-0.027481
1.943789
-0.729749
0.218332
-0.759485
-0.753134
-0.502010
-0.573137
-1.113607
-1.619680
-2.026365
-2.258569
-2.054811
-1.338234
-0.727915
-1.279668
-1.309411
-0.511485
-1.108211
-1.355499
-0.997431
-1.401178
-0.434442
0.377097
0.490843
-0.650589
-1.645811
-1.276814
-1.276117
-2.282738
-0.957280
0.139240
-0.288629
-0.294201
0.416566
0.172820
0.955320
-0.755927
-1.286752
-0.181663
-0.299777
-0.277785
-0.948988
-2.534112
-0.640913
1.064857
0.468092
0.319338
-0.846971
0.199326
2.361201
1.571827
1.666849
1.934375
0.716578
-1.328191
-0.944511
-3.039406
-0.255535
1.360868
0.579659
1.544499
0.296045
1.702096
-0.281343
-1.034784
-0.280395
0.480221
1.682891
-1.008787
0.838194
-2.715248
-0.206351
0.968590
-0.031540
1.368679
2.158377
0.402510
-3.341212
-2.242224
-0.621335
-0.334548
1.014540
-0.528871
1.214163
-3.263262
-0.011968
1.199665
0.285588
1.432534
1.218924
-1.100929
-3.280317
-1.746163
-0.665843
-0.128930
0.872332
1.161983
2.591406
-2.273495
-0.119541
1.238577
1.025768
1.693160
0.996120
-0.399127
-3.275861
-2.253816
-1.335306
-0.058825
1.166048
1.344957
0.933209
-1.912109
-0.373337
1.105075
0.705553
1.052517
-0.294079
0.957207
-2.851765
-3.890791
-2.319165
-0.774797
0.803427
-1.135739
-1.337438
-2.251802
-0.805861
0.574759
0.890872
1.042730
-0.245591
1.373780
-1.192338
-2.090758
-0.846479
0.157742
0.334645
-2.022336
-2.965786
-2.143842
-1.326543
-0.352250
0.368556
0.001046
0.816589
-0.431329
-0.066763
0.817201
0.930664
0.377115
-0.988841
-2.425006
-1.464791
-1.901096
-1.606216
-1.018351
-0.581712
-0.764877
-0.212704
0.698968
-0.889875
1.127012
1.722310
1.388421
-0.360645
-0.996550
-0.778585
-1.928144
-0.002016
1.038019
0.138952
-0.133046
0.171485
0.724719
0.244732
1.258907
1.676363
0.951107
0.883908
0.139077
1.024086
-0.579254
-1.253017
-0.565136
-1.570013
-1.503263
-1.183085
-0.168077
-0.146169
-0.452935
-0.736458
-0.989163
-0.227962
-1.003014
-1.322803
-1.844040
1.636053
-1.580182
-2.155035
-2.297235
-1.887883
-1.192104
-0.117083
0.025880
-0.675481
-0.898102
-1.856815
-1.875504
-1.558690
0.162642
-2.054627
-4.047382
-4.019583
-4.654856
-3.933508
-2.866215
-1.162456
-0.504080
-0.621345
-0.365592
-2.017905
-3.898366
-4.217240
-2.109641
-1.748026
-3.117555
-2.309864
-2.814145
-0.890087
0.148821
-0.129578
3.884182
1.333032
-0.169475
1.726040
0.221961
-3.728715
-1.426166
-2.144590
-3.248400
-2.558425
-2.470382
-0.685454
-1.847166
-3.546230
1.378669
-0.046274
-2.113170
0.635446
0.377232
-0.876649
-0.955448
-2.420981
-3.269788
-2.436700
-1.470332
-2.667716
-2.586729
-3.034397
-2.442796
-2.712796
-2.724075
-1.745359
-2.797919
-0.961860
-1.308185
-1.996665
-2.467647
-1.549724
-0.811712
-2.587339
-2.190034
-3.642602
-2.835970
-2.369152
-2.197979
-0.833325
-2.560370
-0.421382
-2.389812
-1.839563
-2.492908
-2.984219
-1.875627
-1.298779
-3.172859
-4.266751
-3.000293
-2.602772
-2.562450
-2.100220
-3.219393
-2.134122
-3.389332
-1.918813
-2.294743
-2.621894
-3.096958
-0.510327
-1.187235
-4.364216
-3.497231
-3.144548
-2.402161
-2.012604
-2.397086
-2.778509
-3.307397
-2.150453
-2.527100
-2.276755
-2.023920
1.367772
-0.125632
-2.321266
-2.548131
-2.403385
-1.007118
-1.147602
-1.153295
-2.366583
-3.081546
-2.299560
-3.181185
-2.931973
-3.022101
-1.063232
-1.176733
-2.153856
-3.656362
-3.591801
-1.729145
-1.465416
-1.233486
-1.019446
-2.029516
-2.114712
-3.366705
-2.110072
-2.972883
-3.336894
-3.323936
-2.722608
-1.847601
-4.070466
-2.073110
-2.950777
-3.082773
-2.879301
-2.201494
-1.493640
-2.816234
-1.527526
-1.797667
-1.892543
-2.325758
-2.221112
-2.841400
-3.089502
-1.600222
-1.773336
-1.595749
-3.681108
-2.226333
-0.538552
-1.779616
-1.027164
-1.803459
-1.497993
-1.066175
-0.728735
-1.913567
-1.789523
-1.581553
-1.370654
-1.439846
-2.039033
-0.764911
-0.586630
-1.779082
-1.140181
-1.214921
-1.079988
-0.866948
-0.455525
-0.465893
-0.425207
-0.662924
-0.595102
-0.879532
-1.545099
-1.925545
0.873315
0.217527
1.082232
1.006824
1.224709
1.342716
0.975612
0.649572
0.629377
0.953415
1.272605
1.388906
0.722122
0.773447
0.019835
0.233733
0.670030
0.891720
1.013059
0.589989
0.564014
1.828244
1.794630
0.997382
0.893045
0.661947
0.244211
0.350981
0.948536
0.518405
0.612640
0.418765
0.235645
0.519766
1.187000
3.568684
2.848547
1.066031
0.859540
-0.083161
0.368518
1.197907
1.106018
0.571770
0.614637
0.170655
0.236164
2.127589
2.051835
2.041362
1.963370
0.821778
1.442055
0.626082
0.254938
1.230152
1.152039
0.761616
0.693084
0.565591
1.932939
2.225310
0.407316
0.149626
0.612310
0.390706
0.760815
1.462608
1.133471
1.686358
1.194775
0.546303
0.377640
2.042555
2.794660
1.013753
-0.194197
-0.464298
-0.306072
0.076083
0.836669
2.452554
2.298137
1.571810
1.222381
0.264170
0.538387
3.437308
2.725670
1.377496
0.405855
-0.196028
-0.220839
-0.046136
1.037988
0.897495
0.948145
0.910252
1.198135
0.502194
0.550100
-0.093475
0.811247
1.105588
0.333550
0.092074
-0.054611
0.420711
1.286977
0.929507
0.758197
1.183437
1.183047
0.501676
0.674479
-0.209727
0.388014
0.881403
0.375147
0.381672
0.337556
1.097363
0.780881
0.649430
0.844425
0.860987
1.211310
0.685086
0.786705
0.058083
1.195291
0.895136
0.610665
1.615993
1.755677
1.965190
0.271317
0.464241
0.172077
0.503185
1.257941
0.826811
0.892994
1.077594
-0.029706
0.248668
0.643961
1.515230
0.317111
1.683975
1.224638
-0.169062
-0.168234
0.940348
0.928010
0.485521
0.543714
0.977606
0.527259
-0.138595
0.646941
0.239621
-0.259623
1.029240
0.761334
0.219571
0.280363
1.289120
0.155058
0.124195
-0.199887
0.037153
-0.183625
-0.515637
-0.155301
-0.692022
-0.622372
-0.502074
-0.446098
-0.724702
-0.164516
0.858465
0.148867
0.356345
0.092485
0.133093
0.116999
-0.101154
-0.294060
-0.645430
-0.632090
-0.458070
-0.405963
-0.289458
-0.155614
0.195826
-2.843853
-1.315704
-0.227608
-0.532336
-1.111384
-1.615406
-1.827489
-1.843792
-1.929178
-1.647308
-1.454209
-1.106723
-0.827004
-0.910950
0.009650
0.693801
1.739162
1.947540
0.923368
0.575943
0.582121
1.096632
0.337176
-0.319199
0.135287
0.373754
-0.124032
0.972758
1.108825
2.698247
1.994006
1.762851
1.849425
2.621556
0.558348
3.419847
1.841923
0.328745
2.106974
2.218683
1.518062
1.215552
1.033884
2.485888
1.973872
2.195633
2.233492
2.215198
2.619308
5.326787
4.397309
4.091475
6.441481
2.312549
3.224610
2.096540
1.042694
1.992657
2.480097
2.353284
2.279317
4.234153
5.548668
4.878778
4.848772
4.624633
5.286199
3.012910
0.092008
1.528684
1.163437
2.341868
2.632789
2.899046
3.395087
2.548392
4.952036
4.377642
3.634608
3.753549
6.672056
4.928625
1.998217
2.630101
1.229344
2.897831
1.181435
3.425842
3.268351
2.828398
4.465143
4.335739
3.746191
3.738956
4.349307
5.449478
0.218298
1.240579
1.390919
2.870691
1.599323
0.228433
3.348784
4.637898
5.276765
3.775244
3.240093
3.659359
4.625290
4.195024
0.398091
1.402272
1.477646
2.599573
2.134894
0.625714
5.279241
6.594803
7.467176
4.586610
3.324601
5.665765
8.156730
4.764771
0.384357
1.803097
1.617378
2.848813
1.687901
1.868516
1.947165
5.285828
6.990577
6.385481
5.018547
7.622375
5.265875
2.697307
4.268768
2.409546
1.721885
3.407779
2.013397
1.631003
3.028939
1.529710
2.727442
2.689005
2.041123
2.630344
1.242990
1.985941
2.790550
1.624286
1.654194
3.536455
2.881760
2.423329
2.215100
1.695255
-0.144278
1.921436
0.107364
0.925004
2.927191
2.150035
1.866354
1.168011
2.003939
5.112648
5.729347
5.557519
4.496002
2.695817
2.049422
2.649252
2.055794
4.387362
4.531833
5.019298
4.580826
3.101602
-0.764590
1.585334
1.808834
1.933428
1.539022
1.008495
1.398001
1.648364
1.590844
1.569057
1.352223
2.056200
2.899732
1.351475
-1.333238
0.170894
-0.512987
-0.239362
0.064208
0.394038
0.497073
0.285824
0.402105
0.297523
0.338856
0.138560
-0.119858
-1.485108
0.574389
0.460521
-0.193350
0.430559
0.566686
0.059213
-0.426782
-0.399413
-0.247620
-0.998418
-0.624107
-0.194324
0.266834
0.491778
0.001619
-0.546885
-0.728822
-0.312362
-1.046475
-1.272719
-0.728771
-0.260638
0.587618
-0.450805
-0.810562
-0.652135
-0.179193
-0.686399
-0.143797
-0.113151
-0.464006
-0.354373
-0.998972
-0.136172
0.634269
0.751541
1.429894
0.650141
-0.225877
0.186415
-0.218969
-0.787070
-0.201151
0.055811
-0.344732
-0.102849
0.427315
0.439074
0.378633
0.192999
0.533192
0.598140
1.380834
0.942958
-0.139450
-0.481669
-0.179069
0.223794
-0.818358
-0.810927
0.827184
0.686493
0.018581
-0.721386
-0.360796
0.168553
0.691806
0.032849
-0.932708
-0.275552
-0.113407
0.615847
0.450789
-2.066696
-1.398408
-0.994081
-0.327282
-0.547888
-0.163286
-0.045444
0.187987
-0.454591
0.861420
0.677366
-0.164419
0.553218
1.003976
0.339879
-0.513147
-1.922196
-0.389896
-0.265059
0.044915
-0.034920
-0.452637
0.108780
0.918379
0.619245
-0.235843
0.326495
0.770624
-0.234129
-0.908254
-1.939157
-0.851930
-0.374818
-0.083758
-0.926495
-1.904274
-1.089808
-0.425258
0.206240
-0.261024
-0.081310
0.463632
0.780126
-0.262342
-1.251729
-1.080567
-0.686935
-0.659585
-2.010390
-1.684001
-0.752847
-0.025091
-0.114626
-0.155412
-0.291970
-0.298955
0.826959
0.843421
0.005063
-1.501163
-1.947811
-0.911843
-1.554588
-0.098745
1.048627
0.790917
-0.118043
0.121156
-0.157167
-0.932407
-0.240561
0.367478
0.093407
-0.444712
-0.560094
1.359964
0.673641
0.763964
0.656097
0.468157
-0.183989
0.469489
-0.082569
-1.014256
-0.669161
-0.465238
0.146378
0.543289
0.049679
0.223000
0.293685
0.121454
-0.487991
-0.289240
-0.077892
0.923347
1.060070
-0.414249
-0.534143
-0.457002
-0.309276
-0.080718
0.022356
-0.024991
-0.091203
-0.285851
-0.542857
0.423350
-0.062051
6.495408
5.733929
4.457671
3.850919
3.725491
3.005269
2.867714
1.757940
1.823936
2.874701
2.829075
3.284671
4.921955
5.694216
3.652302
0.631857
1.106795
0.073542
-0.404053
-0.062011
-0.314597
-1.174470
0.052330
0.476601
0.290157
-0.390565
-0.803163
3.222344
3.076120
0.981923
1.835533
1.099634
2.080551
3.079359
1.160675
-0.083901
1.739816
1.586624
3.715715
2.761134
-0.950276
3.370031
2.338669
0.105218
0.371962
0.753966
1.365595
0.695675
3.599550
5.183150
5.631210
4.462261
1.000153
1.131086
-0.032115
2.646239
2.121041
-0.647859
0.638837
1.254852
1.026764
2.310026
2.792088
2.441291
2.444949
4.436999
5.329101
1.321848
-0.376354
3.315822
1.710898
-0.840852
1.469090
-1.715895
0.242767
1.827048
1.490086
1.744752
1.535328
2.532313
4.208280
2.873487
-2.342457
3.427070
1.376631
-1.281276
1.555678
-1.979331
0.074039
-0.145802
1.007521
1.645329
1.799758
1.567787
1.195595
1.246660
-0.680161
2.466228
1.505225
-1.147237
0.786114
0.988318
-0.479380
1.578804
0.710435
1.566366
1.672844
1.332387
2.398938
1.476449
0.069597
2.471490
1.994352
-0.650187
0.717294
0.798467
-0.834618
4.079518
2.996625
3.267743
3.195302
4.564455
4.135094
-0.458970
-2.741701
2.367239
2.444703
-0.349342
0.113898
0.636288
-0.209661
2.446204
4.840391
2.830724
3.609036
5.777274
3.474666
1.780844
0.672081
2.759003
2.691690
0.080683
0.068539
-0.668109
0.879504
-0.185862
2.644857
0.851492
0.875607
2.510646
1.375825
0.395636
-1.598079
2.834908
2.480766
0.303828
0.529747
-0.097638
0.541371
1.149702
0.588313
-2.631785
-1.843044
1.619885
1.292618
0.001016
-1.398341
2.630360
2.984882
1.206994
1.871183
0.984577
0.944935
0.936790
2.856157
2.516975
1.919575
1.634554
0.439865
1.089639
0.763551
3.471639
3.246690
1.866364
2.655903
2.426812
2.652025
2.280011
2.348949
2.542471
2.322483
2.403894
2.151771
2.869589
1.753109
1.143966
3.227879
1.581101
1.104780
0.881731
1.033266
0.894133
-0.018276
-0.284451
0.012150
0.361675
0.974971
1.589481
1.549337
3.065233
2.494802
2.327062
1.536346
1.426642
1.222610
0.791394
-0.482331
-2.716683
-1.267181
-0.090814
0.154006
1.535129
2.413671
2.008418
1.646232
1.847082
0.805454
0.095167
-1.631461
-1.845267
-2.543646
-4.845011
-2.597613
-1.476340
-2.536729
-1.681423
1.190201
1.711511
1.574561
1.822087
0.107244
-1.552027
-1.495113
-1.356562
1.208484
-0.003644
0.306342
1.138818
-0.621015
-1.209786
-0.972599
1.471359
1.575269
1.381743
-0.542313
-1.657800
-0.995796
-0.480338
0.214581
2.034543
1.986528
0.745843
0.282096
-0.068746
-1.545969
-0.053973
1.690323
0.631389
-2.083130
-0.820670
-0.284487
2.275227
1.541026
2.085759
1.570183
1.828185
0.154235
-0.123074
-0.292558
-1.611326
1.846801
0.822586
-2.120125
-1.034491
-0.980129
2.078133
0.496767
1.168498
1.109164
0.948582
0.938633
1.558010
0.061305
-1.180331
1.914889
1.109304
-1.721226
1.716541
1.709164
1.426988
0.166833
0.721227
0.702453
0.986965
0.478476
2.372472
1.073846
0.735707
1.779950
1.355810
-0.932891
0.223653
-0.941539
-0.233567
-0.465057
0.194435
-0.088562
-0.140367
-0.886018
0.384163
-0.736970
1.023067
1.683000
1.917712
0.039292
-0.353422
-1.316145
-1.383850
-1.540631
-1.718182
-1.618870
-2.233876
-0.197093
0.207686
1.361449
1.566793
1.738012
2.218151
0.534973
0.237165
0.199308
-0.076317
-2.450906
-1.141174
1.030777
-2.076565
-2.496993
1.012453
1.992424
1.760729
1.979906
2.187075
0.907915
0.251089
0.641478
-0.496452
-1.768473
-1.111704
-0.500091
-2.223121
-1.256924
0.455843
1.823057
1.897885
1.384784
0.404276
0.607930
0.002513
0.358144
0.164694
-1.172011
-0.317937
-0.207658
-0.472328
-0.258035
0.489055
-0.386537
1.085574
2.226742
1.975212
1.336510
1.278810
1.548131
1.747346
1.930652
1.877613
1.857187
1.945252
1.706617
1.436671
2.194563
2.881750
-0.569142
1.308831
0.889232
0.269888
0.117341
0.199392
0.176457
0.093065
0.081716
-0.063798
0.047075
0.765969
0.753901
-0.556024
0.465488
1.284256
1.624045
0.725689
0.718348
0.558943
0.435389
1.024322
0.848777
0.067428
0.383797
1.222938
0.944116
0.220586
0.085340
0.928294
0.411693
-0.017677
0.234778
0.226195
1.366619
1.794772
2.153038
1.041367
0.504627
0.519653
0.694285
0.116911
-0.177444
1.121897
0.090482
0.044499
-0.235765
0.434603
0.897440
-0.332428
-0.229295
-0.192063
-0.106873
1.349234
0.962040
0.206674
0.019690
1.319373
0.399101
0.811116
0.859504
0.152334
-1.358173
-1.955538
-1.093098
-0.897554
-0.159312
1.442012
1.764641
0.406011
0.246536
1.331038
0.635197
1.217753
1.231898
-0.222290
-1.339349
-0.685719
-0.224845
-0.698024
-1.036317
0.118896
0.783709
0.349937
0.184000
0.959795
0.126577
-0.571968
-1.081282
0.296077
-0.405998
-0.162774
0.063369
0.116330
0.010428
0.053183
1.450038
-0.334491
0.107868
1.119984
0.264123
0.528257
1.040553
0.729555
-0.280229
0.161512
0.319719
0.446295
0.333557
0.795900
2.355152
-0.586469
0.130886
1.013775
0.063360
-0.572323
0.748235
0.258531
-0.109718
0.268147
0.441546
0.241104
0.118627
0.255134
0.817415
-0.710439
0.079916
1.215320
0.144075
-0.825781
-0.497073
0.902562
0.084928
0.003057
0.105898
0.869060
0.404215
0.862614
-0.088282
-0.854970
0.002929
1.300465
0.343775
0.143082
-1.240307
0.227731
1.176401
0.051586
-1.014043
0.465256
-0.071210
-0.821599
-0.373072
-0.417331
0.049027
1.239096
0.464451
0.208676
-0.324409
-1.233676
-0.535350
-3.150534
-2.601132
-1.033011
-0.726630
-0.521948
0.396528
0.005678
0.681456
0.855147
0.607154
0.121461
0.204443
0.178092
0.519082
-0.549666
0.029815
0.246125
0.322484
0.558374
1.034277
0.553413
-1.235812
0.241947
0.275257
0.280138
0.373074
0.533556
0.558631
0.512780
0.465720
0.300375
0.218727
0.325927
0.108210
-1.868828
