-7.199314
-1.204880
-0.818731
-0.784876
-0.761408
-0.685255
-0.757431
-1.183739
-1.136955
-0.883911
-0.783779
-0.711063
-0.663935
-6.027117
15.331647
16.439278
15.977581
15.847015
15.511404
14.350821
9.896997
1.912786
2.281031
7.928369
12.237396
15.039698
16.629114
12.468054
14.943234
17.843918
17.660854
17.571444
14.118357
1.541872
-8.093233
-6.344051
-5.241337
-5.144991
-1.039091
8.599646
17.809395
13.202602
15.006189
17.907408
17.747726
15.953435
2.770825
-3.436245
-6.043371
-5.759556
-3.488705
-3.911734
-3.228369
0.669540
11.586016
13.581966
15.007268
17.922525
17.602880
11.258296
2.249300
-4.284096
-1.563778
7.950075
10.950445
5.766510
0.620250
1.565467
2.625336
12.318892
15.007268
17.937252
16.260824
6.020291
1.505964
6.755793
16.842449
18.225313
18.064224
18.230190
12.350960
0.292657
4.682078
12.959644
15.007268
17.896063
15.801787
9.092492
5.861645
15.474518
18.273359
18.190514
18.197853
18.193573
17.827620
8.270920
6.737428
14.183087
15.007268
17.890572
16.027138
5.302702
3.038427
14.164673
18.588894
18.216774
18.200132
18.169296
16.174885
6.653783
9.101543
14.654739
15.007268
17.904322
16.838873
8.337060
-0.237706
4.730335
17.476021
18.374577
18.213261
17.174414
8.547625
-1.830812
4.396981
14.066257
15.007268
17.909212
17.626451
11.085370
-2.284719
-9.022552
-0.417338
6.466964
4.163269
0.955571
-5.578676
-3.408775
5.227471
13.533137
15.007268
17.906269
17.748404
17.020899
5.780489
-2.111803
-10.285482
-11.950500
-11.156025
-9.759626
-4.152157
4.493708
14.878559
13.463459
15.030909
17.929348
17.717028
17.801062
16.590193
7.581212
0.159071
-5.221941
-5.919386
-3.411282
5.412907
13.903363
18.473967
13.277629
14.163152
17.399673
17.410400
17.321835
17.408342
17.771614
14.215942
7.998484
8.276312
12.715481
16.482796
17.373884
17.642006
11.807723
-5.635561
-3.034698
-2.733612
-2.742723
-2.729698
-2.613993
-2.504114
-2.438934
-2.465504
-2.503092
-2.571598
-2.642277
-2.222013
-4.782362
-1.501655
-1.907060
-2.247883
-2.249833
-2.250700
-2.252038
-2.238408
-2.200269
-2.230941
-2.243581
-2.226575
-2.235929
-2.169514
-1.048372
-1.332846
-1.003394
-1.153895
-1.137380
-1.114526
-0.872629
-0.840861
-0.712886
-0.683223
-1.153752
-1.035892
-1.142970
-1.145556
-1.122042
-1.392422
-0.855056
-1.070644
-0.944141
-0.859320
-0.655653
-0.677638
-0.241366
0.370893
0.111107
-0.147791
-0.829939
-1.027911
-1.260790
-1.408918
-0.842363
-1.030683
-0.756267
-0.184375
-0.129680
-0.277791
-0.525709
-0.108294
-0.613153
0.200059
0.114452
-0.313740
-1.262826
-1.410182
-0.838030
-0.963387
-0.509356
0.066675
-0.046375
-0.471248
-0.403424
-0.254690
-0.304257
-0.283484
0.013335
0.439258
-0.924063
-1.410182
-0.808644
-0.922262
0.043238
-0.357682
0.192636
0.193660
0.263262
0.314595
0.089086
-0.353510
-1.090775
0.396791
-0.313404
-1.410182
-0.767748
-1.184312
-0.373387
0.204277
0.093273
0.245490
0.299827
0.302790
0.237772
-0.251068
-0.666176
-0.224027
-0.103516
-1.410182
-0.763886
-1.053470
0.372760
0.105589
0.287854
0.285196
0.295187
0.298418
0.253518
-0.023537
0.094257
0.311592
-0.421703
-1.410182
-0.807818
-1.142198
0.166449
-0.165398
0.100184
0.223453
0.235675
0.259492
0.260398
-0.020558
-0.629755
-0.111368
-0.299730
-1.410182
-0.837623
-1.083805
-0.597505
-0.906193
-1.269575
-0.564426
-0.508629
-0.556335
-0.582199
-0.983577
-1.002722
-0.027590
-0.853674
-1.410182
-0.843280
-1.032712
-1.017330
-0.673988
-1.192366
-1.536021
0.069435
-0.206561
0.234287
-1.192477
0.489251
-0.394674
-1.166237
-1.409292
-0.830873
-1.024549
-0.989139
-0.872550
-0.791876
-1.233367
-1.242199
-0.691324
-1.038845
-0.643271
-0.461120
-1.022537
-1.228068
-1.319618
-0.866423
-1.107474
-1.082947
-1.079201
-1.030136
-0.987492
-1.331758
-1.387056
-1.234697
-1.063967
-1.056353
-1.143800
-1.442049
-0.099268
-0.619428
-0.993114
-0.967902
-0.963189
-0.948014
-0.937950
-0.910751
-0.897652
-0.905788
-0.923734
-0.942175
-0.919441
-0.648150
-1.827135
-3.510115
-2.671208
-2.675231
-2.678764
-2.676071
-2.649885
-2.642906
-2.763721
-2.731618
-2.627850
-2.643802
-3.416312
-3.812328
-4.369746
-4.358935
-2.543036
-2.606524
-2.535242
-2.053859
-2.423442
-2.624695
-2.738677
-2.435773
-2.433162
-2.657911
-3.466939
-2.820662
-4.141950
-3.634775
-2.300155
-1.705041
-1.997761
-2.101538
0.143257
2.870848
3.224562
0.342198
-1.442411
-4.347010
-4.399168
-2.392503
-4.321011
-3.781119
-2.458539
-2.102466
-4.369849
0.746473
-0.054842
1.466159
1.154735
-3.656102
0.286932
-1.778114
-5.284361
-2.933453
-4.319937
-3.807134
-2.018217
-1.945556
-1.055528
0.861040
-3.107936
-2.692523
-2.816868
-5.284024
-2.696608
4.010254
-1.453465
-3.935298
-4.319937
-3.841146
-1.827589
-0.044570
3.684566
-2.336166
-5.330300
-3.177556
-3.281183
-4.529583
-5.658482
2.046976
-0.348073
-4.605565
-4.319937
-3.877321
-1.658325
0.381423
3.582350
-2.498911
-3.701857
-3.441923
-3.442469
-3.588737
-5.775122
0.193887
-2.573317
-5.080667
-4.319937
-3.853129
-1.981990
0.989693
-0.238160
-1.724792
-3.483777
-3.444516
-3.442271
-3.546570
-5.376287
-0.714975
-0.488045
-5.513865
-4.319937
-3.802209
-2.858791
-1.033597
0.006874
-1.926108
-4.673532
-3.597512
-3.410068
-4.397043
-5.889761
-5.010581
-3.257215
-4.835771
-4.319937
-3.771269
-2.671747
-3.163243
1.478523
1.690731
-3.859667
-4.967324
-3.463767
-6.188863
-0.670159
2.167999
-5.653814
-3.759939
-4.319937
-3.772867
-2.464029
-3.408619
-4.618445
-0.183466
4.492301
1.539785
0.541826
2.257416
4.154629
-0.484054
-4.611428
-2.845042
-4.306643
-3.753588
-2.405449
-2.173094
-2.667941
-4.346188
-2.255648
-0.901016
-0.584619
-0.996358
-1.490488
-3.510055
-4.077160
-2.413895
-4.895036
-4.034059
-2.820978
-2.853660
-2.833009
-2.614765
-1.456981
-1.898310
-2.370532
-2.778110
-2.295563
-2.680933
-4.244633
-3.371132
-2.039822
-1.750149
-0.579875
-0.515273
-0.521962
-0.493179
-0.397048
-0.299377
-0.320524
-0.413006
-0.482862
-0.519922
-1.534826
-1.966306
0.813005
0.050682
-0.071979
-0.037042
-0.031618
0.003151
0.119072
0.268379
0.323333
0.207685
0.054614
-0.022747
-0.276038
0.617075
-0.194477
-0.516639
-0.700545
-0.632302
-0.493478
-0.148113
0.431638
1.053002
1.135048
1.326846
0.281275
-0.144442
-0.403771
0.774889
-0.244392
-0.518326
-0.739094
-0.694464
-0.324337
0.323800
1.044087
-0.276150
0.132391
0.904675
0.395964
0.102534
0.058759
0.776967
-0.230172
-0.501055
-0.642470
-0.465490
0.977019
0.427166
-0.215643
-1.386330
-0.951519
-0.315333
-1.614930
0.006696
-0.111891
0.948915
-0.230348
-0.480841
-0.649018
-0.217740
0.295361
-0.714056
-0.249171
0.040510
0.345851
0.292073
-0.147791
-1.018770
-0.072886
0.748039
-0.230348
-0.405700
-0.420884
0.240955
-1.064640
-0.739054
0.295108
0.238243
0.142838
0.258462
0.556431
-2.054582
-0.341581
1.095899
-0.230348
-0.344693
0.055634
-0.952019
-3.477127
0.576540
0.282900
0.020864
0.001817
0.121729
1.011540
-1.147515
-0.854067
1.136641
-0.230348
-0.381704
-0.201708
-0.225694
-0.875507
0.082635
0.267822
0.018972
0.002899
0.130020
0.567657
-0.186257
-1.425915
1.140961
-0.230348
-0.472694
-0.547340
-0.133073
0.326240
-0.290801
0.656461
0.289155
0.223025
0.226543
0.744961
-0.957891
-1.078694
0.794226
-0.230348
-0.504309
-0.608218
-0.836341
-0.989116
-1.539749
0.807856
2.182607
2.103270
0.575050
0.026898
-0.390260
-0.568791
0.656905
-0.230348
-0.504426
-0.676035
-0.588686
-0.884876
-1.464972
-2.131599
-0.395053
-0.664692
-1.537474
-0.913777
-0.121862
-0.125124
0.878748
-0.248210
-0.496009
-0.718677
-0.596139
-0.451895
-0.381808
-0.322116
1.106481
-0.827960
-0.841665
-0.507635
-0.375947
-0.057160
0.736111
-0.781624
-0.598615
-0.716097
-0.661706
-0.556700
-0.433632
-0.610840
-0.457566
-0.479380
-0.646312
-0.609636
-0.484246
-0.542938
0.395566
1.309269
0.551969
0.415078
0.443442
0.449062
0.487084
0.519578
0.575258
0.581602
0.547904
0.505112
0.468891
0.404229
1.960319
1.675914
7.643516
8.169882
8.260605
8.262376
8.248162
8.293365
8.534555
8.512178
8.223350
8.118205
8.209193
7.918652
6.794055
2.052207
5.362545
5.175751
5.207131
5.487186
5.990602
7.066721
7.279079
6.504339
6.380156
6.716287
6.264859
5.980685
5.773263
1.756852
4.953264
4.642884
4.760903
5.650671
2.934912
1.557150
2.724735
-0.012024
3.309346
3.221664
4.756473
6.847707
5.451596
1.848967
4.997012
4.843721
4.289883
-0.938808
-4.703196
-1.138980
3.407596
1.314077
1.308614
-2.389554
1.532348
6.454054
5.914072
1.850763
4.979879
4.823726
1.991855
-1.558263
-2.208108
1.785831
4.292620
5.221102
4.082307
-0.950463
-0.336373
3.713747
5.670845
1.850763
4.928690
4.034999
1.540435
0.465542
2.840236
4.160217
3.296399
3.117613
3.184354
2.333713
-0.255502
3.516425
5.648607
1.850763
4.755999
3.921437
1.534606
0.010027
3.257241
3.457415
3.098791
3.199760
3.198279
4.330499
0.788381
1.043546
5.409626
1.850763
4.833774
3.416168
1.665822
-2.894886
1.347863
3.465009
3.119546
3.208473
3.196756
4.099654
0.869939
0.843961
5.509517
1.850763
4.936318
4.285673
-1.203179
-2.051246
0.109524
4.175931
3.314455
3.160608
4.049266
3.299725
2.669745
3.775115
5.740899
1.850763
4.963432
5.013944
0.591309
-4.965253
-1.843152
4.621157
7.873828
6.393705
4.348995
-0.907040
4.841056
7.162683
6.572515
1.850763
4.994214
4.822959
4.658332
1.894675
1.424656
6.770407
4.710159
0.301393
-5.409073
-1.854310
6.390258
7.035394
5.899729
1.826660
4.980854
4.670951
4.939169
6.022649
5.214506
10.865633
5.789100
0.008094
-1.308889
3.363387
6.115837
6.074697
5.351398
1.888563
5.458761
5.093853
5.164482
5.287701
5.801858
7.271870
7.348735
6.893331
6.755695
6.483595
5.665466
6.031466
5.948690
1.988829
6.145159
5.995197
6.031269
6.026869
6.009160
6.022710
6.030304
6.010133
5.967672
5.975964
6.028978
6.308437
5.720630
2.658215
5.285707
4.721349
4.619172
4.617294
4.632615
4.591136
4.539128
4.558650
4.582140
4.616212
4.660757
4.961536
4.164254
2.636953
5.081843
4.763733
4.643225
4.546009
4.145072
3.730472
3.158778
3.178506
3.724278
3.822891
4.394153
4.990317
3.679499
2.328282
4.923666
4.610262
4.325859
4.061553
2.236038
0.768262
1.373030
1.001972
0.471850
1.606060
3.649264
4.365088
3.500128
2.311420
4.917312
4.577749
4.099943
3.299175
2.491725
2.305108
1.383630
1.670284
1.590159
1.827486
2.695866
4.405476
3.636762
2.308268
4.919829
4.384625
3.860540
2.595754
1.902563
1.514933
1.844142
2.115893
1.429626
1.043318
0.920607
3.693352
3.192299
2.308268
4.906640
4.594586
3.022002
1.411199
2.456882
3.376616
3.870229
3.888158
3.763542
2.785239
1.581905
1.318387
2.242374
2.308268
4.927764
4.697203
1.783378
1.990249
2.449069
3.814992
3.975738
3.957690
3.977257
3.444183
1.500079
1.330414
2.578324
2.308268
4.891953
4.828697
2.841814
2.158300
3.184758
3.789135
3.977100
3.961816
3.976156
3.169473
0.679332
1.483032
3.607376
2.308268
4.898113
4.521684
3.627494
0.501690
3.003888
3.231161
3.785684
3.844022
3.201520
1.781291
0.352502
1.055127
3.071873
2.308268
4.919289
4.546731
4.475798
2.123718
1.830147
1.495238
0.704480
0.520335
0.105387
0.520682
3.822317
3.294291
3.313114
2.308268
4.916132
4.544911
4.442627
3.726387
2.607277
2.120506
-0.296783
-0.688784
-0.125643
3.193913
3.566712
4.147505
3.696839
2.329084
4.930444
4.586016
4.442140
4.278606
3.629271
2.328698
0.655064
1.281209
1.794667
2.824148
3.754137
4.772497
3.559712
2.438150
5.320054
4.707177
4.608723
4.561578
4.651431
4.463684
4.072928
3.823788
4.267060
4.631219
4.624919
4.877702
3.668751
1.095061
3.395130
2.883945
2.754729
2.757539
2.761158
2.774269
2.770455
2.767267
2.774195
2.773868
2.784469
2.981698
2.088988
1.246305
1.837852
1.975599
2.042239
2.036878
2.011810
2.047430
2.191777
2.140070
2.039485
2.012198
2.011652
1.631001
2.304904
1.453795
0.371794
0.624565
0.685688
0.690112
1.002657
1.325263
2.099606
1.798814
1.211693
1.068038
0.765331
0.291990
0.941822
1.724547
0.978167
1.269517
1.237498
1.622756
2.309698
3.136851
1.385123
1.144687
2.739673
2.182930
1.132949
0.711327
1.252692
1.752930
0.996221
1.240800
1.187471
2.115018
1.238331
0.632990
-0.077620
0.822623
1.186360
0.234872
0.948736
1.067072
1.159716
1.753764
0.975278
1.135649
1.818387
1.521994
-0.484685
1.350451
1.211846
1.691576
1.438323
1.242170
0.459821
1.644398
1.120040
1.753764
0.944620
1.474730
2.828813
0.519647
1.253166
2.542799
2.533731
2.521970
2.212197
1.795934
0.611813
1.099955
1.813051
1.753764
0.928047
1.878815
0.911938
-0.451769
2.486674
2.524987
2.607734
2.629226
2.538132
2.000897
1.846894
0.664945
1.760857
1.753764
0.944523
1.492578
1.680229
0.469239
2.295577
2.423573
2.614437
2.628945
2.557999
2.219305
2.156603
1.570281
1.607746
1.753764
0.964932
1.250481
1.762200
0.501420
1.325043
2.250861
2.459460
2.530479
2.318889
2.155909
0.190293
0.532971
1.347636
1.753764
0.989794
1.187291
1.248583
0.782204
0.007000
1.950188
2.929913
3.407547
2.886642
1.515136
-0.097366
0.766167
1.014890
1.753764
0.999348
1.254186
0.803607
0.875521
0.535881
-0.384864
2.410740
1.951520
0.533229
-0.047920
0.742879
0.661461
1.066254
1.720914
0.970933
1.277466
1.262042
0.956355
0.719695
0.793772
0.705425
0.162235
-0.276732
0.522220
0.847139
0.702098
1.204747
1.480913
0.463342
0.640693
0.710065
0.653011
0.504103
0.330191
0.040129
0.317296
0.622556
0.666774
0.660287
0.264405
0.871062
2.030334
0.869314
0.885963
0.932595
0.930322
0.912846
0.912493
0.881766
0.854379
0.859172
0.890498
0.901527
0.658625
1.036462
1.656683
0.433755
0.115724
0.126814
0.122476
0.137172
0.216970
0.353681
0.344071
0.237351
0.167210
0.145988
0.254434
1.447892
0.859837
0.962881
0.897906
0.984563
1.175067
1.711186
2.460186
2.843517
3.128786
2.618176
2.234700
1.479866
0.991952
1.002552
0.718587
0.935946
1.085114
1.333098
2.183601
2.470212
2.110096
1.992230
1.179344
1.834588
2.713762
2.603627
1.366304
0.936606
0.692549
0.931851
1.161863
1.482784
1.602863
2.752718
2.518135
0.790399
0.549704
2.008089
1.206672
2.821500
2.282640
1.148016
0.690197
0.921746
1.341984
1.656528
1.604032
1.454882
-0.167151
0.742244
1.120496
0.475967
-0.348060
1.882818
2.300921
1.752255
0.690197
0.914808
1.518641
1.065262
1.294980
0.933340
1.063638
1.389220
1.444194
1.280793
0.438185
0.496979
0.864833
2.370903
0.690197
0.904351
1.401164
-0.094822
0.827446
0.320438
1.355013
1.471341
1.452053
1.431332
0.886589
0.309346
0.948080
1.747619
0.690197
0.906121
1.170779
-0.244494
1.168973
0.100100
1.369470
1.475801
1.453789
1.446451
0.868841
0.004818
1.435683
1.544984
0.690197
0.911837
1.351024
-0.986124
0.631944
0.685691
1.338537
1.477226
1.532723
1.522830
0.646357
1.001678
1.008556
1.520083
0.690197
0.921543
1.275451
0.798113
0.567136
0.660914
0.974638
1.120614
1.531378
0.963537
0.654650
3.131327
1.906847
1.379075
0.690197
0.930343
1.138302
1.272213
1.114009
0.710408
0.741939
-0.316334
0.381508
-0.972482
0.949860
1.843190
1.301865
1.049302
0.694378
0.932420
1.106624
1.241390
1.327429
1.330333
0.937990
-0.692164
0.649108
0.021401
1.385910
1.464636
1.143581
0.907131
0.782551
1.137691
1.167839
1.264642
1.300042
1.425178
1.817015
1.531714
1.479646
1.736958
1.567313
1.385448
1.089611
0.848704
0.883893
0.638111
0.520659
0.550852
0.553127
0.567537
0.570230
0.572827
0.583469
0.583749
0.582730
0.568755
0.560900
1.576059
0.420657
-2.411666
-2.157231
-2.153839
-2.155946
-2.222257
-2.524774
-2.994993
-3.097972
-2.591880
-2.208919
-2.142504
-1.607236
2.310627
-3.392336
0.832448
1.439451
1.415357
0.894114
-1.223897
-4.307758
-5.359829
-5.214989
-4.607872
-2.744624
-0.322293
2.112779
1.775134
-2.679625
2.100504
2.375088
1.728276
-0.370075
-1.783179
0.902436
3.437029
2.192739
0.115292
-1.618221
-2.434965
0.596351
2.763917
-2.787334
2.111578
2.134362
-0.336084
1.161071
1.908545
2.622126
2.842241
4.115260
1.689855
2.086916
-0.352103
-3.711081
1.185530
-2.787813
2.099371
1.428718
-1.202052
3.845888
0.836385
-3.269962
-1.219782
-0.437330
-1.873554
2.666534
4.243388
-0.154659
-0.792472
-2.787813
1.993353
0.226671
2.511694
3.343276
-1.396435
-0.544528
0.928415
1.089588
-0.162310
-2.089482
3.135591
3.702914
-3.221957
-2.787813
1.983090
-0.908633
2.600690
0.703870
-3.588806
0.527243
1.255446
1.246356
1.184292
-1.076867
4.966963
4.815749
-1.773113
-2.787813
2.086895
-0.245401
4.417071
-0.553494
-4.381213
0.569445
1.251627
1.256934
1.184336
-1.592090
4.493434
3.553514
-1.551121
-2.787813
2.182789
1.135571
2.634147
0.060701
-5.273365
-1.700382
0.851089
1.108333
-0.765861
-5.167528
1.461987
1.796040
-0.757674
-2.787813
2.158087
1.820869
2.070232
3.139279
-1.657641
-4.805889
-5.158123
-6.263160
-6.615482
0.403213
2.344954
2.950474
1.867747
-2.787813
2.116739
2.214472
1.046910
2.425510
3.022074
0.056934
1.437524
-0.749025
0.837987
2.118973
2.111131
1.869555
2.379918
-2.774480
2.118866
2.397969
1.875674
1.174093
1.715035
4.474674
5.501730
1.496990
2.097163
1.910440
1.511991
1.842038
2.974327
-3.169178
0.138143
0.240631
0.141801
-0.112519
-0.516843
-0.948897
-1.423541
-2.226965
-1.718752
-0.583670
-0.347419
0.905936
1.938180
-1.417322
-2.024052
-0.865559
-0.774223
-0.773648
-0.816762
-0.888810
-0.938966
-0.946044
-0.919844
-0.860680
-0.789060
-0.017528
1.230132
8.021764
5.173890
5.531386
5.538818
5.540550
5.594572
5.577519
5.336040
5.381654
5.617320
5.620022
5.580016
5.573480
8.274599
7.685369
3.477595
4.342921
4.509716
4.528895
4.051119
2.481788
0.512191
0.076833
1.112489
2.863308
4.195743
3.997094
7.692920
7.168702
4.054127
5.237336
5.465184
4.400011
1.144202
-1.113530
-0.528689
-0.917073
-0.698087
0.213664
1.985489
3.624149
7.495045
7.136889
4.036829
5.224193
3.996460
0.923285
0.532986
2.034160
1.232266
0.669198
1.931162
2.715629
1.796612
0.934503
7.617160
7.133165
4.033154
5.089640
2.903963
3.766581
5.080491
3.426769
3.824278
4.466910
4.064915
6.387440
4.200221
0.607878
6.980762
7.133165
4.017867
4.940065
2.207583
2.869268
4.875668
4.187020
4.384222
4.320953
3.728326
4.943983
4.213488
3.394771
5.765179
7.133165
3.996069
4.828976
3.796927
3.158270
2.402871
4.242049
4.310401
4.311317
4.345837
3.520373
2.964232
2.448713
5.405657
7.133165
4.004883
5.225111
5.093458
3.108799
2.367043
3.995575
4.327121
4.322196
4.277582
2.469461
1.547240
3.600205
6.385935
7.133165
4.019769
5.030354
4.115715
0.247546
-0.586499
2.221651
3.892759
4.167984
2.340334
-0.543055
0.655893
1.486586
6.566635
7.133165
4.032193
5.172339
5.542637
3.356845
0.353052
-0.742778
-1.556992
-0.555535
-2.924494
1.856337
6.703151
3.961120
7.453890
7.133165
4.036151
5.229377
5.484856
5.202423
6.328456
3.015117
-3.288687
-1.244541
2.023915
5.526064
6.615088
4.989765
7.835615
7.176104
4.071640
5.277793
5.620749
6.278312
6.251221
4.958549
1.916019
3.512053
3.365755
5.874300
5.395912
4.735840
7.553639
7.373659
3.113670
4.123241
4.277032
4.320920
4.849277
5.590086
5.379794
5.111580
5.648960
4.945542
4.457118
3.471431
7.361304
8.238927
3.746182
4.253627
4.292281
4.289121
4.286401
4.338326
4.396303
4.380607
4.333528
4.300682
4.306024
3.934672
8.340358
-1.489168
-2.329352
-1.608498
-1.628847
-1.631771
-1.639767
-1.674492
-1.853830
-1.849990
-1.700479
-1.660606
-1.624827
-1.940042
-2.540099
-2.729787
-2.837008
-2.329241
-2.308452
-2.402144
-2.812511
-3.945004
-4.926825
-4.744825
-4.252103
-3.224391
-2.478241
-2.712426
-3.349952
-2.564023
-3.736832
-2.864621
-2.895720
-4.122235
-6.395229
-7.565319
-3.941591
-3.918923
-5.984444
-4.558212
-3.585578
-3.066096
-3.318107
-2.564558
-3.720562
-2.880246
-3.004095
-3.662240
-4.594061
-3.282677
1.584804
-0.852393
-1.698042
-1.805748
-1.852620
-3.395223
-3.425024
-2.562571
-3.712111
-2.927899
-2.766063
-1.588293
-0.286098
-1.829117
-1.504378
-1.796605
-1.103691
-0.461283
-0.741988
-4.111847
-3.956224
-2.562571
-3.706467
-3.306800
-3.587563
1.238294
-0.739704
-1.378207
-0.476983
-0.436584
-0.335004
-0.233674
-0.618397
-3.502829
-4.812766
-2.562571
-3.694096
-3.775755
-3.203533
0.377339
-1.629555
-0.606698
-0.372224
-0.374234
-0.337486
-0.830076
-0.909778
-0.861438
-4.831674
-2.562571
-3.710452
-2.842254
-0.189927
2.646744
-0.572264
-0.659914
-0.376595
-0.372248
-0.407870
-0.664731
-0.477984
-1.690829
-3.710395
-2.562571
-3.722206
-2.932575
0.244107
3.645503
-0.288683
-1.396093
-0.562425
-0.537157
-0.654310
-0.525402
2.531657
0.156839
-3.923704
-2.562571
-3.724230
-2.862101
-2.040921
0.413193
-0.273274
-2.836696
-2.785848
-2.652731
-2.753508
-1.332685
0.902210
-2.126554
-3.922277
-2.562571
-3.722848
-2.875156
-2.989367
-2.839329
-3.617905
-3.567723
-3.883628
-4.445358
-5.109138
-3.478137
-3.826744
-3.941266
-3.650433
-2.569912
-3.738609
-2.879775
-2.915436
-3.400743
-3.816516
-3.781797
-3.100550
-3.327332
-4.138545
-4.510870
-3.834771
-3.165591
-3.330673
-2.845234
-3.151937
-2.202181
-2.206159
-2.187173
-2.386041
-2.653653
-2.682353
-2.319668
-2.424603
-2.463443
-2.292176
-2.374278
-2.948723
-0.144929
-1.507585
-0.786433
-0.805222
-0.814201
-0.819891
-0.820493
-0.829810
-0.814654
-0.800181
-0.801028
-0.796106
-1.068594
-0.552680
3.555138
6.996661
7.841992
7.871378
7.855821
7.790334
7.718184
7.845337
7.842891
7.665290
7.690608
7.797772
6.738552
2.991031
5.301048
4.542147
5.221010
5.203747
5.133663
5.353778
5.140345
6.293382
6.158217
4.830696
5.167791
5.016726
3.665023
4.042123
5.847111
4.895780
6.230584
6.087125
5.890889
4.656571
5.422054
3.632855
2.909091
4.432270
5.110531
4.629359
5.010552
4.146573
5.946657
4.823575
6.062461
6.320783
4.453410
0.439780
-3.188435
-2.845175
-3.294367
-4.940211
-0.998979
3.879890
3.877768
4.253175
5.949099
4.798997
5.773038
5.522360
2.022632
-4.323230
-1.109345
-0.290194
-0.021189
-2.031127
-3.821564
-0.264068
3.420045
3.892948
5.949099
4.747560
6.011898
6.194615
-0.191144
-0.837714
3.452439
4.263349
4.492973
3.993019
-0.442036
-1.637524
0.246549
3.617122
5.949099
4.682446
5.884565
4.673873
0.524817
2.401067
4.313221
4.597241
4.622010
4.565677
2.462791
-0.954069
-1.648979
3.653705
5.949099
4.684723
5.738680
4.073335
-0.658911
3.134937
4.112576
4.605395
4.615525
4.546450
2.887245
0.088438
-0.086005
3.825986
5.949099
4.738269
5.260524
3.502056
2.864415
2.391163
3.941896
4.309215
4.444575
4.084778
1.336351
-1.893208
0.029301
3.684211
5.949099
4.805503
5.807551
3.263322
1.024188
0.478400
2.874737
4.365514
4.517248
2.891922
-1.092975
-3.650618
-1.351382
3.320060
5.949099
4.830001
6.119655
5.472354
1.638712
2.049106
-1.514182
2.835306
1.005279
0.962754
-1.599487
0.827692
2.363318
4.021922
5.932833
4.776553
6.117161
6.077821
5.000272
2.220713
2.287990
1.403653
0.299259
0.690902
0.921247
3.916910
4.850179
4.053635
5.700108
5.157640
6.495278
6.513439
6.429818
6.333291
4.317295
3.177043
2.719938
3.333805
5.202356
6.361194
5.107620
4.120004
3.056426
5.855569
6.776332
6.753393
6.756276
6.729455
6.669024
6.619514
6.623859
6.671704
6.724635
6.723613
5.310850
2.882560
1.251085
1.309258
1.372763
1.367083
1.362726
1.324548
1.175652
1.008845
0.977891
1.075087
1.226770
1.349370
1.536533
0.670028
-0.002635
0.184921
0.385430
0.361768
0.238918
0.183271
0.808060
1.771453
1.936369
1.195474
0.697312
0.226959
0.366114
-0.085871
0.127548
0.596845
0.982021
1.018705
1.443681
2.052303
1.167701
-0.200076
-0.517302
0.785580
1.421135
1.597358
0.875781
0.101027
0.114029
0.575812
0.921350
1.124070
1.886142
-0.125078
0.074153
0.277268
0.686244
-0.658564
-0.089974
0.896668
1.667458
0.079372
0.113753
0.564452
0.905522
2.076779
1.304741
-0.385016
1.778512
1.505050
1.615334
1.309333
1.189437
0.547093
1.828978
0.680393
0.113753
0.519681
1.352347
2.680431
-0.021263
1.047787
1.843367
1.741678
1.782291
1.547802
1.534370
-0.058383
-0.197501
0.838147
0.113753
0.497211
1.856502
0.989827
-0.114766
1.969681
1.708614
1.883835
1.922634
1.782310
1.733767
1.843734
-0.186562
1.026077
0.113753
0.513609
1.738069
1.783186
-0.811873
1.917840
1.644697
1.882426
1.921147
1.763360
1.754807
1.533517
0.478576
1.132963
0.113753
0.555644
1.047378
2.719530
0.630496
1.878647
1.820979
1.589097
1.629360
1.492776
2.219431
0.234432
0.003995
0.816773
0.113753
0.576031
0.870001
1.842574
0.433037
0.343210
1.475226
1.793236
1.546747
1.442439
1.054492
0.179617
0.731216
0.451141
0.113753
0.577573
0.916105
1.197093
0.876719
0.393895
0.244177
2.188245
1.795286
1.368626
-0.456273
0.780947
1.069475
0.150606
0.112042
0.567706
0.937023
0.951989
1.099473
1.041550
0.451878
1.058252
1.756908
1.056564
0.696489
1.115300
0.815673
0.114689
0.462118
0.969023
1.279084
1.289265
1.276202
1.380994
1.612775
1.927800
2.069665
1.521806
1.417083
1.340644
1.185362
0.298512
-0.347049
0.677036
0.860629
0.873125
0.867988
0.856970
0.836141
0.829400
0.826398
0.837247
0.851562
0.870569
0.802616
-0.135327
1.911829
2.457103
0.890416
0.687820
0.675440
0.659154
0.623014
0.530027
0.464234
0.566810
0.664423
0.689446
1.137226
2.480114
1.086855
3.404602
1.131864
0.822797
0.778523
0.320642
-0.036456
-1.059763
-0.898079
-0.639863
0.318213
0.621351
1.538431
2.573019
1.100964
2.760925
0.076967
-0.387635
-1.126070
-1.801072
-1.799350
0.313748
-0.168189
-0.795681
-1.657061
-1.131929
0.808691
2.290010
1.104540
2.804787
0.184803
-0.682598
-2.577225
1.948123
1.375382
3.023183
3.010450
2.506610
-0.994145
-1.931880
0.906148
2.334428
1.106197
2.808982
-0.070894
-2.297063
-1.487174
4.249001
2.329190
0.898206
0.852407
0.720205
1.108564
0.757405
0.243278
2.456304
1.106197
2.828098
-0.276522
-1.844002
1.005420
2.819167
0.293443
-0.622945
-0.786593
-0.522615
0.184910
2.214927
-1.272196
2.967603
1.106197
2.795918
0.949557
2.047802
5.724031
2.062288
-0.624273
-0.731222
-0.728378
-0.674393
-1.090359
1.420862
1.445740
3.049587
1.106197
2.802745
0.948904
1.750216
3.277820
0.785209
-0.568875
-0.727276
-0.722015
-0.735041
-0.994193
-1.179285
1.004868
2.480130
1.106197
2.812201
0.306421
1.791361
-0.452117
0.048351
-0.644357
-0.899903
-0.975708
-0.856045
-3.391103
-0.750201
0.807582
2.593547
1.106197
2.801062
0.267240
1.256091
0.742918
-0.031298
-2.812054
-2.527744
-2.340249
-3.888612
-4.903600
0.118820
2.715755
2.638968
1.106197
2.805123
0.207607
0.219388
0.670999
0.735868
-1.561764
-0.932885
-0.240165
-3.614131
-0.477934
1.387554
2.077900
2.461345
1.128536
2.825697
0.158328
-0.106055
0.319071
0.870036
1.112591
1.910765
1.647450
0.571479
1.292217
1.219287
1.060724
2.314302
1.414335
3.392305
0.998360
0.715673
0.724441
0.930286
2.029203
2.761153
2.724925
2.015351
1.295238
0.735659
1.573596
2.707055
0.050646
1.667070
0.011441
-0.131012
-0.136873
-0.163453
-0.129929
-0.090732
-0.101415
-0.124445
-0.136661
-0.119113
0.139732
0.346731
-20.020218
-15.454204
-13.390731
-13.086608
-13.077693
-13.112399
-13.129926
-13.128007
-13.189284
-13.164378
-13.068942
-13.134234
-14.845359
-16.978954
-13.366027
-10.148089
-7.813713
-7.516158
-7.576934
-7.756538
-6.904456
-7.485904
-7.721636
-7.400704
-7.577044
-8.031810
-9.540792
-13.002091
-12.852241
-9.965173
-6.946889
-6.565220
-5.965041
-6.593281
-6.957080
-8.795965
-7.901978
-8.319310
-8.245493
-8.484429
-8.730744
-12.814540
-12.702023
-9.850755
-6.839673
-5.881928
-6.197383
-10.699700
-6.769026
-3.113849
-1.853546
-5.878800
-10.706004
-10.931739
-7.528835
-13.161422
-12.693900
-9.850947
-6.758935
-5.925961
-7.149787
-6.073113
-3.655971
-3.774179
-3.164140
-2.554147
-2.648159
-11.024504
-7.649561
-11.415538
-12.693900
-9.880422
-5.263436
-4.336442
-8.068919
-1.978516
-4.643223
-6.195117
-6.235687
-5.874263
-2.107151
-3.149242
-10.367951
-10.039603
-12.693900
-9.839786
-4.958073
-4.373535
-3.478220
-1.998053
-6.101232
-6.486554
-6.562558
-6.459241
-5.952031
-0.279401
-6.365754
-10.484103
-12.693900
-9.819068
-5.272630
-1.208536
-6.429811
-2.570637
-5.971848
-6.506476
-6.558574
-6.445130
-6.512904
-4.563168
-6.228093
-12.446879
-12.693900
-9.860780
-6.537572
-2.430013
-9.617198
-3.362604
-5.634077
-6.270557
-6.207728
-5.903979
-4.062359
-9.001275
-6.623001
-11.771264
-12.693900
-9.857337
-6.806865
-4.744035
-9.329770
-9.950713
-7.219122
-5.804143
-6.940235
-4.783218
-9.361846
-8.760325
-6.675712
-12.313169
-12.693900
-9.851061
-6.755950
-5.852805
-4.479792
-7.103744
-8.525759
-7.686767
-7.767468
-9.623965
-9.728251
-4.671859
-6.844495
-12.924802
-12.723968
-9.835861
-6.762349
-6.401822
-5.715760
-3.146230
-4.187021
-5.294858
-6.072515
-6.245473
-5.485896
-4.546292
-8.601180
-12.706820
-13.770892
-11.238313
-8.437737
-8.162402
-8.169504
-7.921497
-6.942140
-7.786950
-8.659262
-8.399730
-7.992736
-8.351081
-10.111534
-13.958972
-15.329036
-13.894149
-12.486597
-12.308315
-12.309335
-12.316390
-12.331750
-12.246354
-12.288333
-12.327361
-12.324501
-12.361353
-13.670920
-16.113499
3.679289
1.341776
2.597386
2.639778
2.651891
2.657148
2.668195
2.625126
2.558983
2.647904
2.742741
2.677937
1.343234
4.777818
3.577892
2.486028
5.189256
5.162507
5.296277
5.791976
4.786765
2.748106
3.077422
4.519392
5.468487
5.473704
3.445035
3.862229
3.696193
2.768944
4.704083
5.213234
3.832174
2.724842
1.510444
3.860556
3.867363
3.919887
4.241682
4.727394
2.747182
3.905535
3.457429
2.691430
4.543248
5.534159
3.852566
8.056519
2.851513
2.872983
1.542941
4.632024
9.492384
7.213860
1.598309
3.668986
3.456230
2.670988
5.095165
5.147773
5.224027
4.081309
1.007030
2.349523
2.040114
3.014915
5.569705
9.547819
-1.089070
2.460306
3.456230
2.593122
4.709029
1.978338
6.778283
-0.527998
-0.523692
0.253653
0.144642
0.997091
1.977894
3.902267
3.271892
1.761854
3.456230
2.531426
4.391826
6.150366
7.788229
-0.975061
0.191025
0.110792
0.110291
-0.060356
-0.348773
1.326569
4.813214
1.596438
3.456230
2.590223
4.042421
4.762732
6.694050
0.426462
0.040308
0.118890
0.105941
-0.072076
-0.820332
0.004220
5.263454
1.683817
3.456230
2.700202
4.876499
6.945667
4.830265
0.748713
-0.829832
0.291937
0.214875
1.132032
1.541864
0.800445
6.260131
2.294140
3.456230
2.706961
4.559057
5.894899
12.039717
4.003261
-2.532051
-1.997986
-0.160434
-0.247081
-1.225010
6.011458
2.620329
2.997540
3.456230
2.689859
4.575888
4.436953
5.782997
6.710636
4.784924
-4.368713
-2.244362
2.747902
8.753067
4.363193
2.045979
3.461439
3.452383
2.699921
4.682497
4.622407
4.193745
4.661647
5.216060
4.794612
6.888021
8.222929
6.249433
3.757545
2.835690
3.749272
2.957043
2.445354
4.567186
4.577040
4.513280
4.250059
4.007797
4.589601
4.937869
4.736725
4.560347
4.546491
2.633514
2.974939
6.376935
4.155521
5.454988
5.500165
5.514289
5.530057
5.513675
5.476462
5.482968
5.518402
5.530032
5.528023
4.177511
6.476897
-4.020827
-5.111335
-5.726993
-5.690621
-5.679076
-5.628154
-5.479320
-5.400851
-5.394387
-5.456862
-5.494819
-5.613839
-5.404735
-4.662620
-2.685790
1.088765
1.127831
1.249454
1.291934
0.966667
-0.397016
-3.021747
-3.409900
-2.546489
0.239676
1.160256
1.569550
-1.612110
-1.849166
3.128491
3.447310
3.655541
1.059677
-1.606254
-1.285320
1.707370
4.514917
4.104267
1.928815
3.415829
4.172982
-0.358860
-1.937844
3.097260
3.421450
4.584688
1.285515
7.026736
3.112399
-0.545481
-2.185760
2.525234
7.115607
5.858958
7.022896
-0.525448
-1.940179
3.133592
3.524946
3.959787
1.466728
1.849220
-1.989600
-1.751307
0.194937
-0.403804
-1.840611
6.501618
5.754430
-1.736272
-1.940179
3.152994
1.548173
1.606362
8.469709
1.128129
3.986330
5.723004
5.826339
6.415502
1.538795
0.728144
10.534007
-1.464153
-1.940179
3.178198
0.980999
5.875230
8.814066
1.442070
5.670370
5.790730
5.728160
5.919995
4.343674
1.029402
8.427706
-3.417817
-1.940179
3.183507
0.150462
1.920187
9.010016
2.192457
5.413396
5.776295
5.745297
6.014908
4.092720
2.590476
7.428691
-5.142072
-1.940179
3.219143
1.746535
1.062428
4.339526
1.000556
4.101727
6.063550
6.080051
8.176371
2.439440
1.031410
11.021020
-4.489945
-1.940179
3.149368
3.047813
0.176493
0.458261
2.272863
-1.264050
1.024821
-1.704005
2.152703
-4.136563
5.591180
4.869063
-2.576539
-1.940179
3.100233
3.286225
0.669895
-1.034552
0.655931
4.399504
1.051951
-0.914332
0.963973
4.101663
3.913943
2.993281
-1.031538
-1.928919
3.117998
3.465837
3.144863
0.702870
-0.633156
0.792682
5.266728
-0.117736
0.818084
0.099109
3.373864
2.913536
-0.435269
-2.197795
2.447249
2.542695
2.580644
2.424676
0.869912
-2.220012
-4.184180
-5.379260
-3.521110
0.470384
2.259723
2.709792
-1.666971
-3.777608
-3.915360
-3.692773
-3.666064
-3.643373
-3.577327
-3.488280
-3.439502
-3.471196
-3.523065
-3.568501
-3.607547
-3.449632
-4.803199
2.162916
1.682327
1.431065
1.415648
1.410794
1.386924
1.306410
1.170370
1.152695
1.266986
1.370868
1.409559
1.338539
2.474382
0.156183
0.836093
1.002362
0.973602
0.961556
0.797653
0.552891
0.098210
0.107971
0.602179
0.919322
0.809670
0.774016
0.619790
-0.191752
0.284891
0.167144
0.199679
0.125171
-0.556302
-1.872694
-0.837681
-0.997860
-1.736583
-0.333605
0.570621
0.072014
0.200412
-0.194918
0.331403
0.221374
0.223235
-0.258258
-0.314997
0.189194
-0.748496
-0.507317
-0.275267
-0.317487
0.522894
0.523440
0.209547
-0.195859
0.324795
0.218140
0.445311
-0.156830
-0.625257
-1.045534
-0.666818
-0.155818
0.058979
-0.356736
0.460282
0.357873
0.392615
-0.195859
0.310204
0.268936
0.306626
0.150989
0.178106
-0.069468
-0.248207
-0.214662
-0.190017
0.031727
0.367680
-0.356003
0.724766
-0.195859
0.307313
0.170978
1.057039
1.315920
0.444910
-0.241541
-0.237698
-0.242556
-0.221925
-0.402997
-0.128256
-0.542744
1.138810
-0.195859
0.332017
0.271163
0.787818
1.013353
0.864326
-0.206760
-0.242527
-0.241524
-0.235805
-0.249260
-0.317507
0.458551
1.075366
-0.195859
0.338755
0.234704
0.662543
0.860256
1.914810
0.183625
-0.231771
-0.269256
-0.065892
0.169143
1.132877
1.054335
1.144766
-0.195859
0.332793
0.169756
1.030126
1.124976
1.725308
0.780631
-0.125700
-0.504389
-0.148211
0.287509
1.216704
1.101913
0.705040
-0.195859
0.331855
0.253547
0.599332
1.076617
1.578471
0.984488
-0.649835
-0.158712
-0.495357
1.023484
0.894476
0.466244
0.276122
-0.176748
0.324999
0.231753
0.271280
0.540495
1.192961
0.756603
0.396988
0.621777
0.144228
0.472864
0.503144
0.070828
0.270586
0.421268
0.573044
0.478592
0.493183
0.499654
0.687780
0.937141
0.680623
0.252156
0.447668
0.544020
0.392622
0.411487
0.675968
0.390882
-0.130696
-0.357893
-0.348793
-0.348108
-0.349757
-0.394741
-0.401629
-0.383415
-0.364944
-0.347830
-0.347226
-0.426666
0.868963
0.185169
1.113099
1.216244
1.081105
1.075396
1.121480
1.341811
1.716860
1.746980
1.383739
1.134414
1.090885
1.808590
-0.623251
1.454064
2.439625
2.788013
2.717689
2.997265
4.019424
5.668570
7.517212
7.791589
7.005326
4.816579
3.536335
3.089309
-0.109217
1.339519
1.970610
2.233234
2.409598
4.401795
6.611577
6.690373
4.097019
2.672654
4.993739
6.067348
4.970359
3.545249
-0.601582
1.374493
1.899744
2.274743
3.965206
5.876356
4.367313
2.585687
1.214594
0.657417
1.808401
2.961744
5.458532
4.563547
-0.221342
1.372698
1.890012
2.600232
5.749599
3.646314
0.228307
1.592284
2.102196
1.812904
2.618780
3.552858
4.284489
4.894413
0.270093
1.372698
1.884275
3.230692
5.728818
2.882683
0.637371
1.831530
1.801636
1.713102
2.247525
3.989328
5.844437
5.780525
0.344677
1.372698
1.881964
3.881201
3.646208
2.236574
0.864493
1.809823
1.680381
1.690710
1.667686
3.047564
3.470107
3.534009
-0.102675
1.372698
1.840397
2.875945
2.080177
1.308773
1.504176
1.886837
1.676501
1.687714
1.717443
3.373234
4.200449
3.361346
1.153852
1.372698
1.862142
2.360761
2.679672
1.639966
3.817337
3.061605
1.968144
1.751132
2.954353
6.035634
4.417908
1.160912
0.372986
1.372698
1.894387
2.370049
3.106080
1.531641
2.380362
5.388768
6.818724
7.488585
9.473669
5.957543
2.605726
0.585438
-0.166300
1.372698
1.903586
2.201199
2.847146
3.320764
2.637157
2.988025
3.102684
4.989909
6.647231
4.955380
2.605411
2.292588
-0.483449
1.382504
1.915199
2.184808
2.199977
2.765265
2.810781
3.937596
-0.468303
1.502059
1.858993
3.294039
2.774863
2.826076
-0.652475
1.818813
3.018325
3.620972
3.545602
3.610424
3.829404
3.907555
3.145662
3.478373
3.858618
3.924849
3.719765
3.915465
0.212122
0.024273
0.604219
1.134651
1.014858
1.013839
1.041025
1.107140
1.115144
1.099341
1.077442
1.054707
1.040692
1.537688
-0.704278
-4.278716
-2.698256
-2.477981
-2.362421
-2.366867
-2.389385
-2.410769
-2.435093
-2.407295
-2.437194
-2.435023
-2.401198
-1.986704
-2.593966
-0.363128
-0.928346
-1.467377
-1.383779
-1.357308
-0.919094
-0.468855
-0.460581
-0.623051
-0.312674
-0.658589
-1.107184
-0.648807
0.053392
-0.651993
-1.016199
-2.000171
-1.755047
-1.156891
-1.651425
-0.548015
0.609288
0.800574
0.208809
-1.026887
-1.202997
-0.695080
-0.444854
-0.621825
-1.003048
-1.994134
-0.791532
-0.296916
1.143063
1.513530
0.377988
-0.440309
1.907017
1.569580
-1.024360
-0.110191
-0.076056
-0.620648
-1.014150
-1.741920
0.137065
-0.646513
1.085664
-1.223927
-2.106649
-2.642707
-1.425953
0.120518
-0.863559
-0.228777
0.885421
-0.620648
-1.008731
-1.142658
-0.645355
-0.035996
-0.962312
-2.495297
-2.073786
-2.150175
-2.098701
-1.214365
1.696249
0.763287
1.467975
-0.620648
-1.028231
-0.826161
-2.673329
1.710313
-1.457421
-2.196008
-2.198294
-2.182078
-2.212101
-1.151137
-0.565087
-0.801331
0.781651
-0.620648
-1.018019
-0.809109
-1.468866
0.633311
-0.633412
-2.227949
-2.189605
-2.183293
-2.165940
-0.701551
0.309523
-0.627232
0.649022
-0.620648
-1.016997
-1.354179
-0.590746
-0.441370
-0.892081
-2.305323
-2.122510
-2.062143
-2.025306
0.352978
0.575373
-0.791312
0.824437
-0.620648
-1.012480
-1.837184
-0.487084
-1.929038
2.528930
-1.075994
-1.953500
-1.945704
-0.701849
1.638500
-1.765617
-1.019424
0.138942
-0.620648
-1.002358
-1.972292
-1.401486
-1.449933
-1.555515
-0.293588
-0.552163
-0.982841
0.280336
-0.661398
-2.079163
-1.170685
-0.306026
-0.646970
-1.025759
-2.012478
-1.789315
-1.671098
-2.116508
-2.870640
-3.496080
-2.590098
-3.061035
-1.971856
-1.892997
-0.908024
-0.471030
-0.924516
-0.980885
-1.878387
-1.784116
-1.742117
-1.572365
-1.177450
-1.936782
-1.671420
-1.290327
-1.345932
-1.664525
-1.056479
-0.597556
-0.263239
0.193760
-0.400086
-0.335118
-0.339357
-0.329972
-0.324471
-0.356154
-0.352270
-0.338416
-0.342564
-0.366803
0.248432
-0.169889
-0.598641
-1.484294
-0.926924
-0.878645
-0.887972
-0.937493
-1.013387
-1.007434
-1.021347
-1.070074
-0.986362
-0.911862
-1.016315
-0.566499
-1.316856
-2.096375
-1.257716
-1.178171
-1.105282
-0.941113
-0.751666
-0.973861
-0.575249
-0.465506
-0.828409
-1.089798
-1.409600
-2.324460
-1.259799
-1.943339
-1.303937
-1.144586
-0.747668
-0.897732
-2.666317
-2.938347
-4.075005
-3.488971
-1.889411
-1.068685
-1.349888
-2.256015
-1.227348
-1.884210
-1.200843
-0.755604
-0.845411
-3.048770
-3.577590
-3.714927
-3.791263
-3.196845
-3.393680
-1.842665
-0.565063
-2.275577
-1.228470
-1.904780
-1.084167
-0.256644
-2.377564
-2.806126
-4.644575
-4.615267
-4.295852
-4.374914
-4.012330
-3.433841
-1.372351
-2.730299
-1.228470
-1.913346
-1.170441
-1.343734
-3.347939
-4.071269
-4.030397
-3.436664
-3.459483
-3.634956
-4.914759
-3.303532
-0.979504
-2.903418
-1.228470
-1.911388
-1.213818
-0.810953
-1.892526
-4.325205
-3.385576
-3.522419
-3.506887
-3.508087
-3.586405
-4.611073
-2.374222
-2.620213
-1.228470
-1.877393
-1.319039
-1.294603
-1.848828
-4.164033
-3.342968
-3.519004
-3.510913
-3.416234
-2.741586
-3.863203
-3.571526
-2.880326
-1.228470
-1.884603
-1.181991
-2.097689
0.058019
-2.828382
-3.051588
-3.357318
-3.404861
-2.795604
-2.108301
-1.995935
-2.042331
-2.759778
-1.228470
-1.889143
-1.176423
-1.896030
-1.957774
-2.070267
-2.633158
-1.635566
-1.653285
-1.381923
-1.531149
-3.338174
-1.635606
-2.536034
-1.228470
-1.883997
-1.195571
-1.394374
-1.580499
-1.159411
-1.127907
-0.328852
-1.397843
-0.264012
-1.824688
-0.048954
-1.014940
-2.060819
-1.236122
-1.916940
-1.249470
-1.203272
-1.394293
-1.745488
0.002039
0.432540
-1.342746
-0.649420
-0.683004
-1.171377
-1.063589
-2.205111
-0.844641
-1.728878
-1.130881
-1.021902
-1.024003
-1.153296
-1.748177
-1.485368
-1.682657
-1.568741
-1.096920
-0.934391
-1.095192
-1.726981
-1.754305
-2.030925
-1.706996
-1.671426
-1.665110
-1.674212
-1.676790
-1.661150
-1.657046
-1.669941
-1.667882
-1.656395
-1.600060
-2.029545
-0.405157
-0.678491
-0.024449
0.082187
0.075881
0.067739
0.141440
0.243766
0.144640
0.092043
0.124071
0.078980
0.231007
-0.339172
-0.028688
0.880789
1.140360
1.177808
1.414794
1.893576
1.583059
-0.036083
-0.979334
-0.169085
0.783097
1.350327
1.876306
-0.976749
0.204566
1.081915
1.110648
1.386706
0.828700
0.721875
-0.446096
1.336601
2.803157
1.894998
-1.002933
-0.599871
2.215901
-0.974224
0.235081
1.174286
1.291734
2.296650
1.315655
6.063658
3.034229
0.706281
3.180052
4.333516
-0.215863
-2.515217
1.469239
-1.037160
0.237118
1.155936
1.574003
2.192852
-0.460144
1.573366
-0.916055
-0.104825
1.179966
1.542587
-1.200632
2.710438
-1.972303
-1.924075
0.237118
1.170696
0.564991
-0.978397
3.142828
-0.699630
0.457249
0.610144
0.556263
1.303133
0.967401
-0.237774
0.342689
-3.191026
0.237118
1.197929
-0.032988
-0.194655
0.448922
-2.953104
0.767888
0.580063
0.527170
0.475441
0.820157
-2.064882
2.126234
-3.631168
0.237118
1.185831
-0.966748
-2.721718
0.052106
-5.967029
0.566691
0.577743
0.515969
0.494311
1.037640
0.449588
1.826019
-3.188607
0.237118
1.162579
0.803033
-3.113986
4.378525
-4.838772
-0.084866
0.789033
0.637121
3.286560
3.036503
1.426143
4.776411
-2.555681
0.237118
1.170406
1.619143
-1.194179
5.945414
1.004648
-5.492096
-0.137680
-1.254683
5.236615
-1.544655
-0.301232
2.056988
-1.354339
0.237118
1.172071
1.339085
0.761300
2.653727
4.235585
-6.656987
-4.564721
-1.136789
2.216916
-0.605518
-0.576622
1.499233
-1.096234
0.207722
1.178141
1.258874
1.315610
1.072019
1.737758
-0.816412
1.660194
4.645936
5.414337
0.921627
1.301741
1.869638
-1.044330
0.017668
0.934826
0.704431
0.715567
0.766780
0.434364
0.140041
0.198171
0.647315
0.716136
0.750761
0.653545
1.611428
-0.861860
0.652567
-0.028528
0.098705
0.156718
0.144305
0.145437
0.164413
0.192123
0.172692
0.178895
0.171531
0.147421
0.721561
-0.362963
-0.353492
-1.876381
-2.011813
-2.024124
-2.025719
-2.026439
-1.974102
-1.835708
-1.848025
-1.967218
-2.025522
-2.033888
-1.963578
-0.688891
-0.907437
-1.923483
-2.145653
-2.161863
-2.079533
-1.770100
-1.369881
-1.021919
-1.058448
-1.148108
-1.539987
-1.957263
-1.998261
-1.028407
-0.787919
-1.983727
-2.168984
-2.027615
-1.500960
-1.085197
-0.735582
-0.491612
-0.855926
-1.390578
-1.279455
-1.326102
-1.906314
-1.059269
-0.777740
-1.982353
-2.105672
-1.709594
-1.332235
-0.032003
-0.184212
-0.661915
-0.903661
-0.843561
-0.365652
-0.471749
-1.174392
-0.994037
-0.777351
-1.985475
-1.921536
-1.152026
-0.156984
0.362226
-1.460383
-1.608994
-1.735459
-1.236917
-0.865195
-0.003691
-0.657848
-0.632334
-0.777351
-1.965066
-1.690501
-0.810784
0.785792
-0.611754
-2.025959
-2.014684
-2.049509
-1.920373
-1.193351
-0.552379
-0.794433
-0.464115
-0.777351
-1.938237
-1.599555
-0.575476
0.533801
-1.463152
-2.012592
-2.095173
-2.104973
-2.080965
-1.661664
-1.290302
-1.172273
-0.692934
-0.777351
-1.958237
-1.576793
-0.265740
0.109574
-1.162395
-2.009432
-2.096778
-2.103806
-2.062003
-1.492470
-1.173642
-0.782230
-0.868433
-0.777351
-1.987254
-1.784755
-0.638945
-0.131544
-0.288279
-1.883291
-2.010159
-2.010561
-1.825535
-0.967404
-0.768504
-1.085444
-0.849998
-0.777351
-1.987311
-1.973641
-1.278359
-0.543169
-0.095017
-0.843146
-0.883330
-0.708830
-0.533839
-0.421816
-0.261765
-1.433076
-0.966649
-0.777351
-1.982105
-2.115126
-1.944286
-1.778840
-0.934088
0.223317
-0.780716
-0.717715
-0.293378
0.057846
-1.513163
-1.815472
-1.068577
-0.768435
-1.977216
-2.160821
-2.110643
-1.975042
-2.094189
-1.790986
-1.939144
-1.622024
-1.596934
-1.894258
-1.942349
-2.034028
-1.055054
-0.714737
-1.709316
-1.910272
-1.935546
-1.901698
-1.757142
-1.480117
-1.420249
-1.545867
-1.640611
-1.709482
-1.872828
-1.820213
-0.944996
0.009883
-1.042913
-1.239171
-1.258906
-1.259843
-1.259308
-1.248509
-1.239582
-1.234228
-1.241457
-1.250746
-1.260455
-1.174774
-0.032791
4.276874
-0.287793
-0.481549
-0.486736
-0.480682
-0.431289
-0.404470
-0.777473
-0.808973
-0.476513
-0.374711
-0.413974
-0.741463
2.386998
0.330128
-2.571116
-2.472966
-2.311552
-2.327576
-3.093910
-3.891666
-4.736722
-4.561019
-5.349192
-4.442230
-2.941385
-2.718615
-1.637879
0.395620
-2.919724
-2.475751
-2.311597
-3.516709
-4.534905
-5.038178
-0.698564
-1.474634
-5.381448
-5.438247
-4.434385
-3.404728
-1.703545
0.289353
-2.913845
-2.491471
-2.990353
-5.136756
-2.582229
1.809773
3.080981
0.781582
0.092050
-0.731575
-2.952216
-4.682580
-2.055093
0.286960
-2.884773
-2.646169
-4.425363
-3.425023
0.975561
0.981999
1.133501
0.240285
-0.228174
-1.261855
-0.174966
-5.177685
-2.156151
0.286960
-2.855698
-3.613735
-6.089814
1.198947
-0.378368
-0.531073
-0.495385
-0.402536
-0.343525
-0.777238
0.611405
-2.254606
-2.045297
0.286960
-2.828026
-4.318581
-4.119290
-0.694863
-1.499894
-0.482482
-0.433842
-0.462348
-0.351748
-1.640538
-2.719326
-1.095355
-2.387238
0.286960
-2.839207
-4.023929
-5.199787
-1.321640
-1.732403
-0.506384
-0.442034
-0.459535
-0.438328
-2.260172
-4.781704
-2.242746
-2.553478
0.286960
-2.866405
-3.310068
-4.681091
-2.095469
-3.860642
-1.924758
-0.625388
-0.522582
-1.057175
-3.052541
0.534994
-0.767723
-1.801608
0.286960
-2.900063
-2.682975
-2.896359
-0.823722
-1.587421
-5.963089
-6.390021
-6.026167
-6.526313
-1.529588
2.353875
-1.120289
-2.205657
0.286960
-2.920850
-2.505629
-2.388409
-2.044256
-0.479211
0.142787
-4.176761
-2.590424
-2.268334
2.151567
-0.728374
-2.576865
-1.877216
0.323547
-2.872303
-2.424650
-2.150651
-2.172645
-1.868870
0.499299
-0.102752
-0.248668
0.030103
-1.671720
-1.779407
-2.714796
-1.666766
0.115827
-3.285029
-3.156883
-2.977762
-2.965477
-2.853690
-2.355984
-1.943676
-1.767561
-2.461139
-2.955950
-3.045432
-3.241748
-1.783759
3.597621
-1.243712
-1.450656
-1.425904
-1.424864
-1.415002
-1.406930
-1.395673
-1.374057
-1.356684
-1.384609
-1.396891
-1.517302
1.189194
0.116346
-0.280461
-0.400833
-0.447995
-0.453568
-0.461484
-0.373696
-0.181805
-0.219033
-0.361695
-0.456742
-0.460767
-0.198520
0.636452
1.670317
0.888530
0.784617
0.687552
0.865253
1.602741
3.008614
3.598062
3.580501
3.265343
2.172091
1.165267
0.984651
2.321390
1.550721
0.887530
0.712569
0.951575
2.602664
4.121784
3.464254
1.962717
2.027227
2.565497
3.682871
2.602655
1.174603
2.016681
1.560402
0.864980
0.773441
1.643500
3.404807
2.358791
0.807408
1.122180
0.721743
-0.108464
1.488627
3.211058
3.100404
2.013731
1.562158
0.858175
1.065158
2.937444
2.541370
1.944715
0.493672
0.246340
-0.227497
0.048464
0.950978
1.660874
3.469255
2.468225
1.562158
0.853593
1.509791
3.325741
1.296237
0.597317
-1.394161
-1.568587
-1.572569
-1.508033
-0.585766
0.627019
2.377271
2.330088
1.562158
0.836577
1.581117
2.016298
1.471157
0.007536
-1.577593
-1.614227
-1.613653
-1.665684
-1.381517
0.201798
-0.005958
2.479487
1.562158
0.838266
1.436827
2.611045
-0.504771
0.407405
-1.523521
-1.616212
-1.616136
-1.636199
-1.218534
0.538101
1.414871
2.045815
1.562158
0.859734
1.071591
2.406994
-1.297534
1.960988
-1.145862
-1.508652
-1.473938
-1.090194
0.669499
-0.585381
1.258628
1.776134
1.562158
0.867584
0.864653
2.081275
0.970808
3.251068
2.263528
1.092548
1.244463
2.399480
1.994231
-0.247883
1.568507
2.220875
1.562158
0.868170
0.748001
1.083976
1.592783
1.759434
2.086807
2.642866
1.697968
2.120965
0.724325
1.309900
1.602559
2.028277
1.568439
0.871175
0.714116
0.823714
1.212942
1.390070
1.380493
-0.280572
0.666679
0.981885
1.261981
1.050746
0.903754
1.994477
1.783915
1.358113
1.170368
1.086738
1.157795
1.418486
2.376577
2.000137
2.128120
1.891018
1.518075
1.252019
1.319036
2.419601
2.274544
2.593774
2.339351
2.280978
2.276286
2.283358
2.275594
2.283738
2.294946
2.288960
2.284268
2.284545
2.445404
2.999913
-2.173990
2.304019
1.938697
1.821718
1.829879
1.918579
1.908206
1.742636
1.934899
1.975344
1.905235
1.862927
3.105295
-0.471508
-2.142038
-0.404542
-1.487733
-1.648320
-1.644619
-1.360729
-1.034387
-0.404759
0.262096
0.027317
-0.198000
-0.909183
-0.003345
-1.711021
-2.953460
-1.056134
-1.667230
-1.336496
-0.447180
-0.021314
-1.992781
-4.362226
-3.522663
-5.948256
-3.632212
-1.392603
-0.183979
-2.265305
-2.984303
-1.068131
-1.612369
1.058009
-1.756698
-4.884387
-2.414603
2.817870
2.308153
0.922492
-2.857205
-3.519386
0.855663
-1.130686
-2.985815
-1.047430
-0.732253
4.489222
-2.318278
0.102787
5.749134
5.695522
3.833141
5.434353
2.608262
-1.692399
1.181392
0.712485
-2.985815
-0.991790
1.235601
1.526766
1.298694
1.749094
1.651756
-0.203693
-0.345961
0.703848
6.899865
5.331581
0.834719
0.376278
-2.985815
-0.952072
3.597208
0.361732
0.136898
2.077540
-0.071451
-0.412186
-0.411983
-0.332880
3.564066
1.643616
-1.860184
0.153718
-2.985815
-1.044198
3.304490
0.801113
-1.598991
2.242319
-0.186902
-0.394422
-0.408064
-0.395521
2.824152
-1.552390
-1.632893
2.113922
-2.985815
-1.125368
0.966298
3.728141
-0.917903
-0.449107
0.035532
-0.655947
-0.665663
-0.981866
0.937845
-4.566607
-4.523449
0.851141
-2.985815
-1.093870
-1.008647
4.423934
2.249770
-2.397991
-0.935054
-1.595123
-1.363038
-0.059077
0.120338
1.081412
-0.093229
-0.790634
-2.985815
-1.067146
-1.621658
0.268600
3.516547
2.179680
1.467939
-2.554312
-3.813454
-0.035472
4.910625
3.340935
1.493484
-1.539272
-2.962236
-1.006561
-1.625839
-1.604200
0.047310
2.222306
0.810010
-0.647364
-2.100035
0.802652
1.766581
0.702141
-0.363511
-2.185873
-2.962903
-0.802747
-1.636763
-1.822755
-1.807013
-0.708699
2.017197
2.833113
2.390928
2.317657
0.205230
-1.398752
-0.674848
-1.993049
-6.716122
-3.604219
-4.121857
-4.258434
-4.261841
-4.259818
-4.184852
-4.134223
-4.160221
-4.206465
-4.250447
-4.278519
-3.209450
-5.030931
-0.088143
-1.906386
-1.436024
-1.487748
-1.490361
-1.465030
-1.370777
-1.338239
-1.335848
-1.352757
-1.381384
-1.440497
-1.701140
0.892017
-1.903546
-2.426276
-1.337222
-1.217025
-1.110944
-1.008749
-2.789878
-3.643472
-4.428736
-3.917744
-2.220057
-1.151407
-2.010693
-0.329906
-1.807642
-2.180784
-0.424239
-0.373143
-2.152566
-3.610510
-3.674049
-2.254596
-2.051408
-3.930780
-3.707644
-2.779926
-1.398421
-0.396745
-1.766987
-2.195645
-0.421393
-1.273231
-1.273411
2.147186
3.244711
-1.125243
0.569630
2.575617
-1.308354
-1.633297
-2.949862
-0.507722
-1.768543
-2.210803
-0.493975
-2.594680
-0.292556
3.947372
0.236763
0.702892
1.358913
0.852098
0.546751
0.677727
-4.392299
-1.563174
-1.768543
-2.236215
-1.819202
-2.391097
2.948701
0.707325
1.552162
2.893213
3.047253
2.472758
1.132842
-1.271964
-2.110312
-2.744292
-1.768543
-2.237491
-2.075335
-0.066597
0.881508
0.115714
2.702608
2.937993
2.919199
2.879502
0.502312
-0.700377
-1.273438
-3.274916
-1.768543
-2.226139
-2.202050
-2.661536
3.994246
-0.451274
2.860023
2.922411
2.916463
2.867054
0.701497
-0.031075
-1.662410
-3.685687
-1.768543
-2.214052
-0.916234
-3.584203
1.409569
-3.093151
1.661911
2.884985
2.927157
3.112094
-1.405056
-1.283324
-2.726119
-2.839900
-1.768543
-2.195204
-0.497324
-1.731766
-0.197659
0.148418
-1.669483
-0.220905
-0.188330
0.600664
-0.915461
0.237742
-1.901409
-1.128415
-1.768543
-2.193593
-0.421764
-1.308163
-1.681554
0.104046
1.076899
0.777878
1.352339
0.918495
0.957203
0.092353
-1.788266
-0.365471
-1.757980
-2.200339
-0.398116
-0.320117
-1.061561
-1.717358
-0.205395
-1.268220
-3.430263
-2.295610
-1.263779
-0.641402
-1.355107
-0.394188
-1.589988
-2.344525
-0.841005
-0.752418
-0.734668
-1.118814
-1.917113
-2.179463
-2.269858
-1.910244
-1.453529
-0.883472
-1.342820
-0.159360
1.116330
0.409068
1.083239
1.065332
1.070878
1.116172
1.156193
1.161771
1.198762
1.182611
1.146693
1.125189
0.940670
2.741041
14.574659
10.792824
11.743193
11.779816
11.774309
11.731451
11.657056
11.728729
11.700514
11.670977
11.748247
11.745639
10.284924
16.262383
8.877466
4.434979
5.675112
5.606553
5.539737
5.064823
5.394122
5.248655
5.209244
4.964043
4.465286
5.107997
4.461515
10.575182
9.388230
4.721209
5.221393
4.811423
6.452345
5.932495
6.731184
5.832078
3.924377
5.639398
5.160800
6.380299
4.519338
10.870579
9.355534
4.828359
5.265879
5.047807
6.919364
2.383014
2.377368
5.562452
4.073315
2.845401
3.203908
4.452743
5.990466
10.808741
9.354063
4.808118
5.029698
6.536038
4.367226
2.136487
6.891968
5.330060
4.754251
4.320855
6.208364
2.383411
6.126973
11.849994
9.354063
4.774731
4.820027
5.229084
-0.096570
5.369544
6.370987
6.763001
6.637245
5.609967
5.298187
4.457489
2.355217
9.991453
9.354063
4.754193
4.350159
4.578724
2.335240
7.813205
6.597204
6.751035
6.818130
6.616339
5.635850
7.889183
4.387164
11.235343
9.354063
4.788350
4.701783
6.068068
1.671315
9.148901
6.766860
6.763927
6.817755
6.601326
5.501532
6.362547
1.167878
11.592787
9.354063
4.795397
4.691487
7.831373
5.558090
11.915505
7.003839
6.540015
6.550382
5.351620
7.433741
7.627728
6.406931
11.327589
9.354063
4.794322
5.017066
5.602214
3.409162
4.937263
7.527588
5.477571
4.502312
3.640906
5.937322
2.974135
4.896765
10.972012
9.354063
4.826302
5.281353
5.236904
3.735537
2.913047
0.660810
2.568712
3.008159
1.018000
-0.779688
4.009269
4.109100
10.998259
9.316405
4.781013
5.304292
4.931079
4.537359
3.511920
2.368821
3.340259
3.823763
2.116442
4.424773
4.672402
4.838153
10.958042
8.079258
4.175031
4.912489
4.865828
4.775911
4.699420
2.946804
1.372045
1.489352
3.013169
4.555619
4.800078
3.876086
10.224158
16.379196
11.771399
12.262232
12.218825
12.230164
12.224519
12.183937
12.138071
12.151258
12.191160
12.230831
12.205736
11.399204
17.781216
0.512401
-0.642276
-0.615568
-0.602203
-0.602842
-0.607581
-0.646962
-0.717484
-0.710018
-0.653539
-0.629057
-0.600727
-0.484297
0.125905
-1.246271
-2.225330
-2.022751
-1.968007
-1.984032
-2.223714
-2.549650
-3.039073
-2.905686
-2.275224
-2.484095
-2.142516
-1.962210
-1.513672
-1.535534
-2.726679
-2.667993
-2.696964
-3.034544
-2.768954
-2.392675
-1.399685
-1.959302
-2.923898
-2.748432
-2.665737
-2.604559
-1.686941
-1.497394
-2.701556
-2.648673
-2.723753
-2.545717
-0.529248
-0.651596
-1.505838
-1.530613
-1.032919
-1.397240
-2.163704
-2.722460
-1.663434
-1.497475
-2.703733
-2.748325
-3.060442
-2.536329
0.063872
-1.809418
-1.782090
-1.963391
-1.581372
-1.290199
-1.713589
-2.726708
-2.103352
-1.497475
-2.718253
-2.921773
-3.417871
-1.480088
-1.533414
-2.254586
-2.166372
-2.222234
-1.987383
-1.462595
-0.910290
-1.554100
-2.162157
-1.497475
-2.712696
-3.021000
-3.396899
-1.298210
-2.404282
-2.201937
-2.256936
-2.264308
-2.222801
-1.811192
-1.549565
-1.763093
-2.194700
-1.497475
-2.704974
-2.981317
-3.433536
-0.562239
-2.355046
-2.234110
-2.257889
-2.260439
-2.223759
-1.792075
-1.302390
-2.158744
-2.135643
-1.497475
-2.706241
-2.715945
-3.560651
-1.243333
-1.088383
-2.212526
-2.206602
-2.203966
-1.907444
-0.933787
0.522783
-1.721891
-1.892906
-1.497475
-2.700627
-2.693935
-2.986711
-1.941744
-0.573774
-0.908812
-1.499730
-1.612454
-0.590378
0.630922
-0.312946
-2.237246
-1.749665
-1.497475
-2.702627
-2.642649
-2.553658
-2.300974
-1.526094
-0.830804
-1.625624
-2.017522
-1.285388
-0.284400
-2.595114
-2.895279
-1.692144
-1.498416
-2.704956
-2.633316
-2.543245
-2.639004
-2.261994
-2.105754
-2.742580
-3.521125
-2.711752
-2.611016
-2.812621
-2.520048
-1.641365
-1.470684
-2.656482
-2.590194
-2.535536
-2.520647
-2.687344
-2.617453
-2.630896
-2.621259
-2.503181
-2.659424
-2.638463
-2.381461
-1.473013
-0.779859
-2.101667
-2.093299
-2.075327
-2.077842
-2.071913
-2.087587
-2.113984
-2.108641
-2.093209
-2.084593
-2.078537
-1.890596
-0.932557
-0.667684
-0.205573
0.083916
0.135193
0.137779
0.130545
0.096297
0.043222
0.035066
0.073873
0.099188
0.117707
0.066838
-1.292413
0.072046
-0.329344
-0.194960
-0.171840
-0.188485
-0.167673
0.456291
1.031719
1.029960
0.781036
0.216900
-0.119568
-0.224315
-0.573729
0.222234
-0.350109
-0.124617
-0.037142
0.353868
1.588361
1.537171
0.330189
0.431737
1.316749
1.318606
0.655491
-0.017821
-0.557448
0.256011
-0.333615
-0.108765
0.177988
0.611995
0.120398
-0.600374
-0.304731
0.109640
-0.077476
0.055642
-0.124975
-0.023815
-0.506718
0.257387
-0.340156
-0.050671
0.273441
-0.560092
-0.476784
0.166478
0.705653
0.738829
0.365237
-0.431279
-0.545582
-0.454782
-0.382052
0.257387
-0.364491
-0.023873
-0.298745
-0.440188
-0.551424
-0.114946
-0.099971
-0.114188
-0.071093
-0.093071
-0.298877
-0.449427
-0.182042
0.257387
-0.386418
0.042655
-0.388885
-0.244168
-0.282230
-0.135909
-0.097370
-0.091097
-0.129779
-0.160824
0.645243
0.249028
-0.376852
0.257387
-0.386417
-0.176072
-1.158161
-1.055663
-0.522487
-0.132871
-0.098924
-0.091298
-0.141503
-0.263311
0.415524
0.350485
-0.417274
0.257387
-0.360317
-0.085947
-0.912715
-0.731868
-0.375682
-0.132466
-0.136686
-0.142662
-0.116412
-0.135361
-0.632237
0.025487
-0.498058
0.257387
-0.337887
-0.088518
-0.206356
-0.009440
-0.684467
0.074435
0.151059
0.176831
0.531284
-0.373982
-0.388756
-0.332014
-0.476916
0.257387
-0.332248
-0.102757
0.118605
0.155313
-0.140315
0.023853
-0.363794
-0.635202
-0.448967
-0.620003
-0.421551
-0.165452
-0.544106
0.264252
-0.335400
-0.112999
0.007968
0.273244
0.573458
0.085798
-0.215116
-0.666156
-0.545124
0.033407
-0.008815
-0.111950
-0.537438
0.439909
-0.228160
0.016134
0.033861
0.054807
0.200816
0.657546
0.745417
0.761232
0.604180
0.272937
0.064325
-0.038605
-0.357200
-1.054533
-0.585355
-0.447515
-0.406026
-0.409306
-0.419681
-0.439608
-0.449106
-0.451688
-0.445699
-0.429239
-0.420289
-0.512778
-1.418224
-3.769618
-0.169204
0.148318
0.308970
0.323586
0.313941
0.227242
-0.051523
-0.053603
0.167328
0.342006
0.297436
-0.271110
-2.035050
-0.382227
-0.323703
-0.229549
-0.066431
-0.161678
-1.466252
-3.957620
-6.010798
-6.026595
-4.978662
-3.218428
-1.010185
-0.805145
-2.463033
-0.800026
-0.349386
-0.090619
-0.411468
-2.676797
-4.747712
-4.918944
-3.571538
-1.614714
-2.586931
-3.965557
-3.689612
-1.395026
-2.866374
-0.752802
-0.283688
-0.095763
-1.330342
-3.865266
-4.739235
0.746107
5.210348
5.098857
2.881815
-3.225571
-3.322264
-2.145077
-3.468336
-0.750136
-0.265767
-0.627136
-3.583052
-4.500226
2.763154
6.813934
3.985878
3.627009
3.703003
4.185373
-0.724306
-1.522118
-4.371572
-0.750136
-0.239215
-1.491055
-3.191436
-1.875716
4.391910
2.978548
2.537169
2.406985
2.354963
3.317240
4.957843
1.474527
-2.650042
-0.750136
-0.163921
-2.032944
0.600742
0.808736
3.140882
2.341287
2.440439
2.481728
2.462303
1.327869
2.646174
2.911856
-2.149298
-0.750136
-0.196680
-1.669259
-0.034658
-0.825817
2.245187
2.275522
2.456007
2.486160
2.478208
0.379326
0.630920
1.742651
-2.723807
-0.750136
-0.265348
-1.259967
-0.215765
-0.239870
0.433537
1.395067
2.154827
2.285586
1.324238
-1.441930
-2.417274
1.769121
-2.846115
-0.750136
-0.280478
-0.578742
-0.649473
1.077432
-0.639786
0.131469
-1.772125
-1.577381
-2.896099
-2.760563
-0.318033
1.460061
-3.147146
-0.750136
-0.286907
-0.149980
-0.457149
1.637427
2.481913
-1.162103
0.763712
0.647309
0.936754
1.423163
3.866215
1.106308
-2.889928
-0.783492
-0.258101
-0.001423
-0.109776
0.169916
1.661793
3.047183
4.774552
3.301049
3.098747
3.192163
1.390381
-0.363588
-2.743898
-1.557465
-1.546812
-1.316001
-1.136519
-1.260469
-1.567960
-1.240979
-0.363435
-0.584190
-0.800427
-0.738774
-1.218103
-1.883429
-3.770581
-0.454658
0.567105
0.579440
0.706072
0.716740
0.670176
0.681737
0.743842
0.736329
0.706010
0.677486
0.685066
-0.159386
-2.962893
-1.498334
-1.712032
-1.315129
-1.301766
-1.305998
-1.335734
-1.301723
-1.170827
-1.188717
-1.267680
-1.296415
-1.332164
-1.472560
-1.864586
-1.903345
-1.172206
-0.390410
-0.458948
-0.382187
-0.070315
1.119996
1.467594
1.560937
1.301340
0.219641
-0.290244
-0.341812
-2.441876
-2.212595
-1.516130
-1.185562
-1.168665
-0.124128
1.781596
1.810258
-0.017319
-0.334541
0.526690
0.811193
-0.266482
-0.807490
-2.758308
-2.190207
-1.467766
-1.128119
-0.660004
1.050225
0.002226
0.778357
3.034645
3.263658
3.171652
0.294843
-0.148193
-0.160888
-2.646173
-2.189103
-1.477701
-0.927426
0.165179
0.183003
2.091103
3.588600
2.848329
2.502704
3.214692
2.060377
0.367190
0.536740
-2.510139
-2.189103
-1.475965
-0.570270
0.684487
-0.206173
1.589402
0.820014
0.320979
0.198324
0.650194
2.281890
2.918512
0.781503
-2.115370
-2.189103
-1.471451
-0.106295
0.467624
0.290702
1.405757
0.358534
0.195321
0.192481
0.176730
0.801941
2.202936
1.367441
-2.280313
-2.189103
-1.465530
-0.511729
1.797462
0.350096
1.154987
0.363315
0.195250
0.192005
0.209991
0.441123
1.139102
1.608197
-2.679177
-2.189103
-1.461803
-0.861943
2.031454
0.567443
1.546116
0.584691
0.474554
0.354621
0.735574
1.878757
0.179072
1.570033
-2.659995
-2.189103
-1.469319
-1.008033
0.474353
1.096553
0.138110
1.313954
2.255528
2.272261
2.224633
-1.060793
-1.304595
0.736401
-2.636952
-2.189103
-1.466397
-1.103071
-0.804153
0.822720
0.817884
-1.093156
0.215417
0.492297
-0.322563
-1.543221
0.219566
-0.269421
-2.736509
-2.213957
-1.462289
-1.127907
-1.205437
-0.811227
0.447253
0.559746
1.391298
2.088407
1.685419
0.343750
-0.361870
-0.836056
-2.760666
-2.411184
-1.392389
-0.752700
-0.843465
-0.837719
-0.671596
0.062906
0.992738
0.985245
0.308242
-0.243538
-0.783211
-0.818959
-3.027365
-1.018722
-1.394925
-0.925887
-0.937577
-0.934629
-0.930985
-0.973728
-1.026146
-1.040490
-0.997747
-0.965354
-0.953342
-0.968154
-2.014667
1.645932
0.784300
0.873831
0.794577
0.791394
0.811100
0.883365
0.974483
0.996910
0.938676
0.848291
0.807273
1.098184
1.667048
1.251136
0.220461
0.525324
0.431808
0.474922
0.599520
0.164775
0.183214
-0.053340
0.027411
0.468181
0.627974
0.590325
1.785157
1.341874
0.563424
0.874049
0.850944
0.979603
1.322917
1.622292
0.288264
0.646653
0.806326
0.822351
1.243210
1.204485
2.069026
1.381317
0.554999
0.866328
1.050710
1.037811
0.585602
-0.530853
0.749090
0.673679
0.186685
-0.245141
1.069046
1.393887
2.204365
1.381626
0.556413
0.975104
1.202305
-0.023682
-0.627506
0.395492
0.385120
0.179839
0.781281
0.365227
-0.344363
1.365476
2.114881
1.381626
0.551836
0.673092
-0.521389
-0.766185
-0.560919
-0.154320
0.091902
0.129904
0.206451
0.436034
-0.091896
1.238014
1.252858
1.381626
0.550757
0.176304
-0.067578
-0.172636
-0.343809
0.056536
0.091304
0.079247
0.132620
0.371233
0.279017
0.449007
0.969845
1.381626
0.560357
0.317604
-0.890517
0.164381
-0.269827
0.062821
0.097069
0.080458
0.130983
0.474297
0.309196
-0.184962
1.092055
1.381626
0.566373
0.908792
-0.535447
-0.680433
0.486705
0.042962
0.147106
0.172803
0.399363
1.468074
0.896973
0.987718
1.493647
1.381626
0.557980
0.953130
0.622764
0.377934
-0.251139
0.279410
-0.106362
-0.448055
1.176735
2.336344
1.015681
1.211484
2.051241
1.381626
0.556351
0.899402
0.840506
0.981457
0.984469
0.250217
0.426939
0.031857
0.383602
0.725262
1.398983
1.400841
2.147329
1.384007
0.562616
0.880656
0.827195
0.826255
0.995855
1.452992
0.922569
0.395640
1.018051
1.023759
1.127028
1.146004
2.072776
1.584056
0.721516
1.110659
1.010935
1.042766
1.137675
0.745423
0.511726
0.481610
0.508248
0.930559
1.029283
1.319740
2.467885
2.196555
1.499609
1.804066
1.713777
1.716998
1.732286
1.773326
1.797287
1.792374
1.763604
1.744647
1.738952
1.962237
2.238645
-8.810701
-5.934484
-6.607646
-6.561338
-6.548272
-6.517356
-6.547083
-6.538801
-6.485650
-6.466243
-6.512121
-6.535771
-6.030735
-5.546151
-4.167185
-1.145634
-2.406497
-2.403517
-2.423228
-1.976526
-0.732870
0.653982
-0.244544
-0.457212
-1.527746
-2.140783
-1.306754
-0.979674
-4.220912
-0.314502
-1.527421
-1.367534
0.182130
0.960701
-0.657672
0.085287
0.388232
-0.894966
0.847794
1.586595
-1.048048
-0.326154
-4.174407
-0.295017
-1.575444
-1.206924
0.087112
-3.946685
-4.750295
0.065149
-0.438318
-1.794487
-0.223136
2.185954
1.988209
-0.134909
-4.173946
-0.281829
-1.531596
0.833426
-2.046715
-1.018112
0.417282
-0.956182
-0.933957
-2.042636
-2.546436
-1.286742
2.839709
0.118606
-4.173946
-0.257038
-0.649904
-0.600469
-1.887514
0.570536
-0.657171
-1.342349
-1.336377
-1.607739
-2.154254
-1.053030
-1.014596
0.447376
-4.173946
-0.208487
-0.005662
-0.683237
0.856227
2.086948
-1.099851
-1.248251
-1.288096
-1.068465
-0.292468
2.531029
-0.282383
0.479365
-4.173946
-0.165210
-0.170367
0.444394
-0.274296
3.784739
-1.045413
-1.248972
-1.275712
-1.024076
-0.764896
2.490692
0.986537
-0.058129
-4.173946
-0.207327
-1.156131
1.791066
-1.526165
4.946277
0.057314
-0.992940
-0.949050
-1.750016
1.379932
3.746795
2.094287
0.231959
-4.173946
-0.265999
-1.664612
-0.264615
-1.006601
0.521661
3.120155
0.388376
0.476715
-3.321879
-0.990955
1.923574
3.030838
-0.120004
-4.173946
-0.297880
-1.570762
-1.902766
-3.245618
-4.381980
0.196746
1.059379
-2.015877
-5.883110
-6.162107
-0.813029
-0.610194
-0.383687
-4.191945
-0.295317
-1.546938
-1.524839
-1.610605
-3.260210
-2.167341
1.515924
-1.055996
-3.179636
-3.798586
-2.635660
-1.181992
-0.334069
-4.310156
-0.745437
-1.937635
-1.953794
-1.949892
-2.068725
-1.803677
-0.709826
-1.090384
-1.683009
-2.183386
-1.997716
-1.470890
-0.830249
-6.626391
-4.248525
-5.068692
-4.992565
-4.992225
-4.982189
-5.037518
-5.073284
-5.072499
-5.037149
-5.006668
-5.000223
-4.322679
-4.351418
2.625634
3.266902
3.300429
3.262705
3.273759
3.306754
3.260648
3.166855
3.151638
3.180399
3.251930
3.286471
3.223614
2.371197
3.894923
3.736095
3.649998
3.575445
3.553135
3.034362
1.661472
-0.274338
-0.648539
0.760066
2.246345
3.221791
3.664886
2.986979
3.945868
3.599208
3.358050
3.210231
2.044706
-0.459554
-1.545789
2.200545
1.082530
-0.618737
-0.507989
1.589012
3.006479
2.955223
3.945790
3.604635
3.391652
2.852064
0.598185
1.648141
-0.420472
-1.094044
-1.275870
-0.715304
2.962497
2.019401
1.546942
2.868736
3.946242
3.634170
3.286328
1.685304
0.607021
0.510659
-2.326621
-2.925361
-2.663743
-2.350364
0.157602
1.482696
0.627450
1.974968
3.946242
3.668467
2.866338
0.869927
0.142086
-0.543416
-2.216494
-2.202084
-2.236480
-2.161050
-1.828545
0.672264
2.766845
1.296564
3.946242
3.663589
2.549745
1.311382
1.136046
-1.876606
-2.206131
-2.301777
-2.305022
-2.258554
-1.670593
-0.931940
2.137697
0.821760
3.946242
3.640226
2.902662
0.905889
1.000050
-1.326186
-2.163126
-2.303766
-2.299298
-2.250411
-1.470746
-0.078347
1.447992
1.453138
3.946242
3.645547
3.002094
1.288032
1.630026
0.340479
-1.881550
-2.197042
-2.264520
-1.981429
-1.230379
2.557653
1.935870
1.904298
3.946242
3.623312
3.292607
1.958095
2.333187
1.948570
-0.312480
-1.503043
-1.190108
-0.893316
1.926666
3.092087
1.202034
2.185859
3.946242
3.605476
3.331257
2.646776
1.482867
2.135662
3.529941
2.026662
1.058125
3.209334
3.897073
1.352782
1.991392
2.783375
3.971537
3.629677
3.390397
3.249130
2.614034
1.609954
2.221918
2.836412
1.593054
2.098913
1.780915
2.034265
3.344074
2.969721
4.079107
3.944875
3.794249
3.718144
3.705442
3.353000
2.493079
2.184947
2.014700
2.431567
3.098803
3.652573
3.800160
3.119929
2.644055
2.768274
3.007941
2.949193
2.949412
2.951506
2.965003
2.975282
2.953276
2.940500
2.938355
2.954446
2.856512
1.788564
-0.221333
-1.149561
-0.522096
-0.446518
-0.439242
-0.447334
-0.492075
-0.511242
-0.543515
-0.521580
-0.464809
-0.437224
-0.962057
-2.142172
-0.699790
-2.161383
-1.654904
-1.583564
-1.635875
-1.513354
-1.168067
-1.149695
-1.565347
-2.175928
-1.932002
-1.717737
-1.861686
-2.081753
-0.350274
-1.883994
-1.382671
-1.465005
-1.814530
-1.695455
-1.774937
0.361391
0.471947
-0.598683
-1.471575
-2.391367
-1.660703
-1.906340
-0.333445
-1.924269
-1.441699
-2.225763
-2.881133
-0.058163
-0.357639
0.297710
0.516553
0.333385
-0.155358
-2.638080
-2.787602
-2.104856
-0.332930
-1.908837
-1.644064
-3.303089
-1.647018
1.469368
-1.742637
-0.304419
-0.370434
-0.834733
-1.282126
0.334759
-3.011271
-2.728942
-0.332930
-1.891925
-2.350143
-2.989947
-0.380489
-1.971612
-1.375281
-0.834687
-0.827928
-0.802018
-1.920267
-1.884084
-1.157935
-3.390440
-0.332930
-1.855833
-2.222276
-1.675236
0.169736
-2.441623
-0.944610
-0.913756
-0.930206
-0.894891
-1.893808
-3.676136
-1.623586
-3.495289
-0.332930
-1.858866
-2.572288
-1.614603
-0.768298
-3.205738
-0.895750
-0.922009
-0.935664
-0.908856
-2.102018
-1.789595
-0.901375
-3.441679
-0.332930
-1.885171
-2.064603
-2.878348
0.506963
-2.689136
-0.802956
-0.784133
-0.866725
-0.130843
-1.653356
-0.033819
0.179480
-3.015431
-0.332930
-1.911516
-1.566818
-3.325452
-1.085113
-0.442667
-2.304120
0.546283
0.313541
0.207265
-1.986913
-1.673219
-1.942186
-2.692940
-0.332930
-1.926622
-1.449760
-1.643572
-1.729768
-1.879227
-2.134444
-0.014523
-0.203821
-0.305798
-3.528436
-1.926040
-1.783572
-1.988037
-0.348568
-1.919089
-1.435790
-1.421522
-1.404022
-2.009937
-1.467921
-0.657117
-0.701355
-1.390582
-1.703606
-1.426605
-1.629329
-1.891442
-1.056617
-2.381224
-2.138375
-2.068287
-2.052466
-2.078176
-2.200169
-2.113365
-1.971989
-2.271911
-2.078413
-2.137188
-2.280715
-2.544778
1.353054
0.525033
0.794813
0.825022
0.829313
0.862837
0.913699
0.991661
0.991097
0.938048
0.881074
0.856253
0.426176
-0.024381
3.276130
2.938872
3.035239
3.060989
3.061278
3.070583
3.057987
3.046937
3.085858
3.032447
3.041259
3.062177
3.083521
3.637080
1.560156
2.227357
2.796085
2.843591
2.849039
2.916027
3.134867
2.790474
3.026212
2.515708
2.675604
2.696169
2.785018
2.277389
1.747133
2.743371
3.281800
3.449560
3.460497
3.015324
2.323017
0.480737
0.276480
0.836894
1.151126
2.514947
2.731553
2.492446
1.699231
2.707660
3.293031
3.346811
2.095103
0.639363
-0.328770
0.430811
-0.807707
-0.126428
0.220746
2.135417
1.931944
2.456765
1.697153
2.711366
3.458806
2.909437
1.265305
0.277346
0.251415
-0.663880
-0.976598
-1.457303
-0.240072
-0.034468
1.774629
2.247942
1.697153
2.738127
3.175714
1.954777
1.215634
-0.871350
-0.890460
-0.681238
-0.619431
-0.795675
-1.041449
0.551008
1.862788
1.051656
1.697153
2.771986
2.562970
1.540703
-0.792941
-1.761423
-0.715399
-0.578928
-0.532386
-0.584810
-0.301617
0.259602
1.772496
0.669875
1.697153
2.737208
2.743726
0.179333
1.307163
-1.475638
-0.715316
-0.574980
-0.531147
-0.569943
-0.239831
-0.589783
0.309335
1.094584
1.697153
2.706493
3.025621
1.632846
3.087505
-0.888339
-0.662657
-0.747805
-0.691645
-0.898229
-0.372339
0.249519
0.018004
1.449275
1.697153
2.704297
3.258613
2.314356
1.710045
-0.178467
1.257608
0.719090
1.921918
-0.157593
0.808946
0.556736
0.676353
1.859282
1.697153
2.706287
3.240340
2.889657
2.068921
1.500934
2.985416
1.409238
1.085652
1.641442
2.630700
2.711371
2.623261
2.387739
1.709429
2.713768
3.240827
3.250489
2.950319
2.275740
3.193555
3.144308
2.718471
2.993596
2.525001
2.918685
3.089786
2.434087
1.795828
2.659193
3.291877
3.329418
3.323583
3.097241
2.743038
2.996507
3.027695
2.812665
3.108938
3.384683
3.071294
2.227426
1.738137
1.407627
1.935468
1.957615
1.960104
1.955942
1.994126
2.010454
1.987415
1.973913
1.969219
1.973146
1.761816
1.258773
1.987530
2.097611
1.983249
1.976818
1.982196
2.010537
2.080640
2.161507
2.161158
2.093774
2.037423
2.005594
2.157632
1.977265
3.986261
2.387226
2.550352
2.527777
2.594372
2.901229
3.532330
3.251958
3.973307
3.674559
3.320743
2.808918
2.817211
3.004763
3.762926
1.956944
1.687583
1.760687
2.069189
2.666582
2.023683
2.092820
1.507791
1.615591
2.198467
2.303655
2.658501
2.908111
3.653888
1.939716
1.719368
2.404322
2.552055
1.983646
0.936119
1.453649
2.060037
1.511559
1.167635
1.963108
3.039362
3.179918
3.651056
1.949324
1.831876
2.596582
1.536285
2.062999
2.659948
3.750684
3.383169
3.172484
1.929216
3.243192
1.942349
3.104734
3.651056
1.967561
1.477387
1.465213
1.516803
1.735744
2.813474
3.063860
3.014086
3.269682
3.049298
1.995280
1.674849
2.691485
3.651056
1.959120
1.026746
2.406716
2.398458
1.968879
3.134665
3.040737
3.034886
3.068671
3.220237
2.716661
2.160888
2.410309
3.651056
1.939221
1.062901
1.124348
2.044747
2.147030
3.016654
3.044244
3.034504
3.092216
3.383043
2.705978
1.442981
2.290499
3.651056
1.940006
1.562340
1.323618
1.020355
2.817648
2.943481
3.155993
3.119735
3.420868
3.657925
2.476130
1.886777
2.246356
3.651056
1.932771
1.709474
1.303462
0.456448
1.641485
2.997151
3.263475
3.549961
4.336914
1.819933
0.998358
1.493527
2.718678
3.651056
1.933928
1.666494
1.830468
1.336844
0.681247
1.541013
3.108062
2.754184
2.670151
0.963127
0.932423
2.128173
3.041224
3.668085
1.963871
1.694532
1.626377
1.670025
1.858547
0.725665
2.402798
2.247497
2.389889
1.597623
2.108740
2.480599
2.853809
3.697958
2.459011
2.304385
2.301773
2.314811
2.388885
2.285258
2.378264
2.388056
2.536941
2.673932
2.461910
2.591581
2.760078
2.373098
1.807704
1.886597
1.847428
1.854695
1.867646
1.900555
1.926528
1.917222
1.911793
1.894739
1.876862
1.910958
2.112506
4.415007
-15.419163
-16.133999
-16.182131
-16.180311
-16.196003
-16.295513
-16.410410
-16.426598
-16.364353
-16.221085
-16.180481
-14.686859
2.033367
8.208797
-7.347363
-10.193638
-10.266893
-10.406748
-10.805418
-11.023293
-14.698513
-14.883879
-12.397923
-10.915159
-10.599785
-9.394811
7.469641
8.604904
-6.414114
-9.820076
-9.853043
-8.832931
-7.930159
-5.376729
-11.123688
-10.941875
-7.337303
-6.036800
-6.605993
-7.941650
8.469433
8.608995
-6.427903
-9.722882
-6.641526
-0.914999
1.551832
-3.562304
-11.281714
-14.526408
-7.873403
2.643350
3.512178
-2.945528
8.270424
8.609707
-6.404004
-9.348843
-0.409953
6.557150
4.741846
-7.717823
-13.129017
-13.800631
-10.946359
4.355690
8.371822
2.099342
9.391157
8.609707
-6.207331
-5.980899
3.409525
11.877317
5.443336
-8.920626
-11.198219
-11.308133
-10.923994
-2.901107
10.771732
8.865688
10.433128
8.609707
-6.025638
-2.088144
9.507233
13.597715
0.208539
-10.817127
-11.210487
-11.189873
-11.154112
-6.854424
12.915596
11.779636
9.892796
8.609707
-6.094121
-5.280546
6.755447
14.153154
3.006661
-11.043198
-11.193647
-11.182125
-11.191607
-4.926398
13.418413
12.173853
8.568829
8.609707
-6.288631
-7.347459
4.608158
12.382765
6.935822
-10.285718
-11.254631
-11.269712
-10.503712
0.209473
11.502430
9.832228
9.819721
8.609707
-6.408104
-9.329599
-2.121583
1.991217
5.716116
-4.622509
-14.147128
-15.535421
-8.006284
5.435553
2.446369
0.699753
9.275372
8.609707
-6.432059
-9.720881
-8.916151
-4.757221
-2.598287
-1.099180
-10.444517
-15.551757
-5.218432
0.186894
-2.200125
-6.221848
8.491625
8.588057
-6.427461
-9.807673
-9.862177
-9.984041
-7.331491
-5.059212
-10.141142
-12.792328
-8.629466
-6.442563
-8.000321
-8.641806
8.518696
8.212058
-6.920485
-10.046827
-10.114618
-10.100662
-10.262322
-10.833819
-13.338157
-13.308022
-11.781591
-10.343837
-10.054483
-9.296708
7.724618
4.596680
-13.100078
-15.440060
-15.508676
-15.504541
-15.477688
-15.461286
-15.471608
-15.469064
-15.469680
-15.474439
-15.481180
-14.245315
3.282791
0.252738
0.649654
0.769318
0.766067
0.762291
0.741477
0.643922
0.558767
0.556696
0.598345
0.685047
0.751642
0.840466
0.542959
0.714842
0.240406
0.395002
0.380735
0.369043
0.326526
0.617084
1.167087
1.003978
0.861328
0.378386
0.385656
0.350354
0.372958
0.787407
0.330076
0.457417
0.514190
0.797163
1.288380
1.366099
0.446487
-0.173106
0.520256
0.528676
0.864669
0.598533
0.490357
0.791643
0.341713
0.491120
0.896108
0.915991
-0.045841
-0.674569
0.525124
0.467709
0.289237
-0.555050
0.034494
1.492346
0.695267
0.791763
0.331025
0.637588
1.180377
0.033436
-0.143872
1.088723
0.381024
0.296707
0.727599
0.871688
-0.498079
1.255361
1.057304
0.791763
0.304570
0.972467
1.480734
-0.468989
0.226455
0.078961
-0.373864
-0.385236
-0.200713
0.648354
0.552473
0.371317
0.820844
0.791763
0.294082
1.242672
1.579715
1.800454
0.770491
-0.338125
-0.437831
-0.432482
-0.439090
0.125972
1.369758
1.056404
0.652925
0.791763
0.317334
1.174900
1.614833
0.725646
0.785704
-0.338102
-0.440244
-0.431116
-0.442846
0.144225
0.953421
0.456512
0.355415
0.791763
0.331413
0.969119
2.009623
0.856798
1.175084
0.095409
-0.466103
-0.492121
-0.146894
1.348209
0.927551
1.417695
0.462966
0.791763
0.338172
0.682321
1.138192
0.577482
1.056166
1.169586
0.980570
0.566335
1.884669
0.882443
-0.436761
1.031752
0.495191
0.791763
0.340809
0.538226
0.708718
1.040927
1.246531
0.998874
2.704991
1.412933
1.414636
-0.024790
0.703051
0.792781
0.497329
0.798141
0.321897
0.474796
0.547357
0.621281
1.164311
1.493084
2.043373
1.615757
1.464725
1.077173
0.756549
0.515503
0.444896
1.101353
0.568219
0.763078
0.762400
0.827018
0.856675
1.038917
1.308183
1.330627
1.150347
0.910274
0.834369
0.796007
0.833292
0.636485
0.632118
0.647970
0.651267
0.648752
0.653169
0.653479
0.618373
0.610747
0.621745
0.642533
0.653082
0.773717
0.253291
-2.230359
-2.109918
-2.205449
-2.185105
-2.180972
-2.184094
-2.292453
-2.521785
-2.458003
-2.287606
-2.208546
-2.187674
-2.392534
-2.997169
-2.134727
-2.418316
-2.511041
-2.456715
-2.641987
-3.103813
-3.093366
-2.258760
-1.962464
-2.120127
-2.941792
-2.782271
-2.818291
-3.180323
-2.355798
-2.736662
-2.547467
-2.694862
-3.159021
-1.748508
-1.446162
-2.060796
-1.968503
-2.550686
-1.755664
-3.128042
-3.023891
-3.214565
-2.348143
-2.710990
-2.606176
-3.186328
-2.222496
-1.391770
0.229788
-0.895573
-0.247407
-0.794077
-1.846075
-2.823757
-3.836806
-3.372793
-2.347083
-2.698453
-2.910367
-3.920810
-1.936302
1.668349
-0.297430
-0.273094
0.246642
-0.584067
-0.735140
-1.195088
-3.610974
-3.681728
-2.347083
-2.689752
-3.136767
-2.966104
-0.800119
0.618001
-0.101500
0.554138
0.639627
0.185763
-1.370456
-0.157414
-3.341416
-4.063478
-2.347083
-2.674029
-3.265346
-1.265179
0.059027
0.242709
0.281876
0.627363
0.613057
0.612757
-0.983279
-0.037066
-1.544909
-3.617026
-2.347083
-2.685301
-3.375421
-2.002494
-0.158405
0.210407
0.385912
0.625036
0.614370
0.574373
-0.988808
-0.115207
-1.406929
-3.775433
-2.347083
-2.697019
-3.039922
-3.569114
-1.764868
-0.252922
-0.091206
0.510267
0.612033
-0.054808
-1.398323
-0.684924
-1.727705
-3.883504
-2.347083
-2.705597
-2.772424
-3.227459
-3.005338
-1.245077
-0.819651
-0.560921
-0.602458
-0.446645
-1.739424
-3.280560
-3.190312
-3.502218
-2.347083
-2.713416
-2.590362
-2.678652
-2.990642
-2.862566
-2.415925
-1.811338
-0.518142
-1.196228
-3.322795
-3.330080
-3.333111
-3.323262
-2.354573
-2.725428
-2.553096
-2.463804
-2.590232
-2.912379
-3.410860
-2.766485
-2.434265
-2.377659
-3.008291
-2.940961
-2.948885
-3.181296
-2.697787
-2.948612
-2.898207
-2.816862
-2.829839
-2.991895
-3.171866
-3.414801
-3.378086
-3.349715
-3.314656
-2.944072
-3.061890
-3.377695
-2.488669
-2.638293
-2.798800
-2.783981
-2.783842
-2.772813
-2.768522
-2.751294
-2.738374
-2.744594
-2.767406
-2.776026
-2.936857
-2.847365
2.304737
2.068233
1.889926
1.909419
1.900094
1.867922
1.793459
1.753941
1.773069
1.771796
1.805650
1.850871
1.915339
0.952873
1.129391
0.818233
0.695512
0.665037
0.661581
0.440166
0.072627
0.086109
-0.111562
0.087768
0.573495
0.627510
0.583774
0.294914
0.948924
0.629178
0.217615
0.249114
0.138591
-0.289526
-1.064658
-2.595264
-1.128152
0.084869
-0.724579
0.218169
0.106730
0.322860
0.945809
0.664712
0.232806
0.303650
-0.403216
-1.813403
-2.564060
-0.923868
-1.109723
-1.820278
-1.508303
-0.030381
0.163876
0.171791
0.946019
0.649169
0.263909
0.444710
-1.122940
-2.293631
-1.503844
-1.315246
-1.225357
-0.599021
-1.152282
-1.376462
-0.494911
-0.113302
0.946019
0.605397
0.182977
-0.260123
-1.689436
-1.940652
-2.310565
-2.423898
-2.407362
-2.157904
-1.800281
-1.324616
-0.700847
0.077858
0.946019
0.571186
0.526641
0.849402
-1.129150
-2.441484
-2.419030
-2.315428
-2.295599
-2.360846
-2.185899
-1.783300
-0.022866
0.277392
0.946019
0.595831
0.476744
1.001365
-0.475334
-2.555742
-2.459254
-2.309300
-2.296360
-2.386767
-2.559022
-1.856447
0.531179
0.063750
0.946019
0.636469
0.518190
1.389168
0.110185
-2.505934
-2.462302
-2.443543
-2.432645
-2.366052
-2.432637
-1.193922
1.194316
0.368004
0.946019
0.655396
0.365352
0.839118
1.144196
-1.883241
-1.741020
-2.419886
-2.162048
-2.272418
-1.982362
0.387652
1.225431
0.493404
0.946019
0.666083
0.285664
0.442935
0.735939
0.167082
0.020559
-1.195547
-1.527483
-1.065559
0.025056
0.088712
0.395814
0.401470
0.951701
0.632945
0.213804
0.255766
0.487733
0.911237
0.923241
0.720130
1.440551
1.821519
0.754835
0.201606
0.259647
0.376938
1.245006
0.687455
0.477115
0.465384
0.473998
0.578646
0.879571
1.016961
1.293684
1.041127
0.760432
0.452391
0.513561
0.672614
0.298457
0.751174
0.774311
0.828004
0.820683
0.784102
0.713268
0.701976
0.707092
0.728047
0.771342
0.780479
0.606618
-0.274255
-0.412248
0.162860
0.307563
0.316689
0.320925
0.327858
0.292928
0.174379
0.174716
0.256552
0.317557
0.318177
0.273712
0.427980
-0.193758
-0.023774
0.105455
0.110918
0.085404
-0.173727
-0.338089
-0.474105
-0.365003
-0.459879
-0.306584
0.021980
-0.011560
0.532764
-0.031743
0.150654
0.256719
0.234801
0.264431
0.556203
0.342961
0.078501
-0.052476
0.619498
0.303450
0.326753
0.239322
0.503433
-0.004978
0.172873
0.289086
0.195663
0.208864
-0.715531
-1.359441
-0.310676
0.149455
-0.432787
-0.721163
-0.750810
-0.049422
0.524845
-0.004692
0.184051
0.261581
0.071268
-0.765103
-0.673789
0.663036
0.234964
0.102451
0.315424
0.288947
-1.753447
-0.375884
0.457807
-0.004692
0.198496
0.054147
-0.359315
-1.385517
-0.324179
-0.260884
-0.286508
-0.293518
-0.219730
-0.095849
-0.387819
-0.535922
-0.245528
-0.004692
0.206090
-0.039159
0.524189
-0.147156
-0.298528
-0.309043
-0.341283
-0.341738
-0.341248
-0.225866
0.343061
-0.243501
0.050363
-0.004692
0.199847
-0.042780
-0.069105
-1.237866
-0.330017
-0.309949
-0.341265
-0.340474
-0.354906
-0.148977
0.113409
-0.695402
0.391030
-0.004692
0.184247
0.153468
0.280035
-0.547950
0.705578
-0.277363
-0.330265
-0.388429
-0.216738
0.285572
0.729155
0.195439
0.260984
-0.004692
0.173870
0.272149
0.170102
-0.249661
0.273020
0.411727
-0.162733
-0.453150
0.471905
0.662977
-0.715211
0.013895
0.475579
-0.004692
0.171476
0.279907
0.284322
0.511215
0.307009
0.171080
0.653668
0.284032
0.667578
-0.276220
0.415785
0.377304
0.572613
0.003483
0.178720
0.291059
0.321932
0.294564
0.833221
0.993055
1.426682
1.337283
1.069609
0.761269
0.522538
0.323803
0.518385
0.154531
0.063189
0.228043
0.231849
0.250311
0.242623
0.249182
0.626436
0.499331
0.233540
0.274908
0.283678
0.154387
0.761948
0.092213
0.250039
0.354522
0.345329
0.346790
0.358415
0.391820
0.418886
0.417326
0.394172
0.372755
0.356072
0.269147
0.381779
1.471835
0.517174
0.376133
0.380359
0.379700
0.382942
0.379728
0.334102
0.331476
0.353669
0.369180
0.388552
0.633418
-0.013737
1.444060
1.340715
0.836070
0.823438
0.816221
0.573104
-0.415889
-1.302853
-1.170756
-0.665264
0.176128
0.617118
1.095561
0.339513
1.611462
1.575907
1.101235
1.004931
0.642251
-1.132664
-2.041491
-0.105050
-0.263204
-1.012479
-1.067719
0.100891
0.988622
0.430921
1.626186
1.542661
1.068462
0.118463
-1.580011
-0.361667
0.133727
-0.384567
-0.632153
-0.015560
-0.027509
-0.825499
-0.051010
0.227435
1.627032
1.543228
0.922821
-1.022528
-0.740477
0.395913
-1.276359
-1.162105
-1.251559
-1.879061
-0.838203
-0.224407
-0.864375
0.066950
1.627032
1.535840
0.314390
-1.888412
-0.403943
-0.548251
-1.438809
-1.536108
-1.507951
-1.652431
-1.592732
-0.127541
0.683598
-0.215968
1.627032
1.506532
0.046052
-1.022480
-0.426801
-1.281481
-1.511157
-1.516319
-1.505573
-1.506261
-1.438398
0.368970
0.846182
-0.368056
1.627032
1.519848
0.326749
-1.606143
-0.091948
-1.401733
-1.444508
-1.515748
-1.506001
-1.509954
-1.537198
0.637045
0.560670
-0.058931
1.627032
1.553248
0.805613
-2.045785
0.608207
-0.259982
-1.168508
-1.507646
-1.490826
-1.533638
-1.152351
2.087505
0.161449
0.372796
1.627032
1.549780
1.043437
-0.218869
0.237082
0.819658
0.116083
-0.749582
-0.684147
-1.091595
1.905251
1.994832
0.676192
0.647194
1.627032
1.543905
1.058741
0.794241
-0.247088
-0.125638
1.383329
1.404818
1.680454
1.164086
1.146317
0.397096
0.872485
0.392013
1.637196
1.551765
1.067680
1.062902
0.962993
0.328540
-0.194376
0.539320
0.382247
-0.087144
0.859110
0.694302
1.235449
0.440480
1.784611
1.817492
1.362480
1.327929
1.341967
1.295915
1.355985
1.065380
1.070943
1.109913
1.169015
1.306244
1.633198
0.761056
1.102542
0.844714
0.809148
0.791485
0.789568
0.797658
0.801343
0.820115
0.814813
0.815048
0.805454
0.805856
0.914381
-0.094106
-0.106336
-7.512803
-8.463470
-8.399673
-8.429655
-8.520886
-8.609070
-8.544548
-8.549027
-8.624601
-8.514490
-8.460419
-8.130636
-1.396135
-2.810079
0.799680
0.439340
0.630509
0.648496
0.731315
-1.085644
-2.866354
-1.787863
-1.917071
-0.264515
0.029292
0.241936
-0.228329
-2.341827
2.433555
1.773734
2.511881
4.031849
0.369627
-1.548859
-3.026172
-4.330026
-4.101154
-0.226714
3.074679
1.872963
0.604043
-2.242404
2.574907
1.912758
4.049592
1.603483
-2.371130
-1.514098
-1.089868
-2.014737
-1.682878
-2.393756
1.244069
6.317630
0.860763
-2.244600
2.507703
2.504984
5.918058
0.471356
-2.983605
-1.469160
-2.363886
-2.299398
-1.341796
-0.702720
-4.185129
4.892067
1.392100
-2.244600
2.383789
3.982119
5.150321
-2.915749
1.384388
1.142535
0.835249
0.931329
0.103723
0.157117
-1.579767
1.167057
0.424149
-2.244600
2.354034
2.396574
3.946010
1.560031
2.063747
0.810783
0.978439
0.998333
0.868563
1.215353
1.753440
-2.294885
0.124120
-2.244600
2.436729
2.978033
3.410134
0.252589
4.233417
0.640563
1.002065
1.004332
0.983537
1.371222
1.802901
-1.311361
-0.176983
-2.244600
2.525660
2.728857
3.582788
-1.220061
6.063221
0.912999
0.621738
1.077722
1.173095
0.585658
-0.442283
2.281080
-0.540871
-2.244600
2.567190
2.183135
4.498360
-2.523538
-1.366888
3.618733
-0.252048
-2.158222
4.044990
2.424267
-5.609114
3.553477
0.600439
-2.244600
2.587577
1.977094
3.012754
3.378542
-1.420259
-7.135710
1.893111
0.177029
1.127378
-2.796484
1.140121
2.331481
0.770573
-2.274918
2.494781
1.894543
2.008111
2.204649
1.301781
-1.782628
-2.172011
-0.585828
0.094124
2.124052
2.024711
1.535826
0.808695
-2.403276
1.479546
0.713173
0.913149
0.805709
1.180472
0.355875
-1.686543
-2.374408
-0.632528
0.544080
0.729918
0.877512
0.318449
-0.727511
-3.910604
-4.458751
-4.343345
-4.337503
-4.373844
-4.383077
-4.331238
-4.350586
-4.387240
-4.362117
-4.360692
-4.006516
-0.713074
6.901920
5.769910
6.083168
6.051238
6.036345
6.049166
6.154169
6.319142
6.254379
6.151756
6.084579
6.091637
6.793604
6.985009
3.976914
5.073723
6.301800
6.356991
6.568350
7.477004
7.160372
7.128359
7.157663
7.251071
7.049497
6.845041
6.678999
4.766988
4.058293
4.798661
5.495331
6.020414
6.730779
4.609369
3.478375
5.924467
7.937118
4.507563
3.462725
5.619878
6.486177
4.539927
3.922177
4.722571
5.595303
6.615397
7.180747
8.677559
4.698451
4.307308
5.933357
5.661502
1.668390
6.754574
5.754341
4.683909
3.917275
4.677504
6.050478
7.465233
8.108375
7.117147
3.776368
5.242798
3.852137
2.750630
1.634543
6.567445
4.563388
5.107617
3.917275
4.723738
5.517674
3.405757
4.623287
2.224058
3.123833
3.203619
3.199234
3.378052
2.814806
5.654227
8.744437
5.499004
3.917275
4.743221
5.657195
4.749777
2.904556
1.379163
3.410821
3.232648
3.274014
3.282770
3.647180
4.403400
4.204304
5.327089
3.917275
4.748477
6.464660
5.503383
5.865947
0.426675
3.483614
3.248134
3.274666
3.386384
4.113889
5.015152
3.841790
5.915172
3.917275
4.675289
6.262990
5.425060
3.707052
0.295315
3.585744
3.289575
3.246251
3.258556
4.226643
7.479212
4.996519
5.856068
3.917275
4.700556
5.718511
5.490420
4.069393
2.579224
5.417251
4.800770
5.229186
2.169080
2.519572
11.161372
6.638724
5.307879
3.917275
4.727413
5.551334
5.788642
4.106073
6.324853
8.837647
3.642998
3.475229
0.385210
6.172712
7.092890
6.341499
4.582608
3.954134
4.710286
5.470622
5.569426
5.719719
4.990919
8.290586
5.309021
4.818506
3.531652
4.915796
5.795431
5.987396
4.448736
4.364817
5.400454
6.501805
6.508482
6.537376
6.909373
7.947295
7.664911
7.642330
7.508358
6.932778
6.700154
6.865237
5.015778
9.030134
8.230716
9.003613
8.956916
8.951619
8.970849
8.968198
8.962754
8.962163
8.956488
8.968101
8.986108
9.867494
8.013957
-1.264055
-0.721207
-0.457472
-0.409947
-0.413400
-0.424970
-0.412862
-0.451215
-0.446335
-0.391281
-0.423753
-0.432875
-0.563784
-2.248760
-2.098487
-0.958172
-0.631958
-0.573670
-0.619119
-0.497902
0.045676
0.119548
0.322599
0.589976
0.282790
-0.385557
-0.783124
-1.826821
-1.853931
-0.780554
-0.311969
-0.292334
-0.047463
0.751970
1.088404
1.638700
1.737007
1.505233
0.440407
0.134059
-0.313133
-1.474411
-1.864889
-0.765142
-0.334241
-0.223525
0.356248
2.196749
2.577169
1.487810
1.467701
1.816864
1.638643
-0.058985
-0.183256
-1.556910
-1.865050
-0.779233
-0.363002
-0.162449
0.201326
0.897491
0.705855
1.047696
1.004246
0.713802
0.544023
-0.033508
-0.407913
-1.203535
-1.865050
-0.806182
-0.380583
0.610873
1.299550
0.599552
0.380947
0.080824
0.112071
0.256365
-0.096920
0.621922
0.072591
-0.571879
-1.865050
-0.810448
-0.105371
1.874471
2.354736
0.843601
0.183696
0.057484
0.065277
0.055795
0.123887
0.744107
0.227205
-0.010832
-1.865050
-0.808553
-0.129419
0.271070
1.566187
0.354625
0.174787
0.053478
0.061608
0.014965
0.164684
0.274051
-0.127711
-0.468612
-1.865050
-0.793586
-0.034034
-0.016979
2.049377
0.011823
0.265010
0.104277
0.043876
0.431078
0.089574
0.564795
0.707526
-0.504070
-1.865050
-0.772182
-0.217398
-0.048364
0.566336
0.545153
-0.519471
0.220482
0.246274
0.768008
0.064655
-0.452130
-0.145934
-0.986676
-1.865050
-0.765736
-0.275647
-0.009934
-0.172478
0.321388
0.730819
-0.543630
-0.111162
0.678764
-0.154539
-0.617771
-0.670991
-1.449057
-1.874725
-0.778326
-0.307154
-0.177353
-0.088929
-0.027158
0.442354
0.398309
0.920026
0.672103
-0.153556
-0.527223
-0.589259
-1.492499
-2.001839
-1.117055
-0.763253
-0.709345
-0.676274
-0.583969
-0.646454
-0.618237
-0.497938
-0.835725
-0.793599
-0.748145
-0.863289
-1.718457
-3.267018
-2.315074
-1.885866
-1.830864
-1.832593
-1.837035
-1.875993
-1.897251
-1.880217
-1.850028
-1.836327
-1.841110
-2.051286
-2.748523
-2.066653
0.089303
0.644165
0.694666
0.706707
0.728223
0.642993
0.397666
0.426492
0.622780
0.668273
0.714413
0.879077
-3.379425
-1.367175
-1.513365
-1.313917
-1.287137
-1.479582
-2.465443
-3.166964
-3.645734
-3.780848
-3.075675
-2.569629
-1.724838
-1.019595
-3.511641
-1.346121
-1.520291
-1.172772
-1.487711
-1.930073
-2.564327
-3.017253
-3.839663
-3.482914
-1.766881
-3.107667
-1.071003
-1.089933
-3.468224
-1.354557
-1.501555
-1.240619
-1.162417
-0.256875
-1.205554
-4.723550
-3.901122
-4.066121
-3.512997
-1.854703
-2.895655
-2.920149
-3.467860
-1.355320
-1.450331
-1.542506
-1.273766
-1.172535
-1.977332
-3.068675
-3.358466
-2.985587
-3.435212
-3.871651
-3.792798
-5.409599
-4.036992
-1.355320
-1.386822
-1.350979
-3.953171
-5.141964
-5.277108
-3.434512
-2.185914
-2.220181
-2.422604
-3.753396
-4.788313
-6.114484
-5.166113
-1.355320
-1.334834
-0.235135
-3.578625
-5.020682
-4.580037
-2.464226
-2.206019
-2.214743
-2.106470
-2.606050
-1.252131
-0.467134
-4.882237
-1.355320
-1.392656
-0.472409
-0.915822
-1.991099
-5.090467
-2.442513
-2.211682
-2.214492
-2.117670
-2.961459
-1.748355
-2.214349
-4.297873
-1.355320
-1.452507
-1.346214
0.460092
-0.623533
-3.956641
-3.134767
-2.179245
-2.248473
-2.692006
-1.261228
1.762972
0.864346
-3.986804
-1.355320
-1.491086
-1.254466
-1.730729
-1.133617
-1.188374
-5.177639
-4.957372
-5.213218
-5.228781
-2.670805
-0.983307
-2.237782
-4.026895
-1.355320
-1.513943
-1.305662
-1.403817
-2.124111
-2.349514
-2.040871
-2.687049
-1.669885
-2.387562
-4.815116
-3.747855
-2.315567
-3.467799
-1.374243
-1.513299
-1.277041
-1.267754
-1.495681
-1.512644
-2.466931
-0.172890
0.578467
-0.343017
-2.234604
-1.426325
-0.911925
-3.520814
-1.729907
-1.131442
-1.101525
-1.109935
-1.083333
-1.555341
-1.731655
-0.769639
-0.526206
-1.071440
-1.319516
-1.005154
-0.831854
-3.467566
-6.334340
-3.646334
-3.091130
-3.099287
-3.105668
-3.107012
-3.104826
-3.119308
-3.119095
-3.090323
-3.095974
-3.110352
-3.242636
-7.624671
-0.580092
0.342933
0.303969
0.346963
0.348142
0.352437
0.390453
0.434628
0.458226
0.423712
0.371483
0.337356
0.479359
0.553037
-0.922888
-0.221304
0.075389
0.112905
0.149346
0.385173
1.471500
3.174619
3.574474
2.346629
0.958134
0.327012
0.087382
0.265091
-0.915373
-0.091014
0.204288
0.286324
1.291844
3.764694
3.924222
1.114545
1.498638
2.258964
3.165059
2.034343
0.591541
0.158346
-0.855857
-0.070058
0.240624
0.832017
2.489283
1.227006
1.029543
2.403170
2.667041
1.300798
0.532300
1.426872
1.526657
0.375451
-0.855227
-0.066335
0.337574
1.631514
1.594282
1.799058
2.846915
2.774368
2.805840
2.893664
1.710259
0.618141
2.354499
1.132569
-0.855227
-0.044332
0.604526
1.519296
1.616781
2.048972
2.328491
2.526846
2.544536
2.592411
2.485091
0.603539
-0.136235
0.805924
-0.855227
-0.016550
0.366154
0.011249
1.858346
1.816184
2.433174
2.550545
2.553586
2.495508
2.363273
2.074369
0.639347
0.538686
-0.855227
-0.034339
0.362643
0.909757
1.455057
1.714891
2.418976
2.544387
2.550869
2.480119
2.389362
1.688023
0.961446
0.518654
-0.855227
-0.066551
0.332800
1.417559
0.653451
2.079822
2.320602
2.448404
2.459540
2.571300
2.651049
0.013649
0.383866
0.201224
-0.855227
-0.074126
0.290137
0.809049
-0.048578
0.097707
1.661493
2.558871
2.424578
2.566508
0.548598
-0.505412
0.536162
0.325344
-0.855227
-0.070964
0.245915
0.576181
1.169777
0.275468
-1.083836
0.673063
1.349257
-0.053556
-0.634152
0.745387
0.944104
0.216565
-0.868505
-0.066226
0.230894
0.294197
0.609389
1.190046
-0.254903
0.612515
0.764642
0.119840
0.842002
0.975352
0.393971
0.156488
-0.944532
-0.247617
0.082877
0.098144
0.115992
0.310234
0.638062
0.779339
0.671947
0.442503
0.357360
0.175178
0.057098
0.107500
-1.013852
-0.677597
-0.424710
-0.390896
-0.390658
-0.396546
-0.392509
-0.396441
-0.406655
-0.404204
-0.393092
-0.402181
-0.522470
-0.395213
-1.277049
-1.165841
-1.425378
-1.436094
-1.434915
-1.442740
-1.574240
-1.659399
-1.645025
-1.611554
-1.500102
-1.427494
-1.324441
-0.502970
-0.958406
-1.033541
-0.967415
-0.932034
-1.005444
-1.043131
-0.604398
-0.496657
-0.003568
-0.698859
-1.000763
-1.172564
-0.960145
-0.717285
-1.151700
-1.310173
-1.321776
-1.319537
-1.298946
-1.566351
-0.520926
-0.240632
-1.197117
-1.384194
-1.274225
-1.375571
-1.223781
-0.667833
-1.196178
-1.325473
-1.360475
-1.023300
-1.514019
-1.677094
-1.248631
-0.483069
-0.753133
-1.323703
-2.242612
-1.189530
-1.260497
-0.674295
-1.199683
-1.322106
-1.343607
-1.174226
-0.893876
-1.977870
-1.071082
0.497144
0.293795
-0.867280
-1.618727
-2.827695
-2.129929
-0.911422
-1.199683
-1.315606
-1.447109
-1.258560
-1.635238
-1.239249
0.739806
1.114289
1.184753
1.034198
-0.133042
-1.453079
-2.658861
-0.342426
-1.199683
-1.306169
-1.669229
-1.687386
-2.178982
0.004731
1.101484
1.321194
1.336394
1.316050
1.271601
-1.746213
-3.328261
0.247783
-1.199683
-1.308537
-1.578721
-1.616902
-2.260570
-0.224046
1.100805
1.324946
1.337072
1.338910
1.276016
-1.681050
-3.134560
0.104208
-1.199683
-1.320734
-1.632621
-2.547510
-2.080141
-0.284590
1.234762
1.250522
1.300805
1.146728
-0.073962
-1.114597
-2.882672
-0.075406
-1.199683
-1.325499
-1.454398
-2.043612
-2.729016
-0.478045
2.513403
2.386696
2.402322
1.904704
-0.759229
-2.226329
-2.284425
-0.441574
-1.199683
-1.327933
-1.401316
-1.417918
-2.072878
-1.482252
0.593275
1.461763
1.003346
1.334385
-0.172238
-2.487785
-2.103877
-0.493382
-1.184510
-1.338889
-1.373379
-1.491651
-1.700458
-2.226706
-1.044017
-0.463863
-0.166233
-0.228265
-1.972821
-1.987482
-1.296969
-0.590980
-0.955956
-1.187900
-1.196666
-1.156083
-1.241297
-1.342661
-1.834944
-1.444586
-1.338030
-1.206850
-1.360558
-1.195609
-1.157621
-0.670062
-2.088422
-1.164446
-1.176352
-1.153346
-1.147844
-1.155673
-1.160795
-1.172564
-1.168849
-1.174329
-1.168788
-1.146363
-1.161700
-0.917941
-4.571045
-1.888873
-2.020983
-2.040172
-2.054133
-2.083469
-2.050288
-1.872530
-1.870845
-2.086973
-2.120076
-2.090379
-2.399498
-3.639959
-3.983070
0.024774
0.053512
-0.132762
-0.070955
0.221888
1.006123
1.782910
0.933442
0.366095
-0.271819
-0.190052
-0.000656
-3.108330
-3.962799
0.361724
0.101874
-0.013165
0.979230
1.895391
1.304343
0.439090
0.726132
-0.720472
-1.374270
0.410062
-0.059821
-2.855401
-3.966130
0.371286
0.119680
0.255803
-0.038731
0.981624
-1.440337
0.781239
0.585894
-1.377295
-2.261782
-1.008016
0.186802
-3.009439
-3.965654
0.361237
0.095504
0.411176
-1.672826
0.183222
0.584967
0.517879
-0.033243
-0.773010
-1.258054
-0.301765
0.467526
-3.280188
-3.965654
0.376920
0.237809
-1.332886
-2.977153
-1.205224
0.184048
0.715075
0.675802
0.554168
-0.467741
0.580910
-1.497322
-4.646417
-3.965654
0.397882
0.267962
-3.598127
-2.970610
-0.595491
0.545191
0.747754
0.756157
0.713825
0.665613
-0.412070
-3.180948
-3.697234
-3.965654
0.372238
0.377248
-3.814670
-4.559302
-0.076193
0.644088
0.751063
0.754826
0.744037
0.166826
-0.541493
-2.776096
-2.915614
-3.965654
0.348421
0.135373
-1.695333
-2.309684
2.314256
1.075291
0.677043
0.679266
0.162465
0.897584
-1.287989
-3.046474
-3.898166
-3.965654
0.363148
0.054406
-0.407923
0.454241
1.613329
2.665263
2.718823
2.945302
1.349221
1.749377
-1.775800
-2.748838
-3.211176
-3.965654
0.373807
0.078885
0.061991
-0.493612
0.234940
0.576373
1.884286
1.453187
0.122292
0.244141
-1.331688
-0.345669
-2.990478
-3.976139
0.349066
0.048768
-0.064468
-0.245534
-0.880624
0.386579
1.870497
0.337102
-0.315569
-0.839885
-0.584928
-0.044844
-2.840370
-3.829049
0.291226
0.100086
-0.065345
-0.047375
-0.179084
-0.179462
-0.239915
0.100902
0.029745
-0.076069
-0.021416
-0.118909
-3.017587
-6.677351
-2.667995
-2.963982
-3.027961
-3.037318
-3.025924
-2.989142
-2.983190
-2.993042
-2.994741
-3.015617
-3.061144
-3.251014
-5.019837
-0.333467
-0.129616
-0.436424
-0.408598
-0.405838
-0.404653
-0.337278
-0.226392
-0.258754
-0.320385
-0.358771
-0.403481
-0.474792
0.266624
-0.116864
0.137279
0.104841
0.129794
0.197248
0.656861
1.643002
2.499834
2.261874
1.494991
0.832302
0.358228
-0.043100
-0.867939
-0.044719
0.270970
0.281842
0.357535
1.030614
2.567334
2.885003
2.243465
2.740634
2.658483
2.359787
1.390013
0.302364
-0.864804
-0.061041
0.282082
0.313677
0.699731
2.818357
2.392231
2.629065
1.859096
2.717955
2.128575
1.790117
1.515940
0.866554
-0.851579
-0.062346
0.284802
0.329478
1.551101
2.318003
1.730768
2.744649
2.043308
1.942804
2.205637
2.535026
1.657331
1.848022
-0.213098
-0.062346
0.309180
0.685765
2.595286
1.168941
2.876919
2.657022
2.200602
2.146855
1.915979
2.109888
1.695385
0.429317
0.655579
-0.062346
0.334998
0.755879
0.684257
0.674201
2.819942
2.238114
2.173554
2.176086
2.094917
1.905938
2.210015
0.388052
0.843919
-0.062346
0.320451
0.561198
1.674291
0.919762
2.514127
2.212331
2.176292
2.174933
2.116123
2.110008
2.718622
1.197085
0.266776
-0.062346
0.289648
0.275776
1.909567
0.822577
1.910350
2.314533
2.166253
2.156882
2.180149
2.236516
0.031792
-0.070567
0.109289
-0.062346
0.280170
0.194139
1.194165
0.665589
0.207964
1.318795
1.740377
1.671740
1.472034
-0.027149
-0.127344
0.496238
-0.548007
-0.062346
0.280576
0.271701
0.487560
1.027797
0.272901
-0.155693
0.308762
0.820269
0.463405
-0.458314
0.710398
0.609667
-0.862439
-0.068497
0.289483
0.324045
0.243345
0.351238
0.794694
0.394614
0.150587
0.780111
0.260173
0.714248
0.856936
0.070285
-0.875032
-0.094606
-0.061753
-0.144273
-0.113528
-0.153115
-0.147261
-0.200829
-0.332279
-0.227543
-0.259770
-0.096844
-0.122531
-0.403537
-1.336116
0.531725
0.087950
-0.220823
-0.218749
-0.212569
-0.204672
-0.195674
-0.186550
-0.185352
-0.186408
-0.193595
-0.202225
-0.343661
-0.389949
1.348628
0.811082
0.733451
0.714132
0.715892
0.725498
0.710552
0.667809
0.703448
0.757933
0.737359
0.716262
0.685792
-0.529373
1.193741
1.192034
1.206450
1.167788
1.146519
1.081364
0.866856
0.981992
0.893311
1.236504
1.411041
1.326903
1.125901
0.684019
1.163786
1.093642
1.030323
1.051265
0.790322
0.606926
-0.168600
-1.027391
-0.145186
-0.116051
0.305229
0.950181
1.018587
0.718277
1.148497
1.124877
1.075861
1.067354
0.485364
-1.369660
-1.372468
0.288341
0.044165
-1.178258
-0.642872
0.216506
0.993333
0.724595
1.148026
1.132489
1.096074
0.809009
-0.821218
-0.488643
0.687323
0.902455
1.208544
0.978963
0.171535
-0.821391
0.669251
0.683282
1.148026
1.152829
0.987456
0.638855
-0.282449
0.710193
1.390686
1.780060
1.782664
1.952153
1.080199
-0.058649
-1.050381
0.494631
1.148026
1.179283
1.311310
0.602006
0.695443
1.433923
1.763079
1.718353
1.704876
1.781109
1.468230
0.515919
-0.610682
1.158493
1.148026
1.169647
1.360505
0.766062
0.847191
1.434761
1.735250
1.717088
1.705856
1.733886
1.348002
0.169929
-0.036057
1.139577
1.148026
1.136746
1.244702
1.519114
0.724977
0.547538
1.475868
1.762852
1.759868
1.727436
1.173348
-0.333186
0.287433
1.165015
1.148026
1.123085
1.175218
1.325651
0.508961
-0.019199
0.582731
0.361584
0.304073
0.309060
-0.088344
-0.708935
0.359958
0.990516
1.148026
1.122123
1.120922
1.377144
1.086746
0.077287
0.070212
-0.651907
-1.249239
-1.145918
-0.544801
0.477534
0.999033
0.845421
1.154976
1.129684
1.068158
1.213243
1.365040
1.228374
0.413389
-0.195401
-0.442859
-0.353777
0.154620
0.873066
0.966380
0.716594
1.278771
1.050985
0.965975
0.939135
1.034205
1.226020
1.074539
0.671494
0.580608
0.598963
0.860775
1.010160
0.816656
0.626633
-0.539052
0.184144
0.056601
0.061590
0.061585
0.074510
0.065838
0.099893
0.118536
0.112624
0.093239
0.068056
-0.011034
-0.218742
0.554903
0.212790
0.446021
0.499231
0.493700
0.469035
0.426714
0.308365
0.326260
0.441465
0.473161
0.470589
0.362926
0.835788
-0.839065
-0.374060
-0.261352
-0.191015
-0.248711
-0.121406
0.984511
2.241654
2.080003
1.548987
0.358141
-0.131614
-0.355191
-0.569974
-0.810566
-0.277218
0.037975
0.066760
0.545082
2.199514
2.518780
2.301443
1.984546
2.044205
1.677274
0.813526
-0.037818
-0.577595
-0.773266
-0.257776
0.032445
0.251575
1.956529
2.679300
0.879270
-0.165593
-0.360226
0.711353
1.422134
0.803529
0.220493
-0.568197
-0.772658
-0.280237
-0.035497
0.846280
1.754731
1.625854
-0.092519
0.352748
0.636504
0.031449
0.718855
1.468951
1.601216
-0.289844
-0.772658
-0.320481
0.208783
1.812977
1.605887
0.236428
0.875540
1.263506
1.283859
1.155418
0.347557
1.171946
0.844171
-0.346939
-0.772658
-0.335609
0.683996
0.939763
1.875561
-0.020242
1.141300
1.297589
1.328419
1.208829
0.685504
0.271687
0.518040
-0.156234
-0.772658
-0.318280
0.305350
0.717391
1.177295
-0.127245
1.127763
1.296686
1.325301
1.178775
0.694085
0.010320
0.276449
0.156165
-0.772658
-0.294853
0.056352
0.671509
1.025697
-0.657857
0.829218
1.174570
1.164129
0.966779
-0.238832
-0.294545
-0.413440
-0.323984
-0.772658
-0.268220
0.025340
0.589859
-0.194611
-0.187862
-0.082124
0.868986
0.736656
-0.353494
-0.271807
0.351062
0.454733
-0.337536
-0.772658
-0.255563
0.083917
0.402933
0.607542
0.375151
0.064602
-0.282566
-0.144339
-0.617627
-0.138729
0.626782
0.280499
-0.540285
-0.790445
-0.268378
0.066811
0.206960
0.558516
0.737203
1.176460
0.106867
-0.242129
-0.656238
0.845684
0.240298
-0.111622
-0.589808
-0.854858
-0.602389
-0.216442
-0.140198
-0.129709
0.004027
0.423214
0.456843
0.567922
0.293752
0.127749
-0.157617
-0.437484
-0.912881
0.205154
-0.088861
0.132624
0.202222
0.197466
0.197208
0.185643
0.196552
0.202178
0.197417
0.199454
0.188899
0.057377
0.634869
-4.275224
-4.250989
-4.589965
-4.514836
-4.510959
-4.490450
-4.491433
-4.431326
-4.417622
-4.449986
-4.474100
-4.496918
-4.389049
-2.483492
-3.710814
-3.179700
-3.701075
-3.641804
-3.607044
-2.987652
-1.950961
-0.648076
-0.242325
-1.291387
-2.766608
-3.430575
-3.335936
-2.978856
-3.927745
-3.087362
-3.774575
-3.407916
-1.849852
0.153412
0.281379
-0.452546
-0.832702
-0.664109
-0.565724
-0.938836
-3.098385
-3.057727
-3.860150
-3.090566
-3.748455
-2.486673
0.580044
0.063439
0.683343
0.274879
0.334229
-0.361564
0.026581
-0.038849
-0.913479
-2.915875
-3.858934
-3.104179
-3.359549
-0.284414
0.721238
1.443666
0.128412
-1.034200
-1.403808
-0.780295
1.100376
1.170625
1.126266
-1.607521
-3.858934
-3.104748
-2.649598
1.154751
0.206736
-0.432749
-2.889689
-3.776811
-3.847270
-3.678986
-1.183593
0.677465
0.118544
-0.713447
-3.858934
-3.065298
-2.669030
-1.400728
0.378698
-1.636276
-3.757565
-3.892526
-3.924609
-3.884476
-2.561139
1.108678
-0.722516
-0.872122
-3.858934
-3.039154
-2.613214
0.044363
0.777643
-1.101688
-3.685513
-3.908204
-3.929645
-3.856587
-2.648430
1.292813
0.725562
-1.919549
-3.858934
-3.068814
-3.192783
0.376540
1.637822
1.001769
-2.550814
-3.778552
-3.815240
-3.352285
-0.458862
1.096292
-0.379075
-1.805948
-3.858934
-3.086969
-3.531924
-1.340400
0.007330
0.932092
1.355859
-0.460375
-0.412468
0.614760
1.728390
1.086283
-0.500077
-2.531332
-3.858934
-3.090892
-3.739870
-3.037105
-1.016154
-0.900241
0.202595
2.635768
1.590657
2.314016
1.188331
0.659222
-2.015680
-3.173292
-3.869062
-3.099497
-3.798421
-3.693980
-2.862577
-1.104739
-1.561502
-0.213194
-0.357022
-0.532343
-0.962883
-2.417963
-3.426322
-3.051414
-3.609504
-3.547632
-4.139405
-4.104025
-4.062597
-3.671038
-2.258035
-1.878371
-1.996750
-2.420243
-3.497760
-4.030805
-3.660167
-2.872917
-1.013459
-2.210447
-2.867597
-2.790747
-2.791904
-2.772209
-2.792078
-2.832016
-2.830658
-2.811504
-2.793634
-2.779391
-2.400119
-1.161807
5.919186
6.854989
6.162338
6.046980
6.049071
6.083728
6.076347
5.900780
5.845580
6.028821
6.094674
6.103952
5.917892
5.837662
5.277635
4.420427
3.942086
3.807907
3.797643
3.056021
1.949257
1.078129
0.530401
0.957208
1.987976
3.490254
3.787263
4.199574
4.641276
3.986764
3.111793
2.946805
1.929125
0.617088
0.016721
1.043414
1.435005
1.886429
0.500682
2.230170
3.230742
3.671472
4.545588
4.027255
3.245512
2.487441
0.986870
1.876359
1.047631
1.555078
2.220367
1.430969
1.119287
1.715819
2.978723
3.687316
4.542172
4.056657
3.144671
1.216566
1.066600
3.906390
2.731568
0.833212
0.629036
0.727794
1.478982
3.034324
2.967849
2.883387
4.542172
4.089355
2.651017
0.201172
0.178056
3.360750
0.294963
-0.669421
-0.801029
-0.637477
-0.216285
1.096888
2.448479
2.949100
4.542172
4.110086
2.677986
1.485029
2.410018
1.493150
-0.618658
-0.799086
-0.810815
-0.654752
-0.704669
1.440989
3.159708
3.997420
4.542172
4.102348
2.869994
1.822502
2.442871
0.120583
-0.675788
-0.784510
-0.799455
-0.683169
-0.845663
-0.460427
2.107271
3.753619
4.542172
4.049938
2.995703
2.592663
4.279397
0.850114
-0.915163
-0.807423
-0.825807
-1.089970
-1.920871
1.741010
4.510479
3.955817
4.542172
4.024085
3.185024
2.510825
3.651072
1.068607
-1.549227
-2.767079
-2.979935
-3.894914
-0.602376
5.606956
6.273911
3.898608
4.542172
4.017934
3.220316
3.265110
4.114910
2.751142
1.311534
1.726567
-0.800629
-0.745410
3.361404
6.115016
5.250774
3.880293
4.585077
4.077541
3.210204
3.173375
3.523084
4.824200
4.838775
6.508798
5.006502
3.843103
5.017556
4.783165
3.502803
3.667065
5.058677
4.044812
3.119719
2.995252
3.098368
3.274585
4.246551
4.639256
4.905909
4.656936
3.746217
3.209942
3.065706
4.005127
4.009804
3.873248
2.886178
2.779139
2.772846
2.780101
2.774127
2.732239
2.746663
2.780855
2.793584
2.800489
2.778206
2.583705
0.190799
-0.024935
-0.144578
-0.182240
-0.191701
-0.215690
-0.200654
-0.127140
-0.153441
-0.215531
-0.231458
-0.213684
-0.475281
0.054998
-0.997854
-1.018266
-0.844190
-0.932491
-0.909599
-0.829969
-0.870425
-0.801015
-0.988761
-0.604766
-1.058508
-1.013442
-1.110008
-1.862707
-1.533509
-1.836554
-2.099559
-2.090254
-1.726158
-1.830480
-3.460498
-3.529922
-3.504610
-4.821965
-3.408195
-2.190738
-2.475187
-2.251609
-1.643596
-1.826118
-2.113201
-1.772587
-2.780706
-2.403325
-2.335069
0.249586
-1.150645
-2.086679
-2.117166
-2.797472
-1.992739
-2.425229
-1.644818
-1.846802
-1.942321
-1.486633
-2.174328
0.521294
-1.669398
-2.420147
-2.200875
-2.331634
-2.284570
-1.963841
-1.888218
-1.948824
-1.644818
-1.882226
-1.264744
-0.796773
0.624349
-0.131828
-2.268879
-2.684604
-2.725104
-2.808495
-2.554553
-0.239529
-2.954639
-1.564526
-1.644818
-1.895686
-1.063624
-0.857921
-0.016188
-0.657981
-2.665409
-2.576550
-2.558221
-2.664694
-2.578877
-2.160151
-1.279414
-1.734302
-1.644818
-1.878464
-1.221654
1.000570
-0.109931
-1.007362
-2.657518
-2.576823
-2.558448
-2.660610
-2.450656
-2.322721
-1.500691
-2.080047
-1.644818
-1.855331
-1.910568
0.338568
0.271090
-1.819651
-3.068044
-2.784411
-2.719643
-2.654062
-3.190438
-2.593099
-1.543094
-1.614386
-1.644818
-1.835986
-2.023682
-1.429334
-0.587360
-2.235108
-3.196215
-2.490510
-2.623325
-3.227156
-3.492316
-2.206364
-1.412348
-1.853037
-1.644818
-1.824876
-2.085975
-2.163953
-2.211348
-1.564113
-0.974178
-3.270413
-3.603448
-2.630152
-1.764090
-1.652588
-2.301410
-2.331052
-1.634687
-1.847574
-2.102475
-2.276091
-2.279980
-2.263900
-1.025436
-0.137640
-0.848813
0.340316
-1.264632
-2.138350
-2.489267
-2.244982
-1.344835
-1.862009
-2.007491
-2.099193
-2.149206
-2.219279
-1.816730
-0.720155
-0.704740
-0.962442
-1.924965
-2.174472
-2.353292
-2.075929
-0.709317
-1.489153
-1.596524
-1.602590
-1.608581
-1.633455
-1.707549
-1.783676
-1.768906
-1.687382
-1.640757
-1.623506
-1.680958
-1.142282
-18.691460
-10.916512
-10.366574
-10.265611
-10.276517
-10.322331
-10.252629
-9.847094
-9.897397
-10.195560
-10.340961
-10.335946
-10.161059
-17.814671
-9.171397
-2.104125
-1.013834
-0.978536
-0.929198
0.520456
3.727698
5.210678
5.824782
4.953675
2.235853
-0.335508
-1.871147
-8.467245
-9.088916
-1.464496
0.708672
1.112951
4.910104
6.150412
4.285247
-0.927132
-1.759716
-1.510816
4.323406
3.551535
-1.326844
-8.007265
-9.083209
-1.503749
0.578240
0.846357
4.157720
-0.992565
-0.477003
2.159304
3.392513
-1.155501
2.546446
4.957246
-0.083958
-7.890665
-9.080789
-1.592885
1.051141
3.662301
6.035977
1.836920
3.597718
2.264031
2.155653
1.105222
4.067548
0.184937
1.157205
-5.749282
-9.080789
-1.727945
3.362691
4.581411
0.175971
4.571401
0.656919
-0.400500
-0.238204
-1.444404
-0.851252
-2.037114
-6.959430
-4.417862
-9.080789
-1.826582
3.446791
-2.131139
-4.522823
4.796031
-0.220399
-0.259125
-0.206976
-0.698726
-1.312994
-0.229102
-5.023108
-4.221129
-9.080789
-1.841612
3.716243
2.728166
-1.555401
5.253390
0.161731
-0.264547
-0.222553
-0.674260
-0.067684
0.322811
-1.483350
-6.274503
-9.080789
-1.738773
1.972447
3.446938
-2.378066
3.864463
1.108092
-0.368225
-0.312593
-1.504233
0.013328
-2.103083
-5.583793
-6.635133
-9.080789
-1.572045
0.805324
4.510793
2.154707
0.398799
2.196265
0.721555
2.385400
-2.322242
3.093758
2.760857
-0.706717
-7.160268
-9.080789
-1.496149
0.573637
1.335745
0.932931
-1.028303
0.791207
-2.891424
-2.904610
-3.178454
-0.128395
-1.405254
-0.886480
-7.858486
-9.092210
-1.529233
0.662794
0.744626
0.802090
-0.040461
-1.532325
-5.397721
-2.417578
-2.008322
-1.941780
-0.542738
-1.183203
-8.057092
-8.639333
-1.886936
-0.581006
-0.601955
-0.736143
0.008521
1.558764
1.992061
1.953928
1.966179
0.063414
-0.574095
-1.735101
-8.217718
-18.952374
-10.756913
-10.172313
-10.139577
-10.151643
-10.178082
-10.257047
-10.340726
-10.357154
-10.304694
-10.219392
-10.204366
-10.700217
-17.530643
4.083146
2.547454
2.420690
2.378673
2.375218
2.384491
2.411278
2.561737
2.564495
2.429649
2.369623
2.393059
2.691594
3.589294
2.742857
1.468086
1.653109
1.650037
1.648917
1.553386
0.609366
-0.294625
0.159611
0.600968
1.205606
1.569498
1.732297
3.053233
2.746104
1.812162
1.844190
1.828827
1.710570
0.046856
-0.106953
0.293983
0.986694
1.121357
0.972893
0.783830
1.641195
2.934575
2.651215
1.736194
1.785957
1.394419
-0.642739
-0.029288
0.055397
0.253421
0.402547
0.165270
0.170834
0.294434
0.768359
2.806509
2.649407
1.729893
1.794962
0.492180
1.120047
-0.403090
-0.572446
-1.276782
-1.250040
-1.267987
-1.054993
-0.065187
-0.344002
2.491122
2.649407
1.717207
1.806247
-0.232037
0.048295
-0.396462
-1.372619
-1.552565
-1.521960
-1.599358
-1.174163
-1.222229
1.091269
1.852015
2.649407
1.697088
1.685528
1.520996
-0.712471
-0.787587
-1.490141
-1.589904
-1.609313
-1.486180
-1.220893
-1.273414
1.138283
1.869967
2.649407
1.694222
1.806911
0.953695
-0.307401
-0.814487
-1.541760
-1.590266
-1.606148
-1.484437
-1.212709
-0.949390
0.995938
1.931187
2.649407
1.717705
2.022499
0.373763
-0.347203
-0.802786
-1.351367
-1.561116
-1.527380
-1.471030
-1.204113
-0.077863
1.639537
2.318946
2.649407
1.736173
1.900010
1.053302
0.789646
-0.783594
-1.406374
-1.103941
-0.584153
-1.174420
-0.646292
1.485591
0.911105
2.677926
2.649407
1.736106
1.791790
1.570297
0.834434
1.026791
0.370198
0.366954
0.817979
0.929193
1.947433
1.043006
1.583476
2.912304
2.678134
1.747496
1.769773
1.806760
1.627820
1.126668
0.899043
2.515710
2.747529
2.890671
1.459856
1.723974
1.770021
2.887893
2.801049
1.873607
1.828096
1.815560
1.818374
1.744325
1.783779
2.023733
1.939352
1.837219
1.574771
1.793110
1.974374
3.266609
3.557721
2.690578
2.717238
2.658047
2.655384
2.652360
2.643320
2.634166
2.636028
2.638049
2.639010
2.668259
2.830484
3.327009
3.363372
3.771664
3.126837
3.090787
3.088507
3.101165
3.231913
3.347953
3.421143
3.208067
3.010523
3.025163
3.280797
1.799477
4.218980
0.381304
-2.731467
-2.924957
-2.651796
-2.353737
-1.904789
-2.872602
-3.013362
-0.696980
-1.626775
-2.129999
-1.246344
2.894531
4.414735
0.200335
-3.753843
-4.020808
-3.039346
-4.251153
-5.125727
-9.001979
-7.861990
-5.140341
-5.248717
-4.040861
-1.207340
2.996903
4.388945
0.283631
-3.536758
-2.683918
-3.334080
-7.355373
-5.918544
-5.439580
-4.024402
-4.571806
-6.028445
-5.219329
-1.009413
3.636190
4.392653
0.299642
-3.521747
-2.663913
-3.449379
-4.506907
1.810634
-0.098427
-0.139629
1.671609
-0.810792
-9.800755
-2.956550
4.094216
4.392653
0.383852
-1.454417
-2.481045
-8.224338
-0.213691
-0.399306
-1.844446
-2.141074
-1.249849
1.643006
-6.936580
-7.943318
5.765093
4.392653
0.391311
-0.730137
-4.086815
-6.071297
2.714281
-1.460727
-2.136449
-2.119675
-2.080870
1.910602
-2.024716
-4.693360
6.528749
4.392653
0.303121
-0.901537
-2.122001
-4.730085
2.078852
-1.511444
-2.119622
-2.123522
-2.134925
1.507030
-2.307649
-4.943583
6.303299
4.392653
0.214199
-2.053927
-1.432644
-4.734196
-0.701607
-0.468779
-1.923508
-2.174523
-1.231836
1.396250
-7.957600
-4.017500
4.594390
4.392653
0.238918
-3.005755
-2.512223
-3.358695
-4.163498
-3.692661
1.138557
1.123175
2.166377
-2.683170
-8.266896
-2.961336
2.856886
4.392653
0.279381
-3.529620
-1.907944
-3.424454
-4.055306
-7.795642
-1.566416
-3.449841
-0.928551
-5.999882
-5.556820
-1.422199
3.337164
4.382151
0.285431
-3.736724
-3.471703
-2.197310
-2.558485
-6.429668
-1.177248
-2.993140
-2.342524
-3.497877
-3.225714
-1.380089
2.915627
3.812786
0.343195
-3.685223
-3.834783
-3.656875
-2.676782
-1.641304
-0.567155
-0.966595
-1.394275
-2.234101
-3.312896
-2.471742
2.613405
-1.607584
-2.042708
-3.977341
-4.010695
-4.032983
-4.074674
-4.107909
-4.141340
-4.142578
-4.119676
-4.088974
-4.111443
-3.600654
-1.278796
3.316545
2.807069
3.128654
3.163088
3.156188
3.137291
3.118248
3.088536
3.069893
3.042701
3.087706
3.137556
3.098660
4.625117
2.509971
1.223438
1.388078
1.394532
1.338947
1.081274
0.986176
0.935303
0.691260
0.650724
0.886394
1.119416
1.361069
2.718067
2.445852
0.947298
1.202722
1.156442
1.177885
0.870106
1.695567
1.876473
1.073030
1.996217
1.150189
0.723593
0.990737
2.438387
2.477833
0.949289
1.191024
0.888800
1.163030
2.848192
0.472210
-0.227717
-1.136940
0.235610
1.155192
0.994220
0.586821
2.358083
2.479772
0.935736
1.051212
0.579980
2.086488
0.671704
-1.752831
-1.430526
-1.175400
-1.546884
-0.131292
1.547536
0.578570
2.552888
2.479772
0.904041
1.206347
1.161552
1.696364
-0.420470
-1.446831
-1.317557
-1.291273
-1.492942
-1.152079
0.529308
2.102406
2.107366
2.479772
0.876710
1.355221
1.713482
1.932364
-1.581177
-1.458404
-1.255845
-1.230413
-1.346684
-1.410264
0.134597
2.297141
1.425413
2.479772
0.882912
1.196487
1.960444
1.464233
-1.685606
-1.533954
-1.248017
-1.231249
-1.330434
-1.223942
0.384238
2.660407
2.185098
2.479772
0.920041
0.986583
1.278344
1.736446
-1.006789
-1.774877
-1.345521
-1.298445
-1.411779
-0.967872
1.367686
2.148016
2.086168
2.479772
0.941955
1.110616
1.225541
2.242517
1.905074
-1.388035
-1.248716
-0.972566
-0.977471
0.943194
2.827873
2.061535
2.481006
2.479772
0.951219
1.180553
1.247762
2.147378
2.029932
1.530460
-0.055824
0.511143
0.909608
3.035699
2.016167
2.012493
2.301190
2.488203
0.953848
1.208023
1.187249
1.473936
1.965057
1.585756
1.361046
2.344018
1.589063
1.738178
1.879542
1.332202
2.468716
2.535118
1.302595
1.611380
1.616245
1.584981
1.616283
2.375952
2.433145
2.892648
2.596383
2.040515
1.609841
1.717482
2.780399
3.628309
1.724396
2.066354
2.077404
2.070390
2.054411
2.079934
2.072507
2.050201
2.046326
2.052123
2.062438
1.936607
2.651269
2.939852
2.944439
3.132577
3.102869
3.101073
3.099387
3.121346
3.185059
3.169702
3.154081
3.113837
3.095204
2.943461
2.492302
2.945387
2.200993
2.958588
2.910510
2.926194
3.034729
3.285956
2.796847
2.928421
3.984980
3.395085
3.005691
2.612416
2.416909
2.715386
1.982924
2.363399
2.373600
2.514943
2.000319
1.576565
2.762899
2.599252
2.125942
2.570272
2.690065
2.384978
2.333297
2.676899
1.952214
2.329004
2.831820
2.496300
3.145165
1.509805
0.159032
0.272418
0.553628
3.298656
3.020610
2.794626
2.383219
2.676747
1.935824
2.444320
2.956381
2.922332
1.969447
-0.092473
-0.697545
-0.613212
-0.069363
0.978345
2.665705
2.350005
2.001394
2.676747
1.905044
2.882610
2.561041
2.461688
1.358185
-0.662800
-1.377347
-1.404672
-1.197000
-0.048841
1.948149
2.343629
1.733115
2.676747
1.864282
2.907638
2.951501
3.190240
0.551128
-1.247339
-1.348924
-1.326897
-1.341739
-0.475939
-0.212733
0.808387
1.689547
2.676747
1.871651
2.861306
2.613084
2.552489
0.570641
-1.344641
-1.344084
-1.324594
-1.345862
-0.342945
0.094805
1.215051
1.707795
2.676747
1.905322
2.705439
2.266736
2.449092
1.948025
-0.884073
-1.314592
-1.300520
-1.042836
0.482655
1.493949
2.274686
2.051026
2.676747
1.941060
2.470338
2.359143
1.853897
1.788277
1.038484
0.284068
0.098624
1.201665
0.604087
1.394998
2.173248
2.223483
2.676747
1.954133
2.377853
2.624729
2.110531
2.104271
1.561029
0.733053
-1.122032
1.481086
1.893025
2.185624
2.222060
2.391851
2.678065
1.962095
2.352103
2.380276
2.565680
2.552985
2.053846
1.598471
0.824575
1.900128
1.826821
2.225728
2.151243
2.280779
2.733823
1.850181
2.308419
2.269584
2.279620
2.432842
2.492368
2.565652
2.257009
2.501581
2.351400
2.292132
1.942570
2.103657
2.067919
1.698467
1.931736
1.917593
1.913367
1.890336
1.803055
1.743905
1.742666
1.783972
1.847404
1.890876
1.756956
1.929973
-0.839889
-0.826177
-0.752850
-0.705762
-0.703306
-0.742271
-0.879747
-0.942547
-0.932048
-0.876104
-0.808427
-0.750232
-0.668540
-1.100305
0.431118
0.117781
-0.539962
-0.533945
-0.638419
-1.069043
-1.557409
-2.386046
-2.303223
-1.693640
-0.961797
-0.739192
-0.492505
-0.180663
0.506400
-0.097368
-0.459198
-0.581622
-1.275970
-2.109700
-3.518176
-3.959954
-3.737223
-3.556943
-1.960751
-1.758239
-0.764772
-0.245178
0.586982
-0.103633
-0.468356
-1.199868
-2.856748
-7.063848
-6.090014
-3.914077
-3.144011
-3.917967
-3.260377
-3.867538
-2.390275
-0.206029
0.588918
-0.101671
-0.586952
-2.006294
-3.718338
-5.568667
-2.626891
-1.236172
-0.719501
-0.906839
-2.230749
-4.385181
-4.570963
-0.111770
0.588918
-0.108753
-0.643698
-3.054706
-5.846878
-2.592928
-1.118648
-1.018763
-1.054513
-1.054464
-0.982638
-4.678506
-4.689006
0.798512
0.588918
-0.112647
-0.477797
-1.994405
-4.497292
-2.105140
-1.071687
-1.048706
-1.036533
-1.084458
-1.279991
-2.472426
-2.513428
0.700621
0.588918
-0.116229
-0.618654
-1.543072
-4.960033
-2.548692
-1.103139
-1.046408
-1.034312
-1.125173
-1.466226
-2.946398
-2.082300
0.880131
0.588918
-0.116846
-0.586258
-1.773047
-5.729984
-4.788611
-1.641413
-1.206296
-1.167906
-1.328508
-2.264186
-4.988488
-2.151894
0.814319
0.588918
-0.110533
-0.471535
-0.888660
-2.336409
-5.883438
-4.061950
-2.531757
-2.629729
-3.320426
-7.153234
-3.521034
-1.366729
0.012439
0.588918
-0.104560
-0.463777
-0.418483
-0.093516
-3.065388
-4.596889
-4.214702
-2.786688
-3.751098
-5.443364
-2.520005
-0.464524
-0.314973
0.577163
-0.100634
-0.471773
-0.474345
-0.291199
0.308415
-1.923995
-1.541102
-0.744354
-0.629445
-0.291906
-0.359029
-0.610803
-0.227819
0.033544
-0.163551
-0.425673
-0.413713
-0.423033
-0.529774
0.092136
0.107392
0.446543
0.198347
-0.277672
-0.497515
-0.509828
-0.467503
0.560274
0.240648
0.036476
0.083188
0.082982
0.068204
0.050845
0.055897
0.056703
0.048814
0.058201
0.069895
-0.033711
-0.022743
2.307318
0.743204
0.878763
0.901597
0.899958
0.896815
0.916321
0.965222
0.955412
0.917356
0.908237
0.900477
0.895330
1.521180
1.225957
-0.508324
-0.302684
-0.268695
-0.251050
-0.097385
0.193881
0.109920
0.068717
0.130446
0.078764
-0.216181
-0.332235
0.284325
1.270571
-0.495624
-0.316108
-0.245581
0.233483
0.327309
-0.021574
-0.072285
-0.185842
-0.374961
-0.316448
0.149304
-0.298211
0.358931
1.278035
-0.489057
-0.321782
-0.034723
0.068229
0.345050
0.362695
0.299771
0.270173
0.096092
-0.162898
0.072882
-0.084278
0.265832
1.278105
-0.490423
-0.273013
0.101669
-0.480477
0.088668
-0.615464
-0.159743
-0.074479
-0.008565
-0.229240
0.532595
0.019537
0.337299
1.278105
-0.490462
-0.141166
-0.280556
0.305588
-0.367534
-0.360818
-0.027434
-0.043409
-0.131947
-0.161536
0.304493
-0.437712
0.460627
1.278105
-0.491070
-0.607197
-0.536414
0.958641
-0.313353
-0.117892
-0.038304
-0.037143
-0.075074
-0.021912
0.204146
-0.198022
0.113451
1.278105
-0.489810
-0.543092
-0.628546
0.208920
-0.317820
-0.128845
-0.039401
-0.037848
-0.065546
0.111568
0.683981
0.361860
0.058030
1.278105
-0.484488
-0.327056
-0.757092
-0.273592
0.136022
-0.260544
-0.057443
-0.034939
0.048354
0.401041
0.444747
0.262296
0.095194
1.278105
-0.488672
-0.352687
-0.262222
-0.212640
0.561761
0.075359
0.016808
0.183140
0.406214
0.766015
0.267100
0.044398
0.366607
1.278105
-0.488960
-0.336962
-0.239672
-0.073653
0.095912
0.143067
0.111875
-0.013115
0.153360
0.286322
-0.254176
-0.363999
0.340850
1.274527
-0.489219
-0.317265
-0.309751
-0.306160
-0.159313
-0.564481
-0.924534
-0.493289
-0.481553
-0.062443
-0.282724
-0.314010
0.400979
1.250679
-0.506147
-0.273507
-0.236706
-0.249120
-0.262883
-0.140516
-0.254357
-0.019543
-0.041472
-0.170915
-0.228113
-0.282283
0.347147
1.410672
-0.286101
0.004383
0.024554
0.028019
0.035658
0.021721
0.018696
0.027411
0.036941
0.035223
0.026177
-0.041489
0.163450
