1.476444
0.911592
1.482713
1.802112
1.800229
1.800229
1.800229
1.800229
1.800229
1.800229
1.800229
1.800229
1.800229
1.800229
1.800229
1.800229
1.800229
1.800229
1.800229
1.800229
1.800229
1.800229
1.800229
1.800229
1.800229
1.642706
1.914678
3.364915
1.952710
-1.366505
-1.476430
-1.231887
-1.206140
-1.206140
-1.206140
-1.206140
-1.206140
-1.206140
-1.206140
-1.206140
-1.206140
-1.206140
-1.206140
-1.206140
-1.206140
-1.206140
-1.206140
-1.206140
-1.206140
-1.206140
-1.206140
-1.206140
-1.206140
-1.293442
-1.065817
0.546729
0.903697
-1.614442
-1.185560
-0.851769
-0.843626
-0.843626
-0.843626
-0.843626
-0.843626
-0.843626
-0.844257
-0.835911
-0.808677
-0.753647
-0.722502
-0.796636
-0.794907
-0.732665
-0.770957
-0.807474
-0.835975
-0.843612
-0.843624
-0.843626
-0.843626
-1.015104
-1.809933
-0.377634
0.982647
-1.631532
-1.105698
-0.801887
-0.799391
-0.799391
-0.799391
-0.799391
-0.799032
-0.795758
-0.762536
-0.689880
-0.923927
-1.820318
-2.763615
-2.420499
-1.192286
-1.441399
-1.589854
-1.105406
-0.747825
-0.756201
-0.768596
-0.795481
-0.799037
-0.963234
-1.900588
-0.436223
0.981109
-1.630092
-1.097418
-0.789562
-0.787924
-0.787924
-0.787924
-0.785437
-0.750978
-0.684768
-1.038207
-2.188233
-3.318036
-3.359299
-2.030579
1.734808
1.845450
-0.354406
-0.934935
-1.499218
-1.057793
-1.152650
-0.892203
-0.777683
-0.783906
-0.948596
-1.905171
-0.455781
0.981109
-1.630092
-1.097418
-0.789562
-0.787924
-0.787924
-0.787191
-0.776640
-0.878056
-2.210186
-2.936644
-2.688000
-1.839179
0.722794
4.367195
4.135189
7.494379
7.346840
4.916726
2.057435
0.517711
0.477492
-0.905441
-1.013669
-0.798521
-0.945683
-1.905197
-0.455781
0.981109
-1.630092
-1.097418
-0.789562
-0.787924
-0.787924
-0.777115
-0.908926
-2.385617
-2.500550
-1.075356
2.005538
3.316355
2.641638
0.785331
-0.711910
0.193408
2.993904
4.583721
6.234642
7.469621
4.736231
-0.242258
-1.377289
-1.051679
-0.939775
-1.903532
-0.455781
0.981109
-1.630092
-1.097418
-0.789562
-0.787924
-0.786474
-0.794449
-1.191687
-3.527388
-3.340213
1.231355
1.919300
-0.112741
-1.067938
-1.546459
-1.193512
-0.729659
-0.346467
0.037010
-0.229864
1.500001
4.008886
0.983404
-0.710008
-1.063706
-0.908029
-1.910553
-0.455818
0.981109
-1.630092
-1.097418
-0.789562
-0.787924
-0.777121
-0.834002
-2.561656
-4.038297
-1.164610
1.561774
-2.250598
-1.662529
-0.863925
-0.449310
-0.535577
-0.501438
-0.481976
-0.522339
-0.855714
-0.540802
1.332342
3.940859
-0.577198
-1.391456
-1.084358
-1.982349
-0.443685
0.981109
-1.630092
-1.097418
-0.789562
-0.786374
-0.803068
-1.092958
-3.203588
-3.217741
-0.227913
-2.167928
-1.688914
-0.542322
-0.603018
-0.548741
-0.577464
-0.581624
-0.555853
-0.535985
-0.514216
-0.681609
-0.408700
4.605454
2.515255
-0.021099
-1.514505
-2.299154
-0.402962
0.981109
-1.630092
-1.097418
-0.789562
-0.776399
-0.851269
-2.528638
-3.479016
0.533761
-0.133794
-2.347065
-0.764292
-0.573457
-0.577537
-0.584816
-0.585269
-0.585265
-0.585265
-0.584540
-0.528572
-0.784608
-1.085532
0.134846
4.424465
0.072591
-1.751306
-2.479266
-0.377297
0.981109
-1.630092
-1.097418
-0.789562
-0.769964
-0.976921
-3.315103
-2.920595
1.599313
-2.115561
-1.683823
-0.586817
-0.564471
-0.585151
-0.585265
-0.585265
-0.585265
-0.585265
-0.585258
-0.576633
-0.459299
-0.608725
-1.662875
1.605879
2.190903
-1.760462
-2.532826
-0.375972
0.981109
-1.630092
-1.097418
-0.789562
-0.792225
-1.139534
-2.301465
-0.246238
2.999254
-1.901185
-0.905410
-0.588870
-0.583102
-0.585265
-0.585265
-0.585265
-0.585265
-0.585265
-0.585265
-0.585388
-0.565217
-0.218080
-2.521164
0.236858
-0.336984
-2.795676
-2.532007
-0.373463
0.981109
-1.630092
-1.097418
-0.789562
-0.769811
-0.874211
-0.717978
-0.610311
2.067317
-1.736774
-0.907848
-0.559819
-0.585096
-0.585265
-0.585265
-0.585265
-0.585265
-0.585265
-0.585265
-0.585265
-0.583974
-0.216106
-3.008689
2.743451
0.723244
-2.772889
-2.415630
-0.366449
0.981109
-1.630092
-1.097418
-0.789562
-0.773049
-0.662982
-0.880579
-1.675778
0.358593
-1.664810
-0.976848
-0.594850
-0.584447
-0.585265
-0.585265
-0.585265
-0.585265
-0.585265
-0.585265
-0.585320
-0.578701
-0.339498
-3.193586
1.828078
-0.689304
-2.843370
-2.433582
-0.363996
0.981109
-1.630092
-1.097418
-0.789562
-0.789421
-0.688643
-1.345583
-2.909835
-0.794045
-1.643525
-1.083373
-0.611327
-0.576527
-0.585231
-0.585265
-0.585265
-0.585265
-0.585265
-0.585265
-0.581731
-0.578268
-0.480176
-3.235717
1.071681
-1.270470
-2.700085
-2.199227
-0.394280
0.981109
-1.630092
-1.097418
-0.789562
-0.788389
-0.782652
-1.571156
-0.944614
0.955092
0.366756
-1.122489
-0.750402
-0.547782
-0.576628
-0.585086
-0.585265
-0.585265
-0.585265
-0.584109
-0.551791
-0.716905
-1.985441
-3.568447
0.901578
-0.358466
-2.639143
-2.179541
-0.424931
0.981109
-1.630092
-1.097418
-0.789562
-0.787924
-0.752660
-1.160987
-0.979489
-0.823312
2.526547
-1.299391
-1.268958
-0.787490
-0.528820
-0.568845
-0.584840
-0.585265
-0.582172
-0.566647
-0.640182
-2.013958
-3.455216
-2.010918
0.765501
-2.834289
-2.185841
-2.046703
-0.451556
0.981109
-1.630092
-1.097418
-0.789562
-0.787924
-0.767414
-0.791689
-0.940511
-1.668097
1.042875
0.950582
-0.280842
-1.531369
-0.935385
-0.532804
-0.593585
-0.591020
-0.576988
-0.571386
-1.879656
-3.403669
-1.074858
0.212404
-1.313111
-2.515882
-1.283448
-2.061299
-0.456986
0.981109
-1.630092
-1.097418
-0.789562
-0.787924
-0.790889
-0.862875
-1.180409
-0.292226
0.410542
2.591882
3.101339
0.084924
-1.745280
-1.767531
-1.844737
-1.807972
-1.853668
-2.655868
-3.500392
-1.738686
0.580381
-0.947505
-2.180795
-1.488429
-0.839749
-1.950924
-0.456207
0.981109
-1.630092
-1.097418
-0.789562
-0.787924
-0.788676
-0.743525
-0.934933
-0.983491
0.505546
-0.119334
2.835261
3.682822
-0.476475
-3.545767
-3.475649
-3.249090
-3.330045
-3.885433
-0.717170
1.331507
-0.850295
-1.981505
-1.467844
-0.769721
-0.925534
-1.912967
-0.455758
0.981109
-1.630092
-1.097418
-0.789562
-0.787924
-0.787924
-0.789328
-0.723782
-0.686402
-1.002557
-0.655589
0.215174
2.440024
5.555498
0.755205
0.805065
1.172711
2.033890
2.133540
3.446631
-1.638099
-2.077255
-1.521282
-0.772165
-0.766653
-0.948175
-1.905282
-0.455781
0.981109
-1.630092
-1.097418
-0.789562
-0.787924
-0.787924
-0.788074
-0.790082
-0.758836
-0.687528
-0.855900
-0.861229
0.665283
0.785445
-0.855627
-1.189501
-1.393492
-1.698979
-1.784969
-1.497925
-1.698028
-1.245074
-0.749033
-0.762231
-0.783392
-0.948578
-1.905171
-0.455781
0.981109
-1.630092
-1.097418
-0.789562
-0.787924
-0.787924
-0.787924
-0.787876
-0.788348
-0.779331
-0.690296
-0.751478
-0.412264
-0.546866
-1.059871
-1.265406
-1.284966
-1.226513
-1.019953
-0.935573
-0.794385
-0.690541
-0.754555
-0.784537
-0.787967
-0.948599
-1.905171
-0.455781
0.981109
-1.630092
-1.097418
-0.789562
-0.787924
-0.787924
-0.787924
-0.787924
-0.787924
-0.787835
-0.786296
-0.746451
-0.693382
-0.637049
-0.599502
-0.605830
-0.637824
-0.668924
-0.689321
-0.730547
-0.775427
-0.775920
-0.785470
-0.787879
-0.787924
-0.948599
-1.905171
-0.455781
1.146615
-1.583939
-0.998307
-0.726801
-0.718515
-0.718515
-0.718515
-0.718515
-0.718515
-0.718515
-0.718457
-0.718009
-0.716589
-0.714105
-0.715373
-0.716078
-0.713994
-0.716870
-0.718188
-0.718509
-0.718515
-0.718515
-0.718515
-0.718515
-0.718515
-0.863949
-1.869051
-0.198672
1.431277
-2.106104
-2.137541
-1.957147
-1.903003
-1.903003
-1.903003
-1.903003
-1.903003
-1.903003
-1.903003
-1.903003
-1.903003
-1.903003
-1.903003
-1.903003
-1.903003
-1.903003
-1.903003
-1.903003
-1.903003
-1.903003
-1.903003
-1.903003
-1.903003
-2.039579
-2.079154
0.296989
3.427245
-0.183122
0.131614
0.398573
0.431708
0.431708
0.431708
0.431708
0.431708
0.431708
0.431708
0.431708
0.431708
0.431708
0.431708
0.431708
0.431708
0.431708
0.431708
0.431708
0.431708
0.431708
0.431708
0.431708
0.431708
0.343589
0.640834
1.031444
2.677300
4.088005
4.307720
4.370696
4.345431
4.345431
4.345431
4.345431
4.345431
4.345431
4.345431
4.345431
4.345431
4.345431
4.345431
4.345431
4.345431
4.345431
4.345431
4.345431
4.345431
4.345431
4.345431
4.345431
4.345431
4.309381
4.491623
4.082419
3.766069
1.019371
-0.204949
-0.229232
-0.232889
-0.232889
-0.232889
-0.232889
-0.232889
-0.232889
-0.232889
-0.232889
-0.232889
-0.232889
-0.232889
-0.232889
-0.232889
-0.232889
-0.232889
-0.232889
-0.232889
-0.232889
-0.232889
-0.232889
-0.232889
-0.152376
0.852583
2.902618
3.562780
0.562923
0.323825
0.272333
0.265846
0.265846
0.265846
0.265846
0.265846
0.265846
0.265603
0.264324
0.227818
0.203178
0.248833
0.541868
0.382470
0.188284
0.222310
0.242714
0.262522
0.265952
0.265857
0.265846
0.265846
0.307195
0.518647
2.945914
3.395189
0.299820
0.191222
0.067483
0.079632
0.079632
0.079632
0.079632
0.079233
0.067608
0.013131
0.087005
0.501267
1.107714
1.289539
0.482001
1.372887
1.831157
1.289243
0.713539
0.160468
0.083158
0.039941
0.070980
0.079281
0.090903
0.081428
2.958937
3.391696
0.272081
0.200158
0.072311
0.085761
0.085761
0.085761
0.082130
0.044378
0.179728
0.673955
1.199252
1.134087
0.965756
-0.225917
-2.758246
0.375040
0.740882
1.590176
1.203434
1.708046
1.312633
0.596606
0.080241
0.075629
0.092617
0.082903
2.972856
3.391696
0.272081
0.200158
0.072311
0.085761
0.085761
0.084891
0.079293
0.442087
0.691873
0.622934
-0.050304
-1.351899
0.706389
1.302249
-1.646320
1.483052
2.966359
1.672211
-0.564584
-0.213459
-0.617474
0.619588
0.652073
0.051568
0.085218
0.082933
2.972856
3.391696
0.272081
0.200158
0.072311
0.085761
0.085761
0.068040
0.162948
0.557522
-1.196198
0.300795
2.389936
1.640662
1.075179
-0.399491
-0.793360
0.603105
-0.075745
0.578451
0.497971
5.272962
1.916251
-1.546500
1.062773
0.341378
0.070925
0.081867
2.972856
3.391696
0.272081
0.200158
0.072311
0.085761
0.084405
0.065635
0.467418
-0.247417
-1.805469
2.990679
3.159343
-0.889791
-0.160498
0.807222
1.100339
0.908504
0.908451
1.014292
0.024189
1.726389
0.583902
0.655363
0.088592
0.971865
0.027183
0.085295
2.972793
3.391696
0.272081
0.200158
0.072311
0.085761
0.072302
0.094762
0.803346
-1.283742
1.770621
2.669240
0.350485
1.058167
0.843968
0.157180
-0.099748
-0.072216
0.075700
0.287334
0.856400
1.009572
-0.206128
4.038453
-1.175439
0.881808
0.696169
0.106730
2.967803
3.391696
0.272081
0.200158
0.072311
0.084240
0.067511
0.391068
-0.122513
-0.616039
2.724389
-0.637302
0.424709
0.109039
-0.028599
0.085864
0.111793
0.112494
0.092957
0.047099
0.065594
0.809643
0.347130
3.620846
3.190924
-1.227049
1.349425
0.266122
2.923683
3.391696
0.272081
0.200158
0.072311
0.076129
0.103776
0.758875
-1.608213
4.107632
2.553572
0.500546
0.509974
0.050849
0.110532
0.116002
0.116232
0.116232
0.116232
0.115362
0.108528
0.297619
0.803396
-0.171854
2.833397
0.109018
-0.543244
0.219902
2.778725
3.391696
0.272081
0.200158
0.072311
0.077560
0.264093
0.172862
0.333377
6.200511
-0.041831
0.560936
0.094057
0.104792
0.116130
0.116232
0.116232
0.116232
0.116232
0.116230
0.111035
0.101534
0.385091
0.685407
1.231767
2.275001
-1.731817
0.574209
2.730674
3.391696
0.272081
0.200158
0.072311
0.060583
0.259256
0.271800
3.253418
5.408565
0.444361
0.390310
0.071940
0.114407
0.116232
0.116232
0.116232
0.116232
0.116232
0.116232
0.116092
0.106012
-0.093190
0.332144
1.953442
1.760717
-0.994287
0.372550
2.741541
3.391696
0.272081
0.200158
0.072311
0.079752
0.089157
0.697399
2.723322
2.250494
0.690396
0.187138
0.082626
0.116077
0.116232
0.116232
0.116232
0.116232
0.116232
0.116232
0.116232
0.116829
0.039486
-0.073024
5.435847
5.811326
-0.218445
0.344888
2.742402
3.391696
0.272081
0.200158
0.072311
0.067403
0.097706
0.413179
2.240050
3.442896
0.376938
0.596051
0.083955
0.115640
0.116232
0.116232
0.116232
0.116232
0.116232
0.116232
0.116264
0.123198
0.010922
-0.211028
3.277099
6.210969
-0.256484
0.338360
2.764447
3.391696
0.272081
0.200158
0.072311
0.082322
-0.021103
0.584021
-0.117944
2.980741
-0.418108
0.604945
0.083953
0.110254
0.116200
0.116232
0.116232
0.116232
0.116232
0.116232
0.114304
0.112005
0.119989
-0.225912
2.333993
4.723421
-0.122048
0.357897
2.819793
3.391696
0.272081
0.200158
0.072311
0.085756
-0.016362
0.393693
-0.890309
4.102440
0.735800
0.183739
0.050304
0.081375
0.108754
0.115962
0.116232
0.116232
0.116232
0.115212
0.105013
0.202330
0.785379
0.561426
-0.184376
1.529363
-0.224287
0.165172
2.905906
3.391696
0.272081
0.200158
0.072311
0.085761
0.046495
0.249471
0.678449
4.584741
5.257384
1.535125
1.140548
0.135306
0.043023
0.106366
0.115426
0.116232
0.114351
0.088043
0.127622
0.515468
0.322123
0.734376
2.751323
-0.739460
0.332371
0.162115
2.939921
3.391696
0.272081
0.200158
0.072311
0.085761
0.058450
0.242657
0.975291
2.149049
5.001006
3.725046
0.978483
1.205568
0.355375
-0.211863
-0.159039
-0.144346
-0.160721
0.107533
1.100156
0.962463
1.130394
1.547910
-0.224604
0.194721
0.524503
0.051303
2.965199
3.391696
0.272081
0.200158
0.072311
0.085761
0.083284
0.097458
0.594111
-0.287328
1.336502
1.951200
2.931473
0.775608
0.812492
1.287111
1.197618
1.144419
1.133139
0.909900
0.025130
-2.186460
1.181799
0.076838
-0.264296
0.942096
0.130406
0.046671
2.971728
3.391696
0.272081
0.200158
0.072311
0.085761
0.085971
0.062773
0.050844
0.752966
0.548567
-0.673950
4.283359
5.513773
0.372100
0.046457
0.158360
-0.236729
-0.474903
-0.450107
-0.827875
1.460200
0.487060
-0.299689
0.879888
0.144534
0.075078
0.078959
2.972743
3.391696
0.272081
0.200158
0.072311
0.085761
0.085761
0.082278
0.051051
0.109851
0.473939
0.455218
-0.614255
4.551631
-0.283868
-1.190187
-1.105635
-0.755073
0.201015
0.424704
2.565827
-1.984474
-0.498194
0.885398
0.181042
0.068868
0.088539
0.082889
2.972856
3.391696
0.272081
0.200158
0.072311
0.085761
0.085761
0.085822
0.084496
0.066567
0.042415
0.226603
0.628670
-0.734267
-2.264773
-0.984470
-0.711050
-0.796547
-1.436805
-0.507342
-0.557008
-0.472323
0.895716
0.149529
0.067760
0.080885
0.092651
0.082903
2.972856
3.391696
0.272081
0.200158
0.072311
0.085761
0.085761
0.085761
0.085701
0.084405
0.073121
0.022357
0.070054
0.641146
0.333733
1.003631
0.823056
0.956917
0.676419
1.030726
0.745130
0.518377
0.096462
0.070946
0.082153
0.085758
0.092754
0.082903
2.972856
3.391696
0.272081
0.200158
0.072311
0.085761
0.085761
0.085761
0.085761
0.085761
0.085463
0.077982
0.051510
-0.009649
0.063065
0.027187
-0.011513
-0.110095
-0.134991
-0.124665
-0.042181
0.039950
0.068519
0.083289
0.085700
0.085761
0.092754
0.082903
2.972856
3.634299
0.230254
0.248560
0.145221
0.157370
0.157370
0.157370
0.157370
0.157370
0.157370
0.157294
0.156109
0.151194
0.142436
0.134959
0.136174
0.145360
0.154117
0.156992
0.157364
0.157370
0.157370
0.157370
0.157370
0.157370
0.156785
0.168028
2.892214
3.881697
1.281444
-0.193485
-0.427936
-0.379196
-0.379196
-0.379196
-0.379196
-0.379196
-0.379196
-0.379196
-0.379196
-0.379196
-0.379196
-0.379196
-0.379196
-0.379196
-0.379196
-0.379196
-0.379196
-0.379196
-0.379196
-0.379196
-0.379196
-0.379196
-0.322247
0.994122
2.911292
4.810566
3.996822
3.872923
3.751416
3.737121
3.737121
3.737121
3.737121
3.737121
3.737121
3.737121
3.737121
3.737121
3.737121
3.737121
3.737121
3.737121
3.737121
3.737121
3.737121
3.737121
3.737121
3.737121
3.737121
3.737121
3.835951
3.584257
4.205174
-0.831688
0.557114
-2.956911
-2.860029
-2.868744
-2.868744
-2.868744
-2.868744
-2.868744
-2.868744
-2.868744
-2.868744
-2.868744
-2.868744
-2.868744
-2.868744
-2.868744
-2.868744
-2.868744
-2.868744
-2.868744
-2.868744
-2.868744
-2.868744
-2.868744
-2.344463
-1.035915
0.215789
0.771032
0.008893
-1.172979
-0.933663
-0.968337
-0.968337
-0.968337
-0.968337
-0.968337
-0.968337
-0.968337
-0.968337
-0.968337
-0.968337
-0.968337
-0.968337
-0.968337
-0.968337
-0.968337
-0.968337
-0.968337
-0.968337
-0.968337
-0.968337
-0.968337
-0.533744
-2.630367
1.325348
-1.453476
-0.238497
-0.514414
0.014356
-0.052742
-0.052742
-0.052742
-0.052742
-0.052742
-0.052742
-0.053886
-0.034578
-0.047268
-0.003196
0.608591
1.314268
1.101646
0.367056
-0.022499
-0.053450
-0.046314
-0.052536
-0.052732
-0.052742
-0.052742
0.346251
-1.491494
-1.936988
-1.854817
-0.350734
-0.407339
0.067945
-0.006948
-0.006948
-0.006948
-0.006948
-0.005907
0.007160
0.001904
0.304764
0.319088
0.067747
-1.512453
-5.587130
-4.084574
-1.673992
-0.419834
0.707361
0.678469
0.174095
-0.009771
-0.000185
-0.006848
0.379187
-1.688475
-2.144038
-1.890001
-0.339110
-0.372478
0.111379
0.037277
0.037277
0.037277
0.048713
0.064843
0.208594
0.271697
-0.182072
-2.683684
-6.137560
-6.726696
-6.121071
-4.235495
-5.128784
-5.745548
-5.265709
-2.484705
-0.759718
-0.165260
-0.017244
0.049061
0.425600
-1.667815
-2.090401
-1.890001
-0.339110
-0.372478
0.111379
0.037277
0.037277
0.039314
0.117771
-0.263975
0.442997
-3.209192
-6.262875
-6.719921
-8.631481
-5.023937
-1.227485
-5.960878
-11.098875
-12.647091
-7.910891
-4.077482
-3.016495
-0.771404
-0.581107
0.070625
0.431599
-1.667798
-2.090401
-1.890001
-0.339110
-0.372478
0.111379
0.037277
0.037277
0.059254
0.211769
1.268991
0.491833
-2.670465
-3.772888
-5.440884
-6.134121
-3.586491
-2.443113
-3.926302
-5.509180
-2.775908
-7.936338
2.438401
-7.096703
-0.813672
-0.842597
-0.306954
0.443975
-1.667782
-2.090401
-1.890001
-0.339110
-0.372478
0.111379
0.037277
0.040833
0.215412
-0.096132
-2.098175
-5.029869
-0.064836
-4.175728
-3.719364
-4.399961
-2.660769
-1.365835
-1.805058
-2.984814
-3.565195
-4.347243
-4.113171
3.374775
-3.967855
-2.263294
-0.360122
0.218380
-1.659045
-2.090213
-1.890001
-0.339110
-0.372478
0.111379
0.037277
0.066991
0.310516
0.407496
-4.568295
-1.113957
-0.644035
-3.710370
-2.553391
-1.290243
-1.626886
-1.460066
-1.440847
-1.352032
-1.415874
-1.241758
-3.945469
-10.178745
3.187670
-4.256624
-1.731708
-0.332098
-1.632165
-2.099975
-1.890001
-0.339110
-0.372478
0.111379
0.041145
0.216110
-0.076286
-2.929550
-2.852869
-0.931600
-4.363508
-1.847811
-1.335817
-1.631047
-1.662677
-1.733532
-1.749413
-1.721752
-1.743448
-1.294991
-1.821705
-3.190849
-0.219986
0.421671
-3.388393
-0.055321
-1.098042
-2.107067
-1.890001
-0.339110
-0.372478
0.111379
0.067759
0.287745
0.455723
-5.286297
-0.859350
-0.291939
-1.881407
-1.724577
-1.519147
-1.737770
-1.753834
-1.755121
-1.755146
-1.755146
-1.753924
-1.665769
-1.440550
-3.280241
-5.935474
7.186900
6.902804
-0.293974
-0.223389
-2.092327
-1.890001
-0.339110
-0.372478
0.111379
0.154831
-0.164717
-1.746439
0.429708
5.349620
-1.942057
-1.754607
-1.311478
-1.706499
-1.754870
-1.755146
-1.755146
-1.755146
-1.755146
-1.755163
-1.744814
-1.500883
-1.480684
-4.289578
7.689057
10.776499
-3.147715
-0.199337
-2.086626
-1.890001
-0.339110
-0.372478
0.111379
0.343596
-0.804754
-2.411985
4.999438
7.103730
-1.872690
-1.678270
-1.461893
-1.752287
-1.755146
-1.755146
-1.755146
-1.755146
-1.755146
-1.755146
-1.754986
-1.725355
-0.958376
-3.721613
-1.247969
0.561798
-1.268034
-0.090456
-2.079794
-1.890001
-0.339110
-0.372478
0.111379
0.218150
-0.393576
-1.636442
-4.957432
-0.268547
-1.072204
-1.553986
-1.545760
-1.754911
-1.755146
-1.755146
-1.755146
-1.755146
-1.755146
-1.755146
-1.755146
-1.737616
-1.246599
-4.773073
2.798658
5.532045
-1.047904
-0.142712
-2.126951
-1.890001
-0.339110
-0.372478
0.111379
0.070745
0.224154
-0.997896
-3.277820
-2.008729
-1.381531
-1.928185
-1.471447
-1.755251
-1.755146
-1.755146
-1.755146
-1.755146
-1.755146
-1.755146
-1.754811
-1.673924
-1.337055
-4.673565
0.802474
3.546397
-0.195362
-0.173126
-2.140831
-1.890001
-0.339110
-0.372478
0.111379
0.033499
0.557473
-1.642101
-1.444559
2.851684
-0.972700
-1.402681
-1.291100
-1.746391
-1.755123
-1.755146
-1.755146
-1.755146
-1.755146
-1.755146
-1.734015
-1.489558
-1.921953
-4.551899
-1.448307
3.810166
-0.460324
-0.480037
-2.119162
-1.890001
-0.339110
-0.372478
0.111379
0.036110
0.655771
-2.269546
-1.004864
1.929800
-3.141635
-2.045803
-1.454494
-1.711918
-1.749080
-1.755366
-1.755146
-1.755146
-1.755146
-1.739418
-1.609077
-1.743130
-0.887915
-5.369385
2.060263
1.018847
-1.754116
-0.826618
-2.093601
-1.890001
-0.339110
-0.372478
0.111379
0.037277
0.314233
-0.834549
-1.636405
2.447975
-3.710051
-2.020168
-0.908445
-1.775164
-1.724915
-1.744247
-1.755531
-1.755146
-1.733377
-1.645494
-1.735804
-1.397469
-3.840860
-1.884621
11.444328
2.712698
-1.453697
-1.211044
-2.087146
-1.890001
-0.339110
-0.372478
0.111379
0.037277
0.078608
0.295503
-0.949220
3.185794
7.003515
-5.514626
-4.118609
-2.580585
-1.721558
-1.546709
-1.745714
-1.799822
-1.705645
-1.804523
-0.597477
-3.950369
-2.530933
2.583894
-4.415399
0.464018
-0.935547
-1.606331
-2.091482
-1.890001
-0.339110
-0.372478
0.111379
0.037277
0.031338
0.434701
-0.974641
-0.543930
-5.176586
-3.480696
-8.822514
-6.533699
-2.500004
-0.664764
-0.814743
-0.868236
-0.694818
-0.518511
-3.920759
-11.357418
2.294900
-5.841425
0.272900
0.149416
0.183392
-1.641355
-2.091106
-1.890001
-0.339110
-0.372478
0.111379
0.037277
0.035838
0.120608
-0.193871
-0.039562
-2.727482
-3.797084
-5.743576
-4.795529
-5.819794
-1.995880
-7.507849
-8.490337
-7.798910
-3.561755
-4.437397
2.889795
-5.534332
-0.027888
0.026163
-0.170057
0.482467
-1.663692
-2.090368
-1.890001
-0.339110
-0.372478
0.111379
0.037277
0.037277
0.040977
0.144061
0.225565
-0.355566
-2.871786
-3.505116
-2.074793
-4.513721
1.038628
-5.189278
-2.564024
-4.584120
-2.461424
1.408466
-3.586655
-0.100415
-0.273838
-0.391477
0.115633
0.431061
-1.667797
-2.090401
-1.890001
-0.339110
-0.372478
0.111379
0.037277
0.037277
0.037079
0.035646
0.098560
0.215299
-0.258183
-1.874587
-1.644068
-3.947118
-0.969411
-2.128174
-2.415567
-2.545933
-3.879168
-1.085296
-1.328999
-0.172264
-0.154355
0.121476
0.047932
0.425585
-1.667815
-2.090401
-1.890001
-0.339110
-0.372478
0.111379
0.037277
0.037277
0.037277
0.037421
0.037692
0.065346
0.183860
-0.188524
-0.017460
-0.367810
-1.778059
-1.414763
-1.678367
-1.509036
-0.650974
-0.647493
-0.134188
-0.132568
0.124235
0.046387
0.037287
0.425375
-1.667815
-2.090401
-1.890001
-0.339110
-0.372478
0.111379
0.037277
0.037277
0.037277
0.037277
0.037277
0.037590
0.047285
0.102621
0.137842
0.429501
0.569484
0.641883
0.562534
0.399505
0.228037
0.104233
0.060672
0.067993
0.045250
0.037382
0.037277
0.425375
-1.667815
-2.090401
-1.557192
-0.228487
0.053142
0.487782
0.433432
0.433432
0.433432
0.433432
0.433432
0.433432
0.433540
0.434322
0.436296
0.437099
0.430094
0.429596
0.439528
0.436359
0.434090
0.433441
0.433432
0.433432
0.433432
0.433432
0.433432
0.785245
-1.215841
-2.167645
0.370932
-1.163872
-1.535270
-1.326258
-1.387997
-1.387997
-1.387997
-1.387997
-1.387997
-1.387997
-1.387997
-1.387997
-1.387997
-1.387997
-1.387997
-1.387997
-1.387997
-1.387997
-1.387997
-1.387997
-1.387997
-1.387997
-1.387997
-1.387997
-1.387997
-0.839520
-0.643663
-0.079712
-1.364126
-1.039440
-2.526443
-2.706984
-2.729455
-2.729455
-2.729455
-2.729455
-2.729455
-2.729455
-2.729455
-2.729455
-2.729455
-2.729455
-2.729455
-2.729455
-2.729455
-2.729455
-2.729455
-2.729455
-2.729455
-2.729455
-2.729455
-2.729455
-2.729455
-2.306306
-1.960419
0.658420
3.374038
0.693804
0.285754
0.396527
0.455981
0.455981
0.455981
0.455981
0.455981
0.455981
0.455981
0.455981
0.455981
0.455981
0.455981
0.455981
0.455981
0.455981
0.455981
0.455981
0.455981
0.455981
0.455981
0.455981
0.455981
0.415406
1.023152
1.732879
0.604649
1.357206
0.891449
0.959255
0.940387
0.940387
0.940387
0.940387
0.940387
0.940387
0.940387
0.940387
0.940387
0.940387
0.940387
0.940387
0.940387
0.940387
0.940387
0.940387
0.940387
0.940387
0.940387
0.940387
0.940387
1.092546
1.024779
0.541892
-0.363880
0.334924
-0.051739
0.188668
0.186086
0.186086
0.186086
0.186086
0.186086
0.186086
0.184975
0.171085
0.155150
0.130041
0.354818
0.157621
0.164268
0.117719
0.174773
0.170004
0.169964
0.183077
0.185921
0.186086
0.186086
0.147846
0.532332
-0.068810
-0.606905
0.175019
-0.117182
0.245957
0.227220
0.227220
0.227220
0.227220
0.225629
0.212404
0.221203
0.217549
0.330451
0.039728
0.862007
0.204279
-1.644042
-1.343216
-0.738341
0.060580
0.114185
0.126357
0.219548
0.212582
0.226156
0.274451
0.399402
0.012188
-0.583868
0.151616
-0.111487
0.261231
0.246535
0.246535
0.246535
0.240272
0.210146
0.249468
0.355411
0.151690
0.837108
2.042453
1.149707
1.284847
-1.114309
-0.995552
-1.604280
-1.856577
-1.735319
-0.842051
0.136582
0.157019
0.232217
0.281624
0.411739
0.035332
-0.583868
0.151616
-0.111487
0.261231
0.246535
0.246535
0.244980
0.206401
0.084641
1.110560
1.172194
1.977597
0.666932
2.159557
2.787083
5.123817
3.135024
1.598056
-2.041842
-1.427331
-1.543957
-0.107493
-0.694491
-0.379365
0.137329
0.280846
0.411591
0.035332
-0.583868
0.151616
-0.111487
0.261231
0.246535
0.246535
0.245243
0.213167
1.671204
1.404257
3.206345
2.100677
3.264721
4.431027
2.828709
1.493614
-0.010786
1.202188
2.037439
3.239398
0.354344
1.696204
-1.775334
-0.981673
-0.038894
0.228987
0.410290
0.035332
-0.583868
0.151616
-0.111487
0.261231
0.246535
0.243798
0.215534
0.160244
0.496309
2.047174
1.557216
4.709791
2.322429
1.432388
0.529385
0.026957
-0.236600
-0.461650
-0.193729
0.049781
0.851958
0.251368
0.466802
-2.017345
-0.817462
0.311037
0.395988
0.034534
-0.583868
0.151616
-0.111487
0.261231
0.246535
0.239747
0.227321
1.080165
0.731407
3.707811
4.734145
0.739937
0.550703
-0.129406
0.051914
0.107592
0.162331
0.193451
0.058627
-0.298794
-1.421106
0.499666
1.208792
-0.332539
-2.040815
-0.312437
0.317320
0.023094
-0.583868
0.151616
-0.111487
0.261231
0.244423
0.217347
0.233078
0.642427
1.373277
4.483524
2.035644
0.752245
0.160163
0.146053
0.261443
0.294135
0.299119
0.297366
0.278146
0.254997
-0.202618
-1.756708
3.634004
2.015064
-2.063960
-0.375730
0.237338
-0.109781
-0.583868
0.151616
-0.111487
0.261231
0.235127
0.214391
1.131082
1.010598
4.382447
4.087775
0.586188
0.278883
0.204191
0.292790
0.302675
0.303252
0.303270
0.303270
0.302444
0.303846
0.373998
-0.403805
-0.551233
1.747339
-0.111214
-1.461210
0.418123
-0.363132
-0.583868
0.151616
-0.111487
0.261231
0.270242
0.013767
1.166852
1.580673
4.389334
3.495137
0.570551
0.299222
0.280810
0.302960
0.303270
0.303270
0.303270
0.303270
0.303299
0.302141
0.284618
-0.054680
-0.998563
2.185983
3.364864
-0.622154
0.696060
-0.544376
-0.583868
0.151616
-0.111487
0.261231
0.291916
-0.148201
1.026781
0.608423
3.335695
1.250216
0.071707
0.207997
0.299037
0.303270
0.303270
0.303270
0.303270
0.303270
0.303270
0.302890
0.300335
-0.023872
-0.312031
3.728433
0.572150
0.479056
0.165124
-0.475232
-0.583868
0.151616
-0.111487
0.261231
0.293347
-0.127157
-1.146895
-1.952092
-0.069359
0.222052
0.233276
0.249089
0.303022
0.303270
0.303270
0.303270
0.303270
0.303270
0.303270
0.303270
0.300269
0.009475
0.579850
4.771108
3.884632
0.149736
0.181109
-0.495182
-0.583868
0.151616
-0.111487
0.261231
0.246703
0.010581
-2.074548
-2.366907
1.939147
-0.349386
0.205898
0.277421
0.303114
0.303270
0.303270
0.303270
0.303270
0.303270
0.303270
0.303314
0.314206
0.047101
0.688221
2.537164
4.057573
-0.381250
0.399821
-0.445710
-0.583868
0.151616
-0.111487
0.261231
0.239521
0.120591
-1.489258
-2.185499
2.236074
0.242082
-0.158181
0.334484
0.294831
0.303232
0.303270
0.303270
0.303270
0.303270
0.303270
0.294658
0.303186
0.160328
1.581441
2.775062
1.036847
-0.600431
0.614735
-0.309260
-0.583868
0.151616
-0.111487
0.261231
0.245925
0.244275
-0.709631
-2.989002
1.457175
0.561008
0.136357
0.479271
0.242206
0.292556
0.302860
0.303270
0.303270
0.303270
0.297825
0.244146
0.453915
1.256207
1.325668
3.634798
0.576084
-0.637929
0.559809
-0.136096
-0.583868
0.151616
-0.111487
0.261231
0.246535
0.299195
-0.161324
-1.540823
-0.086726
3.557281
-1.096975
0.009808
0.453480
0.225990
0.285473
0.302895
0.303270
0.295365
0.245702
0.464767
1.732095
1.254709
4.852806
3.766268
0.910229
0.165720
0.690133
-0.027133
-0.583868
0.151616
-0.111487
0.261231
0.246535
0.259524
0.158824
-1.647658
0.938525
0.470672
2.051046
-0.777255
0.169511
0.503474
0.160689
0.166717
0.177115
0.181502
0.407134
1.571494
1.231082
6.672493
4.196320
0.600654
0.650852
0.300697
0.425749
0.011209
-0.583868
0.151616
-0.111487
0.261231
0.246535
0.239581
0.067250
-0.083554
-0.495509
-0.542417
1.152140
0.796691
-1.656025
-0.252636
0.054940
-0.004413
-0.015858
0.144223
1.252186
1.577416
2.193426
1.793975
2.520186
0.153989
0.221966
0.241705
0.400157
0.033918
-0.583868
0.151616
-0.111487
0.261231
0.246535
0.245024
0.223002
0.196007
-0.179541
-0.957925
-1.127577
0.859371
0.494801
0.507120
1.047058
1.206916
1.224586
1.242008
3.592063
5.593132
3.138837
1.848182
0.520403
0.127640
0.107564
0.200275
0.408739
0.035308
-0.583868
0.151616
-0.111487
0.261231
0.246535
0.246535
0.239619
0.189210
0.145440
-0.114672
-0.737564
-1.238226
1.242259
1.394729
1.429388
-0.681095
-0.660515
0.105976
1.521285
1.695090
-1.354935
0.164170
-0.096611
0.116030
0.117368
0.279253
0.411685
0.035332
-0.583868
0.151616
-0.111487
0.261231
0.246535
0.246535
0.246231
0.242854
0.226596
0.134891
0.246129
-0.850223
-2.477009
0.002473
1.461069
0.186652
0.302916
0.924838
0.721377
1.664063
0.883925
0.246836
0.096348
0.109380
0.239176
0.281943
0.411739
0.035332
-0.583868
0.151616
-0.111487
0.261231
0.246535
0.246535
0.246535
0.246597
0.245472
0.231753
0.172288
0.216689
-0.515113
-0.131766
0.268077
-0.653487
-0.511468
-0.843427
-0.334413
-0.139235
-0.139634
0.073687
0.144639
0.238784
0.246358
0.282015
0.411739
0.035332
-0.583868
0.151616
-0.111487
0.261231
0.246535
0.246535
0.246535
0.246535
0.246535
0.246500
0.241274
0.212261
0.113621
0.023217
-0.095971
-0.087194
-0.063540
0.038561
0.081705
0.150664
0.159603
0.223497
0.244117
0.246479
0.246535
0.282015
0.411739
0.035332
-0.545639
0.060938
-0.191121
0.198801
0.198596
0.198596
0.198596
0.198596
0.198596
0.198596
0.198674
0.198311
0.196533
0.191926
0.186729
0.189070
0.192665
0.196234
0.198608
0.198597
0.198596
0.198596
0.198596
0.198596
0.198596
0.317288
0.420618
0.073420
0.035041
0.522284
0.110056
0.215820
0.218939
0.218939
0.218939
0.218939
0.218939
0.218939
0.218939
0.218939
0.218939
0.218939
0.218939
0.218939
0.218939
0.218939
0.218939
0.218939
0.218939
0.218939
0.218939
0.218939
0.218939
0.328796
1.772074
0.719171
-1.845472
-1.805389
-1.766730
-1.699590
-1.692634
-1.692634
-1.692634
-1.692634
-1.692634
-1.692634
-1.692634
-1.692634
-1.692634
-1.692634
-1.692634
-1.692634
-1.692634
-1.692634
-1.692634
-1.692634
-1.692634
-1.692634
-1.692634
-1.692634
-1.692634
-1.492989
-1.744242
2.425019
8.973341
0.085876
2.406448
2.358771
2.262238
2.262238
2.262238
2.262238
2.262238
2.262238
2.262238
2.262238
2.262238
2.262238
2.262238
2.262238
2.262238
2.262238
2.262238
2.262238
2.262238
2.262238
2.262238
2.262238
2.262238
2.597191
1.307119
10.062494
7.496936
0.348346
-1.278376
-1.643170
-1.736027
-1.736027
-1.736027
-1.736027
-1.736027
-1.736027
-1.736027
-1.736027
-1.736027
-1.736027
-1.736027
-1.736027
-1.736027
-1.736027
-1.736027
-1.736027
-1.736027
-1.736027
-1.736027
-1.736027
-1.736027
-1.560242
1.517118
4.971353
10.456697
1.065719
-0.662253
-0.516866
-0.615594
-0.615594
-0.615594
-0.615594
-0.615594
-0.615594
-0.617006
-0.616973
-0.616266
-0.664845
-0.842573
-1.301071
-1.115653
-0.816443
-0.625564
-0.609944
-0.607786
-0.615447
-0.615583
-0.615594
-0.615594
-0.472173
0.865606
9.220505
9.766048
0.745653
-0.765334
-0.597043
-0.724185
-0.724185
-0.724185
-0.724185
-0.725832
-0.738186
-0.730086
-0.737355
-1.058211
-1.799086
-2.790966
-4.977317
-4.994593
-2.723835
-1.843118
-1.432728
-0.965074
-0.825736
-0.730422
-0.723693
-0.724027
-0.537072
0.527922
9.480626
9.777026
0.750304
-0.793413
-0.620089
-0.747977
-0.747977
-0.747977
-0.755837
-0.762156
-0.619236
-0.995599
-2.421905
-2.103890
-0.434096
-2.914476
-8.054457
-7.477511
-5.469769
-5.613448
-4.633360
-3.289854
-2.161196
-0.645552
-0.739573
-0.743696
-0.553064
0.519579
9.527141
9.777026
0.750304
-0.793413
-0.620089
-0.747977
-0.747977
-0.750189
-0.691756
-0.455937
-1.592673
-0.979920
-1.369887
-3.136081
3.085206
2.866278
-10.753795
-1.493564
2.364522
2.872488
-5.134905
-6.107836
-10.096697
-5.154799
-0.130207
-0.713149
-0.547933
0.519617
9.527141
9.777026
0.750304
-0.793413
-0.620089
-0.747977
-0.747977
-0.747605
-0.590448
-0.484259
-6.240023
0.790810
1.493545
3.276203
3.340568
-0.609696
-9.680185
-1.702611
-3.154148
-4.639358
0.477709
2.666264
4.650269
-6.065680
-0.587075
-0.326267
-0.505480
0.522582
9.527141
9.777026
0.750304
-0.793413
-0.620089
-0.747977
-0.749504
-0.627533
-0.819567
-0.035755
1.490909
2.924459
4.499368
-2.338694
-3.347874
-1.658518
-0.531166
-0.834940
-2.889408
-2.493047
-5.431741
-3.136641
5.995317
3.183155
-3.147992
-0.323864
-0.194903
0.551069
9.526815
9.777026
0.750304
-0.793413
-0.620089
-0.747977
-0.737604
-0.612294
0.455782
2.825368
11.595434
4.024610
-1.044624
-0.915097
-0.550210
-0.563909
-0.387971
-0.361100
-0.392639
-0.629434
-1.197443
-1.538508
2.784320
10.780802
-0.384254
-1.907913
0.068828
0.768174
9.521428
9.777026
0.750304
-0.793413
-0.620089
-0.749377
-0.627320
-0.868452
1.197540
3.846416
13.777996
2.666164
-0.304785
-0.243591
-0.266618
-0.176216
-0.164934
-0.171811
-0.196233
-0.275259
-0.319169
-1.302242
-1.849446
3.574708
4.101289
-2.457979
-0.691005
1.057921
9.443132
9.777026
0.750304
-0.793413
-0.620089
-0.734079
-0.604347
0.273025
1.861164
14.739736
7.117567
0.723520
-0.120646
-0.149341
-0.167009
-0.172222
-0.173026
-0.173071
-0.173071
-0.173540
-0.228368
-0.261652
-1.300986
-2.876929
4.690385
-2.617692
-5.361702
0.021399
9.342529
9.777026
0.750304
-0.793413
-0.620089
-0.636924
-1.278244
-0.682450
3.408663
8.240046
3.789112
-0.063220
-0.005766
-0.186471
-0.172852
-0.173071
-0.173071
-0.173071
-0.173071
-0.173125
-0.182539
-0.260876
-1.207878
-1.236539
-3.133904
-5.244100
-1.687523
-0.157243
9.303190
9.777026
0.750304
-0.793413
-0.620089
-0.612163
-1.102246
-1.071058
-0.222049
5.438546
1.331416
-0.585137
-0.147681
-0.172431
-0.173071
-0.173071
-0.173071
-0.173071
-0.173071
-0.173071
-0.172622
-0.200033
-1.270427
-1.283204
3.759339
7.588151
-0.420188
-0.794236
9.374482
9.777026
0.750304
-0.793413
-0.620089
-0.639607
-2.087991
-0.737977
4.115665
3.350649
1.681331
-0.705916
-0.233090
-0.172848
-0.173071
-0.173071
-0.173071
-0.173071
-0.173071
-0.173071
-0.173071
-0.173921
-1.463124
-2.021161
9.260853
9.048744
1.463513
-0.325902
9.327684
9.777026
0.750304
-0.793413
-0.620089
-0.726769
-1.540315
-1.079417
2.877903
4.941266
2.063931
-0.416146
-0.199466
-0.175712
-0.173071
-0.173071
-0.173071
-0.173071
-0.173071
-0.173071
-0.173049
-0.172454
-1.567877
-0.098282
11.142860
19.297375
2.423476
0.067251
9.348961
9.777026
0.750304
-0.793413
-0.620089
-0.754929
-0.934655
-1.404335
2.253266
9.901420
2.327236
-0.852297
-0.043919
-0.190105
-0.173113
-0.173071
-0.173071
-0.173071
-0.173071
-0.173071
-0.176172
-0.141404
-1.942318
0.194792
9.082088
11.348299
0.205830
0.373028
9.405316
9.777026
0.750304
-0.793413
-0.620089
-0.749004
-0.547821
-1.135529
-2.240521
6.595514
2.945604
-1.034000
-0.239639
-0.271583
-0.190837
-0.173687
-0.173071
-0.173071
-0.173071
-0.174859
-0.156315
-0.403348
-0.971366
-0.086590
-0.924797
1.427433
-0.555624
0.600981
9.473167
9.777026
0.750304
-0.793413
-0.620089
-0.747977
-0.633315
-1.833770
-0.061628
6.685497
8.302173
-1.669073
-0.952191
-0.177124
-0.323976
-0.202933
-0.175515
-0.173071
-0.176123
-0.165866
-0.329441
-0.584992
0.738824
6.714472
3.837921
0.155154
0.164549
1.053138
9.515619
9.777026
0.750304
-0.793413
-0.620089
-0.747977
-0.731780
-1.077727
-0.448881
-1.503480
3.097973
2.571663
-3.974373
-1.331851
0.135087
-0.465554
-0.345132
-0.332431
-0.375096
-0.497522
-0.640888
-0.326864
3.725524
9.461770
8.682471
-2.294829
-0.156413
0.984518
9.520769
9.777026
0.750304
-0.793413
-0.620089
-0.747977
-0.755317
-0.684808
-1.570925
-3.370965
1.306199
-1.775939
6.230599
-4.503328
-3.473248
-0.928009
-2.233480
-2.174958
-1.819843
-2.154584
-0.212937
9.273159
15.560051
3.987851
-0.539297
-0.423742
-0.084313
0.634426
9.528864
9.777026
0.750304
-0.793413
-0.620089
-0.747977
-0.749186
-0.718148
-0.481414
-1.287668
-2.065924
-2.094796
7.633340
10.158830
-5.925400
-6.227805
-4.466316
-5.140172
-5.271421
-6.910722
-2.161222
6.616978
6.442323
-2.175621
-0.889063
-0.263591
-0.538491
0.529859
9.527263
9.777026
0.750304
-0.793413
-0.620089
-0.747977
-0.747977
-0.752900
-0.799155
-0.607683
-0.430676
-2.286699
-2.779963
-0.355904
-6.008109
-7.224136
-1.879198
-1.650655
-0.047644
-0.967957
-1.633911
2.280527
-0.816256
-0.418775
-0.178416
-0.779544
-0.545823
0.519584
9.527141
9.777026
0.750304
-0.793413
-0.620089
-0.747977
-0.747977
-0.748140
-0.752355
-0.771437
-0.710134
-0.397039
-2.157491
-4.466673
-5.500690
-6.822383
-0.352452
-4.263166
-4.160992
-3.392674
-4.479125
-4.191688
-0.396511
-0.369418
-0.784931
-0.743951
-0.552858
0.519579
9.527141
9.777026
0.750304
-0.793413
-0.620089
-0.747977
-0.747977
-0.747977
-0.747890
-0.749215
-0.767229
-0.782647
-0.541934
-2.395596
-4.211650
-2.330899
-1.959334
-1.489355
-1.819910
-1.131057
-1.187444
-0.984672
-0.791024
-0.770831
-0.743926
-0.747983
-0.553102
0.519579
9.527141
9.777026
0.750304
-0.793413
-0.620089
-0.747977
-0.747977
-0.747977
-0.747977
-0.747977
-0.747841
-0.757682
-0.810572
-0.824501
-0.788926
-0.867315
-0.949314
-0.883956
-0.824369
-0.812281
-0.774099
-0.784814
-0.767196
-0.745669
-0.747895
-0.747977
-0.553102
0.519579
9.527141
10.088474
0.443822
-0.891890
-0.713081
-0.804679
-0.804679
-0.804679
-0.804679
-0.804679
-0.804679
-0.804603
-0.804680
-0.805687
-0.808249
-0.810370
-0.805766
-0.801861
-0.802438
-0.804027
-0.804669
-0.804679
-0.804679
-0.804679
-0.804679
-0.804679
-0.540279
0.485066
9.434737
6.957055
0.412744
-2.432368
-2.251001
-2.290260
-2.290260
-2.290260
-2.290260
-2.290260
-2.290260
-2.290260
-2.290260
-2.290260
-2.290260
-2.290260
-2.290260
-2.290260
-2.290260
-2.290260
-2.290260
-2.290260
-2.290260
-2.290260
-2.290260
-2.290260
-2.297848
0.801489
6.357676
8.130772
-1.704853
1.225147
0.684787
0.628905
0.628905
0.628905
0.628905
0.628905
0.628905
0.628905
0.628905
0.628905
0.628905
0.628905
0.628905
0.628905
0.628905
0.628905
0.628905
0.628905
0.628905
0.628905
0.628905
0.628905
1.199612
0.803105
10.731880
-0.592022
-0.240487
-0.463043
-0.335016
-0.318059
-0.318059
-0.318059
-0.318059
-0.318059
-0.318059
-0.318059
-0.318059
-0.318059
-0.318059
-0.318059
-0.318059
-0.318059
-0.318059
-0.318059
-0.318059
-0.318059
-0.318059
-0.318059
-0.318059
-0.318059
-0.474570
-0.013270
-2.068534
-0.433837
0.018593
0.296502
0.402512
0.458098
0.458098
0.458098
0.458098
0.458098
0.458098
0.458098
0.458098
0.458098
0.458098
0.458098
0.458098
0.458098
0.458098
0.458098
0.458098
0.458098
0.458098
0.458098
0.458098
0.458098
0.051255
0.854394
-2.931129
-0.788216
-0.058481
0.236998
0.109090
0.163943
0.163943
0.163943
0.163943
0.163943
0.163943
0.164304
0.157518
0.141688
0.162128
0.348622
0.468745
0.508959
0.296220
0.177019
0.145739
0.160234
0.163905
0.163918
0.163943
0.163943
-0.263710
0.934642
-3.683794
-0.961802
-0.190227
0.128522
-0.028820
0.036348
0.036348
0.036348
0.036348
0.035395
0.022213
-0.003620
0.111610
0.150745
-0.245445
0.272594
0.660177
0.498857
-0.038955
-0.067377
0.138496
0.165574
0.069336
0.007685
0.028674
0.035963
-0.430168
0.794347
-3.834711
-0.952183
-0.167876
0.160340
0.004116
0.069069
0.069069
0.069069
0.058934
0.032314
0.083040
0.108022
-0.453746
-0.038064
0.644976
-0.065498
-0.108225
-0.493039
-0.005689
0.755658
0.727326
0.014511
0.090999
0.193017
-0.004977
0.053703
-0.395356
0.818387
-3.810700
-0.952183
-0.167876
0.160340
0.004116
0.069069
0.069069
0.067520
-0.026547
0.060744
-0.491930
-0.036847
1.413181
-0.663505
-0.409312
2.151729
2.426231
1.446840
1.789240
-0.194373
-0.720045
-0.036330
0.969654
0.262610
-0.077403
-0.047701
-0.402131
0.818370
-3.810700
-0.952183
-0.167876
0.160340
0.004116
0.069069
0.069069
0.046595
-0.427249
-0.177355
1.539960
-0.294242
0.449835
2.116795
0.619439
-1.983151
-2.120420
-0.659122
0.085630
1.191209
1.741556
0.151107
0.416604
0.762263
-0.079676
-0.224000
-0.429560
0.816716
-3.810700
-0.952183
-0.167876
0.160340
0.004116
0.069069
0.066077
-0.140867
-0.388980
0.399921
0.749225
-0.219365
-0.318188
-2.228315
-1.799966
-1.769475
-1.348213
-1.358224
-1.305237
-1.034395
-0.494647
0.376209
0.015841
-1.255120
0.408002
-0.273637
-0.344109
0.809451
-3.810954
-0.952183
-0.167876
0.160340
0.004116
0.069069
0.046475
-0.454359
-0.275910
1.814948
0.503992
-1.182431
-2.002384
-1.824711
-1.324130
-1.288988
-1.455562
-1.425505
-1.378465
-1.361474
-1.777272
-0.331052
0.666526
-0.526080
0.205439
-0.243438
-0.451447
0.696435
-3.815027
-0.952183
-0.167876
0.160340
0.004116
0.065707
-0.152418
-0.402043
0.399032
-0.766935
-0.333002
-1.287909
-1.841539
-1.594133
-1.412417
-1.272301
-1.248336
-1.244499
-1.240977
-1.283618
-1.607594
-1.708247
0.161265
-0.038097
-1.051348
0.985931
-0.176728
0.411949
-3.806093
-0.952183
-0.167876
0.160340
0.004116
0.046031
-0.465672
-0.117979
1.592356
0.398273
-0.977872
-1.907250
-1.673364
-1.358521
-1.247351
-1.238480
-1.237672
-1.237644
-1.237644
-1.238665
-1.258024
-1.620638
-1.082894
0.761442
0.172135
-0.693051
-0.126883
-0.379639
-3.806628
-0.952183
-0.167876
0.160340
0.004116
-0.049342
-0.485903
0.818703
0.084548
-0.351177
-1.350942
-1.928264
-1.550315
-1.262079
-1.238032
-1.237644
-1.237644
-1.237644
-1.237644
-1.237639
-1.243478
-1.298893
-1.832670
-0.154590
-0.267748
0.313020
1.050218
-0.616116
-3.790145
-0.952183
-0.167876
0.160340
0.004116
-0.167476
-0.558143
2.009264
1.169697
0.183554
-1.340330
-1.769084
-1.399909
-1.241990
-1.237644
-1.237644
-1.237644
-1.237644
-1.237644
-1.237644
-1.237880
-1.251478
-1.833929
-1.156248
0.088430
-1.171750
-0.144582
-0.625614
-3.842739
-0.952183
-0.167876
0.160340
0.004116
-0.045349
-0.363869
1.067378
1.393396
-0.362812
-1.051948
-1.930814
-1.362528
-1.238106
-1.237644
-1.237644
-1.237644
-1.237644
-1.237644
-1.237644
-1.237644
-1.247636
-1.817501
-0.611997
-0.066472
-0.655044
-0.055266
-0.512703
-3.830247
-0.952183
-0.167876
0.160340
0.004116
0.050140
-0.383756
0.255342
0.595199
0.450767
-0.534434
-1.786428
-1.453755
-1.237327
-1.237644
-1.237644
-1.237644
-1.237644
-1.237644
-1.237644
-1.237675
-1.278939
-1.908232
-0.910865
-1.136014
-1.030635
-0.398413
-0.418884
-3.819535
-0.952183
-0.167876
0.160340
0.004116
0.065929
-0.393617
-0.222129
0.334990
0.481637
-0.739215
-1.474184
-1.636961
-1.239609
-1.237653
-1.237644
-1.237644
-1.237644
-1.237644
-1.237644
-1.247107
-1.437528
-1.786917
0.261358
-0.031507
-1.354722
-0.633883
-0.111494
-3.825238
-0.952183
-0.167876
0.160340
0.004116
0.068883
-0.360016
-0.348278
0.587923
2.362391
-0.406208
-0.858498
-1.757289
-1.272261
-1.238857
-1.237710
-1.237644
-1.237644
-1.237644
-1.243214
-1.315229
-1.594059
-1.877484
1.513344
0.399876
-0.337218
-0.451924
0.235461
-3.828988
-0.952183
-0.167876
0.160340
0.004116
0.069069
-0.090693
-0.266130
0.558516
0.658092
1.434798
0.548174
-1.178940
-1.339653
-1.294824
-1.242780
-1.237373
-1.237644
-1.246153
-1.307724
-1.568599
-1.739245
-0.461208
0.880624
0.255027
0.194625
-0.821801
0.455941
-3.823613
-0.952183
-0.167876
0.160340
0.004116
0.069069
0.046625
-0.325661
0.126818
1.252174
0.405303
1.012446
0.078373
-0.352614
-1.313825
-1.420919
-1.349083
-1.346674
-1.425554
-1.543580
-1.834712
-0.086727
0.500441
-0.959571
-0.145015
-1.263213
-0.234411
0.712488
-3.815173
-0.952183
-0.167876
0.160340
0.004116
0.069069
0.067247
-0.189501
-0.046528
-0.554229
1.324749
1.387203
1.436386
0.342431
-0.017419
-0.810487
-0.485446
-0.295430
-0.686075
-1.022856
0.406496
1.063127
-0.749684
0.480816
-0.812820
-0.382760
-0.277375
0.787920
-3.812893
-0.952183
-0.167876
0.160340
0.004116
0.069069
0.069076
0.041119
0.023835
-0.533660
-0.246370
1.199518
1.392491
1.924031
1.555733
0.744440
1.262733
0.922808
1.099866
1.660506
1.975660
-0.658305
0.079007
-0.950700
-0.582880
-0.087189
-0.419077
0.811077
-3.810797
-0.952183
-0.167876
0.160340
0.004116
0.069069
0.069069
0.060637
0.044960
-0.035128
-0.404390
-0.198623
0.599002
0.809410
1.899942
1.543104
1.553383
2.281946
2.008478
1.308415
1.167531
-0.170335
-0.705260
-0.601771
-0.000650
0.048463
-0.403599
0.818241
-3.810700
-0.952183
-0.167876
0.160340
0.004116
0.069069
0.069069
0.069112
0.065228
0.050028
-0.039666
-0.255702
-0.355627
-0.209402
1.762643
0.999523
0.552210
0.509455
0.490348
0.695014
0.462120
-0.339291
-0.198770
-0.048264
0.044197
0.060058
-0.395548
0.818387
-3.810700
-0.952183
-0.167876
0.160340
0.004116
0.069069
0.069069
0.069069
0.068953
0.065931
0.057527
0.025351
0.025515
0.126327
-0.161855
-0.254872
-0.654894
-0.643488
-0.685459
-0.437135
-0.302053
0.025722
0.080767
0.037014
0.060967
0.068854
-0.395123
0.818387
-3.810700
-0.952183
-0.167876
0.160340
0.004116
0.069069
0.069069
0.069069
0.069069
0.069069
0.068088
0.059017
0.042384
-0.030205
-0.094028
-0.089588
-0.113791
-0.102184
-0.106354
-0.076676
-0.052417
0.003176
0.054989
0.062182
0.068820
0.069069
-0.395123
0.818387
-3.810700
-0.920778
-0.126119
0.280157
0.139116
0.203593
0.203593
0.203593
0.203593
0.203593
0.203593
0.203519
0.202937
0.202493
0.202332
0.198573
0.198305
0.202210
0.201713
0.203092
0.203584
0.203593
0.203593
0.203593
0.203593
0.203593
-0.242316
0.898169
-3.832479
-0.230324
0.171662
0.593910
0.486232
0.547982
0.547982
0.547982
0.547982
0.547982
0.547982
0.547982
0.547982
0.547982
0.547982
0.547982
0.547982
0.547982
0.547982
0.547982
0.547982
0.547982
0.547982
0.547982
0.547982
0.547982
0.069624
1.253648
-2.650415
-0.665525
-0.958167
-0.915694
-0.782544
-0.767925
-0.767925
-0.767925
-0.767925
-0.767925
-0.767925
-0.767925
-0.767925
-0.767925
-0.767925
-0.767925
-0.767925
-0.767925
-0.767925
-0.767925
-0.767925
-0.767925
-0.767925
-0.767925
-0.767925
-0.767925
-1.141348
-0.378260
-2.416116
0.748867
1.137500
0.594678
0.664717
0.660598
0.660598
0.660598
0.660598
0.660598
0.660598
0.660598
0.660598
0.660598
0.660598
0.660598
0.660598
0.660598
0.660598
0.660598
0.660598
0.660598
0.660598
0.660598
0.660598
0.660598
0.677344
1.466848
2.620469
1.044127
-0.096122
-0.513112
-0.484184
-0.463718
-0.463718
-0.463718
-0.463718
-0.463718
-0.463718
-0.463718
-0.463718
-0.463718
-0.463718
-0.463718
-0.463718
-0.463718
-0.463718
-0.463718
-0.463718
-0.463718
-0.463718
-0.463718
-0.463718
-0.463718
-0.627674
0.316843
1.408418
1.047194
-0.388130
-0.651520
-0.632246
-0.614476
-0.614476
-0.614476
-0.614476
-0.614476
-0.614476
-0.614895
-0.622946
-0.645920
-0.647697
-0.591803
-0.411035
-0.408390
-0.610405
-0.637109
-0.636691
-0.618547
-0.615038
-0.614516
-0.614476
-0.614476
-0.749622
0.004241
1.203603
1.187418
-0.447097
-0.723967
-0.611562
-0.594302
-0.594302
-0.594302
-0.594302
-0.595773
-0.612390
-0.639533
-0.570808
-0.491269
-0.375659
-0.290921
-0.344783
-0.050003
0.274639
0.058561
-0.211545
-0.474428
-0.606042
-0.631612
-0.601761
-0.594694
-0.760485
-0.090882
1.186493
1.184226
-0.445047
-0.723818
-0.618321
-0.599909
-0.599909
-0.599909
-0.607898
-0.644255
-0.564654
-0.497132
-0.485406
-0.438637
-1.234127
-0.449663
-0.176671
-0.938203
-0.532526
-0.618935
0.003954
0.215089
-0.127900
-0.425149
-0.643816
-0.605348
-0.763449
-0.107914
1.174544
1.184226
-0.445047
-0.723818
-0.618321
-0.599909
-0.599909
-0.601928
-0.654713
-0.669432
-0.937260
-1.056942
-1.753667
-0.588951
-0.949652
0.583026
0.119252
0.192676
-0.595493
-1.576651
-1.089109
-1.622716
-0.680454
-0.487335
-0.491637
-0.659910
-0.767386
-0.107944
1.174544
1.184226
-0.445047
-0.723818
-0.618321
-0.599909
-0.599909
-0.618247
-0.745870
-1.111597
-1.357578
-2.017571
-0.345232
-0.839292
-1.183160
-1.018764
-1.548595
-0.932136
-0.512764
-0.723421
-0.892134
-1.463586
-1.488105
-1.256439
-0.444720
-0.569991
-0.810095
-0.108513
1.174544
1.184226
-0.445047
-0.723818
-0.618321
-0.599909
-0.602799
-0.701778
-0.855935
-1.306226
-1.091331
0.286885
-1.204214
-1.003734
-1.187797
-0.818982
-0.610571
-0.598689
-0.701420
-0.586372
-0.642073
-0.160946
-3.358443
-1.577836
-0.870626
-0.195717
-0.878800
-0.116048
1.174459
1.184226
-0.445047
-0.723818
-0.618321
-0.599909
-0.621278
-0.793535
-0.880109
-1.872219
-0.769968
-1.168595
-0.896263
-0.697813
-0.630503
-0.883477
-0.940098
-0.919984
-0.898480
-0.819174
-0.826184
-0.500555
-1.526315
-2.891709
-0.688766
-0.482517
-0.498643
-0.197785
1.177526
1.184226
-0.445047
-0.723818
-0.618321
-0.602859
-0.697846
-0.845710
-1.214046
-1.310641
-1.660751
-1.619518
-0.514014
-0.956519
-0.946721
-0.863448
-0.857849
-0.858424
-0.857767
-0.878873
-0.983898
-0.637647
-0.718632
-2.337790
-2.034220
-0.862364
-0.421734
-0.542284
1.199321
1.184226
-0.445047
-0.723818
-0.618321
-0.621577
-0.784061
-0.756514
-1.434660
-0.383829
-1.516978
-0.949330
-0.793670
-0.900221
-0.858842
-0.858789
-0.858937
-0.858948
-0.858948
-0.859345
-0.875848
-1.054579
-0.599497
-1.702866
-1.964094
-1.112329
-1.400944
-0.802351
1.259548
1.184226
-0.445047
-0.723818
-0.618321
-0.668230
-0.936954
-1.384441
-0.911496
0.089532
-1.655953
-0.721436
-0.943014
-0.869883
-0.858909
-0.858948
-0.858948
-0.858948
-0.858948
-0.858948
-0.860633
-0.891800
-1.144376
-0.119308
-1.455289
-0.660441
-2.430956
-0.706149
1.262195
1.184226
-0.445047
-0.723818
-0.618321
-0.714118
-0.808099
-1.498498
-0.474291
-1.791155
-1.227664
-0.769901
-0.929993
-0.859605
-0.858948
-0.858948
-0.858948
-0.858948
-0.858948
-0.858948
-0.859031
-0.862970
-1.185828
-0.830867
-4.120786
-2.733993
-2.023413
-0.793802
1.250184
1.184226
-0.445047
-0.723818
-0.618321
-0.653865
-0.906813
-1.153275
-1.365728
-1.977111
-1.079476
-0.729473
-0.916244
-0.858915
-0.858948
-0.858948
-0.858948
-0.858948
-0.858948
-0.858948
-0.858948
-0.861648
-1.226884
-1.356549
-3.994100
-2.890697
-1.928417
-0.764342
1.253196
1.184226
-0.445047
-0.723818
-0.618321
-0.605255
-0.861944
-0.610837
-1.345337
-0.897656
-1.158501
-0.664293
-0.926136
-0.859187
-0.858948
-0.858948
-0.858948
-0.858948
-0.858948
-0.858948
-0.858945
-0.873205
-1.250279
-1.382194
-3.913122
-3.103179
-1.572336
-0.710984
1.256119
1.184226
-0.445047
-0.723818
-0.618321
-0.600203
-0.817785
-0.409436
-2.066683
-1.063874
-1.975255
-0.548036
-0.927997
-0.860931
-0.858958
-0.858948
-0.858948
-0.858948
-0.858948
-0.858948
-0.860809
-0.910393
-1.113762
-1.590395
-3.874731
-3.176203
-1.641270
-0.651998
1.235503
1.184226
-0.445047
-0.723818
-0.618321
-0.599948
-0.780012
-0.648427
-1.276676
0.290168
-2.099391
-0.333083
-0.870281
-0.875939
-0.861989
-0.859112
-0.858948
-0.858948
-0.858948
-0.860984
-0.878436
-0.939274
-0.954615
-1.536428
-1.475159
-2.283366
-1.338907
-0.548118
1.203528
1.184226
-0.445047
-0.723818
-0.618321
-0.599909
-0.682785
-0.934005
-1.048805
-0.680579
-1.135622
-0.443346
-0.394363
-0.805616
-0.877546
-0.863089
-0.859239
-0.858948
-0.860964
-0.874304
-0.895188
-1.026970
-1.883235
-2.710672
-3.290358
-3.290974
-1.266069
-0.373554
1.188904
1.184226
-0.445047
-0.723818
-0.618321
-0.599909
-0.608640
-0.820430
-0.526798
0.088445
-2.355656
-0.486992
-0.908428
-0.659485
-0.734803
-0.903494
-0.842568
-0.829861
-0.877572
-0.842026
-0.812358
-1.914947
-1.988593
-3.833696
-0.829919
-1.395931
-0.872243
-0.243339
1.175121
1.184226
-0.445047
-0.723818
-0.618321
-0.599909
-0.599645
-0.753629
-0.690228
-0.167112
-0.368317
0.127030
-0.945662
-1.106094
-0.479445
-0.214933
-0.229074
-0.181842
-0.219011
-0.347336
-1.624652
-2.336974
-4.521029
-0.861344
-0.744388
-0.597644
-0.893076
-0.131853
1.174414
1.184226
-0.445047
-0.723818
-0.618321
-0.599909
-0.599909
-0.623626
-0.816236
-0.665005
-0.341519
0.625620
-0.887310
-1.332636
-0.585007
-0.663576
-1.017788
-1.537166
-0.815743
-1.765791
-2.213626
-3.761724
-0.964327
-0.761757
-0.514019
-0.681223
-0.816146
-0.111408
1.174550
1.184226
-0.445047
-0.723818
-0.618321
-0.599909
-0.599909
-0.603746
-0.635549
-0.616004
-0.701687
-0.731529
-0.312463
0.161216
2.777277
0.636053
-0.942508
-0.749418
1.127414
0.332640
0.093197
-0.681346
-0.623188
-0.564823
-0.663282
-0.650634
-0.768167
-0.107927
1.174544
1.184226
-0.445047
-0.723818
-0.618321
-0.599909
-0.599909
-0.599908
-0.601408
-0.611328
-0.646076
-0.739818
-0.713425
-0.221321
-0.347962
-1.006419
-1.337054
-1.552586
-1.274883
-1.318275
-0.889546
-0.795161
-0.712878
-0.636133
-0.649007
-0.605400
-0.763485
-0.107914
1.174544
1.184226
-0.445047
-0.723818
-0.618321
-0.599909
-0.599909
-0.599909
-0.599944
-0.600901
-0.612103
-0.660599
-0.707547
-0.674823
-0.655283
-0.777417
-0.986549
-0.780105
-0.598595
-0.459001
-0.373993
-0.635279
-0.678969
-0.633800
-0.604258
-0.599934
-0.763367
-0.107914
1.174544
1.184226
-0.445047
-0.723818
-0.618321
-0.599909
-0.599909
-0.599909
-0.599909
-0.599909
-0.600117
-0.607880
-0.634766
-0.643071
-0.608358
-0.588354
-0.561165
-0.586444
-0.601097
-0.630534
-0.639629
-0.662664
-0.624565
-0.602551
-0.599948
-0.599909
-0.763367
-0.107914
1.174544
1.152308
-0.356402
-0.624275
-0.543909
-0.528786
-0.528786
-0.528786
-0.528786
-0.528786
-0.528786
-0.528805
-0.529206
-0.530346
-0.533087
-0.536833
-0.535711
-0.530960
-0.529150
-0.528779
-0.528785
-0.528786
-0.528786
-0.528786
-0.528786
-0.528786
-0.689057
-0.104032
1.289143
0.997165
-0.021406
-0.252328
-0.220706
-0.198068
-0.198068
-0.198068
-0.198068
-0.198068
-0.198068
-0.198068
-0.198068
-0.198068
-0.198068
-0.198068
-0.198068
-0.198068
-0.198068
-0.198068
-0.198068
-0.198068
-0.198068
-0.198068
-0.198068
-0.198068
-0.411450
0.119993
1.516881
1.109238
0.329679
-0.278467
-0.289334
-0.325257
-0.325257
-0.325257
-0.325257
-0.325257
-0.325257
-0.325257
-0.325257
-0.325257
-0.325257
-0.325257
-0.325257
-0.325257
-0.325257
-0.325257
-0.325257
-0.325257
-0.325257
-0.325257
-0.325257
-0.325257
-0.291345
0.540097
1.845570
4.845204
4.410094
5.562580
5.564264
5.575253
5.575253
5.575253
5.575253
5.575253
5.575253
5.575253
5.575253
5.575253
5.575253
5.575253
5.575253
5.575253
5.575253
5.575253
5.575253
5.575253
5.575253
5.575253
5.575253
5.575253
5.825540
5.165757
4.242159
4.336701
2.465188
1.286602
1.404914
1.408740
1.408740
1.408740
1.408740
1.408740
1.408740
1.408740
1.408740
1.408740
1.408740
1.408740
1.408740
1.408740
1.408740
1.408740
1.408740
1.408740
1.408740
1.408740
1.408740
1.408740
1.414275
1.386822
4.250992
4.982136
2.456716
1.996621
2.480763
2.424996
2.424996
2.424996
2.424996
2.424996
2.424996
2.425126
2.437000
2.484282
2.534357
2.422868
2.455962
2.402679
2.478842
2.539067
2.501308
2.436456
2.425414
2.424979
2.424996
2.424996
2.534046
1.495228
4.494473
4.914592
2.600845
2.148281
2.682860
2.602042
2.602042
2.602042
2.602042
2.603226
2.615051
2.703540
2.700047
2.373419
1.747536
1.170056
-0.114365
-0.390804
0.292788
1.314952
2.277229
2.569838
2.701444
2.665467
2.605266
2.602521
2.705197
1.564334
4.353964
4.897511
2.550611
2.084618
2.612577
2.530403
2.530403
2.530403
2.535215
2.586852
2.664618
2.317511
1.311274
0.733096
1.419578
2.166669
1.970167
1.587551
1.775999
-0.817817
-0.800910
-0.101550
0.904124
2.362996
2.568098
2.535687
2.643461
1.511248
4.279523
4.897511
2.550611
2.084618
2.612577
2.530403
2.530403
2.531917
2.599180
2.489037
1.458089
1.119758
1.231289
2.173297
1.876106
2.236032
0.055341
-1.202788
-2.140954
-0.731470
0.420671
2.121016
0.225997
0.411434
2.134001
2.613669
2.648571
1.511261
4.279523
4.897511
2.550611
2.084618
2.612577
2.530403
2.530403
2.545765
2.675237
1.581729
0.244493
0.412487
-0.793405
1.793085
2.250590
2.194875
-0.605742
0.699932
0.785807
-0.578399
-1.054725
-5.668582
0.876307
1.648381
0.186558
2.504412
2.696911
1.512948
4.279523
4.897511
2.550611
2.084618
2.612577
2.530403
2.532796
2.694312
2.432336
0.185227
-0.284480
-1.353600
-0.255579
2.001695
1.564236
1.285916
1.663269
1.589197
0.683404
0.570027
-0.498702
-1.843246
-6.304543
0.317880
-0.526508
1.284267
2.716056
1.530569
4.279814
4.897511
2.550611
2.084618
2.612577
2.530403
2.547551
2.779987
1.383322
0.190495
-0.416025
-0.070212
0.579106
1.138834
2.187421
3.096626
3.275492
3.218833
3.110119
2.689933
2.058653
-1.214047
-1.731299
-3.966708
0.448282
-0.282059
2.267453
1.618859
4.296362
4.897511
2.550611
2.084618
2.612577
2.532722
2.692627
2.539417
0.117332
-0.159163
-3.480204
0.208730
1.467307
3.273603
3.157461
2.800415
2.737911
2.733760
2.760877
2.902517
3.275624
1.714599
-0.368756
-5.214288
-1.827817
0.490971
0.301882
1.528854
4.401285
4.897511
2.550611
2.084618
2.612577
2.549117
2.743047
1.184299
0.053785
-0.497803
-0.824888
1.216351
2.837134
2.928623
2.738375
2.726786
2.725876
2.725856
2.725856
2.727293
2.805465
2.951966
0.295394
-1.674304
-5.481194
0.313185
0.511089
0.945096
4.631864
4.897511
2.550611
2.084618
2.612577
2.629315
2.507712
0.068552
0.044306
-1.772788
0.895557
1.879660
3.040965
2.764406
2.726227
2.725856
2.725856
2.725856
2.725856
2.725848
2.737950
2.913146
3.089290
-1.690691
-3.078743
-0.384130
0.827580
0.754756
4.736592
4.897511
2.550611
2.084618
2.612577
2.671179
2.190715
-1.422978
-0.548076
-1.913049
-0.358967
2.726391
2.949236
2.730057
2.725856
2.725856
2.725856
2.725856
2.725856
2.725856
2.725919
2.757159
3.591494
1.609887
-1.243508
-0.518237
0.214067
0.761170
4.765503
4.897511
2.550611
2.084618
2.612577
2.639679
2.308654
-1.644058
-1.187284
-1.384504
-0.314056
2.733112
2.881280
2.726246
2.725856
2.725856
2.725856
2.725856
2.725856
2.725856
2.725856
2.740029
3.436190
0.730405
-1.760729
-1.097510
0.732903
0.872501
4.712658
4.897511
2.550611
2.084618
2.612577
2.552594
2.759882
-0.831161
-0.781718
-2.884289
-0.706999
2.231804
2.937218
2.725514
2.725856
2.725856
2.725856
2.725856
2.725856
2.725856
2.725890
2.769337
3.399688
0.922843
-0.203535
-0.441185
1.359990
0.930477
4.645692
4.897511
2.550611
2.084618
2.612577
2.529533
2.909647
0.434419
-0.115082
-2.829071
-0.212381
1.621299
3.031615
2.730384
2.725876
2.725856
2.725856
2.725856
2.725856
2.725856
2.735418
2.895677
3.288453
-0.722057
-1.200708
0.860380
1.025828
1.130314
4.528432
4.897511
2.550611
2.084618
2.612577
2.530073
2.796091
1.322635
-0.818833
-3.140340
-0.381558
0.521070
3.002062
2.811534
2.729388
2.725785
2.725856
2.725856
2.725856
2.732024
2.801095
2.739238
2.001467
-1.048132
-1.726252
2.264556
0.649952
1.413064
4.405554
4.897511
2.550611
2.084618
2.612577
2.530403
2.698471
2.119294
-0.904960
-1.430418
-1.041860
-0.271871
1.642245
2.815339
2.830482
2.735196
2.725409
2.725856
2.734865
2.810104
2.836318
1.825184
1.346674
-1.130130
-1.783905
2.804108
1.265041
1.797651
4.334531
4.897511
2.550611
2.084618
2.612577
2.530403
2.557757
2.504682
-0.010553
0.047972
-0.619884
-2.319350
0.727944
0.909273
2.697323
2.988340
2.968981
2.961916
3.020430
2.842116
1.940670
1.175997
0.090669
-2.474306
1.562122
1.928703
1.767403
1.630248
4.289398
4.897511
2.550611
2.084618
2.612577
2.530403
2.528689
2.630519
1.120963
0.980445
-1.134706
-2.097108
0.147262
2.127527
0.152286
1.675150
1.787596
1.765212
1.830078
1.236743
0.970666
0.326113
-2.881626
1.883889
1.803277
1.706145
2.708454
1.549139
4.281185
4.897511
2.550611
2.084618
2.612577
2.530403
2.529696
2.581996
2.605824
0.822586
-0.590858
0.803134
-0.287295
-3.141347
-0.083751
-1.262790
-0.884629
-1.387791
-1.155600
-1.932744
-1.350632
-2.210514
1.425787
2.267506
1.877379
2.735624
2.698650
1.513812
4.279696
4.897511
2.550611
2.084618
2.612577
2.530403
2.530403
2.530526
2.575176
2.872575
1.684617
-0.457772
-0.176033
-0.800382
2.947762
2.139089
2.162075
0.442463
2.728154
4.378456
2.419652
2.756171
1.743532
1.922839
2.614402
2.556912
2.648942
1.511254
4.279523
4.897511
2.550611
2.084618
2.612577
2.530403
2.530403
2.530215
2.528970
2.554725
2.797398
2.400330
0.484879
0.951805
0.551602
0.187953
2.215575
2.167100
2.084786
0.739812
1.355515
1.644816
1.849439
2.764858
2.565624
2.534535
2.643603
1.511248
4.279523
4.897511
2.550611
2.084618
2.612577
2.530403
2.530403
2.530403
2.530479
2.530453
2.530138
2.648968
2.675433
0.744051
0.975922
0.438286
0.443945
0.830659
1.348609
1.448681
1.819109
2.277697
2.679682
2.570813
2.533546
2.530431
2.643380
1.511248
4.279523
4.897511
2.550611
2.084618
2.612577
2.530403
2.530403
2.530403
2.530403
2.530403
2.530802
2.529904
2.566214
2.718152
2.770818
2.846343
2.900492
2.983622
2.932213
2.850051
2.762911
2.623945
2.525262
2.532370
2.530494
2.530403
2.643380
1.511248
4.279523
5.182017
2.550490
2.144319
2.651099
2.581992
2.581992
2.581992
2.581992
2.581992
2.581992
2.582088
2.582870
2.588035
2.599260
2.611057
2.609523
2.592078
2.585005
2.582582
2.582006
2.581992
2.581992
2.581992
2.581992
2.581992
2.797951
1.547952
4.658605
5.083525
1.722750
0.665641
1.042212
0.993179
0.993179
0.993179
0.993179
0.993179
0.993179
0.993179
0.993179
0.993179
0.993179
0.993179
0.993179
0.993179
0.993179
0.993179
0.993179
0.993179
0.993179
0.993179
0.993179
0.993179
1.127689
1.022904
4.009874
2.998627
2.094308
3.410892
3.508443
3.474214
3.474214
3.474214
3.474214
3.474214
3.474214
3.474214
3.474214
3.474214
3.474214
3.474214
3.474214
3.474214
3.474214
3.474214
3.474214
3.474214
3.474214
3.474214
3.474214
3.474214
3.643673
3.015381
4.353796
3.826160
2.147716
1.491493
1.452599
1.486139
1.486139
1.486139
1.486139
1.486139
1.486139
1.486139
1.486139
1.486139
1.486139
1.486139
1.486139
1.486139
1.486139
1.486139
1.486139
1.486139
1.486139
1.486139
1.486139
1.486139
1.824449
1.715933
3.094902
3.300515
0.603829
0.115514
0.078661
0.031302
0.031302
0.031302
0.031302
0.031302
0.031302
0.031302
0.031302
0.031302
0.031302
0.031302
0.031302
0.031302
0.031302
0.031302
0.031302
0.031302
0.031302
0.031302
0.031302
0.031302
0.362087
0.381969
2.958504
2.923517
-0.298046
-0.000917
0.219603
0.178985
0.178985
0.178985
0.178985
0.178985
0.178985
0.177996
0.186304
0.266709
0.437806
0.747993
0.881393
0.872924
0.619339
0.384506
0.246908
0.180026
0.177760
0.178939
0.178985
0.178985
0.477975
-0.414859
2.504738
2.722103
-0.425129
-0.065426
0.229014
0.172104
0.172104
0.172104
0.172104
0.172900
0.185111
0.342969
0.730638
0.839170
0.379478
-0.658520
-2.293972
-3.631036
-1.561001
-0.116709
0.828279
0.871634
0.538558
0.250152
0.168753
0.172337
0.536172
-0.615581
2.382915
2.725610
-0.475417
-0.100583
0.190733
0.134087
0.134087
0.134087
0.140610
0.245007
0.754596
0.849795
0.130122
-1.191027
-1.512804
-2.631795
1.334405
-1.361538
-3.935246
-4.778085
-4.118753
-2.822185
-0.540571
0.675114
0.301672
0.136839
0.495002
-0.668596
2.346534
2.725610
-0.475417
-0.100583
0.190733
0.134087
0.134087
0.135769
0.276536
0.571592
0.736969
-1.784319
-1.825883
1.318883
2.483257
3.123455
2.965424
1.690803
-0.022726
0.512942
0.482812
-3.382691
-3.044227
-2.100018
0.350307
0.265690
0.494083
-0.668614
2.346534
2.725610
-0.475417
-0.100583
0.190733
0.134087
0.134087
0.161640
0.821838
0.440506
-1.009260
1.714726
4.834679
4.254281
3.446019
0.104922
-2.027013
-2.296552
-0.802173
0.764424
1.119163
-0.531104
3.753464
-1.599979
-1.429968
0.705804
0.506286
-0.668877
2.346534
2.725610
-0.475417
-0.100583
0.190733
0.134087
0.137163
0.386067
1.077492
-1.295571
2.414342
4.123564
2.910560
-0.164580
-0.014967
0.913945
1.676160
1.321276
-0.095357
-0.904851
-1.923382
-3.107915
-1.276417
2.505552
-2.749224
-0.261105
0.658058
-0.667491
2.346151
2.725610
-0.475417
-0.100583
0.190733
0.134087
0.165778
0.886956
0.042029
0.073676
2.140624
2.851073
0.503153
1.216349
1.560045
1.423713
1.100732
1.096317
1.340582
1.444239
1.447085
-1.655188
-1.186538
0.146577
1.085191
-2.375155
0.705613
-0.533388
2.341018
2.725610
-0.475417
-0.100583
0.190733
0.137410
0.392684
1.052183
-1.477578
2.766162
2.453407
0.480478
1.211943
1.575409
1.028648
0.861901
0.839388
0.841843
0.849259
0.903619
1.256986
0.674576
-2.082716
0.836728
2.139032
-1.836015
-1.001455
-0.109642
2.301285
2.725610
-0.475417
-0.100583
0.190733
0.165011
0.881465
0.325581
0.257552
3.799681
3.426963
0.472952
1.488854
0.924490
0.839327
0.842109
0.842516
0.842536
0.842536
0.841678
0.883172
1.457886
-0.672564
-3.086559
0.662922
1.342359
-2.521392
0.418233
2.315109
2.725610
-0.475417
-0.100583
0.190733
0.288474
0.798049
-1.286752
2.301994
2.991523
1.111676
0.897221
1.164278
0.844356
0.842393
0.842536
0.842536
0.842536
0.842536
0.842533
0.840134
0.962498
1.489656
-2.231297
-2.208887
0.927264
-0.980483
0.779031
2.266320
2.725610
-0.475417
-0.100583
0.190733
0.376631
0.182636
-3.419156
1.418136
2.086853
-0.982994
1.417505
0.939621
0.840828
0.842536
0.842536
0.842536
0.842536
0.842536
0.842536
0.842309
0.845538
1.432089
-0.698487
-1.432758
2.112412
-0.983951
0.623254
2.286381
2.725610
-0.475417
-0.100583
0.190733
0.286773
0.512553
-4.317691
1.176339
0.445546
-1.808095
1.402963
0.883213
0.842322
0.842536
0.842536
0.842536
0.842536
0.842536
0.842536
0.842536
0.854467
1.379645
-1.046808
1.676169
3.904863
-0.856874
0.698613
2.242960
2.725610
-0.475417
-0.100583
0.190733
0.164098
0.708316
-3.276190
0.811590
1.741445
-2.045581
0.887271
0.970904
0.841750
0.842536
0.842536
0.842536
0.842536
0.842536
0.842536
0.842528
0.888099
1.384304
-1.543603
1.592592
6.418941
-0.399509
0.583988
2.241545
2.725610
-0.475417
-0.100583
0.190733
0.130030
0.729363
-1.772388
-2.119829
1.930345
-1.108292
0.045182
1.137313
0.837058
0.842514
0.842536
0.842536
0.842536
0.842536
0.842536
0.844391
1.031748
1.436682
-1.899076
1.921530
4.346104
-0.825291
0.456413
2.262482
2.725610
-0.475417
-0.100583
0.190733
0.133233
0.623068
-0.720134
-3.069661
3.519397
-0.866871
-0.675012
1.431246
0.889056
0.835644
0.842443
0.842536
0.842536
0.842536
0.843325
0.930025
1.412952
0.824494
-1.744084
3.749810
2.534900
-0.827510
0.109321
2.290650
2.725610
-0.475417
-0.100583
0.190733
0.134087
0.343315
0.443498
-3.119023
1.637511
1.119295
-1.627542
0.795858
1.356980
0.932838
0.833798
0.841860
0.842536
0.843500
0.935584
1.356202
1.193051
0.191309
1.837820
2.713355
5.306303
-0.195743
-0.090922
2.330283
2.725610
-0.475417
-0.100583
0.190733
0.134087
0.167395
0.723524
-3.024456
1.289615
2.806690
-1.448561
-2.617197
-0.231718
1.583754
0.993032
0.941398
0.918105
1.013095
1.430681
1.456610
0.078868
2.695919
3.450189
5.337691
0.361889
0.598654
-0.528304
2.334950
2.725610
-0.475417
-0.100583
0.190733
0.134087
0.129052
0.448983
-0.610762
-2.006872
1.408413
2.984665
1.173116
-3.024528
-0.882622
0.530984
0.652719
0.639698
0.853094
0.064506
-0.456412
1.457422
1.538207
6.556409
0.161185
0.468059
0.599341
-0.644788
2.345358
2.725610
-0.475417
-0.100583
0.190733
0.134087
0.132759
0.182553
0.699583
-0.303187
-2.408592
-0.481826
3.762857
1.068525
-2.049509
-3.750960
-3.485946
-3.549911
-3.891469
-2.328376
0.745539
2.616553
5.497822
0.767861
0.403929
0.652170
0.506954
-0.669459
2.346562
2.725610
-0.475417
-0.100583
0.190733
0.134087
0.134087
0.130282
0.186119
0.621392
0.430546
-1.219612
-1.302238
2.954053
3.313275
1.932111
2.890451
3.253055
3.229593
3.420235
4.159660
4.048950
0.462787
0.477843
0.608420
0.144386
0.494358
-0.668689
2.346534
2.725610
-0.475417
-0.100583
0.190733
0.134087
0.134087
0.133813
0.130027
0.159080
0.441856
0.869591
-0.707027
-1.986962
0.518514
1.225541
0.817578
1.158387
2.232880
-0.294275
0.929179
0.393884
0.288794
0.654414
0.157079
0.133597
0.495303
-0.668596
2.346534
2.725610
-0.475417
-0.100583
0.190733
0.134087
0.134087
0.134087
0.134178
0.133213
0.131974
0.252926
0.624484
-0.646374
-0.421359
0.435996
0.287959
0.576991
0.316944
0.456561
0.562342
0.422875
0.393133
0.166907
0.133672
0.133983
0.495296
-0.668596
2.346534
2.725610
-0.475417
-0.100583
0.190733
0.134087
0.134087
0.134087
0.134087
0.134087
0.134320
0.129982
0.171242
0.361935
0.554930
0.670731
0.709830
0.647124
0.510281
0.361193
0.289601
0.179516
0.127891
0.133376
0.134077
0.134087
0.495296
-0.668596
2.346534
2.918695
-0.168453
0.313977
0.611695
0.556416
0.556416
0.556416
0.556416
0.556416
0.556416
0.556465
0.555954
0.554969
0.555480
0.555045
0.558492
0.554920
0.555953
0.556664
0.556423
0.556416
0.556416
0.556416
0.556416
0.556416
0.930707
-0.232096
2.621763
2.339330
-0.451716
-1.001841
-0.980608
-1.024123
-1.024123
-1.024123
-1.024123
-1.024123
-1.024123
-1.024123
-1.024123
-1.024123
-1.024123
-1.024123
-1.024123
-1.024123
-1.024123
-1.024123
-1.024123
-1.024123
-1.024123
-1.024123
-1.024123
-1.024123
-0.659374
-0.170428
2.455209
1.243476
0.281909
-0.373669
-0.590988
-0.655211
-0.655211
-0.655211
-0.655211
-0.655211
-0.655211
-0.655211
-0.655211
-0.655211
-0.655211
-0.655211
-0.655211
-0.655211
-0.655211
-0.655211
-0.655211
-0.655211
-0.655211
-0.655211
-0.655211
-0.655211
-0.190398
0.392328
3.249163
-5.913822
-4.877781
-3.609189
-3.657865
-3.622669
-3.622669
-3.622669
-3.622669
-3.622669
-3.622669
-3.622669
-3.622669
-3.622669
-3.622669
-3.622669
-3.622669
-3.622669
-3.622669
-3.622669
-3.622669
-3.622669
-3.622669
-3.622669
-3.622669
-3.622669
-3.858596
-5.339160
-9.079833
-6.762268
-1.335218
0.204778
0.439479
0.488657
0.488657
0.488657
0.488657
0.488657
0.488657
0.488657
0.488657
0.488657
0.488657
0.488657
0.488657
0.488657
0.488657
0.488657
0.488657
0.488657
0.488657
0.488657
0.488657
0.488657
0.282337
-1.783549
-6.682687
-6.484372
-0.725050
-0.004444
-0.264630
-0.176219
-0.176219
-0.176219
-0.176219
-0.176219
-0.176219
-0.175609
-0.192067
-0.274099
-0.507791
-1.234030
-1.908939
-1.797782
-0.991836
-0.413940
-0.264368
-0.194815
-0.177295
-0.176299
-0.176219
-0.176219
-0.352620
-0.554765
-7.035652
-6.554509
-0.728593
-0.114636
-0.291745
-0.189929
-0.189929
-0.189929
-0.189929
-0.191029
-0.221166
-0.358912
-0.822930
-1.345540
-0.600087
1.596967
0.963624
0.988527
-0.238093
-1.010745
-1.660213
-1.370423
-0.614202
-0.300088
-0.212553
-0.190931
-0.389759
-0.465454
-7.013118
-6.543483
-0.694204
-0.077706
-0.247852
-0.145523
-0.145523
-0.145523
-0.162608
-0.274271
-0.710065
-1.186317
0.061054
2.700784
5.090631
4.725947
-1.308614
-0.450373
1.736881
2.960297
1.294562
0.411917
-0.336799
-0.502078
-0.403272
-0.187084
-0.355745
-0.461659
-7.017839
-6.543483
-0.694204
-0.077706
-0.247852
-0.145523
-0.145523
-0.148082
-0.275898
-0.383114
0.532288
3.526072
4.845171
2.162482
-2.347760
-5.007530
-8.088518
-8.047169
-6.029059
-3.560052
-1.794913
1.235727
-0.206551
0.180995
-0.462343
-0.418213
-0.372092
-0.461720
-7.017839
-6.543483
-0.694204
-0.077706
-0.247852
-0.145523
-0.145523
-0.192558
-0.518723
0.554657
2.138094
-0.235675
-4.560691
-5.711637
-2.853183
-0.841811
-0.521246
0.502752
-2.418590
-4.711728
-8.068367
-8.796231
-8.175400
-3.063023
-0.721399
-0.625020
-0.487478
-0.466151
-7.017839
-6.543483
-0.694204
-0.077706
-0.247852
-0.145523
-0.150387
-0.341935
-0.520518
1.786064
-1.330457
-6.844407
-4.730971
-0.399098
1.039450
0.685812
-0.400914
-1.043070
-0.703159
-0.479961
-0.058309
-1.763777
-10.498889
-3.555590
-1.312087
-1.104387
-0.846382
-0.510520
-7.018312
-6.543483
-0.694204
-0.077706
-0.247852
-0.145523
-0.195930
-0.556822
0.649345
0.821690
-7.149687
-4.450420
1.879484
0.441875
-0.684177
-1.156394
-0.900239
-0.870476
-1.074282
-1.175859
-1.263427
0.250732
-2.868462
-8.339185
-2.093252
-0.648743
-1.029275
-0.712316
-7.024788
-6.543483
-0.694204
-0.077706
-0.247852
-0.151285
-0.343977
-0.593122
1.499976
-1.484255
-7.957970
0.396931
-0.016569
-1.270732
-0.620534
-0.393774
-0.297088
-0.290527
-0.341589
-0.434285
-0.904090
-1.132075
-1.238237
-9.128615
-7.450457
-0.768674
-0.827558
-0.799238
-7.046402
-6.543483
-0.694204
-0.077706
-0.247852
-0.193542
-0.563175
0.405768
1.082544
-7.059323
-4.878943
0.909274
-0.663098
-0.514657
-0.296305
-0.286095
-0.285825
-0.285840
-0.285840
-0.285216
-0.388225
-0.802510
-0.102447
-2.323069
-7.308039
-1.419444
-2.567863
-1.376778
-7.030660
-6.543483
-0.694204
-0.077706
-0.247852
-0.256884
-0.634180
1.133692
-1.047032
-6.378649
-1.677585
0.339620
-0.845915
-0.325795
-0.285828
-0.285840
-0.285840
-0.285840
-0.285840
-0.285830
-0.293494
-0.566595
-1.107497
1.203554
-1.629315
-2.424260
1.672153
-1.202909
-7.021935
-6.543483
-0.694204
-0.077706
-0.247852
-0.276594
-0.512393
0.132362
-1.518207
-3.609729
0.448488
-0.705945
-0.531526
-0.287338
-0.285840
-0.285840
-0.285840
-0.285840
-0.285840
-0.285840
-0.285408
-0.316622
-1.230323
1.899697
-1.748656
-3.060985
0.912205
-1.289182
-7.027283
-6.543483
-0.694204
-0.077706
-0.247852
-0.260184
-0.941243
-0.206558
-2.742995
-3.068285
-0.435981
-1.093364
-0.453345
-0.285793
-0.285840
-0.285840
-0.285840
-0.285840
-0.285840
-0.285840
-0.285840
-0.294326
-1.053690
2.826137
-5.161926
-6.546450
1.108171
-1.222030
-7.029930
-6.543483
-0.694204
-0.077706
-0.247852
-0.204117
-0.916795
0.103229
-2.357384
-4.037739
-0.043641
-0.525401
-0.568486
-0.287027
-0.285840
-0.285840
-0.285840
-0.285840
-0.285840
-0.285840
-0.285752
-0.324788
-1.153861
2.755342
-5.886933
-9.058483
0.354528
-1.396113
-7.017684
-6.543483
-0.694204
-0.077706
-0.247852
-0.148514
-0.693612
-0.320828
-1.865251
-5.827718
-0.992761
-0.398677
-0.818140
-0.298123
-0.285863
-0.285840
-0.285840
-0.285840
-0.285840
-0.285840
-0.294164
-0.467934
-1.123480
2.798404
-4.963175
-8.561852
0.434764
-1.339454
-7.022115
-6.543483
-0.694204
-0.077706
-0.247852
-0.144597
-0.468244
-0.158968
-1.309003
-2.822620
-2.313279
0.081367
-1.117751
-0.437445
-0.299904
-0.286362
-0.285840
-0.285840
-0.285840
-0.288491
-0.421159
-0.747692
-0.029826
4.104907
-2.398228
-3.575583
2.041739
-1.145793
-7.029110
-6.543483
-0.694204
-0.077706
-0.247852
-0.145523
-0.317161
-0.872377
-0.882454
-2.330133
-5.131507
0.325391
-0.958296
-0.695147
-0.521755
-0.313346
-0.286741
-0.285840
-0.292640
-0.407072
-0.810847
0.041721
1.896698
-2.092841
-8.343869
-3.649791
0.304992
-0.936386
-7.020708
-6.543483
-0.694204
-0.077706
-0.247852
-0.145523
-0.213684
-0.766982
0.591919
-2.513490
-9.851453
-0.984062
0.064227
0.892116
-0.742739
-0.834061
-0.555847
-0.485329
-0.595181
-0.885102
0.155560
3.397507
-0.753960
-8.628270
-1.075789
-1.104683
-0.220111
-0.680450
-7.020733
-6.543483
-0.694204
-0.077706
-0.247852
-0.145523
-0.147554
-0.476022
-0.326669
-1.338098
-1.675611
-7.345678
-3.387375
0.766431
0.508025
-0.922188
-1.204234
-1.161418
-1.406565
0.010703
2.382967
2.621219
-8.422987
-2.230967
1.207761
0.796381
-0.712448
-0.544424
-7.017826
-6.543483
-0.694204
-0.077706
-0.247852
-0.145523
-0.144666
-0.266221
-0.506781
-0.138243
0.622775
-0.450226
-6.469479
-5.376007
0.325337
4.188992
4.892389
4.516667
4.363995
4.753648
-0.655402
-7.480255
-1.689389
-0.201804
0.498284
-0.592309
-0.532356
-0.469012
-7.017832
-6.543483
-0.694204
-0.077706
-0.247852
-0.145523
-0.145523
-0.157386
-0.321062
-0.684243
-0.811960
0.320227
-0.191124
-5.404567
-7.323266
-2.497922
-1.335785
-2.699872
-2.069615
-3.060018
-4.560993
0.473424
0.934699
0.546748
-0.499962
-0.344291
-0.367996
-0.461584
-7.017839
-6.543483
-0.694204
-0.077706
-0.247852
-0.145523
-0.145523
-0.145421
-0.146560
-0.228316
-0.530608
-0.904363
0.059803
-0.730299
-1.855358
-0.646150
0.781636
0.748365
1.483235
1.818432
0.369204
1.093482
0.674996
-0.654716
-0.354037
-0.162706
-0.355552
-0.461659
-7.017839
-6.543483
-0.694204
-0.077706
-0.247852
-0.145523
-0.145523
-0.145523
-0.145656
-0.146170
-0.185791
-0.419275
-0.689176
-0.535660
-0.597590
0.105735
0.502788
0.292754
-0.211414
-0.405940
-0.641052
-0.494408
-0.464455
-0.321363
-0.158958
-0.145531
-0.355288
-0.461659
-7.017839
-6.543483
-0.694204
-0.077706
-0.247852
-0.145523
-0.145523
-0.145523
-0.145523
-0.145523
-0.145863
-0.161475
-0.277168
-0.483227
-0.782153
-0.990660
-1.096139
-1.006141
-0.791990
-0.581988
-0.400528
-0.269723
-0.197427
-0.154799
-0.145595
-0.145523
-0.355288
-0.461659
-7.017839
-6.525538
-0.957082
-0.552208
-0.727627
-0.623021
-0.623021
-0.623021
-0.623021
-0.623021
-0.623021
-0.623178
-0.624984
-0.631041
-0.640210
-0.643353
-0.644089
-0.638675
-0.627963
-0.623765
-0.623028
-0.623021
-0.623021
-0.623021
-0.623021
-0.623021
-0.772692
-0.743929
-7.095432
-6.979754
-0.962620
0.419871
0.193244
0.255789
0.255789
0.255789
0.255789
0.255789
0.255789
0.255789
0.255789
0.255789
0.255789
0.255789
0.255789
0.255789
0.255789
0.255789
0.255789
0.255789
0.255789
0.255789
0.255789
0.255789
0.202387
-0.776777
-6.551662
-5.782723
-2.661534
-1.279538
-0.877072
-0.819780
-0.819780
-0.819780
-0.819780
-0.819780
-0.819780
-0.819780
-0.819780
-0.819780
-0.819780
-0.819780
-0.819780
-0.819780
-0.819780
-0.819780
-0.819780
-0.819780
-0.819780
-0.819780
-0.819780
-0.819780
-1.045679
-1.408016
-5.844425
-0.571993
-1.028200
-1.714136
-1.685335
-1.728320
-1.728320
-1.728320
-1.728320
-1.728320
-1.728320
-1.728320
-1.728320
-1.728320
-1.728320
-1.728320
-1.728320
-1.728320
-1.728320
-1.728320
-1.728320
-1.728320
-1.728320
-1.728320
-1.728320
-1.728320
-1.776288
-0.506530
3.227119
1.431604
-0.115336
-0.281635
-0.272168
-0.317929
-0.317929
-0.317929
-0.317929
-0.317929
-0.317929
-0.317929
-0.317929
-0.317929
-0.317929
-0.317929
-0.317929
-0.317929
-0.317929
-0.317929
-0.317929
-0.317929
-0.317929
-0.317929
-0.317929
-0.317929
0.172602
1.424946
0.495204
1.639606
1.024906
0.252857
0.196011
0.165423
0.165423
0.165423
0.165423
0.165423
0.165423
0.164594
0.164026
0.090401
0.063199
0.296475
0.763408
0.752322
0.260875
0.065360
0.118940
0.168431
0.165264
0.165402
0.165423
0.165423
0.440579
1.521402
2.242336
1.595375
1.241091
0.405453
0.147886
0.106862
0.106862
0.106862
0.106862
0.105866
0.103005
-0.012665
0.054830
0.404047
-0.232583
-2.708356
-1.188910
2.445611
2.330011
1.128839
0.696491
0.335685
0.106452
0.063684
0.117353
0.106678
0.425880
1.093256
2.168660
1.601172
1.271826
0.434124
0.168770
0.128979
0.128979
0.128979
0.129991
0.031530
-0.005732
0.291973
-0.495902
-3.139899
-7.604684
-6.522721
-1.871002
1.617685
-0.078154
2.410207
3.478905
3.132555
1.549765
-0.044915
0.017615
0.139647
0.447297
1.137116
2.181615
1.601172
1.271826
0.434124
0.168770
0.128979
0.128979
0.128268
0.054040
0.184813
-1.219756
-3.448880
-7.579505
-5.472174
-0.987231
0.101254
1.525515
7.234271
8.898484
6.832661
2.461095
0.439322
1.068846
3.405948
0.628267
0.105617
0.455809
1.137078
2.181615
1.601172
1.271826
0.434124
0.168770
0.128979
0.128979
0.119388
0.135376
-0.936389
-4.236234
-2.355434
1.109189
-0.474802
-3.305672
-2.355490
1.385584
2.246686
3.008713
4.460657
7.333621
12.834160
5.303721
2.570171
5.059679
0.027725
0.441417
1.139125
2.181615
1.601172
1.271826
0.434124
0.168770
0.128979
0.127928
0.098298
-0.151169
-3.093352
-1.636201
1.977064
1.024557
-3.043838
-3.251976
-1.546104
-0.816974
0.691056
2.443558
2.702672
2.880794
4.774820
11.889141
3.964156
4.613693
3.095386
0.197639
1.147172
2.181758
1.601172
1.271826
0.434124
0.168770
0.128979
0.117399
0.127787
-1.415278
-4.609174
3.227475
0.600454
-3.599191
-1.369192
-0.777687
-0.596781
-0.440834
-0.378520
-0.482591
-0.396901
1.000617
5.278940
5.963714
10.112725
2.722002
5.602811
0.911787
1.136171
2.179105
1.601172
1.271826
0.434124
0.168770
0.128197
0.104002
-0.226593
-2.804072
-0.954562
5.200357
-3.374197
-1.240534
-0.459160
-0.339349
-0.216265
-0.173477
-0.176089
-0.195053
-0.207044
-0.106774
2.358157
3.879898
11.153704
7.527300
3.261624
4.148669
1.136624
2.071342
1.601172
1.271826
0.434124
0.168770
0.116271
0.150235
-1.308270
-5.341120
3.354908
0.600757
-1.522734
-0.022247
-0.288880
-0.174947
-0.174428
-0.174793
-0.174806
-0.174806
-0.174671
-0.195230
-0.178559
3.380320
5.771138
8.520035
1.009799
4.211566
2.215255
1.804783
1.601172
1.271826
0.434124
0.168770
0.125206
0.119343
-2.456558
-0.357130
6.286928
-1.651668
-0.705547
-0.094023
-0.176106
-0.174672
-0.174806
-0.174806
-0.174806
-0.174806
-0.174795
-0.172728
-0.222394
0.125018
4.563897
1.660257
1.105244
-1.536299
2.295020
1.651651
1.601172
1.271826
0.434124
0.168770
0.279505
0.032992
0.682127
3.592246
4.114292
1.639673
-0.137318
-0.243535
-0.173610
-0.174806
-0.174806
-0.174806
-0.174806
-0.174806
-0.174806
-0.174825
-0.178361
-0.278754
-1.172130
-1.732928
1.693052
-1.731850
2.225891
1.666593
1.601172
1.271826
0.434124
0.168770
0.198359
0.132866
5.885244
5.411261
4.666254
2.900408
0.109932
-0.143069
-0.174610
-0.174806
-0.174806
-0.174806
-0.174806
-0.174806
-0.174806
-0.174806
-0.187983
-0.045334
-2.722932
0.035651
3.683135
-1.152067
2.070239
1.724591
1.601172
1.271826
0.434124
0.168770
0.143303
0.247990
4.670824
6.555532
6.661678
2.535554
0.753524
-0.164527
-0.173345
-0.174806
-0.174806
-0.174806
-0.174806
-0.174806
-0.174806
-0.174816
-0.177557
-0.183970
-3.310828
0.911482
5.537495
-1.688476
2.120786
1.787703
1.601172
1.271826
0.434124
0.168770
0.129853
0.200482
2.685611
5.884807
10.175895
3.247424
2.161278
-0.080134
-0.168088
-0.174798
-0.174806
-0.174806
-0.174806
-0.174806
-0.174806
-0.177136
-0.189334
-0.512825
-3.304314
-0.273331
3.562551
-0.392785
1.926947
1.916993
1.601172
1.271826
0.434124
0.168770
0.129118
0.421341
0.513123
5.992875
9.024376
3.759425
2.762325
-0.075086
-0.210128
-0.167119
-0.174433
-0.174806
-0.174806
-0.174806
-0.176255
-0.245303
0.012229
-1.118369
-6.459091
-3.243679
-1.257436
-0.012619
1.411686
2.052087
1.601172
1.271826
0.434124
0.168770
0.128979
0.237439
0.125232
6.614984
7.166421
4.990372
2.207139
1.252416
-0.565121
-0.266257
-0.162071
-0.173380
-0.174806
-0.176026
-0.273992
-0.102812
-1.020346
-5.682707
-1.628718
4.555506
-3.130040
0.125115
0.945203
2.129829
1.601172
1.271826
0.434124
0.168770
0.128979
0.160686
0.444749
3.777528
2.464859
9.835560
5.015687
0.555738
1.352723
-0.612282
-0.200473
-0.317330
-0.345499
-0.401134
-0.028093
-0.863735
-5.325578
-4.802181
3.910766
-2.755716
-1.454998
0.329797
0.998593
2.168346
1.601172
1.271826
0.434124
0.168770
0.128979
0.130196
0.329780
1.828197
2.314862
4.818897
7.029978
3.430852
-0.773187
1.614694
0.520089
0.289745
0.210075
0.347463
-0.484318
-6.835532
-6.613896
4.950472
-3.962801
-3.382158
-0.576357
0.391646
1.079597
2.180376
1.601172
1.271826
0.434124
0.168770
0.128979
0.128950
0.143370
-0.101562
3.020634
4.853391
3.252662
6.071788
9.799301
-0.992300
-2.712269
-5.274808
-4.255522
-4.227042
-6.135787
-4.732868
3.503849
-2.140545
-2.718431
-0.693584
-0.023349
0.371905
1.135613
2.181479
1.601172
1.271826
0.434124
0.168770
0.128979
0.128979
0.135311
0.099299
-0.131693
1.018533
3.407464
1.470744
6.734762
2.440929
-1.343279
-2.000886
0.709630
-1.922035
-3.780961
-3.294917
-5.383462
-3.022398
-0.543761
-0.025061
0.099127
0.450697
1.137195
2.181615
1.601172
1.271826
0.434124
0.168770
0.128979
0.128979
0.128973
0.132859
0.100448
-0.042956
0.090312
2.897307
2.244325
0.639207
0.106048
-1.694620
-2.070614
-3.841333
-2.058782
-3.140922
-2.499189
-0.595300
-0.095406
0.087781
0.137088
0.447077
1.137116
2.181615
1.601172
1.271826
0.434124
0.168770
0.128979
0.128979
0.128979
0.129052
0.131240
0.127618
0.080886
-0.171754
2.290621
1.499291
0.457877
-0.291850
-0.290294
-0.186644
0.069514
0.149823
-0.084833
-0.071806
0.088501
0.136281
0.129154
0.446873
1.137116
2.181615
1.601172
1.271826
0.434124
0.168770
0.128979
0.128979
0.128979
0.128979
0.128979
0.129410
0.137968
0.078201
-0.063940
-0.125054
-0.288378
-0.334573
-0.364640
-0.218453
-0.113862
0.023694
0.114230
0.130767
0.135843
0.129177
0.128979
0.446873
1.137116
2.181615
1.565805
1.135194
0.505776
0.261586
0.206616
0.206616
0.206616
0.206616
0.206616
0.206616
0.206693
0.207414
0.206587
0.203170
0.198801
0.198081
0.201325
0.206462
0.206880
0.206620
0.206616
0.206616
0.206616
0.206616
0.206616
0.394410
1.077603
1.870796
1.662120
1.488404
0.673507
0.416911
0.456039
0.456039
0.456039
0.456039
0.456039
0.456039
0.456039
0.456039
0.456039
0.456039
0.456039
0.456039
0.456039
0.456039
0.456039
0.456039
0.456039
0.456039
0.456039
0.456039
0.456039
0.738495
0.654989
0.324328
5.035264
-0.581957
-0.503710
-0.831937
-0.798775
-0.798775
-0.798775
-0.798775
-0.798775
-0.798775
-0.798775
-0.798775
-0.798775
-0.798775
-0.798775
-0.798775
-0.798775
-0.798775
-0.798775
-0.798775
-0.798775
-0.798775
-0.798775
-0.798775
-0.798775
-0.638300
-1.296961
-1.033290
-1.341302
-2.228093
-1.746953
-1.825980
-1.822407
-1.822407
-1.822407
-1.822407
-1.822407
-1.822407
-1.822407
-1.822407
-1.822407
-1.822407
-1.822407
-1.822407
-1.822407
-1.822407
-1.822407
-1.822407
-1.822407
-1.822407
-1.822407
-1.822407
-1.822407
-1.890415
-2.264176
-3.061049
-1.815133
-1.209538
-0.849575
-0.729084
-0.722109
-0.722109
-0.722109
-0.722109
-0.722109
-0.722109
-0.722109
-0.722109
-0.722109
-0.722109
-0.722109
-0.722109
-0.722109
-0.722109
-0.722109
-0.722109
-0.722109
-0.722109
-0.722109
-0.722109
-0.722109
-0.854649
-0.544533
-2.491434
-1.719800
-1.232981
-1.214172
-1.339285
-1.321218
-1.321218
-1.321218
-1.321218
-1.321218
-1.321218
-1.320071
-1.325132
-1.366305
-1.453776
-1.522769
-1.511145
-1.549783
-1.496463
-1.450773
-1.363366
-1.326892
-1.320619
-1.321175
-1.321218
-1.321218
-1.449482
-0.740531
-2.065914
-1.886218
-1.149908
-1.195729
-1.292845
-1.260062
-1.260062
-1.260062
-1.260062
-1.260055
-1.267847
-1.338138
-1.442552
-1.536201
-0.656451
0.690660
1.076772
0.479851
-0.471357
-0.950339
-1.449200
-1.493975
-1.392546
-1.305431
-1.267737
-1.260264
-1.422445
-0.719780
-2.133010
-1.890642
-1.136394
-1.194825
-1.292057
-1.258817
-1.258817
-1.258817
-1.262808
-1.304606
-1.438970
-1.481822
-0.293970
0.850402
1.610072
2.655544
2.676316
2.632327
1.391432
1.307316
0.840756
-0.199237
-0.931842
-1.449071
-1.301394
-1.268694
-1.419588
-0.723727
-2.141732
-1.890642
-1.136394
-1.194825
-1.292057
-1.258817
-1.258817
-1.259633
-1.287252
-1.394104
-0.527504
0.685230
2.009412
2.871218
2.797981
3.088458
2.389115
2.862650
2.876426
2.727185
2.654995
1.581372
0.032765
-0.632843
-1.384357
-1.289960
-1.427558
-0.723670
-2.141732
-1.890642
-1.136394
-1.194825
-1.292057
-1.258817
-1.258817
-1.269281
-1.461262
-0.675478
0.634870
3.036875
4.334778
2.913889
2.102728
2.639389
1.242139
1.500448
3.011217
2.318447
3.030275
3.501286
3.235259
0.014609
-1.134157
-1.401347
-1.439533
-0.726507
-2.141732
-1.890642
-1.136394
-1.194825
-1.292057
-1.258817
-1.260625
-1.336614
-1.351761
-0.202275
3.405160
3.462803
3.558753
2.571343
0.554903
-0.415128
-1.030663
-0.984677
-0.427756
-0.187814
1.146853
2.035471
3.774492
1.901133
-0.690708
-1.454140
-1.386622
-0.730826
-2.141741
-1.890642
-1.136394
-1.194825
-1.292057
-1.258817
-1.268257
-1.494042
-0.999033
1.878417
2.364097
3.385117
0.403926
-0.544738
-1.207473
-1.177957
-1.061583
-1.070467
-1.150254
-1.157967
-1.279672
0.230629
2.636606
2.970746
1.434085
-0.846854
-1.442897
-0.742448
-2.147120
-1.890642
-1.136394
-1.194825
-1.292057
-1.260622
-1.339355
-1.365382
-0.385550
3.084888
3.210167
0.726504
-0.637456
-1.266508
-1.023944
-1.012894
-1.015487
-1.017174
-1.021195
-1.040684
-1.126248
-1.236505
0.308149
3.923995
2.441318
0.537593
-1.181296
-0.780021
-2.125869
-1.890642
-1.136394
-1.194825
-1.292057
-1.265448
-1.485726
-1.120254
1.200691
2.614253
2.520717
0.083546
-1.338195
-1.004609
-1.015251
-1.018911
-1.019217
-1.019234
-1.019234
-1.018772
-1.021774
-1.228577
-0.192945
1.887868
4.123185
1.855915
-0.628247
-1.096863
-2.118798
-1.890642
-1.136394
-1.194825
-1.292057
-1.295885
-1.409667
-0.277743
2.765444
3.312315
1.752169
-0.701092
-1.152879
-1.011170
-1.019082
-1.019234
-1.019234
-1.019234
-1.019234
-1.019230
-1.018327
-1.028992
-1.357002
1.285634
2.310901
0.777741
0.079867
-1.328202
-2.100022
-1.890642
-1.136394
-1.194825
-1.292057
-1.360464
-1.363936
-0.150320
2.986643
1.176874
0.171828
-1.077306
-1.021720
-1.016939
-1.019234
-1.019234
-1.019234
-1.019234
-1.019234
-1.019234
-1.019071
-1.017174
-1.191052
0.184720
3.815707
3.444849
0.509608
-1.252352
-2.116945
-1.890642
-1.136394
-1.194825
-1.292057
-1.317698
-1.378694
-0.433300
3.412685
2.184803
0.050656
-1.013938
-1.042095
-1.019053
-1.019234
-1.019234
-1.019234
-1.019234
-1.019234
-1.019234
-1.019234
-1.019680
-1.232834
0.722119
3.019737
1.486218
0.016136
-1.189375
-2.105378
-1.890642
-1.136394
-1.194825
-1.292057
-1.263125
-1.565841
-1.031191
3.004813
2.006144
0.105691
-1.035790
-1.049512
-1.019280
-1.019234
-1.019234
-1.019234
-1.019234
-1.019234
-1.019234
-1.019166
-1.036592
-1.190856
0.966772
2.485033
3.009809
-0.294659
-1.138901
-2.104120
-1.890642
-1.136394
-1.194825
-1.292057
-1.253932
-1.517135
-1.232290
1.762450
2.406415
1.234203
-0.973710
-1.091578
-1.021214
-1.019240
-1.019234
-1.019234
-1.019234
-1.019234
-1.019234
-1.021708
-1.074747
-1.176282
0.972234
3.188528
0.582862
-0.536234
-1.072190
-2.112433
-1.890642
-1.136394
-1.194825
-1.292057
-1.257973
-1.485390
-1.271495
0.728322
2.259977
1.270359
-1.111639
-1.178622
-1.045689
-1.022566
-1.019184
-1.019234
-1.019234
-1.019234
-1.019540
-1.029124
-1.170905
-0.333619
1.406589
2.626840
0.645182
-0.632705
-0.954971
-2.121726
-1.890642
-1.136394
-1.194825
-1.292057
-1.258817
-1.342396
-1.344727
-0.778162
3.640180
1.756642
-0.936560
-1.116017
-1.147048
-1.044200
-1.024515
-1.019219
-1.019234
-1.021160
-1.029590
-1.133306
-0.387990
0.776223
3.855433
3.569852
1.506332
-1.316619
-0.907016
-2.135848
-1.890642
-1.136394
-1.194825
-1.292057
-1.258817
-1.266073
-1.549960
-1.209438
2.785074
4.302213
3.062312
-0.440935
-0.855938
-1.268175
-1.081327
-1.090716
-1.095685
-1.076763
-1.193336
-0.550244
1.027288
4.097643
5.153960
2.103728
-0.826797
-1.502407
-0.723700
-2.137326
-1.890642
-1.136394
-1.194825
-1.292057
-1.258817
-1.252961
-1.360425
-1.225147
-0.475789
2.238739
5.001972
3.125708
-0.450905
-0.502012
-0.883292
-0.648937
-0.683763
-0.787506
-0.215295
0.822573
3.535593
4.651538
2.305827
-0.734822
-1.437926
-1.449136
-0.723688
-2.141654
-1.890642
-1.136394
-1.194825
-1.292057
-1.258817
-1.257627
-1.262588
-1.444003
-1.389490
-0.706307
0.728948
4.662025
4.898733
2.100893
2.799120
3.778725
4.032076
3.203308
3.467540
4.815996
4.967152
2.252033
-0.733039
-1.459509
-1.396425
-1.411580
-0.723043
-2.141763
-1.890642
-1.136394
-1.194825
-1.292057
-1.258817
-1.258817
-1.254780
-1.281230
-1.435587
-1.445461
-0.402374
0.299865
4.166405
4.785398
1.552734
3.740310
3.774107
3.364759
2.228695
2.711869
1.750099
-0.715366
-1.428546
-1.389285
-1.245565
-1.420107
-0.723648
-2.141732
-1.890642
-1.136394
-1.194825
-1.292057
-1.258817
-1.258817
-1.258646
-1.254833
-1.266100
-1.380261
-1.593488
-0.815762
-0.507696
1.228966
1.945529
2.193612
2.416893
2.204987
0.801250
0.200899
-0.475882
-1.416674
-1.386035
-1.252523
-1.258632
-1.419483
-0.723727
-2.141732
-1.890642
-1.136394
-1.194825
-1.292057
-1.258817
-1.258817
-1.258817
-1.258890
-1.258049
-1.257445
-1.304004
-1.493761
-1.050999
-1.224007
-1.079146
-0.910161
-1.245634
-1.217796
-1.295430
-1.375996
-1.438865
-1.358998
-1.256945
-1.258083
-1.258688
-1.419455
-0.723727
-2.141732
-1.890642
-1.136394
-1.194825
-1.292057
-1.258817
-1.258817
-1.258817
-1.258817
-1.258817
-1.258819
-1.257193
-1.280330
-1.365873
-1.422857
-1.452109
-1.467959
-1.451093
-1.421635
-1.375414
-1.340706
-1.277547
-1.260809
-1.258825
-1.258783
-1.258817
-1.419455
-0.723727
-2.141732
-1.950029
-1.276707
-1.406530
-1.507581
-1.471510
-1.471510
-1.471510
-1.471510
-1.471510
-1.471510
-1.471557
-1.471618
-1.472621
-1.474363
-1.476026
-1.474632
-1.471326
-1.471108
-1.471635
-1.471512
-1.471510
-1.471510
-1.471510
-1.471510
-1.471510
-1.599349
-0.865116
-2.163982
-1.500213
-0.461659
-0.415908
-0.460666
-0.436815
-0.436815
-0.436815
-0.436815
-0.436815
-0.436815
-0.436815
-0.436815
-0.436815
-0.436815
-0.436815
-0.436815
-0.436815
-0.436815
-0.436815
-0.436815
-0.436815
-0.436815
-0.436815
-0.436815
-0.436815
-0.590772
-0.318336
-1.720611
-1.803769
-1.833490
-1.513291
-1.426876
-1.401904
-1.401904
-1.401904
-1.401904
-1.401904
-1.401904
-1.401904
-1.401904
-1.401904
-1.401904
-1.401904
-1.401904
-1.401904
-1.401904
-1.401904
-1.401904
-1.401904
-1.401904
-1.401904
-1.401904
-1.401904
-1.536188
-1.538477
-2.598106
2.753939
3.414528
2.667960
2.685184
2.722581
2.722581
2.722581
2.722581
2.722581
2.722581
2.722581
2.722581
2.722581
2.722581
2.722581
2.722581
2.722581
2.722581
2.722581
2.722581
2.722581
2.722581
2.722581
2.722581
2.722581
2.442278
3.445100
1.674940
2.076544
1.005623
0.509276
0.558421
0.573586
0.573586
0.573586
0.573586
0.573586
0.573586
0.573586
0.573586
0.573586
0.573586
0.573586
0.573586
0.573586
0.573586
0.573586
0.573586
0.573586
0.573586
0.573586
0.573586
0.573586
0.372494
0.831002
0.208341
2.068815
1.066051
0.685687
0.697185
0.711700
0.711700
0.711700
0.711700
0.711700
0.711700
0.712407
0.695909
0.638370
0.511339
-0.154557
-0.479480
-0.369797
0.177503
0.514941
0.628813
0.694080
0.710632
0.711619
0.711700
0.711700
0.467388
0.835117
0.627300
2.066121
1.086410
0.796309
0.810668
0.837011
0.837011
0.837011
0.837011
0.834841
0.799249
0.698064
0.430235
-0.034818
-0.415710
-0.221897
1.452856
0.559312
-0.043844
-0.203927
-0.145241
0.024270
0.559390
0.722931
0.808319
0.836201
0.554426
0.954747
0.751454
2.076513
1.065662
0.820914
0.833637
0.860557
0.860557
0.860557
0.837157
0.738550
0.497687
-0.097868
-0.525773
-0.017979
2.297222
1.515537
0.598166
-0.249177
0.827911
2.088022
1.349312
0.001080
0.008939
0.283878
0.688077
0.822052
0.575266
0.990786
0.781174
2.076513
1.065662
0.820914
0.833637
0.860557
0.860557
0.856836
0.749701
0.616536
-0.236328
0.175068
2.780654
-1.159718
-1.016753
-3.757280
-0.430919
-2.460850
-3.359499
-1.956001
-1.447763
-0.111731
1.332350
0.170750
0.481581
0.733221
0.560582
0.990704
0.781174
2.076513
1.065662
0.820914
0.833637
0.860557
0.860557
0.809911
0.399270
-0.669247
2.276511
-1.654977
-4.354698
-3.189413
-1.343696
-0.105933
0.332872
1.106642
0.701165
-0.183036
-2.296479
-4.341811
-4.046184
1.700706
0.271952
0.628149
0.541385
0.987954
0.781174
2.076513
1.065662
0.820914
0.833637
0.860557
0.854393
0.723701
-0.372701
0.179769
0.642466
-5.814861
-2.927041
0.728801
-0.366221
-1.227986
-0.818099
-1.067798
-1.044101
-0.021575
0.499871
1.274819
-8.020773
-1.655547
1.633337
-0.018191
0.435626
0.973160
0.781154
2.076513
1.065662
0.820914
0.833637
0.860557
0.813859
0.313529
-1.187937
1.147480
-2.141068
-2.457544
0.183592
-1.328569
-0.762806
-0.336466
-0.173037
-0.163761
-0.352605
-0.618286
-1.342379
-0.590802
1.336522
-5.743292
0.861220
0.897079
0.103662
0.996679
0.777177
2.076513
1.065662
0.820914
0.833637
0.853541
0.722965
-0.437697
0.001008
-0.154248
-5.717762
1.697543
-1.588465
-0.331627
-0.021248
0.046165
0.099322
0.105761
0.092449
0.074941
-0.172110
-1.315485
0.135732
-4.464923
-2.991633
1.536933
0.345272
0.981841
0.812609
2.076513
1.065662
0.820914
0.833637
0.818276
0.303730
-1.072275
1.136126
-2.325847
-2.217713
-0.417120
-0.400903
0.049815
0.099903
0.107995
0.108270
0.108275
0.108275
0.107986
0.072295
-0.385217
-1.297979
1.608415
-4.300246
-0.124794
1.131737
-0.231004
0.862661
2.076513
1.065662
0.820914
0.833637
0.812479
-0.316997
0.762966
1.160541
-3.846290
1.692478
-1.104172
-0.067521
0.086082
0.108147
0.108275
0.108275
0.108275
0.108275
0.108289
0.103597
0.016195
-1.235347
-0.963510
-0.519138
-0.682354
3.887387
-0.709506
0.922504
2.076513
1.065662
0.820914
0.833637
0.763357
-0.819317
2.179724
-1.658952
-0.165555
0.293749
-0.547274
0.028656
0.106095
0.108275
0.108275
0.108275
0.108275
0.108275
0.108275
0.108221
0.088876
-0.870869
-1.786855
0.528307
-1.022334
1.226597
-0.885622
0.934581
2.076513
1.065662
0.820914
0.833637
0.816884
-0.668859
1.272338
-1.754284
-3.143028
0.802300
-0.534841
0.033970
0.108194
0.108275
0.108275
0.108275
0.108275
0.108275
0.108275
0.108275
0.096415
-0.887393
-0.676157
-3.047106
0.119492
1.676455
-0.493486
0.894947
2.076513
1.065662
0.820914
0.833637
0.833817
-0.315105
0.462418
-0.012136
-1.745432
1.597189
-0.478187
0.037852
0.107805
0.108275
0.108275
0.108275
0.108275
0.108275
0.108275
0.108197
0.080200
-1.146382
-0.666964
-1.389123
0.887544
1.402623
-0.270635
0.856284
2.076513
1.065662
0.820914
0.833637
0.858358
0.172332
-0.505493
2.078601
-3.785301
2.169235
-0.878616
-0.009514
0.100292
0.108245
0.108275
0.108275
0.108275
0.108275
0.108275
0.093733
0.017043
-1.424794
-0.293211
-1.104638
-0.533730
0.906302
0.167343
0.818991
2.076513
1.065662
0.820914
0.833637
0.861103
0.554837
-1.048526
0.042898
-3.258394
1.272394
-0.511025
-0.272428
0.057213
0.098248
0.108033
0.108275
0.108275
0.108275
0.099645
0.019579
-0.409563
-2.479384
0.623829
-0.308011
1.095326
1.154499
0.636061
0.801490
2.076513
1.065662
0.820914
0.833637
0.860557
0.786503
-0.511864
1.136254
-0.712915
0.357386
0.785176
-0.779978
-0.374267
0.031923
0.090721
0.108286
0.108275
0.094663
0.027854
-0.351014
-1.767170
-0.158020
-3.051404
-7.608558
0.152911
-0.047689
0.932035
0.790788
2.076513
1.065662
0.820914
0.833637
0.860557
0.824714
-0.036172
1.009275
-0.387105
-7.414341
-1.230944
0.496408
-0.537896
-0.497126
-0.163957
0.006153
0.032385
-0.049356
-0.399613
-1.713922
0.573824
0.092180
-10.485016
-2.285602
0.113311
0.180461
1.079360
0.784397
2.076513
1.065662
0.820914
0.833637
0.860557
0.859357
0.610164
-0.159922
1.798472
-0.439350
-6.747763
0.213198
-0.310689
-0.721941
-0.704672
-1.033423
-0.779831
-0.979831
-1.833586
0.417699
-0.455930
-12.455883
-2.233822
0.295929
0.141000
0.421605
0.988918
0.780940
2.076513
1.065662
0.820914
0.833637
0.860557
0.861109
0.805151
0.655545
0.015800
1.448020
1.342510
-4.995054
-6.495083
1.332796
0.093340
0.763414
1.123840
0.901481
1.998670
0.376852
-9.716097
-3.407068
-0.000302
-0.378094
0.556165
0.509591
0.988755
0.781105
2.076513
1.065662
0.820914
0.833637
0.860557
0.860557
0.848882
0.747325
0.444495
-0.155256
0.827536
2.390076
-4.775550
-5.039309
0.734349
-2.656736
-3.066095
-3.777408
-0.185850
-2.691375
-0.998411
0.418369
-0.143782
0.551492
0.744711
0.568675
0.990869
0.781174
2.076513
1.065662
0.820914
0.833637
0.860557
0.860557
0.860630
0.858003
0.802629
0.595324
0.056685
-0.044550
1.538788
1.150599
1.141077
1.048177
0.852594
1.255041
1.569937
3.067528
0.298677
0.068549
0.477429
0.737734
0.845261
0.575494
0.990786
0.781174
2.076513
1.065662
0.820914
0.833637
0.860557
0.860557
0.860557
0.860424
0.858549
0.830225
0.692088
0.394236
0.376300
0.432364
0.828987
0.617587
0.371668
-0.131802
-0.395821
-0.311113
0.134440
0.597115
0.750595
0.848515
0.860531
0.575670
0.990786
0.781174
2.076513
1.065662
0.820914
0.833637
0.860557
0.860557
0.860557
0.860557
0.860557
0.860061
0.843407
0.769195
0.571422
0.331349
0.253843
0.176058
0.278731
0.388529
0.510730
0.644726
0.761295
0.817138
0.852111
0.860460
0.860557
0.575670
0.990786
0.781174
2.066610
0.637028
0.465917
0.497092
0.511460
0.511460
0.511460
0.511460
0.511460
0.511460
0.511327
0.509977
0.507302
0.504783
0.503199
0.504973
0.503916
0.507849
0.510869
0.511455
0.511460
0.511460
0.511460
0.511460
0.511460
0.210511
0.563199
0.544471
1.285830
0.263388
0.015900
0.123376
0.130234
0.130234
0.130234
0.130234
0.130234
0.130234
0.130234
0.130234
0.130234
0.130234
0.130234
0.130234
0.130234
0.130234
0.130234
0.130234
0.130234
0.130234
0.130234
0.130234
0.130234
-0.277564
0.406260
0.350248
3.374489
3.568143
3.274605
3.220918
3.199975
3.199975
3.199975
3.199975
3.199975
3.199975
3.199975
3.199975
3.199975
3.199975
3.199975
3.199975
3.199975
3.199975
3.199975
3.199975
3.199975
3.199975
3.199975
3.199975
3.199975
2.984406
3.634943
2.910115
-41.676941
-24.259054
-28.543491
-29.126415
-29.326914
-29.326914
-29.326914
-29.326914
-29.326914
-29.326914
-29.326914
-29.326914
-29.326914
-29.326914
-29.326914
-29.326914
-29.326914
-29.326914
-29.326914
-29.326914
-29.326914
-29.326914
-29.326914
-29.326914
-29.326914
-28.309586
-22.557648
-29.612442
-34.842442
-3.694351
-5.491684
-3.301498
-3.918316
-3.918316
-3.918316
-3.918316
-3.918316
-3.918316
-3.918316
-3.918316
-3.918316
-3.918316
-3.918316
-3.918316
-3.918316
-3.918316
-3.918316
-3.918316
-3.918316
-3.918316
-3.918316
-3.918316
-3.918316
-2.445534
-4.204544
-31.526066
-41.353638
-8.384804
-12.264992
-9.991650
-10.595947
-10.595947
-10.595947
-10.595947
-10.595947
-10.595947
-10.607235
-10.604267
-10.340828
-9.835739
-10.257763
-12.257248
-11.612198
-10.109879
-9.729454
-10.232986
-10.566956
-10.608139
-10.596741
-10.595947
-10.595947
-9.866962
-9.084606
-35.168114
-41.136101
-7.908752
-11.478722
-8.739002
-9.504707
-9.504707
-9.504707
-9.504707
-9.509239
-9.494076
-8.885918
-9.083069
-11.779457
-16.625282
-15.327839
-12.347733
-15.803131
-17.952738
-18.002190
-13.957283
-10.179909
-9.150291
-9.059151
-9.467232
-9.503967
-8.469406
-8.127655
-35.247715
-41.146240
-7.918022
-11.558475
-8.773571
-9.544456
-9.544456
-9.544456
-9.554043
-9.279160
-9.291222
-12.766869
-16.476776
-11.156204
-4.871544
-4.845642
-5.641594
-6.616158
-5.124722
-6.374367
-10.470848
-14.551590
-17.327507
-12.188972
-9.545528
-9.522560
-8.542000
-8.205536
-35.511715
-41.146240
-7.918022
-11.558475
-8.773571
-9.544456
-9.544456
-9.544945
-9.540955
-11.156326
-12.777443
-9.461395
-3.781734
-8.091125
-5.833679
-15.864109
-18.550194
-22.701368
-15.018867
-12.603703
-6.477100
-8.673256
-10.846840
-15.257408
-12.361900
-9.405182
-8.476311
-8.206360
-35.511715
-41.146240
-7.918022
-11.558475
-8.773571
-9.544456
-9.544456
-9.511993
-9.502811
-8.532524
-8.982487
-9.428905
-18.710186
-11.148697
-9.747787
-11.078712
-7.448792
-1.955593
-8.628201
-11.728943
-20.874088
-34.734955
-33.955196
-15.517128
-12.562523
-11.352741
-8.416847
-8.184116
-35.511715
-41.146240
-7.918022
-11.558475
-8.773571
-9.544456
-9.540768
-9.198364
-12.347046
-8.596691
-15.443745
-24.286348
-7.885536
-10.431465
-8.511837
-14.687531
-15.766609
-15.043919
-13.661827
-6.604248
-1.411674
-5.931408
-32.541801
-10.188675
-9.667702
-13.030254
-8.127785
-8.167538
-35.512280
-41.146240
-7.918022
-11.558475
-8.773571
-9.544456
-9.529736
-9.044930
-12.083923
-0.629734
-10.578129
-21.800320
-9.842625
-16.018135
-14.296616
-10.285088
-8.203636
-8.190865
-9.139977
-11.573181
-12.960152
-14.588425
-13.468544
-26.812380
-8.830940
-14.282555
-12.166851
-7.828514
-35.461884
-41.146240
-7.918022
-11.558475
-8.773571
-9.538780
-9.168423
-12.111603
-7.482170
-14.332802
-29.716919
-7.001030
-17.577793
-8.456211
-8.058975
-8.904869
-8.907166
-8.914661
-8.912537
-8.444054
-7.435280
-10.066704
-14.064552
-37.395950
-13.885506
-2.554806
-10.680962
-7.042366
-35.748367
-41.146240
-7.918022
-11.558475
-8.773571
-9.541252
-9.256641
-11.294075
-0.466366
-16.488052
-23.388296
-14.561909
-9.880688
-8.506805
-8.901062
-8.903637
-8.904564
-8.904556
-8.904556
-8.904644
-8.814140
-8.376686
-13.232555
-10.109455
-26.889179
-15.770039
-12.224594
-7.093361
-36.368538
-41.146240
-7.918022
-11.558475
-8.773571
-9.143753
-13.104839
-6.459503
-9.365341
-21.516911
-4.444370
-16.412727
-7.387848
-8.821594
-8.904697
-8.904556
-8.904556
-8.904556
-8.904556
-8.904644
-8.895187
-8.738525
-10.024109
-13.781059
-21.572001
-17.314892
-0.613342
-6.893837
-36.582840
-41.146240
-7.918022
-11.558475
-8.773571
-8.387459
-14.949295
2.386635
-12.186707
-22.281158
-5.179882
-13.270687
-8.184025
-8.900887
-8.904556
-8.904556
-8.904556
-8.904556
-8.904556
-8.904556
-8.904976
-8.913376
-8.754181
-15.405632
-22.607315
-27.112480
-6.249550
-9.365421
-36.158615
-41.146240
-7.918022
-11.558475
-8.773571
-8.782990
-14.697929
-0.117977
-10.461090
-21.836086
-2.763000
-12.801327
-8.218681
-8.904263
-8.904556
-8.904556
-8.904556
-8.904556
-8.904556
-8.904556
-8.904556
-8.914993
-9.164360
-12.227539
-42.107571
-32.093445
-3.209602
-8.064262
-36.415653
-41.146240
-7.918022
-11.558475
-8.773571
-9.417080
-11.689991
-7.362896
-7.847374
-20.130871
-1.808372
-13.658730
-8.033478
-8.907005
-8.904556
-8.904556
-8.904556
-8.904556
-8.904556
-8.904556
-8.905472
-8.720558
-10.296364
-12.524075
-45.469704
-40.752796
-8.473885
-7.588165
-36.584156
-41.146240
-7.918022
-11.558475
-8.773571
-9.581718
-9.135033
-15.227211
1.293617
-19.854673
1.219856
-13.820427
-7.492241
-8.914124
-8.904541
-8.904556
-8.904556
-8.904556
-8.904556
-8.904556
-8.916309
-8.254311
-12.391266
-8.822380
-27.122845
-38.399647
-9.549473
-6.519005
-36.408829
-41.146240
-7.918022
-11.558475
-8.773571
-9.551079
-7.766594
-17.608322
1.269676
-7.777695
-9.622604
-7.865078
-7.889381
-8.872025
-8.917660
-8.906265
-8.904556
-8.904556
-8.904556
-8.930214
-8.928665
-8.396587
-18.335278
-2.927361
-16.268265
-22.359192
-8.587379
-5.920685
-35.967621
-41.146240
-7.918022
-11.558475
-8.773571
-9.544456
-8.437019
-15.585075
-2.451256
-16.749149
-29.848921
-5.061371
-13.351898
-8.960331
-9.025864
-8.931015
-8.909622
-8.904556
-8.921825
-8.945259
-8.643669
-13.779549
-13.319077
-21.156853
-32.402500
-10.151131
-14.341591
-5.752953
-35.692093
-41.146240
-7.918022
-11.558475
-8.773571
-9.544456
-9.300201
-10.720551
-11.774517
-18.368603
-43.625298
-11.849945
-14.339333
-10.074455
-9.203472
-8.310051
-8.359917
-8.336746
-8.391048
-8.912445
-12.141388
-10.139744
-15.791710
-42.583733
-16.935467
-15.411293
-11.643124
-7.333191
-35.563766
-41.146240
-7.918022
-11.558475
-8.773571
-9.544456
-9.595219
-9.518425
-12.057045
-6.593327
-14.547596
-14.051655
-26.720856
-18.073435
-14.785172
-15.555641
-18.589403
-18.188276
-17.190426
-16.231884
-9.676582
-14.568443
-45.482269
-17.763550
-10.615257
-14.438332
-7.963287
-7.994781
-35.515419
-41.146240
-7.918022
-11.558475
-8.773571
-9.544456
-9.557114
-9.462818
-10.366932
-10.292725
-5.281204
-2.512856
-28.661926
-28.554516
-21.796673
-4.565952
-12.019043
-9.577900
-9.506584
-6.977730
-22.798277
-36.744938
-12.789902
-13.260056
-17.352383
-9.276955
-8.738083
-8.190857
-35.511673
-41.146240
-7.918022
-11.558475
-8.773571
-9.544456
-9.544456
-9.580593
-9.519089
-9.719337
-12.741043
-9.839371
-5.409081
-20.582741
-40.122337
-9.258820
-15.706131
-15.243366
-20.646509
-24.121536
-33.748383
-14.780190
-8.790840
-16.896374
-9.616005
-9.744781
-8.514465
-8.205956
-35.511715
-41.146240
-7.918022
-11.558475
-8.773571
-9.544456
-9.544456
-9.546978
-9.574436
-9.559387
-9.158340
-10.756157
-13.998398
-7.748524
-3.612446
1.809647
-2.666912
3.165997
4.014862
-4.342735
-4.652969
-12.957741
-15.176712
-9.799496
-9.754536
-9.523342
-8.540501
-8.205536
-35.511715
-41.146240
-7.918022
-11.558475
-8.773571
-9.544456
-9.544456
-9.544456
-9.543480
-9.545212
-9.599113
-9.222885
-10.377716
-13.534901
-12.948746
-13.198421
-16.114014
-17.476307
-19.859173
-19.754879
-16.552265
-13.855049
-9.812511
-9.722603
-9.533447
-9.545265
-8.541565
-8.205536
-35.511715
-41.146240
-7.918022
-11.558475
-8.773571
-9.544456
-9.544456
-9.544456
-9.544456
-9.544456
-9.541916
-9.547157
-9.508194
-9.085812
-9.582310
-10.381355
-10.408760
-9.822918
-9.065315
-8.803001
-8.750763
-9.279415
-9.599449
-9.531162
-9.543961
-9.544456
-8.541565
-8.205536
-35.511715
-40.011917
-7.492996
-11.048367
-8.243790
-8.934631
-8.934631
-8.934631
-8.934631
-8.934631
-8.934631
-8.933662
-8.930252
-8.921951
-8.891426
-8.856926
-8.877716
-8.942322
-8.932594
-8.931293
-8.934563
-8.934631
-8.934631
-8.934631
-8.934631
-8.934631
-7.436012
-7.612030
-34.010494
-34.188278
-6.962822
-8.666882
-7.326973
-7.876801
-7.876801
-7.876801
-7.876801
-7.876801
-7.876801
-7.876801
-7.876801
-7.876801
-7.876801
-7.876801
-7.876801
-7.876801
-7.876801
-7.876801
-7.876801
-7.876801
-7.876801
-7.876801
-7.876801
-7.876801
-6.460827
-6.024666
-33.832565
-37.617142
-29.754581
-31.376514
-30.918074
-31.168650
-31.168650
-31.168650
-31.168650
-31.168650
-31.168650
-31.168650
-31.168650
-31.168650
-31.168650
-31.168650
-31.168650
-31.168650
-31.168650
-31.168650
-31.168650
-31.168650
-31.168650
-31.168650
-31.168650
-31.168650
-29.442421
-26.022728
-30.520359
-4.453064
-3.074485
-2.072530
-1.871726
-1.883615
-1.883615
-1.883615
-1.883615
-1.883615
-1.883615
-1.883615
-1.883615
-1.883615
-1.883615
-1.883615
-1.883615
-1.883615
-1.883615
-1.883615
-1.883615
-1.883615
-1.883615
-1.883615
-1.883615
-1.883615
-1.999865
-3.265305
-2.786919
-2.097546
-0.835838
-0.401328
-0.313371
-0.258471
-0.258471
-0.258471
-0.258471
-0.258471
-0.258471
-0.258471
-0.258471
-0.258471
-0.258471
-0.258471
-0.258471
-0.258471
-0.258471
-0.258471
-0.258471
-0.258471
-0.258471
-0.258471
-0.258471
-0.258471
-0.397086
-0.811910
0.056505
-2.011585
-0.603211
0.241289
0.422862
0.486971
0.486971
0.486971
0.486971
0.486971
0.486971
0.486567
0.477523
0.428334
0.269366
-0.023466
-0.407806
-0.392846
0.029705
0.296401
0.430501
0.478719
0.485842
0.486911
0.486971
0.486971
0.263836
-0.606216
0.178527
-2.084448
-0.560530
0.412973
0.608061
0.669234
0.669234
0.669234
0.669234
0.668416
0.654799
0.574921
0.447013
0.305793
0.357512
1.354204
2.176775
2.202956
0.863711
0.252775
-0.068493
0.128467
0.416424
0.620211
0.667677
0.668992
0.467045
-0.516757
0.102406
-2.090191
-0.541632
0.460047
0.667967
0.730203
0.730203
0.730203
0.723949
0.666060
0.572932
0.424175
0.722873
1.793890
3.118735
2.670501
1.194135
0.771345
2.501276
3.399681
2.386822
1.467602
0.485548
0.402693
0.612312
0.724350
0.518505
-0.491663
0.112055
-2.090191
-0.541632
0.460047
0.667967
0.730203
0.730203
0.728940
0.692918
0.671917
0.489106
2.113034
3.186667
2.490775
-1.442583
-4.458955
-3.980955
-3.714549
-3.379738
-1.112783
0.991338
1.318714
1.197716
0.099204
0.380785
0.606015
0.518830
-0.491724
0.112055
-2.090191
-0.541632
0.460047
0.667967
0.730203
0.730203
0.715358
0.617043
0.144745
0.769638
1.238707
-2.835295
-3.886410
-2.557743
0.211420
0.904704
0.318657
-0.284346
-1.837070
-3.193260
-5.412144
-2.380292
0.105694
0.094930
0.395270
0.479300
-0.491999
0.112055
-2.090191
-0.541632
0.460047
0.667967
0.730203
0.727980
0.656389
0.300259
0.848011
-0.228895
-5.578008
-2.599122
0.798890
1.023210
0.366606
0.107920
0.377525
0.929681
1.226157
0.573956
0.131475
-3.914450
-0.299893
1.116626
-0.121599
0.281679
-0.506675
0.112135
-2.090191
-0.541632
0.460047
0.667967
0.730203
0.711238
0.540164
0.372005
-0.525115
-5.028320
-2.509853
0.873744
0.185111
0.079552
0.438288
0.730949
0.739642
0.505071
0.391347
0.289770
0.632609
1.068053
-4.203975
2.153893
0.570156
-0.030617
-0.639657
0.114202
-2.090191
-0.541632
0.460047
0.667967
0.727604
0.649958
0.301693
1.211781
-1.020036
-4.793929
0.277036
-0.282135
0.353678
0.890792
1.095184
1.137758
1.139472
1.122041
1.040907
0.723174
0.662819
0.582962
-1.290375
-2.395202
2.198301
-0.025330
-0.976933
0.132355
-2.090191
-0.541632
0.460047
0.667967
0.709254
0.547957
0.300530
-0.028404
-4.909156
-2.306468
0.125659
0.599514
1.030806
1.137809
1.137531
1.137331
1.137316
1.137316
1.137884
1.093250
0.835208
0.480187
0.799512
-3.564287
1.281378
-0.003751
-1.405658
0.155055
-2.090191
-0.541632
0.460047
0.667967
0.670377
0.304568
1.151219
0.462805
-3.340745
-0.144996
0.342979
0.828741
1.126076
1.137473
1.137316
1.137316
1.137316
1.137316
1.137332
1.136443
1.010691
0.634145
0.806428
-0.470087
-1.029734
0.124017
-1.509252
0.183260
-2.090191
-0.541632
0.460047
0.667967
0.591974
0.192093
1.092649
-3.632136
-0.977597
0.616787
0.542663
1.015302
1.138929
1.137316
1.137316
1.137316
1.137316
1.137316
1.137316
1.137540
1.129176
0.482758
0.355660
0.367854
-0.283473
0.584847
-1.336899
0.098688
-2.090191
-0.541632
0.460047
0.667967
0.643670
0.061488
1.424294
-2.691247
-1.417369
0.700386
0.473372
1.077956
1.137539
1.137316
1.137316
1.137316
1.137316
1.137316
1.137316
1.137316
1.132725
0.559797
0.727309
-1.275559
-1.430192
-0.084422
-1.213898
0.109003
-2.090191
-0.541632
0.460047
0.667967
0.713747
0.175343
1.054100
-2.197481
-3.071652
0.316715
0.467393
1.034266
1.137555
1.137316
1.137316
1.137316
1.137316
1.137316
1.137316
1.137364
1.109214
0.519015
1.082858
-1.077125
-2.306385
-0.133848
-1.331815
0.134512
-2.090191
-0.541632
0.460047
0.667967
0.731796
0.381380
0.406972
-1.225150
-4.886816
0.600523
0.506876
0.926301
1.136642
1.137318
1.137316
1.137316
1.137316
1.137316
1.137316
1.134060
1.049996
0.659408
0.639430
-0.794005
-1.571398
-0.197181
-1.344278
0.144302
-2.090191
-0.541632
0.460047
0.667967
0.730867
0.517467
0.440760
-0.011105
-4.763804
0.197339
0.342381
0.634987
1.096020
1.137661
1.137399
1.137316
1.137316
1.137316
1.136682
1.081743
1.012933
0.552038
2.266391
-0.105321
0.459274
-0.119518
-1.298983
0.134985
-2.090191
-0.541632
0.460047
0.667967
0.730203
0.619714
0.099462
0.842871
-3.895101
-1.367353
0.935344
0.134757
0.833840
1.078579
1.137466
1.137843
1.137316
1.134861
1.084192
0.990225
0.735573
1.953282
-0.469188
-3.930173
-0.718924
-0.161914
-1.026185
0.120410
-2.090191
-0.541632
0.460047
0.667967
0.730203
0.716022
0.249883
0.785301
-1.273193
-5.500030
-0.122427
1.866792
0.159588
0.699307
0.940759
1.030364
1.037448
1.012058
1.068954
0.714914
2.092216
-0.124393
-3.761546
0.133924
-0.643841
0.013731
-0.628527
0.119292
-2.090191
-0.541632
0.460047
0.667967
0.730203
0.731573
0.477272
0.250960
-0.374470
-0.192270
-4.613762
-0.963090
1.979344
0.404734
0.193578
0.387886
0.398733
0.281461
0.449994
2.092996
1.674557
-5.290473
-0.587798
-0.134073
0.092666
0.318740
-0.504525
0.113019
-2.090191
-0.541632
0.460047
0.667967
0.730203
0.730585
0.683914
0.468094
0.527610
1.163337
-0.273511
-4.030203
-4.372786
1.855754
2.639971
3.000464
2.917992
2.435050
2.070121
0.315303
-3.941364
-0.621048
-0.238635
0.005609
0.348377
0.451324
-0.491073
0.112043
-2.090191
-0.541632
0.460047
0.667967
0.730203
0.730203
0.729102
0.660380
0.367441
0.069307
0.556564
0.443768
-3.803238
-3.140059
-1.017311
-0.749691
-2.861930
-2.368353
-2.710104
-3.332434
-0.491775
-0.188213
-0.037355
0.371765
0.639677
0.518729
-0.491526
0.112055
-2.090191
-0.541632
0.460047
0.667967
0.730203
0.730203
0.730185
0.732696
0.710323
0.480927
0.160469
0.156593
-0.328165
-0.260209
-0.840593
0.127489
0.339721
0.271868
0.336588
-0.430723
-0.195106
0.109787
0.327909
0.635024
0.728569
0.518623
-0.491663
0.112055
-2.090191
-0.541632
0.460047
0.667967
0.730203
0.730203
0.730203
0.730224
0.732661
0.726745
0.600111
0.386822
0.526441
0.394917
0.454262
0.587074
0.277594
0.031363
-0.229121
-0.151628
0.112596
0.491843
0.660653
0.729778
0.730315
0.518489
-0.491663
0.112055
-2.090191
-0.541632
0.460047
0.667967
0.730203
0.730203
0.730203
0.730203
0.730203
0.730748
0.731956
0.679928
0.495539
0.259696
0.137620
0.097615
0.207746
0.379041
0.520741
0.602051
0.676813
0.725747
0.730764
0.730326
0.730203
0.518489
-0.491663
0.112055
-1.981520
-0.785108
0.174190
0.371605
0.437593
0.437593
0.437593
0.437593
0.437593
0.437593
0.437573
0.437085
0.434835
0.430635
0.426606
0.427634
0.434298
0.437226
0.437638
0.437597
0.437593
0.437593
0.437593
0.437593
0.437593
0.270971
-0.716983
0.042700
-1.973846
-0.258093
0.089743
0.201735
0.252850
0.252850
0.252850
0.252850
0.252850
0.252850
0.252850
0.252850
0.252850
0.252850
0.252850
0.252850
0.252850
0.252850
0.252850
0.252850
0.252850
0.252850
0.252850
0.252850
0.252850
0.150129
-0.365439
-0.268690
-2.885001
-0.881196
0.184142
0.250078
0.314232
0.314232
0.314232
0.314232
0.314232
0.314232
0.314232
0.314232
0.314232
0.314232
0.314232
0.314232
0.314232
0.314232
0.314232
0.314232
0.314232
0.314232
0.314232
0.314232
0.314232
0.301470
-1.017417
-1.011943
-0.593596
-1.888633
-1.663600
-1.907923
-1.915355
-1.915355
-1.915355
-1.915355
-1.915355
-1.915355
-1.915355
-1.915355
-1.915355
-1.915355
-1.915355
-1.915355
-1.915355
-1.915355
-1.915355
-1.915355
-1.915355
-1.915355
-1.915355
-1.915355
-1.915355
-1.826085
-1.371634
-3.661946
-0.127301
-0.830494
-0.444675
-0.440518
-0.435638
-0.435638
-0.435638
-0.435638
-0.435638
-0.435638
-0.435638
-0.435638
-0.435638
-0.435638
-0.435638
-0.435638
-0.435638
-0.435638
-0.435638
-0.435638
-0.435638
-0.435638
-0.435638
-0.435638
-0.435638
-0.559018
-0.440076
-2.257508
0.006163
-0.947300
-0.393199
-0.540321
-0.538050
-0.538050
-0.538050
-0.538050
-0.538050
-0.538050
-0.537818
-0.539250
-0.591380
-0.661013
-0.354397
-0.148211
-0.277247
-0.542928
-0.662118
-0.598056
-0.543762
-0.537667
-0.538022
-0.538050
-0.538050
-0.573997
-0.695155
-1.969414
-0.224764
-0.981106
-0.427296
-0.496359
-0.487108
-0.487108
-0.487108
-0.487108
-0.487176
-0.486759
-0.552729
-0.424112
-0.152696
0.355260
0.785890
0.901474
0.655485
0.292592
-0.054261
-0.104726
-0.170738
-0.506578
-0.534290
-0.484490
-0.487338
-0.564013
-0.704416
-2.138165
-0.227821
-0.951358
-0.410149
-0.479574
-0.471101
-0.471101
-0.471101
-0.470385
-0.511480
-0.432190
-0.054107
0.797633
1.296891
1.474786
-0.544113
-1.525959
-1.306154
0.123959
1.387125
0.953039
0.720479
0.183480
-0.184159
-0.538792
-0.473816
-0.543060
-0.708948
-2.137706
-0.227821
-0.951358
-0.410149
-0.479574
-0.471101
-0.471101
-0.471337
-0.505292
-0.405519
0.903276
2.048939
1.125638
0.174717
-2.168873
-3.301490
-3.669929
-3.648737
-3.042663
-1.479037
-1.150606
0.099973
-0.161385
-0.101408
-0.161906
-0.522360
-0.542558
-0.708900
-2.137706
-0.227821
-0.951358
-0.410149
-0.479574
-0.471101
-0.471101
-0.472281
-0.532991
0.711445
0.977003
-0.325650
-1.919013
-2.210774
-2.256859
-2.014399
-1.527767
-1.328569
-2.139403
-2.272398
-2.801952
-1.167101
-2.263755
-0.997948
0.314390
-0.414555
-0.592130
-0.709032
-2.137706
-0.227821
-0.951358
-0.410149
-0.479574
-0.471101
-0.471109
-0.557023
-0.297044
0.795141
-1.861478
-0.896004
-2.024545
-1.037331
-0.684597
-0.001902
-0.369601
-0.356349
-0.327975
-0.556572
-1.192690
-0.941300
-0.605442
-1.835905
0.056908
-0.118668
-0.535812
-0.714275
-2.137448
-0.227821
-0.951358
-0.410149
-0.479574
-0.471101
-0.472922
-0.608579
0.493606
-0.645661
-2.794204
-2.977398
-0.041587
-0.071918
-0.495450
-0.922967
-0.934187
-0.917226
-0.894915
-0.763090
-0.457809
-0.865353
0.050379
-1.192791
-0.539469
0.414906
-0.244535
-0.772364
-2.140308
-0.227821
-0.951358
-0.410149
-0.479574
-0.471043
-0.559177
-0.421488
0.626029
-2.206033
-2.410527
-1.243797
-0.354312
-0.836078
-0.888294
-0.805534
-0.776209
-0.777362
-0.796507
-0.852698
-0.901764
-0.732028
-1.059951
-0.164175
-1.666638
0.822810
0.157342
-0.805683
-2.145732
-0.227821
-0.951358
-0.410149
-0.479574
-0.474596
-0.577771
0.327392
-0.811197
-2.595419
-2.559500
-0.624470
-0.700809
-0.816226
-0.777490
-0.777762
-0.777952
-0.777955
-0.777955
-0.778009
-0.794157
-0.811693
-0.918235
-0.497935
-1.167743
-1.493597
-0.655640
-0.673582
-2.140142
-0.227821
-0.951358
-0.410149
-0.479574
-0.524446
-0.766574
0.155465
-1.311491
-2.277944
-1.553564
-0.428407
-0.804108
-0.782338
-0.777866
-0.777955
-0.777955
-0.777955
-0.777955
-0.777963
-0.780069
-0.826998
-1.220660
-0.584986
-0.993055
-1.054613
-0.880762
-0.619042
-2.104538
-0.227821
-0.951358
-0.410149
-0.479574
-0.531168
-1.008227
-0.784585
-1.852175
-1.729256
-1.253495
-0.856487
-0.792942
-0.778099
-0.777955
-0.777955
-0.777955
-0.777955
-0.777955
-0.777955
-0.777865
-0.783274
-1.490042
-1.551950
0.928398
0.788328
0.669750
-0.590650
-2.153579
-0.227821
-0.951358
-0.410149
-0.479574
-0.503318
-1.112242
-0.657598
-1.068077
-1.221593
-1.514206
-0.946506
-0.790636
-0.777881
-0.777955
-0.777955
-0.777955
-0.777955
-0.777955
-0.777955
-0.777955
-0.774037
-1.521747
-1.443229
1.122853
-0.371308
-0.011621
-0.504164
-2.153013
-0.227821
-0.951358
-0.410149
-0.479574
-0.480569
-1.008384
-1.107631
-2.561332
-1.801993
-1.986504
-0.925821
-0.772363
-0.778753
-0.777955
-0.777955
-0.777955
-0.777955
-0.777955
-0.777955
-0.777973
-0.764618
-1.628413
-1.156228
1.611380
-0.168823
-0.166290
-0.574999
-2.155717
-0.227821
-0.951358
-0.410149
-0.479574
-0.471513
-0.784623
-0.779323
-2.692653
-1.699170
-1.887119
-1.100393
-0.779022
-0.781952
-0.777967
-0.777955
-0.777955
-0.777955
-0.777955
-0.777955
-0.774572
-0.787378
-1.567511
-1.061810
1.341051
-0.339961
0.090934
-0.729287
-2.147546
-0.227821
-0.951358
-0.410149
-0.479574
-0.471263
-0.584277
-0.840427
-1.571426
-1.552795
-2.420204
-1.382455
-0.820876
-0.817733
-0.782718
-0.778190
-0.777955
-0.777955
-0.777955
-0.776291
-0.771713
-0.704701
-0.670067
0.415189
1.496796
-0.913858
-0.032182
-0.814717
-2.143419
-0.227821
-0.951358
-0.410149
-0.479574
-0.471101
-0.521970
-0.988132
-0.856393
-2.497520
-1.576544
-0.204365
-0.341357
-0.630775
-0.863024
-0.780737
-0.778866
-0.777955
-0.775304
-0.779286
-0.786997
-0.288841
0.976579
1.536714
-0.179667
0.386681
-0.228812
-0.832647
-2.138106
-0.227821
-0.951358
-0.410149
-0.479574
-0.471101
-0.481480
-0.685569
-0.175773
-1.463048
0.906038
-1.286559
-0.575121
-0.402802
-0.508948
-0.834716
-0.753196
-0.741708
-0.736140
-0.696588
0.002275
1.263411
1.411903
0.810253
1.137930
0.669332
-0.496130
-0.677377
-2.132651
-0.227821
-0.951358
-0.410149
-0.479574
-0.471101
-0.472429
-0.539684
-0.197003
0.254032
-0.444010
-1.752412
-1.012105
-0.620607
-0.480296
-0.501233
-0.502500
-0.652640
-0.672933
-0.405322
1.049188
3.302603
0.353983
0.152098
0.586728
0.210017
-0.551760
-0.699027
-2.137220
-0.227821
-0.951358
-0.410149
-0.479574
-0.471101
-0.471066
-0.484938
-0.592889
0.117951
0.575949
-0.486074
-0.911317
-1.659699
-1.613323
-0.503005
-0.713671
-0.105518
-0.670207
0.125322
0.866849
-0.251209
0.446099
0.469675
0.221868
-0.554703
-0.584659
-0.704353
-2.137748
-0.227821
-0.951358
-0.410149
-0.479574
-0.471101
-0.471101
-0.469766
-0.524991
-0.654259
-0.265226
0.699850
0.339392
-2.532980
-3.342838
-0.758769
-0.513850
-1.444196
-2.605991
-2.123639
-2.011390
0.048673
0.323530
0.243005
-0.515250
-0.507679
-0.541725
-0.708876
-2.137706
-0.227821
-0.951358
-0.410149
-0.479574
-0.471101
-0.471101
-0.470982
-0.470362
-0.495007
-0.600122
-0.547992
0.501825
-0.427629
-1.984905
-0.926637
-0.003030
0.500935
-0.036125
0.050581
0.046156
-0.230242
0.066861
-0.561727
-0.514320
-0.472066
-0.543080
-0.708948
-2.137706
-0.227821
-0.951358
-0.410149
-0.479574
-0.471101
-0.471101
-0.471101
-0.471078
-0.470716
-0.477822
-0.552639
-0.620851
-0.258668
0.113628
0.526279
0.774880
0.543052
0.392451
0.112945
-0.095163
-0.456032
-0.628485
-0.514489
-0.470562
-0.471088
-0.543179
-0.708948
-2.137706
-0.227821
-0.951358
-0.410149
-0.479574
-0.471101
-0.471101
-0.471101
-0.471101
-0.471101
-0.471129
-0.470349
-0.528996
-0.587206
-0.521872
-0.545615
-0.592479
-0.583954
-0.555696
-0.547098
-0.539283
-0.518117
-0.491455
-0.470798
-0.471093
-0.471101
-0.543179
-0.708948
-2.137706
-0.305479
-0.861475
-0.282898
-0.389646
-0.373886
-0.373886
-0.373886
-0.373886
-0.373886
-0.373886
-0.373862
-0.373419
-0.374399
-0.378918
-0.382832
-0.385255
-0.376412
-0.372788
-0.373686
-0.373886
-0.373886
-0.373886
-0.373886
-0.373886
-0.373886
-0.448754
-0.495140
-2.189023
0.478965
0.421645
0.507018
0.350349
0.344960
0.344960
0.344960
0.344960
0.344960
0.344960
0.344960
0.344960
0.344960
0.344960
0.344960
0.344960
0.344960
0.344960
0.344960
0.344960
0.344960
0.344960
0.344960
0.344960
0.344960
0.331910
0.622821
-1.815008
-0.607298
-0.923287
-0.810862
-1.110638
-1.094320
-1.094320
-1.094320
-1.094320
-1.094320
-1.094320
-1.094320
-1.094320
-1.094320
-1.094320
-1.094320
-1.094320
-1.094320
-1.094320
-1.094320
-1.094320
-1.094320
-1.094320
-1.094320
-1.094320
-1.094320
-1.103422
-0.603623
-2.687785
-2.974748
-6.973840
-7.552933
-7.433895
-7.341543
-7.341543
-7.341543
-7.341543
-7.341543
-7.341543
-7.341543
-7.341543
-7.341543
-7.341543
-7.341543
-7.341543
-7.341543
-7.341543
-7.341543
-7.341543
-7.341543
-7.341543
-7.341543
-7.341543
-7.341543
-7.696896
-7.145330
-2.852638
-5.284575
-3.206252
-2.284378
-2.071848
-1.877555
-1.877555
-1.877555
-1.877555
-1.877555
-1.877555
-1.877555
-1.877555
-1.877555
-1.877555
-1.877555
-1.877555
-1.877555
-1.877555
-1.877555
-1.877555
-1.877555
-1.877555
-1.877555
-1.877555
-1.877555
-2.287839
-2.922201
-1.545220
-4.820393
-1.781150
-2.290985
-2.335476
-2.209616
-2.209616
-2.209616
-2.209616
-2.209616
-2.209616
-2.208053
-2.235184
-2.180082
-2.242747
-1.942400
-2.059414
-1.854171
-2.101720
-2.249419
-2.219456
-2.228607
-2.210787
-2.209651
-2.209616
-2.209616
-2.511043
-1.737461
-1.992036
-4.980458
-1.748540
-2.348294
-2.367094
-2.232166
-2.232166
-2.232166
-2.232166
-2.233793
-2.256004
-2.195835
-2.233695
-1.842928
-2.584273
0.530040
2.825138
1.678724
-1.027227
-1.704893
-1.833807
-2.215997
-2.254415
-2.216481
-2.249646
-2.232635
-2.479287
-1.643005
-2.201452
-4.944895
-1.672123
-2.302824
-2.312744
-2.174656
-2.174656
-2.174656
-2.193780
-2.142884
-2.153434
-1.601475
-2.775657
-0.299824
1.308697
2.864482
2.034285
0.880053
2.901308
2.654883
2.377122
-0.762940
-2.291947
-2.316156
-2.141777
-2.187872
-2.421928
-1.611605
-2.128529
-4.944895
-1.672123
-2.302824
-2.312744
-2.174656
-2.174656
-2.177131
-2.141287
-2.198796
-3.156103
-0.914353
3.665938
3.745121
3.309512
7.316899
6.109824
5.490090
7.019249
2.441965
1.198068
1.778008
2.244951
-0.196542
-2.741584
-2.129059
-2.434109
-1.611635
-2.128529
-4.944895
-1.672123
-2.302824
-2.312744
-2.174656
-2.174656
-2.196610
-2.145379
-2.131745
1.621657
5.776545
2.385642
8.144901
8.027498
3.233410
0.880670
-0.341731
2.185447
2.163595
7.425041
3.812123
11.074953
5.054760
-1.477773
-2.647320
-2.413379
-1.617128
-2.128529
-4.944895
-1.672123
-2.302824
-2.312744
-2.174656
-2.180239
-2.122876
-2.513778
1.235120
8.499097
7.327778
7.687686
3.587484
0.610084
-2.739596
-2.566280
-2.871786
-2.780207
-1.741890
0.197891
2.604451
1.494849
5.159124
2.456831
-2.648234
-2.427904
-1.628910
-2.129480
-4.944895
-1.672123
-2.302824
-2.312744
-2.174656
-2.196517
-2.226028
-2.460654
2.925075
8.218166
8.580177
-1.521005
-3.358253
-3.066313
-2.432040
-2.737291
-2.698884
-2.668272
-2.599360
-3.646335
0.024857
7.284369
2.732355
6.922262
-0.433443
-3.295548
-1.725508
-2.148817
-4.944895
-1.672123
-2.302824
-2.312744
-2.181254
-2.132401
-2.445705
1.527535
4.731661
6.717912
5.094780
-2.164531
-3.174920
-2.767125
-2.547925
-2.513185
-2.492229
-2.454346
-2.514785
-2.723439
-4.513575
2.160069
9.481934
5.773980
5.034492
-1.393473
-2.175463
-2.159779
-4.944895
-1.672123
-2.302824
-2.312744
-2.203618
-2.199757
-2.476709
2.687395
6.531399
9.137335
0.001095
-3.615336
-2.735185
-2.510188
-2.485746
-2.482847
-2.482730
-2.482730
-2.486775
-2.459351
-3.132957
-1.277128
5.186052
4.746325
4.773273
3.765312
-2.468023
-2.143414
-4.944895
-1.672123
-2.302824
-2.312744
-2.220148
-2.083228
1.617295
6.291929
7.196831
7.187204
-2.509879
-3.067456
-2.550251
-2.483782
-2.482730
-2.482730
-2.482730
-2.482730
-2.482647
-2.493250
-2.437732
-3.649864
-0.534662
3.543570
3.147090
6.859228
-2.707207
-2.201231
-4.944895
-1.672123
-2.302824
-2.312744
-2.382250
-1.841033
2.646068
3.297203
5.951884
0.144582
-2.790386
-2.848239
-2.494634
-2.482730
-2.482730
-2.482730
-2.482730
-2.482730
-2.482730
-2.484127
-2.491650
-2.526714
-1.972357
7.678968
3.958663
3.314027
-2.667405
-2.373024
-4.944895
-1.672123
-2.302824
-2.312744
-2.242687
-1.699012
1.150248
2.024000
6.463559
1.024098
-2.676907
-2.759045
-2.483946
-2.482730
-2.482730
-2.482730
-2.482730
-2.482730
-2.482730
-2.482730
-2.503613
-2.489300
0.236218
7.128647
3.332918
2.126095
-2.432690
-2.345174
-4.944895
-1.672123
-2.302824
-2.312744
-2.187004
-2.034003
-0.278370
2.979508
6.375278
3.138869
-2.591510
-2.760021
-2.480111
-2.482730
-2.482730
-2.482730
-2.482730
-2.482730
-2.482730
-2.482887
-2.569527
-2.355513
1.391458
5.357134
4.690248
1.455674
-2.427962
-2.263680
-4.944895
-1.672123
-2.302824
-2.312744
-2.177845
-2.082596
-2.121224
3.737525
1.859334
5.329988
-2.226366
-2.960742
-2.487267
-2.482789
-2.482730
-2.482730
-2.482730
-2.482730
-2.482730
-2.516021
-2.739062
-2.303159
2.973119
7.106788
1.170333
0.018173
-2.141850
-2.214725
-4.944895
-1.672123
-2.302824
-2.312744
-2.174336
-2.299438
-2.487920
1.032072
-3.835639
5.082829
-1.211646
-3.185591
-2.453689
-2.481220
-2.481736
-2.482730
-2.482730
-2.482730
-2.500411
-2.640851
-2.882888
-2.135937
2.549523
8.027259
0.476272
-1.176340
-2.136532
-2.209147
-4.944895
-1.672123
-2.302824
-2.312744
-2.174656
-2.238243
-1.761055
2.332469
1.025380
9.111723
0.110638
-3.418085
-2.907492
-2.356678
-2.477525
-2.479070
-2.482730
-2.513331
-2.590840
-2.556647
-2.273489
1.415662
10.209486
6.844671
4.787829
-1.397184
-2.229421
-2.161090
-4.944895
-1.672123
-2.302824
-2.312744
-2.174656
-2.187406
-2.267951
-0.600822
5.812456
4.038227
6.687555
-0.051531
-1.473845
-3.175797
-2.621948
-2.580317
-2.612284
-2.650726
-2.624783
-3.974634
1.004522
8.605328
5.315081
5.504696
-0.781115
-2.120431
-1.800062
-2.140618
-4.944895
-1.672123
-2.302824
-2.312744
-2.174656
-2.174499
-2.243356
-1.980116
-0.277527
3.429961
4.036485
7.371471
2.772618
-0.938261
-1.906265
-0.748056
-0.501904
-0.832936
-1.839142
0.239855
7.074140
2.483774
8.312151
-1.129227
-3.429835
-2.551330
-1.667517
-2.131848
-4.944895
-1.672123
-2.302824
-2.312744
-2.174656
-2.174131
-2.190858
-1.967272
-3.456716
-1.553010
1.076489
3.054627
5.931785
6.130890
3.579393
7.676786
7.705940
7.728453
6.363276
11.690069
4.266807
6.389466
-0.582013
-3.334747
-2.421146
-2.371910
-1.629051
-2.128762
-4.944895
-1.672123
-2.302824
-2.312744
-2.174656
-2.174656
-2.187874
-2.150671
-2.173155
-2.642800
-2.761068
-0.637062
2.361974
5.061508
1.150705
1.965728
2.999637
3.473747
2.205998
3.799146
2.583737
-1.717616
-3.563331
-2.215884
-2.161462
-2.432456
-1.611793
-2.128529
-4.944895
-1.672123
-2.302824
-2.312744
-2.174656
-2.174656
-2.174603
-2.180315
-2.180806
-2.226265
-2.443784
-3.088817
-3.902337
2.444645
2.391360
3.697103
2.624238
3.098198
2.362954
2.277519
-0.227624
-2.257205
-2.282580
-2.160004
-2.192391
-2.422112
-1.611605
-2.128529
-4.944895
-1.672123
-2.302824
-2.312744
-2.174656
-2.174656
-2.174656
-2.174860
-2.178878
-2.178815
-2.171201
-2.153798
-2.944976
-2.780373
-1.761755
-3.268676
-3.464141
-3.312419
-2.834579
-2.858705
-2.160637
-1.928322
-2.167020
-2.191480
-2.175008
-2.421399
-1.611605
-2.128529
-4.944895
-1.672123
-2.302824
-2.312744
-2.174656
-2.174656
-2.174656
-2.174656
-2.174656
-2.175839
-2.191971
-2.152761
-2.227546
-2.442641
-2.387166
-2.546247
-2.456465
-2.419775
-2.326471
-2.292111
-2.214879
-2.153048
-2.189060
-2.175167
-2.174656
-2.421399
-1.611605
-2.128529
-5.209599
-1.725015
-2.371933
-2.341039
-2.215539
-2.215539
-2.215539
-2.215539
-2.215539
-2.215539
-2.215729
-2.217557
-2.216708
-2.214265
-2.218625
-2.213417
-2.207859
-2.218338
-2.216712
-2.215560
-2.215539
-2.215539
-2.215539
-2.215539
-2.215539
-2.576724
-1.767439
-2.302795
-5.582380
-2.625674
-1.299022
-1.322173
-1.171274
-1.171274
-1.171274
-1.171274
-1.171274
-1.171274
-1.171274
-1.171274
-1.171274
-1.171274
-1.171274
-1.171274
-1.171274
-1.171274
-1.171274
-1.171274
-1.171274
-1.171274
-1.171274
-1.171274
-1.171274
-1.431177
-2.702506
-1.275911
-5.133001
-4.306002
-4.971942
-5.265899
-5.128303
-5.128303
-5.128303
-5.128303
-5.128303
-5.128303
-5.128303
-5.128303
-5.128303
-5.128303
-5.128303
-5.128303
-5.128303
-5.128303
-5.128303
-5.128303
-5.128303
-5.128303
-5.128303
-5.128303
-5.128303
-5.309218
-4.566415
-1.130984
8.089928
5.353580
3.458635
3.357203
3.333467
3.333467
3.333467
3.333467
3.333467
3.333467
3.333467
3.333467
3.333467
3.333467
3.333467
3.333467
3.333467
3.333467
3.333467
3.333467
3.333467
3.333467
3.333467
3.333467
3.333467
3.798302
4.560697
7.072496
4.635923
2.284982
1.500319
1.617673
1.565100
1.565100
1.565100
1.565100
1.565100
1.565100
1.565100
1.565100
1.565100
1.565100
1.565100
1.565100
1.565100
1.565100
1.565100
1.565100
1.565100
1.565100
1.565100
1.565100
1.565100
1.821167
2.149023
4.598017
0.921005
0.816163
-0.177997
-0.316911
-0.474302
-0.474302
-0.474302
-0.474302
-0.474302
-0.474302
-0.474936
-0.471970
-0.394857
-0.154293
-0.307086
-0.830898
-0.705260
-0.156275
-0.198914
-0.352250
-0.457567
-0.472987
-0.474256
-0.474302
-0.474302
-0.102468
1.433255
-0.059214
0.550447
0.848312
-0.387423
-0.482008
-0.632394
-0.632394
-0.632394
-0.632394
-0.633141
-0.629525
-0.465793
-0.390144
-0.623919
-0.732241
-1.426567
0.158337
-0.692266
-0.533758
-1.105019
-1.132010
-0.620248
-0.399960
-0.530300
-0.629761
-0.632250
-0.313802
1.305316
-0.232895
0.546807
0.762539
-0.552015
-0.661292
-0.813109
-0.813109
-0.813109
-0.814051
-0.707659
-0.381975
-0.706745
-0.916309
-0.882850
-0.431478
2.022945
7.141811
4.550386
0.562404
-1.732778
-0.982381
-0.382598
-0.252672
-0.608885
-0.611200
-0.800697
-0.467966
1.172568
-0.393634
0.546807
0.762539
-0.552015
-0.661292
-0.813109
-0.813109
-0.814401
-0.737650
-0.290494
0.080609
-0.578466
1.239352
5.716304
6.107476
7.434443
6.397619
6.586035
6.903574
2.816460
5.775682
2.168682
2.145875
-0.090014
-0.700616
-0.668172
-0.469084
1.172643
-0.393634
0.546807
0.762539
-0.552015
-0.661292
-0.813109
-0.813109
-0.814835
-0.469107
-0.805311
0.987097
4.874283
6.802881
8.026892
4.975311
2.482774
2.512565
1.357515
2.107801
4.035406
5.892712
7.368282
5.198164
-0.632248
-1.491944
-0.749437
-0.453717
1.171790
-0.393634
0.546807
0.762539
-0.552015
-0.661292
-0.813109
-0.813892
-0.684158
-0.085054
0.384258
1.931093
2.670193
9.024391
2.509010
0.623587
-1.222932
-1.669708
-1.683990
-1.085625
0.660367
2.366699
3.809025
13.188660
0.223790
-0.839080
-0.999854
-0.312442
1.188627
-0.393711
0.546807
0.762539
-0.552015
-0.661292
-0.813109
-0.804646
-0.438205
-0.893567
0.802834
1.575111
5.924362
-0.214313
-0.645153
-1.218065
-0.505746
-0.222939
-0.211997
-0.402387
-1.019491
-1.225108
-0.447710
-2.659828
9.915457
0.984419
-1.537315
-0.379438
1.245409
-0.381096
0.546807
0.762539
-0.552015
-0.661292
-0.813400
-0.664142
-0.091713
-0.057173
3.227142
8.077349
0.452007
-1.401785
-0.447794
-0.115539
-0.247270
-0.228065
-0.223701
-0.216175
-0.122219
0.039212
0.783709
0.254610
10.073147
2.687729
0.212125
-1.191220
1.258596
-0.396825
0.546807
0.762539
-0.552015
-0.661292
-0.795959
-0.428342
-0.647046
0.940357
1.017534
1.586563
-0.766727
-0.363878
-0.271504
-0.227011
-0.218565
-0.217914
-0.217888
-0.217888
-0.218174
-0.197490
0.132626
0.263207
-0.151667
7.534649
-0.539114
-2.296685
1.159786
-0.387515
0.546807
0.762539
-0.552015
-0.661292
-0.702982
-0.368961
-1.191967
1.293267
3.244850
0.327658
-0.834124
-0.189872
-0.238414
-0.218274
-0.217888
-0.217888
-0.217888
-0.217888
-0.217875
-0.215833
-0.164249
0.320816
-0.422985
2.536897
3.880939
0.417181
1.924817
-0.409032
0.546807
0.762539
-0.552015
-0.661292
-0.601800
-0.303807
0.145334
2.225736
3.829374
1.659062
-0.953529
-0.256329
-0.221594
-0.217888
-0.217888
-0.217888
-0.217888
-0.217888
-0.217888
-0.218202
-0.221621
-0.041451
0.859208
3.705620
-3.335495
-0.228611
1.240246
-0.294325
0.546807
0.762539
-0.552015
-0.661292
-0.629346
-0.212155
-0.094454
1.430209
0.557835
2.410237
-1.144633
-0.221209
-0.218208
-0.217888
-0.217888
-0.217888
-0.217888
-0.217888
-0.217888
-0.217888
-0.223417
0.146482
1.103054
5.940278
4.660625
0.354137
1.422626
-0.352497
0.546807
0.762539
-0.552015
-0.661292
-0.771731
-0.277302
-1.548395
3.458395
0.529499
2.425015
-1.082656
-0.226929
-0.217992
-0.217888
-0.217888
-0.217888
-0.217888
-0.217888
-0.217888
-0.217958
-0.196555
0.056267
1.072202
1.709579
0.880356
-0.498653
1.510092
-0.389470
0.546807
0.762539
-0.552015
-0.661292
-0.813897
-0.439373
-0.137741
-0.896194
4.724377
1.175261
-1.050320
-0.231219
-0.224795
-0.217916
-0.217888
-0.217888
-0.217888
-0.217888
-0.217888
-0.227129
-0.152397
0.037487
2.243747
0.530937
2.061537
-1.286963
1.431402
-0.403623
0.546807
0.762539
-0.552015
-0.661292
-0.813732
-0.586280
0.151579
0.680334
3.801916
1.567833
-0.426760
-0.349890
-0.223647
-0.223249
-0.218157
-0.217888
-0.217888
-0.217888
-0.223878
-0.268217
0.054763
0.698654
1.748793
1.833953
2.224426
-2.176833
1.470238
-0.398022
0.546807
0.762539
-0.552015
-0.661292
-0.813109
-0.626179
-0.081188
-0.300670
2.479345
5.310139
1.476429
-0.600559
-0.224800
-0.253613
-0.228491
-0.218222
-0.217888
-0.225889
-0.257647
-0.079576
0.336743
0.211888
2.133292
12.330276
-0.573044
-1.625299
1.467114
-0.382902
0.546807
0.762539
-0.552015
-0.661292
-0.813109
-0.768316
-0.118623
-1.314814
2.442377
13.173130
4.693351
1.986382
0.001433
-0.221105
-0.348938
-0.283092
-0.261419
-0.306709
-0.043272
0.692859
0.632206
2.994038
17.200077
-0.779258
-1.622258
-0.473478
1.309803
-0.399990
0.546807
0.762539
-0.552015
-0.661292
-0.813109
-0.812107
-0.567755
-0.259874
-0.201727
0.523855
10.173962
4.074999
0.691024
-0.569926
-1.321805
-1.798939
-1.858053
-1.644759
-0.210053
0.964144
-1.861687
19.909040
1.321800
-1.835938
-1.271194
-0.281222
1.188547
-0.393112
0.546807
0.762539
-0.552015
-0.661292
-0.813109
-0.813256
-0.736391
-0.505388
-0.751781
-0.706523
2.259208
5.830488
10.356091
2.646154
0.395935
0.898730
0.831183
0.626378
3.479208
3.552225
16.653484
2.374951
-0.932159
-1.273759
-0.431822
-0.463392
1.168095
-0.393471
0.546807
0.762539
-0.552015
-0.661292
-0.813109
-0.813109
-0.817601
-0.770415
-0.400011
-0.509884
-0.471777
0.503368
6.618095
1.601418
4.078886
-1.684615
2.970039
2.113396
1.956460
6.217089
-1.505702
-1.147825
-1.330648
-0.379099
-0.749194
-0.477194
1.172489
-0.393634
0.546807
0.762539
-0.552015
-0.661292
-0.813109
-0.813109
-0.813010
-0.817574
-0.840244
-0.466093
-0.203848
-1.433432
-0.913416
3.737961
2.461514
1.048584
2.959472
3.040497
0.057234
0.348101
-1.229876
-1.254176
-0.432174
-0.751377
-0.819559
-0.468321
1.172568
-0.393634
0.546807
0.762539
-0.552015
-0.661292
-0.813109
-0.813109
-0.813109
-0.813213
-0.817458
-0.844422
-0.659702
-0.451053
-0.880213
-1.365498
-1.387273
-2.398679
-1.781011
-2.070964
-1.575981
-1.152267
-0.701880
-0.467773
-0.776958
-0.820521
-0.813367
-0.467828
1.172568
-0.393634
0.546807
0.762539
-0.552015
-0.661292
-0.813109
-0.813109
-0.813109
-0.813109
-0.813109
-0.814037
-0.831207
-0.829763
-0.552376
-0.760124
-1.021679
-1.027428
-0.949322
-0.770427
-0.590046
-0.600700
-0.778850
-0.861220
-0.821058
-0.813373
-0.813109
-0.467828
1.172568
-0.393634
1.110725
0.845041
-0.300316
-0.367639
-0.483478
-0.483478
-0.483478
-0.483478
-0.483478
-0.483478
-0.483486
-0.483725
-0.483915
-0.480864
-0.473297
-0.473665
-0.486789
-0.484447
-0.483639
-0.483485
-0.483478
-0.483478
-0.483478
-0.483478
-0.483478
-0.089379
1.397598
0.401918
3.488615
1.464915
0.052349
0.070489
0.010703
0.010703
0.010703
0.010703
0.010703
0.010703
0.010703
0.010703
0.010703
0.010703
0.010703
0.010703
0.010703
0.010703
0.010703
0.010703
0.010703
0.010703
0.010703
0.010703
0.010703
0.323614
2.817834
2.950026
8.584595
7.086412
6.118799
5.590751
5.559645
5.559645
5.559645
5.559645
5.559645
5.559645
5.559645
5.559645
5.559645
5.559645
5.559645
5.559645
5.559645
5.559645
5.559645
5.559645
5.559645
5.559645
5.559645
5.559645
5.559645
6.150633
6.094246
9.784088
-3.853043
-4.276748
-8.344912
-7.636542
-7.871825
-7.871825
-7.871825
-7.871825
-7.871825
-7.871825
-7.871825
-7.871825
-7.871825
-7.871825
-7.871825
-7.871825
-7.871825
-7.871825
-7.871825
-7.871825
-7.871825
-7.871825
-7.871825
-7.871825
-7.871825
-7.038416
-7.299659
-5.278679
-3.617305
-3.152823
-6.846881
-5.814020
-6.461163
-6.461163
-6.461163
-6.461163
-6.461163
-6.461163
-6.461163
-6.461163
-6.461163
-6.461163
-6.461163
-6.461163
-6.461163
-6.461163
-6.461163
-6.461163
-6.461163
-6.461163
-6.461163
-6.461163
-6.461163
-5.284848
-2.781754
-1.431399
-8.233333
-8.388047
-9.469091
-7.369350
-7.714941
-7.714941
-7.714941
-7.714941
-7.714941
-7.714941
-7.727583
-7.652581
-7.306241
-6.400819
-5.223319
-2.519413
-3.831885
-5.794844
-6.491773
-7.306421
-7.643852
-7.717422
-7.714968
-7.714941
-7.714941
-6.818742
-8.851996
-5.760836
-8.383821
-7.814389
-8.922843
-6.975542
-7.452681
-7.452681
-7.452681
-7.452681
-7.454349
-7.353576
-6.676695
-5.660171
-5.117020
-2.009526
-4.786864
-8.378936
-7.081774
-2.734421
-3.079320
-3.724744
-4.616138
-6.293773
-6.962759
-7.371652
-7.450969
-6.356948
-8.847166
-6.294700
-8.404086
-7.908211
-9.083900
-7.160972
-7.635859
-7.635859
-7.635859
-7.581960
-7.166889
-6.106925
-5.725126
-1.606182
0.850220
-0.828333
-0.267818
4.869254
6.696909
3.917086
-1.774279
-1.995932
-2.185404
-5.438396
-6.740343
-7.021809
-7.525299
-6.547661
-9.034734
-6.597915
-8.404086
-7.908211
-9.083900
-7.160972
-7.635859
-7.635859
-7.628785
-7.191839
-7.492478
-4.875491
-1.998066
-1.014081
11.707942
9.744023
3.818222
7.986218
4.144374
-0.400742
-0.193799
12.795545
6.152867
-6.743033
-8.724021
-5.818885
-7.057806
-6.458615
-9.034737
-6.597915
-8.404086
-7.908211
-9.083900
-7.160972
-7.635859
-7.635859
-7.471696
-6.439325
-4.284329
-6.065596
14.466399
9.634404
10.168321
2.508378
8.713609
-2.915146
1.743484
4.487439
7.324368
6.014673
10.550504
-0.858057
1.847496
-3.862272
-5.808868
-6.177481
-9.009044
-6.597915
-8.404086
-7.908211
-9.083900
-7.160972
-7.635859
-7.616204
-6.889914
-5.889044
-3.470738
5.638717
7.898751
12.415740
4.230933
-5.982747
-2.748968
-4.053596
-3.424231
-5.007349
-4.897851
-3.625251
5.284085
15.856618
2.616037
-2.705750
-3.171181
-5.129273
-8.886756
-6.597990
-8.404086
-7.908211
-9.083900
-7.160972
-7.635859
-7.472336
-5.747646
-3.697106
3.638656
5.019121
12.607528
-5.887492
-0.915657
-3.617007
-4.800076
-5.114578
-5.094955
-4.234453
-3.348499
-0.809109
-3.579011
4.526745
10.190034
4.848123
-3.224734
-3.906985
-8.359537
-6.561790
-8.404086
-7.908211
-9.083900
-7.160972
-7.611398
-6.868459
-5.086018
-2.098791
11.653811
2.098197
0.332723
-5.278277
-2.880217
-5.354092
-6.621643
-6.934477
-7.001378
-7.055972
-6.740334
-4.638203
-1.905439
-1.415754
8.934518
9.715381
5.550972
-2.604388
-7.327617
-6.706307
-8.404086
-7.908211
-9.083900
-7.160972
-7.492656
-5.904870
-3.714805
3.628069
3.529601
8.346732
-7.206116
-3.725390
-5.922423
-6.940796
-6.997909
-7.002864
-7.003080
-7.003080
-7.004686
-6.866968
-4.713121
-5.884505
2.969193
6.730491
4.378851
-10.768024
-6.809532
-6.808589
-8.404086
-7.908211
-9.083900
-7.160972
-7.146976
-6.041805
-6.300026
6.469768
0.647934
1.324352
-7.174672
-4.241796
-6.804646
-7.001595
-7.003080
-7.003080
-7.003080
-7.003080
-7.003394
-7.018698
-6.361936
-1.757860
-3.752429
10.233914
2.216751
-11.076562
-7.519429
-6.917255
-8.404086
-7.908211
-9.083900
-7.160972
-6.787931
-5.611676
-3.115319
3.297619
8.949592
-3.953238
-4.767704
-5.656157
-6.983103
-7.003080
-7.003080
-7.003080
-7.003080
-7.003080
-7.003080
-7.001434
-6.999392
-2.038676
-6.274883
9.531404
-3.746872
-6.171913
-7.794671
-6.815270
-8.404086
-7.908211
-9.083900
-7.160972
-7.081376
-5.812312
0.437053
5.250121
3.607435
-1.211069
-4.414158
-6.235828
-7.001838
-7.003080
-7.003080
-7.003080
-7.003080
-7.003080
-7.003080
-7.003080
-6.929859
-3.092258
-10.457751
6.030432
-4.633419
-3.548722
-7.355559
-6.952790
-8.404086
-7.908211
-9.083900
-7.160972
-7.478943
-4.952605
-0.879719
13.754277
-2.360572
-4.879356
-5.751132
-5.810905
-7.009696
-7.003080
-7.003080
-7.003080
-7.003080
-7.003080
-7.003080
-7.002783
-6.727738
-2.129592
-6.840454
8.882337
-2.797390
-5.891594
-7.079586
-6.956684
-8.404086
-7.908211
-9.083900
-7.160972
-7.669715
-5.250399
-6.562546
10.379106
-3.166552
5.898049
-6.581139
-4.384828
-7.002710
-7.003047
-7.003080
-7.003080
-7.003080
-7.003080
-7.003080
-6.930847
-5.701497
-2.383996
-5.563425
6.591784
2.973793
-5.236226
-6.770464
-6.848518
-8.404086
-7.908211
-9.083900
-7.160972
-7.644827
-5.865427
-7.157828
8.390416
-2.287786
11.742711
-7.465380
-3.039444
-6.789292
-7.013171
-7.004428
-7.003080
-7.003080
-7.003080
-6.973830
-6.110644
-4.856064
-1.349422
4.080218
0.396439
1.722909
-9.368144
-6.870109
-6.723867
-8.404086
-7.908211
-9.083900
-7.160972
-7.635859
-6.798642
-8.016325
-0.157045
3.379622
4.869496
-4.115046
-0.743620
-5.171065
-6.786450
-7.024283
-7.012645
-7.003080
-6.941019
-6.262081
-5.312966
-4.717552
2.875483
3.070003
8.568944
-0.426067
-9.411470
-7.049468
-6.626220
-8.404086
-7.908211
-9.083900
-7.160972
-7.635859
-7.433755
-6.016962
-4.354816
5.664073
4.947406
-0.155726
0.904861
-4.640942
-4.108090
-5.390477
-6.052872
-6.260674
-5.831070
-5.544851
-2.102046
0.952026
4.594396
0.917706
4.544408
-6.862989
-8.871384
-8.237517
-6.618207
-8.404086
-7.908211
-9.083900
-7.160972
-7.635859
-7.685079
-6.835222
-9.360176
-8.221952
2.820297
0.884095
5.279374
-0.550529
-3.742736
-1.360530
-2.541506
-3.234758
-1.732622
-0.715994
4.277116
-1.329680
12.288775
2.343776
-3.606860
-6.039257
-5.101407
-8.730207
-6.594951
-8.404086
-7.908211
-9.083900
-7.160972
-7.635859
-7.648140
-7.332683
-8.080417
-5.150961
-5.318628
-2.007835
8.558025
1.941657
0.064541
-1.878992
-5.699205
-4.877826
-5.042971
-5.679484
4.520952
6.156571
5.390120
-3.831311
-7.766973
-5.729159
-6.277181
-8.998563
-6.597342
-8.404086
-7.908211
-9.083900
-7.160972
-7.635859
-7.635859
-7.637102
-7.309829
-6.151081
-6.003565
-6.487431
-3.846599
10.072839
-10.805943
5.673847
0.735823
3.169340
-0.020890
-5.305991
3.791109
7.632821
-1.352844
-6.619314
-6.359596
-7.464814
-6.491153
-9.035046
-6.597915
-8.404086
-7.908211
-9.083900
-7.160972
-7.635859
-7.635859
-7.637599
-7.660690
-7.458432
-6.240049
-6.757478
-6.764183
-5.625443
3.704660
-1.965783
2.887116
3.190876
2.244920
-7.153189
-6.525181
-10.724480
-7.625329
-5.932290
-7.424691
-7.580048
-6.547161
-9.034734
-6.597915
-8.404086
-7.908211
-9.083900
-7.160972
-7.635859
-7.635859
-7.635859
-7.634785
-7.639643
-7.613544
-6.869391
-6.836040
-6.639532
-8.004712
-10.383385
-7.118808
-7.203709
-7.160421
-7.841188
-6.115799
-7.830448
-7.221989
-7.414435
-7.588076
-7.636069
-6.549359
-9.034734
-6.597915
-8.404086
-7.908211
-9.083900
-7.160972
-7.635859
-7.635859
-7.635859
-7.635859
-7.635859
-7.634130
-7.619403
-7.388144
-6.565526
-5.224929
-5.011414
-4.853068
-5.082873
-5.444260
-6.050287
-6.502406
-7.164270
-7.604487
-7.593570
-7.635075
-7.635859
-6.549359
-9.034734
-6.597915
-7.153875
-6.818565
-7.238113
-5.483252
-5.922288
-5.922288
-5.922288
-5.922288
-5.922288
-5.922288
-5.921288
-5.915515
-5.904268
-5.882532
-5.852936
-5.870806
-5.909832
-5.909779
-5.917635
-5.922218
-5.922288
-5.922288
-5.922288
-5.922288
-5.922288
-4.889155
-7.060500
-4.879818
-4.704314
-3.760773
-8.268814
-6.666116
-7.122614
-7.122614
-7.122614
-7.122614
-7.122614
-7.122614
-7.122614
-7.122614
-7.122614
-7.122614
-7.122614
-7.122614
-7.122614
-7.122614
-7.122614
-7.122614
-7.122614
-7.122614
-7.122614
-7.122614
-7.122614
-6.239118
-4.071589
-3.850759
-1.189375
-0.789385
-3.095965
-2.951565
-3.090324
-3.090324
-3.090324
-3.090324
-3.090324
-3.090324
-3.090324
-3.090324
-3.090324
-3.090324
-3.090324
-3.090324
-3.090324
-3.090324
-3.090324
-3.090324
-3.090324
-3.090324
-3.090324
-3.090324
-3.090324
-2.121557
-2.486083
-3.794135
-6.255906
-2.726431
-2.226163
-2.192461
-2.140825
-2.140825
-2.140825
-2.140825
-2.140825
-2.140825
-2.140825
-2.140825
-2.140825
-2.140825
-2.140825
-2.140825
-2.140825
-2.140825
-2.140825
-2.140825
-2.140825
-2.140825
-2.140825
-2.140825
-2.140825
-2.405083
-2.583808
-5.811438
-3.180857
-1.481086
-1.211039
-0.616653
-0.499483
-0.499483
-0.499483
-0.499483
-0.499483
-0.499483
-0.499483
-0.499483
-0.499483
-0.499483
-0.499483
-0.499483
-0.499483
-0.499483
-0.499483
-0.499483
-0.499483
-0.499483
-0.499483
-0.499483
-0.499483
-0.728637
-2.682492
-3.579135
-3.746304
-1.295107
-1.501339
-1.179745
-1.124374
-1.124374
-1.124374
-1.124374
-1.124374
-1.124374
-1.123174
-1.121834
-1.047305
-0.950195
-0.457849
-0.317767
-0.181023
-0.592716
-1.044204
-1.089005
-1.129371
-1.124979
-1.124364
-1.124374
-1.124374
-1.270883
-2.578360
-3.654407
-2.979961
-1.047885
-1.294995
-1.007676
-0.954146
-0.954146
-0.954146
-0.954146
-0.952383
-0.941551
-0.860732
-0.588454
-0.308183
-1.205462
-0.735363
-1.794367
-0.328919
-0.499326
-0.155960
0.234177
-0.143338
-0.694370
-0.881760
-0.955013
-0.953582
-1.075311
-2.290000
-3.509734
-2.980084
-0.960446
-1.212781
-0.923121
-0.868981
-0.868981
-0.868981
-0.865118
-0.770301
-0.591546
-0.229775
-1.543220
-1.794000
-0.955540
1.256623
0.838038
1.533361
0.694682
0.544962
-0.786291
-0.556262
-0.503709
-0.128177
-0.707802
-0.863621
-1.001052
-2.270803
-3.456688
-2.980084
-0.960446
-1.212781
-0.923121
-0.868981
-0.868981
-0.866412
-0.785509
-0.958147
-1.879219
-1.657563
-0.674466
-1.215068
1.887703
4.092050
1.100355
3.231823
5.995511
5.334743
1.527550
1.235285
-0.384259
0.124126
-0.281530
-0.693713
-1.002816
-2.270781
-3.456688
-2.980084
-0.960446
-1.212781
-0.923121
-0.868981
-0.868981
-0.847431
-0.625118
-1.183310
0.226903
-0.198690
1.682544
3.207949
3.090042
-1.413852
-5.852415
-2.754617
-0.007357
1.586787
2.094688
2.705120
2.909554
-0.192561
-0.118951
-0.580790
-0.940530
-2.270721
-3.456688
-2.980084
-0.960446
-1.212781
-0.923121
-0.868981
-0.866478
-0.729906
-1.083529
-1.992699
-1.019831
3.936569
0.436708
-2.998304
-2.899203
-1.691132
-0.238417
-0.593303
-1.021228
-1.848253
-3.265102
-5.199926
-2.766167
2.341929
-0.760958
-0.012160
-0.879463
-2.253284
-3.456446
-2.980084
-0.960446
-1.212781
-0.923121
-0.868981
-0.850359
-0.684731
-1.635560
-2.419880
2.922835
0.776328
-2.997679
-2.319398
-0.271236
-0.063932
-0.570813
-0.636595
-0.480649
-0.338680
-1.009931
-2.672203
-2.654712
1.959672
-2.324104
-0.712374
-0.496115
-2.079741
-3.449222
-2.980084
-0.960446
-1.212781
-0.923121
-0.866678
-0.737200
-1.063630
-2.219527
-1.051414
0.357051
-2.620073
-1.588690
-0.416478
-0.823843
-0.954651
-1.042284
-1.040654
-0.986328
-0.932749
-0.671980
-2.345180
-3.868552
-1.715415
2.569712
-1.016317
-0.065765
-1.907857
-3.429363
-2.980084
-0.960446
-1.212781
-0.923121
-0.856893
-0.707949
-1.833006
-3.142907
3.025345
1.180756
-2.235270
-0.888357
-0.926332
-1.040178
-1.042663
-1.041778
-1.041719
-1.041719
-1.042891
-0.944612
-1.157933
-2.393384
-5.086491
-0.719431
1.293785
1.575487
-1.419120
-3.363912
-2.980084
-0.960446
-1.212781
-0.923121
-0.843857
-0.916278
-1.128809
-1.128639
1.520167
-2.073859
-1.911019
-0.960209
-1.024475
-1.042003
-1.041719
-1.041719
-1.041719
-1.041719
-1.041686
-1.036677
-0.804547
-1.474482
-5.033321
-2.771422
3.034131
3.212120
-1.442642
-3.372200
-2.980084
-0.960446
-1.212781
-0.923121
-0.913469
-0.585547
-1.475712
6.954967
3.918555
-3.810713
-0.544107
-0.974835
-1.043153
-1.041719
-1.041719
-1.041719
-1.041719
-1.041719
-1.041719
-1.042458
-1.011641
-0.521888
-3.114904
-6.323606
2.923247
-0.618248
-1.307094
-3.428055
-2.980084
-0.960446
-1.212781
-0.923121
-0.869858
-0.877741
-2.037642
4.197907
5.660338
-3.962620
-0.329012
-1.029759
-1.042145
-1.041719
-1.041719
-1.041719
-1.041719
-1.041719
-1.041719
-1.041719
-1.040201
-0.718972
-3.746836
-5.521935
-0.789843
-0.608329
-1.380695
-3.429426
-2.980084
-0.960446
-1.212781
-0.923121
-0.860220
-0.651512
-1.074291
0.967187
3.889050
-2.728201
-0.504208
-0.970001
-1.039639
-1.041719
-1.041719
-1.041719
-1.041719
-1.041719
-1.041719
-1.041785
-1.059219
-0.709776
-3.799882
-4.132822
-1.504076
-0.969943
-1.645933
-3.428663
-2.980084
-0.960446
-1.212781
-0.923121
-0.869151
-0.629460
-1.326557
0.222450
3.226782
-0.532593
-0.818452
-0.991969
-1.032873
-1.041715
-1.041719
-1.041719
-1.041719
-1.041719
-1.041719
-1.046898
-1.045066
-0.996897
-5.315508
-2.601446
-3.048415
-0.478406
-1.475724
-3.443696
-2.980084
-0.960446
-1.212781
-0.923121
-0.868906
-0.744768
-1.380763
-1.882268
-0.036539
0.288274
-0.860859
-0.842336
-0.928478
-1.031328
-1.040669
-1.041719
-1.041719
-1.041719
-1.043966
-1.004187
-1.126362
-3.355611
-7.469807
-2.225670
-2.612673
-0.246939
-1.672332
-3.471303
-2.980084
-0.960446
-1.212781
-0.923121
-0.868981
-0.803253
-1.109050
-1.595084
1.954174
-0.462071
-2.029457
-0.945366
-0.642270
-0.811306
-1.018950
-1.039412
-1.041719
-1.046709
-0.977583
-0.766516
-2.645206
-5.035894
-6.641149
0.437970
-1.175492
-0.285051
-2.035426
-3.466318
-2.980084
-0.960446
-1.212781
-0.923121
-0.868981
-0.848495
-0.752157
-0.175905
1.682352
1.685218
0.228661
-3.369880
-0.567682
-0.432283
-0.714350
-0.884024
-0.922413
-0.846542
-0.753060
-3.113979
-4.175848
-4.717498
-0.833233
0.691930
-1.467482
-0.971228
-2.230257
-3.462507
-2.980084
-0.960446
-1.212781
-0.923121
-0.868981
-0.869114
-0.718437
-1.583274
-0.502344
0.091682
0.897156
0.826650
-0.703631
-2.022344
-0.794351
-0.925026
-0.833531
-0.840212
-3.509327
-5.342880
-3.956431
0.864437
1.403616
-0.272539
-0.919080
-0.964854
-2.240035
-3.456638
-2.980084
-0.960446
-1.212781
-0.923121
-0.868981
-0.869239
-0.837494
-0.977544
-1.391079
-0.868034
-0.859473
2.927660
3.255234
-2.809836
-6.386843
-6.080972
-5.937515
-4.460660
-5.250031
-4.319558
0.722772
0.653306
-0.916604
-0.904067
-0.795845
-0.859771
-2.270677
-3.456714
-2.980084
-0.960446
-1.212781
-0.923121
-0.868981
-0.868981
-0.867643
-0.734515
-0.677719
-1.277417
-1.525889
-0.968691
1.783268
1.102581
-0.750957
1.782151
0.855478
2.130038
2.145963
1.162585
1.143530
-1.399329
-0.888975
-0.757820
-0.726718
-0.995447
-2.270892
-3.456688
-2.980084
-0.960446
-1.212781
-0.923121
-0.868981
-0.868981
-0.869203
-0.870281
-0.798804
-0.722397
-1.208807
-0.955584
-0.647639
-0.052090
0.174815
0.454845
-0.459795
-0.465447
-0.391519
0.833509
0.563003
-0.215751
-0.697324
-0.712500
-0.861573
-1.000798
-2.270803
-3.456688
-2.980084
-0.960446
-1.212781
-0.923121
-0.868981
-0.868981
-0.868981
-0.868945
-0.868629
-0.830950
-0.720848
-1.056636
-0.812052
-0.316129
-0.610018
-1.047735
-1.090715
-0.822274
-0.498796
-0.761329
-0.484624
-0.613284
-0.731600
-0.864225
-0.869020
-1.000801
-2.270803
-3.456688
-2.980084
-0.960446
-1.212781
-0.923121
-0.868981
-0.868981
-0.868981
-0.868981
-0.868981
-0.868645
-0.859417
-0.733214
-0.748889
-0.586230
-0.298728
-0.267386
-0.295837
-0.494512
-0.675366
-0.781742
-0.752682
-0.786673
-0.866798
-0.869052
-0.868981
-1.000801
-2.270803
-3.456688
-3.299297
-0.733756
-1.024671
-0.728680
-0.698261
-0.698261
-0.698261
-0.698261
-0.698261
-0.698261
-0.698254
-0.698279
-0.694938
-0.688274
-0.689796
-0.689908
-0.686368
-0.696495
-0.698371
-0.698264
-0.698261
-0.698261
-0.698261
-0.698261
-0.698261
-0.911169
-2.173862
-3.687218
-3.566507
-2.057530
-1.318441
-1.270504
-1.215179
-1.215179
-1.215179
-1.215179
-1.215179
-1.215179
-1.215179
-1.215179
-1.215179
-1.215179
-1.215179
-1.215179
-1.215179
-1.215179
-1.215179
-1.215179
-1.215179
-1.215179
-1.215179
-1.215179
-1.215179
-1.298686
-4.162467
-3.481981
-4.328968
-3.111823
-3.300913
-2.885077
-2.881198
-2.881198
-2.881198
-2.881198
-2.881198
-2.881198
-2.881198
-2.881198
-2.881198
-2.881198
-2.881198
-2.881198
-2.881198
-2.881198
-2.881198
-2.881198
-2.881198
-2.881198
-2.881198
-2.881198
-2.881198
-3.197665
-3.552907
-6.643144
5.527789
4.951326
4.478806
4.577626
4.583808
4.583808
4.583808
4.583808
4.583808
4.583808
4.583808
4.583808
4.583808
4.583808
4.583808
4.583808
4.583808
4.583808
4.583808
4.583808
4.583808
4.583808
4.583808
4.583808
4.583808
4.540476
5.884754
7.753942
4.784951
0.831578
-0.497143
-0.474557
-0.464531
-0.464531
-0.464531
-0.464531
-0.464531
-0.464531
-0.464531
-0.464531
-0.464531
-0.464531
-0.464531
-0.464531
-0.464531
-0.464531
-0.464531
-0.464531
-0.464531
-0.464531
-0.464531
-0.464531
-0.464531
-0.424589
1.647519
4.754764
3.864388
-0.004169
-0.812965
-0.563521
-0.584506
-0.584506
-0.584506
-0.584506
-0.584506
-0.584506
-0.585073
-0.584375
-0.506843
-0.391092
-0.169342
-0.364491
-0.161616
-0.290380
-0.408390
-0.509230
-0.579122
-0.584706
-0.584487
-0.584506
-0.584506
-0.598081
0.127761
3.625075
3.802093
-0.022848
-0.804594
-0.612324
-0.634606
-0.634606
-0.634606
-0.634606
-0.635253
-0.640334
-0.542790
-0.370877
-0.326647
-1.135840
-2.155407
-1.707790
-0.187702
0.204146
-0.220486
-0.332759
-0.385305
-0.464445
-0.569604
-0.640701
-0.634541
-0.622236
-0.187710
3.600469
3.798104
-0.074875
-0.849077
-0.663207
-0.683806
-0.683806
-0.683806
-0.686330
-0.610491
-0.343980
-0.416779
-1.837823
-2.586649
-3.196468
-0.983620
1.034678
3.211637
0.938711
-0.137456
0.112860
-0.118461
-0.120472
-0.109243
-0.505435
-0.677339
-0.666624
-0.224452
3.576915
3.798104
-0.074875
-0.849077
-0.663207
-0.683806
-0.683806
-0.684351
-0.650811
-0.196146
-2.093084
-3.722020
-2.364988
0.154355
1.750519
2.491375
1.483684
5.376911
6.059618
4.980895
2.994591
1.183673
1.353473
0.633059
-0.138051
-0.552267
-0.671483
-0.224450
3.576915
3.798104
-0.074875
-0.849077
-0.663207
-0.683806
-0.683806
-0.686731
-0.393355
-1.567561
-2.424648
1.423901
3.257883
1.877590
0.753245
0.586047
-0.563480
0.466824
1.990309
2.721984
4.831927
8.406984
7.947476
3.212965
0.299225
-0.395814
-0.649111
-0.225755
3.576915
3.798104
-0.074875
-0.849077
-0.663207
-0.683806
-0.684037
-0.637478
-0.118032
-2.447653
-0.092653
1.651545
2.174097
-0.589021
-0.786421
-0.815169
0.557851
0.936758
0.509327
0.968472
0.207247
3.096144
5.792443
4.260299
1.367607
0.463346
-0.487132
-0.234901
3.576527
3.798104
-0.074875
-0.849077
-0.663207
-0.683806
-0.684660
-0.327101
-1.796064
-1.530267
1.671746
3.455821
-1.644149
-0.855013
0.829076
1.289192
1.105698
1.099043
1.190593
1.192252
1.086603
1.309656
3.171487
7.021878
3.691631
0.344483
0.128850
-0.254677
3.579854
3.798104
-0.074875
-0.849077
-0.663207
-0.683880
-0.631508
-0.074950
-2.144453
0.311917
3.023941
0.454500
-0.494807
1.139370
0.971594
0.915414
0.849880
0.846961
0.886767
0.949353
1.148644
1.455431
2.004162
6.627727
4.682933
1.502513
0.311274
-0.450487
3.571766
3.798104
-0.074875
-0.849077
-0.663207
-0.681003
-0.298756
-1.542986
-1.253593
2.840433
3.488051
-0.557654
0.940860
0.944204
0.849593
0.844461
0.844441
0.844446
0.844446
0.844046
0.901995
1.059590
1.046705
2.596030
4.307927
0.359241
0.611651
-0.508551
3.562484
3.798104
-0.074875
-0.849077
-0.663207
-0.647742
0.098025
-2.341223
-0.861453
3.439576
1.557321
-0.392629
0.998654
0.866242
0.844331
0.844446
0.844446
0.844446
0.844446
0.844454
0.849105
1.029300
1.523964
-0.591108
1.489120
-0.984791
-0.230222
-0.338745
3.521697
3.798104
-0.074875
-0.849077
-0.663207
-0.649177
-0.121568
-1.345161
-1.730118
2.769144
-0.454526
0.882917
0.922081
0.845442
0.844446
0.844446
0.844446
0.844446
0.844446
0.844446
0.844127
0.860791
1.838609
-1.384368
2.241802
0.576754
-1.926739
-0.422419
3.544735
3.798104
-0.074875
-0.849077
-0.663207
-0.627519
0.141563
0.524037
0.867167
3.884603
0.270961
1.118548
0.902496
0.844377
0.844446
0.844446
0.844446
0.844446
0.844446
0.844446
0.844446
0.842672
1.869664
-1.674187
5.561752
2.351871
-1.383188
-0.407873
3.541119
3.798104
-0.074875
-0.849077
-0.663207
-0.667351
0.173799
0.928139
3.062996
4.296247
0.778756
0.905186
0.931921
0.845391
0.844446
0.844446
0.844446
0.844446
0.844446
0.844446
0.844441
0.850026
1.909363
-2.444454
3.742470
4.609638
-1.140543
-0.356657
3.562209
3.798104
-0.074875
-0.849077
-0.663207
-0.686375
-0.205472
-0.015304
1.550875
5.199371
2.179072
0.667938
1.004308
0.848502
0.844443
0.844446
0.844446
0.844446
0.844446
0.844446
0.842581
0.895244
1.908325
-1.595492
4.248573
3.906546
-1.141386
-0.259089
3.561863
3.798104
-0.074875
-0.849077
-0.663207
-0.684273
-0.541333
-0.660945
1.676205
4.433780
3.989611
0.637203
1.097453
0.919143
0.848410
0.844720
0.844446
0.844446
0.844446
0.842100
0.897902
1.131357
-0.182801
-1.649008
2.651648
0.265387
-1.449556
-0.394687
3.560460
3.798104
-0.074875
-0.849077
-0.663207
-0.683806
-0.611262
0.000271
1.657845
2.751340
5.693847
-0.008092
0.719949
1.031310
0.996969
0.850008
0.845250
0.844446
0.842496
0.892524
1.149774
-0.645889
-1.511854
2.923158
4.433051
0.957915
-1.035870
-0.292863
3.568994
3.798104
-0.074875
-0.849077
-0.663207
-0.683806
-0.671405
-0.018004
0.442973
1.452786
7.531897
4.472233
0.487931
0.427303
1.108184
0.872059
0.758159
0.737008
0.781000
1.156598
-0.500336
-2.814490
3.225164
6.654433
0.950796
-1.092977
-0.559377
-0.414157
3.568155
3.798104
-0.074875
-0.849077
-0.663207
-0.683806
-0.686574
-0.547989
-0.218736
-0.203138
2.486432
4.955046
5.010210
1.821486
-0.157329
0.268301
0.041238
-0.007258
0.117107
-1.612230
-2.264380
0.837838
6.877701
1.834676
-2.136606
-1.254778
-0.514276
-0.276045
3.576061
3.798104
-0.074875
-0.849077
-0.663207
-0.683806
-0.684255
-0.642570
-0.556762
-0.469257
0.169196
1.361727
5.501605
9.706307
2.397960
-2.287016
-0.673540
-0.165361
-0.473805
-1.206694
2.988839
5.865009
2.083714
-1.208307
-1.223289
-0.486133
-0.612467
-0.234820
3.576934
3.798104
-0.074875
-0.849077
-0.663207
-0.683806
-0.683806
-0.685604
-0.583067
-0.333560
-0.138268
-0.415089
0.030082
5.353302
4.844130
2.513627
3.519259
5.159730
4.814425
4.846160
6.274225
0.148577
-1.380095
-1.124944
-0.509284
-0.590855
-0.669274
-0.224568
3.576915
3.798104
-0.074875
-0.849077
-0.663207
-0.683806
-0.683806
-0.683876
-0.687110
-0.645356
-0.441888
-0.183006
-0.512258
-0.289164
1.104302
-0.680863
-0.790218
-0.858085
-0.923988
-1.352062
-0.626022
-1.171850
-0.848339
-0.431453
-0.583391
-0.682282
-0.666595
-0.224452
3.576915
3.798104
-0.074875
-0.849077
-0.663207
-0.683806
-0.683806
-0.683806
-0.683810
-0.685653
-0.675497
-0.533387
-0.394538
-0.721112
-1.139436
-1.114914
-1.633312
-1.098375
-1.027400
-0.450295
-0.523871
-0.359821
-0.372093
-0.592390
-0.684323
-0.683857
-0.666448
-0.224452
3.576915
3.798104
-0.074875
-0.849077
-0.663207
-0.683806
-0.683806
-0.683806
-0.683806
-0.683806
-0.683939
-0.688659
-0.596685
-0.449593
-0.352257
-0.295113
-0.276879
-0.355809
-0.433821
-0.490616
-0.550392
-0.621999
-0.657360
-0.683612
-0.683864
-0.683806
-0.666448
-0.224452
3.576915
3.956525
0.062201
-0.638225
-0.444282
-0.469789
-0.469789
-0.469789
-0.469789
-0.469789
-0.469789
-0.469784
-0.469783
-0.467376
-0.462992
-0.463603
-0.460603
-0.463817
-0.469787
-0.469845
-0.469790
-0.469789
-0.469789
-0.469789
-0.469789
-0.469789
-0.522903
-0.061574
3.705008
4.583765
0.656721
-0.633844
-0.641798
-0.595123
-0.595123
-0.595123
-0.595123
-0.595123
-0.595123
-0.595123
-0.595123
-0.595123
-0.595123
-0.595123
-0.595123
-0.595123
-0.595123
-0.595123
-0.595123
-0.595123
-0.595123
-0.595123
-0.595123
-0.595123
-0.654430
0.563875
4.024854
5.411170
2.605317
1.966463
1.974620
1.940710
1.940710
1.940710
1.940710
1.940710
1.940710
1.940710
1.940710
1.940710
1.940710
1.940710
1.940710
1.940710
1.940710
1.940710
1.940710
1.940710
1.940710
1.940710
1.940710
1.940710
1.917277
2.277703
4.242815
9.265279
14.020373
13.247678
13.430902
13.466444
13.466444
13.466444
13.466444
13.466444
13.466444
13.466444
13.466444
13.466444
13.466444
13.466444
13.466444
13.466444
13.466444
13.466444
13.466444
13.466444
13.466444
13.466444
13.466444
13.466444
13.324655
13.370187
7.303751
-1.320547
3.298310
2.526805
2.282562
2.225128
2.225128
2.225128
2.225128
2.225128
2.225128
2.225128
2.225128
2.225128
2.225128
2.225128
2.225128
2.225128
2.225128
2.225128
2.225128
2.225128
2.225128
2.225128
2.225128
2.225128
2.189155
4.260029
-3.018596
-3.800444
1.289366
0.110812
-0.312734
-0.343132
-0.343132
-0.343132
-0.343132
-0.343132
-0.343132
-0.341819
-0.352169
-0.303398
-0.184515
-0.139395
0.277092
-0.290266
-0.193811
-0.287634
-0.319777
-0.357963
-0.343890
-0.343150
-0.343132
-0.343132
-0.163540
1.805119
-5.372169
-4.493500
1.022856
-0.316263
-0.464268
-0.494543
-0.494543
-0.494543
-0.494543
-0.495679
-0.517692
-0.439896
-0.588849
0.253224
3.088261
6.143035
7.909915
6.541779
3.823187
1.947486
0.522923
-0.250660
-0.535262
-0.489944
-0.522989
-0.495258
-0.388423
1.388592
-6.123498
-4.514063
0.951633
-0.392795
-0.549996
-0.581128
-0.581128
-0.581128
-0.593746
-0.542409
-0.560247
0.695815
4.556925
8.411284
7.061648
6.223177
8.617245
7.976235
9.963947
7.501956
8.618439
5.112331
1.966318
0.004863
-0.470469
-0.605613
-0.449898
1.304209
-6.292708
-4.514063
0.951633
-0.392795
-0.549996
-0.581128
-0.581128
-0.582547
-0.637153
-0.334249
3.022058
7.867853
8.186016
8.366864
10.313747
11.788550
14.093710
13.115832
12.818263
11.964796
10.957198
10.397989
8.180453
3.652005
-0.332667
-0.515672
-0.465067
1.304249
-6.292708
-4.514063
0.951633
-0.392795
-0.549996
-0.581128
-0.581128
-0.611456
-0.565740
0.552963
2.444318
4.054594
10.478972
10.572179
10.133328
8.194323
13.091484
7.361947
9.097489
8.793954
10.669608
8.999843
9.809788
-0.073588
-0.151884
-0.255326
-0.430840
1.299183
-6.292708
-4.514063
0.951633
-0.392795
-0.549996
-0.581128
-0.583705
-0.597975
-0.023519
0.193479
-1.012505
8.386905
9.740589
7.819718
8.847392
5.987297
1.502151
0.873706
3.468996
5.987152
6.844767
7.678977
14.818517
5.140085
-1.568086
-0.312650
-0.146754
1.290539
-6.293630
-4.514063
0.951633
-0.392795
-0.549996
-0.581128
-0.612921
-0.365056
-0.732543
-3.502420
5.592424
9.207814
4.832122
5.606607
1.014044
-0.817540
-1.173282
-1.269199
-1.243229
-0.590874
0.742448
-0.076065
3.042701
8.817989
1.017212
-0.147310
0.109188
1.350384
-6.304927
-4.514063
0.951633
-0.392795
-0.549996
-0.584224
-0.579110
-0.052906
-0.605210
0.371210
5.768500
0.655561
1.756019
-0.606579
-1.094612
-0.852342
-0.859107
-0.856447
-0.851017
-0.942800
-0.913373
0.095213
-3.965025
3.670714
6.651518
-1.024260
-0.199869
1.863622
-6.421788
-4.514063
0.951633
-0.392795
-0.549996
-0.606810
-0.379706
-0.948820
-2.015669
5.852705
2.450023
0.737760
0.214081
-0.748716
-0.859809
-0.848544
-0.847004
-0.846968
-0.846968
-0.848270
-0.854432
-0.206889
0.587375
-1.551134
5.514409
-4.796438
-1.808335
2.390853
-6.624903
-4.514063
0.951633
-0.392795
-0.549996
-0.565959
0.045253
-1.848494
-1.534709
2.852943
-1.878737
1.312594
-0.568044
-0.874924
-0.847646
-0.846968
-0.846968
-0.846968
-0.846968
-0.846970
-0.858336
-0.794877
0.499184
-0.620516
-3.076603
-1.818306
-5.358883
2.933509
-6.766138
-4.514063
0.951633
-0.392795
-0.549996
-0.427581
-0.562208
-6.456423
-2.148356
0.842959
-0.296399
0.739807
-0.722890
-0.854930
-0.846968
-0.846968
-0.846968
-0.846968
-0.846968
-0.846968
-0.847069
-0.864345
0.350300
-0.282243
-2.407234
-0.841088
-0.898590
2.931300
-6.648793
-4.514063
0.951633
-0.392795
-0.549996
-0.476055
0.489263
-2.674161
0.665933
0.466967
-2.134283
0.034857
-0.821813
-0.847871
-0.846968
-0.846968
-0.846968
-0.846968
-0.846968
-0.846968
-0.846968
-0.845407
0.372029
-0.781482
0.404851
2.140577
-1.124437
2.832841
-6.703284
-4.514063
0.951633
-0.392795
-0.549996
-0.608196
0.392842
-1.723258
1.221394
2.471738
-3.053535
0.114093
-0.740832
-0.847838
-0.846968
-0.846968
-0.846968
-0.846968
-0.846968
-0.846968
-0.846688
-0.810238
0.431471
-2.501547
-2.005336
-0.345226
-1.713229
2.812296
-6.732463
-4.514063
0.951633
-0.392795
-0.549996
-0.589328
0.055937
-0.920761
-5.573687
-1.067624
-4.153533
-0.199342
-0.637937
-0.856897
-0.847012
-0.846968
-0.846968
-0.846968
-0.846968
-0.846968
-0.848702
-0.705927
0.663085
-3.088448
-0.404408
-2.551162
-0.311644
2.705089
-6.659908
-4.514063
0.951633
-0.392795
-0.549996
-0.582119
-0.389535
-0.869889
-4.461354
3.951930
1.020031
0.323117
-0.356927
-0.862702
-0.857713
-0.846936
-0.846968
-0.846968
-0.846968
-0.843634
-0.807400
-0.565442
1.201989
-1.361059
0.513087
0.555034
0.373630
2.606571
-6.493018
-4.514063
0.951633
-0.392795
-0.549996
-0.581128
-0.466625
0.286715
-2.297902
6.095905
4.838702
1.668842
1.250656
-0.479193
-0.800416
-0.874151
-0.847024
-0.846968
-0.846681
-0.793567
-0.835256
1.197176
0.734971
-1.424339
2.480752
-5.177478
0.562674
1.937984
-6.379415
-4.514063
0.951633
-0.392795
-0.549996
-0.581128
-0.619664
0.035192
-2.291030
-4.149764
0.533463
1.820920
7.167147
3.333895
-0.338630
-1.011132
-1.120013
-1.118270
-1.078931
-1.027776
1.599660
2.250713
1.210452
11.110128
1.719197
2.830626
0.785115
1.256203
-6.323403
-4.514063
0.951633
-0.392795
-0.549996
-0.581128
-0.588812
-0.270675
1.166471
2.264770
2.376556
9.056912
4.294367
5.618869
5.562190
2.036368
2.535526
2.522170
2.589199
4.354860
3.888951
-1.475312
8.340059
8.365098
2.377032
2.060627
-0.331708
1.198518
-6.298795
-4.514063
0.951633
-0.392795
-0.549996
-0.581128
-0.581950
-0.602393
-0.133042
0.426976
2.449937
3.106817
10.028811
6.754301
4.027172
6.513819
5.388757
4.135838
3.730218
1.505568
2.257655
11.037997
6.590634
4.762124
2.467309
-0.039762
-0.463468
1.273320
-6.292822
-4.514063
0.951633
-0.392795
-0.549996
-0.581128
-0.581128
-0.607633
-0.602514
-0.400774
0.874675
3.098392
5.281209
10.555736
12.900313
4.651017
7.057169
6.979913
7.073755
8.153091
11.613716
6.130213
5.236469
2.516867
-0.045753
-0.626218
-0.477409
1.303732
-6.292708
-4.514063
0.951633
-0.392795
-0.549996
-0.581128
-0.581128
-0.580966
-0.596229
-0.637386
-0.481957
0.388803
2.614695
5.738957
4.235664
5.026219
5.440748
8.486476
8.654634
8.251351
5.732043
5.082685
1.783172
-0.018301
-0.628995
-0.620756
-0.450409
1.304209
-6.292708
-4.514063
0.951633
-0.392795
-0.549996
-0.581128
-0.581128
-0.581128
-0.581425
-0.592465
-0.637516
-0.616046
-0.051793
0.648119
2.433634
3.315285
3.935760
3.721091
3.598648
1.684261
1.770996
0.286610
-0.294333
-0.637879
-0.616414
-0.581895
-0.449248
1.304209
-6.292708
-4.514063
0.951633
-0.392795
-0.549996
-0.581128
-0.581128
-0.581128
-0.581128
-0.581128
-0.583715
-0.622922
-0.624975
-0.554790
-0.760451
-0.706015
-0.613232
-0.643734
-0.665845
-0.627402
-0.705168
-0.805175
-0.682561
-0.609748
-0.581975
-0.581128
-0.449248
1.304209
-6.292708
-3.833826
0.918798
-0.330979
-0.553365
-0.578274
-0.578274
-0.578274
-0.578274
-0.578274
-0.578274
-0.578428
-0.579705
-0.580428
-0.584072
-0.591763
-0.593405
-0.584665
-0.584541
-0.579693
-0.578296
-0.578274
-0.578274
-0.578274
-0.578274
-0.578274
-0.434137
1.341365
-4.991436
-1.172499
4.415806
4.262329
4.008659
3.934990
3.934990
3.934990
3.934990
3.934990
3.934990
3.934990
3.934990
3.934990
3.934990
3.934990
3.934990
3.934990
3.934990
3.934990
3.934990
3.934990
3.934990
3.934990
3.934990
3.934990
4.256791
6.161504
-2.687774
11.447632
16.083904
16.056456
15.967633
16.020163
16.020163
16.020163
16.020163
16.020163
16.020163
16.020163
16.020163
16.020163
16.020163
16.020163
16.020163
16.020163
16.020163
16.020163
16.020163
16.020163
16.020163
16.020163
16.020163
16.020163
15.790059
16.164629
8.145554
10.409542
7.136139
9.079731
8.361723
8.332400
8.332400
8.332400
8.332400
8.332400
8.332400
8.332400
8.332400
8.332400
8.332400
8.332400
8.332400
8.332400
8.332400
8.332400
8.332400
8.332400
8.332400
8.332400
8.332400
8.332400
8.769964
8.030383
7.489171
8.032597
4.205628
2.988150
2.098680
2.094959
2.094959
2.094959
2.094959
2.094959
2.094959
2.094959
2.094959
2.094959
2.094959
2.094959
2.094959
2.094959
2.094959
2.094959
2.094959
2.094959
2.094959
2.094959
2.094959
2.094959
2.490039
5.717057
5.526804
7.763807
4.364508
3.387986
2.323586
2.306877
2.306877
2.306877
2.306877
2.306877
2.306877
2.309036
2.313621
2.300968
2.467731
2.671628
3.271935
3.143644
2.728259
2.418605
2.313034
2.312322
2.310549
2.307052
2.306877
2.306877
2.849989
5.208945
4.822451
6.984442
3.941131
2.789583
1.657681
1.661294
1.661294
1.661294
1.661294
1.661655
1.662329
1.640206
1.768063
1.987148
2.469173
1.472971
-1.255700
-0.036678
1.892665
2.327474
2.420497
2.109659
1.925909
1.612209
1.649514
1.660948
2.134323
4.266519
4.321410
6.984107
3.807140
2.640975
1.483215
1.485333
1.485333
1.485333
1.484795
1.445955
1.547680
1.952227
1.895706
1.150477
-3.233247
-2.869343
-5.316091
-3.867905
-0.466143
-1.750378
0.542936
1.325367
2.456604
1.958476
1.424283
1.472082
1.988054
4.175595
4.200316
6.984107
3.807140
2.640975
1.483215
1.485333
1.485333
1.485149
1.458151
1.827392
2.832661
2.267905
-2.913294
-2.238488
0.532644
2.270607
2.600714
1.575412
-0.501325
-5.278545
-2.945487
0.419581
0.408162
5.046699
2.426053
1.508217
1.973206
4.175780
4.200316
6.984107
3.807140
2.640975
1.483215
1.485333
1.485333
1.456816
1.742678
3.651903
-2.409571
-2.751749
-1.171076
1.574701
0.768333
1.002781
2.057177
2.760584
1.064102
0.304958
4.759823
4.066517
1.261537
0.165097
4.906070
2.015841
1.943955
4.171242
4.200316
6.984107
3.807140
2.640975
1.483215
1.485333
1.485330
1.505015
2.968667
2.611761
-2.804262
-0.931332
0.632928
-0.797953
2.443468
3.025360
2.012271
2.226706
2.428554
2.366157
1.958560
3.589860
2.047693
-2.615594
1.768292
3.660052
2.136039
4.159520
4.200031
6.984107
3.807140
2.640975
1.483215
1.485333
1.469986
1.952195
3.875284
-3.205605
0.043274
-0.320777
1.144095
3.213512
1.658657
0.643430
0.818226
0.880641
0.970264
1.143578
2.879424
3.538799
2.831277
0.263822
-2.274019
4.253406
3.114198
4.102228
4.191128
6.984107
3.807140
2.640975
1.483215
1.484813
1.531276
2.920305
3.089667
-3.212048
-0.517327
-0.424845
2.522607
0.811815
0.948785
0.883587
0.935687
0.939830
0.891897
0.922777
1.021546
3.155260
3.129833
0.456213
-2.379673
-1.159535
5.100084
4.693758
4.205300
6.984107
3.807140
2.640975
1.483215
1.480652
2.001443
3.466731
-2.540049
-1.866723
-1.491504
2.408156
1.775520
0.769070
0.934324
0.948410
0.949023
0.949007
0.949007
0.948980
0.853109
1.236458
4.209310
2.556634
-2.751799
-4.967535
2.882885
5.979348
4.108115
6.984107
3.807140
2.640975
1.483215
1.514033
3.334168
1.641681
-5.550781
-0.970739
-1.282340
3.118012
0.890263
0.893442
0.948832
0.949007
0.949007
0.949007
0.949007
0.948976
0.938276
0.763680
2.512518
5.141705
0.955801
-3.520522
-0.237468
7.413970
4.036690
6.984107
3.807140
2.640975
1.483215
1.637602
3.904222
-2.293671
-8.810217
-2.879515
3.176163
2.145835
0.792544
0.943394
0.949007
0.949007
0.949007
0.949007
0.949007
0.949007
0.949507
0.915531
1.871817
5.377733
2.551203
-5.169766
2.575862
7.341011
4.086912
6.984107
3.807140
2.640975
1.483215
1.540680
3.838292
2.729454
-8.832108
-5.761073
2.271110
1.658691
0.826889
0.948712
0.949007
0.949007
0.949007
0.949007
0.949007
0.949007
0.949007
0.950137
2.136710
4.232409
0.892479
-2.765035
3.498356
6.676636
4.096089
6.984107
3.807140
2.640975
1.483215
1.442289
3.186954
4.584252
-6.155145
-4.004651
1.229919
2.281209
0.776894
0.947188
0.949007
0.949007
0.949007
0.949007
0.949007
0.949007
0.949215
0.971636
2.512371
3.461429
0.266747
-3.793694
3.534491
6.548721
4.128321
6.984107
3.807140
2.640975
1.483215
1.480699
2.252416
5.570828
-3.677654
-2.733342
-2.200348
3.166162
0.826042
0.937521
0.948984
0.949007
0.949007
0.949007
0.949007
0.949007
0.953912
0.987941
2.836535
4.195002
0.060016
-0.999158
4.401680
5.795321
4.133901
6.984107
3.807140
2.640975
1.483215
1.485386
1.684906
4.996721
-0.334003
-2.197474
-0.874726
2.912600
1.037566
0.866882
0.939363
0.948472
0.949007
0.949007
0.949007
0.955441
0.922759
1.058588
4.236180
1.446489
-6.036110
0.161930
5.157954
5.074992
4.165582
6.984107
3.807140
2.640975
1.483215
1.485333
1.466050
3.896196
4.162637
-3.876878
-1.986086
1.415403
2.629691
0.856687
0.808416
0.923545
0.947786
0.949007
0.955629
0.934020
0.875483
3.047995
1.069978
4.112630
-0.472454
-4.459161
5.087000
4.500175
4.177904
6.984107
3.807140
2.640975
1.483215
1.485333
1.406183
2.603735
5.429662
-2.391562
-0.432624
-0.538177
0.603248
3.354919
1.120405
0.896443
0.938553
0.952391
0.890030
0.824100
3.016893
1.608376
2.548175
0.221266
-1.090425
4.148783
3.483194
4.000910
4.190651
6.984107
3.807140
2.640975
1.483215
1.485333
1.483413
1.851633
4.482779
3.364251
0.529134
0.295807
0.152498
1.875269
3.156169
2.187354
2.013081
2.005465
2.172768
3.404080
0.342949
0.775869
2.644331
-1.981933
4.441380
4.019587
2.258472
4.023162
4.197237
6.984107
3.807140
2.640975
1.483215
1.485333
1.486820
1.444297
1.846986
4.281860
4.941998
2.452737
3.076210
3.052505
0.426639
-0.756150
-0.783459
-0.699149
-0.746358
-2.411833
3.330433
2.166279
0.413571
4.320699
4.679764
1.866668
1.923064
4.159734
4.200269
6.984107
3.807140
2.640975
1.483215
1.485333
1.485333
1.478508
1.389012
1.736509
3.634940
5.379117
2.132197
2.765969
2.569746
1.288446
0.251127
-0.319721
2.632236
4.901146
2.338859
-0.618133
4.777759
4.505159
1.837012
1.425569
1.971564
4.175492
4.200316
6.984107
3.807140
2.640975
1.483215
1.485333
1.485333
1.485921
1.481264
1.384168
1.634749
2.256984
4.906311
3.256448
0.365261
-4.067637
-0.792632
-1.334785
-1.068367
2.399998
1.262063
4.620119
4.001189
1.773089
1.425512
1.463857
1.987412
4.175595
4.200316
6.984107
3.807140
2.640975
1.483215
1.485333
1.485333
1.485333
1.485046
1.478870
1.428330
1.401151
1.930784
2.934609
3.756621
3.327250
3.393299
4.024279
4.226752
3.920160
3.368104
2.613594
1.664382
1.409087
1.467299
1.485147
1.987980
4.175595
4.200316
6.984107
3.807140
2.640975
1.483215
1.485333
1.485333
1.485333
1.485333
1.485333
1.483419
1.456782
1.381516
1.607997
1.587860
1.491703
1.472671
1.402266
1.370382
1.413082
1.443416
1.423641
1.407252
1.471164
1.484926
1.485333
1.987980
4.175595
4.200316
7.384754
3.919880
2.949691
1.840572
1.851866
1.851866
1.851866
1.851866
1.851866
1.851866
1.851597
1.850226
1.847196
1.839721
1.844471
1.845965
1.839079
1.846616
1.850728
1.851844
1.851866
1.851866
1.851866
1.851866
1.851866
2.237991
4.475661
4.434035
8.505938
5.321632
3.500872
2.667526
2.660926
2.660926
2.660926
2.660926
2.660926
2.660926
2.660926
2.660926
2.660926
2.660926
2.660926
2.660926
2.660926
2.660926
2.660926
2.660926
2.660926
2.660926
2.660926
2.660926
2.660926
3.054667
5.956657
4.933874
9.488441
4.395046
8.228085
7.607024
7.664062
7.664062
7.664062
7.664062
7.664062
7.664062
7.664062
7.664062
7.664062
7.664062
7.664062
7.664062
7.664062
7.664062
7.664062
7.664062
7.664062
7.664062
7.664062
7.664062
7.664062
7.796413
7.526892
7.188333
0.273054
1.594670
1.444260
1.397853
1.364653
1.364653
1.364653
1.364653
1.364653
1.364653
1.364653
1.364653
1.364653
1.364653
1.364653
1.364653
1.364653
1.364653
1.364653
1.364653
1.364653
1.364653
1.364653
1.364653
1.364653
1.344069
1.729997
-0.144765
0.350722
2.211588
2.013013
1.736142
1.770631
1.770631
1.770631
1.770631
1.770631
1.770631
1.770631
1.770631
1.770631
1.770631
1.770631
1.770631
1.770631
1.770631
1.770631
1.770631
1.770631
1.770631
1.770631
1.770631
1.770631
1.351089
2.040398
-0.731894
0.974585
2.634829
2.806682
2.590085
2.617544
2.617544
2.617544
2.617544
2.617544
2.617544
2.618052
2.614121
2.544675
2.420717
2.096110
1.997928
1.990173
2.206609
2.472469
2.564922
2.617880
2.618724
2.617585
2.617544
2.617544
2.239071
2.580287
0.605093
1.073803
2.550049
2.788521
2.553845
2.604738
2.604738
2.604738
2.604738
2.604486
2.599389
2.493238
2.269063
1.619606
1.928809
1.663117
1.749462
1.292076
1.486640
1.793767
1.572030
2.024064
2.397770
2.535609
2.607965
2.604569
2.138844
2.518824
0.549155
1.050812
2.517611
2.769498
2.541430
2.592082
2.592082
2.592082
2.591375
2.511593
2.197535
1.471893
1.819390
1.914555
1.866507
2.336724
-1.352760
-1.386417
0.919658
0.620169
1.042099
1.081928
1.959862
2.127203
2.460854
2.591957
2.126309
2.503808
0.541996
1.050812
2.517611
2.769498
2.541430
2.592082
2.592082
2.590940
2.458328
2.093465
1.625476
2.033214
1.713143
1.000937
-2.148619
-3.556122
-3.172937
-3.233849
-3.725790
-3.680278
-1.846280
-0.031190
-0.140285
0.720753
2.302664
2.468690
2.122513
2.503876
0.541996
1.050812
2.517611
2.769498
2.541430
2.592082
2.592082
2.573720
1.993909
1.387559
0.152858
0.449887
-2.118837
-3.466532
-3.957561
-1.832869
-1.621254
-2.192764
-2.696570
-3.505063
-3.663224
-1.243205
-1.752135
-0.181409
1.138290
2.303686
2.077290
2.502334
0.541996
1.050812
2.517611
2.769498
2.541430
2.592082
2.590187
2.288692
1.720816
1.768770
-1.139455
-1.919573
-2.855310
-1.925389
-1.322994
0.885728
1.198314
1.117027
0.718423
-0.113707
-2.100265
-1.841067
-0.822450
-0.273243
0.443181
1.833969
2.149079
2.493199
0.542106
1.050812
2.517611
2.769498
2.541430
2.592082
2.570498
1.887642
2.055357
0.173122
-1.134283
-2.028344
0.450980
0.741867
1.269211
1.461062
1.720258
1.735472
1.582711
1.443364
0.971094
-1.165526
-1.052955
-0.335165
1.120790
0.912369
2.070899
2.387117
0.537674
1.050812
2.517611
2.769498
2.541430
2.590155
2.285305
1.689680
1.659299
-1.364928
-0.923644
-1.950788
0.770176
1.339505
1.785775
1.793984
1.818008
1.817425
1.802377
1.797677
1.465474
0.972470
-1.387802
-0.931654
-0.930912
0.526335
1.109410
2.227977
0.546697
1.050812
2.517611
2.769498
2.541430
2.573158
1.898359
2.239080
-0.176844
-1.811903
-0.884007
0.406356
1.421895
1.767275
1.818059
1.815591
1.814938
1.814905
1.814905
1.815571
1.768897
1.309854
0.199650
-3.001142
-1.023536
0.318880
1.105977
2.019815
0.523195
1.050812
2.517611
2.769498
2.541430
2.408568
1.638007
1.376574
-0.858437
-0.263754
-1.017657
1.047785
1.522563
1.815893
1.815183
1.814905
1.814905
1.814905
1.814905
1.814896
1.816133
1.684961
0.976046
-1.032068
-1.506254
0.409398
-0.836480
2.209864
0.548389
1.050812
2.517611
2.769498
2.541430
2.289937
1.930284
-0.617407
-1.800868
-1.695822
0.219714
1.147569
1.750191
1.817538
1.814905
1.814905
1.814905
1.814905
1.814905
1.814905
1.815128
1.810227
0.799533
0.826434
-2.305623
0.994772
0.398690
2.291773
0.517883
1.050812
2.517611
2.769498
2.541430
2.414011
1.600141
-0.229089
-3.266894
-1.182371
0.409135
1.218453
1.779911
1.815263
1.814905
1.814905
1.814905
1.814905
1.814905
1.814905
1.814905
1.809122
0.815517
0.703848
-2.185753
0.289853
0.770262
2.207891
0.532375
1.050812
2.517611
2.769498
2.541430
2.577492
1.734489
0.578730
-2.203592
-1.758564
-0.340864
1.325883
1.713231
1.814585
1.814905
1.814905
1.814905
1.814905
1.814905
1.814905
1.814863
1.780098
0.766366
1.000155
-1.200303
-0.131032
1.395625
2.182913
0.544202
1.050812
2.517611
2.769498
2.541430
2.600611
1.903386
1.970122
-0.990948
-0.138259
-0.551024
1.596412
1.579113
1.815861
1.814913
1.814905
1.814905
1.814905
1.814905
1.814905
1.816550
1.612946
0.715240
-0.102511
-1.025695
0.084124
1.200715
1.946704
0.551077
1.050812
2.517611
2.769498
2.541430
2.593081
2.045336
2.536678
-1.418284
-2.331730
-1.094752
1.173560
1.354790
1.776851
1.814768
1.814579
1.814905
1.814905
1.814905
1.814433
1.755480
1.196594
0.554099
0.046329
-1.395534
0.246490
1.459343
2.026255
0.564248
1.050812
2.517611
2.769498
2.541430
2.592082
2.329463
1.937205
-0.131560
-2.435402
-1.889100
-0.082356
0.889802
1.480739
1.732117
1.814711
1.814312
1.814905
1.815993
1.753608
1.251888
0.690544
0.094563
0.514459
1.346313
-0.742870
1.790552
2.181322
0.553216
1.050812
2.517611
2.769498
2.541430
2.592082
2.569522
1.939532
1.637259
0.434775
0.070462
0.312759
-0.470557
0.447044
1.350069
1.707309
1.826491
1.864167
1.775110
1.200842
0.827772
0.117490
0.388774
1.084350
0.812907
0.532906
2.041556
2.406628
0.548751
1.050812
2.517611
2.769498
2.541430
2.592082
2.601523
2.281741
1.798211
0.344754
-0.546546
-1.010047
-1.883232
-0.085184
0.101300
0.763239
0.782390
0.792514
0.515357
0.304615
-0.411276
0.375141
2.089975
-0.019451
0.824604
1.944492
2.163995
2.489242
0.543124
1.050812
2.517611
2.769498
2.541430
2.592082
2.593747
2.550979
2.166685
1.383466
0.219843
-0.283035
-0.947698
-0.442996
-0.454125
1.225548
1.251593
0.491522
0.535046
0.230650
-1.678803
0.507744
0.302290
0.444190
2.155095
2.343844
2.091608
2.507908
0.542016
1.050812
2.517611
2.769498
2.541430
2.592082
2.592082
2.602829
2.550867
2.390453
1.801123
0.726789
0.334529
-1.164675
0.433416
0.676741
0.337445
-0.185186
1.493808
1.215089
0.243565
0.086244
0.630345
2.180007
2.369924
2.596986
2.126781
2.503973
0.541996
1.050812
2.517611
2.769498
2.541430
2.592082
2.592082
2.592378
2.599785
2.581419
2.444225
1.990087
1.316134
0.780494
-0.712101
-0.302047
-0.135890
-0.017310
-0.693803
-0.145369
-0.980035
0.657897
1.969558
2.374583
2.591932
2.596008
2.126243
2.503808
0.541996
1.050812
2.517611
2.769498
2.541430
2.592082
2.592082
2.592082
2.592031
2.594954
2.598874
2.509471
2.232089
1.738148
1.109386
0.864599
1.657323
1.655337
2.156947
2.307444
2.340145
2.464799
2.443312
2.582485
2.596276
2.592339
2.126154
2.503808
0.541996
1.050812
2.517611
2.769498
2.541430
2.592082
2.592082
2.592082
2.592082
2.592082
2.592306
2.601114
2.562873
2.536199
2.464149
2.411851
2.430059
2.486330
2.518629
2.553347
2.564273
2.589357
2.587391
2.595466
2.592228
2.592082
2.126154
2.503808
0.541996
1.087969
2.405630
2.529927
2.313021
2.367806
2.367806
2.367806
2.367806
2.367806
2.367806
2.367767
2.368195
2.367703
2.366553
2.368947
2.366802
2.364433
2.368108
2.367751
2.367805
2.367806
2.367806
2.367806
2.367806
2.367806
1.894750
2.406938
0.534171
0.590308
2.498140
2.213117
2.123051
2.168522
2.168522
2.168522
2.168522
2.168522
2.168522
2.168522
2.168522
2.168522
2.168522
2.168522
2.168522
2.168522
2.168522
2.168522
2.168522
2.168522
2.168522
2.168522
2.168522
2.168522
1.734929
2.553437
0.411585
-0.560495
1.830195
1.150856
1.003486
0.977005
0.977005
0.977005
0.977005
0.977005
0.977005
0.977005
0.977005
0.977005
0.977005
0.977005
0.977005
0.977005
0.977005
0.977005
0.977005
0.977005
0.977005
0.977005
0.977005
0.977005
0.859768
1.839404
-0.002088
-30.786983
-24.011044
-24.120884
-23.484047
-23.594143
-23.594143
-23.594143
-23.594143
-23.594143
-23.594143
-23.594143
-23.594143
-23.594143
-23.594143
-23.594143
-23.594143
-23.594143
-23.594143
-23.594143
-23.594143
-23.594143
-23.594143
-23.594143
-23.594143
-23.594143
-23.807518
-28.447765
-35.671001
-27.867558
-4.812648
-0.786213
0.635668
0.500541
0.500541
0.500541
0.500541
0.500541
0.500541
0.500541
0.500541
0.500541
0.500541
0.500541
0.500541
0.500541
0.500541
0.500541
0.500541
0.500541
0.500541
0.500541
0.500541
0.500541
0.316340
-5.583236
-29.386887
-29.517860
-4.278350
-4.331020
-3.583829
-3.690070
-3.690070
-3.690070
-3.690070
-3.690070
-3.690070
-3.691155
-3.720663
-3.883684
-4.249066
-5.155507
-7.119047
-6.204100
-4.751847
-4.102360
-3.820620
-3.705226
-3.694028
-3.690357
-3.690070
-3.690070
-4.027513
-4.916062
-30.439926
-29.453484
-3.257084
-3.473360
-2.594876
-2.704651
-2.704651
-2.704651
-2.704651
-2.707561
-2.742089
-2.979863
-3.845107
-6.003782
-8.693166
-8.271492
-6.889104
-7.872883
-8.899289
-8.989031
-7.207011
-4.815223
-3.487651
-2.789001
-2.696754
-2.705294
-3.103989
-3.568862
-29.743790
-29.474323
-3.094490
-3.257398
-2.354232
-2.466218
-2.466218
-2.466218
-2.491233
-2.665709
-3.814460
-6.459000
-8.780276
-8.732558
-5.414193
-4.917831
-11.227566
-8.580978
-5.517429
-2.920352
-5.653783
-7.083532
-7.240276
-5.055815
-2.840113
-2.484679
-2.894030
-3.388006
-29.582581
-29.474323
-3.094490
-3.257398
-2.354232
-2.466218
-2.466218
-2.471224
-2.714734
-4.270834
-5.539549
-7.428348
-6.945796
-11.470141
-18.312195
-24.225857
-17.997536
-21.846418
-24.805172
-21.869747
-12.386199
-7.585550
-5.226040
-4.757903
-4.871386
-2.792025
-2.874884
-3.388364
-29.582581
-29.474323
-3.094490
-3.257398
-2.354232
-2.466218
-2.466218
-2.519539
-3.549661
-4.309636
-3.658566
-11.061701
-26.393894
-24.106655
-16.014214
-8.134693
-6.427864
-4.363294
-7.195478
-10.663939
-18.097137
-36.372337
-28.393661
-5.117313
-5.987877
-4.547825
-2.949404
-3.383221
-29.582581
-29.474323
-3.094490
-3.257398
-2.354232
-2.466218
-2.473887
-2.824300
-6.183110
-5.525352
-7.665550
-30.316582
-15.728748
-9.107084
-7.510615
-8.847150
-7.066699
-6.966262
-7.194276
-6.177723
-6.422779
-8.785964
-24.074276
-15.229813
-3.260236
-6.747945
-3.470154
-3.415810
-29.581799
-29.474323
-3.094490
-3.257398
-2.354232
-2.466218
-2.534122
-3.657953
-7.953669
1.055734
-17.021538
-16.658878
-6.768584
-10.343684
-6.798738
-4.970870
-3.491172
-3.469306
-4.251959
-5.593304
-7.647008
-9.065660
-12.648142
-23.779222
-7.592406
-6.151611
-6.202703
-3.682629
-29.544338
-29.474323
-3.094490
-3.257398
-2.354232
-2.473458
-2.844563
-6.171416
-5.776763
-7.506927
-20.187683
-4.561200
-10.277767
-4.778090
-3.308146
-3.076749
-3.068764
-3.077910
-3.077991
-3.138992
-3.560500
-6.193948
-6.744906
-22.300095
-21.777908
-0.231693
-6.211071
-4.355688
-29.523609
-29.474323
-3.094490
-3.257398
-2.354232
-2.536332
-3.723250
-7.575963
0.818820
-20.861691
-13.460779
-6.955605
-6.031027
-2.975289
-3.066134
-3.082654
-3.084313
-3.084366
-3.084366
-3.082098
-3.115859
-4.380415
-7.716194
-5.051217
-22.130306
-10.119690
-2.433134
-7.218433
-29.760757
-29.474323
-3.094490
-3.257398
-2.354232
-2.651238
-6.061321
-4.053455
-5.527585
-19.964741
-1.903988
-8.867352
-3.442587
-3.029770
-3.084053
-3.084366
-3.084366
-3.084366
-3.084366
-3.084411
-3.077878
-3.212082
-6.494586
-6.271036
-8.447878
-13.198337
4.210744
-9.311629
-29.842800
-29.474323
-3.094490
-3.257398
-2.354232
-2.661531
-8.243633
0.725486
-14.129507
-11.079434
-4.191786
-7.442567
-2.938829
-3.075288
-3.084366
-3.084366
-3.084366
-3.084366
-3.084366
-3.084366
-3.083674
-3.095872
-4.981185
-9.607868
-8.080606
-14.421962
0.884412
-9.561085
-29.738647
-29.474323
-3.094490
-3.257398
-2.354232
-2.602309
-7.593621
-1.726677
-8.989877
-6.382850
-2.689271
-6.929029
-2.967594
-3.083604
-3.084366
-3.084366
-3.084366
-3.084366
-3.084366
-3.084366
-3.084366
-3.099286
-5.333437
-6.418555
-19.436855
-20.523430
-1.455657
-8.461724
-29.708836
-29.474323
-3.094490
-3.257398
-2.354232
-2.489718
-5.767762
-5.005766
-4.706388
-11.708685
-1.505766
-7.677936
-3.005951
-3.086249
-3.084366
-3.084366
-3.084366
-3.084366
-3.084366
-3.084366
-3.084772
-3.112453
-6.212048
-7.083158
-21.940479
-29.926529
-4.104670
-7.842593
-29.775295
-29.474323
-3.094490
-3.257398
-2.354232
-2.464628
-3.923333
-8.099091
0.654430
-13.877609
2.001397
-7.703879
-3.300253
-3.090441
-3.084352
-3.084366
-3.084366
-3.084366
-3.084366
-3.084366
-3.090559
-3.139081
-7.498062
-7.314847
-14.584774
-22.745113
-3.443088
-6.551122
-29.749470
-29.474323
-3.094490
-3.257398
-2.354232
-2.465582
-2.877442
-9.368739
2.100941
-16.554996
-2.070580
-6.130054
-4.393085
-3.181348
-3.094073
-3.085745
-3.084366
-3.084366
-3.084366
-3.095856
-3.150139
-4.044853
-11.429930
-4.676727
-13.218405
-11.199680
-3.258536
-5.029541
-29.658005
-29.474323
-3.094490
-3.257398
-2.354232
-2.466218
-2.560701
-7.517025
-1.922060
-16.600071
-16.878670
-7.100511
-8.088868
-4.152460
-3.262094
-3.101497
-3.087783
-3.084366
-3.093579
-3.178557
-4.014130
-8.018254
-10.946558
-20.103199
-21.343491
-6.270666
-6.527121
-4.104548
-29.632748
-29.474323
-3.094490
-3.257398
-2.354232
-2.466218
-2.450817
-5.051517
-5.038756
-6.372295
-24.144268
-13.147038
-10.775188
-6.268117
-4.767388
-3.165362
-3.061644
-2.992470
-3.078388
-4.186587
-7.236073
-8.563959
-15.364723
-25.732655
-13.749277
-5.086734
-5.787817
-3.390983
-29.582996
-29.474323
-3.094490
-3.257398
-2.354232
-2.466218
-2.467754
-3.090202
-4.876430
-3.412086
-9.972556
-21.639858
-21.379147
-12.059426
-9.870586
-8.931969
-11.462750
-11.258076
-10.953251
-12.054361
-10.748701
-17.208275
-29.000542
-14.456118
-5.021892
-5.705921
-3.542769
-3.323657
-29.581303
-29.474323
-3.094490
-3.257398
-2.354232
-2.466218
-2.466936
-2.558913
-4.055655
-3.983920
-2.843515
-5.137428
-26.755791
-26.146568
-10.570668
-4.491655
-6.189013
-4.626777
-3.926195
-4.387510
-15.135614
-24.172787
-15.144125
-7.135334
-7.330429
-4.074950
-2.989264
-3.374029
-29.582638
-29.474323
-3.094490
-3.257398
-2.354232
-2.466218
-2.466218
-2.462257
-2.587263
-3.982915
-5.494563
-4.420140
-4.011045
-18.454151
-31.625980
-8.968186
-16.285208
-19.865623
-17.918175
-18.883696
-26.204872
-11.901945
-4.199842
-7.038452
-4.122297
-2.511395
-2.872761
-3.387829
-29.582581
-29.474323
-3.094490
-3.257398
-2.354232
-2.466218
-2.466218
-2.466556
-2.459445
-2.474910
-3.400650
-5.303103
-6.191395
-4.905286
-2.751230
0.029432
-1.712303
-2.246886
-1.545211
-0.870354
-2.237547
-4.469290
-5.723142
-4.226460
-2.561243
-2.446798
-2.893537
-3.388006
-29.582581
-29.474323
-3.094490
-3.257398
-2.354232
-2.466218
-2.466218
-2.466218
-2.465954
-2.458119
-2.433304
-2.717300
-4.480942
-5.093819
-6.780968
-6.547003
-6.249300
-7.638971
-9.147133
-8.359962
-8.057986
-5.706165
-3.598680
-2.579348
-2.451718
-2.466040
-2.894239
-3.388006
-29.582581
-29.474323
-3.094490
-3.257398
-2.354232
-2.466218
-2.466218
-2.466218
-2.466218
-2.466218
-2.464318
-2.434458
-2.512447
-3.186543
-3.688813
-4.070457
-4.231236
-3.793278
-3.353846
-3.037932
-2.801967
-2.502278
-2.413892
-2.451706
-2.465749
-2.466218
-2.894239
-3.388006
-29.582581
-29.226021
-3.693392
-4.482505
-3.523238
-3.625172
-3.625172
-3.625172
-3.625172
-3.625172
-3.625172
-3.624909
-3.622870
-3.620564
-3.615175
-3.615698
-3.622087
-3.619556
-3.621286
-3.624163
-3.625158
-3.625172
-3.625172
-3.625172
-3.625172
-3.625172
-3.770153
-4.297015
-30.268948
-28.191383
-4.988612
-2.587318
-2.027500
-2.152943
-2.152943
-2.152943
-2.152943
-2.152943
-2.152943
-2.152943
-2.152943
-2.152943
-2.152943
-2.152943
-2.152943
-2.152943
-2.152943
-2.152943
-2.152943
-2.152943
-2.152943
-2.152943
-2.152943
-2.152943
-2.363935
-6.549252
-29.146511
-33.515537
-25.219955
-22.686382
-21.177486
-21.037041
-21.037041
-21.037041
-21.037041
-21.037041
-21.037041
-21.037041
-21.037041
-21.037041
-21.037041
-21.037041
-21.037041
-21.037041
-21.037041
-21.037041
-21.037041
-21.037041
-21.037041
-21.037041
-21.037041
-21.037041
-21.663219
-25.123981
-34.647240
-5.298422
-1.430821
-0.914833
-0.787025
-0.858438
-0.858438
-0.858438
-0.858438
-0.858438
-0.858438
-0.858438
-0.858438
-0.858438
-0.858438
-0.858438
-0.858438
-0.858438
-0.858438
-0.858438
-0.858438
-0.858438
-0.858438
-0.858438
-0.858438
-0.858438
-1.112757
0.815833
-0.698381
-0.839341
0.736147
0.418851
0.665505
0.638145
0.638145
0.638145
0.638145
0.638145
0.638145
0.638145
0.638145
0.638145
0.638145
0.638145
0.638145
0.638145
0.638145
0.638145
0.638145
0.638145
0.638145
0.638145
0.638145
0.638145
0.697112
2.371947
-1.293745
-1.262222
1.448876
1.027473
1.305761
1.228086
1.228086
1.228086
1.228086
1.228086
1.228086
1.227026
1.227394
1.285544
1.322041
1.239212
0.991896
1.221452
1.260363
1.349392
1.290956
1.239892
1.228001
1.228057
1.228086
1.228086
1.195371
2.062581
-1.804881
-1.105473
1.603544
1.158787
1.353946
1.256838
1.256838
1.256838
1.256838
1.255622
1.249471
1.317492
1.460022
1.690452
0.117254
-1.559385
1.816976
5.316217
4.171584
2.345296
1.578847
1.448505
1.349173
1.309867
1.264310
1.257384
1.240837
1.761726
-1.832680
-1.121020
1.598055
1.146925
1.328279
1.230730
1.230730
1.230730
1.224760
1.266731
1.539998
1.546723
-0.538085
-2.111876
-3.480771
-4.382660
0.947720
0.674254
2.891004
6.008608
6.192311
5.312414
2.828168
1.687375
1.355956
1.245721
1.224991
1.722820
-1.871218
-1.121020
1.598055
1.146925
1.328279
1.230730
1.230730
1.229848
1.230591
1.841080
-1.593345
-2.721305
-2.871640
-3.919554
-6.912140
-5.243987
-2.893845
-1.775599
0.422017
0.596599
1.200007
2.714508
6.680111
3.924706
2.320049
1.392450
1.229521
1.722802
-1.871218
-1.121020
1.598055
1.146925
1.328279
1.230730
1.230730
1.223059
1.401268
-2.478084
-0.586117
-4.709067
-7.499522
-6.248874
-5.041302
-3.704650
-0.216371
2.905778
2.260934
0.802327
-1.260188
-5.253278
-0.197736
5.413788
3.604640
1.852823
1.296792
1.726203
-1.871218
-1.121020
1.598055
1.146925
1.328279
1.230730
1.229711
1.277097
0.841934
-4.660280
-1.658163
-4.856915
-6.250347
-2.303283
-2.713340
-2.040924
0.296109
1.375901
2.239163
3.529696
4.591964
3.394522
-1.240787
0.505844
4.548590
3.271053
1.579508
1.763670
-1.870535
-1.121020
1.598055
1.146925
1.328279
1.230730
1.221612
1.412719
-2.157487
-2.998674
-3.978529
-5.189737
-3.277370
-1.496485
0.696554
1.442954
1.211800
1.215676
1.169259
1.077037
1.377239
3.920232
5.030375
-0.375328
5.149223
3.742326
2.428082
1.966331
-1.849620
-1.121020
1.598055
1.146925
1.328279
1.229180
1.284487
0.728846
-3.790862
-3.606693
-6.795187
-3.658498
-1.107133
1.547876
1.080258
0.991259
0.991249
0.993618
1.016849
1.098686
1.358170
2.090645
4.471349
1.117598
0.510739
6.560423
3.106849
1.797711
-1.765347
-1.121020
1.598055
1.146925
1.328279
1.220836
1.426804
-2.552036
-3.035702
-4.448508
-4.147388
-3.040436
1.386961
1.045676
0.991781
0.994750
0.995193
0.995230
0.995230
0.994893
1.048457
1.150446
3.227731
5.886322
-1.631627
1.183884
1.847051
1.172244
-1.607949
-1.121020
1.598055
1.146925
1.328279
1.278720
0.827961
-3.374533
-0.981139
-4.158242
-2.153475
-0.773240
1.401528
1.003487
0.995048
0.995230
0.995230
0.995230
0.995230
0.995265
1.000194
1.137919
1.182657
2.494198
-2.445182
0.002801
-0.249530
1.039031
-1.530175
-1.121020
1.598055
1.146925
1.328279
1.369695
0.382876
2.885500
4.098349
-0.363970
-0.467203
1.163234
1.074834
0.993566
0.995230
0.995230
0.995230
0.995230
0.995230
0.995230
0.994752
1.007184
0.992698
-1.110436
-5.543371
-2.239014
-2.917564
1.021822
-1.555366
-1.121020
1.598055
1.146925
1.328279
1.367333
0.589699
5.017827
3.666192
0.590920
0.095928
1.016496
1.112239
0.995023
0.995230
0.995230
0.995230
0.995230
0.995230
0.995230
0.995230
0.982621
1.018194
-2.370147
-6.324789
-2.548780
-2.114604
1.244079
-1.611782
-1.121020
1.598055
1.146925
1.328279
1.265817
1.093826
3.394625
3.811478
1.456088
0.910394
1.291799
1.182006
0.997991
0.995230
0.995230
0.995230
0.995230
0.995230
0.995230
0.995098
1.003284
0.652042
-3.186831
-4.874387
-3.697583
-2.132640
1.270363
-1.687789
-1.121020
1.598055
1.146925
1.328279
1.230167
1.388608
2.597748
3.869716
0.671342
1.828838
1.787038
1.264577
1.010911
0.995260
0.995230
0.995230
0.995230
0.995230
0.995230
0.987332
1.040756
0.753231
-3.421235
-4.468442
-1.989579
-1.821341
1.637168
-1.772621
-1.121020
1.598055
1.146925
1.328279
1.230376
1.498628
0.754140
5.047171
1.777882
1.692570
2.458488
1.310581
1.093317
1.013824
0.996215
0.995230
0.995230
0.995230
0.990104
0.964956
1.370792
-2.518458
-3.574387
-1.037646
-1.811537
-1.182924
1.778596
-1.836778
-1.121020
1.598055
1.146925
1.328279
1.230730
1.401385
0.668458
4.995260
1.642066
2.631047
3.358176
1.542147
0.967418
1.129968
1.026222
0.998555
0.995230
0.988343
0.957965
1.268803
-2.101667
-4.302410
-5.901811
-3.704374
-2.920001
-0.773606
1.807728
-1.861398
-1.121020
1.598055
1.146925
1.328279
1.230730
1.280405
1.235394
3.508801
4.962733
1.346929
2.913797
4.416835
1.804223
0.910236
1.042717
1.034714
1.019784
0.970773
1.447378
-2.185066
-5.070222
-5.971010
-7.536787
-3.376255
-3.208497
1.488430
1.819708
-1.871120
-1.121020
1.598055
1.146925
1.328279
1.230730
1.230021
1.406745
2.352406
5.586561
5.350366
0.658348
2.709154
5.594040
2.544703
0.850153
0.331284
0.516479
0.486394
-1.702065
-5.138117
-6.681435
-10.170309
-3.526364
-3.738237
-0.655706
1.841892
1.721465
-1.873129
-1.121020
1.598055
1.146925
1.328279
1.230730
1.230183
1.286120
1.424206
2.199402
4.892921
6.917161
-0.565729
-1.336742
2.207555
-1.797062
-2.270212
-2.069806
-1.779550
-4.541905
-7.334131
-7.762383
-4.695475
-2.977340
-0.620500
1.795156
1.255047
1.714651
-1.871282
-1.121020
1.598055
1.146925
1.328279
1.230730
1.230730
1.223721
1.299332
1.534457
1.695932
2.798178
5.840774
1.199648
-0.058615
0.050869
-5.106888
-4.709517
-4.505036
-0.899871
-3.879856
-2.711272
-3.682468
-0.612794
1.822930
1.276623
1.220084
1.722711
-1.871218
-1.121020
1.598055
1.146925
1.328279
1.230730
1.230730
1.230595
1.226385
1.240793
1.455584
1.728302
2.290953
3.846291
2.199065
-0.687621
-1.652894
-1.119790
-0.481583
-0.867481
-0.151693
-2.568143
-0.292365
1.719917
1.283534
1.228237
1.224685
1.722820
-1.871218
-1.121020
1.598055
1.146925
1.328279
1.230730
1.230730
1.230730
1.230714
1.228913
1.221937
1.353055
1.559394
2.111705
0.946510
0.091172
-0.690372
-0.325982
0.026922
0.485156
0.698590
1.060267
1.594930
1.276822
1.228330
1.230622
1.224875
1.722820
-1.871218
-1.121020
1.598055
1.146925
1.328279
1.230730
1.230730
1.230730
1.230730
1.230730
1.230471
1.221569
1.253295
1.417457
1.451127
1.537019
1.491295
1.495733
1.465917
1.422402
1.354122
1.261440
1.223863
1.227391
1.230644
1.230730
1.224875
1.722820
-1.871218
-0.775986
1.590136
1.379848
1.510152
1.390040
1.390040
1.390040
1.390040
1.390040
1.390040
1.390061
1.390169
1.392924
1.400805
1.405529
1.402463
1.393659
1.390044
1.390027
1.390043
1.390040
1.390040
1.390040
1.390040
1.390040
1.251997
1.706862
-1.714851
-0.273082
1.781364
1.575226
1.565256
1.573845
1.573845
1.573845
1.573845
1.573845
1.573845
1.573845
1.573845
1.573845
1.573845
1.573845
1.573845
1.573845
1.573845
1.573845
1.573845
1.573845
1.573845
1.573845
1.573845
1.573845
1.482493
0.617817
-2.411474
1.338822
0.415064
0.094716
0.207952
0.173556
0.173556
0.173556
0.173556
0.173556
0.173556
0.173556
0.173556
0.173556
0.173556
0.173556
0.173556
0.173556
0.173556
0.173556
0.173556
0.173556
0.173556
0.173556
0.173556
0.173556
0.203846
0.348656
-3.886203
-3.792604
0.512849
0.362325
0.889768
0.908306
0.908306
0.908306
0.908306
0.908306
0.908306
0.908306
0.908306
0.908306
0.908306
0.908306
0.908306
0.908306
0.908306
0.908306
0.908306
0.908306
0.908306
0.908306
0.908306
0.908306
0.716914
-0.759077
-3.556360
-3.849381
0.792947
1.572502
2.178947
2.109994
2.109994
2.109994
2.109994
2.109994
2.109994
2.109994
2.109994
2.109994
2.109994
2.109994
2.109994
2.109994
2.109994
2.109994
2.109994
2.109994
2.109994
2.109994
2.109994
2.109994
2.069236
0.107466
-2.814639
-5.091961
0.520416
0.998047
1.727021
1.688469
1.688469
1.688469
1.688469
1.688469
1.688469
1.688010
1.683388
1.755938
1.748236
1.245372
0.784253
0.858453
1.497963
1.764517
1.757139
1.689065
1.686871
1.688403
1.688469
1.688469
1.519703
-0.090544
-3.456732
-4.890219
0.824260
1.275535
2.032501
1.975332
1.975332
1.975332
1.975332
1.975444
1.981863
2.088837
1.746857
1.070772
1.286669
2.169861
4.903019
3.834383
1.228470
0.836157
0.822789
1.417612
1.905589
2.075246
1.980911
1.975552
1.885813
0.403297
-3.554063
-4.894750
0.842878
1.287576
2.055403
2.000100
2.000100
2.000100
2.001758
2.095339
1.725976
1.008331
1.497965
2.687736
6.087030
7.997533
7.939133
8.776449
9.088004
6.299508
4.732077
2.434711
0.953440
1.014896
2.093040
2.009308
1.898453
0.397966
-3.601675
-4.894750
0.842878
1.287576
2.055403
2.000100
2.000100
2.000896
2.056538
1.270643
0.477466
2.697948
6.848636
8.267931
6.647916
4.802852
4.539882
3.501592
5.086870
5.977420
8.289964
9.092144
5.695929
0.634543
0.666952
2.092907
1.904646
0.397885
-3.601675
-4.894750
0.842878
1.287576
2.055403
2.000100
2.000100
2.024498
1.719500
-0.475988
4.424261
8.587123
4.884347
6.229733
5.113029
4.367468
3.622825
3.119068
5.458744
4.087994
4.304813
0.784570
6.943873
5.571597
-0.717769
1.444150
1.987162
0.398769
-3.601675
-4.894750
0.842878
1.287576
2.055403
2.000100
2.000449
2.075197
0.587641
0.604273
6.341458
6.336641
5.134027
3.808705
2.351393
0.706025
0.542089
1.005505
1.353684
1.837085
2.375603
2.103769
8.568078
6.618371
2.039445
-0.297143
2.208587
0.413349
-3.601629
-4.894750
0.842878
1.287576
2.055403
2.000100
2.019844
1.819725
-1.301780
5.611945
5.053057
6.687068
0.504484
0.391356
1.107659
2.200866
2.359367
2.287270
2.106217
1.936426
0.987536
-1.502268
2.360767
7.427072
5.272478
0.004212
0.631140
0.558762
-3.587959
-4.894750
0.842878
1.287576
2.055403
2.000801
2.063540
0.803961
0.251264
6.475785
5.744862
2.063095
-0.474261
2.299326
2.282669
2.101466
2.022126
2.015237
2.043097
2.105614
2.232733
0.893654
-0.164781
4.492785
6.161188
6.037649
-1.213203
0.443682
-3.530886
-4.894750
0.842878
1.287576
2.055403
2.017236
1.756350
-1.108085
5.130492
3.746898
3.874691
-0.473764
1.355942
2.275183
2.026390
2.013593
2.012953
2.012915
2.012915
2.013231
2.103221
1.794189
-0.704279
1.419579
1.839987
3.240858
1.578199
-0.567738
-3.458532
-4.894750
0.842878
1.287576
2.055403
2.058926
1.112715
0.674292
4.804605
2.047171
3.361847
-0.502102
2.280341
2.065027
2.013160
2.012915
2.012915
2.012915
2.012915
2.012900
2.017698
2.217904
1.387642
-2.265052
1.162045
2.355391
3.292734
-1.573107
-3.378882
-4.894750
0.842878
1.287576
2.055403
2.071951
1.015804
3.208732
5.798914
3.280981
-0.969016
1.088139
2.262482
2.019464
2.012915
2.012915
2.012915
2.012915
2.012915
2.012915
2.012945
2.033737
2.415876
-1.013441
1.932441
2.964636
2.081573
-1.388135
-3.352002
-4.894750
0.842878
1.287576
2.055403
2.054194
1.420021
1.277714
7.816190
6.323533
0.795003
1.568560
2.150678
2.013220
2.012915
2.012915
2.012915
2.012915
2.012915
2.012915
2.012915
2.017413
2.119587
-0.567651
-0.263713
-0.233094
1.046818
-1.201927
-3.365875
-4.894750
0.842878
1.287576
2.055403
2.041431
1.650829
-0.553546
8.610410
4.056444
1.250208
0.476192
2.184172
2.013170
2.012915
2.012915
2.012915
2.012915
2.012915
2.012915
2.012916
2.006168
2.054206
-0.303007
-0.245484
0.116070
0.396125
-0.939178
-3.434285
-4.894750
0.842878
1.287576
2.055403
2.003521
2.063113
-0.929590
6.514195
3.170831
4.123323
-0.106556
2.247491
2.016262
2.012933
2.012915
2.012915
2.012915
2.012915
2.012915
2.008598
2.046549
1.512817
-1.749635
1.445261
-0.100497
0.078834
-0.382327
-3.487234
-4.894750
0.842878
1.287576
2.055403
1.999792
2.158445
0.244698
5.228034
2.257560
6.115903
-0.354446
2.099331
2.061659
2.014063
2.012893
2.012915
2.012915
2.012915
2.008718
2.067317
1.692086
-1.246195
1.100165
3.790951
3.586783
-0.633439
0.429769
-3.530919
-4.894750
0.842878
1.287576
2.055403
2.000100
2.134860
0.907324
0.415056
4.870156
4.099660
0.986704
-0.029780
1.614796
2.116836
2.010563
2.012250
2.012915
2.008142
2.060185
1.737664
-0.481005
0.468702
-1.340450
6.750426
5.472516
0.114021
0.674318
-3.578097
-4.894750
0.842878
1.287576
2.055403
2.000100
2.064657
1.547111
-1.375355
5.401961
5.609384
1.229015
3.017195
0.611464
1.155933
2.126945
2.035156
2.016209
2.068320
1.535794
-0.615654
1.542145
1.305374
10.317677
2.583730
0.199320
0.449904
0.681310
-3.588405
-4.894750
0.842878
1.287576
2.055403
2.000100
2.001806
1.933135
0.054788
0.986295
3.363682
5.651851
2.793018
3.534467
0.882970
0.199750
0.783259
0.965388
0.837402
-0.306668
1.722344
-0.024485
10.727696
6.579381
0.696760
-0.424491
2.004993
0.503976
-3.599458
-4.894750
0.842878
1.287576
2.055403
2.000100
1.998966
2.065875
1.691428
0.046088
0.564790
3.670036
5.721718
4.060788
4.156561
3.290419
3.792136
3.551010
3.847584
2.063753
1.561065
9.586903
5.504703
1.654490
-0.505121
2.060876
2.039108
0.403483
-3.601551
-4.894750
0.842878
1.287576
2.055403
2.000100
2.000100
2.003260
2.141079
2.029505
0.834306
0.570150
3.265933
7.052557
2.285079
1.947081
2.938962
3.190548
3.001377
1.300328
2.746546
5.789068
1.280479
-0.275288
1.910277
2.126942
1.907334
0.397938
-3.601675
-4.894750
0.842878
1.287576
2.055403
2.000100
2.000100
1.999737
2.000162
2.079430
2.186487
1.451674
0.537275
2.395049
5.573226
6.815103
6.891721
8.574314
7.930610
4.542896
4.077011
1.696937
-0.162827
2.069553
2.125107
2.013822
1.898872
0.397966
-3.601675
-4.894750
0.842878
1.287576
2.055403
2.000100
2.000100
2.000100
2.000190
2.001158
2.034367
2.219796
1.832825
0.906991
0.814996
0.374139
0.646466
0.554194
0.912526
0.473996
1.077711
1.394614
2.174187
2.118634
2.009125
2.000125
1.898748
0.397966
-3.601675
-4.894750
0.842878
1.287576
2.055403
2.000100
2.000100
2.000100
2.000100
2.000100
2.000505
2.012943
2.135377
2.206100
2.067893
2.140106
2.216568
2.301216
2.323900
2.335965
2.245389
2.137871
2.059425
2.006642
2.000219
2.000100
1.898748
0.397966
-3.601675
-4.827741
0.922575
1.188385
1.901126
1.843138
1.843138
1.843138
1.843138
1.843138
1.843138
1.843275
1.844276
1.848654
1.860189
1.865929
1.862244
1.853821
1.845593
1.843454
1.843146
1.843138
1.843138
1.843138
1.843138
1.843138
1.803962
0.241171
-3.216238
-4.223896
0.056120
1.155467
1.938617
1.847234
1.847234
1.847234
1.847234
1.847234
1.847234
1.847234
1.847234
1.847234
1.847234
1.847234
1.847234
1.847234
1.847234
1.847234
1.847234
1.847234
1.847234
1.847234
1.847234
1.847234
1.796962
-0.214049
-2.789632
-2.522231
2.602039
2.234285
2.858893
2.844548
2.844548
2.844548
2.844548
2.844548
2.844548
2.844548
2.844548
2.844548
2.844548
2.844548
2.844548
2.844548
2.844548
2.844548
2.844548
2.844548
2.844548
2.844548
2.844548
2.844548
2.673404
1.280826
-1.432620
1.156840
0.788977
0.550927
0.931621
0.916811
0.916811
0.916811
0.916811
0.916811
0.916811
0.916811
0.916811
0.916811
0.916811
0.916811
0.916811
0.916811
0.916811
0.916811
0.916811
0.916811
0.916811
0.916811
0.916811
0.916811
0.857085
1.096313
2.874057
0.241935
-1.425599
-0.893315
-1.124696
-1.071900
-1.071900
-1.071900
-1.071900
-1.071900
-1.071900
-1.071900
-1.071900
-1.071900
-1.071900
-1.071900
-1.071900
-1.071900
-1.071900
-1.071900
-1.071900
-1.071900
-1.071900
-1.071900
-1.071900
-1.071900
-1.060355
-0.389032
1.059321
0.843817
-1.290526
-0.387317
-0.671607
-0.571906
-0.571906
-0.571906
-0.571906
-0.571906
-0.571906
-0.571756
-0.577065
-0.608371
-0.616332
-0.338831
-0.275504
-0.254515
-0.497421
-0.648868
-0.621286
-0.581559
-0.572201
-0.571892
-0.571906
-0.571906
-0.694417
-0.386472
1.156857
1.095616
-1.379321
-0.507623
-0.853460
-0.734506
-0.734506
-0.734506
-0.734506
-0.735173
-0.745329
-0.794574
-0.456124
-0.062920
-0.258387
-1.408363
-2.192775
-0.987226
0.320109
0.220210
-0.018667
-0.288072
-0.676586
-0.793531
-0.744903
-0.734930
-0.880859
-0.650149
1.144305
1.095932
-1.373073
-0.486120
-0.839421
-0.718618
-0.718618
-0.718618
-0.721289
-0.756644
-0.347018
-0.080590
-0.295371
-2.183228
-3.689909
-2.793046
-1.859799
-1.734853
-2.999738
-1.467875
-1.293283
-0.221039
0.588456
0.145359
-0.696836
-0.729587
-0.868553
-0.668654
1.136599
1.095932
-1.373073
-0.486120
-0.839421
-0.718618
-0.718618
-0.719470
-0.750201
-0.008477
-0.628109
-2.660156
-3.498888
-2.035422
-1.645197
-1.667013
-1.021986
-1.112608
-1.110611
-0.875157
-1.419020
-2.066219
-0.874123
0.158901
0.342738
-0.795939
-0.879830
-0.668634
1.136599
1.095932
-1.373073
-0.486120
-0.839421
-0.718618
-0.718618
-0.723628
-0.536299
-1.496685
-2.799290
-2.265764
-1.222733
-3.034670
-3.707546
-3.423565
-2.537693
-3.640806
-3.537443
-3.193854
-3.282810
-3.621260
-1.034158
-1.420528
0.094801
-0.149576
-0.942096
-0.672691
1.136599
1.095932
-1.373073
-0.486120
-0.839421
-0.718618
-0.720478
-0.801029
-0.085148
-2.223405
-1.139906
-5.285441
-5.149534
-3.614044
-2.611143
-0.684193
-0.087842
0.247990
0.185802
-1.236652
-2.497447
-3.826875
-7.917292
-1.744025
-0.345697
0.463028
-0.980925
-0.700524
1.136046
1.095932
-1.373073
-0.486120
-0.839421
-0.718618
-0.724642
-0.518883
-0.980534
-2.572692
-5.057283
-4.877067
-1.154679
-0.726449
-0.387586
-0.773716
-1.220058
-1.119447
-0.829172
-0.412157
0.017758
-0.070175
-2.865148
-7.696491
0.188727
-0.090760
0.154772
-0.816350
1.124494
1.095932
-1.373073
-0.486120
-0.839421
-0.720494
-0.807053
-0.117322
-2.330454
-1.553216
-5.567288
-2.533236
-0.675052
-1.072057
-1.198066
-1.070320
-1.031825
-1.029857
-1.051887
-1.119515
-1.238222
0.030180
-2.265523
-5.798265
-5.098980
-1.043809
-0.290445
-0.757771
1.077303
1.095932
-1.373073
-0.486120
-0.839421
-0.726413
-0.504566
-0.775361
-1.967266
-4.109262
-4.143955
-1.518117
-0.730888
-1.212588
-1.032722
-1.024868
-1.024338
-1.024331
-1.024331
-1.024848
-1.077894
-0.906799
-0.279870
-3.760019
-6.422183
-1.928586
-1.293114
-0.545014
0.999126
1.095932
-1.373073
-0.486120
-0.839421
-0.782979
-0.114588
-2.091173
-2.075373
-5.721148
-3.848559
-0.950442
-1.299397
-1.051580
-1.024513
-1.024331
-1.024331
-1.024331
-1.024331
-1.024316
-1.031664
-1.127204
-0.129201
-0.067712
-5.028106
-3.870412
-1.998521
-0.180973
0.920906
1.095932
-1.373073
-0.486120
-0.839421
-0.847397
-0.039809
-2.531579
-5.721156
-5.128452
-0.825429
-0.751985
-1.246992
-1.026983
-1.024331
-1.024331
-1.024331
-1.024331
-1.024331
-1.024331
-1.024261
-1.042492
-0.925905
-0.432882
-8.334536
-3.975952
-2.237520
-0.069984
0.880394
1.095932
-1.373073
-0.486120
-0.839421
-0.818512
0.039428
-0.865005
-3.855701
-4.812118
-1.433085
-0.951223
-1.171087
-1.024542
-1.024331
-1.024331
-1.024331
-1.024331
-1.024331
-1.024331
-1.024331
-1.030853
-0.624710
-1.445594
-7.068743
-4.184691
-1.548554
-0.129397
0.930169
1.095932
-1.373073
-0.486120
-0.839421
-0.734500
-0.177140
-0.047667
-2.948637
-2.863387
-1.444860
-0.352109
-1.266354
-1.023996
-1.024331
-1.024331
-1.024331
-1.024331
-1.024331
-1.024331
-1.024199
-1.058390
-0.620425
-2.193779
-6.429023
-4.187686
-1.543612
-0.353707
1.016810
1.095932
-1.373073
-0.486120
-0.839421
-0.715866
-0.618791
0.490909
-2.396592
-4.110633
-2.548681
0.079142
-1.354962
-1.026828
-1.024342
-1.024331
-1.024331
-1.024331
-1.024331
-1.024331
-1.028453
-1.138833
-0.139539
-2.888185
-6.401671
-3.998346
-1.363246
-0.566082
1.070215
1.095932
-1.373073
-0.486120
-0.839421
-0.718006
-0.885043
0.439584
-1.021764
-1.623888
-2.283872
0.476289
-1.108088
-1.082537
-1.026460
-1.024222
-1.024331
-1.024331
-1.024331
-1.024484
-1.055967
-0.625537
-0.714703
-3.894766
-4.084903
-2.838848
-0.612875
-0.921742
1.098790
1.095932
-1.373073
-0.486120
-0.839421
-0.718618
-0.855448
0.124506
-0.981391
-3.238409
-3.561954
-0.936264
-0.313731
-0.728387
-1.093796
-1.032918
-1.023720
-1.024331
-1.026920
-1.061224
-0.722747
-0.824741
-3.808631
-5.301486
-7.127182
-3.657009
-1.050804
-1.090134
1.120493
1.095932
-1.373073
-0.486120
-0.839421
-0.718618
-0.741662
-0.328705
-0.873415
-2.338186
-6.593951
-3.052512
-1.791313
-0.335878
-0.389730
-1.160329
-1.165835
-1.159982
-1.171314
-0.493435
-0.840821
-3.415156
-5.477058
-8.841463
-0.996722
-2.003785
-0.337199
-0.990752
1.127031
1.095932
-1.373073
-0.486120
-0.839421
-0.718618
-0.714545
-0.697470
-0.189997
-1.697725
1.525514
-1.815282
-1.568510
-2.029422
-0.382816
-0.495194
-0.650630
-0.645285
-0.681207
-1.218461
-4.101334
-3.403821
-8.794008
-1.732692
-2.090579
-0.515521
-0.865748
-0.780307
1.134719
1.095932
-1.373073
-0.486120
-0.839421
-0.718618
-0.717689
-0.740401
-0.419756
0.151157
-0.863355
-1.259681
-1.379291
-3.577989
-2.236314
-4.233937
-4.276727
-5.065176
-4.876208
-5.048375
-5.487619
-7.924042
-1.967465
-2.236557
-0.439471
-0.629306
-0.956126
-0.682229
1.136539
1.095932
-1.373073
-0.486120
-0.839421
-0.718618
-0.718618
-0.721518
-0.758286
-0.559674
0.150341
-0.197903
-1.251542
-1.504932
1.707930
-1.466447
-2.485558
-1.313302
0.911673
-1.735211
0.043725
-1.514960
-1.742426
-0.425176
-0.557522
-0.785516
-0.881467
-0.668751
1.136599
1.095932
-1.373073
-0.486120
-0.839421
-0.718618
-0.718618
-0.718431
-0.717791
-0.743135
-0.737907
-0.047559
0.241762
-0.682799
-0.639341
-1.391541
-1.678401
-2.269488
-1.701609
-1.557642
-3.809716
-1.480971
-0.471916
-0.618014
-0.784981
-0.728875
-0.868677
-0.668654
1.136599
1.095932
-1.373073
-0.486120
-0.839421
-0.718618
-0.718618
-0.718618
-0.718761
-0.720018
-0.731156
-0.795303
-0.370284
0.552757
-0.572167
-0.515965
0.127422
0.074985
0.062468
0.483092
0.208544
-0.304369
-0.659876
-0.769915
-0.726295
-0.718678
-0.868270
-0.668654
1.136599
1.095932
-1.373073
-0.486120
-0.839421
-0.718618
-0.718618
-0.718618
-0.718618
-0.718618
-0.719221
-0.726207
-0.763045
-0.734278
-0.604205
-0.534486
-0.596366
-0.716036
-0.819850
-0.888541
-0.883687
-0.823753
-0.748479
-0.724293
-0.718743
-0.718618
-0.868270
-0.668654
1.136599
1.018205
-1.173993
-0.373078
-0.738587
-0.639431
-0.639431
-0.639431
-0.639431
-0.639431
-0.639431
-0.639556
-0.640803
-0.646912
-0.658319
-0.669395
-0.666897
-0.652435
-0.643135
-0.640059
-0.639441
-0.639431
-0.639431
-0.639431
-0.639431
-0.639431
-0.864187
-0.558088
1.089805
1.220253
-0.906964
-0.603896
-0.927043
-0.829830
-0.829830
-0.829830
-0.829830
-0.829830
-0.829830
-0.829830
-0.829830
-0.829830
-0.829830
-0.829830
-0.829830
-0.829830
-0.829830
-0.829830
-0.829830
-0.829830
-0.829830
-0.829830
-0.829830
-0.829830
-1.028399
-0.682486
0.712927
0.656768
0.548224
-0.420436
-0.327038
-0.340237
-0.340237
-0.340237
-0.340237
-0.340237
-0.340237
-0.340237
-0.340237
-0.340237
-0.340237
-0.340237
-0.340237
-0.340237
-0.340237
-0.340237
-0.340237
-0.340237
-0.340237
-0.340237
-0.340237
-0.340237
-0.443579
-0.472364
0.775804
-7.002250
-3.131816
-0.483844
-0.083856
-0.175696
-0.175696
-0.175696
-0.175696
-0.175696
-0.175696
-0.175696
-0.175696
-0.175696
-0.175696
-0.175696
-0.175696
-0.175696
-0.175696
-0.175696
-0.175696
-0.175696
-0.175696
-0.175696
-0.175696
-0.175696
-0.116573
-5.444007
-10.047425
-13.253009
-8.529273
-5.174666
-4.737355
-4.744998
-4.744998
-4.744998
-4.744998
-4.744998
-4.744998
-4.744998
-4.744998
-4.744998
-4.744998
-4.744998
-4.744998
-4.744998
-4.744998
-4.744998
-4.744998
-4.744998
-4.744998
-4.744998
-4.744998
-4.744998
-4.619456
-7.195800
-16.307106
-12.676103
-8.127275
-3.362056
-3.087384
-3.146200
-3.146200
-3.146200
-3.146200
-3.146200
-3.146200
-3.148402
-3.130574
-3.139045
-3.031820
-2.736875
-1.699976
-2.411550
-3.025893
-3.103836
-3.195781
-3.150882
-3.144671
-3.146064
-3.146200
-3.146200
-2.986867
-8.869252
-15.481921
-13.046594
-8.339972
-3.556863
-3.330312
-3.375978
-3.375978
-3.375978
-3.375978
-3.377751
-3.386536
-3.394336
-2.984515
-2.712354
-2.145976
-2.061439
-2.291223
-2.599468
-1.050155
-1.925632
-2.336614
-2.778897
-3.290601
-3.454194
-3.396971
-3.377232
-3.266770
-9.108943
-15.773543
-13.084006
-8.356132
-3.594778
-3.382626
-3.431144
-3.431144
-3.431144
-3.436603
-3.452903
-3.099762
-3.073102
-1.717315
-0.737302
-2.319205
-2.979869
-3.334451
-3.039498
-4.111987
-2.277884
-1.070176
-0.206576
-1.270698
-3.080298
-3.537211
-3.466552
-3.305739
-9.166146
-15.850310
-13.084006
-8.356132
-3.594778
-3.382626
-3.431144
-3.431144
-3.432628
-3.528073
-3.487859
-2.355218
-0.830760
-3.699723
-3.753320
-2.323421
-0.472352
1.660203
-2.239850
-4.279281
-5.106599
-3.793761
-0.555480
-4.182059
-3.640971
-2.907895
-3.552938
-3.313031
-9.165980
-15.850310
-13.084006
-8.356132
-3.594778
-3.382626
-3.431144
-3.431144
-3.472911
-3.401784
-5.396573
-9.235312
-5.571982
-5.511954
-3.385964
-3.863917
1.486673
-1.944420
-0.437963
1.992590
0.405097
-2.249904
-2.988867
-8.203542
-7.700820
-4.239068
-3.493546
-3.392843
-9.163672
-15.850310
-13.084006
-8.356132
-3.594778
-3.382626
-3.431144
-3.429772
-3.554851
-3.843482
-8.800820
-6.147710
-8.110065
-8.763944
-0.048636
-3.213379
-1.422875
-2.185090
-2.168337
-1.180379
-1.465779
-2.461408
-4.052146
-4.531863
-7.298562
-8.063865
-3.711071
-3.905574
-9.194709
-15.850152
-13.084006
-8.356132
-3.594778
-3.382626
-3.431144
-3.468431
-3.412765
-7.665898
-9.957541
-7.691140
-3.480934
-3.998101
-1.095851
-2.264495
-3.223233
-3.143041
-2.991187
-2.910694
-2.653623
-1.879212
-3.262538
-2.175100
-10.928496
-5.061681
-4.773492
-3.300085
-9.200383
-15.844071
-13.084006
-8.356132
-3.594778
-3.382626
-3.429538
-3.500192
-3.990512
-9.432206
-6.195920
-7.255895
-5.652946
-4.378337
-2.951872
-2.970592
-2.746572
-2.706258
-2.718857
-2.778821
-2.929520
-2.873679
-3.011607
-8.582219
-9.813062
-10.163461
-4.936118
-4.843238
-9.010951
-15.938294
-13.084006
-8.356132
-3.594778
-3.382626
-3.451520
-3.416244
-7.684007
-8.789092
-6.467771
-4.820895
-7.588555
-2.864111
-2.542496
-2.709147
-2.719109
-2.720434
-2.720501
-2.720501
-2.720084
-2.791448
-3.018490
-4.451125
-8.641212
-9.348197
-11.037803
-12.388345
-9.891381
-16.019314
-13.084006
-8.356132
-3.594778
-3.382626
-3.403335
-4.267074
-11.017844
-7.821382
-12.924022
-7.689998
-5.108296
-2.612256
-2.694644
-2.720096
-2.720501
-2.720501
-2.720501
-2.720501
-2.720586
-2.733272
-2.830434
-3.168881
-3.904048
-10.382405
-14.275088
-9.582625
-10.409888
-16.157249
-13.084006
-8.356132
-3.594778
-3.382626
-3.177438
-5.970864
-15.564273
-18.016922
-10.538371
-8.470368
-2.970349
-2.443828
-2.716338
-2.720501
-2.720501
-2.720501
-2.720501
-2.720501
-2.720501
-2.719687
-2.758206
-2.861835
-8.814031
-10.572680
-10.696601
-11.407647
-10.233596
-16.111839
-13.084006
-8.356132
-3.594778
-3.382626
-3.329123
-4.851571
-10.790757
-13.457414
-8.363135
-9.485660
-3.453857
-2.588889
-2.720148
-2.720501
-2.720501
-2.720501
-2.720501
-2.720501
-2.720501
-2.720501
-2.709183
-2.927709
-11.367084
-14.155034
-17.130424
-11.140441
-9.473039
-16.151543
-13.084006
-8.356132
-3.594778
-3.382626
-3.476562
-4.112491
-7.259751
-9.630364
-6.162166
-9.238351
-3.289363
-2.483162
-2.724846
-2.720501
-2.720501
-2.720501
-2.720501
-2.720501
-2.720501
-2.720660
-2.666898
-3.481624
-13.208083
-13.993934
-14.399917
-12.193534
-9.853213
-16.186169
-13.084006
-8.356132
-3.594778
-3.382626
-3.444907
-3.611938
-7.632096
-10.948390
-10.938640
-6.630483
-4.788049
-2.476657
-2.734005
-2.720524
-2.720501
-2.720501
-2.720501
-2.720501
-2.720501
-2.708108
-2.534432
-3.652492
-12.996684
-12.102721
-18.420696
-9.897700
-9.132506
-16.131031
-13.084006
-8.356132
-3.594778
-3.382626
-3.433496
-3.285756
-7.807586
-8.676681
-6.571546
-1.110795
-5.885472
-2.711410
-2.822606
-2.746718
-2.721866
-2.720501
-2.720501
-2.720501
-2.722836
-2.635173
-2.681502
-2.782928
-10.494874
-11.256173
-12.877412
-6.731465
-8.731959
-16.023727
-13.084006
-8.356132
-3.594778
-3.382626
-3.431144
-3.359841
-5.282830
-9.862121
-10.851336
-3.989942
-6.536672
-0.930660
-2.608460
-2.925207
-2.755023
-2.725940
-2.720501
-2.714521
-2.673005
-2.871433
-2.590098
-4.989558
-8.198686
-18.858425
-15.128980
-7.988723
-9.070630
-15.917172
-13.084006
-8.356132
-3.594778
-3.382626
-3.431144
-3.508689
-3.917230
-6.952853
-13.621955
-16.895714
-2.736722
-0.340495
-1.814834
-2.486760
-2.848471
-2.892320
-2.930824
-2.904454
-2.856589
-1.771901
-3.225856
-5.122689
-14.636836
-1.246993
-7.988425
-4.516625
-9.317273
-15.878310
-13.084006
-8.356132
-3.594778
-3.382626
-3.431144
-3.451147
-3.302653
-3.888385
-6.779700
-0.642692
-9.911220
-1.196567
-4.264668
-2.204297
-1.623326
-3.159432
-3.650664
-3.314098
-2.069043
-3.558648
1.938351
-11.766654
-5.446937
-7.034883
-2.981763
-3.665269
-9.218141
-15.856002
-13.084006
-8.356132
-3.594778
-3.382626
-3.431144
-3.433326
-3.516456
-3.857757
-2.304426
-1.953500
-3.613538
-3.730136
-7.045892
-2.135740
-3.544543
-3.616958
-4.438209
-5.883729
-6.850320
-3.902564
-12.847535
-5.524522
-7.524879
-3.825213
-3.476150
-3.396335
-9.170943
-15.850501
-13.084006
-8.356132
-3.594778
-3.382626
-3.431144
-3.431144
-3.446754
-3.529466
-3.561242
-2.788362
-1.632897
-1.530189
-8.579856
1.564010
-2.359571
-2.851064
-0.756635
-1.276353
-5.819818
-0.980165
3.064246
-4.599954
-3.263433
-3.453658
-3.507366
-3.310203
-9.166286
-15.850310
-13.084006
-8.356132
-3.594778
-3.382626
-3.431144
-3.431144
-3.431023
-3.443158
-3.483965
-3.462417
-3.423001
-1.890651
-0.809398
4.093313
-4.184831
-3.185012
-5.133452
-2.394537
-3.454906
-6.484551
-6.527867
-3.403162
-3.526177
-3.506238
-3.447762
-3.305653
-9.166146
-15.850310
-13.084006
-8.356132
-3.594778
-3.382626
-3.431144
-3.431144
-3.431144
-3.431127
-3.437273
-3.477518
-3.574935
-3.782178
-2.492597
-4.216006
-4.865392
-3.151893
-3.892165
-3.944140
-3.403526
-3.298514
-3.847562
-3.583928
-3.511089
-3.441540
-3.431252
-3.305810
-9.166146
-15.850310
-13.084006
-8.356132
-3.594778
-3.382626
-3.431144
-3.431144
-3.431144
-3.431144
-3.431144
-3.432482
-3.455062
-3.511376
-3.342175
-3.016126
-3.093532
-3.225692
-3.343200
-3.377189
-3.447698
-3.483125
-3.533452
-3.503039
-3.438530
-3.431270
-3.431144
-3.305810
-9.166146
-15.850310
-12.454932
-7.671676
-3.117476
-3.002254
-3.019266
-3.019266
-3.019266
-3.019266
-3.019266
-3.019266
-3.019332
-3.019599
-3.023505
-3.034732
-3.045279
-3.049853
-3.030568
-3.020413
-3.019253
-3.019264
-3.019266
-3.019266
-3.019266
-3.019266
-3.019266
-2.996501
-8.523677
-15.309531
-13.161317
-6.509933
-3.983081
-4.249925
-4.284314
-4.284314
-4.284314
-4.284314
-4.284314
-4.284314
-4.284314
-4.284314
-4.284314
-4.284314
-4.284314
-4.284314
-4.284314
-4.284314
-4.284314
-4.284314
-4.284314
-4.284314
-4.284314
-4.284314
-4.284314
-3.839816
-8.046779
-16.283909
-7.583108
-4.875247
-2.494155
-1.819630
-1.803090
-1.803090
-1.803090
-1.803090
-1.803090
-1.803090
-1.803090
-1.803090
-1.803090
-1.803090
-1.803090
-1.803090
-1.803090
-1.803090
-1.803090
-1.803090
-1.803090
-1.803090
-1.803090
-1.803090
-1.803090
-2.017520
-5.769618
-15.041610
2.273821
1.442773
1.022622
1.020335
1.029019
1.029019
1.029019
1.029019
1.029019
1.029019
1.029019
1.029019
1.029019
1.029019
1.029019
1.029019
1.029019
1.029019
1.029019
1.029019
1.029019
1.029019
1.029019
1.029019
1.029019
1.033536
0.786146
1.992110
1.582178
1.037686
0.759100
0.543575
0.579003
0.579003
0.579003
0.579003
0.579003
0.579003
0.579003
0.579003
0.579003
0.579003
0.579003
0.579003
0.579003
0.579003
0.579003
0.579003
0.579003
0.579003
0.579003
0.579003
0.579003
0.481444
0.300779
1.953331
1.842846
0.876949
0.519155
0.209394
0.223454
0.223454
0.223454
0.223454
0.223454
0.223454
0.224524
0.227200
0.249160
0.379634
0.601514
0.838561
0.821002
0.595873
0.326881
0.246826
0.227414
0.224198
0.223485
0.223454
0.223454
0.192123
0.085982
1.567693
1.583713
0.663240
0.246495
-0.007023
0.011749
0.011749
0.011749
0.011749
0.012688
0.019047
0.062545
0.280422
0.519166
0.366335
0.005913
-1.235526
-1.279970
-0.318083
0.291181
0.585002
0.425195
0.181417
0.036299
0.011984
0.012128
-0.048782
-0.160122
1.424004
1.602305
0.674070
0.254195
-0.001263
0.015577
0.015577
0.015577
0.017114
0.053049
0.283884
0.583045
0.123490
-0.725026
-1.376535
-1.408939
-0.462516
-1.104454
-2.071340
-2.015703
-1.576128
-0.885047
0.237884
0.375188
0.078025
0.013733
-0.038358
-0.142743
1.435614
1.602305
0.674070
0.254195
-0.001263
0.015577
0.015577
0.016564
0.054497
0.347713
0.300564
-1.107141
-1.171706
-0.229686
1.666753
3.921765
3.694357
2.972537
2.805899
1.412948
-0.001281
-1.648904
-1.163816
-0.042862
0.261617
0.036433
-0.040525
-0.142697
1.435614
1.602305
0.674070
0.254195
-0.001263
0.015577
0.015577
0.021026
0.091038
-0.175959
-1.730746
-0.201413
3.348655
4.631707
2.427494
-1.410004
-2.267688
-3.075534
-1.324109
1.570190
2.358212
2.348516
2.441738
-0.151184
-0.029114
0.199540
-0.013641
-0.144141
1.435614
1.602305
0.674070
0.254195
-0.001263
0.015577
0.016628
0.054067
0.093022
-1.600711
-2.413862
3.092920
2.399367
-1.957770
-1.381989
-0.200595
0.443308
0.091574
-0.769809
-1.754900
-3.772699
-4.189662
3.554111
0.864159
-0.753346
0.142635
0.041874
-0.150234
1.435459
1.602305
0.674070
0.254195
-0.001263
0.015577
0.025208
0.070181
-0.525312
-2.434903
1.400655
1.671959
-1.112157
-0.108284
0.101262
-0.408297
-0.757117
-0.763461
-0.549128
-0.243331
-0.163781
-2.763963
-2.433610
3.323358
-0.252237
-0.524562
0.256700
-0.165895
1.428374
1.602305
0.674070
0.254195
-0.001263
0.016464
0.047487
0.086025
-1.565028
-2.313550
3.167409
-0.911169
-0.091018
-0.587547
-0.820059
-0.864642
-0.880286
-0.878412
-0.868682
-0.871577
-0.788895
-0.959308
-3.624510
1.413886
2.554937
-0.611170
0.268912
0.072846
1.440700
1.602305
0.674070
0.254195
-0.001263
0.025513
0.069121
-0.461970
-2.158767
1.809841
2.231898
-0.630046
-0.635679
-0.870798
-0.879738
-0.873702
-0.872856
-0.872821
-0.872821
-0.874008
-0.860626
-0.692618
-1.831079
-4.526381
3.481112
0.784588
-0.160385
0.486456
1.451344
1.602305
0.674070
0.254195
-0.001263
0.030694
0.064102
-1.556319
-1.419980
2.899258
-0.796385
-0.458791
-0.862587
-0.885788
-0.873187
-0.872821
-0.872821
-0.872821
-0.872821
-0.872832
-0.878638
-0.825454
-0.591814
-3.051300
-0.688355
1.723832
0.252734
0.683545
1.464183
1.602305
0.674070
0.254195
-0.001263
-0.031804
-0.228821
-3.199806
0.035547
3.390269
-0.677910
-0.537239
-0.886411
-0.877128
-0.872821
-0.872821
-0.872821
-0.872821
-0.872821
-0.872821
-0.873038
-0.878748
-0.882376
-2.018651
1.222646
2.143780
0.506251
0.755301
1.441372
1.602305
0.674070
0.254195
-0.001263
0.007927
0.119820
-3.307138
-1.787356
1.555295
-0.973112
-0.738138
-0.926618
-0.873358
-0.872821
-0.872821
-0.872821
-0.872821
-0.872821
-0.872821
-0.872821
-0.871675
-0.918882
-1.837126
3.204489
3.557266
0.650663
0.845466
1.454738
1.602305
0.674070
0.254195
-0.001263
0.015877
0.156678
-1.741958
-2.435337
0.976300
-0.780030
-0.588818
-0.953009
-0.872929
-0.872821
-0.872821
-0.872821
-0.872821
-0.872821
-0.872821
-0.872798
-0.876687
-0.904294
-1.727823
2.867777
3.940789
0.617925
0.817308
1.458713
1.602305
0.674070
0.254195
-0.001263
0.013493
0.033460
-0.730823
-3.195868
0.095656
-0.797008
-0.497547
-0.995600
-0.874492
-0.872829
-0.872821
-0.872821
-0.872821
-0.872821
-0.872821
-0.874020
-0.875603
-0.796329
-1.937572
2.686295
2.971368
0.626249
0.660703
1.444268
1.602305
0.674070
0.254195
-0.001263
0.015284
-0.057196
-0.421075
-3.246585
0.187661
-0.033984
-0.665269
-0.920600
-0.857003
-0.872860
-0.872682
-0.872821
-0.872821
-0.872821
-0.872047
-0.856547
-0.781745
-0.626040
-1.396059
2.221026
1.838632
0.522537
0.332717
1.433559
1.602305
0.674070
0.254195
-0.001263
0.015577
-0.001044
0.169343
-2.902337
-1.442597
1.574239
-0.268076
-0.386054
-0.712099
-0.845685
-0.874597
-0.872707
-0.872821
-0.873431
-0.850777
-0.771394
-0.461056
-0.411519
1.305889
3.885491
2.239126
0.508474
0.028078
1.428998
1.602305
0.674070
0.254195
-0.001263
0.015577
0.012836
0.154645
-1.620791
-1.275652
-0.426597
0.080339
-1.060607
-0.117116
-0.590925
-0.850127
-0.881707
-0.907464
-0.884464
-0.746530
-0.482997
-0.210096
0.361702
3.326491
2.638738
0.322495
0.548395
-0.123980
1.433426
1.602305
0.674070
0.254195
-0.001263
0.015577
0.014927
0.117677
0.077393
-1.431542
-0.983258
0.129097
0.376735
-1.230005
-0.117538
0.013520
0.258290
0.397090
0.331340
-0.051872
-0.202322
0.289966
4.161999
2.996418
0.328779
0.554129
0.177470
-0.160768
1.433668
1.602305
0.674070
0.254195
-0.001263
0.015577
0.015591
0.040405
0.394537
0.119043
-1.610946
-2.172814
0.228401
1.475348
-0.543009
-1.471977
-1.713101
-2.317751
-2.108716
-1.936635
0.401109
3.437328
2.656879
0.523832
0.531696
0.238329
0.012357
-0.148404
1.435537
1.602305
0.674070
0.254195
-0.001263
0.015577
0.015577
0.011368
0.052574
0.279483
0.552476
-0.563478
-1.933671
0.532646
0.685633
-0.487004
1.068106
1.316656
1.154736
-0.046828
2.279886
1.774012
0.250227
0.534375
0.281022
0.068684
-0.042533
-0.142886
1.435614
1.602305
0.674070
0.254195
-0.001263
0.015577
0.015577
0.015607
0.012344
0.021466
0.118922
0.513515
-0.122477
-1.529696
-0.880697
-0.293657
0.067607
-0.263619
0.072744
-0.371514
-0.053694
0.745012
0.604772
0.284049
0.072649
0.010984
-0.038584
-0.142743
1.435614
1.602305
0.674070
0.254195
-0.001263
0.015577
0.015577
0.015577
0.015492
0.012582
0.014394
0.072423
0.434453
0.540071
0.028032
0.263310
0.492982
0.751131
0.817738
1.003770
0.706371
0.507640
0.203371
0.051876
0.011488
0.015358
-0.038260
-0.142743
1.435614
1.602305
0.674070
0.254195
-0.001263
0.015577
0.015577
0.015577
0.015577
0.015577
0.014801
0.009803
0.029999
0.068802
0.195416
0.293025
0.271441
0.200718
0.077839
0.005239
-0.027300
-0.004985
0.010602
0.010124
0.015328
0.015577
-0.038260
-0.142743
1.435614
1.554668
0.760727
0.422055
0.204333
0.223501
0.223501
0.223501
0.223501
0.223501
0.223501
0.223445
0.222950
0.222570
0.223109
0.221546
0.222752
0.224250
0.222559
0.223167
0.223493
0.223501
0.223501
0.223501
0.223501
0.223501
0.208169
0.002739
1.449709
1.572865
0.579678
0.260883
0.153515
0.163908
0.163908
0.163908
0.163908
0.163908
0.163908
0.163908
0.163908
0.163908
0.163908
0.163908
0.163908
0.163908
0.163908
0.163908
0.163908
0.163908
0.163908
0.163908
0.163908
0.163908
0.089662
0.320004
1.826600
-0.097515
0.657393
0.368322
0.181035
0.214083
0.214083
0.214083
0.214083
0.214083
0.214083
0.214083
0.214083
0.214083
0.214083
0.214083
0.214083
0.214083
0.214083
0.214083
0.214083
0.214083
0.214083
0.214083
0.214083
0.214083
0.220914
0.084788
2.211776
-0.975951
-0.202678
1.159161
0.702586
0.684386
0.684386
0.684386
0.684386
0.684386
0.684386
0.684386
0.684386
0.684386
0.684386
0.684386
0.684386
0.684386
0.684386
0.684386
0.684386
0.684386
0.684386
0.684386
0.684386
0.684386
0.729013
0.415906
-1.183628
-0.207085
1.788348
1.397152
1.289618
1.243142
1.243142
1.243142
1.243142
1.243142
1.243142
1.243142
1.243142
1.243142
1.243142
1.243142
1.243142
1.243142
1.243142
1.243142
1.243142
1.243142
1.243142
1.243142
1.243142
1.243142
1.534781
1.850668
0.237729
-0.892019
1.546814
1.241471
1.001477
0.974568
0.974568
0.974568
0.974568
0.974568
0.974568
0.975514
0.967669
0.976837
1.009271
1.185399
1.489609
1.464020
1.102970
0.978769
0.967369
0.967576
0.974831
0.974602
0.974568
0.974568
1.274706
1.490079
-0.730119
-1.128467
1.644621
1.116791
0.822531
0.801844
0.801844
0.801844
0.801844
0.801408
0.792303
0.788986
0.813317
1.335683
1.874064
1.442862
0.934793
1.517355
2.545446
2.438135
1.806637
1.158802
0.817671
0.773220
0.786379
0.801528
1.112627
1.099385
-0.939195
-1.123013
1.637564
1.087761
0.778667
0.760812
0.760812
0.760812
0.756163
0.740538
0.776486
1.356876
1.613000
1.405353
1.340749
1.247169
2.850886
1.617125
2.640830
1.622574
2.259140
2.071670
2.032082
1.330944
0.819337
0.752769
1.069577
1.065158
-0.958628
-1.123013
1.637564
1.087761
0.778667
0.760812
0.760812
0.760027
0.750337
0.885609
0.869260
0.841223
1.691168
3.454917
4.469246
5.547601
4.225618
6.245219
8.054343
4.622616
4.320195
2.862058
1.756980
2.438737
1.692690
0.864620
1.058069
1.065214
-0.958628
-1.123013
1.637564
1.087761
0.778667
0.760812
0.760812
0.750003
1.055009
0.445603
-0.057058
4.246066
7.470974
7.952996
7.242629
4.387278
1.955616
3.694121
5.058966
6.134676
6.655696
9.016544
6.974181
2.476519
2.438420
1.626823
1.070858
1.060288
-0.958628
-1.123013
1.637564
1.087761
0.778667
0.760812
0.758853
0.796254
1.486936
-0.257146
2.274342
7.928058
9.747397
3.651603
2.436118
1.940866
2.216103
2.039658
1.845292
2.264595
2.587900
2.679535
9.296887
5.954808
1.765566
2.235125
1.340196
1.054272
-0.959234
-1.123013
1.637564
1.087761
0.778667
0.760812
0.751905
1.170590
1.149081
0.345249
6.758559
10.625185
2.224448
2.454126
2.067447
1.733169
1.551599
1.580527
1.674790
1.854220
2.651801
1.849863
3.346386
11.896192
2.437855
2.003794
2.288607
1.104582
-0.978287
-1.123013
1.637564
1.087761
0.778667
0.758868
0.813180
1.516624
0.048646
5.091272
7.889043
3.171946
2.755748
1.938905
1.576297
1.496621
1.488257
1.490785
1.473426
1.500944
1.734339
2.253102
0.811638
10.779206
10.233854
1.992456
2.695019
1.536665
-1.047704
-1.123013
1.637564
1.087761
0.778667
0.753466
1.196990
0.903877
-0.211908
7.422176
9.434058
2.863817
2.239744
1.509365
1.489129
1.494085
1.494485
1.494462
1.494462
1.493463
1.475003
1.975251
2.857383
1.740888
8.746299
3.489670
1.699921
1.980964
-1.215226
-1.123013
1.637564
1.087761
0.778667
0.797924
1.736302
0.354965
2.210099
9.868764
3.954488
2.667761
1.786180
1.478911
1.494388
1.494462
1.494462
1.494462
1.494462
1.494449
1.485746
1.496942
2.573058
1.169447
7.559996
6.870039
2.331549
2.539714
-1.266768
-1.123013
1.637564
1.087761
0.778667
0.900489
2.191467
0.942462
8.666149
9.235632
3.169880
2.552362
1.525183
1.493056
1.494462
1.494462
1.494462
1.494462
1.494462
1.494462
1.494590
1.481618
2.351274
2.572977
6.903213
7.388793
2.869224
2.495455
-1.273870
-1.123013
1.637564
1.087761
0.778667
0.837440
1.959594
1.752735
7.457139
8.213933
4.393380
2.629152
1.491611
1.494303
1.494462
1.494462
1.494462
1.494462
1.494462
1.494462
1.494462
1.496105
2.435077
2.471999
9.069282
7.004302
4.057528
2.128196
-1.298499
-1.123013
1.637564
1.087761
0.778667
0.766210
1.785505
1.723936
6.778399
6.043657
4.674523
2.842835
1.556484
1.493793
1.494462
1.494462
1.494462
1.494462
1.494462
1.494462
1.494653
1.500201
2.661520
2.904484
7.167151
7.283720
3.283845
2.192863
-1.264900
-1.123013
1.637564
1.087761
0.778667
0.762188
1.306281
1.943776
3.767886
5.490643
5.148562
2.861442
1.762941
1.485005
1.494426
1.494462
1.494462
1.494462
1.494462
1.494462
1.489441
1.539811
2.856967
3.106754
6.403622
6.850377
2.505442
1.943150
-1.193795
-1.123013
1.637564
1.087761
0.778667
0.761351
1.009636
2.236526
1.848032
4.768692
6.214221
2.688661
2.241995
1.468436
1.485175
1.494463
1.494462
1.494462
1.494462
1.493214
1.496004
1.861495
2.995398
2.447277
4.135734
4.096406
2.013407
1.637707
-1.074005
-1.123013
1.637564
1.087761
0.778667
0.760812
0.840813
1.804303
1.519776
6.807736
5.871341
2.890295
3.274958
1.914223
1.484696
1.473080
1.494228
1.494462
1.490652
1.508636
1.804688
2.320822
2.289953
5.877152
10.324058
3.566395
2.135806
1.335683
-1.004458
-1.123013
1.637564
1.087761
0.778667
0.760812
0.762661
1.510940
1.184500
4.853095
8.433359
5.455545
1.937674
3.323380
2.302593
1.457829
1.392397
1.331084
1.380835
1.628909
1.910622
1.595154
6.047920
10.361440
6.520337
1.182594
1.528657
1.074426
-0.970761
-1.123013
1.637564
1.087761
0.778667
0.760812
0.764737
1.030534
1.114430
0.653539
3.510162
6.430634
3.912941
3.434515
3.381089
3.236533
2.810013
2.739367
2.941503
2.929140
1.219148
1.667115
11.953836
6.542461
1.958335
1.264019
1.291887
1.008996
-0.960886
-1.123013
1.637564
1.087761
0.778667
0.760812
0.761678
0.761642
0.850438
1.347269
1.267982
1.217784
9.319100
8.123928
2.625391
1.470637
1.844605
1.564935
2.051109
2.380290
4.140677
9.673129
7.019375
1.904768
1.342685
1.072601
1.074034
1.056211
-0.958723
-1.123013
1.637564
1.087761
0.778667
0.760812
0.760812
0.760386
0.754806
0.869695
1.514595
1.841147
1.900489
8.945726
1.111971
1.154917
2.801449
3.459984
3.009111
5.267478
5.094243
4.871275
1.493502
1.482400
1.005822
0.758969
1.064106
1.065145
-0.958628
-1.123013
1.637564
1.087761
0.778667
0.760812
0.760812
0.760912
0.760998
0.744045
0.828388
1.177831
1.931296
1.093581
0.719572
0.834078
2.374899
3.729555
3.493428
1.423379
2.081880
1.742124
1.301984
0.988024
0.761334
0.752964
1.069645
1.065158
-0.958628
-1.123013
1.637564
1.087761
0.778667
0.760812
0.760812
0.760812
0.760694
0.759097
0.748965
0.751191
0.820003
1.059103
0.777036
0.873573
0.917721
1.467292
1.748810
1.665748
1.350337
0.999995
0.811372
0.759726
0.753758
0.760828
1.069881
1.065158
-0.958628
-1.123013
1.637564
1.087761
0.778667
0.760812
0.760812
0.760812
0.760812
0.760812
0.760403
0.752040
0.752270
0.788230
0.769956
0.780227
0.773003
0.688335
0.655388
0.659678
0.709427
0.747497
0.749924
0.755809
0.760677
0.760812
1.069881
1.065158
-0.958628
-1.010807
1.638489
1.098446
0.820286
0.780383
0.780383
0.780383
0.780383
0.780383
0.780383
0.780285
0.779427
0.777937
0.775585
0.776418
0.778146
0.775029
0.777503
0.779742
0.780373
0.780383
0.780383
0.780383
0.780383
0.780383
1.013228
1.051394
-0.995541
0.421768
2.444418
1.540796
1.268016
1.253927
1.253927
1.253927
1.253927
1.253927
1.253927
1.253927
1.253927
1.253927
1.253927
1.253927
1.253927
1.253927
1.253927
1.253927
1.253927
1.253927
1.253927
1.253927
1.253927
1.253927
1.456762
1.702068
0.378204
-1.215829
-0.476662
0.554324
0.284680
0.335508
0.335508
0.335508
0.335508
0.335508
0.335508
0.335508
0.335508
0.335508
0.335508
0.335508
0.335508
0.335508
0.335508
0.335508
0.335508
0.335508
0.335508
0.335508
0.335508
0.335508
0.481397
0.269663
-2.302406
-4.278474
-3.239719
-2.232707
-2.185274
-2.119361
-2.119361
-2.119361
-2.119361
-2.119361
-2.119361
-2.119361
-2.119361
-2.119361
-2.119361
-2.119361
-2.119361
-2.119361
-2.119361
-2.119361
-2.119361
-2.119361
-2.119361
-2.119361
-2.119361
-2.119361
-2.386587
-3.422770
-8.340209
-5.758161
-2.203057
-0.177629
-0.209889
-0.264004
-0.264004
-0.264004
-0.264004
-0.264004
-0.264004
-0.264004
-0.264004
-0.264004
-0.264004
-0.264004
-0.264004
-0.264004
-0.264004
-0.264004
-0.264004
-0.264004
-0.264004
-0.264004
-0.264004
-0.264004
-0.084538
-0.915548
-6.713247
-5.180618
-1.293324
0.537737
0.380626
0.417889
0.417889
0.417889
0.417889
0.417889
0.417889
0.417156
0.407546
0.402756
0.390986
0.038742
-0.031455
0.106427
0.266465
0.426027
0.402162
0.408163
0.415733
0.417742
0.417889
0.417889
0.452230
0.171208
-6.272078
-5.292559
-1.088117
0.580760
0.412035
0.434271
0.434271
0.434271
0.434271
0.432891
0.419427
0.421530
0.265114
-0.058021
0.098572
0.789280
1.099945
0.137372
0.226763
0.170582
0.038337
0.137222
0.373680
0.398322
0.419594
0.433343
0.542322
0.383549
-6.253998
-5.279642
-1.076669
0.584029
0.406468
0.429704
0.429704
0.429704
0.420102
0.374571
0.180180
-0.134750
0.519136
1.199698
1.215360
1.137984
2.290535
-1.413511
-1.270628
-0.297210
0.184897
0.163696
0.415292
0.220527
0.261605
0.402492
0.526692
0.393481
-6.275913
-5.279642
-1.076669
0.584029
0.406468
0.429704
0.429704
0.428111
0.319838
0.043536
0.920723
1.433594
1.879323
0.731141
0.135797
0.470521
3.449136
2.497957
0.999937
-0.946560
-0.745210
-2.027516
-0.631234
0.489485
0.243745
0.242709
0.519513
0.393304
-6.275913
-5.279642
-1.076669
0.584029
0.406468
0.429704
0.429704
0.411037
0.317531
1.250849
0.008400
-0.660477
-1.807187
-1.151694
-0.554329
-0.445759
1.683493
0.014591
0.521686
0.790969
2.692076
-1.869722
-3.810895
-1.850332
1.416139
0.266172
0.399877
0.391500
-6.275913
-5.279642
-1.076669
0.584029
0.406468
0.429704
0.426923
0.304944
0.644429
2.759507
-0.075233
-2.883698
-1.369604
-0.279512
0.498615
0.294594
0.003412
-0.094721
0.097276
0.084059
0.774512
0.573679
-2.220169
-3.157813
0.743592
0.641601
0.231947
0.346176
-6.276330
-5.279642
-1.076669
0.584029
0.406468
0.429704
0.404691
0.455417
1.754551
2.189002
-2.901949
-0.762707
1.059787
0.480473
-0.302276
-0.388781
-0.155799
-0.112332
-0.240975
-0.276026
0.303848
2.024311
-0.587233
-3.216148
-1.618228
1.712154
0.264197
0.150778
-6.277561
-5.279642
-1.076669
0.584029
0.406468
0.426628
0.306249
0.649594
2.477281
0.316137
-2.133568
0.247247
0.220416
-0.237175
0.008901
0.075161
0.162177
0.171845
0.135377
0.139741
-0.141429
0.901132
0.414603
-0.753987
-3.203384
-0.614332
1.326516
-0.378655
-6.318309
-5.279642
-1.076669
0.584029
0.406468
0.402709
0.429549
1.973385
2.399459
-2.913899
-2.785417
0.332686
0.112420
0.006850
0.164226
0.176486
0.176910
0.176906
0.176906
0.177099
0.103857
0.104417
0.763965
-0.263814
-2.394351
-3.492799
-0.128906
-0.868447
-6.356071
-5.279642
-1.076669
0.584029
0.406468
0.395509
0.564520
2.862803
-0.477510
-1.738965
-1.548439
0.517928
-0.003387
0.144199
0.176860
0.176906
0.176906
0.176906
0.176906
0.176919
0.171276
-0.036506
0.278551
2.780701
0.518130
-1.882118
1.770215
-0.986045
-6.395297
-5.279642
-1.076669
0.584029
0.406468
0.520684
0.705836
1.280701
-2.649320
-3.754099
0.620993
0.087299
-0.009971
0.175358
0.176906
0.176906
0.176906
0.176906
0.176906
0.176906
0.177104
0.153615
-0.088293
1.717935
-1.242817
-4.701478
-0.795781
-1.080854
-6.375703
-5.279642
-1.076669
0.584029
0.406468
0.422098
0.876448
1.448580
-4.222791
-2.589204
0.110510
0.112591
0.072045
0.176949
0.176906
0.176906
0.176906
0.176906
0.176906
0.176906
0.176906
0.169942
0.083265
2.095581
-5.031341
-6.728580
-0.919174
-1.039734
-6.408900
-5.279642
-1.076669
0.584029
0.406468
0.411699
0.569660
2.966684
-2.728092
-2.937772
0.259665
0.343270
0.021715
0.176358
0.176906
0.176906
0.176906
0.176906
0.176906
0.176906
0.176849
0.161435
0.100332
1.453013
-5.637499
-8.089196
-1.410808
-1.118838
-6.426768
-5.279642
-1.076669
0.584029
0.406468
0.427163
0.392558
1.988770
-0.997611
-3.739865
-1.059928
0.874322
-0.018693
0.170628
0.176902
0.176906
0.176906
0.176906
0.176906
0.176906
0.170418
0.082298
0.335750
3.270407
-3.013613
-6.311077
-0.813942
-1.111580
-6.398592
-5.279642
-1.076669
0.584029
0.406468
0.429957
0.539905
1.234278
0.408671
-3.935366
-0.762240
1.560019
0.185055
0.089461
0.168466
0.176452
0.176906
0.176906
0.176906
0.172321
0.095052
0.287742
0.973082
3.278412
-2.135716
-3.484533
1.228896
-0.862322
-6.345393
-5.279642
-1.076669
0.584029
0.406468
0.429704
0.426016
0.902075
1.114586
-4.261924
-2.669221
0.114873
0.560881
0.097414
0.059783
0.157565
0.176443
0.176906
0.170604
0.109159
0.080196
1.117782
1.295585
2.012827
-5.687645
-4.016986
0.353200
-0.173752
-6.301551
-5.279642
-1.076669
0.584029
0.406468
0.429704
0.413756
0.588486
1.304145
-3.463993
-5.151384
-0.286365
-0.265526
0.290179
0.100521
0.108344
0.230453
0.257644
0.194983
0.115130
1.091325
1.960028
2.325042
-0.989690
-3.191911
-1.347323
0.434907
0.263385
-6.283227
-5.279642
-1.076669
0.584029
0.406468
0.429704
0.427720
0.264571
0.481127
-2.191346
-1.638083
-1.488040
-0.953275
-1.606094
0.711301
0.061087
-0.297769
-0.105470
-0.371441
0.818390
2.136838
2.990936
-1.877838
-2.744612
0.029811
0.782810
0.285202
0.356529
-6.277434
-5.279642
-1.076669
0.584029
0.406468
0.429704
0.429346
0.356940
0.292274
0.972218
0.808682
-1.035400
-2.624526
-2.218828
0.562949
1.983936
1.783092
2.059974
1.340804
3.718621
3.463781
-1.751572
-3.327650
-0.615862
0.457405
0.239300
0.315160
0.390449
-6.275956
-5.279642
-1.076669
0.584029
0.406468
0.429704
0.429704
0.417956
0.303052
0.094318
0.148822
0.486206
-0.842043
-1.071440
1.833135
2.331464
0.810621
1.201972
0.784013
2.963112
0.060667
-1.820182
0.741268
0.478869
0.244659
0.223472
0.515283
0.393535
-6.275913
-5.279642
-1.076669
0.584029
0.406468
0.429704
0.429704
0.429581
0.427395
0.372839
0.225939
0.139096
0.290940
-0.406870
0.656219
1.006758
-0.504347
-0.804961
-0.493377
0.516079
-0.192627
-0.451097
0.171448
0.117145
0.218393
0.416512
0.526862
0.393481
-6.275913
-5.279642
-1.076669
0.584029
0.406468
0.429704
0.429704
0.429704
0.429671
0.429242
0.393969
0.277533
0.174192
0.540778
0.674642
0.823667
0.590915
0.478203
0.104825
-0.143812
0.063188
0.053018
0.240072
0.256417
0.418924
0.429652
0.527086
0.393481
-6.275913
-5.279642
-1.076669
0.584029
0.406468
0.429704
0.429704
0.429704
0.429704
0.429704
0.429553
0.417013
0.340365
0.300030
0.076206
-0.041703
-0.058999
-0.017434
0.133514
0.245637
0.366267
0.367264
0.381926
0.423447
0.429714
0.429704
0.527086
0.393481
-6.275913
-5.196705
-0.976201
0.577390
0.415353
0.420016
0.420016
0.420016
0.420016
0.420016
0.420016
0.419967
0.418895
0.416363
0.414488
0.416246
0.418016
0.411075
0.416501
0.419723
0.420018
0.420016
0.420016
0.420016
0.420016
0.420016
0.502814
0.259541
-6.212551
-5.504206
-1.969672
0.120675
0.062099
0.041994
0.041994
0.041994
0.041994
0.041994
0.041994
0.041994
0.041994
0.041994
0.041994
0.041994
0.041994
0.041994
0.041994
0.041994
0.041994
0.041994
0.041994
0.041994
0.041994
0.041994
-0.052156
-0.855328
-7.191455
-8.713202
-5.393397
-3.770466
-3.492346
-3.458642
-3.458642
-3.458642
-3.458642
-3.458642
-3.458642
-3.458642
-3.458642
-3.458642
-3.458642
-3.458642
-3.458642
-3.458642
-3.458642
-3.458642
-3.458642
-3.458642
-3.458642
-3.458642
-3.458642
-3.458642
-3.800439
-5.151021
-10.075843
